dv,country_iso3_code,year,abs_dffits,cooks_d,leverage,is_high_dffits,is_high_cooks,is_high_leverage,is_any_flag
DV2_Export_Recovery,ABW,2012,3.251318446475887,0.050621288044559946,0.11087697564694232,True,True,False,True
DV2_Export_Recovery,ABW,2013,0.3920599901564565,0.0007761840376115548,0.1083359358771285,False,False,False,False
DV2_Export_Recovery,ABW,2014,0.3839108754218455,0.0007442814858374757,0.10889408057311459,False,False,False,False
DV2_Export_Recovery,ABW,2015,0.04600573870965926,1.0696395613730281e-05,0.10828458309297585,False,False,False,False
DV2_Export_Recovery,ABW,2016,0.37079594874809735,0.0006943271471218428,0.10734643900941095,False,False,False,False
DV2_Export_Recovery,ABW,2017,0.42809032958426085,0.000925249930621091,0.10777352045164133,False,False,False,False
DV2_Export_Recovery,ABW,2018,0.6861924226525411,0.002373565135344283,0.10736500157085078,True,True,False,True
DV2_Export_Recovery,ABW,2019,0.9435943793598515,0.00448035856637946,0.1184140166464466,True,True,False,True
DV2_Export_Recovery,ABW,2020,0.5494212486352119,0.0015232889022183487,0.11680050283504495,False,False,False,False
DV2_Export_Recovery,ABW,2021,0.9776865405203743,0.004807553596182185,0.11442219543223062,True,True,False,True
DV2_Export_Recovery,AFG,2020,0.7241909601362523,0.0026495923138473926,0.5054665361260654,True,True,True,True
DV2_Export_Recovery,AFG,2021,0.7241909601356886,0.002649592313843267,0.5054665361260643,True,True,True,True
DV2_Export_Recovery,AGO,2012,0.3574562341720047,0.0006453399763898372,0.11620894772173535,False,False,False,False
DV2_Export_Recovery,AGO,2013,0.3722028293794607,0.0006996847349247099,0.12486960777988668,False,False,False,False
DV2_Export_Recovery,AGO,2014,0.14373242600918892,0.00010439704876624767,0.12869366344342476,False,False,False,False
DV2_Export_Recovery,AGO,2015,0.12440573880465974,7.82110856946528e-05,0.12440343256135429,False,False,False,False
DV2_Export_Recovery,AGO,2016,0.027518152439672535,3.826972270684745e-06,0.11750968547465543,False,False,False,False
DV2_Export_Recovery,AGO,2017,0.06808815674318985,2.3428846054275212e-05,0.10999902476752876,False,False,False,False
DV2_Export_Recovery,AGO,2018,0.11311170171867412,6.465537128483164e-05,0.11175005332055635,False,False,False,False
DV2_Export_Recovery,AGO,2019,0.1932578679931528,0.00018871800130807872,0.11768337591535348,False,False,False,False
DV2_Export_Recovery,AGO,2020,0.29122032619327654,0.00042842940541779225,0.1164582608510987,False,False,False,False
DV2_Export_Recovery,AGO,2021,0.27722345389015135,0.0003882574388620567,0.12086711259551802,False,False,False,False
DV2_Export_Recovery,ALB,2012,0.05616674290791818,1.5942983485423564e-05,0.10962629820992256,False,False,False,False
DV2_Export_Recovery,ALB,2013,0.12257810976007404,7.592926012857514e-05,0.10839856010704439,False,False,False,False
DV2_Export_Recovery,ALB,2014,0.09519437809604799,4.579514453300331e-05,0.10655988681976575,False,False,False,False
DV2_Export_Recovery,ALB,2015,0.0256115569126368,3.315040109752467e-06,0.1067807466537722,False,False,False,False
DV2_Export_Recovery,ALB,2016,0.036921358819193666,6.889226840130842e-06,0.10628756369368096,False,False,False,False
DV2_Export_Recovery,ALB,2017,0.023985992190276816,2.907584815033821e-06,0.10657375728690752,False,False,False,False
DV2_Export_Recovery,ALB,2018,0.05095787803798377,1.3123052460953216e-05,0.10635176095460262,False,False,False,False
DV2_Export_Recovery,ALB,2019,0.004721263522191778,1.1265093857211585e-07,0.10611899278244047,False,False,False,False
DV2_Export_Recovery,ALB,2020,0.14364621800872862,0.00010426976462537804,0.1079151895365304,False,False,False,False
DV2_Export_Recovery,ALB,2021,0.15352074119602507,0.00011909614527662974,0.10873562366899907,False,False,False,False
DV2_Export_Recovery,ARE,2012,0.08194338647956793,3.393368709834564e-05,0.11168482418971372,False,False,False,False
DV2_Export_Recovery,ARE,2013,0.4058599691976812,0.0008317573711038739,0.11097577379418933,False,False,False,False
DV2_Export_Recovery,ARE,2014,0.31601250177669504,0.0005044209351748148,0.10803984248413032,False,False,False,False
DV2_Export_Recovery,ARE,2015,0.17075343522126507,0.0001473289912587843,0.10693467425252551,False,False,False,False
DV2_Export_Recovery,ARE,2016,0.1332442524701295,8.971679311178609e-05,0.10795694612610957,False,False,False,False
DV2_Export_Recovery,ARE,2017,0.1305686880092365,8.615013606628418e-05,0.10667285163390867,False,False,False,False
DV2_Export_Recovery,ARE,2018,0.19942703641201168,0.00020095160729257416,0.10616815178931198,False,False,False,False
DV2_Export_Recovery,ARE,2019,0.2517359181747569,0.0003201531181987664,0.10635415594727113,False,False,False,False
DV2_Export_Recovery,ARE,2020,0.24955543845189862,0.000314639389465969,0.11248087753114364,False,False,False,False
DV2_Export_Recovery,ARE,2021,0.27226455782579173,0.0003744811739088207,0.10970369191615564,False,False,False,False
DV2_Export_Recovery,ARG,2012,0.028525828824402976,4.112378646176903e-06,0.11186787396542287,False,False,False,False
DV2_Export_Recovery,ARG,2013,0.06409927952806663,2.076421013200028e-05,0.11173614372197534,False,False,False,False
DV2_Export_Recovery,ARG,2014,0.11233112730020725,6.376616261902965e-05,0.11214756120398586,False,False,False,False
DV2_Export_Recovery,ARG,2015,0.09618917430988545,4.675735137044153e-05,0.11168032821024926,False,False,False,False
DV2_Export_Recovery,ARG,2016,0.029484352526010293,4.393387667597367e-06,0.10746852861099475,False,False,False,False
DV2_Export_Recovery,ARG,2017,0.0862243900253855,3.757179856212964e-05,0.1123591862160293,False,False,False,False
DV2_Export_Recovery,ARG,2018,0.032685314313012824,5.399098532902876e-06,0.10958966400456949,False,False,False,False
DV2_Export_Recovery,ARG,2019,0.10997693563875736,6.112140350947562e-05,0.10813955843693468,False,False,False,False
DV2_Export_Recovery,ARG,2020,0.17025003765499855,0.0001464632667545808,0.11367827526763412,False,False,False,False
DV2_Export_Recovery,ARG,2021,0.05180079154732146,1.3560792699220213e-05,0.11094729075997738,False,False,False,False
DV2_Export_Recovery,ARM,2012,0.15956069900686606,0.00012865091420875065,0.11180713191701694,False,False,False,False
DV2_Export_Recovery,ARM,2013,0.29661376431569736,0.0004444186412023611,0.10677902540765659,False,False,False,False
DV2_Export_Recovery,ARM,2014,0.17884864174673112,0.0001616272035392931,0.10763718605150291,False,False,False,False
DV2_Export_Recovery,ARM,2015,0.10828019408098638,5.925003585706689e-05,0.10678828858221072,False,False,False,False
DV2_Export_Recovery,ARM,2016,0.10527619887040954,5.6008341157414035e-05,0.10762889015623278,False,False,False,False
DV2_Export_Recovery,ARM,2017,0.11321246442726728,6.477040816378376e-05,0.10732647153774706,False,False,False,False
DV2_Export_Recovery,ARM,2018,0.09932693787588673,4.985735767237412e-05,0.10755929648648796,False,False,False,False
DV2_Export_Recovery,ARM,2019,0.17995867111622071,0.0001636397561695245,0.10896376077153114,False,False,False,False
DV2_Export_Recovery,ARM,2020,0.19305733817327753,0.00018832309460816481,0.10787093424234757,False,False,False,False
DV2_Export_Recovery,ARM,2021,0.05224665919371913,1.3795233542712442e-05,0.10825624692065387,False,False,False,False
DV2_Export_Recovery,ASM,2012,0.9142151765488349,0.004205659835514226,0.11171392555057312,True,True,False,True
DV2_Export_Recovery,ASM,2013,0.06688006172961784,2.260483623034523e-05,0.10920386837193309,False,False,False,False
DV2_Export_Recovery,ASM,2014,0.22447384968336148,0.00025458333284492644,0.10648075563510828,False,False,False,False
DV2_Export_Recovery,ASM,2015,0.26083954876452176,0.0003437180950961212,0.10592778694069355,False,False,False,False
DV2_Export_Recovery,ASM,2016,0.030006195401327887,4.5502805907326695e-06,0.10971620991721784,False,False,False,False
DV2_Export_Recovery,ASM,2017,0.12151556952992947,7.461862505649828e-05,0.10689263220584289,False,False,False,False
DV2_Export_Recovery,ASM,2018,0.5746123340434713,0.0016656540539054395,0.10669561172061394,False,False,False,False
DV2_Export_Recovery,ASM,2019,0.3425664196235654,0.0005926986122844323,0.10828228479452855,False,False,False,False
DV2_Export_Recovery,ASM,2020,0.6781536916930251,0.0023183794490104336,0.10676063702111147,True,True,False,True
DV2_Export_Recovery,ASM,2021,0.5785725483708379,0.001688777099940198,0.1107590028506273,False,False,False,False
DV2_Export_Recovery,ATG,2014,0.8288015796846077,0.0034614007874113886,0.13306612714344637,True,True,False,True
DV2_Export_Recovery,ATG,2015,0.6830284746873695,0.0023531137947054043,0.13418366362624798,True,True,False,True
DV2_Export_Recovery,ATG,2016,0.03129456565959704,4.9494213921502315e-06,0.13306954309260483,False,False,False,False
DV2_Export_Recovery,ATG,2017,0.14302261953679196,0.00010336895206087656,0.13329603256603406,False,False,False,False
DV2_Export_Recovery,ATG,2018,0.4018238214216926,0.0008154359305092303,0.13244924344523953,False,False,False,False
DV2_Export_Recovery,ATG,2019,0.1848642415901154,0.00017268835030762164,0.13679126680072465,False,False,False,False
DV2_Export_Recovery,ATG,2020,0.18347308511035276,0.00017009963073313255,0.13780292610120484,False,False,False,False
DV2_Export_Recovery,ATG,2021,0.5831435675467743,0.0017162019960425168,0.1382307529193564,False,False,False,False
DV2_Export_Recovery,AUS,2012,0.03163710673401193,5.058358522909051e-06,0.11005174644489851,False,False,False,False
DV2_Export_Recovery,AUS,2013,0.019800173300783947,1.981323773454546e-06,0.10819745671175483,False,False,False,False
DV2_Export_Recovery,AUS,2014,0.06651062371574848,2.235578728154949e-05,0.10714408715645085,False,False,False,False
DV2_Export_Recovery,AUS,2015,0.1008782470191738,5.142683555197478e-05,0.10883568750759649,False,False,False,False
DV2_Export_Recovery,AUS,2016,0.04472937818426267,1.0111121772033483e-05,0.1064270016458872,False,False,False,False
DV2_Export_Recovery,AUS,2017,0.03306290645350625,5.524562865185665e-06,0.1095249142475836,False,False,False,False
DV2_Export_Recovery,AUS,2018,0.059595765201309964,1.7949019904382986e-05,0.10657197224417986,False,False,False,False
DV2_Export_Recovery,AUS,2019,0.11700273518021952,6.917972062917716e-05,0.1094081351738604,False,False,False,False
DV2_Export_Recovery,AUS,2020,0.03462569772585227,6.059165379479006e-06,0.11393814718206396,False,False,False,False
DV2_Export_Recovery,AUS,2021,0.04272602693427899,9.225700252835684e-06,0.11301632433695584,False,False,False,False
DV2_Export_Recovery,AUT,2012,0.1704614826717494,0.0001468256048137484,0.10655194443504211,False,False,False,False
DV2_Export_Recovery,AUT,2013,0.10314505238272657,5.3763774934362705e-05,0.10607713335220012,False,False,False,False
DV2_Export_Recovery,AUT,2014,0.010109201776927111,5.164780499716005e-07,0.10564225425077567,False,False,False,False
DV2_Export_Recovery,AUT,2015,0.034671449349780024,6.075184831251081e-06,0.1057989273616979,False,False,False,False
DV2_Export_Recovery,AUT,2016,0.07192381642172906,2.6142758157098328e-05,0.10561273256751784,False,False,False,False
DV2_Export_Recovery,AUT,2017,0.04899185865930207,1.2129990489195166e-05,0.10577166323465398,False,False,False,False
DV2_Export_Recovery,AUT,2018,0.07830647421863231,3.098838626260713e-05,0.10539675799739043,False,False,False,False
DV2_Export_Recovery,AUT,2019,0.0620285366776978,1.9444297081576362e-05,0.10596747990937419,False,False,False,False
DV2_Export_Recovery,AUT,2020,0.03607097701201805,6.575535117925324e-06,0.10657030123823746,False,False,False,False
DV2_Export_Recovery,AUT,2021,0.049530445235769265,1.239815404302355e-05,0.10679814518991368,False,False,False,False
DV2_Export_Recovery,AZE,2012,0.23399564424288988,0.0002766361883335624,0.11055626189204705,False,False,False,False
DV2_Export_Recovery,AZE,2013,0.22708808889411786,0.0002605469830923947,0.10780638410113723,False,False,False,False
DV2_Export_Recovery,AZE,2014,0.1388456347772877,9.741773219905495e-05,0.10871783294726267,False,False,False,False
DV2_Export_Recovery,AZE,2015,0.004693442235105644,1.1132720031313737e-07,0.10889819585790231,False,False,False,False
DV2_Export_Recovery,AZE,2016,0.06964160187269976,2.4510077984495286e-05,0.10943754846915085,False,False,False,False
DV2_Export_Recovery,AZE,2017,0.02082818243932817,2.1924015767626064e-06,0.1072045523888665,False,False,False,False
DV2_Export_Recovery,AZE,2018,0.0491019975092637,1.2184594852886498e-05,0.10864495190241728,False,False,False,False
DV2_Export_Recovery,AZE,2019,0.06487370959022484,2.126894360793611e-05,0.10732886227660302,False,False,False,False
DV2_Export_Recovery,AZE,2020,0.12945171849276566,8.468289230976385e-05,0.11030010147243886,False,False,False,False
DV2_Export_Recovery,AZE,2021,0.306682960669555,0.00047509876211369493,0.11093035420197445,False,False,False,False
DV2_Export_Recovery,BEL,2012,0.07269289536693017,2.6704843708790722e-05,0.10879998831967105,False,False,False,False
DV2_Export_Recovery,BEL,2013,0.013925073857768665,9.799703775399153e-07,0.108724117171625,False,False,False,False
DV2_Export_Recovery,BEL,2014,0.021063796596956865,2.242284087568341e-06,0.10666596877685264,False,False,False,False
DV2_Export_Recovery,BEL,2015,0.04431538327459399,9.92482462349297e-06,0.1088113304350314,False,False,False,False
DV2_Export_Recovery,BEL,2016,0.03653469066332898,6.745685081590916e-06,0.106073262467588,False,False,False,False
DV2_Export_Recovery,BEL,2017,0.01636294646406324,1.3531339421866199e-06,0.1098892691564605,False,False,False,False
DV2_Export_Recovery,BEL,2018,0.04223993921746616,9.016971522896828e-06,0.10629375226658114,False,False,False,False
DV2_Export_Recovery,BEL,2019,0.013259727702923777,8.88560856531333e-07,0.10657004910909779,False,False,False,False
DV2_Export_Recovery,BEL,2020,0.05877982346209063,1.7460916400510294e-05,0.11029279587773469,False,False,False,False
DV2_Export_Recovery,BEL,2021,0.01688454449191408,1.4407758582608626e-06,0.10927926359363527,False,False,False,False
DV2_Export_Recovery,BEN,2012,0.01728704513337649,1.5102861279451976e-06,0.11046056905127337,False,False,False,False
DV2_Export_Recovery,BEN,2013,0.20919287536532918,0.00022111031361062619,0.107396038651615,False,False,False,False
DV2_Export_Recovery,BEN,2014,0.1431601227765239,0.00010356529584274744,0.10751200651033045,False,False,False,False
DV2_Export_Recovery,BEN,2015,0.04441256816175719,9.968400497746619e-06,0.10678512424422994,False,False,False,False
DV2_Export_Recovery,BEN,2016,0.10773339766523242,5.865325882877452e-05,0.1088603324227186,False,False,False,False
DV2_Export_Recovery,BEN,2017,0.12016475352690768,7.296904992968674e-05,0.10781869727553432,False,False,False,False
DV2_Export_Recovery,BEN,2018,0.07163848125352619,2.593577629395405e-05,0.10921996228668379,False,False,False,False
DV2_Export_Recovery,BEN,2019,0.09708433330955729,4.763166982482294e-05,0.11349846002366541,False,False,False,False
DV2_Export_Recovery,BEN,2020,0.13827682720052042,9.662147375784777e-05,0.11077027741600479,False,False,False,False
DV2_Export_Recovery,BEN,2021,0.05290112856191793,1.4143013276410717e-05,0.11175623256521613,False,False,False,False
DV2_Export_Recovery,BFA,2012,0.2399621943000075,0.00029091601137377253,0.10692323212537423,False,False,False,False
DV2_Export_Recovery,BFA,2013,0.2619817702390838,0.0003467339262315307,0.10598896656059979,False,False,False,False
DV2_Export_Recovery,BFA,2014,0.13717254618983463,9.508405155282813e-05,0.10580854609617131,False,False,False,False
DV2_Export_Recovery,BFA,2015,0.19098079085548236,0.0001842936791075432,0.10592738240915113,False,False,False,False
DV2_Export_Recovery,BFA,2016,0.15871898251095387,0.00012729658140397487,0.10740271602772133,False,False,False,False
DV2_Export_Recovery,BFA,2017,0.030592097540329558,4.729711817352159e-06,0.10702241424596129,False,False,False,False
DV2_Export_Recovery,BFA,2018,0.08250815173998219,3.440296413990058e-05,0.10627781112695504,False,False,False,False
DV2_Export_Recovery,BFA,2019,0.17132042114043622,0.00014830889684907945,0.10704632968654092,False,False,False,False
DV2_Export_Recovery,BFA,2020,0.5697929777738969,0.0016379311025022227,0.10838758535646813,False,False,False,False
DV2_Export_Recovery,BFA,2021,0.2089754908504922,0.00022065320325144564,0.11134745591097993,False,False,False,False
DV2_Export_Recovery,BGD,2012,0.035465735527272876,6.356725435436137e-06,0.1104650137041068,False,False,False,False
DV2_Export_Recovery,BGD,2013,0.0006360611640469898,2.0446366572804838e-09,0.10894464571954346,False,False,False,False
DV2_Export_Recovery,BGD,2014,0.006734913746746391,2.292357540224331e-07,0.1092673926691684,False,False,False,False
DV2_Export_Recovery,BGD,2015,0.21507191079406654,0.00023370989536627683,0.1077233591982064,False,False,False,False
DV2_Export_Recovery,BGD,2016,0.17168643093642783,0.00014894307656482212,0.10668364019390227,False,False,False,False
DV2_Export_Recovery,BGD,2017,0.2631324278753363,0.00034978719571061325,0.10738872395777736,False,False,False,False
DV2_Export_Recovery,BGD,2018,0.14985566174449086,0.0001134779336768126,0.10679292300530548,False,False,False,False
DV2_Export_Recovery,BGD,2019,0.14159543643981223,0.00010131442836182621,0.11088863412361286,False,False,False,False
DV2_Export_Recovery,BGD,2020,0.3461367481880484,0.0006051297911238418,0.1135390573872556,False,False,False,False
DV2_Export_Recovery,BGD,2021,0.3831660681048476,0.0007414296633701034,0.11432721553866927,False,False,False,False
DV2_Export_Recovery,BGR,2012,0.03376120978625248,5.7603872033626176e-06,0.10664291106412277,False,False,False,False
DV2_Export_Recovery,BGR,2013,0.031512370823879476,5.018549052716867e-06,0.10632017527513422,False,False,False,False
DV2_Export_Recovery,BGR,2014,0.06862566813853306,2.3800184462545613e-05,0.1062883581036799,False,False,False,False
DV2_Export_Recovery,BGR,2015,0.04630590120597946,1.08364227638881e-05,0.10606990790946666,False,False,False,False
DV2_Export_Recovery,BGR,2016,0.05654472448650816,1.6158270683491904e-05,0.10550040835060027,False,False,False,False
DV2_Export_Recovery,BGR,2017,0.0584095611981301,1.7241621266575335e-05,0.10590295505111465,False,False,False,False
DV2_Export_Recovery,BGR,2018,0.04589418570543511,1.064458337321106e-05,0.10572649935487885,False,False,False,False
DV2_Export_Recovery,BGR,2019,0.04193877959578167,8.888853916750317e-06,0.10635028703742376,False,False,False,False
DV2_Export_Recovery,BGR,2020,0.08287511673904888,3.4709674755879496e-05,0.1076703860975317,False,False,False,False
DV2_Export_Recovery,BGR,2021,0.1515449239750314,0.00011605059173124484,0.10798118756995913,False,False,False,False
DV2_Export_Recovery,BHR,2012,0.3935581998769749,0.0007821336646035882,0.11000167412609058,False,False,False,False
DV2_Export_Recovery,BHR,2013,0.3304055810624739,0.0005514035753273624,0.11277604453620824,False,False,False,False
DV2_Export_Recovery,BHR,2014,0.10088481145715893,5.143352221430918e-05,0.1086221508075239,False,False,False,False
DV2_Export_Recovery,BHR,2015,0.2685501645940737,0.0003643316109573982,0.10607172523347454,False,False,False,False
DV2_Export_Recovery,BHR,2016,0.022876396719954846,2.644797325643023e-06,0.10799884794886647,False,False,False,False
DV2_Export_Recovery,BHR,2017,0.026410158925405804,3.5249972196245334e-06,0.10796148926675163,False,False,False,False
DV2_Export_Recovery,BHR,2018,0.06832948860509136,2.359519675294151e-05,0.10640902876763231,False,False,False,False
DV2_Export_Recovery,BHR,2019,0.15610112063179127,0.00012313262430608358,0.10765710775890706,False,False,False,False
DV2_Export_Recovery,BHR,2020,0.018256722644258077,1.6844698194040108e-06,0.10739578215072147,False,False,False,False
DV2_Export_Recovery,BHR,2021,0.09191846097405394,4.269768819335357e-05,0.10939637456395679,False,False,False,False
DV2_Export_Recovery,BHS,2012,0.2406335055811579,0.00029255102940792363,0.11297273107365388,False,False,False,False
DV2_Export_Recovery,BHS,2013,0.5365587562411868,0.0014527953992850696,0.11177193088288168,False,False,False,False
DV2_Export_Recovery,BHS,2014,0.981242997245198,0.00484076671180335,0.10768345238181429,True,True,False,True
DV2_Export_Recovery,BHS,2015,0.3016165180870013,0.0004595299696383929,0.10723556157727797,False,False,False,False
DV2_Export_Recovery,BHS,2016,0.25861339919078785,0.00033788010172567973,0.10729873868824541,False,False,False,False
DV2_Export_Recovery,BHS,2017,0.3931404150879535,0.000780472109678753,0.10950736271429491,False,False,False,False
DV2_Export_Recovery,BHS,2018,0.3232746076654033,0.0005278552091195858,0.10722532828660031,False,False,False,False
DV2_Export_Recovery,BHS,2019,0.29218827785894325,0.0004312760080280482,0.11374043443819669,False,False,False,False
DV2_Export_Recovery,BHS,2020,0.2314404808617406,0.00027063217672304297,0.11440805499760402,False,False,False,False
DV2_Export_Recovery,BHS,2021,0.5740023660007784,0.0016622704471179516,0.11150815010746187,False,False,False,False
DV2_Export_Recovery,BIH,2012,0.04625278868996785,1.0811581100372088e-05,0.10786968823688878,False,False,False,False
DV2_Export_Recovery,BIH,2013,0.029932584575643555,4.527982265936223e-06,0.1077914562605392,False,False,False,False
DV2_Export_Recovery,BIH,2014,0.06917651538435096,2.4183812337336357e-05,0.10999581646497247,False,False,False,False
DV2_Export_Recovery,BIH,2015,0.02552938616751529,3.2938026532147486e-06,0.10628043140866798,False,False,False,False
DV2_Export_Recovery,BIH,2016,0.05416636453404057,1.4827595028051703e-05,0.10565987319203173,False,False,False,False
DV2_Export_Recovery,BIH,2017,0.07234810743671315,2.645210308380833e-05,0.10596143290066129,False,False,False,False
DV2_Export_Recovery,BIH,2018,0.07836069691133425,3.103132623544417e-05,0.10641101498693244,False,False,False,False
DV2_Export_Recovery,BIH,2019,0.004919331953521453,1.2230116293780178e-07,0.10814888030237191,False,False,False,False
DV2_Export_Recovery,BIH,2020,0.13435660277922948,9.122089642920463e-05,0.10848987539378106,False,False,False,False
DV2_Export_Recovery,BIH,2021,0.08742247791851407,3.862310108671753e-05,0.11040848916516768,False,False,False,False
DV2_Export_Recovery,BLR,2012,0.10419740507971603,5.4866506282959024e-05,0.11012998129151384,False,False,False,False
DV2_Export_Recovery,BLR,2013,0.07998762561505998,3.233322335060269e-05,0.10798116594194093,False,False,False,False
DV2_Export_Recovery,BLR,2014,0.023047193794063003,2.6844372174697398e-06,0.10832504149453343,False,False,False,False
DV2_Export_Recovery,BLR,2015,0.12026326395593942,7.308864967654699e-05,0.10650112895328637,False,False,False,False
DV2_Export_Recovery,BLR,2016,0.011326345609252945,6.483323591999306e-07,0.10665097128651932,False,False,False,False
DV2_Export_Recovery,BLR,2017,0.09127338135963806,4.210046782374578e-05,0.10690219149278832,False,False,False,False
DV2_Export_Recovery,BLR,2018,0.07424973980010015,2.7860913333983226e-05,0.1080674909088335,False,False,False,False
DV2_Export_Recovery,BLR,2019,0.09771922236804732,4.8256556312022205e-05,0.10934870512461282,False,False,False,False
DV2_Export_Recovery,BLR,2020,0.07126703447364544,2.5667521142643488e-05,0.10855595756688899,False,False,False,False
DV2_Export_Recovery,BLR,2021,0.06006934972233375,1.823542994223508e-05,0.11051462197513928,False,False,False,False
DV2_Export_Recovery,BLZ,2012,0.06388607589563372,2.0626301741599567e-05,0.1092066942347093,False,False,False,False
DV2_Export_Recovery,BLZ,2013,0.033876409774367816,5.799766028628331e-06,0.10883578654196997,False,False,False,False
DV2_Export_Recovery,BLZ,2014,0.03398663389225195,5.837568155774913e-06,0.10727521655343601,False,False,False,False
DV2_Export_Recovery,BLZ,2015,0.021393728323217245,2.3130778822607874e-06,0.10719584771464985,False,False,False,False
DV2_Export_Recovery,BLZ,2016,0.11270229339845056,6.418795738436893e-05,0.10615978662175325,False,False,False,False
DV2_Export_Recovery,BLZ,2017,0.3279435557432377,0.0005432013695239893,0.10655299048721688,False,False,False,False
DV2_Export_Recovery,BLZ,2018,0.1900444069250097,0.00018249160387557044,0.10679261537014405,False,False,False,False
DV2_Export_Recovery,BLZ,2019,0.2397461302296203,0.00029039402913406877,0.10852497116954349,False,False,False,False
DV2_Export_Recovery,BLZ,2020,0.13559076943711842,9.290455912902742e-05,0.11137548178971667,False,False,False,False
DV2_Export_Recovery,BLZ,2021,0.4219719253987564,0.0008990244911209294,0.10869732542832174,False,False,False,False
DV2_Export_Recovery,BMU,2012,0.19374168524802549,0.00018966121377260277,0.11015476861561457,False,False,False,False
DV2_Export_Recovery,BMU,2013,0.025788130648614425,3.3609073456805526e-06,0.10738995138508232,False,False,False,False
DV2_Export_Recovery,BMU,2014,0.6136552118032788,0.0018993866442819096,0.11109633714444324,False,False,False,False
DV2_Export_Recovery,BMU,2015,0.4431062967184,0.0009912217997060785,0.10724691694696198,False,False,False,False
DV2_Export_Recovery,BMU,2016,0.41968101324546686,0.0008892847271483583,0.10713456759345523,False,False,False,False
DV2_Export_Recovery,BMU,2017,0.2769781375023011,0.0003875505361387021,0.10729569105537771,False,False,False,False
DV2_Export_Recovery,BMU,2018,0.049792925429878516,1.2529905299121217e-05,0.10681422231771033,False,False,False,False
DV2_Export_Recovery,BMU,2019,0.6691360943817406,0.0022575658880391466,0.11189893142811937,False,False,False,False
DV2_Export_Recovery,BMU,2020,0.05864646097471048,1.738178268577704e-05,0.11261483643711918,False,False,False,False
DV2_Export_Recovery,BMU,2021,0.3796342127724227,0.0007278322826180246,0.11395647605185012,False,False,False,False
DV2_Export_Recovery,BOL,2012,0.13468425561889902,9.166678935454147e-05,0.11391264210620751,False,False,False,False
DV2_Export_Recovery,BOL,2013,0.20973262008496488,0.00022225372252714627,0.10965238433967064,False,False,False,False
DV2_Export_Recovery,BOL,2014,0.24898382007532982,0.0003131967961835615,0.10927045772392725,False,False,False,False
DV2_Export_Recovery,BOL,2015,0.06591873840368791,2.1959670655543603e-05,0.10654845815903076,False,False,False,False
DV2_Export_Recovery,BOL,2016,0.07207957942691745,2.6256113792792728e-05,0.10602567638612327,False,False,False,False
DV2_Export_Recovery,BOL,2017,0.15582960665565546,0.00012270462251612728,0.10712428921646845,False,False,False,False
DV2_Export_Recovery,BOL,2018,0.1281767825206243,8.302301466874821e-05,0.1076839919987042,False,False,False,False
DV2_Export_Recovery,BOL,2019,0.10400950785450894,5.466881761743611e-05,0.11016496118548552,False,False,False,False
DV2_Export_Recovery,BOL,2020,0.03215014180064892,5.22374256059999e-06,0.10869974074065665,False,False,False,False
DV2_Export_Recovery,BOL,2021,0.1593934007025578,0.00012838072754063013,0.10847946363801873,False,False,False,False
DV2_Export_Recovery,BRA,2012,0.06809034194974008,2.343037257537812e-05,0.1140101257183011,False,False,False,False
DV2_Export_Recovery,BRA,2013,0.16510274957647242,0.00013774166585371362,0.11141551851476858,False,False,False,False
DV2_Export_Recovery,BRA,2014,0.1805040712942551,0.00016463275397000398,0.10823187100979789,False,False,False,False
DV2_Export_Recovery,BRA,2015,0.06391742373975215,2.0646546889474867e-05,0.10891523922215218,False,False,False,False
DV2_Export_Recovery,BRA,2016,0.06219902231719423,1.955133101525739e-05,0.10686082783740836,False,False,False,False
DV2_Export_Recovery,BRA,2017,0.10390434596405583,5.4558324777260304e-05,0.10997697868094453,False,False,False,False
DV2_Export_Recovery,BRA,2018,0.11076447733942738,6.199987511405785e-05,0.10856800891765678,False,False,False,False
DV2_Export_Recovery,BRA,2019,0.1003836438577198,5.092389191679493e-05,0.11179840620537657,False,False,False,False
DV2_Export_Recovery,BRA,2020,0.06815648949888972,2.3475922846867854e-05,0.11503119297370726,False,False,False,False
DV2_Export_Recovery,BRA,2021,0.03305250946997622,5.521090132212032e-06,0.11335700380438508,False,False,False,False
DV2_Export_Recovery,BRN,2012,0.3993916408074248,0.0008054748293683773,0.11042908634927592,False,False,False,False
DV2_Export_Recovery,BRN,2013,0.2229612748044379,0.0002511661793508569,0.10829064548176598,False,False,False,False
DV2_Export_Recovery,BRN,2014,0.14723223331577948,0.00010954004106641588,0.10705954125659366,False,False,False,False
DV2_Export_Recovery,BRN,2015,0.1356981444272177,9.305150614227767e-05,0.10877436818136019,False,False,False,False
DV2_Export_Recovery,BRN,2016,0.19630935320144124,0.0001947194400819485,0.10717658117085503,False,False,False,False
DV2_Export_Recovery,BRN,2017,0.22226754299003104,0.0002496057239186139,0.10782390407242176,False,False,False,False
DV2_Export_Recovery,BRN,2018,0.08645749561113063,3.7775154526619185e-05,0.10841466372518395,False,False,False,False
DV2_Export_Recovery,BRN,2019,0.17521204539722113,0.00015512242328823722,0.10826310538868075,False,False,False,False
DV2_Export_Recovery,BRN,2020,0.06285443647521331,1.996554278749976e-05,0.10925235810807897,False,False,False,False
DV2_Export_Recovery,BRN,2021,0.12090649105192856,7.38731777063462e-05,0.11852680284309203,False,False,False,False
DV2_Export_Recovery,BTN,2012,0.08204596107478786,3.40186934253733e-05,0.11181154830789364,False,False,False,False
DV2_Export_Recovery,BTN,2013,0.31330892175624936,0.0004958365969020584,0.10995944121267857,False,False,False,False
DV2_Export_Recovery,BTN,2014,0.23749986812009258,0.0002849792120570111,0.10813454483030101,False,False,False,False
DV2_Export_Recovery,BTN,2015,0.09650506499732103,4.7064841721776963e-05,0.10722090293363312,False,False,False,False
DV2_Export_Recovery,BTN,2016,0.3278508327583247,0.0005428997464670251,0.10816351652630689,False,False,False,False
DV2_Export_Recovery,BTN,2017,0.11382370476885298,6.547161737801664e-05,0.10675795657595435,False,False,False,False
DV2_Export_Recovery,BTN,2018,0.4335432676015993,0.0009489540383409512,0.10844971263628249,False,False,False,False
DV2_Export_Recovery,BTN,2019,0.23410908459926455,0.00027690350290371526,0.10945975812810964,False,False,False,False
DV2_Export_Recovery,BTN,2020,0.040662628989626914,8.356134081979072e-06,0.10754414196284828,False,False,False,False
DV2_Export_Recovery,BTN,2021,0.1195796748064917,7.22602731236064e-05,0.10793850295782424,False,False,False,False
DV2_Export_Recovery,BWA,2012,0.05811312017599779,1.7067077222290422e-05,0.11169493226975882,False,False,False,False
DV2_Export_Recovery,BWA,2013,0.006338335942876892,2.0303401427671588e-07,0.11166601615038979,False,False,False,False
DV2_Export_Recovery,BWA,2014,0.022084215949181557,2.4647973149658203e-06,0.10800848114876524,False,False,False,False
DV2_Export_Recovery,BWA,2015,0.019124299945539578,1.8483687350221418e-06,0.10725198090334724,False,False,False,False
DV2_Export_Recovery,BWA,2016,0.32405376561608057,0.0005303966706054212,0.10578129651420595,False,False,False,False
DV2_Export_Recovery,BWA,2017,0.22180038874222152,0.0002485594984015374,0.11023335468986399,False,False,False,False
DV2_Export_Recovery,BWA,2018,0.038265595571807226,7.4000024767693215e-06,0.1068064557169018,False,False,False,False
DV2_Export_Recovery,BWA,2019,0.15521623050600442,0.00012174088730371398,0.1084374452013589,False,False,False,False
DV2_Export_Recovery,BWA,2020,0.19265471819827543,0.0001875390034679661,0.10897250283712066,False,False,False,False
DV2_Export_Recovery,BWA,2021,0.3029326257830901,0.00046355343984837946,0.10995057981054458,False,False,False,False
DV2_Export_Recovery,CAF,2012,0.41800187754540175,0.00088234798022702,0.12885572419781638,False,False,False,False
DV2_Export_Recovery,CAF,2013,0.05710199340061523,1.647833217739006e-05,0.10761276720288704,False,False,False,False
DV2_Export_Recovery,CAF,2014,0.009077327736524225,4.164225730452432e-07,0.13263208244975924,False,False,False,False
DV2_Export_Recovery,CAF,2015,0.06407866254297497,2.0750831423134587e-05,0.10662387735452172,False,False,False,False
DV2_Export_Recovery,CAF,2016,0.29967511102507094,0.00045364716166212623,0.11219517990664513,False,False,False,False
DV2_Export_Recovery,CAF,2017,0.21319367547526363,0.00022964634726259744,0.10710108376972259,False,False,False,False
DV2_Export_Recovery,CAF,2018,0.004744097150576524,1.1374320957303397e-07,0.106636702207102,False,False,False,False
DV2_Export_Recovery,CAF,2019,0.0356093567008487,6.4083115607027e-06,0.10636059034163033,False,False,False,False
DV2_Export_Recovery,CAF,2020,0.05268648112826364,1.402846777150238e-05,0.10757078521785443,False,False,False,False
DV2_Export_Recovery,CAF,2021,0.14506032928086077,0.0001063324587212253,0.10693800555086949,False,False,False,False
DV2_Export_Recovery,CAN,2012,0.0147092155187597,1.0934449221766624e-06,0.11035619060619582,False,False,False,False
DV2_Export_Recovery,CAN,2013,0.03546652777687492,6.357008975688873e-06,0.10940101104154328,False,False,False,False
DV2_Export_Recovery,CAN,2014,0.023450834073653826,2.7792888051669914e-06,0.10759358147307327,False,False,False,False
DV2_Export_Recovery,CAN,2015,0.023894051985331375,2.8853378547429894e-06,0.10934147967188944,False,False,False,False
DV2_Export_Recovery,CAN,2016,0.04733183689551465,1.1321913674698771e-05,0.1077266777643402,False,False,False,False
DV2_Export_Recovery,CAN,2017,0.004073372818827465,8.38545569130105e-08,0.11021171144571913,False,False,False,False
DV2_Export_Recovery,CAN,2018,0.005748389457648209,1.6699777110539635e-07,0.10718359539492114,False,False,False,False
DV2_Export_Recovery,CAN,2019,0.08053116276629022,3.277420080894059e-05,0.1145955463878528,False,False,False,False
DV2_Export_Recovery,CAN,2020,0.031918250787719364,5.148661872393388e-06,0.11712292922172993,False,False,False,False
DV2_Export_Recovery,CAN,2021,0.11239885654614315,6.38432229431688e-05,0.11578249044909024,False,False,False,False
DV2_Export_Recovery,CHE,2012,0.10156301196588616,5.212731633496593e-05,0.10801956876580351,False,False,False,False
DV2_Export_Recovery,CHE,2013,0.054808846137206185,1.5181427735042373e-05,0.10734567722322759,False,False,False,False
DV2_Export_Recovery,CHE,2014,0.07192116976655022,2.6140844877078516e-05,0.10697303421188915,False,False,False,False
DV2_Export_Recovery,CHE,2015,0.028246816266232613,4.0323251030504895e-06,0.10874819433700797,False,False,False,False
DV2_Export_Recovery,CHE,2016,0.10889632994909737,5.992618081544009e-05,0.10633171929177604,False,False,False,False
DV2_Export_Recovery,CHE,2017,0.004442715366088129,9.975055450239194e-08,0.10920980257879939,False,False,False,False
DV2_Export_Recovery,CHE,2018,0.024405121112738532,3.0100859301109657e-06,0.10599444776212014,False,False,False,False
DV2_Export_Recovery,CHE,2019,0.012926886109442742,8.445120097182683e-07,0.1060930404703647,False,False,False,False
DV2_Export_Recovery,CHE,2020,0.05678757196982413,1.6297374165989763e-05,0.11070577804091104,False,False,False,False
DV2_Export_Recovery,CHE,2021,0.06811181794387344,2.3445123171731254e-05,0.10852860364074482,False,False,False,False
DV2_Export_Recovery,CHL,2012,0.03569537613453723,6.439311658375204e-06,0.11204300777033872,False,False,False,False
DV2_Export_Recovery,CHL,2013,0.03111378158783749,4.892397847235054e-06,0.11028417586199321,False,False,False,False
DV2_Export_Recovery,CHL,2014,0.03520545528609427,6.263764283758767e-06,0.10784711270095794,False,False,False,False
DV2_Export_Recovery,CHL,2015,0.02795385967843414,3.9491182107593005e-06,0.10899444179310389,False,False,False,False
DV2_Export_Recovery,CHL,2016,0.027830633875832587,3.914377845415392e-06,0.10689773773703123,False,False,False,False
DV2_Export_Recovery,CHL,2017,0.03661596905467179,6.775734158434953e-06,0.10956964593941804,False,False,False,False
DV2_Export_Recovery,CHL,2018,0.032070415331978554,5.19786630563863e-06,0.10648057899439167,False,False,False,False
DV2_Export_Recovery,CHL,2019,0.04851741307618989,1.1896199861530406e-05,0.10994988160629457,False,False,False,False
DV2_Export_Recovery,CHL,2020,0.17471975370454215,0.0001542537843640872,0.11509325875238327,False,False,False,False
DV2_Export_Recovery,CHL,2021,0.2688683861651448,0.00036521221403829096,0.1184621065431657,False,False,False,False
DV2_Export_Recovery,CHN,2012,0.18906371874341996,0.00018061603527454238,0.11442026232842882,False,False,False,False
DV2_Export_Recovery,CHN,2013,0.13934513544000499,9.812015793313615e-05,0.11176914965400975,False,False,False,False
DV2_Export_Recovery,CHN,2014,0.09782631369713841,4.836233446159824e-05,0.10763696416629091,False,False,False,False
DV2_Export_Recovery,CHN,2015,0.15356811768049422,0.0001191696684661931,0.10883242017632,False,False,False,False
DV2_Export_Recovery,CHN,2016,0.08749534992208827,3.8687443259656265e-05,0.10607821558556982,False,False,False,False
DV2_Export_Recovery,CHN,2017,0.03723101905886564,7.005272711832212e-06,0.10989998101290156,False,False,False,False
DV2_Export_Recovery,CHN,2018,0.08437518677433292,3.597749789011513e-05,0.10661275938701831,False,False,False,False
DV2_Export_Recovery,CHN,2019,0.1308796315015803,8.65609664818626e-05,0.10732216895015828,False,False,False,False
DV2_Export_Recovery,CHN,2020,0.15331637337266685,0.00011877993410994022,0.11291753974154281,False,False,False,False
DV2_Export_Recovery,CHN,2021,0.2624819982360218,0.0003480674718418609,0.11260273979167156,False,False,False,False
DV2_Export_Recovery,CIV,2012,0.07081146255160017,2.534047543033363e-05,0.11680828395387119,False,False,False,False
DV2_Export_Recovery,CIV,2013,0.1464997451465974,0.00010845315301201732,0.10865599524302702,False,False,False,False
DV2_Export_Recovery,CIV,2014,0.038549948528002684,7.510388870722338e-06,0.10574407196006692,False,False,False,False
DV2_Export_Recovery,CIV,2015,0.1755648808410085,0.00015574733281665542,0.10687804598156558,False,False,False,False
DV2_Export_Recovery,CIV,2016,0.0856860997303397,3.710406633604252e-05,0.10566956636571409,False,False,False,False
DV2_Export_Recovery,CIV,2017,0.04248910034791076,9.123661630700377e-06,0.10674837107575469,False,False,False,False
DV2_Export_Recovery,CIV,2018,0.06029032221890081,1.836982232473279e-05,0.10663365216836425,False,False,False,False
DV2_Export_Recovery,CIV,2019,0.08201089163922201,3.398955768663365e-05,0.1069035836398622,False,False,False,False
DV2_Export_Recovery,CIV,2020,0.13947687714552373,9.830527743287924e-05,0.10714907701096096,False,False,False,False
DV2_Export_Recovery,CIV,2021,0.2760622037009611,0.0003849945605531058,0.10844624595272473,False,False,False,False
DV2_Export_Recovery,CMR,2012,0.009577928904480485,4.636191680640824e-07,0.10618164579189705,False,False,False,False
DV2_Export_Recovery,CMR,2013,0.017802500985783624,1.6016944302953203e-06,0.10628666179947015,False,False,False,False
DV2_Export_Recovery,CMR,2014,0.20718687241165132,0.00021689176759858038,0.10874714758519038,False,False,False,False
DV2_Export_Recovery,CMR,2015,0.10206486358625218,5.2643708805897904e-05,0.10792352426158837,False,False,False,False
DV2_Export_Recovery,CMR,2016,0.07861230167770926,3.123090559916226e-05,0.1057048327356867,False,False,False,False
DV2_Export_Recovery,CMR,2017,0.06510109189254659,2.1418289990326247e-05,0.10603693938429945,False,False,False,False
DV2_Export_Recovery,CMR,2018,0.07834953845726604,3.102251818247896e-05,0.10908525690773774,False,False,False,False
DV2_Export_Recovery,CMR,2019,0.07949732534805169,3.1938068869467425e-05,0.10826439422839239,False,False,False,False
DV2_Export_Recovery,CMR,2020,0.10681149316239945,5.765372925770265e-05,0.10719787525385349,False,False,False,False
DV2_Export_Recovery,CMR,2021,0.08463434250544659,3.61988532245501e-05,0.10777278814767074,False,False,False,False
DV2_Export_Recovery,COD,2012,0.3687671476099804,0.0006867702349965127,0.11019875555150438,False,False,False,False
DV2_Export_Recovery,COD,2013,0.3851111536173298,0.000748941482940278,0.10930393138387631,False,False,False,False
DV2_Export_Recovery,COD,2014,0.32612590983664586,0.0005372171344250164,0.11200239316064026,False,False,False,False
DV2_Export_Recovery,COD,2015,0.1807021523315803,0.00016499479200789252,0.11018028626686716,False,False,False,False
DV2_Export_Recovery,COD,2016,0.2087866420005795,0.00022025387923659895,0.10980489577718117,False,False,False,False
DV2_Export_Recovery,COD,2017,0.06247767795198143,1.972691941046361e-05,0.11093182701156964,False,False,False,False
DV2_Export_Recovery,COD,2018,0.5154183742486496,0.0013407035387957502,0.11062489243191909,False,False,False,False
DV2_Export_Recovery,COD,2019,0.14519938018522258,0.00010653834029796865,0.12468501755602913,False,False,False,False
DV2_Export_Recovery,COD,2020,0.3727364775740935,0.0007016825248792826,0.12276718014809733,False,False,False,False
DV2_Export_Recovery,COD,2021,0.6409820557505508,0.0020731386413274894,0.1458909373056842,False,False,False,False
DV2_Export_Recovery,COG,2012,0.4331791693642942,0.0009474421137685713,0.1171811822813549,False,False,False,False
DV2_Export_Recovery,COG,2013,0.1619574600567168,0.00013254445397495738,0.1124254381355663,False,False,False,False
DV2_Export_Recovery,COG,2014,0.05522060508883746,1.5410398393402252e-05,0.11225780337780476,False,False,False,False
DV2_Export_Recovery,COG,2015,0.08257589554778441,3.445971905753702e-05,0.12749630430826986,False,False,False,False
DV2_Export_Recovery,COG,2016,0.13949297365661287,9.832961628664693e-05,0.12480530914020181,False,False,False,False
DV2_Export_Recovery,COG,2017,0.11223604575982046,6.365806215158265e-05,0.10743738548745385,False,False,False,False
DV2_Export_Recovery,COG,2018,0.42872754095164656,0.0009280888393471987,0.1174546594448438,False,False,False,False
DV2_Export_Recovery,COG,2019,0.042176956625443414,8.990114173457964e-06,0.12130865800975574,False,False,False,False
DV2_Export_Recovery,COG,2020,0.057813997787753105,1.6891868208060747e-05,0.12392160646950082,False,False,False,False
DV2_Export_Recovery,COG,2021,0.0905091253424625,4.139867237467143e-05,0.12210723182419962,False,False,False,False
DV2_Export_Recovery,COL,2012,0.34482203588884147,0.0006005285092779882,0.10929803060231642,False,False,False,False
DV2_Export_Recovery,COL,2013,0.255374211024631,0.000329473477352035,0.10848522837668786,False,False,False,False
DV2_Export_Recovery,COL,2014,0.16602286570240926,0.00013928007355585637,0.10706044963757987,False,False,False,False
DV2_Export_Recovery,COL,2015,0.04564443713245945,1.0529051575319416e-05,0.10875585832127893,False,False,False,False
DV2_Export_Recovery,COL,2016,0.08688729042001646,3.815161450662399e-05,0.10647471747094796,False,False,False,False
DV2_Export_Recovery,COL,2017,0.04029389315488476,8.205274139912402e-06,0.10938595767216379,False,False,False,False
DV2_Export_Recovery,COL,2018,0.0034723076139846153,6.09333058685274e-08,0.10651960579229398,False,False,False,False
DV2_Export_Recovery,COL,2019,0.10673656068909658,5.757293944306307e-05,0.10909592334904816,False,False,False,False
DV2_Export_Recovery,COL,2020,0.1498564303005171,0.00011347996925100445,0.11312036310529773,False,False,False,False
DV2_Export_Recovery,COL,2021,0.3406485432705658,0.0005860935255828055,0.1106345808248923,False,False,False,False
DV2_Export_Recovery,COM,2012,0.18611772090320108,0.0001750295608685291,0.10649758092749642,False,False,False,False
DV2_Export_Recovery,COM,2013,0.28497703762230403,0.0004102460871371619,0.10628329013031841,False,False,False,False
DV2_Export_Recovery,COM,2014,0.16492959621798617,0.00013745223347229075,0.10792620283402805,False,False,False,False
DV2_Export_Recovery,COM,2015,0.13328625386470724,8.977337185186234e-05,0.10811386253175853,False,False,False,False
DV2_Export_Recovery,COM,2016,0.31022934673191993,0.00048613731757706424,0.10810479322206887,False,False,False,False
DV2_Export_Recovery,COM,2017,0.2495360670339643,0.00031458444722712623,0.106742730571126,False,False,False,False
DV2_Export_Recovery,COM,2018,0.3688787029832091,0.0006871627478341379,0.10584864518756636,False,False,False,False
DV2_Export_Recovery,COM,2019,0.13614036627042664,9.365912899497873e-05,0.11101547621841952,False,False,False,False
DV2_Export_Recovery,COM,2020,0.07380510082498669,2.75282423109638e-05,0.10879300360495768,False,False,False,False
DV2_Export_Recovery,COM,2021,0.23140133865756032,0.0002705417555871646,0.11593258188703522,False,False,False,False
DV2_Export_Recovery,CPV,2012,0.3687967078498619,0.0006868844652963236,0.11104205364789779,False,False,False,False
DV2_Export_Recovery,CPV,2013,0.07920618050706091,3.1704568958386555e-05,0.10816072166612943,False,False,False,False
DV2_Export_Recovery,CPV,2014,0.10194874425561205,5.25239825724539e-05,0.10742095815799661,False,False,False,False
DV2_Export_Recovery,CPV,2015,0.03351275149049233,5.675915211468125e-06,0.10705603185445206,False,False,False,False
DV2_Export_Recovery,CPV,2016,0.14132670255287816,0.0001009299483809694,0.10801449834903228,False,False,False,False
DV2_Export_Recovery,CPV,2017,0.07632675687208461,2.9441378877615264e-05,0.10654863089621443,False,False,False,False
DV2_Export_Recovery,CPV,2018,0.0010446892972718793,5.515598852923939e-09,0.1068322901647449,False,False,False,False
DV2_Export_Recovery,CPV,2019,0.14887562432200155,0.00011199894379821508,0.10851390521785548,False,False,False,False
DV2_Export_Recovery,CPV,2020,0.04334576440686531,9.495269174762879e-06,0.10726037686288085,False,False,False,False
DV2_Export_Recovery,CPV,2021,0.09509157454302987,4.569635217370548e-05,0.109177177825591,False,False,False,False
DV2_Export_Recovery,CRI,2012,0.8149327997214612,0.0033441637550030053,0.10669360183109368,True,True,False,True
DV2_Export_Recovery,CRI,2013,0.7678827808196912,0.0029703503390140504,0.10653058817224409,True,True,False,True
DV2_Export_Recovery,CRI,2014,0.5228579897687671,0.0013795411227410116,0.10633813510901045,False,False,False,False
DV2_Export_Recovery,CRI,2015,0.23653450772277548,0.00028266651327947594,0.10656507001382484,False,False,False,False
DV2_Export_Recovery,CRI,2016,0.24512164549282112,0.0003035556398407726,0.10621148619311481,False,False,False,False
DV2_Export_Recovery,CRI,2017,0.21965618086232502,0.00024377578291075332,0.10660783713067501,False,False,False,False
DV2_Export_Recovery,CRI,2018,0.33634046502195414,0.000571355417605643,0.1060999040099128,False,False,False,False
DV2_Export_Recovery,CRI,2019,0.34763936076218627,0.0006103768997198097,0.10968440605066379,False,False,False,False
DV2_Export_Recovery,CRI,2020,0.34325735745425984,0.0005950975419456935,0.11014615983264227,False,False,False,False
DV2_Export_Recovery,CRI,2021,0.3956008284916042,0.0007902705637293177,0.11056894890762102,False,False,False,False
DV2_Export_Recovery,CUB,2012,0.27560884116144413,0.0003837521732032176,0.12284653446476783,False,False,False,False
DV2_Export_Recovery,CUB,2013,0.1654943440207823,0.00013839740610767498,0.12041824995508704,False,False,False,False
DV2_Export_Recovery,CUB,2014,0.16498857486471236,0.00013755244799939164,0.11783831679106271,False,False,False,False
DV2_Export_Recovery,CUB,2015,0.185678768165588,0.00017420869848617683,0.11807642194148242,False,False,False,False
DV2_Export_Recovery,CUB,2016,0.1163140024545823,6.83681336537169e-05,0.11808617673937269,False,False,False,False
DV2_Export_Recovery,CUB,2017,0.1211905456579101,7.422057943216747e-05,0.11672495392938542,False,False,False,False
DV2_Export_Recovery,CUB,2018,0.059888350189671376,1.8125730650661024e-05,0.11860266194699384,False,False,False,False
DV2_Export_Recovery,CUB,2019,0.11599615824926622,6.799499845025773e-05,0.1176367417696474,False,False,False,False
DV2_Export_Recovery,CUB,2020,0.14719805688861953,0.00010949103912243034,0.12265715674112344,False,False,False,False
DV2_Export_Recovery,CYM,2017,0.6929341730341837,0.0024244167079141717,0.256284483136688,True,True,True,True
DV2_Export_Recovery,CYM,2018,0.6686094333829274,0.0022573170195533732,0.25474310927462906,False,False,True,True
DV2_Export_Recovery,CYM,2019,0.2339731354523577,0.0002766336056075235,0.25470436045889955,False,False,True,True
DV2_Export_Recovery,CYM,2020,0.2142777408078949,0.00023202495620936443,0.2562436349167994,False,False,True,True
DV2_Export_Recovery,CYP,2012,0.0829764729016318,3.4794724516879216e-05,0.11573249031614438,False,False,False,False
DV2_Export_Recovery,CYP,2013,0.19440881956085407,0.00019096963510810205,0.11084463754917825,False,False,False,False
DV2_Export_Recovery,CYP,2014,0.0984051431094254,4.893629997813113e-05,0.10731516861312528,False,False,False,False
DV2_Export_Recovery,CYP,2015,0.28323210773736357,0.00040523981691845714,0.10631592131081542,False,False,False,False
DV2_Export_Recovery,CYP,2016,0.031848840856696446,5.126290481831549e-06,0.1057204161689586,False,False,False,False
DV2_Export_Recovery,CYP,2017,0.03886814323424173,7.634882604033338e-06,0.1061211045565174,False,False,False,False
DV2_Export_Recovery,CYP,2018,0.13694742032699783,9.477225695374383e-05,0.10598744678770013,False,False,False,False
DV2_Export_Recovery,CYP,2019,0.1428495769913232,0.00010311637580664516,0.10630427154301895,False,False,False,False
DV2_Export_Recovery,CYP,2020,0.24722094646503015,0.00030878126221602314,0.11161197447675972,False,False,False,False
DV2_Export_Recovery,CYP,2021,0.4203139517286836,0.0008920439686640741,0.11653948955441831,False,False,False,False
DV2_Export_Recovery,CZE,2012,0.09616922361379632,4.673784257563958e-05,0.10679030779118377,False,False,False,False
DV2_Export_Recovery,CZE,2013,0.04315237015394899,9.410728699283152e-06,0.106323851390365,False,False,False,False
DV2_Export_Recovery,CZE,2014,0.038714416835110434,7.5746096736231165e-06,0.10642702780944027,False,False,False,False
DV2_Export_Recovery,CZE,2015,0.047421092290201354,1.1364651744189331e-05,0.10637177488436216,False,False,False,False
DV2_Export_Recovery,CZE,2016,0.10257146738488676,5.3167509678319515e-05,0.10587672517237809,False,False,False,False
DV2_Export_Recovery,CZE,2017,0.03973718469707336,7.980108487719957e-06,0.10597646353592495,False,False,False,False
DV2_Export_Recovery,CZE,2018,0.06839988722301124,2.364383352237023e-05,0.10541166280892442,False,False,False,False
DV2_Export_Recovery,CZE,2019,0.013375195878221986,9.041037276742324e-07,0.10636961493073023,False,False,False,False
DV2_Export_Recovery,CZE,2020,0.027419379067390563,3.79954716474507e-06,0.10722367383708578,False,False,False,False
DV2_Export_Recovery,CZE,2021,0.14588803987061139,0.00010754936498857238,0.10790184803880346,False,False,False,False
DV2_Export_Recovery,DEU,2012,0.07410198768862483,2.7750143332050757e-05,0.10797066573207871,False,False,False,False
DV2_Export_Recovery,DEU,2013,0.0450189310130145,1.0242452243337474e-05,0.10709377082204265,False,False,False,False
DV2_Export_Recovery,DEU,2014,0.03726558468548945,7.018284399936418e-06,0.1066307340337692,False,False,False,False
DV2_Export_Recovery,DEU,2015,0.014533070769331755,1.0674134448683746e-06,0.10849423891177196,False,False,False,False
DV2_Export_Recovery,DEU,2016,0.08030181761112495,3.258770168707304e-05,0.10614599416679693,False,False,False,False
DV2_Export_Recovery,DEU,2017,0.011082124417758703,6.206748429973671e-07,0.10908177355640769,False,False,False,False
DV2_Export_Recovery,DEU,2018,0.05253998020377008,1.3950558218036611e-05,0.1059428933344479,False,False,False,False
DV2_Export_Recovery,DEU,2019,0.04351117286309036,9.567873732210341e-06,0.10600471286201463,False,False,False,False
DV2_Export_Recovery,DEU,2020,0.03157142201949757,5.03737625000439e-06,0.11027862750062765,False,False,False,False
DV2_Export_Recovery,DEU,2021,0.07814989563415176,3.086461747111214e-05,0.10812400591691804,False,False,False,False
DV2_Export_Recovery,DJI,2013,1.3326593503906614,0.008913883342781263,0.1437814704944414,True,True,False,True
DV2_Export_Recovery,DJI,2014,1.0797197026906915,0.005858879105353267,0.11967118380756193,True,True,False,True
DV2_Export_Recovery,DJI,2015,1.0846528751406375,0.005911992627212603,0.11889989347927585,True,True,False,True
DV2_Export_Recovery,DJI,2016,1.3547679844430152,0.009211429790661535,0.14656210014412085,True,True,False,True
DV2_Export_Recovery,DJI,2017,1.1457167360531946,0.006592799066849059,0.12074538913695174,True,True,False,True
DV2_Export_Recovery,DJI,2018,0.9903626097614024,0.004933358537414981,0.11852942445181458,True,True,False,True
DV2_Export_Recovery,DJI,2019,1.1912969837825178,0.007127695946726514,0.12901672499077702,True,True,False,True
DV2_Export_Recovery,DJI,2020,0.9047929784882514,0.004124066402416296,0.14285157189046288,True,True,False,True
DV2_Export_Recovery,DJI,2021,11.43604235966323,0.4232661103128117,0.13203490298250603,True,True,False,True
DV2_Export_Recovery,DNK,2012,0.014347391635777503,1.0403124805156143e-06,0.10802664949416874,False,False,False,False
DV2_Export_Recovery,DNK,2013,0.019832858505798176,1.987870473828401e-06,0.1073090437960968,False,False,False,False
DV2_Export_Recovery,DNK,2014,0.009335561880173949,4.4045252235238905e-07,0.10673836587287618,False,False,False,False
DV2_Export_Recovery,DNK,2015,0.010789808789989735,5.883633469760684e-07,0.10847115821010034,False,False,False,False
DV2_Export_Recovery,DNK,2016,0.05543744182231915,1.5531643286366613e-05,0.10616870854621756,False,False,False,False
DV2_Export_Recovery,DNK,2017,0.030022004514185647,4.555076489766951e-06,0.10936903613593044,False,False,False,False
DV2_Export_Recovery,DNK,2018,0.005642352579336901,1.6089359285331948e-07,0.10595170881360513,False,False,False,False
DV2_Export_Recovery,DNK,2019,0.03343853895631691,5.650804719177044e-06,0.10611200876627357,False,False,False,False
DV2_Export_Recovery,DNK,2020,0.014250307911445041,1.0262813010321498e-06,0.11021375065130523,False,False,False,False
DV2_Export_Recovery,DNK,2021,0.1349384556089639,9.20126599338385e-05,0.10888506522094964,False,False,False,False
DV2_Export_Recovery,DOM,2012,0.005785460029402629,1.691586074901483e-07,0.10863657389442842,False,False,False,False
DV2_Export_Recovery,DOM,2013,0.03572711301177524,6.4507651266109175e-06,0.10761930447779582,False,False,False,False
DV2_Export_Recovery,DOM,2014,0.10499916024416414,5.5713939505990874e-05,0.10675248379080823,False,False,False,False
DV2_Export_Recovery,DOM,2015,0.15285259976456234,0.00011806153412586553,0.10646250554898522,False,False,False,False
DV2_Export_Recovery,DOM,2016,0.13807777732428844,9.634304881225588e-05,0.10607673844215737,False,False,False,False
DV2_Export_Recovery,DOM,2017,0.08005159811764279,3.238494410630747e-05,0.10653270488513843,False,False,False,False
DV2_Export_Recovery,DOM,2018,0.02060490644393134,2.1456489753600467e-06,0.10704164416697436,False,False,False,False
DV2_Export_Recovery,DOM,2019,0.08172197930238524,3.3750535402398076e-05,0.10909195206617402,False,False,False,False
DV2_Export_Recovery,DOM,2020,0.04430007620869859,9.917970835341286e-06,0.11000055477930494,False,False,False,False
DV2_Export_Recovery,DOM,2021,0.3012261836582008,0.00045835452338386816,0.11284745509916552,False,False,False,False
DV2_Export_Recovery,DZA,2012,0.5524085785381087,0.0015396521302262164,0.10769702481612867,False,False,False,False
DV2_Export_Recovery,DZA,2013,0.35505661681650136,0.0006366709413545247,0.10692662307488313,False,False,False,False
DV2_Export_Recovery,DZA,2014,0.2591513270323967,0.00033928777193417133,0.10816397398578202,False,False,False,False
DV2_Export_Recovery,DZA,2015,0.029045592252102365,4.2636039122654524e-06,0.10663135527693585,False,False,False,False
DV2_Export_Recovery,DZA,2016,0.0591647469966312,1.76903414737051e-05,0.10811126466702146,False,False,False,False
DV2_Export_Recovery,DZA,2017,0.03530438736626213,6.299017222351895e-06,0.10709516815737812,False,False,False,False
DV2_Export_Recovery,DZA,2018,0.16200247911834748,0.00013261700932852712,0.10646826561560614,False,False,False,False
DV2_Export_Recovery,DZA,2019,0.15332792791513444,0.00011879690968776608,0.10679281215058302,False,False,False,False
DV2_Export_Recovery,DZA,2020,0.35442948297822563,0.0006344272418051766,0.10733909605677038,False,False,False,False
DV2_Export_Recovery,DZA,2021,0.3723082804500862,0.0007000033657495261,0.10829365613000945,False,False,False,False
DV2_Export_Recovery,ECU,2012,0.0026900592490080905,3.6571439827330214e-08,0.11120410208930001,False,False,False,False
DV2_Export_Recovery,ECU,2013,0.0856684468743173,3.708882515644989e-05,0.10856139851116506,False,False,False,False
DV2_Export_Recovery,ECU,2014,0.08600586292769352,3.73815291485225e-05,0.10740968631373275,False,False,False,False
DV2_Export_Recovery,ECU,2015,0.0009948710211161297,5.002095092129935e-09,0.10791074399022012,False,False,False,False
DV2_Export_Recovery,ECU,2016,0.02460141350599896,3.058701366262437e-06,0.10726971292746898,False,False,False,False
DV2_Export_Recovery,ECU,2017,0.04386526754047453,9.724234234833427e-06,0.10736563252982217,False,False,False,False
DV2_Export_Recovery,ECU,2018,0.005426975673163981,1.4884493614758015e-07,0.10678513917675422,False,False,False,False
DV2_Export_Recovery,ECU,2019,0.025231067698400906,3.2172750724507633e-06,0.11088302982219597,False,False,False,False
DV2_Export_Recovery,ECU,2020,0.04403305158860744,9.79877230585865e-06,0.11372110911168984,False,False,False,False
DV2_Export_Recovery,ECU,2021,0.0025115492827545937,3.187878637403294e-08,0.11404746571885527,False,False,False,False
DV2_Export_Recovery,EGY,2012,0.030717238203265943,4.768486352983909e-06,0.10973663358871433,False,False,False,False
DV2_Export_Recovery,EGY,2013,0.02592900542572364,3.3977273192526794e-06,0.1077399100865884,False,False,False,False
DV2_Export_Recovery,EGY,2014,0.06521370102633206,2.1492453159014504e-05,0.10677736198831819,False,False,False,False
DV2_Export_Recovery,EGY,2015,0.03495543343155609,6.175113194426053e-06,0.10861656668629449,False,False,False,False
DV2_Export_Recovery,EGY,2016,0.04989980107248956,1.2583749836215015e-05,0.10632147654374495,False,False,False,False
DV2_Export_Recovery,EGY,2017,0.025275183476265225,3.2285353480193873e-06,0.10958744965315656,False,False,False,False
DV2_Export_Recovery,EGY,2018,0.006111787296476462,1.8877946812700786e-07,0.10634011296852754,False,False,False,False
DV2_Export_Recovery,EGY,2019,0.03989595737011594,8.04400548518746e-06,0.10598554253711634,False,False,False,False
DV2_Export_Recovery,EGY,2020,0.050878474228147307,1.3082195786041274e-05,0.11071833703854574,False,False,False,False
DV2_Export_Recovery,EGY,2021,0.09797719229373815,4.851165918485648e-05,0.10910122980076378,False,False,False,False
DV2_Export_Recovery,ESP,2012,0.07196523369667888,2.6172895972195317e-05,0.10838398627308801,False,False,False,False
DV2_Export_Recovery,ESP,2013,0.006827187378813296,2.3556020283748068e-07,0.10727891531792225,False,False,False,False
DV2_Export_Recovery,ESP,2014,0.004036399815654682,8.233921096187338e-08,0.10659395314182331,False,False,False,False
DV2_Export_Recovery,ESP,2015,0.026347780821455526,3.5083656507335613e-06,0.1084974538000233,False,False,False,False
DV2_Export_Recovery,ESP,2016,0.031889862862072044,5.139504591163043e-06,0.10614764646257768,False,False,False,False
DV2_Export_Recovery,ESP,2017,0.015680815038892768,1.2426679020855465e-06,0.10937355285137992,False,False,False,False
DV2_Export_Recovery,ESP,2018,0.013956621434004666,9.844156646131402e-07,0.1060452507863752,False,False,False,False
DV2_Export_Recovery,ESP,2019,0.01484013615696204,1.112996064080407e-06,0.10598692301983938,False,False,False,False
DV2_Export_Recovery,ESP,2020,0.1145493299182455,6.630915861007316e-05,0.11046159061610393,False,False,False,False
DV2_Export_Recovery,ESP,2021,0.005212757571285879,1.3732619167297125e-07,0.10832104830235424,False,False,False,False
DV2_Export_Recovery,EST,2012,0.05562706178196106,1.5638080386866e-05,0.10886176935052076,False,False,False,False
DV2_Export_Recovery,EST,2013,0.06018157060477264,1.830361402897762e-05,0.10704257742952096,False,False,False,False
DV2_Export_Recovery,EST,2014,0.14553208521089847,0.000107024967708323,0.10578525117149655,False,False,False,False
DV2_Export_Recovery,EST,2015,0.05166458098163047,1.3489560754125416e-05,0.10580915864763196,False,False,False,False
DV2_Export_Recovery,EST,2016,0.09936369136384472,4.989420208653297e-05,0.10553374180305006,False,False,False,False
DV2_Export_Recovery,EST,2017,0.025617295750063582,3.3165257859174847e-06,0.10597289906333099,False,False,False,False
DV2_Export_Recovery,EST,2018,0.01673259332541031,1.4149602045814782e-06,0.10588880961112965,False,False,False,False
DV2_Export_Recovery,EST,2019,0.07932600635479184,3.18005543845504e-05,0.10714833587685668,False,False,False,False
DV2_Export_Recovery,EST,2020,0.11027131092953557,6.144901170239475e-05,0.10776663984576361,False,False,False,False
DV2_Export_Recovery,EST,2021,0.18366735493014733,0.00017045254733613098,0.1082386128708226,False,False,False,False
DV2_Export_Recovery,ETH,2012,0.09036538910993526,4.126714885438879e-05,0.11309124205008785,False,False,False,False
DV2_Export_Recovery,ETH,2013,0.002916111274913158,4.297605521383205e-08,0.11006551333924212,False,False,False,False
DV2_Export_Recovery,ETH,2014,0.07943953874890658,3.189166117338454e-05,0.10874911509039006,False,False,False,False
DV2_Export_Recovery,ETH,2015,0.1940548240768937,0.00019027364005694,0.10753547445897668,False,False,False,False
DV2_Export_Recovery,ETH,2016,0.11288476544167328,6.439598503358149e-05,0.10669558116085404,False,False,False,False
DV2_Export_Recovery,ETH,2017,0.056147322774711475,1.593195346216137e-05,0.10702723696211204,False,False,False,False
DV2_Export_Recovery,ETH,2018,0.055817711650152,1.57454511781922e-05,0.10759419908700696,False,False,False,False
DV2_Export_Recovery,ETH,2019,0.08333329692020651,3.5094579155076375e-05,0.11292726094291655,False,False,False,False
DV2_Export_Recovery,ETH,2020,0.19713299332262055,0.00019635971438808843,0.11524160014583767,False,False,False,False
DV2_Export_Recovery,ETH,2021,0.2137027817597063,0.00023074993769185058,0.11765471123170645,False,False,False,False
DV2_Export_Recovery,FIN,2012,0.029258105140120425,4.326221774759297e-06,0.10836947051145909,False,False,False,False
DV2_Export_Recovery,FIN,2013,0.006975716859059637,2.459211937441037e-07,0.1071682449472567,False,False,False,False
DV2_Export_Recovery,FIN,2014,0.02184975125228315,2.4127384348641664e-06,0.10651334061985758,False,False,False,False
DV2_Export_Recovery,FIN,2015,0.017158907674580816,1.4879795893110628e-06,0.1086369465579372,False,False,False,False
DV2_Export_Recovery,FIN,2016,0.0010095887681556704,5.151188026023923e-09,0.10639501389216818,False,False,False,False
DV2_Export_Recovery,FIN,2017,0.015357625429888302,1.1919717980385046e-06,0.10912472052904985,False,False,False,False
DV2_Export_Recovery,FIN,2018,0.08561293509292148,3.7040736463541916e-05,0.10595212234901873,False,False,False,False
DV2_Export_Recovery,FIN,2019,0.04686663264017507,1.1100451281224616e-05,0.10607865941791723,False,False,False,False
DV2_Export_Recovery,FIN,2020,0.03837595095051343,7.442747942605042e-06,0.11018321747774701,False,False,False,False
DV2_Export_Recovery,FIN,2021,0.0792406857857006,3.173219913897741e-05,0.1083067874278479,False,False,False,False
DV2_Export_Recovery,FRA,2012,0.03471305348453052,6.089774769584895e-06,0.1091887765663396,False,False,False,False
DV2_Export_Recovery,FRA,2013,0.018628179947635836,1.753712576090964e-06,0.10751974476620578,False,False,False,False
DV2_Export_Recovery,FRA,2014,0.01633150137934871,1.3479381766792241e-06,0.1065430709151614,False,False,False,False
DV2_Export_Recovery,FRA,2015,0.01117816390242955,6.314791840510231e-07,0.10833083313989589,False,False,False,False
DV2_Export_Recovery,FRA,2016,0.08118722864921288,3.331026876496899e-05,0.10653070970381297,False,False,False,False
DV2_Export_Recovery,FRA,2017,0.009688407927191557,4.7437631788376307e-07,0.10917844443552809,False,False,False,False
DV2_Export_Recovery,FRA,2018,0.040848021048998234,8.43250162275722e-06,0.10596455794291601,False,False,False,False
DV2_Export_Recovery,FRA,2019,0.05293377980078818,1.4160464297573016e-05,0.10599586832736643,False,False,False,False
DV2_Export_Recovery,FRA,2020,0.017124093365614323,1.481947738345595e-06,0.11041254012409829,False,False,False,False
DV2_Export_Recovery,FRA,2021,0.14487793037274102,0.0001060653957617113,0.10807685888424179,False,False,False,False
DV2_Export_Recovery,FSM,2012,0.27954535918679196,0.0003947713581496719,0.11110018484682285,False,False,False,False
DV2_Export_Recovery,FSM,2013,0.7741172637509117,0.0030194088336609167,0.11470785342799149,True,True,False,True
DV2_Export_Recovery,FSM,2014,0.7845053147221279,0.003100544000669879,0.11270528756854797,True,True,False,True
DV2_Export_Recovery,FSM,2015,0.8426351469880644,0.003575793346096731,0.1164773166834101,True,True,False,True
DV2_Export_Recovery,FSM,2016,0.3071635921395428,0.00047657804390165896,0.10677729609741987,False,False,False,False
DV2_Export_Recovery,FSM,2017,0.05121482500494947,1.3255732307079557e-05,0.10958741279446792,False,False,False,False
DV2_Export_Recovery,FSM,2018,0.43509677644166184,0.0009557610495156643,0.10854948839902748,False,False,False,False
DV2_Export_Recovery,FSM,2019,0.8296066785786747,0.0034669342976430136,0.12090235695630544,True,True,False,True
DV2_Export_Recovery,FSM,2020,0.5514757871246619,0.0015346620432078622,0.1157524940999504,False,False,False,False
DV2_Export_Recovery,FSM,2021,1.1439025775165876,0.006568793993798784,0.112760403304867,True,True,False,True
DV2_Export_Recovery,GAB,2012,0.19909874595779942,0.00020029809379195016,0.12512261018407622,False,False,False,False
DV2_Export_Recovery,GAB,2013,0.05749086513164511,1.6703547561292128e-05,0.11306981224533155,False,False,False,False
DV2_Export_Recovery,GAB,2014,0.21017801917824916,0.00022319710721235755,0.10714262274594763,False,False,False,False
DV2_Export_Recovery,GAB,2015,0.2525489176726081,0.00032222769177931104,0.10987527373494842,False,False,False,False
DV2_Export_Recovery,GAB,2016,0.12946965602222502,8.470635902759492e-05,0.1102860173218572,False,False,False,False
DV2_Export_Recovery,GAB,2017,0.15525808676280953,0.00012180622122294702,0.1064819685696719,False,False,False,False
DV2_Export_Recovery,GAB,2018,0.03363497703119969,5.7173917342884515e-06,0.10602881986993898,False,False,False,False
DV2_Export_Recovery,GAB,2019,0.009231188057067246,4.306588539011298e-07,0.10735623227009343,False,False,False,False
DV2_Export_Recovery,GAB,2020,0.12094074461469533,7.391468128232943e-05,0.11182833622163528,False,False,False,False
DV2_Export_Recovery,GAB,2021,0.14563540687983892,0.00010717735080923665,0.10873320626178243,False,False,False,False
DV2_Export_Recovery,GBR,2012,0.030276142740608507,4.632520201548246e-06,0.1078615333960325,False,False,False,False
DV2_Export_Recovery,GBR,2013,0.12880321141370968,8.38363807541467e-05,0.10707049194349995,False,False,False,False
DV2_Export_Recovery,GBR,2014,0.02932817137378604,4.3469666730471575e-06,0.10662044488306754,False,False,False,False
DV2_Export_Recovery,GBR,2015,0.07071575266810239,2.527197193233131e-05,0.10904437076190987,False,False,False,False
DV2_Export_Recovery,GBR,2016,0.020317956548863543,2.086303348309572e-06,0.10637698034685193,False,False,False,False
DV2_Export_Recovery,GBR,2017,0.05107119717705746,1.318148796383742e-05,0.10939025742101861,False,False,False,False
DV2_Export_Recovery,GBR,2018,0.017264306409454748,1.5063154889602067e-06,0.10598839432471881,False,False,False,False
DV2_Export_Recovery,GBR,2019,0.015557089268597751,1.223135279866622e-06,0.10603753962691505,False,False,False,False
DV2_Export_Recovery,GBR,2020,0.015187346044585081,1.1656861490367976e-06,0.11077972824623267,False,False,False,False
DV2_Export_Recovery,GBR,2021,0.2123235002677207,0.0002277769943435681,0.108874107263094,False,False,False,False
DV2_Export_Recovery,GEO,2012,0.08144818358213408,3.352477124727889e-05,0.10909018925653752,False,False,False,False
DV2_Export_Recovery,GEO,2013,0.09802173065064243,4.855571156854313e-05,0.10680198400937861,False,False,False,False
DV2_Export_Recovery,GEO,2014,0.13080566123628382,8.646309084789662e-05,0.10652116305780242,False,False,False,False
DV2_Export_Recovery,GEO,2015,0.018350815125816856,1.7018775062363638e-06,0.10595648179708153,False,False,False,False
DV2_Export_Recovery,GEO,2016,0.11850051809958238,7.096194485073266e-05,0.10662788426427203,False,False,False,False
DV2_Export_Recovery,GEO,2017,0.041134977301205466,8.551392959701955e-06,0.10608838917658102,False,False,False,False
DV2_Export_Recovery,GEO,2018,0.005382084804317085,1.4639268906139783e-07,0.10623961882219603,False,False,False,False
DV2_Export_Recovery,GEO,2019,0.0030541901332655197,4.714227122466476e-08,0.10834752536033497,False,False,False,False
DV2_Export_Recovery,GEO,2020,0.048382108281399806,1.182993695789098e-05,0.10716298513438673,False,False,False,False
DV2_Export_Recovery,GEO,2021,0.11217832238075214,6.359264192690013e-05,0.10827383520099079,False,False,False,False
DV2_Export_Recovery,GHA,2012,0.10579793114800358,5.656491186970006e-05,0.11026358191471289,False,False,False,False
DV2_Export_Recovery,GHA,2013,0.008125313051610624,3.3365561465451354e-07,0.10981804017345266,False,False,False,False
DV2_Export_Recovery,GHA,2014,0.12131162643523892,7.436845868932821e-05,0.10806495623054624,False,False,False,False
DV2_Export_Recovery,GHA,2015,0.16269151537166504,0.00013374743707762486,0.10689853973698807,False,False,False,False
DV2_Export_Recovery,GHA,2016,0.19510058151049248,0.00019232917096400145,0.10673821676407579,False,False,False,False
DV2_Export_Recovery,GHA,2017,0.11791238969897545,7.02593742485457e-05,0.10678182211836751,False,False,False,False
DV2_Export_Recovery,GHA,2018,0.20230039672768801,0.00020678314533147257,0.10715904697472299,False,False,False,False
DV2_Export_Recovery,GHA,2019,0.02797799366448764,3.955940400576527e-06,0.11094544590880458,False,False,False,False
DV2_Export_Recovery,GHA,2020,0.31451047644297325,0.0004996523747626005,0.11278961649776852,False,False,False,False
DV2_Export_Recovery,GHA,2021,0.4212891659582899,0.0008961454579985536,0.11163582731159569,False,False,False,False
DV2_Export_Recovery,GIN,2012,0.6435988994358532,0.002088981091440965,0.11375512504176995,False,False,False,False
DV2_Export_Recovery,GIN,2013,0.45576766075720604,0.001048714357720745,0.11614429560549938,False,False,False,False
DV2_Export_Recovery,GIN,2014,0.3748658789177686,0.0007096723880202557,0.11315657139997704,False,False,False,False
DV2_Export_Recovery,GIN,2015,0.33989835644877575,0.0005835325520953013,0.11528563797766954,False,False,False,False
DV2_Export_Recovery,GIN,2016,0.25443569827092355,0.0003270649174920735,0.11557076225633842,False,False,False,False
DV2_Export_Recovery,GIN,2017,0.08077871835167888,3.297599074143875e-05,0.11355972422194699,False,False,False,False
DV2_Export_Recovery,GIN,2018,0.17893453270586873,0.0001617833008890305,0.11061502722995337,False,False,False,False
DV2_Export_Recovery,GIN,2019,0.14593747025633713,0.00010762427251645298,0.12632081820765284,False,False,False,False
DV2_Export_Recovery,GIN,2020,1.3175885745257565,0.008710834174182412,0.13596445994461046,True,True,False,True
DV2_Export_Recovery,GIN,2021,0.5498465070683892,0.0015260276192000705,0.137212274219517,False,False,False,False
DV2_Export_Recovery,GMB,2012,0.014113946417113159,1.0067342741507344e-06,0.1096967098635028,False,False,False,False
DV2_Export_Recovery,GMB,2013,0.08256731976997526,3.445238843744676e-05,0.11141265560470065,False,False,False,False
DV2_Export_Recovery,GMB,2014,0.0924797044244304,4.3220665171884034e-05,0.10913240483579517,False,False,False,False
DV2_Export_Recovery,GMB,2015,0.0296643097423213,4.447181742953475e-06,0.11092908011747799,False,False,False,False
DV2_Export_Recovery,GMB,2016,0.062341854726747,1.964124790055622e-05,0.11195608784972798,False,False,False,False
DV2_Export_Recovery,GMB,2017,0.07108247133282553,2.553475476515665e-05,0.10888243238322821,False,False,False,False
DV2_Export_Recovery,GMB,2018,0.3602118280200306,0.0006552953206238793,0.11014496343411315,False,False,False,False
DV2_Export_Recovery,GMB,2019,0.0031284790930333293,4.946350381392129e-08,0.11466390631341523,False,False,False,False
DV2_Export_Recovery,GMB,2020,0.3899605831045717,0.0007679731616931583,0.12082737596763517,False,False,False,False
DV2_Export_Recovery,GMB,2021,0.013008932159131171,8.552662051159235e-07,0.11474198866279031,False,False,False,False
DV2_Export_Recovery,GNB,2012,0.2447884967299235,0.0003027345292529718,0.1093409870937486,False,False,False,False
DV2_Export_Recovery,GNB,2013,0.018027999144313647,1.642527660887043e-06,0.10948150732964657,False,False,False,False
DV2_Export_Recovery,GNB,2014,0.07673605575772446,2.9758028563164673e-05,0.11252790565278444,False,False,False,False
DV2_Export_Recovery,GNB,2015,0.13594394965750548,9.338897339032796e-05,0.10968557873252989,False,False,False,False
DV2_Export_Recovery,GNB,2016,0.2973323200762286,0.0004465760248598222,0.10793325205908694,False,False,False,False
DV2_Export_Recovery,GNB,2017,0.3255114419189622,0.0005351864397114699,0.10892981392653901,False,False,False,False
DV2_Export_Recovery,GNB,2018,0.05709125743922382,1.6472136269283795e-05,0.10751607095258743,False,False,False,False
DV2_Export_Recovery,GNB,2019,0.03089277711600398,4.823142164633713e-06,0.10854525690319948,False,False,False,False
DV2_Export_Recovery,GNB,2020,0.13857830706133847,9.704374199445008e-05,0.1163945501158315,False,False,False,False
DV2_Export_Recovery,GNB,2021,0.4196950684010165,0.0008893822595210379,0.11158101041082943,False,False,False,False
DV2_Export_Recovery,GNQ,2012,0.04139606280284324,8.660307485620551e-06,0.13381033466917266,False,False,False,False
DV2_Export_Recovery,GNQ,2013,0.15088723749838215,0.00011504740832245247,0.1218074072327038,False,False,False,False
DV2_Export_Recovery,GNQ,2014,0.14904629970868938,0.00011225691272247242,0.11671494523092885,False,False,False,False
DV2_Export_Recovery,GNQ,2015,0.1437114593894571,0.00010436520777464781,0.11419651814050698,False,False,False,False
DV2_Export_Recovery,GNQ,2016,0.24089480192407803,0.00029318304120409014,0.10910294431999959,False,False,False,False
DV2_Export_Recovery,GNQ,2017,0.14832737533903706,0.0001111755542505062,0.10769755326517849,False,False,False,False
DV2_Export_Recovery,GNQ,2018,0.06295394397711498,2.002881426688569e-05,0.11069702271720916,False,False,False,False
DV2_Export_Recovery,GNQ,2019,0.064557063474112,2.1061873768458185e-05,0.11710137472576904,False,False,False,False
DV2_Export_Recovery,GNQ,2020,0.033302692973163,5.604989265356715e-06,0.12004245369438253,False,False,False,False
DV2_Export_Recovery,GNQ,2021,0.05944940313151862,1.7861024199376685e-05,0.12492117522059598,False,False,False,False
DV2_Export_Recovery,GRC,2012,0.14187906820611254,0.00010172038139834899,0.10820317234988823,False,False,False,False
DV2_Export_Recovery,GRC,2013,0.06783511402770118,2.3255011060661244e-05,0.10648643594298829,False,False,False,False
DV2_Export_Recovery,GRC,2014,0.04423186713845018,9.887449294276617e-06,0.1064233361884942,False,False,False,False
DV2_Export_Recovery,GRC,2015,0.043130015417226115,9.400981344479592e-06,0.10664554609507602,False,False,False,False
DV2_Export_Recovery,GRC,2016,0.013859079703104283,9.70703766105492e-07,0.10704184896094253,False,False,False,False
DV2_Export_Recovery,GRC,2017,0.020987134716260628,2.225992166029824e-06,0.10604443958841457,False,False,False,False
DV2_Export_Recovery,GRC,2018,0.11265368588026543,6.413259469253055e-05,0.10592539611801138,False,False,False,False
DV2_Export_Recovery,GRC,2019,0.02870842558354327,4.165193564489089e-06,0.10719913960385838,False,False,False,False
DV2_Export_Recovery,GRC,2020,0.07960227347935467,3.2022461023864984e-05,0.10947144010587544,False,False,False,False
DV2_Export_Recovery,GRC,2021,0.07001292898413247,2.477214668582738e-05,0.11013387138213866,False,False,False,False
DV2_Export_Recovery,GRL,2012,0.19194445500232293,0.00018616348642364253,0.1222644111955156,False,False,False,False
DV2_Export_Recovery,GRL,2013,0.21366875105715577,0.00023067721320412047,0.1191713911027459,False,False,False,False
DV2_Export_Recovery,GRL,2014,0.26105802627800356,0.00034430718922393385,0.1166346825361924,False,False,False,False
DV2_Export_Recovery,GRL,2015,0.0861443549823902,3.750214815404027e-05,0.11700249233079316,False,False,False,False
DV2_Export_Recovery,GRL,2016,0.028335266545208678,4.057618956363963e-06,0.11644069334282714,False,False,False,False
DV2_Export_Recovery,GRL,2017,0.04676870630570363,1.1054125944216435e-05,0.11684679021430566,False,False,False,False
DV2_Export_Recovery,GRL,2018,0.22360036959641325,0.00025261391133042893,0.11784344117918184,False,False,False,False
DV2_Export_Recovery,GRL,2019,0.2420434174546988,0.00029599205085389707,0.11742512015831072,False,False,False,False
DV2_Export_Recovery,GRL,2020,0.20847444670419019,0.0002196002222539117,0.11899416719994349,False,False,False,False
DV2_Export_Recovery,GTM,2012,0.07700667178293423,2.9968226445584494e-05,0.10692313765219323,False,False,False,False
DV2_Export_Recovery,GTM,2013,0.11121785770731597,6.250833140873138e-05,0.10620208901862661,False,False,False,False
DV2_Export_Recovery,GTM,2014,0.04814323307613813,1.1713409880535448e-05,0.10595006665974238,False,False,False,False
DV2_Export_Recovery,GTM,2015,0.12892151822428638,8.399037114701713e-05,0.10613320060477888,False,False,False,False
DV2_Export_Recovery,GTM,2016,0.14186072297468413,0.00010169384326774267,0.10616281145406235,False,False,False,False
DV2_Export_Recovery,GTM,2017,0.13100429336491304,8.672583497472895e-05,0.10624309281769566,False,False,False,False
DV2_Export_Recovery,GTM,2018,0.049899434745294964,1.2583564492691067e-05,0.10599894745980672,False,False,False,False
DV2_Export_Recovery,GTM,2019,0.03184128302654918,5.1238585791733105e-06,0.1083009916077616,False,False,False,False
DV2_Export_Recovery,GTM,2020,0.045690358601253235,1.0550247964209084e-05,0.10880235783229111,False,False,False,False
DV2_Export_Recovery,GTM,2021,0.14174480975833542,0.0001015281075223632,0.10933775465449001,False,False,False,False
DV2_Export_Recovery,GUM,2012,2.682720898818988,0.03502141318604026,0.1086380933444493,True,True,False,True
DV2_Export_Recovery,GUM,2013,1.6861607360036774,0.01415283940099215,0.10855815423341823,True,True,False,True
DV2_Export_Recovery,GUM,2014,0.4182528694464921,0.0008832362216116494,0.10576241768582641,False,False,False,False
DV2_Export_Recovery,GUM,2015,0.4172070443567912,0.0008788347447764164,0.10641186008150022,False,False,False,False
DV2_Export_Recovery,GUM,2016,0.5222344702234257,0.001376259988701134,0.10644237167180945,False,False,False,False
DV2_Export_Recovery,GUM,2017,0.4572796576381432,0.0010555606375059884,0.10619391775813235,False,False,False,False
DV2_Export_Recovery,GUM,2018,0.48165323800405624,0.0011709302042615972,0.105714081688634,False,False,False,False
DV2_Export_Recovery,GUM,2019,0.6670234251735438,0.002243252060712201,0.10975720886004438,False,False,False,False
DV2_Export_Recovery,GUM,2020,0.41871519506845833,0.0008852246898974015,0.10997357546489056,False,False,False,False
DV2_Export_Recovery,GUM,2021,0.9104042574966426,0.004170547792029915,0.11022200690088892,True,True,False,True
DV2_Export_Recovery,HKG,2012,0.12365200283281534,7.726603973645255e-05,0.11921996096401047,False,False,False,False
DV2_Export_Recovery,HKG,2013,0.12404486119839891,7.775797053084747e-05,0.12334130930146647,False,False,False,False
DV2_Export_Recovery,HKG,2014,0.16723497813841484,0.00014132251609049907,0.11465111049640142,False,False,False,False
DV2_Export_Recovery,HKG,2015,0.02010967960730574,2.0437499878680667e-06,0.11090599570582044,False,False,False,False
DV2_Export_Recovery,HKG,2016,0.13267999887486623,8.895887468412985e-05,0.11092694532709321,False,False,False,False
DV2_Export_Recovery,HKG,2017,0.10327089001820694,5.3895232815911106e-05,0.11247311312754951,False,False,False,False
DV2_Export_Recovery,HKG,2018,0.07891047240217833,3.1468310542109386e-05,0.11032659757383743,False,False,False,False
DV2_Export_Recovery,HKG,2019,0.11085960532905595,6.21070701963661e-05,0.12684149102579023,False,False,False,False
DV2_Export_Recovery,HKG,2020,0.23953966159384812,0.00028991179964221714,0.13163909386504896,False,False,False,False
DV2_Export_Recovery,HKG,2021,0.12076405387567357,7.369968208043127e-05,0.12818228751397218,False,False,False,False
DV2_Export_Recovery,HND,2012,0.03380739195423452,5.776157662189974e-06,0.10781649555899359,False,False,False,False
DV2_Export_Recovery,HND,2013,0.08113094912596598,3.326411437763627e-05,0.10730914965100867,False,False,False,False
DV2_Export_Recovery,HND,2014,0.006597149108549501,2.1995350182811275e-07,0.10623170835052552,False,False,False,False
DV2_Export_Recovery,HND,2015,0.12989184948468077,8.52593343612021e-05,0.10627121125061115,False,False,False,False
DV2_Export_Recovery,HND,2016,0.14456378320026494,0.00010560572803361284,0.10614486355834798,False,False,False,False
DV2_Export_Recovery,HND,2017,0.10454196282646246,5.522982372430167e-05,0.10643354563333113,False,False,False,False
DV2_Export_Recovery,HND,2018,0.05111576583809709,1.3204497563433913e-05,0.10605277354420654,False,False,False,False
DV2_Export_Recovery,HND,2019,0.09864621544097563,4.917641204711543e-05,0.1097016966319979,False,False,False,False
DV2_Export_Recovery,HND,2020,0.006063389908903256,1.8580153284264239e-07,0.10924419925191885,False,False,False,False
DV2_Export_Recovery,HND,2021,0.21066474567727408,0.00022423311960532912,0.10951455259286158,False,False,False,False
DV2_Export_Recovery,HRV,2012,0.1165437282692286,6.863794558377124e-05,0.1076927939875903,False,False,False,False
DV2_Export_Recovery,HRV,2013,0.10537309413144835,5.61114605678324e-05,0.10703509764301779,False,False,False,False
DV2_Export_Recovery,HRV,2014,0.015043185801078595,1.1436614542757834e-06,0.10632934438962308,False,False,False,False
DV2_Export_Recovery,HRV,2015,0.05494315413620435,1.5255917488769128e-05,0.10592177496484285,False,False,False,False
DV2_Export_Recovery,HRV,2016,0.1003772978294537,5.091728166014752e-05,0.10572370145469032,False,False,False,False
DV2_Export_Recovery,HRV,2017,0.059242546200518366,1.7736887893878017e-05,0.10601736050263114,False,False,False,False
DV2_Export_Recovery,HRV,2018,0.03770762418597866,7.185769997307758e-06,0.10570790920917893,False,False,False,False
DV2_Export_Recovery,HRV,2019,0.011870041360759186,7.120697119763905e-07,0.10646067796984196,False,False,False,False
DV2_Export_Recovery,HRV,2020,0.04824237381385272,1.1761702323884842e-05,0.10648199917353733,False,False,False,False
DV2_Export_Recovery,HRV,2021,0.05434833460450248,1.4927393008335852e-05,0.10830510765916315,False,False,False,False
DV2_Export_Recovery,HTI,2012,0.20745672132967324,0.00021745658105127696,0.10797438119904966,False,False,False,False
DV2_Export_Recovery,HTI,2013,0.18350510599992528,0.00017015165079538793,0.10844643562562818,False,False,False,False
DV2_Export_Recovery,HTI,2014,0.13643690602447936,9.406725057910242e-05,0.1078942557844622,False,False,False,False
DV2_Export_Recovery,HTI,2015,0.11972554186612269,7.243660467606825e-05,0.10703483661343596,False,False,False,False
DV2_Export_Recovery,HTI,2016,0.14003417746567784,9.909228871482778e-05,0.10660465283343318,False,False,False,False
DV2_Export_Recovery,HTI,2017,0.12821293717665244,8.306985282513582e-05,0.10767532917621735,False,False,False,False
DV2_Export_Recovery,HTI,2018,0.13983580297909243,9.881183512214914e-05,0.10722721140922464,False,False,False,False
DV2_Export_Recovery,HTI,2019,0.10073435344462363,5.1280320495170154e-05,0.11183275363537498,False,False,False,False
DV2_Export_Recovery,HTI,2020,0.1355542067977532,9.28545440482441e-05,0.11224608741910502,False,False,False,False
DV2_Export_Recovery,HTI,2021,0.03130574772812781,4.952954985716183e-06,0.11375830372081414,False,False,False,False
DV2_Export_Recovery,HUN,2012,0.06232358742469909,1.9629736634903284e-05,0.11128189771747327,False,False,False,False
DV2_Export_Recovery,HUN,2013,0.06465362601949026,2.1124898352385682e-05,0.11065448484494705,False,False,False,False
DV2_Export_Recovery,HUN,2014,0.027298254297633263,3.7660524867214002e-06,0.10689132559625464,False,False,False,False
DV2_Export_Recovery,HUN,2015,0.05187270196972354,1.3598464464554332e-05,0.10876732839073697,False,False,False,False
DV2_Export_Recovery,HUN,2016,0.10475543977934369,5.54555957720193e-05,0.10627250014792292,False,False,False,False
DV2_Export_Recovery,HUN,2017,0.015213779677230324,1.1697474140288098e-06,0.10916807587002353,False,False,False,False
DV2_Export_Recovery,HUN,2018,0.007104485103625853,2.550841538850001e-07,0.10681936748216378,False,False,False,False
DV2_Export_Recovery,HUN,2019,0.057853979480703276,1.691519516865284e-05,0.10795134590524126,False,False,False,False
DV2_Export_Recovery,HUN,2020,0.03785730806661819,7.242935050600188e-06,0.11112357672459997,False,False,False,False
DV2_Export_Recovery,HUN,2021,0.2254429331469595,0.00025678826399401576,0.11014075343504834,False,False,False,False
DV2_Export_Recovery,IDN,2012,0.21087574422894137,0.00022468276927578544,0.1101691512340493,False,False,False,False
DV2_Export_Recovery,IDN,2013,0.09276918429782424,4.349163900142801e-05,0.10836905749458171,False,False,False,False
DV2_Export_Recovery,IDN,2014,0.021890976361095858,2.4218515005074374e-06,0.10669480239946068,False,False,False,False
DV2_Export_Recovery,IDN,2015,0.022151921282156303,2.47993354581399e-06,0.10882043904338232,False,False,False,False
DV2_Export_Recovery,IDN,2016,0.021424078561265488,2.3196453487589737e-06,0.10599178664923589,False,False,False,False
DV2_Export_Recovery,IDN,2017,0.009990240174219346,5.04394116054092e-07,0.10919403842696636,False,False,False,False
DV2_Export_Recovery,IDN,2018,0.05736657765564918,1.6631385385378365e-05,0.10639442331630299,False,False,False,False
DV2_Export_Recovery,IDN,2019,0.1045828649552937,5.527304857833801e-05,0.10647844272695159,False,False,False,False
DV2_Export_Recovery,IDN,2020,0.13047871143153916,8.603179842099833e-05,0.11093775964549485,False,False,False,False
DV2_Export_Recovery,IDN,2021,0.06518821089820867,2.1475664569596135e-05,0.10858229193541181,False,False,False,False
DV2_Export_Recovery,IND,2012,0.19470646728170707,0.0001915551186619476,0.11185839056282045,False,False,False,False
DV2_Export_Recovery,IND,2013,0.24673510433438658,0.0003075671732575018,0.10958866932717705,False,False,False,False
DV2_Export_Recovery,IND,2014,0.10616528615633619,5.695828535227924e-05,0.10748903035794606,False,False,False,False
DV2_Export_Recovery,IND,2015,0.04501592336783988,1.0241085434848258e-05,0.10854782923209705,False,False,False,False
DV2_Export_Recovery,IND,2016,0.001992378014906376,2.0061428602288347e-08,0.10618910356949507,False,False,False,False
DV2_Export_Recovery,IND,2017,0.08068412068484906,3.289876346419001e-05,0.1099390925413354,False,False,False,False
DV2_Export_Recovery,IND,2018,0.10120276613795637,5.175817809812329e-05,0.10730303312613994,False,False,False,False
DV2_Export_Recovery,IND,2019,0.09795298665818014,4.848764581857681e-05,0.10726881226660273,False,False,False,False
DV2_Export_Recovery,IND,2020,0.14781320589750763,0.00011040658508190561,0.11051530916934818,False,False,False,False
DV2_Export_Recovery,IND,2021,0.1640574060993641,0.0001360028002120459,0.10929626940610868,False,False,False,False
DV2_Export_Recovery,IRL,2012,0.2655658952103142,0.00035630152568683223,0.12100170484083334,False,False,False,False
DV2_Export_Recovery,IRL,2013,0.21992692815774642,0.00024438324463346223,0.11676216188511843,False,False,False,False
DV2_Export_Recovery,IRL,2014,0.1314954590504432,8.737772722076116e-05,0.11132841732654752,False,False,False,False
DV2_Export_Recovery,IRL,2015,0.014516741175720242,1.0650160345333547e-06,0.10578433403750896,False,False,False,False
DV2_Export_Recovery,IRL,2016,0.12447573495228381,7.829809096360892e-05,0.10718402967907889,False,False,False,False
DV2_Export_Recovery,IRL,2017,0.027934232576272762,3.9435741642473375e-06,0.10629883549506043,False,False,False,False
DV2_Export_Recovery,IRL,2018,0.025913227855883656,3.393593436018912e-06,0.10633582054704496,False,False,False,False
DV2_Export_Recovery,IRL,2019,0.03577865426114796,6.469392567584465e-06,0.11189809939056573,False,False,False,False
DV2_Export_Recovery,IRL,2020,0.18278679095021175,0.00016882528713739863,0.11848892422348256,False,False,False,False
DV2_Export_Recovery,IRL,2021,0.452721581342776,0.001034749501853648,0.11537399327564024,False,False,False,False
DV2_Export_Recovery,IRN,2012,0.11898005490779986,7.153786447295755e-05,0.11552700329575948,False,False,False,False
DV2_Export_Recovery,IRN,2013,0.07851296496624259,3.1152036018465624e-05,0.10627471020971273,False,False,False,False
DV2_Export_Recovery,IRN,2014,0.10025443254359594,5.0792716341505554e-05,0.10574066788696425,False,False,False,False
DV2_Export_Recovery,IRN,2015,0.2016256121862108,0.00020540773525620304,0.11032137035497919,False,False,False,False
DV2_Export_Recovery,IRN,2016,0.32913811403256943,0.0005471847064152968,0.11315201991294871,False,False,False,False
DV2_Export_Recovery,IRN,2017,0.3978140946495354,0.0007991266991009245,0.10999724015149862,False,False,False,False
DV2_Export_Recovery,IRN,2018,0.17969872061829814,0.00016316877651458635,0.11384149642649857,False,False,False,False
DV2_Export_Recovery,IRN,2019,0.18911971396241323,0.00018072160421374588,0.11019636248021153,False,False,False,False
DV2_Export_Recovery,IRN,2020,0.4758531254128791,0.0011429923797661409,0.10971542434265727,False,False,False,False
DV2_Export_Recovery,IRN,2021,0.737335912901878,0.0027397997551839117,0.11124551609708881,True,True,False,True
DV2_Export_Recovery,IRQ,2012,0.06140258037090368,1.90538596747556e-05,0.109851111265152,False,False,False,False
DV2_Export_Recovery,IRQ,2013,0.08519628168132634,3.6681120499867385e-05,0.10762168536921352,False,False,False,False
DV2_Export_Recovery,IRQ,2014,0.14368743335217213,0.00010433034576390365,0.11445191846065689,False,False,False,False
DV2_Export_Recovery,IRQ,2015,0.2145717383964877,0.0002326257322125247,0.10998739511848107,False,False,False,False
DV2_Export_Recovery,IRQ,2016,0.3491652220673912,0.0006157696076814175,0.11653846148818277,False,False,False,False
DV2_Export_Recovery,IRQ,2017,0.0823765630475702,3.429332309490404e-05,0.10649891766332985,False,False,False,False
DV2_Export_Recovery,IRQ,2018,0.1993893834113445,0.00020087687628918057,0.10866106743356099,False,False,False,False
DV2_Export_Recovery,IRQ,2019,0.18104422920002203,0.0001656188968811774,0.10665774622223517,False,False,False,False
DV2_Export_Recovery,IRQ,2020,0.41152041062314776,0.0008552281294944632,0.13078036805686885,False,False,False,False
DV2_Export_Recovery,IRQ,2021,0.18141350693245872,0.00016629947065714636,0.12268359268060483,False,False,False,False
DV2_Export_Recovery,ISL,2012,0.03885958490225817,7.631521374398665e-06,0.10703314980924036,False,False,False,False
DV2_Export_Recovery,ISL,2013,0.08067746179580298,3.2893286124112025e-05,0.10598468159069244,False,False,False,False
DV2_Export_Recovery,ISL,2014,0.09673391056061025,4.728828302875088e-05,0.10624648721308304,False,False,False,False
DV2_Export_Recovery,ISL,2015,0.05716361270464834,1.6513909808073896e-05,0.10606543922218245,False,False,False,False
DV2_Export_Recovery,ISL,2016,0.09229300900675437,4.304627609955779e-05,0.10586101294705848,False,False,False,False
DV2_Export_Recovery,ISL,2017,0.041215819286023865,8.58503728214172e-06,0.10579035118857857,False,False,False,False
DV2_Export_Recovery,ISL,2018,0.06741051830663088,2.296480640205512e-05,0.10550592866764,False,False,False,False
DV2_Export_Recovery,ISL,2019,0.009432707450772184,4.4966688226420217e-07,0.10650690580830852,False,False,False,False
DV2_Export_Recovery,ISL,2020,0.13414649073044382,9.093576317749182e-05,0.10767724059619867,False,False,False,False
DV2_Export_Recovery,ISL,2021,0.08481180839546136,3.635082493390414e-05,0.10852715227061532,False,False,False,False
DV2_Export_Recovery,ISR,2012,0.03873697008599434,7.583440783919895e-06,0.11182159619154826,False,False,False,False
DV2_Export_Recovery,ISR,2013,0.04938076740704984,1.2323342195254744e-05,0.11089349924498393,False,False,False,False
DV2_Export_Recovery,ISR,2014,0.03927047400852908,7.793760850389028e-06,0.10846679239572136,False,False,False,False
DV2_Export_Recovery,ISR,2015,0.1431314051117528,0.00010352403471141021,0.10990150462669027,False,False,False,False
DV2_Export_Recovery,ISR,2016,0.10846080067396228,5.94479317449605e-05,0.10910613546309307,False,False,False,False
DV2_Export_Recovery,ISR,2017,0.011876613018954419,7.128584045158688e-07,0.11056871825943004,False,False,False,False
DV2_Export_Recovery,ISR,2018,0.025412384425276015,3.2636809885444425e-06,0.10783031080355748,False,False,False,False
DV2_Export_Recovery,ISR,2019,0.026523908529977186,3.555428422805151e-06,0.11829207948440192,False,False,False,False
DV2_Export_Recovery,ISR,2020,0.10125569968058387,5.181267395008809e-05,0.119955743090167,False,False,False,False
DV2_Export_Recovery,ISR,2021,0.2323230686180911,0.00027270319770042,0.11947452422401032,False,False,False,False
DV2_Export_Recovery,ITA,2012,0.13998296194221507,9.90200264287597e-05,0.1084280216394153,False,False,False,False
DV2_Export_Recovery,ITA,2013,0.07517375128467083,2.855863841231249e-05,0.1073317545552573,False,False,False,False
DV2_Export_Recovery,ITA,2014,0.04057119434821471,8.318596538294316e-06,0.10670427063269781,False,False,False,False
DV2_Export_Recovery,ITA,2015,0.009764281136289523,4.818354096469161e-07,0.10853676233047371,False,False,False,False
DV2_Export_Recovery,ITA,2016,0.05246861484570985,1.3912686589472906e-05,0.10608007995060263,False,False,False,False
DV2_Export_Recovery,ITA,2017,0.003074753658464668,4.77792156801397e-08,0.10922022150314557,False,False,False,False
DV2_Export_Recovery,ITA,2018,0.06258722120329915,1.979613248458027e-05,0.10599092562196691,False,False,False,False
DV2_Export_Recovery,ITA,2019,0.057792206596816297,1.6879086978520136e-05,0.10604341820092895,False,False,False,False
DV2_Export_Recovery,ITA,2020,0.1230624686552438,7.653061884611453e-05,0.11100035487254514,False,False,False,False
DV2_Export_Recovery,ITA,2021,0.033363420323920305,5.625445746455229e-06,0.10913243822123793,False,False,False,False
DV2_Export_Recovery,JOR,2012,0.45587351191706876,0.0010491557651607628,0.11200485455804396,False,False,False,False
DV2_Export_Recovery,JOR,2013,0.3612779192632658,0.0006591755959888386,0.1097906779849922,False,False,False,False
DV2_Export_Recovery,JOR,2014,0.14603467150852442,0.00010776563585155578,0.10784001504614218,False,False,False,False
DV2_Export_Recovery,JOR,2015,0.09532761603058394,4.5923407512453063e-05,0.10598586115322538,False,False,False,False
DV2_Export_Recovery,JOR,2016,0.14728746255464173,0.00010962208068183143,0.10598821012377631,False,False,False,False
DV2_Export_Recovery,JOR,2017,0.0901897973151633,4.110681221263854e-05,0.1062585902494588,False,False,False,False
DV2_Export_Recovery,JOR,2018,0.09846597592768336,4.8996790729555865e-05,0.10627242493478513,False,False,False,False
DV2_Export_Recovery,JOR,2019,0.21520769248014043,0.00023400474996479806,0.10729632049875447,False,False,False,False
DV2_Export_Recovery,JOR,2020,0.16760602360967997,0.00014194912406721645,0.10933061429409412,False,False,False,False
DV2_Export_Recovery,JOR,2021,0.1311594991462395,8.693163668079933e-05,0.10866150462471794,False,False,False,False
DV2_Export_Recovery,JPN,2012,0.037349539753671494,7.0499468014507315e-06,0.11472424541532573,False,False,False,False
DV2_Export_Recovery,JPN,2013,0.11716454435472227,6.937137149852473e-05,0.11315127092675573,False,False,False,False
DV2_Export_Recovery,JPN,2014,0.14037263916622472,9.957222646816463e-05,0.11027199057071657,False,False,False,False
DV2_Export_Recovery,JPN,2015,0.07704730423158629,2.9999907909969873e-05,0.111941668543131,False,False,False,False
DV2_Export_Recovery,JPN,2016,0.05171092195182597,1.3513779846408989e-05,0.11049108351631086,False,False,False,False
DV2_Export_Recovery,JPN,2017,0.008445546481956194,3.604738268710079e-07,0.11213106077281085,False,False,False,False
DV2_Export_Recovery,JPN,2018,0.01649278767666104,1.3746935552195935e-06,0.11008355899168511,False,False,False,False
DV2_Export_Recovery,JPN,2019,0.17854794158842427,0.00016109004558563354,0.13216585244045045,False,False,False,False
DV2_Export_Recovery,JPN,2020,0.10590535598644749,5.6680450957855726e-05,0.13191624540811575,False,False,False,False
DV2_Export_Recovery,JPN,2021,0.01990184154224619,2.0017238800735877e-06,0.1314684897878158,False,False,False,False
DV2_Export_Recovery,KAZ,2012,0.455581158604699,0.0010477955899839777,0.11057376126381632,False,False,False,False
DV2_Export_Recovery,KAZ,2013,0.3097056625362553,0.00048450472284331577,0.11063808203938941,False,False,False,False
DV2_Export_Recovery,KAZ,2014,0.17054781803049643,0.00014697414915666306,0.1057522430819403,False,False,False,False
DV2_Export_Recovery,KAZ,2015,0.048644892312305815,1.1958793628930263e-05,0.10867186151086183,False,False,False,False
DV2_Export_Recovery,KAZ,2016,0.15687655276230977,0.00012435869999317026,0.10695606072754678,False,False,False,False
DV2_Export_Recovery,KAZ,2017,0.07939313566326706,3.185438544137142e-05,0.10610392481977823,False,False,False,False
DV2_Export_Recovery,KAZ,2018,0.06974445297175993,2.458250825902084e-05,0.10683834447761326,False,False,False,False
DV2_Export_Recovery,KAZ,2019,0.04639796286828871,1.087955485668463e-05,0.1072344067836148,False,False,False,False
DV2_Export_Recovery,KAZ,2020,0.16703392795920002,0.00014098146619547676,0.10743202975776327,False,False,False,False
DV2_Export_Recovery,KAZ,2021,0.36521311934965806,0.0006736173555439419,0.11267527391510813,False,False,False,False
DV2_Export_Recovery,KEN,2012,0.12471974190287112,7.860539113476269e-05,0.10795731888469753,False,False,False,False
DV2_Export_Recovery,KEN,2013,0.003420721397493309,5.913624780742162e-08,0.10668917684894448,False,False,False,False
DV2_Export_Recovery,KEN,2014,0.021368984261801005,2.3077303123851444e-06,0.10637725160250955,False,False,False,False
DV2_Export_Recovery,KEN,2015,0.19630428660202026,0.000194709037861768,0.10635461552011073,False,False,False,False
DV2_Export_Recovery,KEN,2016,0.1762617448754732,0.0001569857922607669,0.10620067431900727,False,False,False,False
DV2_Export_Recovery,KEN,2017,0.1094332684266458,6.051855801312852e-05,0.10631954591271225,False,False,False,False
DV2_Export_Recovery,KEN,2018,0.08532403796082036,3.679118436818814e-05,0.10600500446865857,False,False,False,False
DV2_Export_Recovery,KEN,2019,0.05860969106529709,1.7359980274647924e-05,0.10831914874592768,False,False,False,False
DV2_Export_Recovery,KEN,2020,0.11477893567478374,6.657516536566732e-05,0.10909544938060711,False,False,False,False
DV2_Export_Recovery,KEN,2021,0.2597436253895349,0.0003408414427649413,0.10939105750785903,False,False,False,False
DV2_Export_Recovery,KGZ,2012,0.014417954274914067,1.0505705279494294e-06,0.11387500406452385,False,False,False,False
DV2_Export_Recovery,KGZ,2013,0.08532451700442065,3.6791647130871324e-05,0.1092934944726233,False,False,False,False
DV2_Export_Recovery,KGZ,2014,0.006715685524531304,2.279286832232735e-07,0.10836214718721299,False,False,False,False
DV2_Export_Recovery,KGZ,2015,0.08629776479636528,3.7635682524666804e-05,0.10672056747133189,False,False,False,False
DV2_Export_Recovery,KGZ,2016,0.3348779121825594,0.0005663999549443826,0.10601129948194601,False,False,False,False
DV2_Export_Recovery,KGZ,2017,0.06821895723895374,2.3518933763807294e-05,0.10795118829094351,False,False,False,False
DV2_Export_Recovery,KGZ,2018,0.07617668290832269,2.9325734551804973e-05,0.10796493676514465,False,False,False,False
DV2_Export_Recovery,KGZ,2019,0.10120970561714597,5.176536792299611e-05,0.11044628282278805,False,False,False,False
DV2_Export_Recovery,KGZ,2020,0.10419032891497369,5.48591259811859e-05,0.1123929927598728,False,False,False,False
DV2_Export_Recovery,KGZ,2021,0.3253828736509718,0.0005347673818746578,0.1100285380530174,False,False,False,False
DV2_Export_Recovery,KHM,2012,0.2686878928368676,0.0003647210515636908,0.11752299128005061,False,False,False,False
DV2_Export_Recovery,KHM,2013,0.2562363660225448,0.0003317021367237668,0.1093647857345779,False,False,False,False
DV2_Export_Recovery,KHM,2014,0.22266571857133205,0.0002505014388065656,0.10906202595154219,False,False,False,False
DV2_Export_Recovery,KHM,2015,0.029875219085025315,4.5106429037698496e-06,0.10599318430367032,False,False,False,False
DV2_Export_Recovery,KHM,2016,0.13344293624606782,8.998437653831626e-05,0.10633187568247635,False,False,False,False
DV2_Export_Recovery,KHM,2017,0.049654624126850705,1.2460400671371804e-05,0.1080375441773663,False,False,False,False
DV2_Export_Recovery,KHM,2018,0.00755993067285729,2.888376982425458e-07,0.10743592303484852,False,False,False,False
DV2_Export_Recovery,KHM,2019,0.19262807944423668,0.000187487032630745,0.10865477480888762,False,False,False,False
DV2_Export_Recovery,KHM,2020,0.20281758516507709,0.00020784237506662486,0.10886760451393734,False,False,False,False
DV2_Export_Recovery,KHM,2021,0.11761515115743412,6.990594207544997e-05,0.11289390210699876,False,False,False,False
DV2_Export_Recovery,KIR,2012,0.13180379523268204,8.778774944969056e-05,0.10895236012457532,False,False,False,False
DV2_Export_Recovery,KIR,2013,0.08923346906603238,4.023972552653399e-05,0.1066049487142663,False,False,False,False
DV2_Export_Recovery,KIR,2014,0.04233670099077195,9.058338757267033e-06,0.11657479585473096,False,False,False,False
DV2_Export_Recovery,KIR,2015,0.24181176021942383,0.00029541705310022297,0.10751952285524671,False,False,False,False
DV2_Export_Recovery,KIR,2016,0.26680448940883605,0.00035961747534560485,0.10969179406249698,False,False,False,False
DV2_Export_Recovery,KIR,2017,0.20169814047814427,0.00020555828074041502,0.11686825526223991,False,False,False,False
DV2_Export_Recovery,KIR,2018,0.05825882226330881,1.7152753840125835e-05,0.10825383471618215,False,False,False,False
DV2_Export_Recovery,KIR,2019,0.009199861603412322,4.277408926035919e-07,0.10657137937155094,False,False,False,False
DV2_Export_Recovery,KIR,2020,0.12376157109508201,7.740250418506248e-05,0.11042571349327125,False,False,False,False
DV2_Export_Recovery,KIR,2021,0.3468091516183894,0.0006074967341957333,0.11776022298595304,False,False,False,False
DV2_Export_Recovery,KOR,2012,0.02123574418780907,2.279042231501902e-06,0.11529852744380423,False,False,False,False
DV2_Export_Recovery,KOR,2013,0.0006316126194229819,2.016136724209628e-09,0.11296158689126722,False,False,False,False
DV2_Export_Recovery,KOR,2014,0.0058004112155450455,1.7003404026932134e-07,0.11011827869728963,False,False,False,False
DV2_Export_Recovery,KOR,2015,0.028441456017595682,4.088087866996918e-06,0.11229130046858976,False,False,False,False
DV2_Export_Recovery,KOR,2016,0.0301858444452148,4.6049294712889005e-06,0.11144767211428996,False,False,False,False
DV2_Export_Recovery,KOR,2017,0.007193936955443143,2.6154807207607616e-07,0.11208698842894775,False,False,False,False
DV2_Export_Recovery,KOR,2018,0.01992800789271276,2.0069901533746954e-06,0.10955240955049036,False,False,False,False
DV2_Export_Recovery,KOR,2019,0.031752287763583756,5.095261630184429e-06,0.1285353625669649,False,False,False,False
DV2_Export_Recovery,KOR,2020,0.0432582071345096,9.456966768756337e-06,0.12997786943061632,False,False,False,False
DV2_Export_Recovery,KOR,2021,0.11207760669252241,6.347931656855795e-05,0.1300328274569688,False,False,False,False
DV2_Export_Recovery,KWT,2012,0.027985505588659587,3.958067861538398e-06,0.1318350211573404,False,False,False,False
DV2_Export_Recovery,KWT,2013,0.010078462058079213,5.13341905179319e-07,0.1278157106428346,False,False,False,False
DV2_Export_Recovery,KWT,2014,0.012800306301805136,8.280542271363858e-07,0.12344655088529358,False,False,False,False
DV2_Export_Recovery,KWT,2015,0.1834411986653748,0.00017003622774602948,0.11897307836520404,False,False,False,False
DV2_Export_Recovery,KWT,2016,0.200385232635795,0.0002028938155356273,0.12327431092129201,False,False,False,False
DV2_Export_Recovery,KWT,2017,0.03660467698317389,6.771560493534643e-06,0.1203020640458661,False,False,False,False
DV2_Export_Recovery,KWT,2018,0.09388658557268915,4.454581227664746e-05,0.11854437976900853,False,False,False,False
DV2_Export_Recovery,KWT,2019,0.20191424849341302,0.00020600081037725393,0.12178449392287388,False,False,False,False
DV2_Export_Recovery,KWT,2020,0.028060692201982786,3.979363737279504e-06,0.12913289442435955,False,False,False,False
DV2_Export_Recovery,LAO,2012,0.3249223639469544,0.0005334137707328287,0.20894125058675822,False,False,False,False
DV2_Export_Recovery,LAO,2013,0.2481201977936557,0.0003110823550243414,0.20615135050662278,False,False,False,False
DV2_Export_Recovery,LAO,2014,0.08367460650202818,3.5383278248590946e-05,0.2055949806710975,False,False,False,False
DV2_Export_Recovery,LAO,2015,0.20658568053454296,0.00021566121149080064,0.20559889510916848,False,False,False,False
DV2_Export_Recovery,LAO,2016,0.2801297048202496,0.00039650771815640526,0.20738985007603045,False,False,False,False
DV2_Export_Recovery,LBN,2012,0.24546957363577035,0.0003044237593498852,0.1122365396423723,False,False,False,False
DV2_Export_Recovery,LBN,2013,0.17131619637596995,0.00014830206430939516,0.10902031836771221,False,False,False,False
DV2_Export_Recovery,LBN,2014,0.14209205754187346,0.00010202573284143752,0.10606588309185565,False,False,False,False
DV2_Export_Recovery,LBN,2015,0.027757423736854574,3.893810850878998e-06,0.10597245729269117,False,False,False,False
DV2_Export_Recovery,LBN,2016,0.12882265180068952,8.386157789243637e-05,0.1057071445505793,False,False,False,False
DV2_Export_Recovery,LBN,2017,0.1928244613744908,0.00018786843859143294,0.10614141960427156,False,False,False,False
DV2_Export_Recovery,LBN,2018,0.1955952981314379,0.0001933051277169823,0.10567782812581096,False,False,False,False
DV2_Export_Recovery,LBN,2019,0.23720135655790034,0.0002842627242437581,0.10726925044198081,False,False,False,False
DV2_Export_Recovery,LBN,2020,0.4514178351140208,0.0010287799718150471,0.11304362095855768,False,False,False,False
DV2_Export_Recovery,LBN,2021,0.45453357167691943,0.0010430724201905982,0.1184728149124416,False,False,False,False
DV2_Export_Recovery,LBY,2012,0.4140156965803821,0.0008657881462790381,0.16821568581552726,False,False,False,False
DV2_Export_Recovery,LBY,2013,0.037752154257600125,7.202762498170035e-06,0.12746744548091554,False,False,False,False
DV2_Export_Recovery,LBY,2014,0.26060931723369113,0.0003431133517651878,0.10706930295837576,False,False,False,False
DV2_Export_Recovery,LBY,2015,0.2265977995527562,0.0002594330565702766,0.12237083011562203,False,False,False,False
DV2_Export_Recovery,LBY,2016,0.1631094574072427,0.00013444035900805082,0.13833204177968417,False,False,False,False
DV2_Export_Recovery,LBY,2017,0.15023304676551108,0.00011405178246401247,0.11930880364703764,False,False,False,False
DV2_Export_Recovery,LBY,2018,0.1546898878362851,0.00012091699373448681,0.11004309211350839,False,False,False,False
DV2_Export_Recovery,LBY,2019,0.3693517593021737,0.0006889363436461027,0.10796002760778303,False,False,False,False
DV2_Export_Recovery,LBY,2020,0.010097253164732143,5.152579435481152e-07,0.13904574257521116,False,False,False,False
DV2_Export_Recovery,LBY,2021,0.5862125397699596,0.0017350577204075165,0.19026421973536034,False,False,False,False
DV2_Export_Recovery,LKA,2015,0.06230234727637445,1.9616471822448715e-05,0.1486896492598347,False,False,False,False
DV2_Export_Recovery,LKA,2016,0.11334023198914885,6.491807807913637e-05,0.14831426271118517,False,False,False,False
DV2_Export_Recovery,LKA,2017,0.06896455306688956,2.4036017163382635e-05,0.1485815969612877,False,False,False,False
DV2_Export_Recovery,LKA,2018,0.1655843252628538,0.00013855178252024605,0.14816754703810162,False,False,False,False
DV2_Export_Recovery,LKA,2019,0.05566074989506764,1.5657104240449927e-05,0.14829057691905695,False,False,False,False
DV2_Export_Recovery,LKA,2020,0.05029624248067871,1.2784547566371253e-05,0.1488537741569784,False,False,False,False
DV2_Export_Recovery,LKA,2021,0.08490303712424255,3.6429503951191995e-05,0.15009402466750255,False,False,False,False
DV2_Export_Recovery,LSO,2012,0.2564547359874868,0.0003322671643191847,0.10904514101497956,False,False,False,False
DV2_Export_Recovery,LSO,2013,0.28420980470756485,0.0004080483234758448,0.11023867412325403,False,False,False,False
DV2_Export_Recovery,LSO,2014,0.09281526552209207,4.3534838397573656e-05,0.1075824883573058,False,False,False,False
DV2_Export_Recovery,LSO,2015,0.07719028871517249,3.0111306191434712e-05,0.10690393685988543,False,False,False,False
DV2_Export_Recovery,LSO,2016,0.08316905301056263,3.495630471291751e-05,0.10696792671902307,False,False,False,False
DV2_Export_Recovery,LSO,2017,0.08240147223077812,3.431406677767127e-05,0.10664499439296442,False,False,False,False
DV2_Export_Recovery,LSO,2018,0.26860758747274077,0.00036448715270301325,0.10592786179408475,False,False,False,False
DV2_Export_Recovery,LSO,2019,0.23321237761494473,0.00027478508156635463,0.10723333293039364,False,False,False,False
DV2_Export_Recovery,LSO,2020,0.15788185228867474,0.00012595774514309003,0.10877015423721756,False,False,False,False
DV2_Export_Recovery,LSO,2021,0.0440312407565085,9.797962540828043e-06,0.10984238700786421,False,False,False,False
DV2_Export_Recovery,LTU,2012,0.1671898431743175,0.0001412451013647565,0.10906048623546996,False,False,False,False
DV2_Export_Recovery,LTU,2013,0.11195219025221807,6.333649054373984e-05,0.10729927972115032,False,False,False,False
DV2_Export_Recovery,LTU,2014,0.13213466172887028,8.822877004147509e-05,0.10621621453899818,False,False,False,False
DV2_Export_Recovery,LTU,2015,0.01621929392216495,1.329479498240571e-06,0.10621564128982455,False,False,False,False
DV2_Export_Recovery,LTU,2016,0.0018617662358720805,1.7517360827918202e-08,0.10595636510575346,False,False,False,False
DV2_Export_Recovery,LTU,2017,0.016998848299739633,1.4603491020585605e-06,0.10580025648499805,False,False,False,False
DV2_Export_Recovery,LTU,2018,0.01659732814044417,1.3921758262756645e-06,0.10634170921261243,False,False,False,False
DV2_Export_Recovery,LTU,2019,0.06083648286499495,1.8704140719827686e-05,0.10637435120796446,False,False,False,False
DV2_Export_Recovery,LTU,2020,0.15610392619908364,0.00012313724337489413,0.1088141026794122,False,False,False,False
DV2_Export_Recovery,LTU,2021,0.17841159273440402,0.00016083919391290987,0.11055524938728269,False,False,False,False
DV2_Export_Recovery,LUX,2012,0.07353365451612189,2.7326209192643384e-05,0.11954905084649091,False,False,False,False
DV2_Export_Recovery,LUX,2013,0.05783749715670432,1.69055767718952e-05,0.11400670439635778,False,False,False,False
DV2_Export_Recovery,LUX,2014,0.06236334612049808,1.965477911666592e-05,0.10881332146996424,False,False,False,False
DV2_Export_Recovery,LUX,2015,0.12022279607861357,7.303942604323243e-05,0.10571719177959849,False,False,False,False
DV2_Export_Recovery,LUX,2016,0.10126036555466131,5.18170577589314e-05,0.10566882316848901,False,False,False,False
DV2_Export_Recovery,LUX,2017,0.052338208056228804,1.3843615230785934e-05,0.10586488771797666,False,False,False,False
DV2_Export_Recovery,LUX,2018,0.06626915671219134,2.219375367943127e-05,0.10595967220142966,False,False,False,False
DV2_Export_Recovery,LUX,2019,0.0019624694615681835,1.9463645690228872e-08,0.111275196442261,False,False,False,False
DV2_Export_Recovery,LUX,2020,0.08606976550796702,3.743715410376562e-05,0.11119474700090465,False,False,False,False
DV2_Export_Recovery,LUX,2021,0.2099574337075213,0.0002227342606861617,0.11754047204509456,False,False,False,False
DV2_Export_Recovery,LVA,2012,0.02486298098109002,3.1240884833143082e-06,0.10762262094425007,False,False,False,False
DV2_Export_Recovery,LVA,2013,0.0024720699445977823,3.0884450502101006e-08,0.10631924200465498,False,False,False,False
DV2_Export_Recovery,LVA,2014,0.08411515626433307,3.5756083306687735e-05,0.10583793147936883,False,False,False,False
DV2_Export_Recovery,LVA,2015,0.01590220725634428,1.2780051276772756e-06,0.10571772802498437,False,False,False,False
DV2_Export_Recovery,LVA,2016,0.01841458068721618,1.7137254187499974e-06,0.10566554432041016,False,False,False,False
DV2_Export_Recovery,LVA,2017,0.02616485135113886,3.4598182747961393e-06,0.10590260520608547,False,False,False,False
DV2_Export_Recovery,LVA,2018,0.003243442629186665,5.3165609853754245e-08,0.10577244126474329,False,False,False,False
DV2_Export_Recovery,LVA,2019,0.03014582830919372,4.5927272914638455e-06,0.10624492470718648,False,False,False,False
DV2_Export_Recovery,LVA,2020,0.042020015022251035,8.923323125890588e-06,0.10720108855702729,False,False,False,False
DV2_Export_Recovery,LVA,2021,0.045311101162834225,1.0375830782471993e-05,0.10947793063028877,False,False,False,False
DV2_Export_Recovery,MAC,2012,0.841297958741241,0.003566197666172765,0.13248920272447265,True,True,False,True
DV2_Export_Recovery,MAC,2013,0.6963401460215696,0.0024454596641771387,0.1323548704199021,True,True,False,True
DV2_Export_Recovery,MAC,2014,0.6159559986083304,0.0019138543651996665,0.11733278571161634,False,False,False,False
DV2_Export_Recovery,MAC,2015,0.06092170296881033,1.8756584785592683e-05,0.10806575961306308,False,False,False,False
DV2_Export_Recovery,MAC,2016,0.07112643874892938,2.556635115074939e-05,0.10872689170323689,False,False,False,False
DV2_Export_Recovery,MAC,2017,0.0839039543648879,3.557680097369794e-05,0.10884912416247847,False,False,False,False
DV2_Export_Recovery,MAC,2018,0.16856717549302525,0.00014358131842870023,0.1081456173974863,False,False,False,False
DV2_Export_Recovery,MAC,2019,0.00048780325806918297,1.2025628328623512e-09,0.11389749636314175,False,False,False,False
DV2_Export_Recovery,MAC,2020,1.5912902120182106,0.012692774088374346,0.16729799673517662,True,True,False,True
DV2_Export_Recovery,MAC,2021,1.1357815632739356,0.0064913541480386885,0.163166361175766,True,True,False,True
DV2_Export_Recovery,MAR,2012,0.2598145725857238,0.00034102324373942136,0.10603068870618115,False,False,False,False
DV2_Export_Recovery,MAR,2013,0.24217922030675293,0.00029631350812639646,0.10573603476629724,False,False,False,False
DV2_Export_Recovery,MAR,2014,0.09949710221495173,5.0028266916203633e-05,0.10557298797303079,False,False,False,False
DV2_Export_Recovery,MAR,2015,0.025991905712860135,3.414231883543724e-06,0.10598653585505428,False,False,False,False
DV2_Export_Recovery,MAR,2016,0.07147905276344135,2.5820444200307803e-05,0.10577696631516535,False,False,False,False
DV2_Export_Recovery,MAR,2017,0.0594317273266954,1.785034537660647e-05,0.10581914754322065,False,False,False,False
DV2_Export_Recovery,MAR,2018,0.09280726045676395,4.352728762864298e-05,0.10563694153892667,False,False,False,False
DV2_Export_Recovery,MAR,2019,0.12300142016619171,7.645439999055015e-05,0.10611251339109726,False,False,False,False
DV2_Export_Recovery,MAR,2020,0.14335187270976574,0.00010384276726639205,0.10655854737764908,False,False,False,False
DV2_Export_Recovery,MAR,2021,0.1389331204233825,9.754034256118923e-05,0.10701415219126638,False,False,False,False
DV2_Export_Recovery,MDA,2012,0.13209032488768022,8.816990548161805e-05,0.11004238337775038,False,False,False,False
DV2_Export_Recovery,MDA,2013,0.02994805905907824,4.532665061875797e-06,0.10724868316148015,False,False,False,False
DV2_Export_Recovery,MDA,2014,0.043748866572389515,9.672693100605588e-06,0.1058186874520018,False,False,False,False
DV2_Export_Recovery,MDA,2015,0.055749051272039274,1.5706736935168716e-05,0.10675901678086454,False,False,False,False
DV2_Export_Recovery,MDA,2016,0.013983167216243514,9.881639861836231e-07,0.10662300089702012,False,False,False,False
DV2_Export_Recovery,MDA,2017,0.057815574781417405,1.6892738944684556e-05,0.10585930435727721,False,False,False,False
DV2_Export_Recovery,MDA,2018,0.027755770595269614,3.893347047391256e-06,0.10589266283893778,False,False,False,False
DV2_Export_Recovery,MDA,2019,0.03558672136743476,6.400167397557873e-06,0.10671623034412744,False,False,False,False
DV2_Export_Recovery,MDA,2020,0.07164414250548737,2.593985856588267e-05,0.10694435296716803,False,False,False,False
DV2_Export_Recovery,MDA,2021,0.2567371335305674,0.00033300012304735363,0.109927614034275,False,False,False,False
DV2_Export_Recovery,MDG,2012,0.3948897565096642,0.0007874241101813214,0.10900631417824674,False,False,False,False
DV2_Export_Recovery,MDG,2013,0.27815476468021877,0.0003908497463159249,0.10782687781582508,False,False,False,False
DV2_Export_Recovery,MDG,2014,0.10371787703284698,5.436258553409921e-05,0.10680809217343007,False,False,False,False
DV2_Export_Recovery,MDG,2015,0.022251638139834235,2.502310466209928e-06,0.10722578871578271,False,False,False,False
DV2_Export_Recovery,MDG,2016,0.13454663715421797,9.147902534148169e-05,0.10768300171162505,False,False,False,False
DV2_Export_Recovery,MDG,2017,0.2823819522756777,0.00040281346346642384,0.10723204737993684,False,False,False,False
DV2_Export_Recovery,MDG,2018,0.38032447588813895,0.0007304419138971675,0.10729576852779145,False,False,False,False
DV2_Export_Recovery,MDG,2019,0.08379427541665062,3.548393515765571e-05,0.11513613227697897,False,False,False,False
DV2_Export_Recovery,MDG,2020,0.06714790270533377,2.2786272236395368e-05,0.11332045499064416,False,False,False,False
DV2_Export_Recovery,MDG,2021,0.0640856101690162,2.0755358053591056e-05,0.11237793730676998,False,False,False,False
DV2_Export_Recovery,MDV,2014,0.28530729671912214,0.00041124393530229557,0.1376484917405951,False,False,False,False
DV2_Export_Recovery,MDV,2015,0.028269147641555838,4.03870678917615e-06,0.13220859797691137,False,False,False,False
DV2_Export_Recovery,MDV,2016,0.0327084631383778,5.406754739584368e-06,0.13221719673563756,False,False,False,False
DV2_Export_Recovery,MDV,2017,0.38183225479396155,0.0007363792081993654,0.1362562157216743,False,False,False,False
DV2_Export_Recovery,MDV,2018,0.032205863205688134,5.241871891862308e-06,0.13598942062974648,False,False,False,False
DV2_Export_Recovery,MDV,2019,0.2397088432266074,0.00029032189839353124,0.13250178664798484,False,False,False,False
DV2_Export_Recovery,MDV,2020,0.4068642047105331,0.0008360659986549402,0.1450056463279934,False,False,False,False
DV2_Export_Recovery,MDV,2021,0.2848078199247483,0.00040980708477971725,0.13880198453180892,False,False,False,False
DV2_Export_Recovery,MEX,2012,0.24982726080599468,0.00031532645194046264,0.11395983952140382,False,False,False,False
DV2_Export_Recovery,MEX,2013,0.22074758202556855,0.00024620780102185315,0.11300474220472212,False,False,False,False
DV2_Export_Recovery,MEX,2014,0.186741621110848,0.00017620558489752627,0.10886797707025767,False,False,False,False
DV2_Export_Recovery,MEX,2015,0.007940180533275103,3.1862437206791506e-07,0.10936120534866202,False,False,False,False
DV2_Export_Recovery,MEX,2016,0.05183355243383895,1.3577943497803713e-05,0.107369447076747,False,False,False,False
DV2_Export_Recovery,MEX,2017,0.014775182570109102,1.10327454380461e-06,0.11048278967122863,False,False,False,False
DV2_Export_Recovery,MEX,2018,0.05711285552621249,1.6484603246698986e-05,0.1080965704146812,False,False,False,False
DV2_Export_Recovery,MEX,2019,0.2158745688716729,0.00023546164752093825,0.11555068984191437,False,False,False,False
DV2_Export_Recovery,MEX,2020,0.25433138087455,0.0003267994833737682,0.11815715592012813,False,False,False,False
DV2_Export_Recovery,MEX,2021,0.08290417423558138,3.473413299053405e-05,0.11697640514602281,False,False,False,False
DV2_Export_Recovery,MHL,2012,0.2588788796633552,0.00033858531900886503,0.11696372551169427,False,False,False,False
DV2_Export_Recovery,MHL,2013,0.09359991583502034,4.4274251505362174e-05,0.12088365828474149,False,False,False,False
DV2_Export_Recovery,MHL,2014,0.08244406069367073,3.4349575893345116e-05,0.10904199719684798,False,False,False,False
DV2_Export_Recovery,MHL,2015,0.061420352687609744,1.9064888221353272e-05,0.10916212839254276,False,False,False,False
DV2_Export_Recovery,MHL,2016,0.06461497750311258,2.1099643216551117e-05,0.10913530063104535,False,False,False,False
DV2_Export_Recovery,MHL,2017,0.1588723552373231,0.00012754298002977236,0.1090515946968958,False,False,False,False
DV2_Export_Recovery,MHL,2018,0.1881733688663491,0.00017891665618146533,0.10687358840671697,False,False,False,False
DV2_Export_Recovery,MHL,2019,0.16285466980221125,0.00013401625248914291,0.10923135963572696,False,False,False,False
DV2_Export_Recovery,MHL,2020,0.43715690010503094,0.0009648844959581685,0.11481802926629346,False,False,False,False
DV2_Export_Recovery,MHL,2021,0.5230023476298157,0.001380557694268607,0.11954360622540425,False,False,False,False
DV2_Export_Recovery,MKD,2012,0.25698763886868287,0.00033364768006917183,0.10797456900398889,False,False,False,False
DV2_Export_Recovery,MKD,2013,0.21718104045874864,0.00023831567977110855,0.10879779404024043,False,False,False,False
DV2_Export_Recovery,MKD,2014,0.07371352410806803,2.7459965099918496e-05,0.10783266722737422,False,False,False,False
DV2_Export_Recovery,MKD,2015,0.00345151172145762,6.020562388728404e-08,0.10642815010096264,False,False,False,False
DV2_Export_Recovery,MKD,2016,0.08144057293882905,3.3518472398495565e-05,0.10636123211008632,False,False,False,False
DV2_Export_Recovery,MKD,2017,0.020408920865239374,2.105026029842192e-06,0.10592629316817381,False,False,False,False
DV2_Export_Recovery,MKD,2018,0.12901214417469195,8.41084754637081e-05,0.10602026350602879,False,False,False,False
DV2_Export_Recovery,MKD,2019,0.21955208577520277,0.00024354535020019343,0.10735783968438814,False,False,False,False
DV2_Export_Recovery,MKD,2020,0.14107424289961867,0.00010056965868277355,0.10750797426665665,False,False,False,False
DV2_Export_Recovery,MKD,2021,0.0034957072656474947,6.175732419890176e-08,0.11033740521619406,False,False,False,False
DV2_Export_Recovery,MLI,2012,0.5596252155084103,0.0015800388249732056,0.10643816595618959,False,False,False,False
DV2_Export_Recovery,MLI,2013,0.3470583981749344,0.0006083391700311299,0.1095199740393108,False,False,False,False
DV2_Export_Recovery,MLI,2014,0.2185659332599382,0.00024136331838748603,0.10786926245776843,False,False,False,False
DV2_Export_Recovery,MLI,2015,0.05089053874429674,1.308839294314081e-05,0.10661106477407759,False,False,False,False
DV2_Export_Recovery,MLI,2016,0.21711115284217433,0.0002381609115847981,0.10649918143422041,False,False,False,False
DV2_Export_Recovery,MLI,2017,0.6251298935424825,0.001970731369317809,0.10624848984532635,False,False,False,False
DV2_Export_Recovery,MLI,2018,0.14749349044826154,0.00010992889355043854,0.105652357783669,False,False,False,False
DV2_Export_Recovery,MLI,2019,0.4237508881225985,0.0009066058477194594,0.10785901992806798,False,False,False,False
DV2_Export_Recovery,MLI,2020,0.43556818778178547,0.0009578322729200382,0.10866331813261157,False,False,False,False
DV2_Export_Recovery,MLI,2021,1.2710880572887588,0.00809946688914121,0.11498638041216269,True,True,False,True
DV2_Export_Recovery,MLT,2012,0.45422436489806334,0.0010415786926392756,0.11128178939749686,False,False,False,False
DV2_Export_Recovery,MLT,2013,0.3909494321234056,0.0007718268758205398,0.11315716574464842,False,False,False,False
DV2_Export_Recovery,MLT,2014,0.23991707935034656,0.00029081184066846163,0.11262372591126624,False,False,False,False
DV2_Export_Recovery,MLT,2015,0.16242346133904073,0.0001333069416195379,0.10595353590057216,False,False,False,False
DV2_Export_Recovery,MLT,2016,0.27488152111238695,0.00038170521997438856,0.10566472143942081,False,False,False,False
DV2_Export_Recovery,MLT,2017,0.1667006247293527,0.00014041918748080456,0.10613588578934009,False,False,False,False
DV2_Export_Recovery,MLT,2018,0.21751014968602103,0.00023903728037062905,0.10716263155993445,False,False,False,False
DV2_Export_Recovery,MLT,2019,0.25320703016067,0.00032390894516578817,0.11010845406976494,False,False,False,False
DV2_Export_Recovery,MLT,2020,0.32188696614166906,0.0005233563359984863,0.11430357740543688,False,False,False,False
DV2_Export_Recovery,MLT,2021,0.5646796934762497,0.0016087939124610896,0.11120625527020016,False,False,False,False
DV2_Export_Recovery,MNE,2012,0.23498659799247246,0.00027897991896489946,0.10633041293684695,False,False,False,False
DV2_Export_Recovery,MNE,2013,0.1398749776361402,9.88670620089788e-05,0.10597899498677543,False,False,False,False
DV2_Export_Recovery,MNE,2014,0.07443410704995632,2.7999427985420908e-05,0.10646094020200457,False,False,False,False
DV2_Export_Recovery,MNE,2015,0.09190770163082608,4.268762691784187e-05,0.10611775631253487,False,False,False,False
DV2_Export_Recovery,MNE,2016,0.03017060710226152,4.600280304938037e-06,0.10556026608184971,False,False,False,False
DV2_Export_Recovery,MNE,2017,0.017138780026073986,1.4844907359359332e-06,0.1060943274619955,False,False,False,False
DV2_Export_Recovery,MNE,2018,0.16763430186991068,0.00014199625929036828,0.10594976966466445,False,False,False,False
DV2_Export_Recovery,MNE,2019,0.23343299536955342,0.00027530450866756866,0.10658532113336845,False,False,False,False
DV2_Export_Recovery,MNE,2020,0.002891679478076293,4.225894691849893e-08,0.10740750697085609,False,False,False,False
DV2_Export_Recovery,MNE,2021,0.05397579632124622,1.4723449913829694e-05,0.10671649627596456,False,False,False,False
DV2_Export_Recovery,MNG,2012,0.18241512133097446,0.0001681372100762849,0.11018484231795578,False,False,False,False
DV2_Export_Recovery,MNG,2013,0.2769669092435888,0.0003875213587841696,0.1086351202730451,False,False,False,False
DV2_Export_Recovery,MNG,2014,0.019446896679180675,1.9112527202225023e-06,0.1085038011534314,False,False,False,False
DV2_Export_Recovery,MNG,2015,0.10073055866716084,5.127646396166362e-05,0.11208233160693447,False,False,False,False
DV2_Export_Recovery,MNG,2016,0.20708655915116114,0.00021668223568780418,0.10951883232457321,False,False,False,False
DV2_Export_Recovery,MNG,2017,0.19646596660980334,0.00019503021247649368,0.10723207974316303,False,False,False,False
DV2_Export_Recovery,MNG,2018,0.19213947587009106,0.00018653704175724685,0.10798030241774612,False,False,False,False
DV2_Export_Recovery,MNG,2019,0.08349776693085204,3.523325623349258e-05,0.11430595437297444,False,False,False,False
DV2_Export_Recovery,MNG,2020,0.03704918984116827,6.937017321096156e-06,0.1136481818963576,False,False,False,False
DV2_Export_Recovery,MNG,2021,0.3749326524894019,0.0007099973451481203,0.1294068223235904,False,False,False,False
DV2_Export_Recovery,MOZ,2012,0.10343298119381562,5.4064667762065874e-05,0.11687595899548518,False,False,False,False
DV2_Export_Recovery,MOZ,2013,0.039393522984690774,7.842678869325357e-06,0.10908313454617148,False,False,False,False
DV2_Export_Recovery,MOZ,2014,0.1166517785277953,6.876524147947605e-05,0.10721612891638288,False,False,False,False
DV2_Export_Recovery,MOZ,2015,0.11252983999109673,6.399173908535771e-05,0.10733138180053041,False,False,False,False
DV2_Export_Recovery,MOZ,2016,0.19482740020031716,0.00019179163385153877,0.10813589609075795,False,False,False,False
DV2_Export_Recovery,MOZ,2017,0.034099056741408104,5.8762517682791705e-06,0.10812643261437375,False,False,False,False
DV2_Export_Recovery,MOZ,2018,0.15333045646806723,0.00011880087398541562,0.10708480613151646,False,False,False,False
DV2_Export_Recovery,MOZ,2019,0.12113949775445652,7.415748914288734e-05,0.10654840756202942,False,False,False,False
DV2_Export_Recovery,MOZ,2020,0.09283991530456112,4.35579880640035e-05,0.10871774223314895,False,False,False,False
DV2_Export_Recovery,MOZ,2021,0.11071294116995314,6.194221332677156e-05,0.10893141323299946,False,False,False,False
DV2_Export_Recovery,MRT,2012,0.23078075201450365,0.00026909207598657946,0.11465705943466832,False,False,False,False
DV2_Export_Recovery,MRT,2013,0.1889235623925097,0.00018034967641203622,0.11855541450145751,False,False,False,False
DV2_Export_Recovery,MRT,2014,0.06763144793548283,2.3115639487468477e-05,0.11646960927050344,False,False,False,False
DV2_Export_Recovery,MRT,2015,0.09541910828142683,4.601169488732704e-05,0.11016796495596726,False,False,False,False
DV2_Export_Recovery,MRT,2016,0.008555662319955084,3.699350521967034e-07,0.10819374684983898,False,False,False,False
DV2_Export_Recovery,MRT,2017,0.046413310553497865,1.088675517724295e-05,0.10849353788225607,False,False,False,False
DV2_Export_Recovery,MRT,2018,0.14794959364891871,0.00011061033272853941,0.10999281169264838,False,False,False,False
DV2_Export_Recovery,MRT,2019,0.06590169479607948,2.1948385794387753e-05,0.12080475688784142,False,False,False,False
DV2_Export_Recovery,MRT,2020,0.18289433556257206,0.00016902367679223125,0.1173706258505193,False,False,False,False
DV2_Export_Recovery,MRT,2021,0.10867350517216448,5.968157566592836e-05,0.11630305216959139,False,False,False,False
DV2_Export_Recovery,MUS,2012,0.1184078318504038,7.085108073573234e-05,0.10824699194081552,False,False,False,False
DV2_Export_Recovery,MUS,2013,0.09431015195194078,4.494838515754106e-05,0.1064423467828396,False,False,False,False
DV2_Export_Recovery,MUS,2014,0.16959711950749443,0.00014534046135358038,0.10602097447916198,False,False,False,False
DV2_Export_Recovery,MUS,2015,0.2571803511399306,0.00033414555101874994,0.10596410249756331,False,False,False,False
DV2_Export_Recovery,MUS,2016,0.12139747144355967,7.447361311556916e-05,0.10603949703299478,False,False,False,False
DV2_Export_Recovery,MUS,2017,0.005551107224751586,1.5573188591239534e-07,0.10586920528602979,False,False,False,False
DV2_Export_Recovery,MUS,2018,0.12363914360337035,7.724916602640705e-05,0.10602472424020815,False,False,False,False
DV2_Export_Recovery,MUS,2019,0.19246510598330946,0.00018716943231442395,0.10724006011731983,False,False,False,False
DV2_Export_Recovery,MUS,2020,0.15678927533938034,0.00012422036847388964,0.10686452128700483,False,False,False,False
DV2_Export_Recovery,MUS,2021,0.2977224728395803,0.0004477487316061594,0.10816970382749741,False,False,False,False
DV2_Export_Recovery,MWI,2017,0.01996655670789334,2.0147645475909533e-06,0.2059681719491513,False,False,False,False
DV2_Export_Recovery,MWI,2018,0.10335708170725078,5.398674844149433e-05,0.20585623335201114,False,False,False,False
DV2_Export_Recovery,MWI,2019,0.14920817917892198,0.00011250690600973254,0.20517567375827753,False,False,False,False
DV2_Export_Recovery,MWI,2020,0.16840473807769887,0.000143316491126494,0.20693536524268788,False,False,False,False
DV2_Export_Recovery,MWI,2021,0.10526863260633909,5.6002090770838955e-05,0.20612624567078788,False,False,False,False
DV2_Export_Recovery,MYS,2012,0.009750829038503448,4.805086978854148e-07,0.1114907369896711,False,False,False,False
DV2_Export_Recovery,MYS,2013,0.019445423213499704,1.9109631672650492e-06,0.11006431812037511,False,False,False,False
DV2_Export_Recovery,MYS,2014,0.07536045927426327,2.870067748263486e-05,0.10797455258734687,False,False,False,False
DV2_Export_Recovery,MYS,2015,0.03557948603880907,6.397566575196898e-06,0.10981858900055765,False,False,False,False
DV2_Export_Recovery,MYS,2016,0.003043558595517896,4.6814641016184564e-08,0.10874272929308221,False,False,False,False
DV2_Export_Recovery,MYS,2017,0.07647763875005088,2.9557932994343488e-05,0.1111668110390577,False,False,False,False
DV2_Export_Recovery,MYS,2018,0.04157902634721041,8.737012562959023e-06,0.10789754155442238,False,False,False,False
DV2_Export_Recovery,MYS,2019,0.02324763756616501,2.7313344456145337e-06,0.11716503112036375,False,False,False,False
DV2_Export_Recovery,MYS,2020,0.12615373103004499,8.042388999114128e-05,0.118729208326267,False,False,False,False
DV2_Export_Recovery,MYS,2021,0.12471345544828863,7.859808121623275e-05,0.11772071867688182,False,False,False,False
DV2_Export_Recovery,NAM,2012,0.10522509530486558,5.595404545773417e-05,0.10947501093433265,False,False,False,False
DV2_Export_Recovery,NAM,2013,0.10285904062320056,5.346614702340226e-05,0.10938685352779501,False,False,False,False
DV2_Export_Recovery,NAM,2014,0.08415887059483265,3.57932999350851e-05,0.10888781430543644,False,False,False,False
DV2_Export_Recovery,NAM,2015,0.17745607139404754,0.00015912032707515172,0.10712654847275187,False,False,False,False
DV2_Export_Recovery,NAM,2016,0.18798570794987277,0.0001785598410827212,0.1063138402196302,False,False,False,False
DV2_Export_Recovery,NAM,2017,0.019121258157259225,1.847780769393833e-06,0.10636663995166805,False,False,False,False
DV2_Export_Recovery,NAM,2018,0.3530176032944926,0.0006293828730107457,0.10659452550508768,False,False,False,False
DV2_Export_Recovery,NAM,2019,0.1491218513983339,0.00011236951019460468,0.10731251282388438,False,False,False,False
DV2_Export_Recovery,NAM,2020,0.12769382704838222,8.239875197659028e-05,0.10964845285598103,False,False,False,False
DV2_Export_Recovery,NAM,2021,0.007158935539080085,2.590091897841364e-07,0.11235821858408954,False,False,False,False
DV2_Export_Recovery,NER,2012,0.39221643073039414,0.0007767997118214301,0.1078316581143747,False,False,False,False
DV2_Export_Recovery,NER,2013,0.8292117718536303,0.003462562492283602,0.11148719219925161,True,True,False,True
DV2_Export_Recovery,NER,2014,0.5374814018493894,0.0014576465055516413,0.10566355128377551,False,False,False,False
DV2_Export_Recovery,NER,2015,0.3482157681776452,0.0006123984551121589,0.10896783818405564,False,False,False,False
DV2_Export_Recovery,NER,2016,0.3808875618180014,0.000732606565200473,0.10760487074166507,False,False,False,False
DV2_Export_Recovery,NER,2017,0.3821326731681141,0.0007373978542456298,0.10719605506829048,False,False,False,False
DV2_Export_Recovery,NER,2018,0.5927478843464526,0.001772296136451344,0.1080320765112969,False,False,False,False
DV2_Export_Recovery,NER,2019,0.3188991225967286,0.0005136699932354968,0.10694296841895255,False,False,False,False
DV2_Export_Recovery,NER,2020,0.7079917420120925,0.0025264041632350343,0.1080699004592765,True,True,False,True
DV2_Export_Recovery,NER,2021,1.4514713927969387,0.010527601644195144,0.10804282089118929,True,True,False,True
DV2_Export_Recovery,NIC,2012,0.08797674752855646,3.91143776097765e-05,0.10999477604885549,False,False,False,False
DV2_Export_Recovery,NIC,2013,0.0718100160503542,2.6060136012575854e-05,0.11067562743834687,False,False,False,False
DV2_Export_Recovery,NIC,2014,0.011043631831743197,6.163706350235019e-07,0.10856085689395173,False,False,False,False
DV2_Export_Recovery,NIC,2015,0.06533816875821727,2.157457952394219e-05,0.10839877504663813,False,False,False,False
DV2_Export_Recovery,NIC,2016,0.07693984266281845,2.9916239001825647e-05,0.10724889468363397,False,False,False,False
DV2_Export_Recovery,NIC,2017,0.027418934566726498,3.7994240609340457e-06,0.10775016811859293,False,False,False,False
DV2_Export_Recovery,NIC,2018,0.06682154655861944,2.2565309348137545e-05,0.11105328275280067,False,False,False,False
DV2_Export_Recovery,NIC,2019,0.05787539629183034,1.6927744953137235e-05,0.11611163763323792,False,False,False,False
DV2_Export_Recovery,NIC,2020,0.005595355526097821,1.582244839027906e-07,0.11292759409829037,False,False,False,False
DV2_Export_Recovery,NIC,2021,0.07579217673936942,2.903050919217808e-05,0.115397440085494,False,False,False,False
DV2_Export_Recovery,NLD,2012,0.017670921944197827,1.5781056499232556e-06,0.10864896876966716,False,False,False,False
DV2_Export_Recovery,NLD,2013,0.014391916048269587,1.0467793105847585e-06,0.10745592202967047,False,False,False,False
DV2_Export_Recovery,NLD,2014,0.0027414281815781255,3.7981500009223357e-08,0.10663058401631396,False,False,False,False
DV2_Export_Recovery,NLD,2015,0.05088154158314674,1.3083769306633627e-05,0.10859825920448567,False,False,False,False
DV2_Export_Recovery,NLD,2016,0.0011754124930327993,6.9823077344188725e-09,0.10610780047407796,False,False,False,False
DV2_Export_Recovery,NLD,2017,0.0471631607115257,1.1241364853718994e-05,0.10923572686650358,False,False,False,False
DV2_Export_Recovery,NLD,2018,0.028881400921469482,4.215536980259225e-06,0.10619613102401967,False,False,False,False
DV2_Export_Recovery,NLD,2019,0.03081322816557484,4.798334427872457e-06,0.1060462076795449,False,False,False,False
DV2_Export_Recovery,NLD,2020,0.0594752155712419,1.7876492926098176e-05,0.1100705416227142,False,False,False,False
DV2_Export_Recovery,NLD,2021,0.022421729300052377,2.5407118976932964e-06,0.10839886842881191,False,False,False,False
DV2_Export_Recovery,NOR,2012,0.16718264791914966,0.00014123272027083183,0.10802856749873689,False,False,False,False
DV2_Export_Recovery,NOR,2013,0.10106540761866849,5.161778681933743e-05,0.10744518653246085,False,False,False,False
DV2_Export_Recovery,NOR,2014,0.09988466589081643,5.041877398921139e-05,0.10648919814441005,False,False,False,False
DV2_Export_Recovery,NOR,2015,0.04815216626912306,1.1717761258679874e-05,0.10859461388665924,False,False,False,False
DV2_Export_Recovery,NOR,2016,0.02019670831630679,2.0614774941297468e-06,0.1062544374945556,False,False,False,False
DV2_Export_Recovery,NOR,2017,0.09306106605267155,4.3765753109791345e-05,0.10927302478968166,False,False,False,False
DV2_Export_Recovery,NOR,2018,0.026580163476828126,3.5705242725786822e-06,0.10602036077328966,False,False,False,False
DV2_Export_Recovery,NOR,2019,0.04069300172669606,8.368620718667455e-06,0.10621372455993482,False,False,False,False
DV2_Export_Recovery,NOR,2020,0.1863909493781779,0.00017554493788504477,0.11001749666416157,False,False,False,False
DV2_Export_Recovery,NOR,2021,0.010083963076000053,5.139023945022617e-07,0.10866078072701688,False,False,False,False
DV2_Export_Recovery,NPL,2012,0.1489956741913033,0.0001121799521458335,0.11095925574502803,False,False,False,False
DV2_Export_Recovery,NPL,2013,0.1083475195346528,5.932377031500925e-05,0.10770887333271693,False,False,False,False
DV2_Export_Recovery,NPL,2014,0.14129832034760806,0.00010088918396742185,0.10597874255192487,False,False,False,False
DV2_Export_Recovery,NPL,2015,0.10245885643618213,5.305087334343416e-05,0.10698829705249746,False,False,False,False
DV2_Export_Recovery,NPL,2016,0.03865158895533495,7.550044523187973e-06,0.10594298149703772,False,False,False,False
DV2_Export_Recovery,NPL,2017,0.08200710936416444,3.3986415698171065e-05,0.10636774494923253,False,False,False,False
DV2_Export_Recovery,NPL,2018,0.2633033478187949,0.00035024058941721223,0.10666804758308862,False,False,False,False
DV2_Export_Recovery,NPL,2019,0.03864706264350091,7.548276932765421e-06,0.10685654789298185,False,False,False,False
DV2_Export_Recovery,NPL,2020,0.15680468993005095,0.0001242450428545968,0.10832224838682422,False,False,False,False
DV2_Export_Recovery,NPL,2021,0.5191190078056738,0.0013599816837215899,0.10982175269858276,False,False,False,False
DV2_Export_Recovery,NRU,2013,0.08741545117545901,3.861703868507618e-05,0.12047825592578143,False,False,False,False
DV2_Export_Recovery,NRU,2014,1.1697364037961104,0.006871792929613185,0.1243617810283966,True,True,False,True
DV2_Export_Recovery,NRU,2015,1.0961406150941977,0.006040085272795747,0.12838223639144414,True,True,False,True
DV2_Export_Recovery,NRU,2016,1.3651674389008708,0.009334168643275248,0.1185097638814194,True,True,False,True
DV2_Export_Recovery,NRU,2017,1.0478940555722276,0.005519998739850564,0.11835504485778396,True,True,False,True
DV2_Export_Recovery,NRU,2018,1.320220100431994,0.00873527069913429,0.11930059315693434,True,True,False,True
DV2_Export_Recovery,NRU,2019,0.7158296616091331,0.00258314315336315,0.11759962383294568,True,True,False,True
DV2_Export_Recovery,NRU,2020,2.1937313425000724,0.023775682964293894,0.12048861101769566,True,True,False,True
DV2_Export_Recovery,NRU,2021,5.079626521671528,0.11802693680894952,0.13848677727202127,True,True,False,True
DV2_Export_Recovery,NZL,2012,0.04676977028630825,1.105461653077468e-05,0.10704797320533888,False,False,False,False
DV2_Export_Recovery,NZL,2013,0.013852871751090318,9.698343339465252e-07,0.10652291765096077,False,False,False,False
DV2_Export_Recovery,NZL,2014,0.052189511028680885,1.3765068036553042e-05,0.10656312559768313,False,False,False,False
DV2_Export_Recovery,NZL,2015,0.02128790387018431,2.2902511523850685e-06,0.10682668998004774,False,False,False,False
DV2_Export_Recovery,NZL,2016,0.04751264201526934,1.1408574201026651e-05,0.1064650553601968,False,False,False,False
DV2_Export_Recovery,NZL,2017,0.07058397742507946,2.5177860412396248e-05,0.1068146845103423,False,False,False,False
DV2_Export_Recovery,NZL,2018,0.03555028032364309,6.387066492958939e-06,0.1065507769290907,False,False,False,False
DV2_Export_Recovery,NZL,2019,0.02693479369246763,3.6664354415311975e-06,0.11096529268078752,False,False,False,False
DV2_Export_Recovery,NZL,2020,0.03141736962517459,4.988337151494994e-06,0.11161664181508646,False,False,False,False
DV2_Export_Recovery,NZL,2021,0.1673571419798979,0.0001415284924209291,0.11197377100903284,False,False,False,False
DV2_Export_Recovery,OMN,2012,0.4360356753279822,0.0009599425720827889,0.11443117655957773,False,False,False,False
DV2_Export_Recovery,OMN,2013,0.11919676378665707,7.17985502736812e-05,0.11299076888629193,False,False,False,False
DV2_Export_Recovery,OMN,2014,0.05648386206539165,1.6123514691547074e-05,0.10852390096974243,False,False,False,False
DV2_Export_Recovery,OMN,2015,0.02955149011329654,4.413418550689864e-06,0.10839066810676895,False,False,False,False
DV2_Export_Recovery,OMN,2016,0.025534141002227572,3.295030204353918e-06,0.11049207862740504,False,False,False,False
DV2_Export_Recovery,OMN,2017,0.030204666714223692,4.610673267445987e-06,0.1082012659449374,False,False,False,False
DV2_Export_Recovery,OMN,2018,0.15973665779306614,0.00012893382994068618,0.10655106793024298,False,False,False,False
DV2_Export_Recovery,OMN,2019,0.16095009854577483,0.0001309004983495876,0.10979085567413042,False,False,False,False
DV2_Export_Recovery,OMN,2020,0.08113070491141437,3.326398359032801e-05,0.1132101569830761,False,False,False,False
DV2_Export_Recovery,OMN,2021,0.21908522088317187,0.00024251197705214456,0.10893701109998676,False,False,False,False
DV2_Export_Recovery,PAK,2012,0.13837160974594157,9.675377889788536e-05,0.10891255184952375,False,False,False,False
DV2_Export_Recovery,PAK,2013,0.08448943948820657,3.60750112990508e-05,0.1077573117394788,False,False,False,False
DV2_Export_Recovery,PAK,2014,0.08407300147670867,3.5720264841540744e-05,0.10651367616934916,False,False,False,False
DV2_Export_Recovery,PAK,2015,0.1320596861169671,8.812868900128077e-05,0.10628571272072945,False,False,False,False
DV2_Export_Recovery,PAK,2016,0.05495332141969639,1.5261563988854173e-05,0.10585744158621369,False,False,False,False
DV2_Export_Recovery,PAK,2017,0.01111108108462325,6.239226094162484e-07,0.10627120947959881,False,False,False,False
DV2_Export_Recovery,PAK,2018,0.003840176748073705,7.452822474045013e-08,0.1061784460450373,False,False,False,False
DV2_Export_Recovery,PAK,2019,0.11614435108095954,6.816841662956554e-05,0.10874202209835139,False,False,False,False
DV2_Export_Recovery,PAK,2020,0.20381820436100043,0.0002098985303047011,0.11041691335142126,False,False,False,False
DV2_Export_Recovery,PAK,2021,0.18921522649184938,0.00018090419053939512,0.11028935060525065,False,False,False,False
DV2_Export_Recovery,PAN,2012,0.33562597816838546,0.0005689875116993196,0.1234683167105286,False,False,False,False
DV2_Export_Recovery,PAN,2013,0.23051446449481794,0.00026847049138842456,0.11309428324002625,False,False,False,False
DV2_Export_Recovery,PAN,2014,0.0793213334204706,3.179681633622282e-05,0.10788485154174016,False,False,False,False
DV2_Export_Recovery,PAN,2015,0.099444330131883,4.997526400329842e-05,0.10728925367429151,False,False,False,False
DV2_Export_Recovery,PAN,2016,0.08278108831398716,3.4630961263327325e-05,0.10772212992442533,False,False,False,False
DV2_Export_Recovery,PAN,2017,0.05431467769530085,1.4908910497993261e-05,0.1082983231306505,False,False,False,False
DV2_Export_Recovery,PAN,2018,0.12780607937942026,8.254354600649425e-05,0.10795074427836578,False,False,False,False
DV2_Export_Recovery,PAN,2019,0.08525265697050056,3.6729792939264264e-05,0.11574562397879339,False,False,False,False
DV2_Export_Recovery,PAN,2020,0.11609554895284138,6.81115875146152e-05,0.11820541724057088,False,False,False,False
DV2_Export_Recovery,PAN,2021,0.6732639457809382,0.0022856907065891374,0.11675385771395896,False,False,False,False
DV2_Export_Recovery,PER,2012,0.0818802337683992,3.388136723175798e-05,0.10863192074784755,False,False,False,False
DV2_Export_Recovery,PER,2013,0.0006892311804668876,2.4007570682901584e-09,0.10782504149551124,False,False,False,False
DV2_Export_Recovery,PER,2014,0.11510108688864623,6.694930671324818e-05,0.10765479557728179,False,False,False,False
DV2_Export_Recovery,PER,2015,0.042577545639490996,9.161686886101055e-06,0.10941766273641114,False,False,False,False
DV2_Export_Recovery,PER,2016,0.008455503503581763,3.613242940504028e-07,0.10705725862665003,False,False,False,False
DV2_Export_Recovery,PER,2017,0.032191279267590155,5.2371194297661424e-06,0.11002098109670452,False,False,False,False
DV2_Export_Recovery,PER,2018,0.06799295081541763,2.3363354586447718e-05,0.1068400581109431,False,False,False,False
DV2_Export_Recovery,PER,2019,0.019784520623573363,1.978192485338652e-06,0.10979676490775843,False,False,False,False
DV2_Export_Recovery,PER,2020,0.06676284100095518,2.2525694965644398e-05,0.11423284183989521,False,False,False,False
DV2_Export_Recovery,PER,2021,0.10364137841486726,5.428263536929285e-05,0.11340393289791986,False,False,False,False
DV2_Export_Recovery,PHL,2012,0.11552463094963282,6.744309789045288e-05,0.11187330970524326,False,False,False,False
DV2_Export_Recovery,PHL,2013,0.012420139163691982,7.795984326103318e-07,0.11083719389121968,False,False,False,False
DV2_Export_Recovery,PHL,2014,0.009424634609552871,4.488975385074311e-07,0.11002774083743552,False,False,False,False
DV2_Export_Recovery,PHL,2015,0.06168227899484403,1.9227839091794633e-05,0.11004725461429407,False,False,False,False
DV2_Export_Recovery,PHL,2016,0.031157403897788812,4.906125088610414e-06,0.10710719899160527,False,False,False,False
DV2_Export_Recovery,PHL,2017,0.018017875260577635,1.6406834374153428e-06,0.11037453231676148,False,False,False,False
DV2_Export_Recovery,PHL,2018,0.070601395371622,2.5190297536939783e-05,0.10818032420233621,False,False,False,False
DV2_Export_Recovery,PHL,2019,0.07430946086034847,2.790580067477145e-05,0.11446981831616096,False,False,False,False
DV2_Export_Recovery,PHL,2020,0.0027366279120962745,3.784860459011675e-08,0.11540542247393579,False,False,False,False
DV2_Export_Recovery,PHL,2021,0.10399031249168207,5.464879898501379e-05,0.11533457687322429,False,False,False,False
DV2_Export_Recovery,PLW,2012,0.12116833461055575,7.419298584515671e-05,0.10965982381974611,False,False,False,False
DV2_Export_Recovery,PLW,2013,0.20812423625100382,0.00021885825699126003,0.10867761089029708,False,False,False,False
DV2_Export_Recovery,PLW,2014,0.1548093861820933,0.00012110390508561398,0.11033426615282822,False,False,False,False
DV2_Export_Recovery,PLW,2015,0.1795737163610181,0.00016294032518871058,0.1082514465259932,False,False,False,False
DV2_Export_Recovery,PLW,2016,0.21730477121366815,0.00023858682274686965,0.10814430726904294,False,False,False,False
DV2_Export_Recovery,PLW,2017,0.268150750336391,0.0003632498331168041,0.10655387258570768,False,False,False,False
DV2_Export_Recovery,PLW,2018,0.4300193963011164,0.000933583860473001,0.10622284478784087,False,False,False,False
DV2_Export_Recovery,PLW,2019,0.03755765812335185,7.1287297263889e-06,0.10981476039438315,False,False,False,False
DV2_Export_Recovery,PLW,2020,0.18808088692631741,0.00017874186132761153,0.10969299849208347,False,False,False,False
DV2_Export_Recovery,PLW,2021,0.39796973173139716,0.0007998682947226611,0.13021720136948517,False,False,False,False
DV2_Export_Recovery,POL,2012,0.06333396681767203,2.0271352855888195e-05,0.11188954913496924,False,False,False,False
DV2_Export_Recovery,POL,2013,0.01284986214986405,8.344781011112697e-07,0.1103617060780791,False,False,False,False
DV2_Export_Recovery,POL,2014,0.007181699416818166,2.6065899406335553e-07,0.11046046598294508,False,False,False,False
DV2_Export_Recovery,POL,2015,0.06197846567489751,1.9412938901227348e-05,0.11087428062623286,False,False,False,False
DV2_Export_Recovery,POL,2016,0.09546372496127033,4.605464100725502e-05,0.10629104927694177,False,False,False,False
DV2_Export_Recovery,POL,2017,0.01383228457672146,9.669539107350667e-07,0.10966038644833534,False,False,False,False
DV2_Export_Recovery,POL,2018,0.002093705640027366,2.2153870864221445e-08,0.10703899296699243,False,False,False,False
DV2_Export_Recovery,POL,2019,0.009300607256270235,4.3716037718344364e-07,0.10769684783501571,False,False,False,False
DV2_Export_Recovery,POL,2020,0.0015757856321480513,1.2549102063475856e-08,0.11415073000544457,False,False,False,False
DV2_Export_Recovery,POL,2021,0.1193899343738317,7.203156786266508e-05,0.11556511087231056,False,False,False,False
DV2_Export_Recovery,PRT,2012,0.08045907975754632,3.2715495324459476e-05,0.1090282298281851,False,False,False,False
DV2_Export_Recovery,PRT,2013,0.007916588197987209,3.167337529128284e-07,0.1080283337109098,False,False,False,False
DV2_Export_Recovery,PRT,2014,0.007123374103854944,2.5644236321302887e-07,0.1069612222968109,False,False,False,False
DV2_Export_Recovery,PRT,2015,0.011800941972984647,7.038034792944312e-07,0.10848883450473584,False,False,False,False
DV2_Export_Recovery,PRT,2016,0.047654154308516675,1.1476632847139748e-05,0.10605794469043994,False,False,False,False
DV2_Export_Recovery,PRT,2017,0.015144289297095801,1.159085977810509e-06,0.10990656440656497,False,False,False,False
DV2_Export_Recovery,PRT,2018,0.03483880434336106,6.1339745637742e-06,0.10621904016169519,False,False,False,False
DV2_Export_Recovery,PRT,2019,0.009244697990286222,4.319203197510508e-07,0.10603811951152517,False,False,False,False
DV2_Export_Recovery,PRT,2020,0.047717446251558264,1.1507144269912677e-05,0.11025546594197894,False,False,False,False
DV2_Export_Recovery,PRT,2021,0.05310795026659181,1.4253806959401738e-05,0.10824318890490235,False,False,False,False
DV2_Export_Recovery,PRY,2012,0.05602911992695149,1.5864946303404603e-05,0.107677347427801,False,False,False,False
DV2_Export_Recovery,PRY,2013,0.03809014304018309,7.332299339445398e-06,0.10783922307161697,False,False,False,False
DV2_Export_Recovery,PRY,2014,0.030622740205764377,4.739191237635016e-06,0.10571118890040672,False,False,False,False
DV2_Export_Recovery,PRY,2015,0.032770405695511644,5.427245215876463e-06,0.10575969390042961,False,False,False,False
DV2_Export_Recovery,PRY,2016,0.06636584514902832,2.225856204985731e-05,0.10598801501044662,False,False,False,False
DV2_Export_Recovery,PRY,2017,0.028621871180539583,4.140115616956125e-06,0.10597541803684808,False,False,False,False
DV2_Export_Recovery,PRY,2018,0.014610971558910354,1.0788872560300048e-06,0.10578317456697657,False,False,False,False
DV2_Export_Recovery,PRY,2019,0.07345746448682228,2.7269514206076684e-05,0.10643233124017368,False,False,False,False
DV2_Export_Recovery,PRY,2020,0.03225564489430061,5.2580822464948916e-06,0.10681749567659617,False,False,False,False
DV2_Export_Recovery,PRY,2021,0.020737459729394163,2.1733439960988123e-06,0.10645459585213665,False,False,False,False
DV2_Export_Recovery,PSE,2012,0.34230142350047715,0.0005917776140759506,0.10701427382367115,False,False,False,False
DV2_Export_Recovery,PSE,2013,0.26404693864350054,0.0003522205444683412,0.10645497254586758,False,False,False,False
DV2_Export_Recovery,PSE,2014,0.13708660965802766,9.496495947229058e-05,0.10576722238578075,False,False,False,False
DV2_Export_Recovery,PSE,2015,0.039702766570696706,7.96629058647913e-06,0.10575660781964155,False,False,False,False
DV2_Export_Recovery,PSE,2016,0.04385796367567175,9.720994818326244e-06,0.10604381256135383,False,False,False,False
DV2_Export_Recovery,PSE,2017,0.03696859010350937,6.906864226385732e-06,0.10682840669757146,False,False,False,False
DV2_Export_Recovery,PSE,2018,0.08923477553979105,4.024088244331601e-05,0.1054582918158046,False,False,False,False
DV2_Export_Recovery,PSE,2019,0.09152301787974065,4.233104712262503e-05,0.10601273003374732,False,False,False,False
DV2_Export_Recovery,PSE,2020,0.2677576224735267,0.0003621883160886605,0.10817473133719936,False,False,False,False
DV2_Export_Recovery,PSE,2021,0.2661911212006289,0.00035796454583851236,0.10827863557593817,False,False,False,False
DV2_Export_Recovery,PYF,2019,0.3018272382317308,0.00046034626242095025,0.33794700489313473,False,False,True,True
DV2_Export_Recovery,PYF,2020,0.2612183512987491,0.0003448164085196438,0.33847503276011,False,False,True,True
DV2_Export_Recovery,PYF,2021,0.04100433244639029,8.497221543223928e-06,0.3378624027063391,False,False,True,True
DV2_Export_Recovery,QAT,2012,0.14261319102088305,0.0001027765445124624,0.11646153566016178,False,False,False,False
DV2_Export_Recovery,QAT,2013,0.020629227275080358,2.1507174426809903e-06,0.11293931370164317,False,False,False,False
DV2_Export_Recovery,QAT,2014,0.28137330107905256,0.00039994287279357876,0.10761399706567713,False,False,False,False
DV2_Export_Recovery,QAT,2015,0.014792330781247386,1.1058369253703712e-06,0.10729284054908397,False,False,False,False
DV2_Export_Recovery,QAT,2016,0.07097126567563797,2.5454920001952947e-05,0.10842797208684103,False,False,False,False
DV2_Export_Recovery,QAT,2017,0.022938406239504112,2.6591549522860138e-06,0.10908160682135763,False,False,False,False
DV2_Export_Recovery,QAT,2018,0.12330400218448463,7.68311009518135e-05,0.1078523723838666,False,False,False,False
DV2_Export_Recovery,QAT,2019,0.05684561492087849,1.6330699407152336e-05,0.1084328380612303,False,False,False,False
DV2_Export_Recovery,QAT,2020,0.06092267855525267,1.8757202373797933e-05,0.11257875542853565,False,False,False,False
DV2_Export_Recovery,QAT,2021,0.1674613952109612,0.00014170390180601284,0.1075779496466082,False,False,False,False
DV2_Export_Recovery,ROU,2012,0.05648579224000809,1.612461798584785e-05,0.10899708527691863,False,False,False,False
DV2_Export_Recovery,ROU,2013,0.022109302447966186,2.470400182143644e-06,0.10717519998546071,False,False,False,False
DV2_Export_Recovery,ROU,2014,0.09952054586937077,5.0051862254349964e-05,0.10620966486064305,False,False,False,False
DV2_Export_Recovery,ROU,2015,0.11206001478307855,6.34585019996422e-05,0.10638825915702935,False,False,False,False
DV2_Export_Recovery,ROU,2016,0.1715064940511484,0.00014863095440735525,0.10614909916480034,False,False,False,False
DV2_Export_Recovery,ROU,2017,0.05186328187328213,1.3593520055312748e-05,0.1058933032539745,False,False,False,False
DV2_Export_Recovery,ROU,2018,0.042256843734920294,9.024189977489966e-06,0.10614063918130445,False,False,False,False
DV2_Export_Recovery,ROU,2019,0.04480813436305989,1.0146758645241746e-05,0.10650341629251242,False,False,False,False
DV2_Export_Recovery,ROU,2020,0.1612959228572826,0.00013146310679943262,0.10749151631861208,False,False,False,False
DV2_Export_Recovery,ROU,2021,0.24188207966528838,0.00029558967776037204,0.10838450691782928,False,False,False,False
DV2_Export_Recovery,RUS,2012,0.11085271103965835,6.209876828558739e-05,0.11058123175505807,False,False,False,False
DV2_Export_Recovery,RUS,2013,0.1021380774966126,5.271927406609152e-05,0.10847401072515667,False,False,False,False
DV2_Export_Recovery,RUS,2014,0.0307051183560621,4.764723348365717e-06,0.10638975654290302,False,False,False,False
DV2_Export_Recovery,RUS,2015,0.09946670296527066,4.9997792241364114e-05,0.10874094842289683,False,False,False,False
DV2_Export_Recovery,RUS,2016,0.03549991343117714,6.36898127247819e-06,0.10646032217683739,False,False,False,False
DV2_Export_Recovery,RUS,2017,0.01570943713196663,1.247208506807581e-06,0.10953300493188262,False,False,False,False
DV2_Export_Recovery,RUS,2018,0.05801156379022457,1.700746412254515e-05,0.1070106343179891,False,False,False,False
DV2_Export_Recovery,RUS,2019,0.03631531826107865,6.664920425855562e-06,0.10691630524020186,False,False,False,False
DV2_Export_Recovery,RUS,2020,0.056489516214924006,1.6126748714612913e-05,0.11063990487159746,False,False,False,False
DV2_Export_Recovery,RUS,2021,0.16393742006866788,0.00013580411179222042,0.1100332656705958,False,False,False,False
DV2_Export_Recovery,RWA,2012,0.4497744348632634,0.0010212842150179042,0.11058380201092322,False,False,False,False
DV2_Export_Recovery,RWA,2013,0.30016314418578793,0.0004551153179371257,0.10771498371066696,False,False,False,False
DV2_Export_Recovery,RWA,2014,0.1385222958776269,9.696435346877618e-05,0.10654886087662889,False,False,False,False
DV2_Export_Recovery,RWA,2015,0.2782660197754562,0.0003911589278449073,0.10585810135155929,False,False,False,False
DV2_Export_Recovery,RWA,2016,0.2329707884849626,0.00027421489126023803,0.10566756166824698,False,False,False,False
DV2_Export_Recovery,RWA,2017,0.026601371458713174,3.576224312097868e-06,0.10625769626193175,False,False,False,False
DV2_Export_Recovery,RWA,2018,0.4501742964660826,0.0010230486121843186,0.10620995736319278,False,False,False,False
DV2_Export_Recovery,RWA,2019,0.1745449337240807,0.00015394321088230164,0.10671048242425449,False,False,False,False
DV2_Export_Recovery,RWA,2020,0.5555726569527113,0.0015573275044923208,0.10832084447403287,False,False,False,False
DV2_Export_Recovery,RWA,2021,0.19026334826450383,0.00018291290902651853,0.10857833011992302,False,False,False,False
DV2_Export_Recovery,SAU,2012,0.1235747706353855,7.716980422288529e-05,0.12396112465104273,False,False,False,False
DV2_Export_Recovery,SAU,2013,0.15654115526003895,0.00012382958146444053,0.11984446258410081,False,False,False,False
DV2_Export_Recovery,SAU,2014,0.15915370435155554,0.00012799585524225524,0.11374581059375864,False,False,False,False
DV2_Export_Recovery,SAU,2015,0.12245141522510969,7.577249653522996e-05,0.11002017344091353,False,False,False,False
DV2_Export_Recovery,SAU,2016,0.0405565707293461,8.31260389470228e-06,0.11065480446668491,False,False,False,False
DV2_Export_Recovery,SAU,2017,0.06032948838896405,1.8393713378157506e-05,0.11117276160639532,False,False,False,False
DV2_Export_Recovery,SAU,2018,0.03260976185621401,5.374166260225691e-06,0.10612455779637929,False,False,False,False
DV2_Export_Recovery,SAU,2019,0.0039834327730971,8.019242214165783e-08,0.10728117792323591,False,False,False,False
DV2_Export_Recovery,SAU,2020,0.042987683110630004,9.339046414407167e-06,0.11773828253834509,False,False,False,False
DV2_Export_Recovery,SAU,2021,0.26824966354959867,0.000363525848349911,0.11221496423536129,False,False,False,False
DV2_Export_Recovery,SDN,2012,0.21393297581727055,0.00023124246643320247,0.10886799595728792,False,False,False,False
DV2_Export_Recovery,SDN,2013,1.3990631085763692,0.009789402205907585,0.1085341278547267,True,True,False,True
DV2_Export_Recovery,SDN,2014,0.1641609836217532,0.00013617445067027763,0.10875245214085939,False,False,False,False
DV2_Export_Recovery,SDN,2015,0.28111773225098996,0.000399216848927881,0.10753785368405346,False,False,False,False
DV2_Export_Recovery,SDN,2016,0.23421175003846917,0.0002771441746655999,0.10689563909500349,False,False,False,False
DV2_Export_Recovery,SDN,2017,0.03647635655769781,6.7241618875715705e-06,0.10766298690905449,False,False,False,False
DV2_Export_Recovery,SDN,2018,0.12065553000295952,7.356613662216697e-05,0.10580644083251398,False,False,False,False
DV2_Export_Recovery,SDN,2019,0.17017922217983833,0.00014634035780715046,0.10872383356782173,False,False,False,False
DV2_Export_Recovery,SDN,2020,0.19162464397666604,0.0001855406115610929,0.11255155147892465,False,False,False,False
DV2_Export_Recovery,SDN,2021,0.022820149283556006,2.631808457918331e-06,0.12147867591543501,False,False,False,False
DV2_Export_Recovery,SEN,2012,0.14745546089893277,0.00010987250323130933,0.10771985203268036,False,False,False,False
DV2_Export_Recovery,SEN,2013,0.2345013694245042,0.0002778293216010851,0.10633979535073153,False,False,False,False
DV2_Export_Recovery,SEN,2014,0.1584732101211984,0.00012690243372008833,0.10589757204800307,False,False,False,False
DV2_Export_Recovery,SEN,2015,0.07056167419742097,2.516194602660262e-05,0.10600401274832605,False,False,False,False
DV2_Export_Recovery,SEN,2016,0.009522226649837762,4.582423205329537e-07,0.10569913939484495,False,False,False,False
DV2_Export_Recovery,SEN,2017,0.05910445699418366,1.7654298414148966e-05,0.10569475314315477,False,False,False,False
DV2_Export_Recovery,SEN,2018,0.12356073994212807,7.715120777741907e-05,0.10565985264362573,False,False,False,False
DV2_Export_Recovery,SEN,2019,0.20816550166135145,0.00021894381555472231,0.1064056016675551,False,False,False,False
DV2_Export_Recovery,SEN,2020,0.08764560010237152,3.882043564107092e-05,0.10683252825214268,False,False,False,False
DV2_Export_Recovery,SEN,2021,0.12232514145036662,7.561611781611745e-05,0.10689880916319461,False,False,False,False
DV2_Export_Recovery,SGP,2012,0.07396632482994203,2.7648667966992394e-05,0.11242577937707421,False,False,False,False
DV2_Export_Recovery,SGP,2013,0.01714863136089901,1.4861979041813583e-06,0.11088364962785395,False,False,False,False
DV2_Export_Recovery,SGP,2014,0.032008489447412095,5.177813037609221e-06,0.10889701537856478,False,False,False,False
DV2_Export_Recovery,SGP,2015,0.07548709780784293,2.879719522213262e-05,0.10587102450795918,False,False,False,False
DV2_Export_Recovery,SGP,2016,0.05935552522710968,1.7804618683957094e-05,0.11090059273593102,False,False,False,False
DV2_Export_Recovery,SGP,2017,0.024888359934964705,3.1304695562341136e-06,0.10758598258483384,False,False,False,False
DV2_Export_Recovery,SGP,2018,0.04440859612138201,9.966616662901731e-06,0.1060048472736957,False,False,False,False
DV2_Export_Recovery,SGP,2019,0.01617219217028557,1.3217689691627883e-06,0.10700805140029938,False,False,False,False
DV2_Export_Recovery,SGP,2020,0.05350104954495822,1.446559124457765e-05,0.1066840311604116,False,False,False,False
DV2_Export_Recovery,SGP,2021,0.2882350877291598,0.0004196795696497289,0.10817353719428248,False,False,False,False
DV2_Export_Recovery,SLB,2012,0.11113774740379119,6.24185578044562e-05,0.11180109723863385,False,False,False,False
DV2_Export_Recovery,SLB,2013,0.1249654732086089,7.891564711242952e-05,0.11138767176071512,False,False,False,False
DV2_Export_Recovery,SLB,2014,0.022214422796651805,2.4939475057697092e-06,0.1091017029005569,False,False,False,False
DV2_Export_Recovery,SLB,2015,0.2494485423237153,0.00031436588587641963,0.10856252168931313,False,False,False,False
DV2_Export_Recovery,SLB,2016,0.2491140003411925,0.00031352519195262084,0.11013322017587698,False,False,False,False
DV2_Export_Recovery,SLB,2017,0.27981397893435145,0.00039552806246443155,0.10987198559595641,False,False,False,False
DV2_Export_Recovery,SLB,2018,0.33846435917147655,0.000578600900552654,0.10914220385295578,False,False,False,False
DV2_Export_Recovery,SLB,2019,0.12619849619818294,8.048118628007003e-05,0.12245188206179113,False,False,False,False
DV2_Export_Recovery,SLB,2020,0.38133591200045525,0.0007344540988709727,0.1328624159223746,False,False,False,False
DV2_Export_Recovery,SLB,2021,0.43591180646189914,0.0009594624849726437,0.1220266304951032,False,False,False,False
DV2_Export_Recovery,SLE,2012,0.15339717303049485,0.00011890425794289091,0.10702428807148835,False,False,False,False
DV2_Export_Recovery,SLE,2013,0.6968120346152705,0.0024476244442287356,0.11071592529348599,True,True,False,True
DV2_Export_Recovery,SLE,2014,1.2720530868702384,0.00810745822652878,0.10878676607427303,True,True,False,True
DV2_Export_Recovery,SLE,2015,0.17637023946311864,0.00015717983266934382,0.1089351458823441,False,False,False,False
DV2_Export_Recovery,SLE,2016,0.21912214496610677,0.00024259352134909274,0.10864701184508051,False,False,False,False
DV2_Export_Recovery,SLE,2017,0.10608861780818284,5.687608829837416e-05,0.10844365612961654,False,False,False,False
DV2_Export_Recovery,SLE,2018,0.15437435630918378,0.00012042386341834567,0.10745553418970988,False,False,False,False
DV2_Export_Recovery,SLE,2019,0.2705355838457448,0.00036974101471336473,0.10907393590516631,False,False,False,False
DV2_Export_Recovery,SLE,2020,0.5129524056940064,0.001327887596116176,0.10875802533194029,False,False,False,False
DV2_Export_Recovery,SLE,2021,0.36082546980991087,0.0006575237614513771,0.10915644997767049,False,False,False,False
DV2_Export_Recovery,SLV,2012,0.10591049409692335,5.668524408908107e-05,0.10773616656979923,False,False,False,False
DV2_Export_Recovery,SLV,2013,0.041355810478926926,8.643455915422682e-06,0.10731033914382722,False,False,False,False
DV2_Export_Recovery,SLV,2014,0.04990710907614657,1.2587437451000377e-05,0.10717019985411223,False,False,False,False
DV2_Export_Recovery,SLV,2015,0.1445564310523331,0.00010559501195474737,0.10633356399617573,False,False,False,False
DV2_Export_Recovery,SLV,2016,0.16373732816576902,0.00013547208854007608,0.10626591255478818,False,False,False,False
DV2_Export_Recovery,SLV,2017,0.136669665633923,9.438836978594703e-05,0.1071192904579992,False,False,False,False
DV2_Export_Recovery,SLV,2018,0.0747118194302039,2.820874729506374e-05,0.10703515015472465,False,False,False,False
DV2_Export_Recovery,SLV,2019,0.004755596533409245,1.1429529037878895e-07,0.10870353176859136,False,False,False,False
DV2_Export_Recovery,SLV,2020,0.0947089638699365,4.5329385466530717e-05,0.10935004829144059,False,False,False,False
DV2_Export_Recovery,SLV,2021,0.23151631139963738,0.0002708070793654375,0.11115909920750974,False,False,False,False
DV2_Export_Recovery,SMR,2015,0.06993411013993155,2.471666277791723e-05,0.17243260102804814,False,False,False,False
DV2_Export_Recovery,SMR,2016,0.004881562032125908,1.2043035783609902e-07,0.17236139207739032,False,False,False,False
DV2_Export_Recovery,SMR,2017,0.07777246385448748,3.056763435533854e-05,0.17181936607520432,False,False,False,False
DV2_Export_Recovery,SMR,2018,0.03958161678197178,7.917777662412783e-06,0.1718536565502799,False,False,False,False
DV2_Export_Recovery,SMR,2019,0.012976158402955811,8.509625198875755e-07,0.1726275026366115,False,False,False,False
DV2_Export_Recovery,SMR,2020,0.10041401988095838,5.095577687227196e-05,0.17308737660383805,False,False,False,False
DV2_Export_Recovery,SOM,2013,0.19107266637931333,0.00018447571683594675,0.11949292959869084,False,False,False,False
DV2_Export_Recovery,SOM,2014,0.26745150850864474,0.0003613745282606694,0.11847453168748924,False,False,False,False
DV2_Export_Recovery,SOM,2015,0.2024836132846131,0.00020716376129779825,0.12114902646972125,False,False,False,False
DV2_Export_Recovery,SOM,2016,0.11487641669806124,6.668873157513302e-05,0.1190961268596373,False,False,False,False
DV2_Export_Recovery,SOM,2017,0.3654790936337112,0.0006746257288922347,0.11895010772642949,False,False,False,False
DV2_Export_Recovery,SOM,2018,0.18544823149349485,0.00017377656904736204,0.11850885723226481,False,False,False,False
DV2_Export_Recovery,SOM,2019,0.0778846591486918,3.065557052985181e-05,0.11826893958502777,False,False,False,False
DV2_Export_Recovery,SOM,2020,0.12936804811178007,8.457406186770518e-05,0.11870070658352434,False,False,False,False
DV2_Export_Recovery,SOM,2021,0.17395597850592417,0.0001529098646929342,0.12230143035883827,False,False,False,False
DV2_Export_Recovery,SRB,2012,0.34072861324588927,0.0005863627887590913,0.1089726110059587,False,False,False,False
DV2_Export_Recovery,SRB,2013,0.1712145636004031,0.0001481258198742029,0.10751282465966094,False,False,False,False
DV2_Export_Recovery,SRB,2014,0.04740705592955944,1.1357926691105996e-05,0.10747340612807427,False,False,False,False
DV2_Export_Recovery,SRB,2015,0.04156835138727428,8.732525901893582e-06,0.10671277545227163,False,False,False,False
DV2_Export_Recovery,SRB,2016,0.11341284531892719,6.499981374387792e-05,0.10602149491874223,False,False,False,False
DV2_Export_Recovery,SRB,2017,0.15343746896810068,0.00011896658962926945,0.10616413369152589,False,False,False,False
DV2_Export_Recovery,SRB,2018,0.12717974877857813,8.173640189524101e-05,0.10575839859660556,False,False,False,False
DV2_Export_Recovery,SRB,2019,0.08597899528406319,3.735816202071836e-05,0.1063806410569603,False,False,False,False
DV2_Export_Recovery,SRB,2020,0.02214702849899529,2.4788380873532183e-06,0.10768859733829267,False,False,False,False
DV2_Export_Recovery,SRB,2021,0.008558664771272772,3.701947431730721e-07,0.10939846988913192,False,False,False,False
DV2_Export_Recovery,SSD,2012,1.580066503310173,0.012564226366419677,0.2782248542663319,True,True,True,True
DV2_Export_Recovery,SSD,2013,0.18287950938676129,0.00016901333379923115,0.2564112154206932,False,False,True,True
DV2_Export_Recovery,SSD,2014,1.1395694622780213,0.006547839892541468,0.2685989543968483,True,True,True,True
DV2_Export_Recovery,SSD,2015,0.572042177664179,0.001652781692661375,0.2637858617886928,False,False,True,True
DV2_Export_Recovery,SVK,2012,0.05480635896320349,1.518004904319551e-05,0.10699561899524869,False,False,False,False
DV2_Export_Recovery,SVK,2013,0.018266876277196673,1.6863439629219652e-06,0.10619183838766594,False,False,False,False
DV2_Export_Recovery,SVK,2014,0.0138298085418646,9.666077265845887e-07,0.1059868449661062,False,False,False,False
DV2_Export_Recovery,SVK,2015,0.008965372942380036,4.062140228880869e-07,0.10568208912971368,False,False,False,False
DV2_Export_Recovery,SVK,2016,0.0837409173569032,3.543863467103173e-05,0.10569459609547051,False,False,False,False
DV2_Export_Recovery,SVK,2017,0.04430624555798874,9.920729239547464e-06,0.10617476983007092,False,False,False,False
DV2_Export_Recovery,SVK,2018,0.03830814459899533,7.416467959438943e-06,0.10641494400054727,False,False,False,False
DV2_Export_Recovery,SVK,2019,0.05005826155388527,1.2663797236365956e-05,0.10651860504108825,False,False,False,False
DV2_Export_Recovery,SVK,2020,0.043027733933247624,9.35644670195093e-06,0.10695155710142354,False,False,False,False
DV2_Export_Recovery,SVK,2021,0.12421036007293614,7.79646013749527e-05,0.10689682205672921,False,False,False,False
DV2_Export_Recovery,SVN,2012,0.13256025265904045,8.879805938373077e-05,0.10709883382729171,False,False,False,False
DV2_Export_Recovery,SVN,2013,0.06122137207785489,1.8941554493258062e-05,0.10688434696967575,False,False,False,False
DV2_Export_Recovery,SVN,2014,0.013673516976784778,9.448838067512393e-07,0.10616735512050979,False,False,False,False
DV2_Export_Recovery,SVN,2015,0.037620523841491664,7.15261217341427e-06,0.10605976740153295,False,False,False,False
DV2_Export_Recovery,SVN,2016,0.0623904613629302,1.9671860051717966e-05,0.10559563872148629,False,False,False,False
DV2_Export_Recovery,SVN,2017,0.03217941120118531,5.23325738751756e-06,0.10605655616469599,False,False,False,False
DV2_Export_Recovery,SVN,2018,0.06580281146669754,2.1882499409566037e-05,0.10601107418635143,False,False,False,False
DV2_Export_Recovery,SVN,2019,0.036994802317370054,6.916662099346637e-06,0.10680267780417814,False,False,False,False
DV2_Export_Recovery,SVN,2020,0.004147857588045921,8.694928547859051e-08,0.10680978639322031,False,False,False,False
DV2_Export_Recovery,SVN,2021,0.060556024258102914,1.853209156567361e-05,0.10728472996048452,False,False,False,False
DV2_Export_Recovery,SWE,2012,0.03419941083773671,5.910890807537723e-06,0.10955907868765472,False,False,False,False
DV2_Export_Recovery,SWE,2013,0.009904131875724167,4.95736599293258e-07,0.1079257840260006,False,False,False,False
DV2_Export_Recovery,SWE,2014,0.006060391587070739,1.8561782106654317e-07,0.10655290734137535,False,False,False,False
DV2_Export_Recovery,SWE,2015,0.05539784717513203,1.5509471827546438e-05,0.10851463450666057,False,False,False,False
DV2_Export_Recovery,SWE,2016,0.0019987941188427502,2.0190845270138162e-08,0.10612685258599162,False,False,False,False
DV2_Export_Recovery,SWE,2017,0.003689074547703678,6.877858166659186e-08,0.1092476090996282,False,False,False,False
DV2_Export_Recovery,SWE,2018,0.014056610531269996,9.985714288240629e-07,0.10607115770155667,False,False,False,False
DV2_Export_Recovery,SWE,2019,0.039201190490336074,7.7662833302539e-06,0.10626545319390276,False,False,False,False
DV2_Export_Recovery,SWE,2020,0.028667095759734033,4.153210047780092e-06,0.11018283659961275,False,False,False,False
DV2_Export_Recovery,SWE,2021,0.0630106439145056,2.00648970878397e-05,0.10819389316864823,False,False,False,False
DV2_Export_Recovery,SWZ,2013,0.03845176049452546,7.472186400435465e-06,0.11769254377742955,False,False,False,False
DV2_Export_Recovery,SWZ,2014,0.04388454413465101,9.73279181641863e-06,0.11674655390982958,False,False,False,False
DV2_Export_Recovery,SWZ,2015,0.05749344948349537,1.6705059404549005e-05,0.11676944580636388,False,False,False,False
DV2_Export_Recovery,SWZ,2016,0.010425073182179565,5.492579810635222e-07,0.11695093914288388,False,False,False,False
DV2_Export_Recovery,SWZ,2017,0.007791893114423875,3.068345268424232e-07,0.11711046822295873,False,False,False,False
DV2_Export_Recovery,SWZ,2018,0.009233164512516065,4.308433048377519e-07,0.11661298413669825,False,False,False,False
DV2_Export_Recovery,SWZ,2019,0.2404369606203011,0.00029207739640339027,0.11771376842412447,False,False,False,False
DV2_Export_Recovery,SWZ,2020,0.14853206950285,0.00011148384601054065,0.11770929771478811,False,False,False,False
DV2_Export_Recovery,SWZ,2021,0.16331944295075013,0.00013478398524009846,0.1192656878786429,False,False,False,False
DV2_Export_Recovery,SYC,2012,0.16455100630625277,0.00013682294680515122,0.11259827211944531,False,False,False,False
DV2_Export_Recovery,SYC,2013,0.05606409656563194,1.5884759429335304e-05,0.10754745002000955,False,False,False,False
DV2_Export_Recovery,SYC,2014,0.03638480661722821,6.690454037660998e-06,0.11344056899160816,False,False,False,False
DV2_Export_Recovery,SYC,2015,0.004099580437430421,8.493704926558925e-08,0.10874175397578771,False,False,False,False
DV2_Export_Recovery,SYC,2016,0.11795841070030999,7.031418335481204e-05,0.10604372869144923,False,False,False,False
DV2_Export_Recovery,SYC,2017,1.2632092759061053,0.00799570361170035,0.10826629463553904,True,True,False,True
DV2_Export_Recovery,SYC,2018,0.2200471335621911,0.00024464393886405454,0.10638851221611285,False,False,False,False
DV2_Export_Recovery,SYC,2019,0.3151132156826238,0.0005015593126034588,0.10936613229607209,False,False,False,False
DV2_Export_Recovery,SYC,2020,0.002009518409923813,2.0408089680892036e-08,0.11487938498866447,False,False,False,False
DV2_Export_Recovery,SYC,2021,0.34957213135834586,0.0006171744657249137,0.10873488240287979,False,False,False,False
DV2_Export_Recovery,SYR,2012,0.25639698944481937,0.00033214663366077366,0.14017418284043165,False,False,False,False
DV2_Export_Recovery,SYR,2013,0.15318484252521464,0.00011857738989333235,0.1215877044543147,False,False,False,False
DV2_Export_Recovery,SYR,2014,0.039523565856600266,7.894548252689898e-06,0.11709534398529782,False,False,False,False
DV2_Export_Recovery,SYR,2015,0.09385155273041634,4.451254494659892e-05,0.11685106591681077,False,False,False,False
DV2_Export_Recovery,SYR,2016,0.00853795404737724,3.684052921814931e-07,0.12105106350046539,False,False,False,False
DV2_Export_Recovery,SYR,2017,0.03832653422522809,7.423597338060656e-06,0.11934784718982558,False,False,False,False
DV2_Export_Recovery,SYR,2018,0.18321880005174893,0.0001696241042284774,0.11841736425218798,False,False,False,False
DV2_Export_Recovery,SYR,2019,0.08682270794195521,3.809513578218563e-05,0.12114376486215574,False,False,False,False
DV2_Export_Recovery,SYR,2020,0.05290607481961126,1.4145673708175708e-05,0.11983569612850253,False,False,False,False
DV2_Export_Recovery,TCD,2012,0.08894133667334868,3.997680658718706e-05,0.1131388599751221,False,False,False,False
DV2_Export_Recovery,TCD,2013,0.09895235654286237,4.9482336281532485e-05,0.1194712732490445,False,False,False,False
DV2_Export_Recovery,TCD,2014,0.2802009087469168,0.00039663776877564945,0.11993295108587887,False,False,False,False
DV2_Export_Recovery,TCD,2015,0.2619979690859365,0.0003467825681619863,0.11033677211951261,False,False,False,False
DV2_Export_Recovery,TCD,2016,0.05623183921455957,1.597995713563875e-05,0.10874416877354523,False,False,False,False
DV2_Export_Recovery,TCD,2017,0.08892169976916793,3.995910230976168e-05,0.10986285663589061,False,False,False,False
DV2_Export_Recovery,TCD,2018,0.11921052910088595,7.181492728113583e-05,0.10918000048411577,False,False,False,False
DV2_Export_Recovery,TCD,2019,0.45607623235984085,0.0010502336847108904,0.1264784917046583,False,False,False,False
DV2_Export_Recovery,TCD,2020,0.23010472976000387,0.00026752397001522454,0.1233063960435784,False,False,False,False
DV2_Export_Recovery,TCD,2021,0.08284422969756655,3.4684034906382216e-05,0.12770412448683793,False,False,False,False
DV2_Export_Recovery,TGO,2012,0.16746407615748626,0.00014170935954810899,0.11184884457909627,False,False,False,False
DV2_Export_Recovery,TGO,2013,0.040299001813627076,8.207356499282571e-06,0.11168036176445571,False,False,False,False
DV2_Export_Recovery,TGO,2014,0.037634206605405306,7.157816607948058e-06,0.10717670129646868,False,False,False,False
DV2_Export_Recovery,TGO,2015,0.003202609070791873,5.1835371892920325e-08,0.10672005449760918,False,False,False,False
DV2_Export_Recovery,TGO,2016,0.033674472570462084,5.730826734536322e-06,0.10608006006246645,False,False,False,False
DV2_Export_Recovery,TGO,2017,0.1371585190782851,9.50646707050807e-05,0.10641119115712387,False,False,False,False
DV2_Export_Recovery,TGO,2018,0.2666499874388977,0.000359198396403952,0.10766651500883033,False,False,False,False
DV2_Export_Recovery,TGO,2019,0.09927581674563121,4.9806079162638274e-05,0.10851504897006793,False,False,False,False
DV2_Export_Recovery,TGO,2020,0.2419342831135308,0.00029571729889239415,0.1084448617461113,False,False,False,False
DV2_Export_Recovery,TGO,2021,0.008790016676118452,3.90478929748573e-07,0.10961178945797623,False,False,False,False
DV2_Export_Recovery,THA,2012,0.03622458662682119,6.631659719360036e-06,0.10950272170721011,False,False,False,False
DV2_Export_Recovery,THA,2013,0.0693643505629665,2.431530526023233e-05,0.10770451137385202,False,False,False,False
DV2_Export_Recovery,THA,2014,0.05754349803343958,1.6734127087579737e-05,0.10699964267069242,False,False,False,False
DV2_Export_Recovery,THA,2015,0.04031037399163052,8.211987424961869e-06,0.10910898132486223,False,False,False,False
DV2_Export_Recovery,THA,2016,0.09360115427501511,4.427513465966405e-05,0.10626117701827509,False,False,False,False
DV2_Export_Recovery,THA,2017,0.02062812969295214,2.1504884069060085e-06,0.10915119673338569,False,False,False,False
DV2_Export_Recovery,THA,2018,0.005738786755617623,1.6644029632895733e-07,0.10613390141568596,False,False,False,False
DV2_Export_Recovery,THA,2019,0.015237949626012515,1.1734670571846457e-06,0.10707325913661205,False,False,False,False
DV2_Export_Recovery,THA,2020,0.048140673974943496,1.1712173440069956e-05,0.11182161778334149,False,False,False,False
DV2_Export_Recovery,THA,2021,0.04855480021239521,1.1914538523087885e-05,0.10838472131432003,False,False,False,False
DV2_Export_Recovery,TJK,2012,0.10855907103269356,5.955602475365712e-05,0.11828347223757188,False,False,False,False
DV2_Export_Recovery,TJK,2013,0.01461656169081107,1.0797130288282225e-06,0.1100423272109323,False,False,False,False
DV2_Export_Recovery,TJK,2014,0.07660723950530893,2.9658179061160213e-05,0.10957653738580049,False,False,False,False
DV2_Export_Recovery,TJK,2015,0.09316671783788705,4.386515540309042e-05,0.10815038699122514,False,False,False,False
DV2_Export_Recovery,TJK,2016,0.08142643947856097,3.3506840768633426e-05,0.10641938449665606,False,False,False,False
DV2_Export_Recovery,TJK,2017,0.2762626806054212,0.00038555364498485975,0.10841134401698348,False,False,False,False
DV2_Export_Recovery,TJK,2018,0.16232205032067054,0.0001331407125777507,0.10673531379031748,False,False,False,False
DV2_Export_Recovery,TJK,2019,0.2660896338403043,0.00035769621625469347,0.1115418562337424,False,False,False,False
DV2_Export_Recovery,TJK,2020,0.04818310119779577,1.1732828989354097e-05,0.11354287693034265,False,False,False,False
DV2_Export_Recovery,TJK,2021,0.3362134129698925,0.0005709622396300553,0.11737032527522955,False,False,False,False
DV2_Export_Recovery,TKM,2012,0.10463492392927284,5.5329094876041754e-05,0.14614766611619223,False,False,False,False
DV2_Export_Recovery,TKM,2013,0.04169978452609842,8.787856046761464e-06,0.1383552510035623,False,False,False,False
DV2_Export_Recovery,TKM,2014,0.11814388664438027,7.053667230210893e-05,0.13248712276492786,False,False,False,False
DV2_Export_Recovery,TKM,2015,0.151464450930489,0.00011593039012069716,0.1327392749651268,False,False,False,False
DV2_Export_Recovery,TKM,2016,0.12364421782716427,7.72570408886525e-05,0.1343649962767914,False,False,False,False
DV2_Export_Recovery,TKM,2017,0.0401413012587251,8.143260536814638e-06,0.13422637053872957,False,False,False,False
DV2_Export_Recovery,TKM,2018,0.27288621542191455,0.0003762260766730523,0.1373181022667871,False,False,False,False
DV2_Export_Recovery,TKM,2019,0.05778271493822881,1.6873646434527736e-05,0.1509693408925495,False,False,False,False
DV2_Export_Recovery,TLS,2015,0.7432389538083453,0.0027880323440059094,0.2133158756175286,True,True,False,True
DV2_Export_Recovery,TLS,2016,0.2130568202373157,0.00022937024091558152,0.151349410974983,False,False,False,False
DV2_Export_Recovery,TLS,2017,0.15343670531461048,0.0001189709948543957,0.1571375089244341,False,False,False,False
DV2_Export_Recovery,TLS,2018,0.55973062639783,0.0015817273768661605,0.16642962182101223,False,False,False,False
DV2_Export_Recovery,TLS,2019,0.20796796261705358,0.00021854572406372125,0.15105768011315346,False,False,False,False
DV2_Export_Recovery,TLS,2020,0.5989913364276492,0.0018112382554476216,0.17370166016524063,False,False,False,False
DV2_Export_Recovery,TLS,2021,0.8938950185762848,0.004029283272745076,0.19025773886356445,True,True,False,True
DV2_Export_Recovery,TON,2012,0.048738457487797426,1.20048388097276e-05,0.10720524100934486,False,False,False,False
DV2_Export_Recovery,TON,2013,0.08347254721469444,3.5211940103196785e-05,0.11141726413966063,False,False,False,False
DV2_Export_Recovery,TON,2014,0.04841956230828417,1.1848259536554299e-05,0.1071072938972832,False,False,False,False
DV2_Export_Recovery,TON,2015,0.06431740255055536,2.0905745120578245e-05,0.10764648190550456,False,False,False,False
DV2_Export_Recovery,TON,2016,0.003433022869387363,5.956233984636833e-08,0.10962009118881695,False,False,False,False
DV2_Export_Recovery,TON,2017,0.04779939894316988,1.154670172753068e-05,0.10881194623756252,False,False,False,False
DV2_Export_Recovery,TON,2018,0.021676621644533243,2.3746548559385423e-06,0.10960219296493123,False,False,False,False
DV2_Export_Recovery,TON,2019,0.3444266933715324,0.0005991605741271582,0.11124595341611986,False,False,False,False
DV2_Export_Recovery,TON,2020,0.2571597000783264,0.00033409809831222605,0.1110098449368682,False,False,False,False
DV2_Export_Recovery,TON,2021,0.2317890166987382,0.00027144799731538784,0.11484387027333828,False,False,False,False
DV2_Export_Recovery,TUN,2012,0.0470567022836623,1.1190672027283615e-05,0.10788670196389415,False,False,False,False
DV2_Export_Recovery,TUN,2013,0.011020761699358218,6.138204064717329e-07,0.10769657900105938,False,False,False,False
DV2_Export_Recovery,TUN,2014,0.056186598935187536,1.595424913240361e-05,0.10662003686244079,False,False,False,False
DV2_Export_Recovery,TUN,2015,0.02382557433872111,2.868823466275829e-06,0.10896572738692416,False,False,False,False
DV2_Export_Recovery,TUN,2016,0.03729779934200769,7.030423525437317e-06,0.10645731008034828,False,False,False,False
DV2_Export_Recovery,TUN,2017,0.0545260988850029,1.5025203301757354e-05,0.10918241207054954,False,False,False,False
DV2_Export_Recovery,TUN,2018,9.296775774667741e-05,4.3680047032756545e-11,0.10669685363407146,False,False,False,False
DV2_Export_Recovery,TUN,2019,0.00764841214073947,2.956383769353711e-07,0.10636525317227677,False,False,False,False
DV2_Export_Recovery,TUN,2020,0.12073689165413712,7.36656812593634e-05,0.11088260746425009,False,False,False,False
DV2_Export_Recovery,TUN,2021,0.028709077450333603,4.165383015090147e-06,0.10873611984535195,False,False,False,False
DV2_Export_Recovery,TUR,2012,0.10532296144175003,5.6058496224286926e-05,0.12004793906053796,False,False,False,False
DV2_Export_Recovery,TUR,2013,0.034489550199688225,6.011610732658111e-06,0.11510014906728636,False,False,False,False
DV2_Export_Recovery,TUR,2014,0.014323524147113907,1.0368541835840789e-06,0.11037204602091147,False,False,False,False
DV2_Export_Recovery,TUR,2015,0.029116661898871576,4.2844944150497776e-06,0.10878117071886936,False,False,False,False
DV2_Export_Recovery,TUR,2016,0.06665637702144467,2.2453875076117776e-05,0.10724418176402206,False,False,False,False
DV2_Export_Recovery,TUR,2017,0.04757597593009036,1.1439014747283852e-05,0.1103580375491734,False,False,False,False
DV2_Export_Recovery,TUR,2018,0.02276308502489013,2.618661791594636e-06,0.10800355194154276,False,False,False,False
DV2_Export_Recovery,TUR,2019,0.047724694248572626,1.1510635763995292e-05,0.10717546863977988,False,False,False,False
DV2_Export_Recovery,TUR,2020,0.07521777583019497,2.8592156424568336e-05,0.11420488085323181,False,False,False,False
DV2_Export_Recovery,TUR,2021,0.15250274004677378,0.00011752288549698347,0.1140759964841887,False,False,False,False
DV2_Export_Recovery,TZA,2012,0.07700120462463514,2.9964006596951605e-05,0.11049744224593185,False,False,False,False
DV2_Export_Recovery,TZA,2013,0.04115463430378677,8.559569242962282e-06,0.10798621863941417,False,False,False,False
DV2_Export_Recovery,TZA,2014,0.06235819415392376,1.9651525626052343e-05,0.1073511799296323,False,False,False,False
DV2_Export_Recovery,TZA,2015,0.21020668349997246,0.00022325830084227998,0.10772375864520692,False,False,False,False
DV2_Export_Recovery,TZA,2016,0.0746768771906647,2.8182375075859716e-05,0.10781193247126473,False,False,False,False
DV2_Export_Recovery,TZA,2017,0.07549757187714747,2.8805201264079997e-05,0.10739119861393455,False,False,False,False
DV2_Export_Recovery,TZA,2018,0.14895401230061844,0.00011211851893912613,0.12164182035989143,False,False,False,False
DV2_Export_Recovery,TZA,2019,0.19619015101061943,0.0001944842983110389,0.11009847102282261,False,False,False,False
DV2_Export_Recovery,TZA,2020,0.0965230015332236,4.708250421955631e-05,0.11435574490836534,False,False,False,False
DV2_Export_Recovery,TZA,2021,0.16401712037343752,0.00013593702458930573,0.11453780069479882,False,False,False,False
DV2_Export_Recovery,UGA,2012,0.3029581397862445,0.00046362475270153575,0.10709520455396923,False,False,False,False
DV2_Export_Recovery,UGA,2013,0.3031733389706732,0.0004642817506857818,0.10645835582393179,False,False,False,False
DV2_Export_Recovery,UGA,2014,0.266884578431303,0.0003598279763588431,0.10597607399370246,False,False,False,False
DV2_Export_Recovery,UGA,2015,0.16075121597041425,0.00013057653554111165,0.10606501317898362,False,False,False,False
DV2_Export_Recovery,UGA,2016,0.10640523549406099,5.721600787350579e-05,0.10691849317495086,False,False,False,False
DV2_Export_Recovery,UGA,2017,0.04769883435544826,1.1498164058220989e-05,0.10648436141051597,False,False,False,False
DV2_Export_Recovery,UGA,2018,0.23265909210070612,0.00027348188110161724,0.10570807133154915,False,False,False,False
DV2_Export_Recovery,UGA,2019,0.2681573283714309,0.00036326840325967146,0.1070589232111407,False,False,False,False
DV2_Export_Recovery,UGA,2020,0.3373050045032282,0.000574640440401349,0.10753592485841855,False,False,False,False
DV2_Export_Recovery,UGA,2021,0.2580270424783701,0.00033635080308168776,0.10774840735370142,False,False,False,False
DV2_Export_Recovery,UKR,2012,0.159860776371376,0.00012913471898048657,0.1090908659232569,False,False,False,False
DV2_Export_Recovery,UKR,2013,0.03438657385117136,5.975764390605491e-06,0.10937154798505842,False,False,False,False
DV2_Export_Recovery,UKR,2014,0.05081274773156663,1.3048415996583875e-05,0.10958679911062857,False,False,False,False
DV2_Export_Recovery,UKR,2015,0.03600462656644162,6.5513691659706594e-06,0.11138477688649713,False,False,False,False
DV2_Export_Recovery,UKR,2016,0.05355229062042413,1.449331575356014e-05,0.1077825931010187,False,False,False,False
DV2_Export_Recovery,UKR,2017,0.05242194690342621,1.3887957086236034e-05,0.10994108148914242,False,False,False,False
DV2_Export_Recovery,UKR,2018,0.032243670648651857,5.25417895193977e-06,0.1063993432850772,False,False,False,False
DV2_Export_Recovery,UKR,2019,0.03790829863444841,7.262457573720423e-06,0.10812219673143908,False,False,False,False
DV2_Export_Recovery,UKR,2020,0.02011721104073284,2.0452811774548765e-06,0.11239486364646291,False,False,False,False
DV2_Export_Recovery,UKR,2021,0.027481196636940226,3.816699541379422e-06,0.11244775434797387,False,False,False,False
DV2_Export_Recovery,URY,2012,0.056859596271118695,1.6338729980457573e-05,0.10727157257159317,False,False,False,False
DV2_Export_Recovery,URY,2013,0.010694909238862377,5.780592020703736e-07,0.1065987189763328,False,False,False,False
DV2_Export_Recovery,URY,2014,0.026973871373925803,3.6770811631930565e-06,0.10643551361707837,False,False,False,False
DV2_Export_Recovery,URY,2015,0.09589778885925175,4.647440533029038e-05,0.10718033068405043,False,False,False,False
DV2_Export_Recovery,URY,2016,0.054599576589715766,1.5065717851674412e-05,0.10637112316148704,False,False,False,False
DV2_Export_Recovery,URY,2017,0.08685806496494934,3.81259552180316e-05,0.10651869380396621,False,False,False,False
DV2_Export_Recovery,URY,2018,0.0013626407920904447,9.383852044716213e-09,0.10639151046135284,False,False,False,False
DV2_Export_Recovery,URY,2019,0.07724364528358817,3.0152966591796368e-05,0.10882852753851753,False,False,False,False
DV2_Export_Recovery,URY,2020,0.16164522385139812,0.0001320336226987001,0.11060210923305158,False,False,False,False
DV2_Export_Recovery,URY,2021,0.10136449781613247,5.192385001416764e-05,0.11141888512226769,False,False,False,False
DV2_Export_Recovery,USA,2012,0.001810497600729854,1.656587133769413e-08,0.10909791235063059,False,False,False,False
DV2_Export_Recovery,USA,2013,0.0034774960685761756,6.111553969285466e-08,0.1075688937570418,False,False,False,False
DV2_Export_Recovery,USA,2014,0.006669620365557946,2.248125275003502e-07,0.1070559991523902,False,False,False,False
DV2_Export_Recovery,USA,2015,0.07470817638946574,2.8206015037681946e-05,0.10914601441401782,False,False,False,False
DV2_Export_Recovery,USA,2016,0.09978210878723012,5.0315294941000844e-05,0.10640722250744955,False,False,False,False
DV2_Export_Recovery,USA,2017,0.02323454966216198,2.7282593290192403e-06,0.10882684129700129,False,False,False,False
DV2_Export_Recovery,USA,2018,0.03503796585966521,6.20430603847847e-06,0.10582373714694301,False,False,False,False
DV2_Export_Recovery,USA,2019,0.032755759534759725,5.422395501309212e-06,0.10694314831834043,False,False,False,False
DV2_Export_Recovery,USA,2020,0.06575905195623892,2.1853445748865694e-05,0.11385654637103665,False,False,False,False
DV2_Export_Recovery,USA,2021,0.20091190929800082,0.00020395659655909066,0.11068539744276931,False,False,False,False
DV2_Export_Recovery,UZB,2012,0.34397836733456094,0.0005976087420842535,0.11287724666146362,False,False,False,False
DV2_Export_Recovery,UZB,2013,0.16143037229568244,0.00013168308472706532,0.11152158424822929,False,False,False,False
DV2_Export_Recovery,UZB,2014,0.20601682379356237,0.00021444884720203542,0.10740678946207861,False,False,False,False
DV2_Export_Recovery,UZB,2015,0.08152863006941499,3.359103022249773e-05,0.10939216661263258,False,False,False,False
DV2_Export_Recovery,UZB,2016,0.0525586869729056,1.3960498969772886e-05,0.1082141604371575,False,False,False,False
DV2_Export_Recovery,UZB,2017,0.15531830154628742,0.00012190066213167538,0.10620659154232413,False,False,False,False
DV2_Export_Recovery,UZB,2018,0.16044695048686172,0.00013008337883917481,0.1092923423416855,False,False,False,False
DV2_Export_Recovery,UZB,2019,0.3801483127357276,0.0007297731182057353,0.10851130722455572,False,False,False,False
DV2_Export_Recovery,UZB,2020,0.36848344525931276,0.0006857202472367079,0.11131928330008792,False,False,False,False
DV2_Export_Recovery,UZB,2021,0.011051580615651525,6.172582859009232e-07,0.12265284906676541,False,False,False,False
DV2_Export_Recovery,VEN,2012,0.19246505311691883,0.00018719821836195476,0.3395168583564749,False,False,True,True
DV2_Export_Recovery,VEN,2013,0.20039717637718568,0.0002029454503872125,0.33850907895028665,False,False,True,True
DV2_Export_Recovery,VEN,2014,0.00858948334849526,3.728656947255544e-07,0.34161717810317627,False,False,True,True
DV2_Export_Recovery,VNM,2012,0.25518307592333545,0.00032899330086089335,0.12029251125689279,False,False,False,False
DV2_Export_Recovery,VNM,2013,0.2319294584280997,0.00027177724663513626,0.11525466724526655,False,False,False,False
DV2_Export_Recovery,VNM,2014,0.21976055890046828,0.00024401010345324005,0.11066762899940447,False,False,False,False
DV2_Export_Recovery,VNM,2015,0.01666627855228236,1.4037669652076405e-06,0.10982285143335954,False,False,False,False
DV2_Export_Recovery,VNM,2016,0.07503007223457378,2.8449577145644046e-05,0.10721213555702966,False,False,False,False
DV2_Export_Recovery,VNM,2017,0.06892019623151815,2.400493311439337e-05,0.11006246121504862,False,False,False,False
DV2_Export_Recovery,VNM,2018,0.07082379511511933,2.534924104434717e-05,0.10750074130033169,False,False,False,False
DV2_Export_Recovery,VNM,2019,0.11676269345443599,6.889633487493206e-05,0.1126105683891894,False,False,False,False
DV2_Export_Recovery,VNM,2020,0.18315026487237468,0.00016949753093930913,0.11949251284453191,False,False,False,False
DV2_Export_Recovery,VNM,2021,0.21161292490524167,0.00022626276237859363,0.12405963178857451,False,False,False,False
DV2_Export_Recovery,VUT,2012,0.019054158921344072,1.8348356055704776e-06,0.11514467168424954,False,False,False,False
DV2_Export_Recovery,VUT,2013,0.2851813120661219,0.0004108427304074598,0.11090764452123213,False,False,False,False
DV2_Export_Recovery,VUT,2014,0.25450479810831267,0.00032723259389964295,0.10671368787134423,False,False,False,False
DV2_Export_Recovery,VUT,2015,0.77782938534475,0.0030478561913615675,0.10956134355105918,True,True,False,True
DV2_Export_Recovery,VUT,2016,0.4976051690502518,0.0012497152606886673,0.1084438623642065,False,False,False,False
DV2_Export_Recovery,VUT,2017,0.19283309893729275,0.00018788593491119105,0.10781764522042739,False,False,False,False
DV2_Export_Recovery,VUT,2018,0.3580506079982696,0.0006474498909072705,0.10774406839009189,False,False,False,False
DV2_Export_Recovery,VUT,2019,0.3040701124741909,0.0004670312756487355,0.10654124003221457,False,False,False,False
DV2_Export_Recovery,VUT,2020,0.1993579141827591,0.00020081390856236026,0.10962503072545914,False,False,False,False
DV2_Export_Recovery,VUT,2021,0.1756333997228949,0.00015587125821476747,0.11618330930178468,False,False,False,False
DV2_Export_Recovery,WSM,2012,0.005164219307780093,1.3478069068374814e-07,0.11049017264228177,False,False,False,False
DV2_Export_Recovery,WSM,2013,0.08575717982758412,3.7165718348284754e-05,0.11025929135345007,False,False,False,False
DV2_Export_Recovery,WSM,2014,0.16546926465594397,0.00013835287407317084,0.10691569293284528,False,False,False,False
DV2_Export_Recovery,WSM,2015,0.256727259484217,0.00033297048698583743,0.10662995829711872,False,False,False,False
DV2_Export_Recovery,WSM,2016,0.29592698826901176,0.00044236279923631923,0.10623891193138237,False,False,False,False
DV2_Export_Recovery,WSM,2017,0.00803222631833372,3.2605442893738024e-07,0.10615163789698226,False,False,False,False
DV2_Export_Recovery,WSM,2018,0.033129334524441785,5.546783362496175e-06,0.10677379778749611,False,False,False,False
DV2_Export_Recovery,WSM,2019,0.03367331906186641,5.730435174481508e-06,0.10892836676629061,False,False,False,False
DV2_Export_Recovery,WSM,2020,0.15791888820493344,0.0001260173117960316,0.11156856077008781,False,False,False,False
DV2_Export_Recovery,WSM,2021,0.2559269597057628,0.00033090407529665495,0.11129054914462734,False,False,False,False
DV2_Export_Recovery,YEM,2012,1.1798193903957437,0.007004017988951537,0.17158609479303066,True,True,False,True
DV2_Export_Recovery,YEM,2013,2.076809565460312,0.021489122338165682,0.16398725489955765,True,True,False,True
DV2_Export_Recovery,YEM,2014,1.8196077375583024,0.01654602589032547,0.1606325921709216,True,True,False,True
DV2_Export_Recovery,YEM,2015,1.2483883099166744,0.007831325210916139,0.15079529183116233,True,True,False,True
DV2_Export_Recovery,YEM,2016,1.6141213797305083,0.01304792997439623,0.15703963751767813,True,True,False,True
DV2_Export_Recovery,YEM,2017,0.7380903544042129,0.0027482324238517954,0.1645344878477456,True,True,False,True
DV2_Export_Recovery,YEM,2018,1.3601867328699828,0.009294838849408344,0.16896570327058974,True,True,False,True
DV2_Export_Recovery,ZAF,2012,0.012244564627749545,7.577129924284414e-07,0.10951436511461583,False,False,False,False
DV2_Export_Recovery,ZAF,2013,0.053327379573810924,1.4371835763677191e-05,0.10853237119437562,False,False,False,False
DV2_Export_Recovery,ZAF,2014,0.07482973969603612,2.829786129952563e-05,0.10711885916679907,False,False,False,False
DV2_Export_Recovery,ZAF,2015,0.04459241241416662,1.004929730058631e-05,0.1086898760176332,False,False,False,False
DV2_Export_Recovery,ZAF,2016,0.04461777116716378,1.0060727110980455e-05,0.1060816154644949,False,False,False,False
DV2_Export_Recovery,ZAF,2017,0.0402232591933551,8.176532277829364e-06,0.10920004683083506,False,False,False,False
DV2_Export_Recovery,ZAF,2018,0.01648304805138584,1.3730703418657436e-06,0.10641606725702385,False,False,False,False
DV2_Export_Recovery,ZAF,2019,0.051001692986149136,1.3145629485315031e-05,0.10662639688925252,False,False,False,False
DV2_Export_Recovery,ZAF,2020,0.08557922837362324,3.701165335917916e-05,0.11104505108621208,False,False,False,False
DV2_Export_Recovery,ZAF,2021,0.11926438502362872,7.187987573099935e-05,0.11009503939839588,False,False,False,False
DV2_Export_Recovery,ZMB,2012,0.0024090377891840048,2.9329563258668882e-08,0.10892698626834241,False,False,False,False
DV2_Export_Recovery,ZMB,2013,0.04115708132349773,8.560588198772234e-06,0.10928878864692754,False,False,False,False
DV2_Export_Recovery,ZMB,2014,0.006643552627019902,2.230586346265261e-07,0.10736467347052779,False,False,False,False
DV2_Export_Recovery,ZMB,2015,0.040652363612029174,8.351915167591625e-06,0.10699174871857796,False,False,False,False
DV2_Export_Recovery,ZMB,2016,0.016621985248957253,1.3963153303577982e-06,0.10568192977837364,False,False,False,False
DV2_Export_Recovery,ZMB,2017,0.07283385033140923,2.680848600807442e-05,0.10642183546917823,False,False,False,False
DV2_Export_Recovery,ZMB,2018,0.24037921289342767,0.0002919269662533262,0.10615825913951668,False,False,False,False
DV2_Export_Recovery,ZMB,2019,0.14494715960578192,0.00010616705783034304,0.11040002235911801,False,False,False,False
DV2_Export_Recovery,ZMB,2020,0.06174099927319224,1.9264465473290416e-05,0.11021615037515234,False,False,False,False
DV2_Export_Recovery,ZMB,2021,0.4637649637069422,0.0010859665522968888,0.13292081655960059,False,False,False,False
DV2_Export_Recovery,ZWE,2012,0.2002338919925794,0.00020258304985332757,0.11167780405921555,False,False,False,False
DV2_Export_Recovery,ZWE,2013,0.2027599642257242,0.00020772422787266212,0.10867045741439833,False,False,False,False
DV2_Export_Recovery,ZWE,2014,0.2003409465155155,0.00020279796254215417,0.10778054708630744,False,False,False,False
DV2_Export_Recovery,ZWE,2015,0.08111545999569496,3.3251399702561926e-05,0.10610658245645874,False,False,False,False
DV2_Export_Recovery,ZWE,2016,0.1300921490774773,8.552239626598084e-05,0.10550603902581121,False,False,False,False
DV2_Export_Recovery,ZWE,2017,0.17361241357675125,0.0001523028023248822,0.10608635345792121,False,False,False,False
DV2_Export_Recovery,ZWE,2018,0.03665105507735592,6.7887240983883145e-06,0.1067647613502305,False,False,False,False
DV2_Export_Recovery,ZWE,2019,0.158553320325281,0.00012703102520721272,0.10739881214413977,False,False,False,False
DV2_Export_Recovery,ZWE,2020,0.4010193974789686,0.0008120380208414693,0.10898913490608306,False,False,False,False
DV2_Export_Recovery,ZWE,2021,0.3962339718807512,0.0007927903135841351,0.10911624929771312,False,False,False,False
