dv,country_iso3_code,year,abs_dffits,cooks_d,leverage,is_high_dffits,is_high_cooks,is_high_leverage,is_any_flag
DV3_Partner_Diversification,ABW,2012,0.2507778627109752,0.00031772672387583026,0.11087697564694232,False,False,False,False
DV3_Partner_Diversification,ABW,2013,0.7055637202830718,0.0025091703154855732,0.1083359358771285,True,True,False,True
DV3_Partner_Diversification,ABW,2014,0.41983022767495265,0.0008899320276062054,0.10889408057311459,False,False,False,False
DV3_Partner_Diversification,ABW,2015,0.3584754388921804,0.0006489886689570216,0.10828458309297585,False,False,False,False
DV3_Partner_Diversification,ABW,2016,0.029337476392145588,4.349725597547255e-06,0.10734643900941095,False,False,False,False
DV3_Partner_Diversification,ABW,2017,0.50740457778442,0.0012993404214272565,0.10777352045164133,False,False,False,False
DV3_Partner_Diversification,ABW,2018,0.34571558310003464,0.0006036351363790445,0.10736500157085078,False,False,False,False
DV3_Partner_Diversification,ABW,2019,0.027708062773549515,3.879976442121469e-06,0.1184140166464466,False,False,False,False
DV3_Partner_Diversification,ABW,2020,0.7274505901059932,0.0026674222921891,0.11680050283504495,True,True,False,True
DV3_Partner_Diversification,ABW,2021,0.7243070379886458,0.002644317112527745,0.11442219543223062,True,True,False,True
DV3_Partner_Diversification,AFG,2020,0.12710293754066526,8.1644150863565e-05,0.5054665361260654,False,False,True,True
DV3_Partner_Diversification,AFG,2021,0.12710293754111152,8.164415086413835e-05,0.5054665361260643,False,False,True,True
DV3_Partner_Diversification,AGO,2012,0.5344858909430711,0.0014417003796744548,0.11620894772173535,False,False,False,False
DV3_Partner_Diversification,AGO,2013,0.7650822927387373,0.002950343216609281,0.12486960777988668,True,True,False,True
DV3_Partner_Diversification,AGO,2014,0.7140420229226987,0.0025709156756468596,0.12869366344342476,True,True,False,True
DV3_Partner_Diversification,AGO,2015,0.5076371587053629,0.0013008013995680454,0.12440343256135429,False,False,False,False
DV3_Partner_Diversification,AGO,2016,0.20326196783244213,0.00020875776069942064,0.11750968547465543,False,False,False,False
DV3_Partner_Diversification,AGO,2017,0.2478324298613376,0.000310308524981815,0.10999902476752876,False,False,False,False
DV3_Partner_Diversification,AGO,2018,0.2747993466730334,0.00038148682468222626,0.11175005332055635,False,False,False,False
DV3_Partner_Diversification,AGO,2019,0.6568121648696047,0.0021756259924887965,0.11768337591535348,False,False,False,False
DV3_Partner_Diversification,AGO,2020,0.3392090014583198,0.0005811731787153694,0.1164582608510987,False,False,False,False
DV3_Partner_Diversification,AGO,2021,0.7067288987934064,0.002518226411135597,0.12086711259551802,True,True,False,True
DV3_Partner_Diversification,ALB,2012,0.0785467410146235,3.117888004894653e-05,0.10962629820992256,False,False,False,False
DV3_Partner_Diversification,ALB,2013,0.24259797789685653,0.00029734143992539284,0.10839856010704439,False,False,False,False
DV3_Partner_Diversification,ALB,2014,0.03926866653915584,7.793042144001789e-06,0.10655988681976575,False,False,False,False
DV3_Partner_Diversification,ALB,2015,0.09176000618392498,4.255055937816358e-05,0.1067807466537722,False,False,False,False
DV3_Partner_Diversification,ALB,2016,0.13955888266711552,9.842080175954085e-05,0.10628756369368096,False,False,False,False
DV3_Partner_Diversification,ALB,2017,0.23732806844244453,0.00028456577937784657,0.10657375728690752,False,False,False,False
DV3_Partner_Diversification,ALB,2018,0.1920506596862724,0.00018636402642374184,0.10635176095460262,False,False,False,False
DV3_Partner_Diversification,ALB,2019,0.027530668599075336,3.8304525825938575e-06,0.10611899278244047,False,False,False,False
DV3_Partner_Diversification,ALB,2020,0.10007990229032093,5.061609579460038e-05,0.1079151895365304,False,False,False,False
DV3_Partner_Diversification,ALB,2021,0.15056333070732092,0.00011455237712042656,0.10873562366899907,False,False,False,False
DV3_Partner_Diversification,ARE,2012,0.018839001744367742,1.7936320525800923e-06,0.11168482418971372,False,False,False,False
DV3_Partner_Diversification,ARE,2013,0.028923040810799494,4.227702162528374e-06,0.11097577379418933,False,False,False,False
DV3_Partner_Diversification,ARE,2014,0.043075688328634086,9.377314696457978e-06,0.10803984248413032,False,False,False,False
DV3_Partner_Diversification,ARE,2015,0.03468803017774866,6.080997298322416e-06,0.10693467425252551,False,False,False,False
DV3_Partner_Diversification,ARE,2016,0.05302415034454827,1.4208859849378544e-05,0.10795694612610957,False,False,False,False
DV3_Partner_Diversification,ARE,2017,0.05350095918646601,1.4465542356634488e-05,0.10667285163390867,False,False,False,False
DV3_Partner_Diversification,ARE,2018,0.026559479932622598,3.564969619810269e-06,0.10616815178931198,False,False,False,False
DV3_Partner_Diversification,ARE,2019,0.0020646217802378574,2.1542662778754718e-08,0.10635415594727113,False,False,False,False
DV3_Partner_Diversification,ARE,2020,0.126174069325143,8.044943032685817e-05,0.11248087753114364,False,False,False,False
DV3_Partner_Diversification,ARE,2021,0.08163878570638167,3.36818637126327e-05,0.10970369191615564,False,False,False,False
DV3_Partner_Diversification,ARG,2012,0.15731492083915313,0.00012505541044449306,0.11186787396542287,False,False,False,False
DV3_Partner_Diversification,ARG,2013,0.11193021899711073,6.331182609820984e-05,0.11173614372197534,False,False,False,False
DV3_Partner_Diversification,ARG,2014,0.07560174523297396,2.888478843546971e-05,0.11214756120398586,False,False,False,False
DV3_Partner_Diversification,ARG,2015,0.01747511486535606,1.5433263581030164e-06,0.11168032821024926,False,False,False,False
DV3_Partner_Diversification,ARG,2016,0.005935896225788694,1.780700583090529e-07,0.10746852861099475,False,False,False,False
DV3_Partner_Diversification,ARG,2017,0.01035256998669464,5.41644695685506e-07,0.1123591862160293,False,False,False,False
DV3_Partner_Diversification,ARG,2018,0.011280161607957648,6.430559108003544e-07,0.10958966400456949,False,False,False,False
DV3_Partner_Diversification,ARG,2019,0.0423523009021376,9.065008319446484e-06,0.10813955843693468,False,False,False,False
DV3_Partner_Diversification,ARG,2020,0.16442629946803786,0.00013661587213495386,0.11367827526763412,False,False,False,False
DV3_Partner_Diversification,ARG,2021,0.15050993242200028,0.00011447145833564141,0.11094729075997738,False,False,False,False
DV3_Partner_Diversification,ARM,2012,0.0003327381580079472,5.595302878945177e-10,0.11180713191701694,False,False,False,False
DV3_Partner_Diversification,ARM,2013,0.08923694899493145,4.024286719125217e-05,0.10677902540765659,False,False,False,False
DV3_Partner_Diversification,ARM,2014,0.07180986306978913,2.6060002594395484e-05,0.10763718605150291,False,False,False,False
DV3_Partner_Diversification,ARM,2015,0.17018608553630132,0.00014635169859135585,0.10678828858221072,False,False,False,False
DV3_Partner_Diversification,ARM,2016,0.15190859319336097,0.00011660812106570192,0.10762889015623278,False,False,False,False
DV3_Partner_Diversification,ARM,2017,0.040562463869964066,8.315017298807497e-06,0.10732647153774706,False,False,False,False
DV3_Partner_Diversification,ARM,2018,0.1132749786600819,6.484196439014138e-05,0.10755929648648796,False,False,False,False
DV3_Partner_Diversification,ARM,2019,0.05433849640110855,1.4921990838794847e-05,0.10896376077153114,False,False,False,False
DV3_Partner_Diversification,ARM,2020,0.028727164520878954,4.170632964047219e-06,0.10787093424234757,False,False,False,False
DV3_Partner_Diversification,ARM,2021,0.24843231117064693,0.0003118102244627671,0.10825624692065387,False,False,False,False
DV3_Partner_Diversification,ASM,2012,0.39887087298923946,0.0008033861208184421,0.11171392555057312,False,False,False,False
DV3_Partner_Diversification,ASM,2013,0.3750344837768708,0.0007102895985953733,0.10920386837193309,False,False,False,False
DV3_Partner_Diversification,ASM,2014,0.14360295325415165,0.00010420679593079954,0.10648075563510828,False,False,False,False
DV3_Partner_Diversification,ASM,2015,0.20285462474514035,0.00020791685546732314,0.10592778694069355,False,False,False,False
DV3_Partner_Diversification,ASM,2016,0.5475319579693241,0.0015126826282699781,0.10971620991721784,False,False,False,False
DV3_Partner_Diversification,ASM,2017,0.402210760303958,0.0008168503616986927,0.10689263220584289,False,False,False,False
DV3_Partner_Diversification,ASM,2018,0.6336380207747562,0.0020246424339976283,0.10669561172061394,False,False,False,False
DV3_Partner_Diversification,ASM,2019,0.053943448239927645,1.4705811532036723e-05,0.10828228479452855,False,False,False,False
DV3_Partner_Diversification,ASM,2020,0.050286110427720944,1.2779341396281173e-05,0.10676063702111147,False,False,False,False
DV3_Partner_Diversification,ASM,2021,0.10883643446892802,5.986045577353278e-05,0.1107590028506273,False,False,False,False
DV3_Partner_Diversification,ATG,2014,0.5873406472041615,0.0017408502987554034,0.13306612714344637,False,False,False,False
DV3_Partner_Diversification,ATG,2015,0.2529414856376836,0.0003232521522956515,0.13418366362624798,False,False,False,False
DV3_Partner_Diversification,ATG,2016,0.587087817259933,0.0017393541389983367,0.13306954309260483,False,False,False,False
DV3_Partner_Diversification,ATG,2017,0.09204011959499594,4.2811171121612554e-05,0.13329603256603406,False,False,False,False
DV3_Partner_Diversification,ATG,2018,0.35893392058313245,0.0006507408617305124,0.13244924344523953,False,False,False,False
DV3_Partner_Diversification,ATG,2019,0.3237770871461308,0.000529569535704484,0.13679126680072465,False,False,False,False
DV3_Partner_Diversification,ATG,2020,0.12144841106815608,7.45376817470907e-05,0.13780292610120484,False,False,False,False
DV3_Partner_Diversification,ATG,2021,1.5390749098339707,0.011856839215506869,0.1382307529193564,True,True,False,True
DV3_Partner_Diversification,AUS,2012,0.07384922207872788,2.7561174697192065e-05,0.11005174644489851,False,False,False,False
DV3_Partner_Diversification,AUS,2013,0.07992392043635566,3.228174531705345e-05,0.10819745671175483,False,False,False,False
DV3_Partner_Diversification,AUS,2014,0.037128645466421785,6.96679989620608e-06,0.10714408715645085,False,False,False,False
DV3_Partner_Diversification,AUS,2015,0.08853747380146193,3.961452289927798e-05,0.10883568750759649,False,False,False,False
DV3_Partner_Diversification,AUS,2016,0.14775197047393357,0.00011031459029506673,0.1064270016458872,False,False,False,False
DV3_Partner_Diversification,AUS,2017,0.10106174577644707,5.161410747025531e-05,0.1095249142475836,False,False,False,False
DV3_Partner_Diversification,AUS,2018,0.010848610228921982,5.947936407049222e-07,0.10657197224417986,False,False,False,False
DV3_Partner_Diversification,AUS,2019,0.0980549683177373,4.858871247050021e-05,0.1094081351738604,False,False,False,False
DV3_Partner_Diversification,AUS,2020,0.0952614124615926,4.585982564010114e-05,0.11393814718206396,False,False,False,False
DV3_Partner_Diversification,AUS,2021,0.09557363569461225,4.6160899558033645e-05,0.11301632433695584,False,False,False,False
DV3_Partner_Diversification,AUT,2012,0.08092229775385122,3.309323478311634e-05,0.10655194443504211,False,False,False,False
DV3_Partner_Diversification,AUT,2013,0.0061943482176150646,1.939141603546645e-07,0.10607713335220012,False,False,False,False
DV3_Partner_Diversification,AUT,2014,0.04342527241547898,9.530132939215792e-06,0.10564225425077567,False,False,False,False
DV3_Partner_Diversification,AUT,2015,0.0465391274932509,1.0945854364110145e-05,0.1057989273616979,False,False,False,False
DV3_Partner_Diversification,AUT,2016,0.09176216464552568,4.255253689688059e-05,0.10561273256751784,False,False,False,False
DV3_Partner_Diversification,AUT,2017,0.011281260516791786,6.431811917077457e-07,0.10577166323465398,False,False,False,False
DV3_Partner_Diversification,AUT,2018,0.0426946211384464,9.212135633386154e-06,0.10539675799739043,False,False,False,False
DV3_Partner_Diversification,AUT,2019,0.06396258442298944,2.0675717971281655e-05,0.10596747990937419,False,False,False,False
DV3_Partner_Diversification,AUT,2020,0.1527436785749542,0.00011789337378370344,0.10657030123823746,False,False,False,False
DV3_Partner_Diversification,AUT,2021,0.09492919948782205,4.554037921926753e-05,0.10679814518991368,False,False,False,False
DV3_Partner_Diversification,AZE,2012,0.22987944877654903,0.00026699190618356824,0.11055626189204705,False,False,False,False
DV3_Partner_Diversification,AZE,2013,0.20396230686755698,0.0002101941207466443,0.10780638410113723,False,False,False,False
DV3_Partner_Diversification,AZE,2014,0.21479815855553644,0.00023311606793631742,0.10871783294726267,False,False,False,False
DV3_Partner_Diversification,AZE,2015,0.029247720307444075,4.323151355387043e-06,0.10889819585790231,False,False,False,False
DV3_Partner_Diversification,AZE,2016,0.05879757626165542,1.7471462167325456e-05,0.10943754846915085,False,False,False,False
DV3_Partner_Diversification,AZE,2017,0.07619267229949103,2.933803902052835e-05,0.1072045523888665,False,False,False,False
DV3_Partner_Diversification,AZE,2018,0.1383188109179786,9.667993601203473e-05,0.10864495190241728,False,False,False,False
DV3_Partner_Diversification,AZE,2019,0.08554582885639489,3.698271546610244e-05,0.10732886227660302,False,False,False,False
DV3_Partner_Diversification,AZE,2020,0.04121411422787939,8.584330675161652e-06,0.11030010147243886,False,False,False,False
DV3_Partner_Diversification,AZE,2021,0.6787272303251342,0.002322538159068181,0.11093035420197445,True,True,False,True
DV3_Partner_Diversification,BEL,2012,0.0920934009974054,4.2860348851811465e-05,0.10879998831967105,False,False,False,False
DV3_Partner_Diversification,BEL,2013,0.04047391395371949,8.278754100346833e-06,0.108724117171625,False,False,False,False
DV3_Partner_Diversification,BEL,2014,0.015038882913427797,1.1430072977411096e-06,0.10666596877685264,False,False,False,False
DV3_Partner_Diversification,BEL,2015,0.008851064546300228,3.959216201870488e-07,0.1088113304350314,False,False,False,False
DV3_Partner_Diversification,BEL,2016,0.0012250565964923704,7.584565165661329e-09,0.106073262467588,False,False,False,False
DV3_Partner_Diversification,BEL,2017,0.05055413938505837,1.2915938102733614e-05,0.1098892691564605,False,False,False,False
DV3_Partner_Diversification,BEL,2018,0.011241194440536215,6.386207166660918e-07,0.10629375226658114,False,False,False,False
DV3_Partner_Diversification,BEL,2019,0.03284366096764743,5.451536697246941e-06,0.10657004910909779,False,False,False,False
DV3_Partner_Diversification,BEL,2020,0.057756070884625386,1.6857999348731227e-05,0.11029279587773469,False,False,False,False
DV3_Partner_Diversification,BEL,2021,0.010859297976565908,5.959661760518648e-07,0.10927926359363527,False,False,False,False
DV3_Partner_Diversification,BEN,2012,0.2206634313782113,0.0002460185767243477,0.11046056905127337,False,False,False,False
DV3_Partner_Diversification,BEN,2013,0.3407965227038172,0.0005865904082241246,0.107396038651615,False,False,False,False
DV3_Partner_Diversification,BEN,2014,0.081482872780728,3.3553313481477724e-05,0.10751200651033045,False,False,False,False
DV3_Partner_Diversification,BEN,2015,0.10784162542838381,5.877107581034775e-05,0.10678512424422994,False,False,False,False
DV3_Partner_Diversification,BEN,2016,0.04629872479478993,1.083306790777514e-05,0.1088603324227186,False,False,False,False
DV3_Partner_Diversification,BEN,2017,0.030303025417611956,4.640750382003831e-06,0.10781869727553432,False,False,False,False
DV3_Partner_Diversification,BEN,2018,0.10378273772233747,5.443067399435041e-05,0.10921996228668379,False,False,False,False
DV3_Partner_Diversification,BEN,2019,0.10614518662638897,5.6936928067248904e-05,0.11349846002366541,False,False,False,False
DV3_Partner_Diversification,BEN,2020,0.42938088996598145,0.0009308595728779842,0.11077027741600479,False,False,False,False
DV3_Partner_Diversification,BEN,2021,0.35036857892766066,0.0006200004509043038,0.11175623256521613,False,False,False,False
DV3_Partner_Diversification,BFA,2012,0.12387124177883481,7.75395030443422e-05,0.10692323212537423,False,False,False,False
DV3_Partner_Diversification,BFA,2013,0.013565873665825103,9.300653838180567e-07,0.10598896656059979,False,False,False,False
DV3_Partner_Diversification,BFA,2014,0.4002870957586486,0.0008090542022224256,0.10580854609617131,False,False,False,False
DV3_Partner_Diversification,BFA,2015,0.6323924683310232,0.0020166721369341114,0.10592738240915113,False,False,False,False
DV3_Partner_Diversification,BFA,2016,0.2541244555205674,0.00032625643664977583,0.10740271602772133,False,False,False,False
DV3_Partner_Diversification,BFA,2017,0.6405378817320555,0.0020688928824324163,0.10702241424596129,False,False,False,False
DV3_Partner_Diversification,BFA,2018,0.4416143913211695,0.0009845547048837147,0.10627781112695504,False,False,False,False
DV3_Partner_Diversification,BFA,2019,0.301473557940622,0.0004590942230836525,0.10704632968654092,False,False,False,False
DV3_Partner_Diversification,BFA,2020,1.1792475101906479,0.006975821778823402,0.10838758535646813,True,True,False,True
DV3_Partner_Diversification,BFA,2021,0.8898474981620352,0.003985296207998686,0.11134745591097993,True,True,False,True
DV3_Partner_Diversification,BGD,2012,0.0787877943674749,3.137054692660887e-05,0.1104650137041068,False,False,False,False
DV3_Partner_Diversification,BGD,2013,0.05069005443570715,1.2985477920290592e-05,0.10894464571954346,False,False,False,False
DV3_Partner_Diversification,BGD,2014,0.04000030051930874,8.08613881776607e-06,0.1092673926691684,False,False,False,False
DV3_Partner_Diversification,BGD,2015,0.05227521529249294,1.3810316248297889e-05,0.1077233591982064,False,False,False,False
DV3_Partner_Diversification,BGD,2016,0.005165044936599579,1.3482378945112895e-07,0.10668364019390227,False,False,False,False
DV3_Partner_Diversification,BGD,2017,0.1432686799386125,0.00010372238851211818,0.10738872395777736,False,False,False,False
DV3_Partner_Diversification,BGD,2018,0.0920864505907091,4.285383893949372e-05,0.10679292300530548,False,False,False,False
DV3_Partner_Diversification,BGD,2019,0.0963324037742915,4.689667722425965e-05,0.11088863412361286,False,False,False,False
DV3_Partner_Diversification,BGD,2020,0.14850266009818244,0.00011143920663231274,0.1135390573872556,False,False,False,False
DV3_Partner_Diversification,BGD,2021,0.04448644307598649,1.000159815417997e-05,0.11432721553866927,False,False,False,False
DV3_Partner_Diversification,BGR,2012,0.008848328914000676,3.956769163170492e-07,0.10664291106412277,False,False,False,False
DV3_Partner_Diversification,BGR,2013,0.08146245010679735,3.353648159261663e-05,0.10632017527513422,False,False,False,False
DV3_Partner_Diversification,BGR,2014,0.018030855741627057,1.643048133589815e-06,0.1062883581036799,False,False,False,False
DV3_Partner_Diversification,BGR,2015,0.004815751667833767,1.1720509637733743e-07,0.10606990790946666,False,False,False,False
DV3_Partner_Diversification,BGR,2016,0.055659447532763265,1.565628491208985e-05,0.10550040835060027,False,False,False,False
DV3_Partner_Diversification,BGR,2017,0.048053891325365285,1.1669976403625529e-05,0.10590295505111465,False,False,False,False
DV3_Partner_Diversification,BGR,2018,0.08637028878855008,3.769894783050684e-05,0.10572649935487885,False,False,False,False
DV3_Partner_Diversification,BGR,2019,0.012987309188815995,8.524253215785869e-07,0.10635028703742376,False,False,False,False
DV3_Partner_Diversification,BGR,2020,0.059118570235282664,1.7662737410925377e-05,0.1076703860975317,False,False,False,False
DV3_Partner_Diversification,BGR,2021,0.0060304542562485755,1.8378850881771824e-07,0.10798118756995913,False,False,False,False
DV3_Partner_Diversification,BHR,2012,0.4223883962635154,0.0009008097209591862,0.11000167412609058,False,False,False,False
DV3_Partner_Diversification,BHR,2013,0.25787645295588874,0.00033596449284647176,0.11277604453620824,False,False,False,False
DV3_Partner_Diversification,BHR,2014,0.27059788092673254,0.0003699105763092989,0.1086221508075239,False,False,False,False
DV3_Partner_Diversification,BHR,2015,1.2092296242345837,0.007330848927614512,0.10607172523347454,True,True,False,True
DV3_Partner_Diversification,BHR,2016,0.09785121817679762,4.838696976371818e-05,0.10799884794886647,False,False,False,False
DV3_Partner_Diversification,BHR,2017,0.026023549742154733,3.4225505358586063e-06,0.10796148926675163,False,False,False,False
DV3_Partner_Diversification,BHR,2018,0.0929608908842479,4.367152454352308e-05,0.10640902876763231,False,False,False,False
DV3_Partner_Diversification,BHR,2019,0.03723770083168613,7.007786159002064e-06,0.10765710775890706,False,False,False,False
DV3_Partner_Diversification,BHR,2020,0.11637479464804626,6.843910331687849e-05,0.10739578215072147,False,False,False,False
DV3_Partner_Diversification,BHR,2021,0.23246033064223864,0.0002730180196674877,0.10939637456395679,False,False,False,False
DV3_Partner_Diversification,BHS,2012,0.11121313630584483,6.25033096232212e-05,0.11297273107365388,False,False,False,False
DV3_Partner_Diversification,BHS,2013,0.2735312068566532,0.0003779753861475919,0.11177193088288168,False,False,False,False
DV3_Partner_Diversification,BHS,2014,0.3399276323881038,0.0005836060617008293,0.10768345238181429,False,False,False,False
DV3_Partner_Diversification,BHS,2015,0.12239106347094306,7.569765515929031e-05,0.10723556157727797,False,False,False,False
DV3_Partner_Diversification,BHS,2016,0.052720513718108916,1.4046595999035168e-05,0.10729873868824541,False,False,False,False
DV3_Partner_Diversification,BHS,2017,0.3164258039793036,0.0005057446164950575,0.10950736271429491,False,False,False,False
DV3_Partner_Diversification,BHS,2018,0.1918757727707404,0.00018602517511262433,0.10722532828660031,False,False,False,False
DV3_Partner_Diversification,BHS,2019,0.12437155385971366,7.816751694019153e-05,0.11374043443819669,False,False,False,False
DV3_Partner_Diversification,BHS,2020,0.499090763791964,0.0012572766419387672,0.11440805499760402,False,False,False,False
DV3_Partner_Diversification,BHS,2021,0.14343890973394083,0.00010396947091951758,0.11150815010746187,False,False,False,False
DV3_Partner_Diversification,BIH,2012,0.0652372297705364,2.1507969983480566e-05,0.10786968823688878,False,False,False,False
DV3_Partner_Diversification,BIH,2013,0.01683925676706894,1.433057303666534e-06,0.1077914562605392,False,False,False,False
DV3_Partner_Diversification,BIH,2014,0.04787558647130969,1.1583540933525189e-05,0.10999581646497247,False,False,False,False
DV3_Partner_Diversification,BIH,2015,0.011648137641640369,6.856951039211086e-07,0.10628043140866798,False,False,False,False
DV3_Partner_Diversification,BIH,2016,0.024517970338996976,3.037987423210751e-06,0.10565987319203173,False,False,False,False
DV3_Partner_Diversification,BIH,2017,0.0005422440702895467,1.485963037074872e-09,0.10596143290066129,False,False,False,False
DV3_Partner_Diversification,BIH,2018,0.026203125051178274,3.4699476894973736e-06,0.10641101498693244,False,False,False,False
DV3_Partner_Diversification,BIH,2019,0.008979778071937726,4.0752044590657456e-07,0.10814888030237191,False,False,False,False
DV3_Partner_Diversification,BIH,2020,0.10583028563020698,5.659945040532804e-05,0.10848987539378106,False,False,False,False
DV3_Partner_Diversification,BIH,2021,0.020521331140019475,2.1282786018111736e-06,0.11040848916516768,False,False,False,False
DV3_Partner_Diversification,BLR,2012,0.39110223583242276,0.0007724111319008495,0.11012998129151384,False,False,False,False
DV3_Partner_Diversification,BLR,2013,0.19706689318011758,0.0001962251768487227,0.10798116594194093,False,False,False,False
DV3_Partner_Diversification,BLR,2014,0.08571917190298683,3.713275407511065e-05,0.10832504149453343,False,False,False,False
DV3_Partner_Diversification,BLR,2015,0.3711946346414302,0.0006958153098501547,0.10650112895328637,False,False,False,False
DV3_Partner_Diversification,BLR,2016,0.2796288695529818,0.0003949995901315434,0.10665097128651932,False,False,False,False
DV3_Partner_Diversification,BLR,2017,0.38836986582237765,0.0007616441901295841,0.10690219149278832,False,False,False,False
DV3_Partner_Diversification,BLR,2018,0.06601232401098511,2.202207450155304e-05,0.1080674909088335,False,False,False,False
DV3_Partner_Diversification,BLR,2019,0.047119429930433325,1.1220528408081477e-05,0.10934870512461282,False,False,False,False
DV3_Partner_Diversification,BLR,2020,0.0680489204702409,2.3401843870956574e-05,0.10855595756688899,False,False,False,False
DV3_Partner_Diversification,BLR,2021,0.10905019118027383,6.009579670128382e-05,0.11051462197513928,False,False,False,False
DV3_Partner_Diversification,BLZ,2012,0.13675223500368025,9.450264859092088e-05,0.1092066942347093,False,False,False,False
DV3_Partner_Diversification,BLZ,2013,0.1637161474425581,0.00013543757396617683,0.10883578654196997,False,False,False,False
DV3_Partner_Diversification,BLZ,2014,0.3044654330772935,0.00046824763994635977,0.10727521655343601,False,False,False,False
DV3_Partner_Diversification,BLZ,2015,0.17707604965271395,0.00015843968099258282,0.10719584771464985,False,False,False,False
DV3_Partner_Diversification,BLZ,2016,0.11979769805870266,7.252388399647633e-05,0.10615978662175325,False,False,False,False
DV3_Partner_Diversification,BLZ,2017,0.8296540186001498,0.0034655988241360596,0.10655299048721688,True,True,False,True
DV3_Partner_Diversification,BLZ,2018,0.7473762483630875,0.0028143216585745103,0.10679261537014405,True,True,False,True
DV3_Partner_Diversification,BLZ,2019,0.11809708448354232,7.047973119218258e-05,0.10852497116954349,False,False,False,False
DV3_Partner_Diversification,BLZ,2020,0.32907566680776257,0.0005469717560966836,0.11137548178971667,False,False,False,False
DV3_Partner_Diversification,BLZ,2021,0.5167300508149025,0.001347488888415617,0.10869732542832174,False,False,False,False
DV3_Partner_Diversification,BMU,2012,0.8725183890158404,0.003832009370054194,0.11015476861561457,True,True,False,True
DV3_Partner_Diversification,BMU,2013,0.5044507200337192,0.001284269888214121,0.10738995138508232,False,False,False,False
DV3_Partner_Diversification,BMU,2014,0.593084790680277,0.0017744114579256167,0.11109633714444324,False,False,False,False
DV3_Partner_Diversification,BMU,2015,0.1049459009823764,5.565745439794413e-05,0.10724691694696198,False,False,False,False
DV3_Partner_Diversification,BMU,2016,0.41365863643424844,0.0008639691507380316,0.10713456759345523,False,False,False,False
DV3_Partner_Diversification,BMU,2017,0.6056636324031341,0.0018501906416872904,0.10729569105537771,False,False,False,False
DV3_Partner_Diversification,BMU,2018,1.0386697462246224,0.005420281222103778,0.10681422231771033,True,True,False,True
DV3_Partner_Diversification,BMU,2019,1.3297868284961596,0.008855629026514305,0.11189893142811937,True,True,False,True
DV3_Partner_Diversification,BMU,2020,1.258830674546516,0.007943744901146226,0.11261483643711918,True,True,False,True
DV3_Partner_Diversification,BMU,2021,0.4660479462045585,0.001096480188602142,0.11395647605185012,False,False,False,False
DV3_Partner_Diversification,BOL,2012,0.3926214068930775,0.0007784421155323776,0.11391264210620751,False,False,False,False
DV3_Partner_Diversification,BOL,2013,0.34573418496784825,0.0006037092073483088,0.10965238433967064,False,False,False,False
DV3_Partner_Diversification,BOL,2014,0.311378929002246,0.0004897480165686561,0.10927045772392725,False,False,False,False
DV3_Partner_Diversification,BOL,2015,0.24371045946143038,0.0003000719938679752,0.10654845815903076,False,False,False,False
DV3_Partner_Diversification,BOL,2016,0.09411427760196753,4.476187042052087e-05,0.10602567638612327,False,False,False,False
DV3_Partner_Diversification,BOL,2017,0.13484805977867423,9.188926914595377e-05,0.10712428921646845,False,False,False,False
DV3_Partner_Diversification,BOL,2018,0.13430267140467148,9.114761115040437e-05,0.1076839919987042,False,False,False,False
DV3_Partner_Diversification,BOL,2019,0.19967613184178767,0.00020145560251246092,0.11016496118548552,False,False,False,False
DV3_Partner_Diversification,BOL,2020,0.31476520085138787,0.0005004508368244994,0.10869974074065665,False,False,False,False
DV3_Partner_Diversification,BOL,2021,0.4021506577730426,0.000816618264920906,0.10847946363801873,False,False,False,False
DV3_Partner_Diversification,BRA,2012,0.04031449395295869,8.213669560035505e-06,0.1140101257183011,False,False,False,False
DV3_Partner_Diversification,BRA,2013,0.06586238980184002,2.1922169963299624e-05,0.11141551851476858,False,False,False,False
DV3_Partner_Diversification,BRA,2014,0.09895869922397159,4.9488404524848065e-05,0.10823187100979789,False,False,False,False
DV3_Partner_Diversification,BRA,2015,0.1248034077546732,7.871094471751271e-05,0.10891523922215218,False,False,False,False
DV3_Partner_Diversification,BRA,2016,0.04419903089596508,9.872775169129918e-06,0.10686082783740836,False,False,False,False
DV3_Partner_Diversification,BRA,2017,0.02511882903225417,3.1887150814079455e-06,0.10997697868094453,False,False,False,False
DV3_Partner_Diversification,BRA,2018,0.10980249161672234,6.092768738953127e-05,0.10856800891765678,False,False,False,False
DV3_Partner_Diversification,BRA,2019,0.11116119584332454,6.244489759148278e-05,0.11179840620537657,False,False,False,False
DV3_Partner_Diversification,BRA,2020,0.1253677877761911,7.942477818230217e-05,0.11503119297370726,False,False,False,False
DV3_Partner_Diversification,BRA,2021,0.058876572168466895,1.7518451999294564e-05,0.11335700380438508,False,False,False,False
DV3_Partner_Diversification,BRN,2012,0.42146876240170594,0.0008968987961038236,0.11042908634927592,False,False,False,False
DV3_Partner_Diversification,BRN,2013,0.21427289811156744,0.00023197738052311374,0.10829064548176598,False,False,False,False
DV3_Partner_Diversification,BRN,2014,0.14916870782132058,0.00011244009329512925,0.10705954125659366,False,False,False,False
DV3_Partner_Diversification,BRN,2015,0.2865296574219471,0.00041473126242131937,0.10877436818136019,False,False,False,False
DV3_Partner_Diversification,BRN,2016,0.14875464301566801,0.0001118168253829351,0.10717658117085503,False,False,False,False
DV3_Partner_Diversification,BRN,2017,0.16199799052781386,0.00013260993005827188,0.10782390407242176,False,False,False,False
DV3_Partner_Diversification,BRN,2018,0.025162306994727986,3.1997630627285994e-06,0.10841466372518395,False,False,False,False
DV3_Partner_Diversification,BRN,2019,0.1778517487436928,0.00015983090695705627,0.10826310538868075,False,False,False,False
DV3_Partner_Diversification,BRN,2020,0.4242233295355942,0.000908639183176968,0.10925235810807897,False,False,False,False
DV3_Partner_Diversification,BRN,2021,0.5074567027079159,0.0012997908051344644,0.11852680284309203,False,False,False,False
DV3_Partner_Diversification,BTN,2012,0.07520292961406883,2.85808512388169e-05,0.11181154830789364,False,False,False,False
DV3_Partner_Diversification,BTN,2013,1.0042767745048393,0.005070089389704755,0.10995944121267857,True,True,False,True
DV3_Partner_Diversification,BTN,2014,0.5020717032331047,0.0012722150082212667,0.10813454483030101,False,False,False,False
DV3_Partner_Diversification,BTN,2015,0.49579194120433967,0.0012406152193297326,0.10722090293363312,False,False,False,False
DV3_Partner_Diversification,BTN,2016,1.1305282687408125,0.0064150807968859705,0.10816351652630689,True,True,False,True
DV3_Partner_Diversification,BTN,2017,0.7191580240468427,0.002606401171352374,0.10675795657595435,True,True,False,True
DV3_Partner_Diversification,BTN,2018,1.353192447421789,0.009164065741520054,0.10844971263628249,True,True,False,True
DV3_Partner_Diversification,BTN,2019,0.8873104169958579,0.003962381767734477,0.10945975812810964,True,True,False,True
DV3_Partner_Diversification,BTN,2020,0.6901219596402465,0.0024007690310143097,0.10754414196284828,True,True,False,True
DV3_Partner_Diversification,BTN,2021,1.599826961961114,0.01275866318198602,0.10793850295782424,True,True,False,True
DV3_Partner_Diversification,BWA,2012,1.8432927791412974,0.016873634431587656,0.11169493226975882,True,True,False,True
DV3_Partner_Diversification,BWA,2013,0.36790910978899954,0.0006835875131156881,0.11166601615038979,False,False,False,False
DV3_Partner_Diversification,BWA,2014,0.29762765511555955,0.0004474633606481608,0.10800848114876524,False,False,False,False
DV3_Partner_Diversification,BWA,2015,0.3356001422340651,0.0005688487423636261,0.10725198090334724,False,False,False,False
DV3_Partner_Diversification,BWA,2016,0.29305578653758696,0.0004338235198027531,0.10578129651420595,False,False,False,False
DV3_Partner_Diversification,BWA,2017,0.11945470174553119,7.21094544542403e-05,0.11023335468986399,False,False,False,False
DV3_Partner_Diversification,BWA,2018,0.25102677784244015,0.00031835305973241704,0.1068064557169018,False,False,False,False
DV3_Partner_Diversification,BWA,2019,0.343554558271976,0.0005961212765334895,0.1084374452013589,False,False,False,False
DV3_Partner_Diversification,BWA,2020,0.3093220274925922,0.0004833015778111271,0.10897250283712066,False,False,False,False
DV3_Partner_Diversification,BWA,2021,0.19972167273349506,0.00020154739422004075,0.10995057981054458,False,False,False,False
DV3_Partner_Diversification,CAF,2012,0.0894734106123869,4.045675232779612e-05,0.12885572419781638,False,False,False,False
DV3_Partner_Diversification,CAF,2013,0.15101992507188897,0.00011524795792573116,0.10761276720288704,False,False,False,False
DV3_Partner_Diversification,CAF,2014,0.36059120331145994,0.0006567612149369959,0.13263208244975924,False,False,False,False
DV3_Partner_Diversification,CAF,2015,0.29045585292604964,0.0004261653924258424,0.10662387735452172,False,False,False,False
DV3_Partner_Diversification,CAF,2016,0.40194652887681886,0.0008158164341127615,0.11219517990664513,False,False,False,False
DV3_Partner_Diversification,CAF,2017,0.24405252256485546,0.0003009152170435301,0.10710108376972259,False,False,False,False
DV3_Partner_Diversification,CAF,2018,0.2611808850000518,0.0003446188918141238,0.106636702207102,False,False,False,False
DV3_Partner_Diversification,CAF,2019,0.07108882245366933,2.5539299478925586e-05,0.10636059034163033,False,False,False,False
DV3_Partner_Diversification,CAF,2020,0.27991680940353114,0.00039581476273462776,0.10757078521785443,False,False,False,False
DV3_Partner_Diversification,CAF,2021,0.06942744672382126,2.4359555170602986e-05,0.10693800555086949,False,False,False,False
DV3_Partner_Diversification,CAN,2012,0.02174801217140189,2.39032215882944e-06,0.11035619060619582,False,False,False,False
DV3_Partner_Diversification,CAN,2013,0.06515483023682088,2.145368088909734e-05,0.10940101104154328,False,False,False,False
DV3_Partner_Diversification,CAN,2014,0.12683224707727392,8.129052185823915e-05,0.10759358147307327,False,False,False,False
DV3_Partner_Diversification,CAN,2015,0.11025274920024332,6.142839282646121e-05,0.10934147967188944,False,False,False,False
DV3_Partner_Diversification,CAN,2016,0.12592340021838308,8.012979176348293e-05,0.1077266777643402,False,False,False,False
DV3_Partner_Diversification,CAN,2017,0.07118816472689722,2.5610754428818507e-05,0.11021171144571913,False,False,False,False
DV3_Partner_Diversification,CAN,2018,0.022320791935740443,2.5178879852418952e-06,0.10718359539492114,False,False,False,False
DV3_Partner_Diversification,CAN,2019,0.07541505244195185,2.8742331504295833e-05,0.1145955463878528,False,False,False,False
DV3_Partner_Diversification,CAN,2020,0.3081910769864348,0.00047979470844182026,0.11712292922172993,False,False,False,False
DV3_Partner_Diversification,CAN,2021,0.13692820476003828,9.474659197761637e-05,0.11578249044909024,False,False,False,False
DV3_Partner_Diversification,CHE,2012,0.0007623992163553623,2.937536458445985e-09,0.10801956876580351,False,False,False,False
DV3_Partner_Diversification,CHE,2013,0.04678051893140279,1.1059698615352746e-05,0.10734567722322759,False,False,False,False
DV3_Partner_Diversification,CHE,2014,0.02542637862856022,3.2672763794815344e-06,0.10697303421188915,False,False,False,False
DV3_Partner_Diversification,CHE,2015,0.02894525134692442,4.2341972602548755e-06,0.10874819433700797,False,False,False,False
DV3_Partner_Diversification,CHE,2016,0.030005421095723565,4.550044979953638e-06,0.10633171929177604,False,False,False,False
DV3_Partner_Diversification,CHE,2017,0.037885798406247825,7.25383965478294e-06,0.10920980257879939,False,False,False,False
DV3_Partner_Diversification,CHE,2018,0.028589059278218476,4.130628708321952e-06,0.10599444776212014,False,False,False,False
DV3_Partner_Diversification,CHE,2019,0.002027274817922237,2.0770340968994296e-08,0.1060930404703647,False,False,False,False
DV3_Partner_Diversification,CHE,2020,0.09721172919666769,4.7756686642861433e-05,0.11070577804091104,False,False,False,False
DV3_Partner_Diversification,CHE,2021,0.017302226706080143,1.5129399231129417e-06,0.10852860364074482,False,False,False,False
DV3_Partner_Diversification,CHL,2012,0.13442837189846943,9.131868277330255e-05,0.11204300777033872,False,False,False,False
DV3_Partner_Diversification,CHL,2013,0.17926058390723376,0.00016237324316329045,0.11028417586199321,False,False,False,False
DV3_Partner_Diversification,CHL,2014,0.18876230627348733,0.0001800384767076944,0.10784711270095794,False,False,False,False
DV3_Partner_Diversification,CHL,2015,0.14676616721214597,0.0001088479721876042,0.10899444179310389,False,False,False,False
DV3_Partner_Diversification,CHL,2016,0.03822334122888266,7.383668951682055e-06,0.10689773773703123,False,False,False,False
DV3_Partner_Diversification,CHL,2017,0.05957491660408143,1.7936474680989684e-05,0.10956964593941804,False,False,False,False
DV3_Partner_Diversification,CHL,2018,0.12061967909503711,7.352247037202065e-05,0.10648057899439167,False,False,False,False
DV3_Partner_Diversification,CHL,2019,0.11858093048688058,7.105846210756959e-05,0.10994988160629457,False,False,False,False
DV3_Partner_Diversification,CHL,2020,0.37404825636012434,0.000706591830132494,0.11509325875238327,False,False,False,False
DV3_Partner_Diversification,CHL,2021,0.1508855573787037,0.00011504444994909843,0.1184621065431657,False,False,False,False
DV3_Partner_Diversification,CHN,2012,0.021187887050702202,2.268781629215743e-06,0.11442026232842882,False,False,False,False
DV3_Partner_Diversification,CHN,2013,0.020252632470927866,2.0729098860658053e-06,0.11176914965400975,False,False,False,False
DV3_Partner_Diversification,CHN,2014,0.009326744531563798,4.3962091125107013e-07,0.10763696416629091,False,False,False,False
DV3_Partner_Diversification,CHN,2015,0.0014861934720665749,1.1162695497794393e-08,0.10883242017632,False,False,False,False
DV3_Partner_Diversification,CHN,2016,0.044596634315859175,1.0051197299064243e-05,0.10607821558556982,False,False,False,False
DV3_Partner_Diversification,CHN,2017,0.027145504406331445,3.7240244465741543e-06,0.10989998101290156,False,False,False,False
DV3_Partner_Diversification,CHN,2018,0.04733662807985285,1.1324204286036626e-05,0.10661275938701831,False,False,False,False
DV3_Partner_Diversification,CHN,2019,0.03631036855674033,6.663103935382657e-06,0.10732216895015828,False,False,False,False
DV3_Partner_Diversification,CHN,2020,0.05685635142956078,1.63368813198951e-05,0.11291753974154281,False,False,False,False
DV3_Partner_Diversification,CHN,2021,0.021206015624962278,2.272665572953875e-06,0.11260273979167156,False,False,False,False
DV3_Partner_Diversification,CIV,2012,0.11508866986713985,6.693528513921952e-05,0.11680828395387119,False,False,False,False
DV3_Partner_Diversification,CIV,2013,0.03866129160622536,7.553837258689851e-06,0.10865599524302702,False,False,False,False
DV3_Partner_Diversification,CIV,2014,0.01577626487728345,1.257842214035636e-06,0.10574407196006692,False,False,False,False
DV3_Partner_Diversification,CIV,2015,0.05186729724287481,1.3595627064731023e-05,0.10687804598156558,False,False,False,False
DV3_Partner_Diversification,CIV,2016,0.06898730358775149,2.4051673498297328e-05,0.10566956636571409,False,False,False,False
DV3_Partner_Diversification,CIV,2017,0.11749092013894831,6.975803348412824e-05,0.10674837107575469,False,False,False,False
DV3_Partner_Diversification,CIV,2018,0.10086813898970866,5.141646583240336e-05,0.10663365216836425,False,False,False,False
DV3_Partner_Diversification,CIV,2019,0.0023825312580540866,2.868769039282351e-08,0.1069035836398622,False,False,False,False
DV3_Partner_Diversification,CIV,2020,0.11379348523530547,6.543687870539287e-05,0.10714907701096096,False,False,False,False
DV3_Partner_Diversification,CIV,2021,0.09352780852702161,4.420582518753278e-05,0.10844624595272473,False,False,False,False
DV3_Partner_Diversification,CMR,2012,0.09164305371561285,4.244215577121829e-05,0.10618164579189705,False,False,False,False
DV3_Partner_Diversification,CMR,2013,0.04943586753014599,1.2350850781461867e-05,0.10628666179947015,False,False,False,False
DV3_Partner_Diversification,CMR,2014,0.06969228839373134,2.454576335840399e-05,0.10874714758519038,False,False,False,False
DV3_Partner_Diversification,CMR,2015,0.05742272497800682,1.6663961319353554e-05,0.10792352426158837,False,False,False,False
DV3_Partner_Diversification,CMR,2016,0.042438771420548506,9.102059447342226e-06,0.1057048327356867,False,False,False,False
DV3_Partner_Diversification,CMR,2017,0.021497006479539053,2.3354644121855684e-06,0.10603693938429945,False,False,False,False
DV3_Partner_Diversification,CMR,2018,0.02577267541222014,3.3568802878023813e-06,0.10908525690773774,False,False,False,False
DV3_Partner_Diversification,CMR,2019,0.07271367407383099,2.6720108012845526e-05,0.10826439422839239,False,False,False,False
DV3_Partner_Diversification,CMR,2020,0.11805674299543638,7.043151869654994e-05,0.10719787525385349,False,False,False,False
DV3_Partner_Diversification,CMR,2021,0.1459981132811065,0.00010771168418268699,0.10777278814767074,False,False,False,False
DV3_Partner_Diversification,COD,2012,0.49116332727534234,0.001217637581276771,0.11019875555150438,False,False,False,False
DV3_Partner_Diversification,COD,2013,0.14484130664545256,0.00010601193488276505,0.10930393138387631,False,False,False,False
DV3_Partner_Diversification,COD,2014,0.38305753261105474,0.0007409971159310641,0.11200239316064026,False,False,False,False
DV3_Partner_Diversification,COD,2015,0.20627987350082008,0.00021499810243693032,0.11018028626686716,False,False,False,False
DV3_Partner_Diversification,COD,2016,0.32856098935909456,0.0005452581825792464,0.10980489577718117,False,False,False,False
DV3_Partner_Diversification,COD,2017,0.1371872339169443,9.510492299312011e-05,0.11093182701156964,False,False,False,False
DV3_Partner_Diversification,COD,2018,0.007099357944806693,2.5471611170567937e-07,0.11062489243191909,False,False,False,False
DV3_Partner_Diversification,COD,2019,0.07932813802070977,3.1802435034307465e-05,0.12468501755602913,False,False,False,False
DV3_Partner_Diversification,COD,2020,0.49115418588172655,0.001217770345616973,0.12276718014809733,False,False,False,False
DV3_Partner_Diversification,COD,2021,0.3760535421330893,0.0007143038052749243,0.1458909373056842,False,False,False,False
DV3_Partner_Diversification,COG,2012,0.29947855896706876,0.0004530626136016059,0.1171811822813549,False,False,False,False
DV3_Partner_Diversification,COG,2013,0.06901687624583185,2.4072340336583198e-05,0.1124254381355663,False,False,False,False
DV3_Partner_Diversification,COG,2014,0.01509708333461875,1.1518713534632534e-06,0.11225780337780476,False,False,False,False
DV3_Partner_Diversification,COG,2015,0.7716444518223988,0.0030012247154647025,0.12749630430826986,True,True,False,True
DV3_Partner_Diversification,COG,2016,0.46711220947415655,0.0011016078090718808,0.12480530914020181,False,False,False,False
DV3_Partner_Diversification,COG,2017,0.04878120718601332,1.20259076276264e-05,0.10743738548745385,False,False,False,False
DV3_Partner_Diversification,COG,2018,0.972536269745556,0.004757936884958696,0.1174546594448438,True,True,False,True
DV3_Partner_Diversification,COG,2019,0.7025586396308715,0.002488688468796538,0.12130865800975574,True,True,False,True
DV3_Partner_Diversification,COG,2020,0.07123496247326726,2.5644521962048345e-05,0.12392160646950082,False,False,False,False
DV3_Partner_Diversification,COG,2021,0.07564577832879296,2.8918522865412232e-05,0.12210723182419962,False,False,False,False
DV3_Partner_Diversification,COL,2012,0.21107940248371582,0.00022511638840560426,0.10929803060231642,False,False,False,False
DV3_Partner_Diversification,COL,2013,0.034851044400842426,6.13828639782438e-06,0.10848522837668786,False,False,False,False
DV3_Partner_Diversification,COL,2014,0.06290897470416912,2.0000195244364745e-05,0.10706044963757987,False,False,False,False
DV3_Partner_Diversification,COL,2015,0.01245963561836438,7.845645963795978e-07,0.10875585832127893,False,False,False,False
DV3_Partner_Diversification,COL,2016,0.21058332373572516,0.0002240581702042875,0.10647471747094796,False,False,False,False
DV3_Partner_Diversification,COL,2017,0.026012695449378554,3.4196962664954163e-06,0.10938595767216379,False,False,False,False
DV3_Partner_Diversification,COL,2018,0.08329920686651202,3.506578835777047e-05,0.10651960579229398,False,False,False,False
DV3_Partner_Diversification,COL,2019,0.002509864824539299,3.1836039420718734e-08,0.10909592334904816,False,False,False,False
DV3_Partner_Diversification,COL,2020,0.10603263643048715,5.6816241489588966e-05,0.11312036310529773,False,False,False,False
DV3_Partner_Diversification,COL,2021,0.19340204059120503,0.000188997126985594,0.1106345808248923,False,False,False,False
DV3_Partner_Diversification,COM,2012,0.11188678011901677,6.326246988214488e-05,0.10649758092749642,False,False,False,False
DV3_Partner_Diversification,COM,2013,0.3818892629412433,0.0007364538691704921,0.10628329013031841,False,False,False,False
DV3_Partner_Diversification,COM,2014,0.27394609559459693,0.0003791165035423896,0.10792620283402805,False,False,False,False
DV3_Partner_Diversification,COM,2015,0.008472483079673061,3.6277690950122596e-07,0.10811386253175853,False,False,False,False
DV3_Partner_Diversification,COM,2016,0.2225255047024541,0.00025018548028854715,0.10810479322206887,False,False,False,False
DV3_Partner_Diversification,COM,2017,0.19167468440003418,0.00018563535575413272,0.106742730571126,False,False,False,False
DV3_Partner_Diversification,COM,2018,0.5994944540185665,0.001812710182317452,0.10584864518756636,False,False,False,False
DV3_Partner_Diversification,COM,2019,0.28955390212808924,0.00042353257739131435,0.11101547621841952,False,False,False,False
DV3_Partner_Diversification,COM,2020,0.045694743599109064,1.0552273085457898e-05,0.10879300360495768,False,False,False,False
DV3_Partner_Diversification,COM,2021,0.1320145521662782,8.806925049004842e-05,0.11593258188703522,False,False,False,False
DV3_Partner_Diversification,CPV,2012,0.45693477219118467,0.0010540298618053909,0.11104205364789779,False,False,False,False
DV3_Partner_Diversification,CPV,2013,0.6074226390175087,0.0018609649545655034,0.10816072166612943,False,False,False,False
DV3_Partner_Diversification,CPV,2014,0.07189139552121139,2.6119209597736653e-05,0.10742095815799661,False,False,False,False
DV3_Partner_Diversification,CPV,2015,0.27373836340591934,0.0003785405942516867,0.10705603185445206,False,False,False,False
DV3_Partner_Diversification,CPV,2016,0.05755637915241553,1.674162284437432e-05,0.10801449834903228,False,False,False,False
DV3_Partner_Diversification,CPV,2017,0.4139614606263284,0.0008652284277476493,0.10654863089621443,False,False,False,False
DV3_Partner_Diversification,CPV,2018,0.5319694634346794,0.001427976857484662,0.1068322901647449,False,False,False,False
DV3_Partner_Diversification,CPV,2019,0.3513814519013935,0.000623574587996168,0.10851390521785548,False,False,False,False
DV3_Partner_Diversification,CPV,2020,0.7150636162032769,0.002576927544358378,0.10726037686288085,True,True,False,True
DV3_Partner_Diversification,CPV,2021,0.3935488409944997,0.0007820910696451622,0.109177177825591,False,False,False,False
DV3_Partner_Diversification,CRI,2012,0.22251068321162287,0.00025015117317607846,0.10669360183109368,False,False,False,False
DV3_Partner_Diversification,CRI,2013,0.14035594559783968,9.954813951739e-05,0.10653058817224409,False,False,False,False
DV3_Partner_Diversification,CRI,2014,0.07061280370561125,2.5198425730966575e-05,0.10633813510901045,False,False,False,False
DV3_Partner_Diversification,CRI,2015,0.0458724465184808,1.0634502700671002e-05,0.10656507001382484,False,False,False,False
DV3_Partner_Diversification,CRI,2016,0.06437423014261413,2.0942696007337217e-05,0.10621148619311481,False,False,False,False
DV3_Partner_Diversification,CRI,2017,0.12576295161346496,7.992565992911192e-05,0.10660783713067501,False,False,False,False
DV3_Partner_Diversification,CRI,2018,0.04339249397340547,9.515751848671355e-06,0.1060999040099128,False,False,False,False
DV3_Partner_Diversification,CRI,2019,0.08629186078745525,3.763057960522378e-05,0.10968440605066379,False,False,False,False
DV3_Partner_Diversification,CRI,2020,0.17978982708951227,0.00016333322687111338,0.11014615983264227,False,False,False,False
DV3_Partner_Diversification,CRI,2021,0.14771502791287375,0.00011025999271792857,0.11056894890762102,False,False,False,False
DV3_Partner_Diversification,CUB,2012,0.05121006464634733,1.3253290604584149e-05,0.12284653446476783,False,False,False,False
DV3_Partner_Diversification,CUB,2013,0.1649528797311943,0.0001374933878718045,0.12041824995508704,False,False,False,False
DV3_Partner_Diversification,CUB,2014,0.19351061766971114,0.00018921190978089304,0.11783831679106271,False,False,False,False
DV3_Partner_Diversification,CUB,2015,0.1347211782303325,9.171738760173016e-05,0.11807642194148242,False,False,False,False
DV3_Partner_Diversification,CUB,2016,0.02846552936224701,4.09501217177955e-06,0.11808617673937269,False,False,False,False
DV3_Partner_Diversification,CUB,2017,0.04374765302970095,9.672167171074502e-06,0.11672495392938542,False,False,False,False
DV3_Partner_Diversification,CUB,2018,0.2886819519730852,0.00042099991183524216,0.11860266194699384,False,False,False,False
DV3_Partner_Diversification,CUB,2019,0.20900674056704516,0.00022072220833604752,0.1176367417696474,False,False,False,False
DV3_Partner_Diversification,CUB,2020,0.01706889221742829,1.4724090063139387e-06,0.12265715674112344,False,False,False,False
DV3_Partner_Diversification,CYM,2017,0.7720071952811912,0.0030086436181733706,0.256284483136688,True,True,True,True
DV3_Partner_Diversification,CYM,2018,1.8804097536615072,0.017750020329969907,0.25474310927462906,True,True,True,True
DV3_Partner_Diversification,CYM,2019,1.8256220867623538,0.01673718702935865,0.25470436045889955,True,True,True,True
DV3_Partner_Diversification,CYM,2020,0.7175284610427217,0.0025993990384599024,0.2562436349167994,True,True,True,True
DV3_Partner_Diversification,CYP,2012,0.405841096127034,0.0008317131937605113,0.11573249031614438,False,False,False,False
DV3_Partner_Diversification,CYP,2013,0.26271815307511737,0.00034869162962330964,0.11084463754917825,False,False,False,False
DV3_Partner_Diversification,CYP,2014,0.006278860841576707,1.9924159378069138e-07,0.10731516861312528,False,False,False,False
DV3_Partner_Diversification,CYP,2015,0.055365169858759236,1.5491174588124615e-05,0.10631592131081542,False,False,False,False
DV3_Partner_Diversification,CYP,2016,0.025290227499884806,3.2323793363979765e-06,0.1057204161689586,False,False,False,False
DV3_Partner_Diversification,CYP,2017,0.021043589954301032,2.2379840537252542e-06,0.1061211045565174,False,False,False,False
DV3_Partner_Diversification,CYP,2018,0.04598277640470576,1.0685717912960835e-05,0.10598744678770013,False,False,False,False
DV3_Partner_Diversification,CYP,2019,0.07181472308615833,2.6063519815323426e-05,0.10630427154301895,False,False,False,False
DV3_Partner_Diversification,CYP,2020,0.30281492599795456,0.0004631972253606107,0.11161197447675972,False,False,False,False
DV3_Partner_Diversification,CYP,2021,0.23899829159171138,0.0002885925811068381,0.11653948955441831,False,False,False,False
DV3_Partner_Diversification,CZE,2012,0.014383115958948142,1.0454995666338912e-06,0.10679030779118377,False,False,False,False
DV3_Partner_Diversification,CZE,2013,0.08092120972319813,3.3092342069514405e-05,0.106323851390365,False,False,False,False
DV3_Partner_Diversification,CZE,2014,0.022008148924655878,2.4478469654399414e-06,0.10642702780944027,False,False,False,False
DV3_Partner_Diversification,CZE,2015,0.025693549974160533,3.336299553778917e-06,0.10637177488436216,False,False,False,False
DV3_Partner_Diversification,CZE,2016,0.09112242399582016,4.196130845068896e-05,0.10587672517237809,False,False,False,False
DV3_Partner_Diversification,CZE,2017,0.04614025412539578,1.0759033358989805e-05,0.10597646353592495,False,False,False,False
DV3_Partner_Diversification,CZE,2018,0.07551218847303612,2.8816336808553673e-05,0.10541166280892442,False,False,False,False
DV3_Partner_Diversification,CZE,2019,0.0036997869782463867,6.917860350507382e-08,0.10636961493073023,False,False,False,False
DV3_Partner_Diversification,CZE,2020,0.11902737729232993,7.159433374220375e-05,0.10722367383708578,False,False,False,False
DV3_Partner_Diversification,CZE,2021,0.051689620758148765,1.3502643760850543e-05,0.10790184803880346,False,False,False,False
DV3_Partner_Diversification,DEU,2012,0.04963357739785526,1.2449839944350672e-05,0.10797066573207871,False,False,False,False
DV3_Partner_Diversification,DEU,2013,0.012572765831457057,7.988765334852957e-07,0.10709377082204265,False,False,False,False
DV3_Partner_Diversification,DEU,2014,0.008875695586466528,3.981282494952589e-07,0.1066307340337692,False,False,False,False
DV3_Partner_Diversification,DEU,2015,0.003527966046340366,6.290239027761484e-08,0.10849423891177196,False,False,False,False
DV3_Partner_Diversification,DEU,2016,0.02708719455680285,3.708042352435967e-06,0.10614599416679693,False,False,False,False
DV3_Partner_Diversification,DEU,2017,0.007511326184519336,2.851356353649903e-07,0.10908177355640769,False,False,False,False
DV3_Partner_Diversification,DEU,2018,0.019063808552848283,1.8366941819877748e-06,0.1059428933344479,False,False,False,False
DV3_Partner_Diversification,DEU,2019,0.0024453232041127936,3.021975283678381e-08,0.10600471286201463,False,False,False,False
DV3_Partner_Diversification,DEU,2020,0.06674337619267036,2.251254181461039e-05,0.11027862750062765,False,False,False,False
DV3_Partner_Diversification,DEU,2021,0.018244134680837028,1.6821477721055482e-06,0.10812400591691804,False,False,False,False
DV3_Partner_Diversification,DJI,2013,0.7791172311758968,0.0030605522940249704,0.1437814704944414,True,True,False,True
DV3_Partner_Diversification,DJI,2014,0.16511662987869172,0.00013776634242670336,0.11967118380756193,False,False,False,False
DV3_Partner_Diversification,DJI,2015,0.2947038917251001,0.0004387403695006876,0.11889989347927585,False,False,False,False
DV3_Partner_Diversification,DJI,2016,0.260568749431295,0.0003430448508189138,0.14656210014412085,False,False,False,False
DV3_Partner_Diversification,DJI,2017,0.24845648876133078,0.00031188290948003266,0.12074538913695174,False,False,False,False
DV3_Partner_Diversification,DJI,2018,0.28132129429989816,0.00039981278388698363,0.11852942445181458,False,False,False,False
DV3_Partner_Diversification,DJI,2019,0.6138545290396209,0.0019012021636331839,0.12901672499077702,False,False,False,False
DV3_Partner_Diversification,DJI,2020,0.7417986426511917,0.0027749481048800376,0.14285157189046288,True,True,False,True
DV3_Partner_Diversification,DJI,2021,3.06910789435054,0.04575342977380436,0.13203490298250603,True,True,False,True
DV3_Partner_Diversification,DNK,2012,0.11787443676873849,7.021422439162773e-05,0.10802664949416874,False,False,False,False
DV3_Partner_Diversification,DNK,2013,0.015604491489671317,1.2306003977016213e-06,0.1073090437960968,False,False,False,False
DV3_Partner_Diversification,DNK,2014,0.0016438919796595293,1.3657302571545755e-08,0.10673836587287618,False,False,False,False
DV3_Partner_Diversification,DNK,2015,0.0264173576283473,3.5269191841692137e-06,0.10847115821010034,False,False,False,False
DV3_Partner_Diversification,DNK,2016,0.025196617717625273,3.2084949642861716e-06,0.10616870854621756,False,False,False,False
DV3_Partner_Diversification,DNK,2017,0.019072590297161216,1.8383868440190754e-06,0.10936903613593044,False,False,False,False
DV3_Partner_Diversification,DNK,2018,0.013567068420131341,9.302292132827912e-07,0.10595170881360513,False,False,False,False
DV3_Partner_Diversification,DNK,2019,0.01133093911769009,6.488583377281323e-07,0.10611200876627357,False,False,False,False
DV3_Partner_Diversification,DNK,2020,0.08009546645124958,3.2420489118546085e-05,0.11021375065130523,False,False,False,False
DV3_Partner_Diversification,DNK,2021,0.03875100622609541,7.588935582407479e-06,0.10888506522094964,False,False,False,False
DV3_Partner_Diversification,DOM,2012,0.11765040700981641,6.994763533140875e-05,0.10863657389442842,False,False,False,False
DV3_Partner_Diversification,DOM,2013,0.37149454411670574,0.0006969454168309485,0.10761930447779582,False,False,False,False
DV3_Partner_Diversification,DOM,2014,0.1009838579841055,5.153450356417893e-05,0.10675248379080823,False,False,False,False
DV3_Partner_Diversification,DOM,2015,0.10955368465358355,6.0651813174908593e-05,0.10646250554898522,False,False,False,False
DV3_Partner_Diversification,DOM,2016,0.010232028006726979,5.291046453246038e-07,0.10607673844215737,False,False,False,False
DV3_Partner_Diversification,DOM,2017,0.03778399753825483,7.214907981212665e-06,0.10653270488513843,False,False,False,False
DV3_Partner_Diversification,DOM,2018,0.25861070458650764,0.00033787273302209823,0.10704164416697436,False,False,False,False
DV3_Partner_Diversification,DOM,2019,0.015323021736156425,1.1866063707876829e-06,0.10909195206617402,False,False,False,False
DV3_Partner_Diversification,DOM,2020,0.012097160690515791,7.395796411858639e-07,0.11000055477930494,False,False,False,False
DV3_Partner_Diversification,DOM,2021,0.19483129899492244,0.0001918011441725762,0.11284745509916552,False,False,False,False
DV3_Partner_Diversification,DZA,2012,0.05876864324717671,1.7454266242204857e-05,0.10769702481612867,False,False,False,False
DV3_Partner_Diversification,DZA,2013,0.1140205321059529,6.569823623324478e-05,0.10692662307488313,False,False,False,False
DV3_Partner_Diversification,DZA,2014,0.10215937897806761,5.274125544085217e-05,0.10816397398578202,False,False,False,False
DV3_Partner_Diversification,DZA,2015,0.07477045128750949,2.8253034624385385e-05,0.10663135527693585,False,False,False,False
DV3_Partner_Diversification,DZA,2016,0.22285818824849843,0.00025093391606922303,0.10811126466702146,False,False,False,False
DV3_Partner_Diversification,DZA,2017,0.1527018839885037,0.00011782895606588982,0.10709516815737812,False,False,False,False
DV3_Partner_Diversification,DZA,2018,0.012934706399249025,8.455341182212448e-07,0.10646826561560614,False,False,False,False
DV3_Partner_Diversification,DZA,2019,0.055869191374669,1.577450535977009e-05,0.10679281215058302,False,False,False,False
DV3_Partner_Diversification,DZA,2020,0.09070964761030903,4.1582053563099054e-05,0.10733909605677038,False,False,False,False
DV3_Partner_Diversification,DZA,2021,0.01554713917517313,1.2215712202689009e-06,0.10829365613000945,False,False,False,False
DV3_Partner_Diversification,ECU,2012,0.2968317760226142,0.0004450814049058968,0.11120410208930001,False,False,False,False
DV3_Partner_Diversification,ECU,2013,0.25936627594188244,0.00033985114024679644,0.10856139851116506,False,False,False,False
DV3_Partner_Diversification,ECU,2014,0.38192299009707326,0.0007365907718704366,0.10740968631373275,False,False,False,False
DV3_Partner_Diversification,ECU,2015,0.14761690365148986,0.00011011322181530113,0.10791074399022012,False,False,False,False
DV3_Partner_Diversification,ECU,2016,0.003976568530117138,7.991628546234752e-08,0.10726971292746898,False,False,False,False
DV3_Partner_Diversification,ECU,2017,0.06409822586775896,2.0763507211042986e-05,0.10736563252982217,False,False,False,False
DV3_Partner_Diversification,ECU,2018,0.15200461317409625,0.00011675543363947677,0.10678513917675422,False,False,False,False
DV3_Partner_Diversification,ECU,2019,0.22861140669038998,0.00026405555925620826,0.11088302982219597,False,False,False,False
DV3_Partner_Diversification,ECU,2020,0.3546909190626167,0.0006353901654599709,0.11372110911168984,False,False,False,False
DV3_Partner_Diversification,ECU,2021,0.30122020453221127,0.0004583388675557005,0.11404746571885527,False,False,False,False
DV3_Partner_Diversification,EGY,2012,0.059631662059903105,1.7970660082260368e-05,0.10973663358871433,False,False,False,False
DV3_Partner_Diversification,EGY,2013,0.03212300741012235,5.214928471731978e-06,0.1077399100865884,False,False,False,False
DV3_Partner_Diversification,EGY,2014,0.006083318591166906,1.870248950686794e-07,0.10677736198831819,False,False,False,False
DV3_Partner_Diversification,EGY,2015,0.002024862461955338,2.0720939052112254e-08,0.10861656668629449,False,False,False,False
DV3_Partner_Diversification,EGY,2016,0.06568648097658271,2.1805200717887473e-05,0.10632147654374495,False,False,False,False
DV3_Partner_Diversification,EGY,2017,0.01944194930595795,1.9102804272346235e-06,0.10958744965315656,False,False,False,False
DV3_Partner_Diversification,EGY,2018,0.022097060996908877,2.467665272874779e-06,0.10634011296852754,False,False,False,False
DV3_Partner_Diversification,EGY,2019,0.01635186689877626,1.3513020366464819e-06,0.10598554253711634,False,False,False,False
DV3_Partner_Diversification,EGY,2020,0.03938056980159989,7.837523253174803e-06,0.11071833703854574,False,False,False,False
DV3_Partner_Diversification,EGY,2021,0.030920428895825636,4.831780407596426e-06,0.10910122980076378,False,False,False,False
DV3_Partner_Diversification,ESP,2012,0.08802745050093086,3.915944696232843e-05,0.10838398627308801,False,False,False,False
DV3_Partner_Diversification,ESP,2013,0.009196399856786129,4.2741905197985216e-07,0.10727891531792225,False,False,False,False
DV3_Partner_Diversification,ESP,2014,0.01174856709620289,6.975701032429288e-07,0.10659395314182331,False,False,False,False
DV3_Partner_Diversification,ESP,2015,0.03405793986637611,5.8620892922746935e-06,0.1084974538000233,False,False,False,False
DV3_Partner_Diversification,ESP,2016,0.024778028911815714,3.102776035641854e-06,0.10614764646257768,False,False,False,False
DV3_Partner_Diversification,ESP,2017,0.017612257324766695,1.56764496549668e-06,0.10937355285137992,False,False,False,False
DV3_Partner_Diversification,ESP,2018,0.0012552956549935785,7.963618223480192e-09,0.1060452507863752,False,False,False,False
DV3_Partner_Diversification,ESP,2019,0.008499558350079074,3.6509924165499147e-07,0.10598692301983938,False,False,False,False
DV3_Partner_Diversification,ESP,2020,0.036021971078100255,6.557682209788441e-06,0.11046159061610393,False,False,False,False
DV3_Partner_Diversification,ESP,2021,0.00503539734295561,1.2814032404853622e-07,0.10832104830235424,False,False,False,False
DV3_Partner_Diversification,EST,2012,0.0160586153329559,1.3032687321558023e-06,0.10886176935052076,False,False,False,False
DV3_Partner_Diversification,EST,2013,0.01026385912064926,5.324017812415218e-07,0.10704257742952096,False,False,False,False
DV3_Partner_Diversification,EST,2014,0.04907644101746101,1.2171909934538324e-05,0.10578525117149655,False,False,False,False
DV3_Partner_Diversification,EST,2015,0.043388037570647214,9.513797133686108e-06,0.10580915864763196,False,False,False,False
DV3_Partner_Diversification,EST,2016,0.05891482786864659,1.7541198599208483e-05,0.10553374180305006,False,False,False,False
DV3_Partner_Diversification,EST,2017,0.02972082393070959,4.464141584986663e-06,0.10597289906333099,False,False,False,False
DV3_Partner_Diversification,EST,2018,0.015634615584163233,1.2353562416358488e-06,0.10588880961112965,False,False,False,False
DV3_Partner_Diversification,EST,2019,0.011491891045000938,6.674228508869935e-07,0.10714833587685668,False,False,False,False
DV3_Partner_Diversification,EST,2020,0.11572310647194337,6.767481862627079e-05,0.10776663984576361,False,False,False,False
DV3_Partner_Diversification,EST,2021,0.06632502635155188,2.223120308259073e-05,0.1082386128708226,False,False,False,False
DV3_Partner_Diversification,ETH,2012,0.04813922360008131,1.1711469513756931e-05,0.11309124205008785,False,False,False,False
DV3_Partner_Diversification,ETH,2013,0.10119577629549989,5.175111006800071e-05,0.11006551333924212,False,False,False,False
DV3_Partner_Diversification,ETH,2014,0.019497694282642034,1.921250588670876e-06,0.10874911509039006,False,False,False,False
DV3_Partner_Diversification,ETH,2015,0.03619174210466222,6.619638570627704e-06,0.10753547445897668,False,False,False,False
DV3_Partner_Diversification,ETH,2016,0.04492744476387668,1.0200865663689596e-05,0.10669558116085404,False,False,False,False
DV3_Partner_Diversification,ETH,2017,0.0017300230722887635,1.5125932828512053e-08,0.10702723696211204,False,False,False,False
DV3_Partner_Diversification,ETH,2018,0.11168109519096188,6.303015398713165e-05,0.10759419908700696,False,False,False,False
DV3_Partner_Diversification,ETH,2019,0.01961544149230446,1.94452576437088e-06,0.11292726094291655,False,False,False,False
DV3_Partner_Diversification,ETH,2020,0.13355598427103743,9.013765269383094e-05,0.11524160014583767,False,False,False,False
DV3_Partner_Diversification,ETH,2021,0.04724219704019752,1.1279083448829149e-05,0.11765471123170645,False,False,False,False
DV3_Partner_Diversification,FIN,2012,0.05186723539768791,1.359559771925647e-05,0.10836947051145909,False,False,False,False
DV3_Partner_Diversification,FIN,2013,0.016516865694058636,1.3787102816959101e-06,0.1071682449472567,False,False,False,False
DV3_Partner_Diversification,FIN,2014,0.013772602647950254,9.586276884089916e-07,0.10651334061985758,False,False,False,False
DV3_Partner_Diversification,FIN,2015,0.01837993506044439,1.7072831075547695e-06,0.1086369465579372,False,False,False,False
DV3_Partner_Diversification,FIN,2016,0.018295313702283596,1.691598564707032e-06,0.10639501389216818,False,False,False,False
DV3_Partner_Diversification,FIN,2017,0.0013398207084819598,9.072181959962055e-09,0.10912472052904985,False,False,False,False
DV3_Partner_Diversification,FIN,2018,0.03014557322035079,4.592649495528113e-06,0.10595212234901873,False,False,False,False
DV3_Partner_Diversification,FIN,2019,0.016283382279080903,1.3400067562195279e-06,0.10607865941791723,False,False,False,False
DV3_Partner_Diversification,FIN,2020,0.040204210698372565,8.168790575946088e-06,0.11018321747774701,False,False,False,False
DV3_Partner_Diversification,FIN,2021,0.03007100909345517,4.569958712458163e-06,0.1083067874278479,False,False,False,False
DV3_Partner_Diversification,FRA,2012,0.08824959106666631,3.935734233263941e-05,0.1091887765663396,False,False,False,False
DV3_Partner_Diversification,FRA,2013,0.01678097549638414,1.4231547535763952e-06,0.10751974476620578,False,False,False,False
DV3_Partner_Diversification,FRA,2014,0.02035886983843324,2.0947139739643125e-06,0.1065430709151614,False,False,False,False
DV3_Partner_Diversification,FRA,2015,0.009062666830531696,4.1507848347890585e-07,0.10833083313989589,False,False,False,False
DV3_Partner_Diversification,FRA,2016,0.023370819233938536,2.760355118554337e-06,0.10653070970381297,False,False,False,False
DV3_Partner_Diversification,FRA,2017,0.026924033205367803,3.6635062899763444e-06,0.10917844443552809,False,False,False,False
DV3_Partner_Diversification,FRA,2018,0.01093643008476844,6.044623564804427e-07,0.10596455794291601,False,False,False,False
DV3_Partner_Diversification,FRA,2019,0.012273894754122544,7.613473034364682e-07,0.10599586832736643,False,False,False,False
DV3_Partner_Diversification,FRA,2020,0.0819048576977126,3.390176997391878e-05,0.11041254012409829,False,False,False,False
DV3_Partner_Diversification,FRA,2021,0.030667375056771837,4.753017264464641e-06,0.10807685888424179,False,False,False,False
DV3_Partner_Diversification,FSM,2012,0.6797860276923363,0.002329782179176825,0.11110018484682285,True,True,False,True
DV3_Partner_Diversification,FSM,2013,1.2977330576898038,0.008439518721814237,0.11470785342799149,True,True,False,True
DV3_Partner_Diversification,FSM,2014,1.15344445151067,0.006678066043854783,0.11270528756854797,True,True,False,True
DV3_Partner_Diversification,FSM,2015,0.5284795814094367,0.0014095298242317229,0.1164773166834101,False,False,False,False
DV3_Partner_Diversification,FSM,2016,0.08065147883262755,3.287211286945709e-05,0.10677729609741987,False,False,False,False
DV3_Partner_Diversification,FSM,2017,0.6206492105175556,0.0019427811024719044,0.10958741279446792,False,False,False,False
DV3_Partner_Diversification,FSM,2018,0.29016975632966413,0.0004253305435886301,0.10854948839902748,False,False,False,False
DV3_Partner_Diversification,FSM,2019,0.6922586586691634,0.0024163946482774804,0.12090235695630544,True,True,False,True
DV3_Partner_Diversification,FSM,2020,1.2754971637820944,0.008155792818254974,0.1157524940999504,True,True,False,True
DV3_Partner_Diversification,FSM,2021,1.4773516233304473,0.01090791558138074,0.112760403304867,True,True,False,True
DV3_Partner_Diversification,GAB,2012,0.5135841181577899,0.001331431105306183,0.12512261018407622,False,False,False,False
DV3_Partner_Diversification,GAB,2013,0.5711690019253094,0.0016459716186325683,0.11306981224533155,False,False,False,False
DV3_Partner_Diversification,GAB,2014,0.3829103300448372,0.0007403994585332833,0.10714262274594763,False,False,False,False
DV3_Partner_Diversification,GAB,2015,0.3165273500355993,0.000506070110942232,0.10987527373494842,False,False,False,False
DV3_Partner_Diversification,GAB,2016,0.03411758718958069,5.882640935765536e-06,0.1102860173218572,False,False,False,False
DV3_Partner_Diversification,GAB,2017,0.11485349383345932,6.666155001922634e-05,0.1064819685696719,False,False,False,False
DV3_Partner_Diversification,GAB,2018,0.01754147196776256,1.5550691863755636e-06,0.10602881986993898,False,False,False,False
DV3_Partner_Diversification,GAB,2019,1.1069945222611641,0.00615217315096583,0.10735623227009343,True,True,False,True
DV3_Partner_Diversification,GAB,2020,0.5870348047095825,0.0017384827501925452,0.11182833622163528,False,False,False,False
DV3_Partner_Diversification,GAB,2021,0.12915105723236478,8.428989902560883e-05,0.10873320626178243,False,False,False,False
DV3_Partner_Diversification,GBR,2012,0.04478216088391149,1.01350004149251e-05,0.1078615333960325,False,False,False,False
DV3_Partner_Diversification,GBR,2013,0.007595230069661486,2.915413197269759e-07,0.10707049194349995,False,False,False,False
DV3_Partner_Diversification,GBR,2014,0.009693304871440496,4.7485597342357334e-07,0.10662044488306754,False,False,False,False
DV3_Partner_Diversification,GBR,2015,0.0017187514254008282,1.4929474460216442e-08,0.10904437076190987,False,False,False,False
DV3_Partner_Diversification,GBR,2016,0.02394360118252425,2.8973166241165856e-06,0.10637698034685193,False,False,False,False
DV3_Partner_Diversification,GBR,2017,0.02575091207975179,3.351213408573187e-06,0.10939025742101861,False,False,False,False
DV3_Partner_Diversification,GBR,2018,0.0013992344071259645,9.8946248190866e-09,0.10598839432471881,False,False,False,False
DV3_Partner_Diversification,GBR,2019,0.013451459176196352,9.144432267891809e-07,0.10603753962691505,False,False,False,False
DV3_Partner_Diversification,GBR,2020,0.07181520262546892,2.606390124892411e-05,0.11077972824623267,False,False,False,False
DV3_Partner_Diversification,GBR,2021,0.012715367439353413,8.1710118094754e-07,0.108874107263094,False,False,False,False
DV3_Partner_Diversification,GEO,2012,0.069467401563636,2.43876140688164e-05,0.10909018925653752,False,False,False,False
DV3_Partner_Diversification,GEO,2013,0.020420259542129893,2.1073657163857952e-06,0.10680198400937861,False,False,False,False
DV3_Partner_Diversification,GEO,2014,0.06812257467409527,2.3452516488443074e-05,0.10652116305780242,False,False,False,False
DV3_Partner_Diversification,GEO,2015,0.053831771282070576,1.4644980185857673e-05,0.10595648179708153,False,False,False,False
DV3_Partner_Diversification,GEO,2016,0.09177751679740692,4.2566796930510134e-05,0.10662788426427203,False,False,False,False
DV3_Partner_Diversification,GEO,2017,0.007890717251552149,3.1466699928297996e-07,0.10608838917658102,False,False,False,False
DV3_Partner_Diversification,GEO,2018,0.06567549833541156,2.179790948787375e-05,0.10623961882219603,False,False,False,False
DV3_Partner_Diversification,GEO,2019,0.017169036055442084,1.48973671603268e-06,0.10834752536033497,False,False,False,False
DV3_Partner_Diversification,GEO,2020,0.06051049314121219,1.850423415507349e-05,0.10716298513438673,False,False,False,False
DV3_Partner_Diversification,GEO,2021,0.04204835152263455,8.935363036433968e-06,0.10827383520099079,False,False,False,False
DV3_Partner_Diversification,GHA,2012,0.14737097477102729,0.00010974698229539891,0.11026358191471289,False,False,False,False
DV3_Partner_Diversification,GHA,2013,0.04825534176137429,1.176803148418434e-05,0.10981804017345266,False,False,False,False
DV3_Partner_Diversification,GHA,2014,0.08940495458799076,4.03945564717715e-05,0.10806495623054624,False,False,False,False
DV3_Partner_Diversification,GHA,2015,0.10298873318186867,5.360097382648095e-05,0.10689853973698807,False,False,False,False
DV3_Partner_Diversification,GHA,2016,0.08603235684548238,3.740455177631106e-05,0.10673821676407579,False,False,False,False
DV3_Partner_Diversification,GHA,2017,0.17624689130853494,0.00015695950269660713,0.10678182211836751,False,False,False,False
DV3_Partner_Diversification,GHA,2018,0.17568548284749883,0.0001559614245880998,0.10715904697472299,False,False,False,False
DV3_Partner_Diversification,GHA,2019,0.042996790897361234,9.34299825256746e-06,0.11094544590880458,False,False,False,False
DV3_Partner_Diversification,GHA,2020,0.11728196708691074,6.951046216579626e-05,0.11278961649776852,False,False,False,False
DV3_Partner_Diversification,GHA,2021,0.19382145020304,0.00018981794579944468,0.11163582731159569,False,False,False,False
DV3_Partner_Diversification,GIN,2012,0.8687144080652162,0.0037993370272371096,0.11375512504176995,True,True,False,True
DV3_Partner_Diversification,GIN,2013,0.6446137613734579,0.0020956630504853782,0.11614429560549938,False,False,False,False
DV3_Partner_Diversification,GIN,2014,0.4321907888097074,0.0009430925824795328,0.11315657139997704,False,False,False,False
DV3_Partner_Diversification,GIN,2015,0.584932768697752,0.001726180117633481,0.11528563797766954,False,False,False,False
DV3_Partner_Diversification,GIN,2016,0.5477566884327114,0.0015140594317857357,0.11557076225633842,False,False,False,False
DV3_Partner_Diversification,GIN,2017,0.442917330084632,0.0009904431626518585,0.11355972422194699,False,False,False,False
DV3_Partner_Diversification,GIN,2018,0.6734741375342416,0.002286793606163924,0.11061502722995337,False,False,False,False
DV3_Partner_Diversification,GIN,2019,0.6183630902847354,0.0019291053961476986,0.12632081820765284,False,False,False,False
DV3_Partner_Diversification,GIN,2020,1.1721626342522848,0.006904374906745365,0.13596445994461046,True,True,False,True
DV3_Partner_Diversification,GIN,2021,0.3491792068778429,0.0006158822793117152,0.137212274219517,False,False,False,False
DV3_Partner_Diversification,GMB,2012,0.2862156354516526,0.0004138248206802305,0.1096967098635028,False,False,False,False
DV3_Partner_Diversification,GMB,2013,0.1545890666526544,0.0001207596570226743,0.11141265560470065,False,False,False,False
DV3_Partner_Diversification,GMB,2014,0.554991126094414,0.0015540958456808805,0.10913240483579517,False,False,False,False
DV3_Partner_Diversification,GMB,2015,0.3199611720567445,0.0005171068037859036,0.11092908011747799,False,False,False,False
DV3_Partner_Diversification,GMB,2016,0.6016653200247207,0.0018260580459679872,0.11195608784972798,False,False,False,False
DV3_Partner_Diversification,GMB,2017,0.4669150348778942,0.0011004954881703398,0.10888243238322821,False,False,False,False
DV3_Partner_Diversification,GMB,2018,0.3257373026341249,0.0005359327293750392,0.11014496343411315,False,False,False,False
DV3_Partner_Diversification,GMB,2019,0.438630440729433,0.0009713924670738544,0.11466390631341523,False,False,False,False
DV3_Partner_Diversification,GMB,2020,0.8442614883002377,0.003590075880942856,0.12082737596763517,True,True,False,True
DV3_Partner_Diversification,GMB,2021,0.21511316591590854,0.00023380355368090647,0.11474198866279031,False,False,False,False
DV3_Partner_Diversification,GNB,2012,0.5222681797283893,0.0013764983866245378,0.1093409870937486,False,False,False,False
DV3_Partner_Diversification,GNB,2013,1.2015223290058346,0.007240420396958205,0.10948150732964657,True,True,False,True
DV3_Partner_Diversification,GNB,2014,0.28034855046877505,0.00039704452968081526,0.11252790565278444,False,False,False,False
DV3_Partner_Diversification,GNB,2015,0.07589680270251657,2.911066207549072e-05,0.10968557873252989,False,False,False,False
DV3_Partner_Diversification,GNB,2016,0.23358534987863283,0.00027566503484786745,0.10793325205908694,False,False,False,False
DV3_Partner_Diversification,GNB,2017,0.1267945689382761,8.124233243702072e-05,0.10892981392653901,False,False,False,False
DV3_Partner_Diversification,GNB,2018,0.5868940223538526,0.0017375105422294515,0.10751607095258743,False,False,False,False
DV3_Partner_Diversification,GNB,2019,0.7058664155779774,0.0025113324622019007,0.10854525690319948,True,True,False,True
DV3_Partner_Diversification,GNB,2020,0.7478636519574725,0.002818775437065954,0.1163945501158315,True,True,False,True
DV3_Partner_Diversification,GNB,2021,0.5381787549075577,0.0014615638980749268,0.11158101041082943,False,False,False,False
DV3_Partner_Diversification,GNQ,2012,0.29979525554195285,0.0004540491736106799,0.13381033466917266,False,False,False,False
DV3_Partner_Diversification,GNQ,2013,0.39994934403198773,0.0008077953409450103,0.1218074072327038,False,False,False,False
DV3_Partner_Diversification,GNQ,2014,0.060540033002800045,1.852233876872371e-05,0.11671494523092885,False,False,False,False
DV3_Partner_Diversification,GNQ,2015,0.08287755314848796,3.471179819367004e-05,0.11419651814050698,False,False,False,False
DV3_Partner_Diversification,GNQ,2016,0.06892455959128588,2.400796670197676e-05,0.10910294431999959,False,False,False,False
DV3_Partner_Diversification,GNQ,2017,0.007590850111516057,2.9120516982373893e-07,0.10769755326517849,False,False,False,False
DV3_Partner_Diversification,GNQ,2018,0.13470417028535037,9.169361980214485e-05,0.11069702271720916,False,False,False,False
DV3_Partner_Diversification,GNQ,2019,0.27851438740702045,0.0003918752027467914,0.11710137472576904,False,False,False,False
DV3_Partner_Diversification,GNQ,2020,0.5178040374881168,0.0013532937577812251,0.12004245369438253,False,False,False,False
DV3_Partner_Diversification,GNQ,2021,0.03905203703578175,7.707308430813801e-06,0.12492117522059598,False,False,False,False
DV3_Partner_Diversification,GRC,2012,0.04785966875734897,1.1575837088509357e-05,0.10820317234988823,False,False,False,False
DV3_Partner_Diversification,GRC,2013,0.02240796918752509,2.537594278607482e-06,0.10648643594298829,False,False,False,False
DV3_Partner_Diversification,GRC,2014,0.08736023676337024,3.856806159746173e-05,0.1064233361884942,False,False,False,False
DV3_Partner_Diversification,GRC,2015,0.030011131867186184,4.5517771818094386e-06,0.10664554609507602,False,False,False,False
DV3_Partner_Diversification,GRC,2016,0.02629600437170672,3.4945903601880127e-06,0.10704184896094253,False,False,False,False
DV3_Partner_Diversification,GRC,2017,0.027512709299865917,3.8254567219246754e-06,0.10604443958841457,False,False,False,False
DV3_Partner_Diversification,GRC,2018,0.0018525482286081538,1.7344325777557188e-08,0.10592539611801138,False,False,False,False
DV3_Partner_Diversification,GRC,2019,0.04251848117025034,9.13628414981786e-06,0.10719913960385838,False,False,False,False
DV3_Partner_Diversification,GRC,2020,0.12363473191901941,7.724388278632061e-05,0.10947144010587544,False,False,False,False
DV3_Partner_Diversification,GRC,2021,0.08062545341629909,3.2850941859741775e-05,0.11013387138213866,False,False,False,False
DV3_Partner_Diversification,GRL,2012,0.7733067260045511,0.003013740557302389,0.1222644111955156,True,True,False,True
DV3_Partner_Diversification,GRL,2013,0.13456356729296368,9.150301508136532e-05,0.1191713911027459,False,False,False,False
DV3_Partner_Diversification,GRL,2014,0.0023666492362437153,2.8306499313185713e-08,0.1166346825361924,False,False,False,False
DV3_Partner_Diversification,GRL,2015,0.24945515792065195,0.000314391042972498,0.11700249233079316,False,False,False,False
DV3_Partner_Diversification,GRL,2016,0.002805402969564387,3.977487945566476e-08,0.11644069334282714,False,False,False,False
DV3_Partner_Diversification,GRL,2017,0.2591639599427895,0.0003393310630108643,0.11684679021430566,False,False,False,False
DV3_Partner_Diversification,GRL,2018,0.04373591142063623,9.666976995053329e-06,0.11784344117918184,False,False,False,False
DV3_Partner_Diversification,GRL,2019,0.03662836381445798,6.780325795974593e-06,0.11742512015831072,False,False,False,False
DV3_Partner_Diversification,GRL,2020,0.38596194476316487,0.0007523061431977798,0.11899416719994349,False,False,False,False
DV3_Partner_Diversification,GTM,2012,0.2872089251759754,0.00041669553589670876,0.10692313765219323,False,False,False,False
DV3_Partner_Diversification,GTM,2013,0.10539591114662232,5.613573212834718e-05,0.10620208901862661,False,False,False,False
DV3_Partner_Diversification,GTM,2014,0.07786567268960207,3.064050728136262e-05,0.10595006665974238,False,False,False,False
DV3_Partner_Diversification,GTM,2015,0.013469858297803025,9.169465162869637e-07,0.10613320060477888,False,False,False,False
DV3_Partner_Diversification,GTM,2016,0.009994377566338298,5.048119767275885e-07,0.10616281145406235,False,False,False,False
DV3_Partner_Diversification,GTM,2017,0.01174630701747247,6.973017433749972e-07,0.10624309281769566,False,False,False,False
DV3_Partner_Diversification,GTM,2018,0.10999237065197548,6.113846987881925e-05,0.10599894745980672,False,False,False,False
DV3_Partner_Diversification,GTM,2019,0.12777210043136458,8.249969145876305e-05,0.1083009916077616,False,False,False,False
DV3_Partner_Diversification,GTM,2020,0.3048860893264248,0.00046954549092254776,0.10880235783229111,False,False,False,False
DV3_Partner_Diversification,GTM,2021,0.19160293065550962,0.00018549741263408816,0.10933775465449001,False,False,False,False
DV3_Partner_Diversification,GUM,2012,0.2229790544347654,0.0002512064686648001,0.1086380933444493,False,False,False,False
DV3_Partner_Diversification,GUM,2013,0.007909856731645811,3.1619534594760634e-07,0.10855815423341823,False,False,False,False
DV3_Partner_Diversification,GUM,2014,0.128135660951929,8.296960708411965e-05,0.10576241768582641,False,False,False,False
DV3_Partner_Diversification,GUM,2015,0.1558414145097783,0.00012272309478311225,0.10641186008150022,False,False,False,False
DV3_Partner_Diversification,GUM,2016,0.22022339193355517,0.0002450359494048563,0.10644237167180945,False,False,False,False
DV3_Partner_Diversification,GUM,2017,0.5076128376742998,0.0013003755982872666,0.10619391775813235,False,False,False,False
DV3_Partner_Diversification,GUM,2018,0.4205938853818695,0.0008931409459283588,0.105714081688634,False,False,False,False
DV3_Partner_Diversification,GUM,2019,0.3938700396011266,0.0007833709966688148,0.10975720886004438,False,False,False,False
DV3_Partner_Diversification,GUM,2020,1.2939026094250294,0.008386774572713772,0.10997357546489056,True,True,False,True
DV3_Partner_Diversification,GUM,2021,0.2434297771284638,0.00029938505126428806,0.11022200690088892,False,False,False,False
DV3_Partner_Diversification,HKG,2012,0.23325873772389183,0.00027490346610433336,0.11921996096401047,False,False,False,False
DV3_Partner_Diversification,HKG,2013,0.3237489417618897,0.0005294486280294229,0.12334130930146647,False,False,False,False
DV3_Partner_Diversification,HKG,2014,0.11415016637584847,6.584805326605294e-05,0.11465111049640142,False,False,False,False
DV3_Partner_Diversification,HKG,2015,0.15225782655098707,0.0001171453141482898,0.11090599570582044,False,False,False,False
DV3_Partner_Diversification,HKG,2016,0.13352799533782142,9.00995261444086e-05,0.11092694532709321,False,False,False,False
DV3_Partner_Diversification,HKG,2017,0.22380014535835738,0.00025306204462394275,0.11247311312754951,False,False,False,False
DV3_Partner_Diversification,HKG,2018,0.15460999033622472,0.00012079217826861071,0.11032659757383743,False,False,False,False
DV3_Partner_Diversification,HKG,2019,0.2163891091962251,0.00023659074796531418,0.12684149102579023,False,False,False,False
DV3_Partner_Diversification,HKG,2020,0.31293822518356657,0.0004947119536009742,0.13163909386504896,False,False,False,False
DV3_Partner_Diversification,HKG,2021,0.07337583198270443,2.720909356717219e-05,0.12818228751397218,False,False,False,False
DV3_Partner_Diversification,HND,2012,0.1457051854577286,0.00010727995161355908,0.10781649555899359,False,False,False,False
DV3_Partner_Diversification,HND,2013,0.03992021554401566,8.05379143687739e-06,0.10730914965100867,False,False,False,False
DV3_Partner_Diversification,HND,2014,0.1563477092301131,0.0001235216526405531,0.10623170835052552,False,False,False,False
DV3_Partner_Diversification,HND,2015,0.3207237516534734,0.0005195595211413184,0.10627121125061115,False,False,False,False
DV3_Partner_Diversification,HND,2016,0.21835223631130288,0.0002408905681233576,0.10614486355834798,False,False,False,False
DV3_Partner_Diversification,HND,2017,0.010150989413861264,5.207567268867439e-07,0.10643354563333113,False,False,False,False
DV3_Partner_Diversification,HND,2018,0.019698614257563696,1.9610506382777904e-06,0.10605277354420654,False,False,False,False
DV3_Partner_Diversification,HND,2019,0.014551304403192526,1.0700935559801124e-06,0.1097016966319979,False,False,False,False
DV3_Partner_Diversification,HND,2020,0.5512192583886515,0.0015330804279363932,0.10924419925191885,False,False,False,False
DV3_Partner_Diversification,HND,2021,0.2796148296382794,0.00039496488593921536,0.10951455259286158,False,False,False,False
DV3_Partner_Diversification,HRV,2012,0.03997106887135963,8.074323639797449e-06,0.1076927939875903,False,False,False,False
DV3_Partner_Diversification,HRV,2013,0.004668092709977839,1.1012787979350371e-07,0.10703509764301779,False,False,False,False
DV3_Partner_Diversification,HRV,2014,0.05192977943975759,1.3628401232330174e-05,0.10632934438962308,False,False,False,False
DV3_Partner_Diversification,HRV,2015,0.008275773179022292,3.46126920548621e-07,0.10592177496484285,False,False,False,False
DV3_Partner_Diversification,HRV,2016,0.031213492185307418,4.923804123162792e-06,0.10572370145469032,False,False,False,False
DV3_Partner_Diversification,HRV,2017,0.01634399565578842,1.350001408940551e-06,0.10601736050263114,False,False,False,False
DV3_Partner_Diversification,HRV,2018,0.04934556133801346,1.2305768146315537e-05,0.10570790920917893,False,False,False,False
DV3_Partner_Diversification,HRV,2019,0.0008613190826354986,3.7492683086030304e-09,0.10646067796984196,False,False,False,False
DV3_Partner_Diversification,HRV,2020,0.14454647523946612,0.0001055804880447634,0.10648199917353733,False,False,False,False
DV3_Partner_Diversification,HRV,2021,0.049467164538402254,1.2366497214860547e-05,0.10830510765916315,False,False,False,False
DV3_Partner_Diversification,HTI,2012,0.06571981972819048,2.1827348854866127e-05,0.10797438119904966,False,False,False,False
DV3_Partner_Diversification,HTI,2013,0.06875915532393005,2.3892875755067122e-05,0.10844643562562818,False,False,False,False
DV3_Partner_Diversification,HTI,2014,0.28133287165648563,0.0003998284965684522,0.1078942557844622,False,False,False,False
DV3_Partner_Diversification,HTI,2015,0.03809115168200104,7.332687181545884e-06,0.10703483661343596,False,False,False,False
DV3_Partner_Diversification,HTI,2016,0.13880974829702214,9.736716270877961e-05,0.10660465283343318,False,False,False,False
DV3_Partner_Diversification,HTI,2017,0.053227319747360696,1.431795258944828e-05,0.10767532917621735,False,False,False,False
DV3_Partner_Diversification,HTI,2018,0.027269642074809985,3.758162055807523e-06,0.10722721140922464,False,False,False,False
DV3_Partner_Diversification,HTI,2019,0.18648438799355907,0.0001757215413730304,0.11183275363537498,False,False,False,False
DV3_Partner_Diversification,HTI,2020,0.12378076042806474,7.742662054453859e-05,0.11224608741910502,False,False,False,False
DV3_Partner_Diversification,HTI,2021,0.03798919442248422,7.293489524486676e-06,0.11375830372081414,False,False,False,False
DV3_Partner_Diversification,HUN,2012,0.0032479715381516453,5.331418690900169e-08,0.11128189771747327,False,False,False,False
DV3_Partner_Diversification,HUN,2013,0.030964483583639152,4.845558946416258e-06,0.11065448484494705,False,False,False,False
DV3_Partner_Diversification,HUN,2014,0.016805718775435532,1.4273546645204075e-06,0.10689132559625464,False,False,False,False
DV3_Partner_Diversification,HUN,2015,0.009522575251570029,4.5827588020458417e-07,0.10876732839073697,False,False,False,False
DV3_Partner_Diversification,HUN,2016,0.055499360334381895,1.556635718950005e-05,0.10627250014792292,False,False,False,False
DV3_Partner_Diversification,HUN,2017,0.017983334321545884,1.634398940401077e-06,0.10916807587002353,False,False,False,False
DV3_Partner_Diversification,HUN,2018,0.04090898523873917,8.457691277190816e-06,0.10681936748216378,False,False,False,False
DV3_Partner_Diversification,HUN,2019,0.01051167531883373,5.584213336278462e-07,0.10795134590524126,False,False,False,False
DV3_Partner_Diversification,HUN,2020,0.035496215999758086,6.367656716181505e-06,0.11112357672459997,False,False,False,False
DV3_Partner_Diversification,HUN,2021,0.03557849078799796,6.397208810308493e-06,0.11014075343504834,False,False,False,False
DV3_Partner_Diversification,IDN,2012,0.027465760003114265,3.8124126127431043e-06,0.1101691512340493,False,False,False,False
DV3_Partner_Diversification,IDN,2013,0.046804597874531575,1.1071088134906658e-05,0.10836905749458171,False,False,False,False
DV3_Partner_Diversification,IDN,2014,0.05520290828432861,1.5400508610004836e-05,0.10669480239946068,False,False,False,False
DV3_Partner_Diversification,IDN,2015,0.08334752410953154,3.510650965666372e-05,0.10882043904338232,False,False,False,False
DV3_Partner_Diversification,IDN,2016,0.013424260164003356,9.107489383503239e-07,0.10599178664923589,False,False,False,False
DV3_Partner_Diversification,IDN,2017,0.019089688287878517,1.8416844231865586e-06,0.10919403842696636,False,False,False,False
DV3_Partner_Diversification,IDN,2018,0.021418539870633527,2.318446152349292e-06,0.10639442331630299,False,False,False,False
DV3_Partner_Diversification,IDN,2019,0.03900366658062501,7.688217013644476e-06,0.10647844272695159,False,False,False,False
DV3_Partner_Diversification,IDN,2020,0.015915929424463078,1.2802117764056485e-06,0.11093775964549485,False,False,False,False
DV3_Partner_Diversification,IDN,2021,0.11446071318147573,6.620652147554644e-05,0.10858229193541181,False,False,False,False
DV3_Partner_Diversification,IND,2012,0.01219041845577925,7.510265271965505e-07,0.11185839056282045,False,False,False,False
DV3_Partner_Diversification,IND,2013,0.0768733153199205,2.986455080834068e-05,0.10958866932717705,False,False,False,False
DV3_Partner_Diversification,IND,2014,0.0674345333206096,2.298118327643791e-05,0.10748903035794606,False,False,False,False
DV3_Partner_Diversification,IND,2015,0.008159684592288706,3.3648442961146576e-07,0.10854782923209705,False,False,False,False
DV3_Partner_Diversification,IND,2016,0.05940360958597448,1.783346070272859e-05,0.10618910356949507,False,False,False,False
DV3_Partner_Diversification,IND,2017,0.01827401772016262,1.687662890162736e-06,0.1099390925413354,False,False,False,False
DV3_Partner_Diversification,IND,2018,0.047785031057000264,1.1539759050530554e-05,0.10730303312613994,False,False,False,False
DV3_Partner_Diversification,IND,2019,0.057884687913117565,1.6933154327520536e-05,0.10726881226660273,False,False,False,False
DV3_Partner_Diversification,IND,2020,0.023298982396606632,2.7434121106371225e-06,0.11051530916934818,False,False,False,False
DV3_Partner_Diversification,IND,2021,0.0026493485468614716,3.5472889276509754e-08,0.10929626940610868,False,False,False,False
DV3_Partner_Diversification,IRL,2012,0.020557135684089484,2.1357121496410964e-06,0.12100170484083334,False,False,False,False
DV3_Partner_Diversification,IRL,2013,0.11912271377843722,7.170956593919255e-05,0.11676216188511843,False,False,False,False
DV3_Partner_Diversification,IRL,2014,0.020957578657514672,2.219727177566452e-06,0.11132841732654752,False,False,False,False
DV3_Partner_Diversification,IRL,2015,0.022427627644431396,2.5420486179214567e-06,0.10578433403750896,False,False,False,False
DV3_Partner_Diversification,IRL,2016,0.007168528333771449,2.5970378259557394e-07,0.10718402967907889,False,False,False,False
DV3_Partner_Diversification,IRL,2017,0.044412421495803156,9.96833411003862e-06,0.10629883549506043,False,False,False,False
DV3_Partner_Diversification,IRL,2018,0.08804654615544176,3.9176402438764746e-05,0.10633582054704496,False,False,False,False
DV3_Partner_Diversification,IRL,2019,0.017771870050125694,1.5961875946358157e-06,0.11189809939056573,False,False,False,False
DV3_Partner_Diversification,IRL,2020,0.09838403205520112,4.8915578270981814e-05,0.11848892422348256,False,False,False,False
DV3_Partner_Diversification,IRL,2021,0.027757651948421117,3.893876384742993e-06,0.11537399327564024,False,False,False,False
DV3_Partner_Diversification,IRN,2012,0.06070156451388085,1.8621306630284847e-05,0.11552700329575948,False,False,False,False
DV3_Partner_Diversification,IRN,2013,0.0024095298976706298,2.9341547105571808e-08,0.10627471020971273,False,False,False,False
DV3_Partner_Diversification,IRN,2014,0.1465532404940881,0.000108531976833314,0.10574066788696425,False,False,False,False
DV3_Partner_Diversification,IRN,2015,0.08379392247387538,3.548357456806741e-05,0.11032137035497919,False,False,False,False
DV3_Partner_Diversification,IRN,2016,0.1379906330788156,9.622219640940892e-05,0.11315201991294871,False,False,False,False
DV3_Partner_Diversification,IRN,2017,0.17472113323360397,0.000154254981967558,0.10999724015149862,False,False,False,False
DV3_Partner_Diversification,IRN,2018,0.30431894362978906,0.00046781260030344114,0.11384149642649857,False,False,False,False
DV3_Partner_Diversification,IRN,2019,0.264555889137962,0.00035358429529934,0.11019636248021153,False,False,False,False
DV3_Partner_Diversification,IRN,2020,0.1599514254441318,0.00012928130494824482,0.10971542434265727,False,False,False,False
DV3_Partner_Diversification,IRN,2021,0.006266810007090051,1.9847753238643738e-07,0.11124551609708881,False,False,False,False
DV3_Partner_Diversification,IRQ,2012,0.2659375892278495,0.00035728542889856255,0.109851111265152,False,False,False,False
DV3_Partner_Diversification,IRQ,2013,0.20542808885986016,0.00021322532571938632,0.10762168536921352,False,False,False,False
DV3_Partner_Diversification,IRQ,2014,0.25287993079085286,0.00032307754958434864,0.11445191846065689,False,False,False,False
DV3_Partner_Diversification,IRQ,2015,0.1588778802489564,0.00012755201402027096,0.10998739511848107,False,False,False,False
DV3_Partner_Diversification,IRQ,2016,0.1402223837683696,9.935981983864904e-05,0.11653846148818277,False,False,False,False
DV3_Partner_Diversification,IRQ,2017,0.04944762014353071,1.235672421841322e-05,0.10649891766332985,False,False,False,False
DV3_Partner_Diversification,IRQ,2018,0.036512219272613194,6.7373908750991335e-06,0.10866106743356099,False,False,False,False
DV3_Partner_Diversification,IRQ,2019,0.08208443582255164,3.40505405784671e-05,0.10665774622223517,False,False,False,False
DV3_Partner_Diversification,IRQ,2020,0.5131003559797521,0.0013290059802560632,0.13078036805686885,False,False,False,False
DV3_Partner_Diversification,IRQ,2021,0.5207144269792277,0.0013685728928420052,0.12268359268060483,False,False,False,False
DV3_Partner_Diversification,ISL,2012,0.08478707632258546,3.6329606288277636e-05,0.10703314980924036,False,False,False,False
DV3_Partner_Diversification,ISL,2013,0.05172996645107889,1.3523726362323458e-05,0.10598468159069244,False,False,False,False
DV3_Partner_Diversification,ISL,2014,0.010983541711861656,6.096813409464532e-07,0.10624648721308304,False,False,False,False
DV3_Partner_Diversification,ISL,2015,0.0624800602978033,1.9728403023735033e-05,0.10606543922218245,False,False,False,False
DV3_Partner_Diversification,ISL,2016,0.09629573051356201,4.6860857543601445e-05,0.10586101294705848,False,False,False,False
DV3_Partner_Diversification,ISL,2017,0.020039244565088755,2.0294582087297255e-06,0.10579035118857857,False,False,False,False
DV3_Partner_Diversification,ISL,2018,0.0027987036362864728,3.9585140399936034e-08,0.10550592866764,False,False,False,False
DV3_Partner_Diversification,ISL,2019,0.00014870705237240045,1.1175874463589483e-10,0.10650690580830852,False,False,False,False
DV3_Partner_Diversification,ISL,2020,0.10713871063144835,5.80075112071447e-05,0.10767724059619867,False,False,False,False
DV3_Partner_Diversification,ISL,2021,0.08056418924407509,3.280101951743128e-05,0.10852715227061532,False,False,False,False
DV3_Partner_Diversification,ISR,2012,0.0031267067157446653,4.9407474503847324e-08,0.11182159619154826,False,False,False,False
DV3_Partner_Diversification,ISR,2013,0.10080026748355554,5.1347422148340164e-05,0.11089349924498393,False,False,False,False
DV3_Partner_Diversification,ISR,2014,0.04024314107660798,8.184616796989226e-06,0.10846679239572136,False,False,False,False
DV3_Partner_Diversification,ISR,2015,0.14728633609461494,0.0001096209258632893,0.10990150462669027,False,False,False,False
DV3_Partner_Diversification,ISR,2016,0.15664146510256724,0.000123986679215003,0.10910613546309307,False,False,False,False
DV3_Partner_Diversification,ISR,2017,0.11415855708162742,6.585755290165604e-05,0.11056871825943004,False,False,False,False
DV3_Partner_Diversification,ISR,2018,0.0861091660535232,3.747138525172323e-05,0.10783031080355748,False,False,False,False
DV3_Partner_Diversification,ISR,2019,0.006843025456186755,2.3665440707809958e-07,0.11829207948440192,False,False,False,False
DV3_Partner_Diversification,ISR,2020,0.19211733469354111,0.00018649821759937353,0.119955743090167,False,False,False,False
DV3_Partner_Diversification,ISR,2021,0.1891337138061185,0.00018075133213004327,0.11947452422401032,False,False,False,False
DV3_Partner_Diversification,ITA,2012,0.06090947982899528,1.8749060570840047e-05,0.1084280216394153,False,False,False,False
DV3_Partner_Diversification,ITA,2013,0.01892092729144286,1.8092657977130841e-06,0.1073317545552573,False,False,False,False
DV3_Partner_Diversification,ITA,2014,0.011584507522757756,6.7822409929223e-07,0.10670427063269781,False,False,False,False
DV3_Partner_Diversification,ITA,2015,0.027768347111114124,3.896876539883246e-06,0.10853676233047371,False,False,False,False
DV3_Partner_Diversification,ITA,2016,0.023831027988736302,2.8701366884325322e-06,0.10608007995060263,False,False,False,False
DV3_Partner_Diversification,ITA,2017,0.02351820861062197,2.7952817002095816e-06,0.10922022150314557,False,False,False,False
DV3_Partner_Diversification,ITA,2018,0.025103728256512647,3.184881855949744e-06,0.10599092562196691,False,False,False,False
DV3_Partner_Diversification,ITA,2019,0.002402338945474353,2.9166675802883997e-08,0.10604341820092895,False,False,False,False
DV3_Partner_Diversification,ITA,2020,0.04090087039216246,8.454339504749018e-06,0.11100035487254514,False,False,False,False
DV3_Partner_Diversification,ITA,2021,0.009287191560187523,4.359001230828896e-07,0.10913243822123793,False,False,False,False
DV3_Partner_Diversification,JOR,2012,0.07360821324739923,2.7381595531983215e-05,0.11200485455804396,False,False,False,False
DV3_Partner_Diversification,JOR,2013,0.02749855273170484,3.821521607754605e-06,0.1097906779849922,False,False,False,False
DV3_Partner_Diversification,JOR,2014,0.0170751099266,1.4734815988647454e-06,0.10784001504614218,False,False,False,False
DV3_Partner_Diversification,JOR,2015,0.025782472540832446,3.3594325166900224e-06,0.10598586115322538,False,False,False,False
DV3_Partner_Diversification,JOR,2016,0.05581419551880614,1.574346305290304e-05,0.10598821012377631,False,False,False,False
DV3_Partner_Diversification,JOR,2017,0.006742064521364781,2.2972279131472463e-07,0.1062585902494588,False,False,False,False
DV3_Partner_Diversification,JOR,2018,0.13528211892866576,9.248163976357108e-05,0.10627242493478513,False,False,False,False
DV3_Partner_Diversification,JOR,2019,0.03603113006174122,6.561015851278045e-06,0.10729632049875447,False,False,False,False
DV3_Partner_Diversification,JOR,2020,0.12956772814399378,8.483465121320685e-05,0.10933061429409412,False,False,False,False
DV3_Partner_Diversification,JOR,2021,0.048643079647102946,1.1957902394367713e-05,0.10866150462471794,False,False,False,False
DV3_Partner_Diversification,JPN,2012,0.00233055408334181,2.744964573893488e-08,0.11472424541532573,False,False,False,False
DV3_Partner_Diversification,JPN,2013,0.04941683886993052,1.2341355892732388e-05,0.11315127092675573,False,False,False,False
DV3_Partner_Diversification,JPN,2014,0.03430234925193594,5.9465273421574296e-06,0.11027199057071657,False,False,False,False
DV3_Partner_Diversification,JPN,2015,0.03770712990438161,7.185585129495153e-06,0.111941668543131,False,False,False,False
DV3_Partner_Diversification,JPN,2016,0.05884426832770335,1.7499224839979174e-05,0.11049108351631086,False,False,False,False
DV3_Partner_Diversification,JPN,2017,0.019262450583747284,1.8751699127125791e-06,0.11213106077281085,False,False,False,False
DV3_Partner_Diversification,JPN,2018,0.04990725023361449,1.258751371174547e-05,0.11008355899168511,False,False,False,False
DV3_Partner_Diversification,JPN,2019,0.010350169782071617,5.413936188724651e-07,0.13216585244045045,False,False,False,False
DV3_Partner_Diversification,JPN,2020,0.031650855412161914,5.062760910782058e-06,0.13191624540811575,False,False,False,False
DV3_Partner_Diversification,JPN,2021,0.010322340064909435,5.384861156079287e-07,0.1314684897878158,False,False,False,False
DV3_Partner_Diversification,KAZ,2012,0.03403392898350906,5.8538274657023485e-06,0.11057376126381632,False,False,False,False
DV3_Partner_Diversification,KAZ,2013,0.014181020756295975,1.0163257078415072e-06,0.11063808203938941,False,False,False,False
DV3_Partner_Diversification,KAZ,2014,0.010353046264148189,5.416945132274506e-07,0.1057522430819403,False,False,False,False
DV3_Partner_Diversification,KAZ,2015,0.07215786814423843,2.6313199461237593e-05,0.10867186151086183,False,False,False,False
DV3_Partner_Diversification,KAZ,2016,0.058350468811753396,1.7206756764066736e-05,0.10695606072754678,False,False,False,False
DV3_Partner_Diversification,KAZ,2017,0.008974201891947423,4.070144828561496e-07,0.10610392481977823,False,False,False,False
DV3_Partner_Diversification,KAZ,2018,0.1038167144831688,5.4466238942368404e-05,0.10683834447761326,False,False,False,False
DV3_Partner_Diversification,KAZ,2019,0.03200166304065211,5.175604262083279e-06,0.1072344067836148,False,False,False,False
DV3_Partner_Diversification,KAZ,2020,0.09462965780734578,4.525346308401625e-05,0.10743202975776327,False,False,False,False
DV3_Partner_Diversification,KAZ,2021,0.16012298372450678,0.0001295592605600287,0.11267527391510813,False,False,False,False
DV3_Partner_Diversification,KEN,2012,0.06449398866238869,2.102069683741038e-05,0.10795731888469753,False,False,False,False
DV3_Partner_Diversification,KEN,2013,0.03635035481186473,6.677786880713136e-06,0.10668917684894448,False,False,False,False
DV3_Partner_Diversification,KEN,2014,0.10560821048194963,5.6362101166833605e-05,0.10637725160250955,False,False,False,False
DV3_Partner_Diversification,KEN,2015,0.019773879295026327,1.9760649267858387e-06,0.10635461552011073,False,False,False,False
DV3_Partner_Diversification,KEN,2016,0.022356332986961235,2.525912664060317e-06,0.10620067431900727,False,False,False,False
DV3_Partner_Diversification,KEN,2017,0.04499859513252176,1.023320010630496e-05,0.10631954591271225,False,False,False,False
DV3_Partner_Diversification,KEN,2018,0.058956810366324705,1.7566208297282696e-05,0.10600500446865857,False,False,False,False
DV3_Partner_Diversification,KEN,2019,0.03211208598494593,5.211383246176564e-06,0.10831914874592768,False,False,False,False
DV3_Partner_Diversification,KEN,2020,0.16403606456157663,0.0001359673832750272,0.10909544938060711,False,False,False,False
DV3_Partner_Diversification,KEN,2021,0.08776248113409789,3.892408227477864e-05,0.10939105750785903,False,False,False,False
DV3_Partner_Diversification,KGZ,2012,0.16681155826816307,0.0001406077454840737,0.11387500406452385,False,False,False,False
DV3_Partner_Diversification,KGZ,2013,0.3386235768144246,0.000579145607165053,0.1092934944726233,False,False,False,False
DV3_Partner_Diversification,KGZ,2014,0.1653460167857729,0.00013814718842258039,0.10836214718721299,False,False,False,False
DV3_Partner_Diversification,KGZ,2015,0.06318130555619345,2.0173725064107124e-05,0.10672056747133189,False,False,False,False
DV3_Partner_Diversification,KGZ,2016,0.32661410849364547,0.0005388069059095985,0.10601129948194601,False,False,False,False
DV3_Partner_Diversification,KGZ,2017,0.289765680070195,0.0004241461249946699,0.10795118829094351,False,False,False,False
DV3_Partner_Diversification,KGZ,2018,0.3481182837727518,0.0006120517107778123,0.10796493676514465,False,False,False,False
DV3_Partner_Diversification,KGZ,2019,0.4234776364131947,0.0009054611365631481,0.11044628282278805,False,False,False,False
DV3_Partner_Diversification,KGZ,2020,0.566803032165852,0.0016209275511528257,0.1123929927598728,False,False,False,False
DV3_Partner_Diversification,KGZ,2021,0.1002526005985151,5.079098307276041e-05,0.1100285380530174,False,False,False,False
DV3_Partner_Diversification,KHM,2012,0.031607615553014015,5.048934364972653e-06,0.11752299128005061,False,False,False,False
DV3_Partner_Diversification,KHM,2013,0.031888667376490765,5.139120207504768e-06,0.1093647857345779,False,False,False,False
DV3_Partner_Diversification,KHM,2014,0.09291539458271778,4.362884641196164e-05,0.10906202595154219,False,False,False,False
DV3_Partner_Diversification,KHM,2015,0.04939638386650966,1.2331129544946223e-05,0.10599318430367032,False,False,False,False
DV3_Partner_Diversification,KHM,2016,0.10957554738528874,6.0676016077637065e-05,0.10633187568247635,False,False,False,False
DV3_Partner_Diversification,KHM,2017,0.04125749739499793,8.602410437623302e-06,0.1080375441773663,False,False,False,False
DV3_Partner_Diversification,KHM,2018,0.02791106934408217,3.937037032793686e-06,0.10743592303484852,False,False,False,False
DV3_Partner_Diversification,KHM,2019,0.05022548104069996,1.2748548016937316e-05,0.10865477480888762,False,False,False,False
DV3_Partner_Diversification,KHM,2020,0.022848326514682667,2.6383108594551416e-06,0.10886760451393734,False,False,False,False
DV3_Partner_Diversification,KHM,2021,0.3611441074338122,0.0006587017657513115,0.11289390210699876,False,False,False,False
DV3_Partner_Diversification,KIR,2012,0.9641774813562433,0.004674993397210473,0.10895236012457532,True,True,False,True
DV3_Partner_Diversification,KIR,2013,0.1451460234411381,0.0001064580700606125,0.1066049487142663,False,False,False,False
DV3_Partner_Diversification,KIR,2014,0.9672388003152862,0.004706296764984258,0.11657479585473096,True,True,False,True
DV3_Partner_Diversification,KIR,2015,0.11537959830707004,6.727366449618066e-05,0.10751952285524671,False,False,False,False
DV3_Partner_Diversification,KIR,2016,0.44968734715916014,0.0010208792748830503,0.10969179406249698,False,False,False,False
DV3_Partner_Diversification,KIR,2017,0.37468943793513926,0.0007090232062765267,0.11686825526223991,False,False,False,False
DV3_Partner_Diversification,KIR,2018,0.8538464569787146,0.003670098178255456,0.10825383471618215,True,True,False,True
DV3_Partner_Diversification,KIR,2019,0.18864043930001578,0.00017980566308077497,0.10657137937155094,False,False,False,False
DV3_Partner_Diversification,KIR,2020,0.3554946371896456,0.0006382573049570439,0.11042571349327125,False,False,False,False
DV3_Partner_Diversification,KIR,2021,0.3021656973477837,0.00046122698693671613,0.11776022298595304,False,False,False,False
DV3_Partner_Diversification,KOR,2012,0.06523667217393742,2.1507638036959755e-05,0.11529852744380423,False,False,False,False
DV3_Partner_Diversification,KOR,2013,0.05914912699277349,1.7681018123967536e-05,0.11296158689126722,False,False,False,False
DV3_Partner_Diversification,KOR,2014,0.027496578107580327,3.820972846902703e-06,0.11011827869728963,False,False,False,False
DV3_Partner_Diversification,KOR,2015,0.0032316660856405014,5.278023531481265e-08,0.11229130046858976,False,False,False,False
DV3_Partner_Diversification,KOR,2016,0.010428672140007216,5.496372609962026e-07,0.11144767211428996,False,False,False,False
DV3_Partner_Diversification,KOR,2017,0.02917506246278384,4.30169941783051e-06,0.11208698842894775,False,False,False,False
DV3_Partner_Diversification,KOR,2018,0.0943520668581832,4.498841528755596e-05,0.10955240955049036,False,False,False,False
DV3_Partner_Diversification,KOR,2019,0.022253172552827077,2.502656833939051e-06,0.1285353625669649,False,False,False,False
DV3_Partner_Diversification,KOR,2020,0.014633781774387757,1.0822588015202046e-06,0.12997786943061632,False,False,False,False
DV3_Partner_Diversification,KOR,2021,0.04756755197852462,1.1434987468703158e-05,0.1300328274569688,False,False,False,False
DV3_Partner_Diversification,KWT,2012,0.26834223083842934,0.0003637993725930549,0.1318350211573404,False,False,False,False
DV3_Partner_Diversification,KWT,2013,0.13805902640205928,9.631880906530935e-05,0.1278157106428346,False,False,False,False
DV3_Partner_Diversification,KWT,2014,0.12377423607997104,7.741908542034453e-05,0.12344655088529358,False,False,False,False
DV3_Partner_Diversification,KWT,2015,0.05268322201816217,1.4026754944794714e-05,0.11897307836520404,False,False,False,False
DV3_Partner_Diversification,KWT,2016,0.0177962782107332,1.6005753286891325e-06,0.12327431092129201,False,False,False,False
DV3_Partner_Diversification,KWT,2017,0.008738597251446286,3.859238988090419e-07,0.1203020640458661,False,False,False,False
DV3_Partner_Diversification,KWT,2018,0.0782426804371413,3.0938048222055595e-05,0.11854437976900853,False,False,False,False
DV3_Partner_Diversification,KWT,2019,0.19826612715653344,0.00019862551100363927,0.12178449392287388,False,False,False,False
DV3_Partner_Diversification,KWT,2020,0.27067066721971755,0.00037013541392102127,0.12913289442435955,False,False,False,False
DV3_Partner_Diversification,LAO,2012,0.4062977611565802,0.0008339307529390171,0.20894125058675822,False,False,False,False
DV3_Partner_Diversification,LAO,2013,0.5831086313108942,0.0017169042193992325,0.20615135050662278,False,False,False,False
DV3_Partner_Diversification,LAO,2014,0.18875332433580455,0.00018003981328316092,0.2055949806710975,False,False,False,False
DV3_Partner_Diversification,LAO,2015,0.28082248886857303,0.0003984700879327022,0.20559889510916848,False,False,False,False
DV3_Partner_Diversification,LAO,2016,0.5169569902774327,0.0013497010247986423,0.20738985007603045,False,False,False,False
DV3_Partner_Diversification,LBN,2012,0.05695458550816521,1.6393379671903617e-05,0.1122365396423723,False,False,False,False
DV3_Partner_Diversification,LBN,2013,0.1006534944427987,5.119795475814363e-05,0.10902031836771221,False,False,False,False
DV3_Partner_Diversification,LBN,2014,0.08541555119712645,3.687014432339331e-05,0.10606588309185565,False,False,False,False
DV3_Partner_Diversification,LBN,2015,0.07798181738868644,3.07319795976186e-05,0.10597245729269117,False,False,False,False
DV3_Partner_Diversification,LBN,2016,0.10546366938405084,5.620791139233579e-05,0.1057071445505793,False,False,False,False
DV3_Partner_Diversification,LBN,2017,0.06370797880361127,2.0511449046101695e-05,0.10614141960427156,False,False,False,False
DV3_Partner_Diversification,LBN,2018,0.05703639696998877,1.6440489380177592e-05,0.10567782812581096,False,False,False,False
DV3_Partner_Diversification,LBN,2019,0.24041803702159636,0.0002920223185902397,0.10726925044198081,False,False,False,False
DV3_Partner_Diversification,LBN,2020,0.212470055454743,0.00022809374867652235,0.11304362095855768,False,False,False,False
DV3_Partner_Diversification,LBN,2021,0.009598659427342747,4.656282861571653e-07,0.1184728149124416,False,False,False,False
DV3_Partner_Diversification,LBY,2012,0.34571691036325547,0.0006037984813146738,0.16821568581552726,False,False,False,False
DV3_Partner_Diversification,LBY,2013,0.36047765945228394,0.0006563308961601622,0.12746744548091554,False,False,False,False
DV3_Partner_Diversification,LBY,2014,0.10039977613010022,5.094012744760354e-05,0.10706930295837576,False,False,False,False
DV3_Partner_Diversification,LBY,2015,0.5564944788187018,0.0015628256363071774,0.12237083011562203,False,False,False,False
DV3_Partner_Diversification,LBY,2016,0.2966625419538057,0.0004446193217699346,0.13833204177968417,False,False,False,False
DV3_Partner_Diversification,LBY,2017,0.09771585539364017,4.825346086220339e-05,0.11930880364703764,False,False,False,False
DV3_Partner_Diversification,LBY,2018,0.034844968173954126,6.136146831488187e-06,0.11004309211350839,False,False,False,False
DV3_Partner_Diversification,LBY,2019,0.11621101587114561,6.824664824761899e-05,0.10796002760778303,False,False,False,False
DV3_Partner_Diversification,LBY,2020,0.1693604140064927,0.00014494118941677466,0.13904574257521116,False,False,False,False
DV3_Partner_Diversification,LBY,2021,0.8826380596141171,0.003928657766124362,0.19026421973536034,True,True,False,True
DV3_Partner_Diversification,LKA,2015,0.0038996869941091395,7.685601452117352e-08,0.1486896492598347,False,False,False,False
DV3_Partner_Diversification,LKA,2016,0.17029389610006437,0.0001465444282885688,0.14831426271118517,False,False,False,False
DV3_Partner_Diversification,LKA,2017,0.13074528552973655,8.638586256888248e-05,0.1485815969612877,False,False,False,False
DV3_Partner_Diversification,LKA,2018,0.005812949061380437,1.7076991559627752e-07,0.14816754703810162,False,False,False,False
DV3_Partner_Diversification,LKA,2019,0.023290038354217533,2.741308470694134e-06,0.14829057691905695,False,False,False,False
DV3_Partner_Diversification,LKA,2020,0.16559887592169045,0.0001385762086733951,0.1488537741569784,False,False,False,False
DV3_Partner_Diversification,LKA,2021,0.11136150095219899,6.267128746110082e-05,0.15009402466750255,False,False,False,False
DV3_Partner_Diversification,LSO,2012,0.18778708264546878,0.00017818374827556843,0.10904514101497956,False,False,False,False
DV3_Partner_Diversification,LSO,2013,0.18593613067329615,0.00017468950533709835,0.11023867412325403,False,False,False,False
DV3_Partner_Diversification,LSO,2014,0.2955535667160359,0.00044125058779920354,0.1075824883573058,False,False,False,False
DV3_Partner_Diversification,LSO,2015,0.17366487623189417,0.00015239506385997408,0.10690393685988543,False,False,False,False
DV3_Partner_Diversification,LSO,2016,0.10757929043422497,5.8485516275464105e-05,0.10696792671902307,False,False,False,False
DV3_Partner_Diversification,LSO,2017,0.23432066364274437,0.00027740169495103854,0.10664499439296442,False,False,False,False
DV3_Partner_Diversification,LSO,2018,0.011534369750273507,6.723660931592546e-07,0.10592786179408475,False,False,False,False
DV3_Partner_Diversification,LSO,2019,0.3503751308815323,0.0006200048735552704,0.10723333293039364,False,False,False,False
DV3_Partner_Diversification,LSO,2020,0.1955192087584109,0.00019315608902448146,0.10877015423721756,False,False,False,False
DV3_Partner_Diversification,LSO,2021,0.1567777280773848,0.00012420258015371442,0.10984238700786421,False,False,False,False
DV3_Partner_Diversification,LTU,2012,0.05283235809855895,1.4106260723942466e-05,0.10906048623546996,False,False,False,False
DV3_Partner_Diversification,LTU,2013,0.028603332526537115,4.13475445195009e-06,0.10729927972115032,False,False,False,False
DV3_Partner_Diversification,LTU,2014,0.07289640549054627,2.6854553012210363e-05,0.10621621453899818,False,False,False,False
DV3_Partner_Diversification,LTU,2015,0.027711124463680584,3.8808320590116295e-06,0.10621564128982455,False,False,False,False
DV3_Partner_Diversification,LTU,2016,0.023905539089813646,2.888112459945664e-06,0.10595636510575346,False,False,False,False
DV3_Partner_Diversification,LTU,2017,0.02095479144631331,2.219136503119008e-06,0.10580025648499805,False,False,False,False
DV3_Partner_Diversification,LTU,2018,0.0144324221255881,1.0526799069776453e-06,0.10634170921261243,False,False,False,False
DV3_Partner_Diversification,LTU,2019,0.015534102209789456,1.2195233666195034e-06,0.10637435120796446,False,False,False,False
DV3_Partner_Diversification,LTU,2020,0.11689444793372647,6.905170533587265e-05,0.1088141026794122,False,False,False,False
DV3_Partner_Diversification,LTU,2021,0.05418604173720248,1.4838381679161293e-05,0.11055524938728269,False,False,False,False
DV3_Partner_Diversification,LUX,2012,0.061355006002659716,1.9024380600490197e-05,0.11954905084649091,False,False,False,False
DV3_Partner_Diversification,LUX,2013,0.027119443982238856,3.7168781619342644e-06,0.11400670439635778,False,False,False,False
DV3_Partner_Diversification,LUX,2014,0.04223894692710384,9.01655017190995e-06,0.10881332146996424,False,False,False,False
DV3_Partner_Diversification,LUX,2015,0.050278822654704826,1.277563564381963e-05,0.10571719177959849,False,False,False,False
DV3_Partner_Diversification,LUX,2016,0.08214306812017476,3.4099187061282615e-05,0.10566882316848901,False,False,False,False
DV3_Partner_Diversification,LUX,2017,0.07892150342816674,3.147705996565421e-05,0.10586488771797666,False,False,False,False
DV3_Partner_Diversification,LUX,2018,0.056891821305440494,1.6357250780290427e-05,0.10595967220142966,False,False,False,False
DV3_Partner_Diversification,LUX,2019,0.08675028175529162,3.8031470935909276e-05,0.111275196442261,False,False,False,False
DV3_Partner_Diversification,LUX,2020,0.1756662074898543,0.0001559282738393624,0.11119474700090465,False,False,False,False
DV3_Partner_Diversification,LUX,2021,0.14749229190983207,0.00010992860229198812,0.11754047204509456,False,False,False,False
DV3_Partner_Diversification,LVA,2012,0.0379472573894813,7.277392241743642e-06,0.10762262094425007,False,False,False,False
DV3_Partner_Diversification,LVA,2013,0.048582238395102506,1.1928004606265652e-05,0.10631924200465498,False,False,False,False
DV3_Partner_Diversification,LVA,2014,0.019437342246939673,1.9093750452827467e-06,0.10583793147936883,False,False,False,False
DV3_Partner_Diversification,LVA,2015,0.081221866435188,3.333868647213206e-05,0.10571772802498437,False,False,False,False
DV3_Partner_Diversification,LVA,2016,0.0649528210567258,2.1320839058193228e-05,0.10566554432041016,False,False,False,False
DV3_Partner_Diversification,LVA,2017,0.0540707946385885,1.4775319704304468e-05,0.10590260520608547,False,False,False,False
DV3_Partner_Diversification,LVA,2018,0.008038640585156192,3.265753884997184e-07,0.10577244126474329,False,False,False,False
DV3_Partner_Diversification,LVA,2019,0.0023789538139758325,2.8601604166759032e-08,0.10624492470718648,False,False,False,False
DV3_Partner_Diversification,LVA,2020,0.1403003891539887,9.946943132944985e-05,0.10720108855702729,False,False,False,False
DV3_Partner_Diversification,LVA,2021,0.0002689503652045504,3.6556336038075207e-10,0.10947793063028877,False,False,False,False
DV3_Partner_Diversification,MAC,2012,0.9741194854518133,0.004776215537273321,0.13248920272447265,True,True,False,True
DV3_Partner_Diversification,MAC,2013,0.7812693239075996,0.0030767085979752193,0.1323548704199021,True,True,False,True
DV3_Partner_Diversification,MAC,2014,0.1759604938967239,0.00015645255576078612,0.11733278571161634,False,False,False,False
DV3_Partner_Diversification,MAC,2015,0.2049401750149034,0.00021221411462028666,0.10806575961306308,False,False,False,False
DV3_Partner_Diversification,MAC,2016,0.13938112458185595,9.817053119832626e-05,0.10872689170323689,False,False,False,False
DV3_Partner_Diversification,MAC,2017,0.0834197103521224,3.516734472606924e-05,0.10884912416247847,False,False,False,False
DV3_Partner_Diversification,MAC,2018,0.3039366199447752,0.0004666254203801229,0.1081456173974863,False,False,False,False
DV3_Partner_Diversification,MAC,2019,0.9250324558776212,0.004305742209714445,0.11389749636314175,True,True,False,True
DV3_Partner_Diversification,MAC,2020,0.4934401250781067,0.0012295428467137247,0.16729799673517662,False,False,False,False
DV3_Partner_Diversification,MAC,2021,0.5248538929229568,0.0013908959590613731,0.163166361175766,False,False,False,False
DV3_Partner_Diversification,MAR,2012,0.12880844759734328,8.384311339501094e-05,0.10603068870618115,False,False,False,False
DV3_Partner_Diversification,MAR,2013,0.120433393810757,7.329552134538168e-05,0.10573603476629724,False,False,False,False
DV3_Partner_Diversification,MAR,2014,0.060271830510994266,1.8358551717801832e-05,0.10557298797303079,False,False,False,False
DV3_Partner_Diversification,MAR,2015,0.007332670089211715,2.717331023303678e-07,0.10598653585505428,False,False,False,False
DV3_Partner_Diversification,MAR,2016,0.05924777877815372,1.7740020308877497e-05,0.10577696631516535,False,False,False,False
DV3_Partner_Diversification,MAR,2017,0.12153622036647764,7.464391879499161e-05,0.10581914754322065,False,False,False,False
DV3_Partner_Diversification,MAR,2018,0.10049237962689954,5.1034091996753585e-05,0.10563694153892667,False,False,False,False
DV3_Partner_Diversification,MAR,2019,0.08337479881961156,3.512945172268154e-05,0.10611251339109726,False,False,False,False
DV3_Partner_Diversification,MAR,2020,0.0652420252789683,2.1511125254042823e-05,0.10655854737764908,False,False,False,False
DV3_Partner_Diversification,MAR,2021,0.10428704075504229,5.496083592490847e-05,0.10701415219126638,False,False,False,False
DV3_Partner_Diversification,MDA,2012,0.15914984981232785,0.00012798902984468582,0.11004238337775038,False,False,False,False
DV3_Partner_Diversification,MDA,2013,0.02877458133620033,4.184412166539801e-06,0.10724868316148015,False,False,False,False
DV3_Partner_Diversification,MDA,2014,0.0704051090995161,2.5050410922760485e-05,0.1058186874520018,False,False,False,False
DV3_Partner_Diversification,MDA,2015,0.06778353386750195,2.3219661984654992e-05,0.10675901678086454,False,False,False,False
DV3_Partner_Diversification,MDA,2016,0.024621998794061014,3.0638221728411407e-06,0.10662300089702012,False,False,False,False
DV3_Partner_Diversification,MDA,2017,0.031187922065696844,4.915740339519238e-06,0.10585930435727721,False,False,False,False
DV3_Partner_Diversification,MDA,2018,0.09800684953941101,4.8540946062930964e-05,0.10589266283893778,False,False,False,False
DV3_Partner_Diversification,MDA,2019,0.011237906698837563,6.382472153530535e-07,0.10671623034412744,False,False,False,False
DV3_Partner_Diversification,MDA,2020,0.048247750890628854,1.1764325072593978e-05,0.10694435296716803,False,False,False,False
DV3_Partner_Diversification,MDA,2021,0.058208644619325504,1.7123225499166603e-05,0.109927614034275,False,False,False,False
DV3_Partner_Diversification,MDG,2012,0.07582331226719272,2.905430951712191e-05,0.10900631417824674,False,False,False,False
DV3_Partner_Diversification,MDG,2013,0.044579534056073886,1.0043492735147577e-05,0.10782687781582508,False,False,False,False
DV3_Partner_Diversification,MDG,2014,0.02967517787949193,4.450440069655224e-06,0.10680809217343007,False,False,False,False
DV3_Partner_Diversification,MDG,2015,0.06719729599885634,2.281977272045713e-05,0.10722578871578271,False,False,False,False
DV3_Partner_Diversification,MDG,2016,0.0067918322159196,2.33126784318451e-07,0.10768300171162505,False,False,False,False
DV3_Partner_Diversification,MDG,2017,0.045696755727728126,1.055320049009364e-05,0.10723204737993684,False,False,False,False
DV3_Partner_Diversification,MDG,2018,0.10917669036699623,6.023516484470117e-05,0.10729576852779145,False,False,False,False
DV3_Partner_Diversification,MDG,2019,0.017209040814874545,1.4966872807378672e-06,0.11513613227697897,False,False,False,False
DV3_Partner_Diversification,MDG,2020,0.07453228777540308,2.8073396463600807e-05,0.11332045499064416,False,False,False,False
DV3_Partner_Diversification,MDG,2021,0.007017497825172199,2.4887590221431686e-07,0.11237793730676998,False,False,False,False
DV3_Partner_Diversification,MDV,2014,0.05822788957828702,1.713461925500953e-05,0.1376484917405951,False,False,False,False
DV3_Partner_Diversification,MDV,2015,0.28083055164570186,0.0003984375603298008,0.13220859797691137,False,False,False,False
DV3_Partner_Diversification,MDV,2016,0.07641154877270356,2.9507031396264024e-05,0.13221719673563756,False,False,False,False
DV3_Partner_Diversification,MDV,2017,0.45962709047150707,0.0010667186899827998,0.1362562157216743,False,False,False,False
DV3_Partner_Diversification,MDV,2018,0.23094999144490425,0.00026949962546181827,0.13598942062974648,False,False,False,False
DV3_Partner_Diversification,MDV,2019,0.10470231733113636,5.540010819819363e-05,0.13250178664798484,False,False,False,False
DV3_Partner_Diversification,MDV,2020,0.10675515240011126,5.759396957511635e-05,0.1450056463279934,False,False,False,False
DV3_Partner_Diversification,MDV,2021,0.042807952550937736,9.261131956542337e-06,0.13880198453180892,False,False,False,False
DV3_Partner_Diversification,MEX,2012,0.12071146764927913,7.363483344825164e-05,0.11395983952140382,False,False,False,False
DV3_Partner_Diversification,MEX,2013,0.1755724481095467,0.00015576234764268793,0.11300474220472212,False,False,False,False
DV3_Partner_Diversification,MEX,2014,0.02439237913615207,3.0069439046985523e-06,0.10886797707025767,False,False,False,False
DV3_Partner_Diversification,MEX,2015,0.1309167047065581,8.661017612626665e-05,0.10936120534866202,False,False,False,False
DV3_Partner_Diversification,MEX,2016,0.13427472987192068,9.110966327552501e-05,0.107369447076747,False,False,False,False
DV3_Partner_Diversification,MEX,2017,0.024763782953112767,3.0992096923801695e-06,0.11048278967122863,False,False,False,False
DV3_Partner_Diversification,MEX,2018,0.018305874535942082,1.693552104975128e-06,0.1080965704146812,False,False,False,False
DV3_Partner_Diversification,MEX,2019,0.04978834394839317,1.2527614023357357e-05,0.11555068984191437,False,False,False,False
DV3_Partner_Diversification,MEX,2020,0.00025415009496503965,3.264366684137691e-10,0.11815715592012813,False,False,False,False
DV3_Partner_Diversification,MEX,2021,0.0059297521803112095,1.7770162365069227e-07,0.11697640514602281,False,False,False,False
DV3_Partner_Diversification,MHL,2012,0.8979577521166338,0.004058885420854367,0.11696372551169427,True,True,False,True
DV3_Partner_Diversification,MHL,2013,0.14207935221545634,0.00010200904442114404,0.12088365828474149,False,False,False,False
DV3_Partner_Diversification,MHL,2014,0.062318062034676595,1.962624706340888e-05,0.10904199719684798,False,False,False,False
DV3_Partner_Diversification,MHL,2015,0.1506331831475394,0.00011465874090978601,0.10916212839254276,False,False,False,False
DV3_Partner_Diversification,MHL,2016,0.1500785284482321,0.00011381601042076708,0.10913530063104535,False,False,False,False
DV3_Partner_Diversification,MHL,2017,0.22151435631375976,0.0002479182149148439,0.1090515946968958,False,False,False,False
DV3_Partner_Diversification,MHL,2018,0.3327866430060163,0.0005593552317691597,0.10687358840671697,False,False,False,False
DV3_Partner_Diversification,MHL,2019,0.23743572887219325,0.00028482633012928303,0.10923135963572696,False,False,False,False
DV3_Partner_Diversification,MHL,2020,0.3233540022971384,0.0005281366023447992,0.11481802926629346,False,False,False,False
DV3_Partner_Diversification,MHL,2021,0.05814323421328885,1.70847918816565e-05,0.11954360622540425,False,False,False,False
DV3_Partner_Diversification,MKD,2012,0.5189074518686018,0.0013588378486235266,0.10797456900398889,False,False,False,False
DV3_Partner_Diversification,MKD,2013,0.24338203941473693,0.00029926630312132146,0.10879779404024043,False,False,False,False
DV3_Partner_Diversification,MKD,2014,0.02668728792756863,3.599362563235185e-06,0.10783266722737422,False,False,False,False
DV3_Partner_Diversification,MKD,2015,0.04148934243722019,8.699361699061823e-06,0.10642815010096264,False,False,False,False
DV3_Partner_Diversification,MKD,2016,0.13404357102524828,9.079617258881852e-05,0.10636123211008632,False,False,False,False
DV3_Partner_Diversification,MKD,2017,0.15789643252217586,0.00012598050095873205,0.10592629316817381,False,False,False,False
DV3_Partner_Diversification,MKD,2018,0.011933403929168206,7.196920842396123e-07,0.10602026350602879,False,False,False,False
DV3_Partner_Diversification,MKD,2019,0.3340032480964177,0.0005634517399227168,0.10735783968438814,False,False,False,False
DV3_Partner_Diversification,MKD,2020,0.09211142576440365,4.287710097096757e-05,0.10750797426665665,False,False,False,False
DV3_Partner_Diversification,MKD,2021,0.04300112507174708,9.344881359648194e-06,0.11033740521619406,False,False,False,False
DV3_Partner_Diversification,MLI,2012,0.9169010295448716,0.004229274038419917,0.10643816595618959,True,True,False,True
DV3_Partner_Diversification,MLI,2013,1.0072453074226078,0.005099824137922001,0.1095199740393108,True,True,False,True
DV3_Partner_Diversification,MLI,2014,1.2092363654663987,0.007332021375814535,0.10786926245776843,True,True,False,True
DV3_Partner_Diversification,MLI,2015,1.0180028127624676,0.0052078664845612325,0.10661106477407759,True,True,False,True
DV3_Partner_Diversification,MLI,2016,0.5619349169734276,0.0015930872789000948,0.10649918143422041,False,False,False,False
DV3_Partner_Diversification,MLI,2017,1.2432349100580022,0.007745548751552651,0.10624848984532635,True,True,False,True
DV3_Partner_Diversification,MLI,2018,0.5250556680362425,0.0013911296506549542,0.105652357783669,False,False,False,False
DV3_Partner_Diversification,MLI,2019,0.21164666100224683,0.00022632688083549032,0.10785901992806798,False,False,False,False
DV3_Partner_Diversification,MLI,2020,0.44466446101173573,0.0009982133867589853,0.10866331813261157,False,False,False,False
DV3_Partner_Diversification,MLI,2021,0.7309138864950767,0.002692687662074407,0.11498638041216269,True,True,False,True
DV3_Partner_Diversification,MLT,2012,0.04711209408747337,1.1217037542711281e-05,0.11128178939749686,False,False,False,False
DV3_Partner_Diversification,MLT,2013,0.009994200896219775,5.047941489970655e-07,0.11315716574464842,False,False,False,False
DV3_Partner_Diversification,MLT,2014,0.0860894252043866,3.7454278560104925e-05,0.11262372591126624,False,False,False,False
DV3_Partner_Diversification,MLT,2015,0.11793018713550643,7.02805370928929e-05,0.10595353590057216,False,False,False,False
DV3_Partner_Diversification,MLT,2016,0.18324546637939673,0.00016966968307613448,0.10566472143942081,False,False,False,False
DV3_Partner_Diversification,MLT,2017,0.06270333982123828,1.9869655566056554e-05,0.10613588578934009,False,False,False,False
DV3_Partner_Diversification,MLT,2018,0.02119157956992586,2.26957208616616e-06,0.10716263155993445,False,False,False,False
DV3_Partner_Diversification,MLT,2019,0.11516963247611565,6.702918491273088e-05,0.11010845406976494,False,False,False,False
DV3_Partner_Diversification,MLT,2020,0.2430932122094707,0.0002985617566238405,0.11430357740543688,False,False,False,False
DV3_Partner_Diversification,MLT,2021,0.1411403792509048,0.0001006643708973785,0.11120625527020016,False,False,False,False
DV3_Partner_Diversification,MNE,2012,0.03901521283307617,7.69276943400373e-06,0.10633041293684695,False,False,False,False
DV3_Partner_Diversification,MNE,2013,0.24446170268252773,0.0003019236026740222,0.10597899498677543,False,False,False,False
DV3_Partner_Diversification,MNE,2014,0.08637224526456512,3.770066769311624e-05,0.10646094020200457,False,False,False,False
DV3_Partner_Diversification,MNE,2015,0.0411486505225939,8.557078823540471e-06,0.10611775631253487,False,False,False,False
DV3_Partner_Diversification,MNE,2016,0.022997888176534226,2.6729635036605785e-06,0.10556026608184971,False,False,False,False
DV3_Partner_Diversification,MNE,2017,0.014253637986596377,1.0267609604921961e-06,0.1060943274619955,False,False,False,False
DV3_Partner_Diversification,MNE,2018,0.025529927744195713,3.293942361518047e-06,0.10594976966466445,False,False,False,False
DV3_Partner_Diversification,MNE,2019,0.06640264347129983,2.2283255399581285e-05,0.10658532113336845,False,False,False,False
DV3_Partner_Diversification,MNE,2020,0.09034168456546154,4.124539941790931e-05,0.10740750697085609,False,False,False,False
DV3_Partner_Diversification,MNE,2021,0.12144855526299886,7.453634087076887e-05,0.10671649627596456,False,False,False,False
DV3_Partner_Diversification,MNG,2012,0.2998850636350103,0.00045427840261467767,0.11018484231795578,False,False,False,False
DV3_Partner_Diversification,MNG,2013,0.1741074564085238,0.00015317312629402086,0.1086351202730451,False,False,False,False
DV3_Partner_Diversification,MNG,2014,0.435340552982551,0.0009568307924660862,0.1085038011534314,False,False,False,False
DV3_Partner_Diversification,MNG,2015,0.05680220916922808,1.6305780331433354e-05,0.11208233160693447,False,False,False,False
DV3_Partner_Diversification,MNG,2016,0.30439646172285456,0.0004680410306855382,0.10951883232457321,False,False,False,False
DV3_Partner_Diversification,MNG,2017,0.11972698796301608,7.243836604581708e-05,0.10723207974316303,False,False,False,False
DV3_Partner_Diversification,MNG,2018,0.2040476257977696,0.00021037005489075333,0.10798030241774612,False,False,False,False
DV3_Partner_Diversification,MNG,2019,0.2607240115869174,0.00034342432811411064,0.11430595437297444,False,False,False,False
DV3_Partner_Diversification,MNG,2020,0.5193574063854011,0.0013613027198212005,0.1136481818963576,False,False,False,False
DV3_Partner_Diversification,MNG,2021,0.43026023340368547,0.0009348192702587429,0.1294068223235904,False,False,False,False
DV3_Partner_Diversification,MOZ,2012,0.3198439843169983,0.0005167441181278888,0.11687595899548518,False,False,False,False
DV3_Partner_Diversification,MOZ,2013,0.14136557458095847,0.00010098559130601474,0.10908313454617148,False,False,False,False
DV3_Partner_Diversification,MOZ,2014,0.2414294925365335,0.00029448377221153956,0.10721612891638288,False,False,False,False
DV3_Partner_Diversification,MOZ,2015,0.054687586617074256,1.5114328078601183e-05,0.10733138180053041,False,False,False,False
DV3_Partner_Diversification,MOZ,2016,0.10511349829396363,5.5835385082500165e-05,0.10813589609075795,False,False,False,False
DV3_Partner_Diversification,MOZ,2017,0.05365018526699608,1.4546352302476779e-05,0.10812643261437375,False,False,False,False
DV3_Partner_Diversification,MOZ,2018,0.07865307286167537,3.126332324746018e-05,0.10708480613151646,False,False,False,False
DV3_Partner_Diversification,MOZ,2019,0.12141309406239845,7.449281308930569e-05,0.10654840756202942,False,False,False,False
DV3_Partner_Diversification,MOZ,2020,0.249755199229346,0.00031513919581546723,0.10871774223314895,False,False,False,False
DV3_Partner_Diversification,MOZ,2021,0.13408404896461798,9.08512486284478e-05,0.10893141323299946,False,False,False,False
DV3_Partner_Diversification,MRT,2012,0.17372965505914115,0.0001525106577099492,0.11465705943466832,False,False,False,False
DV3_Partner_Diversification,MRT,2013,0.48437052963786836,0.0011843478600735834,0.11855541450145751,False,False,False,False
DV3_Partner_Diversification,MRT,2014,0.11304463521952908,6.457892326748425e-05,0.11646960927050344,False,False,False,False
DV3_Partner_Diversification,MRT,2015,0.1879775124572231,0.00017854563108186751,0.11016796495596726,False,False,False,False
DV3_Partner_Diversification,MRT,2016,0.13637079261385923,9.397614652144696e-05,0.10819374684983898,False,False,False,False
DV3_Partner_Diversification,MRT,2017,0.18613133991177813,0.00017505585639921283,0.10849353788225607,False,False,False,False
DV3_Partner_Diversification,MRT,2018,0.12359833648880299,7.719844861575078e-05,0.10999281169264838,False,False,False,False
DV3_Partner_Diversification,MRT,2019,0.2894348986503402,0.00042320156222153295,0.12080475688784142,False,False,False,False
DV3_Partner_Diversification,MRT,2020,0.03409520621929919,5.874927988599716e-06,0.1173706258505193,False,False,False,False
DV3_Partner_Diversification,MRT,2021,0.1416588914811238,0.0001014058038824833,0.11630305216959139,False,False,False,False
DV3_Partner_Diversification,MUS,2012,0.21619438088614637,0.00023615545175802958,0.10824699194081552,False,False,False,False
DV3_Partner_Diversification,MUS,2013,0.005531856715633295,1.5465364374038184e-07,0.1064423467828396,False,False,False,False
DV3_Partner_Diversification,MUS,2014,0.0746418661237187,2.8155940295212644e-05,0.10602097447916198,False,False,False,False
DV3_Partner_Diversification,MUS,2015,0.017553566756044102,1.5572143505846656e-06,0.10596410249756331,False,False,False,False
DV3_Partner_Diversification,MUS,2016,0.0006012558113197649,1.826993311583723e-09,0.10603949703299478,False,False,False,False
DV3_Partner_Diversification,MUS,2017,0.06088026273366082,1.873106801402872e-05,0.10586920528602979,False,False,False,False
DV3_Partner_Diversification,MUS,2018,0.009392785923655984,4.458687367357904e-07,0.10602472424020815,False,False,False,False
DV3_Partner_Diversification,MUS,2019,0.05813113959070519,1.7077648800173264e-05,0.10724006011731983,False,False,False,False
DV3_Partner_Diversification,MUS,2020,0.18845176081699744,0.0001794463361287987,0.10686452128700483,False,False,False,False
DV3_Partner_Diversification,MUS,2021,0.09057836520807482,4.146180003537063e-05,0.10816970382749741,False,False,False,False
DV3_Partner_Diversification,MWI,2017,0.08080526336872049,3.299822231525078e-05,0.2059681719491513,False,False,False,False
DV3_Partner_Diversification,MWI,2018,0.1707975229387004,0.0001474176887586416,0.20585623335201114,False,False,False,False
DV3_Partner_Diversification,MWI,2019,0.026636077107399375,3.5855693894908444e-06,0.20517567375827753,False,False,False,False
DV3_Partner_Diversification,MWI,2020,0.2791400192247874,0.0003937113112821901,0.20693536524268788,False,False,False,False
DV3_Partner_Diversification,MWI,2021,0.00026001151250795333,3.416673973892065e-10,0.20612624567078788,False,False,False,False
DV3_Partner_Diversification,MYS,2012,0.012445268077694768,7.827562539359359e-07,0.1114907369896711,False,False,False,False
DV3_Partner_Diversification,MYS,2013,0.04558091556862688,1.0499768118268794e-05,0.11006431812037511,False,False,False,False
DV3_Partner_Diversification,MYS,2014,0.05955580228060734,1.7924961483149526e-05,0.10797455258734687,False,False,False,False
DV3_Partner_Diversification,MYS,2015,0.040494972939372056,8.287372118106989e-06,0.10981858900055765,False,False,False,False
DV3_Partner_Diversification,MYS,2016,0.017687456893809343,1.5810603440362197e-06,0.10874272929308221,False,False,False,False
DV3_Partner_Diversification,MYS,2017,0.038165899497464975,7.361496081949122e-06,0.1111668110390577,False,False,False,False
DV3_Partner_Diversification,MYS,2018,0.028219596360246124,4.024557268240822e-06,0.10789754155442238,False,False,False,False
DV3_Partner_Diversification,MYS,2019,0.046157466927729145,1.0767075662123216e-05,0.11716503112036375,False,False,False,False
DV3_Partner_Diversification,MYS,2020,0.04919334628549174,1.222998770099197e-05,0.118729208326267,False,False,False,False
DV3_Partner_Diversification,MYS,2021,0.06154978155929403,1.914535229553261e-05,0.11772071867688182,False,False,False,False
DV3_Partner_Diversification,NAM,2012,0.0034087842423159735,5.8724237269150294e-08,0.10947501093433265,False,False,False,False
DV3_Partner_Diversification,NAM,2013,0.08329662250886202,3.5063651743527405e-05,0.10938685352779501,False,False,False,False
DV3_Partner_Diversification,NAM,2014,0.05088940116095374,1.3087812156167463e-05,0.10888781430543644,False,False,False,False
DV3_Partner_Diversification,NAM,2015,0.24784956631156677,0.00031034839084533895,0.10712654847275187,False,False,False,False
DV3_Partner_Diversification,NAM,2016,0.05667044159449444,1.6230201811011718e-05,0.1063138402196302,False,False,False,False
DV3_Partner_Diversification,NAM,2017,0.015630498138011532,1.2347056633340816e-06,0.10636663995166805,False,False,False,False
DV3_Partner_Diversification,NAM,2018,0.07086982441952716,2.53821938709915e-05,0.10659452550508768,False,False,False,False
DV3_Partner_Diversification,NAM,2019,0.004892621450455877,1.2097665104817734e-07,0.10731251282388438,False,False,False,False
DV3_Partner_Diversification,NAM,2020,0.16951827775039427,0.00014520623366512028,0.10964845285598103,False,False,False,False
DV3_Partner_Diversification,NAM,2021,0.07013925373072877,2.4861632433635705e-05,0.11235821858408954,False,False,False,False
DV3_Partner_Diversification,NER,2012,0.3444410367008328,0.0005991972395909774,0.1078316581143747,False,False,False,False
DV3_Partner_Diversification,NER,2013,0.4500382269568827,0.001022491157310493,0.11148719219925161,False,False,False,False
DV3_Partner_Diversification,NER,2014,0.23610890496966244,0.000281649699185743,0.10566355128377551,False,False,False,False
DV3_Partner_Diversification,NER,2015,0.04589728206254515,1.0646023848889527e-05,0.10896783818405564,False,False,False,False
DV3_Partner_Diversification,NER,2016,0.5794034573804784,0.0016935245772928323,0.10760487074166507,False,False,False,False
DV3_Partner_Diversification,NER,2017,0.6708025196139344,0.0022685374318377124,0.10719605506829048,False,False,False,False
DV3_Partner_Diversification,NER,2018,0.5592675226747443,0.0015780677294687203,0.1080320765112969,False,False,False,False
DV3_Partner_Diversification,NER,2019,0.6152118354765428,0.0019088513070575257,0.10694296841895255,False,False,False,False
DV3_Partner_Diversification,NER,2020,0.8471834293232933,0.0036132350876410873,0.1080699004592765,True,True,False,True
DV3_Partner_Diversification,NER,2021,1.2088958116554733,0.007328027861753593,0.10804282089118929,True,True,False,True
DV3_Partner_Diversification,NIC,2012,0.319107013357291,0.0005143484344056606,0.10999477604885549,False,False,False,False
DV3_Partner_Diversification,NIC,2013,0.5227088709993855,0.0013788460785612861,0.11067562743834687,False,False,False,False
DV3_Partner_Diversification,NIC,2014,0.2600982818438893,0.0003417714642707046,0.10856085689395173,False,False,False,False
DV3_Partner_Diversification,NIC,2015,0.032327081816907265,5.281398658593127e-06,0.10839877504663813,False,False,False,False
DV3_Partner_Diversification,NIC,2016,0.13704745442661134,9.491087636483854e-05,0.10724889468363397,False,False,False,False
DV3_Partner_Diversification,NIC,2017,0.14757689860061243,0.00011005353263737715,0.10775016811859293,False,False,False,False
DV3_Partner_Diversification,NIC,2018,0.3945278447290203,0.0007859961407826552,0.11105328275280067,False,False,False,False
DV3_Partner_Diversification,NIC,2019,0.35367052801518634,0.0006317512464326387,0.11611163763323792,False,False,False,False
DV3_Partner_Diversification,NIC,2020,0.07066145213664078,2.523320262013569e-05,0.11292759409829037,False,False,False,False
DV3_Partner_Diversification,NIC,2021,0.023758939930167988,2.8527996718536536e-06,0.115397440085494,False,False,False,False
DV3_Partner_Diversification,NLD,2012,0.12584329797233385,8.002795400378947e-05,0.10864896876966716,False,False,False,False
DV3_Partner_Diversification,NLD,2013,0.0627691148311251,1.9911368491259377e-05,0.10745592202967047,False,False,False,False
DV3_Partner_Diversification,NLD,2014,0.062203979056395464,1.9554446228459507e-05,0.10663058401631396,False,False,False,False
DV3_Partner_Diversification,NLD,2015,0.006315735819400587,2.0158870860188562e-07,0.10859825920448567,False,False,False,False
DV3_Partner_Diversification,NLD,2016,0.045637383687170734,1.0525794463716676e-05,0.10610780047407796,False,False,False,False
DV3_Partner_Diversification,NLD,2017,0.03910067172549288,7.726508462131306e-06,0.10923572686650358,False,False,False,False
DV3_Partner_Diversification,NLD,2018,0.016605545992827687,1.3935547811877521e-06,0.10619613102401967,False,False,False,False
DV3_Partner_Diversification,NLD,2019,0.038945670836929014,7.665370221623901e-06,0.1060462076795449,False,False,False,False
DV3_Partner_Diversification,NLD,2020,0.1388320569818071,9.739882061766078e-05,0.1100705416227142,False,False,False,False
DV3_Partner_Diversification,NLD,2021,0.09246527880990223,4.320716816931624e-05,0.10839886842881191,False,False,False,False
DV3_Partner_Diversification,NOR,2012,0.10134563832440888,5.1904433263173e-05,0.10802856749873689,False,False,False,False
DV3_Partner_Diversification,NOR,2013,0.04770848249472544,1.150281742032671e-05,0.10744518653246085,False,False,False,False
DV3_Partner_Diversification,NOR,2014,0.02968222282139959,4.452553323816839e-06,0.10648919814441005,False,False,False,False
DV3_Partner_Diversification,NOR,2015,0.042345292753507825,9.062008985505844e-06,0.10859461388665924,False,False,False,False
DV3_Partner_Diversification,NOR,2016,0.0047002834412631905,1.1165197961281628e-07,0.1062544374945556,False,False,False,False
DV3_Partner_Diversification,NOR,2017,0.04600008753264721,1.0693769227283617e-05,0.10927302478968166,False,False,False,False
DV3_Partner_Diversification,NOR,2018,0.03745183889687333,7.088613907180916e-06,0.10602036077328966,False,False,False,False
DV3_Partner_Diversification,NOR,2019,0.01816942319390434,1.6683988320628763e-06,0.10621372455993482,False,False,False,False
DV3_Partner_Diversification,NOR,2020,0.08078829092268895,3.298376662781528e-05,0.11001749666416157,False,False,False,False
DV3_Partner_Diversification,NOR,2021,0.06027582031090131,1.836099403059237e-05,0.10866078072701688,False,False,False,False
DV3_Partner_Diversification,NPL,2012,0.8566064124359513,0.0036941665767347568,0.11095925574502803,True,True,False,True
DV3_Partner_Diversification,NPL,2013,0.594179395259275,0.0017808391396299883,0.10770887333271693,False,False,False,False
DV3_Partner_Diversification,NPL,2014,0.04393342463172908,9.754474588300664e-06,0.10597874255192487,False,False,False,False
DV3_Partner_Diversification,NPL,2015,0.09824874257924882,4.878086885811252e-05,0.10698829705249746,False,False,False,False
DV3_Partner_Diversification,NPL,2016,0.4548589632641872,0.001044424125813415,0.10594298149703772,False,False,False,False
DV3_Partner_Diversification,NPL,2017,0.33213485661168335,0.0005571658351005162,0.10636774494923253,False,False,False,False
DV3_Partner_Diversification,NPL,2018,0.5458020115201372,0.001503077971339218,0.10666804758308862,False,False,False,False
DV3_Partner_Diversification,NPL,2019,0.4088178811179075,0.000843882659693822,0.10685654789298185,False,False,False,False
DV3_Partner_Diversification,NPL,2020,0.7338432434482601,0.0027137466927124954,0.10832224838682422,True,True,False,True
DV3_Partner_Diversification,NPL,2021,1.6104738210269667,0.012930125620251436,0.10982175269858276,True,True,False,True
DV3_Partner_Diversification,NRU,2013,0.0997942371752399,5.0327885844019647e-05,0.12047825592578143,False,False,False,False
DV3_Partner_Diversification,NRU,2014,0.8102887695795332,0.003308176145994502,0.1243617810283966,True,True,False,True
DV3_Partner_Diversification,NRU,2015,0.16097592099876007,0.0001309454216140109,0.12838223639144414,False,False,False,False
DV3_Partner_Diversification,NRU,2016,0.45348230895181657,0.0010382582623382145,0.1185097638814194,False,False,False,False
DV3_Partner_Diversification,NRU,2017,0.48145824025099787,0.0011701622736481382,0.11835504485778396,False,False,False,False
DV3_Partner_Diversification,NRU,2018,0.6891068064866296,0.00239440817197812,0.11930059315693434,True,True,False,True
DV3_Partner_Diversification,NRU,2019,0.04891115820617324,1.2090080325951338e-05,0.11759962383294568,False,False,False,False
DV3_Partner_Diversification,NRU,2020,1.9524851348379049,0.018922174639511354,0.12048861101769566,True,True,False,True
DV3_Partner_Diversification,NRU,2021,0.4279694399889779,0.0009249554355038885,0.13848677727202127,False,False,False,False
DV3_Partner_Diversification,NZL,2012,0.016530608372430255,1.3810055119396462e-06,0.10704797320533888,False,False,False,False
DV3_Partner_Diversification,NZL,2013,0.023377716104594916,2.761984548502747e-06,0.10652291765096077,False,False,False,False
DV3_Partner_Diversification,NZL,2014,0.02321931359654707,2.7246822108360643e-06,0.10656312559768313,False,False,False,False
DV3_Partner_Diversification,NZL,2015,0.0740736679130117,2.7728927448385044e-05,0.10682668998004774,False,False,False,False
DV3_Partner_Diversification,NZL,2016,0.0356775552616223,6.432881167845964e-06,0.1064650553601968,False,False,False,False
DV3_Partner_Diversification,NZL,2017,0.015788587345865433,1.2598079399580803e-06,0.1068146845103423,False,False,False,False
DV3_Partner_Diversification,NZL,2018,0.05394484670454588,1.4706569820727215e-05,0.1065507769290907,False,False,False,False
DV3_Partner_Diversification,NZL,2019,0.04976407174229317,1.2515395293192516e-05,0.11096529268078752,False,False,False,False
DV3_Partner_Diversification,NZL,2020,0.06883862330639173,2.3948153773219037e-05,0.11161664181508646,False,False,False,False
DV3_Partner_Diversification,NZL,2021,0.12519105948541737,7.92008343743691e-05,0.11197377100903284,False,False,False,False
DV3_Partner_Diversification,OMN,2012,0.3724809948985143,0.0007006839226449774,0.11443117655957773,False,False,False,False
DV3_Partner_Diversification,OMN,2013,0.43116362356969107,0.0009386178922356068,0.11299076888629193,False,False,False,False
DV3_Partner_Diversification,OMN,2014,0.22753535396995056,0.0002615745778806957,0.10852390096974243,False,False,False,False
DV3_Partner_Diversification,OMN,2015,0.09646593814911586,4.70267163805814e-05,0.10839066810676895,False,False,False,False
DV3_Partner_Diversification,OMN,2016,0.033183719592647556,5.565010645331497e-06,0.11049207862740504,False,False,False,False
DV3_Partner_Diversification,OMN,2017,0.07119084149280216,2.5612666113875706e-05,0.1082012659449374,False,False,False,False
DV3_Partner_Diversification,OMN,2018,0.09511250727532428,4.571641093114999e-05,0.10655106793024298,False,False,False,False
DV3_Partner_Diversification,OMN,2019,0.2191000169753971,0.000242545269017654,0.10979085567413042,False,False,False,False
DV3_Partner_Diversification,OMN,2020,0.0737047092774546,2.745344114388712e-05,0.1132101569830761,False,False,False,False
DV3_Partner_Diversification,OMN,2021,0.11062361176780301,6.184230352357962e-05,0.10893701109998676,False,False,False,False
DV3_Partner_Diversification,PAK,2012,0.047471911877841146,1.1389026400434646e-05,0.10891255184952375,False,False,False,False
DV3_Partner_Diversification,PAK,2013,0.05128555436097893,1.329236674237742e-05,0.1077573117394788,False,False,False,False
DV3_Partner_Diversification,PAK,2014,0.015306933168355205,1.1841158621525938e-06,0.10651367616934916,False,False,False,False
DV3_Partner_Diversification,PAK,2015,0.01417638138118784,1.0156607782994298e-06,0.10628571272072945,False,False,False,False
DV3_Partner_Diversification,PAK,2016,0.01904352135048712,1.832787143450842e-06,0.10585744158621369,False,False,False,False
DV3_Partner_Diversification,PAK,2017,0.03421246882166896,5.9154041446242505e-06,0.10627120947959881,False,False,False,False
DV3_Partner_Diversification,PAK,2018,0.05361157869836366,1.4525420478671274e-05,0.1061784460450373,False,False,False,False
DV3_Partner_Diversification,PAK,2019,0.04370510557496212,9.653355291923656e-06,0.10874202209835139,False,False,False,False
DV3_Partner_Diversification,PAK,2020,0.08941791799169549,4.04063125454116e-05,0.11041691335142126,False,False,False,False
DV3_Partner_Diversification,PAK,2021,0.02932917192591437,4.3472640387185305e-06,0.11028935060525065,False,False,False,False
DV3_Partner_Diversification,PAN,2012,0.2646324039079337,0.0003538045571153708,0.1234683167105286,False,False,False,False
DV3_Partner_Diversification,PAN,2013,0.07359766310206958,2.7373755524703533e-05,0.11309428324002625,False,False,False,False
DV3_Partner_Diversification,PAN,2014,0.05883335911019195,1.749272850353593e-05,0.10788485154174016,False,False,False,False
DV3_Partner_Diversification,PAN,2015,0.014400895861317356,1.0480859871456967e-06,0.10728925367429151,False,False,False,False
DV3_Partner_Diversification,PAN,2016,0.027490327946366643,3.819235603657674e-06,0.10772212992442533,False,False,False,False
DV3_Partner_Diversification,PAN,2017,0.03791343534971963,7.264425974366274e-06,0.1082983231306505,False,False,False,False
DV3_Partner_Diversification,PAN,2018,0.002211732333075491,2.472199456719433e-08,0.10795074427836578,False,False,False,False
DV3_Partner_Diversification,PAN,2019,0.08852396443188294,3.960254645825034e-05,0.11574562397879339,False,False,False,False
DV3_Partner_Diversification,PAN,2020,0.1880236946556753,0.00017863590089977843,0.11820541724057088,False,False,False,False
DV3_Partner_Diversification,PAN,2021,0.017665548297722173,1.5771462134529159e-06,0.11675385771395896,False,False,False,False
DV3_Partner_Diversification,PER,2012,0.13290495249680104,8.926055878507807e-05,0.10863192074784755,False,False,False,False
DV3_Partner_Diversification,PER,2013,0.11165618643179498,6.300205340620514e-05,0.10782504149551124,False,False,False,False
DV3_Partner_Diversification,PER,2014,0.09732163023537346,4.7864647503095555e-05,0.10765479557728179,False,False,False,False
DV3_Partner_Diversification,PER,2015,0.10369558163421456,5.433930285627501e-05,0.10941766273641114,False,False,False,False
DV3_Partner_Diversification,PER,2016,0.02857644677703084,4.126985154631502e-06,0.10705725862665003,False,False,False,False
DV3_Partner_Diversification,PER,2017,0.040809244344716306,8.416502739513946e-06,0.11002098109670452,False,False,False,False
DV3_Partner_Diversification,PER,2018,0.13176059368046428,8.773003503439901e-05,0.1068400581109431,False,False,False,False
DV3_Partner_Diversification,PER,2019,0.05823450475240568,1.7138442734826913e-05,0.10979676490775843,False,False,False,False
DV3_Partner_Diversification,PER,2020,0.05867287373017882,1.73974474091839e-05,0.11423284183989521,False,False,False,False
DV3_Partner_Diversification,PER,2021,0.1325330047555594,8.87620901652195e-05,0.11340393289791986,False,False,False,False
DV3_Partner_Diversification,PHL,2012,0.14762632590179503,0.00011012779195774981,0.11187330970524326,False,False,False,False
DV3_Partner_Diversification,PHL,2013,0.02092672666613873,2.2131965849611212e-06,0.11083719389121968,False,False,False,False
DV3_Partner_Diversification,PHL,2014,0.081985093431666,3.396821721824125e-05,0.11002774083743552,False,False,False,False
DV3_Partner_Diversification,PHL,2015,0.004577036817572713,1.0587347018714091e-07,0.11004725461429407,False,False,False,False
DV3_Partner_Diversification,PHL,2016,0.008929376399053363,4.0295862509054734e-07,0.10710719899160527,False,False,False,False
DV3_Partner_Diversification,PHL,2017,0.051320864919622435,1.331068164617001e-05,0.11037453231676148,False,False,False,False
DV3_Partner_Diversification,PHL,2018,0.01527094516804151,1.1785545111258565e-06,0.10818032420233621,False,False,False,False
DV3_Partner_Diversification,PHL,2019,0.053681610479876116,1.4563411921087712e-05,0.11446981831616096,False,False,False,False
DV3_Partner_Diversification,PHL,2020,0.10200706560082723,5.258432083843268e-05,0.11540542247393579,False,False,False,False
DV3_Partner_Diversification,PHL,2021,0.0364541029682718,6.715963462848952e-06,0.11533457687322429,False,False,False,False
DV3_Partner_Diversification,PLW,2012,1.965968401218603,0.019140787363486282,0.10965982381974611,True,True,False,True
DV3_Partner_Diversification,PLW,2013,2.0721900739164894,0.02121293614265811,0.10867761089029708,True,True,False,True
DV3_Partner_Diversification,PLW,2014,0.2031072910397726,0.00020843712035156935,0.11033426615282822,False,False,False,False
DV3_Partner_Diversification,PLW,2015,1.6379069599012286,0.01336511453146358,0.1082514465259932,True,True,False,True
DV3_Partner_Diversification,PLW,2016,0.42147291069777076,0.0008968965440577068,0.10814430726904294,False,False,False,False
DV3_Partner_Diversification,PLW,2017,0.8011475525213301,0.003232357989215378,0.10655387258570768,True,True,False,True
DV3_Partner_Diversification,PLW,2018,0.08224062937582248,3.418023873903184e-05,0.10622284478784087,False,False,False,False
DV3_Partner_Diversification,PLW,2019,0.11302487342173273,6.455606780430091e-05,0.10981476039438315,False,False,False,False
DV3_Partner_Diversification,PLW,2020,0.7004716983203468,0.0024732690780983977,0.10969299849208347,True,True,False,True
DV3_Partner_Diversification,PLW,2021,2.521868929983671,0.03127355771381161,0.13021720136948517,True,True,False,True
DV3_Partner_Diversification,POL,2012,0.03799651748076927,7.29630065104735e-06,0.11188954913496924,False,False,False,False
DV3_Partner_Diversification,POL,2013,0.0327716494389939,5.427658685673678e-06,0.1103617060780791,False,False,False,False
DV3_Partner_Diversification,POL,2014,0.006253528773096915,1.9763715785516272e-07,0.11046046598294508,False,False,False,False
DV3_Partner_Diversification,POL,2015,0.033566187482915885,5.694031341960485e-06,0.11087428062623286,False,False,False,False
DV3_Partner_Diversification,POL,2016,0.04380487475137358,9.697475554310385e-06,0.10629104927694177,False,False,False,False
DV3_Partner_Diversification,POL,2017,0.053327860052980416,1.4372097271279113e-05,0.10966038644833534,False,False,False,False
DV3_Partner_Diversification,POL,2018,0.02513606362227879,3.1930919364179743e-06,0.10703899296699243,False,False,False,False
DV3_Partner_Diversification,POL,2019,0.008701270883000153,3.826340235245941e-07,0.10769684783501571,False,False,False,False
DV3_Partner_Diversification,POL,2020,0.04406669668044308,9.813752523860285e-06,0.11415073000544457,False,False,False,False
DV3_Partner_Diversification,POL,2021,0.02802595825729581,3.9695165849968475e-06,0.11556511087231056,False,False,False,False
DV3_Partner_Diversification,PRT,2012,0.05231002732621467,1.3828718465272355e-05,0.1090282298281851,False,False,False,False
DV3_Partner_Diversification,PRT,2013,0.011934193263434993,7.197873070306993e-07,0.1080283337109098,False,False,False,False
DV3_Partner_Diversification,PRT,2014,0.009383066420540131,4.4494646119235e-07,0.1069612222968109,False,False,False,False
DV3_Partner_Diversification,PRT,2015,0.0002538256387310162,3.2560372120206235e-10,0.10848883450473584,False,False,False,False
DV3_Partner_Diversification,PRT,2016,0.04444215028573639,9.981683365033451e-06,0.10605794469043994,False,False,False,False
DV3_Partner_Diversification,PRT,2017,0.013710738196065237,9.500350513117518e-07,0.10990656440656497,False,False,False,False
DV3_Partner_Diversification,PRT,2018,0.010345000955557898,5.408529453697901e-07,0.10621904016169519,False,False,False,False
DV3_Partner_Diversification,PRT,2019,0.010651888171100202,5.734179842241153e-07,0.10603811951152517,False,False,False,False
DV3_Partner_Diversification,PRT,2020,0.06416974827053877,2.0809882570282753e-05,0.11025546594197894,False,False,False,False
DV3_Partner_Diversification,PRT,2021,0.0019129389410700369,1.8493563032528318e-08,0.10824318890490235,False,False,False,False
DV3_Partner_Diversification,PRY,2012,0.05417309218524866,1.4831283516198219e-05,0.107677347427801,False,False,False,False
DV3_Partner_Diversification,PRY,2013,0.3582495624297692,0.0006481695603175039,0.10783922307161697,False,False,False,False
DV3_Partner_Diversification,PRY,2014,0.24505234042028182,0.00030338353757177806,0.10571118890040672,False,False,False,False
DV3_Partner_Diversification,PRY,2015,0.14455211678959692,0.00010558863631047876,0.10575969390042961,False,False,False,False
DV3_Partner_Diversification,PRY,2016,0.008667484811333058,3.796683397324349e-07,0.10598801501044662,False,False,False,False
DV3_Partner_Diversification,PRY,2017,0.07312032821499828,2.7019782832968896e-05,0.10597541803684808,False,False,False,False
DV3_Partner_Diversification,PRY,2018,0.13263898649124123,8.890344474665389e-05,0.10578317456697657,False,False,False,False
DV3_Partner_Diversification,PRY,2019,0.19630134873222813,0.00019470324478483426,0.10643233124017368,False,False,False,False
DV3_Partner_Diversification,PRY,2020,0.20351182485683664,0.00020926637581383803,0.10681749567659617,False,False,False,False
DV3_Partner_Diversification,PRY,2021,0.24221843316902103,0.00029641016590158326,0.10645459585213665,False,False,False,False
DV3_Partner_Diversification,PSE,2012,0.18138099139446706,0.0001662356092639291,0.10701427382367115,False,False,False,False
DV3_Partner_Diversification,PSE,2013,0.29006185114004296,0.000425010178890088,0.10645497254586758,False,False,False,False
DV3_Partner_Diversification,PSE,2014,0.09595508964874068,4.6529922977481364e-05,0.10576722238578075,False,False,False,False
DV3_Partner_Diversification,PSE,2015,0.03426803486497751,5.93463437569331e-06,0.10575660781964155,False,False,False,False
DV3_Partner_Diversification,PSE,2016,0.007147081573618227,2.581521462835362e-07,0.10604381256135383,False,False,False,False
DV3_Partner_Diversification,PSE,2017,0.08707871966850392,3.831990914849668e-05,0.10682840669757146,False,False,False,False
DV3_Partner_Diversification,PSE,2018,0.19593415276566678,0.00019397524402864154,0.1054582918158046,False,False,False,False
DV3_Partner_Diversification,PSE,2019,0.1638726065049358,0.00013569594619101217,0.10601273003374732,False,False,False,False
DV3_Partner_Diversification,PSE,2020,0.3813481943693351,0.0007343816327074383,0.10817473133719936,False,False,False,False
DV3_Partner_Diversification,PSE,2021,0.025232015761535397,3.2175165656460316e-06,0.10827863557593817,False,False,False,False
DV3_Partner_Diversification,PYF,2019,0.26279196164450114,0.0003489829118513713,0.33794700489313473,False,False,True,True
DV3_Partner_Diversification,PYF,2020,0.6555948764572498,0.0021709572158705743,0.33847503276011,False,False,True,True
DV3_Partner_Diversification,PYF,2021,0.3915403520102847,0.0007746155676641907,0.3378624027063391,False,False,True,True
DV3_Partner_Diversification,QAT,2012,0.1329420541688407,8.931103486570376e-05,0.11646153566016178,False,False,False,False
DV3_Partner_Diversification,QAT,2013,0.14055074203100978,9.982530800881553e-05,0.11293931370164317,False,False,False,False
DV3_Partner_Diversification,QAT,2014,0.16088887358414486,0.00013080053518049032,0.10761399706567713,False,False,False,False
DV3_Partner_Diversification,QAT,2015,0.056064692352183455,1.5885096316715005e-05,0.10729284054908397,False,False,False,False
DV3_Partner_Diversification,QAT,2016,0.022596514179311928,2.5804775808504347e-06,0.10842797208684103,False,False,False,False
DV3_Partner_Diversification,QAT,2017,0.07336872456505382,2.7203692171685006e-05,0.10908160682135763,False,False,False,False
DV3_Partner_Diversification,QAT,2018,0.007326017436973211,2.7124026151375654e-07,0.1078523723838666,False,False,False,False
DV3_Partner_Diversification,QAT,2019,0.03714350009717827,6.972376296976237e-06,0.1084328380612303,False,False,False,False
DV3_Partner_Diversification,QAT,2020,0.1780148848722482,0.00016012537748990598,0.11257875542853565,False,False,False,False
DV3_Partner_Diversification,QAT,2021,0.21230967760245564,0.00022774660315993617,0.1075779496466082,False,False,False,False
DV3_Partner_Diversification,ROU,2012,0.06005004384596791,1.8223705156814618e-05,0.10899708527691863,False,False,False,False
DV3_Partner_Diversification,ROU,2013,0.13722888137281003,9.516230036992766e-05,0.10717519998546071,False,False,False,False
DV3_Partner_Diversification,ROU,2014,0.0349150679793289,6.160858839485561e-06,0.10620966486064305,False,False,False,False
DV3_Partner_Diversification,ROU,2015,0.0012091080929998055,7.388370013163771e-09,0.10638825915702935,False,False,False,False
DV3_Partner_Diversification,ROU,2016,0.06806851431011017,2.3415307214814584e-05,0.10614909916480034,False,False,False,False
DV3_Partner_Diversification,ROU,2017,0.1039077442610399,5.4561758486084075e-05,0.1058933032539745,False,False,False,False
DV3_Partner_Diversification,ROU,2018,0.11532142387695904,6.720577715139036e-05,0.10614063918130445,False,False,False,False
DV3_Partner_Diversification,ROU,2019,0.07232214292276277,2.643312494867411e-05,0.10650341629251242,False,False,False,False
DV3_Partner_Diversification,ROU,2020,0.06389551306439958,2.063238780172524e-05,0.10749151631861208,False,False,False,False
DV3_Partner_Diversification,ROU,2021,0.06792352947893752,2.331568117687823e-05,0.10838450691782928,False,False,False,False
DV3_Partner_Diversification,RUS,2012,0.029573361567239834,4.41995425941345e-06,0.11058123175505807,False,False,False,False
DV3_Partner_Diversification,RUS,2013,0.04321694484461856,9.438916706639021e-06,0.10847401072515667,False,False,False,False
DV3_Partner_Diversification,RUS,2014,0.019210713218242362,1.86511013753013e-06,0.10638975654290302,False,False,False,False
DV3_Partner_Diversification,RUS,2015,0.031151079841347715,4.904134132830394e-06,0.10874094842289683,False,False,False,False
DV3_Partner_Diversification,RUS,2016,0.027508752692489383,3.8243565961019996e-06,0.10646032217683739,False,False,False,False
DV3_Partner_Diversification,RUS,2017,0.0027162475081305083,3.7286966207221625e-08,0.10953300493188262,False,False,False,False
DV3_Partner_Diversification,RUS,2018,0.001412917535277439,1.0089090314413037e-08,0.1070106343179891,False,False,False,False
DV3_Partner_Diversification,RUS,2019,0.02585100679537309,3.3773162102094865e-06,0.10691630524020186,False,False,False,False
DV3_Partner_Diversification,RUS,2020,0.05417694753056762,1.4833401630150765e-05,0.11063990487159746,False,False,False,False
DV3_Partner_Diversification,RUS,2021,0.044554637496150115,1.0032280325674938e-05,0.1100332656705958,False,False,False,False
DV3_Partner_Diversification,RWA,2012,0.4050141933263046,0.0008282945049427849,0.11058380201092322,False,False,False,False
DV3_Partner_Diversification,RWA,2013,0.16468047174434797,0.0001370373233304822,0.10771498371066696,False,False,False,False
DV3_Partner_Diversification,RWA,2014,0.15354703488170407,0.00011913659286537366,0.10654886087662889,False,False,False,False
DV3_Partner_Diversification,RWA,2015,0.5828865844857583,0.001713851544235331,0.10585810135155929,False,False,False,False
DV3_Partner_Diversification,RWA,2016,0.22321839613311287,0.00025174377552021843,0.10566756166824698,False,False,False,False
DV3_Partner_Diversification,RWA,2017,0.150249055946985,0.00011407435693341322,0.10625769626193175,False,False,False,False
DV3_Partner_Diversification,RWA,2018,0.23540271230453458,0.00027996842036625294,0.10620995736319278,False,False,False,False
DV3_Partner_Diversification,RWA,2019,0.34322396799826044,0.0005949684730572304,0.10671048242425449,False,False,False,False
DV3_Partner_Diversification,RWA,2020,0.937587437926247,0.004421748755091011,0.10832084447403287,True,True,False,True
DV3_Partner_Diversification,RWA,2021,0.16971848595708022,0.00014554912700687415,0.10857833011992302,False,False,False,False
DV3_Partner_Diversification,SAU,2012,0.10205060208321172,5.262942800991413e-05,0.12396112465104273,False,False,False,False
DV3_Partner_Diversification,SAU,2013,0.16600510184931921,0.00013925277172988242,0.11984446258410081,False,False,False,False
DV3_Partner_Diversification,SAU,2014,0.08024988430121606,3.2545652321791006e-05,0.11374581059375864,False,False,False,False
DV3_Partner_Diversification,SAU,2015,0.02466144740327372,3.0736478817155066e-06,0.11002017344091353,False,False,False,False
DV3_Partner_Diversification,SAU,2016,0.03357289544839948,5.69630730479752e-06,0.11065480446668491,False,False,False,False
DV3_Partner_Diversification,SAU,2017,0.030457766178961822,4.68826743185449e-06,0.11117276160639532,False,False,False,False
DV3_Partner_Diversification,SAU,2018,0.0044233570664996774,9.888315944415179e-08,0.10612455779637929,False,False,False,False
DV3_Partner_Diversification,SAU,2019,0.11983851770404284,7.25733788447962e-05,0.10728117792323591,False,False,False,False
DV3_Partner_Diversification,SAU,2020,0.1243145142659359,7.809607557313523e-05,0.11773828253834509,False,False,False,False
DV3_Partner_Diversification,SAU,2021,0.10793656976002727,5.887480249774498e-05,0.11221496423536129,False,False,False,False
DV3_Partner_Diversification,SDN,2012,0.5029376408042275,0.0012766143904787723,0.10886799595728792,False,False,False,False
DV3_Partner_Diversification,SDN,2013,1.9597228004403615,0.019017367092805108,0.1085341278547267,True,True,False,True
DV3_Partner_Diversification,SDN,2014,0.33690927966253925,0.0005732981470608291,0.10875245214085939,False,False,False,False
DV3_Partner_Diversification,SDN,2015,0.41793570375803035,0.0008819141761904823,0.10753785368405346,False,False,False,False
DV3_Partner_Diversification,SDN,2016,0.06398090741566777,2.0687569640354486e-05,0.10689563909500349,False,False,False,False
DV3_Partner_Diversification,SDN,2017,0.03095261540420953,4.841844469348605e-06,0.10766298690905449,False,False,False,False
DV3_Partner_Diversification,SDN,2018,0.7531652304354697,0.002857861172156041,0.10580644083251398,True,True,False,True
DV3_Partner_Diversification,SDN,2019,0.7525547152219487,0.0028535111824254584,0.10872383356782173,True,True,False,True
DV3_Partner_Diversification,SDN,2020,0.31736464463364633,0.0005087568293335004,0.11255155147892465,False,False,False,False
DV3_Partner_Diversification,SDN,2021,0.2528095525659098,0.000322904613733554,0.12147867591543501,False,False,False,False
DV3_Partner_Diversification,SEN,2012,0.07431546174903828,2.79102527055667e-05,0.10771985203268036,False,False,False,False
DV3_Partner_Diversification,SEN,2013,0.15822557358037234,0.00012650627394745104,0.10633979535073153,False,False,False,False
DV3_Partner_Diversification,SEN,2014,0.055886089044381713,1.578404610782454e-05,0.10589757204800307,False,False,False,False
DV3_Partner_Diversification,SEN,2015,0.14734603499363133,0.00010970927754516506,0.10600401274832605,False,False,False,False
DV3_Partner_Diversification,SEN,2016,0.0017151175516344212,1.4866411843897876e-08,0.10569913939484495,False,False,False,False
DV3_Partner_Diversification,SEN,2017,0.10114474600561069,5.169880289593455e-05,0.10569475314315477,False,False,False,False
DV3_Partner_Diversification,SEN,2018,0.10421366624954267,5.4883482147801606e-05,0.10565985264362573,False,False,False,False
DV3_Partner_Diversification,SEN,2019,0.1355533553804554,9.285283282735582e-05,0.1064056016675551,False,False,False,False
DV3_Partner_Diversification,SEN,2020,0.02339628602847004,2.766374230891359e-06,0.10683252825214268,False,False,False,False
DV3_Partner_Diversification,SEN,2021,0.028536742736476165,4.11552509720051e-06,0.10689880916319461,False,False,False,False
DV3_Partner_Diversification,SGP,2012,0.09343365803969787,4.4116955991129584e-05,0.11242577937707421,False,False,False,False
DV3_Partner_Diversification,SGP,2013,0.14971417038173704,0.00011326434566956462,0.11088364962785395,False,False,False,False
DV3_Partner_Diversification,SGP,2014,0.06612920172480014,2.210012824326661e-05,0.10889701537856478,False,False,False,False
DV3_Partner_Diversification,SGP,2015,0.032813729772790415,5.44160482097901e-06,0.10587102450795918,False,False,False,False
DV3_Partner_Diversification,SGP,2016,0.12298088985212619,7.64291892272057e-05,0.11090059273593102,False,False,False,False
DV3_Partner_Diversification,SGP,2017,0.1026182255573156,5.3216046655482036e-05,0.10758598258483384,False,False,False,False
DV3_Partner_Diversification,SGP,2018,0.06533311003306339,2.1571226431733654e-05,0.1060048472736957,False,False,False,False
DV3_Partner_Diversification,SGP,2019,0.03898439556454792,7.680622086291543e-06,0.10700805140029938,False,False,False,False
DV3_Partner_Diversification,SGP,2020,0.07361394747274434,2.7385818577335414e-05,0.1066840311604116,False,False,False,False
DV3_Partner_Diversification,SGP,2021,0.016024354984647847,1.2977137262224951e-06,0.10817353719428248,False,False,False,False
DV3_Partner_Diversification,SLB,2012,0.6431950346198374,0.002086279272731995,0.11180109723863385,False,False,False,False
DV3_Partner_Diversification,SLB,2013,0.3596012240966905,0.0006530826863227053,0.11138767176071512,False,False,False,False
DV3_Partner_Diversification,SLB,2014,0.267825711165645,0.00036237380474269884,0.1091017029005569,False,False,False,False
DV3_Partner_Diversification,SLB,2015,0.1790398131094751,0.00016197312343548405,0.10856252168931313,False,False,False,False
DV3_Partner_Diversification,SLB,2016,0.04488125992281431,1.0179907872678807e-05,0.11013322017587698,False,False,False,False
DV3_Partner_Diversification,SLB,2017,0.24760030378066378,0.00030972756953811945,0.10987198559595641,False,False,False,False
DV3_Partner_Diversification,SLB,2018,0.5242484962202927,0.0013869374729376216,0.10914220385295578,False,False,False,False
DV3_Partner_Diversification,SLB,2019,0.15095725920248246,0.00011515427497389259,0.12245188206179113,False,False,False,False
DV3_Partner_Diversification,SLB,2020,0.06153630400770091,1.9137014677784805e-05,0.1328624159223746,False,False,False,False
DV3_Partner_Diversification,SLB,2021,0.29129775735859204,0.00042866647147154287,0.1220266304951032,False,False,False,False
DV3_Partner_Diversification,SLE,2012,0.2676602842525487,0.00036192344977551924,0.10702428807148835,False,False,False,False
DV3_Partner_Diversification,SLE,2013,2.390917975574034,0.028048813453109642,0.11071592529348599,True,True,False,True
DV3_Partner_Diversification,SLE,2014,2.2436304973563845,0.024772947184972652,0.10878676607427303,True,True,False,True
DV3_Partner_Diversification,SLE,2015,0.6618515300699054,0.0022086368308200603,0.1089351458823441,False,False,False,False
DV3_Partner_Diversification,SLE,2016,0.7127562303535769,0.0025604703299149335,0.10864701184508051,True,True,False,True
DV3_Partner_Diversification,SLE,2017,0.5039172623267862,0.0012815780318479136,0.10844365612961654,False,False,False,False
DV3_Partner_Diversification,SLE,2018,0.8571630949863495,0.003698431628310343,0.10745553418970988,True,True,False,True
DV3_Partner_Diversification,SLE,2019,0.7621966229025954,0.002926903798075114,0.10907393590516631,True,True,False,True
DV3_Partner_Diversification,SLE,2020,0.8964001188516735,0.004043508197964451,0.10875802533194029,True,True,False,True
DV3_Partner_Diversification,SLE,2021,0.4217534171929455,0.0008980985746970155,0.10915644997767049,False,False,False,False
DV3_Partner_Diversification,SLV,2012,0.004623654265998747,1.0804111028767359e-07,0.10773616656979923,False,False,False,False
DV3_Partner_Diversification,SLV,2013,0.0013922699075342576,9.79637164497353e-09,0.10731033914382722,False,False,False,False
DV3_Partner_Diversification,SLV,2014,0.18924266613680468,0.00018095553641561834,0.10717019985411223,False,False,False,False
DV3_Partner_Diversification,SLV,2015,0.18090617184602947,0.00016536634818313186,0.10633356399617573,False,False,False,False
DV3_Partner_Diversification,SLV,2016,0.2174543513939028,0.00023891410536105529,0.10626591255478818,False,False,False,False
DV3_Partner_Diversification,SLV,2017,0.04339656257623007,9.517537411442339e-06,0.1071192904579992,False,False,False,False
DV3_Partner_Diversification,SLV,2018,0.03434117375939565,5.959994560857979e-06,0.10703515015472465,False,False,False,False
DV3_Partner_Diversification,SLV,2019,0.09233146574531226,4.308221426732729e-05,0.10870353176859136,False,False,False,False
DV3_Partner_Diversification,SLV,2020,0.32529602287354564,0.0005344800185759864,0.10935004829144059,False,False,False,False
DV3_Partner_Diversification,SLV,2021,0.2638622268655925,0.0003517344752371538,0.11115909920750974,False,False,False,False
DV3_Partner_Diversification,SMR,2015,0.010943846850628679,6.052826634433541e-07,0.17243260102804814,False,False,False,False
DV3_Partner_Diversification,SMR,2016,0.08628232360363004,3.7622868842930714e-05,0.17236139207739032,False,False,False,False
DV3_Partner_Diversification,SMR,2017,0.06598204847732773,2.200209424930931e-05,0.17181936607520432,False,False,False,False
DV3_Partner_Diversification,SMR,2018,0.05439705610809989,1.4954267098074521e-05,0.1718536565502799,False,False,False,False
DV3_Partner_Diversification,SMR,2019,0.01993609110856669,2.0086203734331415e-06,0.1726275026366115,False,False,False,False
DV3_Partner_Diversification,SMR,2020,0.19854984763980693,0.00019920676330657458,0.17308737660383805,False,False,False,False
DV3_Partner_Diversification,SOM,2013,0.21395882323392465,0.00023130398100391615,0.11949292959869084,False,False,False,False
DV3_Partner_Diversification,SOM,2014,0.08609265500245748,3.745716834616284e-05,0.11847453168748924,False,False,False,False
DV3_Partner_Diversification,SOM,2015,0.1980898139138904,0.00019827224882920254,0.12114902646972125,False,False,False,False
DV3_Partner_Diversification,SOM,2016,0.3921147267574848,0.0007764655819136784,0.1190961268596373,False,False,False,False
DV3_Partner_Diversification,SOM,2017,0.027093943503113293,3.7098921435915943e-06,0.11895010772642949,False,False,False,False
DV3_Partner_Diversification,SOM,2018,0.2701005153858001,0.0003685660311400341,0.11850885723226481,False,False,False,False
DV3_Partner_Diversification,SOM,2019,0.22202187290708597,0.0002490609687795842,0.11826893958502777,False,False,False,False
DV3_Partner_Diversification,SOM,2020,0.06120904681562864,1.8933971833170185e-05,0.11870070658352434,False,False,False,False
DV3_Partner_Diversification,SOM,2021,0.1349400069153548,9.201587782600655e-05,0.12230143035883827,False,False,False,False
DV3_Partner_Diversification,SRB,2012,0.03958775741619851,7.920207323497886e-06,0.1089726110059587,False,False,False,False
DV3_Partner_Diversification,SRB,2013,0.02644723422121447,3.534901039613879e-06,0.10751282465966094,False,False,False,False
DV3_Partner_Diversification,SRB,2014,0.13311450105881156,8.954212175491227e-05,0.10747340612807427,False,False,False,False
DV3_Partner_Diversification,SRB,2015,0.07306911378979293,2.6981953324415958e-05,0.10671277545227163,False,False,False,False
DV3_Partner_Diversification,SRB,2016,0.0528162823024317,1.4097670918739362e-05,0.10602149491874223,False,False,False,False
DV3_Partner_Diversification,SRB,2017,0.03179106309039961,5.107708130226933e-06,0.10616413369152589,False,False,False,False
DV3_Partner_Diversification,SRB,2018,0.02268543967840002,2.6008275201750225e-06,0.10575839859660556,False,False,False,False
DV3_Partner_Diversification,SRB,2019,0.055385647567477034,1.5502636017885668e-05,0.1063806410569603,False,False,False,False
DV3_Partner_Diversification,SRB,2020,0.18756321744773927,0.00017775877573932637,0.10768859733829267,False,False,False,False
DV3_Partner_Diversification,SRB,2021,0.13887819663303838,9.746349559633307e-05,0.10939846988913192,False,False,False,False
DV3_Partner_Diversification,SSD,2012,3.543345565262519,0.06213022782666155,0.2782248542663319,True,True,True,True
DV3_Partner_Diversification,SSD,2013,1.2405856654354488,0.007755461951463838,0.2564112154206932,True,True,True,True
DV3_Partner_Diversification,SSD,2014,0.6461987992968353,0.002108765320090984,0.2685989543968483,False,False,True,True
DV3_Partner_Diversification,SSD,2015,1.4448191841702713,0.010509833602028304,0.2637858617886928,True,True,True,True
DV3_Partner_Diversification,SVK,2012,0.04941811227730211,1.2341981924413028e-05,0.10699561899524869,False,False,False,False
DV3_Partner_Diversification,SVK,2013,0.0410536535747114,8.517614626033216e-06,0.10619183838766594,False,False,False,False
DV3_Partner_Diversification,SVK,2014,0.0642751612180325,2.087828628966882e-05,0.1059868449661062,False,False,False,False
DV3_Partner_Diversification,SVK,2015,0.04509754523653087,1.0278253102835395e-05,0.10568208912971368,False,False,False,False
DV3_Partner_Diversification,SVK,2016,0.04370787998682979,9.65457771931916e-06,0.10569459609547051,False,False,False,False
DV3_Partner_Diversification,SVK,2017,0.019700319275585475,1.961390135996007e-06,0.10617476983007092,False,False,False,False
DV3_Partner_Diversification,SVK,2018,0.01652199070283457,1.3795659953626066e-06,0.10641494400054727,False,False,False,False
DV3_Partner_Diversification,SVK,2019,0.007855115123176581,3.118339143115994e-07,0.10651860504108825,False,False,False,False
DV3_Partner_Diversification,SVK,2020,0.11213373104689132,6.354203914695392e-05,0.10695155710142354,False,False,False,False
DV3_Partner_Diversification,SVK,2021,0.06120867817897984,1.893370067431963e-05,0.10689682205672921,False,False,False,False
DV3_Partner_Diversification,SVN,2012,0.08145885996511452,3.3533535722894064e-05,0.10709883382729171,False,False,False,False
DV3_Partner_Diversification,SVN,2013,0.005475359786277762,1.515108160047799e-07,0.10688434696967575,False,False,False,False
DV3_Partner_Diversification,SVN,2014,0.061039513912883536,1.8829189196630055e-05,0.10616735512050979,False,False,False,False
DV3_Partner_Diversification,SVN,2015,0.07325700475483218,2.712088573401038e-05,0.10605976740153295,False,False,False,False
DV3_Partner_Diversification,SVN,2016,0.002845303502468286,4.091434112817324e-08,0.10559563872148629,False,False,False,False
DV3_Partner_Diversification,SVN,2017,0.025885094725280076,3.3862288030379457e-06,0.10605655616469599,False,False,False,False
DV3_Partner_Diversification,SVN,2018,0.05047315833534932,1.2874585418732509e-05,0.10601107418635143,False,False,False,False
DV3_Partner_Diversification,SVN,2019,0.015197285176287295,1.1672123190151322e-06,0.10680267780417814,False,False,False,False
DV3_Partner_Diversification,SVN,2020,0.17166562779742803,0.00014890702161137894,0.10680978639322031,False,False,False,False
DV3_Partner_Diversification,SVN,2021,0.10370183919321592,5.4345791584111975e-05,0.10728472996048452,False,False,False,False
DV3_Partner_Diversification,SWE,2012,0.08263736335208728,3.4510841137676885e-05,0.10955907868765472,False,False,False,False
DV3_Partner_Diversification,SWE,2013,0.0106878429294078,5.772955926630572e-07,0.1079257840260006,False,False,False,False
DV3_Partner_Diversification,SWE,2014,0.002116507236522319,2.263903386325208e-08,0.10655290734137535,False,False,False,False
DV3_Partner_Diversification,SWE,2015,0.022533563018164126,2.5661198555157554e-06,0.10851463450666057,False,False,False,False
DV3_Partner_Diversification,SWE,2016,0.014655338010328584,1.0854493179147436e-06,0.10612685258599162,False,False,False,False
DV3_Partner_Diversification,SWE,2017,0.016134971299354078,1.3156918262970006e-06,0.1092476090996282,False,False,False,False
DV3_Partner_Diversification,SWE,2018,0.00783444689372248,3.101950903074931e-07,0.10607115770155667,False,False,False,False
DV3_Partner_Diversification,SWE,2019,0.0010635579843737272,5.716638452372916e-09,0.10626545319390276,False,False,False,False
DV3_Partner_Diversification,SWE,2020,0.04464353355439273,1.007235310492909e-05,0.11018283659961275,False,False,False,False
DV3_Partner_Diversification,SWE,2021,0.013716278166362846,9.508029324583574e-07,0.10819389316864823,False,False,False,False
DV3_Partner_Diversification,SWZ,2013,0.4052377156573218,0.0008292567612704101,0.11769254377742955,False,False,False,False
DV3_Partner_Diversification,SWZ,2014,0.45524175061297245,0.001046304305304957,0.11674655390982958,False,False,False,False
DV3_Partner_Diversification,SWZ,2015,0.09261423311859626,4.3346641179824256e-05,0.11676944580636388,False,False,False,False
DV3_Partner_Diversification,SWZ,2016,0.26966849849291047,0.0003673864107681054,0.11695093914288388,False,False,False,False
DV3_Partner_Diversification,SWZ,2017,0.4327794190774847,0.0009456952803944245,0.11711046822295873,False,False,False,False
DV3_Partner_Diversification,SWZ,2018,0.2518393944822215,0.0003204272552953379,0.11661298413669825,False,False,False,False
DV3_Partner_Diversification,SWZ,2019,0.34556324822520795,0.0006031421270948998,0.11771376842412447,False,False,False,False
DV3_Partner_Diversification,SWZ,2020,0.08549271155878561,3.693694965736886e-05,0.11770929771478811,False,False,False,False
DV3_Partner_Diversification,SWZ,2021,0.07196929120459337,2.6175921853760813e-05,0.1192656878786429,False,False,False,False
DV3_Partner_Diversification,SYC,2012,0.01610320889484137,1.3105169973462973e-06,0.11259827211944531,False,False,False,False
DV3_Partner_Diversification,SYC,2013,0.03506746050288075,6.21475657760583e-06,0.10754745002000955,False,False,False,False
DV3_Partner_Diversification,SYC,2014,0.00955326870987292,4.612349082083901e-07,0.11344056899160816,False,False,False,False
DV3_Partner_Diversification,SYC,2015,0.059438243326619386,1.785427014578123e-05,0.10874175397578771,False,False,False,False
DV3_Partner_Diversification,SYC,2016,0.2343275397710742,0.00027741744214853314,0.10604372869144923,False,False,False,False
DV3_Partner_Diversification,SYC,2017,1.7066514452088442,0.014492910818239859,0.10826629463553904,True,True,False,True
DV3_Partner_Diversification,SYC,2018,0.3391201242276709,0.0005808334023092907,0.10638851221611285,False,False,False,False
DV3_Partner_Diversification,SYC,2019,0.24400561091096648,0.0003008018434423902,0.10936613229607209,False,False,False,False
DV3_Partner_Diversification,SYC,2020,0.35954578419714384,0.0006528964981829742,0.11487938498866447,False,False,False,False
DV3_Partner_Diversification,SYC,2021,0.4250391213364891,0.0009121291678730048,0.10873488240287979,False,False,False,False
DV3_Partner_Diversification,SYR,2012,0.04531396595526107,1.037717067156503e-05,0.14017418284043165,False,False,False,False
DV3_Partner_Diversification,SYR,2013,0.07191775533125158,2.6138462166803037e-05,0.1215877044543147,False,False,False,False
DV3_Partner_Diversification,SYR,2014,0.0886190505839958,3.968768556967014e-05,0.11709534398529782,False,False,False,False
DV3_Partner_Diversification,SYR,2015,0.013130526648617333,8.713292746493208e-07,0.11685106591681077,False,False,False,False
DV3_Partner_Diversification,SYR,2016,0.08498907055355161,3.650309314867843e-05,0.12105106350046539,False,False,False,False
DV3_Partner_Diversification,SYR,2017,0.03587735537986624,6.50513831378083e-06,0.11934784718982558,False,False,False,False
DV3_Partner_Diversification,SYR,2018,0.07130391396262593,2.5694157765693747e-05,0.11841736425218798,False,False,False,False
DV3_Partner_Diversification,SYR,2019,0.06881412551564405,2.393116438586624e-05,0.12114376486215574,False,False,False,False
DV3_Partner_Diversification,SYR,2020,0.1701905026619167,0.000146362117244424,0.11983569612850253,False,False,False,False
DV3_Partner_Diversification,TCD,2012,2.174194961928387,0.023325415882799846,0.1131388599751221,True,True,False,True
DV3_Partner_Diversification,TCD,2013,1.6891014141582614,0.014223470023968655,0.1194712732490445,True,True,False,True
DV3_Partner_Diversification,TCD,2014,1.530077446205941,0.011700358297601594,0.11993295108587887,True,True,False,True
DV3_Partner_Diversification,TCD,2015,0.1265910494797859,8.098185722651879e-05,0.11033677211951261,False,False,False,False
DV3_Partner_Diversification,TCD,2016,0.003530744124878981,6.30014936067005e-08,0.10874416877354523,False,False,False,False
DV3_Partner_Diversification,TCD,2017,0.7855055347948458,0.003108143570676948,0.10986285663589061,True,True,False,True
DV3_Partner_Diversification,TCD,2018,0.9095270460065142,0.004162355672642043,0.10918000048411577,True,True,False,True
DV3_Partner_Diversification,TCD,2019,1.1287546344879054,0.006402189208373834,0.1264784917046583,True,True,False,True
DV3_Partner_Diversification,TCD,2020,1.5938891994024467,0.012689394010930125,0.1233063960435784,True,True,False,True
DV3_Partner_Diversification,TCD,2021,1.1835454144829092,0.007035298188618182,0.12770412448683793,True,True,False,True
DV3_Partner_Diversification,TGO,2012,0.006099994037729722,1.8805163839974267e-07,0.11184884457909627,False,False,False,False
DV3_Partner_Diversification,TGO,2013,0.07831589625667058,3.099590994921867e-05,0.11168036176445571,False,False,False,False
DV3_Partner_Diversification,TGO,2014,0.021779742505759564,2.397301986627889e-06,0.10717670129646868,False,False,False,False
DV3_Partner_Diversification,TGO,2015,0.04746354951421761,1.1385011198714428e-05,0.10672005449760918,False,False,False,False
DV3_Partner_Diversification,TGO,2016,0.024602691772506874,3.059019101577783e-06,0.10608006006246645,False,False,False,False
DV3_Partner_Diversification,TGO,2017,0.041316264708294165,8.626932907522314e-06,0.10641119115712387,False,False,False,False
DV3_Partner_Diversification,TGO,2018,0.1852171243754935,0.0001733404875254992,0.10766651500883033,False,False,False,False
DV3_Partner_Diversification,TGO,2019,0.03666294973133924,6.7931320776770966e-06,0.10851504897006793,False,False,False,False
DV3_Partner_Diversification,TGO,2020,0.2160917039625711,0.00023593136860377707,0.1084448617461113,False,False,False,False
DV3_Partner_Diversification,TGO,2021,0.0011016533515148586,6.133499039395545e-09,0.10961178945797623,False,False,False,False
DV3_Partner_Diversification,THA,2012,0.009268980109218266,4.3419226914959864e-07,0.10950272170721011,False,False,False,False
DV3_Partner_Diversification,THA,2013,0.05754696478050343,1.6736145643748408e-05,0.10770451137385202,False,False,False,False
DV3_Partner_Diversification,THA,2014,0.0730743261989645,2.6985805246896357e-05,0.10699964267069242,False,False,False,False
DV3_Partner_Diversification,THA,2015,0.06520214350588908,2.1484847935869448e-05,0.10910898132486223,False,False,False,False
DV3_Partner_Diversification,THA,2016,0.006495924547732826,2.1325549337989084e-07,0.10626117701827509,False,False,False,False
DV3_Partner_Diversification,THA,2017,0.012065631633271748,7.35729502453021e-07,0.10915119673338569,False,False,False,False
DV3_Partner_Diversification,THA,2018,0.011721020997858917,6.943028437574117e-07,0.10613390141568596,False,False,False,False
DV3_Partner_Diversification,THA,2019,0.04995160273107756,1.2609891118404387e-05,0.10707325913661205,False,False,False,False
DV3_Partner_Diversification,THA,2020,0.06123483472210865,1.8949904946289722e-05,0.11182161778334149,False,False,False,False
DV3_Partner_Diversification,THA,2021,0.10190633907860326,5.248032930145464e-05,0.10838472131432003,False,False,False,False
DV3_Partner_Diversification,TJK,2012,0.31716342031695166,0.0005081265825224729,0.11828347223757188,False,False,False,False
DV3_Partner_Diversification,TJK,2013,0.416162943252761,0.0008744763206623986,0.1100423272109323,False,False,False,False
DV3_Partner_Diversification,TJK,2014,0.24952644264527643,0.0003145632878195902,0.10957653738580049,False,False,False,False
DV3_Partner_Diversification,TJK,2015,0.18122035528203678,0.00016594169580523812,0.10815038699122514,False,False,False,False
DV3_Partner_Diversification,TJK,2016,0.1839878086348544,0.00017104715491350468,0.10641938449665606,False,False,False,False
DV3_Partner_Diversification,TJK,2017,0.1151435225692903,6.699871586379042e-05,0.10841134401698348,False,False,False,False
DV3_Partner_Diversification,TJK,2018,7.158874660271263e-05,2.5900485311923474e-11,0.10673531379031748,False,False,False,False
DV3_Partner_Diversification,TJK,2019,0.2247817149817464,0.0002552855281258315,0.1115418562337424,False,False,False,False
DV3_Partner_Diversification,TJK,2020,0.594532269663754,0.0017831469714936331,0.11354287693034265,False,False,False,False
DV3_Partner_Diversification,TJK,2021,0.48747482773957423,0.0011995439248290172,0.11737032527522955,False,False,False,False
DV3_Partner_Diversification,TKM,2012,0.22180557842368034,0.0002485889304443495,0.14614766611619223,False,False,False,False
DV3_Partner_Diversification,TKM,2013,0.34176644771831666,0.0005900257071364728,0.1383552510035623,False,False,False,False
DV3_Partner_Diversification,TKM,2014,0.37774413161375586,0.0007206906376666647,0.13248712276492786,False,False,False,False
DV3_Partner_Diversification,TKM,2015,0.04101589746251928,8.501972656422868e-06,0.1327392749651268,False,False,False,False
DV3_Partner_Diversification,TKM,2016,0.6966658133654035,0.002447830389115593,0.1343649962767914,True,True,False,True
DV3_Partner_Diversification,TKM,2017,0.2034496968227056,0.00020914946170855306,0.13422637053872957,False,False,False,False
DV3_Partner_Diversification,TKM,2018,0.08189434263320877,3.389332959071975e-05,0.1373181022667871,False,False,False,False
DV3_Partner_Diversification,TKM,2019,0.2983929790854345,0.0004498353331835429,0.1509693408925495,False,False,False,False
DV3_Partner_Diversification,TLS,2015,3.752365636351333,0.06882451760840848,0.2133158756175286,True,True,False,True
DV3_Partner_Diversification,TLS,2016,0.19098449959916866,0.00018431327400180342,0.151349410974983,False,False,False,False
DV3_Partner_Diversification,TLS,2017,0.783133817265364,0.003092845157120575,0.1571375089244341,True,True,False,True
DV3_Partner_Diversification,TLS,2018,0.8666618748307647,0.0037866218828899612,0.16642962182101223,True,True,False,True
DV3_Partner_Diversification,TLS,2019,0.7711434947931892,0.002998760639682725,0.15105768011315346,True,True,False,True
DV3_Partner_Diversification,TLS,2020,1.1755098862480553,0.0069536096836943905,0.17370166016524063,True,True,False,True
DV3_Partner_Diversification,TLS,2021,1.398313757489036,0.009828187546122807,0.19025773886356445,True,True,False,True
DV3_Partner_Diversification,TON,2012,0.055986930843677854,1.5841062246272416e-05,0.10720524100934486,False,False,False,False
DV3_Partner_Diversification,TON,2013,0.09992746448049437,5.046212445731271e-05,0.11141726413966063,False,False,False,False
DV3_Partner_Diversification,TON,2014,0.03332210552229993,5.6115214750436845e-06,0.1071072938972832,False,False,False,False
DV3_Partner_Diversification,TON,2015,0.1476783189972692,0.00011020481859225956,0.10764648190550456,False,False,False,False
DV3_Partner_Diversification,TON,2016,0.11647268155019645,6.855439105475642e-05,0.10962009118881695,False,False,False,False
DV3_Partner_Diversification,TON,2017,0.11127126090101637,6.256848493280635e-05,0.10881194623756252,False,False,False,False
DV3_Partner_Diversification,TON,2018,0.09542276030714349,4.601520402253684e-05,0.10960219296493123,False,False,False,False
DV3_Partner_Diversification,TON,2019,0.14033235811636974,9.951519612532056e-05,0.11124595341611986,False,False,False,False
DV3_Partner_Diversification,TON,2020,0.17302646818215578,0.00015127789273026472,0.1110098449368682,False,False,False,False
DV3_Partner_Diversification,TON,2021,0.25839067504683144,0.000337307585712528,0.11484387027333828,False,False,False,False
DV3_Partner_Diversification,TUN,2012,0.029125574692345318,4.287117644975931e-06,0.10788670196389415,False,False,False,False
DV3_Partner_Diversification,TUN,2013,0.10593153596057767,5.6707767525973155e-05,0.10769657900105938,False,False,False,False
DV3_Partner_Diversification,TUN,2014,0.04592993489166524,1.0661173957801057e-05,0.10662003686244079,False,False,False,False
DV3_Partner_Diversification,TUN,2015,0.017451858848466482,1.5392212884928893e-06,0.10896572738692416,False,False,False,False
DV3_Partner_Diversification,TUN,2016,0.11958871680134828,7.227111357194704e-05,0.10645731008034828,False,False,False,False
DV3_Partner_Diversification,TUN,2017,0.06311093454128183,2.012882334862434e-05,0.10918241207054954,False,False,False,False
DV3_Partner_Diversification,TUN,2018,0.040431220232787946,8.261296312481992e-06,0.10669685363407146,False,False,False,False
DV3_Partner_Diversification,TUN,2019,0.03703636678696774,6.9322125169056734e-06,0.10636525317227677,False,False,False,False
DV3_Partner_Diversification,TUN,2020,0.10098483455274121,5.15356200149553e-05,0.11088260746425009,False,False,False,False
DV3_Partner_Diversification,TUN,2021,0.09090599367740046,4.1762280604731465e-05,0.10873611984535195,False,False,False,False
DV3_Partner_Diversification,TUR,2012,0.14423492487455794,0.00010512741728864567,0.12004793906053796,False,False,False,False
DV3_Partner_Diversification,TUR,2013,0.04183252668802389,8.843878378961793e-06,0.11510014906728636,False,False,False,False
DV3_Partner_Diversification,TUR,2014,0.039053262294622706,7.707783966805023e-06,0.11037204602091147,False,False,False,False
DV3_Partner_Diversification,TUR,2015,0.0014463156917109738,1.0571693798943188e-08,0.10878117071886936,False,False,False,False
DV3_Partner_Diversification,TUR,2016,0.03151704458490877,5.02003807233331e-06,0.10724418176402206,False,False,False,False
DV3_Partner_Diversification,TUR,2017,7.669363094599518e-05,2.972603486902814e-11,0.1103580375491734,False,False,False,False
DV3_Partner_Diversification,TUR,2018,0.013414317271583416,9.094003366382974e-07,0.10800355194154276,False,False,False,False
DV3_Partner_Diversification,TUR,2019,0.03965441752775975,7.94690128883902e-06,0.10717546863977988,False,False,False,False
DV3_Partner_Diversification,TUR,2020,0.11305147095488366,6.458664130641747e-05,0.11420488085323181,False,False,False,False
DV3_Partner_Diversification,TUR,2021,0.0842248644792068,3.584952442477181e-05,0.1140759964841887,False,False,False,False
DV3_Partner_Diversification,TZA,2012,0.0792694068389129,3.1755229271311514e-05,0.11049744224593185,False,False,False,False
DV3_Partner_Diversification,TZA,2013,0.06772787445508266,2.3181553048722528e-05,0.10798621863941417,False,False,False,False
DV3_Partner_Diversification,TZA,2014,0.021024717839905102,2.2339718374541807e-06,0.1073511799296323,False,False,False,False
DV3_Partner_Diversification,TZA,2015,0.0031908297251552176,5.1454767340074896e-08,0.10772375864520692,False,False,False,False
DV3_Partner_Diversification,TZA,2016,0.017920174021358523,1.6229385489408933e-06,0.10781193247126473,False,False,False,False
DV3_Partner_Diversification,TZA,2017,0.08777520402624099,3.8935334894355085e-05,0.10739119861393455,False,False,False,False
DV3_Partner_Diversification,TZA,2018,0.25053091584879755,0.0003171118644651224,0.12164182035989143,False,False,False,False
DV3_Partner_Diversification,TZA,2019,0.05272429825502787,1.4048618753239853e-05,0.11009847102282261,False,False,False,False
DV3_Partner_Diversification,TZA,2020,0.23966640514732623,0.00029020609959001326,0.11435574490836534,False,False,False,False
DV3_Partner_Diversification,TZA,2021,0.005565428184907088,1.56536450753833e-07,0.11453780069479882,False,False,False,False
DV3_Partner_Diversification,UGA,2012,0.2588929484113293,0.0003386104337295562,0.10709520455396923,False,False,False,False
DV3_Partner_Diversification,UGA,2013,0.36898050848379155,0.0006875451162650248,0.10645835582393179,False,False,False,False
DV3_Partner_Diversification,UGA,2014,0.22267851639383282,0.0002505280615442112,0.10597607399370246,False,False,False,False
DV3_Partner_Diversification,UGA,2015,0.2818908145878151,0.0004014119492831927,0.10606501317898362,False,False,False,False
DV3_Partner_Diversification,UGA,2016,0.20138620867717807,0.00020491877472367817,0.10691849317495086,False,False,False,False
DV3_Partner_Diversification,UGA,2017,0.21023052561195357,0.00022330824016329393,0.10648436141051597,False,False,False,False
DV3_Partner_Diversification,UGA,2018,0.004540778939653645,1.0420271961077862e-07,0.10570807133154915,False,False,False,False
DV3_Partner_Diversification,UGA,2019,0.5125616299682243,0.0013258348391324525,0.1070589232111407,False,False,False,False
DV3_Partner_Diversification,UGA,2020,0.7423681942129824,0.0027769086862446954,0.10753592485841855,True,True,False,True
DV3_Partner_Diversification,UGA,2021,0.30331375788944,0.0004647148494491693,0.10774840735370142,False,False,False,False
DV3_Partner_Diversification,UKR,2012,0.32151601183555445,0.0005221366615442664,0.1090908659232569,False,False,False,False
DV3_Partner_Diversification,UKR,2013,0.21294198956960309,0.00022910589776152043,0.10937154798505842,False,False,False,False
DV3_Partner_Diversification,UKR,2014,0.0582517125659621,1.7148571921615558e-05,0.10958679911062857,False,False,False,False
DV3_Partner_Diversification,UKR,2015,0.08611623835404623,3.747759416478315e-05,0.11138477688649713,False,False,False,False
DV3_Partner_Diversification,UKR,2016,0.07484440431492378,2.8308959243717245e-05,0.1077825931010187,False,False,False,False
DV3_Partner_Diversification,UKR,2017,0.10884978969364827,5.987511548927351e-05,0.10994108148914242,False,False,False,False
DV3_Partner_Diversification,UKR,2018,0.08865370388689764,3.971855408119951e-05,0.1063993432850772,False,False,False,False
DV3_Partner_Diversification,UKR,2019,0.06813756162907385,2.346284635089648e-05,0.10812219673143908,False,False,False,False
DV3_Partner_Diversification,UKR,2020,0.06589196435237224,2.1941866469135077e-05,0.11239486364646291,False,False,False,False
DV3_Partner_Diversification,UKR,2021,0.10204696475353893,5.262538093591368e-05,0.11244775434797387,False,False,False,False
DV3_Partner_Diversification,URY,2012,0.06546116991387292,2.1655877882955842e-05,0.10727157257159317,False,False,False,False
DV3_Partner_Diversification,URY,2013,0.04275666310666578,9.238929345396066e-06,0.1065987189763328,False,False,False,False
DV3_Partner_Diversification,URY,2014,0.1252208732404193,7.923818143968137e-05,0.10643551361707837,False,False,False,False
DV3_Partner_Diversification,URY,2015,0.03991298143018983,8.050872708472219e-06,0.10718033068405043,False,False,False,False
DV3_Partner_Diversification,URY,2016,0.008909316654817088,4.0115017405348114e-07,0.10637112316148704,False,False,False,False
DV3_Partner_Diversification,URY,2017,0.09765503120520522,4.819310854056399e-05,0.10651869380396621,False,False,False,False
DV3_Partner_Diversification,URY,2018,0.028703700591479128,4.1638224634266316e-06,0.10639151046135284,False,False,False,False
DV3_Partner_Diversification,URY,2019,0.017062663663988765,1.4713343301109196e-06,0.10882852753851753,False,False,False,False
DV3_Partner_Diversification,URY,2020,0.19695199841859393,0.00019599757293484583,0.11060210923305158,False,False,False,False
DV3_Partner_Diversification,URY,2021,0.04172525599445768,8.798577534110802e-06,0.11141888512226769,False,False,False,False
DV3_Partner_Diversification,USA,2012,0.06336586835572366,2.029176690466073e-05,0.10909791235063059,False,False,False,False
DV3_Partner_Diversification,USA,2013,0.007040751679251878,2.505280295020731e-07,0.1075688937570418,False,False,False,False
DV3_Partner_Diversification,USA,2014,0.01637768603564639,1.355572757387042e-06,0.1070559991523902,False,False,False,False
DV3_Partner_Diversification,USA,2015,0.01454438899669213,1.069076682869855e-06,0.10914601441401782,False,False,False,False
DV3_Partner_Diversification,USA,2016,0.040687824219874165,8.366491493152364e-06,0.10640722250744955,False,False,False,False
DV3_Partner_Diversification,USA,2017,0.000797678947882813,3.21569346980654e-09,0.10882684129700129,False,False,False,False
DV3_Partner_Diversification,USA,2018,0.015798017234293398,1.2613132345400746e-06,0.10582373714694301,False,False,False,False
DV3_Partner_Diversification,USA,2019,0.021771238562171953,2.3954302792036943e-06,0.10694314831834043,False,False,False,False
DV3_Partner_Diversification,USA,2020,0.09775370381993874,4.829072557637133e-05,0.11385654637103665,False,False,False,False
DV3_Partner_Diversification,USA,2021,0.04135592458577869,8.643506355907757e-06,0.11068539744276931,False,False,False,False
DV3_Partner_Diversification,UZB,2012,0.16580457786703223,0.00013891531709759016,0.11287724666146362,False,False,False,False
DV3_Partner_Diversification,UZB,2013,0.23007202632461307,0.0002674400286002312,0.11152158424822929,False,False,False,False
DV3_Partner_Diversification,UZB,2014,0.09329909326081108,4.398987323344763e-05,0.10740678946207861,False,False,False,False
DV3_Partner_Diversification,UZB,2015,0.06689992644075303,2.2618267120174185e-05,0.10939216661263258,False,False,False,False
DV3_Partner_Diversification,UZB,2016,0.42812385120717067,0.0009253988779212097,0.1082141604371575,False,False,False,False
DV3_Partner_Diversification,UZB,2017,0.18198183621502864,0.00016733832525549997,0.10620659154232413,False,False,False,False
DV3_Partner_Diversification,UZB,2018,0.13680061610681732,9.456952958045335e-05,0.1092923423416855,False,False,False,False
DV3_Partner_Diversification,UZB,2019,0.2429663450224702,0.00029824493123374693,0.10851130722455572,False,False,False,False
DV3_Partner_Diversification,UZB,2020,0.42516032451666547,0.0009126719253970023,0.11131928330008792,False,False,False,False
DV3_Partner_Diversification,UZB,2021,0.4590600523967291,0.001063971498616939,0.12265284906676541,False,False,False,False
DV3_Partner_Diversification,VEN,2012,0.29751524530653334,0.00044728876612704343,0.3395168583564749,False,False,True,True
DV3_Partner_Diversification,VEN,2013,0.07549245000412018,2.880197474685062e-05,0.33850907895028665,False,False,True,True
DV3_Partner_Diversification,VEN,2014,0.2231802986968205,0.000251711387391922,0.34161717810317627,False,False,True,True
DV3_Partner_Diversification,VNM,2012,0.13190537514539072,8.792396784519257e-05,0.12029251125689279,False,False,False,False
DV3_Partner_Diversification,VNM,2013,0.22171728285486259,0.00024837646829298145,0.11525466724526655,False,False,False,False
DV3_Partner_Diversification,VNM,2014,0.15817204120894487,0.0001264214582092708,0.11066762899940447,False,False,False,False
DV3_Partner_Diversification,VNM,2015,0.10514338048782268,5.586719133307183e-05,0.10982285143335954,False,False,False,False
DV3_Partner_Diversification,VNM,2016,0.014961350601303346,1.1312522500881123e-06,0.10721213555702966,False,False,False,False
DV3_Partner_Diversification,VNM,2017,0.011992007328481684,7.26778087844839e-07,0.11006246121504862,False,False,False,False
DV3_Partner_Diversification,VNM,2018,0.09297352590037021,4.368341977762861e-05,0.10750074130033169,False,False,False,False
DV3_Partner_Diversification,VNM,2019,0.06358828197689693,2.0434477086982084e-05,0.1126105683891894,False,False,False,False
DV3_Partner_Diversification,VNM,2020,0.1854896698963249,0.00017385449683285725,0.11949251284453191,False,False,False,False
DV3_Partner_Diversification,VNM,2021,0.2617757000431783,0.0003462101654401984,0.12405963178857451,False,False,False,False
DV3_Partner_Diversification,VUT,2012,0.1932862928899332,0.00018877264669814984,0.11514467168424954,False,False,False,False
DV3_Partner_Diversification,VUT,2013,1.1672267949015318,0.006836624262191122,0.11090764452123213,True,True,False,True
DV3_Partner_Diversification,VUT,2014,0.09047849831042716,4.137039940356701e-05,0.10671368787134423,False,False,False,False
DV3_Partner_Diversification,VUT,2015,1.367667017270809,0.009360262447661753,0.10956134355105918,True,True,False,True
DV3_Partner_Diversification,VUT,2016,0.6198995783334615,0.001938053711708801,0.1084438623642065,False,False,False,False
DV3_Partner_Diversification,VUT,2017,0.8297193310841204,0.003466313374965027,0.10781764522042739,True,True,False,True
DV3_Partner_Diversification,VUT,2018,0.8183516979717161,0.003372313942924788,0.10774406839009189,True,True,False,True
DV3_Partner_Diversification,VUT,2019,0.7693131569254522,0.0029813919875516758,0.10654124003221457,True,True,False,True
DV3_Partner_Diversification,VUT,2020,0.6212756099758023,0.0019466981558708294,0.10962503072545914,False,False,False,False
DV3_Partner_Diversification,VUT,2021,0.021581150335786572,2.3537837457493095e-06,0.11618330930178468,False,False,False,False
DV3_Partner_Diversification,WSM,2012,0.012900706956597851,8.410949485584341e-07,0.11049017264228177,False,False,False,False
DV3_Partner_Diversification,WSM,2013,1.179138300713243,0.006975524150362118,0.11025929135345007,True,True,False,True
DV3_Partner_Diversification,WSM,2014,0.18333493741622137,0.00016983579064400674,0.10691569293284528,False,False,False,False
DV3_Partner_Diversification,WSM,2015,0.2817866729434912,0.00040111657738239566,0.10662995829711872,False,False,False,False
DV3_Partner_Diversification,WSM,2016,0.07524851610223186,2.8615461337773928e-05,0.10623891193138237,False,False,False,False
DV3_Partner_Diversification,WSM,2017,0.09238964645767644,4.313647039086954e-05,0.10615163789698226,False,False,False,False
DV3_Partner_Diversification,WSM,2018,0.34739124973821667,0.0006094945802578754,0.10677379778749611,False,False,False,False
DV3_Partner_Diversification,WSM,2019,0.3745062978524174,0.0007082903028380521,0.10892836676629061,False,False,False,False
DV3_Partner_Diversification,WSM,2020,0.20637209272072116,0.0002151910116811352,0.11156856077008781,False,False,False,False
DV3_Partner_Diversification,WSM,2021,0.5942446234322915,0.0017813519442146798,0.11129054914462734,False,False,False,False
DV3_Partner_Diversification,YEM,2012,0.20517046063559677,0.00021271122296448482,0.17158609479303066,False,False,False,False
DV3_Partner_Diversification,YEM,2013,0.6029363299360265,0.0018349992370713516,0.16398725489955765,False,False,False,False
DV3_Partner_Diversification,YEM,2014,0.04818803272601403,1.1735276742039419e-05,0.1606325921709216,False,False,False,False
DV3_Partner_Diversification,YEM,2015,0.3090247830025023,0.00048245018640325464,0.15079529183116233,False,False,False,False
DV3_Partner_Diversification,YEM,2016,0.18257156840136038,0.00016843561469082332,0.15703963751767813,False,False,False,False
DV3_Partner_Diversification,YEM,2017,0.057308940295337334,1.6598101252819974e-05,0.1645344878477456,False,False,False,False
DV3_Partner_Diversification,YEM,2018,0.005616748034791742,1.5943667340546952e-07,0.16896570327058974,False,False,False,False
DV3_Partner_Diversification,ZAF,2012,0.24815884368704968,0.00031112569284515157,0.10951436511461583,False,False,False,False
DV3_Partner_Diversification,ZAF,2013,0.26502574296489234,0.00035483861925903506,0.10853237119437562,False,False,False,False
DV3_Partner_Diversification,ZAF,2014,0.1704242409781583,0.00014676160463578754,0.10711885916679907,False,False,False,False
DV3_Partner_Diversification,ZAF,2015,0.014480540764456765,1.0597110372075943e-06,0.1086898760176332,False,False,False,False
DV3_Partner_Diversification,ZAF,2016,0.06483865396391453,2.1245957872420553e-05,0.1060816154644949,False,False,False,False
DV3_Partner_Diversification,ZAF,2017,0.10192162310144096,5.249609625205808e-05,0.10920004683083506,False,False,False,False
DV3_Partner_Diversification,ZAF,2018,0.08980452019658369,4.0756376755342074e-05,0.10641606725702385,False,False,False,False
DV3_Partner_Diversification,ZAF,2019,0.09714171173185665,4.768781903717895e-05,0.10662639688925252,False,False,False,False
DV3_Partner_Diversification,ZAF,2020,0.19271484289437854,0.000187656834341121,0.11104505108621208,False,False,False,False
DV3_Partner_Diversification,ZAF,2021,0.15296342176348862,0.00011823332934050282,0.11009503939839588,False,False,False,False
DV3_Partner_Diversification,ZMB,2012,0.23580232918873062,0.00028092187406852546,0.10892698626834241,False,False,False,False
DV3_Partner_Diversification,ZMB,2013,0.07453421387103316,2.807481424881998e-05,0.10928878864692754,False,False,False,False
DV3_Partner_Diversification,ZMB,2014,0.06654220669154734,2.237702461587621e-05,0.10736467347052779,False,False,False,False
DV3_Partner_Diversification,ZMB,2015,0.42015218828264095,0.0008912794471961433,0.10699174871857796,False,False,False,False
DV3_Partner_Diversification,ZMB,2016,0.17352022705253903,0.00015214102149428203,0.10568192977837364,False,False,False,False
DV3_Partner_Diversification,ZMB,2017,0.015841647892027518,1.2682897973773281e-06,0.10642183546917823,False,False,False,False
DV3_Partner_Diversification,ZMB,2018,0.27680627588384527,0.00038706801089983275,0.10615825913951668,False,False,False,False
DV3_Partner_Diversification,ZMB,2019,0.20120817059578677,0.00020455828776383268,0.11040002235911801,False,False,False,False
DV3_Partner_Diversification,ZMB,2020,0.29299712875088657,0.0004336591972603806,0.11021615037515234,False,False,False,False
DV3_Partner_Diversification,ZMB,2021,0.06456096485032385,2.106447774015283e-05,0.13292081655960059,False,False,False,False
DV3_Partner_Diversification,ZWE,2012,0.21084504783492106,0.00022461817648223626,0.11167780405921555,False,False,False,False
DV3_Partner_Diversification,ZWE,2013,0.2282979867354063,0.00026333058155790615,0.10867045741439833,False,False,False,False
DV3_Partner_Diversification,ZWE,2014,0.17091314417497566,0.00014760488212140643,0.10778054708630744,False,False,False,False
DV3_Partner_Diversification,ZWE,2015,0.05166923524253035,1.3491991895031893e-05,0.10610658245645874,False,False,False,False
DV3_Partner_Diversification,ZWE,2016,0.04597791650778517,1.0683458687079676e-05,0.10550603902581121,False,False,False,False
DV3_Partner_Diversification,ZWE,2017,0.03498359308936193,6.18506523807862e-06,0.10608635345792121,False,False,False,False
DV3_Partner_Diversification,ZWE,2018,0.06308268019106682,2.011079384035017e-05,0.1067647613502305,False,False,False,False
DV3_Partner_Diversification,ZWE,2019,0.07634676138224608,2.945682134458972e-05,0.10739881214413977,False,False,False,False
DV3_Partner_Diversification,ZWE,2020,0.0639130165685853,2.0643700191971656e-05,0.10898913490608306,False,False,False,False
DV3_Partner_Diversification,ZWE,2021,0.4453111706073655,0.001001120918831687,0.10911624929771312,False,False,False,False
