country_id,country_iso3_code,year,export_value,import_value,eci,coi,diversity,growth_proj,country_iso2_code,country_name,baseline_export_2015_2017,export_recovery_index,partner_hhi_export,total_exports_to_partners,partner_diversification_1_minus_hhi,tiva_exgr_dva_share,tiva_exgr_fva_share,tiva_fexgr_dva_share,tiva_ffd_dva_share,delta_tiva_fexgr_dva_share,delta_tiva_ffd_dva_share
533,ABW,2012,1549226524,2390772834,0.452,-0.8,29.0,,AW,Aruba,300604043.3333333,5.153711529695215,0.2279505484373881,1549226524.0,0.772049451562612,,,,,,
533,ABW,2013,611131865,3451970580,0.829,-0.169,63.0,,AW,Aruba,300604043.3333333,2.033012790590874,0.0886125931080741,611131865.0,0.9113874068919259,,,,,,
533,ABW,2014,592421709,3712402717,0.729,-0.373,52.0,,AW,Aruba,300604043.3333333,1.9707709265343327,0.12696395565522725,592421709.0,0.8730360443447728,,,,,,
533,ABW,2015,377970145,2638309583,0.975,-0.09,76.0,,AW,Aruba,300604043.3333333,1.2573687991976779,0.12189173507279168,377970145.0,0.8781082649272083,,,,,,
533,ABW,2016,251979260,1696309041,0.845,0.192,98.0,,AW,Aruba,300604043.3333333,0.8382430828469783,0.17921644282021157,251979260.0,0.8207835571797885,,,,,,
533,ABW,2017,271862725,1794519396,0.835,0.111,95.0,,AW,Aruba,300604043.3333333,0.904388117955344,0.10110073309846915,271862725.0,0.8988992669015309,,,,,,
533,ABW,2018,219837638,1309215630,0.775,0.241,100.0,,AW,Aruba,300604043.3333333,0.7313196308415146,0.22591955159503366,219837638.0,0.7740804484049664,,,,,,
533,ABW,2019,119654937,1155051943,1.053,0.05,73.0,,AW,Aruba,300604043.3333333,0.3980483285360112,0.17651136452223207,119654937.0,0.823488635477768,,,,,,
533,ABW,2020,134021007,774462573,0.763,-0.239,67.0,,AW,Aruba,300604043.3333333,0.44583900307484226,0.30381572147913416,134021007.0,0.6961842785208658,,,,,,
533,ABW,2021,145808150,1179166450,0.766,-0.281,67.0,,AW,Aruba,300604043.3333333,0.4850505282070225,0.3003101011712752,145808150.0,0.6996898988287248,,,,,,
533,ABW,2022,61841209,1542081329,0.893,-0.137,78.0,,AW,Aruba,300604043.3333333,0.2057231443538024,0.1427821924199476,61841209.0,0.8572178075800524,,,,,,
533,ABW,2023,101928649,1208768727,0.664,0.057,93.0,0.759,AW,Aruba,300604043.3333333,0.3390794344272127,0.2313990117908985,101928649.0,0.7686009882091015,,,,,,
533,ABW,2024,133484375,1363679301,0.296,-0.275,70.0,,AW,Aruba,300604043.3333333,0.4440538241595841,0.4283426998723055,133484375.0,0.5716573001276946,,,,,,
4,AFG,2012,632759078,11411277994,-0.75,-0.832,76.0,,AF,Afghanistan,900148066.6666666,0.7029499939306282,0.24173160474045563,632759078.0,0.7582683952595444,,,,,,
4,AFG,2013,723004232,11335073399,-0.776,-0.798,79.0,,AF,Afghanistan,900148066.6666666,0.8032058933119226,0.24724777964297712,723004232.0,0.7527522203570229,,,,,,
4,AFG,2014,822887729,9808028136,-1.011,-0.854,74.0,,AF,Afghanistan,900148066.6666666,0.9141693011097952,0.2886995718321109,822887729.0,0.7113004281678891,,,,,,
4,AFG,2015,823382186,10221812060,-1.361,-0.989,66.0,,AF,Afghanistan,900148066.6666666,0.9147186074054039,0.3225897235603882,823382186.0,0.6774102764396118,,,,,,
4,AFG,2016,923569270,9525384595,-1.512,-1.081,71.0,,AF,Afghanistan,900148066.6666666,1.0260192786060902,0.2561544874458571,923569270.0,0.7438455125541429,,,,,,
4,AFG,2017,953492744,11047172741,-1.403,-0.858,81.0,,AF,Afghanistan,900148066.6666666,1.0592621139885061,0.31564600842475954,953492744.0,0.6843539915752405,,,,,,
4,AFG,2018,1102570793,11033859789,-1.313,-0.938,84.0,,AF,Afghanistan,900148066.6666666,1.2248771439158048,0.30795512267450353,1102570793.0,0.6920448773254965,,,,,,
4,AFG,2019,1828059000,9416979195,-1.217,-0.858,88.0,,AF,Afghanistan,900148066.6666666,2.0308425554580984,0.2700399986839175,1828059000.0,0.7299600013160825,,,,,,
4,AFG,2020,1577984811,8712236479,-1.141,-0.928,80.0,,AF,Afghanistan,900148066.6666666,1.7530280510887801,0.26330102564081065,1577984811.0,0.7366989743591894,,,,,,
4,AFG,2021,1730305617,7376480719,-1.318,-0.957,78.0,4.828,AF,Afghanistan,900148066.6666666,1.9222455516762762,0.2522307054823859,1730305617.0,0.7477692945176141,,,,,,
4,AFG,2022,1525000890,7488357006,-1.351,-1.011,81.0,4.252,AF,Afghanistan,900148066.6666666,1.694166711535828,0.43385761304798837,1525000890.0,0.5661423869520117,,,,,,
4,AFG,2023,1494815799,6923025943,-1.263,-1.068,83.0,4.016,AF,Afghanistan,900148066.6666666,1.660633238413147,0.3445508014845085,1494815799.0,0.6554491985154915,,,,,,
4,AFG,2024,1463510157,5727948710,-0.803,-1.036,71.0,3.36,AF,Afghanistan,900148066.6666666,1.625854913424984,0.3464989654480633,1463510157.0,0.6535010345519368,,,,,,
24,AGO,2012,70330860030,22135982097,-1.735,-1.171,6.0,2.81,AO,Angola,29834914306.666668,2.357334071989757,0.2577388217122994,70330860030.0,0.7422611782877007,88.568,11.432,34.311,49.035,,
24,AGO,2013,68850084462,23751755500,-2.092,-1.178,9.0,3.3,AO,Angola,29834914306.666668,2.307701766940062,0.24488366478883655,68850084462.0,0.7551163352111634,88.47,11.53,35.103,43.838,0.7920000000000016,-5.196999999999996
24,AGO,2014,54846364455,27662816234,-2.133,-1.169,5.0,2.39,AO,Angola,29834914306.666668,1.838328204708283,0.2323731518670647,54846364455.0,0.7676268481329354,91.841,8.159,37.126,40.9,2.022999999999996,-2.9380000000000024
24,AGO,2015,31940222623,18211169718,-0.544,-1.258,12.0,5.14,AO,Angola,29834914306.666668,1.0705652543423896,0.1891262172258764,31940222623.0,0.8108737827741236,96.948,3.052,40.81,28.952,3.6840000000000046,-11.947999999999997
24,AGO,2016,26927443177,11500399500,-0.559,-1.279,15.0,3.66,AO,Angola,29834914306.666668,0.9025480314848101,0.29068051998658956,26927443177.0,0.7093194800134104,98.015,1.985,35.765,27.464,-5.045000000000002,-1.488000000000003
24,AGO,2017,30637077120,12141575354,-0.989,-1.254,11.0,3.28,AO,Angola,29834914306.666668,1.0268867141728002,0.31692879848702177,30637077120.0,0.6830712015129783,98.126,1.874,37.918,28.595,2.1529999999999987,1.1310000000000002
24,AGO,2018,35881930213,11382825439,-1.604,-1.252,13.0,3.47,AO,Angola,29834914306.666668,1.2026825297427488,0.35170481209909016,35881930213.0,0.6482951879009098,94.39,5.61,38.095,38.49,0.1769999999999996,9.895000000000003
24,AGO,2019,31015101641,9849629703,-1.101,-1.244,10.0,4.55,AO,Angola,29834914306.666668,1.0395572557106227,0.3944116355532899,31015101641.0,0.6055883644467102,96.27,3.73,35.013,38.875,-3.0820000000000007,0.384999999999998
24,AGO,2020,20209012376,7695503739,-1.116,-1.207,13.0,2.62,AO,Angola,29834914306.666668,0.6773611671304267,0.35756771361387596,20209012376.0,0.642432286386124,97.388,2.612,36.585,35.532,1.5720000000000027,-3.3430000000000035
24,AGO,2021,33298468773,9829077774,-1.087,-1.199,14.0,2.62,AO,Angola,29834914306.666668,1.116090645702287,0.4082438670928752,33298468773.0,0.5917561329071248,95.254,4.746,36.014,43.646,-0.570999999999998,8.114000000000004
24,AGO,2022,45606185139,14776776951,-0.947,-1.158,18.0,4.097,AO,Angola,29834914306.666668,1.528617936362204,0.19604231813215958,45606185139.0,0.8039576818678404,95.509,4.491,39.208,40.948,3.1939999999999955,-2.6980000000000004
24,AGO,2023,39109281748,13425521846,-1.161,-1.18,16.0,3.26,AO,Angola,29834914306.666668,1.3108561783018413,0.2547398138670344,39109281748.0,0.7452601861329655,,,,,,
24,AGO,2024,35089913531,12531802241,-0.77,-1.122,16.0,3.614,AO,Angola,29834914306.666668,1.1761358913358464,0.1974796300069564,35089913531.0,0.8025203699930437,,,,,,
660,AIA,2012,8835481,53707270,1.216,0.132,69.0,,AI,Anguilla,30083587.333333332,0.29369771969349134,0.16091616416387694,8835481.0,0.839083835836123,,,,,,
660,AIA,2013,10317534,144963580,1.313,0.192,65.0,,AI,Anguilla,30083587.333333332,0.3429622234103686,0.2480394356774878,10317534.0,0.7519605643225122,,,,,,
660,AIA,2014,16983286,95223811,0.721,-0.554,31.0,,AI,Anguilla,30083587.333333332,0.5645365963779896,0.19354914475389504,16983286.0,0.8064508552461049,,,,,,
660,AIA,2015,10655477,78164861,0.741,-0.036,81.0,,AI,Anguilla,30083587.333333332,0.3541956908906764,0.21000409940974138,10655477.0,0.7899959005902586,,,,,,
660,AIA,2016,12619114,65919433,1.064,-0.112,70.0,,AI,Anguilla,30083587.333333332,0.419468391856902,0.1535249578484263,12619114.0,0.8464750421515737,,,,,,
660,AIA,2017,66976171,104599256,0.751,-0.709,24.0,,AI,Anguilla,30083587.333333332,2.2263359172524217,0.6781935769002385,66976171.0,0.3218064230997615,,,,,,
660,AIA,2018,100049966,156843506,0.935,-0.715,23.0,,AI,Anguilla,30083587.333333332,3.3257325627898857,0.7151149751805568,100049966.0,0.2848850248194432,,,,,,
660,AIA,2019,39635656,182254632,1.311,-0.466,40.0,,AI,Anguilla,30083587.333333332,1.3175176072197596,0.357740731026311,39635656.0,0.642259268973689,,,,,,
660,AIA,2020,27449786,149417687,1.699,-0.43,30.0,,AI,Anguilla,30083587.333333332,0.9124505563731418,0.5590327834793255,27449786.0,0.4409672165206745,,,,,,
660,AIA,2021,25028642,231442550,1.291,-0.152,44.0,,AI,Anguilla,30083587.333333332,0.8319699948904586,0.6487335775808598,25028642.0,0.3512664224191402,,,,,,
660,AIA,2022,25454335,287198484,1.406,-0.279,40.0,,AI,Anguilla,30083587.333333332,0.8461203352499118,0.4025380072055724,25454335.0,0.5974619927944276,,,,,,
660,AIA,2023,20747840,243080562,1.489,0.087,62.0,,AI,Anguilla,30083587.333333332,0.6896730689099334,0.27691566040947224,20747840.0,0.7230843395905278,,,,,,
660,AIA,2024,18307016,224361110,0.834,-0.293,46.0,,AI,Anguilla,30083587.333333332,0.608538330125124,0.522671941031448,18307016.0,0.477328058968552,,,,,,
8,ALB,2012,1981332243,4502033329,-0.3,-0.149,166.0,2.25,AL,Albania,2136102937.3333333,0.9275453014794569,0.24708088015377389,1981332243.0,0.7529191198462262,,,,,,
8,ALB,2013,2549205960,4510574345,-0.264,-0.197,163.0,2.21,AL,Albania,2136102937.3333333,1.193390971683404,0.20887348334162195,2549205960.0,0.7911265166583781,,,,,,
8,ALB,2014,2532632777,4768638325,-0.402,-0.517,140.0,1.83,AL,Albania,2136102937.3333333,1.1856323647781162,0.2278508147470172,2532632777.0,0.7721491852529828,,,,,,
8,ALB,2015,2006481670,4169698209,-0.505,-0.328,160.0,2.67,AL,Albania,2136102937.3333333,0.9393188104056681,0.2211532553820861,2006481670.0,0.7788467446179139,,,,,,
8,ALB,2016,2059265781,4445495478,-0.428,-0.112,175.0,3.73,AL,Albania,2136102937.3333333,0.9640292820208116,0.2494473688250471,2059265781.0,0.7505526311749529,,,,,,
8,ALB,2017,2342561361,4942940124,-0.331,-0.32,163.0,3.31,AL,Albania,2136102937.3333333,1.0966519075735204,0.25833967334145314,2342561361.0,0.7416603266585469,,,,,,
8,ALB,2018,2742478502,5651112797,-0.257,-0.218,161.0,3.38,AL,Albania,2136102937.3333333,1.283870011163251,0.2505932341270254,2742478502.0,0.7494067658729746,,,,,,
8,ALB,2019,2706852123,5487209429,-0.292,-0.238,162.0,3.32,AL,Albania,2136102937.3333333,1.2671917985278267,0.22857858235330542,2706852123.0,0.7714214176466946,,,,,,
8,ALB,2020,2402784748,5319651744,-0.24,-0.007,179.0,3.22,AL,Albania,2136102937.3333333,1.124845018470686,0.23003062593945237,2402784748.0,0.7699693740605477,,,,,,
8,ALB,2021,3331613569,7051893908,-0.22,-0.016,176.0,3.22,AL,Albania,2136102937.3333333,1.5596690172427352,0.2155172328732533,3331613569.0,0.7844827671267467,,,,,,
8,ALB,2022,4486490271,7653105095,-0.279,0.053,177.0,1.558,AL,Albania,2136102937.3333333,2.1003155758967504,0.16727499917947705,4486490271.0,0.8327250008205229,,,,,,
8,ALB,2023,3988885220,9259744634,-0.156,0.192,195.0,1.807,AL,Albania,2136102937.3333333,1.8673656359368345,0.2068269906721107,3988885220.0,0.7931730093278893,,,,,,
8,ALB,2024,3703022742,9054004224,0.031,0.176,196.0,1.939,AL,Albania,2136102937.3333333,1.7335413370213222,0.19733364725106287,3703022742.0,0.8026663527489372,,,,,,
20,AND,2012,239171973,1515162828,1.017,0.764,134.0,,AD,Andorra,89246982.33333333,2.679888627569544,0.32350475030009246,239171973.0,0.6764952496999075,,,,,,
20,AND,2013,258639157,1458798307,0.983,-0.038,68.0,,AD,Andorra,89246982.33333333,2.898015711433186,0.458334632217123,258639157.0,0.541665367782877,,,,,,
20,AND,2014,314567839,1517435318,0.777,-0.346,56.0,,AD,Andorra,89246982.33333333,3.5246887992817926,0.5484760807078785,314567839.0,0.45152391929212154,,,,,,
20,AND,2015,67180072,1326864175,1.122,0.501,130.0,,AD,Andorra,89246982.33333333,0.7527433448571466,0.16303546720630127,67180072.0,0.8369645327936988,,,,,,
20,AND,2016,95079019,1382063795,1.143,1.047,163.0,,AD,Andorra,89246982.33333333,1.0653471581244538,0.12430865525700266,95079019.0,0.8756913447429974,,,,,,
20,AND,2017,105481856,1474129575,1.059,0.884,136.0,,AD,Andorra,89246982.33333333,1.1819094970183996,0.14473785062207603,105481856.0,0.855262149377924,,,,,,
20,AND,2018,99183553,1580557333,1.149,0.955,151.0,,AD,Andorra,89246982.33333333,1.111337889605657,0.20370718117172568,99183553.0,0.7962928188282743,,,,,,
20,AND,2019,108709150,1492140775,0.858,0.762,160.0,,AD,Andorra,89246982.33333333,1.2180708765476953,0.21813019978733122,108709150.0,0.7818698002126687,,,,,,
20,AND,2020,95496389,1548739469,1.085,0.613,136.0,,AD,Andorra,89246982.33333333,1.0700237308117089,0.19760905672140575,95496389.0,0.8023909432785943,,,,,,
20,AND,2021,108565964,1579904073,0.987,0.894,154.0,,AD,Andorra,89246982.33333333,1.2164664973714312,0.14687603174885797,108565964.0,0.853123968251142,,,,,,
20,AND,2022,118789146,1874777222,1.13,0.648,121.0,,AD,Andorra,89246982.33333333,1.3310158270262635,0.161316713132978,118789146.0,0.838683286867022,,,,,,
20,AND,2023,141684494,1972466821,1.086,0.669,124.0,0.643,AD,Andorra,89246982.33333333,1.587555010776891,0.18465535874554156,141684494.0,0.8153446412544585,,,,,,
20,AND,2024,96587820,1882112642,1.239,0.874,104.0,,AD,Andorra,89246982.33333333,1.0822530630699532,0.16090458058145216,96587820.0,0.8390954194185478,,,,,,
999,ANS,2016,0,87529,,,,,,Undeclared,0.0,,,,,,,,,,
999,ANS,2020,0,-325450001,,,,,,Undeclared,0.0,,,,,,,,,,
999,ANS,2021,0,5884410234,,,,,,Undeclared,0.0,,,,,,,,,,
999,ANS,2022,0,10969969535,,,,,,Undeclared,0.0,,,,,,,,,,
999,ANS,2023,0,6957784549,,,,,,Undeclared,0.0,,,,,,,,,,
999,ANS,2024,0,5942002128,,,,,,Undeclared,0.0,,,,,,,,,,
784,ARE,2012,247245388432,231269095187,0.699,-0.112,137.0,2.28,AE,United Arab Emirates,155524867089.33334,1.5897482702234522,0.060131033342352695,247245388432.0,0.9398689666576473,84.112,15.888,28.981,57.135,,
784,ARE,2013,193746940173,250610072039,0.531,0.412,195.0,2.71,AE,United Arab Emirates,155524867089.33334,1.2457618115932028,0.06680173687099367,193746940173.0,0.9331982631290063,84.938,15.062,35.562,57.045,6.580999999999996,-0.0899999999999963
784,ARE,2014,184310262571,242149032460,0.538,-0.017,155.0,2.16,AE,United Arab Emirates,155524867089.33334,1.1850854851728139,0.06245095600343337,184310262571.0,0.9375490439965666,81.831,18.169,28.604,55.897,-6.957999999999998,-1.1480000000000032
784,ARE,2015,145767034921,226158549668,0.56,0.21,182.0,2.41,AE,United Arab Emirates,155524867089.33334,0.9372587011263707,0.04919148545990096,145767034921.0,0.9508085145400991,77.658,22.342,29.041,55.268,0.43700000000000117,-0.6289999999999978
784,ARE,2016,136154594389,219298067211,0.543,0.136,176.0,2.88,AE,United Arab Emirates,155524867089.33334,0.8754522472010403,0.048035809313429954,136154594389.0,0.95196419068657,78.75,21.25,26.402,54.882,-2.6389999999999993,-0.3860000000000028
784,ARE,2017,184652971958,226554918519,0.704,0.257,178.0,0.9,AE,United Arab Emirates,155524867089.33334,1.1872890516725887,0.044091045945487496,184652971958.0,0.9559089540545125,77.189,22.811,28.181,56.648,1.779,1.7660000000000053
784,ARE,2018,219845110691,218561736673,0.683,0.333,191.0,1.15,AE,United Arab Emirates,155524867089.33334,1.4135688704027065,0.044911478361463926,219845110691.0,0.9550885216385361,78.694,21.306,27.784,57.753,-0.397000000000002,1.1049999999999969
784,ARE,2019,221515151554,223713661471,0.701,0.205,185.0,0.05,AE,United Arab Emirates,155524867089.33334,1.4243069658227832,0.04799264112727924,221515151554.0,0.9520073588727208,77.133,22.867,26.297,58.731,-1.4869999999999983,0.9780000000000015
784,ARE,2020,191396651375,193214694223,0.711,0.519,208.0,-0.27,AE,United Arab Emirates,155524867089.33334,1.2306498308406328,0.047244968392015134,191396651375.0,0.9527550316079849,72.921,27.079,23.582,55.303,-2.715,-3.4280000000000044
784,ARE,2021,259119788512,247643933654,0.694,0.433,208.0,1.0,AE,United Arab Emirates,155524867089.33334,1.6660987619630103,0.05134814941769856,259119788512.0,0.9486518505823014,71.097,28.903,22.708,58.863,-0.8740000000000023,3.5600000000000023
784,ARE,2022,346085554325,295681927508,0.686,0.417,188.0,2.172,AE,United Arab Emirates,155524867089.33334,2.2252747152402885,0.050456145653745246,346085554325.0,0.9495438543462548,72.514,27.486,25.097,61.33,2.389000000000003,2.4669999999999987
784,ARE,2023,332840073551,329925893477,0.705,0.446,195.0,1.916,AE,United Arab Emirates,155524867089.33334,2.1401083941117722,0.04273810599530043,332840073551.0,0.9572618940046995,,,,,,
784,ARE,2024,255165531010,325917965018,0.389,-0.707,83.0,0.876,AE,United Arab Emirates,155524867089.33334,1.6406735191963426,0.07782065798531794,255165531010.0,0.9221793420146821,,,,,,
32,ARG,2012,77895159451,62249078807,0.417,0.412,199.0,3.01,AR,Argentina,55873179628.333336,1.394142233700609,0.0680331834207685,77895159451.0,0.9319668165792315,89.094,10.906,15.796,15.901,,
32,ARG,2013,73319879499,69760744718,0.411,0.293,190.0,2.84,AR,Argentina,55873179628.333336,1.3122553609213146,0.07162548459377578,73319879499.0,0.9283745154062242,88.836,11.164,15.077,14.298,-0.7189999999999994,-1.6029999999999998
32,ARG,2014,65577881493,59714937467,0.413,0.247,191.0,2.86,AR,Argentina,55873179628.333336,1.1736915981732567,0.06724454761009134,65577881493.0,0.9327554523899086,90.026,9.974,15.254,14.265,0.1769999999999996,-0.032999999999999474
32,ARG,2015,55426387883,55016586589,0.367,0.216,186.0,3.76,AR,Argentina,55873179628.333336,0.9920034666309421,0.05922106211719643,55426387883.0,0.9407789378828035,91.783,8.217,16.437,10.738,1.1830000000000016,-3.527000000000001
32,ARG,2016,56013378512,50829279891,0.179,0.079,174.0,3.74,AR,Argentina,55873179628.333336,1.002509234029623,0.052019506829700544,56013378512.0,0.9479804931702994,91.731,8.269,15.953,12.507,-0.48400000000000176,1.7690000000000001
32,ARG,2017,56179772490,61560039494,0.175,0.178,180.0,2.44,AR,Argentina,55873179628.333336,1.0054872993394346,0.052625794583336306,56179772490.0,0.9473742054166637,91.325,8.675,16.568,11.219,0.615000000000002,-1.2880000000000003
32,ARG,2018,59311186263,59751601434,0.068,-0.014,172.0,2.41,AR,Argentina,55873179628.333336,1.0615323247671993,0.05861433137576609,59311186263.0,0.9413856686242339,90.001,9.999,16.995,14.098,0.4269999999999996,2.8790000000000013
32,ARG,2019,62490796472,44997387709,0.063,0.002,167.0,2.23,AR,Argentina,55873179628.333336,1.1184399543338477,0.05651281332066661,62490796472.0,0.9434871866793334,90.872,9.128,16.032,17.605,-0.963000000000001,3.5069999999999997
32,ARG,2020,55351712451,39714602165,0.022,-0.1,159.0,1.85,AR,Argentina,55873179628.333336,0.99066695003216,0.05083493517867192,55351712451.0,0.9491650648213281,91.502,8.498,14.538,16.714,-1.4939999999999998,-0.8910000000000018
32,ARG,2021,75039308655,57297972412,-0.108,-0.208,151.0,1.85,AR,Argentina,55873179628.333336,1.3430291448268947,0.0518925843964319,75039308655.0,0.9481074156035681,90.08,9.92,15.284,17.918,0.7460000000000004,1.2040000000000006
32,ARG,2022,84904468711,73455625445,-0.012,-0.25,150.0,0.703,AR,Argentina,55873179628.333336,1.5195925715304177,0.05012109444834281,84904468711.0,0.9498789055516572,90.125,9.875,17.059,16.617,1.7750000000000004,-1.3009999999999984
32,ARG,2023,66654565796,67883768755,0.01,0.031,167.0,0.831,AR,Argentina,55873179628.333336,1.1929617437093094,0.06300257736967951,66654565796.0,0.9369974226303205,,,,,,
32,ARG,2024,77102624869,57176212208,-0.053,-0.225,156.0,0.406,AR,Argentina,55873179628.333336,1.3799577074704585,0.06248877509598364,77102624869.0,0.9375112249040164,,,,,,
51,ARM,2012,1190350500,2776648001,0.522,0.041,142.0,,AM,Armenia,1592818319.3333333,0.7473234615346562,0.09879520583501512,1190350500.0,0.9012047941649849,,,,,,
51,ARM,2013,1165125961,2774710197,-0.023,-0.626,102.0,,AM,Armenia,1592818319.3333333,0.7314870420925709,0.11330485802499492,1165125961.0,0.8866951419750051,,,,,,
51,ARM,2014,1355480659,2883927661,-0.022,-0.578,110.0,,AM,Armenia,1592818319.3333333,0.8509951464943787,0.107185654647684,1355480659.0,0.892814345352316,,,,,,
51,ARM,2015,1235508907,2152109834,0.08,-0.459,120.0,,AM,Armenia,1592818319.3333333,0.775674721971503,0.08925979127942948,1235508907.0,0.9107402087205705,,,,,,
51,ARM,2016,1593512643,2601467486,-0.181,-0.671,107.0,,AM,Armenia,1592818319.3333333,1.0004359088906998,0.10008624430319164,1593512643.0,0.8999137556968083,,,,,,
51,ARM,2017,1949433408,3337418925,-0.135,-0.669,114.0,4.17,AM,Armenia,1592818319.3333333,1.2238893691377974,0.12522546424302777,1949433408.0,0.8747745357569723,,,,,,
51,ARM,2018,2172960845,3828858318,0.054,-0.5,132.0,4.18,AM,Armenia,1592818319.3333333,1.3642239159513703,0.1288717210803155,2172960845.0,0.8711282789196845,,,,,,
51,ARM,2019,2549600968,4150592949,0.103,-0.618,109.0,4.44,AM,Armenia,1592818319.3333333,1.6006853619483254,0.12831677306818756,2549600968.0,0.8716832269318124,,,,,,
51,ARM,2020,2473650265,3664549991,0.073,-0.706,112.0,3.99,AM,Armenia,1592818319.3333333,1.5530021440457409,0.137648196858632,2473650265.0,0.862351803141368,,,,,,
51,ARM,2021,2912405066,4508267364,0.106,-0.62,119.0,3.99,AM,Armenia,1592818319.3333333,1.828460302502657,0.1669249159967208,2912405066.0,0.8330750840032792,,,,,,
51,ARM,2022,5551557119,8728491402,0.667,-0.016,149.0,3.632,AM,Armenia,1592818319.3333333,3.485367446880934,0.22761327286594688,5551557119.0,0.7723867271340531,,,,,,
51,ARM,2023,9034864918,10321504016,0.734,-0.161,147.0,3.408,AM,Armenia,1592818319.3333333,5.672250757249892,0.24339879607140386,9034864918.0,0.7566012039285961,,,,,,
51,ARM,2024,13058032923,14266275095,0.592,-0.273,132.0,3.543,AM,Armenia,1592818319.3333333,8.19806801849528,0.24742963054848457,13058032923.0,0.7525703694515155,,,,,,
16,ASM,2012,76172289,241574718,1.065,-0.327,46.0,,AS,American Samoa,33166329.0,2.296675311880311,0.22787580274202096,76172289.0,0.7721241972579791,,,,,,
16,ASM,2013,44302364,258437957,0.875,-0.168,65.0,,AS,American Samoa,33166329.0,1.335763267620001,0.2404510302975853,44302364.0,0.7595489697024147,,,,,,
16,ASM,2014,51070459,229398106,0.634,-0.316,57.0,,AS,American Samoa,33166329.0,1.5398285110179062,0.16082268388946977,51070459.0,0.8391773161105303,,,,,,
16,ASM,2015,26517256,150441688,0.827,0.013,74.0,,AS,American Samoa,33166329.0,0.7995233961527669,0.14333030726394752,26517256.0,0.8566696927360524,,,,,,
16,ASM,2016,35732547,195346132,0.294,-0.533,50.0,,AS,American Samoa,33166329.0,1.0773741947744655,0.1112508345621933,35732547.0,0.8887491654378067,,,,,,
16,ASM,2017,37249184,146199470,0.719,-0.132,67.0,,AS,American Samoa,33166329.0,1.1231024090727677,0.11345677074617347,37249184.0,0.8865432292538266,,,,,,
16,ASM,2018,59319062,150307957,0.757,-0.342,42.0,,AS,American Samoa,33166329.0,1.788532641040858,0.26463737630607187,59319062.0,0.7353626236939281,,,,,,
16,ASM,2019,22794221,176603963,0.847,0.189,89.0,,AS,American Samoa,33166329.0,0.6872699417532764,0.1804076784984626,22794221.0,0.8195923215015374,,,,,,
16,ASM,2020,16416251,134565728,0.826,-0.195,55.0,,AS,American Samoa,33166329.0,0.49496738092418974,0.1855270652926375,16416251.0,0.8144729347073625,,,,,,
16,ASM,2021,27931330,153026425,0.805,-0.466,53.0,,AS,American Samoa,33166329.0,0.8421592272090167,0.163167873152294,27931330.0,0.836832126847706,,,,,,
16,ASM,2022,16235822,244582155,0.811,0.113,83.0,,AS,American Samoa,33166329.0,0.4895272551870302,0.1525267322214144,16235822.0,0.8474732677785856,,,,,,
16,ASM,2023,20293288,202703329,0.671,-0.11,83.0,,AS,American Samoa,33166329.0,0.6118641589788246,0.1245345205304166,20293288.0,0.8754654794695834,,,,,,
16,ASM,2024,27281867,256024764,0.872,-0.16,59.0,,AS,American Samoa,33166329.0,0.8225772288515862,0.12320007912229879,27281867.0,0.8767999208777012,,,,,,
10,ATA,2012,9148605,31340589,1.742,-0.094,42.0,,AQ,Antarctica,7706049.333333333,1.1871978239779415,0.4134163372011433,9148605.0,0.5865836627988568,,,,,,
10,ATA,2013,24911651,29302757,0.208,-0.784,15.0,,AQ,Antarctica,7706049.333333333,3.23273962083814,0.4631923402695715,24911651.0,0.5368076597304285,,,,,,
10,ATA,2014,12765577,26375168,1.029,-0.125,48.0,,AQ,Antarctica,7706049.333333333,1.656565698947857,0.34398991221157954,12765577.0,0.6560100877884205,,,,,,
10,ATA,2015,10146281,28211617,1.019,-0.227,45.0,,AQ,Antarctica,7706049.333333333,1.3166644231190145,0.23453531114997445,10146281.0,0.7654646888500256,,,,,,
10,ATA,2016,8489486,39826256,0.995,-0.462,31.0,,AQ,Antarctica,7706049.333333333,1.101665150685946,0.3369474111666774,8489486.0,0.6630525888333225,,,,,,
10,ATA,2017,4482381,33240055,1.539,-0.25,34.0,,AQ,Antarctica,7706049.333333333,0.5816704261950395,0.2384497182511519,4482381.0,0.7615502817488481,,,,,,
10,ATA,2018,14953762,16949616,1.26,-0.441,32.0,,AQ,Antarctica,7706049.333333333,1.9405224847595923,0.23921847622576922,14953762.0,0.7607815237742308,,,,,,
10,ATA,2019,7220620,38607288,1.304,-0.112,49.0,,AQ,Antarctica,7706049.333333333,0.9370067187042838,0.2321231441559853,7220620.0,0.7678768558440147,,,,,,
10,ATA,2020,8100610,29677212,1.059,-0.495,35.0,,AQ,Antarctica,7706049.333333333,1.051201419767708,0.25128914364185095,8100610.0,0.748710856358149,,,,,,
10,ATA,2021,6598697,49364605,1.117,-0.506,33.0,,AQ,Antarctica,7706049.333333333,0.8563009026501605,0.14576757571778726,6598697.0,0.8542324242822128,,,,,,
10,ATA,2022,11559568,33210571,0.733,-0.336,49.0,,AQ,Antarctica,7706049.333333333,1.500064105481114,0.2236549691643407,11559568.0,0.7763450308356593,,,,,,
10,ATA,2023,7903861,49057334,1.414,-0.168,46.0,,AQ,Antarctica,7706049.333333333,1.0256696600437025,0.1748137760953014,7903861.0,0.8251862239046985,,,,,,
10,ATA,2024,2705791,41546614,1.055,-0.512,25.0,,AQ,Antarctica,7706049.333333333,0.35112557459187477,0.1761110992622613,2705791.0,0.8238889007377387,,,,,,
260,ATF,2012,5236059,32696177,0.593,-0.734,26.0,,TF,French Southern and Antarctic Lands,7622367.0,0.6869334683045306,0.5975413546083271,5236059.0,0.40245864539167286,,,,,,
260,ATF,2013,5157411,39326097,0.103,-0.702,28.0,,TF,French Southern and Antarctic Lands,7622367.0,0.6766154135585443,0.6041400400460162,5157411.0,0.3958599599539838,,,,,,
260,ATF,2014,7931690,48912341,0.504,-0.724,23.0,,TF,French Southern and Antarctic Lands,7622367.0,1.0405809638921872,0.5261419638787261,7931690.0,0.47385803612127386,,,,,,
260,ATF,2015,6308125,37345062,0.126,-0.618,33.0,,TF,French Southern and Antarctic Lands,7622367.0,0.8275808551333201,0.5135242059981991,6308125.0,0.48647579400180085,,,,,,
260,ATF,2016,8438147,24627726,0.361,-0.748,26.0,,TF,French Southern and Antarctic Lands,7622367.0,1.1070244977708368,0.7516163868277033,8438147.0,0.24838361317229674,,,,,,
260,ATF,2017,8120829,26463602,0.635,-0.778,20.0,,TF,French Southern and Antarctic Lands,7622367.0,1.065394647095843,0.7390286898795088,8120829.0,0.26097131012049124,,,,,,
260,ATF,2018,9338880,23708890,0.744,-0.573,31.0,,TF,French Southern and Antarctic Lands,7622367.0,1.2251942211651579,0.696096818194128,9338880.0,0.30390318180587195,,,,,,
260,ATF,2019,8533759,31236618,0.527,-0.656,24.0,,TF,French Southern and Antarctic Lands,7622367.0,1.1195681079118862,0.6389168096553242,8533759.0,0.36108319034467584,,,,,,
260,ATF,2020,20296085,27558640,-0.247,-0.867,21.0,,TF,French Southern and Antarctic Lands,7622367.0,2.6627011005898824,0.5929366952502031,20296085.0,0.4070633047497969,,,,,,
260,ATF,2021,9543770,33267666,0.447,-0.593,36.0,,TF,French Southern and Antarctic Lands,7622367.0,1.252074322844859,0.543892560435057,9543770.0,0.45610743956494304,,,,,,
260,ATF,2022,10133707,19078532,0.559,-0.565,32.0,,TF,French Southern and Antarctic Lands,7622367.0,1.329469835288697,0.6242033022887749,10133707.0,0.37579669771122515,,,,,,
260,ATF,2023,11427555,24550718,0.421,-0.702,32.0,,TF,French Southern and Antarctic Lands,7622367.0,1.4992134333075278,0.3553198454303135,11427555.0,0.6446801545696865,,,,,,
260,ATF,2024,10566633,28807943,0.381,-0.712,27.0,,TF,French Southern and Antarctic Lands,7622367.0,1.386266628200925,0.4230542617097084,10566633.0,0.5769457382902916,,,,,,
28,ATG,2012,500156807,2507222097,0.979,1.636,215.0,,AG,Antigua and Barbuda,261637801.66666666,1.9116381647221328,0.4465486179383839,500156807.0,0.553451382061616,,,,,,
28,ATG,2013,321816586,1599004416,0.185,-0.761,43.0,,AG,Antigua and Barbuda,261637801.66666666,1.2300079879512313,0.2007563048487369,321816586.0,0.7992436951512631,,,,,,
28,ATG,2014,490477150,1281572426,0.121,-0.789,34.0,,AG,Antigua and Barbuda,261637801.66666666,1.8746417638261639,0.35094946207723987,490477150.0,0.6490505379227601,,,,,,
28,ATG,2015,385683607,1378336864,0.353,-0.363,68.0,,AG,Antigua and Barbuda,261637801.66666666,1.4741127029165721,0.2977153583387016,385683607.0,0.7022846416612984,,,,,,
28,ATG,2016,205040696,971005344,0.177,-0.622,54.0,,AG,Antigua and Barbuda,261637801.66666666,0.7836814661102648,0.3450148687478867,205040696.0,0.6549851312521133,,,,,,
28,ATG,2017,194189102,1040120803,0.349,-0.581,57.0,,AG,Antigua and Barbuda,261637801.66666666,0.7422058309731633,0.2558797577512431,194189102.0,0.744120242248757,,,,,,
28,ATG,2018,170257814,1158082418,0.391,-0.696,48.0,,AG,Antigua and Barbuda,261637801.66666666,0.6507385894371367,0.3115246963258659,170257814.0,0.6884753036741341,,,,,,
28,ATG,2019,244973909,1120503006,0.36,-0.708,36.0,,AG,Antigua and Barbuda,261637801.66666666,0.9363093079038446,0.2426977333339387,244973909.0,0.7573022666660613,,,,,,
28,ATG,2020,172560274,825225345,0.036,-0.768,37.0,,AG,Antigua and Barbuda,261637801.66666666,0.6595387703946781,0.3172308612027204,172560274.0,0.6827691387972796,,,,,,
28,ATG,2021,170885702,1312042195,-0.029,-0.706,56.0,,AG,Antigua and Barbuda,261637801.66666666,0.6531384261426902,0.10908390928286274,170885702.0,0.8909160907171373,,,,,,
28,ATG,2022,169542863,1720191764,0.443,-0.31,62.0,,AG,Antigua and Barbuda,261637801.66666666,0.648005991183193,0.15539268682793422,169542863.0,0.8446073131720657,,,,,,
28,ATG,2023,112504933,1654864343,0.199,-0.321,74.0,1.735,AG,Antigua and Barbuda,261637801.66666666,0.4300025924515839,0.14200995666619343,112504933.0,0.8579900433338066,,,,,,
28,ATG,2024,186102389,1256192382,0.389,-0.116,72.0,,AG,Antigua and Barbuda,261637801.66666666,0.7112977857729414,0.17065728201003252,186102389.0,0.8293427179899675,,,,,,
36,AUS,2012,224080649444,219017699343,0.35,-0.175,136.0,1.18,AU,Australia,180519922309.0,1.241307034580018,0.14548776189327495,224080649444.0,0.854512238106725,88.236,11.764,28.445,18.086,,
36,AUS,2013,219375940233,207245451824,0.292,-0.135,134.0,1.28,AU,Australia,180519922309.0,1.2152450401429338,0.180670489062521,219375940233.0,0.819329510937479,89.294,10.706,28.077,18.117,-0.36799999999999855,0.03100000000000236
36,AUS,2014,211117608942,202350068094,0.252,-0.197,139.0,1.07,AU,Australia,180519922309.0,1.1694975614969811,0.17463424358762408,211117608942.0,0.825365756412376,88.479,11.521,27.655,17.844,-0.4220000000000006,-0.2729999999999997
36,AUS,2015,165060804089,181220753121,0.262,0.062,162.0,2.41,AU,Australia,180519922309.0,0.9143633676423909,0.1593859579942474,165060804089.0,0.8406140420057526,89.177,10.823,25.885,17.018,-1.7699999999999996,-0.8260000000000005
36,AUS,2016,166880982326,171925307300,0.241,0.085,159.0,2.07,AU,Australia,180519922309.0,0.9244463447106192,0.14638270710043838,166880982326.0,0.8536172928995616,90.68,9.32,24.381,17.83,-1.5040000000000013,0.8119999999999976
36,AUS,2017,209617980512,196923747755,0.144,-0.195,140.0,2.17,AU,Australia,180519922309.0,1.16119028764699,0.1613360012796603,209617980512.0,0.8386639987203397,90.63,9.37,25.328,19.153,0.9469999999999992,1.3230000000000004
36,AUS,2018,224687381522,208172402436,0.151,-0.24,141.0,2.47,AU,Australia,180519922309.0,1.2446680601678832,0.1734743560494811,224687381522.0,0.8265256439505189,90.623,9.377,27.023,20.424,1.6950000000000003,1.2710000000000008
36,AUS,2019,236857395247,196129123390,0.203,-0.324,133.0,2.52,AU,Australia,180519922309.0,1.3120845179711849,0.19539577417903164,236857395247.0,0.8046042258209684,90.678,9.322,27.379,21.37,0.35600000000000165,0.9460000000000015
36,AUS,2020,222710098255,189279414493,0.21,-0.296,132.0,1.96,AU,Australia,180519922309.0,1.2337147911784614,0.20590988864364318,222710098255.0,0.7940901113563568,91.272,8.728,28.018,20.837,0.6389999999999993,-0.5330000000000013
36,AUS,2021,292301818450,233150411199,0.083,-0.483,117.0,1.96,AU,Australia,180519922309.0,1.6192219380067117,0.21079393440714295,292301818450.0,0.789206065592857,91.435,8.565,31.622,21.89,3.603999999999999,1.0530000000000008
36,AUS,2022,347332912748,273356765610,0.108,-0.293,120.0,1.248,AU,Australia,180519922309.0,1.9240696999274267,0.15105250721196098,347332912748.0,0.848947492788039,91.06,8.94,34.575,23.811,2.953000000000003,1.9209999999999994
36,AUS,2023,316339625825,269845932447,0.091,-0.293,127.0,0.982,AU,Australia,180519922309.0,1.7523806889497457,0.17998464392711686,316339625825.0,0.8200153560728831,,,,,,
36,AUS,2024,294391592481,260007546819,0.125,-0.019,137.0,1.238,AU,Australia,180519922309.0,1.6307983557464827,0.1634115158926677,294391592481.0,0.8365884841073323,,,,,,
40,AUT,2012,148216256624,154839712647,1.384,0.096,440.0,1.71,AT,Austria,139275915006.66666,1.0641915841436431,0.11955756121116021,148216256624.0,0.8804424387888398,69.463,30.537,21.049,35.287,,
40,AUT,2013,156111165819,160122520178,1.402,0.083,438.0,1.78,AT,Austria,139275915006.66666,1.120876971524671,0.11521614080620633,156111165819.0,0.8847838591937937,69.418,30.582,21.215,35.146,0.16600000000000037,-0.14099999999999824
40,AUT,2014,159556609532,160667428359,1.439,0.263,440.0,1.66,AT,Austria,139275915006.66666,1.1456152309203107,0.1114201025755769,159556609532.0,0.8885798974244231,71.02,28.98,21.674,34.614,0.45899999999999963,-0.5320000000000036
40,AUT,2015,136292354809,139159060699,1.466,0.287,423.0,2.15,AT,Austria,139275915006.66666,0.9785780606968273,0.11224244927880313,136292354809.0,0.8877575507211969,71.515,28.485,22.388,34.379,0.7140000000000022,-0.23499999999999943
40,AUT,2016,135747824044,139956944332,1.444,0.455,432.0,2.84,AT,Austria,139275915006.66666,0.9746683339865491,0.11796632219568531,135747824044.0,0.8820336778043147,72.85,27.15,22.508,34.326,0.11999999999999744,-0.05299999999999727
40,AUT,2017,145787566167,153988794525,1.412,0.469,428.0,2.41,AT,Austria,139275915006.66666,1.0467536053166238,0.10583026497437217,145787566167.0,0.8941697350256278,70.728,29.272,22.805,34.906,0.2970000000000006,0.5799999999999983
40,AUT,2018,164630752814,169298456732,1.4,0.502,426.0,2.23,AT,Austria,139275915006.66666,1.182047540711685,0.11243284821936039,164630752814.0,0.8875671517806396,69.737,30.263,22.587,35.866,-0.21799999999999997,0.9600000000000009
40,AUT,2019,162104892008,163463702867,1.376,0.644,419.0,2.58,AT,Austria,139275915006.66666,1.16391187952519,0.10445868507244227,162104892008.0,0.8955413149275577,70.077,29.923,22.357,35.918,-0.23000000000000043,0.0519999999999996
40,AUT,2020,150891230685,154683332967,1.364,0.834,412.0,2.27,AT,Austria,139275915006.66666,1.083397877355732,0.10769282419625617,150891230685.0,0.8923071758037439,70.941,29.059,22.222,33.595,-0.134999999999998,-2.3230000000000004
40,AUT,2021,180835724131,195062903067,1.369,0.539,416.0,2.27,AT,Austria,139275915006.66666,1.2983991103009018,0.10945056212530885,180835724131.0,0.8905494378746912,67.746,32.254,22.385,34.88,0.16300000000000026,1.2850000000000037
40,AUT,2022,196263833305,205902370394,1.362,0.572,410.0,1.114,AT,Austria,139275915006.66666,1.4091728156702867,0.10683651357724662,196263833305.0,0.8931634864227533,66.667,33.333,22.333,37.633,-0.052000000000003155,2.753
40,AUT,2023,199871687606,201076280912,1.37,0.525,394.0,1.124,AT,Austria,139275915006.66666,1.4350771818403263,0.10452463107047888,199871687606.0,0.8954753689295212,,,,,,
40,AUT,2024,191532126061,187878410294,1.248,0.638,397.0,1.224,AT,Austria,139275915006.66666,1.375199194001576,0.1022036438567117,191532126061.0,0.8977963561432883,,,,,,
31,AZE,2012,25911449062,14445492382,-0.986,-1.184,31.0,1.41,AZ,Azerbaijan,13955439648.333334,1.8567275352800903,0.11089589816291807,25911449062.0,0.8891041018370819,,,,,,
31,AZE,2013,25962705176,15916776025,-1.0,-1.261,29.0,1.66,AZ,Azerbaijan,13955439648.333334,1.8604003765012638,0.11597069753042592,25962705176.0,0.8840293024695741,,,,,,
31,AZE,2014,23099135605,14430460727,-1.1,-1.266,28.0,1.55,AZ,Azerbaijan,13955439648.333334,1.6552065851797566,0.1021574538726407,23099135605.0,0.8978425461273593,,,,,,
31,AZE,2015,14531674277,10918689641,-0.823,-1.248,33.0,1.86,AZ,Azerbaijan,13955439648.333334,1.0412910408548457,0.10935217760756086,14531674277.0,0.8906478223924391,,,,,,
31,AZE,2016,11803438825,7986803787,-0.912,-1.254,35.0,2.02,AZ,Azerbaijan,13955439648.333334,0.8457948386032866,0.1104061773238122,11803438825.0,0.8895938226761878,,,,,,
31,AZE,2017,15531205843,8214966347,-0.959,-1.275,34.0,1.51,AZ,Azerbaijan,13955439648.333334,1.1129141205418673,0.13584936821052584,15531205843.0,0.8641506317894742,,,,,,
31,AZE,2018,17623307269,10508729225,-0.831,-1.317,32.0,1.65,AZ,Azerbaijan,13955439648.333334,1.2628270920224796,0.11339645670475297,17623307269.0,0.886603543295247,,,,,,
31,AZE,2019,15952339563,12808443179,-0.799,-1.231,41.0,4.28,AZ,Azerbaijan,13955439648.333334,1.143091150475159,0.14345965430693408,15952339563.0,0.8565403456930659,,,,,,
31,AZE,2020,11140382514,9669695138,-0.689,-1.332,39.0,1.75,AZ,Azerbaijan,13955439648.333334,0.798282447183989,0.13381016671026724,11140382514.0,0.8661898332897328,,,,,,
31,AZE,2021,18425496964,10973534075,-0.766,-1.191,41.0,1.74,AZ,Azerbaijan,13955439648.333334,1.320309315099257,0.23894299514907644,18425496964.0,0.7610570048509235,,,,,,
31,AZE,2022,33511139497,13333467763,-0.739,-1.199,33.0,1.309,AZ,Azerbaijan,13955439648.333334,2.401295863222923,0.27162214528604267,33511139497.0,0.7283778547139573,,,,,,
31,AZE,2023,25771298973,14967581108,-0.523,-1.226,39.0,2.259,AZ,Azerbaijan,13955439648.333334,1.8466848499522412,0.2634544086470137,25771298973.0,0.7365455913529864,,,,,,
31,AZE,2024,22561557522,20234314328,-0.411,-1.129,46.0,3.475,AZ,Azerbaijan,13955439648.333334,1.6166855427370557,0.18053245544609836,22561557522.0,0.8194675445539017,,,,,,
108,BDI,2012,193860201,505012084,-0.302,-0.687,53.0,,BI,Burundi,171636341.66666666,1.1294822478592215,0.33979416296934084,193860201.0,0.6602058370306592,,,,,,
108,BDI,2013,251726658,463002517,-0.894,-0.713,79.0,,BI,Burundi,171636341.66666666,1.4666279620948575,0.4563123586327863,251726658.0,0.5436876413672137,,,,,,
108,BDI,2014,242761061,435353931,-0.634,-0.424,90.0,,BI,Burundi,171636341.66666666,1.4143919559382359,0.35829563059191755,242761061.0,0.6417043694080824,,,,,,
108,BDI,2015,211277451,396858590,-1.146,-0.808,75.0,,BI,Burundi,171636341.66666666,1.230959882670536,0.3183316231579432,211277451.0,0.6816683768420568,,,,,,
108,BDI,2016,157956976,435047612,-1.379,-0.877,78.0,,BI,Burundi,171636341.66666666,0.9203002957658395,0.26860407407156145,157956976.0,0.7313959259284386,,,,,,
108,BDI,2017,145674598,492600613,-1.025,-0.854,54.0,,BI,Burundi,171636341.66666666,0.8487398215636248,0.18036914594329678,145674598.0,0.8196308540567032,,,,,,
108,BDI,2018,197292312,461094767,-0.977,-0.852,66.0,,BI,Burundi,171636341.66666666,1.1494786598467566,0.21355876324987177,197292312.0,0.7864412367501282,,,,,,
108,BDI,2019,208734881,567930873,-1.175,-0.868,61.0,,BI,Burundi,171636341.66666666,1.2161461784438523,0.279766559045968,208734881.0,0.7202334409540321,,,,,,
108,BDI,2020,157592548,632385656,-1.195,-0.902,57.0,,BI,Burundi,171636341.66666666,0.9181770391381274,0.17164845866045889,157592548.0,0.8283515413395411,,,,,,
108,BDI,2021,137679752,731161804,-0.935,-0.853,66.0,,BI,Burundi,171636341.66666666,0.8021596747114698,0.14463739441048992,137679752.0,0.85536260558951,,,,,,
108,BDI,2022,155071766,814439679,-0.836,-0.99,54.0,,BI,Burundi,171636341.66666666,0.9034902777243029,0.15352903076127483,155071766.0,0.8464709692387251,,,,,,
108,BDI,2023,205141788,728189271,-0.703,-0.68,67.0,2.502,BI,Burundi,171636341.66666666,1.1952118415481259,0.22239380281388627,205141788.0,0.7776061971861137,,,,,,
108,BDI,2024,55084324,485687206,-1.334,-0.886,49.0,,BI,Burundi,171636341.66666666,0.32093625082605615,0.13748260551816904,55084324.0,0.862517394481831,,,,,,
56,BEL,2012,316387588068,323543338593,1.149,1.166,432.0,2.66,BE,Belgium,286614220148.0,1.1038795908473271,0.08528341259237644,316387588068.0,0.9147165874076235,60.918,39.082,21.504,37.308,,
56,BEL,2013,333145666560,341053272655,1.206,0.818,414.0,2.62,BE,Belgium,286614220148.0,1.162348701289044,0.08508653434030154,333145666560.0,0.9149134656596984,62.546,37.454,21.948,37.638,0.44399999999999906,0.3299999999999983
56,BEL,2014,338428838693,339771194448,1.164,1.006,405.0,2.61,BE,Belgium,286614220148.0,1.18078174390037,0.08518442459745142,338428838693.0,0.9148155754025485,63.427,36.573,22.359,37.964,0.41100000000000136,0.3260000000000005
56,BEL,2015,278846384527,274666876824,1.177,1.023,408.0,3.14,BE,Belgium,286614220148.0,0.9728979405941935,0.08382684800351797,278846384527.0,0.916173151996482,65.246,34.754,23.746,38.215,1.386999999999997,0.2510000000000048
56,BEL,2016,280798836565,285520584670,1.198,1.081,395.0,3.67,BE,Belgium,286614220148.0,0.9797100660951258,0.08052932682359805,280798836565.0,0.919470673176402,66.537,33.463,23.52,37.601,-0.2259999999999991,-0.6140000000000043
56,BEL,2017,300197439352,307731138714,1.159,1.25,397.0,2.68,BE,Belgium,286614220148.0,1.0473919933106808,0.08087038295793625,300197439352.0,0.9191296170420638,65.122,34.878,23.759,38.398,0.23900000000000077,0.7970000000000041
56,BEL,2018,333763490513,337596903582,1.168,1.248,388.0,2.61,BE,Belgium,286614220148.0,1.1645042954974578,0.08523475491829915,333763490513.0,0.9147652450817009,64.693,35.307,24.003,38.242,0.24399999999999977,-0.1560000000000059
56,BEL,2019,318265592420,316618907980,1.154,1.146,382.0,2.59,BE,Belgium,286614220148.0,1.1104319675962206,0.08173450155189366,318265592420.0,0.9182654984481063,65.878,34.122,24.07,37.947,0.06700000000000017,-0.2949999999999946
56,BEL,2020,313138453452,292044536436,1.126,1.303,384.0,2.41,BE,Belgium,286614220148.0,1.09254332632311,0.08670610408724047,313138453452.0,0.9132938959127596,67.463,32.537,23.226,38.061,-0.8440000000000012,0.11399999999999721
56,BEL,2021,405932893135,388653273992,1.091,1.373,369.0,2.41,BE,Belgium,286614220148.0,1.4163040930955448,0.09079657055280271,405932893135.0,0.9092034294471973,63.553,36.447,22.889,39.733,-0.33699999999999974,1.671999999999997
56,BEL,2022,457913236924,463124552504,1.057,1.297,347.0,1.431,BE,Belgium,286614220148.0,1.5976640540987315,0.09503975866249817,457913236924.0,0.9049602413375019,60.789,39.211,22.721,41.294,-0.16799999999999926,1.561
56,BEL,2023,392008142107,416576267070,1.075,1.187,376.0,1.414,BE,Belgium,286614220148.0,1.3677204916929013,0.08692819112199356,392008142107.0,0.9130718088780064,,,,,,
56,BEL,2024,373099587902,383837991566,0.97,1.4,382.0,1.334,BE,Belgium,286614220148.0,1.3017483490851962,0.08213347070840206,373099587902.0,0.917866529291598,,,,,,
204,BEN,2012,1220175297,6306822200,-1.303,-1.055,69.0,,BJ,Benin,981116564.0,1.2436598685332154,0.10706787904982773,1220175297.0,0.8929321209501723,,,,,,
204,BEN,2013,1011943455,7857322124,-1.142,-0.983,69.0,,BJ,Benin,981116564.0,1.031420212573233,0.09468860589256449,1011943455.0,0.9053113941074356,,,,,,
204,BEN,2014,1341888799,8646050272,-0.731,-0.706,82.0,,BJ,Benin,981116564.0,1.3677159761008784,0.11037659690929942,1341888799.0,0.8896234030907005,,,,,,
204,BEN,2015,928508682,6718186956,-0.907,-0.914,68.0,,BJ,Benin,981116564.0,0.946379580235076,0.11184387894925732,928508682.0,0.8881561210507427,,,,,,
204,BEN,2016,865900494,5075339992,-1.307,-0.777,90.0,,BJ,Benin,981116564.0,0.8825663797477177,0.1322395875243472,865900494.0,0.8677604124756528,,,,,,
204,BEN,2017,1148940516,5408249843,-0.822,-0.517,105.0,,BJ,Benin,981116564.0,1.1710540400172063,0.12381984453117965,1148940516.0,0.8761801554688203,,,,,,
204,BEN,2018,1154950063,5737698710,-0.62,-0.671,88.0,,BJ,Benin,981116564.0,1.1771792520669337,0.12641280981253725,1154950063.0,0.8735871901874628,,,,,,
204,BEN,2019,1516722625,5189941146,-1.238,-0.975,62.0,,BJ,Benin,981116564.0,1.545914808344832,0.13451011940608454,1516722625.0,0.8654898805939155,,,,,,
204,BEN,2020,1262165453,3722590720,-0.883,-0.848,67.0,,BJ,Benin,981116564.0,1.2864582041650252,0.20933877072136328,1262165453.0,0.7906612292786367,,,,,,
204,BEN,2021,1799223729,4748040021,-0.974,-0.872,71.0,3.841,BJ,Benin,981116564.0,1.8338531781224723,0.19242804703043231,1799223729.0,0.8075719529695677,,,,,,
204,BEN,2022,1587595514,5243133393,-0.895,-0.891,71.0,2.726,BJ,Benin,981116564.0,1.6181517795677538,0.1707736442388859,1587595514.0,0.8292263557611141,,,,,,
204,BEN,2023,1448054975,5300966066,-1.009,-0.866,75.0,2.86,BJ,Benin,981116564.0,1.475925520099567,0.2197494158752752,1448054975.0,0.7802505841247248,,,,,,
204,BEN,2024,1154516641,4396548038,-0.965,-0.874,74.0,3.169,BJ,Benin,981116564.0,1.1767374880442851,0.2131844961091346,1154516641.0,0.7868155038908654,,,,,,
535,BES,2012,21635,33075923,1.746,-0.894,3.0,,BQ,Bonaire,25129656.0,0.0008609349845457494,1.0,21635.0,0.0,,,,,,
535,BES,2013,3337678,197216728,1.282,-0.466,27.0,,BQ,Bonaire,25129656.0,0.13281829245891785,0.3384508596148451,3337678.0,0.6615491403851549,,,,,,
535,BES,2014,130580151,167517740,-0.67,-0.937,5.0,,BQ,Bonaire,25129656.0,5.196257004075185,0.39377744373769924,130580151.0,0.6062225562623007,,,,,,
535,BES,2015,8334489,95096609,0.511,-0.81,14.0,,BQ,Bonaire,25129656.0,0.33165949426446584,0.4832932519219494,8334489.0,0.5167067480780506,,,,,,
535,BES,2016,12843953,391855870,-0.027,-0.914,11.0,,BQ,Bonaire,25129656.0,0.5111073943869348,0.2910736960819557,12843953.0,0.7089263039180442,,,,,,
535,BES,2017,54210526,424482602,1.189,-0.527,28.0,,BQ,Bonaire,25129656.0,2.1572331113485994,0.6278043037414339,54210526.0,0.3721956962585661,,,,,,
535,BES,2018,134259691,681834132,0.845,-0.759,19.0,,BQ,Bonaire,25129656.0,5.342679223304927,0.8391637952055363,134259691.0,0.1608362047944637,,,,,,
535,BES,2019,109066048,450958777,0.8,-0.726,21.0,,BQ,Bonaire,25129656.0,4.340132948895122,0.2776345368008207,109066048.0,0.7223654631991794,,,,,,
535,BES,2020,26620244,295866344,0.767,-0.622,29.0,,BQ,Bonaire,25129656.0,1.0593158935402855,0.6070263820181874,26620244.0,0.39297361798181263,,,,,,
535,BES,2021,60326003,560969503,-0.073,-0.854,14.0,,BQ,Bonaire,25129656.0,2.4005900836843925,0.2917327891601855,60326003.0,0.7082672108398145,,,,,,
535,BES,2022,8572544,824825171,0.618,-0.742,20.0,,BQ,Bonaire,25129656.0,0.34113256464792036,0.28585310208103465,8572544.0,0.7141468979189654,,,,,,
535,BES,2023,165206808,730915485,0.005,-0.935,7.0,,BQ,Bonaire,25129656.0,6.57417705996453,0.5598855140677946,165206808.0,0.44011448593220537,,,,,,
535,BES,2024,27246927,731864004,0.664,-0.631,25.0,,BQ,Bonaire,25129656.0,1.0842538791617362,0.4762798654167612,27246927.0,0.5237201345832387,,,,,,
854,BFA,2012,2081158980,2490048168,-1.124,-0.86,97.0,,BF,Burkina Faso,2109885942.3333333,0.9863845899169488,0.42534927314981397,2081158980.0,0.574650726850186,,,,,,
854,BFA,2013,2090669106,2987079445,-1.214,-0.982,72.0,,BF,Burkina Faso,2109885942.3333333,0.9908920022889572,0.4215250845209701,2090669106.0,0.5784749154790298,,,,,,
854,BFA,2014,2258271371,2782253838,-1.203,-1.011,71.0,,BF,Burkina Faso,2109885942.3333333,1.0703286493783482,0.3500583599239425,2258271371.0,0.6499416400760575,,,,,,
854,BFA,2015,1814641232,2273963465,-1.329,-1.227,66.0,,BF,Burkina Faso,2109885942.3333333,0.8600660327606048,0.3231755587163563,1814641232.0,0.6768244412836437,,,,,,
854,BFA,2016,1990179977,2450726837,-1.538,-1.164,75.0,,BF,Burkina Faso,2109885942.3333333,0.9432642481133602,0.45685470880378753,1990179977.0,0.5431452911962125,,,,,,
854,BFA,2017,2524836618,2916607165,-1.464,-1.219,63.0,3.52,BF,Burkina Faso,2109885942.3333333,1.1966697191260351,0.32277331562085937,2524836618.0,0.6772266843791406,,,,,,
854,BFA,2018,2798025202,3140404669,-1.127,-1.137,72.0,3.94,BF,Burkina Faso,2109885942.3333333,1.3261499808400308,0.3365538177326579,2798025202.0,0.6634461822673421,,,,,,
854,BFA,2019,3024604201,3051604785,-1.01,-1.045,72.0,4.71,BF,Burkina Faso,2109885942.3333333,1.4335391976947698,0.3607310991165034,3024604201.0,0.6392689008834966,,,,,,
854,BFA,2020,4229131052,3177009125,-1.054,-1.083,69.0,4.45,BF,Burkina Faso,2109885942.3333333,2.004435864112627,0.5928220851935782,4229131052.0,0.40717791480642185,,,,,,
854,BFA,2021,4575483651,3816082033,-1.212,-1.094,70.0,4.45,BF,Burkina Faso,2109885942.3333333,2.168592888931214,0.5605181303099862,4575483651.0,0.4394818696900138,,,,,,
854,BFA,2022,4372741213,4468816637,-0.975,-0.907,82.0,3.503,BF,Burkina Faso,2109885942.3333333,2.072501231115917,0.49036937853103224,4372741213.0,0.5096306214689678,,,,,,
854,BFA,2023,4375340601,4354504771,-1.132,-0.931,83.0,4.009,BF,Burkina Faso,2109885942.3333333,2.0737332351535978,0.4789658725195146,4375340601.0,0.5210341274804854,,,,,,
854,BFA,2024,5704674667,4897829644,-0.706,-0.939,83.0,3.77,BF,Burkina Faso,2109885942.3333333,2.70378343802375,0.37797732566218833,5704674667.0,0.6220226743378117,,,,,,
50,BGD,2012,23572780182,32829891799,-0.875,-0.983,115.0,3.41,BD,Bangladesh,32942725019.333332,0.7155686169910254,0.0889565767130338,23572780182.0,0.9110434232869662,84.062,15.938,7.533,17.011,,
50,BGD,2013,25035336638,35967528296,-0.862,-0.983,106.0,3.24,BD,Bangladesh,32942725019.333332,0.7599655651834307,0.0793822988131374,25035336638.0,0.9206177011868626,83.722,16.278,7.632,16.733,0.09899999999999931,-0.2779999999999987
50,BGD,2014,27069648396,40859372635,-1.065,-1.056,93.0,3.27,BD,Bangladesh,32942725019.333332,0.8217185548588783,0.074799614919473,27069648396.0,0.925200385080527,84.515,15.485,7.481,16.392,-0.1509999999999998,-0.3410000000000011
50,BGD,2015,30980918821,42929886198,-0.998,-1.104,95.0,2.82,BD,Bangladesh,32942725019.333332,0.9404479684913135,0.08599917349058445,30980918821.0,0.9140008265094155,84.93,15.07,7.29,15.402,-0.19099999999999984,-0.9900000000000002
50,BGD,2016,30471696153,43270178635,-0.969,-1.204,80.0,4.08,BD,Bangladesh,32942725019.333332,0.9249901498773054,0.0736508516713515,30471696153.0,0.9263491483286485,85.89,14.11,6.819,14.644,-0.4710000000000001,-0.7579999999999991
50,BGD,2017,37375560084,53708654811,-0.576,-0.966,104.0,3.5,BD,Bangladesh,32942725019.333332,1.1345618816313812,0.0770656572838788,37375560084.0,0.9229343427161212,86.755,13.245,7.584,13.766,0.7649999999999997,-0.8780000000000001
50,BGD,2018,39309090255,61757640516,-0.618,-0.984,106.0,3.55,BD,Bangladesh,32942725019.333332,1.19325557408898,0.0723667435534836,39309090255.0,0.9276332564465164,86.094,13.906,8.187,12.955,0.6029999999999998,-0.8109999999999999
50,BGD,2019,38019528904,58274956884,-0.854,-1.091,87.0,3.56,BD,Bangladesh,32942725019.333332,1.1541100161473348,0.06804732535783516,38019528904.0,0.9319526746421648,86.859,13.141,8.394,13.227,0.20700000000000074,0.27200000000000024
50,BGD,2020,33477260519,50477266709,-0.664,-1.053,93.0,3.52,BD,Bangladesh,32942725019.333332,1.0162262077394315,0.07104849626806876,33477260519.0,0.9289515037319312,88.645,11.355,7.359,11.306,-1.0350000000000001,-1.9210000000000012
50,BGD,2021,42918693506,77453658277,-0.615,-0.987,95.0,3.52,BD,Bangladesh,32942725019.333332,1.3028276647063046,0.07330509707093721,42918693506.0,0.9266949029290628,89.388,10.612,7.758,9.554,0.399,-1.751999999999999
50,BGD,2022,53464860958,87863275511,-0.72,-1.009,92.0,3.036,BD,Bangladesh,32942725019.333332,1.6229641271820316,0.07936579297892857,53464860958.0,0.9206342070210715,88.58,11.42,8.189,10.57,0.43100000000000005,1.016
50,BGD,2023,46734306640,70164502546,-0.63,-1.051,90.0,3.135,BD,Bangladesh,32942725019.333332,1.4186533327941968,0.0694630476042877,46734306640.0,0.9305369523957123,,,,,,
50,BGD,2024,47773307986,66269425355,-0.439,-1.02,87.0,4.164,BD,Bangladesh,32942725019.333332,1.4501929624207754,0.06978514743691826,47773307986.0,0.9302148525630818,,,,,,
100,BGR,2012,25911787008,30059282240,0.664,1.45,315.0,3.22,BG,Bulgaria,26183978526.333332,0.9896046539276073,0.053453090272117545,25911787008.0,0.9465469097278825,64.014,35.986,16.496,37.824,,
100,BGR,2013,28480076048,31316537559,0.664,1.6,315.0,3.29,BG,Bulgaria,26183978526.333332,1.0876909335744174,0.05408976183436894,28480076048.0,0.945910238165631,62.861,37.139,15.601,39.689,-0.8949999999999978,1.865000000000002
100,BGR,2014,28646354516,32444406682,0.646,1.693,325.0,3.19,BG,Bulgaria,26183978526.333332,1.094041323292037,0.0537348864422236,28646354516.0,0.9462651135577764,62.91,37.09,16.424,39.879,0.8229999999999986,0.18999999999999773
100,BGR,2015,24555673494,27492189522,0.653,1.676,328.0,3.68,BG,Bulgaria,26183978526.333332,0.9378129251559025,0.05490373292629948,24555673494.0,0.9450962670737005,63.744,36.256,17.021,40.107,0.5970000000000013,0.22800000000000153
100,BGR,2016,24935255366,27171083652,0.699,1.47,319.0,4.79,BG,Bulgaria,26183978526.333332,0.9523096477077582,0.058437737679820974,24935255366.0,0.941562262320179,66.049,33.951,16.986,41.453,-0.03500000000000014,1.3460000000000036
100,BGR,2017,29061006719,31958059895,0.668,1.791,342.0,1.96,BG,Bulgaria,26183978526.333332,1.1098774271363394,0.05742705636294478,29061006719.0,0.9425729436370552,64.059,35.941,17.105,41.879,0.11899999999999977,0.4259999999999948
100,BGR,2018,31845177207,35896363838,0.714,1.657,332.0,2.06,BG,Bulgaria,26183978526.333332,1.2162084984515695,0.06137508341771278,31845177207.0,0.9386249165822872,63.124,36.876,17.187,40.903,0.08200000000000074,-0.9759999999999991
100,BGR,2019,31041400760,35208499522,0.703,1.783,343.0,2.0,BG,Bulgaria,26183978526.333332,1.1855112365289155,0.05266341474091403,31041400760.0,0.9473365852590859,65.721,34.279,17.093,41.43,-0.0940000000000012,0.527000000000001
100,BGR,2020,30741606773,32452055487,0.738,1.554,332.0,1.62,BG,Bulgaria,26183978526.333332,1.1740617164837286,0.060685866977273774,30741606773.0,0.9393141330227263,68.162,31.838,18.052,38.4,0.9589999999999996,-3.030000000000001
100,BGR,2021,39038208226,42867236057,0.748,1.567,325.0,1.62,BG,Bulgaria,26183978526.333332,1.4909196548087265,0.059459903899590376,39038208226.0,0.9405400961004097,66.101,33.899,18.459,40.315,0.40700000000000003,1.9149999999999991
100,BGR,2022,47813548756,52196111586,0.748,1.475,313.0,1.621,BG,Bulgaria,26183978526.333332,1.826061257570683,0.057257862908810145,47813548756.0,0.9427421370911898,63.503,36.497,18.416,43.161,-0.04299999999999926,2.8460000000000036
100,BGR,2023,45458420600,50390275528,0.807,1.415,322.0,1.654,BG,Bulgaria,26183978526.333332,1.7361158677350077,0.052776675442009854,45458420600.0,0.9472233245579902,,,,,,
100,BGR,2024,46582565832,50905120059,0.784,1.547,334.0,1.707,BG,Bulgaria,26183978526.333332,1.7790484278449787,0.055046139705202994,46582565832.0,0.944953860294797,,,,,,
48,BHR,2012,10481923804,13044121917,0.54,-0.58,87.0,,BH,Bahrain,9459455285.0,1.1080895768513588,0.05642811699060738,10481923804.0,0.9435718830093927,,,,,,
48,BHR,2013,11771623718,12871634276,0.531,-0.342,102.0,,BH,Bahrain,9459455285.0,1.244429342212383,0.09309687920679469,11771623718.0,0.9069031207932053,,,,,,
48,BHR,2014,15016621886,13061670069,0.521,-0.548,73.0,,BH,Bahrain,9459455285.0,1.587472157071463,0.07464713514260456,15016621886.0,0.9253528648573954,,,,,,
48,BHR,2015,12097582487,12671385629,0.629,-0.594,91.0,,BH,Bahrain,9459455285.0,1.278887855856068,0.2637417613065675,12097582487.0,0.7362582386934324,,,,,,
48,BHR,2016,7482503928,10830465433,0.61,-0.434,125.0,,BH,Bahrain,9459455285.0,0.7910079071746465,0.09685976435178209,7482503928.0,0.9031402356482179,,,,,,
48,BHR,2017,8798279440,12376042440,0.643,-0.344,111.0,3.79,BH,Bahrain,9459455285.0,0.9301042369692855,0.0866766078242427,8798279440.0,0.9133233921757573,,,,,,
48,BHR,2018,11195893888,16668475121,0.513,-0.4,103.0,3.85,BH,Bahrain,9459455285.0,1.1835664476107304,0.08204554763392656,11195893888.0,0.9179544523660734,,,,,,
48,BHR,2019,11957733134,15725445989,0.643,-0.408,100.0,3.28,BH,Bahrain,9459455285.0,1.264103774871853,0.09777039849929396,11957733134.0,0.9022296015007061,,,,,,
48,BHR,2020,9691942679,13412984190,0.681,-0.345,96.0,2.86,BH,Bahrain,9459455285.0,1.024577249640226,0.08916893179048613,9691942679.0,0.9108310682095139,,,,,,
48,BHR,2021,14312085697,16146560829,0.709,-0.401,91.0,2.86,BH,Bahrain,9459455285.0,1.5129925842236274,0.07073207977602922,14312085697.0,0.9292679202239708,,,,,,
48,BHR,2022,17787661571,17048543139,0.587,-0.628,81.0,2.221,BH,Bahrain,9459455285.0,1.880410767330986,0.06354814781554481,17787661571.0,0.9364518521844551,,,,,,
48,BHR,2023,15861058833,18536057648,0.71,-0.432,92.0,2.152,BH,Bahrain,9459455285.0,1.6767412451487687,0.06737406099495376,15861058833.0,0.9326259390050462,,,,,,
48,BHR,2024,12500480557,14776896240,0.286,-0.73,65.0,1.948,BH,Bahrain,9459455285.0,1.3214799563376762,0.07341255349410623,12500480557.0,0.9265874465058938,,,,,,
44,BHS,2012,2978503144,11326064309,0.349,-0.471,52.0,,BS,The Bahamas,1621197936.6666667,1.8372236212711193,0.12408326307808892,2978503144.0,0.8759167369219111,,,,,,
44,BHS,2013,3345782862,9537508178,0.547,-0.473,47.0,,BS,The Bahamas,1621197936.6666667,2.063771971533124,0.1809088194604315,3345782862.0,0.8190911805395685,,,,,,
44,BHS,2014,4168020349,11204902327,0.313,-0.641,44.0,,BS,The Bahamas,1621197936.6666667,2.5709509337088328,0.09425939089487731,4168020349.0,0.9057406091051227,,,,,,
44,BHS,2015,2512725748,10287490422,0.415,-0.652,42.0,,BS,The Bahamas,1621197936.6666667,1.5499191623487982,0.15761832487557761,2512725748.0,0.8423816751244224,,,,,,
44,BHS,2016,1225673622,7444621935,0.615,-0.352,63.0,,BS,The Bahamas,1621197936.6666667,0.7560295965587636,0.13917675238214544,1225673622.0,0.8608232476178546,,,,,,
44,BHS,2017,1125194440,9690815915,0.771,-0.038,76.0,,BS,The Bahamas,1621197936.6666667,0.6940512410924381,0.16933158353393268,1125194440.0,0.8306684164660674,,,,,,
44,BHS,2018,1467046086,10307142350,0.531,-0.341,66.0,,BS,The Bahamas,1621197936.6666667,0.9049148489643299,0.16248760041701785,1467046086.0,0.8375123995829822,,,,,,
44,BHS,2019,1417427479,11338091761,0.644,-0.095,76.0,,BS,The Bahamas,1621197936.6666667,0.8743087114423316,0.16108608601298033,1417427479.0,0.8389139139870196,,,,,,
44,BHS,2020,1096083358,6810537321,0.251,-0.479,61.0,,BS,The Bahamas,1621197936.6666667,0.6760947156481392,0.10432390268022797,1096083358.0,0.895676097319772,,,,,,
44,BHS,2021,1325558665,8203450000,0.312,-0.268,72.0,,BS,The Bahamas,1621197936.6666667,0.8176414705569337,0.14223325427719805,1325558665.0,0.857766745722802,,,,,,
44,BHS,2022,2372492232,9915076173,0.281,-0.619,40.0,,BS,The Bahamas,1621197936.6666667,1.4634192274374984,0.40262421692027184,2372492232.0,0.5973757830797282,,,,,,
44,BHS,2023,2875426679,9105118344,-0.01,-0.803,39.0,0.04,BS,The Bahamas,1621197936.6666667,1.7736431893764582,0.31192879854218564,2875426679.0,0.6880712014578143,,,,,,
44,BHS,2024,2629267014,9968157021,0.554,-0.282,56.0,,BS,The Bahamas,1621197936.6666667,1.6218050581818633,0.39249937622351383,2629267014.0,0.6075006237764862,,,,,,
70,BIH,2012,4639659487,8131273419,0.451,0.67,229.0,3.41,BA,Bosnia and Herzegovina,5187809012.0,0.8943389157673177,0.09055104027274381,4639659487.0,0.9094489597272561,,,,,,
70,BIH,2013,5132447286,8514009504,0.403,0.493,223.0,3.44,BA,Bosnia and Herzegovina,5187809012.0,0.9893284957345303,0.08812776782421562,5132447286.0,0.9118722321757844,,,,,,
70,BIH,2014,5514217636,9101931992,0.415,0.639,224.0,3.44,BA,Bosnia and Herzegovina,5187809012.0,1.0629183964261173,0.08482704349444418,5514217636.0,0.9151729565055559,,,,,,
70,BIH,2015,4726060361,7341722375,0.36,0.595,224.0,3.65,BA,Bosnia and Herzegovina,5187809012.0,0.9109935138452626,0.08079439593849239,4726060361.0,0.9192056040615076,,,,,,
70,BIH,2016,4945064764,7462381256,0.434,0.564,222.0,4.75,BA,Bosnia and Herzegovina,5187809012.0,0.9532087153866874,0.08219889507010258,4945064764.0,0.9178011049298974,,,,,,
70,BIH,2017,5892301911,8387495061,0.431,0.605,224.0,4.12,BA,Bosnia and Herzegovina,5187809012.0,1.13579777076805,0.07932076824493671,5892301911.0,0.9206792317550633,,,,,,
70,BIH,2018,6652862773,9271226101,0.512,0.644,222.0,4.07,BA,Bosnia and Herzegovina,5187809012.0,1.2824031797645523,0.08308942667217015,6652862773.0,0.9169105733278299,,,,,,
70,BIH,2019,6337584528,9123950733,0.568,0.646,225.0,4.08,BA,Bosnia and Herzegovina,5187809012.0,1.2216302707637148,0.08265472632538368,6337584528.0,0.9173452736746164,,,,,,
70,BIH,2020,5862624248,8236536478,0.532,0.659,232.0,3.68,BA,Bosnia and Herzegovina,5187809012.0,1.1300771162621974,0.08416911065002504,5862624248.0,0.9158308893499749,,,,,,
70,BIH,2021,8223695044,10753858356,0.571,0.627,226.0,3.68,BA,Bosnia and Herzegovina,5187809012.0,1.5851961830085968,0.08842996294165938,8223695044.0,0.9115700370583406,,,,,,
70,BIH,2022,9222255748,12453679153,0.584,0.628,223.0,2.595,BA,Bosnia and Herzegovina,5187809012.0,1.7776783468064958,0.09578050042066745,9222255748.0,0.9042194995793326,,,,,,
70,BIH,2023,8840916822,12604012163,0.58,0.672,233.0,2.595,BA,Bosnia and Herzegovina,5187809012.0,1.7041716072334083,0.09399844563881855,8840916822.0,0.9060015543611815,,,,,,
70,BIH,2024,8630975508,13673781184,0.66,0.905,249.0,2.513,BA,Bosnia and Herzegovina,5187809012.0,1.6637034031198064,0.08665170200954046,8630975508.0,0.9133482979904596,,,,,,
652,BLM,2013,3099308,80757411,0.922,-0.346,51.0,,BL,Saint Barthélemy,15291210.666666666,0.20268558635165404,0.4254149050964561,3099308.0,0.5745850949035439,,,,,,
652,BLM,2014,5102314,28152189,0.599,-0.607,34.0,,BL,Saint Barthélemy,15291210.666666666,0.33367626090735525,0.2849081211958152,5102314.0,0.7150918788041848,,,,,,
652,BLM,2015,15368771,109493958,0.496,-0.62,46.0,,BL,Saint Barthélemy,15291210.666666666,1.005072216649425,0.4435590567278546,15368771.0,0.5564409432721453,,,,,,
652,BLM,2016,10469251,131452557,1.089,-0.003,72.0,,BL,Saint Barthélemy,15291210.666666666,0.6846580841909357,0.19126954478524785,10469251.0,0.8087304552147522,,,,,,
652,BLM,2017,20035610,141912984,0.484,-0.521,56.0,,BL,Saint Barthélemy,15291210.666666666,1.3102696991596392,0.2796482993678754,20035610.0,0.7203517006321246,,,,,,
652,BLM,2018,5683367,209713151,0.596,-0.05,86.0,,BL,Saint Barthélemy,15291210.666666666,0.37167541039697927,0.32398799411743434,5683367.0,0.6760120058825656,,,,,,
652,BLM,2019,28609921,204691380,0.297,-0.639,56.0,,BL,Saint Barthélemy,15291210.666666666,1.8710043059158692,0.5287417997401248,28609921.0,0.4712582002598752,,,,,,
652,BLM,2020,38230922,34254270,0.369,-0.758,25.0,,BL,Saint Barthélemy,15291210.666666666,2.5001893462457914,0.8658824150302817,38230922.0,0.13411758496971826,,,,,,
652,BLM,2021,21254862,65917807,0.972,-0.477,36.0,,BL,Saint Barthélemy,15291210.666666666,1.3900051777020839,0.7300622487160934,21254862.0,0.2699377512839066,,,,,,
652,BLM,2022,298064234,59820276,0.492,-0.983,5.0,,BL,Saint Barthélemy,15291210.666666666,19.492520278315876,0.9619884153099812,298064234.0,0.03801158469001875,,,,,,
652,BLM,2023,24057881,250888550,0.612,-0.183,68.0,,BL,Saint Barthélemy,15291210.666666666,1.573314338834126,0.30506099619766286,24057881.0,0.6949390038023371,,,,,,
652,BLM,2024,10716969,236334031,0.608,-0.018,89.0,,BL,Saint Barthélemy,15291210.666666666,0.7008581095126717,0.2891062406368587,10716969.0,0.7108937593631413,,,,,,
112,BLR,2012,31783715864,37297786645,0.979,0.364,214.0,3.59,BY,Belarus,20995151069.666668,1.513859831659912,0.21878853704846668,31783715864.0,0.7812114629515333,61.779,38.221,11.355,46.736,,
112,BLR,2013,27257372036,33647034691,0.946,0.537,243.0,3.67,BY,Belarus,20995151069.666668,1.2982698693404904,0.3035566862317975,27257372036.0,0.6964433137682025,66.594,33.406,12.094,38.977,0.738999999999999,-7.759
112,BLR,2014,27645289873,32010385588,0.906,0.396,213.0,3.3,BY,Belarus,20995151069.666668,1.3167464135536184,0.27359201923348947,27645289873.0,0.7264079807665105,68.761,31.239,13.292,38.341,1.1980000000000004,-0.6359999999999957
112,BLR,2015,19189676093,23592017907,0.854,0.36,216.0,3.21,BY,Belarus,20995151069.666668,0.9140051447748248,0.21222010150111445,19189676093.0,0.7877798984988855,67.448,32.552,13.852,40.178,0.5600000000000005,1.8369999999999962
112,BLR,2016,19398343982,24102990093,0.864,0.636,244.0,4.67,BY,Belarus,20995151069.666668,0.9239440058150522,0.3053624704952363,19398343982.0,0.6946375295047638,63.065,36.935,13.655,40.678,-0.19700000000000095,0.5
112,BLR,2017,24397433134,30656712553,0.903,0.74,250.0,4.45,BY,Belarus,20995151069.666668,1.1620508494101227,0.31975773022113047,24397433134.0,0.6802422697788695,62.025,37.975,13.619,42.136,-0.03599999999999959,1.4580000000000055
112,BLR,2018,26910374432,34416651706,0.884,0.651,241.0,4.36,BY,Belarus,20995151069.666668,1.2817423576856046,0.25730939775372463,26910374432.0,0.7426906022462754,60.572,39.428,14.55,43.664,0.9310000000000009,1.5279999999999987
112,BLR,2019,27262796860,34525142006,0.892,0.729,258.0,4.44,BY,Belarus,20995151069.666668,1.2985282539542518,0.27641198799922984,27262796860.0,0.7235880120007702,61.623,38.377,13.946,41.486,-0.604000000000001,-2.1780000000000044
112,BLR,2020,24773007431,29632454250,0.911,0.832,276.0,4.01,BY,Belarus,20995151069.666668,1.1799394702518475,0.2807801878011908,24773007431.0,0.7192198121988091,66.347,33.653,14.137,42.208,0.19100000000000072,0.7220000000000013
112,BLR,2021,31532817855,35333786815,0.884,0.797,285.0,4.01,BY,Belarus,20995151069.666668,1.5019095480840774,0.27148973120711284,31532817855.0,0.7285102687928872,65.086,34.914,14.551,43.897,0.4139999999999997,1.689
112,BLR,2022,9799267589,12751460245,0.804,0.2,193.0,2.46,BY,Belarus,20995151069.666668,0.466739560791147,0.0744559737602983,9799267589.0,0.9255440262397017,65.428,34.572,16.064,41.504,1.513,-2.3930000000000007
112,BLR,2023,6526511307,18115883181,0.841,0.239,187.0,2.425,BY,Belarus,20995151069.666668,0.3108580302824951,0.13111410480924718,6526511307.0,0.8688858951907528,,,,,,
112,BLR,2024,5426339454,16627962581,0.751,0.329,192.0,2.19,BY,Belarus,20995151069.666668,0.25845679490441276,0.11090332342667497,5426339454.0,0.889096676573325,,,,,,
84,BLZ,2012,474907044,1445845124,-0.519,-0.688,76.0,,BZ,Belize,412323915.6666667,1.1517814658704568,0.17411528274413254,474907044.0,0.8258847172558674,,,,,,
84,BLZ,2013,480346903,1242189810,-0.347,-0.613,78.0,,BZ,Belize,412323915.6666667,1.1649746346227583,0.13253407393758343,480346903.0,0.8674659260624166,,,,,,
84,BLZ,2014,447773715,1087917408,-0.224,-0.529,89.0,,BZ,Belize,412323915.6666667,1.0859756079780534,0.10160317356877065,447773715.0,0.8983968264312293,,,,,,
84,BLZ,2015,387739252,1020743988,-0.369,-0.582,82.0,,BZ,Belize,412323915.6666667,0.9403753633186255,0.12307306585514538,387739252.0,0.8769269341448547,,,,,,
84,BLZ,2016,381154085,904162146,-0.384,-0.657,79.0,,BZ,Belize,412323915.6666667,0.9244045046083013,0.12772651912007893,381154085.0,0.8722734808799211,,,,,,
84,BLZ,2017,468078410,1064281713,-0.278,-0.541,77.0,,BZ,Belize,412323915.6666667,1.135220132073073,0.2587037617156749,468078410.0,0.7412962382843251,,,,,,
84,BLZ,2018,419203523,1049550156,-0.297,-0.588,80.0,,BZ,Belize,412323915.6666667,1.0166849582862785,0.2504594157736717,419203523.0,0.7495405842263283,,,,,,
84,BLZ,2019,276129725,1118348786,-0.428,-0.754,74.0,,BZ,Belize,412323915.6666667,0.6696912657941249,0.14438011479825757,276129725.0,0.8556198852017425,,,,,,
84,BLZ,2020,343220111,1031411512,-0.327,-0.662,58.0,,BZ,Belize,412323915.6666667,0.8324040831952809,0.12304022426790047,343220111.0,0.8769597757320995,,,,,,
84,BLZ,2021,306755350,1193191840,-0.366,-0.671,68.0,,BZ,Belize,412323915.6666667,0.7439669113153964,0.09119558532355627,306755350.0,0.9088044146764437,,,,,,
84,BLZ,2022,324610329,1617033656,-0.121,-0.439,84.0,,BZ,Belize,412323915.6666667,0.7872701938114678,0.09046009129531042,324610329.0,0.9095399087046896,,,,,,
84,BLZ,2023,280032502,1681509136,-0.148,-0.512,84.0,3.38,BZ,Belize,412323915.6666667,0.679156583840714,0.09760974611588043,280032502.0,0.9023902538841195,,,,,,
84,BLZ,2024,323476117,1515554542,-0.024,-0.478,78.0,,BZ,Belize,412323915.6666667,0.7845194147348621,0.12591381100282562,323476117.0,0.8740861889971744,,,,,,
60,BMU,2012,244721424,2967597296,1.029,-0.353,41.0,,BM,Bermuda,287147218.0,0.8522507224847987,0.22645101677819787,244721424.0,0.7735489832218021,,,,,,
60,BMU,2013,332647345,2969827352,0.688,-0.577,28.0,,BM,Bermuda,287147218.0,1.1584557472536614,0.44267211895801073,332647345.0,0.5573278810419893,,,,,,
60,BMU,2014,67337582,3510797529,0.969,0.099,77.0,,BM,Bermuda,287147218.0,0.2345054305906596,0.2735548326226688,67337582.0,0.7264451673773312,,,,,,
60,BMU,2015,375379202,3890832600,0.597,-0.584,30.0,,BM,Bermuda,287147218.0,1.3072708996261284,0.38132972682790867,375379202.0,0.6186702731720913,,,,,,
60,BMU,2016,347939819,3100513663,0.508,-0.716,22.0,,BM,Bermuda,287147218.0,1.211712310582093,0.42631395364893154,347939819.0,0.5736860463510685,,,,,,
60,BMU,2017,138122633,2150793711,0.791,-0.442,43.0,,BM,Bermuda,287147218.0,0.48101678979177853,0.268166382859647,138122633.0,0.731833617140353,,,,,,
60,BMU,2018,236269739,1662699871,0.585,-0.704,31.0,,BM,Bermuda,287147218.0,0.8228174406342325,0.21513967534551337,236269739.0,0.7848603246544866,,,,,,
60,BMU,2019,468162900,1258289908,0.511,-0.811,21.0,,BM,Bermuda,287147218.0,1.6303932988130152,0.5646206087095788,468162900.0,0.43537939129042125,,,,,,
60,BMU,2020,214765295,2638840764,0.501,-0.664,31.0,,BM,Bermuda,287147218.0,0.7479274794854534,0.5713751941236436,214765295.0,0.42862480587635643,,,,,,
60,BMU,2021,183799733,2156633701,0.693,-0.514,37.0,,BM,Bermuda,287147218.0,0.6400888515660285,0.3161856701450008,183799733.0,0.6838143298549992,,,,,,
60,BMU,2022,62194340,1703125264,1.231,0.731,91.0,,BM,Bermuda,287147218.0,0.2165939145543106,0.1497048164325544,62194340.0,0.8502951835674456,,,,,,
60,BMU,2023,219600029,1411489563,0.784,-0.54,30.0,0.617,BM,Bermuda,287147218.0,0.7647646058684783,0.28806916985764364,219600029.0,0.7119308301423564,,,,,,
60,BMU,2024,189775066,3002706751,0.844,-0.456,27.0,,BM,Bermuda,287147218.0,0.6608981529467578,0.6113552741413922,189775066.0,0.38864472585860776,,,,,,
68,BOL,2012,10399029904,7536074725,-0.916,-0.894,81.0,3.36,BO,Bolivia,7538245979.666667,1.3795025967645371,0.17860896524497327,10399029904.0,0.8213910347550267,,,,,,
68,BOL,2013,12205104141,8526645117,-1.285,-1.042,80.0,2.89,BO,Bolivia,7538245979.666667,1.6190907240121257,0.19263159488318474,12205104141.0,0.8073684051168153,,,,,,
68,BOL,2014,12391987237,8888175695,-1.342,-1.143,68.0,2.91,BO,Bolivia,7538245979.666667,1.643882047683984,0.1798182772510484,12391987237.0,0.8201817227489516,,,,,,
68,BOL,2015,8432876036,7751846396,-1.307,-1.154,75.0,2.77,BO,Bolivia,7538245979.666667,1.1186788092013007,0.1578379983523942,8432876036.0,0.8421620016476058,,,,,,
68,BOL,2016,6851392898,6854146388,-1.318,-1.155,80.0,3.44,BO,Bolivia,7538245979.666667,0.9088842306924775,0.10390967030995325,6851392898.0,0.8960903296900468,,,,,,
68,BOL,2017,7330469005,7454991811,-1.368,-1.109,76.0,2.3,BO,Bolivia,7538245979.666667,0.9724369601062216,0.09737925798937712,7330469005.0,0.9026207420106229,,,,,,
68,BOL,2018,8406856673,7416157860,-1.464,-1.144,73.0,2.37,BO,Bolivia,7538245979.666667,1.1152271623500063,0.10343140202285002,8406856673.0,0.8965685979771499,,,,,,
68,BOL,2019,7999978850,7123570437,-1.295,-1.075,75.0,2.95,BO,Bolivia,7538245979.666667,1.0612520301909478,0.0966966135004207,7999978850.0,0.9033033864995793,,,,,,
68,BOL,2020,6679932057,5363039165,-1.203,-1.062,86.0,2.34,BO,Bolivia,7538245979.666667,0.8861387748579915,0.08995073907473275,6679932057.0,0.9100492609252673,,,,,,
68,BOL,2021,9956532351,7116679779,-1.381,-0.988,87.0,2.34,BO,Bolivia,7538245979.666667,1.3208022632660585,0.08425173723535381,9956532351.0,0.9157482627646462,,,,,,
68,BOL,2022,13081479286,8292277634,-1.358,-1.01,83.0,1.92,BO,Bolivia,7538245979.666667,1.7353478940970362,0.09879187632035824,13081479286.0,0.9012081236796418,,,,,,
68,BOL,2023,10456082611,7903718905,-1.296,-0.902,97.0,1.803,BO,Bolivia,7538245979.666667,1.387071029415036,0.08706458220223674,10456082611.0,0.9129354177977632,,,,,,
68,BOL,2024,9511761487,6587308246,-1.097,-0.718,99.0,2.214,BO,Bolivia,7538245979.666667,1.2618003594810525,0.0861890611124596,9511761487.0,0.9138109388875404,,,,,,
76,BRA,2012,233381361848,225604034097,0.669,0.516,195.0,3.44,BR,Brazil,188063210620.0,1.240972974345151,0.061517019355608334,233381361848.0,0.9384829806443916,89.719,10.281,23.096,11.418,,
76,BRA,2013,220754624515,232507330531,0.693,0.38,192.0,3.25,BR,Brazil,188063210620.0,1.1738320524637653,0.0685964841746659,220754624515.0,0.9314035158253341,89.212,10.788,21.607,11.203,-1.4890000000000008,-0.21499999999999986
76,BRA,2014,213623932195,222224319841,0.642,0.463,199.0,3.34,BR,Brazil,188063210620.0,1.1359155865239796,0.06598099920859092,213623932195.0,0.9340190007914091,89.349,10.651,21.705,10.515,0.09799999999999898,-0.6879999999999988
76,BRA,2015,181969655847,162983059970,0.653,0.638,212.0,4.23,BR,Brazil,188063210620.0,0.9675983689052686,0.06741748003389436,181969655847.0,0.9325825199661056,88.214,11.786,19.535,12.163,-2.169999999999998,1.6479999999999997
76,BRA,2016,175412264803,136855074195,0.648,0.694,213.0,4.62,BR,Brazil,188063210620.0,0.9327303528675661,0.07302198903658687,175412264803.0,0.9269780109634131,89.454,10.546,18.61,11.889,-0.9250000000000007,-0.2740000000000009
76,BRA,2017,206807711210,160848037349,0.605,0.365,190.0,3.4,BR,Brazil,188063210620.0,1.0996712782271651,0.08116534269499388,206807711210.0,0.9188346573050061,89.669,10.331,19.81,12.025,1.1999999999999993,0.136000000000001
76,BRA,2018,223334281519,176607172775,0.532,0.487,199.0,3.28,BR,Brazil,188063210620.0,1.1875490202614303,0.10297619711001357,223334281519.0,0.8970238028899864,87.748,12.252,21.305,13.373,1.495000000000001,1.347999999999999
76,BRA,2019,214215460315,176951866539,0.481,0.508,196.0,2.27,BR,Brazil,188063210620.0,1.1390609551372766,0.11260926849916307,214215460315.0,0.8873907315008369,87.828,12.172,20.746,12.711,-0.559000000000001,-0.661999999999999
76,BRA,2020,205153958674,158175396025,0.384,0.478,193.0,2.83,BR,Brazil,188063210620.0,1.090877678827538,0.1284205189973995,205153958674.0,0.8715794810026005,87.15,12.85,20.076,15.209,-0.6699999999999982,2.4979999999999993
76,BRA,2021,280923730249,222969322160,0.358,0.351,184.0,2.83,BR,Brazil,188063210620.0,1.4937729145581466,0.12035400972373876,280923730249.0,0.8796459902762612,86.24,13.76,22.044,18.116,1.968,2.907
76,BRA,2022,324076310374,256179390768,0.432,0.287,181.0,1.757,BR,Brazil,188063210620.0,1.7232307653665857,0.09472641839963392,324076310374.0,0.9052735816003661,86.419,13.581,23.5,18.365,1.4559999999999995,0.24899999999999878
76,BRA,2023,328837888687,237143416876,0.379,0.333,182.0,1.494,BR,Brazil,188063210620.0,1.7485497966502812,0.11110204026512262,328837888687.0,0.8888979597348774,,,,,,
76,BRA,2024,329458988761,264699858846,0.348,0.21,173.0,1.664,BR,Brazil,188063210620.0,1.7518524100213513,0.10143110219395127,329458988761.0,0.8985688978060488,,,,,,
52,BRB,2012,625941988,5270039095,0.704,0.75,168.0,,BB,Barbados,331271698.6666667,1.8895124169053676,0.22088626226894678,625941988.0,0.7791137377310532,,,,,,
52,BRB,2013,407777168,1939695217,0.413,0.225,138.0,,BB,Barbados,331271698.6666667,1.2309447792892048,0.08800687517420709,407777168.0,0.9119931248257929,,,,,,
52,BRB,2014,399303823,1730332147,0.4,0.13,125.0,,BB,Barbados,331271698.6666667,1.205366545367912,0.09181516745427033,399303823.0,0.9081848325457297,,,,,,
52,BRB,2015,310522953,1380918031,0.436,0.257,149.0,,BB,Barbados,331271698.6666667,0.9373663800735825,0.09077495960951032,310522953.0,0.9092250403904897,,,,,,
52,BRB,2016,304438645,1196151253,0.442,0.264,136.0,,BB,Barbados,331271698.6666667,0.9189998609157773,0.06586249159665968,304438645.0,0.9341375084033403,,,,,,
52,BRB,2017,378853498,1482073251,0.454,0.157,134.0,,BB,Barbados,331271698.6666667,1.1436337590106398,0.0545104653877484,378853498.0,0.9454895346122516,,,,,,
52,BRB,2018,369429977,1512331737,0.488,-0.02,125.0,,BB,Barbados,331271698.6666667,1.115187257127356,0.05627761074501207,369429977.0,0.943722389254988,,,,,,
52,BRB,2019,347022820,1399332097,0.553,-0.017,113.0,,BB,Barbados,331271698.6666667,1.0475474403540355,0.06916051024957719,347022820.0,0.9308394897504229,,,,,,
52,BRB,2020,262675096,1327674374,0.581,0.268,126.0,,BB,Barbados,331271698.6666667,0.7929294807170045,0.06387268740300761,262675096.0,0.9361273125969924,,,,,,
52,BRB,2021,283218334,1648403623,0.476,0.273,126.0,,BB,Barbados,331271698.6666667,0.8549427407772039,0.06672731906194261,283218334.0,0.9332726809380574,,,,,,
52,BRB,2022,320656120,1722397769,0.523,0.385,143.0,,BB,Barbados,331271698.6666667,0.9679550691791866,0.07074571345600149,320656120.0,0.9292542865439986,,,,,,
52,BRB,2023,303967523,1940080488,0.369,0.254,133.0,1.135,BB,Barbados,331271698.6666667,0.9175776989807367,0.06896889010220646,303967523.0,0.9310311098977936,,,,,,
52,BRB,2024,325962095,2158694289,0.456,0.308,122.0,,BB,Barbados,331271698.6666667,0.9839720577156538,0.06291372807785882,325962095.0,0.9370862719221412,,,,,,
96,BRN,2012,12810063028,5613410987,0.09,-0.971,4.0,,BN,Brunei,5159339195.0,2.482888320352041,0.26171101315242346,12810063028.0,0.7382889868475766,88.004,11.996,23.231,58.88,,
96,BRN,2013,10988572615,6722183092,0.098,-0.923,10.0,,BN,Brunei,5159339195.0,2.129841090046804,0.23797561830949918,10988572615.0,0.7620243816905008,85.839,14.161,22.511,55.877,-0.7200000000000024,-3.003
96,BRN,2014,9672867439,5554871530,0.231,-0.799,16.0,,BN,Brunei,5159339195.0,1.8748268089010574,0.2113186570045315,9672867439.0,0.7886813429954684,88.617,11.383,23.981,57.895,1.4700000000000024,2.0180000000000007
96,BRN,2015,5901773654,4811044753,0.656,-0.758,16.0,,BN,Brunei,5159339195.0,1.1439010754942232,0.21060810245251435,5901773654.0,0.7893918975474856,91.937,8.063,35.558,44.614,11.576999999999998,-13.281000000000006
96,BRN,2016,4622479634,3229544052,0.386,-0.872,15.0,,BN,Brunei,5159339195.0,0.895944123712533,0.19659893987804053,4622479634.0,0.8034010601219594,90.828,9.172,32.87,41.234,-2.6880000000000024,-3.3799999999999955
96,BRN,2017,4953764297,2803988076,0.389,-0.903,11.0,,BN,Brunei,5159339195.0,0.9601548007932438,0.15046782119813149,4953764297.0,0.8495321788018685,92.436,7.564,40.95,42.352,8.080000000000005,1.117999999999995
96,BRN,2018,6444886050,4575489467,0.58,-0.747,18.0,,BN,Brunei,5159339195.0,1.2491688967156578,0.18130153391207351,6444886050.0,0.8186984660879265,91.715,8.285,38.599,44.128,-2.351000000000006,1.7760000000000034
96,BRN,2019,5894423377,4198862122,0.594,-0.708,18.0,,BN,Brunei,5159339195.0,1.1424764207618647,0.1606994191317841,5894423377.0,0.8393005808682159,89.592,10.408,33.811,46.041,-4.787999999999997,1.9129999999999967
96,BRN,2020,6500659082,3918819554,0.276,-0.834,16.0,,BN,Brunei,5159339195.0,1.259979008222583,0.14409294788352198,6500659082.0,0.855907052116478,81.285,18.715,29.382,42.182,-4.4289999999999985,-3.8589999999999947
96,BRN,2021,9882237569,5855020130,0.17,-0.832,18.0,,BN,Brunei,5159339195.0,1.9154076123890125,0.15260220229196392,9882237569.0,0.847397797708036,68.603,31.397,25.112,49.102,-4.270000000000003,6.919999999999995
96,BRN,2022,14003156737,6729678107,0.052,-0.91,11.0,,BN,Brunei,5159339195.0,2.714137645877342,0.1361474315760602,14003156737.0,0.8638525684239398,69.081,30.919,28.01,53.522,2.8980000000000032,4.420000000000002
96,BRN,2023,10811924366,6381106917,0.219,-0.862,14.0,-0.12,BN,Brunei,5159339195.0,2.0956025485740524,0.13937761712962665,10811924366.0,0.8606223828703734,,,,,,
96,BRN,2024,10854408490,7405158562,0.308,-0.774,18.0,,BN,Brunei,5159339195.0,2.1038369604617553,0.12727857415343033,10854408490.0,0.8727214258465696,,,,,,
64,BTN,2012,215038669,339517303,-0.075,-0.708,72.0,,BT,Bhutan,230171296.33333334,0.9342549328504527,0.6430688889488707,215038669.0,0.3569311110511293,,,,,,
64,BTN,2013,153162913,267692355,-0.089,-0.911,25.0,,BT,Bhutan,230171296.33333334,0.6654301185243792,0.8027813573390647,153162913.0,0.19721864266093525,,,,,,
64,BTN,2014,171124684,265770322,0.007,-0.904,36.0,,BT,Bhutan,230171296.33333334,0.7434666560341988,0.7161057540722311,171124684.0,0.2838942459277689,,,,,,
64,BTN,2015,258008030,515832194,-0.489,-0.997,38.0,,BT,Bhutan,230171296.33333334,1.1209392053227767,0.5915911842288832,258008030.0,0.40840881577111676,,,,,,
64,BTN,2016,142488312,462800247,0.017,-0.862,38.0,,BT,Bhutan,230171296.33333334,0.6190533497002548,0.8004362748139455,142488312.0,0.19956372518605447,,,,,,
64,BTN,2017,290017547,579035108,-0.403,-0.906,65.0,,BT,Bhutan,230171296.33333334,1.2600074449769685,0.5450253325220469,290017547.0,0.4549746674779531,,,,,,
64,BTN,2018,397237523,832696176,-0.5,-0.893,71.0,,BT,Bhutan,230171296.33333334,1.725834321342666,0.4588167183542672,397237523.0,0.5411832816457328,,,,,,
64,BTN,2019,362078589,840998320,-0.533,-0.833,63.0,,BT,Bhutan,230171296.33333334,1.5730831548849555,0.5324751122860572,362078589.0,0.46752488771394285,,,,,,
64,BTN,2020,253878195,838219312,-0.359,-0.778,62.0,,BT,Bhutan,230171296.33333334,1.1029967639072353,0.5719891705107841,253878195.0,0.42801082948921587,,,,,,
64,BTN,2021,365010284,1125133448,-0.376,-0.954,31.0,,BT,Bhutan,230171296.33333334,1.5858201687815725,0.8884321088219618,365010284.0,0.11156789117803823,,,,,,
64,BTN,2022,451526764,1387795046,-0.468,-0.919,48.0,,BT,Bhutan,230171296.33333334,1.9616988355754854,0.5971806846206779,451526764.0,0.40281931537932214,,,,,,
64,BTN,2023,518581486,1232729822,-0.654,-0.981,43.0,,BT,Bhutan,230171296.33333334,2.2530241357679626,0.6480135239981071,518581486.0,0.3519864760018929,,,,,,
64,BTN,2024,442051820,1441152986,-0.349,-0.922,36.0,,BT,Bhutan,230171296.33333334,1.920534085013893,0.8975904756277401,442051820.0,0.10240952437225992,,,,,,
74,BVT,2012,45048149,55786900,1.031,-0.612,24.0,,BV,Bouvet Island,1204252.3333333333,37.40756629908959,0.8276514405744786,45048149.0,0.1723485594255214,,,,,,
74,BVT,2013,1801297,4106687,0.563,-0.895,11.0,,BV,Bouvet Island,1204252.3333333333,1.495780369396558,0.5511145627631693,1801297.0,0.4488854372368307,,,,,,
74,BVT,2014,1031927,3787331,-0.044,-0.858,22.0,,BV,Bouvet Island,1204252.3333333333,0.8569026369611906,0.6818600167036655,1031927.0,0.3181399832963345,,,,,,
74,BVT,2015,1295571,471850,0.028,-0.939,7.0,,BV,Bouvet Island,1204252.3333333333,1.0758301762338291,0.7650013115079568,1295571.0,0.2349986884920432,,,,,,
74,BVT,2016,651252,1088866,1.421,-0.758,12.0,,BV,Bouvet Island,1204252.3333333333,0.5407936376567812,0.20413041091116066,651252.0,0.7958695890888393,,,,,,
74,BVT,2017,1665934,1383812,1.739,-0.721,12.0,,BV,Bouvet Island,1204252.3333333333,1.3833761861093896,0.5210427129322646,1665934.0,0.47895728706773544,,,,,,
74,BVT,2018,3154539,8224215,0.572,-0.793,13.0,,BV,Bouvet Island,1204252.3333333333,2.6195000106566817,0.5088187929722284,3154539.0,0.49118120702777157,,,,,,
74,BVT,2019,1175567,390258,0.84,-0.823,10.0,,BV,Bouvet Island,1204252.3333333333,0.9761799644980275,0.43320822476214516,1175567.0,0.5667917752378548,,,,,,
74,BVT,2020,238047,757418,0.206,-0.862,15.0,,BV,Bouvet Island,1204252.3333333333,0.1976720272080298,0.14337152140765794,238047.0,0.856628478592342,,,,,,
74,BVT,2021,121320,1123597,0.96,-0.858,10.0,,BV,Bouvet Island,1204252.3333333333,0.10074300596469678,0.26992647763816613,121320.0,0.7300735223618339,,,,,,
74,BVT,2022,921833,662221,0.508,-0.91,13.0,,BV,Bouvet Island,1204252.3333333333,0.765481597572159,0.24339802849006667,921833.0,0.7566019715099334,,,,,,
74,BVT,2023,555752,5760965,1.146,-0.684,19.0,,BV,Bouvet Island,1204252.3333333333,0.4614913208942644,0.23293254742869257,555752.0,0.7670674525713075,,,,,,
74,BVT,2024,810958,591437,1.674,-0.463,20.0,,BV,Bouvet Island,1204252.3333333333,0.6734120230062526,0.2182558586499615,810958.0,0.7817441413500386,,,,,,
72,BWA,2012,5496539046,7175528122,-0.067,-1.196,46.0,1.81,BW,Botswana,5552003376.0,0.9900100330918818,0.44124916844535833,5496539046.0,0.5587508315546417,,,,,,
72,BWA,2013,6389218403,7964719441,-0.354,-1.189,24.0,1.65,BW,Botswana,5552003376.0,1.1507951221029662,0.2597927344686236,6389218403.0,0.7402072655313764,,,,,,
72,BWA,2014,6016549157,7505090659,-0.206,-1.186,25.0,1.39,BW,Botswana,5552003376.0,1.0836717396477318,0.15035791944151108,6016549157.0,0.8496420805584889,,,,,,
72,BWA,2015,4273069825,6798567048,-0.149,-1.247,25.0,3.38,BW,Botswana,5552003376.0,0.7696446733932966,0.14327923560486971,4273069825.0,0.8567207643951302,,,,,,
72,BWA,2016,6395771224,5769202710,-0.106,-1.259,19.0,2.77,BW,Botswana,5552003376.0,1.1519753845337,0.1433879407171409,6395771224.0,0.8566120592828591,,,,,,
72,BWA,2017,5987169079,5852952708,0.19,-1.202,24.0,3.4,BW,Botswana,5552003376.0,1.0783799420730036,0.1525944035820403,5987169079.0,0.8474055964179597,,,,,,
72,BWA,2018,5769083464,6415685860,-0.141,-1.261,29.0,3.12,BW,Botswana,5552003376.0,1.039099415706119,0.1471877391146802,5769083464.0,0.8528122608853198,,,,,,
72,BWA,2019,4624757803,6426419380,-0.274,-1.242,29.0,3.19,BW,Botswana,5552003376.0,0.8329890113164802,0.1440632763125347,4624757803.0,0.8559367236874653,,,,,,
72,BWA,2020,3598959915,5697678896,-0.149,-1.244,28.0,2.5,BW,Botswana,5552003376.0,0.6482272562292477,0.1630601771361432,3598959915.0,0.8369398228638568,,,,,,
72,BWA,2021,5545888703,7266506092,-0.416,-1.246,27.0,2.5,BW,Botswana,5552003376.0,0.9988986546682532,0.17971879497275306,5545888703.0,0.820281205027247,,,,,,
72,BWA,2022,6772610599,7192495026,-0.391,-1.254,29.0,2.267,BW,Botswana,5552003376.0,1.2198498704587244,0.16721119198607973,6772610599.0,0.8327888080139203,,,,,,
72,BWA,2023,5442440810,6471487696,-0.504,-1.218,36.0,2.06,BW,Botswana,5552003376.0,0.9802661204289584,0.1609986808304427,5442440810.0,0.8390013191695573,,,,,,
72,BWA,2024,3458981270,6508392404,-0.31,-1.084,34.0,2.731,BW,Botswana,5552003376.0,0.6230149795931968,0.1657181689874874,3458981270.0,0.8342818310125126,,,,,,
140,CAF,2012,150175134,328073281,-0.469,-0.801,39.0,,CF,Central African Republic,109055939.33333333,1.3770468157720819,0.1645448450892186,150175134.0,0.8354551549107814,,,,,,
140,CAF,2013,108614819,378020762,-0.141,-0.795,45.0,,CF,Central African Republic,109055939.33333333,0.9959551003271355,0.1433490782533927,108614819.0,0.8566509217466073,,,,,,
140,CAF,2014,73963269,249757473,0.807,0.575,129.0,,CF,Central African Republic,109055939.33333333,0.6782140381545718,0.17074687284051004,73963269.0,0.82925312715949,,,,,,
140,CAF,2015,75079607,327646133,-0.366,-0.761,42.0,,CF,Central African Republic,109055939.33333333,0.6884504178219631,0.12442509479979694,75079607.0,0.8755749052002031,,,,,,
140,CAF,2016,128774881,259577507,-0.88,-0.77,52.0,,CF,Central African Republic,109055939.33333333,1.1808149266074819,0.12445986693478553,128774881.0,0.8755401330652145,,,,,,
140,CAF,2017,123313330,305912941,-0.359,-0.663,67.0,,CF,Central African Republic,109055939.33333333,1.130734655570555,0.12699730364170553,123313330.0,0.8730026963582944,,,,,,
140,CAF,2018,102704680,369023612,-0.508,-0.727,42.0,,CF,Central African Republic,109055939.33333333,0.9417614540559732,0.2004807487130243,102704680.0,0.7995192512869758,,,,,,
140,CAF,2019,93289127,466556981,-0.354,-0.789,45.0,,CF,Central African Republic,109055939.33333333,0.8554245423979935,0.17337511324991906,93289127.0,0.826624886750081,,,,,,
140,CAF,2020,114961653,391658580,-0.443,-0.614,44.0,,CF,Central African Republic,109055939.33333333,1.0541530677079003,0.22628012017854926,114961653.0,0.7737198798214507,,,,,,
140,CAF,2021,110041545,426956092,-0.297,-0.766,40.0,,CF,Central African Republic,109055939.33333333,1.0090376156740453,0.17951976193365288,110041545.0,0.8204802380663472,,,,,,
140,CAF,2022,146178887,549141374,-0.108,-0.578,47.0,,CF,Central African Republic,109055939.33333333,1.3404028051438728,0.21120193761789238,146178887.0,0.7887980623821076,,,,,,
140,CAF,2023,173433849,522837145,-0.311,-0.626,49.0,3.765,CF,Central African Republic,109055939.33333333,1.5903200693168422,0.32517156873414504,173433849.0,0.674828431265855,,,,,,
140,CAF,2024,135138909,535798427,-0.362,-0.752,31.0,,CF,Central African Republic,109055939.33333333,1.2391705561944972,0.14956664379986095,135138909.0,0.850433356200139,,,,,,
124,CAN,2012,442066231970,450226761974,0.976,1.084,255.0,2.94,CA,Canada,392747217532.0,1.1255744464541793,0.5544793925205077,442066231970.0,0.4455206074794923,78.556,21.444,16.072,22.764,,
124,CAN,2013,447731252207,463752961608,0.966,0.899,243.0,2.87,CA,Canada,392747217532.0,1.1399985339692955,0.5717620828759292,447731252207.0,0.4282379171240708,79.375,20.625,16.007,22.981,-0.06499999999999773,0.2170000000000023
124,CAN,2014,466595709917,451399128020,0.941,0.903,238.0,2.72,CA,Canada,392747217532.0,1.1880305934413986,0.5817464173536889,466595709917.0,0.4182535826463111,79.272,20.728,15.665,24.061,-0.3420000000000023,1.0799999999999983
124,CAN,2015,398546902779,408394708294,0.953,0.997,259.0,3.59,CA,Canada,392747217532.0,1.0147669671180484,0.5807644698587475,398546902779.0,0.4192355301412525,77.549,22.451,13.974,23.547,-1.690999999999999,-0.5139999999999993
124,CAN,2016,373940113397,387074551098,0.943,1.105,268.0,3.72,CA,Canada,392747217532.0,0.9521139723072191,0.5778686715193694,373940113397.0,0.4221313284806306,77.549,22.451,13.382,23.201,-0.5920000000000005,-0.3460000000000001
124,CAN,2017,405754636420,405082888114,0.938,1.186,271.0,3.06,CA,Canada,392747217532.0,1.0331190605747327,0.5729711699467565,405754636420.0,0.42702883005324355,78.369,21.631,14.738,23.437,1.3559999999999999,0.23600000000000065
124,CAN,2018,437429015238,435362316396,0.893,1.145,261.0,3.15,CA,Canada,392747217532.0,1.1137673182938832,0.560343612802327,437429015238.0,0.43965638719767297,78.466,21.534,14.959,24.212,0.22100000000000009,0.7749999999999986
124,CAN,2019,438113666971,429188031830,0.916,1.073,268.0,2.69,CA,Canada,392747217532.0,1.1155105559348837,0.5618555791220154,438113666971.0,0.43814442087798455,78.608,21.392,14.798,24.251,-0.1609999999999996,0.03900000000000148
124,CAN,2020,377667663862,383523322276,0.894,1.119,267.0,2.36,CA,Canada,392747217532.0,0.9616049382481714,0.5409189405826355,377667663862.0,0.45908105941736455,77.684,22.316,14.338,21.945,-0.46000000000000085,-2.306000000000001
124,CAN,2021,487208084399,475757898238,0.858,1.182,266.0,2.36,CA,Canada,392747217532.0,1.2405131408965453,0.5634230976929518,487208084399.0,0.43657690230704815,79.327,20.673,15.757,23.81,1.4190000000000005,1.8649999999999984
124,CAN,2022,600069697454,545512417548,0.867,1.039,249.0,2.034,CA,Canada,392747217532.0,1.5278776542958141,0.559237083027586,600069697454.0,0.440762916972414,78.831,21.169,16.612,25.672,0.8549999999999986,1.8620000000000019
124,CAN,2023,572857919280,537639441417,0.826,1.162,262.0,1.973,CA,Canada,392747217532.0,1.45859192301808,0.5676465323087,572857919280.0,0.4323534676913,,,,,,
124,CAN,2024,569512582883,552524707491,0.781,1.311,272.0,1.384,CA,Canada,392747217532.0,1.450074137919507,0.5527363829180022,569512582883.0,0.4472636170819978,,,,,,
166,CCK,2012,5615966,18880631,1.081,0.098,78.0,,CC,Cocos (Keeling) Islands,5045413.0,1.1130835077326673,0.2133021421354851,5615966.0,0.786697857864515,,,,,,
166,CCK,2013,5519402,29639501,1.575,0.059,62.0,,CC,Cocos (Keeling) Islands,5045413.0,1.0939445393271077,0.24249309087796778,5519402.0,0.7575069091220322,,,,,,
166,CCK,2014,6907140,13136928,1.087,-0.348,54.0,,CC,Cocos (Keeling) Islands,5045413.0,1.3689939753197606,0.22104585041168245,6907140.0,0.7789541495883175,,,,,,
166,CCK,2015,8378471,7062575,1.261,-0.082,56.0,,CC,Cocos (Keeling) Islands,5045413.0,1.6606115297201636,0.25429449941468596,8378471.0,0.745705500585314,,,,,,
166,CCK,2016,3573090,10295133,1.575,0.169,69.0,,CC,Cocos (Keeling) Islands,5045413.0,0.7081858313680168,0.28743089744690314,3573090.0,0.7125691025530969,,,,,,
166,CCK,2017,3184678,9596328,1.29,0.442,91.0,,CC,Cocos (Keeling) Islands,5045413.0,0.6312026389118195,0.17228762492605604,3184678.0,0.8277123750739439,,,,,,
166,CCK,2018,4140834,7317602,1.051,0.081,90.0,,CC,Cocos (Keeling) Islands,5045413.0,0.8207125957775905,0.3420725586181936,4140834.0,0.6579274413818064,,,,,,
166,CCK,2019,3724671,7483810,1.558,0.042,68.0,,CC,Cocos (Keeling) Islands,5045413.0,0.7382291598329017,0.3469933318603054,3724671.0,0.6530066681396947,,,,,,
166,CCK,2020,4151868,6867664,1.377,0.333,82.0,,CC,Cocos (Keeling) Islands,5045413.0,0.8228995327042603,0.16276266339948586,4151868.0,0.8372373366005141,,,,,,
166,CCK,2021,6844948,11710623,1.636,0.23,74.0,,CC,Cocos (Keeling) Islands,5045413.0,1.3566675314785925,0.16015357985170686,6844948.0,0.8398464201482931,,,,,,
166,CCK,2022,2799961,11986174,1.396,0.511,87.0,,CC,Cocos (Keeling) Islands,5045413.0,0.5549517948282926,0.20161226663487003,2799961.0,0.7983877333651299,,,,,,
166,CCK,2023,5205794,14800143,1.312,0.207,85.0,,CC,Cocos (Keeling) Islands,5045413.0,1.0317874869708386,0.19824219296104217,5205794.0,0.8017578070389578,,,,,,
166,CCK,2024,3477798,14865331,1.453,0.639,89.0,,CC,Cocos (Keeling) Islands,5045413.0,0.6892989731464996,0.12028574261861902,3477798.0,0.879714257381381,,,,,,
756,CHE,2012,296756971940,280959250845,1.726,1.14,276.0,3.23,CH,Switzerland,292829125036.6667,1.0134134434299917,0.06954982528310186,296756971940.0,0.9304501747168982,78.654,21.346,18.809,37.688,,
756,CHE,2013,355530539993,311515033104,1.75,1.135,278.0,3.22,CH,Switzerland,292829125036.6667,1.2141228777994064,0.07489841351111388,355530539993.0,0.9251015864888861,77.486,22.514,18.006,39.605,-0.8030000000000008,1.9169999999999945
756,CHE,2014,311607220286,265333503667,1.797,1.201,265.0,3.12,CH,Switzerland,292829125036.6667,1.064126460258972,0.07122477039646812,311607220286.0,0.9287752296035319,78.611,21.389,18.168,38.226,0.16199999999999903,-1.3789999999999978
756,CHE,2015,289328743939,243721359371,1.836,1.197,250.0,3.15,CH,Switzerland,292829125036.6667,0.9880463355643726,0.07379761153076937,289328743939.0,0.9262023884692306,78.718,21.282,19.585,38.191,1.4170000000000016,-0.03499999999999659
756,CHE,2016,294750210279,251036012201,1.839,1.301,240.0,3.39,CH,Switzerland,292829125036.6667,1.0065604309069078,0.07780504243640571,294750210279.0,0.9221949575635943,77.177,22.823,18.065,39.192,-1.5199999999999996,1.0009999999999977
756,CHE,2017,294408420892,253002970666,1.731,1.285,253.0,2.38,CH,Switzerland,292829125036.6667,1.0053932335287195,0.07421544764106139,294408420892.0,0.9257845523589386,75.957,24.043,18.287,39.128,0.22199999999999775,-0.06400000000000006
756,CHE,2018,302196905072,264694428772,1.752,1.223,258.0,2.44,CH,Switzerland,292829125036.6667,1.0319906021443745,0.07935938038409077,302196905072.0,0.9206406196159093,76.507,23.493,19.064,40.248,0.777000000000001,1.1199999999999974
756,CHE,2019,300049577000,265223994816,1.758,1.175,235.0,2.4,CH,Switzerland,292829125036.6667,1.0246575608298156,0.0785515495551925,300049577000.0,0.9214484504448075,76.181,23.819,19.088,39.086,0.02400000000000091,-1.161999999999999
756,CHE,2020,310297510342,278781170729,1.725,1.256,220.0,2.14,CH,Switzerland,292829125036.6667,1.0596538520652479,0.10403992494778692,310297510342.0,0.8959600750522131,75.836,24.164,18.404,36.729,-0.684000000000001,-2.3569999999999993
756,CHE,2021,366488271824,320618389806,1.736,1.167,226.0,2.14,CH,Switzerland,292829125036.6667,1.251543103091641,0.08149625438734441,366488271824.0,0.9185037456126556,75.399,24.601,18.961,40.354,0.5569999999999986,3.625
756,CHE,2022,381052465335,349940729002,1.749,1.234,224.0,1.496,CH,Switzerland,292829125036.6667,1.3012792538559352,0.07582951914862615,381052465335.0,0.9241704808513739,73.993,26.007,19.953,42.349,0.9920000000000009,1.9949999999999974
756,CHE,2023,395870596014,357877277641,1.773,1.098,217.0,1.275,CH,Switzerland,292829125036.6667,1.3518825901092693,0.06794401629823825,395870596014.0,0.9320559837017618,,,,,,
756,CHE,2024,415371752593,352117529178,1.583,1.318,211.0,1.221,CH,Switzerland,292829125036.6667,1.4184782765067823,0.07113731700984076,415371752593.0,0.9288626829901593,,,,,,
152,CHL,2012,75016265706,71545780425,0.075,-0.549,138.0,2.03,CL,Chile,59685288292.666664,1.2568635898708895,0.09281384186293923,75016265706.0,0.9071861581370608,81.633,18.367,28.056,29.147,,
152,CHL,2013,71700228115,70214715322,0.062,-0.483,137.0,2.06,CL,Chile,59685288292.666664,1.201304880415725,0.09487545437026812,71700228115.0,0.9051245456297319,83.272,16.728,30.28,28.028,2.224,-1.1189999999999998
152,CHL,2014,71402515667,65108577016,0.007,-0.585,140.0,1.89,CL,Chile,59685288292.666664,1.1963168430531481,0.09496468475453473,71402515667.0,0.9050353152454653,83.377,16.623,29.624,28.946,-0.6560000000000024,0.9180000000000028
152,CHL,2015,58312769357,58607214922,-0.067,-0.531,139.0,2.64,CL,Chile,59685288292.666664,0.9770040662459981,0.10390372490995661,58312769357.0,0.8960962750900434,85.486,14.514,26.349,26.3,-3.2749999999999986,-2.646000000000001
152,CHL,2016,56392946596,55141347824,-0.147,-0.586,135.0,3.07,CL,Chile,59685288292.666664,0.9448383045328913,0.11503542179446748,56392946596.0,0.8849645782055325,86.524,13.476,24.647,25.283,-1.7020000000000017,-1.0169999999999995
152,CHL,2017,64350148925,60467800143,-0.063,-0.587,136.0,3.02,CL,Chile,59685288292.666664,1.0781576292211106,0.11476390437407974,64350148925.0,0.8852360956259202,87.167,12.833,26.065,26.062,1.4180000000000028,0.7789999999999999
152,CHL,2018,68881656244,68308160747,-0.079,-0.614,134.0,3.11,CL,Chile,59685288292.666664,1.15408098401467,0.13831820454228283,68881656244.0,0.8616817954577172,85.005,14.995,25.415,25.673,-0.6500000000000021,-0.3890000000000029
152,CHL,2019,64772210959,65666923103,-0.059,-0.562,137.0,3.22,CL,Chile,59685288292.666664,1.0852290876336161,0.14422793058985925,64772210959.0,0.8557720694101407,83.939,16.061,24.561,24.698,-0.8539999999999992,-0.9749999999999979
152,CHL,2020,72386652487,55267677745,-0.16,-0.761,112.0,2.64,CL,Chile,59685288292.666664,1.2128056101874256,0.19846127371314037,72386652487.0,0.8015387262868596,86.55,13.45,25.793,28.16,1.2319999999999993,3.4619999999999997
152,CHL,2021,86287171541,84651171881,-0.198,-0.797,113.0,2.64,CL,Chile,59685288292.666664,1.445702517476184,0.1782680378737604,86287171541.0,0.8217319621262396,86.292,13.708,29.148,29.237,3.3550000000000004,1.0769999999999982
152,CHL,2022,94437957506,92519064279,-0.163,-0.72,123.0,1.91,CL,Chile,59685288292.666664,1.5822652483962834,0.18433013314088548,94437957506.0,0.8156698668591145,80.592,19.408,26.655,29.924,-2.4929999999999986,0.6870000000000012
152,CHL,2023,90827978867,80260401834,-0.137,-0.809,122.0,1.878,CL,Chile,59685288292.666664,1.5217816896791254,0.18556327387421118,90827978867.0,0.8144367261257888,,,,,,
152,CHL,2024,93038322523,80781734647,-0.046,-0.851,116.0,1.924,CL,Chile,59685288292.666664,1.5588149975382009,0.17340753755520205,93038322523.0,0.826592462444798,,,,,,
156,CHN,2012,2065917763059,1413173586235,1.21,0.624,538.0,4.32,CN,China,2206283491609.0,0.9363791058203341,0.06890741287309415,2065917763059.0,0.9310925871269058,80.929,19.071,16.329,17.459,,
156,CHN,2013,2207136277619,1521271738964,1.209,0.625,537.0,4.34,CN,China,2206283491609.0,1.0003865260349558,0.07132888582605683,2207136277619.0,0.9286711141739432,80.97,19.03,16.072,16.89,-0.25700000000000145,-0.5689999999999991
156,CHN,2014,2327303135000,1527918058058,1.261,0.445,557.0,4.28,CN,China,2206283491609.0,1.0548522634789523,0.06604602148290023,2327303135000.0,0.9339539785170998,82.057,17.943,16.292,17.147,0.22000000000000242,0.2569999999999979
156,CHN,2015,2238668198404,1295361257925,1.285,0.547,535.0,4.41,CN,China,2206283491609.0,1.0146783978206637,0.06733611009688703,2238668198404.0,0.932663889903113,83.874,16.126,16.964,16.161,0.671999999999997,-0.9859999999999971
156,CHN,2016,2106488560708,1244195287373,1.294,0.773,518.0,4.92,CN,China,2206283491609.0,0.9547678567688409,0.06606303919758685,2106488560708.0,0.9339369608024132,83.67,16.33,16.671,14.582,-0.29299999999999926,-1.5790000000000006
156,CHN,2017,2273693715715,1445496094030,1.295,0.495,527.0,6.09,CN,China,2206283491609.0,1.0305537454104954,0.0641766939437832,2273693715715.0,0.9358233060562168,83.049,16.951,17.162,14.627,0.49099999999999966,0.04499999999999993
156,CHN,2018,2466133757274,1668792872409,1.311,0.401,540.0,5.96,CN,China,2206283491609.0,1.1177773693422763,0.0633910348075848,2466133757274.0,0.9366089651924152,82.629,17.371,17.7,14.099,0.5380000000000003,-0.5280000000000005
156,CHN,2019,2457739657934,1648773952239,1.301,0.439,543.0,6.18,CN,China,2206283491609.0,1.1139727361788931,0.05301901918627582,2457739657934.0,0.9469809808137242,83.259,16.741,18.008,13.931,0.30799999999999983,-0.16800000000000104
156,CHN,2020,2556050538558,1647487636505,1.341,0.546,524.0,5.82,CN,China,2206283491609.0,1.1585322322717113,0.0587408264485021,2556050538558.0,0.9412591735514979,84.067,15.933,18.014,14.148,0.006000000000000227,0.21700000000000053
156,CHN,2021,3200344367475,2117917657332,1.384,0.075,540.0,5.82,CN,China,2206283491609.0,1.4505589964511092,0.055447480591400505,3200344367475.0,0.9445525194085995,82.952,17.048,19.061,14.922,1.0470000000000006,0.7740000000000009
156,CHN,2022,3503332992913,2152209434216,1.361,-0.396,592.0,4.772,CN,China,2206283491609.0,1.5878888666107396,0.05001835283789165,3503332992913.0,0.9499816471621083,83.013,16.987,20.302,15.525,1.2409999999999997,0.6029999999999998
156,CHN,2023,3296169257973,2060651969577,1.348,-0.387,568.0,4.716,CN,China,2206283491609.0,1.493991715257393,0.04213175618232662,3296169257973.0,0.9578682438176733,,,,,,
156,CHN,2024,3459825341457,2090696825555,1.269,-0.656,561.0,4.527,CN,China,2206283491609.0,1.5681689840020587,0.04153252113462972,3459825341457.0,0.9584674788653703,,,,,,
384,CIV,2012,10251054432,9190182063,-1.277,-0.955,91.0,4.03,CI,Côte d'Ivoire,11047201468.0,0.9279322425406862,0.0467442156052613,10251054432.0,0.9532557843947387,85.119,14.881,15.497,29.698,,
384,CIV,2013,12342446808,10885265766,-1.097,-0.944,87.0,4.01,CI,Côte d'Ivoire,11047201468.0,1.117246466786352,0.05260993149737604,12342446808.0,0.947390068502624,88.571,11.429,16.07,25.017,0.5730000000000004,-4.681000000000001
384,CIV,2014,11267069502,10334978549,-1.051,-0.897,99.0,4.15,CI,Côte d'Ivoire,11047201468.0,1.0199026001867426,0.04285079756317075,11267069502.0,0.9571492024368292,90.393,9.607,15.396,22.951,-0.6739999999999995,-2.065999999999999
384,CIV,2015,11288067688,9549070849,-0.969,-0.847,96.0,4.81,CI,Côte d'Ivoire,11047201468.0,1.021803369903021,0.04366026870230072,11288067688.0,0.9563397312976993,90.92,9.08,16.45,20.954,1.0539999999999985,-1.9969999999999999
384,CIV,2016,10560621615,8242385686,-1.132,-0.85,101.0,3.68,CI,Côte d'Ivoire,11047201468.0,0.9559544691558801,0.04958562542442282,10560621615.0,0.9504143745755772,91.944,8.056,17.054,19.456,0.6039999999999992,-1.498000000000001
384,CIV,2017,11292915101,9201550029,-0.93,-0.881,91.0,3.1,CI,Côte d'Ivoire,11047201468.0,1.022242160941099,0.04778893355396935,11292915101.0,0.9522110664460306,89.705,10.295,21.917,20.651,4.863000000000003,1.1950000000000003
384,CIV,2018,11385261781,10446436759,-1.164,-0.837,95.0,3.08,CI,Côte d'Ivoire,11047201468.0,1.0306014436307012,0.05197472030243497,11385261781.0,0.948025279697565,87.585,12.415,20.93,19.0,-0.9870000000000019,-1.6509999999999998
384,CIV,2019,11600948637,9907511758,-1.157,-1.047,80.0,2.95,CI,Côte d'Ivoire,11047201468.0,1.0501255608132085,0.04359114430822024,11600948637.0,0.9564088556917798,88.235,11.765,22.126,19.224,1.1960000000000015,0.2240000000000002
384,CIV,2020,11341639016,10455559263,-1.132,-0.965,82.0,2.35,CI,Côte d'Ivoire,11047201468.0,1.0266526820256592,0.044527023633242825,11341639016.0,0.9554729763667572,89.724,10.276,22.31,16.883,0.1839999999999975,-2.341000000000001
384,CIV,2021,13811583731,14396204883,-1.268,-1.057,79.0,2.35,CI,Côte d'Ivoire,11047201468.0,1.2502337149374418,0.044219753208353654,13811583731.0,0.9557802467916463,89.088,10.912,22.168,18.694,-0.14199999999999946,1.811
384,CIV,2022,15184579718,17048675475,-1.298,-0.968,81.0,2.205,CI,Côte d'Ivoire,11047201468.0,1.3745182218306222,0.04460085981110962,15184579718.0,0.9553991401888904,83.785,16.215,22.306,20.027,0.13800000000000168,1.333000000000002
384,CIV,2023,17378639405,18199044719,-1.073,-1.007,79.0,2.21,CI,Côte d'Ivoire,11047201468.0,1.573125959125488,0.05309425204173568,17378639405.0,0.9469057479582643,,,,,,
384,CIV,2024,20374422857,16961138396,-0.96,-0.982,79.0,2.717,CI,Côte d'Ivoire,11047201468.0,1.8443062630855245,0.05695113074847968,20374422857.0,0.9430488692515203,,,,,,
120,CMR,2012,4720440764,6499134703,-1.098,-1.034,75.0,4.08,CM,Cameroon,3668924057.6666665,1.2866008371408126,0.07018450072437084,4720440764.0,0.9298154992756291,83.568,16.432,27.401,20.233,,
120,CMR,2013,4680994398,7530557541,-0.879,-1.084,62.0,3.3,CM,Cameroon,3668924057.6666665,1.2758493564941713,0.0906638511269834,4680994398.0,0.9093361488730166,84.862,15.138,32.072,20.149,4.671000000000003,-0.08399999999999963
120,CMR,2014,5249354665,8012722175,-0.691,-1.04,60.0,4.35,CM,Cameroon,3668924057.6666665,1.430761330159132,0.07592456821135339,5249354665.0,0.9240754317886466,83.963,16.037,29.953,19.539,-2.1190000000000033,-0.6099999999999994
120,CMR,2015,4080435479,6184179417,-0.729,-1.045,64.0,4.57,CM,Cameroon,3668924057.6666665,1.112161335275782,0.07355138442731293,4080435479.0,0.9264486155726871,86.205,13.795,28.537,18.656,-1.4160000000000004,-0.8830000000000027
120,CMR,2016,3316948343,5467992519,-1.046,-1.127,84.0,4.26,CM,Cameroon,3668924057.6666665,0.9040656854340797,0.06731761800506601,3316948343.0,0.932682381994934,88.89,11.11,27.496,17.562,-1.0410000000000004,-1.0939999999999976
120,CMR,2017,3609388351,5499749496,-0.9,-1.089,68.0,3.88,CM,Cameroon,3668924057.6666665,0.9837729792901384,0.06426943155883998,3609388351.0,0.93573056844116,89.268,10.732,29.219,17.089,1.7230000000000025,-0.47300000000000253
120,CMR,2018,4159903213,6224481612,-1.398,-1.183,68.0,3.11,CM,Cameroon,3668924057.6666665,1.1338210188099622,0.09087656118105523,4159903213.0,0.9091234388189448,89.352,10.648,29.251,16.591,0.03200000000000003,-0.49799999999999756
120,CMR,2019,4633483435,6624711959,-1.234,-1.204,63.0,3.55,CM,Cameroon,3668924057.6666665,1.262899793556034,0.07927430673864895,4633483435.0,0.920725693261351,87.935,12.065,30.074,16.441,0.8230000000000004,-0.15000000000000213
120,CMR,2020,3703285050,6893117283,-0.948,-1.154,69.0,3.17,CM,Cameroon,3668924057.6666665,1.0093654138906287,0.07674514525778668,3703285050.0,0.9232548547422134,92.488,7.512,29.109,14.355,-0.9649999999999999,-2.0859999999999985
120,CMR,2021,4816604553,8291573779,-1.048,-1.18,65.0,3.17,CM,Cameroon,3668924057.6666665,1.312811188592229,0.10982095684234291,4816604553.0,0.8901790431576571,90.496,9.504,28.453,15.806,-0.6560000000000024,1.4509999999999987
120,CMR,2022,6687109641,8628452281,-1.213,-1.132,58.0,3.009,CM,Cameroon,3668924057.6666665,1.8226350657290016,0.10032340458690521,6687109641.0,0.8996765954130947,92.242,7.758,36.569,18.654,8.116000000000003,2.8480000000000008
120,CMR,2023,5735996363,8931951304,-1.145,-1.125,66.0,2.465,CM,Cameroon,3668924057.6666665,1.5634001338931867,0.07993857607475661,5735996363.0,0.9200614239252434,,,,,,
120,CMR,2024,5584289457,8373012875,-1.593,-1.172,43.0,2.842,CM,Cameroon,3668924057.6666665,1.5220509798590522,0.10057652403288303,5584289457.0,0.8994234759671169,,,,,,
180,COD,2012,5752141866,5960091697,-1.852,-1.228,26.0,,CD,Democratic Republic of the Congo,5676795831.0,1.0132726342893201,0.29099555695864093,5752141866.0,0.7090044430413591,89.256,10.744,41.684,27.861,,
180,COD,2013,6160792717,6930208235,-1.881,-1.119,32.0,,CD,Democratic Republic of the Congo,5676795831.0,1.0852588150796223,0.20959783404926402,6160792717.0,0.790402165950736,85.854,14.146,42.078,32.348,0.39400000000000546,4.486999999999998
180,COD,2014,6824304063,6612107489,-2.316,-1.183,31.0,,CD,Democratic Republic of the Congo,5676795831.0,1.202140127311547,0.1803995602381968,6824304063.0,0.8196004397618032,87.332,12.668,46.2,33.246,4.122,0.8980000000000032
180,COD,2015,5647993912,6046753266,-1.731,-1.203,36.0,,CD,Democratic Republic of the Congo,5676795831.0,0.9949263775098767,0.17497634510635451,5647993912.0,0.8250236548936455,92.817,7.183,40.136,26.641,-6.064,-6.605000000000004
180,COD,2016,4768533565,4816188411,-1.692,-1.246,36.0,,CD,Democratic Republic of the Congo,5676795831.0,0.8400044156881358,0.15876900265353155,4768533565.0,0.8412309973464684,95.366,4.634,41.413,21.644,1.276999999999994,-4.997
180,COD,2017,6613860016,4859603257,-1.648,-1.179,37.0,2.05,CD,Democratic Republic of the Congo,5676795831.0,1.1650692068019877,0.18822260982702485,6613860016.0,0.8117773901729751,95.888,4.112,47.243,34.296,5.830000000000005,12.652000000000001
180,COD,2018,10556392273,7046827608,-2.06,-1.297,27.0,1.92,CD,Democratic Republic of the Congo,5676795831.0,1.8595687756380752,0.2157222297097236,10556392273.0,0.7842777702902763,96.876,3.124,55.898,33.689,8.655000000000001,-0.6069999999999993
180,COD,2019,8382023813,7273551214,-2.042,-1.193,29.0,2.5,CD,Democratic Republic of the Congo,5676795831.0,1.476541355816818,0.20748625133007556,8382023813.0,0.7925137486699244,96.519,3.481,52.537,31.211,-3.361000000000004,-2.4780000000000015
180,COD,2020,10566002324,6667618963,-2.125,-1.242,27.0,2.2,CD,Democratic Republic of the Congo,5676795831.0,1.8612616409948881,0.3077600630344526,10566002324.0,0.6922399369655474,97.936,2.064,54.12,24.781,1.5829999999999984,-6.43
180,COD,2021,16897335612,8995751383,-2.457,-1.276,22.0,2.2,CD,Democratic Republic of the Congo,5676795831.0,2.97656215143877,0.32245279742075617,16897335612.0,0.6775472025792438,87.28,12.72,51.273,35.417,-2.846999999999994,10.636000000000003
180,COD,2022,21512745632,13024047636,-2.521,-1.199,22.0,2.826,CD,Democratic Republic of the Congo,5676795831.0,3.7895929803433512,0.3968064443773911,21512745632.0,0.6031935556226089,80.843,19.157,42.101,38.146,-9.172000000000004,2.728999999999999
180,COD,2023,23003671275,13924558729,-2.45,-1.239,24.0,2.18,CD,Democratic Republic of the Congo,5676795831.0,4.052228045507808,0.3945132050670451,23003671275.0,0.6054867949329549,,,,,,
180,COD,2024,23900005025,11604102294,-3.125,-1.217,22.0,1.232,CD,Democratic Republic of the Congo,5676795831.0,4.210122353614729,0.5397747600458378,23900005025.0,0.4602252399541622,,,,,,
178,COG,2012,9374484328,6941475544,-1.093,-1.077,41.0,3.16,CG,Republic of the Congo,6725829586.0,1.39380342724015,0.1901303086149733,9374484328.0,0.8098696913850267,,,,,,
178,COG,2013,10106646776,7549203525,-1.515,-1.145,25.0,3.0,CG,Republic of the Congo,6725829586.0,1.5026617381203449,0.23181453198335097,10106646776.0,0.768185468016649,,,,,,
178,COG,2014,9854559807,8233924556,-1.25,-1.185,26.0,2.91,CG,Republic of the Congo,6725829586.0,1.4651813104977471,0.2150501307611391,9854559807.0,0.7849498692388609,,,,,,
178,COG,2015,7489950913,7090645472,-1.353,-1.184,34.0,3.43,CG,Republic of the Congo,6725829586.0,1.1136099743874777,0.10984885491075387,7489950913.0,0.8901511450892461,,,,,,
178,COG,2016,5699591048,7429817315,-1.024,-1.026,43.0,3.28,CG,Republic of the Congo,6725829586.0,0.8474182961554447,0.13940102812387695,5699591048.0,0.8605989718761231,,,,,,
178,COG,2017,6987946797,3402341189,-1.26,-1.132,29.0,2.69,CG,Republic of the Congo,6725829586.0,1.0389717294570775,0.22449223960470593,6987946797.0,0.775507760395294,,,,,,
178,COG,2018,11276426423,3061106154,-1.486,-1.211,19.0,3.02,CG,Republic of the Congo,6725829586.0,1.67658521210115,0.3776703744084975,11276426423.0,0.6223296255915025,,,,,,
178,COG,2019,8636837372,2785078679,-1.322,-1.126,30.0,4.08,CG,Republic of the Congo,6725829586.0,1.2841296767283275,0.34217423338585673,8636837372.0,0.6578257666141433,,,,,,
178,COG,2020,5896300165,2765901616,-1.681,-1.224,22.0,3.0,CG,Republic of the Congo,6725829586.0,0.8766651146311099,0.24733155203828436,5896300165.0,0.7526684479617156,,,,,,
178,COG,2021,8172378807,3293543140,-1.343,-1.201,35.0,3.0,CG,Republic of the Congo,6725829586.0,1.2150737247359096,0.2436654180813942,8172378807.0,0.7563345819186058,,,,,,
178,COG,2022,11187723254,4069332462,-1.95,-1.26,24.0,2.894,CG,Republic of the Congo,6725829586.0,1.6633967767020972,0.208963516744934,11187723254.0,0.791036483255066,,,,,,
178,COG,2023,9532298946,6061978457,-1.591,-1.193,26.0,2.221,CG,Republic of the Congo,6725829586.0,1.4172673904557058,0.24631719897625545,9532298946.0,0.7536828010237445,,,,,,
178,COG,2024,6847672815,4918220788,-2.53,-1.178,32.0,2.452,CG,Republic of the Congo,6725829586.0,1.0181157175396802,0.2624078045469375,6847672815.0,0.7375921954530624,,,,,,
184,COK,2012,41040401,138353645,-0.052,-0.788,33.0,,CK,Cook Islands,29870492.0,1.3739445938821497,0.2653981625359804,41040401.0,0.7346018374640195,,,,,,
184,COK,2013,21218561,168758382,0.394,-0.446,49.0,,CK,Cook Islands,29870492.0,0.7103519084988623,0.21698882258934998,21218561.0,0.7830111774106501,,,,,,
184,COK,2014,27255707,173396113,0.053,-0.757,29.0,,CK,Cook Islands,29870492.0,0.912462606909856,0.3019278030924084,27255707.0,0.6980721969075916,,,,,,
184,COK,2015,20348639,146790252,0.308,-0.672,34.0,,CK,Cook Islands,29870492.0,0.681228785920232,0.23630070113225884,20348639.0,0.7636992988677411,,,,,,
184,COK,2016,31112014,150657897,0.01,-0.823,30.0,,CK,Cook Islands,29870492.0,1.0415634934971945,0.16569421827456232,31112014.0,0.8343057817254377,,,,,,
184,COK,2017,38150823,154751090,0.227,-0.787,30.0,,CK,Cook Islands,29870492.0,1.2772077205825736,0.1795293229304055,38150823.0,0.8204706770695945,,,,,,
184,COK,2018,35236977,156894759,0.8,-0.608,32.0,,CK,Cook Islands,29870492.0,1.1796584066978206,0.23752553960691966,35236977.0,0.7624744603930803,,,,,,
184,COK,2019,26074731,210737297,0.496,-0.75,27.0,,CK,Cook Islands,29870492.0,0.8729260636215834,0.20830673260150778,26074731.0,0.7916932673984922,,,,,,
184,COK,2020,22806673,101688088,0.587,-0.767,26.0,,CK,Cook Islands,29870492.0,0.7635184917610329,0.28074342851221706,22806673.0,0.719256571487783,,,,,,
184,COK,2021,25515059,176513878,0.042,-0.805,30.0,,CK,Cook Islands,29870492.0,0.8541894455571739,0.2512660101631647,25515059.0,0.7487339898368353,,,,,,
184,COK,2022,21854830,180718269,0.16,-0.693,34.0,,CK,Cook Islands,29870492.0,0.7316528298228231,0.2738423922768322,21854830.0,0.7261576077231677,,,,,,
184,COK,2023,24464718,272986350,0.177,-0.769,36.0,,CK,Cook Islands,29870492.0,0.8190262818570246,0.1776371717538886,24464718.0,0.8223628282461114,,,,,,
184,COK,2024,28054459,313769250,0.45,-0.722,26.0,,CK,Cook Islands,29870492.0,0.9392031105480285,0.20333093432228455,28054459.0,0.7966690656777154,,,,,,
170,COL,2012,58179566348,52532740985,0.287,-0.436,127.0,3.17,CO,Colombia,36550946934.333336,1.5917389624001859,0.13810978478694352,58179566348.0,0.8618902152130565,91.711,8.289,26.597,17.3,,
170,COL,2013,56834977840,54178143374,0.295,-0.49,122.0,3.44,CO,Colombia,36550946934.333336,1.5549522681890713,0.12150016438249876,56834977840.0,0.8784998356175012,91.532,8.468,25.415,16.549,-1.1820000000000022,-0.7510000000000012
170,COL,2014,54833838364,57957491442,0.274,-0.398,124.0,3.02,CO,Colombia,36550946934.333336,1.5002029485723947,0.10589431014470876,54833838364.0,0.8941056898552913,88.409,11.591,25.08,14.792,-0.33500000000000085,-1.7569999999999997
170,COL,2015,37952611192,48500514149,0.269,-0.155,146.0,3.18,CO,Colombia,36550946934.333336,1.0383482337731185,0.11627540358709382,37952611192.0,0.8837245964129061,86.608,13.392,21.02,13.694,-4.059999999999999,-1.097999999999999
170,COL,2016,33008348754,41217050750,0.228,-0.092,157.0,3.75,CO,Colombia,36550946934.333336,0.9030778002359858,0.13903624663225822,33008348754.0,0.8609637533677418,86.839,13.161,19.414,12.899,-1.605999999999998,-0.7950000000000017
170,COL,2017,38691880857,43145288934,0.264,-0.145,145.0,2.76,CO,Colombia,36550946934.333336,1.0585739659908955,0.10726665470460822,38691880857.0,0.8927333452953918,87.658,12.342,21.375,13.335,1.9609999999999985,0.4360000000000017
170,COL,2018,42988664355,48056522533,0.195,-0.246,142.0,2.95,CO,Colombia,36550946934.333336,1.176129976392473,0.09901151307142089,42988664355.0,0.9009884869285791,87.855,12.145,22.845,13.844,1.4699999999999989,0.5089999999999986
170,COL,2019,39108510516,48607526814,0.14,-0.231,141.0,3.09,CO,Colombia,36550946934.333336,1.0699725669559679,0.12168183330749556,39108510516.0,0.8783181666925044,87.425,12.575,20.427,13.765,-2.4179999999999993,-0.07899999999999885
170,COL,2020,30690735248,40679008023,0.15,-0.096,158.0,2.74,CO,Colombia,36550946934.333336,0.8396700447498209,0.11379789765915956,30690735248.0,0.8862021023408404,87.936,12.064,22.025,12.028,1.597999999999999,-1.737
170,COL,2021,40981557748,58766454609,0.108,-0.031,157.0,2.74,CO,Colombia,36550946934.333336,1.1212174016073129,0.10079317542032502,40981557748.0,0.8992068245796749,86.278,13.722,21.528,14.226,-0.4969999999999999,2.1980000000000004
170,COL,2022,59567534846,68836116980,0.142,-0.281,137.0,2.184,CO,Colombia,36550946934.333336,1.6297124928943094,0.0963263664707043,59567534846.0,0.9036736335292956,85.126,14.874,22.491,17.701,0.963000000000001,3.4749999999999996
170,COL,2023,51453618906,57165289412,0.163,-0.086,155.0,2.257,CO,Colombia,36550946934.333336,1.4077232800135244,0.09758019959059924,51453618906.0,0.9024198004094007,,,,,,
170,COL,2024,51142391088,60009542744,0.233,0.03,162.0,2.424,CO,Colombia,36550946934.333336,1.3992083756374725,0.10997549383633158,51142391088.0,0.8900245061636685,,,,,,
174,COM,2012,49026929,239920771,-0.26,-0.906,28.0,,KM,Comoros,60357260.666666664,0.8122788950075059,0.11474485590477457,49026929.0,0.8852551440952254,,,,,,
174,COM,2013,46255065,239328514,-0.428,-0.797,39.0,,KM,Comoros,60357260.666666664,0.7663546106814147,0.0895813194650263,46255065.0,0.9104186805349737,,,,,,
174,COM,2014,51193162,250281589,-0.52,-0.804,43.0,,KM,Comoros,60357260.666666664,0.8481690758419774,0.09682743490717409,51193162.0,0.903172565092826,,,,,,
174,COM,2015,41237998,417350636,-0.663,-0.953,29.0,,KM,Comoros,60357260.666666664,0.6832317693764123,0.14160347710390442,41237998.0,0.8583965228960956,,,,,,
174,COM,2016,69941798,409632073,-0.709,-0.995,22.0,,KM,Comoros,60357260.666666664,1.1587967582933492,0.11150176743002857,69941798.0,0.8884982325699714,,,,,,
174,COM,2017,69891986,378490679,-0.55,-1.044,19.0,,KM,Comoros,60357260.666666664,1.1579714723302386,0.16348602887636296,69891986.0,0.836513971123637,,,,,,
174,COM,2018,82611189,371601549,-0.527,-0.925,21.0,,KM,Comoros,60357260.666666664,1.368703418404531,0.22417927359589807,82611189.0,0.7758207264041019,,,,,,
174,COM,2019,58007585,319628696,0.056,-0.789,31.0,,KM,Comoros,60357260.666666664,0.9610705383128113,0.16773806341218642,58007585.0,0.8322619365878136,,,,,,
174,COM,2020,50898707,286097753,-0.39,-0.861,23.0,,KM,Comoros,60357260.666666664,0.8432905409855634,0.1654538708263562,50898707.0,0.8345461291736438,,,,,,
174,COM,2021,48254480,367060332,0.198,-0.664,34.0,,KM,Comoros,60357260.666666664,0.7994809483898491,0.11366980810091107,48254480.0,0.8863301918990889,,,,,,
174,COM,2022,63829356,350390756,0.016,-0.795,29.0,,KM,Comoros,60357260.666666664,1.0575257275592505,0.11026433943648002,63829356.0,0.8897356605635199,,,,,,
174,COM,2023,82173869,460827406,-0.318,-0.955,17.0,2.067,KM,Comoros,60357260.666666664,1.3614578940853412,0.14756382212850638,82173869.0,0.8524361778714936,,,,,,
174,COM,2024,39930760,379361325,-0.335,-0.876,20.0,,KM,Comoros,60357260.666666664,0.6615734305856669,0.149973098253595,39930760.0,0.850026901746405,,,,,,
132,CPV,2012,86671054,730088537,-0.176,-0.845,43.0,,CV,Cabo Verde,79360196.66666667,1.0921224699585967,0.30777685631774243,86671054.0,0.6922231436822576,,,,,,
132,CPV,2013,114316162,761269676,-0.317,-1.061,32.0,,CV,Cabo Verde,79360196.66666667,1.4404722619344987,0.2876380409906026,114316162.0,0.7123619590093975,,,,,,
132,CPV,2014,83625964,718443062,-0.238,-0.917,45.0,,CV,Cabo Verde,79360196.66666667,1.053751975329026,0.34656423518000845,83625964.0,0.6534357648199915,,,,,,
132,CPV,2015,74890069,568784548,-0.156,-0.86,45.0,,CV,Cabo Verde,79360196.66666667,0.9436729260457561,0.39042613527479264,74890069.0,0.6095738647252074,,,,,,
132,CPV,2016,81561695,773959494,0.269,-0.585,49.0,,CV,Cabo Verde,79360196.66666667,1.0277405856563107,0.345082541661088,81561695.0,0.654917458338912,,,,,,
132,CPV,2017,81628826,757904252,-0.054,-0.729,50.0,,CV,Cabo Verde,79360196.66666667,1.028586488297933,0.28993973389579497,81628826.0,0.710060266104205,,,,,,
132,CPV,2018,101093913,817479619,0.085,-0.929,36.0,,CV,Cabo Verde,79360196.66666667,1.2738616743179274,0.42550971857382647,101093913.0,0.5744902814261735,,,,,,
132,CPV,2019,118566828,920169486,0.242,-0.763,49.0,,CV,Cabo Verde,79360196.66666667,1.4940339487565952,0.39780861523779076,118566828.0,0.6021913847622092,,,,,,
132,CPV,2020,78040393,826745196,-0.005,-0.774,45.0,,CV,Cabo Verde,79360196.66666667,0.9833694506553432,0.46932000402748153,78040393.0,0.5306799959725185,,,,,,
132,CPV,2021,119818132,911946990,0.108,-0.664,49.0,,CV,Cabo Verde,79360196.66666667,1.5098013491986053,0.30518881541663184,119818132.0,0.6948111845833682,,,,,,
132,CPV,2022,102543993,1029383911,0.174,-0.606,68.0,,CV,Cabo Verde,79360196.66666667,1.2921338064560408,0.20248272517421453,102543993.0,0.7975172748257855,,,,,,
132,CPV,2023,102455499,1016768729,0.232,-0.544,58.0,3.879,CV,Cabo Verde,79360196.66666667,1.291018713453289,0.26115945702836507,102455499.0,0.7388405429716349,,,,,,
132,CPV,2024,82445296,1035675179,0.273,-0.819,40.0,,CV,Cabo Verde,79360196.66666667,1.0388746432458018,0.3863295737225137,82445296.0,0.6136704262774864,,,,,,
188,CRI,2012,28000176547,15187422128,0.29,0.118,173.0,3.28,CR,Costa Rica,11926742096.0,2.347680223285009,0.16737970474611047,28000176547.0,0.8326202952538895,80.361,19.639,10.851,25.811,,
188,CRI,2013,27591665542,15392186819,0.334,0.016,158.0,3.19,CR,Costa Rica,11926742096.0,2.313428538984985,0.1628312638243636,27591665542.0,0.8371687361756364,81.509,18.491,10.565,25.174,-0.28600000000000136,-0.6370000000000005
188,CRI,2014,23917641376,14965608706,0.318,-0.004,155.0,2.91,CR,Costa Rica,11926742096.0,2.0053792715130077,0.1438293569028116,23917641376.0,0.8561706430971884,81.72,18.28,10.518,25.812,-0.04699999999999882,0.6380000000000017
188,CRI,2015,11396838689,13572264524,0.248,0.086,165.0,3.54,CR,Costa Rica,11926742096.0,0.9555701462532908,0.12843626355761054,11396838689.0,0.8715637364423895,84.038,15.962,10.649,25.417,0.13099999999999845,-0.3949999999999996
188,CRI,2016,11259148410,13808504222,0.227,-0.051,156.0,4.05,CR,Costa Rica,11926742096.0,0.9440254781543488,0.12552323855164912,11259148410.0,0.8744767614483508,84.192,15.808,10.444,26.448,-0.2049999999999983,1.0309999999999988
188,CRI,2017,13124239189,14126175220,0.205,-0.091,157.0,3.37,CR,Costa Rica,11926742096.0,1.1004043755923605,0.1523396894212872,13124239189.0,0.8476603105787128,83.181,16.819,10.131,27.149,-0.3130000000000006,0.7010000000000005
188,CRI,2018,12483125088,15042613784,0.229,0.007,160.0,3.45,CR,Costa Rica,11926742096.0,1.0466500396773566,0.12837930218653976,12483125088.0,0.8716206978134602,82.011,17.989,10.702,27.613,0.5709999999999997,0.46399999999999864
188,CRI,2019,12784832914,13984622097,0.257,0.036,163.0,3.67,CR,Costa Rica,11926742096.0,1.0719467907575353,0.13451267106743853,12784832914.0,0.8654873289325615,82.952,17.048,10.927,28.34,0.22499999999999964,0.7270000000000003
188,CRI,2020,13052345562,13290204844,0.166,-0.038,155.0,3.13,CR,Costa Rica,11926742096.0,1.0943764405182792,0.14070287763728184,13052345562.0,0.8592971223627182,83.416,16.584,12.145,26.89,1.218,-1.4499999999999993
188,CRI,2021,16682024462,17304538411,0.178,0.093,162.0,3.13,CR,Costa Rica,11926742096.0,1.398707570577453,0.13670972871215853,16682024462.0,0.8632902712878414,80.737,19.263,11.135,29.658,-1.0099999999999998,2.7680000000000007
188,CRI,2022,19249601230,20017554000,0.157,-0.064,151.0,2.163,CR,Costa Rica,11926742096.0,1.6139865417611359,0.16332522956296405,19249601230.0,0.836674770437036,79.076,20.924,12.255,32.42,1.120000000000001,2.7620000000000005
188,CRI,2023,22799143404,21132226096,0.231,-0.049,155.0,2.019,CR,Costa Rica,11926742096.0,1.9115985925147483,0.16648383780106768,22799143404.0,0.8335161621989323,,,,,,
188,CRI,2024,25656071667,22933751034,0.333,-0.017,156.0,2.106,CR,Costa Rica,11926742096.0,2.1511382958137877,0.16919244301487293,25656071667.0,0.8308075569851271,,,,,,
192,CUB,2012,2589302396,6677131380,-0.118,-0.861,74.0,1.78,CU,Cuba,1878097941.6666667,1.3786833681858968,0.1013286860720637,2589302396.0,0.8986713139279363,,,,,,
192,CUB,2013,2487603670,7292648494,-0.227,-0.946,65.0,1.15,CU,Cuba,1878097941.6666667,1.324533515963733,0.08444609859452164,2487603670.0,0.9155539014054783,,,,,,
192,CUB,2014,1881977516,6260818640,-0.801,-1.029,59.0,0.95,CU,Cuba,1878097941.6666667,1.0020656932991954,0.08552028168044505,1881977516.0,0.914479718319555,,,,,,
192,CUB,2015,1558833108,7185478880,-0.832,-1.188,52.0,,CU,Cuba,1878097941.6666667,0.8300062916935291,0.09170911934867973,1558833108.0,0.9082908806513202,,,,,,
192,CUB,2016,1896165119,8313558632,-0.323,-0.905,61.0,2.38,CU,Cuba,1878097941.6666667,1.0096199335149156,0.08737789611107655,1896165119.0,0.9126221038889235,,,,,,
192,CUB,2017,2179295598,8472716061,-0.574,-1.055,55.0,1.65,CU,Cuba,1878097941.6666667,1.1603737747915552,0.09141340827783462,2179295598.0,0.9085865917221654,,,,,,
192,CUB,2018,2123280532,9241763044,-0.893,-1.075,59.0,1.79,CU,Cuba,1878097941.6666667,1.1305483515496282,0.14938853652932235,2123280532.0,0.8506114634706776,,,,,,
192,CUB,2019,1836140982,7730642285,-0.552,-1.112,50.0,2.24,CU,Cuba,1878097941.6666667,0.9776598660081416,0.1322675137432978,1836140982.0,0.8677324862567022,,,,,,
192,CUB,2020,1654407776,5098778229,-1.035,-1.204,43.0,1.37,CU,Cuba,1878097941.6666667,0.8808953672202212,0.13794319864870136,1654407776.0,0.8620568013512986,,,,,,
192,CUB,2021,1846259296,5675515135,-0.776,-1.142,41.0,1.38,CU,Cuba,1878097941.6666667,0.9830473986684569,0.14304101985642254,1846259296.0,0.8569589801435775,,,,,,
192,CUB,2022,1614576277,4470202414,-0.731,-1.023,48.0,0.984,CU,Cuba,1878097941.6666667,0.8596869424004524,0.19373802052434835,1614576277.0,0.8062619794756516,,,,,,
192,CUB,2023,1342505681,4205000331,-1.34,-1.186,48.0,0.285,CU,Cuba,1878097941.6666667,0.7148219755827164,0.17918704405154504,1342505681.0,0.8208129559484549,,,,,,
192,CUB,2024,1145992437,4002444018,-1.047,-1.172,43.0,0.899,CU,Cuba,1878097941.6666667,0.610187792433775,0.15178888649851413,1145992437.0,0.8482111135014858,,,,,,
531,CUW,2012,3520215735,4776849176,0.202,-0.745,33.0,,CW,Curaçao,1264481658.0,2.78391996651643,0.11954111989323092,3520215735.0,0.8804588801067691,,,,,,
531,CUW,2013,3320175757,2997019642,0.275,-0.795,27.0,,CW,Curaçao,1264481658.0,2.6257207734048444,0.11521633269854736,3320175757.0,0.8847836673014526,,,,,,
531,CUW,2014,2219821273,2937356276,0.358,-0.807,34.0,,CW,Curaçao,1264481658.0,1.7555187605576166,0.14097181893662553,2219821273.0,0.8590281810633744,,,,,,
531,CUW,2015,1362638580,2313333274,0.44,-0.594,45.0,,CW,Curaçao,1264481658.0,1.0776262125899496,0.14595540601759038,1362638580.0,0.8540445939824096,,,,,,
531,CUW,2016,1345836715,1768184652,0.325,-0.713,44.0,,CW,Curaçao,1264481658.0,1.064338661209746,0.16053793612723755,1345836715.0,0.8394620638727625,,,,,,
531,CUW,2017,1084969679,1749660196,0.559,-0.192,88.0,,CW,Curaçao,1264481658.0,0.8580351262003043,0.14702003112009512,1084969679.0,0.8529799688799049,,,,,,
531,CUW,2018,565613846,2410666481,0.648,0.257,113.0,,CW,Curaçao,1264481658.0,0.44730885768214124,0.09108824107050857,565613846.0,0.9089117589294914,,,,,,
531,CUW,2019,363891753,1300253076,0.745,0.869,171.0,,CW,Curaçao,1264481658.0,0.28777938430167405,0.11141330089108976,363891753.0,0.8885866991089102,,,,,,
531,CUW,2020,162473971,1038466079,0.53,0.819,167.0,,CW,Curaçao,1264481658.0,0.12849057158882093,0.09569563424458453,162473971.0,0.9043043657554155,,,,,,
531,CUW,2021,269510066,1137396555,0.311,-0.374,83.0,,CW,Curaçao,1264481658.0,0.21313877057440084,0.08148966495455798,269510066.0,0.918510335045442,,,,,,
531,CUW,2022,317752398,1381618532,0.902,1.015,165.0,,CW,Curaçao,1264481658.0,0.251290634379451,0.1519660471810347,317752398.0,0.8480339528189653,,,,,,
531,CUW,2023,316368092,1292097323,0.991,0.992,168.0,3.487,CW,Curaçao,1264481658.0,0.2501958727502554,0.34346523077140173,316368092.0,0.6565347692285983,,,,,,
531,CUW,2024,286995732,1699999747,0.889,0.992,184.0,,CW,Curaçao,1264481658.0,0.22696709769118692,0.47071310875511824,286995732.0,0.5292868912448818,,,,,,
162,CXR,2012,32036987,58707947,1.152,-0.697,20.0,,CX,Christmas Island,22147313.666666668,1.4465405367973823,0.3242132000706188,32036987.0,0.6757867999293812,,,,,,
162,CXR,2013,25251585,55509428,0.99,-0.549,29.0,,CX,Christmas Island,22147313.666666668,1.140164689047841,0.44015951304266887,25251585.0,0.5598404869573311,,,,,,
162,CXR,2014,30610860,44497547,1.032,-0.555,30.0,,CX,Christmas Island,22147313.666666668,1.382147761155864,0.25454561049783214,30610860.0,0.7454543895021679,,,,,,
162,CXR,2015,29755893,25753421,0.71,-0.797,18.0,,CX,Christmas Island,22147313.666666668,1.3435441177132377,0.34829268235487565,29755893.0,0.6517073176451244,,,,,,
162,CXR,2016,19436912,33385729,1.112,-0.551,33.0,,CX,Christmas Island,22147313.666666668,0.877619394051116,0.3192684952444237,19436912.0,0.6807315047555763,,,,,,
162,CXR,2017,17249136,31833083,0.669,-0.404,52.0,,CX,Christmas Island,22147313.666666668,0.7788364882356462,0.4463776509157012,17249136.0,0.5536223490842989,,,,,,
162,CXR,2018,17845506,31496025,0.778,-0.737,18.0,,CX,Christmas Island,22147313.666666668,0.8057639074692293,0.2730251026193882,17845506.0,0.7269748973806118,,,,,,
162,CXR,2019,14780066,26605272,1.29,-0.429,34.0,,CX,Christmas Island,22147313.666666668,0.6673525386622886,0.20589035761575294,14780066.0,0.7941096423842471,,,,,,
162,CXR,2020,12706463,24493841,1.465,-0.325,38.0,,CX,Christmas Island,22147313.666666668,0.5737247953066271,0.23995225703288312,12706463.0,0.7600477429671169,,,,,,
162,CXR,2021,11497052,36011317,1.473,-0.323,43.0,,CX,Christmas Island,22147313.666666668,0.5191172244651913,0.14170182390006134,11497052.0,0.8582981760999386,,,,,,
162,CXR,2022,13678645,50210205,1.257,-0.121,49.0,,CX,Christmas Island,22147313.666666668,0.6176209542102329,0.1449305654778538,13678645.0,0.8550694345221462,,,,,,
162,CXR,2023,9529268,88445371,1.454,-0.123,55.0,,CX,Christmas Island,22147313.666666668,0.4302674420664501,0.22202334898740012,9529268.0,0.7779766510125998,,,,,,
162,CXR,2024,10562709,48315388,1.153,-0.114,54.0,,CX,Christmas Island,22147313.666666668,0.47692957976649114,0.20053777192036304,10562709.0,0.799462228079637,,,,,,
136,CYM,2012,503278998,2095171459,0.498,-0.735,14.0,,KY,Cayman Islands,1389682617.3333333,0.36215391321922397,0.17787577144535577,503278998.0,0.8221242285546442,,,,,,
136,CYM,2013,694267592,2299497134,0.368,-0.846,14.0,,KY,Cayman Islands,1389682617.3333333,0.4995871599316918,0.2116805927325329,694267592.0,0.7883194072674671,,,,,,
136,CYM,2014,330465718,2694436369,0.763,-0.748,18.0,,KY,Cayman Islands,1389682617.3333333,0.2377994182830982,0.34821075215787567,330465718.0,0.6517892478421243,,,,,,
136,CYM,2015,582792095,2682894065,0.387,-0.917,9.0,,KY,Cayman Islands,1389682617.3333333,0.419370644585252,0.1683722975730607,582792095.0,0.8316277024269393,,,,,,
136,CYM,2016,1747936319,4632573167,0.704,-0.876,10.0,,KY,Cayman Islands,1389682617.3333333,1.257795339164651,0.27013524407496475,1747936319.0,0.7298647559250353,,,,,,
136,CYM,2017,1838319438,5815890071,0.529,-0.972,5.0,,KY,Cayman Islands,1389682617.3333333,1.3228340162500971,0.52929400149233,1838319438.0,0.47070599850767003,,,,,,
136,CYM,2018,836267848,5117814239,0.31,-0.99,12.0,,KY,Cayman Islands,1389682617.3333333,0.601768948945132,0.33321215237594715,836267848.0,0.6667878476240529,,,,,,
136,CYM,2019,1228797795,4484665528,0.291,-0.964,7.0,,KY,Cayman Islands,1389682617.3333333,0.8842290891987584,0.625812781773546,1228797795.0,0.37418721822645395,,,,,,
136,CYM,2020,1591113225,4001326914,0.091,-0.88,9.0,,KY,Cayman Islands,1389682617.3333333,1.1449472024433842,0.4524729115063344,1591113225.0,0.5475270884936656,,,,,,
136,CYM,2021,1967720530,6240821175,0.257,-0.864,6.0,,KY,Cayman Islands,1389682617.3333333,1.4159495883857751,0.6263802097748918,1967720530.0,0.37361979022510816,,,,,,
136,CYM,2022,1897961729,4653186392,-0.12,-0.95,18.0,,KY,Cayman Islands,1389682617.3333333,1.3657519388434212,0.48179239672597785,1897961729.0,0.5182076032740222,,,,,,
136,CYM,2023,1846207956,6913279585,0.062,-0.962,6.0,0.785,KY,Cayman Islands,1389682617.3333333,1.32851050518477,0.4152800673105877,1846207956.0,0.5847199326894124,,,,,,
136,CYM,2024,1880196167,6970845891,0.278,-0.828,8.0,,KY,Cayman Islands,1389682617.3333333,1.3529680400032023,0.597947902489667,1880196167.0,0.402052097510333,,,,,,
196,CYP,2012,4287656912,14183408756,0.641,0.176,156.0,,CY,Cyprus,3376315672.6666665,1.2699218105437227,0.08930321826908681,4287656912.0,0.9106967817309132,74.51,25.49,15.419,33.827,,
196,CYP,2013,4328853194,13538771420,0.566,0.249,173.0,,CY,Cyprus,3376315672.6666665,1.2821233598045068,0.08644100862843344,4328853194.0,0.9135589913715666,71.538,28.462,13.723,37.459,-1.6959999999999997,3.632000000000005
196,CYP,2014,3615488686,12343382421,0.593,0.323,184.0,,CY,Cyprus,3376315672.6666665,1.070838463141816,0.0441950370284456,3615488686.0,0.9558049629715544,69.261,30.739,13.708,40.385,-0.015000000000000568,2.925999999999995
196,CYP,2015,3842202054,9757526523,0.596,-0.229,141.0,,CY,Cyprus,3376315672.6666665,1.1379866181071183,0.038113546631633174,3842202054.0,0.9618864533683669,63.638,36.362,14.872,39.823,1.1639999999999997,-0.5619999999999976
196,CYP,2016,3002169239,9342623263,0.615,0.062,175.0,,CY,Cyprus,3376315672.6666665,0.8891849963273251,0.04032035047482315,3002169239.0,0.9596796495251768,61.745,38.255,13.057,39.976,-1.8149999999999995,0.1529999999999987
196,CYP,2017,3284575725,11427263530,0.582,0.271,182.0,3.54,CY,Cyprus,3376315672.6666665,0.9728283855655567,0.04109077302415889,3284575725.0,0.9589092269758411,59.896,40.104,13.017,41.105,-0.040000000000000924,1.1289999999999978
196,CYP,2018,4555628367,14075963385,0.495,-0.237,130.0,3.02,CY,Cyprus,3376315672.6666665,1.349289820226405,0.05640770782127013,4555628367.0,0.9435922921787299,60.828,39.172,13.695,40.592,0.6780000000000008,-0.5129999999999981
196,CYP,2019,3600973550,12293313126,0.597,-0.147,137.0,3.41,CY,Cyprus,3376315672.6666665,1.066539358020364,0.042365445488894135,3600973550.0,0.9576345545111059,56.259,43.741,13.757,40.389,0.06199999999999939,-0.20299999999999585
196,CYP,2020,3300991069,10878691821,0.504,-0.246,120.0,2.98,CY,Cyprus,3376315672.6666665,0.9776902958818499,0.03659814246344542,3300991069.0,0.9634018575365546,50.759,49.241,13.595,40.063,-0.16199999999999903,-0.3260000000000005
196,CYP,2021,4108456099,12623385697,0.472,-0.097,138.0,2.98,CY,Cyprus,3376315672.6666665,1.2168459638594982,0.04137703264884735,4108456099.0,0.9586229673511526,52.551,47.449,13.566,43.571,-0.028999999999999915,3.5079999999999956
196,CYP,2022,4160141728,15178242143,0.335,-0.254,124.0,2.731,CY,Cyprus,3376315672.6666665,1.2321542566884025,0.04493468398222367,4160141728.0,0.9550653160177763,51.128,48.872,14.452,44.916,0.8859999999999992,1.3449999999999989
196,CYP,2023,4799613463,15568218978,0.423,-0.263,120.0,2.579,CY,Cyprus,3376315672.6666665,1.42155353003743,0.06486324093959493,4799613463.0,0.935136759060405,,,,,,
196,CYP,2024,4698377075,15489512442,0.477,-0.26,120.0,2.702,CY,Cyprus,3376315672.6666665,1.3915692519619023,0.06421511262087182,4698377075.0,0.9357848873791281,,,,,,
203,CZE,2012,137597140632,126665080750,1.483,0.297,380.0,2.95,CZ,Czechia,146170273506.66666,0.9413483147496768,0.11592151521225429,137597140632.0,0.8840784847877458,57.732,42.268,18.167,41.588,,
203,CZE,2013,145203820124,131130917077,1.493,0.234,382.0,3.04,CZ,Czechia,146170273506.66666,0.9933881673784883,0.11485343199311007,145203820124.0,0.88514656800689,58.907,41.093,18.771,41.92,0.6039999999999992,0.33200000000000074
203,CZE,2014,155047484707,141017661355,1.498,0.419,373.0,3.11,CZ,Czechia,146170273506.66666,1.0607319873416565,0.12149544094563786,155047484707.0,0.8785045590543621,58.335,41.665,18.445,43.681,-0.3260000000000005,1.7609999999999957
203,CZE,2015,138287514841,129114781868,1.493,0.656,357.0,2.79,CZ,Czechia,146170273506.66666,0.946071396895162,0.1211255383460218,138287514841.0,0.8788744616539782,59.408,40.592,19.394,43.736,0.9489999999999981,0.054999999999999716
203,CZE,2016,143639829733,130139018553,1.502,0.747,352.0,3.69,CZ,Czechia,146170273506.66666,0.9826883831235956,0.12727161979581453,143639829733.0,0.8727283802041854,60.198,39.802,19.075,43.994,-0.31899999999999906,0.25800000000000267
203,CZE,2017,156583475946,146228270253,1.467,0.591,358.0,2.34,CZ,Czechia,146170273506.66666,1.0712402199812427,0.11853746071170539,156583475946.0,0.8814625392882947,59.745,40.255,19.046,43.812,-0.028999999999999915,-0.18200000000000216
203,CZE,2018,176446054714,167799066625,1.485,0.528,357.0,2.19,CZ,Czechia,146170273506.66666,1.2071268013735537,0.12364773520828029,176446054714.0,0.8763522647917197,59.142,40.858,19.415,42.154,0.3689999999999998,-1.6579999999999941
203,CZE,2019,171536324170,163352524645,1.478,0.688,341.0,2.44,CZ,Czechia,146170273506.66666,1.1735376835165903,0.11836170486708833,171536324170.0,0.8816382951329117,60.55,39.45,19.623,41.195,0.20800000000000196,-0.9590000000000032
203,CZE,2020,161423174273,154883192949,1.45,0.932,324.0,2.28,CZ,Czechia,146170273506.66666,1.1043502238889749,0.11705748155412499,161423174273.0,0.882942518445875,60.83,39.17,19.408,39.151,-0.21499999999999986,-2.043999999999997
203,CZE,2021,190730869097,194399117568,1.463,0.732,350.0,2.28,CZ,Czechia,146170273506.66666,1.3048540207342567,0.11612662713664189,190730869097.0,0.8838733728633581,59.651,40.349,19.963,39.224,0.5549999999999997,0.07299999999999329
203,CZE,2022,202320530863,213248976852,1.461,0.554,366.0,1.33,CZ,Czechia,146170273506.66666,1.3841427946276121,0.11582336902635013,202320530863.0,0.8841766309736498,58.517,41.483,20.116,40.196,0.1529999999999987,0.9720000000000013
203,CZE,2023,214621299403,207317600877,1.434,0.549,338.0,1.131,CZ,Czechia,146170273506.66666,1.4682964891162456,0.11686525370569144,214621299403.0,0.8831347462943085,,,,,,
203,CZE,2024,215368938169,207725047875,1.322,0.708,327.0,1.312,CZ,Czechia,146170273506.66666,1.4734113373549738,0.10439646637279468,215368938169.0,0.8956035336272054,,,,,,
276,DEU,2012,1320471269958,1029617220391,1.506,-2.421,537.0,-0.37,DE,Germany,1280748605683.6667,1.031015192285241,0.04217357558330059,1320471269958.0,0.9578264244166994,74.858,25.142,20.702,30.748,,
276,DEU,2013,1364205304384,1050725746713,1.537,-2.347,536.0,-0.11,DE,Germany,1280748605683.6667,1.0651624357270206,0.04184828109297689,1364205304384.0,0.9581517189070231,75.587,24.413,21.005,30.256,0.30299999999999727,-0.4920000000000009
276,DEU,2014,1406331938747,1089957128507,1.545,-2.143,520.0,0.35,DE,Germany,1280748605683.6667,1.0980546318817161,0.042672883042391835,1406331938747.0,0.9573271169576082,76.537,23.463,20.996,30.61,-0.009000000000000341,0.3539999999999992
276,DEU,2015,1247205666917,944543135647,1.586,-1.34,483.0,1.46,DE,Germany,1280748605683.6667,0.9738098963232824,0.04416791000871313,1247205666917.0,0.9558320899912869,76.862,23.138,21.43,31.616,0.43400000000000105,1.0060000000000002
276,DEU,2016,1251888012953,958923162012,1.592,-1.305,490.0,2.38,DE,Germany,1280748605683.6667,0.9774658409912842,0.04288215886014838,1251888012953.0,0.9571178411398517,78.026,21.974,21.802,31.158,0.3719999999999999,-0.4579999999999984
276,DEU,2017,1343152137181,1014830175927,1.538,-1.455,496.0,2.02,DE,Germany,1280748605683.6667,1.0487242626854332,0.04246054389118368,1343152137181.0,0.9575394561088163,77.315,22.685,22.055,31.39,0.2530000000000001,0.23199999999999932
276,DEU,2018,1454998053865,1155991601630,1.543,-1.202,493.0,1.83,DE,Germany,1280748605683.6667,1.1360528111512707,0.04237691079995922,1454998053865.0,0.9576230892000408,76.679,23.321,22.666,31.115,0.6110000000000007,-0.27500000000000213
276,DEU,2019,1386212970403,1107828067831,1.544,-1.293,502.0,2.24,DE,Germany,1280748605683.6667,1.0823458751009423,0.04299447990569619,1386212970403.0,0.9570055200943038,76.75,23.25,22.696,31.069,0.030000000000001137,-0.045999999999999375
276,DEU,2020,1308995703852,1053181665274,1.508,-0.974,485.0,1.97,DE,Germany,1280748605683.6667,1.0220551465314731,0.044035341831342195,1308995703852.0,0.9559646581686578,78.899,21.101,23.154,29.02,0.4579999999999984,-2.0489999999999995
276,DEU,2021,1553187970841,1260399226757,1.519,-1.356,502.0,1.97,DE,Germany,1280748605683.6667,1.2127188457971456,0.044036932035377806,1553187970841.0,0.9559630679646222,76.498,23.502,23.386,30.316,0.23199999999999932,1.2959999999999994
276,DEU,2022,1570085421832,1387186702956,1.52,-1.706,509.0,0.731,DE,Germany,1280748605683.6667,1.2259122632375496,0.04435808599859444,1570085421832.0,0.9556419140014055,74.125,25.875,23.573,31.743,0.18700000000000117,1.4269999999999996
276,DEU,2023,1569197169313,1333874110538,1.499,-1.633,484.0,1.095,DE,Germany,1280748605683.6667,1.225218721573668,0.043811411513302305,1569197169313.0,0.9561885884866977,,,,,,
276,DEU,2024,1502373655040,1243695345086,1.355,-1.682,498.0,1.187,DE,Germany,1280748605683.6667,1.173043365710345,0.04385781415968653,1502373655040.0,0.9561421858403135,,,,,,
262,DJI,2012,107220947,3258081391,-0.792,-0.784,62.0,,DJ,Djibouti,109731880.33333333,0.9771175584916084,0.16795602573855767,107220947.0,0.8320439742614423,,,,,,
262,DJI,2013,111947625,3261793102,-0.44,-0.71,70.0,,DJ,Djibouti,109731880.33333333,1.0201923512103857,0.1360657744019199,111947625.0,0.8639342255980801,,,,,,
262,DJI,2014,128882185,3281172905,-0.706,-0.846,54.0,,DJ,Djibouti,109731880.33333333,1.1745190605364062,0.23855261804421715,128882185.0,0.7614473819557829,,,,,,
262,DJI,2015,110973394,4206132194,-0.586,-0.785,66.0,,DJ,Djibouti,109731880.33333333,1.0113140653645534,0.16636835511042927,110973394.0,0.8336316448895708,,,,,,
262,DJI,2016,91173017,4419391435,-0.179,-0.528,77.0,,DJ,Djibouti,109731880.33333333,0.8308708164212903,0.14618807739610204,91173017.0,0.8538119226038979,,,,,,
262,DJI,2017,127049230,4802051024,-0.639,-0.683,71.0,,DJ,Djibouti,109731880.33333333,1.1578151182141565,0.1805311150024664,127049230.0,0.8194688849975336,,,,,,
262,DJI,2018,154704849,5733690022,-0.583,-0.668,64.0,,DJ,Djibouti,109731880.33333333,1.409844144929003,0.17187456152066885,154704849.0,0.8281254384793312,,,,,,
262,DJI,2019,162037325,5352611547,-0.687,-0.902,53.0,,DJ,Djibouti,109731880.33333333,1.4766658924259572,0.155164457642218,162037325.0,0.844835542357782,,,,,,
262,DJI,2020,211986105,5492739281,-0.979,-0.888,45.0,,DJ,Djibouti,109731880.33333333,1.9318552125056845,0.14900244459540096,211986105.0,0.850997555404599,,,,,,
262,DJI,2021,1331467616,6542631423,0.128,0.178,140.0,,DJ,Djibouti,109731880.33333333,12.13382666874377,0.5754698502115846,1331467616.0,0.4245301497884154,,,,,,
262,DJI,2022,1791500907,8836996605,0.386,0.795,180.0,,DJ,Djibouti,109731880.33333333,16.32616612016439,0.6104553094130639,1791500907.0,0.3895446905869361,,,,,,
262,DJI,2023,1803480508,9259039585,0.341,0.444,155.0,4.021,DJ,Djibouti,109731880.33333333,16.435337684194913,0.5195263615848655,1803480508.0,0.48047363841513446,,,,,,
262,DJI,2024,193852857,6922554303,-0.734,-0.701,48.0,,DJ,Djibouti,109731880.33333333,1.7666047133351928,0.23700319236391076,193852857.0,0.7629968076360892,,,,,,
212,DMA,2012,77917385,304657277,0.198,0.129,128.0,,DM,Dominica,63371665.0,1.2295303429379676,0.07962059045615863,77917385.0,0.9203794095438413,,,,,,
212,DMA,2013,67112005,275517576,0.232,0.132,128.0,,DM,Dominica,63371665.0,1.059022277543126,0.05527037496630779,67112005.0,0.9447296250336922,,,,,,
212,DMA,2014,82103037,261231491,0.199,-0.161,105.0,,DM,Dominica,63371665.0,1.2955796095936567,0.15533681578812567,82103037.0,0.8446631842118744,,,,,,
212,DMA,2015,81128754,228190756,0.061,-0.187,105.0,,DM,Dominica,63371665.0,1.2802054987824605,0.24407360479030243,81128754.0,0.7559263952096975,,,,,,
212,DMA,2016,50366366,220541428,0.089,-0.062,106.0,,DM,Dominica,63371665.0,0.7947773819734735,0.13321549647071468,50366366.0,0.8667845035292854,,,,,,
212,DMA,2017,58619875,356923392,0.1,-0.092,105.0,,DM,Dominica,63371665.0,0.9250171192440659,0.11193746733105185,58619875.0,0.8880625326689482,,,,,,
212,DMA,2018,85205044,416824627,0.11,-0.417,70.0,,DM,Dominica,63371665.0,1.3445290414888105,0.23582936077213176,85205044.0,0.7641706392278682,,,,,,
212,DMA,2019,59591340,651236766,0.136,-0.273,89.0,,DM,Dominica,63371665.0,0.9403467622319849,0.1682548325947959,59591340.0,0.8317451674052041,,,,,,
212,DMA,2020,36921086,258451321,0.264,0.042,115.0,,DM,Dominica,63371665.0,0.5826118976043947,0.06976429933840501,36921086.0,0.930235700661595,,,,,,
212,DMA,2021,30193061,698413113,0.175,0.338,123.0,,DM,Dominica,63371665.0,0.47644418053399734,0.07618740160848257,30193061.0,0.9238125983915174,,,,,,
212,DMA,2022,27483392,392104993,0.273,0.502,129.0,,DM,Dominica,63371665.0,0.43368581210545754,0.0666395295886161,27483392.0,0.9333604704113839,,,,,,
212,DMA,2023,38804506,372412751,0.333,0.621,143.0,1.858,DM,Dominica,63371665.0,0.6123321203569451,0.06249853391848349,38804506.0,0.9375014660815165,,,,,,
212,DMA,2024,29363351,300051125,0.128,0.139,114.0,,DM,Dominica,63371665.0,0.4633514205441817,0.06090707374613126,29363351.0,0.9390929262538688,,,,,,
208,DNK,2012,92639303595,85836826816,1.054,1.411,371.0,2.47,DK,Denmark,80547625502.33333,1.1501183680742568,0.07255033291526504,92639303595.0,0.927449667084735,65.718,34.282,17.886,33.107,,
208,DNK,2013,94763026829,90963892148,1.035,1.517,365.0,2.58,DK,Denmark,80547625502.33333,1.1764844244384942,0.06832351127086791,94763026829.0,0.9316764887291321,66.551,33.449,17.716,33.412,-0.16999999999999815,0.3049999999999997
208,DNK,2014,93723772359,93828009950,1.062,1.477,361.0,2.5,DK,Denmark,80547625502.33333,1.1635820643314305,0.06661037642400316,93723772359.0,0.9333896235759969,67.409,32.591,17.949,33.621,0.23300000000000054,0.20900000000000318
208,DNK,2015,79701794926,80002318321,1.063,1.572,355.0,2.93,DK,Denmark,80547625502.33333,0.9894990004850134,0.06597558501776518,79701794926.0,0.9340244149822348,66.964,33.036,17.077,33.603,-0.8719999999999999,-0.018000000000000682
208,DNK,2016,78977762701,79079405743,1.067,1.567,359.0,3.38,DK,Denmark,80547625502.33333,0.9805101293608233,0.06677974696562161,78977762701.0,0.9332202530343784,68.042,31.958,16.426,32.891,-0.6510000000000034,-0.7120000000000033
208,DNK,2017,82963318880,87809527505,1.056,1.594,377.0,2.25,DK,Denmark,80547625502.33333,1.0299908701541636,0.06429481957192018,82963318880.0,0.9357051804280798,67.768,32.232,16.964,33.731,0.5380000000000003,0.8400000000000034
208,DNK,2018,90670667939,97079579638,1.053,1.705,385.0,2.3,DK,Denmark,80547625502.33333,1.1256777263579723,0.06576092340282721,90670667939.0,0.9342390765971728,66.19,33.81,17.015,34.004,0.05100000000000193,0.27299999999999613
208,DNK,2019,90437600484,91726986124,1.069,1.41,344.0,2.39,DK,Denmark,80547625502.33333,1.1227841903468672,0.06456788049817595,90437600484.0,0.935432119501824,65.663,34.337,16.8,34.815,-0.21499999999999986,0.8109999999999999
208,DNK,2020,87680127297,91537399834,1.052,1.587,375.0,2.04,DK,Denmark,80547625502.33333,1.088550118643287,0.06272245278684621,87680127297.0,0.9372775472131538,67.271,32.729,17.896,33.83,1.096,-0.9849999999999994
208,DNK,2021,103202819928,111483105503,1.056,1.675,379.0,2.04,DK,Denmark,80547625502.33333,1.2812645845781063,0.06142315258440203,103202819928.0,0.938576847415598,67.283,32.717,21.426,35.973,3.5299999999999976,2.1430000000000007
208,DNK,2022,103163793495,114607946084,1.025,1.696,387.0,1.402,DK,Denmark,80547625502.33333,1.2807800708167558,0.0662202432247915,103163793495.0,0.9337797567752085,65.999,34.001,24.042,42.108,2.616000000000003,6.134999999999998
208,DNK,2023,106334625381,110938798923,1.041,1.398,397.0,1.311,DK,Denmark,80547625502.33333,1.320145997077464,0.06033156996700842,106334625381.0,0.9396684300329916,,,,,,
208,DNK,2024,107195440935,114135729396,1.01,1.398,401.0,1.303,DK,Denmark,80547625502.33333,1.3308330353188962,0.05787746039132965,107195440935.0,0.9421225396086703,,,,,,
214,DOM,2012,7496483083,15714218055,-0.196,0.668,222.0,3.21,DO,Dominican Republic,9611191591.333334,0.7799743675653888,0.26090818098133606,7496483083.0,0.7390918190186639,,,,,,
214,DOM,2013,8028622709,15353528073,-0.233,0.509,209.0,2.96,DO,Dominican Republic,9611191591.333334,0.8353410326602605,0.23514888800374298,8028622709.0,0.764851111996257,,,,,,
214,DOM,2014,9865165285,16542091478,-0.175,0.604,211.0,3.07,DO,Dominican Republic,9611191591.333334,1.0264247873172856,0.25985479980140935,9865165285.0,0.7401452001985906,,,,,,
214,DOM,2015,9350700294,15753985267,-0.221,0.349,195.0,3.84,DO,Dominican Republic,9611191591.333334,0.9728970861877079,0.2918263464393226,9350700294.0,0.7081736535606774,,,,,,
214,DOM,2016,9648243326,16505541072,-0.179,0.542,208.0,3.88,DO,Dominican Republic,9611191591.333334,1.0038550614993542,0.2721073423111874,9648243326.0,0.7278926576888126,,,,,,
214,DOM,2017,9834631154,16622474205,-0.05,0.188,191.0,4.4,DO,Dominican Republic,9611191591.333334,1.0232478523129378,0.2721619316712214,9834631154.0,0.7278380683287786,,,,,,
214,DOM,2018,10247403726,19089973454,0.011,0.266,193.0,4.03,DO,Dominican Republic,9611191591.333334,1.0661949279255192,0.3036829492820176,10247403726.0,0.6963170507179823,,,,,,
214,DOM,2019,11087350996,19267906175,-0.156,0.309,193.0,4.14,DO,Dominican Republic,9611191591.333334,1.1535875537012246,0.28738649449476295,11087350996.0,0.712613505505237,,,,,,
214,DOM,2020,10272042895,16467874437,-0.026,0.065,178.0,4.24,DO,Dominican Republic,9611191591.333334,1.068758519418401,0.2946366656254982,10272042895.0,0.7053633343745018,,,,,,
214,DOM,2021,12072485943,23257990737,0.009,0.17,182.0,4.24,DO,Dominican Republic,9611191591.333334,1.2560862852724817,0.3118766580243221,12072485943.0,0.6881233419756779,,,,,,
214,DOM,2022,11383530030,28985754963,-0.077,0.475,201.0,4.213,DO,Dominican Republic,9611191591.333334,1.1844036113341898,0.27322436977370845,11383530030.0,0.7267756302262915,,,,,,
214,DOM,2023,12698328245,27755448682,-0.075,0.146,182.0,4.043,DO,Dominican Republic,9611191591.333334,1.3212022801054573,0.3407552525209933,12698328245.0,0.6592447474790066,,,,,,
214,DOM,2024,13563315177,28813465240,0.033,0.14,175.0,3.819,DO,Dominican Republic,9611191591.333334,1.4112001668170262,0.3371564614611881,13563315177.0,0.6628435385388118,,,,,,
12,DZA,2012,67818077193,49375492778,-1.271,-1.207,13.0,1.35,DZ,Algeria,30376630525.0,2.232574055150246,0.08969326929815198,67818077193.0,0.910306730701848,,,,,,
12,DZA,2013,60088413824,52360191847,-1.329,-1.216,13.0,1.86,DZ,Algeria,30376630525.0,1.9781132003612834,0.08805998374190355,60088413824.0,0.9119400162580964,,,,,,
12,DZA,2014,55221463017,55338722572,-1.5,-1.199,16.0,1.71,DZ,Algeria,30376630525.0,1.81789296780473,0.08355462077054636,55221463017.0,0.9164453792294537,,,,,,
12,DZA,2015,32274321332,46666432632,-1.208,-1.289,17.0,2.78,DZ,Algeria,30376630525.0,1.06247206402429,0.08787320251566848,32274321332.0,0.9121267974843316,,,,,,
12,DZA,2016,27288422194,46378059875,-0.941,-1.267,21.0,3.08,DZ,Algeria,30376630525.0,0.8983360472301758,0.09529754165640053,27288422194.0,0.9047024583435994,,,,,,
12,DZA,2017,31567148049,44638409999,-0.98,-1.219,20.0,2.3,DZ,Algeria,30376630525.0,1.0391918887455343,0.08729701961653981,31567148049.0,0.9127029803834602,,,,,,
12,DZA,2018,34124370583,49138948588,-1.355,-1.312,18.0,2.26,DZ,Algeria,30376630525.0,1.1233757659499333,0.08451003613551945,34124370583.0,0.9154899638644806,,,,,,
12,DZA,2019,29848408383,42338949385,-1.052,-1.281,26.0,2.64,DZ,Algeria,30376630525.0,0.9826109040775516,0.07317708028818076,29848408383.0,0.9268229197118192,,,,,,
12,DZA,2020,18254320002,34609062644,-1.063,-1.29,26.0,2.11,DZ,Algeria,30376630525.0,0.6009330095705209,0.07788333050128084,18254320002.0,0.9221166694987192,,,,,,
12,DZA,2021,31371600552,36979642412,-0.995,-1.245,30.0,2.12,DZ,Algeria,30376630525.0,1.0327544566268183,0.08923310897194076,31371600552.0,0.9107668910280593,,,,,,
12,DZA,2022,52811942316,35657730589,-0.731,-1.185,28.0,1.889,DZ,Algeria,30376630525.0,1.7385714413761497,0.1250662446012271,52811942316.0,0.8749337553987729,,,,,,
12,DZA,2023,45699778922,41482658874,-1.055,-1.225,31.0,1.936,DZ,Algeria,30376630525.0,1.5044387126606762,0.11925375785561042,45699778922.0,0.8807462421443896,,,,,,
12,DZA,2024,39105402898,43424700743,-0.979,-1.205,32.0,1.801,DZ,Algeria,30376630525.0,1.2873515667189028,0.12504696735573542,39105402898.0,0.8749530326442646,,,,,,
218,ECU,2012,25000365660,23234205375,-0.732,-0.97,90.0,2.34,EC,Ecuador,17740451200.666668,1.4092294145856061,0.1794108583658865,25000365660.0,0.8205891416341136,,,,,,
218,ECU,2013,24503502743,24378976711,-0.763,-1.071,74.0,1.99,EC,Ecuador,17740451200.666668,1.381222070726092,0.1791637893480092,24503502743.0,0.8208362106519909,,,,,,
218,ECU,2014,27514616483,24570561961,-0.907,-1.148,74.0,1.91,EC,Ecuador,17740451200.666668,1.5509535902878293,0.1891659557766146,27514616483.0,0.8108340442233855,,,,,,
218,ECU,2015,18141325101,19039468861,-0.796,-1.095,82.0,2.21,EC,Ecuador,17740451200.666668,1.0225966011686483,0.14169863738845248,18141325101.0,0.8583013626115475,,,,,,
218,ECU,2016,16634313362,14722622641,-0.953,-1.078,86.0,2.97,EC,Ecuador,17740451200.666668,0.937648832819703,0.12028331435540299,16634313362.0,0.879716685644597,,,,,,
218,ECU,2017,18445715139,18663334149,-0.99,-1.098,78.0,2.56,EC,Ecuador,17740451200.666668,1.0397545660116485,0.11240690597937104,18445715139.0,0.8875930940206289,,,,,,
218,ECU,2018,20971871872,21857317213,-1.011,-1.102,80.0,2.74,EC,Ecuador,17740451200.666668,1.1821498582410292,0.10408818261068445,20971871872.0,0.8959118173893156,,,,,,
218,ECU,2019,22250040476,20800743146,-1.069,-1.168,78.0,2.83,EC,Ecuador,17740451200.666668,1.2541981161766542,0.10816515682005994,22250040476.0,0.8918348431799401,,,,,,
218,ECU,2020,20782596246,16093550705,-1.191,-1.171,75.0,2.37,EC,Ecuador,17740451200.666668,1.171480703107428,0.10871624762004348,20782596246.0,0.8912837523799565,,,,,,
218,ECU,2021,28113879637,22504048336,-1.128,-1.109,81.0,2.37,EC,Ecuador,17740451200.666668,1.5847330667634603,0.10901122923316951,28113879637.0,0.8909887707668305,,,,,,
218,ECU,2022,34128294168,28141350180,-1.07,-1.092,84.0,1.76,EC,Ecuador,17740451200.666668,1.923755702826628,0.11891095270799548,34128294168.0,0.8810890472920045,,,,,,
218,ECU,2023,32308663775,27144494245,-1.033,-1.106,73.0,1.548,EC,Ecuador,17740451200.666668,1.821186136110556,0.11163908749062648,32308663775.0,0.8883609125093735,,,,,,
218,ECU,2024,34517808125,25448784534,-0.841,-1.132,71.0,2.079,EC,Ecuador,17740451200.666668,1.9457119627094297,0.10840412781751764,34517808125.0,0.8915958721824824,,,,,,
818,EGY,2012,30721426830,68757139273,-0.057,1.354,276.0,5.39,EG,Egypt,24918173274.333332,1.2328924151773293,0.038455558634806514,30721426830.0,0.9615444413651935,90.646,9.354,26.274,13.779,,
818,EGY,2013,30227783869,64617582466,-0.018,1.703,297.0,5.85,EG,Egypt,24918173274.333332,1.2130818554077465,0.036999332347712265,30227783869.0,0.9630006676522878,90.071,9.929,26.475,14.067,0.2010000000000005,0.28800000000000026
818,EGY,2014,28375502480,72327433964,-0.019,1.765,296.0,5.83,EG,Egypt,24918173274.333332,1.138747297709333,0.03748687588685336,28375502480.0,0.9625131241131466,90.236,9.764,25.908,12.747,-0.5670000000000002,-1.3200000000000003
818,EGY,2015,23209041110,69224699357,-0.06,1.818,298.0,6.98,EG,Egypt,24918173274.333332,0.9314102143236237,0.037459753110973604,23209041110.0,0.9625402468890264,91.357,8.643,24.944,10.092,-0.9640000000000022,-2.6549999999999994
818,EGY,2016,23819971401,64878363509,-0.087,1.499,280.0,6.63,EG,Egypt,24918173274.333332,0.9559276732992092,0.03939235022804015,23819971401.0,0.9606076497719599,90.789,9.211,25.436,9.922,0.4920000000000009,-0.16999999999999993
818,EGY,2017,27725507312,64781192846,0.008,1.537,291.0,6.81,EG,Egypt,24918173274.333332,1.1126621123771672,0.03743159995450963,27725507312.0,0.9625684000454904,87.654,12.346,23.541,15.394,-1.8949999999999996,5.4719999999999995
818,EGY,2018,30421483333,75595463689,-0.056,1.573,286.0,6.3,EG,Egypt,24918173274.333332,1.2208552769129062,0.033503989763134144,30421483333.0,0.9664960102368658,88.467,11.533,24.169,15.824,0.6280000000000001,0.4299999999999997
818,EGY,2019,31198102867,73239516607,-0.108,1.52,284.0,6.04,EG,Egypt,24918173274.333332,1.2520220693358464,0.03441873532150169,31198102867.0,0.9655812646784983,90.368,9.632,24.729,13.75,0.5599999999999987,-2.074
818,EGY,2020,28935394573,68543078070,-0.105,1.325,275.0,5.55,EG,Egypt,24918173274.333332,1.161216524760447,0.036043172997816016,28935394573.0,0.963956827002184,91.19,8.81,24.22,9.301,-0.5090000000000003,-4.449
818,EGY,2021,41096326593,87141106715,-0.121,1.023,250.0,5.55,EG,Egypt,24918173274.333332,1.649251176663531,0.03161249613731114,41096326593.0,0.9683875038626889,90.626,9.374,27.829,11.691,3.6090000000000018,2.3900000000000006
818,EGY,2022,47611468085,89187265359,-0.114,1.227,261.0,4.848,EG,Egypt,24918173274.333332,1.9107126176878153,0.03303179453486294,47611468085.0,0.9669682054651371,90.873,9.127,33.562,13.935,5.732999999999997,2.2439999999999998
818,EGY,2023,41668438004,78878883388,-0.074,1.787,299.0,5.05,EG,Egypt,24918173274.333332,1.6722107814749037,0.03462764693972148,41668438004.0,0.9653723530602785,,,,,,
818,EGY,2024,44281544145,85602010659,0.07,1.727,304.0,4.035,EG,Egypt,24918173274.333332,1.7770782656291935,0.03684462823549334,44281544145.0,0.9631553717645067,,,,,,
232,ERI,2012,474318892,562365980,-0.479,-0.783,62.0,,ER,Eritrea,340163134.0,1.3943865298465883,0.49384333651885615,474318892.0,0.5061566634811439,,,,,,
232,ERI,2013,264701484,551115786,-1.257,-1.063,30.0,,ER,Eritrea,340163134.0,0.7781604105282026,0.2904282378524351,264701484.0,0.7095717621475649,,,,,,
232,ERI,2014,469202768,438617875,-2.056,-1.188,18.0,,ER,Eritrea,340163134.0,1.3793463226970386,0.4186279497070316,469202768.0,0.5813720502929685,,,,,,
232,ERI,2015,366662034,406415708,-1.669,-1.086,11.0,,ER,Eritrea,340163134.0,1.0779005640276116,0.30062694457276357,366662034.0,0.6993730554272364,,,,,,
232,ERI,2016,305925517,358972347,-1.295,-1.051,15.0,,ER,Eritrea,340163134.0,0.8993494192113128,0.30143834396437624,305925517.0,0.6985616560356238,,,,,,
232,ERI,2017,347901851,404440347,-1.439,-1.084,14.0,,ER,Eritrea,340163134.0,1.0227500167610757,0.2974065728935524,347901851.0,0.7025934271064476,,,,,,
232,ERI,2018,408267900,416380974,-1.917,-1.101,7.0,,ER,Eritrea,340163134.0,1.2002120723640792,0.45645680836184965,408267900.0,0.5435431916381503,,,,,,
232,ERI,2019,395984301,390013193,-1.569,-1.085,8.0,,ER,Eritrea,340163134.0,1.1641011662363152,0.3411295076551616,395984301.0,0.6588704923448384,,,,,,
232,ERI,2020,517875828,317073548,-0.794,-0.99,9.0,,ER,Eritrea,340163134.0,1.5224337273421287,0.4030485591252639,517875828.0,0.5969514408747361,,,,,,
232,ERI,2021,537197091,333222567,-0.677,-0.952,12.0,,ER,Eritrea,340163134.0,1.5792337184899055,0.4259693259644361,537197091.0,0.5740306740355638,,,,,,
232,ERI,2022,683372402,449702296,-0.871,-1.037,8.0,,ER,Eritrea,340163134.0,2.008954921023276,0.39756366536723947,683372402.0,0.6024363346327606,,,,,,
232,ERI,2023,457714467,441280127,-1.006,-1.029,13.0,,ER,Eritrea,340163134.0,1.3455734065526337,0.44880607437642533,457714467.0,0.5511939256235747,,,,,,
232,ERI,2024,459335601,349360605,-0.983,-1.058,10.0,,ER,Eritrea,340163134.0,1.3503391610920423,0.648439765514036,459335601.0,0.35156023448596396,,,,,,
724,ESP,2012,268862831630,298501598291,0.865,2.7,516.0,3.28,ES,Spain,269961577660.0,0.9959299910767901,0.0598562138892869,268862831630.0,0.9401437861107131,74.155,25.845,16.978,22.883,,
724,ESP,2013,288244168426,303593726390,0.891,2.545,495.0,3.4,ES,Spain,269961577660.0,1.0677229364432956,0.05731932406076773,288244168426.0,0.9426806759392323,75.206,24.794,16.949,24.239,-0.028999999999999915,1.3560000000000016
724,ESP,2014,293186090127,323166647874,0.888,2.359,477.0,3.46,ES,Spain,269961577660.0,1.0860289551880224,0.0576473189330543,293186090127.0,0.9423526810669457,75.351,24.649,17.001,24.459,0.0519999999999996,0.21999999999999886
724,ESP,2015,256947110933,276651946464,0.865,2.5,458.0,3.76,ES,Spain,269961577660.0,0.9517914110600179,0.05868570752337372,256947110933.0,0.9413142924766262,76.768,23.232,17.445,25.051,0.44399999999999906,0.5919999999999987
724,ESP,2016,263344572139,276380921755,0.867,2.556,460.0,4.25,ES,Spain,269961577660.0,0.9754890841194679,0.0606520924284926,263344572139.0,0.9393479075715074,77.912,22.088,17.193,25.615,-0.2519999999999989,0.5640000000000001
724,ESP,2017,289593049908,308997638036,0.848,2.728,472.0,2.96,ES,Spain,269961577660.0,1.0727195048205143,0.05921267697466054,289593049908.0,0.9407873230253394,76.97,23.03,17.733,26.178,0.5399999999999991,0.5630000000000024
724,ESP,2018,306638201271,343354113283,0.844,2.836,495.0,2.87,ES,Spain,269961577660.0,1.1358586800718433,0.05753565926358954,306638201271.0,0.9424643407364105,76.015,23.985,18.439,25.769,0.7059999999999995,-0.4090000000000025
724,ESP,2019,297376790592,326647822091,0.833,3.068,494.0,2.83,ES,Spain,269961577660.0,1.101552277067101,0.05855062639587669,297376790592.0,0.9414493736041233,76.333,23.667,18.41,25.619,-0.028999999999999915,-0.14999999999999858
724,ESP,2020,281541158504,283845152667,0.823,2.671,480.0,2.53,ES,Spain,269961577660.0,1.042893440408708,0.06445998955077348,281541158504.0,0.9355400104492265,76.088,23.912,19.474,22.642,1.064,-2.9770000000000003
724,ESP,2021,345080926507,366326370809,0.817,3.017,495.0,2.53,ES,Spain,269961577660.0,1.278259408239228,0.0636496264305247,345080926507.0,0.9363503735694753,75.279,24.721,20.52,24.851,1.0459999999999994,2.2089999999999996
724,ESP,2022,379875329875,428120800830,0.813,2.726,498.0,2.241,ES,Spain,269961577660.0,1.407145910050317,0.06702834986473744,379875329875.0,0.9329716501352625,73.4,26.6,20.322,28.744,-0.1980000000000004,3.8930000000000007
724,ESP,2023,380115436887,409954858569,0.812,2.977,500.0,2.022,ES,Spain,269961577660.0,1.4080353218476593,0.06436512586244693,380115436887.0,0.9356348741375531,,,,,,
724,ESP,2024,368792425984,398198793009,0.814,2.342,486.0,1.311,ES,Spain,269961577660.0,1.3660922757255158,0.06210789111130029,368792425984.0,0.9378921088886997,,,,,,
233,EST,2012,14730322145,21110185114,0.918,1.245,324.0,3.07,EE,Estonia,12837148336.666666,1.1474761963235927,0.0795758279610726,14730322145.0,0.9204241720389275,60.435,39.565,18.402,45.894,,
233,EST,2013,15222925424,20759217498,0.93,1.372,329.0,3.19,EE,Estonia,12837148336.666666,1.1858494600797636,0.08986664935973318,15222925424.0,0.9101333506402668,60.733,39.267,18.092,46.286,-0.3100000000000023,0.392000000000003
233,EST,2014,16304551014,20684967292,0.961,1.19,305.0,3.18,EE,Estonia,12837148336.666666,1.2701069261176499,0.08106151549330173,16304551014.0,0.9189384845066982,62.225,37.775,18.532,46.093,0.4400000000000013,-0.19299999999999784
233,EST,2015,12389989678,16055977208,0.961,1.067,280.0,3.04,EE,Estonia,12837148336.666666,0.965166823118383,0.07873312105781193,12389989678.0,0.9212668789421881,63.744,36.256,18.757,44.546,0.22500000000000142,-1.5470000000000041
233,EST,2016,12815602876,16246317055,1.011,1.196,298.0,4.0,EE,Estonia,12837148336.666666,0.9983216318685727,0.07720968709894675,12815602876.0,0.9227903129010533,64.512,35.488,18.394,44.163,-0.3630000000000031,-0.38300000000000267
233,EST,2017,13305852456,17794624227,0.96,1.295,310.0,3.22,EE,Estonia,12837148336.666666,1.0365115450130444,0.07204130928488542,13305852456.0,0.9279586907151146,64.959,35.041,19.207,44.157,0.8130000000000024,-0.006000000000000227
233,EST,2018,14984050464,19352367043,1.009,1.174,289.0,3.39,EE,Estonia,12837148336.666666,1.1672413585189438,0.06897344071892789,14984050464.0,0.9310265592810721,65.475,34.525,20.482,43.527,1.2749999999999986,-0.6299999999999955
233,EST,2019,14378050120,18918188282,1.042,1.067,284.0,3.48,EE,Estonia,12837148336.666666,1.1200345857913059,0.06860696823286763,14378050120.0,0.9313930317671324,65.824,34.176,20.658,43.863,0.17600000000000193,0.3359999999999985
233,EST,2020,14223272524,17882225306,1.025,1.258,294.0,2.92,EE,Estonia,12837148336.666666,1.1079775781178876,0.07019997722883961,14223272524.0,0.9298000227711604,65.613,34.387,20.839,40.856,0.18099999999999739,-3.006999999999998
233,EST,2021,18211279058,24550478579,1.046,1.0,278.0,2.92,EE,Estonia,12837148336.666666,1.4186389827702808,0.07171910533208807,18211279058.0,0.928280894667912,62.167,37.833,20.704,44.588,-0.134999999999998,3.7319999999999993
233,EST,2022,21360290245,25716888446,0.994,1.073,279.0,2.618,EE,Estonia,12837148336.666666,1.663943555438145,0.07517039799209312,21360290245.0,0.9248296020079069,60.466,39.534,21.109,46.193,0.40500000000000114,1.6049999999999969
233,EST,2023,18869114264,22497057145,0.982,1.158,305.0,2.408,EE,Estonia,12837148336.666666,1.4698836353011726,0.06753642257505602,18869114264.0,0.932463577424944,,,,,,
233,EST,2024,18214939444,21231342952,0.889,1.247,302.0,2.275,EE,Estonia,12837148336.666666,1.4189241228889429,0.061323421709988286,18214939444.0,0.9386765782900117,,,,,,
231,ETH,2012,2035348756,8427612447,-1.133,-0.896,115.0,4.71,ET,Ethiopia,2482389286.0,0.8199152193730505,0.06230252373237744,2035348756.0,0.9376974762676226,,,,,,
231,ETH,2013,2039850348,7552864620,-1.033,-0.744,117.0,4.52,ET,Ethiopia,2482389286.0,0.8217286303579382,0.05853342618793386,2039850348.0,0.9414665738120661,,,,,,
231,ETH,2014,2389118475,10456435245,-1.003,-0.872,113.0,4.41,ET,Ethiopia,2482389286.0,0.9624270006618132,0.061865811367011816,2389118475.0,0.9381341886329881,,,,,,
231,ETH,2015,2518790495,11079870897,-1.111,-0.538,126.0,4.79,ET,Ethiopia,2482389286.0,1.0146637794504243,0.06738002648182963,2518790495.0,0.9326199735181704,,,,,,
231,ETH,2016,2345696450,10387059931,-1.065,-0.762,124.0,5.2,ET,Ethiopia,2482389286.0,0.944934971814892,0.06336484099751877,2345696450.0,0.9366351590024813,,,,,,
231,ETH,2017,2582680913,10290550379,-1.106,-0.593,127.0,4.33,ET,Ethiopia,2482389286.0,1.0404012487346836,0.05316966760421381,2582680913.0,0.9468303323957862,,,,,,
231,ETH,2018,2351898580,10148928694,-1.002,-0.433,143.0,5.07,ET,Ethiopia,2482389286.0,0.9474334236229861,0.060105342239577524,2351898580.0,0.9398946577604225,,,,,,
231,ETH,2019,2906602678,10472461492,-1.109,-0.657,130.0,5.09,ET,Ethiopia,2482389286.0,1.1708891487698758,0.06237580604548468,2906602678.0,0.9376241939545154,,,,,,
231,ETH,2020,2969574116,8992808983,-1.093,-0.806,119.0,5.19,ET,Ethiopia,2482389286.0,1.196256418261064,0.0586570921279761,2969574116.0,0.9413429078720239,,,,,,
231,ETH,2021,3648597772,9992933889,-1.109,-0.716,126.0,5.2,ET,Ethiopia,2482389286.0,1.4697927486946138,0.0758447085780641,3648597772.0,0.9241552914219359,,,,,,
231,ETH,2022,3739665892,10519170928,-1.071,-0.367,146.0,4.144,ET,Ethiopia,2482389286.0,1.5064784210481,0.06945620878493904,3739665892.0,0.9305437912150609,,,,,,
231,ETH,2023,3290994475,10340345510,-1.07,-0.716,129.0,4.129,ET,Ethiopia,2482389286.0,1.3257366576468539,0.05496999057156533,3290994475.0,0.9450300094284346,,,,,,
231,ETH,2024,2679568954,7912104770,-1.091,-1.09,89.0,4.987,ET,Ethiopia,2482389286.0,1.0794314047003182,0.0702969603630352,2679568954.0,0.9297030396369648,,,,,,
246,FIN,2012,69737855701,73538190236,1.424,1.023,264.0,3.01,FI,Finland,58247957796.333336,1.1972583819134333,0.05135674279817024,69737855701.0,0.9486432572018297,68.738,31.262,20.615,27.316,,
246,FIN,2013,69683394347,74361065067,1.426,1.056,266.0,3.1,FI,Finland,58247957796.333336,1.1963233902663368,0.05215932285717008,69683394347.0,0.9478406771428299,69.78,30.22,21.004,27.133,0.3890000000000029,-0.18299999999999983
246,FIN,2014,70166461747,73378534661,1.414,1.126,259.0,3.05,FI,Finland,58247957796.333336,1.2046166835984236,0.05297679484256365,70166461747.0,0.9470232051574363,70.341,29.659,21.41,26.066,0.4059999999999988,-1.0670000000000002
246,FIN,2015,56144299794,56020426681,1.425,1.137,253.0,2.97,FI,Finland,58247957796.333336,0.9638844333446183,0.05565689207864387,56144299794.0,0.9443431079213561,72.891,27.109,23.749,26.227,2.3389999999999986,0.16100000000000136
246,FIN,2016,53877583151,56212769648,1.44,1.12,251.0,3.56,FI,Finland,58247957796.333336,0.9249694785761494,0.05512489070230187,53877583151.0,0.9448751092976981,72.904,27.096,22.908,25.716,-0.8409999999999975,-0.5109999999999992
246,FIN,2017,64721990444,63772132311,1.389,1.167,243.0,2.87,FI,Finland,58247957796.333336,1.111146088079232,0.05694209676838749,64721990444.0,0.9430579032316125,71.682,28.318,22.897,27.435,-0.011000000000002785,1.7189999999999976
246,FIN,2018,72237450017,71285786093,1.393,1.07,239.0,2.82,FI,Finland,58247957796.333336,1.2401713768160176,0.05820223380595039,72237450017.0,0.9417977661940496,69.868,30.132,23.291,27.171,0.3940000000000019,-0.26399999999999935
246,FIN,2019,67688427713,67620333183,1.366,1.165,245.0,2.86,FI,Finland,58247957796.333336,1.162073835269482,0.05955440432733833,67688427713.0,0.9404455956726616,69.994,30.006,22.575,28.143,-0.7160000000000011,0.9720000000000013
246,FIN,2020,60569068297,63062576037,1.376,1.186,248.0,2.57,FI,Finland,58247957796.333336,1.0398487876396034,0.05836629916339362,60569068297.0,0.9416337008366064,71.082,28.918,23.049,25.875,0.4740000000000002,-2.2680000000000007
246,FIN,2021,75213090484,79886444605,1.356,1.185,243.0,2.57,FI,Finland,58247957796.333336,1.2912571243610984,0.054520677824690854,75213090484.0,0.9454793221753092,68.539,31.461,24.058,27.311,1.0090000000000003,1.436
246,FIN,2022,78606973572,87430099666,1.328,1.271,249.0,1.789,FI,Finland,58247957796.333336,1.349523254477915,0.05158408725017348,78606973572.0,0.9484159127498265,64.953,35.047,23.935,29.387,-0.12300000000000111,2.0760000000000005
246,FIN,2023,74303520792,75937817584,1.299,1.21,234.0,1.743,FI,Finland,58247957796.333336,1.2756416465587632,0.05423061468823733,74303520792.0,0.9457693853117627,,,,,,
246,FIN,2024,70560171149,71232918234,1.145,1.357,245.0,1.596,FI,Finland,58247957796.333336,1.2113758802620493,0.05547078437419028,70560171149.0,0.9445292156258097,,,,,,
242,FJI,2012,929832868,1956289676,-0.129,0.154,170.0,,FJ,Fiji,819900164.6666666,1.1340805967248793,0.0991482734956598,929832868.0,0.9008517265043402,,,,,,
242,FJI,2013,905003080,2452634983,-0.213,-0.019,154.0,,FJ,Fiji,819900164.6666666,1.1037966803774606,0.08804589519040355,905003080.0,0.9119541048095965,,,,,,
242,FJI,2014,1080597930,2288778403,-0.103,-0.101,152.0,,FJ,Fiji,819900164.6666666,1.3179628161671622,0.07225768517296116,1080597930.0,0.9277423148270388,,,,,,
242,FJI,2015,852862031,2039767003,-0.082,-0.183,150.0,,FJ,Fiji,819900164.6666666,1.0402022926129477,0.09838116283229709,852862031.0,0.901618837167703,,,,,,
242,FJI,2016,767254941,2042339620,0.056,0.472,182.0,,FJ,Fiji,819900164.6666666,0.9357906902140095,0.11773284174510389,767254941.0,0.8822671582548961,,,,,,
242,FJI,2017,839583522,2114200849,0.05,0.009,155.0,,FJ,Fiji,819900164.6666666,1.0240070171730429,0.11214975506919643,839583522.0,0.8878502449308036,,,,,,
242,FJI,2018,828168183,2521199559,-0.022,0.085,162.0,,FJ,Fiji,819900164.6666666,1.0100841769396336,0.11471627983798581,828168183.0,0.8852837201620142,,,,,,
242,FJI,2019,794801974,2509577633,-0.029,0.115,157.0,,FJ,Fiji,819900164.6666666,0.9693887234711431,0.1312265113998396,794801974.0,0.8687734886001603,,,,,,
242,FJI,2020,748431063,1507160164,-0.04,-0.089,149.0,,FJ,Fiji,819900164.6666666,0.9128319461971048,0.11849397477694465,748431063.0,0.8815060252230553,,,,,,
242,FJI,2021,806663157,2046720981,-0.127,-0.183,147.0,,FJ,Fiji,819900164.6666666,0.9838553421049157,0.12996278619000598,806663157.0,0.870037213809994,,,,,,
242,FJI,2022,930724725,2751650077,-0.271,-0.36,139.0,,FJ,Fiji,819900164.6666666,1.1351683596482622,0.1390772356392501,930724725.0,0.8609227643607499,,,,,,
242,FJI,2023,919148096,2778822662,-0.214,-0.253,151.0,2.011,FJ,Fiji,819900164.6666666,1.1210488003422745,0.12956832718373454,919148096.0,0.8704316728162654,,,,,,
242,FJI,2024,917446609,2762171052,-0.037,-0.101,147.0,,FJ,Fiji,819900164.6666666,1.1189735635350082,0.12906265848621307,917446609.0,0.8709373415137869,,,,,,
238,FLK,2012,172712016,136087975,-0.825,-1.022,9.0,,FK,Falkland Islands,180530578.0,0.9566912038579969,0.5416288610168776,172712016.0,0.45837113898312243,,,,,,
238,FLK,2013,155308257,135479606,-1.23,-1.048,8.0,,FK,Falkland Islands,180530578.0,0.8602878178343837,0.4855004666327609,155308257.0,0.5144995333672391,,,,,,
238,FLK,2014,166185049,197391385,-0.442,-1.03,11.0,,FK,Falkland Islands,180530578.0,0.9205368466720358,0.5412120018226274,166185049.0,0.4587879981773726,,,,,,
238,FLK,2015,163097302,254598068,-0.216,-0.926,11.0,,FK,Falkland Islands,180530578.0,0.903433112588827,0.5115586939448565,163097302.0,0.48844130605514346,,,,,,
238,FLK,2016,209444574,85932426,-0.904,-1.039,7.0,,FK,Falkland Islands,180530578.0,1.160161211027641,0.5414893950118888,209444574.0,0.45851060498811125,,,,,,
238,FLK,2017,169049858,117353664,-1.346,-1.093,11.0,,FK,Falkland Islands,180530578.0,0.9364056763835321,0.6192616794896573,169049858.0,0.38073832051034273,,,,,,
238,FLK,2018,244489870,131377159,-0.966,-1.036,11.0,,FK,Falkland Islands,180530578.0,1.3542850895874272,0.6040924687204413,244489870.0,0.3959075312795587,,,,,,
238,FLK,2019,254327219,97553997,-0.847,-1.051,7.0,,FK,Falkland Islands,180530578.0,1.4087764068422801,0.595206019266852,254327219.0,0.404793980733148,,,,,,
238,FLK,2020,334515041,112062668,-0.5,-0.932,11.0,,FK,Falkland Islands,180530578.0,1.8529550212817687,0.40538581429560705,334515041.0,0.594614185704393,,,,,,
238,FLK,2021,270712870,140326864,-0.874,-1.047,6.0,,FK,Falkland Islands,180530578.0,1.499540260708632,0.5848869714062862,270712870.0,0.4151130285937138,,,,,,
238,FLK,2022,322777296,111128585,-1.12,-1.027,9.0,,FK,Falkland Islands,180530578.0,1.7879369776348912,0.5038097054422989,322777296.0,0.49619029455770114,,,,,,
238,FLK,2023,291595989,179424773,-0.881,-1.015,8.0,,FK,Falkland Islands,180530578.0,1.6152166144396878,0.47928435378568884,291595989.0,0.5207156462143112,,,,,,
238,FLK,2024,303832566,245287001,-0.829,-0.959,7.0,,FK,Falkland Islands,180530578.0,1.682997802178421,0.4752197707150047,303832566.0,0.5247802292849952,,,,,,
250,FRA,2012,540588484191,612454902698,1.246,0.548,485.0,2.49,FR,France,489967660781.3333,1.1033146214771472,0.05426113078082211,540588484191.0,0.9457388692191779,76.021,23.979,20.032,21.339,,
250,FRA,2013,553261289557,616870161938,1.266,0.337,489.0,2.59,FR,France,489967660781.3333,1.1291791965917397,0.05493812060942215,553261289557.0,0.9450618793905778,76.662,23.338,20.196,21.638,0.16400000000000148,0.29900000000000304
250,FRA,2014,557200040734,605719812052,1.255,0.685,480.0,2.77,FR,France,489967660781.3333,1.1372179948477696,0.05696937724500059,557200040734.0,0.9430306227549994,77.247,22.753,20.464,22.064,0.26799999999999713,0.4259999999999984
250,FRA,2015,481708313280,514847799288,1.288,1.006,454.0,2.9,FR,France,489967660781.3333,0.9831430762427005,0.05628949731929872,481708313280.0,0.9437105026807013,77.702,22.298,20.838,22.972,0.37400000000000233,0.9080000000000013
250,FRA,2016,479971933275,509644943472,1.281,1.06,448.0,3.53,FR,France,489967660781.3333,0.9795992096898937,0.056581978180306365,479971933275.0,0.9434180218196936,77.84,22.16,20.426,22.737,-0.4120000000000026,-0.23500000000000298
250,FRA,2017,508222735789,558171257275,1.225,1.086,461.0,2.6,FR,France,489967660781.3333,1.037257714067406,0.05307681279360365,508222735789.0,0.9469231872063963,76.797,23.203,20.81,22.868,0.38400000000000034,0.13100000000000023
250,FRA,2018,549115933400,597761710284,1.233,0.925,468.0,2.58,FR,France,489967660781.3333,1.1207187276897932,0.054687545687686356,549115933400.0,0.9453124543123137,76.459,23.541,21.275,23.289,0.46499999999999986,0.4210000000000029
250,FRA,2019,543601982856,579102010863,1.235,1.043,449.0,2.77,FR,France,489967660781.3333,1.1094650246694608,0.05348155509629083,543601982856.0,0.9465184449037092,76.11,23.89,20.823,23.084,-0.4519999999999982,-0.20500000000000185
250,FRA,2020,462171458496,546924696788,1.212,1.231,469.0,2.49,FR,France,489967660781.3333,0.9432693124256247,0.05408902748489243,462171458496.0,0.9459109725151076,77.943,22.057,21.279,20.771,0.4559999999999995,-2.312999999999999
250,FRA,2021,550666566408,680591682795,1.213,1.149,467.0,2.49,FR,France,489967660781.3333,1.1238834937184883,0.05378193803215639,550666566408.0,0.9462180619678436,76.842,23.158,22.571,22.522,1.2920000000000016,1.7509999999999977
250,FRA,2022,584320521075,753761725330,1.179,1.176,481.0,1.07,FR,France,489967660781.3333,1.1925695670265373,0.054850453551406136,584320521075.0,0.9451495464485938,73.836,26.164,22.957,24.698,0.38599999999999923,2.176000000000002
250,FRA,2023,615080635631,721699463510,1.175,0.972,468.0,1.219,FR,France,489967660781.3333,1.255349454390834,0.051815614224055416,615080635631.0,0.9481843857759445,,,,,,
250,FRA,2024,594735001682,688902633459,1.086,0.995,463.0,1.18,FR,France,489967660781.3333,1.2138250119071086,0.049868968662212826,594735001682.0,0.9501310313377872,,,,,,
234,FRO,2012,836082643,1035647459,-0.455,-1.04,24.0,,FO,Faroe Islands,1156122067.3333333,0.7231785177567591,0.1128570784853533,836082643.0,0.8871429215146467,,,,,,
234,FRO,2013,1107636757,987060223,-0.441,-0.929,25.0,,FO,Faroe Islands,1156122067.3333333,0.9580621184360164,0.12343599166206674,1107636757.0,0.8765640083379332,,,,,,
234,FRO,2014,1189819467,1014961058,-0.642,-1.016,26.0,,FO,Faroe Islands,1156122067.3333333,1.0291469219546963,0.11628994745166554,1189819467.0,0.8837100525483345,,,,,,
234,FRO,2015,1066070509,963159429,-0.508,-1.055,19.0,,FO,Faroe Islands,1156122067.3333333,0.9221089529576728,0.12179498602129193,1066070509.0,0.8782050139787081,,,,,,
234,FRO,2016,1160332517,922438080,-0.69,-1.065,19.0,,FO,Faroe Islands,1156122067.3333333,1.0036418729350771,0.13018360783031624,1160332517.0,0.8698163921696838,,,,,,
234,FRO,2017,1241963176,988845688,-0.491,-1.036,17.0,,FO,Faroe Islands,1156122067.3333333,1.0742491741072502,0.1311377266197574,1241963176.0,0.8688622733802426,,,,,,
234,FRO,2018,1199114134,1119039761,-0.649,-1.039,26.0,,FO,Faroe Islands,1156122067.3333333,1.0371864424020818,0.12340267815133575,1199114134.0,0.8765973218486642,,,,,,
234,FRO,2019,1279694709,1190774315,-0.518,-1.047,20.0,,FO,Faroe Islands,1156122067.3333333,1.1068854623212017,0.12611488914197777,1279694709.0,0.8738851108580222,,,,,,
234,FRO,2020,1065339392,1145508584,-0.589,-1.028,21.0,,FO,Faroe Islands,1156122067.3333333,0.9214765655821023,0.12767014273867286,1065339392.0,0.8723298572613272,,,,,,
234,FRO,2021,1296783081,1298540154,-0.172,-0.975,23.0,,FO,Faroe Islands,1156122067.3333333,1.1216662302719556,0.13571308501740445,1296783081.0,0.8642869149825956,,,,,,
234,FRO,2022,1248624574,1363728538,0.029,-0.946,26.0,,FO,Faroe Islands,1156122067.3333333,1.0800110207047855,0.14493894126979678,1248624574.0,0.8550610587302032,,,,,,
234,FRO,2023,1416455414,1482986912,-0.156,-0.876,27.0,1.233,FO,Faroe Islands,1156122067.3333333,1.22517807939359,0.12199644816164612,1416455414.0,0.8780035518383539,,,,,,
234,FRO,2024,1396940574,1667590836,-0.097,-1.003,23.0,,FO,Faroe Islands,1156122067.3333333,1.2082985123034018,0.11044197652540812,1396940574.0,0.8895580234745919,,,,,,
583,FSM,2012,71311444,176778480,-0.836,-1.061,24.0,,FM,Micronesia,48842537.333333336,1.460027424728658,0.30441554918324093,71311444.0,0.695584450816759,,,,,,
583,FSM,2013,36840310,152695500,-0.34,-0.87,33.0,,FM,Micronesia,48842537.333333336,0.7542669159175268,0.21499426744082553,36840310.0,0.7850057325591745,,,,,,
583,FSM,2014,28917402,145841199,-0.332,-0.905,20.0,,FM,Micronesia,48842537.333333336,0.5920536396921557,0.21742368692886183,28917402.0,0.7825763130711382,,,,,,
583,FSM,2015,19067961,168888870,-0.209,-0.951,25.0,,FM,Micronesia,48842537.333333336,0.3903966100259656,0.30175004157139923,19067961.0,0.6982499584286008,,,,,,
583,FSM,2016,50047054,178379437,-0.956,-1.048,12.0,,FM,Micronesia,48842537.333333336,1.0246612222138718,0.38494216696021105,50047054.0,0.6150578330397889,,,,,,
583,FSM,2017,77412597,209548669,-1.243,-1.058,11.0,,FM,Micronesia,48842537.333333336,1.5849421677601625,0.49033304095323155,77412597.0,0.5096669590467684,,,,,,
583,FSM,2018,100685402,131872945,-1.151,-1.022,14.0,,FM,Micronesia,48842537.333333336,2.0614285722475296,0.3598553588968707,100685402.0,0.6401446411031293,,,,,,
583,FSM,2019,135503184,130020220,-1.523,-1.071,9.0,,FM,Micronesia,48842537.333333336,2.7742863372399733,0.5183260788764297,135503184.0,0.4816739211235703,,,,,,
583,FSM,2020,121330297,142244480,-1.339,-1.024,9.0,,FM,Micronesia,48842537.333333336,2.484111260886446,0.6089955312790247,121330297.0,0.3910044687209753,,,,,,
583,FSM,2021,164494221,132254534,-1.12,-1.037,9.0,,FM,Micronesia,48842537.333333336,3.3678475767420544,0.6207499223344264,164494221.0,0.3792500776655736,,,,,,
583,FSM,2022,170702597,159432128,-0.924,-1.026,7.0,,FM,Micronesia,48842537.333333336,3.4949575988449193,0.6306389480081601,170702597.0,0.3693610519918399,,,,,,
583,FSM,2023,153817686,179913141,-0.702,-0.965,14.0,0.563,FM,Micronesia,48842537.333333336,3.149256660239573,0.4363160313576157,153817686.0,0.5636839686423842,,,,,,
583,FSM,2024,264704508,169374564,-0.28,-0.916,8.0,,FM,Micronesia,48842537.333333336,5.419548664998375,0.4554725804897685,264704508.0,0.5445274195102314,,,,,,
266,GAB,2012,10684972190,4224525326,-0.713,-1.122,24.0,1.54,GA,Gabon,6576087788.333333,1.624822011797996,0.09223805762358857,10684972190.0,0.9077619423764114,,,,,,
266,GAB,2013,11474966888,5495453118,-0.632,-1.138,26.0,1.68,GA,Gabon,6576087788.333333,1.744953421752944,0.07601140721131824,11474966888.0,0.9239885927886817,,,,,,
266,GAB,2014,10908008508,5408564697,-0.566,-1.067,21.0,1.85,GA,Gabon,6576087788.333333,1.6587382740467589,0.07340180675928529,10908008508.0,0.9265981932407147,,,,,,
266,GAB,2015,8045966070,4445945842,-0.576,-1.103,23.0,2.14,GA,Gabon,6576087788.333333,1.2235186525755304,0.06803172246675138,8045966070.0,0.9319682775332486,,,,,,
266,GAB,2016,6270243490,3103916507,-0.458,-1.152,25.0,2.05,GA,Gabon,6576087788.333333,0.9534914514255828,0.11070640657810828,6270243490.0,0.8892935934218917,,,,,,
266,GAB,2017,5412053805,2301946322,-0.706,-1.131,24.0,2.54,GA,Gabon,6576087788.333333,0.8229898959988869,0.1393105181717211,5412053805.0,0.8606894818282789,,,,,,
266,GAB,2018,7095496212,2536165795,-0.771,-1.133,29.0,2.49,GA,Gabon,6576087788.333333,1.0789844114593714,0.13432808052011935,7095496212.0,0.8656719194798806,,,,,,
266,GAB,2019,6981622155,2867551461,-0.784,-1.192,21.0,2.9,GA,Gabon,6576087788.333333,1.0616680281224542,0.2938287670982528,6981622155.0,0.7061712329017472,,,,,,
266,GAB,2020,5542540986,2455378747,-0.968,-1.152,23.0,1.93,GA,Gabon,6576087788.333333,0.8428325722526161,0.23343477391119952,5542540986.0,0.7665652260888005,,,,,,
266,GAB,2021,7011689929,2521494804,-0.536,-1.041,33.0,1.93,GA,Gabon,6576087788.333333,1.0662403171441037,0.1181916540772116,7011689929.0,0.8818083459227883,,,,,,
266,GAB,2022,9625663054,2968784634,-0.643,-1.087,24.0,2.966,GA,Gabon,6576087788.333333,1.4637370065340265,0.13114465762243974,9625663054.0,0.8688553423775602,,,,,,
266,GAB,2023,8438872977,3467177066,-0.784,-1.068,25.0,2.777,GA,Gabon,6576087788.333333,1.2832664721981726,0.15738329267609083,8438872977.0,0.8426167073239091,,,,,,
266,GAB,2024,6454101513,2803568557,-1.798,-1.13,18.0,1.849,GA,Gabon,6576087788.333333,0.9814500232874401,0.17283412613209342,6454101513.0,0.8271658738679066,,,,,,
826,GBR,2012,462128773094,626750647219,1.323,1.12,357.0,3.16,GB,United Kingdom,408632384727.0,1.1309156845283812,0.05215796667650901,462128773094.0,0.947842033323491,81.407,18.593,23.247,22.591,,
826,GBR,2013,518378885095,600227227407,1.322,1.044,366.0,3.21,GB,United Kingdom,408632384727.0,1.2685702466810596,0.05653398935996673,518378885095.0,0.9434660106400332,82.179,17.821,23.362,22.45,0.11499999999999844,-0.1410000000000018
826,GBR,2014,485939386939,627670440437,1.31,1.172,364.0,3.22,GB,United Kingdom,408632384727.0,1.1891847173680261,0.052431306463214325,485939386939.0,0.9475686935367856,83.603,16.397,23.59,21.59,0.22800000000000153,-0.8599999999999994
826,GBR,2015,432449987390,573571144741,1.345,1.092,343.0,3.29,GB,United Kingdom,408632384727.0,1.0582861357865998,0.05518514536367561,432449987390.0,0.9448148546363244,85.035,14.965,24.02,21.28,0.4299999999999997,-0.3099999999999987
826,GBR,2016,381876228058,593967934042,1.318,1.24,346.0,3.69,GB,United Kingdom,408632384727.0,0.934522672042072,0.0548826587443555,381876228058.0,0.9451173412556445,84.715,15.285,23.101,21.804,-0.9190000000000005,0.5239999999999974
826,GBR,2017,411570938733,587504147142,1.279,1.282,346.0,3.01,GB,United Kingdom,408632384727.0,1.0071911921713284,0.05274773703751118,411570938733.0,0.9472522629624889,83.747,16.253,23.933,23.035,0.8320000000000007,1.2310000000000016
826,GBR,2018,446313842316,615330660793,1.291,1.152,351.0,2.98,GB,United Kingdom,408632384727.0,1.092213586091994,0.05436849931401263,446313842316.0,0.9456315006859873,82.835,17.165,25.002,23.438,1.068999999999999,0.4029999999999987
826,GBR,2019,427409365874,644758411982,1.309,1.062,339.0,3.02,GB,United Kingdom,408632384727.0,1.0459507906098646,0.05805664284870115,427409365874.0,0.9419433571512988,82.939,17.061,24.58,23.646,-0.4220000000000006,0.20800000000000196
826,GBR,2020,367135467988,596804121701,1.293,1.301,346.0,2.73,GB,United Kingdom,408632384727.0,0.8984492705669342,0.05638889548204448,367135467988.0,0.9436111045179555,84.786,15.214,25.234,23.136,0.6540000000000035,-0.5100000000000016
826,GBR,2021,418619942943,636782095561,1.378,1.196,352.0,2.73,GB,United Kingdom,408632384727.0,1.0244414260574881,0.05813478138295597,418619942943.0,0.941865218617044,83.796,16.204,25.915,22.986,0.6809999999999974,-0.14999999999999858
826,GBR,2022,488303462366,701154671112,1.397,1.103,340.0,2.044,GB,United Kingdom,408632384727.0,1.1949700528317813,0.05596936447490516,488303462366.0,0.9440306355250948,80.389,19.611,25.576,24.788,-0.33899999999999864,1.8019999999999996
826,GBR,2023,457891719779,665299900413,1.379,1.023,337.0,2.056,GB,United Kingdom,408632384727.0,1.1205468212826775,0.05636948384790492,457891719779.0,0.943630516152095,,,,,,
826,GBR,2024,448444450606,691440106855,1.246,1.103,370.0,1.921,GB,United Kingdom,408632384727.0,1.0974275837329872,0.05776137128417829,448444450606.0,0.9422386287158218,,,,,,
268,GEO,2012,2673260885,8761624643,0.065,-0.647,127.0,1.65,GE,Georgia,2344519538.6666665,1.140216936097828,0.07392563400456392,2673260885.0,0.926074365995436,,,,,,
268,GEO,2013,2938375936,9228218526,0.123,-0.562,128.0,1.81,GE,Georgia,2344519538.6666665,1.2532955633507157,0.073736247156613,2938375936.0,0.926263752843387,,,,,,
268,GEO,2014,3037423346,9321577831,0.083,-0.686,111.0,1.83,GE,Georgia,2344519538.6666665,1.2955419205964005,0.06922063346460672,3037423346.0,0.9307793665353933,,,,,,
268,GEO,2015,2386976312,7469684528,0.051,-0.56,133.0,2.58,GE,Georgia,2344519538.6666665,1.018108944128262,0.05464270275866687,2386976312.0,0.9453572972413331,,,,,,
268,GEO,2016,2045659793,7495182596,-0.058,-0.631,133.0,3.65,GE,Georgia,2344519538.6666665,0.8725283621067075,0.04976845901854603,2045659793.0,0.950231540981454,,,,,,
268,GEO,2017,2600922511,8356090845,0.043,-0.526,131.0,4.16,GE,Georgia,2344519538.6666665,1.1093626937650307,0.0604009702122916,2600922511.0,0.9395990297877084,,,,,,
268,GEO,2018,3073772006,9526055240,0.168,-0.388,138.0,4.24,GE,Georgia,2344519538.6666665,1.311045591775303,0.06811110972224341,3073772006.0,0.9318888902777566,,,,,,
268,GEO,2019,3265261889,10111114883,0.234,-0.389,136.0,4.61,GE,Georgia,2344519538.6666665,1.3927211247968365,0.06805036955408597,3265261889.0,0.9319496304459141,,,,,,
268,GEO,2020,3079261849,8405457587,0.11,-0.614,131.0,3.95,GE,Georgia,2344519538.6666665,1.31338715596765,0.07436346139901928,3079261849.0,0.9256365386009807,,,,,,
268,GEO,2021,3942755727,10418968603,0.139,-0.389,138.0,3.95,GE,Georgia,2344519538.6666665,1.6816902832220602,0.06809202048439862,3942755727.0,0.9319079795156013,,,,,,
268,GEO,2022,5638068408,14343473258,0.16,-0.408,142.0,3.941,GE,Georgia,2344519538.6666665,2.4047862749765705,0.06925072089860758,5638068408.0,0.9307492791013924,,,,,,
268,GEO,2023,5705957682,14278621841,0.227,-0.534,138.0,3.746,GE,Georgia,2344519538.6666665,2.433742857713607,0.08166896052842905,5705957682.0,0.9183310394715709,,,,,,
268,GEO,2024,6091310156,17091766624,0.26,-0.586,120.0,4.19,GE,Georgia,2344519538.6666665,2.5981059468858776,0.08035646578269463,6091310156.0,0.9196435342173054,,,,,,
288,GHA,2012,11700203112,17786863140,-1.007,-0.767,97.0,4.27,GH,Ghana,11481729165.666666,1.019027965490305,0.06985405620158337,11700203112.0,0.9301459437984166,,,,,,
288,GHA,2013,11816115353,16732943519,-0.651,-0.594,116.0,4.43,GH,Ghana,11481729165.666666,1.0291233299887648,0.06638887047470271,11816115353.0,0.9336111295252973,,,,,,
288,GHA,2014,13200781814,15414737416,-0.679,-0.685,109.0,3.79,GH,Ghana,11481729165.666666,1.1497207104896487,0.056112034318631494,13200781814.0,0.9438879656813685,,,,,,
288,GHA,2015,11235049489,15231065015,-0.86,-0.743,103.0,3.6,GH,Ghana,11481729165.666666,0.9785154593783398,0.09158136639489721,11235049489.0,0.9084186336051028,,,,,,
288,GHA,2016,10864695904,14057583415,-1.032,-0.993,85.0,4.15,GH,Ghana,11481729165.666666,0.9462595526541634,0.08910549514661384,10864695904.0,0.9108945048533862,,,,,,
288,GHA,2017,12345442104,14223837817,-1.065,-0.818,101.0,3.06,GH,Ghana,11481729165.666666,1.0752249879674969,0.10214344071500485,12345442104.0,0.8978565592849952,,,,,,
288,GHA,2018,14935173596,14039812658,-1.104,-0.991,86.0,2.85,GH,Ghana,11481729165.666666,1.3007773812205938,0.10361878946640866,14935173596.0,0.8963812105335913,,,,,,
288,GHA,2019,15145451564,15818680186,-1.035,-0.915,84.0,3.65,GH,Ghana,11481729165.666666,1.3190915188357526,0.09920072751225031,15145451564.0,0.9007992724877497,,,,,,
288,GHA,2020,11381045272,16800968144,-1.147,-0.825,97.0,2.87,GH,Ghana,11481729165.666666,0.9912309468187304,0.09398324041607278,11381045272.0,0.9060167595839272,,,,,,
288,GHA,2021,13813759318,20427376321,-0.951,-0.615,122.0,2.87,GH,Ghana,11481729165.666666,1.2031079220459846,0.07296338135090483,13813759318.0,0.9270366186490951,,,,,,
288,GHA,2022,16558874930,19171953600,-0.708,-0.431,129.0,2.721,GH,Ghana,11481729165.666666,1.442193478967899,0.09043139011898572,16558874930.0,0.9095686098810143,,,,,,
288,GHA,2023,15492898721,20188838397,-0.815,-0.695,117.0,2.637,GH,Ghana,11481729165.666666,1.3493523926106676,0.08275265204660574,15492898721.0,0.9172473479533942,,,,,,
288,GHA,2024,13104901924,20710375767,-1.138,-0.872,88.0,2.49,GH,Ghana,11481729165.666666,1.1413700615049378,0.10969904782800263,13104901924.0,0.8903009521719973,,,,,,
292,GIB,2012,401404019,18195188289,0.727,-0.648,23.0,,GI,Gibraltar,301343402.3333333,1.332048473243107,0.10552963461351916,401404019.0,0.8944703653864808,,,,,,
292,GIB,2013,527384811,16536485279,0.586,-0.694,23.0,,GI,Gibraltar,301343402.3333333,1.7501123532700718,0.10458844516713312,527384811.0,0.8954115548328669,,,,,,
292,GIB,2014,1088373020,12776012335,0.482,-0.926,14.0,,GI,Gibraltar,301343402.3333333,3.6117366817146634,0.4079925615350781,1088373020.0,0.5920074384649219,,,,,,
292,GIB,2015,376762978,9183742155,0.626,-0.765,21.0,,GI,Gibraltar,301343402.3333333,1.2502778394439202,0.2790625214067369,376762978.0,0.7209374785932632,,,,,,
292,GIB,2016,221019419,8569844101,0.78,-0.669,31.0,,GI,Gibraltar,301343402.3333333,0.7334470152278884,0.1671540784536296,221019419.0,0.8328459215463704,,,,,,
292,GIB,2017,306247810,9023461193,0.707,-0.744,25.0,,GI,Gibraltar,301343402.3333333,1.0162751453281915,0.15760623571739898,306247810.0,0.842393764282601,,,,,,
292,GIB,2018,151188313,9544911528,0.579,-0.644,39.0,,GI,Gibraltar,301343402.3333333,0.501714362515765,0.14588016768148201,151188313.0,0.854119832318518,,,,,,
292,GIB,2019,140455736,8712614979,0.66,-0.482,53.0,,GI,Gibraltar,301343402.3333333,0.46609859353958516,0.16990651923283678,140455736.0,0.8300934807671632,,,,,,
292,GIB,2020,172805201,7540068003,0.607,-0.494,51.0,,GI,Gibraltar,301343402.3333333,0.573449425678317,0.13270401551773695,172805201.0,0.8672959844822631,,,,,,
292,GIB,2021,117842551,8352533921,1.263,-0.125,57.0,,GI,Gibraltar,301343402.3333333,0.39105734549863336,0.13957336084803618,117842551.0,0.8604266391519638,,,,,,
292,GIB,2022,351416865,12564708587,0.714,-0.663,33.0,,GI,Gibraltar,301343402.3333333,1.1661674431195197,0.11656279057681997,351416865.0,0.88343720942318,,,,,,
292,GIB,2023,220600470,10841868471,0.637,-0.53,33.0,,GI,Gibraltar,301343402.3333333,0.7320567442056723,0.22750892272908818,220600470.0,0.7724910772709118,,,,,,
292,GIB,2024,133493791,10584419901,0.849,-0.424,39.0,,GI,Gibraltar,301343402.3333333,0.44299556574440885,0.19566060715853134,133493791.0,0.8043393928414686,,,,,,
324,GIN,2012,1679831881,3368903590,-1.906,-1.304,31.0,4.25,GN,Guinea,3194470001.6666665,0.525856207797717,0.07363350856665958,1679831881.0,0.9263664914333404,,,,,,
324,GIN,2013,2081810949,3790277706,-1.546,-1.136,40.0,4.01,GN,Guinea,3194470001.6666665,0.651692126679495,0.09734955199958203,2081810949.0,0.9026504480004179,,,,,,
324,GIN,2014,2473677606,3596949472,-2.029,-1.28,38.0,4.49,GN,Guinea,3194470001.6666665,0.7743624465746731,0.1309954711574931,2473677606.0,0.8690045288425069,,,,,,
324,GIN,2015,1709621098,3315116620,-1.618,-1.184,46.0,4.38,GN,Guinea,3194470001.6666665,0.5351814532952355,0.09189347435149561,1709621098.0,0.9081065256485044,,,,,,
324,GIN,2016,2964871243,3437168267,-2.185,-1.212,54.0,4.21,GN,Guinea,3194470001.6666665,0.92812618101066,0.1287270080230337,2964871243.0,0.8712729919769663,,,,,,
324,GIN,2017,4908917664,3980030901,-2.293,-1.307,35.0,2.86,GN,Guinea,3194470001.6666665,1.5366923656941045,0.2649021959796045,4908917664.0,0.7350978040203955,,,,,,
324,GIN,2018,4962989368,4316629200,-1.708,-1.271,30.0,3.31,GN,Guinea,3194470001.6666665,1.5536190245676544,0.26931521436520245,4962989368.0,0.7306847856347976,,,,,,
324,GIN,2019,5360524900,4442700550,-2.159,-1.247,22.0,3.89,GN,Guinea,3194470001.6666665,1.6780639346130115,0.26857549144121506,5360524900.0,0.7314245085587849,,,,,,
324,GIN,2020,9712029743,4848940448,-2.299,-1.277,19.0,3.15,GN,Guinea,3194470001.6666665,3.0402632480295306,0.36603485660374996,9712029743.0,0.6339651433962501,,,,,,
324,GIN,2021,8152632307,5408570165,-2.328,-1.278,28.0,3.15,GN,Guinea,3194470001.6666665,2.5521079561700337,0.2552969706389573,8152632307.0,0.7447030293610427,,,,,,
324,GIN,2022,9205899798,6280020988,-1.26,-1.063,60.0,2.248,GN,Guinea,3194470001.6666665,2.881823837192699,0.26688411707305243,9205899798.0,0.7331158829269475,,,,,,
324,GIN,2023,14451649868,6895507748,-1.591,-1.164,52.0,2.431,GN,Guinea,3194470001.6666665,4.523958547258252,0.3837505656535814,14451649868.0,0.6162494343464187,,,,,,
324,GIN,2024,7721027734,7783577404,-1.792,-1.312,31.0,1.775,GN,Guinea,3194470001.6666665,2.4169980403546347,0.6337243277791835,7721027734.0,0.3662756722208165,,,,,,
270,GMB,2012,194166481,909472378,-0.798,-0.763,74.0,,GM,The Gambia,154423548.33333334,1.2573631618726888,0.18030796996272405,194166481.0,0.819692030037276,,,,,,
270,GMB,2013,174677865,1008710640,-0.706,-0.81,65.0,,GM,The Gambia,154423548.33333334,1.1311608034219391,0.2060883199099838,174677865.0,0.7939116800900162,,,,,,
270,GMB,2014,154146566,1086300513,-0.995,-0.978,67.0,,GM,The Gambia,154423548.33333334,0.9982063465298994,0.1523291924153625,154146566.0,0.8476708075846375,,,,,,
270,GMB,2015,150448967,922310381,-1.171,-1.007,56.0,,GM,The Gambia,154423548.33333334,0.9742618183804846,0.19048746093166902,150448967.0,0.809512539068331,,,,,,
270,GMB,2016,143352249,891243661,-1.069,-0.902,54.0,,GM,The Gambia,154423548.33333334,0.9283056279121678,0.3144243538602685,143352249.0,0.6855756461397315,,,,,,
270,GMB,2017,169469429,1224983910,-1.339,-1.091,50.0,,GM,The Gambia,154423548.33333334,1.0974325537073475,0.30195563084611576,169469429.0,0.6980443691538842,,,,,,
270,GMB,2018,98294123,1245332033,-1.127,-0.847,75.0,,GM,The Gambia,154423548.33333334,0.6365228882568201,0.1793469563810484,98294123.0,0.8206530436189516,,,,,,
270,GMB,2019,202860189,1394632717,-1.28,-0.872,64.0,,GM,The Gambia,154423548.33333334,1.3136609745691958,0.1820590525569724,202860189.0,0.8179409474430276,,,,,,
270,GMB,2020,286415733,1413543633,-1.527,-1.02,53.0,,GM,The Gambia,154423548.33333334,1.8547413013833414,0.3777369999502669,286415733.0,0.6222630000497331,,,,,,
270,GMB,2021,243719618,1632603290,-1.126,-0.909,63.0,,GM,The Gambia,154423548.33333334,1.5782542276124574,0.26964196922132905,243719618.0,0.730358030778671,,,,,,
270,GMB,2022,174080965,1425563751,-1.021,-0.798,66.0,,GM,The Gambia,154423548.33333334,1.127295460302692,0.12540472676176803,174080965.0,0.8745952732382319,,,,,,
270,GMB,2023,211651572,1682103805,-1.455,-1.116,51.0,4.436,GM,The Gambia,154423548.33333334,1.3705913009014417,0.14169399094504076,211651572.0,0.8583060090549592,,,,,,
270,GMB,2024,150110798,1669737759,-1.271,-1.04,56.0,,GM,The Gambia,154423548.33333334,0.9720719386396692,0.18325377960730413,150110798.0,0.8167462203926958,,,,,,
624,GNB,2012,145056051,309473989,-2.288,-1.089,15.0,,GW,Guinea-Bissau,283686259.0,0.5113256155279625,0.49093845003182013,145056051.0,0.5090615499681799,,,,,,
624,GNB,2013,245711849,321188824,-2.832,-1.123,11.0,,GW,Guinea-Bissau,283686259.0,0.8661394100163308,0.2751273286183745,245711849.0,0.7248726713816255,,,,,,
624,GNB,2014,224031690,376584199,-2.122,-1.061,10.0,,GW,Guinea-Bissau,283686259.0,0.7897163958159849,0.37472696558105006,224031690.0,0.6252730344189499,,,,,,
624,GNB,2015,250408498,270932645,-2.964,-1.144,10.0,,GW,Guinea-Bissau,283686259.0,0.8826951960334463,0.43412596912987556,250408498.0,0.5658740308701244,,,,,,
624,GNB,2016,286711897,274954905,-2.848,-1.145,16.0,,GW,Guinea-Bissau,283686259.0,1.0106654372709678,0.4046744066396336,286711897.0,0.5953255933603664,,,,,,
624,GNB,2017,313938382,320223715,-2.989,-1.062,5.0,,GW,Guinea-Bissau,283686259.0,1.106639366695586,0.45580077270976926,313938382.0,0.5441992272902307,,,,,,
624,GNB,2018,150473302,332590703,-2.526,-1.13,10.0,,GW,Guinea-Bissau,283686259.0,0.5304215386759357,0.49640598159765714,150473302.0,0.5035940184023429,,,,,,
624,GNB,2019,200728597,336030519,-2.815,-1.111,12.0,,GW,Guinea-Bissau,283686259.0,0.7075725053006533,0.3267356480663444,200728597.0,0.6732643519336556,,,,,,
624,GNB,2020,145536050,330913443,-2.013,-1.03,6.0,,GW,Guinea-Bissau,283686259.0,0.5130176220484476,0.517409971919642,145536050.0,0.482590028080358,,,,,,
624,GNB,2021,164874589,423788573,-2.812,-1.089,10.0,,GW,Guinea-Bissau,283686259.0,0.5811863767430484,0.5071410760596304,164874589.0,0.49285892394036956,,,,,,
624,GNB,2022,180989754,424935468,-2.692,-1.078,5.0,,GW,Guinea-Bissau,283686259.0,0.6379926706284353,0.8044786325885229,180989754.0,0.19552136741147708,,,,,,
624,GNB,2023,88701106,571525634,-2.237,-1.137,20.0,2.236,GW,Guinea-Bissau,283686259.0,0.3126732549989318,0.4408042451958659,88701106.0,0.5591957548041341,,,,,,
624,GNB,2024,173737126,533012788,-1.527,-0.99,13.0,,GW,Guinea-Bissau,283686259.0,0.6124270051444403,0.8430234264812652,173737126.0,0.15697657351873484,,,,,,
226,GNQ,2012,12527902523,2621385355,-2.034,-0.968,7.0,,GQ,Equatorial Guinea,4502292357.0,2.78256086669318,0.10378858402760799,12527902523.0,0.896211415972392,,,,,,
226,GNQ,2013,11819762785,3612912344,-2.18,-1.006,6.0,,GQ,Equatorial Guinea,4502292357.0,2.625276603067116,0.09366971636821562,11819762785.0,0.9063302836317844,,,,,,
226,GNQ,2014,10464486294,2969163461,-2.106,-0.994,5.0,,GQ,Equatorial Guinea,4502292357.0,2.3242573925103285,0.11786141429697447,10464486294.0,0.8821385857030255,,,,,,
226,GNQ,2015,5496032645,2946757874,-1.687,-1.004,6.0,,GQ,Equatorial Guinea,4502292357.0,1.2207187381901063,0.08728640880162004,5496032645.0,0.9127135911983799,,,,,,
226,GNQ,2016,3729597615,1486190441,-2.178,-1.038,7.0,,GQ,Equatorial Guinea,4502292357.0,0.8283774840168604,0.10101052651218706,3729597615.0,0.898989473487813,,,,,,
226,GNQ,2017,4281246811,875700071,-2.26,-1.019,8.0,,GQ,Equatorial Guinea,4502292357.0,0.9509037777930333,0.12038833060574862,4281246811.0,0.8796116693942514,,,,,,
226,GNQ,2018,5285359675,1076258446,-2.174,-1.045,6.0,,GQ,Equatorial Guinea,4502292357.0,1.1739263592650786,0.14764710821061544,5285359675.0,0.8523528917893846,,,,,,
226,GNQ,2019,4119543856,1054351568,-2.229,-1.028,6.0,,GQ,Equatorial Guinea,4502292357.0,0.914988083702535,0.16985160758655982,4119543856.0,0.8301483924134402,,,,,,
226,GNQ,2020,2521449478,1290536844,-1.938,-0.98,7.0,,GQ,Equatorial Guinea,4502292357.0,0.5600368163741616,0.19336658992926642,2521449478.0,0.8066334100707335,,,,,,
226,GNQ,2021,4221545674,1004857730,-1.989,-1.007,5.0,3.334,GQ,Equatorial Guinea,4502292357.0,0.9376436133554266,0.11928397119814112,4221545674.0,0.8807160288018588,,,,,,
226,GNQ,2022,6521406964,1112269706,-2.41,-1.013,7.0,1.579,GQ,Equatorial Guinea,4502292357.0,1.4484636818088354,0.10238191763307772,6521406964.0,0.8976180823669223,,,,,,
226,GNQ,2023,4169876405,1036991187,-2.303,-1.009,7.0,1.458,GQ,Equatorial Guinea,4502292357.0,0.9261673997062471,0.11506261483445691,4169876405.0,0.8849373851655431,,,,,,
226,GNQ,2024,3597492072,1020109935,-2.733,-0.993,7.0,0.677,GQ,Equatorial Guinea,4502292357.0,0.7990356437886026,0.10722896560676325,3597492072.0,0.8927710343932368,,,,,,
300,GRC,2012,31860108440,56770738226,0.365,0.986,262.0,2.93,GR,Greece,27766123418.0,1.1474453225020957,0.04272857555649992,31860108440.0,0.9572714244435001,68.432,31.568,18.077,19.848,,
300,GRC,2013,33087165478,56493752548,0.406,0.84,250.0,2.91,GR,Greece,27766123418.0,1.19163791718042,0.04559471582411078,33087165478.0,0.9544052841758892,69.754,30.246,17.727,21.265,-0.3500000000000014,1.4170000000000016
300,GRC,2014,32665613438,57861839286,0.39,0.64,244.0,2.85,GR,Greece,27766123418.0,1.176455673924715,0.047805267126323804,32665613438.0,0.9521947328736762,70.693,29.307,18.27,22.933,0.5429999999999993,1.6679999999999993
300,GRC,2015,26952192295,44270724872,0.374,0.772,245.0,2.79,GR,Greece,27766123418.0,0.9706861807553462,0.04085605648852748,26952192295.0,0.9591439435114725,72.723,27.277,17.448,23.361,-0.8219999999999992,0.4280000000000008
300,GRC,2016,26277584114,45085690233,0.347,0.889,248.0,3.71,GR,Greece,27766123418.0,0.9463900926466738,0.04016544894623779,26277584114.0,0.9598345510537623,72.76,27.24,16.638,22.815,-0.8099999999999987,-0.5459999999999994
300,GRC,2017,30068593845,51680307270,0.36,0.971,255.0,2.45,GR,Greece,27766123418.0,1.0829237265979799,0.037891286655944975,30068593845.0,0.962108713344055,66.419,33.581,15.318,23.497,-1.320000000000002,0.6819999999999986
300,GRC,2018,36072764211,60871614083,0.351,0.735,242.0,2.16,GR,Greece,27766123418.0,1.2991645851294833,0.03562531105016496,36072764211.0,0.964374688949835,63.079,36.921,15.458,24.633,0.14000000000000057,1.1359999999999992
300,GRC,2019,34004721979,59732730661,0.322,0.917,253.0,1.9,GR,Greece,27766123418.0,1.224683815852943,0.03628146684018146,34004721979.0,0.9637185331598186,63.369,36.631,15.206,25.363,-0.25200000000000067,0.7300000000000004
300,GRC,2020,32520388332,52269458830,0.37,0.907,251.0,1.81,GR,Greece,27766123418.0,1.171225375700734,0.037622673501896325,32520388332.0,0.9623773264981037,62.091,37.909,18.808,19.523,3.6020000000000003,-5.84
300,GRC,2021,43758189226,71555850022,0.415,0.925,253.0,1.81,GR,Greece,27766123418.0,1.5759560154383234,0.036039303079061114,43758189226.0,0.9639606969209389,57.604,42.396,16.55,23.121,-2.257999999999999,3.597999999999999
300,GRC,2022,53433992174,88121226323,0.346,0.879,247.0,0.738,GR,Greece,27766123418.0,1.9244311267218615,0.040485932726079844,53433992174.0,0.9595140672739202,55.254,44.746,15.694,26.27,-0.8559999999999999,3.149000000000001
300,GRC,2023,51879706703,82926051989,0.44,0.821,244.0,0.704,GR,Greece,27766123418.0,1.8684533639063148,0.04101381616658617,51879706703.0,0.9589861838334138,,,,,,
300,GRC,2024,50295617765,85501482306,0.519,0.897,248.0,0.725,GR,Greece,27766123418.0,1.8114022259367601,0.037322295855304284,50295617765.0,0.9626777041446957,,,,,,
308,GRD,2012,41086195,259916087,0.168,-0.375,78.0,,GD,Grenada,31196828.666666668,1.3169990911255658,0.07858143884024234,41086195.0,0.9214185611597576,,,,,,
308,GRD,2013,50117008,303699193,0.206,-0.314,79.0,,GD,Grenada,31196828.666666668,1.6064776498756508,0.08383360836570708,50117008.0,0.9161663916342929,,,,,,
308,GRD,2014,33079738,311562322,0.129,-0.349,87.0,,GD,Grenada,31196828.666666668,1.0603557930022929,0.0955125026255733,33079738.0,0.9044874973744267,,,,,,
308,GRD,2015,31741568,276281250,0.127,-0.229,83.0,,GD,Grenada,31196828.666666668,1.0174613688831575,0.097516302853389,31741568.0,0.902483697146611,,,,,,
308,GRD,2016,28257417,299631292,0.342,-0.154,74.0,,GD,Grenada,31196828.666666668,0.9057785104353449,0.1769709048362141,28257417.0,0.8230290951637859,,,,,,
308,GRD,2017,33591501,327552772,0.252,-0.153,79.0,,GD,Grenada,31196828.666666668,1.0767601206814974,0.13172280074475712,33591501.0,0.8682771992552429,,,,,,
308,GRD,2018,34423547,375468065,0.185,-0.063,85.0,,GD,Grenada,31196828.666666668,1.1034309726738676,0.1791427676885791,34423547.0,0.8208572323114209,,,,,,
308,GRD,2019,31867431,428646637,0.124,-0.244,81.0,,GD,Grenada,31196828.666666668,1.0214958494819655,0.1847248301219149,31867431.0,0.8152751698780851,,,,,,
308,GRD,2020,25919593,342992215,0.175,-0.351,80.0,,GD,Grenada,31196828.666666668,0.83084063694252,0.20158769604753196,25919593.0,0.798412303952468,,,,,,
308,GRD,2021,31357752,378442172,-0.126,-0.411,84.0,,GD,Grenada,31196828.666666668,1.0051583234646309,0.20602038352363874,31357752.0,0.7939796164763613,,,,,,
308,GRD,2022,30556616,460250864,0.032,-0.242,91.0,,GD,Grenada,31196828.666666668,0.9794782773112215,0.2525100128433293,30556616.0,0.7474899871566707,,,,,,
308,GRD,2023,38904932,530475735,0.183,-0.253,91.0,2.364,GD,Grenada,31196828.666666668,1.247079708507978,0.14959698915505026,38904932.0,0.8504030108449497,,,,,,
308,GRD,2024,29336080,595275172,0.464,-0.026,84.0,,GD,Grenada,31196828.666666668,0.9403545569792211,0.21249219225858174,29336080.0,0.7875078077414183,,,,,,
304,GRL,2012,687264476,844039481,-0.66,-1.051,21.0,,GL,Greenland,727115546.6666666,0.9451929327472685,0.4329553155053685,687264476.0,0.5670446844946315,,,,,,
304,GRL,2013,666274947,846030210,-0.807,-0.953,22.0,,GL,Greenland,727115546.6666666,0.9163260915743314,0.3617174265253987,666274947.0,0.6382825734746014,,,,,,
304,GRL,2014,677102457,783851524,-1.127,-1.071,19.0,,GL,Greenland,727115546.6666666,0.9312171361265168,0.3428534314633986,677102457.0,0.6571465685366014,,,,,,
304,GRL,2015,640913656,641279036,-1.255,-1.037,21.0,,GL,Greenland,727115546.6666666,0.881446778215864,0.3130771182447812,640913656.0,0.6869228817552189,,,,,,
304,GRL,2016,734988923,725467530,-1.148,-1.064,18.0,,GL,Greenland,727115546.6666666,1.010828232692077,0.3417757965813534,734988923.0,0.6582242034186466,,,,,,
304,GRL,2017,805444061,721277294,-1.248,-1.071,22.0,,GL,Greenland,727115546.6666666,1.1077249890920593,0.30746137774814025,805444061.0,0.6925386222518597,,,,,,
304,GRL,2018,1023260307,794262176,-1.413,-1.105,19.0,,GL,Greenland,727115546.6666666,1.40728706969746,0.35676870314858583,1023260307.0,0.6432312968514142,,,,,,
304,GRL,2019,1035454963,1020371189,-1.253,-1.082,17.0,,GL,Greenland,727115546.6666666,1.424058346361677,0.3480390556005051,1035454963.0,0.6519609443994949,,,,,,
304,GRL,2020,1085616712,797185233,-1.373,-1.043,14.0,,GL,Greenland,727115546.6666666,1.4930456610050753,0.3207270935724297,1085616712.0,0.6792729064275703,,,,,,
304,GRL,2021,1155307948,960000506,-0.538,-0.95,21.0,,GL,Greenland,727115546.6666666,1.5888918250975463,0.29849894701003155,1155307948.0,0.7015010529899685,,,,,,
304,GRL,2022,1183492121,1030302852,-0.728,-1.103,21.0,,GL,Greenland,727115546.6666666,1.627653440262021,0.29630402220923047,1183492121.0,0.7036959777907695,,,,,,
304,GRL,2023,1336607527,1142365583,-0.701,-1.013,24.0,,GL,Greenland,727115546.6666666,1.8382326345894298,0.30817988349907793,1336607527.0,0.6918201165009221,,,,,,
304,GRL,2024,1279411335,1052557891,-0.33,-0.931,21.0,,GL,Greenland,727115546.6666666,1.7595708699466492,0.273154844884924,1279411335.0,0.7268451551150761,,,,,,
320,GTM,2012,9961768702,15091701106,-0.132,0.615,220.0,5.17,GT,Guatemala,10683234505.0,0.9324674748399151,0.18026125464724543,9961768702.0,0.8197387453527546,,,,,,
320,GTM,2013,9949636618,15414240502,-0.189,0.564,216.0,5.14,GT,Guatemala,10683234505.0,0.9313318558479027,0.164280849534474,9949636618.0,0.835719150465526,,,,,,
320,GTM,2014,10614772916,15663629989,-0.181,0.429,211.0,5.22,GT,Guatemala,10683234505.0,0.9935916796576956,0.1510379681886072,10614772916.0,0.8489620318113928,,,,,,
320,GTM,2015,10705979976,15871671939,-0.21,0.47,206.0,5.37,GT,Guatemala,10683234505.0,1.0021290809435432,0.14059295171475986,10705979976.0,0.8594070482852402,,,,,,
320,GTM,2016,10417634062,15140527536,-0.265,0.429,207.0,5.46,GT,Guatemala,10683234505.0,0.9751385741017206,0.13961410032440003,10417634062.0,0.8603858996756,,,,,,
320,GTM,2017,10926089477,16709449214,-0.195,0.402,204.0,3.91,GT,Guatemala,10683234505.0,1.022732344954736,0.1346196381320392,10926089477.0,0.8653803618679607,,,,,,
320,GTM,2018,10726358384,17474931185,-0.145,0.36,208.0,3.58,GT,Guatemala,10683234505.0,1.0040365938779887,0.14874114644488529,10726358384.0,0.8512588535551147,,,,,,
320,GTM,2019,11023783624,18014938856,-0.243,0.547,215.0,3.99,GT,Guatemala,10683234505.0,1.031876967489632,0.13214538189692226,11023783624.0,0.8678546181030777,,,,,,
320,GTM,2020,11126940173,16601412429,-0.226,0.365,211.0,3.51,GT,Guatemala,10683234505.0,1.0415328960337187,0.12324336001655326,11126940173.0,0.8767566399834468,,,,,,
320,GTM,2021,13520491413,23087060531,-0.11,0.581,222.0,3.51,GT,Guatemala,10683234505.0,1.2655803265080532,0.12793168674478111,13520491413.0,0.8720683132552189,,,,,,
320,GTM,2022,15581239711,27804723233,-0.13,0.801,235.0,3.215,GT,Guatemala,10683234505.0,1.458475867370282,0.1270752329648871,15581239711.0,0.8729247670351129,,,,,,
320,GTM,2023,14291028529,27083194665,-0.069,0.699,234.0,3.345,GT,Guatemala,10683234505.0,1.3377061527865433,0.12717152413625477,14291028529.0,0.8728284758637452,,,,,,
320,GTM,2024,14471047471,28326679131,0.055,0.776,239.0,2.772,GT,Guatemala,10683234505.0,1.354556755655529,0.1356051152283075,14471047471.0,0.8643948847716925,,,,,,
316,GUM,2012,126842112,1206942987,0.487,-0.137,116.0,,GU,Guam,26389271.333333332,4.806578794761215,0.24971285123462647,126842112.0,0.7502871487653735,,,,,,
316,GUM,2013,97996304,952676337,0.65,0.29,139.0,,GU,Guam,26389271.333333332,3.7134903333316744,0.2235769905995595,97996304.0,0.7764230094004405,,,,,,
316,GUM,2014,33702075,1203564040,0.519,0.288,115.0,,GU,Guam,26389271.333333332,1.2771127544332601,0.23142646812877746,33702075.0,0.7685735318712226,,,,,,
316,GUM,2015,28033936,762676781,0.64,0.51,132.0,,GU,Guam,26389271.333333332,1.062323231509209,0.23035817069902897,28033936.0,0.769641829300971,,,,,,
316,GUM,2016,23488111,739186415,0.588,0.279,115.0,,GU,Guam,26389271.333333332,0.8900628859096703,0.17840885098503476,23488111.0,0.8215911490149652,,,,,,
316,GUM,2017,27645767,1181825969,0.605,0.396,128.0,,GU,Guam,26389271.333333332,1.0476138825811208,0.1323495447502533,27645767.0,0.8676504552497467,,,,,,
316,GUM,2018,29132643,1107538039,0.401,0.072,107.0,,GU,Guam,26389271.333333332,1.1039578407457353,0.15240066558622783,29132643.0,0.8475993344137722,,,,,,
316,GUM,2019,26327948,1088604154,0.064,-0.675,47.0,,GU,Guam,26389271.333333332,0.9976762020989995,0.17682750229145303,26327948.0,0.823172497708547,,,,,,
316,GUM,2020,29591845,615833574,0.167,-0.643,42.0,,GU,Guam,26389271.333333332,1.1213589275055644,0.42414900492463076,29591845.0,0.5758509950753692,,,,,,
316,GUM,2021,19004186,840170790,0.652,-0.15,66.0,,GU,Guam,26389271.333333332,0.7201481905260135,0.18076219614012037,19004186.0,0.8192378038598797,,,,,,
316,GUM,2022,24052145,1283689956,0.33,-0.277,60.0,,GU,Guam,26389271.333333332,0.9114364961498116,0.17518084886087237,24052145.0,0.8248191511391276,,,,,,
316,GUM,2023,16250633,1295530111,0.202,-0.327,76.0,,GU,Guam,26389271.333333332,0.6158045364243606,0.16926863365521813,16250633.0,0.8307313663447818,,,,,,
316,GUM,2024,23540729,861865662,0.031,-0.525,64.0,,GU,Guam,26389271.333333332,0.8920568022757329,0.15476675168956167,23540729.0,0.8452332483104383,,,,,,
328,GUY,2012,1530317186,1578757754,-0.968,-0.91,74.0,,GY,Guyana,1379430214.0,1.1093835487062922,0.183646349985895,1530317186.0,0.816353650014105,,,,,,
328,GUY,2013,1406143377,1712864658,-1.032,-0.94,71.0,,GY,Guyana,1379430214.0,1.0193653602254649,0.16895068359199045,1406143377.0,0.8310493164080095,,,,,,
328,GUY,2014,1330239315,1713163308,-1.168,-1.099,62.0,,GY,Guyana,1379430214.0,0.9643396972889562,0.1490261332821183,1330239315.0,0.8509738667178817,,,,,,
328,GUY,2015,1190678228,1351430385,-1.07,-1.077,60.0,,GY,Guyana,1379430214.0,0.8631667016683165,0.1329992926633413,1190678228.0,0.8670007073366587,,,,,,
328,GUY,2016,1371190353,1400628347,-0.867,-0.724,76.0,,GY,Guyana,1379430214.0,0.9940266198924943,0.16328231376579563,1371190353.0,0.8367176862342044,,,,,,
328,GUY,2017,1576422061,1537205482,-0.992,-0.822,71.0,,GY,Guyana,1379430214.0,1.1428066784391893,0.11511410341660255,1576422061.0,0.8848858965833974,,,,,,
328,GUY,2018,1438947190,1907978025,-0.952,-0.974,68.0,,GY,Guyana,1379430214.0,1.0431460579853589,0.1419750975674005,1438947190.0,0.8580249024325994,,,,,,
328,GUY,2019,1426575235,2427443233,-0.415,-0.756,76.0,,GY,Guyana,1379430214.0,1.0341771700529099,0.12378517866868563,1426575235.0,0.8762148213313143,,,,,,
328,GUY,2020,2849315259,2258778219,-0.827,-0.941,41.0,,GY,Guyana,1379430214.0,2.0655740537520226,0.13174912247349913,2849315259.0,0.8682508775265009,,,,,,
328,GUY,2021,5128152424,3473200939,-1.101,-1.072,30.0,,GY,Guyana,1379430214.0,3.7175874299067657,0.23885194981608374,5128152424.0,0.7611480501839163,,,,,,
328,GUY,2022,13830568492,3819248904,-1.007,-1.031,21.0,,GY,Guyana,1379430214.0,10.02629082039231,0.1242639612133164,13830568492.0,0.8757360387866836,,,,,,
328,GUY,2023,12645733871,4630518881,-0.633,-0.717,37.0,0.975,GY,Guyana,1379430214.0,9.167360365647319,0.09093630465606678,12645733871.0,0.9090636953439333,,,,,,
328,GUY,2024,20375906927,5061879503,-0.508,-0.896,17.0,,GY,Guyana,1379430214.0,14.771248824480221,0.09725187558394234,20375906927.0,0.9027481244160577,,,,,,
344,HKG,2012,137130100845,643828537865,1.112,1.42,269.0,,HK,Hong Kong,143575911468.0,0.9551052084079116,0.1304672993835895,137130100845.0,0.8695327006164105,76.99,23.01,12.481,29.061,,
344,HKG,2013,147058112416,749240614440,1.118,1.336,243.0,,HK,Hong Kong,143575911468.0,1.0242533786649588,0.15609812669858977,147058112416.0,0.8439018733014102,78.817,21.183,12.399,27.658,-0.08200000000000074,-1.4029999999999987
344,HKG,2014,141622031188,703094558285,1.151,1.299,241.0,,HK,Hong Kong,143575911468.0,0.986391308541785,0.12264822813217206,141622031188.0,0.877351771867828,80.406,19.594,12.765,26.441,0.36600000000000144,-1.2170000000000023
344,HKG,2015,143518597334,644629543417,1.195,1.089,212.0,,HK,Hong Kong,143575911468.0,0.9996008095410017,0.12133733426634995,143518597334.0,0.87866266573365,81.732,18.268,13.486,27.162,0.7210000000000001,0.7210000000000001
344,HKG,2016,151219366272,600454924738,1.158,1.078,203.0,3.59,HK,Hong Kong,143575911468.0,1.0532363314002262,0.11012915027986823,151219366272.0,0.8898708497201318,82.108,17.892,12.852,26.81,-0.6340000000000003,-0.3520000000000003
344,HKG,2017,135989770798,625546830417,1.133,1.039,206.0,,HK,Hong Kong,143575911468.0,0.947162859058772,0.0649882138767869,135989770798.0,0.9350117861232131,82.644,17.356,12.691,25.715,-0.1609999999999996,-1.0949999999999989
344,HKG,2018,147558279446,663738425158,1.178,1.078,212.0,,HK,Hong Kong,143575911468.0,1.0277370203489016,0.06884801331264417,147558279446.0,0.9311519866873559,83.114,16.886,12.22,24.823,-0.4710000000000001,-0.8919999999999995
344,HKG,2019,149987214335,597089568389,1.212,0.956,185.0,,HK,Hong Kong,143575911468.0,1.0446544465673056,0.0697912515498157,149987214335.0,0.9302087484501843,83.429,16.571,13.594,26.12,1.3739999999999988,1.2970000000000006
344,HKG,2020,150953557925,581397597055,1.325,0.884,162.0,,HK,Hong Kong,143575911468.0,1.0513849877849761,0.0659564379361523,150953557925.0,0.9340435620638476,83.797,16.203,16.023,22.609,2.4290000000000003,-3.5109999999999992
344,HKG,2021,191416143932,715292371182,1.389,0.798,151.0,4.042,HK,Hong Kong,143575911468.0,1.3332051454513145,0.09972776046788784,191416143932.0,0.9002722395321121,82.515,17.485,14.854,26.004,-1.1690000000000005,3.3949999999999996
344,HKG,2022,173966414866,657901102782,1.333,0.669,133.0,2.553,HK,Hong Kong,143575911468.0,1.2116685388744572,0.08485916250638735,173966414866.0,0.9151408374936126,82.008,17.992,16.601,24.926,1.7469999999999999,-1.078000000000003
344,HKG,2023,167938419722,632179420617,1.315,0.651,138.0,2.263,HK,Hong Kong,143575911468.0,1.1696838139831687,0.12655403977389387,167938419722.0,0.8734459602261061,,,,,,
344,HKG,2024,195957741587,662729866381,1.199,0.809,137.0,3.215,HK,Hong Kong,143575911468.0,1.364837176260412,0.12435721851904753,195957741587.0,0.8756427814809524,,,,,,
334,HMD,2012,198223268,28528344,-1.461,-0.957,3.0,,HM,Heard and McDonald Islands,477504.0,415.1237853504892,0.9980200109856996,198223268.0,0.0019799890143004095,,,,,,
334,HMD,2013,162585796,416844412,-1.283,-0.983,3.0,,HM,Heard and McDonald Islands,477504.0,340.49096133226107,0.9858987565589364,162585796.0,0.01410124344106356,,,,,,
334,HMD,2014,554545,1455056,1.361,-0.763,11.0,,HM,Heard and McDonald Islands,477504.0,1.1613410568288434,0.2942382873706846,554545.0,0.7057617126293154,,,,,,
334,HMD,2015,175138,1273683,0.852,-0.96,3.0,,HM,Heard and McDonald Islands,477504.0,0.3667780793459322,0.44588240647779825,175138.0,0.5541175935222018,,,,,,
334,HMD,2016,78683,354414,1.139,-0.953,4.0,,HM,Heard and McDonald Islands,477504.0,0.1647797714783541,0.4605829939610726,78683.0,0.5394170060389274,,,,,,
334,HMD,2017,1178691,610749,1.704,-0.793,10.0,,HM,Heard and McDonald Islands,477504.0,2.4684421491757136,0.5290540429147396,1178691.0,0.47094595708526044,,,,,,
334,HMD,2018,183226,516197,0.215,-0.942,7.0,,HM,Heard and McDonald Islands,477504.0,0.38371615735156145,0.271933499101583,183226.0,0.7280665008984171,,,,,,
334,HMD,2019,290642,269748,-0.059,-1.0,9.0,,HM,Heard and McDonald Islands,477504.0,0.6086692467497654,0.3017968995086998,290642.0,0.6982031004913002,,,,,,
334,HMD,2020,302592,2090193,2.014,-0.724,10.0,,HM,Heard and McDonald Islands,477504.0,0.6336952151186168,0.2888244250408283,302592.0,0.7111755749591717,,,,,,
334,HMD,2021,900738,369957,1.517,-0.814,9.0,,HM,Heard and McDonald Islands,477504.0,1.886346501809409,0.44810597044522515,900738.0,0.5518940295547748,,,,,,
334,HMD,2022,1589053,4762185,1.805,-0.807,8.0,,HM,Heard and McDonald Islands,477504.0,3.327831808738775,0.5488867976187402,1589053.0,0.45111320238125985,,,,,,
334,HMD,2023,485743,14955143,1.196,-0.86,7.0,,HM,Heard and McDonald Islands,477504.0,1.0172543057230934,0.279921232332487,485743.0,0.720078767667513,,,,,,
334,HMD,2024,81258,930906,1.328,-0.781,9.0,,HM,Heard and McDonald Islands,477504.0,0.17017239646160032,0.2267842650798509,81258.0,0.7732157349201492,,,,,,
340,HND,2012,6957543585,11310355602,-0.415,-0.117,165.0,4.45,HN,Honduras,6893144314.666667,1.009342510093153,0.33290973299024235,6957543585.0,0.6670902670097576,,,,,,
340,HND,2013,7013072777,11012741738,-0.702,-0.435,149.0,3.91,HN,Honduras,6893144314.666667,1.017398223054486,0.32511940624951735,7013072777.0,0.6748805937504827,,,,,,
340,HND,2014,6949852966,11016314153,-0.404,-0.01,176.0,4.31,HN,Honduras,6893144314.666667,1.0082268191038266,0.33340856670222296,6949852966.0,0.666591433297777,,,,,,
340,HND,2015,6817361654,10563982217,-0.525,-0.29,157.0,4.03,HN,Honduras,6893144314.666667,0.9890060823903798,0.3588363548809241,6817361654.0,0.6411636451190759,,,,,,
340,HND,2016,6772908674,9973386487,-0.538,-0.511,142.0,4.84,HN,Honduras,6893144314.666667,0.9825572140698057,0.3424434601921878,6772908674.0,0.6575565398078123,,,,,,
340,HND,2017,7089162616,10552341530,-0.422,-0.349,155.0,3.57,HN,Honduras,6893144314.666667,1.0284367035398143,0.3061088736211387,7089162616.0,0.6938911263788613,,,,,,
340,HND,2018,7234517702,11679043885,-0.429,0.199,183.0,3.13,HN,Honduras,6893144314.666667,1.049523609509667,0.30908427516158016,7234517702.0,0.6909157248384199,,,,,,
340,HND,2019,7184061879,11672966879,-0.72,-0.08,169.0,3.43,HN,Honduras,6893144314.666667,1.0422038986931323,0.3275661016442929,7184061879.0,0.6724338983557071,,,,,,
340,HND,2020,6608701535,9724109594,-0.501,-0.247,160.0,3.06,HN,Honduras,6893144314.666667,0.9587354091714788,0.25945628247071245,6608701535.0,0.7405437175292875,,,,,,
340,HND,2021,8217061885,14665467137,-0.628,-0.477,148.0,3.06,HN,Honduras,6893144314.666667,1.1920629410755859,0.2964011970368417,8217061885.0,0.7035988029631584,,,,,,
340,HND,2022,10849667951,17301149464,-0.899,-0.519,145.0,2.616,HN,Honduras,6893144314.666667,1.573979515837927,0.2470350220208855,10849667951.0,0.7529649779791145,,,,,,
340,HND,2023,9743188328,15987352280,-0.47,-0.183,160.0,3.228,HN,Honduras,6893144314.666667,1.413460662250933,0.24965722730126408,9743188328.0,0.750342772698736,,,,,,
340,HND,2024,9307439505,16434794842,-0.292,-0.166,161.0,3.057,HN,Honduras,6893144314.666667,1.3502458500972327,0.27667755727591153,9307439505.0,0.7233224427240885,,,,,,
191,HRV,2012,11745507178,18685969447,0.864,1.046,286.0,2.97,HR,Croatia,12674705409.0,0.9266887709800183,0.06870834136098206,11745507178.0,0.931291658639018,77.44,22.56,14.748,27.45,,
191,HRV,2013,11979543433,20851294837,0.866,1.185,294.0,3.05,HR,Croatia,12674705409.0,0.9451535989541514,0.07163590073183485,11979543433.0,0.9283640992681652,77.201,22.799,14.615,28.292,-0.13299999999999912,0.8420000000000023
191,HRV,2014,12471145992,22077118236,0.815,1.442,318.0,2.99,HR,Croatia,12674705409.0,0.9839397121722878,0.07290460238852974,12471145992.0,0.9270953976114703,76.973,23.027,14.325,30.425,-0.2900000000000009,2.132999999999999
191,HRV,2015,11627058369,20197368822,0.828,1.197,294.0,3.09,HR,Croatia,12674705409.0,0.9173434800893998,0.0684257250077339,11627058369.0,0.9315742749922661,76.028,23.972,14.49,32.531,0.16500000000000092,2.105999999999998
191,HRV,2016,12470393204,21051884017,0.851,1.288,307.0,4.19,HR,Croatia,12674705409.0,0.9838803192336981,0.06981709966027888,12470393204.0,0.9301829003397211,78.666,21.334,13.909,30.557,-0.5809999999999995,-1.9740000000000002
191,HRV,2017,13926664654,24124583571,0.853,1.34,311.0,2.21,HR,Croatia,12674705409.0,1.098776200676902,0.0659080809840359,13926664654.0,0.9340919190159641,78.493,21.507,13.478,31.503,-0.43100000000000094,0.9460000000000015
191,HRV,2018,15404292643,27916225904,0.871,1.289,323.0,2.16,HR,Croatia,12674705409.0,1.2153570553254662,0.0713588085138727,15404292643.0,0.9286411914861273,74.366,25.634,13.838,35.8,0.35999999999999943,4.296999999999997
191,HRV,2019,15304122402,28616570507,0.879,1.141,300.0,2.2,HR,Croatia,12674705409.0,1.2074538940473454,0.0713613640470797,15304122402.0,0.9286386359529203,74.55,25.45,14.238,36.766,0.40000000000000036,0.9660000000000011
191,HRV,2020,15272696824,25843051837,0.868,1.239,302.0,1.86,HR,Croatia,12674705409.0,1.204974500879147,0.06539918910272223,15272696824.0,0.9346008108972778,74.932,25.068,16.902,28.935,2.6640000000000015,-7.8309999999999995
191,HRV,2021,19963678204,33341995303,0.874,1.344,314.0,1.86,HR,Croatia,12674705409.0,1.5750802531334793,0.06999154062140303,19963678204.0,0.930008459378597,73.823,26.177,14.682,33.337,-2.2200000000000006,4.402000000000005
191,HRV,2022,23063035382,41162817765,0.916,1.186,307.0,1.762,HR,Croatia,12674705409.0,1.8196111576387013,0.08318441503423367,23063035382.0,0.9168155849657663,71.337,28.663,14.136,37.204,-0.5460000000000012,3.8669999999999973
191,HRV,2023,22196781798,41047795464,0.845,1.15,306.0,1.686,HR,Croatia,12674705409.0,1.751266091142332,0.07196650095606481,22196781798.0,0.9280334990439352,,,,,,
191,HRV,2024,23012246424,43679597940,0.821,1.275,314.0,1.414,HR,Croatia,12674705409.0,1.8156040461231993,0.06898222848402423,23012246424.0,0.9310177715159758,,,,,,
332,HTI,2012,781535417,3395632208,-1.196,-1.083,59.0,,HT,Haiti,928405911.6666666,0.841803576624145,0.6812449662412269,781535417.0,0.3187550337587731,,,,,,
332,HTI,2013,856953629,3766653914,-1.176,-1.063,64.0,,HT,Haiti,928405911.6666666,0.9230376694409496,0.6890247784986698,856953629.0,0.31097522150133017,,,,,,
332,HTI,2014,890937388,4246609144,-1.338,-1.154,58.0,,HT,Haiti,928405911.6666666,0.959642088448787,0.7178387541304241,890937388.0,0.2821612458695759,,,,,,
332,HTI,2015,950043533,3973645863,-1.258,-1.133,60.0,,HT,Haiti,928405911.6666666,1.0233062080512711,0.6815103629718261,950043533.0,0.3184896370281739,,,,,,
332,HTI,2016,912476454,3749016084,-1.217,-1.128,61.0,,HT,Haiti,928405911.6666666,0.9828421410651401,0.6533306164635003,912476454.0,0.3466693835364997,,,,,,
332,HTI,2017,922697748,4508982874,-0.896,-0.978,70.0,,HT,Haiti,928405911.6666666,0.9938516508835888,0.666811948309053,922697748.0,0.333188051690947,,,,,,
332,HTI,2018,1001082794,4583688745,-0.957,-1.056,68.0,,HT,Haiti,928405911.6666666,1.078281365316669,0.658231235558813,1001082794.0,0.341768764441187,,,,,,
332,HTI,2019,1076123721,4219420876,-1.169,-1.152,60.0,,HT,Haiti,928405911.6666666,1.1591090787736924,0.6594196949498718,1076123721.0,0.34058030505012815,,,,,,
332,HTI,2020,834727097,4239688794,-1.196,-1.094,67.0,,HT,Haiti,928405911.6666666,0.8990971368347976,0.6861284732040127,834727097.0,0.3138715267959873,,,,,,
332,HTI,2021,1109662181,4512216032,-1.026,-1.099,61.0,1.175,HT,Haiti,928405911.6666666,1.1952338595172705,0.68404893019782,1109662181.0,0.31595106980218,,,,,,
332,HTI,2022,1046610154,4183783093,-1.27,-1.158,60.0,0.472,HT,Haiti,928405911.6666666,1.1273195709419106,0.6920062570696653,1046610154.0,0.30799374293033466,,,,,,
332,HTI,2023,849606953,3943430342,-1.152,-1.094,65.0,0.389,HT,Haiti,928405911.6666666,0.9151244539953355,0.643204661444295,849606953.0,0.356795338555705,,,,,,
332,HTI,2024,684200834,3511754628,-0.542,-0.822,65.0,1.722,HT,Haiti,928405911.6666666,0.7369630302889049,0.5922533890507079,684200834.0,0.4077466109492921,,,,,,
348,HUN,2012,94993206300,88392233914,1.239,0.839,290.0,3.29,HU,Hungary,98942248969.0,0.9600873973439062,0.08650156904845697,94993206300.0,0.913498430951543,53.517,46.483,15.584,45.336,,
348,HUN,2013,99995515038,94516759395,1.266,0.8,282.0,3.35,HU,Hungary,98942248969.0,1.010645261048493,0.0901534771046446,99995515038.0,0.9098465228953554,54.098,45.902,16.037,45.545,0.4529999999999994,0.20900000000000318
348,HUN,2014,104528978802,100875467101,1.261,0.878,270.0,3.33,HU,Hungary,98942248969.0,1.0564645527185297,0.10011575320839988,104528978802.0,0.8998842467916002,54.299,45.701,15.934,46.355,-0.10299999999999976,0.8099999999999952
348,HUN,2015,95028116446,88358018889,1.299,0.773,252.0,2.94,HU,Hungary,98942248969.0,0.9604402309045315,0.09868675936787982,95028116446.0,0.9013132406321201,54.273,45.727,16.347,47.242,0.41300000000000203,0.8870000000000005
348,HUN,2016,96799614111,90749278396,1.289,0.825,261.0,4.08,HU,Hungary,98942248969.0,0.9783445911091901,0.10290452185743958,96799614111.0,0.8970954781425604,54.799,45.201,16.359,47.328,0.012000000000000455,0.08600000000000563
348,HUN,2017,104999016350,101335482977,1.269,0.798,263.0,2.1,HU,Hungary,98942248969.0,1.0612151779862784,0.09520098118730183,104999016350.0,0.9047990188126982,54.379,45.621,16.818,46.567,0.45899999999999963,-0.7610000000000028
348,HUN,2018,115842981737,114213301337,1.269,0.837,283.0,2.06,HU,Hungary,98942248969.0,1.170814115750444,0.10057402815927952,115842981737.0,0.8994259718407205,54.38,45.62,17.286,45.403,0.46799999999999997,-1.1640000000000015
348,HUN,2019,114649000737,112688897646,1.234,0.759,266.0,2.24,HU,Hungary,98942248969.0,1.1587466621354154,0.09953575853801765,114649000737.0,0.9004642414619823,53.945,46.055,16.999,44.126,-0.2870000000000026,-1.277000000000001
348,HUN,2020,111737152615,108517114849,1.249,0.847,262.0,2.06,HU,Hungary,98942248969.0,1.129316887167269,0.10019542211608741,111737152615.0,0.8998045778839125,53.922,46.078,16.524,43.047,-0.47499999999999787,-1.0790000000000006
348,HUN,2021,129694533359,135620656777,1.237,0.94,274.0,2.06,HU,Hungary,98942248969.0,1.3108104445820221,0.09425754515267282,129694533359.0,0.9057424548473272,53.483,46.517,16.936,43.09,0.41199999999999903,0.043000000000006366
348,HUN,2022,141235242155,154489129261,1.247,0.871,288.0,1.797,HU,Hungary,98942248969.0,1.427451302418353,0.08749923611570316,141235242155.0,0.9125007638842968,50.345,49.655,16.393,43.515,-0.5429999999999993,0.42499999999999716
348,HUN,2023,153588359643,143800732015,1.229,0.799,257.0,1.721,HU,Hungary,98942248969.0,1.5523030984581865,0.0925581159940724,153588359643.0,0.9074418840059276,,,,,,
348,HUN,2024,151581050521,144882784235,1.149,0.884,265.0,2.012,HU,Hungary,98942248969.0,1.5320154140471627,0.08168715238099723,151581050521.0,0.9183128476190028,,,,,,
360,IDN,2012,188668974240,181554769482,0.214,1.237,255.0,4.84,ID,Indonesia,152600504992.33334,1.2363587803951155,0.07135347574795499,188668974240.0,0.928646524252045,86.902,13.098,27.027,21.122,,
360,IDN,2013,179915153544,180371119011,0.211,1.38,261.0,4.9,ID,Indonesia,152600504992.33334,1.1789944833605823,0.0693223220025119,179915153544.0,0.9306776779974881,86.491,13.509,25.012,20.537,-2.0150000000000006,-0.5850000000000009
360,IDN,2014,173778529252,173320570477,0.279,1.43,266.0,4.82,ID,Indonesia,152600504992.33334,1.1387808268441224,0.06209625763317257,173778529252.0,0.9379037423668274,86.236,13.764,24.817,20.256,-0.19500000000000028,-0.2809999999999988
360,IDN,2015,148897678515,134508605874,0.276,1.462,270.0,5.82,ID,Indonesia,152600504992.33334,0.9757351623605742,0.05986532973172487,148897678515.0,0.9401346702682751,87.011,12.989,23.675,18.4,-1.1419999999999995,-1.8560000000000016
360,IDN,2016,143068353750,127294550868,0.291,1.486,274.0,6.13,ID,Indonesia,152600504992.33334,0.9375352575483794,0.06015530135138872,143068353750.0,0.9398446986486113,88.608,11.392,21.53,16.97,-2.1449999999999996,-1.4299999999999997
360,IDN,2017,165835482712,144906128490,0.281,1.186,260.0,5.8,ID,Indonesia,152600504992.33334,1.0867295800910461,0.0628619733620891,165835482712.0,0.9371380266379109,87.683,12.317,21.824,17.787,0.2940000000000005,0.8170000000000002
360,IDN,2018,177183935803,164956638526,0.292,1.15,261.0,5.83,ID,Indonesia,152600504992.33334,1.1610966543780554,0.06599345540711538,177183935803.0,0.9340065445928847,86.809,13.191,23.383,18.315,1.5589999999999975,0.5280000000000022
360,IDN,2019,167375340822,156595920764,0.317,1.449,272.0,5.92,ID,Indonesia,152600504992.33334,1.0968203600008333,0.06761552560672153,167375340822.0,0.9323844743932784,88.216,11.784,22.84,16.52,-0.5429999999999993,-1.7950000000000017
360,IDN,2020,158446800860,129722362479,0.263,1.492,267.0,5.64,ID,Indonesia,152600504992.33334,1.038311117436737,0.07344587322376024,158446800860.0,0.9265541267762397,89.055,10.945,22.154,15.648,-0.6859999999999999,-0.8719999999999999
360,IDN,2021,224968531677,179362961917,0.273,1.075,249.0,5.64,ID,Indonesia,152600504992.33334,1.4742318951585542,0.08526221811186104,224968531677.0,0.9147377818881389,87.679,12.321,24.313,19.053,2.158999999999999,3.405000000000001
360,IDN,2022,290323195989,217026160702,0.236,0.906,226.0,4.151,ID,Indonesia,152600504992.33334,1.9025048180776718,0.08344143809488172,290323195989.0,0.9165585619051183,87.739,12.261,26.378,21.826,2.0650000000000013,2.7729999999999997
360,IDN,2023,253919504684,205359617011,0.28,0.908,233.0,4.33,ID,Indonesia,152600504992.33334,1.663949308010199,0.08923454942710778,253919504684.0,0.9107654505728923,,,,,,
360,IDN,2024,259316674858,218986521339,0.222,1.288,249.0,4.259,ID,Indonesia,152600504992.33334,1.6993172786094521,0.08365858485387472,259316674858.0,0.9163414151461253,,,,,,
356,IND,2012,280703352648,424623125615,0.53,2.429,350.0,7.02,IN,India,263212970694.0,1.0664495442906328,0.046374242237380764,280703352648.0,0.9536257577626193,73.577,26.423,15.582,17.919,,
356,IND,2013,320139223872,403884875889,0.571,2.24,351.0,6.93,IN,India,263212970694.0,1.2162744982813936,0.044508189882986965,320139223872.0,0.955491810117013,74.221,25.779,15.49,18.513,-0.09200000000000053,0.5940000000000012
356,IND,2014,300967267891,404592964828,0.577,2.325,358.0,6.98,IN,India,263212970694.0,1.1434363097588056,0.0419761416515177,300967267891.0,0.9580238583484822,75.859,24.141,15.443,17.7,-0.0470000000000006,-0.8130000000000024
356,IND,2015,256188969332,338236890485,0.618,2.629,373.0,7.72,IN,India,263212970694.0,0.97331437982148,0.0477260409304261,256188969332.0,0.9522739590695739,80.395,19.605,15.92,16.453,0.4770000000000003,-1.2469999999999999
356,IND,2016,251708231532,310858826574,0.627,2.52,373.0,7.89,IN,India,263212970694.0,0.9562911389523622,0.050265627006430946,251708231532.0,0.949734372993569,80.318,19.682,15.629,15.491,-0.29100000000000037,-0.9619999999999997
356,IND,2017,281741711218,389023962792,0.628,2.48,372.0,5.5,IN,India,263212970694.0,1.0703944812261579,0.04618086457705733,281741711218.0,0.9538191354229427,80.133,19.867,16.44,15.335,0.8110000000000017,-0.1559999999999988
356,IND,2018,307745616654,449285587591,0.683,2.358,377.0,5.33,IN,India,263212970694.0,1.1691886453869773,0.04542450061555683,307745616654.0,0.9545754993844432,78.352,21.648,16.939,15.64,0.4989999999999988,0.3049999999999997
356,IND,2019,305573980430,418528395417,0.687,2.562,378.0,5.12,IN,India,263212970694.0,1.1609381544697774,0.04808829523795012,305573980430.0,0.9519117047620499,78.433,21.567,16.768,15.103,-0.17099999999999937,-0.5370000000000008
356,IND,2020,263428043320,325948720138,0.683,2.69,387.0,5.19,IN,India,263212970694.0,1.0008171049680148,0.047821446453493115,263428043320.0,0.9521785535465069,81.646,18.354,17.513,15.628,0.745000000000001,0.5250000000000004
356,IND,2021,374952030770,507692924040,0.687,2.705,388.0,5.19,IN,India,263212970694.0,1.4245195811641935,0.04776177915961866,374952030770.0,0.9522382208403813,77.312,22.688,17.875,16.554,0.3619999999999983,0.9259999999999984
356,IND,2022,428387162091,626365645446,0.72,2.724,395.0,4.282,IN,India,263212970694.0,1.6275305922861392,0.04671608138855898,428387162091.0,0.953283918611441,74.32,25.68,18.481,17.067,0.6060000000000016,0.5130000000000017
356,IND,2023,410389723963,576965763747,0.71,2.757,399.0,4.321,IN,India,263212970694.0,1.5591546377100896,0.04801750990722052,410389723963.0,0.9519824900927795,,,,,,
356,IND,2024,416457390569,607065670733,0.707,2.878,406.0,3.981,IN,India,263212970694.0,1.582206946226656,0.05197117787188442,416457390569.0,0.9480288221281156,,,,,,
372,IRL,2012,115441010193,65280427154,1.243,0.27,135.0,2.9,IE,Ireland,133623774486.66667,0.8639256796665252,0.10585646364237693,115441010193.0,0.8941435363576231,54.94,45.06,11.456,55.458,,
372,IRL,2013,114677781142,69965244055,1.245,0.284,148.0,3.09,IE,Ireland,133623774486.66667,0.8582139037948134,0.098125141688708,114677781142.0,0.901874858311292,55.472,44.528,12.17,55.332,0.7140000000000004,-0.12599999999999767
372,IRL,2014,116349347659,76442880924,1.192,0.346,150.0,3.08,IE,Ireland,133623774486.66667,0.8707234031217225,0.10443522672981938,116349347659.0,0.8955647732701806,54.224,45.776,11.271,57.169,-0.8989999999999991,1.8369999999999962
372,IRL,2015,121782403120,70554614927,1.243,0.18,142.0,2.88,IE,Ireland,133623774486.66667,0.9113827504711878,0.11237784161109601,121782403120.0,0.887622158388904,58.477,41.523,11.833,66.72,0.5619999999999994,9.551000000000002
372,IRL,2016,135906146101,70004832035,1.223,0.07,128.0,3.01,IE,Ireland,133623774486.66667,1.0170805803316165,0.1139692028147544,135906146101.0,0.8860307971852456,57.23,42.77,11.689,65.571,-0.14400000000000013,-1.149000000000001
372,IRL,2017,143182774239,76561022128,1.169,0.183,125.0,3.73,IE,Ireland,133623774486.66667,1.0715366691971955,0.11739436611536423,143182774239.0,0.8826056338846358,57.648,42.352,12.349,67.168,0.6600000000000001,1.5970000000000084
372,IRL,2018,165330922747,89250656674,1.205,0.101,117.0,3.63,IE,Ireland,133623774486.66667,1.2372867282198883,0.1202148677528995,165330922747.0,0.8797851322471005,58.326,41.674,13.169,68.595,0.8200000000000003,1.4269999999999925
372,IRL,2019,170739306332,84293915143,1.265,0.055,112.0,3.74,IE,Ireland,133623774486.66667,1.2777614386954532,0.12453641171483316,170739306332.0,0.8754635882851668,54.163,45.837,12.429,67.217,-0.7400000000000002,-1.3780000000000001
372,IRL,2020,178254297796,84507664336,1.22,-0.021,99.0,3.43,IE,Ireland,133623774486.66667,1.3340013667536885,0.1277440853919422,178254297796.0,0.8722559146080577,55.456,44.544,12.192,71.375,-0.2370000000000001,4.158000000000001
372,IRL,2021,201142890283,104732404336,1.23,-0.05,104.0,3.43,IE,Ireland,133623774486.66667,1.5052926850458828,0.12558406117572046,201142890283.0,0.8744159388242796,58.906,41.094,14.003,76.902,1.811,5.527000000000001
372,IRL,2022,213810360891,123618005799,1.297,-0.012,96.0,3.351,IE,Ireland,133623774486.66667,1.6000922119763543,0.13420656234942527,213810360891.0,0.8657934376505747,58.547,41.453,14.072,76.107,0.06899999999999906,-0.7950000000000017
372,IRL,2023,216056070736,128571073759,1.229,-0.048,100.0,3.155,IE,Ireland,133623774486.66667,1.6168984266909676,0.1331091276769904,216056070736.0,0.8668908723230095,,,,,,
372,IRL,2024,232708491711,118727627569,1.193,-0.076,96.0,3.118,IE,Ireland,133623774486.66667,1.7415201194920613,0.15744729162689305,232708491711.0,0.8425527083731069,,,,,,
364,IRN,2012,73574029079,69501146656,-0.701,-0.981,74.0,1.69,IR,Iran,58182260825.0,1.2645440042334415,0.14248997279267073,73574029079.0,0.8575100272073293,,,,,,
364,IRN,2013,67693546037,57926825202,-0.144,-0.196,169.0,1.98,IR,Iran,58182260825.0,1.1634739708827737,0.1482501593507286,67693546037.0,0.8517498406492714,,,,,,
364,IRN,2014,68637522232,66506635050,-0.143,-0.244,165.0,1.96,IR,Iran,58182260825.0,1.1796984382997289,0.15586426886758684,68637522232.0,0.8441357311324131,,,,,,
364,IRN,2015,46513109073,54017816546,-0.171,-0.006,181.0,,IR,Iran,58182260825.0,0.7994379801242452,0.13172800013174787,46513109073.0,0.8682719998682521,,,,,,
364,IRN,2016,55925338241,55359361532,-0.165,0.212,193.0,3.12,IR,Iran,58182260825.0,0.9612094382033667,0.0953239110514012,55925338241.0,0.9046760889485987,,,,,,
364,IRN,2017,72108335161,65743559544,-0.171,0.125,185.0,2.16,IR,Iran,58182260825.0,1.239352581672388,0.09436713952227674,72108335161.0,0.9056328604777233,,,,,,
364,IRN,2018,76981996068,51905061269,-0.108,0.07,185.0,1.98,IR,Iran,58182260825.0,1.3231179912301045,0.10581597323163891,76981996068.0,0.8941840267683611,,,,,,
364,IRN,2019,36883915106,36508967747,0.021,0.437,215.0,2.59,IR,Iran,58182260825.0,0.6339374679326927,0.17915431473092444,36883915106.0,0.8208456852690755,,,,,,
364,IRN,2020,20527357732,27951431802,0.087,0.733,249.0,2.07,IR,Iran,58182260825.0,0.35281127685536273,0.17382290286173668,20527357732.0,0.8261770971382634,,,,,,
364,IRN,2021,30517183079,35333891238,-0.007,0.222,208.0,2.07,IR,Iran,58182260825.0,0.5245100937343989,0.15413124185919447,30517183079.0,0.8458687581408055,,,,,,
364,IRN,2022,31118193702,37091335009,0.036,0.425,227.0,2.62,IR,Iran,58182260825.0,0.5348398852288841,0.12688799128666645,31118193702.0,0.8731120087133335,,,,,,
364,IRN,2023,11443185165,29935437169,-0.13,0.357,204.0,2.609,IR,Iran,58182260825.0,0.19667824870915027,0.1564539810197248,11443185165.0,0.8435460189802753,,,,,,
364,IRN,2024,11518642633,22879237407,-0.072,0.376,191.0,1.974,IR,Iran,58182260825.0,0.19797516407355936,0.16020596780837462,11518642633.0,0.8397940321916254,,,,,,
368,IRQ,2012,76754271502,44518193012,-2.107,-1.002,8.0,,IQ,Iraq,46578662781.333336,1.647841885507278,0.1234608919005292,76754271502.0,0.8765391080994708,,,,,,
368,IRQ,2013,72827847836,50891370775,-2.07,-1.029,5.0,,IQ,Iraq,46578662781.333336,1.563545269169603,0.1325064659615384,72827847836.0,0.8674935340384616,,,,,,
368,IRQ,2014,69736899711,51583693181,-2.473,-1.038,4.0,,IQ,Iraq,46578662781.333336,1.4971855254493793,0.13417656662362365,69736899711.0,0.8658234333763764,,,,,,
368,IRQ,2015,43933618684,47092514492,-2.259,-1.014,5.0,,IQ,Iraq,46578662781.333336,0.9432133955895069,0.12802454860455478,43933618684.0,0.8719754513954452,,,,,,
368,IRQ,2016,39901874589,42787495902,-2.379,-1.076,6.0,,IQ,Iraq,46578662781.333336,0.8566556488820221,0.12412908912857887,39901874589.0,0.8758709108714211,,,,,,
368,IRQ,2017,55900495071,51004947716,-1.996,-1.023,6.0,,IQ,Iraq,46578662781.333336,1.200130955528471,0.13048240875964362,55900495071.0,0.8695175912403563,,,,,,
368,IRQ,2018,78526556066,54709008937,-1.602,-1.055,6.0,,IQ,Iraq,46578662781.333336,1.6858911651167015,0.14151527598401256,78526556066.0,0.8584847240159874,,,,,,
368,IRQ,2019,73826580267,56725884323,-1.651,-1.049,8.0,,IQ,Iraq,46578662781.333336,1.5849871133824482,0.1497428763628157,73826580267.0,0.8502571236371843,,,,,,
368,IRQ,2020,53622975675,52184872291,-0.893,-0.955,16.0,,IQ,Iraq,46578662781.333336,1.1512347601462212,0.1753667027155487,53622975675.0,0.8246332972844513,,,,,,
368,IRQ,2021,70678247036,61200089211,-1.019,-0.983,14.0,4.595,IQ,Iraq,46578662781.333336,1.5173953655089625,0.19525879111474037,70678247036.0,0.8047412088852597,,,,,,
368,IRQ,2022,107620647986,75589852532,-1.298,-1.03,10.0,3.661,IQ,Iraq,46578662781.333336,2.310513904000043,0.1884671464486451,107620647986.0,0.8115328535513548,,,,,,
368,IRQ,2023,92209329144,72886464404,-1.445,-1.031,10.0,3.473,IQ,Iraq,46578662781.333336,1.979647410164669,0.18178904761928075,92209329144.0,0.8182109523807193,,,,,,
368,IRQ,2024,88301921010,52328713789,-1.453,-0.983,9.0,3.439,IQ,Iraq,46578662781.333336,1.8957590393811712,0.21303306773870392,88301921010.0,0.7869669322612961,,,,,,
352,ISL,2012,5051376777,4955509812,0.476,-0.361,81.0,,IS,Iceland,4228489840.0,1.1946053953389657,0.11567451989402931,5051376777.0,0.8843254801059707,67.573,32.427,20.889,37.779,,
352,ISL,2013,5539689469,4585069261,0.368,-0.429,73.0,,IS,Iceland,4228489840.0,1.3100869763470924,0.10746978041149947,5539689469.0,0.8925302195885005,69.43,30.57,20.977,37.596,0.08800000000000097,-0.18300000000000693
352,ISL,2014,5413895995,4651307212,0.285,-0.437,73.0,,IS,Iceland,4228489840.0,1.2803379456624164,0.10971506540652795,5413895995.0,0.890284934593472,70.054,29.946,20.704,36.612,-0.2729999999999997,-0.9839999999999947
352,ISL,2015,4463763766,5123087599,0.375,-0.435,73.0,,IS,Iceland,4228489840.0,1.0556401776762931,0.11397441595070167,4463763766.0,0.8860255840492983,72.083,27.917,20.603,37.518,-0.10099999999999909,0.9059999999999988
352,ISL,2016,3822212609,5746558649,0.345,-0.461,75.0,,IS,Iceland,4228489840.0,0.903919071258783,0.08904448906889051,3822212609.0,0.9109555109311095,73.815,26.185,18.737,35.061,-1.8660000000000032,-2.4570000000000007
352,ISL,2017,4399493145,6348632267,0.366,-0.417,76.0,,IS,Iceland,4228489840.0,1.0404407510649238,0.10167550291801691,4399493145.0,0.898324497081983,73.622,26.378,20.257,33.211,1.5200000000000031,-1.8500000000000014
352,ISL,2018,5295417273,6527648317,0.437,-0.359,73.0,,IS,Iceland,4228489840.0,1.252318788354946,0.09702930292595273,5295417273.0,0.9029706970740473,72.95,27.05,18.528,32.951,-1.7290000000000028,-0.259999999999998
352,ISL,2019,4766351118,5681832218,0.46,-0.323,85.0,,IS,Iceland,4228489840.0,1.1271993781117846,0.10155408800054867,4766351118.0,0.8984459119994513,75.21,24.79,14.185,32.295,-4.342999999999998,-0.6559999999999988
352,ISL,2020,3694832988,5022394034,0.46,-0.213,87.0,,IS,Iceland,4228489840.0,0.873794931005439,0.1017963265214624,3694832988.0,0.8982036734785376,75.454,24.546,23.336,24.954,9.150999999999998,-7.341000000000001
352,ISL,2021,5278451635,6774097930,0.313,-0.294,78.0,,IS,Iceland,4228489840.0,1.2483065668191367,0.12317444053598275,5278451635.0,0.8768255594640173,73.823,26.177,25.116,27.366,1.7800000000000011,2.411999999999999
352,ISL,2022,6476241711,8386728885,0.449,-0.241,77.0,,IS,Iceland,4228489840.0,1.5315731989555874,0.13252992553128895,6476241711.0,0.867470074468711,71.573,28.427,24.383,32.843,-0.7330000000000005,5.477000000000004
352,ISL,2023,6440894125,8076845366,0.453,-0.161,83.0,2.11,IS,Iceland,4228489840.0,1.5232138112456717,0.1078934497783253,6440894125.0,0.8921065502216747,,,,,,
352,ISL,2024,6563787769,8621050968,0.464,-0.12,85.0,,IS,Iceland,4228489840.0,1.552277058090318,0.10542773475759148,6563787769.0,0.8945722652424085,,,,,,
376,ISR,2012,59415505881,64481657679,1.133,0.775,195.0,4.25,IL,Israel,55273092913.0,1.0749444756876583,0.1117341270080723,59415505881.0,0.8882658729919277,75.823,24.177,16.492,26.021,,
376,ISR,2013,62848753762,65733471076,1.104,0.696,190.0,4.19,IL,Israel,55273092913.0,1.1370587468467543,0.10715628588609188,62848753762.0,0.8928437141139081,78.459,21.541,17.522,25.759,1.0299999999999976,-0.26200000000000045
376,ISR,2014,62837713542,66758089625,1.2,0.667,185.0,4.12,IL,Israel,55273092913.0,1.1368590073457032,0.11101910193861292,62837713542.0,0.8889808980613871,79.93,20.07,17.696,25.195,0.17400000000000304,-0.5640000000000001
376,ISR,2015,58088208045,61772606201,1.275,0.529,173.0,4.17,IL,Israel,55273092913.0,1.050931022377036,0.1369816656089633,58088208045.0,0.8630183343910367,81.635,18.365,18.207,25.655,0.5109999999999992,0.46000000000000085
376,ISR,2016,53811513436,64905574600,1.192,0.645,180.0,4.0,IL,Israel,55273092913.0,0.9735571251766112,0.13319245177324376,53811513436.0,0.8668075482267562,81.884,18.116,17.715,24.783,-0.4920000000000009,-0.8719999999999999
376,ISR,2017,53919557258,66834724522,1.189,0.88,204.0,3.9,IL,Israel,55273092913.0,0.9755118524463527,0.1303531696931399,53919557258.0,0.8696468303068601,82.185,17.815,18.552,24.268,0.8369999999999997,-0.5150000000000006
376,ISR,2018,56251584510,71946675343,1.228,0.774,194.0,3.92,IL,Israel,55273092913.0,1.0177028558640666,0.12280647862419607,56251584510.0,0.877193521375804,81.346,18.654,19.359,24.591,0.8070000000000022,0.3230000000000004
376,ISR,2019,51583496728,70268417183,1.213,0.806,202.0,3.35,IL,Israel,55273092913.0,0.9332478790212186,0.11787425893252197,51583496728.0,0.882125741067478,83.063,16.937,20.087,24.435,0.727999999999998,-0.15600000000000236
376,ISR,2020,44992885911,64927941658,1.215,1.02,218.0,3.26,IL,Israel,55273092913.0,0.8140106431499848,0.104584126237867,44992885911.0,0.8954158737621329,84.321,15.679,20.907,23.62,0.8200000000000003,-0.8149999999999977
376,ISR,2021,58194207755,85518660765,1.248,1.013,219.0,3.26,IL,Israel,55273092913.0,1.0528487676019478,0.09499605054315935,58194207755.0,0.9050039494568407,82.468,17.532,21.745,24.703,0.838000000000001,1.0829999999999984
376,ISR,2022,71648564809,94424521939,1.233,0.995,202.0,2.773,IL,Israel,55273092913.0,1.2962648014247191,0.08642661210246601,71648564809.0,0.913573387897534,81.87,18.13,23.352,26.472,1.6069999999999993,1.769000000000002
376,ISR,2023,64004611420,85137401940,1.174,1.008,216.0,2.576,IL,Israel,55273092913.0,1.157970506928994,0.09549414557444892,64004611420.0,0.9045058544255511,,,,,,
376,ISR,2024,60040966918,78783636126,1.332,1.118,208.0,2.792,IL,Israel,55273092913.0,1.0862603077505477,0.115440989090537,60040966918.0,0.884559010909463,,,,,,
380,ITA,2012,474882515295,456017828709,1.195,0.506,550.0,1.48,,Italy,453422570567.3333,1.0473287968457667,0.04701832825350372,474882515295.0,0.9529816717464963,75.379,24.621,17.991,21.591,,
380,ITA,2013,490818852192,453343364860,1.213,0.762,540.0,1.75,,Italy,453422570567.3333,1.0824755626476106,0.045401596393899984,490818852192.0,0.9545984036061,76.782,23.218,18.046,22.067,0.054999999999999716,0.4759999999999991
380,ITA,2014,503662395793,444949233544,1.237,0.679,539.0,1.83,,Italy,453422570567.3333,1.1108013329879132,0.04611428330512294,503662395793.0,0.9538857166948771,77.147,22.853,17.901,22.476,-0.14499999999999957,0.4089999999999989
380,ITA,2015,440245971575,383668423436,1.251,0.788,515.0,2.13,,Italy,453422570567.3333,0.9709396932405759,0.047231828210508836,440245971575.0,0.9527681717894911,78.335,21.665,18.381,23.36,0.4800000000000004,0.8840000000000003
380,ITA,2016,441395659964,380578842941,1.237,0.855,516.0,3.09,,Italy,453422570567.3333,0.9734752714486953,0.048821234730550604,441395659964.0,0.9511787652694494,79.301,20.699,18.62,23.439,0.23900000000000077,0.07900000000000063
380,ITA,2017,478626080163,425835027950,1.195,0.843,522.0,1.88,,Italy,453422570567.3333,1.055585035310729,0.04708648694866837,478626080163.0,0.9529135130513317,77.911,22.089,18.849,24.186,0.2289999999999992,0.7469999999999999
380,ITA,2018,524262792158,461260861755,1.219,0.864,532.0,1.78,,Italy,453422570567.3333,1.1562344404294425,0.049874449795987104,524262792158.0,0.9501255502040129,77.09,22.91,19.225,24.423,0.3760000000000012,0.23699999999999832
380,ITA,2019,507594572345,439394749223,1.186,1.061,525.0,1.84,,Italy,453422570567.3333,1.1194735447551394,0.0494968855434456,507594572345.0,0.9505031144565544,77.9,22.1,19.27,24.831,0.04499999999999815,0.40800000000000125
380,ITA,2020,475778492679,393758976818,1.191,1.188,514.0,1.82,,Italy,453422570567.3333,1.0493048285701667,0.05155196896777987,475778492679.0,0.9484480310322201,78.698,21.302,19.736,23.322,0.4660000000000011,-1.5090000000000003
380,ITA,2021,587353426193,521770257050,1.2,1.161,529.0,1.82,,Italy,453422570567.3333,1.2953775667984264,0.05076023535279796,587353426193.0,0.9492397646472021,76.043,23.957,20.555,24.5,0.8189999999999991,1.1780000000000008
380,ITA,2022,631273718971,626504545236,1.221,0.647,531.0,0.586,,Italy,453422570567.3333,1.3922414982146456,0.05147510256594542,631273718971.0,0.9485248974340545,71.165,28.835,19.81,25.941,-0.745000000000001,1.440999999999999
380,ITA,2023,641160368371,587928267312,1.211,0.524,518.0,0.616,,Italy,453422570567.3333,1.4140459915102255,0.051068857375066036,641160368371.0,0.9489311426249339,,,,,,
380,ITA,2024,630763938828,555322722385,1.116,0.444,515.0,0.367,,Italy,453422570567.3333,1.3911172045069853,0.04714640223392815,630763938828.0,0.9528535977660718,,,,,,
388,JAM,2012,1422810810,5449345726,-0.32,-0.947,92.0,1.98,JM,Jamaica,1130413831.6666667,1.2586636593982816,0.17159262027088443,1422810810.0,0.8284073797291156,,,,,,
388,JAM,2013,1281469517,5269096420,-0.434,-1.043,84.0,2.17,JM,Jamaica,1130413831.6666667,1.1336286597896796,0.16180004034640308,1281469517.0,0.838199959653597,,,,,,
388,JAM,2014,1249347246,5446130728,-0.423,-0.876,96.0,1.92,JM,Jamaica,1130413831.6666667,1.105212278018555,0.10621397509115253,1249347246.0,0.8937860249088475,,,,,,
388,JAM,2015,1186950806,4538658526,-0.453,-0.963,90.0,2.04,JM,Jamaica,1130413831.6666667,1.050014404238115,0.12518060736578182,1186950806.0,0.8748193926342182,,,,,,
388,JAM,2016,1032535018,4248517326,-0.41,-0.79,106.0,3.34,JM,Jamaica,1130413831.6666667,0.9134132908455698,0.13909798368297807,1032535018.0,0.8609020163170219,,,,,,
388,JAM,2017,1171755671,5312110398,-0.334,-0.906,99.0,1.16,JM,Jamaica,1130413831.6666667,1.036572304916315,0.12318130295881206,1171755671.0,0.876818697041188,,,,,,
388,JAM,2018,1536435577,5837324899,-0.458,-1.025,78.0,0.81,JM,Jamaica,1130413831.6666667,1.3591797392771638,0.10624153814812524,1536435577.0,0.8937584618518748,,,,,,
388,JAM,2019,1393188352,5527176673,-0.376,-0.856,90.0,1.25,JM,Jamaica,1130413831.6666667,1.232458691650917,0.11954077027774632,1393188352.0,0.8804592297222537,,,,,,
388,JAM,2020,1010762751,4396791820,-0.388,-0.927,89.0,0.85,JM,Jamaica,1130413831.6666667,0.8941528515355701,0.17760225609424696,1010762751.0,0.822397743905753,,,,,,
388,JAM,2021,1128835097,5007013818,-0.403,-0.888,103.0,0.85,JM,Jamaica,1130413831.6666667,0.9986034011417402,0.22772314713682365,1128835097.0,0.7722768528631764,,,,,,
388,JAM,2022,1074593174,6713774881,-0.309,-0.844,103.0,0.094,JM,Jamaica,1130413831.6666667,0.950619272249734,0.14085717082668317,1074593174.0,0.8591428291733169,,,,,,
388,JAM,2023,1303401375,7272405721,-0.457,-0.885,98.0,-0.001,JM,Jamaica,1130413831.6666667,1.1530302783700752,0.1278485272837074,1303401375.0,0.8721514727162926,,,,,,
388,JAM,2024,1029735960,6608270233,-0.351,-0.797,113.0,0.175,JM,Jamaica,1130413831.6666667,0.9109371551848152,0.13147497922321738,1029735960.0,0.8685250207767826,,,,,,
400,JOR,2012,7211224057,21004456909,0.261,0.055,193.0,4.85,JO,Jordan,6977220593.666667,1.0335382062516043,0.08248677509904205,7211224057.0,0.917513224900958,67.413,32.587,10.887,28.412,,
400,JOR,2013,7262365954,22695394916,0.259,0.035,193.0,4.75,JO,Jordan,6977220593.666667,1.040868044302937,0.095159297184989,7262365954.0,0.9048407028150109,67.056,32.944,10.578,26.038,-0.30900000000000105,-2.3739999999999988
400,JOR,2014,7491441837,22694742019,0.303,0.037,189.0,4.81,JO,Jordan,6977220593.666667,1.0737000122656435,0.08461422793628136,7491441837.0,0.9153857720637186,67.937,32.063,9.61,27.062,-0.968,1.024000000000001
400,JOR,2015,7219701358,19435823737,0.196,0.164,192.0,4.52,JO,Jordan,6977220593.666667,1.0347532030954327,0.08382923216226883,7219701358.0,0.9161707678377312,71.559,28.441,8.979,25.049,-0.6310000000000002,-2.0130000000000017
400,JOR,2016,6910775781,17770738854,0.009,-0.27,159.0,5.04,JO,Jordan,6977220593.666667,0.9904768938039625,0.09855723462725509,6910775781.0,0.9014427653727449,73.064,26.936,8.6,23.66,-0.37899999999999956,-1.3889999999999993
400,JOR,2017,6801184642,19134803371,0.05,-0.159,171.0,2.52,JO,Jordan,6977220593.666667,0.9747699031006046,0.08542063314403628,6801184642.0,0.9145793668559637,72.805,27.195,7.781,23.583,-0.819,-0.07700000000000173
400,JOR,2018,7211285312,19684552349,0.032,-0.212,170.0,2.48,JO,Jordan,6977220593.666667,1.0335469855354433,0.10813539534687691,7211285312.0,0.8918646046531231,71.04,28.96,8.276,23.424,0.4950000000000001,-0.15899999999999892
400,JOR,2019,7723490166,20102768981,0.103,-0.083,180.0,2.02,JO,Jordan,6977220593.666667,1.1069580017307656,0.09693287885228705,7723490166.0,0.9030671211477129,72.914,27.086,8.339,25.375,0.06300000000000061,1.9510000000000005
400,JOR,2020,7504876670,17249370367,0.081,-0.192,171.0,1.69,JO,Jordan,6977220593.666667,1.075625540177459,0.08689762918276746,7504876670.0,0.9131023708172326,73.266,26.734,9.39,16.391,1.0510000000000002,-8.984000000000002
400,JOR,2021,9080922010,21809358776,0.066,-0.318,159.0,1.69,JO,Jordan,6977220593.666667,1.301509947706526,0.10643799426910379,9080922010.0,0.8935620057308962,70.084,29.916,9.436,19.989,0.045999999999999375,3.5980000000000025
400,JOR,2022,12312404403,28652212347,0.083,-0.218,165.0,1.54,JO,Jordan,6977220593.666667,1.7646574646322868,0.09034790010387922,12312404403.0,0.9096520998961208,67.96,32.04,10.099,25.934,0.6630000000000003,5.945
400,JOR,2023,12319376600,25781473841,0.044,-0.273,166.0,1.676,JO,Jordan,6977220593.666667,1.7656567446330265,0.10653264893538635,12319376600.0,0.8934673510646136,,,,,,
400,JOR,2024,8863970532,21712507797,0.087,-0.382,152.0,1.504,JO,Jordan,6977220593.666667,1.2704156924672791,0.15265635153325116,8863970532.0,0.8473436484667488,,,,,,
392,JPN,2012,781529911386,734859122448,2.001,0.226,341.0,2.45,JP,Japan,658873731931.0,1.1861603726339558,0.08115394411296092,781529911386.0,0.918846055887039,85.191,14.809,25.994,12.187,,
392,JPN,2013,699127463939,708085908032,2.016,0.055,346.0,2.48,JP,Japan,658873731931.0,1.0610947592189266,0.08402119411118854,699127463939.0,0.9159788058888114,83.628,16.372,25.807,13.126,-0.18700000000000117,0.9390000000000001
392,JPN,2014,682895994429,682863789820,2.014,-0.031,353.0,2.46,JP,Japan,658873731931.0,1.0364595844906377,0.08543429737303372,682895994429.0,0.9145657026269662,82.825,17.175,25.679,14.352,-0.1280000000000001,1.2260000000000009
392,JPN,2015,616121508715,528856083009,2.091,0.119,343.0,2.08,JP,Japan,658873731931.0,0.9351131770108614,0.08635901906797162,616121508715.0,0.9136409809320284,84.639,15.361,25.62,14.696,-0.0589999999999975,0.3439999999999994
392,JPN,2016,654465533575,510544253357,2.1,0.194,335.0,3.01,JP,Japan,658873731931.0,0.9933094944564255,0.09267479542574275,654465533575.0,0.9073252045742572,87.018,12.982,25.665,13.935,0.04499999999999815,-0.7609999999999992
392,JPN,2017,706034153503,562723668340,2.006,0.183,338.0,2.03,JP,Japan,658873731931.0,1.0715773285327133,0.09348329503840205,706034153503.0,0.906516704961598,85.52,14.48,25.586,14.976,-0.07900000000000063,1.0410000000000004
392,JPN,2018,746156174385,617595262427,2.044,0.12,337.0,1.92,JP,Japan,658873731931.0,1.1324721843109395,0.09384980126415278,746156174385.0,0.9061501987358472,84.823,15.177,24.758,15.443,-0.8279999999999994,0.46699999999999875
392,JPN,2019,714778944080,602543918343,2.047,-0.103,342.0,2.26,JP,Japan,658873731931.0,1.0848496600177933,0.09624004860814624,714778944080.0,0.9037599513918537,85.422,14.578,25.431,14.833,0.6730000000000018,-0.6099999999999994
392,JPN,2020,645687334539,529409738718,2.005,0.121,337.0,1.81,JP,Japan,658873731931.0,0.979986457566985,0.10185758199311506,645687334539.0,0.8981424180068849,85.93,14.07,26.276,13.447,0.8449999999999989,-1.386000000000001
392,JPN,2021,758058723181,632130210584,2.021,-0.049,345.0,1.81,JP,Japan,658873731931.0,1.1505371764621921,0.09986077988851966,758058723181.0,0.9001392201114804,83.968,16.032,25.71,15.531,-0.565999999999999,2.0840000000000014
392,JPN,2022,730642531699,727959241203,1.993,-0.18,349.0,1.031,JP,Japan,658873731931.0,1.1089264851364813,0.08956434864000774,730642531699.0,0.9104356513599923,79.018,20.982,24.868,17.32,-0.8420000000000023,1.7889999999999997
392,JPN,2023,727772179414,629409054402,1.917,0.132,328.0,1.123,JP,Japan,658873731931.0,1.1045700323809773,0.09131561621347938,727772179414.0,0.9086843837865206,,,,,,
392,JPN,2024,694351102557,622448400668,1.73,0.068,343.0,0.822,JP,Japan,658873731931.0,1.053845477375497,0.08489123542902212,694351102557.0,0.9151087645709779,,,,,,
398,KAZ,2012,68311772608,44955103361,-0.11,-0.623,88.0,2.24,KZ,Kazakhstan,33683166566.0,2.028068604361988,0.08996809077335982,68311772608.0,0.9100319092266402,89.689,10.311,46.71,39.896,,
398,KAZ,2013,64040117259,50400669514,-0.371,-0.81,73.0,1.85,KZ,Kazakhstan,33683166566.0,1.901249905750919,0.09842329188770924,64040117259.0,0.9015767081122907,91.389,8.611,45.873,36.074,-0.8370000000000033,-3.8220000000000027
398,KAZ,2014,56100935866,44554879690,-0.156,-0.587,87.0,2.2,KZ,Kazakhstan,33683166566.0,1.6655481531427225,0.07477920633498883,56100935866.0,0.9252207936650112,92.079,7.921,48.972,35.994,3.0990000000000038,-0.0799999999999983
398,KAZ,2015,34167498834,31151376859,-0.259,-0.708,99.0,2.65,KZ,Kazakhstan,33683166566.0,1.014379059850296,0.07310834978925954,34167498834.0,0.9268916502107405,93.722,6.278,46.326,26.682,-2.646000000000001,-9.312000000000001
398,KAZ,2016,28347225287,29712137968,-0.191,-0.561,116.0,3.09,KZ,Kazakhstan,33683166566.0,0.8415843335707596,0.07267219827626911,28347225287.0,0.9273278017237309,90.927,9.073,42.505,29.038,-3.820999999999998,2.3560000000000016
398,KAZ,2017,38534775577,36581960001,-0.298,-0.629,112.0,3.18,KZ,Kazakhstan,33683166566.0,1.1440366065789445,0.06984467809376899,38534775577.0,0.9301553219062311,90.163,9.837,45.261,28.62,2.7560000000000002,-0.41799999999999926
398,KAZ,2018,47548586718,38173475909,-0.353,-0.644,102.0,3.22,KZ,Kazakhstan,33683166566.0,1.4116424186197458,0.06577112198573434,47548586718.0,0.9342288780142657,90.908,9.092,47.567,33.891,2.3059999999999974,5.270999999999997
398,KAZ,2019,46361433646,43703535705,-0.177,-0.561,108.0,4.18,KZ,Kazakhstan,33683166566.0,1.3763977194708743,0.07281428716631283,46361433646.0,0.9271857128336871,90.056,9.944,45.567,32.326,-2.0,-1.5649999999999977
398,KAZ,2020,38535085386,39566469647,-0.263,-0.683,100.0,3.21,KZ,Kazakhstan,33683166566.0,1.1440458043186936,0.10324298076965362,38535085386.0,0.8967570192303463,89.04,10.96,42.773,26.702,-2.793999999999997,-5.623999999999999
398,KAZ,2021,52514416511,46389532384,-0.469,-0.659,101.0,3.21,KZ,Kazakhstan,33683166566.0,1.5590700597611977,0.08345815162690953,52514416511.0,0.9165418483730905,88.419,11.581,47.295,29.21,4.5219999999999985,2.507999999999999
398,KAZ,2022,78437058083,54176299407,0.245,-0.673,94.0,3.65,KZ,Kazakhstan,33683166566.0,2.3286723333837283,0.07184670508608773,78437058083.0,0.9281532949139123,87.53,12.47,41.516,36.302,-5.7790000000000035,7.091999999999999
398,KAZ,2023,87133150531,69546226666,0.436,-0.523,104.0,3.779,KZ,Kazakhstan,33683166566.0,2.586845579386611,0.07871520654777506,87133150531.0,0.9212847934522249,,,,,,
398,KAZ,2024,81352225977,70315683325,0.363,-0.508,108.0,3.88,KZ,Kazakhstan,33683166566.0,2.4152190625425773,0.07276393545054821,81352225977.0,0.9272360645494517,,,,,,
404,KEN,2012,4783989781,16630222598,-0.384,0.284,198.0,6.25,KE,Kenya,5667406119.666667,0.8441233396701372,0.060918701762969756,4783989781.0,0.9390812982370302,,,,,,
404,KEN,2013,5579537826,17082028956,-0.24,0.9,235.0,6.5,KE,Kenya,5667406119.666667,0.9844958536919117,0.04765228296898107,5579537826.0,0.952347717031019,,,,,,
404,KEN,2014,5497302495,21404733392,-0.487,0.246,189.0,6.0,KE,Kenya,5667406119.666667,0.9699856299204702,0.06505993830851627,5497302495.0,0.9349400616914837,,,,,,
404,KEN,2015,5835172474,18678689411,-0.315,0.439,197.0,5.98,KE,Kenya,5667406119.666667,1.029601964424459,0.04697412582660178,5835172474.0,0.9530258741733982,,,,,,
404,KEN,2016,5534394551,15958979272,-0.356,0.663,214.0,5.87,KE,Kenya,5667406119.666667,0.9765304328191519,0.04508015284665821,5534394551.0,0.9549198471533418,,,,,,
404,KEN,2017,5632651334,17475989420,-0.423,0.549,205.0,4.67,KE,Kenya,5667406119.666667,0.9938676027563892,0.047721687656466505,5632651334.0,0.9522783123435334,,,,,,
404,KEN,2018,5993721573,17993127956,-0.351,0.784,220.0,4.97,KE,Kenya,5667406119.666667,1.057577566605113,0.04729428494410451,5993721573.0,0.9527057150558955,,,,,,
404,KEN,2019,5874821119,18089255738,-0.424,0.876,219.0,5.16,KE,Kenya,5667406119.666667,1.036597871222529,0.04983167270090419,5874821119.0,0.9501683272990958,,,,,,
404,KEN,2020,5901823451,17316714498,-0.497,0.482,203.0,4.33,KE,Kenya,5667406119.666667,1.0413623669071241,0.05149186546695083,5901823451.0,0.9485081345330492,,,,,,
404,KEN,2021,6760164489,21447865629,-0.452,0.787,209.0,4.33,KE,Kenya,5667406119.666667,1.1928145515355453,0.05041643444554012,6760164489.0,0.9495835655544599,,,,,,
404,KEN,2022,7564131382,23176312797,-0.457,1.047,230.0,3.939,KE,Kenya,5667406119.666667,1.3346725507726436,0.04958150331482319,7564131382.0,0.9504184966851769,,,,,,
404,KEN,2023,7562818913,22793224084,-0.402,1.179,239.0,4.061,KE,Kenya,5667406119.666667,1.3344409688156975,0.051048636863369926,7562818913.0,0.9489513631366301,,,,,,
404,KEN,2024,8173023330,23680533432,-0.267,1.035,226.0,3.382,KE,Kenya,5667406119.666667,1.4421100513052174,0.04934119302277165,8173023330.0,0.9506588069772284,,,,,,
417,KGZ,2012,1447558148,8979030900,-0.294,0.329,184.0,5.39,KG,Kyrgyzstan,1199258556.3333333,1.2070442527638319,0.16269861608378955,1447558148.0,0.8373013839162105,,,,,,
417,KGZ,2013,1582014455,9432328362,-0.206,0.352,186.0,5.23,KG,Kyrgyzstan,1199258556.3333333,1.3191604484665274,0.14449710687507752,1582014455.0,0.8555028931249224,,,,,,
417,KGZ,2014,1611511918,9419822540,-0.324,0.054,176.0,4.03,KG,Kyrgyzstan,1199258556.3333333,1.343756865014254,0.1579721154285014,1611511918.0,0.8420278845714986,,,,,,
417,KGZ,2015,1228196521,7114938576,-0.108,0.573,195.0,5.77,KG,Kyrgyzstan,1199258556.3333333,1.0241298796776093,0.1810661192682921,1228196521.0,0.8189338807317079,,,,,,
417,KGZ,2016,877043982,8144611505,-0.112,0.326,178.0,6.04,KG,Kyrgyzstan,1199258556.3333333,0.73132184662623,0.1229140564479381,877043982.0,0.8770859435520619,,,,,,
417,KGZ,2017,1492535166,8865459211,-0.243,0.253,177.0,4.22,KG,Kyrgyzstan,1199258556.3333333,1.2445482736961608,0.13154395121766135,1492535166.0,0.8684560487823386,,,,,,
417,KGZ,2018,1668076077,9926926917,-0.161,0.129,171.0,3.91,KG,Kyrgyzstan,1199258556.3333333,1.3909228065881392,0.21414711409079426,1668076077.0,0.7858528859092058,,,,,,
417,KGZ,2019,1874674333,10802641523,-0.131,0.092,180.0,4.43,KG,Kyrgyzstan,1199258556.3333333,1.5631944613609539,0.2401083435739125,1874674333.0,0.7598916564260875,,,,,,
417,KGZ,2020,1708331546,7020573128,-0.064,0.089,171.0,3.99,KG,Kyrgyzstan,1199258556.3333333,1.424489770765638,0.2717076701676401,1708331546.0,0.7282923298323599,,,,,,
417,KGZ,2021,2565058426,12423637137,-0.217,0.022,175.0,3.99,KG,Kyrgyzstan,1199258556.3333333,2.138870231489133,0.18692242339246254,2565058426.0,0.8130775766075374,,,,,,
417,KGZ,2022,2377255717,22056524615,-0.189,0.444,202.0,3.945,KG,Kyrgyzstan,1199258556.3333333,1.9822712161990554,0.2480750147166284,2377255717.0,0.7519249852833716,,,,,,
417,KGZ,2023,3821709716,29796282343,0.099,0.704,210.0,3.948,KG,Kyrgyzstan,1199258556.3333333,3.1867270788416686,0.16113637496296768,3821709716.0,0.8388636250370323,,,,,,
417,KGZ,2024,7635835557,29984099128,0.211,0.449,187.0,3.669,KG,Kyrgyzstan,1199258556.3333333,6.367130354563527,0.19433724545873649,7635835557.0,0.8056627545412636,,,,,,
116,KHM,2012,7797481469,14382552976,-1.125,-1.114,83.0,3.71,KH,Cambodia,13227752680.0,0.5894789279504431,0.11576590744855964,7797481469.0,0.8842340925514404,71.569,28.431,12.853,40.396,,
116,KHM,2013,8655288095,19288931386,-0.801,-0.911,104.0,3.62,KH,Cambodia,13227752680.0,0.6543279349398904,0.10704120833662793,8655288095.0,0.8929587916633721,69.992,30.008,11.781,41.59,-1.0719999999999992,1.1940000000000026
116,KHM,2014,10199649393,17586035947,-0.896,-0.878,100.0,3.76,KH,Cambodia,13227752680.0,0.7710795355602309,0.0926907979718957,10199649393.0,0.9073092020281043,68.282,31.718,11.488,40.98,-0.29300000000000104,-0.6100000000000065
116,KHM,2015,11661774239,18240392487,-0.557,-0.854,105.0,4.25,KH,Cambodia,13227752680.0,0.8816141729526198,0.08683649703805647,11661774239.0,0.9131635029619435,68.734,31.266,12.921,40.662,1.4329999999999998,-0.31799999999999784
116,KHM,2016,13575232132,16993102938,-0.372,-0.741,114.0,4.64,KH,Cambodia,13227752680.0,1.0262689710343147,0.07010622853488221,13575232132.0,0.9298937714651178,69.125,30.875,12.51,38.679,-0.4109999999999996,-1.982999999999997
116,KHM,2017,14446251669,20063077389,-0.225,-0.639,122.0,5.63,KH,Cambodia,13227752680.0,1.0921168560130654,0.07185949169002986,14446251669.0,0.9281405083099701,68.857,31.143,12.492,39.979,-0.017999999999998906,1.2999999999999972
116,KHM,2018,16347041451,25993903333,-0.328,-0.614,125.0,6.04,KH,Cambodia,13227752680.0,1.2358139622398807,0.07741872571135582,16347041451.0,0.9225812742886442,69.22,30.78,12.624,41.499,0.13199999999999967,1.5200000000000031
116,KHM,2019,20788561335,26690461480,-0.494,-0.675,124.0,6.2,KH,Cambodia,13227752680.0,1.571586787106455,0.08573003514742887,20788561335.0,0.9142699648525712,70.335,29.665,13.173,42.054,0.5489999999999995,0.5549999999999997
116,KHM,2020,20633300872,24482403604,-0.347,-0.601,131.0,6.14,KH,Cambodia,13227752680.0,1.5598493085826277,0.11053472928185416,20633300872.0,0.8894652707181459,69.016,30.984,12.989,41.556,-0.18399999999999928,-0.49800000000000466
116,KHM,2021,22331059373,34194503212,-0.138,-0.572,137.0,6.14,KH,Cambodia,13227752680.0,1.6881975278207273,0.1453930656409746,22331059373.0,0.8546069343590255,67.533,32.467,14.776,43.146,1.786999999999999,1.5900000000000034
116,KHM,2022,28015045746,40171237670,-0.31,-0.558,128.0,3.499,KH,Cambodia,13227752680.0,2.117899118900067,0.16600887809941325,28015045746.0,0.8339911219005868,62.309,37.691,15.218,52.183,0.44200000000000017,9.036999999999999
116,KHM,2023,28797887713,30706429670,-0.072,-0.49,135.0,3.636,KH,Cambodia,13227752680.0,2.177080900260678,0.13958689800151458,28797887713.0,0.8604131019984854,,,,,,
116,KHM,2024,32442371656,36667849071,0.031,-0.398,136.0,3.906,KH,Cambodia,13227752680.0,2.4525988987571545,0.13991357858944078,32442371656.0,0.8600864214105592,,,,,,
296,KIR,2012,56766545,155114278,-0.758,-0.994,21.0,,KI,Kiribati,112401521.0,0.5050336018139826,0.2991241563160631,56766545.0,0.7008758436839368,,,,,,
296,KIR,2013,72525273,175403448,-0.582,-0.968,18.0,,KI,Kiribati,112401521.0,0.6452339110251009,0.41782486082087616,72525273.0,0.5821751391791239,,,,,,
296,KIR,2014,67490213,189067375,0.16,-0.67,30.0,,KI,Kiribati,112401521.0,0.6004386097230837,0.27287455888121187,67490213.0,0.7271254411187882,,,,,,
296,KIR,2015,104038647,178040010,-0.529,-0.94,17.0,,KI,Kiribati,112401521.0,0.925598213212791,0.44691300610775214,104038647.0,0.5530869938922478,,,,,,
296,KIR,2016,106973566,138839250,-0.293,-0.897,15.0,,KI,Kiribati,112401521.0,0.951709238881207,0.484835672798262,106973566.0,0.515164327201738,,,,,,
296,KIR,2017,126192350,132020793,-1.243,-1.024,10.0,,KI,Kiribati,112401521.0,1.1226925479060021,0.49889151898643325,126192350.0,0.5011084810135668,,,,,,
296,KIR,2018,93754982,113595580,-0.754,-1.016,12.0,,KI,Kiribati,112401521.0,0.8341077697694144,0.5493506772360351,93754982.0,0.45064932276396485,,,,,,
296,KIR,2019,99211241,104791646,-0.608,-1.001,14.0,,KI,Kiribati,112401521.0,0.8826503424273058,0.4580141305802351,99211241.0,0.5419858694197649,,,,,,
296,KIR,2020,86925160,151912537,-0.641,-0.997,12.0,,KI,Kiribati,112401521.0,0.7733450510869866,0.49290344673145714,86925160.0,0.5070965532685429,,,,,,
296,KIR,2021,86399498,177487276,0.014,-0.89,12.0,,KI,Kiribati,112401521.0,0.7686684061864252,0.36809403354565057,86399498.0,0.6319059664543494,,,,,,
296,KIR,2022,101456618,200095717,-0.494,-1.005,10.0,,KI,Kiribati,112401521.0,0.9026267358072494,0.35212269741879876,101456618.0,0.6478773025812012,,,,,,
296,KIR,2023,72344138,175946589,-0.041,-0.936,16.0,1.914,KI,Kiribati,112401521.0,0.6436224114796454,0.6249843147178911,72344138.0,0.37501568528210893,,,,,,
296,KIR,2024,87591039,190579713,-0.555,-0.853,16.0,,KI,Kiribati,112401521.0,0.7792691613132174,0.4211200628089135,87591039.0,0.5788799371910864,,,,,,
659,KNA,2012,76184222,267432438,0.569,-0.393,51.0,,KN,Saint Kitts and Nevis,73706336.66666667,1.033618348779691,0.3998495491506153,76184222.0,0.6001504508493847,,,,,,
659,KNA,2013,84518020,439348583,0.762,-0.355,53.0,,KN,Saint Kitts and Nevis,73706336.66666667,1.1466859407519958,0.3110921617833823,84518020.0,0.6889078382166177,,,,,,
659,KNA,2014,93275027,436730314,0.585,-0.269,51.0,,KN,Saint Kitts and Nevis,73706336.66666667,1.2654953592637737,0.29117830362086683,93275027.0,0.7088216963791332,,,,,,
659,KNA,2015,84320874,332058465,0.751,-0.42,49.0,,KN,Saint Kitts and Nevis,73706336.66666667,1.1440111910776012,0.3483487725609501,84320874.0,0.6516512274390499,,,,,,
659,KNA,2016,70176374,340296158,0.489,-0.417,62.0,,KN,Saint Kitts and Nevis,73706336.66666667,0.9521077450554793,0.3556156660668466,70176374.0,0.6443843339331534,,,,,,
659,KNA,2017,66621762,434095917,0.509,-0.276,59.0,,KN,Saint Kitts and Nevis,73706336.66666667,0.9038810638669194,0.3655910285795167,66621762.0,0.6344089714204832,,,,,,
659,KNA,2018,77341002,383471398,0.337,-0.659,51.0,,KN,Saint Kitts and Nevis,73706336.66666667,1.0493127931424802,0.3343905289629573,77341002.0,0.6656094710370427,,,,,,
659,KNA,2019,65322196,371351848,0.511,-0.635,38.0,,KN,Saint Kitts and Nevis,73706336.66666667,0.8862493912214965,0.5181123761395687,65322196.0,0.48188762386043127,,,,,,
659,KNA,2020,56743434,304450707,0.776,-0.463,43.0,,KN,Saint Kitts and Nevis,73706336.66666667,0.7698582858163122,0.5231405221429299,56743434.0,0.47685947785707006,,,,,,
659,KNA,2021,59345209,294432961,0.468,-0.518,53.0,,KN,Saint Kitts and Nevis,73706336.66666667,0.805157489625157,0.3379436102953755,59345209.0,0.6620563897046245,,,,,,
659,KNA,2022,43740570,358011590,0.476,-0.451,62.0,,KN,Saint Kitts and Nevis,73706336.66666667,0.5934438201401137,0.3555364671042804,43740570.0,0.6444635328957196,,,,,,
659,KNA,2023,72302494,383455049,0.525,-0.44,50.0,2.581,KN,Saint Kitts and Nevis,73706336.66666667,0.9809535688496434,0.24692276353759718,72302494.0,0.7530772364624028,,,,,,
659,KNA,2024,41931146,369752831,0.684,-0.333,57.0,,KN,Saint Kitts and Nevis,73706336.66666667,0.5688947232533286,0.24762033615660595,41931146.0,0.752379663843394,,,,,,
410,KOR,2012,551259355409,476344210806,1.625,0.912,242.0,3.68,KR,South Korea,518936509840.0,1.0622867055142562,0.09491906729844178,551259355409.0,0.9050809327015582,58.749,41.251,15.802,31.787,,
410,KOR,2013,564558982378,455779722872,1.659,0.882,246.0,3.82,KR,South Korea,518936509840.0,1.0879153261967758,0.10265815287809482,564558982378.0,0.8973418471219052,61.562,38.438,16.876,31.54,1.0740000000000016,-0.2469999999999999
410,KOR,2014,585551618686,478408856721,1.696,0.971,238.0,3.72,KR,South Korea,518936509840.0,1.1283685144191127,0.10413931891819968,585551618686.0,0.8958606810818003,63.91,36.09,17.347,30.661,0.4710000000000001,-0.8789999999999978
410,KOR,2015,513871056263,394225019299,1.749,0.989,234.0,3.41,KR,South Korea,518936509840.0,0.9902387797332629,0.10766570195776343,513871056263.0,0.8923342980422366,69.07,30.93,19.66,29.978,2.312999999999999,-0.6829999999999998
410,KOR,2016,486256259444,371408135350,1.787,0.898,247.0,4.03,KR,South Korea,518936509840.0,0.9370245689476039,0.10175727549907236,486256259444.0,0.8982427245009277,71.032,28.968,20.472,28.608,0.8120000000000012,-1.370000000000001
410,KOR,2017,556682213813,431961547769,1.755,0.841,236.0,3.1,KR,South Korea,518936509840.0,1.0727366513191332,0.0990322790343627,556682213813.0,0.9009677209656373,69.427,30.573,21.728,28.663,1.2560000000000002,0.054999999999999716
410,KOR,2018,600635704392,486951145253,1.798,0.794,236.0,3.11,KR,South Korea,518936509840.0,1.1574358192241856,0.10950333513383251,600635704392.0,0.8904966648661675,68.303,31.697,21.242,28.675,-0.48600000000000065,0.012000000000000455
410,KOR,2019,531829514623,452681971739,1.807,0.745,257.0,3.21,KR,South Korea,518936509840.0,1.0248450524072303,0.10607046422397398,531829514623.0,0.893929535776026,68.41,31.59,21.068,27.006,-0.1739999999999995,-1.6690000000000005
410,KOR,2020,505231111370,418064611060,1.78,0.882,243.0,2.81,KR,South Korea,518936509840.0,0.973589450327506,0.11405412534555194,505231111370.0,0.8859458746544481,70.205,29.795,21.806,25.823,0.7379999999999995,-1.1829999999999998
410,KOR,2021,644416447930,547844470370,1.77,0.882,229.0,2.81,KR,South Korea,518936509840.0,1.2418021004702258,0.11205704800911219,644416447930.0,0.8879429519908878,68.97,31.03,23.049,27.3,1.2429999999999986,1.4770000000000003
410,KOR,2022,670691409162,631481094982,1.774,0.871,236.0,2.931,KR,South Korea,518936509840.0,1.2924344239506091,0.09677963623556894,670691409162.0,0.903220363764431,63.347,36.653,21.803,28.355,-1.2459999999999987,1.0549999999999997
410,KOR,2023,643960258640,558455796220,1.725,0.888,250.0,2.654,KR,South Korea,518936509840.0,1.2409230154928734,0.09207304761484514,643960258640.0,0.9079269523851549,,,,,,
410,KOR,2024,681355949327,554557795632,1.599,0.977,241.0,3.36,KR,South Korea,518936509840.0,1.3129851849064882,0.09457147767351216,681355949327.0,0.9054285223264879,,,,,,
414,KWT,2012,92898279506,26053675822,-0.352,-1.126,13.0,1.4,KW,Kuwait,39409838242.666664,2.3572357474287884,0.09876350467832523,92898279506.0,0.9012364953216747,,,,,,
414,KWT,2013,84388004311,27038683291,0.106,-1.087,24.0,2.29,KW,Kuwait,39409838242.666664,2.1412928363567394,0.10560571737571449,84388004311.0,0.8943942826242856,,,,,,
414,KWT,2014,76464909596,29760804928,-0.076,-1.019,31.0,1.95,KW,Kuwait,39409838242.666664,1.9402492627644443,0.10288794053134076,76464909596.0,0.8971120594686592,,,,,,
414,KWT,2015,42276419889,28305029863,-0.052,-1.081,31.0,2.53,KW,Kuwait,39409838242.666664,1.0727377166250294,0.08931309229359527,42276419889.0,0.9106869077064047,,,,,,
414,KWT,2016,32970600789,27151564180,-0.001,-1.088,32.0,1.96,KW,Kuwait,39409838242.666664,0.8366083764663796,0.08917179361992446,32970600789.0,0.9108282063800756,,,,,,
414,KWT,2017,42982494050,31794466688,-0.068,-1.047,35.0,1.51,KW,Kuwait,39409838242.666664,1.090653906908591,0.09456612867251958,42982494050.0,0.9054338713274804,,,,,,
414,KWT,2018,54338514107,34177711431,-0.061,-1.098,34.0,1.51,KW,Kuwait,39409838242.666664,1.37880581423374,0.11600361174229853,54338514107.0,0.8839963882577014,,,,,,
414,KWT,2019,49776305125,33879908713,0.318,-1.003,32.0,1.28,KW,Kuwait,39409838242.666664,1.2630426143467441,0.11557896711496198,49776305125.0,0.884421032885038,,,,,,
414,KWT,2020,33180081173,29440043765,0.314,-0.987,37.0,0.71,KW,Kuwait,39409838242.666664,0.8419238102093481,0.12509141057343556,33180081173.0,0.8749085894265645,,,,,,
414,KWT,2021,47262097415,35573291622,0.249,-1.005,30.0,0.71,KW,Kuwait,39409838242.666664,1.1992461659949714,0.14855812383982547,47262097415.0,0.8514418761601745,,,,,,
414,KWT,2022,72800133808,38842674676,0.266,-1.107,28.0,1.827,KW,Kuwait,39409838242.666664,1.8472578689547543,0.1371637414603805,72800133808.0,0.8628362585396195,,,,,,
414,KWT,2023,60717944958,40077997716,0.067,-1.131,30.0,1.157,KW,Kuwait,39409838242.666664,1.5406798826254589,0.09919368015574018,60717944958.0,0.9008063198442599,,,,,,
414,KWT,2024,49514253219,33153042078,0.316,-0.91,39.0,1.168,KW,Kuwait,39409838242.666664,1.2563932111092477,0.08998455755945313,49514253219.0,0.9100154424405469,,,,,,
418,LAO,2012,3075206945,5677421509,-1.461,-1.009,101.0,3.26,LA,Laos,4504641700.0,0.6826751492799084,0.2499925193277214,3075206945.0,0.7500074806722786,82.102,17.898,27.946,26.954,,
418,LAO,2013,3755498616,6555929758,-1.224,-0.849,117.0,3.11,LA,Laos,4504641700.0,0.8336953005607527,0.2339281644502607,3755498616.0,0.7660718355497393,87.257,12.743,31.408,25.739,3.4619999999999997,-1.2149999999999999
418,LAO,2014,4507367262,7087156347,-1.086,-0.723,121.0,2.92,LA,Laos,4504641700.0,1.000605056335557,0.2811736066248891,4507367262.0,0.7188263933751109,89.051,10.949,27.873,24.446,-3.535,-1.2929999999999993
418,LAO,2015,4154378210,6534040438,-1.105,-0.689,125.0,3.22,LA,Laos,4504641700.0,0.9222438734694481,0.2840570317955068,4154378210.0,0.7159429682044932,92.247,7.753,29.383,24.816,1.509999999999998,0.36999999999999744
418,LAO,2016,4323960515,5948072596,-1.006,-0.844,113.0,3.96,LA,Laos,4504641700.0,0.9598899985763574,0.2956930040199048,4323960515.0,0.7043069959800952,92.15,7.85,27.496,27.046,-1.8870000000000005,2.2300000000000004
418,LAO,2017,5035586375,6479242700,-1.078,-0.882,113.0,4.85,LA,Laos,4504641700.0,1.1178661279541944,0.3054170050316143,5035586375.0,0.6945829949683857,90.676,9.324,28.636,28.541,1.1400000000000006,1.495000000000001
418,LAO,2018,6005393913,6909916724,-0.989,-0.959,103.0,5.28,LA,Laos,4504641700.0,1.3331568441947337,0.3133838633688546,6005393913.0,0.6866161366311454,90.268,9.732,27.25,30.103,-1.3859999999999992,1.5620000000000012
418,LAO,2019,6230722934,6730398308,-0.96,-0.769,119.0,5.58,LA,Laos,4504641700.0,1.3831783633313166,0.2947228968862422,6230722934.0,0.7052771031137578,89.029,10.971,26.935,29.665,-0.3150000000000013,-0.4380000000000024
418,LAO,2020,6674085756,5914666900,-0.833,-0.498,136.0,5.11,LA,Laos,4504641700.0,1.4816019120899226,0.3040586088196254,6674085756.0,0.6959413911803747,91.186,8.814,24.354,27.004,-2.5809999999999995,-2.660999999999998
418,LAO,2021,8464223812,6772471446,-0.664,-0.454,134.0,5.11,LA,Laos,4504641700.0,1.8790004567954872,0.26206573557989515,8464223812.0,0.7379342644201048,89.578,10.422,31.597,34.692,7.243000000000002,7.687999999999999
418,LAO,2022,10080738189,8257265004,-0.787,-0.591,120.0,4.749,LA,Laos,4504641700.0,2.2378557186912333,0.23323930306820453,10080738189.0,0.7667606969317955,80.729,19.271,29.28,43.784,-2.317,9.091999999999999
418,LAO,2023,9604911603,8988616564,-0.869,-0.675,132.0,4.777,LA,Laos,4504641700.0,2.1322254338230717,0.24785115359743504,9604911603.0,0.752148846402565,,,,,,
418,LAO,2024,10254698331,9258926256,-0.704,-0.831,104.0,4.898,LA,Laos,4504641700.0,2.276473694012112,0.2876997312685967,10254698331.0,0.7123002687314033,,,,,,
422,LBN,2012,3905285142,20001216626,0.471,1.514,300.0,3.25,LB,Lebanon,2813226298.3333335,1.3881873435896874,0.06563057281795545,3905285142.0,0.9343694271820445,,,,,,
422,LBN,2013,3857266604,20768202623,0.379,1.695,289.0,3.8,LB,Lebanon,2813226298.3333335,1.3711184934838685,0.05607054789108952,3857266604.0,0.9439294521089104,,,,,,
422,LBN,2014,3287350871,20070444874,0.386,1.918,302.0,3.04,LB,Lebanon,2813226298.3333335,1.1685341036899721,0.04788236893290039,3287350871.0,0.9521176310670996,,,,,,
422,LBN,2015,2965060107,17906440474,0.364,1.538,280.0,2.76,LB,Lebanon,2813226298.3333335,1.0539714166459409,0.04853590046764514,2965060107.0,0.9514640995323549,,,,,,
422,LBN,2016,2662446481,18052349573,0.328,1.277,262.0,4.32,LB,Lebanon,2813226298.3333335,0.9464032390772611,0.043634858828796225,2662446481.0,0.9563651411712037,,,,,,
422,LBN,2017,2812172307,19280569235,0.345,1.366,264.0,1.09,LB,Lebanon,2813226298.3333335,0.9996253442767978,0.04632072180174163,2812172307.0,0.9536792781982584,,,,,,
422,LBN,2018,3016372044,19933642908,0.348,1.331,256.0,1.24,LB,Lebanon,2813226298.3333335,1.0722109507461302,0.04941538184641085,3016372044.0,0.9505846181535892,,,,,,
422,LBN,2019,4132711171,17445125435,0.335,1.213,248.0,0.72,LB,Lebanon,2813226298.3333335,1.469029055162886,0.09995993962688626,4132711171.0,0.9000400603731138,,,,,,
422,LBN,2020,3784733702,11640116211,0.272,1.006,236.0,1.16,LB,Lebanon,2813226298.3333335,1.3453356753568761,0.11452168633256649,3784733702.0,0.8854783136674336,,,,,,
422,LBN,2021,3984768207,14158859290,0.3,0.601,209.0,1.16,LB,Lebanon,2813226298.3333335,1.4164406927948647,0.08083388867600479,3984768207.0,0.9191661113239952,,,,,,
422,LBN,2022,3778460678,18157873014,0.39,0.825,219.0,3.648,LB,Lebanon,2813226298.3333335,1.3431058426542186,0.07857806211193734,3778460678.0,0.9214219378880627,,,,,,
422,LBN,2023,3877884437,17940268364,0.391,0.891,231.0,4.21,LB,Lebanon,2813226298.3333335,1.37844738594169,0.0838507429347618,3877884437.0,0.9161492570652382,,,,,,
422,LBN,2024,3675899405,15787257943,0.378,0.652,214.0,3.851,LB,Lebanon,2813226298.3333335,1.3066490268407303,0.09772031886756967,3675899405.0,0.9022796811324303,,,,,,
430,LBR,2012,1100599532,16376612015,-1.199,-1.169,31.0,,LR,Liberia,1160677491.3333333,0.9482388865279722,0.08127378611496194,1100599532.0,0.9187262138850381,,,,,,
430,LBR,2013,1124331803,13733285118,-0.94,-1.075,33.0,,LR,Liberia,1160677491.3333333,0.9686857989366358,0.1225147150802196,1124331803.0,0.8774852849197804,,,,,,
430,LBR,2014,1235461348,11944202775,-1.205,-1.126,20.0,,LR,Liberia,1160677491.3333333,1.064431211275372,0.09236589022962359,1235461348.0,0.9076341097703764,,,,,,
430,LBR,2015,1496886086,8587433851,-1.609,-1.241,18.0,,LR,Liberia,1160677491.3333333,1.2896658177461904,0.14100175574519083,1496886086.0,0.8589982442548092,,,,,,
430,LBR,2016,868718435,9841021356,-1.159,-1.153,37.0,5.7,LR,Liberia,1160677491.3333333,0.7484580699519346,0.08195404712872503,868718435.0,0.918045952871275,,,,,,
430,LBR,2017,1116427953,8128020519,-0.738,-1.016,35.0,4.04,LR,Liberia,1160677491.3333333,0.9618761123018752,0.1513227739785099,1116427953.0,0.8486772260214901,,,,,,
430,LBR,2018,1248787110,9332504787,-0.895,-0.988,43.0,3.65,LR,Liberia,1160677491.3333333,1.075912231713437,0.06373665984254802,1248787110.0,0.9362633401574519,,,,,,
430,LBR,2019,1148068327,11826745369,-1.058,-1.123,33.0,3.53,LR,Liberia,1160677491.3333333,0.9891363755845317,0.06426960165989448,1148068327.0,0.9357303983401055,,,,,,
430,LBR,2020,911982705,11911226613,-1.501,-1.191,32.0,2.32,LR,Liberia,1160677491.3333333,0.7857330841768595,0.07093844203780016,911982705.0,0.9290615579621998,,,,,,
430,LBR,2021,1448080658,15428277276,-1.205,-1.158,31.0,2.32,LR,Liberia,1160677491.3333333,1.2476167314457964,0.08795539788274688,1448080658.0,0.9120446021172531,,,,,,
430,LBR,2022,1706857035,21742033748,-1.138,-1.034,37.0,2.543,LR,Liberia,1160677491.3333333,1.4705696007245221,0.0924989778401608,1706857035.0,0.9075010221598392,,,,,,
430,LBR,2023,1872119221,24681355021,-1.472,-1.088,34.0,2.506,LR,Liberia,1160677491.3333333,1.6129538437498214,0.13135908348126954,1872119221.0,0.8686409165187304,,,,,,
430,LBR,2024,2105111777,29319290734,-2.336,-1.184,25.0,1.666,LR,Liberia,1160677491.3333333,1.8136922553583286,0.140120961405641,2105111777.0,0.859879038594359,,,,,,
434,LBY,2012,48908012875,22128507806,-2.28,-1.211,5.0,-0.28,LY,Libya,12740101254.333334,3.838902996031115,0.1292759105818833,48908012875.0,0.8707240894181167,,,,,,
434,LBY,2013,35679613260,25849893905,-2.126,-1.247,13.0,0.7,LY,Libya,12740101254.333334,2.800575328854955,0.1143487330669343,35679613260.0,0.8856512669330657,,,,,,
434,LBY,2014,17467758704,18206795370,-1.871,-1.227,17.0,1.04,LY,Libya,12740101254.333334,1.3710847626158884,0.1325014386220476,17467758704.0,0.8674985613779524,,,,,,
434,LBY,2015,9603623966,12896258435,-1.486,-1.296,23.0,,LY,Libya,12740101254.333334,0.753810646735126,0.15588133696253828,9603623966.0,0.8441186630374617,,,,,,
434,LBY,2016,10812216655,10121622382,-1.054,-1.281,24.0,,LY,Libya,12740101254.333334,0.8486758809175401,0.09355236675071507,10812216655.0,0.9064476332492849,,,,,,
434,LBY,2017,17804463142,9174993053,-1.347,-1.228,20.0,0.48,LY,Libya,12740101254.333334,1.3975134723473337,0.0913746340612494,17804463142.0,0.9086253659387507,,,,,,
434,LBY,2018,28191660501,13486952768,-1.763,-1.272,17.0,-0.04,LY,Libya,12740101254.333334,2.2128286061628493,0.1053986291945783,28191660501.0,0.8946013708054217,,,,,,
434,LBY,2019,28915327360,15602484186,-1.921,-1.246,11.0,0.18,LY,Libya,12740101254.333334,2.2696308908977416,0.14743436881669428,28915327360.0,0.8525656311833057,,,,,,
434,LBY,2020,7546662648,12440270772,-1.449,-1.263,19.0,0.78,LY,Libya,12740101254.333334,0.5923549976051508,0.11576100028053204,7546662648.0,0.884238999719468,,,,,,
434,LBY,2021,26381563328,17461811231,-1.723,-1.213,12.0,0.78,LY,Libya,12740101254.333334,2.0707498944740923,0.10309506491340767,26381563328.0,0.8969049350865923,,,,,,
434,LBY,2022,32118716329,19856083861,-1.86,-1.21,10.0,0.429,LY,Libya,12740101254.333334,2.5210722966644674,0.11185279746336046,32118716329.0,0.8881472025366395,,,,,,
434,LBY,2023,28632170655,23162216763,-1.991,-1.26,16.0,0.269,LY,Libya,12740101254.333334,2.2474052665210364,0.10383726235740881,28632170655.0,0.8961627376425911,,,,,,
434,LBY,2024,24983468991,20324348681,-1.678,-1.149,17.0,0.391,LY,Libya,12740101254.333334,1.9610102378505263,0.1150863031240594,24983468991.0,0.8849136968759406,,,,,,
662,LCA,2012,88589249,2031734044,0.444,-0.092,100.0,,LC,Saint Lucia,98750483.0,0.8971019311368836,0.14382039639598382,88589249.0,0.8561796036040161,,,,,,
662,LCA,2013,161632117,1103824717,0.306,-0.487,64.0,,LC,Saint Lucia,98750483.0,1.6367729259612835,0.19407363227876293,161632117.0,0.805926367721237,,,,,,
662,LCA,2014,72473059,2361042254,0.618,0.063,106.0,,LC,Saint Lucia,98750483.0,0.7339008053256812,0.14995347628920147,72473059.0,0.8500465237107986,,,,,,
662,LCA,2015,86224426,1581617631,0.563,-0.008,99.0,,LC,Saint Lucia,98750483.0,0.8731544735836887,0.170223665515789,86224426.0,0.8297763344842111,,,,,,
662,LCA,2016,85896011,1155512607,0.521,0.224,106.0,,LC,Saint Lucia,98750483.0,0.8698287683311888,0.1471769545143758,85896011.0,0.8528230454856243,,,,,,
662,LCA,2017,124131012,1910416542,0.399,0.124,119.0,,LC,Saint Lucia,98750483.0,1.2570167580851226,0.16110519735254147,124131012.0,0.8388948026474585,,,,,,
662,LCA,2018,105892823,2147751684,0.242,-0.025,112.0,,LC,Saint Lucia,98750483.0,1.072327139908774,0.11773773043423119,105892823.0,0.8822622695657688,,,,,,
662,LCA,2019,77692483,2097508893,0.281,0.42,136.0,,LC,Saint Lucia,98750483.0,0.7867554733884188,0.10217451796772778,77692483.0,0.8978254820322722,,,,,,
662,LCA,2020,52727702,1267895435,0.056,0.156,130.0,,LC,Saint Lucia,98750483.0,0.5339488010402946,0.09248338816617103,52727702.0,0.9075166118338289,,,,,,
662,LCA,2021,56032210,1522438331,-0.227,-0.592,74.0,,LC,Saint Lucia,98750483.0,0.5674120095189813,0.09229168373384058,56032210.0,0.9077083162661594,,,,,,
662,LCA,2022,56150263,1284896620,-0.176,-0.169,101.0,,LC,Saint Lucia,98750483.0,0.5686074770895044,0.09048614997535867,56150263.0,0.9095138500246414,,,,,,
662,LCA,2023,68418227,1126673612,-0.026,-0.382,85.0,1.743,LC,Saint Lucia,98750483.0,0.6928394162892347,0.0907376846257719,68418227.0,0.9092623153742281,,,,,,
662,LCA,2024,79915324,1611987284,-0.165,-0.584,58.0,,LC,Saint Lucia,98750483.0,0.8092651455689589,0.23859798783790093,79915324.0,0.761402012162099,,,,,,
144,LKA,2012,9022454933,16727317599,-0.371,0.459,212.0,3.54,LK,Sri Lanka,10339650475.0,0.8726073434315003,0.07267772931264724,9022454933.0,0.9273222706873527,,,,,,
144,LKA,2013,9848488260,17943542337,-0.478,0.404,203.0,3.62,LK,Sri Lanka,10339650475.0,0.9524972129195692,0.09431760910941615,9848488260.0,0.9056823908905839,,,,,,
144,LKA,2014,10638385704,19601144965,-0.391,0.445,201.0,3.57,LK,Sri Lanka,10339650475.0,1.0288921980218098,0.09183934929988458,10638385704.0,0.9081606507001154,,,,,,
144,LKA,2015,9689049221,18971157493,-0.45,0.495,201.0,3.77,LK,Sri Lanka,10339650475.0,0.9370770554021073,0.08714606977667376,9689049221.0,0.9128539302233263,,,,,,
144,LKA,2016,10166891899,17595028690,-0.402,0.412,195.0,4.5,LK,Sri Lanka,10339650475.0,0.9832916425542905,0.103329857049621,10166891899.0,0.896670142950379,,,,,,
144,LKA,2017,11163010305,19175309814,-0.258,0.397,205.0,4.74,LK,Sri Lanka,10339650475.0,1.0796313020436021,0.09187743272598477,11163010305.0,0.9081225672740152,,,,,,
144,LKA,2018,9881330825,20248954342,-0.339,0.508,204.0,4.54,LK,Sri Lanka,10339650475.0,0.9556735838306952,0.0805966088031673,9881330825.0,0.9194033911968327,,,,,,
144,LKA,2019,11547155584,17967741247,-0.322,0.382,195.0,4.44,LK,Sri Lanka,10339650475.0,1.1167839388690748,0.08454055481045945,11547155584.0,0.9154594451895406,,,,,,
144,LKA,2020,10328442407,14623482469,-0.332,0.5,204.0,4.15,LK,Sri Lanka,10339650475.0,0.9989160109399152,0.08366003138740036,10328442407.0,0.9163399686125997,,,,,,
144,LKA,2021,12741618083,19292326698,-0.225,0.328,194.0,4.15,LK,Sri Lanka,10339650475.0,1.2323064608235705,0.07911236239718204,12741618083.0,0.920887637602818,,,,,,
144,LKA,2022,13841484675,17125050363,-0.227,0.425,194.0,4.111,LK,Sri Lanka,10339650475.0,1.3386801331889315,0.09137579031554104,13841484675.0,0.908624209684459,,,,,,
144,LKA,2023,11941215365,15294024480,-0.196,0.648,208.0,4.371,LK,Sri Lanka,10339650475.0,1.1548954574308277,0.06531465412486434,11941215365.0,0.9346853458751356,,,,,,
144,LKA,2024,12193819778,18127534636,-0.045,0.427,202.0,4.366,LK,Sri Lanka,10339650475.0,1.1793261104408852,0.06755120407607564,12193819778.0,0.9324487959239244,,,,,,
426,LSO,2012,797313012,1863814616,-0.554,-0.87,76.0,,LS,Lesotho,861418387.6666666,0.9255816028720846,0.291956204676195,797313012.0,0.708043795323805,,,,,,
426,LSO,2013,778903285,1704208801,-0.54,-0.764,89.0,,LS,Lesotho,861418387.6666666,0.9042101911822706,0.29554295714039913,778903285.0,0.7044570428596009,,,,,,
426,LSO,2014,921368746,1575161447,-0.58,-0.825,85.0,,LS,Lesotho,861418387.6666666,1.0695949368990387,0.3048690892014733,921368746.0,0.6951309107985266,,,,,,
426,LSO,2015,816976977,1424440383,-0.715,-0.923,72.0,,LS,Lesotho,861418387.6666666,0.9484090294531029,0.295234209078609,816976977.0,0.704765790921391,,,,,,
426,LSO,2016,805473696,1355748743,-0.643,-0.896,72.0,,LS,Lesotho,861418387.6666666,0.935055145713566,0.286085027327889,805473696.0,0.713914972672111,,,,,,
426,LSO,2017,961804490,1517317507,-0.844,-1.077,70.0,,LS,Lesotho,861418387.6666666,1.1165358248333312,0.24239055498987577,961804490.0,0.7576094450101243,,,,,,
426,LSO,2018,1077681378,1549159852,-0.703,-1.058,69.0,,LS,Lesotho,861418387.6666666,1.2510545321874627,0.2672180292188198,1077681378.0,0.7327819707811802,,,,,,
426,LSO,2019,973790913,1561498032,-0.72,-0.823,80.0,,LS,Lesotho,861418387.6666666,1.1304505765632866,0.22658858028405734,973790913.0,0.7734114197159426,,,,,,
426,LSO,2020,824375164,1259072868,-0.703,-0.952,68.0,,LS,Lesotho,861418387.6666666,0.9569974077671989,0.2679523251764621,824375164.0,0.7320476748235378,,,,,,
426,LSO,2021,925559322,1616416976,-0.792,-0.911,82.0,3.724,LS,Lesotho,861418387.6666666,1.0744596763334395,0.26570262617685636,925559322.0,0.7342973738231436,,,,,,
426,LSO,2022,1004191850,1709369383,-1.009,-1.052,81.0,,LS,Lesotho,861418387.6666666,1.1657422970968445,0.25716022747046957,1004191850.0,0.7428397725295304,,,,,,
426,LSO,2023,978755392,1593652578,-0.673,-0.862,81.0,2.637,LS,Lesotho,861418387.6666666,1.1362137214776264,0.2321779602123633,978755392.0,0.7678220397876367,,,,,,
426,LSO,2024,906876649,1698572062,-0.486,-0.772,75.0,,LS,Lesotho,861418387.6666666,1.0527714081614472,0.2762661671052791,906876649.0,0.7237338328947209,,,,,,
440,LTU,2012,26534278868,27196914637,0.799,1.114,302.0,2.85,LT,Lithuania,22399533919.0,1.1845906688930155,0.06433891538212731,26534278868.0,0.9356610846178727,66.421,33.579,20.459,41.171,,
440,LTU,2013,27298270374,30083479120,0.801,1.302,311.0,2.89,LT,Lithuania,22399533919.0,1.2186981422343228,0.060694639632926296,27298270374.0,0.9393053603670737,65.339,34.661,19.354,41.489,-1.1050000000000004,0.31799999999999784
440,LTU,2014,27720359732,29301383756,0.863,1.285,324.0,2.99,LT,Lithuania,22399533919.0,1.2375418092287493,0.05946206848130388,27720359732.0,0.9405379315186961,67.631,32.369,20.488,38.805,1.1340000000000003,-2.6839999999999975
440,LTU,2015,21410621647,24310572492,0.852,1.265,313.0,3.04,LT,Lithuania,22399533919.0,0.955851212102178,0.051242524633915765,21410621647.0,0.9487574753660842,66.517,33.483,20.064,38.55,-0.4239999999999995,-0.25500000000000256
440,LTU,2016,21094905397,24693232808,0.831,1.168,307.0,4.18,LT,Lithuania,22399533919.0,0.9417564433832539,0.0492563945101579,21094905397.0,0.9507436054898422,68.499,31.501,20.405,38.761,0.3410000000000011,0.21100000000000563
440,LTU,2017,24693074713,28603492731,0.861,1.066,298.0,4.06,LT,Lithuania,22399533919.0,1.102392344514568,0.04847248564708992,24693074713.0,0.95152751435291,67.124,32.876,20.767,41.184,0.3619999999999983,2.4229999999999947
440,LTU,2018,28382314818,32988062699,0.903,1.197,311.0,3.9,LT,Lithuania,22399533919.0,1.2670939904658112,0.04870711232923567,28382314818.0,0.9512928876707644,66.223,33.777,22.065,41.643,1.2980000000000018,0.4590000000000032
440,LTU,2019,28692094014,31963509266,0.924,1.176,312.0,4.29,LT,Lithuania,22399533919.0,1.2809237066161654,0.04805802558611309,28692094014.0,0.951941974413887,65.585,34.415,22.329,41.792,0.26399999999999935,0.1490000000000009
440,LTU,2020,28228422056,30418661247,0.913,1.169,303.0,3.68,LT,Lithuania,22399533919.0,1.2602236349237494,0.04733256302904757,28228422056.0,0.9526674369709525,68.226,31.774,22.737,40.485,0.4079999999999977,-1.3070000000000022
440,LTU,2021,35601826254,41127086853,0.937,1.162,310.0,3.68,LT,Lithuania,22399533919.0,1.5894003144324977,0.04828510227842244,35601826254.0,0.9517148977215776,63.294,36.706,21.944,43.598,-0.7929999999999993,3.1129999999999995
440,LTU,2022,44813650460,47201307464,0.916,1.321,327.0,3.041,LT,Lithuania,22399533919.0,2.0006510234566814,0.05486698980072517,44813650460.0,0.9451330101992749,58.576,41.424,21.377,43.646,-0.5670000000000002,0.04800000000000182
440,LTU,2023,40438161510,42813689052,0.893,1.217,321.0,2.945,LT,Lithuania,22399533919.0,1.8053126308891214,0.04965030827050122,40438161510.0,0.9503496917294988,,,,,,
440,LTU,2024,36509901169,42019685892,0.827,1.095,307.0,2.559,LT,Lithuania,22399533919.0,1.6299402166592019,0.05175462326985491,36509901169.0,0.9482453767301451,,,,,,
442,LUX,2012,16066117181,25626286341,1.105,1.446,227.0,,LU,Luxembourg,14813296683.666666,1.0845740501987455,0.10662971709819503,16066117181.0,0.893370282901805,41.485,58.515,11.78,64.47,,
442,LUX,2013,16393986861,25535032644,1.186,1.352,222.0,,LU,Luxembourg,14813296683.666666,1.1067075217008395,0.11123976739971055,16393986861.0,0.8887602326002895,40.417,59.583,10.891,65.088,-0.8889999999999993,0.617999999999995
442,LUX,2014,17449520688,25483864943,1.199,1.414,225.0,,LU,Luxembourg,14813296683.666666,1.1779633568832837,0.10711546181266926,17449520688.0,0.8928845381873307,38.595,61.405,10.383,65.003,-0.5080000000000009,-0.08499999999999375
442,LUX,2015,15335351294,21071792709,1.224,1.437,220.0,,LU,Luxembourg,14813296683.666666,1.0352422976115072,0.11201358075596791,15335351294.0,0.8879864192440321,36.909,63.091,11.449,65.533,1.0660000000000007,0.5300000000000011
442,LUX,2016,14665519033,20371557254,1.256,1.448,220.0,,LU,Luxembourg,14813296683.666666,0.9900239862994435,0.11367070876660144,14665519033.0,0.8863292912333985,37.387,62.613,10.918,66.018,-0.5310000000000006,0.48499999999999943
442,LUX,2017,14439019724,22481369598,1.247,1.493,223.0,,LU,Luxembourg,14813296683.666666,0.9747337160890494,0.11275701381257128,14439019724.0,0.8872429861874287,36.919,63.081,10.858,65.201,-0.05999999999999872,-0.8170000000000073
442,LUX,2018,15556713801,24372098618,1.226,1.473,229.0,,LU,Luxembourg,14813296683.666666,1.0501857981520775,0.112886170778069,15556713801.0,0.8871138292219309,36.122,63.878,10.115,65.6,-0.7430000000000003,0.3990000000000009
442,LUX,2019,14426157916,25031206585,1.239,1.546,240.0,,LU,Luxembourg,14813296683.666666,0.9738654550749982,0.1041028902894593,14426157916.0,0.8958971097105407,33.668,66.332,9.789,64.809,-0.3260000000000005,-0.7909999999999968
442,LUX,2020,13812721301,22343498484,1.161,1.674,228.0,,LU,Luxembourg,14813296683.666666,0.9324542399957524,0.11064875302926636,13812721301.0,0.8893512469707336,33.869,66.131,10.008,65.034,0.21899999999999942,0.22500000000000853
442,LUX,2021,16924679731,28097795571,1.134,1.482,211.0,,LU,Luxembourg,14813296683.666666,1.142532961596683,0.11187882972268402,16924679731.0,0.888121170277316,33.484,66.516,9.024,67.443,-0.984,2.408999999999992
442,LUX,2022,17762979366,28778164592,1.137,1.568,211.0,,LU,Luxembourg,14813296683.666666,1.1991239860594767,0.10639378090486563,17762979366.0,0.8936062190951344,33.925,66.075,10.645,67.669,1.6210000000000004,0.2259999999999991
442,LUX,2023,15883084102,27352482822,1.106,1.485,210.0,1.592,LU,Luxembourg,14813296683.666666,1.0722180511994266,0.09963259859829722,15883084102.0,0.9003674014017028,,,,,,
442,LUX,2024,15045922970,25632344721,1.081,1.569,214.0,,LU,Luxembourg,14813296683.666666,1.0157038835649481,0.09329070506404305,15045922970.0,0.906709294935957,,,,,,
428,LVA,2012,11666815537,24365469279,0.791,0.929,281.0,2.81,LV,Latvia,10902205067.333334,1.0701335615083682,0.06833757947532713,11666815537.0,0.9316624205246729,73.959,26.041,22.258,36.241,,
428,LVA,2013,11983466682,26052940653,0.782,1.014,287.0,2.85,LV,Latvia,10902205067.333334,1.0991782495365536,0.0739341902060134,11983466682.0,0.9260658097939866,74.537,25.463,21.902,35.694,-0.3559999999999981,-0.546999999999997
428,LVA,2014,12884660576,29041372092,0.763,0.889,275.0,2.76,LV,Latvia,10902205067.333334,1.1818398660108467,0.07298955229657358,12884660576.0,0.9270104477034264,75.022,24.978,21.293,35.742,-0.6090000000000018,0.047999999999994714
428,LVA,2015,10551742539,19675049477,0.783,0.961,280.0,2.9,LV,Latvia,10902205067.333334,0.9678539775972993,0.08113948629091235,10551742539.0,0.9188605137090876,76.099,23.901,21.414,35.501,0.12100000000000222,-0.24099999999999966
428,LVA,2016,10572804197,17995027557,0.768,0.92,267.0,4.0,LV,Latvia,10902205067.333334,0.9697858489820257,0.07774787459850034,10572804197.0,0.9222521254014997,77.313,22.687,21.401,36.312,-0.013000000000001677,0.8109999999999999
428,LVA,2017,11582068466,19720281321,0.819,1.085,287.0,3.86,LV,Latvia,10902205067.333334,1.0623601734206747,0.07325020386795228,11582068466.0,0.9267497961320477,75.708,24.292,22.047,36.495,0.6460000000000008,0.18299999999999983
428,LVA,2018,13601145419,21780356252,0.793,1.023,275.0,3.63,LV,Latvia,10902205067.333334,1.247559125424415,0.06827643682834254,13601145419.0,0.9317235631716575,75.319,24.681,22.665,36.902,0.6179999999999986,0.4070000000000036
428,LVA,2019,13236210210,21002344370,0.804,0.959,275.0,3.46,LV,Latvia,10902205067.333334,1.214085602706202,0.07087480614689776,13236210210.0,0.9291251938531022,75.231,24.769,23.042,36.169,0.37700000000000244,-0.7330000000000041
428,LVA,2020,13512297279,18947399744,0.8,0.874,259.0,3.38,LV,Latvia,10902205067.333334,1.2394095685731852,0.06839380501401449,13512297279.0,0.9316061949859855,76.582,23.418,23.036,35.725,-0.006000000000000227,-0.4439999999999955
428,LVA,2021,17552843271,24004570474,0.818,0.958,273.0,3.38,LV,Latvia,10902205067.333334,1.6100268856246531,0.07836761584179418,17552843271.0,0.9216323841582058,73.685,26.315,24.44,36.806,1.404,1.080999999999996
428,LVA,2022,20733562404,27561049011,0.786,0.995,270.0,2.802,LV,Latvia,10902205067.333334,1.9017769594267413,0.0754643887819144,20733562404.0,0.9245356112180856,71.265,28.735,24.446,40.209,0.006000000000000227,3.403000000000006
428,LVA,2023,18528812708,25258895071,0.76,1.315,307.0,2.926,LV,Latvia,10902205067.333334,1.6995472561343157,0.07596139442920863,18528812708.0,0.9240386055707914,,,,,,
428,LVA,2024,17209346214,23139983849,0.732,1.15,293.0,2.689,LV,Latvia,10902205067.333334,1.5785197680389427,0.07439628410927138,17209346214.0,0.9256037158907287,,,,,,
446,MAC,2012,1232534113,8946276459,0.741,0.779,172.0,,MO,Macao,1254040842.0,0.9828500569680808,0.2747501298726296,1232534113.0,0.7252498701273704,,,,,,
446,MAC,2013,1579832740,10830599601,0.679,0.327,139.0,,MO,Macao,1254040842.0,1.259793690196256,0.3079200860296462,1579832740.0,0.6920799139703537,,,,,,
446,MAC,2014,1319937531,11785699628,0.791,0.76,170.0,,MO,Macao,1254040842.0,1.0525474823410894,0.3623920655793986,1319937531.0,0.6376079344206014,,,,,,
446,MAC,2015,1302961643,12898602289,0.691,0.344,143.0,,MO,Macao,1254040842.0,1.039010532481525,0.36142990890559673,1302961643.0,0.6385700910944032,,,,,,
446,MAC,2016,1169661347,10355609475,0.686,0.338,126.0,,MO,Macao,1254040842.0,0.9327139179411191,0.36769771281611413,1169661347.0,0.6323022871838859,,,,,,
446,MAC,2017,1289499536,10586553816,0.626,0.244,141.0,,MO,Macao,1254040842.0,1.028275549577356,0.3992877125891544,1289499536.0,0.6007122874108456,,,,,,
446,MAC,2018,1324825358,12231005024,0.764,0.33,130.0,,MO,Macao,1254040842.0,1.0564451440729072,0.42847230340205056,1324825358.0,0.5715276965979494,,,,,,
446,MAC,2019,1406001462,12575327846,0.749,-0.02,110.0,,MO,Macao,1254040842.0,1.1211767710512892,0.526599880296386,1406001462.0,0.47340011970361395,,,,,,
446,MAC,2020,1250288421,9280683904,0.681,-0.01,114.0,,MO,Macao,1254040842.0,0.9970077362121512,0.4779783790043733,1250288421.0,0.5220216209956268,,,,,,
446,MAC,2021,1578078261,14478696388,0.8,0.159,120.0,,MO,Macao,1254040842.0,1.25839462970218,0.4807606074287392,1578078261.0,0.5192393925712608,,,,,,
446,MAC,2022,1726758693,14806299002,0.842,0.395,134.0,,MO,Macao,1254040842.0,1.376955706040713,0.4645914676936753,1726758693.0,0.5354085323063247,,,,,,
446,MAC,2023,1922483335,16573887553,0.799,-0.072,98.0,2.985,MO,Macao,1254040842.0,1.5330308795477015,0.5603478531115051,1922483335.0,0.43965214688849485,,,,,,
446,MAC,2024,1847021419,14690993885,0.703,0.044,105.0,,MO,Macao,1254040842.0,1.4728558729030614,0.6054665359924172,1847021419.0,0.3945334640075828,,,,,,
504,MAR,2012,20749333899,39588697264,-0.301,-0.123,182.0,3.31,MA,Morocco,23427945800.0,0.8856659510882086,0.08360005755929725,20749333899.0,0.9163999424407028,72.374,27.626,15.996,22.687,,
504,MAR,2013,21488264476,40023593023,-0.327,-0.259,172.0,3.35,MA,Morocco,23427945800.0,0.9172065130866062,0.09182544715590493,21488264476.0,0.9081745528440951,74.009,25.991,15.522,21.858,-0.4740000000000002,-0.8290000000000006
504,MAR,2014,23693705894,39594324677,-0.325,-0.079,180.0,3.05,MA,Morocco,23427945800.0,1.0113437215652086,0.10526562084305928,23693705894.0,0.8947343791569408,71.135,28.865,14.363,22.064,-1.1590000000000007,0.20599999999999952
504,MAR,2015,21945023418,33281550112,-0.433,-0.185,168.0,4.16,MA,Morocco,23427945800.0,0.9367028422099218,0.09731331178492415,21945023418.0,0.9026866882150758,75.375,24.625,15.682,23.282,1.3190000000000008,1.218
504,MAR,2016,22778051213,36607803867,-0.412,-0.3,157.0,4.54,MA,Morocco,23427945800.0,0.9722598561330119,0.10551486571123427,22778051213.0,0.8944851342887657,74.615,25.385,15.013,23.591,-0.6690000000000005,0.30900000000000105
504,MAR,2017,25560762769,39856375740,-0.335,-0.15,169.0,4.17,MA,Morocco,23427945800.0,1.0910373016570662,0.11176992937807649,25560762769.0,0.8882300706219235,74.205,25.795,15.386,24.804,0.37299999999999933,1.2129999999999974
504,MAR,2018,28337985617,44606858653,-0.349,-0.222,166.0,4.08,MA,Morocco,23427945800.0,1.2095804668030263,0.1106768919489144,28337985617.0,0.8893231080510856,73.41,26.59,15.956,25.563,0.5700000000000003,0.7590000000000003
504,MAR,2019,28387266433,45463074783,-0.396,-0.176,166.0,4.04,MA,Morocco,23427945800.0,1.211683972437737,0.11212812069872949,28387266433.0,0.8878718793012705,74.011,25.989,16.509,25.976,0.5530000000000008,0.41300000000000026
504,MAR,2020,26576293235,39837290627,-0.284,-0.127,176.0,3.85,MA,Morocco,23427945800.0,1.134384271752925,0.10292953799196032,26576293235.0,0.8970704620080396,74.125,25.875,17.131,23.806,0.6219999999999999,-2.169999999999998
504,MAR,2021,35088766434,52132046219,-0.319,-0.235,163.0,3.85,MA,Morocco,23427945800.0,1.497731245135457,0.09091381222966484,35088766434.0,0.9090861877703351,71.878,28.122,18.0,25.01,0.8689999999999998,1.2040000000000006
504,MAR,2022,40032399556,61815004860,-0.386,-0.317,162.0,2.772,MA,Morocco,23427945800.0,1.7087456108080974,0.0770108098973377,40032399556.0,0.9229891901026623,66.592,33.408,16.562,30.852,-1.4379999999999988,5.841999999999999
504,MAR,2023,42819885106,61586450405,-0.203,-0.251,162.0,2.876,MA,Morocco,23427945800.0,1.8277268298102345,0.10143600853884795,42819885106.0,0.8985639914611521,,,,,,
504,MAR,2024,54080170793,69316469425,-0.052,-0.333,148.0,3.219,MA,Morocco,23427945800.0,2.3083616145722856,0.07374684103804002,54080170793.0,0.92625315896196,,,,,,
498,MDA,2012,2187305238,4658421234,0.172,0.207,206.0,3.23,MD,Moldova,2207177126.0,0.9909966953871014,0.10736537360331333,2187305238.0,0.8926346263966867,,,,,,
498,MDA,2013,2328353753,5300520903,0.149,-0.107,181.0,3.14,MD,Moldova,2207177126.0,1.0549011792359433,0.09088249341350586,2328353753.0,0.9091175065864942,,,,,,
498,MDA,2014,2472299972,5315036875,-0.008,-0.238,167.0,2.74,MD,Moldova,2207177126.0,1.12011851829965,0.08068892094471282,2472299972.0,0.9193110790552872,,,,,,
498,MDA,2015,2063571112,3766116109,-0.078,-0.275,171.0,3.07,MD,Moldova,2207177126.0,0.9349367967308302,0.08469061803897059,2063571112.0,0.9153093819610294,,,,,,
498,MDA,2016,2040525789,4228382505,-0.048,-0.291,167.0,4.49,MD,Moldova,2207177126.0,0.9244957121760241,0.08861831355077522,2040525789.0,0.9113816864492248,,,,,,
498,MDA,2017,2517434477,4965512249,0.019,-0.288,170.0,3.19,MD,Moldova,2207177126.0,1.1405674910931458,0.09008468161980432,2517434477.0,0.9099153183801957,,,,,,
498,MDA,2018,2831153227,5909599203,-0.015,-0.225,175.0,3.08,MD,Moldova,2207177126.0,1.2827032292287357,0.10135774055376662,2831153227.0,0.8986422594462333,,,,,,
498,MDA,2019,2838401102,6036558635,-0.034,-0.457,152.0,2.95,MD,Moldova,2207177126.0,1.2859870051045463,0.09556562713568911,2838401102.0,0.9044343728643109,,,,,,
498,MDA,2020,2569427663,5442803087,0.066,-0.497,150.0,2.68,MD,Moldova,2207177126.0,1.1641239086490969,0.09940600836740013,2569427663.0,0.9005939916325999,,,,,,
498,MDA,2021,3252544307,7294260320,0.048,-0.348,158.0,2.68,MD,Moldova,2207177126.0,1.4736217898807638,0.0876981649593283,3252544307.0,0.9123018350406717,,,,,,
498,MDA,2022,4071483048,8198625614,0.123,-0.463,155.0,3.114,MD,Moldova,2207177126.0,1.844656235351,0.11645302549328765,4071483048.0,0.8835469745067124,,,,,,
498,MDA,2023,3932044810,7935560125,0.183,-0.34,156.0,3.468,MD,Moldova,2207177126.0,1.781481315514503,0.11521120508034087,3932044810.0,0.8847887949196591,,,,,,
498,MDA,2024,3706043264,8431668792,0.202,-0.25,167.0,4.028,MD,Moldova,2207177126.0,1.67908738285828,0.09940016170395144,3706043264.0,0.9005998382960485,,,,,,
450,MDG,2012,1403055341,2590538795,-1.122,-0.597,142.0,5.9,MG,Madagascar,2446964741.3333335,0.5733860064675412,0.09403963007977706,1403055341.0,0.905960369920223,,,,,,
450,MDG,2013,1729591124,2779309799,-1.159,-0.502,144.0,6.01,MG,Madagascar,2446964741.3333335,0.7068312406731118,0.08971512695160756,1729591124.0,0.9102848730483925,,,,,,
450,MDG,2014,2137740463,2934190668,-1.259,-0.65,132.0,5.78,MG,Madagascar,2446964741.3333335,0.8736294507599487,0.08723960010446077,2137740463.0,0.9127603998955393,,,,,,
450,MDG,2015,2092981711,2731401391,-1.321,-0.522,133.0,6.07,MG,Madagascar,2446964741.3333335,0.8553379113503488,0.08598196684586133,2092981711.0,0.9140180331541387,,,,,,
450,MDG,2016,2338266445,2787630878,-1.386,-0.606,137.0,5.73,MG,Madagascar,2446964741.3333335,0.9555783152502212,0.09636503371469951,2338266445.0,0.9036349662853005,,,,,,
450,MDG,2017,2909646068,3390666359,-1.381,-0.768,124.0,4.99,MG,Madagascar,2446964741.3333335,1.18908377339943,0.09953894033777996,2909646068.0,0.90046105966222,,,,,,
450,MDG,2018,3203864363,3325715535,-1.342,-0.87,112.0,5.04,MG,Madagascar,2446964741.3333335,1.309321834058891,0.10677412747226397,3203864363.0,0.893225872527736,,,,,,
450,MDG,2019,2929797842,3644216429,-1.505,-0.839,123.0,5.62,MG,Madagascar,2446964741.3333335,1.1973191899788365,0.10629568932748454,2929797842.0,0.8937043106725154,,,,,,
450,MDG,2020,2216308811,2994495543,-1.397,-0.767,132.0,5.36,MG,Madagascar,2446964741.3333335,0.9057379428329438,0.11063687476177918,2216308811.0,0.8893631252382208,,,,,,
450,MDG,2021,2749167304,3753463757,-1.225,-0.77,121.0,5.36,MG,Madagascar,2446964741.3333335,1.1235009878000932,0.10512399369402292,2749167304.0,0.8948760063059771,,,,,,
450,MDG,2022,3961592632,4961994052,-1.449,-0.828,121.0,1.693,MG,Madagascar,2446964741.3333335,1.6189823110574764,0.09705221401166242,3961592632.0,0.9029477859883376,,,,,,
450,MDG,2023,3387262667,4394310502,-1.206,-0.671,136.0,1.655,MG,Madagascar,2446964741.3333335,1.3842711379463135,0.08082741583850407,3387262667.0,0.9191725841614959,,,,,,
450,MDG,2024,2941929964,4548507115,-1.033,-0.506,142.0,2.44,MG,Madagascar,2446964741.3333335,1.202277218917737,0.09466432750766895,2941929964.0,0.905335672492331,,,,,,
462,MDV,2012,201098122,1083430834,-0.586,-1.028,25.0,,MV,Maldives,270044948.0,0.7446838886984103,0.10013916690188582,201098122.0,0.8998608330981142,,,,,,
462,MDV,2013,211654684,1147150592,-0.335,-0.906,24.0,,MV,Maldives,270044948.0,0.7837757586933268,0.12857435447628576,211654684.0,0.8714256455237143,,,,,,
462,MDV,2014,185445707,1392196879,-0.271,-0.927,23.0,,MV,Maldives,270044948.0,0.686721630504267,0.1097382418058002,185445707.0,0.8902617581941998,,,,,,
462,MDV,2015,202731521,1403448268,-0.477,-0.972,23.0,,MV,Maldives,270044948.0,0.7507325076860908,0.08611600556499131,202731521.0,0.9138839944350087,,,,,,
462,MDV,2016,237233275,1643275866,-0.963,-1.03,22.0,,MV,Maldives,270044948.0,0.8784955125322322,0.1459487422287962,237233275.0,0.8540512577712038,,,,,,
462,MDV,2017,370170048,1783985627,-1.057,-1.057,19.0,,MV,Maldives,270044948.0,1.3707719797816769,0.1948067298686831,370170048.0,0.8051932701313169,,,,,,
462,MDV,2018,313938656,2144629460,-0.949,-1.065,16.0,,MV,Maldives,270044948.0,1.1625422298216814,0.10767404596188758,313938656.0,0.8923259540381124,,,,,,
462,MDV,2019,229634074,2367675034,-0.486,-0.959,19.0,,MV,Maldives,270044948.0,0.8503550083077281,0.10874733461457492,229634074.0,0.8912526653854251,,,,,,
462,MDV,2020,200917193,1462835021,-0.747,-0.911,26.0,,MV,Maldives,270044948.0,0.7440138928279451,0.1544337360041567,200917193.0,0.8455662639958433,,,,,,
462,MDV,2021,242055379,2467962107,-0.746,-0.934,23.0,,MV,Maldives,270044948.0,0.8963521843037775,0.13991570026980826,242055379.0,0.8600842997301917,,,,,,
462,MDV,2022,638124257,4291138693,-1.022,-1.066,18.0,,MV,Maldives,270044948.0,2.3630297908776283,0.46437214400548615,638124257.0,0.5356278559945138,,,,,,
462,MDV,2023,300042553,4085493356,-0.591,-0.923,21.0,2.914,MV,Maldives,270044948.0,1.1110837481766183,0.16221577901266135,300042553.0,0.8377842209873386,,,,,,
462,MDV,2024,226425699,3587902922,-0.553,-0.884,23.0,,MV,Maldives,270044948.0,0.8384741157979375,0.16755077760403714,226425699.0,0.8324492223959629,,,,,,
484,MEX,2012,375878886807,340976591539,0.966,0.71,210.0,4.26,MX,Mexico,393740244305.6667,0.9546366982878168,0.5596804208862696,375878886807.0,0.44031957911373043,70.917,29.083,12.102,21.512,,
484,MEX,2013,379516954703,354508569246,0.934,0.751,222.0,4.38,MX,Mexico,393740244305.6667,0.9638764647293079,0.5618329742044842,379516954703.0,0.4381670257955158,69.743,30.257,11.593,20.855,-0.5090000000000003,-0.657
484,MEX,2014,390790983449,373604027288,0.957,0.73,203.0,4.37,MX,Mexico,393740244305.6667,0.9925096281131549,0.5830742060682795,390790983449.0,0.41692579393172047,70.909,29.091,10.68,21.801,-0.9130000000000003,0.945999999999998
484,MEX,2015,385242469328,370741729071,0.983,0.736,199.0,4.61,MX,Mexico,393740244305.6667,0.9784178145349305,0.6072912759222521,385242469328.0,0.39270872407774793,69.042,30.958,9.633,22.763,-1.0470000000000006,0.9620000000000033
484,MEX,2016,382192240263,362829861734,0.936,0.724,196.0,4.91,MX,Mexico,393740244305.6667,0.9706710090988266,0.6048836115809682,382192240263.0,0.39511638841903185,67.847,32.153,9.417,24.153,-0.2159999999999993,1.389999999999997
484,MEX,2017,413786023326,389980590908,0.932,0.633,189.0,3.26,MX,Mexico,393740244305.6667,1.0509111763662429,0.5873184198712188,413786023326.0,0.4126815801287812,67.829,32.171,9.654,24.785,0.2370000000000001,0.6320000000000014
484,MEX,2018,455687660654,428871550824,0.925,0.661,198.0,3.3,MX,Mexico,393740244305.6667,1.157330669760652,0.5917022987315614,455687660654.0,0.40829770126843856,66.615,33.385,9.443,25.698,-0.2110000000000003,0.9130000000000003
484,MEX,2019,466908823448,418703868666,0.953,0.549,188.0,3.48,MX,Mexico,393740244305.6667,1.1858295670826358,0.6025019627402067,466908823448.0,0.39749803725979327,68.846,31.154,9.228,25.941,-0.21499999999999986,0.24299999999999855
484,MEX,2020,423214972563,353692051913,0.897,0.649,190.0,3.08,MX,Mexico,393740244305.6667,1.074858307433902,0.6074997036192183,423214972563.0,0.39250029638078165,68.699,31.301,9.007,26.476,-0.22100000000000009,0.5350000000000001
484,MEX,2021,501226623766,470103584439,0.933,0.627,196.0,3.08,MX,Mexico,393740244305.6667,1.2729880448209656,0.6038996046569282,501226623766.0,0.39610039534307184,67.085,32.915,9.191,26.51,0.18400000000000105,0.03400000000000247
484,MEX,2022,582138002266,548438275347,0.908,0.661,199.0,2.254,MX,Mexico,393740244305.6667,1.4784823514613283,0.6253481840666838,582138002266.0,0.3746518159333162,66.198,33.802,9.512,27.186,0.32099999999999973,0.6759999999999984
484,MEX,2023,606418400734,564296886116,0.931,0.63,205.0,2.096,MX,Mexico,393740244305.6667,1.5401483833672536,0.6298552379293351,606418400734.0,0.37014476207066493,,,,,,
484,MEX,2024,636463167162,590418784917,0.941,0.61,185.0,2.479,MX,Mexico,393740244305.6667,1.6164544426601812,0.6446506108055031,636463167162.0,0.3553493891944969,,,,,,
584,MHL,2012,804988507,11089172309,-0.88,-1.01,16.0,,MH,Marshall Islands,518594050.3333333,1.5522517207487876,0.30687754643846926,804988507.0,0.6931224535615308,,,,,,
584,MHL,2013,676261270,13520753014,-1.067,-1.009,15.0,,MH,Marshall Islands,518594050.3333333,1.3040282077384497,0.22011010806191628,676261270.0,0.7798898919380837,,,,,,
584,MHL,2014,683772829,15839436825,-0.428,-0.916,17.0,,MH,Marshall Islands,518594050.3333333,1.3185126758791308,0.17607410166320975,683772829.0,0.8239258983367903,,,,,,
584,MHL,2015,511725586,16711125398,-0.314,-0.928,20.0,,MH,Marshall Islands,518594050.3333333,0.9867556052196925,0.17712153752222834,511725586.0,0.8228784624777716,,,,,,
584,MHL,2016,503593005,17237805895,-0.182,-0.829,22.0,,MH,Marshall Islands,518594050.3333333,0.9710736262329057,0.12388985296542257,503593005.0,0.8761101470345775,,,,,,
584,MHL,2017,540463560,16126221451,-0.143,-0.856,28.0,,MH,Marshall Islands,518594050.3333333,1.042170768547402,0.11109715571117214,540463560.0,0.8889028442888278,,,,,,
584,MHL,2018,635137667,13383539394,-0.128,-0.88,23.0,,MH,Marshall Islands,518594050.3333333,1.2247299532105251,0.09797486232872632,635137667.0,0.9020251376712737,,,,,,
584,MHL,2019,1001667855,12005784922,-0.452,-0.976,24.0,,MH,Marshall Islands,518594050.3333333,1.9315066463955082,0.13479649807169874,1001667855.0,0.8652035019283013,,,,,,
584,MHL,2020,664576352,15084692401,-0.191,-0.867,25.0,,MH,Marshall Islands,518594050.3333333,1.2814962909289733,0.12414117789251845,664576352.0,0.8758588221074816,,,,,,
584,MHL,2021,1343744944,14359311996,0.284,-0.897,16.0,,MH,Marshall Islands,518594050.3333333,2.5911306601691435,0.152514151243262,1343744944.0,0.847485848756738,,,,,,
584,MHL,2022,1257256581,16607853873,0.434,-0.796,22.0,,MH,Marshall Islands,518594050.3333333,2.424355968202646,0.14415232171654274,1257256581.0,0.8558476782834572,,,,,,
584,MHL,2023,916063026,18352784973,-0.416,-0.953,14.0,-1.937,MH,Marshall Islands,518594050.3333333,1.7664356646806652,0.08995370879079889,916063026.0,0.9100462912092011,,,,,,
584,MHL,2024,871345384,17562750463,-0.111,-0.85,17.0,,MH,Marshall Islands,518594050.3333333,1.6802070587580613,0.09675919458557501,871345384.0,0.903240805414425,,,,,,
807,MKD,2012,3847586335,5574577473,-0.004,-0.016,180.0,2.28,MK,North Macedonia,5205635683.666667,0.739119402280164,0.10911026415577453,3847586335.0,0.8908897358442255,,,,,,
807,MKD,2013,4393894962,5815720695,0.003,-0.067,172.0,2.23,MK,North Macedonia,5205635683.666667,0.8440650151116789,0.15587793282436307,4393894962.0,0.8441220671756369,,,,,,
807,MKD,2014,5204212899,6462538244,0.098,-0.239,162.0,1.94,MK,North Macedonia,5205635683.666667,0.9997266837802093,0.1805804049275165,5204212899.0,0.8194195950724835,,,,,,
807,MKD,2015,4952538752,5972965384,0.041,-0.259,154.0,2.64,MK,North Macedonia,5205635683.666667,0.9513802065594428,0.18862350184626414,4952538752.0,0.8113764981537359,,,,,,
807,MKD,2016,5410243389,6378035442,0.067,-0.249,152.0,3.64,MK,North Macedonia,5205635683.666667,1.0393050374184492,0.2009306425949877,5410243389.0,0.7990693574050123,,,,,,
807,MKD,2017,5254124910,7082087025,0.091,-0.293,153.0,2.21,MK,North Macedonia,5205635683.666667,1.0093147560221076,0.20211934885875674,5254124910.0,0.7978806511412433,,,,,,
807,MKD,2018,6769225389,8244263956,0.123,-0.333,149.0,2.26,MK,North Macedonia,5205635683.666667,1.3003647969909402,0.18136661771989748,6769225389.0,0.8186333822801025,,,,,,
807,MKD,2019,7611530664,8723182254,0.139,-0.234,150.0,2.25,MK,North Macedonia,5205635683.666667,1.4621712172217756,0.23595123662427506,7611530664.0,0.7640487633757249,,,,,,
807,MKD,2020,7146141961,7917415933,0.2,-0.229,150.0,2.04,MK,North Macedonia,5205635683.666667,1.3727702811439368,0.2135519241845405,7146141961.0,0.7864480758154595,,,,,,
807,MKD,2021,8000682312,10612862254,0.252,-0.134,153.0,2.04,MK,North Macedonia,5205635683.666667,1.5369270533285957,0.1858558065233436,8000682312.0,0.8141441934766565,,,,,,
807,MKD,2022,9588513882,12011989285,0.264,-0.101,161.0,1.383,MK,North Macedonia,5205635683.666667,1.8419487003451205,0.20348822769413188,9588513882.0,0.7965117723058681,,,,,,
807,MKD,2023,9774540900,11514223985,0.294,-0.239,151.0,1.451,MK,North Macedonia,5205635683.666667,1.877684397060064,0.1958330356451513,9774540900.0,0.8041669643548487,,,,,,
807,MKD,2024,8594719948,11121636934,0.402,-0.08,158.0,1.979,MK,North Macedonia,5205635683.666667,1.6510413848143481,0.14486068918167685,8594719948.0,0.8551393108183232,,,,,,
466,MLI,2012,1969574538,2913683026,-0.989,-0.83,86.0,5.57,ML,Mali,2163695598.3333335,0.9102826384252654,0.23277578388935447,1969574538.0,0.7672242161106455,,,,,,
466,MLI,2013,2456406001,2934871769,-1.248,-1.182,57.0,5.3,ML,Mali,2163695598.3333335,1.1352826168764856,0.5195311705075467,2456406001.0,0.4804688294924533,,,,,,
466,MLI,2014,2629079087,3181121811,-1.125,-1.15,60.0,4.71,ML,Mali,2163695598.3333335,1.2150873205201072,0.5328671867495852,2629079087.0,0.4671328132504148,,,,,,
466,MLI,2015,2897604727,3296595025,-0.906,-1.017,66.0,5.75,ML,Mali,2163695598.3333335,1.3391924119233718,0.5007710970858025,2897604727.0,0.4992289029141975,,,,,,
466,MLI,2016,2238349282,3665567534,-0.84,-0.746,97.0,5.89,ML,Mali,2163695598.3333335,1.0345028587774414,0.27274260941226663,2238349282.0,0.7272573905877333,,,,,,
466,MLI,2017,1355132786,3780527901,-0.825,-0.761,99.0,5.37,ML,Mali,2163695598.3333335,0.6263047292991866,0.17015239175449662,1355132786.0,0.8298476082455034,,,,,,
466,MLI,2018,2768393337,4057543335,-0.866,-0.797,97.0,3.99,ML,Mali,2163695598.3333335,1.2794744968434826,0.276967513792788,2768393337.0,0.7230324862072119,,,,,,
466,MLI,2019,4158350826,4336537121,-0.649,-0.604,110.0,5.4,ML,Mali,2163695598.3333335,1.9218742364698267,0.32466124062449775,4158350826.0,0.6753387593755023,,,,,,
466,MLI,2020,4364252379,4769312815,-0.861,-0.808,103.0,4.36,ML,Mali,2163695598.3333335,2.0170362145034297,0.3204943329228519,4364252379.0,0.6795056670771481,,,,,,
466,MLI,2021,7206459124,5595971523,-0.753,-0.363,127.0,4.36,ML,Mali,2163695598.3333335,3.330625218053335,0.48375881976015755,7206459124.0,0.5162411802398424,,,,,,
466,MLI,2022,5634399725,6513955664,-0.823,-0.659,95.0,4.118,ML,Mali,2163695598.3333335,2.6040630342549593,0.41518077372582657,5634399725.0,0.5848192262741734,,,,,,
466,MLI,2023,5202846095,6476175576,-0.871,-0.617,106.0,5.125,ML,Mali,2163695598.3333335,2.4046109346470383,0.37255408351397257,5202846095.0,0.6274459164860274,,,,,,
466,MLI,2024,1035401716,6280123782,-0.96,-1.025,73.0,4.748,ML,Mali,2163695598.3333335,0.4785339105914697,0.1494202442564005,1035401716.0,0.8505797557435995,,,,,,
470,MLT,2012,5953310415,17145484855,1.058,0.073,87.0,,MT,Malta,4625681749.333333,1.2870125394722645,0.04869894481534118,5953310415.0,0.9513010551846588,56.525,43.475,12.12,49.737,,
470,MLT,2013,6021284306,18133944657,1.059,-0.013,82.0,,MT,Malta,4625681749.333333,1.3017074308814707,0.04934826539939907,6021284306.0,0.9506517346006009,58.044,41.956,12.55,50.798,0.4300000000000015,1.061
470,MLT,2014,5459560888,19656484109,0.937,0.09,97.0,,MT,Malta,4625681749.333333,1.1802716191590241,0.055120627402921576,5459560888.0,0.9448793725970784,59.739,40.261,12.087,52.325,-0.46300000000000097,1.527000000000001
470,MLT,2015,4671527718,18581013081,1.098,0.027,90.0,,MT,Malta,4625681749.333333,1.009911180913662,0.06166562630244355,4671527718.0,0.9383343736975565,54.789,45.211,11.163,55.549,-0.9239999999999995,3.2239999999999966
470,MLT,2016,5251182702,14295507730,0.95,-0.046,78.0,,MT,Malta,4625681749.333333,1.135223516567437,0.07618909789327397,5251182702.0,0.923810902106726,52.317,47.683,11.321,56.469,0.15799999999999947,0.9200000000000017
470,MLT,2017,3954334828,16442908950,1.023,0.278,105.0,,MT,Malta,4625681749.333333,0.8548653025189012,0.052432083305765216,3954334828.0,0.9475679166942348,53.626,46.374,11.839,58.612,0.5180000000000007,2.1430000000000007
470,MLT,2018,4336093229,19261023949,0.995,0.44,115.0,,MT,Malta,4625681749.333333,0.9373954941074212,0.0464319866088167,4336093229.0,0.9535680133911832,50.371,49.629,10.763,59.35,-1.0760000000000005,0.7379999999999995
470,MLT,2019,4063069648,18649906796,0.981,0.513,127.0,,MT,Malta,4625681749.333333,0.8783720688492203,0.04540108906494537,4063069648.0,0.9545989109350547,49.543,50.457,11.209,58.607,0.44599999999999973,-0.7430000000000021
470,MLT,2020,3598828904,14248484306,1.066,0.386,105.0,,MT,Malta,4625681749.333333,0.7780104855935396,0.04373219470223795,3598828904.0,0.956267805297762,45.19,54.81,10.228,60.022,-0.9809999999999999,1.4149999999999991
470,MLT,2021,4352493447,19488805212,1.079,0.58,122.0,,MT,Malta,4625681749.333333,0.9409409645675028,0.04304914756015324,4352493447.0,0.9569508524398468,50.923,49.077,11.714,57.849,1.4860000000000007,-2.173000000000002
470,MLT,2022,4269611851,17631448918,0.92,0.378,119.0,,MT,Malta,4625681749.333333,0.9230232606502489,0.04719935097870271,4269611851.0,0.9528006490212972,48.537,51.463,12.967,58.061,1.2530000000000001,0.2120000000000033
470,MLT,2023,5583254565,14847121827,1.044,-0.003,83.0,3.725,MT,Malta,4625681749.333333,1.207012256259237,0.06372001934027972,5583254565.0,0.9362799806597203,,,,,,
470,MLT,2024,5753756808,20139575502,1.04,0.288,98.0,,MT,Malta,4625681749.333333,1.2438721727514541,0.049532237575409754,5753756808.0,0.9504677624245903,,,,,,
104,MMR,2012,8419197763,15297548490,-1.581,-0.969,112.0,,MM,Myanmar,12334191229.0,0.6825901760956069,0.2457870163287007,8419197763.0,0.7542129836712993,93.481,6.519,23.947,14.108,,
104,MMR,2013,10957087701,18625718236,-1.599,-0.89,114.0,,MM,Myanmar,12334191229.0,0.8883507234132895,0.2268873456191524,10957087701.0,0.7731126543808476,92.291,7.709,24.182,13.973,0.23499999999999943,-0.1349999999999998
104,MMR,2014,23733940047,22122442381,-1.803,-1.16,78.0,,MM,Myanmar,12334191229.0,1.9242396689291674,0.45618579644346396,23733940047.0,0.5438142035565361,88.396,11.604,24.055,14.824,-0.1269999999999989,0.8509999999999991
104,MMR,2015,13022057875,22249053869,-1.569,-0.902,111.0,,MM,Myanmar,12334191229.0,1.0557690920489944,0.26031750418216815,13022057875.0,0.7396824958178319,87.79,12.21,21.052,16.61,-3.003,1.7859999999999996
104,MMR,2016,11163329289,21542146554,-1.254,-0.617,125.0,,MM,Myanmar,12334191229.0,0.9050718512254712,0.19776859845363032,11163329289.0,0.8022314015463696,87.124,12.876,17.541,20.862,-3.5109999999999992,4.251999999999999
104,MMR,2017,12817186523,22729172806,-1.045,-0.565,143.0,6.36,MM,Myanmar,12334191229.0,1.0391590567255344,0.1763494012731161,12817186523.0,0.8236505987268838,84.126,15.874,16.028,23.039,-1.5130000000000017,2.177000000000003
104,MMR,2018,16402754903,24834567735,-1.007,-0.265,157.0,6.38,MM,Myanmar,12334191229.0,1.3298605963262546,0.1589124068262927,16402754903.0,0.8410875931737073,82.662,17.338,15.466,25.083,-0.5619999999999994,2.043999999999997
104,MMR,2019,18894413957,26237878910,-1.185,-0.547,143.0,6.62,MM,Myanmar,12334191229.0,1.5318729543105902,0.1578654297028934,18894413957.0,0.8421345702971066,82.537,17.463,16.597,25.466,1.131000000000002,0.38300000000000267
104,MMR,2020,17971949169,25548586674,-1.096,-0.506,145.0,4.5,MM,Myanmar,12334191229.0,1.4570837143131503,0.17170321132441038,17971949169.0,0.8282967886755896,87.602,12.398,15.944,19.777,-0.6530000000000005,-5.689
104,MMR,2021,19103024558,22614410810,-0.897,-0.365,145.0,4.5,MM,Myanmar,12334191229.0,1.5487861508977745,0.20211436985701708,19103024558.0,0.7978856301429829,87.368,12.632,16.729,22.131,0.7849999999999984,2.353999999999999
104,MMR,2022,25494049624,27767933440,-1.061,-0.364,141.0,3.63,MM,Myanmar,12334191229.0,2.0669413300532185,0.20635701510800838,25494049624.0,0.7936429848919916,84.857,15.143,18.938,24.153,2.2089999999999996,2.0219999999999985
104,MMR,2023,21646934504,24022682074,-1.035,-0.128,157.0,3.549,MM,Myanmar,12334191229.0,1.7550347730221656,0.19378965676637946,21646934504.0,0.8062103432336205,,,,,,
104,MMR,2024,19876453736,19954145084,-0.942,-0.271,141.0,3.99,MM,Myanmar,12334191229.0,1.611492263008435,0.1457246653516175,19876453736.0,0.8542753346483825,,,,,,
499,MNE,2012,549488511,2381785916,0.185,-0.439,105.0,,ME,Montenegro,386562321.0,1.4214745751177338,0.08919565205525068,549488511.0,0.9108043479447493,,,,,,
499,MNE,2013,528938434,2375691810,0.158,-0.343,111.0,,ME,Montenegro,386562321.0,1.3683134782295556,0.12698439251841298,528938434.0,0.873015607481587,,,,,,
499,MNE,2014,492008446,2547038351,0.071,-0.261,115.0,,ME,Montenegro,386562321.0,1.2727791077185715,0.07065296396083076,492008446.0,0.9293470360391692,,,,,,
499,MNE,2015,351272778,2070013101,0.081,-0.132,121.0,,ME,Montenegro,386562321.0,0.9087093048574696,0.07856416072061849,351272778.0,0.9214358392793816,,,,,,
499,MNE,2016,371842717,2225706977,0.183,-0.279,114.0,,ME,Montenegro,386562321.0,0.9619217828527059,0.0767839193060441,371842717.0,0.9232160806939559,,,,,,
499,MNE,2017,436571468,2488041419,0.318,-0.33,100.0,,ME,Montenegro,386562321.0,1.1293689122898245,0.07236239180374587,436571468.0,0.9276376081962541,,,,,,
499,MNE,2018,405876895,2934826547,0.335,0.106,127.0,,ME,Montenegro,386562321.0,1.04996496800318,0.07891975857362249,405876895.0,0.9210802414263775,,,,,,
499,MNE,2019,394073540,2876234177,0.372,0.018,114.0,,ME,Montenegro,386562321.0,1.0194308099676377,0.0895624781045428,394073540.0,0.9104375218954572,,,,,,
499,MNE,2020,408441939,2322714175,0.337,0.102,125.0,,ME,Montenegro,386562321.0,1.0566004931453212,0.08208640767584768,408441939.0,0.9179135923241524,,,,,,
499,MNE,2021,621089255,2853653750,0.279,0.286,129.0,,ME,Montenegro,386562321.0,1.6066988975886245,0.07349991460398582,621089255.0,0.9265000853960141,,,,,,
499,MNE,2022,1722882134,4017409927,0.386,-0.119,110.0,,ME,Montenegro,386562321.0,4.456932402369345,0.30769919046390704,1722882134.0,0.692300809536093,,,,,,
499,MNE,2023,1230779035,4062383355,0.469,-0.184,101.0,1.99,ME,Montenegro,386562321.0,3.183908436332055,0.19270726342467925,1230779035.0,0.8072927365753207,,,,,,
499,MNE,2024,955323770,4399259351,0.415,-0.013,108.0,,ME,Montenegro,386562321.0,2.471331834744442,0.14118958198482526,955323770.0,0.8588104180151748,,,,,,
496,MNG,2012,4409820029,7174408454,-1.536,-1.197,38.0,2.36,MN,Mongolia,4959650611.666667,0.8891392507824459,0.8014871852052081,4409820029.0,0.19851281479479188,,,,,,
496,MNG,2013,4129015897,6288415816,-1.318,-1.231,41.0,2.39,MN,Mongolia,4959650611.666667,0.8325215262718807,0.7285823209323231,4129015897.0,0.2714176790676769,,,,,,
496,MNG,2014,5682173658,5349997644,-1.542,-1.216,38.0,2.32,MN,Mongolia,4959650611.666667,1.1456802309085503,0.8095058264259974,5682173658.0,0.19049417357400256,,,,,,
496,MNG,2015,4432795450,3872136891,-1.417,-1.227,51.0,2.39,MN,Mongolia,4959650611.666667,0.8937717184296536,0.7393055956803998,4432795450.0,0.2606944043196002,,,,,,
496,MNG,2016,4461536970,3269375265,-1.128,-1.146,57.0,3.02,MN,Mongolia,4959650611.666667,0.8995667879316043,0.6794158552362504,4461536970.0,0.32058414476374963,,,,,,
496,MNG,2017,5984619415,4316372202,-1.211,-1.172,52.0,2.12,MN,Mongolia,4959650611.666667,1.2066614936387419,0.7533422713619423,5984619415.0,0.24665772863805768,,,,,,
496,MNG,2018,7233202759,5266891879,-1.317,-1.192,48.0,2.39,MN,Mongolia,4959650611.666667,1.458409739989591,0.7759177684971271,7233202759.0,0.22408223150287288,,,,,,
496,MNG,2019,7156648033,5720899604,-1.275,-1.221,43.0,2.45,MN,Mongolia,4959650611.666667,1.4429742321294368,0.7891138898789736,7156648033.0,0.21088611012102643,,,,,,
496,MNG,2020,6284106557,4723578153,-1.087,-1.152,43.0,2.0,MN,Mongolia,4959650611.666667,1.2670462193884775,0.6883775541866336,6284106557.0,0.3116224458133664,,,,,,
496,MNG,2021,8098559577,6292349506,-1.541,-1.168,41.0,2.0,MN,Mongolia,4959650611.666667,1.6328891309298332,0.7393996733127679,8098559577.0,0.2606003266872321,,,,,,
496,MNG,2022,10797844991,7786643572,-1.433,-1.258,38.0,1.249,MN,Mongolia,4959650611.666667,2.1771382374395594,0.758798652191358,10797844991.0,0.241201347808642,,,,,,
496,MNG,2023,14387943323,8849551603,-1.181,-1.171,40.0,1.274,MN,Mongolia,4959650611.666667,2.90099937466462,0.835714263973733,14387943323.0,0.16428573602626695,,,,,,
496,MNG,2024,14002237014,8425031390,-1.567,-1.161,32.0,1.066,MN,Mongolia,4959650611.666667,2.8232305277840157,0.8736148628424546,14002237014.0,0.1263851371575454,,,,,,
580,MNP,2012,3359513,86639380,0.494,-0.29,80.0,,MP,Northern Mariana Islands,2963801.0,1.1335150369407392,0.16239102144090953,3359513.0,0.8376089785590904,,,,,,
580,MNP,2013,4002083,95856139,0.565,-0.168,90.0,,MP,Northern Mariana Islands,2963801.0,1.3503210910584078,0.1428708320630512,4002083.0,0.8571291679369488,,,,,,
580,MNP,2014,2235011,124197832,0.936,-0.367,45.0,,MP,Northern Mariana Islands,2963801.0,0.7541029239142574,0.14706434719902575,2235011.0,0.8529356528009743,,,,,,
580,MNP,2015,2370781,158482172,0.973,-0.552,35.0,,MP,Northern Mariana Islands,2963801.0,0.7999123422928868,0.20500829096962125,2370781.0,0.7949917090303787,,,,,,
580,MNP,2016,3257269,132635991,0.677,-0.694,28.0,,MP,Northern Mariana Islands,2963801.0,1.0990174441536391,0.18671801680285097,3257269.0,0.8132819831971491,,,,,,
580,MNP,2017,3263353,152298115,0.93,-0.564,31.0,,MP,Northern Mariana Islands,2963801.0,1.101070213553474,0.2576994450666762,3263353.0,0.7423005549333238,,,,,,
580,MNP,2018,2858051,170925434,1.013,-0.517,31.0,,MP,Northern Mariana Islands,2963801.0,0.964319466792811,0.4394387182919709,2858051.0,0.5605612817080291,,,,,,
580,MNP,2019,3270526,170364714,0.714,-0.517,32.0,,MP,Northern Mariana Islands,2963801.0,1.103490416529315,0.5125820938346718,3270526.0,0.4874179061653282,,,,,,
580,MNP,2020,6441920,112796867,0.204,-0.838,27.0,,MP,Northern Mariana Islands,2963801.0,2.1735332432913004,0.5611511108646778,6441920.0,0.43884888913532216,,,,,,
580,MNP,2021,2678964,65020113,0.582,-0.581,30.0,,MP,Northern Mariana Islands,2963801.0,0.9038946946842922,0.23301180339819025,2678964.0,0.7669881966018097,,,,,,
580,MNP,2022,2342675,154426481,1.214,-0.461,31.0,,MP,Northern Mariana Islands,2963801.0,0.7904292494671539,0.23000625162692642,2342675.0,0.7699937483730735,,,,,,
580,MNP,2023,2082534,152672036,0.673,-0.545,34.0,,MP,Northern Mariana Islands,2963801.0,0.7026564873957462,0.2652861819499322,2082534.0,0.7347138180500679,,,,,,
580,MNP,2024,2211530,136265548,0.702,-0.593,31.0,,MP,Northern Mariana Islands,2963801.0,0.7461803272216995,0.34197431214083435,2211530.0,0.6580256878591657,,,,,,
508,MOZ,2012,4046060322,7426436843,-1.506,-1.217,73.0,4.29,MZ,Mozambique,4145709213.3333335,0.9759633668920037,0.12370336762493934,4046060322.0,0.8762966323750606,,,,,,
508,MOZ,2013,4466019605,10362451133,-1.307,-1.09,88.0,4.49,MZ,Mozambique,4145709213.3333335,1.07726311113102,0.10669458065855764,4466019605.0,0.8933054193414424,,,,,,
508,MOZ,2014,5322120405,11387403712,-1.306,-1.013,96.0,4.62,MZ,Mozambique,4145709213.3333335,1.2837659688921548,0.1144859553762362,5322120405.0,0.8855140446237638,,,,,,
508,MOZ,2015,3614140610,9236356098,-1.25,-0.965,102.0,5.32,MZ,Mozambique,4145709213.3333335,0.8717786086820284,0.08304372229761153,3614140610.0,0.9169562777023885,,,,,,
508,MOZ,2016,3637860736,7232972711,-1.457,-1.071,88.0,5.13,MZ,Mozambique,4145709213.3333335,0.8775002174055038,0.07827886116552447,3637860736.0,0.9217211388344755,,,,,,
508,MOZ,2017,5185126294,8346534700,-1.578,-1.115,78.0,5.11,MZ,Mozambique,4145709213.3333335,1.2507211739124677,0.08761923953625958,5185126294.0,0.9123807604637404,,,,,,
508,MOZ,2018,5860277065,9786692944,-1.477,-0.999,91.0,5.54,MZ,Mozambique,4145709213.3333335,1.413576486781155,0.08347642456332739,5860277065.0,0.9165235754366726,,,,,,
508,MOZ,2019,5169268366,11689570109,-1.534,-1.044,86.0,5.99,MZ,Mozambique,4145709213.3333335,1.246896031534175,0.07653352076101555,5169268366.0,0.9234664792389844,,,,,,
508,MOZ,2020,4098010938,10231685823,-1.547,-1.08,92.0,5.61,MZ,Mozambique,4145709213.3333335,0.9884945439057985,0.07636339592107438,4098010938.0,0.9236366040789257,,,,,,
508,MOZ,2021,6211812324,15848273308,-1.491,-1.029,88.0,5.61,MZ,Mozambique,4145709213.3333335,1.4983714496959202,0.08804341796784254,6211812324.0,0.9119565820321575,,,,,,
508,MOZ,2022,9321925861,17351369394,-1.568,-1.159,77.0,4.437,MZ,Mozambique,4145709213.3333335,2.2485720491488017,0.08888347043125963,9321925861.0,0.9111165295687403,,,,,,
508,MOZ,2023,9046281170,17073681417,-1.647,-1.279,75.0,4.288,MZ,Mozambique,4145709213.3333335,2.1820828969155777,0.0775375241531958,9046281170.0,0.9224624758468042,,,,,,
508,MOZ,2024,9413855208,15900288535,-1.223,-1.179,72.0,4.934,MZ,Mozambique,4145709213.3333335,2.270746625866421,0.08707954057753856,9413855208.0,0.9129204594224615,,,,,,
478,MRT,2012,2722817843,3434478863,-1.907,-1.319,27.0,3.38,MR,Mauritania,1965558304.3333333,1.385264348046653,0.21496830020944505,2722817843.0,0.785031699790555,,,,,,
478,MRT,2013,2785105498,3695759529,-2.339,-1.361,20.0,3.05,MR,Mauritania,1965558304.3333333,1.4169538964373973,0.2735601737291004,2785105498.0,0.7264398262708995,,,,,,
478,MRT,2014,2615499051,3556549945,-1.015,-1.229,33.0,3.39,MR,Mauritania,1965558304.3333333,1.330664699812662,0.1604898057089878,2615499051.0,0.8395101942910121,,,,,,
478,MRT,2015,1876555173,2786467434,-1.909,-1.349,27.0,,MR,Mauritania,1965558304.3333333,0.9547186511144878,0.13696366656705153,1876555173.0,0.8630363334329485,,,,,,
478,MRT,2016,1886997781,2686301047,-1.741,-1.377,27.0,3.8,MR,Mauritania,1965558304.3333333,0.9600314459458484,0.13781101812543214,1886997781.0,0.8621889818745678,,,,,,
478,MRT,2017,2133121959,3184428378,-1.857,-1.374,29.0,2.82,MR,Mauritania,1965558304.3333333,1.0852499029396638,0.13424698477734182,2133121959.0,0.8657530152226582,,,,,,
478,MRT,2018,2366422875,3146845253,-1.508,-1.294,37.0,3.34,MR,Mauritania,1965558304.3333333,1.2039443804759735,0.12685214053504584,2366422875.0,0.8731478594649542,,,,,,
478,MRT,2019,2694150835,3410764717,-1.783,-1.362,30.0,2.87,MR,Mauritania,1965558304.3333333,1.3706796837623123,0.13058630866091142,2694150835.0,0.8694136913390886,,,,,,
478,MRT,2020,2799501457,2897390234,-1.427,-1.324,30.0,2.62,MR,Mauritania,1965558304.3333333,1.4242780032666182,0.17682941247246164,2799501457.0,0.8231705875275384,,,,,,
478,MRT,2021,3448074508,3757169071,-1.53,-1.335,27.0,2.62,MR,Mauritania,1965558304.3333333,1.7542468724526072,0.19817332800449025,3448074508.0,0.8018266719955097,,,,,,
478,MRT,2022,4064227977,4467468903,-1.697,-1.3,39.0,2.287,MR,Mauritania,1965558304.3333333,2.067721912924115,0.10548515235848438,4064227977.0,0.8945148476415157,,,,,,
478,MRT,2023,4003458374,4235638070,-1.306,-1.261,41.0,2.312,MR,Mauritania,1965558304.3333333,2.0368046906437964,0.11550942341233775,4003458374.0,0.8844905765876623,,,,,,
478,MRT,2024,4038127074,4598938434,-1.215,-1.233,35.0,3.019,MR,Mauritania,1965558304.3333333,2.054442783557941,0.13878291887813263,4038127074.0,0.8612170811218673,,,,,,
500,MSR,2012,3366097,16241441,1.301,-0.085,55.0,,MS,Montserrat,7175193.0,0.46912981992261393,0.23009999469045217,3366097.0,0.7699000053095478,,,,,,
500,MSR,2013,7549931,30332444,1.103,0.118,57.0,,MS,Montserrat,7175193.0,1.0522268878342367,0.2818814262769352,7549931.0,0.7181185737230649,,,,,,
500,MSR,2014,3096898,28553422,0.577,-0.424,55.0,,MS,Montserrat,7175193.0,0.43161180472776134,0.09773724240265896,3096898.0,0.902262757597341,,,,,,
500,MSR,2015,4230480,18914916,1.066,-0.283,42.0,,MS,Montserrat,7175193.0,0.5895980777102442,0.2200548638033201,4230480.0,0.7799451361966799,,,,,,
500,MSR,2016,3750582,41901011,1.222,-0.293,39.0,,MS,Montserrat,7175193.0,0.5227151381154486,0.13214895561462894,3750582.0,0.8678510443853711,,,,,,
500,MSR,2017,13544517,22661743,0.82,-0.261,47.0,,MS,Montserrat,7175193.0,1.8876867841743072,0.3828637797842079,13544517.0,0.6171362202157922,,,,,,
500,MSR,2018,6530431,33675573,0.88,-0.446,48.0,,MS,Montserrat,7175193.0,0.9101401174853415,0.09105854396117607,6530431.0,0.9089414560388239,,,,,,
500,MSR,2019,6798153,23660760,0.825,-0.322,45.0,,MS,Montserrat,7175193.0,0.9474522845587569,0.11904735443151428,6798153.0,0.8809526455684857,,,,,,
500,MSR,2020,7543179,21382747,1.319,-0.393,34.0,,MS,Montserrat,7175193.0,1.0512858678505232,0.1349644748341081,7543179.0,0.8650355251658919,,,,,,
500,MSR,2021,11782306,21276759,1.495,-0.393,37.0,,MS,Montserrat,7175193.0,1.6420890699386066,0.21201856445459855,11782306.0,0.7879814355454015,,,,,,
500,MSR,2022,5876902,24154542,1.173,-0.359,47.0,,MS,Montserrat,7175193.0,0.8190583863040339,0.15913114167826162,5876902.0,0.8408688583217384,,,,,,
500,MSR,2023,5154426,29841520,1.123,-0.227,53.0,,MS,Montserrat,7175193.0,0.7183675756178266,0.13045418531584602,5154426.0,0.8695458146841539,,,,,,
500,MSR,2024,9715777,29226004,0.96,-0.405,38.0,,MS,Montserrat,7175193.0,1.3540788380187125,0.3034701004377225,9715777.0,0.6965298995622775,,,,,,
480,MUS,2012,2253181576,4206560814,0.14,-0.088,172.0,2.36,MU,Mauritius,2244864535.3333335,1.0037049187315135,0.09533184718921892,2253181576.0,0.9046681528107811,,,,,,
480,MUS,2013,2380355617,4423851204,0.083,-0.255,161.0,2.38,MU,Mauritius,2244864535.3333335,1.0603560168259987,0.08024816436023,2380355617.0,0.91975183563977,,,,,,
480,MUS,2014,2548922816,5213990097,0.13,-0.311,150.0,2.26,MU,Mauritius,2244864535.3333335,1.135446159837666,0.07978223569021507,2548922816.0,0.920217764309785,,,,,,
480,MUS,2015,2487037760,4217068920,0.019,-0.294,141.0,2.22,MU,Mauritius,2244864535.3333335,1.1078787699012345,0.07110585999895493,2487037760.0,0.9288941400010451,,,,,,
480,MUS,2016,2151540985,4046075958,-0.04,-0.289,148.0,3.31,MU,Mauritius,2244864535.3333335,0.9584279813483373,0.07160867777885103,2151540985.0,0.928391322221149,,,,,,
480,MUS,2017,2096014861,4665872991,0.107,-0.147,160.0,4.22,MU,Mauritius,2244864535.3333335,0.9336932487504279,0.07360425676525185,2096014861.0,0.9263957432347482,,,,,,
480,MUS,2018,2038221076,4980192936,0.149,-0.06,162.0,4.29,MU,Mauritius,2244864535.3333335,0.9079483612125177,0.06579759565270206,2038221076.0,0.934202404347298,,,,,,
480,MUS,2019,1954516444,5010908674,0.091,-0.237,151.0,4.1,MU,Mauritius,2244864535.3333335,0.8706611972511649,0.06739470240586204,1954516444.0,0.9326052975941379,,,,,,
480,MUS,2020,1531579131,3551485477,0.108,-0.232,153.0,3.92,MU,Mauritius,2244864535.3333335,0.6822590436498567,0.06458451272676777,1531579131.0,0.9354154872732322,,,,,,
480,MUS,2021,1785862096,4416966974,0.232,0.305,192.0,3.92,MU,Mauritius,2244864535.3333335,0.7955322327433101,0.0686462924698778,1785862096.0,0.9313537075301221,,,,,,
480,MUS,2022,1923977845,5516789804,0.157,0.262,188.0,3.077,MU,Mauritius,2244864535.3333335,0.8570574369710527,0.06788987173099262,1923977845.0,0.9321101282690074,,,,,,
480,MUS,2023,1960138484,5689437979,0.155,0.031,178.0,2.819,MU,Mauritius,2244864535.3333335,0.8731655978114263,0.07013891490900251,1960138484.0,0.9298610850909975,,,,,,
480,MUS,2024,1731460346,5882404006,0.29,-0.044,176.0,2.978,MU,Mauritius,2244864535.3333335,0.771298365111773,0.06984774858190579,1731460346.0,0.9301522514180942,,,,,,
454,MWI,2012,1035130443,1802921675,-1.183,-1.183,69.0,5.78,MW,Malawi,831204837.6666666,1.2453373658240334,0.04246924277458157,1035130443.0,0.9575307572254185,,,,,,
454,MWI,2013,1009699623,2065711873,-1.076,-1.181,65.0,6.11,MW,Malawi,831204837.6666666,1.2147422359022821,0.04787552463754952,1009699623.0,0.9521244753624505,,,,,,
454,MWI,2014,1066633125,1717748137,-0.845,-0.791,87.0,5.66,MW,Malawi,831204837.6666666,1.2832373882642703,0.040109392997629806,1066633125.0,0.9598906070023702,,,,,,
454,MWI,2015,939658762,1427273391,-0.958,-0.959,80.0,6.01,MW,Malawi,831204837.6666666,1.1304779753661949,0.05285795444939935,939658762.0,0.9471420455506007,,,,,,
454,MWI,2016,859625567,1468483010,-1.356,-1.311,57.0,4.92,MW,Malawi,831204837.6666666,1.03419220876182,0.04726475824728341,859625567.0,0.9527352417527166,,,,,,
454,MWI,2017,694330184,1653825815,-1.132,-1.078,65.0,4.61,MW,Malawi,831204837.6666666,0.8353298158719852,0.04773366720139142,694330184.0,0.9522663327986086,,,,,,
454,MWI,2018,769815427,1656209037,-1.023,-1.037,73.0,4.51,MW,Malawi,831204837.6666666,0.9261440647542462,0.051517642833307266,769815427.0,0.9484823571666927,,,,,,
454,MWI,2019,827684974,1662815247,-1.18,-1.216,60.0,4.65,MW,Malawi,831204837.6666666,0.9957653474725345,0.04930559162573838,827684974.0,0.9506944083742617,,,,,,
454,MWI,2020,709039711,1503072146,-1.437,-1.183,64.0,4.3,MW,Malawi,831204837.6666666,0.8530264489200942,0.04483469774999586,709039711.0,0.9551653022500042,,,,,,
454,MWI,2021,913151220,1777461268,-1.062,-0.902,86.0,4.3,MW,Malawi,831204837.6666666,1.0985874704042518,0.04748514533700651,913151220.0,0.9525148546629935,,,,,,
454,MWI,2022,862614525,1695628825,-1.09,-0.874,89.0,3.791,MW,Malawi,831204837.6666666,1.037788143078553,0.061117177220320326,862614525.0,0.9388828227796797,,,,,,
454,MWI,2023,744542860,1729247579,-1.256,-1.117,67.0,3.424,MW,Malawi,831204837.6666666,0.8957393247253691,0.04537890735155953,744542860.0,0.9546210926484404,,,,,,
454,MWI,2024,765634189,2028288822,-0.979,-0.901,68.0,3.85,MW,Malawi,831204837.6666666,0.9211137307011655,0.040044302645997294,765634189.0,0.9599556973540027,,,,,,
458,MYS,2012,250622694162,185719687661,0.915,1.007,245.0,4.76,MY,Malaysia,230536777019.66666,1.0871267370091664,0.07999030558811006,250622694162.0,0.92000969441189,61.848,38.152,16.699,46.446,,
458,MYS,2013,256492113508,196550741990,0.954,0.996,250.0,4.86,MY,Malaysia,230536777019.66666,1.1125865331504965,0.08149085581821813,256492113508.0,0.9185091441817819,62.378,37.622,17.208,44.91,0.5089999999999968,-1.5360000000000014
458,MYS,2014,258871413859,197576933503,0.958,0.908,236.0,4.87,MY,Malaysia,230536777019.66666,1.1229072307058243,0.07737839139353034,258871413859.0,0.9226216086064697,65.092,34.908,17.823,43.922,0.615000000000002,-0.9879999999999995
458,MYS,2015,228012489636,170614654698,0.959,1.141,257.0,4.82,MY,Malaysia,230536777019.66666,0.9890503918016893,0.08111108183144573,228012489636.0,0.9188889181685542,64.691,35.309,18.429,42.725,0.6059999999999981,-1.1969999999999956
458,MYS,2016,218064007732,158321723545,0.952,1.085,258.0,4.97,MY,Malaysia,230536777019.66666,0.9458968349913097,0.08204461339894396,218064007732.0,0.917955386601056,64.804,35.196,17.331,41.259,-1.097999999999999,-1.466000000000001
458,MYS,2017,245533833691,179439791676,0.939,0.989,242.0,5.47,MY,Malaysia,230536777019.66666,1.065052773207001,0.07965588559554945,245533833691.0,0.9203441144044505,63.972,36.028,17.847,41.754,0.5160000000000018,0.49499999999999744
458,MYS,2018,276252086643,199598430301,1.001,0.936,240.0,5.44,MY,Malaysia,230536777019.66666,1.1982994219591847,0.08049145399238918,276252086643.0,0.9195085460076108,63.959,36.041,18.474,40.975,0.6269999999999989,-0.7789999999999964
458,MYS,2019,274222456021,195420082935,1.032,0.944,250.0,5.72,MY,Malaysia,230536777019.66666,1.1894954877312551,0.0870346457963145,274222456021.0,0.9129653542036855,64.972,35.028,18.764,40.215,0.28999999999999915,-0.759999999999998
458,MYS,2020,266889287785,183585888578,1.038,0.722,212.0,5.31,MY,Malaysia,230536777019.66666,1.1576863840784595,0.0944102801478925,266889287785.0,0.9055897198521075,64.324,35.676,19.082,37.328,0.3180000000000014,-2.8870000000000005
458,MYS,2021,343422694192,233716833290,1.09,0.841,225.0,5.31,MY,Malaysia,230536777019.66666,1.4896655476479714,0.09442514390768017,343422694192.0,0.9055748560923198,65.085,34.915,20.06,38.704,0.977999999999998,1.3759999999999977
458,MYS,2022,396201311462,276438591066,1.073,0.749,207.0,4.645,MY,Malaysia,230536777019.66666,1.718603498253126,0.08941259443927062,396201311462.0,0.9105874055607294,65.841,34.159,21.179,40.617,1.1189999999999998,1.9129999999999967
458,MYS,2023,353945103422,256204450381,0.952,0.828,224.0,4.426,MY,Malaysia,230536777019.66666,1.5353086305696275,0.0893452500714798,353945103422.0,0.9106547499285202,,,,,,
458,MYS,2024,364503082866,293257692612,0.86,0.924,221.0,4.45,MY,Malaysia,230536777019.66666,1.5811060065045714,0.0895295068370492,364503082866.0,0.9104704931629508,,,,,,
516,NAM,2012,4312298583,6537342915,0.006,-0.357,140.0,3.2,,Namibia,3699279441.6666665,1.1657131208928475,0.08075475763203403,4312298583.0,0.919245242367966,,,,,,
516,NAM,2013,4474583565,7722881354,0.014,-0.419,122.0,3.18,,Namibia,3699279441.6666665,1.2095824701969606,0.09959321652192689,4474583565.0,0.9004067834780731,,,,,,
516,NAM,2014,4597632506,8255009357,-0.031,-0.513,116.0,2.56,,Namibia,3699279441.6666665,1.2428454185468594,0.08993561235657721,4597632506.0,0.9100643876434228,,,,,,
516,NAM,2015,3675998768,7029479940,-0.301,-0.629,106.0,3.6,,Namibia,3699279441.6666665,0.9937067004442958,0.12637774161633084,3675998768.0,0.8736222583836691,,,,,,
516,NAM,2016,3291462459,6295761354,-0.412,-0.819,95.0,3.76,,Namibia,3699279441.6666665,0.8897577246873436,0.08615201279157116,3291462459.0,0.9138479872084289,,,,,,
516,NAM,2017,4130377098,5647779074,-0.366,-0.807,99.0,3.76,,Namibia,3699279441.6666665,1.1165355748683607,0.08660719860987594,4130377098.0,0.913392801390124,,,,,,
516,NAM,2018,5559707406,6757040107,-0.499,-0.771,97.0,3.79,,Namibia,3699279441.6666665,1.5029163094246105,0.08132771540491572,5559707406.0,0.9186722845950843,,,,,,
516,NAM,2019,4273397576,5312824186,-0.422,-0.672,98.0,4.19,,Namibia,3699279441.6666665,1.1551972873059493,0.09641993188681082,4273397576.0,0.9035800681131891,,,,,,
516,NAM,2020,3769012070,4313040790,-0.526,-0.72,102.0,3.54,,Namibia,3699279441.6666665,1.018850327322641,0.09484672237212127,3769012070.0,0.9051532776278788,,,,,,
516,NAM,2021,4381094132,6455248906,-0.65,-0.912,91.0,3.54,,Namibia,3699279441.6666665,1.18431013419904,0.10677043222125375,4381094132.0,0.8932295677787463,,,,,,
516,NAM,2022,4942730111,6615243116,-0.572,-0.723,102.0,2.606,,Namibia,3699279441.6666665,1.3361332088967877,0.11552469889556102,4942730111.0,0.884475301104439,,,,,,
516,NAM,2023,4947944017,6451612773,-0.767,-0.767,105.0,2.636,,Namibia,3699279441.6666665,1.3375426471623248,0.09880446231348647,4947944017.0,0.9011955376865135,,,,,,
516,NAM,2024,6127645251,7380441823,-0.52,-0.493,108.0,2.602,,Namibia,3699279441.6666665,1.6564429229058895,0.100747821910845,6127645251.0,0.899252178089155,,,,,,
540,NCL,2012,1261290203,2817105499,0.065,-0.96,26.0,,NC,New Caledonia,1224184486.6666667,1.0303105591824386,0.11586358889679355,1261290203.0,0.8841364111032064,,,,,,
540,NCL,2013,1205962648,2686070103,0.339,-0.82,27.0,,NC,New Caledonia,1224184486.6666667,0.9851151204208747,0.10549277302028247,1205962648.0,0.8945072269797175,,,,,,
540,NCL,2014,1438602842,2872236448,-0.127,-0.864,29.0,,NC,New Caledonia,1224184486.6666667,1.1751519952006362,0.11526016426284448,1438602842.0,0.8847398357371555,,,,,,
540,NCL,2015,1247505742,2334141134,-0.248,-0.965,28.0,,NC,New Caledonia,1224184486.6666667,1.019050441814399,0.15079279297485235,1247505742.0,0.8492072070251476,,,,,,
540,NCL,2016,1085195197,2067371947,-0.592,-1.034,19.0,,NC,New Caledonia,1224184486.6666667,0.8864637714490886,0.20023488321209248,1085195197.0,0.7997651167879075,,,,,,
540,NCL,2017,1339852521,2184188949,-0.36,-0.95,18.0,,NC,New Caledonia,1224184486.6666667,1.094485786736512,0.27580332133940527,1339852521.0,0.7241966786605947,,,,,,
540,NCL,2018,1692414983,2463190760,-0.363,-0.979,19.0,,NC,New Caledonia,1224184486.6666667,1.3824836055620005,0.31119666171287313,1692414983.0,0.6888033382871268,,,,,,
540,NCL,2019,1489596575,2541003362,-0.065,-0.961,19.0,,NC,New Caledonia,1224184486.6666667,1.2168072633039355,0.3767132359796043,1489596575.0,0.6232867640203956,,,,,,
540,NCL,2020,1519431781,2151680001,-0.284,-0.974,15.0,,NC,New Caledonia,1224184486.6666667,1.2411787582256189,0.4124800236188198,1519431781.0,0.5875199763811803,,,,,,
540,NCL,2021,1646222558,2258944019,-0.389,-0.945,19.0,,NC,New Caledonia,1224184486.6666667,1.3447503835655532,0.34157592890001026,1646222558.0,0.6584240710999898,,,,,,
540,NCL,2022,2432930264,2789120155,-0.543,-1.016,12.0,,NC,New Caledonia,1224184486.6666667,1.9873885762305552,0.41896039314553224,2432930264.0,0.5810396068544678,,,,,,
540,NCL,2023,1958941994,2723468233,-0.705,-1.029,10.0,,NC,New Caledonia,1224184486.6666667,1.6002016161256913,0.42172212412118043,1958941994.0,0.5782778758788196,,,,,,
540,NCL,2024,1120971095,1736615410,-0.384,-0.99,16.0,,NC,New Caledonia,1224184486.6666667,0.9156880414750994,0.3042081403179109,1120971095.0,0.6957918596820891,,,,,,
562,NER,2012,994324540,1333063360,-1.197,-1.022,52.0,,NE,Niger,803165097.6666666,1.2380076560705695,0.23155179624526695,994324540.0,0.7684482037547331,,,,,,
562,NER,2013,2190632777,1584390323,-1.441,-1.131,25.0,,NE,Niger,803165097.6666666,2.7274999665251474,0.36321800213275574,2190632777.0,0.6367819978672442,,,,,,
562,NER,2014,816477690,2477101908,-0.889,-0.948,49.0,,NE,Niger,803165097.6666666,1.0165751629048732,0.3045447854652469,816477690.0,0.6954552145347531,,,,,,
562,NER,2015,880002921,1413362778,-1.291,-1.124,34.0,,NE,Niger,803165097.6666666,1.0956687778845975,0.2894734899421694,880002921.0,0.7105265100578306,,,,,,
562,NER,2016,731665252,1060493273,-0.661,-0.988,61.0,,NE,Niger,803165097.6666666,0.9109773994482753,0.17601303484965974,731665252.0,0.8239869651503402,,,,,,
562,NER,2017,797827120,1255289749,-0.684,-0.984,55.0,,NE,Niger,803165097.6666666,0.9933538226671274,0.16183395679739715,797827120.0,0.8381660432026028,,,,,,
562,NER,2018,640596470,1367604024,-0.552,-0.898,67.0,,NE,Niger,803165097.6666666,0.7975900245927561,0.17157863434953036,640596470.0,0.8284213656504696,,,,,,
562,NER,2019,909735958,1644693210,-0.692,-0.74,74.0,,NE,Niger,803165097.6666666,1.1326886099046636,0.17332388669233137,909735958.0,0.8266761133076687,,,,,,
562,NER,2020,1946260886,1727309973,-0.747,-0.873,57.0,,NE,Niger,803165097.6666666,2.423238872872121,0.4021155965237393,1946260886.0,0.5978844034762607,,,,,,
562,NER,2021,2816538734,2111790307,-0.926,-0.997,55.0,3.61,NE,Niger,803165097.6666666,3.506799214983982,0.45069292352770585,2816538734.0,0.5493070764722942,,,,,,
562,NER,2022,2175753712,2334461986,-0.38,-0.655,69.0,2.472,NE,Niger,803165097.6666666,2.7089744291938738,0.46416687532065193,2175753712.0,0.5358331246793481,,,,,,
562,NER,2023,1139017538,1546738762,-1.006,-0.939,48.0,2.228,NE,Niger,803165097.6666666,1.4181611493191657,0.1589796314337675,1139017538.0,0.8410203685662325,,,,,,
562,NER,2024,1293086086,1134143879,-0.82,-0.888,38.0,2.671,NE,Niger,803165097.6666666,1.6099878963324459,0.19668178139746365,1293086086.0,0.8033182186025364,,,,,,
574,NFK,2012,3041104,22234378,1.315,-0.398,38.0,,NF,Norfolk Island,2302390.3333333335,1.3208464073062618,0.12708228446161282,3041104.0,0.8729177155383872,,,,,,
574,NFK,2013,4771321,30591880,1.317,-0.306,36.0,,NF,Norfolk Island,2302390.3333333335,2.072333665982788,0.19343055863887187,4771321.0,0.8065694413611282,,,,,,
574,NFK,2014,3509075,24879169,1.014,-0.478,30.0,,NF,Norfolk Island,2302390.3333333335,1.5241008221745196,0.34598024104503067,3509075.0,0.6540197589549693,,,,,,
574,NFK,2015,4142555,23437060,1.231,-0.406,35.0,,NF,Norfolk Island,2302390.3333333335,1.799240962761744,0.1392922852621907,4142555.0,0.8607077147378093,,,,,,
574,NFK,2016,1101217,40852452,0.766,-0.524,33.0,,NF,Norfolk Island,2302390.3333333335,0.4782929219502456,0.12253940420200489,1101217.0,0.8774605957979951,,,,,,
574,NFK,2017,1663399,50011930,1.002,-0.424,33.0,,NF,Norfolk Island,2302390.3333333335,0.7224661152880101,0.09155438158009072,1663399.0,0.9084456184199092,,,,,,
574,NFK,2018,2261033,26202339,1.069,-0.495,30.0,,NF,Norfolk Island,2302390.3333333335,0.9820372190003692,0.13956613468714799,2261033.0,0.860433865312852,,,,,,
574,NFK,2019,2308801,27903126,0.734,-0.256,53.0,,NF,Norfolk Island,2302390.3333333335,1.002784352667684,0.15755377478129792,2308801.0,0.842446225218702,,,,,,
574,NFK,2020,1923285,49197465,0.635,-0.47,33.0,,NF,Norfolk Island,2302390.3333333335,0.8353427184588307,0.10475577600991524,1923285.0,0.8952442239900847,,,,,,
574,NFK,2021,1827815,35966687,1.004,-0.361,32.0,,NF,Norfolk Island,2302390.3333333335,0.7938771169846526,0.08459364465214085,1827815.0,0.9154063553478592,,,,,,
574,NFK,2022,1551773,33180804,0.615,-0.444,40.0,,NF,Norfolk Island,2302390.3333333335,0.673983458640303,0.11003151103087416,1551773.0,0.8899684889691258,,,,,,
574,NFK,2023,1679962,37531984,0.651,-0.497,37.0,,NF,Norfolk Island,2302390.3333333335,0.7296599432676562,0.14028619290339306,1679962.0,0.8597138070966069,,,,,,
574,NFK,2024,2526930,42924555,0.202,-0.632,28.0,,NF,Norfolk Island,2302390.3333333335,1.0975245871283625,0.21040594939305868,2526930.0,0.7895940506069413,,,,,,
566,NGA,2012,110953385374,43752828848,-2.311,-1.225,45.0,3.74,NG,Nigeria,40231930063.0,2.757843961258031,0.07224493530221468,110953385374.0,0.9277550646977853,94.528,5.472,38.621,29.35,,
566,NGA,2013,86193555247,49405949136,-1.986,-1.203,49.0,3.42,NG,Nigeria,40231930063.0,2.1424166106877736,0.061570278283666055,86193555247.0,0.938429721716334,95.781,4.219,43.869,17.16,5.2479999999999976,-12.190000000000001
566,NGA,2014,90582655010,51803610100,-1.584,-1.059,50.0,3.05,NG,Nigeria,40231930063.0,2.2515115448887184,0.06925781197771566,90582655010.0,0.9307421880222844,95.022,4.978,44.761,17.37,0.892000000000003,0.21000000000000085
566,NGA,2015,45868056729,39960269079,-1.7,-1.148,52.0,2.63,NG,Nigeria,40231930063.0,1.1400908844585451,0.0713528847411808,45868056729.0,0.9286471152588192,93.528,6.472,42.534,9.895,-2.227000000000004,-7.475000000000001
566,NGA,2016,31916307856,30331513001,-2.106,-1.357,49.0,3.14,NG,Nigeria,40231930063.0,0.793307897633089,0.07259046724546898,31916307856.0,0.927409532754531,92.732,7.268,39.671,8.513,-2.8629999999999995,-1.3819999999999997
566,NGA,2017,42911425604,35926761691,-2.266,-1.338,41.0,3.43,NG,Nigeria,40231930063.0,1.066601217908366,0.08084049002863562,42911425604.0,0.9191595099713644,94.146,5.854,42.708,12.337,3.036999999999999,3.824
566,NGA,2018,55871220162,41546705828,-2.198,-1.344,41.0,3.47,NG,Nigeria,40231930063.0,1.388728307951175,0.0668916505809752,55871220162.0,0.9331083494190248,93.144,6.856,45.315,14.355,2.6069999999999993,2.0180000000000007
566,NGA,2019,51106105291,47383517846,-1.988,-1.258,47.0,3.92,NG,Nigeria,40231930063.0,1.2702871875888606,0.06722348451334467,51106105291.0,0.9327765154866553,91.765,8.235,45.121,12.936,-0.1939999999999955,-1.4190000000000005
566,NGA,2020,34779873824,43668533273,-2.053,-1.24,52.0,3.38,NG,Nigeria,40231930063.0,0.8644843478684091,0.05677892224322514,34779873824.0,0.9432210777567749,93.534,6.466,46.599,8.229,1.4779999999999944,-4.707000000000001
566,NGA,2021,47245583583,57440564117,-2.049,-1.311,50.0,3.38,NG,Nigeria,40231930063.0,1.1743305257544736,0.06103487716291433,47245583583.0,0.9389651228370857,93.248,6.752,46.471,10.001,-0.1280000000000001,1.7720000000000002
566,NGA,2022,61400690189,63982312633,-2.4,-1.29,48.0,2.581,NG,Nigeria,40231930063.0,1.5261681478579676,0.05777863351866504,61400690189.0,0.9422213664813349,90.731,9.269,47.771,12.893,1.3000000000000043,2.8920000000000012
566,NGA,2023,56752242073,55051222596,-2.296,-1.249,41.0,2.235,NG,Nigeria,40231930063.0,1.410626882283065,0.053394644336641074,56752242073.0,0.9466053556633589,,,,,,
566,NGA,2024,52713046873,47795578161,-2.276,-1.226,43.0,2.393,NG,Nigeria,40231930063.0,1.3102291336869885,0.052905264581767135,52713046873.0,0.9470947354182329,,,,,,
558,NIC,2012,4533476557,5754175601,-1.089,-0.722,126.0,3.53,NI,Nicaragua,4768733202.666667,0.9506668467979899,0.27787211563597913,4533476557.0,0.7221278843640209,,,,,,
558,NIC,2013,4950573384,5718019299,-1.065,-0.844,124.0,3.04,NI,Nicaragua,4768733202.666667,1.038131758185098,0.2564744193061284,4950573384.0,0.7435255806938716,,,,,,
558,NIC,2014,5120248820,5881529464,-1.041,-0.947,110.0,3.08,NI,Nicaragua,4768733202.666667,1.0737125778260705,0.28076229929383006,5120248820.0,0.7192377007061699,,,,,,
558,NIC,2015,4759359754,6082568023,-1.28,-1.014,110.0,2.92,NI,Nicaragua,4768733202.666667,0.9980343944044877,0.3267177913289408,4759359754.0,0.6732822086710593,,,,,,
558,NIC,2016,4821750227,6384804026,-1.198,-1.067,105.0,3.75,NI,Nicaragua,4768733202.666667,1.0111176327297333,0.33873933448061,4821750227.0,0.66126066551939,,,,,,
558,NIC,2017,4725089627,6581372805,-1.108,-1.061,106.0,2.79,NI,Nicaragua,4768733202.666667,0.9908479728657787,0.33379755242122805,4725089627.0,0.666202447578772,,,,,,
558,NIC,2018,4908432837,6052251228,-1.017,-0.939,116.0,3.02,NI,Nicaragua,4768733202.666667,1.029294915105591,0.3715958151544453,4908432837.0,0.6284041848455547,,,,,,
558,NIC,2019,5232743662,5848977859,-1.176,-0.963,110.0,3.32,NI,Nicaragua,4768733202.666667,1.097302667105356,0.383585775867491,5232743662.0,0.616414224132509,,,,,,
558,NIC,2020,4991814567,5595179232,-1.098,-0.893,118.0,2.86,NI,Nicaragua,4768733202.666667,1.0467800052660916,0.3583105376186447,4991814567.0,0.6416894623813554,,,,,,
558,NIC,2021,6751967676,7663004740,-1.108,-0.919,114.0,2.86,NI,Nicaragua,4768733202.666667,1.4158828747694066,0.34345526708019736,6751967676.0,0.6565447329198026,,,,,,
558,NIC,2022,8524638962,9279674165,-1.162,-0.949,109.0,1.133,NI,Nicaragua,4768733202.666667,1.7876107971888713,0.32772439794422814,8524638962.0,0.6722756020557719,,,,,,
558,NIC,2023,7571586765,9064626187,-1.11,-0.978,108.0,1.024,NI,Nicaragua,4768733202.666667,1.5877564215095914,0.295452096955912,7571586765.0,0.704547903044088,,,,,,
558,NIC,2024,7797350123,10049938127,-0.891,-0.881,110.0,1.294,NI,Nicaragua,4768733202.666667,1.6350988389620404,0.2733967860640101,7797350123.0,0.7266032139359899,,,,,,
570,NIU,2012,2681013,14835840,1.125,-0.27,50.0,,NU,Niue,15583040.0,0.17204685350226914,0.4245094399769601,2681013.0,0.5754905600230399,,,,,,
570,NIU,2013,1307607,16276415,1.534,-0.054,45.0,,NU,Niue,15583040.0,0.0839121891492289,0.10107654332261384,1307607.0,0.8989234566773862,,,,,,
570,NIU,2014,3119110,19308546,1.064,0.086,61.0,,NU,Niue,15583040.0,0.2001605591720229,0.20535583785243447,3119110.0,0.7946441621475655,,,,,,
570,NIU,2015,1655278,19106342,1.494,-0.0,53.0,,NU,Niue,15583040.0,0.10622304762100335,0.08960989371567973,1655278.0,0.9103901062843203,,,,,,
570,NIU,2016,1708790,18453822,1.222,-0.09,48.0,,NU,Niue,15583040.0,0.10965703739450068,0.23909418635757557,1708790.0,0.7609058136424245,,,,,,
570,NIU,2017,43385052,23659536,0.954,-0.871,15.0,,NU,Niue,15583040.0,2.784119914984496,0.9396399778622498,43385052.0,0.06036002213775016,,,,,,
570,NIU,2018,112591597,26758165,0.35,-0.864,18.0,,NU,Niue,15583040.0,7.225265224243794,0.8458828176533129,112591597.0,0.15411718234668714,,,,,,
570,NIU,2019,51540203,29025103,0.79,-0.756,19.0,,NU,Niue,15583040.0,3.3074549638581434,0.83406246326223,51540203.0,0.16593753673777,,,,,,
570,NIU,2020,63159484,23647858,0.138,-0.9,9.0,,NU,Niue,15583040.0,4.053091309526255,0.9591531509186277,63159484.0,0.04084684908137226,,,,,,
570,NIU,2021,4979325,38123104,0.911,-0.22,48.0,,NU,Niue,15583040.0,0.3195348917797811,0.33454857078029643,4979325.0,0.6654514292197036,,,,,,
570,NIU,2022,3715418,41930273,1.108,-0.092,55.0,,NU,Niue,15583040.0,0.23842703349282296,0.3447669931529714,3715418.0,0.6552330068470287,,,,,,
570,NIU,2023,5641533,19790625,1.522,0.093,49.0,,NU,Niue,15583040.0,0.36203032270981783,0.24661877041184027,5641533.0,0.7533812295881597,,,,,,
570,NIU,2024,5631475,37475958,1.291,0.127,50.0,,NU,Niue,15583040.0,0.36138487740517894,0.285721981720916,5631475.0,0.714278018279084,,,,,,
528,NLD,2012,490348581299,516499531122,1.022,1.632,432.0,2.52,NL,Netherlands,419531897178.0,1.168799284624963,0.08896439357230115,490348581299.0,0.9110356064276989,70.823,29.177,23.016,34.513,,
528,NLD,2013,504704486377,522866487154,1.039,1.64,434.0,2.66,NL,Netherlands,419531897178.0,1.2030181489701193,0.09103809349076124,504704486377.0,0.9089619065092388,70.865,29.135,22.236,35.311,-0.7799999999999976,0.7980000000000018
528,NLD,2014,503198511232,524958580547,1.03,1.759,448.0,2.56,NL,Netherlands,419531897178.0,1.199428493081902,0.09098715943703158,503198511232.0,0.9090128405629684,71.847,28.153,22.202,35.214,-0.03399999999999892,-0.09700000000000131
528,NLD,2015,408908813441,422565730676,1.047,1.85,461.0,2.92,NL,Netherlands,419531897178.0,0.9746787221461428,0.0864397659188978,408908813441.0,0.9135602340811022,67.682,32.318,21.66,39.816,-0.5420000000000016,4.602000000000004
528,NLD,2016,405184759525,416026654351,1.023,1.911,455.0,3.6,NL,Netherlands,419531897178.0,0.9658020337678573,0.08586708342911718,405184759525.0,0.9141329165708828,69.707,30.293,21.524,39.18,-0.13599999999999923,-0.6360000000000028
528,NLD,2017,444502118568,472444839180,0.995,2.139,452.0,2.51,NL,Netherlands,419531897178.0,1.059519244086,0.07990674508364624,444502118568.0,0.9200932549163537,68.323,31.677,21.53,40.135,0.006000000000000227,0.9549999999999983
528,NLD,2018,505076693033,539333923394,1.01,1.785,442.0,2.47,NL,Netherlands,419531897178.0,1.2039053440999858,0.08443504880923974,505076693033.0,0.9155649511907602,66.689,33.311,21.645,40.285,0.11499999999999844,0.14999999999999858
528,NLD,2019,493250410524,526876627627,1.007,1.95,424.0,1.88,NL,Netherlands,419531897178.0,1.175716110841323,0.07869544156201806,493250410524.0,0.921304558437982,68.619,31.381,22.742,39.595,1.0970000000000013,-0.6899999999999977
528,NLD,2020,481850885516,497812223781,1.002,2.014,437.0,2.19,NL,Netherlands,419531897178.0,1.148544100596859,0.07263005844945225,481850885516.0,0.9273699415505477,70.511,29.489,23.023,38.486,0.2809999999999988,-1.1090000000000018
528,NLD,2021,594362349846,628610794099,1.01,1.942,434.0,2.19,NL,Netherlands,419531897178.0,1.4167274379945956,0.07457172251747289,594362349846.0,0.9254282774825271,69.322,30.678,23.795,39.923,0.772000000000002,1.4370000000000047
528,NLD,2022,627251539936,714283667341,0.999,1.719,424.0,1.622,NL,Netherlands,419531897178.0,1.4951224070332565,0.0785686162664911,627251539936.0,0.9214313837335089,67.513,32.487,24.913,39.267,1.1179999999999986,-0.6559999999999988
528,NLD,2023,579189255747,677803068396,0.993,1.678,422.0,1.504,NL,Netherlands,419531897178.0,1.380560714555776,0.07558775689273571,579189255747.0,0.9244122431072643,,,,,,
528,NLD,2024,564915108363,667390741591,0.947,1.889,438.0,1.867,NL,Netherlands,419531897178.0,1.3465367285847074,0.0718004931342839,564915108363.0,0.9281995068657161,,,,,,
578,NOR,2012,137272829910,82751863750,1.004,-0.044,109.0,1.02,NO,Norway,88982156941.0,1.5427006338025648,0.10198962851740645,137272829910.0,0.8980103714825936,87.443,12.557,48.405,37.095,,
578,NOR,2013,128354258473,85011055790,0.995,0.098,127.0,1.42,NO,Norway,88982156941.0,1.4424718717271132,0.08912872628705681,128354258473.0,0.9108712737129432,87.481,12.519,47.835,35.739,-0.5700000000000003,-1.3560000000000016
578,NOR,2014,127851114227,85101278369,1.007,0.151,130.0,1.73,NO,Norway,88982156941.0,1.436817431968661,0.10050446314548894,127851114227.0,0.899495536854511,86.353,13.647,47.116,34.98,-0.7190000000000012,-0.7590000000000003
578,NOR,2015,91381408693,72465538738,1.054,0.208,143.0,2.61,NO,Norway,88982156941.0,1.0269632905571264,0.08951216425180725,91381408693.0,0.9104878357481927,84.42,15.58,42.074,33.029,-5.042000000000002,-1.9509999999999934
578,NOR,2016,83792171645,68967722295,1.011,0.239,151.0,2.54,NO,Norway,88982156941.0,0.941673865026207,0.09006611038729058,83792171645.0,0.9099338896127094,83.462,16.538,37.857,30.363,-4.216999999999999,-2.666000000000004
578,NOR,2017,91772890485,77749251767,0.937,0.102,139.0,2.53,NO,Norway,88982156941.0,1.0313628444166667,0.08915111366915596,91772890485.0,0.910848886330844,84.498,15.502,42.651,31.437,4.794000000000004,1.0740000000000016
578,NOR,2018,110743089904,81798810352,0.922,-0.067,126.0,2.45,NO,Norway,88982156941.0,1.2445538938489509,0.10161033070653445,110743089904.0,0.8983896692934655,85.575,14.425,44.892,33.253,2.2409999999999997,1.815999999999999
578,NOR,2019,96484620583,80468769246,0.962,0.075,144.0,2.83,NO,Norway,88982156941.0,1.0843142479337127,0.09398570407857737,96484620583.0,0.9060142959214226,83.239,16.761,42.403,31.007,-2.4890000000000043,-2.2459999999999987
578,NOR,2020,77193846187,77707004632,0.97,0.332,159.0,2.52,NO,Norway,88982156941.0,0.8675205101870447,0.09047358564334564,77193846187.0,0.9095264143566544,82.194,17.806,37.122,27.465,-5.280999999999999,-3.5420000000000016
578,NOR,2021,136249295765,92526087532,0.854,-0.169,113.0,2.52,NO,Norway,88982156941.0,1.5311979440478238,0.11617422076755674,136249295765.0,0.8838257792324433,87.379,12.621,44.071,38.058,6.948999999999998,10.593
578,NOR,2022,196458240242,98026348301,0.786,-0.439,89.0,0.986,NO,Norway,88982156941.0,2.2078385936661715,0.12286723694640644,196458240242.0,0.8771327630535936,89.649,10.351,49.695,50.844,5.624000000000002,12.786000000000001
578,NOR,2023,155380338253,88876583790,0.732,-0.287,102.0,1.241,NO,Norway,88982156941.0,1.7461965813665947,0.0948082931729919,155380338253.0,0.9051917068270081,,,,,,
578,NOR,2024,145616446742,91893153604,0.726,-0.118,110.0,1.256,NO,Norway,88982156941.0,1.636467936358877,0.08867457124054513,145616446742.0,0.9113254287594549,,,,,,
524,NPL,2012,598200898,5587586421,-0.174,0.388,193.0,,NP,Nepal,718445413.0,0.8326323575539343,0.29336120590897224,598200898.0,0.7066387940910277,,,,,,
524,NPL,2013,672067323,6572287436,-0.139,0.546,200.0,,NP,Nepal,718445413.0,0.9354466057395512,0.335735197955729,672067323.0,0.664264802044271,,,,,,
524,NPL,2014,900750702,7668819753,-0.076,0.464,185.0,,NP,Nepal,718445413.0,1.2537496735329563,0.4008699059576323,900750702.0,0.5991300940423677,,,,,,
524,NPL,2015,764682408,5348165128,-0.096,0.149,167.0,,NP,Nepal,718445413.0,1.064357004948962,0.42450400517369336,764682408.0,0.5754959948263066,,,,,,
524,NPL,2016,674831167,6769263980,-0.223,0.174,173.0,,NP,Nepal,718445413.0,0.9392935841598866,0.3453902543157284,674831167.0,0.6546097456842717,,,,,,
524,NPL,2017,715822664,8418272559,-0.079,0.118,171.0,,NP,Nepal,718445413.0,0.9963494108911515,0.35353671726138597,715822664.0,0.6464632827386141,,,,,,
524,NPL,2018,717687075,10670992947,-0.188,0.387,200.0,,NP,Nepal,718445413.0,0.998944473739719,0.32728138889312997,717687075.0,0.67271861110687,,,,,,
524,NPL,2019,960417157,10503668827,-0.168,0.065,166.0,,NP,Nepal,718445413.0,1.3367990659020326,0.4712894104368056,960417157.0,0.5287105895631944,,,,,,
524,NPL,2020,870160496,8476988815,-0.212,-0.025,142.0,,NP,Nepal,718445413.0,1.2111713433682956,0.5335067783962296,870160496.0,0.4664932216037704,,,,,,
524,NPL,2021,1644209411,13626655662,-0.345,-0.295,125.0,3.641,NP,Nepal,718445413.0,2.2885655350408647,0.6485205295954806,1644209411.0,0.35147947040451943,,,,,,
524,NPL,2022,1296500484,12257530608,-0.173,-0.038,152.0,2.425,NP,Nepal,718445413.0,1.8045914978929651,0.49063067551714734,1296500484.0,0.5093693244828527,,,,,,
524,NPL,2023,1156189530,10372840616,-0.101,0.262,180.0,2.836,NP,Nepal,718445413.0,1.6092934954823075,0.5042608429493747,1156189530.0,0.4957391570506253,,,,,,
524,NPL,2024,1161758452,10335308870,-0.08,0.264,180.0,2.859,NP,Nepal,718445413.0,1.6170448456882276,0.5426988950622148,1161758452.0,0.4573011049377852,,,,,,
520,NRU,2012,80517979,47248869,0.74,-0.672,23.0,,NR,Nauru,22269621.333333332,3.615597130943583,0.2809459023477125,80517979.0,0.7190540976522874,,,,,,
520,NRU,2013,54473810,156989809,0.92,-0.705,22.0,,NR,Nauru,22269621.333333332,2.446104007995107,0.22715139949989538,54473810.0,0.7728486005001046,,,,,,
520,NRU,2014,29125619,137228595,0.908,-0.359,36.0,,NR,Nauru,22269621.333333332,1.3078632350342014,0.13115448579022662,29125619.0,0.8688455142097734,,,,,,
520,NRU,2015,26282414,86812674,1.159,-0.321,37.0,,NR,Nauru,22269621.333333332,1.1801913291026773,0.24938777202582726,26282414.0,0.7506122279741727,,,,,,
520,NRU,2016,17581711,55280502,1.135,-0.384,48.0,,NR,Nauru,22269621.333333332,0.7894930379298173,0.16065629435462186,17581711.0,0.8393437056453781,,,,,,
520,NRU,2017,22944739,47834823,1.005,0.004,71.0,,NR,Nauru,22269621.333333332,1.0303156329675056,0.15213687092057565,22944739.0,0.8478631290794243,,,,,,
520,NRU,2018,16555671,124972706,1.072,-0.036,77.0,,NR,Nauru,22269621.333333332,0.7434195109199881,0.12351728253208932,16555671.0,0.8764827174679106,,,,,,
520,NRU,2019,34378290,94375510,0.913,-0.388,40.0,,NR,Nauru,22269621.333333332,1.5437303349447762,0.2393728070849665,34378290.0,0.7606271929150334,,,,,,
520,NRU,2020,105403738,116052324,1.161,-0.865,10.0,,NR,Nauru,22269621.333333332,4.733072755136205,0.4944107094176908,105403738.0,0.5055892905823092,,,,,,
520,NRU,2021,169163649,109193044,0.597,-0.776,15.0,,NR,Nauru,22269621.333333332,7.596161895523325,0.29105762341010327,169163649.0,0.7089423765898968,,,,,,
520,NRU,2022,178713610,80924979,1.074,-0.732,22.0,,NR,Nauru,22269621.333333332,8.024995455692826,0.3986027313870312,178713610.0,0.6013972686129688,,,,,,
520,NRU,2023,180461636,71503183,1.006,-0.818,17.0,0.697,NR,Nauru,22269621.333333332,8.103489201672401,0.5223017158916672,180461636.0,0.4776982841083328,,,,,,
520,NRU,2024,161409688,64854157,0.907,-0.653,23.0,,NR,Nauru,22269621.333333332,7.247976316436095,0.5035441193202348,161409688.0,0.4964558806797652,,,,,,
554,NZL,2012,35388419230,32504633373,0.577,0.54,223.0,2.33,NZ,New Zealand,33081688176.666668,1.069728335537614,0.09019633198991248,35388419230.0,0.9098036680100875,85.107,14.893,12.307,24.618,,
554,NZL,2013,37796557892,33377437285,0.557,0.185,195.0,2.27,NZ,New Zealand,33081688176.666668,1.1425220408993169,0.099247415940134,37796557892.0,0.900752584059866,85.975,14.025,12.151,24.554,-0.15600000000000058,-0.06400000000000006
554,NZL,2014,39276876798,36505385154,0.528,-0.003,177.0,2.12,NZ,New Zealand,33081688176.666668,1.1872694219306181,0.08953000324979757,39276876798.0,0.9104699967502025,86.146,13.854,12.537,23.946,0.386000000000001,-0.607999999999997
554,NZL,2015,31999549173,31075756068,0.503,0.223,195.0,2.83,NZ,New Zealand,33081688176.666668,0.9672888820580224,0.08360368822699407,31999549173.0,0.916396311773006,86.575,13.425,12.004,23.814,-0.5330000000000013,-0.13200000000000145
554,NZL,2016,31576454312,30634773146,0.477,0.261,197.0,3.0,NZ,New Zealand,33081688176.666668,0.9544994845296817,0.08784939518278237,31576454312.0,0.9121506048172177,87.264,12.736,11.448,23.182,-0.5559999999999992,-0.6320000000000014
554,NZL,2017,35669061045,33604430779,0.484,0.08,181.0,2.43,NZ,New Zealand,33081688176.666668,1.0782116334122958,0.09391522072361516,35669061045.0,0.9060847792763849,87.373,12.627,12.181,23.63,0.7329999999999988,0.4480000000000004
554,NZL,2018,37452661903,36924038181,0.46,0.077,177.0,2.35,NZ,New Zealand,33081688176.666668,1.1321266829851897,0.10306318585850063,37452661903.0,0.8969368141414994,86.938,13.062,12.67,23.645,0.48900000000000077,0.015000000000000568
554,NZL,2019,37081780031,35648101587,0.472,-0.038,178.0,2.4,NZ,New Zealand,33081688176.666668,1.12091559031001,0.11526509435013302,37081780031.0,0.884734905649867,87.194,12.806,12.584,23.534,-0.0860000000000003,-0.11100000000000065
554,NZL,2020,36420661856,31719358343,0.429,-0.114,160.0,1.9,NZ,New Zealand,33081688176.666668,1.1009311756250817,0.11497777693159209,36420661856.0,0.8850222230684079,88.474,11.526,12.622,20.523,0.038000000000000256,-3.0109999999999992
554,NZL,2021,41551926299,42546279424,0.439,-0.115,160.0,1.9,NZ,New Zealand,33081688176.666668,1.2560400810593335,0.13344033035837208,41551926299.0,0.8665596696416279,87.511,12.489,13.586,19.684,0.9640000000000004,-0.8389999999999986
554,NZL,2022,43669832137,47633375449,0.485,-0.016,156.0,1.296,NZ,New Zealand,33081688176.666668,1.3200605695752072,0.12064673527729942,43669832137.0,0.8793532647227006,85.322,14.678,13.759,20.547,0.17300000000000004,0.8629999999999995
554,NZL,2023,40177918702,44092241766,0.473,-0.069,160.0,1.008,NZ,New Zealand,33081688176.666668,1.214506299903355,0.11312812681824502,40177918702.0,0.886871873181755,,,,,,
554,NZL,2024,40267990342,42231101127,0.523,0.082,166.0,1.206,NZ,New Zealand,33081688176.666668,1.2172290037605158,0.10212083388351212,40267990342.0,0.8978791661164879,,,,,,
512,OMN,2012,39289035785,26383329239,-0.352,-1.002,66.0,2.26,OM,Oman,26994713051.0,1.4554344663998777,0.15137929938763217,39289035785.0,0.8486207006123678,,,,,,
512,OMN,2013,46537972656,29041976660,-0.35,-1.009,65.0,2.34,OM,Oman,26994713051.0,1.7239661917530935,0.1533885694571325,46537972656.0,0.8466114305428675,,,,,,
512,OMN,2014,41374837788,28226641906,-0.273,-0.985,63.0,2.19,OM,Oman,26994713051.0,1.5327015223252132,0.223517849440769,41374837788.0,0.776482150559231,,,,,,
512,OMN,2015,28542275186,27314017462,-0.324,-0.954,78.0,2.37,OM,Oman,26994713051.0,1.057328341741446,0.18811846502053886,28542275186.0,0.8118815349794611,,,,,,
512,OMN,2016,24667479513,25217652702,-0.314,-0.877,93.0,3.23,OM,Oman,26994713051.0,0.9137892840867301,0.1696696592357294,24667479513.0,0.8303303407642706,,,,,,
512,OMN,2017,27774384454,30714274481,-0.144,-0.874,95.0,4.49,OM,Oman,26994713051.0,1.0288823741718238,0.17322086940609563,27774384454.0,0.8267791305939044,,,,,,
512,OMN,2018,36983522467,33650776609,-0.166,-0.946,80.0,4.22,OM,Oman,26994713051.0,1.3700283606322672,0.18749612856475362,36983522467.0,0.8125038714352464,,,,,,
512,OMN,2019,35822874342,31824571877,-0.075,-0.805,94.0,4.15,OM,Oman,26994713051.0,1.3270329739872144,0.21137702213186427,35822874342.0,0.7886229778681357,,,,,,
512,OMN,2020,30998883207,29197195065,-0.055,-0.755,97.0,3.45,OM,Oman,26994713051.0,1.1483316436235156,0.1813423909714892,30998883207.0,0.8186576090285108,,,,,,
512,OMN,2021,50431797927,31224064227,-0.202,-0.88,88.0,3.45,OM,Oman,26994713051.0,1.8682101873697001,0.21758908565291388,50431797927.0,0.7824109143470861,,,,,,
512,OMN,2022,71526601149,36391631650,-0.144,-0.941,75.0,3.839,OM,Oman,26994713051.0,2.649652212041215,0.17970727781032575,71526601149.0,0.8202927221896743,,,,,,
512,OMN,2023,59768845931,35961940458,-0.27,-0.854,82.0,3.754,OM,Oman,26994713051.0,2.2140945087314385,0.18056390922957385,59768845931.0,0.8194360907704261,,,,,,
512,OMN,2024,56725507703,25813987324,-0.545,-1.079,54.0,3.026,OM,Oman,26994713051.0,2.1013562024471546,0.2116577212786797,56725507703.0,0.7883422787213203,,,,,,
586,PAK,2012,25607037968,39444426470,-0.478,0.498,214.0,4.89,PK,Pakistan,21434103720.333332,1.1946866685966457,0.0644769824382426,25607037968.0,0.9355230175617574,89.878,10.122,15.654,11.656,,
586,PAK,2013,25328338577,40240277189,-0.512,0.493,217.0,5.02,PK,Pakistan,21434103720.333332,1.181684053948681,0.0595048232714707,25328338577.0,0.9404951767285293,89.285,10.715,16.232,11.363,0.5779999999999994,-0.29300000000000104
586,PAK,2014,24413076755,43290729611,-0.436,0.401,211.0,5.07,PK,Pakistan,21434103720.333332,1.1389828599103344,0.05029922970755718,24413076755.0,0.9497007702924428,89.754,10.246,15.916,11.292,-0.31599999999999895,-0.07099999999999973
586,PAK,2015,21889822751,42873436870,-0.48,0.448,215.0,5.97,PK,Pakistan,21434103720.333332,1.021261398965535,0.054229548039257565,21889822751.0,0.9457704519607424,91.046,8.954,14.887,10.304,-1.029,-0.9879999999999995
586,PAK,2016,20515587395,46221571939,-0.49,0.303,205.0,5.99,PK,Pakistan,21434103720.333332,0.957146968339899,0.05215819752071347,20515587395.0,0.9478418024792865,92.192,7.808,14.101,8.984,-0.7859999999999996,-1.3200000000000003
586,PAK,2017,21896901015,54084359410,-0.454,0.191,205.0,4.78,PK,Pakistan,21434103720.333332,1.021591632694566,0.04988329087460351,21896901015.0,0.9501167091253965,92.35,7.65,14.589,8.068,0.48799999999999955,-0.9160000000000004
586,PAK,2018,24678020435,55587048869,-0.445,0.259,207.0,4.61,PK,Pakistan,21434103720.333332,1.151343707065733,0.053831269981977174,24678020435.0,0.9461687300180228,91.485,8.515,15.067,7.961,0.47799999999999976,-0.10699999999999932
586,PAK,2019,24324242942,48282746811,-0.498,0.584,218.0,4.76,PK,Pakistan,21434103720.333332,1.1348383519729335,0.05623693463855955,24324242942.0,0.9437630653614405,90.695,9.305,13.936,8.406,-1.1310000000000002,0.4450000000000003
586,PAK,2020,22381069135,45462794433,-0.43,0.274,207.0,4.34,PK,Pakistan,21434103720.333332,1.0441803131599263,0.06396075560402503,22381069135.0,0.936039244395975,90.971,9.029,13.559,8.828,-0.37700000000000067,0.4219999999999988
586,PAK,2021,29447894844,68021803043,-0.423,0.373,211.0,4.34,PK,Pakistan,21434103720.333332,1.373880393051585,0.06990397682627834,29447894844.0,0.9300960231737216,91.41,8.59,14.69,8.71,1.1310000000000002,-0.11799999999999855
586,PAK,2022,31392628220,65790160607,-0.402,0.407,216.0,3.477,PK,Pakistan,21434103720.333332,1.4646111929662622,0.0601387022174366,31392628220.0,0.9398612977825634,90.391,9.609,15.656,9.24,0.9660000000000011,0.5299999999999994
586,PAK,2023,30661599754,49259905705,-0.391,0.439,217.0,3.708,PK,Pakistan,21434103720.333332,1.4305053364518834,0.06003252799647709,30661599754.0,0.9399674720035229,,,,,,
586,PAK,2024,33111078774,57852617778,-0.232,0.265,207.0,3.622,PK,Pakistan,21434103720.333332,1.5447848534291349,0.05474110048548063,33111078774.0,0.9452588995145194,,,,,,
591,PAN,2012,10382674509,67886489359,0.82,1.329,246.0,,PA,Panama,7453591076.333333,1.3929761376321144,0.09432985587236244,10382674509.0,0.9056701441276376,,,,,,
591,PAN,2013,10182317858,58630243252,0.833,1.301,233.0,,PA,Panama,7453591076.333333,1.366095584493618,0.053491113392430796,10182317858.0,0.9465088866075692,,,,,,
591,PAN,2014,8751205817,51597958147,0.784,1.212,230.0,,PA,Panama,7453591076.333333,1.1740925585234825,0.057619194535971995,8751205817.0,0.942380805464028,,,,,,
591,PAN,2015,7685768164,39182969513,0.806,0.972,208.0,,PA,Panama,7453591076.333333,1.0311496948637116,0.04147638767676053,7685768164.0,0.9585236123232395,,,,,,
591,PAN,2016,7397472081,33606065221,0.779,0.626,194.0,4.69,PA,Panama,7453591076.333333,0.9924708781634771,0.043873162134539526,7397472081.0,0.9561268378654605,,,,,,
591,PAN,2017,7277532984,36849940836,0.746,0.976,211.0,3.72,PA,Panama,7453591076.333333,0.9763794269728113,0.04447995967870738,7277532984.0,0.9555200403212927,,,,,,
591,PAN,2018,7416144188,39678489067,0.732,1.088,219.0,3.14,PA,Panama,7453591076.333333,0.9949759937257311,0.041570272581791225,7416144188.0,0.9584297274182088,,,,,,
591,PAN,2019,7713979121,39941901874,0.747,0.697,195.0,3.89,PA,Panama,7453591076.333333,1.0349345760989561,0.0410415981464394,7713979121.0,0.9589584018535606,,,,,,
591,PAN,2020,6834266675,33921760657,0.779,0.821,210.0,3.43,PA,Panama,7453591076.333333,0.9169092595782704,0.04366111648502751,6834266675.0,0.9563388835149725,,,,,,
591,PAN,2021,5826919539,42812327869,0.212,-0.584,81.0,3.43,PA,Panama,7453591076.333333,0.7817600240374943,0.08243283302639245,5826919539.0,0.9175671669736075,,,,,,
591,PAN,2022,6074945068,57782433428,0.172,-0.545,84.0,1.974,PA,Panama,7453591076.333333,0.8150360015441664,0.0861810671522712,6074945068.0,0.9138189328477289,,,,,,
591,PAN,2023,5271030796,53321153998,0.148,-0.717,77.0,1.664,PA,Panama,7453591076.333333,0.7071800346998636,0.09692478165631974,5271030796.0,0.9030752183436803,,,,,,
591,PAN,2024,3028551995,56269586548,0.384,0.398,153.0,2.514,PA,Panama,7453591076.333333,0.4063211898780265,0.05430913578706428,3028551995.0,0.9456908642129357,,,,,,
612,PCN,2012,5288064,6062985,1.586,0.547,80.0,,PN,Pitcairn,1809811.6666666667,2.9218863472902794,0.3359481298605393,5288064.0,0.6640518701394607,,,,,,
612,PCN,2013,1272121,3214849,0.59,-0.567,39.0,,PN,Pitcairn,1809811.6666666667,0.7029024198650504,0.1168390507621816,1272121.0,0.8831609492378184,,,,,,
612,PCN,2014,984434,2190107,0.904,-0.398,35.0,,PN,Pitcairn,1809811.6666666667,0.5439427859436571,0.12674549640724964,984434.0,0.8732545035927504,,,,,,
612,PCN,2015,2083422,1355620,-0.189,-0.826,27.0,,PN,Pitcairn,1809811.6666666667,1.151181660706869,0.25225596002668255,2083422.0,0.7477440399733175,,,,,,
612,PCN,2016,2073852,3231811,0.484,-0.685,29.0,,PN,Pitcairn,1809811.6666666667,1.1458938176808453,0.36538943466196416,2073852.0,0.6346105653380358,,,,,,
612,PCN,2017,1272161,4506276,0.63,-0.602,30.0,,PN,Pitcairn,1809811.6666666667,0.7029245216122856,0.1416017138402978,1272161.0,0.8583982861597022,,,,,,
612,PCN,2018,1813517,3537593,1.041,-0.252,48.0,,PN,Pitcairn,1809811.6666666667,1.0020473585188883,0.10578632089177319,1813517.0,0.8942136791082268,,,,,,
612,PCN,2019,1824862,6160020,-0.054,-0.736,39.0,,PN,Pitcairn,1809811.6666666667,1.0083159665784744,0.10401094445154763,1824862.0,0.8959890555484524,,,,,,
612,PCN,2020,2498023,2839377,-0.083,-0.727,35.0,,PN,Pitcairn,1809811.6666666667,1.380266823343497,0.3036177301370723,2498023.0,0.6963822698629277,,,,,,
612,PCN,2021,5288903,4158892,0.625,-0.414,55.0,,PN,Pitcairn,1809811.6666666667,2.922349931438538,0.48861547047477305,5288903.0,0.511384529525227,,,,,,
612,PCN,2022,3627372,3832115,0.733,-0.364,53.0,,PN,Pitcairn,1809811.6666666667,2.0042814768019137,0.2238857040474523,3627372.0,0.7761142959525477,,,,,,
612,PCN,2023,1312650,7445691,1.372,-0.404,31.0,,PN,Pitcairn,1809811.6666666667,0.7252964627074456,0.1621408830096806,1312650.0,0.8378591169903193,,,,,,
612,PCN,2024,967498,4240729,1.637,-0.332,25.0,,PN,Pitcairn,1809811.6666666667,0.5345849061642693,0.11364987496057154,967498.0,0.8863501250394284,,,,,,
604,PER,2012,44849021400,41025105196,-0.487,0.421,207.0,2.6,PE,Peru,36583677765.666664,1.2259298173156954,0.07497620337067323,44849021400.0,0.9250237966293268,86.367,13.633,37.4,24.848,,
604,PER,2013,43112076187,41612935874,-0.485,0.354,203.0,2.59,PE,Peru,36583677765.666664,1.1784511241092375,0.08458647572627123,43112076187.0,0.9154135242737288,86.221,13.779,35.396,22.437,-2.003999999999998,-2.410999999999998
604,PER,2014,37101491363,38319326580,-0.47,0.488,208.0,2.8,PE,Peru,36583677765.666664,1.0141542247515447,0.08260705317260598,37101491363.0,0.917392946827394,86.389,13.611,32.026,20.5,-3.3699999999999974,-1.9370000000000012
604,PER,2015,33653327639,36085825913,-0.557,0.383,194.0,3.76,PE,Peru,36583677765.666664,0.9199000673077008,0.08529339865459803,33653327639.0,0.9147066013454019,87.76,12.24,30.582,19.536,-1.4440000000000026,-0.9639999999999986
604,PER,2016,34640094401,32602512630,-0.707,0.065,180.0,3.76,PE,Peru,36583677765.666664,0.9468729366928031,0.10298342381132528,34640094401.0,0.8970165761886747,88.249,11.751,30.296,20.812,-0.28600000000000136,1.2759999999999998
604,PER,2017,41457611257,36122553006,-0.642,-0.102,169.0,2.44,PE,Peru,36583677765.666664,1.1332269959994963,0.1076015957727699,41457611257.0,0.8923984042272302,87.616,12.384,29.841,22.591,-0.4549999999999983,1.779
604,PER,2018,45663397084,39314606202,-0.685,-0.176,166.0,2.42,PE,Peru,36583677765.666664,1.2481904464743165,0.11897867856560815,45663397084.0,0.8810213214343918,86.945,13.055,27.869,22.831,-1.9720000000000013,0.23999999999999844
604,PER,2019,43699464150,38710053623,-0.68,-0.116,168.0,2.67,PE,Peru,36583677765.666664,1.1945071359394985,0.1116983784634864,43699464150.0,0.8883016215365136,87.173,12.827,28.294,21.886,0.4250000000000007,-0.9450000000000003
604,PER,2020,39325256624,33211354472,-0.73,-0.206,163.0,2.24,PE,Peru,36583677765.666664,1.0749399466038998,0.1266449098616347,39325256624.0,0.8733550901383653,88.538,11.462,34.487,21.03,6.193000000000001,-0.8559999999999981
604,PER,2021,57020886718,46513636116,-0.714,-0.273,157.0,2.24,PE,Peru,36583677765.666664,1.5586428210756167,0.1439907216888347,57020886718.0,0.8560092783111652,89.009,10.991,33.836,27.767,-0.6510000000000034,6.736999999999998
604,PER,2022,58879377362,53286267686,-0.715,-0.119,166.0,1.624,PE,Peru,36583677765.666664,1.6094439093616109,0.13576886134491123,58879377362.0,0.8642311386550887,87.189,12.811,33.593,26.981,-0.242999999999995,-0.7859999999999978
604,PER,2023,61643633858,48101717514,-0.715,-0.235,160.0,1.366,PE,Peru,36583677765.666664,1.6850037399971798,0.1513970463923973,61643633858.0,0.8486029536076027,,,,,,
604,PER,2024,72923056348,49141897780,-0.585,-0.248,148.0,1.527,PE,Peru,36583677765.666664,1.993322180867157,0.1412816699321212,72923056348.0,0.8587183300678788,,,,,,
608,PHL,2012,63490554063,85418262991,0.639,0.556,202.0,5.49,PH,Philippines,67239506828.0,0.9442447908698989,0.11748917464614082,63490554063.0,0.8825108253538592,80.399,19.601,22.144,21.958,,
608,PHL,2013,62357030679,91067652821,0.576,0.616,203.0,5.58,PH,Philippines,67239506828.0,0.9273867941731121,0.11022539055776821,62357030679.0,0.8897746094422317,78.886,21.114,21.867,20.613,-0.27699999999999747,-1.3449999999999989
608,PHL,2014,68183197357,97041450105,0.586,0.577,199.0,5.68,PH,Philippines,67239506828.0,1.014034762798216,0.11723215451094564,68183197357.0,0.8827678454890544,79.692,20.308,22.161,21.741,0.2940000000000005,1.1280000000000001
608,PHL,2015,64515795185,92902589506,0.579,0.485,195.0,5.43,PH,Philippines,67239506828.0,0.9594923911329791,0.10949232026818717,64515795185.0,0.8905076797318128,77.964,22.036,22.122,21.041,-0.03900000000000148,-0.6999999999999993
608,PHL,2016,62484503185,102467756692,0.629,0.449,188.0,5.75,PH,Philippines,67239506828.0,0.9292825919267463,0.10682417246730767,62484503185.0,0.8931758275326923,77.226,22.774,21.434,20.536,-0.6879999999999988,-0.504999999999999
608,PHL,2017,74718222114,115697660923,0.731,0.446,189.0,4.02,PH,Philippines,67239506828.0,1.1112250169402744,0.0995993347171401,74718222114.0,0.9004006652828599,76.017,23.983,20.835,22.322,-0.5990000000000002,1.7859999999999978
608,PHL,2018,76263646582,126259291832,0.716,0.461,186.0,3.94,PH,Philippines,67239506828.0,1.134208892654194,0.10235363374805305,76263646582.0,0.8976463662519469,76.088,23.912,21.21,22.829,0.375,0.5070000000000014
608,PHL,2019,77247379384,125120982800,0.732,0.316,175.0,4.29,PH,Philippines,67239506828.0,1.148839172506133,0.10445840779605398,77247379384.0,0.895541592203946,76.229,23.771,20.9,21.376,-0.3100000000000023,-1.4529999999999994
608,PHL,2020,70215041993,112715913095,0.702,0.376,171.0,3.99,PH,Philippines,67239506828.0,1.0442527809225532,0.10662279544621633,70215041993.0,0.8933772045537837,76.229,23.771,21.956,18.269,1.056000000000001,-3.107000000000003
608,PHL,2021,85237749600,144454816840,0.803,0.371,183.0,3.99,PH,Philippines,67239506828.0,1.2676736285118786,0.10811118485210774,85237749600.0,0.8918888151478923,73.337,26.663,21.991,18.876,0.03500000000000014,0.6070000000000029
608,PHL,2022,95848403453,163721304704,0.795,0.417,181.0,2.918,PH,Philippines,67239506828.0,1.425477490460811,0.09077011970065992,95848403453.0,0.90922988029934,73.044,26.956,22.593,20.852,0.6020000000000003,1.975999999999999
608,PHL,2023,81831155251,142740133810,0.757,0.442,184.0,2.68,PH,Philippines,67239506828.0,1.2170100453045518,0.08965582912596422,81831155251.0,0.9103441708740357,,,,,,
608,PHL,2024,81466617750,142425972741,0.739,0.673,189.0,3.196,PH,Philippines,67239506828.0,1.211588567393768,0.09441004069580694,81466617750.0,0.9055899593041931,,,,,,
585,PLW,2012,21396405,110629387,-0.201,-0.963,29.0,,PW,Palau,18412241.333333332,1.1620749811303075,0.7949844081266036,21396405.0,0.20501559187339635,,,,,,
585,PLW,2013,13545321,101886674,-0.158,-0.864,23.0,,PW,Palau,18412241.333333332,0.7356693166669335,0.818633243113621,13545321.0,0.18136675688637904,,,,,,
585,PLW,2014,15405009,107127089,-0.267,-0.726,36.0,,PW,Palau,18412241.333333332,0.836672120526192,0.5509992905657181,15405009.0,0.44900070943428194,,,,,,
585,PLW,2015,13739820,109332695,-0.408,-0.731,32.0,,PW,Palau,18412241.333333332,0.7462328866570727,0.28836383445282293,13739820.0,0.711636165547177,,,,,,
585,PLW,2016,19607610,121670743,0.118,-0.797,26.0,,PW,Palau,18412241.333333332,1.0649224961277575,0.43873891018501465,19607610.0,0.5612610898149853,,,,,,
585,PLW,2017,21889294,118706831,-0.26,-0.736,30.0,,PW,Palau,18412241.333333332,1.18884461721517,0.6244608703178324,21889294.0,0.3755391296821676,,,,,,
585,PLW,2018,25580934,118171733,-0.152,-0.816,28.0,,PW,Palau,18412241.333333332,1.389343835814738,0.5179191121164151,25580934.0,0.48208088788358494,,,,,,
585,PLW,2019,19316549,111094535,-0.434,-0.894,26.0,,PW,Palau,18412241.333333332,1.0491144804315333,0.5131739835708735,19316549.0,0.4868260164291265,,,,,,
585,PLW,2020,12313167,96718660,-0.192,-0.819,22.0,,PW,Palau,18412241.333333332,0.6687489468057519,0.4371413259116808,12313167.0,0.5628586740883192,,,,,,
585,PLW,2021,4503015,125320410,0.362,-0.739,23.0,,PW,Palau,18412241.333333332,0.24456636856305963,0.186248235515157,4503015.0,0.813751764484843,,,,,,
585,PLW,2022,6567048,182801474,0.289,-0.629,26.0,,PW,Palau,18412241.333333332,0.35666749534241027,0.18550331962973915,6567048.0,0.8144966803702609,,,,,,
585,PLW,2023,4978121,212116236,-0.056,-0.82,28.0,0.551,PW,Palau,18412241.333333332,0.2703701798100843,0.2096564360807734,4978121.0,0.7903435639192267,,,,,,
585,PLW,2024,16849116,202759811,-0.408,-0.726,25.0,,PW,Palau,18412241.333333332,0.9151040166683311,0.3079807700498164,16849116.0,0.6920192299501836,,,,,,
598,PNG,2012,6464006915,7911841638,-1.051,-1.016,70.0,3.75,PG,Papua New Guinea,7745429350.333333,0.8345575981171159,0.23180285875053944,6464006915.0,0.7681971412494606,,,,,,
598,PNG,2013,5553346439,6123984359,-1.995,-1.289,45.0,2.9,PG,Papua New Guinea,7745429350.333333,0.7169836800281453,0.22075268236095025,5553346439.0,0.7792473176390498,,,,,,
598,PNG,2014,8001862987,5493520024,-2.227,-1.229,34.0,3.37,PG,Papua New Guinea,7745429350.333333,1.033107736842972,0.20505994858103047,8001862987.0,0.7949400514189695,,,,,,
598,PNG,2015,7725486295,4914096990,-2.559,-1.305,31.0,,PG,Papua New Guinea,7745429350.333333,0.9974251840109452,0.17596401749221122,7725486295.0,0.8240359825077888,,,,,,
598,PNG,2016,7003115166,4105509259,-2.576,-1.325,32.0,2.92,PG,Papua New Guinea,7745429350.333333,0.9041610024754294,0.18597653689675198,7003115166.0,0.814023463103248,,,,,,
598,PNG,2017,8507686590,4432073637,-2.681,-1.318,34.0,2.15,PG,Papua New Guinea,7745429350.333333,1.0984138135136257,0.1609961722284997,8507686590.0,0.8390038277715003,,,,,,
598,PNG,2018,8967802729,4495933423,-2.398,-1.282,34.0,2.18,PG,Papua New Guinea,7745429350.333333,1.1578186725845043,0.17274612232098358,8967802729.0,0.8272538776790164,,,,,,
598,PNG,2019,10664521936,4404828094,-1.513,-1.253,37.0,2.9,PG,Papua New Guinea,7745429350.333333,1.3768793766792335,0.17142342572992178,10664521936.0,0.8285765742700782,,,,,,
598,PNG,2020,9276636722,4019455184,-1.842,-1.244,37.0,2.14,PG,Papua New Guinea,7745429350.333333,1.1976917356557863,0.14541046285348347,9276636722.0,0.8545895371465165,,,,,,
598,PNG,2021,10668050929,4314759726,-1.889,-1.199,37.0,2.14,PG,Papua New Guinea,7745429350.333333,1.3773349993232962,0.140255581525515,10668050929.0,0.859744418474485,,,,,,
598,PNG,2022,14717025742,5664069738,-1.651,-1.225,35.0,1.718,PG,Papua New Guinea,7745429350.333333,1.9000916639135876,0.13930086400001915,14717025742.0,0.8606991359999808,,,,,,
598,PNG,2023,11914371601,5737539698,-1.637,-1.157,40.0,1.501,PG,Papua New Guinea,7745429350.333333,1.5382454686630447,0.14624599832995683,11914371601.0,0.8537540016700431,,,,,,
598,PNG,2024,11173234143,5581818131,-2.137,-1.196,32.0,1.585,PG,Papua New Guinea,7745429350.333333,1.4425583963940163,0.15384913550151524,11173234143.0,0.8461508644984848,,,,,,
616,POL,2012,170099710890,186379004629,1.076,1.141,412.0,3.25,PL,Poland,192272354086.66666,0.884681064513974,0.08768534705549233,170099710890.0,0.9123146529445076,70.848,29.152,21.516,30.524,,
616,POL,2013,188554461472,198686852011,1.086,1.097,400.0,3.23,PL,Poland,192272354086.66666,0.9806634051352446,0.08802506865062312,188554461472.0,0.9119749313493769,70.635,29.365,21.644,31.429,0.1280000000000001,0.9049999999999976
616,POL,2014,200103051820,212069021197,1.095,1.088,387.0,3.26,PL,Poland,192272354086.66666,1.040727112176531,0.09189960989576614,200103051820.0,0.9081003901042338,70.624,29.376,21.641,31.406,-0.0030000000000001137,-0.022999999999999687
616,POL,2015,182739473024,183634376145,1.127,1.013,386.0,3.1,PL,Poland,192272354086.66666,0.9504199076983803,0.09661513010689829,182739473024.0,0.9033848698931017,71.842,28.158,22.626,32.244,0.985000000000003,0.838000000000001
616,POL,2016,187796065952,181294275892,1.107,1.136,409.0,4.11,PL,Poland,192272354086.66666,0.9767190236166299,0.09800014779309506,187796065952.0,0.9019998522069049,71.408,28.592,22.101,34.168,-0.5250000000000021,1.9239999999999995
616,POL,2017,206281523284,208157931887,1.097,1.145,409.0,3.14,PL,Poland,192272354086.66666,1.07286106868499,0.09084425917493955,206281523284.0,0.9091557408250605,70.314,29.686,21.763,34.755,-0.3379999999999974,0.5870000000000033
616,POL,2018,236209344169,253092832295,1.093,1.215,430.0,3.19,PL,Poland,192272354086.66666,1.228514339937445,0.09863512869382288,236209344169.0,0.9013648713061772,69.827,30.173,22.158,34.825,0.3949999999999996,0.07000000000000028
616,POL,2019,235952403192,231343056424,1.06,1.22,427.0,3.29,PL,Poland,192272354086.66666,1.227178001293127,0.09708972966934898,235952403192.0,0.9029102703306511,70.33,29.67,22.179,35.543,0.020999999999997243,0.7179999999999964
616,POL,2020,238021705378,238919519827,1.047,1.502,428.0,3.09,PL,Poland,192272354086.66666,1.237940350336127,0.10055583002423994,238021705378.0,0.89944416997576,71.105,28.895,21.758,35.88,-0.4209999999999994,0.3370000000000033
616,POL,2021,292961216790,314896226073,1.051,1.574,436.0,3.09,PL,Poland,192272354086.66666,1.523678316529832,0.09891730432553775,292961216790.0,0.9010826956744622,68.463,31.537,22.334,37.55,0.5760000000000005,1.6699999999999946
616,POL,2022,318970796639,357730262416,1.03,1.481,447.0,2.99,PL,Poland,192272354086.66666,1.6589529896493809,0.09003932808225797,318970796639.0,0.909960671917742,66.438,33.562,22.848,38.845,0.5139999999999993,1.2950000000000017
616,POL,2023,335550204955,340784376539,1.025,1.235,433.0,3.133,PL,Poland,192272354086.66666,1.7451817581832432,0.09088887713737985,335550204955.0,0.9091111228626202,,,,,,
616,POL,2024,325115594956,347989716747,0.982,1.214,446.0,2.66,PL,Poland,192272354086.66666,1.6909118136113022,0.08539711796400316,325115594956.0,0.9146028820359968,,,,,,
408,PRK,2012,3051795844,4230843779,0.483,-0.068,127.0,,KP,North Korea,2746229350.3333335,1.1112676527288508,0.6737945353365505,3051795844.0,0.32620546466344946,,,,,,
408,PRK,2013,3508472157,4451463357,0.406,-0.212,117.0,,KP,North Korea,2746229350.3333335,1.2775597772174951,0.6980966530840953,3508472157.0,0.3019033469159047,,,,,,
408,PRK,2014,3826893137,4124241162,0.323,-0.167,120.0,,KP,North Korea,2746229350.3333335,1.39350820663813,0.5817659871898558,3826893137.0,0.41823401281014416,,,,,,
408,PRK,2015,3010313605,3774193247,0.291,-0.065,130.0,,KP,North Korea,2746229350.3333335,1.0961624908111234,0.7288856836295917,3010313605.0,0.2711143163704083,,,,,,
408,PRK,2016,3295731647,3317603859,0.232,-0.193,122.0,,KP,North Korea,2746229350.3333335,1.2000933740657782,0.6102933211536927,3295731647.0,0.3897066788463073,,,,,,
408,PRK,2017,1932642799,3516659193,0.304,-0.224,135.0,,KP,North Korea,2746229350.3333335,0.7037441351230983,0.8028113505104183,1932642799.0,0.1971886494895817,,,,,,
408,PRK,2018,335328077,2511573854,1.036,0.673,157.0,,KP,North Korea,2746229350.3333335,0.12210490611765487,0.40981191372031905,335328077.0,0.5901880862796809,,,,,,
408,PRK,2019,387454028,3171940827,1.239,0.786,141.0,,KP,North Korea,2746229350.3333335,0.1410858229859685,0.325125066070085,387454028.0,0.6748749339299149,,,,,,
408,PRK,2020,198732568,943468096,1.315,0.794,136.0,,KP,North Korea,2746229350.3333335,0.07236561213500908,0.11553218629218284,198732568.0,0.8844678137078171,,,,,,
408,PRK,2021,218668519,653597826,1.491,0.93,116.0,,KP,North Korea,2746229350.3333335,0.0796250025415606,0.12673565498953368,218668519.0,0.8732643450104663,,,,,,
408,PRK,2022,391118475,1802675128,1.282,0.506,93.0,,KP,North Korea,2746229350.3333335,0.14242017876348403,0.1856190920668914,391118475.0,0.8143809079331086,,,,,,
408,PRK,2023,500560199,2507294928,1.232,0.469,111.0,,KP,North Korea,2746229350.3333335,0.18227181168945072,0.3953019842698426,500560199.0,0.6046980157301574,,,,,,
408,PRK,2024,402884147,1948769822,0.912,0.658,127.0,,KP,North Korea,2746229350.3333335,0.14670447934404987,0.7118494369789953,402884147.0,0.2881505630210047,,,,,,
620,PRT,2012,53121414881,67209325734,0.752,2.215,413.0,2.98,PT,Portugal,53058438338.666664,1.0011869279290009,0.09112121982999952,53121414881.0,0.9088787801700005,68.893,31.107,15.559,26.232,,
620,PRT,2013,58474282864,71156109539,0.739,2.425,411.0,3.1,PT,Portugal,53058438338.666664,1.1020731988145702,0.09341969142108765,58474282864.0,0.9065803085789124,69.064,30.936,15.711,27.477,0.15200000000000102,1.245000000000001
620,PRT,2014,59582740150,73382238067,0.729,2.321,407.0,3.12,PT,Portugal,53058438338.666664,1.1229644523212194,0.09412480385911723,59582740150.0,0.9058751961408827,69.475,30.525,14.902,28.133,-0.809000000000001,0.6559999999999988
620,PRT,2015,51638843698,62150033779,0.73,1.942,376.0,3.64,PT,Portugal,53058438338.666664,0.9732446961290957,0.09739028550309468,51638843698.0,0.9026097144969053,70.589,29.411,15.145,28.838,0.24300000000000033,0.7050000000000018
620,PRT,2016,51272940920,64047404883,0.701,2.101,376.0,4.33,PT,Portugal,53058438338.666664,0.9663484739737341,0.09925701202150099,51272940920.0,0.900742987978499,72.015,27.985,15.437,29.169,0.2919999999999998,0.3309999999999995
620,PRT,2017,56263530398,72433752386,0.712,2.15,391.0,3.07,PT,Portugal,53058438338.666664,1.0604068298971703,0.09262560231088976,56263530398.0,0.9073743976891102,70.411,29.589,15.29,30.26,-0.14700000000000024,1.091000000000001
620,PRT,2018,63600568852,83754559178,0.745,1.995,386.0,3.08,PT,Portugal,53058438338.666664,1.1986890463312165,0.0925447512673679,63600568852.0,0.9074552487326321,69.529,30.471,15.886,30.382,0.5960000000000001,0.12199999999999989
620,PRT,2019,60829697853,83561862967,0.72,1.994,368.0,2.77,PT,Portugal,53058438338.666664,1.146466043058602,0.09341837470019566,60829697853.0,0.9065816252998044,69.418,30.582,15.872,30.369,-0.013999999999999346,-0.013000000000001677
620,PRT,2020,56678901046,73242537845,0.727,1.942,383.0,2.68,PT,Portugal,53058438338.666664,1.0682353800958915,0.09314726116101446,56678901046.0,0.9068527388389855,70.241,29.759,17.254,26.449,1.3820000000000014,-3.919999999999998
620,PRT,2021,68877661659,93246098746,0.708,2.137,399.0,2.68,PT,Portugal,53058438338.666664,1.298147171602768,0.09744329822962756,68877661659.0,0.9025567017703724,68.339,31.661,17.567,28.731,0.31299999999999883,2.282
620,PRT,2022,75141943077,107531557747,0.683,2.314,409.0,2.617,PT,Portugal,53058438338.666664,1.4162109822640567,0.09404897246310172,75141943077.0,0.9059510275368983,65.251,34.749,16.541,32.632,-1.0259999999999998,3.9009999999999962
620,PRT,2023,75723138644,106619967642,0.698,2.12,401.0,2.298,PT,Portugal,53058438338.666664,1.4271648585031251,0.0936417947494399,75723138644.0,0.9063582052505601,,,,,,
620,PRT,2024,75103368557,106233911132,0.712,1.93,403.0,1.692,PT,Portugal,53058438338.666664,1.4154839627510853,0.09472858171246215,75103368557.0,0.9052714182875379,,,,,,
600,PRY,2012,7138774566,9866970764,-0.632,-0.98,89.0,3.56,PY,Paraguay,7848693898.0,0.9095493669104739,0.1793360517099353,7138774566.0,0.8206639482900647,,,,,,
600,PRY,2013,8999789033,10456804351,-0.619,-0.971,82.0,3.21,PY,Paraguay,7848693898.0,1.1466607246962863,0.129488873585519,8999789033.0,0.870511126414481,,,,,,
600,PRY,2014,8975485404,10849349818,-0.683,-1.007,84.0,3.47,PY,Paraguay,7848693898.0,1.1435642057957094,0.13360315391796304,8975485404.0,0.8663968460820369,,,,,,
600,PRY,2015,7415662146,8864600033,-0.607,-1.02,80.0,2.9,PY,Paraguay,7848693898.0,0.9448275397629732,0.1451375233883259,7415662146.0,0.8548624766116741,,,,,,
600,PRY,2016,7868118132,8685748437,-0.78,-1.148,73.0,3.42,PY,Paraguay,7848693898.0,1.00247483648266,0.1685598933551148,7868118132.0,0.8314401066448852,,,,,,
600,PRY,2017,8262301416,10914111499,-0.609,-1.046,79.0,3.65,PY,Paraguay,7848693898.0,1.052697623754367,0.15165088123887954,8262301416.0,0.8483491187611205,,,,,,
600,PRY,2018,8642325952,11430849302,-0.67,-1.053,78.0,3.76,PY,Paraguay,7848693898.0,1.101116448712853,0.18405330126329708,8642325952.0,0.8159466987367029,,,,,,
600,PRY,2019,7614205450,10161328955,-0.698,-0.92,87.0,3.86,PY,Paraguay,7848693898.0,0.9701238892677733,0.200547116052794,7614205450.0,0.799452883947206,,,,,,
600,PRY,2020,8297011075,8243621974,-0.62,-1.009,80.0,3.56,PY,Paraguay,7848693898.0,1.0571199721668647,0.2152756257311031,8297011075.0,0.784724374268897,,,,,,
600,PRY,2021,10456752771,11404458178,-0.565,-0.958,86.0,3.56,PY,Paraguay,7848693898.0,1.3322920866699342,0.21065521949312208,10456752771.0,0.789344780506878,,,,,,
600,PRY,2022,9778271092,12705830929,-0.574,-0.938,97.0,3.306,PY,Paraguay,7848693898.0,1.2458469165795463,0.1992904118384467,9778271092.0,0.8007095881615534,,,,,,
600,PRY,2023,11326049497,13490113067,-0.535,-0.872,97.0,3.098,PY,Paraguay,7848693898.0,1.4430489510982327,0.20513925063064442,11326049497.0,0.7948607493693556,,,,,,
600,PRY,2024,10991031874,14933656765,-0.278,-0.755,99.0,3.651,PY,Paraguay,7848693898.0,1.4003644449429642,0.20882074200557055,10991031874.0,0.7911792579944295,,,,,,
275,PSE,2012,761511487,3339508964,0.154,0.712,206.0,,PS,Palestine,952961897.0,0.7990996170962332,0.709955130606373,761511487.0,0.29004486939362695,,,,,,
275,PSE,2013,888741195,3808633361,0.151,0.862,212.0,,PS,Palestine,952961897.0,0.9326093706346792,0.7863228026117258,888741195.0,0.21367719738827418,,,,,,
275,PSE,2014,917018698,4122912724,0.102,0.575,197.0,,PS,Palestine,952961897.0,0.9622826483271241,0.7493973242676231,917018698.0,0.25060267573237693,,,,,,
275,PSE,2015,935170549,3541836436,0.111,0.588,193.0,,PS,Palestine,952961897.0,0.9813304728593991,0.7426000836102853,935170549.0,0.2573999163897147,,,,,,
275,PSE,2016,901102037,3625415212,0.048,0.61,193.0,,PS,Palestine,952961897.0,0.9455803425475258,0.7352143820717023,901102037.0,0.2647856179282977,,,,,,
275,PSE,2017,1022613105,3825288175,0.147,0.594,189.0,,PS,Palestine,952961897.0,1.073089184593075,0.7419088659163815,1022613105.0,0.2580911340836185,,,,,,
275,PSE,2018,1110977739,4089773876,0.158,0.567,194.0,,PS,Palestine,952961897.0,1.165815488003714,0.7611413774218959,1110977739.0,0.23885862257810409,,,,,,
275,PSE,2019,1063336332,4127605716,0.155,0.498,197.0,,PS,Palestine,952961897.0,1.1158225059653146,0.7159850759359762,1063336332.0,0.28401492406402384,,,,,,
275,PSE,2020,1059605602,3893748845,0.204,0.568,199.0,,PS,Palestine,952961897.0,1.1119076275092665,0.7029971130629722,1059605602.0,0.2970028869370278,,,,,,
275,PSE,2021,1350431856,5086051413,0.22,0.579,199.0,,PS,Palestine,952961897.0,1.417089036037293,0.7519027845898835,1350431856.0,0.24809721541011653,,,,,,
275,PSE,2022,1493403034,6228570322,0.158,0.41,188.0,,PS,Palestine,952961897.0,1.567117256945269,0.7599573167847156,1493403034.0,0.24004268321528444,,,,,,
275,PSE,2023,1479829667,5940738616,0.233,0.667,200.0,4.515,PS,Palestine,952961897.0,1.5528739099208706,0.7501862772641004,1479829667.0,0.24981372273589963,,,,,,
275,PSE,2024,79563192,2000245705,-0.271,-0.699,60.0,,PS,Palestine,952961897.0,0.08349042312234232,0.09165975894399113,79563192.0,0.9083402410560089,,,,,,
258,PYF,2012,232397075,1647812911,-0.093,-0.831,45.0,,PF,French Polynesia,204670207.0,1.1354709530342146,0.2056533640890168,232397075.0,0.7943466359109832,,,,,,
258,PYF,2013,211577202,1587421464,0.104,-0.78,45.0,,PF,French Polynesia,204670207.0,1.0337469488170303,0.21931332751303986,211577202.0,0.7806866724869601,,,,,,
258,PYF,2014,215098579,1646430514,-0.108,-0.655,49.0,,PF,French Polynesia,204670207.0,1.050952076283384,0.22020534543806136,215098579.0,0.7797946545619386,,,,,,
258,PYF,2015,198640714,1351251043,-0.095,-0.842,44.0,,PF,French Polynesia,204670207.0,0.970540446074792,0.19763445831017654,198640714.0,0.8023655416898234,,,,,,
258,PYF,2016,202881911,1307943277,0.212,-0.47,54.0,,PF,French Polynesia,204670207.0,0.9912625485349708,0.17935038375887344,202881911.0,0.8206496162411265,,,,,,
258,PYF,2017,212487996,1470416701,0.078,-0.705,46.0,,PF,French Polynesia,204670207.0,1.0381970053902374,0.22234346439334884,212487996.0,0.7776565356066512,,,,,,
258,PYF,2018,208343007,1660860997,0.292,-0.455,59.0,,PF,French Polynesia,204670207.0,1.017944966460116,0.2105884992245835,208343007.0,0.7894115007754166,,,,,,
258,PYF,2019,186908029,2012546972,0.265,-0.362,67.0,,PF,French Polynesia,204670207.0,0.9132156152067604,0.19708122911129394,186908029.0,0.802918770888706,,,,,,
258,PYF,2020,90876244,1380869490,0.577,0.061,83.0,,PF,French Polynesia,204670207.0,0.4440130555982679,0.14489432083108106,90876244.0,0.8551056791689189,,,,,,
258,PYF,2021,180142101,1659798225,0.32,-0.478,54.0,,PF,French Polynesia,204670207.0,0.8801579069102129,0.20925618624111902,180142101.0,0.7907438137588809,,,,,,
258,PYF,2022,173735366,1793658823,0.423,-0.324,63.0,,PF,French Polynesia,204670207.0,0.8488551829138473,0.14895894776429486,173735366.0,0.8510410522357051,,,,,,
258,PYF,2023,184917775,1859741965,0.452,-0.434,52.0,,PF,French Polynesia,204670207.0,0.9034914153382373,0.23217904884315682,184917775.0,0.7678209511568432,,,,,,
258,PYF,2024,202147472,1807184725,0.329,-0.495,54.0,,PF,French Polynesia,204670207.0,0.9876741464379327,0.1876904787798915,202147472.0,0.8123095212201085,,,,,,
634,QAT,2012,124723998462,24759404463,-0.247,-1.075,17.0,1.76,QA,Qatar,62862153132.0,1.9840872806265557,0.14757357627169995,124723998462.0,0.8524264237283,,,,,,
634,QAT,2013,120473165649,26184311758,-0.107,-1.095,15.0,1.59,QA,Qatar,62862153132.0,1.9164657850014541,0.14819793537954265,120473165649.0,0.8518020646204574,,,,,,
634,QAT,2014,124980506061,31919022388,-0.278,-1.015,21.0,1.13,QA,Qatar,62862153132.0,1.9881677580874753,0.14432558172661492,124980506061.0,0.8556744182733851,,,,,,
634,QAT,2015,73109052566,31373914750,-0.164,-1.091,30.0,1.96,QA,Qatar,62862153132.0,1.1630058616109318,0.11371967774830492,73109052566.0,0.8862803222516951,,,,,,
634,QAT,2016,53676285215,29503386965,-0.065,-1.114,27.0,1.55,QA,Qatar,62862153132.0,0.8538728398673966,0.09939818477228138,53676285215.0,0.9006018152277186,,,,,,
634,QAT,2017,61801121615,27803340847,-0.251,-1.084,28.0,2.04,QA,Qatar,62862153132.0,0.9831212985216715,0.09611679781344266,61801121615.0,0.9038832021865574,,,,,,
634,QAT,2018,79949549527,29938865586,0.06,-1.07,26.0,2.43,QA,Qatar,62862153132.0,1.271823275908468,0.10418643559565124,79949549527.0,0.8958135644043488,,,,,,
634,QAT,2019,68504133915,32646188060,0.104,-1.115,24.0,2.0,QA,Qatar,62862153132.0,1.0897516311786646,0.10154982738992367,68504133915.0,0.8984501726100763,,,,,,
634,QAT,2020,48510658395,27149753047,0.348,-1.041,35.0,2.09,QA,Qatar,62862153132.0,0.7716989631763923,0.08880237914647661,48510658395.0,0.9111976208535234,,,,,,
634,QAT,2021,84117038868,29782727598,0.002,-1.107,23.0,2.1,QA,Qatar,62862153132.0,1.3381189583399775,0.09258855721834398,84117038868.0,0.907411442781656,,,,,,
634,QAT,2022,123662884398,40059462361,0.309,-1.03,25.0,2.674,QA,Qatar,62862153132.0,1.9672072660051692,0.0726655680801145,123662884398.0,0.9273344319198855,,,,,,
634,QAT,2023,93071968371,40861016424,-0.131,-1.105,26.0,2.541,QA,Qatar,62862153132.0,1.4805723910786899,0.08308513770965315,93071968371.0,0.9169148622903469,,,,,,
634,QAT,2024,88472621144,34952875195,0.089,-0.99,29.0,1.839,QA,Qatar,62862153132.0,1.407406789872792,0.08615898116962716,88472621144.0,0.9138410188303728,,,,,,
642,ROU,2012,56732249977,66031719978,0.842,1.05,284.0,3.46,RO,Romania,63485939556.666664,0.8936191284742913,0.07011615220864668,56732249977.0,0.9298838477913534,77.318,22.682,21.386,23.798,,
642,ROU,2013,62971465478,68729820859,0.847,1.053,277.0,3.52,RO,Romania,63485939556.666664,0.9918962516384049,0.0674511843930817,62971465478.0,0.9325488156069183,77.169,22.831,22.277,27.43,0.8910000000000018,3.6320000000000014
642,ROU,2014,68682997577,74392356348,0.881,0.976,265.0,3.46,RO,Romania,63485939556.666664,1.0818615595299572,0.06994983699059555,68682997577.0,0.9300501630094045,77.041,22.959,22.538,28.239,0.26099999999999923,0.809000000000001
642,ROU,2015,59270483529,66439252618,0.916,0.924,262.0,3.14,RO,Romania,63485939556.666664,0.9336001631683499,0.07249797464678037,59270483529.0,0.9275020253532196,76.797,23.203,23.645,28.544,1.1069999999999993,0.3049999999999997
642,ROU,2016,62450543455,69216820910,0.993,0.812,260.0,4.36,RO,Romania,63485939556.666664,0.9836909383574219,0.07861423850990008,62450543455.0,0.9213857614900999,76.598,23.402,23.08,29.201,-0.5650000000000013,0.657
642,ROU,2017,68736791686,78768447705,0.97,0.833,268.0,3.02,RO,Romania,63485939556.666664,1.0827088984742284,0.08301403723945872,68736791686.0,0.9169859627605412,75.433,24.567,23.529,28.929,0.4490000000000016,-0.272000000000002
642,ROU,2018,78983998183,91261701396,1.006,0.851,271.0,3.03,RO,Romania,63485939556.666664,1.2441179690268265,0.0856642666988141,78983998183.0,0.9143357333011859,74.917,25.083,23.96,27.875,0.43100000000000094,-1.0539999999999985
642,ROU,2019,75717318803,89232950524,1.02,0.851,267.0,3.04,RO,Romania,63485939556.666664,1.1926628058393272,0.08303683844805043,75717318803.0,0.9169631615519496,75.054,24.946,24.078,28.188,0.11799999999999855,0.31299999999999883
642,ROU,2020,68623945765,84676964884,1.004,0.818,265.0,2.87,RO,Romania,63485939556.666664,1.0809314037755906,0.07980352878435205,68623945765.0,0.920196471215648,75.627,24.373,23.969,26.509,-0.10899999999999821,-1.6789999999999985
642,ROU,2021,85565106799,104748027451,1.031,0.903,273.0,2.87,RO,Romania,63485939556.666664,1.3477804281785226,0.06956863261465102,85565106799.0,0.930431367385349,73.3,26.7,23.413,28.253,-0.5560000000000009,1.7439999999999998
642,ROU,2022,95445259281,119772634281,1.019,0.9,286.0,2.319,RO,Romania,63485939556.666664,1.5034078403424571,0.06834244876867604,95445259281.0,0.931657551231324,72.061,27.939,24.072,29.321,0.6589999999999989,1.0680000000000014
642,ROU,2023,99842471965,122893668140,1.023,0.804,284.0,2.083,RO,Romania,63485939556.666664,1.572670620647931,0.07377658581091169,99842471965.0,0.9262234141890883,,,,,,
642,ROU,2024,96806195409,127719879733,0.991,0.872,284.0,2.186,RO,Romania,63485939556.666664,1.5248446519814383,0.06817242307400839,96806195409.0,0.9318275769259916,,,,,,
643,RUS,2012,473967048399,307509054523,0.86,-0.189,130.0,2.0,RU,Russia,309084626087.0,1.5334539747233804,0.0399642636668277,473967048399.0,0.9600357363331723,92.333,7.667,40.684,23.65,,
643,RUS,2013,473192881538,308121963043,0.823,-0.228,134.0,2.04,RU,Russia,309084626087.0,1.5309492663177864,0.037823448160591945,473192881538.0,0.9621765518394081,92.216,7.784,38.426,23.03,-2.2579999999999956,-0.6199999999999974
643,RUS,2014,436752571216,280295590986,0.796,-0.186,140.0,1.96,RU,Russia,309084626087.0,1.4130517481418325,0.039221279590795355,436752571216.0,0.9607787204092046,91.589,8.411,38.224,24.45,-0.2020000000000053,1.4199999999999982
643,RUS,2015,299183870936,171418322503,0.77,-0.041,157.0,2.6,RU,Russia,309084626087.0,0.967967493963245,0.04074089473337442,299183870936.0,0.9592591052666256,91.221,8.779,36.291,25.633,-1.9329999999999998,1.1829999999999998
643,RUS,2016,278972196699,177718414482,0.767,0.004,164.0,3.74,RU,Russia,309084626087.0,0.9025754539485763,0.04006756912216264,278972196699.0,0.9599324308778374,91.299,8.701,36.618,23.386,0.3270000000000053,-2.247
643,RUS,2017,349097810626,219227447344,0.729,0.186,168.0,2.49,RU,Russia,309084626087.0,1.1294570520881788,0.04116779227799569,349097810626.0,0.9588322077220043,91.598,8.402,39.232,23.541,2.613999999999997,0.15500000000000114
643,RUS,2018,423684555327,219112075342,0.7,-0.032,153.0,1.79,RU,Russia,309084626087.0,1.370772013771215,0.04462266439514977,423684555327.0,0.9553773356048503,91.517,8.483,40.759,28.155,1.527000000000001,4.614000000000001
643,RUS,2019,393791661766,224079630107,0.719,0.081,167.0,2.28,RU,Russia,309084626087.0,1.2740577451275656,0.046627973504389124,393791661766.0,0.9533720264956109,91.765,8.235,39.452,26.13,-1.3070000000000022,-2.025000000000002
643,RUS,2020,322219265865,209510760825,0.754,0.182,179.0,2.09,RU,Russia,309084626087.0,1.0424952866284036,0.05320441878959047,322219265865.0,0.9467955812104095,90.523,9.477,35.016,22.865,-4.436,-3.2650000000000006
643,RUS,2021,476730298992,262186577281,0.686,0.26,178.0,2.09,RU,Russia,309084626087.0,1.5423940848413848,0.05003526715209767,476730298992.0,0.9499647328479023,90.173,9.827,37.986,26.968,2.969999999999999,4.1030000000000015
643,RUS,2022,487920791338,198887906719,0.417,-0.365,128.0,1.157,RU,Russia,309084626087.0,1.578599354859733,0.07478112050360251,487920791338.0,0.9252188794963975,92.49,7.51,39.829,25.851,1.8430000000000035,-1.1170000000000009
643,RUS,2023,364695992479,217818094168,0.239,-0.441,126.0,1.193,RU,Russia,309084626087.0,1.1799227839185593,0.14308167786483036,364695992479.0,0.8569183221351696,,,,,,
643,RUS,2024,337637869090,203791353464,0.243,-0.31,131.0,1.005,RU,Russia,309084626087.0,1.0923800169697309,0.165285408076813,337637869090.0,0.834714591923187,,,,,,
646,RWA,2012,400357785,1138297528,-0.946,-0.903,62.0,,RW,Rwanda,542577934.6666666,0.7378806977212596,0.12125935070873392,400357785.0,0.878740649291266,,,,,,
646,RWA,2013,496248218,1209166043,-0.731,-0.504,102.0,,RW,Rwanda,542577934.6666666,0.9146118673345437,0.15663305019832657,496248218.0,0.8433669498016734,,,,,,
646,RWA,2014,598458077,1267959016,-0.776,-0.567,110.0,,RW,Rwanda,542577934.6666666,1.1029900752740036,0.14848422001795408,598458077.0,0.8515157799820459,,,,,,
646,RWA,2015,446491520,1277966880,-0.734,-0.534,109.0,,RW,Rwanda,542577934.6666666,0.8229076257483684,0.08413375289266839,446491520.0,0.9158662471073316,,,,,,
646,RWA,2016,481104371,1464138495,-0.76,-0.454,113.0,,RW,Rwanda,542577934.6666666,0.8867009516256259,0.13634806743327166,481104371.0,0.8636519325667283,,,,,,
646,RWA,2017,700137913,1407605352,-0.799,-0.646,98.0,,RW,Rwanda,542577934.6666666,1.2903914226260058,0.1458633177845813,700137913.0,0.8541366822154187,,,,,,
646,RWA,2018,1028517269,2028749216,-0.581,-0.64,110.0,,RW,Rwanda,542577934.6666666,1.8956120462802653,0.1939654264160927,1028517269.0,0.8060345735839073,,,,,,
646,RWA,2019,907087532,1607317399,-0.642,-0.657,108.0,,RW,Rwanda,542577934.6666666,1.671810580644549,0.2177071716905315,907087532.0,0.7822928283094686,,,,,,
646,RWA,2020,1129518901,1811665356,-0.566,-0.329,131.0,,RW,Rwanda,542577934.6666666,2.081763427578236,0.31586502977293746,1129518901.0,0.6841349702270625,,,,,,
646,RWA,2021,1109822127,2305203505,-0.604,-0.487,130.0,4.986,RW,Rwanda,542577934.6666666,2.045461225182002,0.19642725399022876,1109822127.0,0.8035727460097712,,,,,,
646,RWA,2022,1475757939,2619459647,-0.623,-0.284,140.0,4.468,RW,Rwanda,542577934.6666666,2.719900395335158,0.19846478549022697,1475757939.0,0.801535214509773,,,,,,
646,RWA,2023,1126921782,2260054238,-1.021,-0.823,91.0,3.458,RW,Rwanda,542577934.6666666,2.0769767990884587,0.41674409184140926,1126921782.0,0.5832559081585907,,,,,,
646,RWA,2024,481834767,2107196411,-1.082,-0.887,64.0,4.326,RW,Rwanda,542577934.6666666,0.8880471103123936,0.10528773384222004,481834767.0,0.89471226615778,,,,,,
682,SAU,2012,318501659117,151005294269,0.472,-0.811,44.0,2.5,SA,Saudi Arabia,153622016706.33334,2.073281330018298,0.09405780394206094,318501659117.0,0.905942196057939,94.01,5.99,39.602,49.968,,
682,SAU,2013,303891178274,158104295807,0.593,-0.761,41.0,2.51,SA,Saudi Arabia,153622016706.33334,1.9781746444256356,0.08736844571675473,303891178274.0,0.9126315542832453,93.14,6.86,38.382,47.237,-1.2199999999999989,-2.7310000000000016
682,SAU,2014,294433681602,161298435164,0.566,-0.737,43.0,2.2,SA,Saudi Arabia,153622016706.33334,1.9166112248405436,0.09282953671131389,294433681602.0,0.9071704632886861,92.605,7.395,37.582,42.357,-0.7999999999999972,-4.880000000000003
682,SAU,2015,154044901720,159341852327,0.584,-0.564,80.0,3.17,SA,Saudi Arabia,153622016706.33334,1.0027527630656943,0.07736413955710404,154044901720.0,0.9226358604428959,91.059,8.941,35.553,29.415,-2.0290000000000035,-12.942
682,SAU,2016,146648683164,125068283694,0.544,-0.508,86.0,3.03,SA,Saudi Arabia,153622016706.33334,0.9546071995938987,0.07222342638397455,146648683164.0,0.9277765736160255,92.904,7.096,34.818,27.923,-0.7349999999999994,-1.4920000000000009
682,SAU,2017,160172465235,127635309768,0.549,-0.363,90.0,1.91,SA,Saudi Arabia,153622016706.33334,1.0426400373404068,0.0726637565500773,160172465235.0,0.9273362434499227,92.76,7.24,36.133,31.165,1.3150000000000048,3.242000000000001
682,SAU,2018,211683998579,128365391661,0.651,-0.446,81.0,2.46,SA,Saudi Arabia,153622016706.33334,1.3779535194076966,0.075766119389577,211683998579.0,0.924233880610423,93.019,6.981,38.08,34.837,1.9469999999999956,3.672000000000004
682,SAU,2019,188635708059,140801313428,0.658,-0.394,92.0,2.73,SA,Saudi Arabia,153622016706.33334,1.227921050011988,0.0877705549736645,188635708059.0,0.9122294450263355,92.737,7.263,36.126,31.749,-1.9540000000000006,-3.0880000000000045
682,SAU,2020,131959187304,134455684384,0.652,-0.328,101.0,2.71,SA,Saudi Arabia,153622016706.33334,0.8589861670430716,0.08486101640429157,131959187304.0,0.9151389835957084,91.035,8.965,34.618,23.028,-1.5079999999999956,-8.721
682,SAU,2021,185849830197,146906859515,0.644,-0.334,90.0,2.71,SA,Saudi Arabia,153622016706.33334,1.209786423727752,0.0855698439712201,185849830197.0,0.9144301560287799,92.389,7.611,35.759,32.163,1.1409999999999982,9.134999999999998
682,SAU,2022,286225488939,175597382307,0.573,-0.455,74.0,1.733,SA,Saudi Arabia,153622016706.33334,1.8631801292268795,0.08554760440663337,286225488939.0,0.9144523955933667,92.12,7.88,39.706,36.562,3.9470000000000027,4.399000000000001
682,SAU,2023,225403131529,196787005756,0.485,-0.427,86.0,1.038,SA,Saudi Arabia,153622016706.33334,1.4672579904994005,0.07951499502953023,225403131529.0,0.9204850049704698,,,,,,
682,SAU,2024,212130225363,196353609278,0.546,-0.287,94.0,1.809,SA,Saudi Arabia,153622016706.33334,1.3808582253448216,0.07621553828050001,212130225363.0,0.9237844617195,,,,,,
729,SDN,2012,4933687049,8454709922,-1.774,-1.243,60.0,,SD,Sudan,3703067604.0,1.3323243258294022,0.31919736675049154,4933687049.0,0.6808026332495085,,,,,,
729,SDN,2013,11816776600,8543684665,-1.717,-1.093,67.0,,SD,Sudan,3703067604.0,3.1910777397732866,0.5335928327191737,11816776600.0,0.4664071672808263,,,,,,
729,SDN,2014,5079112335,8010494317,-2.157,-1.214,68.0,,SD,Sudan,3703067604.0,1.3715958978209353,0.2101321681414518,5079112335.0,0.7898678318585481,,,,,,
729,SDN,2015,3448297529,8326255297,-2.088,-1.273,64.0,,SD,Sudan,3703067604.0,0.9312002636071777,0.19266201606431882,3448297529.0,0.8073379839356811,,,,,,
729,SDN,2016,3357636709,7906353780,-2.042,-1.248,73.0,,SD,Sudan,3703067604.0,0.9067176373915317,0.23949151160624202,3357636709.0,0.760508488393758,,,,,,
729,SDN,2017,4303268574,8963011693,-2.193,-1.328,63.0,,SD,Sudan,3703067604.0,1.1620820990012906,0.2461651672457475,4303268574.0,0.7538348327542526,,,,,,
729,SDN,2018,3832237180,8135426786,-1.912,-1.29,58.0,,SD,Sudan,3703067604.0,1.0348817763576537,0.14060007366267482,3832237180.0,0.8593999263373252,,,,,,
729,SDN,2019,3372151393,8113542706,-1.976,-1.271,59.0,,SD,Sudan,3703067604.0,0.9106372752572627,0.15501248047288732,3372151393.0,0.8449875195271127,,,,,,
729,SDN,2020,3386036555,8847959972,-2.25,-1.345,52.0,3.35,SD,Sudan,3703067604.0,0.9143869129859936,0.24041955778657573,3386036555.0,0.7595804422134242,,,,,,
729,SDN,2021,4599592032,8527469902,-1.561,-1.236,56.0,4.203,SD,Sudan,3703067604.0,1.2421031760348062,0.2880857732432531,4599592032.0,0.7119142267567469,,,,,,
729,SDN,2022,4893336425,10113901621,-2.008,-1.201,52.0,2.723,SD,Sudan,3703067604.0,1.3214277859022312,0.1973567664834552,4893336425.0,0.8026432335165448,,,,,,
729,SDN,2023,4057961794,6357631173,-2.582,-1.37,38.0,2.285,SD,Sudan,3703067604.0,1.0958378911626265,0.12935487337080262,4057961794.0,0.8706451266291974,,,,,,
729,SDN,2024,2557945833,3724318084,-2.072,-1.301,33.0,3.166,SD,Sudan,3703067604.0,0.6907640115014222,0.1507839723787242,2557945833.0,0.8492160276212758,,,,,,
686,SEN,2012,2624486803,8489272917,-0.418,-0.061,165.0,5.79,SN,Senegal,2756790683.3333335,0.9520080065805503,0.08904735937103647,2624486803.0,0.9109526406289635,73.264,26.736,18.359,14.577,,
686,SEN,2013,2269781173,7994557262,-0.542,-0.069,159.0,5.53,SN,Senegal,2756790683.3333335,0.8233418615067021,0.06608918935819888,2269781173.0,0.9339108106418011,73.945,26.055,18.395,14.549,0.03599999999999781,-0.02800000000000047
686,SEN,2014,2454312343,8502658114,-0.573,-0.029,170.0,5.77,SN,Senegal,2756790683.3333335,0.8902788150866804,0.06998838061593105,2454312343.0,0.930011619384069,73.439,26.561,18.281,14.097,-0.11400000000000077,-0.45199999999999996
686,SEN,2015,2428758803,7805205712,-0.781,-0.142,158.0,6.49,SN,Senegal,2756790683.3333335,0.8810095077887095,0.06442620958429618,2428758803.0,0.9355737904157038,80.013,19.987,16.478,15.93,-1.8029999999999973,1.8330000000000002
686,SEN,2016,2668889228,8091934615,-0.725,-0.302,155.0,5.7,SN,Senegal,2756790683.3333335,0.9681145703717162,0.08207848038911865,2668889228.0,0.9179215196108813,81.625,18.375,15.167,15.596,-1.3110000000000017,-0.33399999999999963
686,SEN,2017,3172724019,9251257934,-0.692,-0.147,156.0,3.69,SN,Senegal,2756790683.3333335,1.1508759218395743,0.0930314725261977,3172724019.0,0.9069685274738023,79.517,20.483,15.768,15.36,0.6010000000000009,-0.23600000000000065
686,SEN,2018,3734363261,10708026860,-0.758,-0.179,158.0,3.8,SN,Senegal,2756790683.3333335,1.354605296505373,0.09758965318283166,3734363261.0,0.9024103468171684,76.996,23.004,16.128,15.342,0.35999999999999943,-0.017999999999998906
686,SEN,2019,4036295314,10602062708,-0.786,-0.284,146.0,3.66,SN,Senegal,2756790683.3333335,1.4641283208051081,0.10912942102732498,4036295314.0,0.890870578972675,78.036,21.964,16.343,17.269,0.21499999999999986,1.9269999999999978
686,SEN,2020,3771681238,10256704248,-0.649,-0.471,133.0,3.42,SN,Senegal,2756790683.3333335,1.3681420431381923,0.09913834440816947,3771681238.0,0.9008616555918305,77.894,22.106,16.531,14.711,0.18799999999999883,-2.557999999999998
686,SEN,2021,4836034881,13912627397,-0.703,-0.448,136.0,3.42,SN,Senegal,2756790683.3333335,1.7542263582930346,0.09398234716427228,4836034881.0,0.9060176528357278,75.923,24.077,17.707,16.612,1.176000000000002,1.900999999999998
686,SEN,2022,5882334930,15773572063,-0.693,-0.465,133.0,2.508,SN,Senegal,2756790683.3333335,2.1337619013161566,0.10736794350109681,5882334930.0,0.8926320564989032,73.0,27.0,18.53,18.4,0.8230000000000004,1.7880000000000003
686,SEN,2023,5046175028,15644843160,-0.786,-0.446,138.0,2.256,SN,Senegal,2756790683.3333335,1.8304527284235053,0.103511426309436,5046175028.0,0.896488573690564,,,,,,
686,SEN,2024,5879558226,15251118128,-0.507,-0.668,114.0,2.721,SN,Senegal,2756790683.3333335,2.132754677947046,0.09810261389296833,5879558226.0,0.9018973861070316,,,,,,
702,SGP,2012,306707143541,324848767314,1.454,0.767,165.0,,SG,Singapore,257053923338.0,1.1931626623636902,0.0639226536649929,306707143541.0,0.936077346335007,53.501,46.499,15.388,62.686,,
702,SGP,2013,304264988977,330522715956,1.485,0.958,177.0,,SG,Singapore,257053923338.0,1.1836621088133412,0.06429211356529736,304264988977.0,0.9357078864347026,54.415,45.585,15.999,62.333,0.6110000000000007,-0.35300000000000153
702,SGP,2014,301893972178,331578720376,1.466,0.9,182.0,,SG,Singapore,257053923338.0,1.1744382978393209,0.0654116246710894,301893972178.0,0.9345883753289106,54.47,45.53,15.828,61.747,-0.17100000000000115,-0.5859999999999985
702,SGP,2015,258354075457,278788772869,1.566,0.922,170.0,,SG,Singapore,257053923338.0,1.005057896421563,0.06862170883308298,258354075457.0,0.9313782911669171,52.282,47.718,15.918,64.898,0.08999999999999986,3.1509999999999962
702,SGP,2016,240816200744,259681770217,1.605,0.779,175.0,3.63,SG,Singapore,257053923338.0,0.9368314539488704,0.07091350456516629,240816200744.0,0.9290864954348337,55.81,44.19,16.174,63.037,0.2560000000000002,-1.860999999999997
702,SGP,2017,271991493813,292086689776,1.574,0.82,174.0,3.08,SG,Singapore,257053923338.0,1.0581106496295667,0.0705188956336245,271991493813.0,0.9294811043663755,53.548,46.452,16.029,65.469,-0.14499999999999957,2.431999999999995
702,SGP,2018,306875899631,317275501586,1.633,0.808,173.0,3.0,SG,Singapore,257053923338.0,1.1938191631002228,0.06712404424958597,306875899631.0,0.932875955750414,54.622,45.378,15.603,66.638,-0.42600000000000016,1.1690000000000111
702,SGP,2019,289401106376,308811399961,1.684,0.823,170.0,3.15,SG,Singapore,257053923338.0,1.1258381222817078,0.06819231140983693,289401106376.0,0.931807688590163,53.506,46.494,16.254,66.395,0.6510000000000016,-0.2430000000000092
702,SGP,2020,276064408404,289421401439,1.674,0.828,161.0,2.79,SG,Singapore,257053923338.0,1.0739552418385117,0.0726628239413237,276064408404.0,0.9273371760586763,51.249,48.751,15.327,67.12,-0.9270000000000014,0.7250000000000085
702,SGP,2021,332213125218,341254083396,1.666,0.684,151.0,2.79,SG,Singapore,257053923338.0,1.2923869081786907,0.07409826822119839,332213125218.0,0.9259017317788016,51.128,48.872,16.323,68.748,0.9960000000000004,1.6280000000000001
702,SGP,2022,376683792437,408345106149,1.653,0.744,147.0,3.366,SG,Singapore,257053923338.0,1.465388224951147,0.06265978170278406,376683792437.0,0.9373402182972159,53.879,46.121,17.907,70.48,1.5839999999999996,1.7319999999999993
702,SGP,2023,346625879068,379122989026,1.681,0.694,158.0,2.766,SG,Singapore,257053923338.0,1.3484558981510735,0.06677761737425227,346625879068.0,0.9332223826257477,,,,,,
702,SGP,2024,366286908582,407672436290,1.521,0.821,152.0,2.802,SG,Singapore,257053923338.0,1.424941910341394,0.07055539049189213,366286908582.0,0.9294446095081079,,,,,,
239,SGS,2012,3212419,1293530,0.666,-0.794,13.0,,GS,South Georgia and South Sandwich Islds.,1904175.0,1.6870397941365682,0.7614174630901126,3212419.0,0.2385825369098874,,,,,,
239,SGS,2013,733081,656081,0.802,-0.802,11.0,,GS,South Georgia and South Sandwich Islds.,1904175.0,0.3849861488571166,0.27052488564630073,733081.0,0.7294751143536993,,,,,,
239,SGS,2014,292588,636737,0.724,-0.865,6.0,,GS,South Georgia and South Sandwich Islds.,1904175.0,0.1536560452689485,0.3515278648758496,292588.0,0.6484721351241505,,,,,,
239,SGS,2015,5061898,230178,0.462,-0.768,12.0,,GS,South Georgia and South Sandwich Islds.,1904175.0,2.6583155434768337,0.8333531481108566,5061898.0,0.1666468518891434,,,,,,
239,SGS,2016,241041,848955,-0.577,-0.918,9.0,,GS,South Georgia and South Sandwich Islds.,1904175.0,0.12658552916617433,0.1817094627011328,241041.0,0.8182905372988671,,,,,,
239,SGS,2017,409586,1172301,-0.903,-0.998,11.0,,GS,South Georgia and South Sandwich Islds.,1904175.0,0.21509892735699188,0.2919066020323258,409586.0,0.7080933979676742,,,,,,
239,SGS,2018,2198512,203544,1.327,-0.764,15.0,,GS,South Georgia and South Sandwich Islds.,1904175.0,1.1545745532842306,0.42230339943269163,2198512.0,0.5776966005673083,,,,,,
239,SGS,2019,356793,803508,1.544,-0.615,20.0,,GS,South Georgia and South Sandwich Islds.,1904175.0,0.18737405963212414,0.3131378225899032,356793.0,0.6868621774100968,,,,,,
239,SGS,2020,284899,476584,0.483,-0.898,10.0,,GS,South Georgia and South Sandwich Islds.,1904175.0,0.14961807606968897,0.24557676878362888,284899.0,0.7544232312163711,,,,,,
239,SGS,2021,308173,341561,1.897,-0.776,9.0,,GS,South Georgia and South Sandwich Islds.,1904175.0,0.16184069216327282,0.30047071090711064,308173.0,0.6995292890928894,,,,,,
239,SGS,2022,2565325,1744973,0.65,-0.882,10.0,,GS,South Georgia and South Sandwich Islds.,1904175.0,1.3472107343075086,0.37457119474930123,2565325.0,0.6254288052506988,,,,,,
239,SGS,2023,863007,273531,1.218,-0.342,34.0,,GS,South Georgia and South Sandwich Islds.,1904175.0,0.45321832289574226,0.32408154544279894,863007.0,0.675918454557201,,,,,,
239,SGS,2024,205942,191564,0.687,-0.826,9.0,,GS,South Georgia and South Sandwich Islds.,1904175.0,0.10815287460448751,0.24401502974559905,205942.0,0.7559849702544009,,,,,,
654,SHN,2012,15443640,81795275,0.996,-0.202,52.0,,SH,"Saint Helena, Ascension and Tristan da Cunha",25322877.666666668,0.6098690758329164,0.19842308984135215,15443640.0,0.8015769101586478,,,,,,
654,SHN,2013,17580249,87053329,0.913,-0.312,43.0,,SH,"Saint Helena, Ascension and Tristan da Cunha",25322877.666666668,0.6942437281976628,0.22603207848944967,17580249.0,0.7739679215105504,,,,,,
654,SHN,2014,15356716,71540976,0.964,-0.215,52.0,,SH,"Saint Helena, Ascension and Tristan da Cunha",25322877.666666668,0.6064364485800343,0.26229276676344737,15356716.0,0.7377072332365526,,,,,,
654,SHN,2015,30753802,69517201,1.1,-0.247,46.0,,SH,"Saint Helena, Ascension and Tristan da Cunha",25322877.666666668,1.21446710776012,0.22257423226016504,30753802.0,0.777425767739835,,,,,,
654,SHN,2016,21583809,47445809,1.383,-0.289,40.0,,SH,"Saint Helena, Ascension and Tristan da Cunha",25322877.666666668,0.8523442431825777,0.37129216335059273,21583809.0,0.6287078366494072,,,,,,
654,SHN,2017,23631022,45742005,1.032,-0.453,37.0,,SH,"Saint Helena, Ascension and Tristan da Cunha",25322877.666666668,0.9331886490573024,0.2510173032697079,23631022.0,0.7489826967302922,,,,,,
654,SHN,2018,19723608,38051293,0.781,-0.544,36.0,,SH,"Saint Helena, Ascension and Tristan da Cunha",25322877.666666668,0.7788849379453754,0.3600542368966354,19723608.0,0.6399457631033646,,,,,,
654,SHN,2019,19223633,34900455,0.949,-0.402,41.0,,SH,"Saint Helena, Ascension and Tristan da Cunha",25322877.666666668,0.759140933864112,0.2638198239783087,19223633.0,0.7361801760216913,,,,,,
654,SHN,2020,9472816,53209898,1.441,-0.37,32.0,,SH,"Saint Helena, Ascension and Tristan da Cunha",25322877.666666668,0.37408133959709394,0.28004065779285114,9472816.0,0.7199593422071489,,,,,,
654,SHN,2021,31046644,51719668,0.717,-0.728,20.0,,SH,"Saint Helena, Ascension and Tristan da Cunha",25322877.666666668,1.2260314332627256,0.6880806952601869,31046644.0,0.3119193047398131,,,,,,
654,SHN,2022,32563373,45262631,0.817,-0.818,21.0,,SH,"Saint Helena, Ascension and Tristan da Cunha",25322877.666666668,1.2859270351751624,0.3418668648390608,32563373.0,0.6581331351609392,,,,,,
654,SHN,2023,31969674,64644415,0.718,-0.578,36.0,,SH,"Saint Helena, Ascension and Tristan da Cunha",25322877.666666668,1.2624818719589175,0.1625279702127714,31969674.0,0.8374720297872286,,,,,,
654,SHN,2024,26987707,53839584,1.168,-0.431,30.0,,SH,"Saint Helena, Ascension and Tristan da Cunha",25322877.666666668,1.065744081507956,0.21406206547729684,26987707.0,0.7859379345227031,,,,,,
90,SLB,2012,595365142,430312277,-1.547,-0.976,35.0,,SB,Solomon Islands,593355461.3333334,1.0033869759320166,0.3024895020406737,595365142.0,0.6975104979593263,,,,,,
90,SLB,2013,571456052,443440667,-1.674,-1.014,34.0,,SB,Solomon Islands,593355461.3333334,0.9630922595974375,0.3499617621234242,571456052.0,0.6500382378765758,,,,,,
90,SLB,2014,588381231,390225492,-1.533,-0.969,37.0,,SB,Solomon Islands,593355461.3333334,0.9916167783774068,0.42498653402243036,588381231.0,0.5750134659775696,,,,,,
90,SLB,2015,582906264,351308285,-1.696,-1.06,32.0,,SB,Solomon Islands,593355461.3333334,0.9823896500255463,0.4118336483569955,582906264.0,0.5881663516430045,,,,,,
90,SLB,2016,507406594,400564662,-1.48,-1.031,30.0,,SB,Solomon Islands,593355461.3333334,0.8551477606017192,0.368083890629267,507406594.0,0.6319161093707331,,,,,,
90,SLB,2017,689753526,447379191,-1.634,-1.066,34.0,,SB,Solomon Islands,593355461.3333334,1.1624625893727343,0.42361778733724614,689753526.0,0.5763822126627538,,,,,,
90,SLB,2018,747975859,495988102,-1.603,-1.029,38.0,,SB,Solomon Islands,593355461.3333334,1.2605864574318033,0.46277129731253114,747975859.0,0.5372287026874689,,,,,,
90,SLB,2019,571800960,439518077,-2.062,-1.115,21.0,,SB,Solomon Islands,593355461.3333334,0.9636735435367897,0.4312594957667341,571800960.0,0.5687405042332658,,,,,,
90,SLB,2020,443498651,371522557,-2.321,-1.11,23.0,,SB,Solomon Islands,593355461.3333334,0.7474417611382744,0.4246061183899412,443498651.0,0.5753938816100588,,,,,,
90,SLB,2021,428741912,482863600,-1.959,-1.088,27.0,,SB,Solomon Islands,593355461.3333334,0.7225717802218773,0.37332859109930183,428741912.0,0.6266714089006982,,,,,,
90,SLB,2022,458356224,551653870,-2.13,-1.126,27.0,,SB,Solomon Islands,593355461.3333334,0.7724816806607365,0.2976941609798919,458356224.0,0.7023058390201081,,,,,,
90,SLB,2023,449079703,596666618,-1.898,-1.117,30.0,2.1,SB,Solomon Islands,593355461.3333334,0.7568476777661568,0.32240895348157084,449079703.0,0.6775910465184292,,,,,,
90,SLB,2024,545900069,567074148,-2.017,-1.104,27.0,,SB,Solomon Islands,593355461.3333334,0.9200219844160598,0.3720601942516393,545900069.0,0.6279398057483607,,,,,,
694,SLE,2012,816519979,1517458737,-0.28,-0.923,41.0,,SL,Sierra Leone,612768179.0,1.3325104125552185,0.2818013311924613,816519979.0,0.7181986688075387,,,,,,
694,SLE,2013,1530314169,1346772876,-0.435,-0.962,30.0,,SL,Sierra Leone,612768179.0,2.4973786522292634,0.5848025910607777,1530314169.0,0.4151974089392223,,,,,,
694,SLE,2014,1786310587,1514779729,-0.571,-0.988,27.0,,SL,Sierra Leone,612768179.0,2.9151490697757008,0.564319225558764,1786310587.0,0.435680774441236,,,,,,
694,SLE,2015,519671081,1287332293,0.025,-0.38,72.0,,SL,Sierra Leone,612768179.0,0.8480712589352654,0.13707583688393163,519671081.0,0.8629241631160683,,,,,,
694,SLE,2016,596717856,978194269,-0.388,-0.603,67.0,,SL,Sierra Leone,612768179.0,0.9738068595105687,0.15005360629967313,596717856.0,0.8499463937003269,,,,,,
694,SLE,2017,721915600,1110727205,-0.354,-0.699,53.0,,SL,Sierra Leone,612768179.0,1.178121881554166,0.1746918694070964,721915600.0,0.8253081305929035,,,,,,
694,SLE,2018,607601337,1119975694,-0.068,-0.308,81.0,,SL,Sierra Leone,612768179.0,0.9915680314724697,0.1049777235196042,607601337.0,0.8950222764803958,,,,,,
694,SLE,2019,589994855,1193858513,-0.158,-0.677,56.0,,SL,Sierra Leone,612768179.0,0.9628353351553525,0.13537680441645106,589994855.0,0.8646231955835489,,,,,,
694,SLE,2020,462444790,1187626349,-0.295,-0.741,47.0,,SL,Sierra Leone,612768179.0,0.7546814698417947,0.13790640497265025,462444790.0,0.8620935950273497,,,,,,
694,SLE,2021,784106639,1643165741,-0.422,-0.969,37.0,,SL,Sierra Leone,612768179.0,1.2796138341903032,0.20287443356825455,784106639.0,0.7971255664317455,,,,,,
694,SLE,2022,1076289434,1796967262,-0.421,-0.938,41.0,,SL,Sierra Leone,612768179.0,1.7564381945492635,0.3408334053115192,1076289434.0,0.6591665946884808,,,,,,
694,SLE,2023,1256503932,1997843723,-0.335,-0.948,41.0,1.653,SL,Sierra Leone,612768179.0,2.050537177127143,0.4370018615671474,1256503932.0,0.5629981384328526,,,,,,
694,SLE,2024,1228516482,2125874559,-0.279,-0.937,34.0,,SL,Sierra Leone,612768179.0,2.0048633791736106,0.40118641966109797,1228516482.0,0.5988135803389021,,,,,,
222,SLV,2012,4952372837,8599893987,0.029,0.016,190.0,3.23,SV,El Salvador,5583776543.666667,0.8869217452151037,0.23712485723416726,4952372837.0,0.7628751427658327,,,,,,
222,SLV,2013,5607068957,8946579418,0.017,0.196,196.0,3.35,SV,El Salvador,5583776543.666667,1.0041714443891476,0.2469595327212916,5607068957.0,0.7530404672787084,,,,,,
222,SLV,2014,5252209574,8875368658,0.045,0.118,189.0,3.4,SV,El Salvador,5583776543.666667,0.9406195847785594,0.2628552476524215,5252209574.0,0.7371447523475785,,,,,,
222,SLV,2015,5537261234,8725267966,0.016,-0.027,178.0,3.53,SV,El Salvador,5583776543.666667,0.9916695610393961,0.2649640440669431,5537261234.0,0.7350359559330568,,,,,,
222,SLV,2016,5454532364,8290174330,0.097,0.108,185.0,4.78,SV,El Salvador,5583776543.666667,0.9768536260976882,0.2661663283520688,5454532364.0,0.7338336716479312,,,,,,
222,SLV,2017,5759536033,8761554596,0.164,0.049,185.0,2.07,SV,El Salvador,5583776543.666667,1.0314768128629155,0.23726713893569937,5759536033.0,0.7627328610643006,,,,,,
222,SLV,2018,5915472077,9970302346,0.156,-0.06,183.0,2.01,SV,El Salvador,5583776543.666667,1.0594034397220917,0.2379749385258169,5915472077.0,0.7620250614741831,,,,,,
222,SLV,2019,5948626784,10224442374,0.03,0.037,181.0,2.05,SV,El Salvador,5583776543.666667,1.0653411248605857,0.23673152959149063,5948626784.0,0.7632684704085093,,,,,,
222,SLV,2020,4936166015,8916770702,0.033,-0.16,179.0,1.72,SV,El Salvador,5583776543.666667,0.8840192612289953,0.2188778955893972,4936166015.0,0.7811221044106028,,,,,,
222,SLV,2021,6482899556,12663490845,0.08,0.007,183.0,1.72,SV,El Salvador,5583776543.666667,1.161024175179996,0.22144215954541974,6482899556.0,0.7785578404545803,,,,,,
222,SLV,2022,6797118180,14594056094,0.058,0.19,193.0,1.223,SV,El Salvador,5583776543.666667,1.217297670643635,0.19319243831154267,6797118180.0,0.8068075616884574,,,,,,
222,SLV,2023,6138256937,13217504932,0.087,0.14,193.0,1.282,SV,El Salvador,5583776543.666667,1.0993020385033576,0.17682284422132938,6138256937.0,0.8231771557786707,,,,,,
222,SLV,2024,6165878889,13978077057,0.345,0.254,204.0,1.481,SV,El Salvador,5583776543.666667,1.1042488611034365,0.1742546785475701,6165878889.0,0.82574532145243,,,,,,
674,SMR,2012,107383104,357654212,1.215,0.585,119.0,,SM,San Marino,117683383.66666667,0.9124746472633571,0.06365185869558936,107383104.0,0.9363481413044107,,,,,,
674,SMR,2013,112818713,349008519,1.286,0.682,131.0,,SM,San Marino,117683383.66666667,0.9586630625743593,0.06679279845232942,112818713.0,0.9332072015476706,,,,,,
674,SMR,2014,127467985,341103103,1.137,0.635,125.0,,SM,San Marino,117683383.66666667,1.083143439867839,0.05819832492806709,127467985.0,0.9418016750719329,,,,,,
674,SMR,2015,119381756,289606552,1.094,0.647,133.0,,SM,San Marino,117683383.66666667,1.0144317088820618,0.05265084091757755,119381756.0,0.9473491590824225,,,,,,
674,SMR,2016,118849423,271304940,1.232,0.681,128.0,,SM,San Marino,117683383.66666667,1.0099082750427715,0.05440384944327853,118849423.0,0.9455961505567214,,,,,,
674,SMR,2017,114818972,293063932,1.166,0.792,147.0,,SM,San Marino,117683383.66666667,0.9756600160751666,0.05051708934645288,114818972.0,0.9494829106535472,,,,,,
674,SMR,2018,130652358,305975689,1.215,0.659,131.0,,SM,San Marino,117683383.66666667,1.1102022556563076,0.04811089650141944,130652358.0,0.9518891034985806,,,,,,
674,SMR,2019,128378576,324578275,1.216,0.819,134.0,,SM,San Marino,117683383.66666667,1.0908810742868085,0.04708956633136344,128378576.0,0.9529104336686366,,,,,,
674,SMR,2020,132323902,281515397,1.149,0.619,122.0,,SM,San Marino,117683383.66666667,1.1244059940934568,0.04872545330806794,132323902.0,0.951274546691932,,,,,,
674,SMR,2021,183933677,449058396,1.146,0.62,124.0,,SM,San Marino,117683383.66666667,1.56295367509983,0.04977244949862393,183933677.0,0.9502275505013761,,,,,,
674,SMR,2022,184248791,438982308,1.224,1.12,159.0,,SM,San Marino,117683383.66666667,1.5656313173478857,0.06031249082716326,184248791.0,0.9396875091728367,,,,,,
674,SMR,2023,191319160,395669228,1.211,0.896,140.0,,SM,San Marino,117683383.66666667,1.6257109036047401,0.05549253134210685,191319160.0,0.9445074686578931,,,,,,
674,SMR,2024,200724849,485242700,1.143,1.148,145.0,,SM,San Marino,117683383.66666667,1.7056345827763149,0.055194036992624304,200724849.0,0.9448059630073757,,,,,,
706,SOM,2012,401211305,1678434368,-1.555,-1.046,32.0,,SO,Somalia,471224552.6666667,0.8514227510632443,0.27817803734504604,401211305.0,0.721821962654954,,,,,,
706,SOM,2013,527480314,2024731420,-1.488,-1.049,33.0,,SO,Somalia,471224552.6666667,1.1193820674559107,0.2803214552968705,527480314.0,0.7196785447031295,,,,,,
706,SOM,2014,583286049,1766953412,-1.488,-1.056,34.0,,SO,Somalia,471224552.6666667,1.2378091202998138,0.2291287152017421,583286049.0,0.770871284798258,,,,,,
706,SOM,2015,563947665,2223975797,-2.142,-1.198,30.0,,SO,Somalia,471224552.6666667,1.196770545610605,0.2880219794000496,563947665.0,0.7119780205999504,,,,,,
706,SOM,2016,507483824,2618943343,-1.963,-1.17,44.0,,SO,Somalia,471224552.6666667,1.076946905945672,0.3073019005004283,507483824.0,0.6926980994995717,,,,,,
706,SOM,2017,342242169,3059888975,-1.592,-1.187,38.0,,SO,Somalia,471224552.6666667,0.7262825484437229,0.23214815567278774,342242169.0,0.7678518443272122,,,,,,
706,SOM,2018,394108396,3504844123,-1.853,-1.197,40.0,,SO,Somalia,471224552.6666667,0.8363494511687364,0.2014035019295063,394108396.0,0.7985964980704937,,,,,,
706,SOM,2019,481107389,4154932182,-1.666,-1.103,43.0,,SO,Somalia,471224552.6666667,1.0209726685025349,0.2055452525278313,481107389.0,0.7944547474721687,,,,,,
706,SOM,2020,377061226,4424003593,-1.808,-1.136,46.0,,SO,Somalia,471224552.6666667,0.8001731316125295,0.2523104434092804,377061226.0,0.7476895565907196,,,,,,
706,SOM,2021,413825174,5142037661,-1.282,-1.054,54.0,,SO,Somalia,471224552.6666667,0.8781910273099253,0.21555467429304687,413825174.0,0.7844453257069531,,,,,,
706,SOM,2022,591509349,5819598223,-2.011,-1.224,43.0,,SO,Somalia,471224552.6666667,1.2552600361178972,0.2424822890313422,591509349.0,0.7575177109686578,,,,,,
706,SOM,2023,855655787,5255672242,-2.167,-1.187,40.0,3.148,SO,Somalia,471224552.6666667,1.8158132511513487,0.2227667792882874,855655787.0,0.7772332207117126,,,,,,
706,SOM,2024,408394951,3219822809,-1.488,-1.066,40.0,,SO,Somalia,471224552.6666667,0.8666673854086909,0.5194990873951962,408394951.0,0.48050091260480376,,,,,,
666,SPM,2012,5762867,56189000,-1.021,-1.084,54.0,,PM,Saint Pierre and Miquelon,3715981.3333333335,1.55083314017365,0.3296731266342849,5762867.0,0.6703268733657151,,,,,,
666,SPM,2013,4999439,74897780,-0.223,-0.79,46.0,,PM,Saint Pierre and Miquelon,3715981.3333333335,1.3453886205384598,0.2534484635081491,4999439.0,0.7465515364918509,,,,,,
666,SPM,2014,2772739,74184015,0.353,-0.673,29.0,,PM,Saint Pierre and Miquelon,3715981.3333333335,0.7461660194920247,0.35449444976662253,2772739.0,0.6455055502333775,,,,,,
666,SPM,2015,2730107,49672797,0.763,-0.395,42.0,,PM,Saint Pierre and Miquelon,3715981.3333333335,0.7346934107311626,0.3199392158028901,2730107.0,0.6800607841971099,,,,,,
666,SPM,2016,4052994,60888365,0.385,-0.55,45.0,,PM,Saint Pierre and Miquelon,3715981.3333333335,1.0906927770717183,0.1722137296773072,4052994.0,0.8277862703226928,,,,,,
666,SPM,2017,4364843,57533866,0.026,-0.653,42.0,,PM,Saint Pierre and Miquelon,3715981.3333333335,1.174613812197119,0.1954495684569088,4364843.0,0.8045504315430911,,,,,,
666,SPM,2018,5156498,47537503,0.46,-0.615,32.0,,PM,Saint Pierre and Miquelon,3715981.3333333335,1.3876544410341494,0.6007280205752613,5156498.0,0.3992719794247387,,,,,,
666,SPM,2019,6010880,48695791,-0.168,-0.868,25.0,,PM,Saint Pierre and Miquelon,3715981.3333333335,1.6175754022445752,0.6854878062827763,6010880.0,0.3145121937172237,,,,,,
666,SPM,2020,5974010,73955453,-0.288,-0.784,32.0,,PM,Saint Pierre and Miquelon,3715981.3333333335,1.6076533933073218,0.443750721967645,5974010.0,0.556249278032355,,,,,,
666,SPM,2021,7439230,74488989,0.206,-0.733,28.0,,PM,Saint Pierre and Miquelon,3715981.3333333335,2.0019556969428622,0.6828575714375262,7439230.0,0.31714242856247377,,,,,,
666,SPM,2022,6572164,67969772,0.045,-0.894,22.0,,PM,Saint Pierre and Miquelon,3715981.3333333335,1.7686213709003202,0.7344841154203684,6572164.0,0.2655158845796316,,,,,,
666,SPM,2023,3250427,62899485,0.436,-0.675,27.0,,PM,Saint Pierre and Miquelon,3715981.3333333335,0.8747156426332963,0.48504899919765476,3250427.0,0.5149510008023452,,,,,,
666,SPM,2024,7318140,73456891,-0.002,-0.738,26.0,,PM,Saint Pierre and Miquelon,3715981.3333333335,1.9693694191502935,0.29382064092091137,7318140.0,0.7061793590790886,,,,,,
688,SRB,2012,10636136975,16644887630,0.705,1.52,320.0,,RS,Serbia,14626802933.666666,0.7271675856463952,0.05857121590722645,10636136975.0,0.9414287840927735,,,,,,
688,SRB,2013,13669444465,18094695288,0.641,1.084,279.0,,RS,Serbia,14626802933.666666,0.9345476606878251,0.06690565400733525,13669444465.0,0.9330943459926647,,,,,,
688,SRB,2014,14150274774,18241544370,0.676,1.184,292.0,,RS,Serbia,14626802933.666666,0.9674208942427305,0.06891709774100163,14150274774.0,0.9310829022589984,,,,,,
688,SRB,2015,12983229141,16469122745,0.631,1.088,288.0,3.81,RS,Serbia,14626802933.666666,0.8876327383283715,0.06341050293885664,12983229141.0,0.9365894970611434,,,,,,
688,SRB,2016,14195170236,17609692293,0.639,0.984,273.0,4.88,RS,Serbia,14626802933.666666,0.9704902910346066,0.060214471848216745,14195170236.0,0.9397855281517833,,,,,,
688,SRB,2017,16702009424,20450487208,0.664,1.158,284.0,2.96,RS,Serbia,14626802933.666666,1.141876970637022,0.05604935235318921,16702009424.0,0.9439506476468108,,,,,,
688,SRB,2018,18509640615,24107729283,0.71,1.11,285.0,2.9,RS,Serbia,14626802933.666666,1.2654604494873016,0.05515188973554458,18509640615.0,0.9448481102644555,,,,,,
688,SRB,2019,18866460621,24944232137,0.69,1.076,280.0,2.81,RS,Serbia,14626802933.666666,1.289855391267689,0.0518081539547691,18866460621.0,0.9481918460452309,,,,,,
688,SRB,2020,18882296057,24515620564,0.703,1.03,275.0,2.39,RS,Serbia,14626802933.666666,1.2909380226582816,0.048945885721513746,18882296057.0,0.9510541142784863,,,,,,
688,SRB,2021,24695129419,32321712438,0.733,1.124,285.0,2.39,RS,Serbia,14626802933.666666,1.6883477223965984,0.04881340784045969,24695129419.0,0.9511865921595403,,,,,,
688,SRB,2022,27869548310,38420408640,0.757,1.048,281.0,1.98,RS,Serbia,14626802933.666666,1.9053752509273485,0.04685862559096617,27869548310.0,0.9531413744090338,,,,,,
688,SRB,2023,29826483743,37961480973,0.775,1.053,286.0,1.878,RS,Serbia,14626802933.666666,2.0391663084725145,0.05496404582427365,29826483743.0,0.9450359541757264,,,,,,
688,SRB,2024,31405497263,40035960414,0.761,0.97,270.0,1.839,RS,Serbia,14626802933.666666,2.147119736652337,0.05282834842381908,31405497263.0,0.9471716515761809,,,,,,
728,SSD,2012,522410909,129708240,-4.414,-1.083,6.0,,SS,South Sudan,1387183215.3333333,0.37659834924867314,0.6471212186034113,522410909.0,0.3528787813965887,,,,,,
728,SSD,2013,2006532584,444952423,-3.795,-1.009,3.0,,SS,South Sudan,1387183215.3333333,1.4464798606417972,0.994197727721101,2006532584.0,0.005802272278898957,,,,,,
728,SSD,2014,3562611996,582796959,-3.908,-1.034,4.0,,SS,South Sudan,1387183215.3333333,2.568234647464302,0.9677698894591269,3562611996.0,0.0322301105408731,,,,,,
728,SSD,2015,1887552285,795982200,-3.328,-1.082,6.0,,SS,South Sudan,1387183215.3333333,1.3607087111030467,0.9893619076739681,1887552285.0,0.010638092326031856,,,,,,
728,SSD,2016,1190965160,584225303,-2.756,-1.093,9.0,,SS,South Sudan,1387183215.3333333,0.8585492866663738,0.9727869375724532,1190965160.0,0.02721306242754684,,,,,,
728,SSD,2017,1083032201,599024975,-2.433,-1.056,6.0,,SS,South Sudan,1387183215.3333333,0.7807420022305797,0.8921374545452769,1083032201.0,0.10786254545472307,,,,,,
728,SSD,2018,1393408276,890961657,-3.202,-1.14,10.0,,SS,South Sudan,1387183215.3333333,1.0044875547785308,0.8576938731690091,1393408276.0,0.14230612683099086,,,,,,
728,SSD,2019,1399831873,1034003217,-2.64,-1.061,9.0,,SS,South Sudan,1387183215.3333333,1.009118231482946,0.7811977858298367,1399831873.0,0.21880221417016332,,,,,,
728,SSD,2020,689899867,1123059117,-2.526,-1.033,9.0,,SS,South Sudan,1387183215.3333333,0.49733867839095824,0.6507406811987101,689899867.0,0.3492593188012899,,,,,,
728,SSD,2021,462786962,1381586353,-1.771,-1.15,21.0,4.53,SS,South Sudan,1387183215.3333333,0.3336163218272466,0.33114310246622625,462786962.0,0.6688568975337738,,,,,,
728,SSD,2022,451683542,1584930625,-1.513,-1.053,23.0,,SS,South Sudan,1387183215.3333333,0.32561202947619483,0.27054430494949977,451683542.0,0.7294556950505002,,,,,,
728,SSD,2023,540223189,1632176331,-2.296,-1.154,20.0,,SS,South Sudan,1387183215.3333333,0.3894389602098718,0.3838411921899155,540223189.0,0.6161588078100845,,,,,,
728,SSD,2024,410319489,1128619617,-1.364,-1.023,13.0,,SS,South Sudan,1387183215.3333333,0.29579329137240334,0.4520011729212998,410319489.0,0.5479988270787002,,,,,,
678,STP,2012,12119848,132167099,0.347,-0.329,55.0,,ST,Sao Tome and Principe,14545742.333333334,0.8332230643344958,0.118120476691153,12119848.0,0.881879523308847,78.208,21.792,14.414,10.441,,
678,STP,2013,8781798,136262773,0.62,-0.145,65.0,,ST,Sao Tome and Principe,14545742.333333334,0.6037366673184801,0.0851374484857225,8781798.0,0.9148625515142775,76.91,23.09,9.765,13.325,-4.648999999999999,2.8839999999999986
678,STP,2014,13877252,155110580,1.13,0.112,63.0,,ST,Sao Tome and Principe,14545742.333333334,0.9540421988775776,0.1008424107932206,13877252.0,0.8991575892067794,75.958,24.042,7.001,21.023,-2.7640000000000002,7.698
678,STP,2015,12417361,134857520,0.945,-0.232,53.0,,ST,Sao Tome and Principe,14545742.333333334,0.8536766784012192,0.11704992569854528,12417361.0,0.8829500743014547,80.489,19.511,6.868,32.88,-0.133,11.857000000000003
678,STP,2016,18380521,140788391,0.476,-0.64,36.0,,ST,Sao Tome and Principe,14545742.333333334,1.263635817188842,0.1581162829202092,18380521.0,0.8418837170797908,86.035,13.965,7.946,22.0,1.0779999999999994,-10.880000000000003
678,STP,2017,12839345,136240720,0.289,-0.472,53.0,,ST,Sao Tome and Principe,14545742.333333334,0.8826875044099387,0.11152295232141873,12839345.0,0.8884770476785813,85.648,14.352,9.129,17.978,1.1829999999999998,-4.0219999999999985
678,STP,2018,14517126,142517832,0.963,0.103,60.0,,ST,Sao Tome and Principe,14545742.333333334,0.998032666007856,0.11018998948483305,14517126.0,0.889810010515167,85.982,14.018,8.325,18.594,-0.8040000000000003,0.6159999999999997
678,STP,2019,18983279,153740335,0.874,-0.151,56.0,,ST,Sao Tome and Principe,14545742.333333334,1.3050746098050638,0.16731815850305695,18983279.0,0.832681841496943,86.422,13.578,12.072,18.06,3.747,-0.5340000000000025
678,STP,2020,22077971,123277217,0.357,-0.379,51.0,,ST,Sao Tome and Principe,14545742.333333334,1.5178304753416159,0.13937993611903146,22077971.0,0.8606200638809686,89.86,10.14,16.029,9.193,3.9570000000000007,-8.866999999999999
678,STP,2021,24410722,134225331,0.334,-0.295,49.0,,ST,Sao Tome and Principe,14545742.333333334,1.6782039335359233,0.11016427512538336,24410722.0,0.8898357248746166,90.642,9.358,13.576,13.533,-2.4529999999999994,4.34
678,STP,2022,19802232,193459033,0.601,-0.079,63.0,,ST,Sao Tome and Principe,14545742.333333334,1.3613765145984185,0.0995296308909943,19802232.0,0.9004703691090057,89.498,10.502,13.401,14.744,-0.1750000000000007,1.2110000000000003
678,STP,2023,48484525,179857720,0.1,-0.673,40.0,1.773,ST,Sao Tome and Principe,14545742.333333334,3.3332451441059714,0.287367154263313,48484525.0,0.7126328457366871,,,,,,
678,STP,2024,39151431,158434398,0.354,-0.538,34.0,,ST,Sao Tome and Principe,14545742.333333334,2.691607626671603,0.12626550410152243,39151431.0,0.8737344958984776,,,,,,
740,SUR,2012,2378956317,1953572952,-0.471,-0.844,73.0,,SR,Suriname,1630679496.3333333,1.4588742437426887,0.18602990806951916,2378956317.0,0.8139700919304809,,,,,,
740,SUR,2013,2172572756,2397875019,-0.421,-0.802,66.0,,SR,Suriname,1630679496.3333333,1.3323113222954859,0.17564481338598706,2172572756.0,0.824355186614013,,,,,,
740,SUR,2014,2025831275,1826373803,-0.455,-0.747,76.0,,SR,Suriname,1630679496.3333333,1.242323387002281,0.1445228880575202,2025831275.0,0.8554771119424798,,,,,,
740,SUR,2015,1595311106,1683843203,-0.677,-0.848,65.0,,SR,Suriname,1630679496.3333333,0.9783106426413891,0.13706392291931682,1595311106.0,0.8629360770806832,,,,,,
740,SUR,2016,1172520547,1077799115,-0.745,-0.907,75.0,,SR,Suriname,1630679496.3333333,0.7190380142980106,0.21687165749921544,1172520547.0,0.7831283425007846,,,,,,
740,SUR,2017,2124206836,1308921800,-0.592,-0.897,71.0,,SR,Suriname,1630679496.3333333,1.3026513430606004,0.290836077154672,2124206836.0,0.7091639228453279,,,,,,
740,SUR,2018,2104324253,1456613736,-0.8,-0.917,68.0,,SR,Suriname,1630679496.3333333,1.290458522187641,0.3006112536303736,2104324253.0,0.6993887463696264,,,,,,
740,SUR,2019,2160377839,1619158365,-0.498,-0.74,73.0,,SR,Suriname,1630679496.3333333,1.324832895647318,0.2833084484106081,2160377839.0,0.7166915515893919,,,,,,
740,SUR,2020,1953278675,1320609944,-0.413,-0.816,52.0,,SR,Suriname,1630679496.3333333,1.1978311368923493,0.2868796916256952,1953278675.0,0.7131203083743047,,,,,,
740,SUR,2021,2168647927,1489364086,-0.105,-0.255,89.0,,SR,Suriname,1630679496.3333333,1.3299044550914612,0.32323257469661376,2168647927.0,0.6767674253033862,,,,,,
740,SUR,2022,2646378035,1843248797,-0.006,-0.315,85.0,,SR,Suriname,1630679496.3333333,1.6228682834061,0.28183633366342714,2646378035.0,0.7181636663365729,,,,,,
740,SUR,2023,1610660716,1847040121,-0.393,-0.788,64.0,1.661,SR,Suriname,1630679496.3333333,0.987723657298478,0.3521098990919205,1610660716.0,0.6478901009080795,,,,,,
740,SUR,2024,1381071062,1703541449,0.2,0.197,113.0,,SR,Suriname,1630679496.3333333,0.8469298014143242,0.535104344362824,1381071062.0,0.46489565563717605,,,,,,
703,SVK,2012,70007002918,64411671968,1.143,0.821,250.0,3.45,SK,Slovakia,69667230295.33333,1.004877079528299,0.09024990812305608,70007002918.0,0.9097500918769439,52.695,47.305,17.762,42.196,,
703,SVK,2013,73676219322,69158984617,1.163,0.628,234.0,3.6,SK,Slovakia,69667230295.33333,1.0575448314748808,0.08735049211344113,73676219322.0,0.9126495078865589,52.83,47.17,17.75,42.531,-0.012000000000000455,0.33500000000000085
703,SVK,2014,73963191422,69546565554,1.197,0.706,237.0,3.42,SK,Slovakia,69667230295.33333,1.0616640148956007,0.09028012601358758,73963191422.0,0.9097198739864124,53.149,46.851,18.062,42.047,0.31200000000000117,-0.48400000000000176
703,SVK,2015,65444808808,62430724885,1.204,0.6,220.0,3.14,SK,Slovakia,69667230295.33333,0.9393915694734291,0.08953940257410548,65444808808.0,0.9104605974258946,52.773,47.227,18.594,41.946,0.532,-0.10099999999999909
703,SVK,2016,69340171529,62527181762,1.204,0.621,216.0,3.98,SK,Slovakia,69667230295.33333,0.9953054145407122,0.08831991170305394,69340171529.0,0.911680088296946,52.307,47.693,17.848,41.881,-0.7460000000000022,-0.06499999999999773
703,SVK,2017,74216710549,67870356595,1.213,0.604,222.0,3.34,SK,Slovakia,69667230295.33333,1.065303015985859,0.08396033934042986,74216710549.0,0.9160396606595701,51.269,48.731,17.84,41.527,-0.007999999999999119,-0.3539999999999992
703,SVK,2018,83182198076,76569208164,1.207,0.696,236.0,3.28,SK,Slovakia,69667230295.33333,1.1939931833571396,0.08145506356942553,83182198076.0,0.9185449364305744,50.283,49.717,17.376,42.248,-0.46399999999999864,0.7209999999999965
703,SVK,2019,84583302423,76976546535,1.23,0.616,225.0,2.88,SK,Slovakia,69667230295.33333,1.214104566299456,0.08950789800073437,84583302423.0,0.9104921019992657,51.528,48.472,17.458,41.651,0.08199999999999719,-0.5969999999999942
703,SVK,2020,78890110494,71189745855,1.235,0.686,211.0,3.05,SK,Slovakia,69667230295.33333,1.1323847691313267,0.08421928463165082,78890110494.0,0.9157807153683492,52.469,47.531,17.28,39.377,-0.17799999999999727,-2.274000000000001
703,SVK,2021,96108976154,86988498111,1.246,0.665,223.0,3.04,SK,Slovakia,69667230295.33333,1.3795435206276296,0.08304751979015754,96108976154.0,0.9169524802098424,51.915,48.085,17.407,40.67,0.1269999999999989,1.2929999999999993
703,SVK,2022,101225280958,94801270557,1.214,0.731,228.0,2.456,SK,Slovakia,69667230295.33333,1.4529827083534939,0.08265019213250058,101225280958.0,0.9173498078674994,47.389,52.611,16.447,40.472,-0.9600000000000009,-0.1980000000000004
703,SVK,2023,107043550019,96758807801,1.201,0.627,213.0,2.383,SK,Slovakia,69667230295.33333,1.5364978565276812,0.07998322903394742,107043550019.0,0.9200167709660526,,,,,,
703,SVK,2024,104400514270,96771188871,1.121,0.802,223.0,2.456,SK,Slovakia,69667230295.33333,1.4985598512733365,0.07886661709151106,104400514270.0,0.9211333829084889,,,,,,
705,SVN,2012,26451657079,27561226699,1.359,0.922,309.0,3.11,SI,Slovenia,27578207558.666668,0.9591506997954753,0.0867296711024042,26451657079.0,0.9132703288975959,63.855,36.145,18.025,42.654,,
705,SVN,2013,28143873691,28558222730,1.37,0.883,320.0,3.16,SI,Slovenia,27578207558.666668,1.0205113450948544,0.08453554237952071,28143873691.0,0.9154644576204793,64.88,35.12,18.312,43.62,0.2870000000000026,0.965999999999994
705,SVN,2014,29966465418,29822493280,1.368,1.048,312.0,3.11,SI,Slovenia,27578207558.666668,1.08659945916546,0.0839936827996899,29966465418.0,0.9160063172003101,66.017,33.983,19.058,43.379,0.7459999999999987,-0.24099999999999966
705,SVN,2015,25882277986,26440977503,1.405,1.021,299.0,2.96,SI,Slovenia,27578207558.666668,0.9385047208358649,0.08526997411743807,25882277986.0,0.9147300258825619,66.534,33.466,20.538,44.199,1.4800000000000004,0.8200000000000003
705,SVN,2016,26554767792,27825900031,1.367,1.116,298.0,3.76,SI,Slovenia,27578207558.666668,0.9628895473177681,0.07398547366495552,26554767792.0,0.9260145263350444,67.103,32.897,19.866,45.19,-0.6720000000000006,0.9909999999999997
705,SVN,2017,30297576898,31173557164,1.342,1.059,291.0,2.23,SI,Slovenia,27578207558.666668,1.098605731846367,0.07846787953536428,30297576898.0,0.9215321204646357,65.368,34.632,19.961,46.772,0.09499999999999886,1.5820000000000007
705,SVN,2018,35024718178,38151609608,1.379,0.986,283.0,2.35,SI,Slovenia,27578207558.666668,1.2700143076192494,0.08240212425881832,35024718178.0,0.9175978757411817,64.156,35.844,19.98,46.817,0.019000000000001904,0.045000000000001705
705,SVN,2019,34786332959,39480947326,1.375,1.014,288.0,2.14,SI,Slovenia,27578207558.666668,1.2613703368864566,0.07770022256932595,34786332959.0,0.922299777430674,65.218,34.782,20.062,46.589,0.08200000000000074,-0.22800000000000153
705,SVN,2020,33626529083,37163274326,1.326,1.174,293.0,2.0,SI,Slovenia,27578207558.666668,1.2193152514160623,0.07240693428353506,33626529083.0,0.9275930657164649,67.468,32.532,21.315,42.502,1.2530000000000001,-4.086999999999996
705,SVN,2021,42061413058,49333081838,1.351,1.068,311.0,2.0,SI,Slovenia,27578207558.666668,1.5251684856067402,0.07459614543777326,42061413058.0,0.9254038545622267,63.306,36.694,21.207,44.016,-0.10800000000000054,1.5139999999999958
705,SVN,2022,54191091999,59969712512,1.337,1.103,273.0,1.527,SI,Slovenia,27578207558.666668,1.9649968868977499,0.08147351297830692,54191091999.0,0.918526487021693,59.037,40.963,20.57,46.0,-0.6370000000000005,1.9840000000000018
705,SVN,2023,60070041225,60837672569,1.355,1.055,240.0,1.438,SI,Slovenia,27578207558.666668,2.17817061160389,0.09785251432997202,60070041225.0,0.902147485670028,,,,,,
705,SVN,2024,69355264450,72049980088,1.276,1.042,221.0,1.637,SI,Slovenia,27578207558.666668,2.5148575846512755,0.12342286084318337,69355264450.0,0.8765771391568167,,,,,,
752,SWE,2012,156846796365,152185610639,1.457,0.821,335.0,2.57,SE,Sweden,132465027441.33333,1.1840619323803407,0.050484415871094104,156846796365.0,0.9495155841289059,74.134,25.866,22.545,31.281,,
752,SWE,2013,154293735661,150627741854,1.452,0.883,333.0,2.74,SE,Sweden,132465027441.33333,1.1647884625950367,0.05096099422124298,154293735661.0,0.949039005778757,75.804,24.196,23.166,30.268,0.6209999999999987,-1.0129999999999981
752,SWE,2014,154386523968,151244167470,1.446,0.933,321.0,2.73,SE,Sweden,132465027441.33333,1.165488936590266,0.05146325625320062,154386523968.0,0.9485367437467994,75.803,24.197,23.39,30.162,0.2240000000000002,-0.10600000000000165
752,SWE,2015,128299774157,129192847652,1.458,1.011,305.0,2.99,SE,Sweden,132465027441.33333,0.9685558266601496,0.05150974166656847,128299774157.0,0.9484902583334315,77.026,22.974,24.031,30.888,0.6409999999999982,0.7260000000000026
752,SWE,2016,126695075064,131383633227,1.464,1.006,305.0,3.4,SE,Sweden,132465027441.33333,0.9564416926581716,0.05127311510391914,126695075064.0,0.9487268848960808,77.46,22.54,23.085,29.875,-0.945999999999998,-1.0130000000000017
752,SWE,2017,142400233103,141790901853,1.398,1.008,319.0,2.53,SE,Sweden,132465027441.33333,1.075002480681679,0.0530707555033882,142400233103.0,0.9469292444966118,76.111,23.889,23.109,30.115,0.02400000000000091,0.23999999999999844
752,SWE,2018,150031658522,156883840053,1.396,1.101,299.0,2.49,SE,Sweden,132465027441.33333,1.1326133502553846,0.05142929624210222,150031658522.0,0.9485707037578978,75.115,24.885,23.33,30.404,0.22099999999999653,0.2890000000000015
752,SWE,2019,148384301792,147783012641,1.404,1.104,299.0,2.73,SE,Sweden,132465027441.33333,1.1201771868255346,0.054431990922413666,148384301792.0,0.9455680090775863,75.309,24.691,22.899,31.705,-0.4309999999999974,1.3009999999999984
752,SWE,2020,144536828285,138817277284,1.375,1.106,306.0,2.41,SE,Sweden,132465027441.33333,1.0911319846214735,0.05712681791731758,144536828285.0,0.9428731820826824,77.066,22.934,22.983,29.868,0.08399999999999963,-1.8369999999999997
752,SWE,2021,176947653859,174055596880,1.386,1.087,310.0,2.41,SE,Sweden,132465027441.33333,1.3358065693027341,0.056277702405952715,176947653859.0,0.9437222975940472,76.004,23.996,24.488,31.963,1.504999999999999,2.0950000000000024
752,SWE,2022,184231337715,187667976488,1.37,1.076,304.0,1.452,SE,Sweden,132465027441.33333,1.3907922813558706,0.05675756419508955,184231337715.0,0.9432424358049104,71.805,28.195,24.473,34.604,-0.015000000000000568,2.6409999999999982
752,SWE,2023,179908530275,180116843335,1.373,0.955,302.0,1.459,SE,Sweden,132465027441.33333,1.3581587061134204,0.05309073327076095,179908530275.0,0.946909266729239,,,,,,
752,SWE,2024,179436758303,177580684894,1.235,1.144,299.0,1.394,SE,Sweden,132465027441.33333,1.354597222896962,0.05190601622394745,179436758303.0,0.9480939837760526,,,,,,
748,SWZ,2012,1994035414,1836499360,0.307,-0.473,119.0,,SZ,Eswatini,1829275883.0,1.090068169886871,0.34483463130462366,1994035414.0,0.6551653686953763,,,,,,
748,SWZ,2013,2139582363,1766576368,0.325,-0.219,135.0,,SZ,Eswatini,1829275883.0,1.1696335051939237,0.30666906399469057,2139582363.0,0.6933309360053095,,,,,,
748,SWZ,2014,2174270018,1920621241,0.356,-0.37,125.0,,SZ,Eswatini,1829275883.0,1.1885960112447402,0.2897387860557386,2174270018.0,0.7102612139442614,,,,,,
748,SWZ,2015,1840430462,1556741339,0.359,-0.402,118.0,,SZ,Eswatini,1829275883.0,1.0060978112179046,0.36411612771444113,1840430462.0,0.6358838722855589,,,,,,
748,SWZ,2016,1709339953,1462844953,0.368,-0.439,113.0,,SZ,Eswatini,1829275883.0,0.9344352969857637,0.38843576716844413,1709339953.0,0.6115642328315558,,,,,,
748,SWZ,2017,1938057234,1565967609,0.333,-0.615,107.0,3.51,SZ,Eswatini,1829275883.0,1.0594668917963317,0.40667356386496956,1938057234.0,0.5933264361350304,,,,,,
748,SWZ,2018,1986279245,1762504977,0.296,-0.696,103.0,3.58,SZ,Eswatini,1829275883.0,1.0858281484269696,0.38527768278705715,1986279245.0,0.6147223172129428,,,,,,
748,SWZ,2019,2645419252,1714254630,0.15,-0.826,82.0,3.61,SZ,Eswatini,1829275883.0,1.4461565237833511,0.31631341802182783,2645419252.0,0.6836865819781721,,,,,,
748,SWZ,2020,1808710224,1420392099,0.412,-0.68,94.0,3.4,SZ,Eswatini,1829275883.0,0.9887574863960528,0.3834648883874745,1808710224.0,0.6165351116125255,,,,,,
748,SWZ,2021,2305113059,1832593086,0.344,-0.607,98.0,3.4,SZ,Eswatini,1829275883.0,1.26012324353155,0.37624719747069113,2305113059.0,0.6237528025293089,,,,,,
748,SWZ,2022,2059285306,2063182953,0.189,-0.745,86.0,3.267,SZ,Eswatini,1829275883.0,1.1257379628395834,0.43692896494823763,2059285306.0,0.5630710350517624,,,,,,
748,SWZ,2023,2227184934,1921215336,0.172,-0.884,83.0,3.027,SZ,Eswatini,1829275883.0,1.2175227119637262,0.38994621103014343,2227184934.0,0.6100537889698565,,,,,,
748,SWZ,2024,2074413589,2149697674,0.273,-0.878,80.0,2.758,SZ,Eswatini,1829275883.0,1.134008056563877,0.5245857171218019,2074413589.0,0.4754142828781981,,,,,,
534,SXM,2012,44848275,739201751,0.237,-0.65,29.0,,SX,Sint Maarten,97755927.0,0.4587780646793928,0.9926424811503811,44848275.0,0.007357518849618883,,,,,,
534,SXM,2013,59650061,1081408954,0.462,-0.039,109.0,,SX,Sint Maarten,97755927.0,0.6101938044124936,0.6798781621892572,59650061.0,0.32012183781074277,,,,,,
534,SXM,2014,65282391,980074549,0.594,-0.529,53.0,,SX,Sint Maarten,97755927.0,0.6678100551386515,0.459852823356776,65282391.0,0.540147176643224,,,,,,
534,SXM,2015,68664058,931358748,0.798,-0.087,72.0,,SX,Sint Maarten,97755927.0,0.7024030164431871,0.4345882988766028,68664058.0,0.5654117011233972,,,,,,
534,SXM,2016,105268443,889547581,0.885,0.543,121.0,,SX,Sint Maarten,97755927.0,1.0768497239047203,0.5680008707360487,105268443.0,0.43199912926395134,,,,,,
534,SXM,2017,119335280,742587368,0.895,0.595,134.0,,SX,Sint Maarten,97755927.0,1.2207472596520925,0.43110878331855873,119335280.0,0.5688912166814413,,,,,,
534,SXM,2018,88776501,927284794,1.035,0.841,145.0,,SX,Sint Maarten,97755927.0,0.908144434045416,0.7607230269258236,88776501.0,0.2392769730741764,,,,,,
534,SXM,2019,117826898,943682752,0.895,0.579,139.0,,SX,Sint Maarten,97755927.0,1.2053171773410731,0.7934164949168587,117826898.0,0.20658350508314127,,,,,,
534,SXM,2020,47159020,495946666,0.908,0.607,130.0,,SX,Sint Maarten,97755927.0,0.48241596645081175,0.6492393448878001,47159020.0,0.3507606551121999,,,,,,
534,SXM,2021,60450296,554313330,0.801,0.106,91.0,,SX,Sint Maarten,97755927.0,0.6183798553718385,0.4657441422636443,60450296.0,0.5342558577363556,,,,,,
534,SXM,2022,83944934,903666028,0.603,0.178,111.0,,SX,Sint Maarten,97755927.0,0.8587196354856315,0.6027365257328134,83944934.0,0.39726347426718656,,,,,,
534,SXM,2023,84534755,1047665592,0.949,0.701,138.0,1.305,SX,Sint Maarten,97755927.0,0.8647532440667255,0.739552382924696,84534755.0,0.26044761707530395,,,,,,
534,SXM,2024,98952325,962000601,0.791,0.646,127.0,,SX,Sint Maarten,97755927.0,1.012238623648876,0.699464419786207,98952325.0,0.300535580213793,,,,,,
690,SYC,2012,455933206,767098886,0.436,-0.524,61.0,,SC,Seychelles,1178914258.6666667,0.3867399199290822,0.1410561897299516,455933206.0,0.8589438102700484,,,,,,
690,SYC,2013,579060554,890964717,0.348,-0.572,55.0,,SC,Seychelles,1178914258.6666667,0.49118122861191643,0.14456510281817936,579060554.0,0.8554348971818206,,,,,,
690,SYC,2014,534054561,799118225,0.626,-0.481,50.0,,SC,Seychelles,1178914258.6666667,0.45300543027107604,0.13784004771216085,534054561.0,0.8621599522878391,,,,,,
690,SYC,2015,419404140,914091899,0.773,-0.342,51.0,,SC,Seychelles,1178914258.6666667,0.3557545741064659,0.11240290719769201,419404140.0,0.887597092802308,,,,,,
690,SYC,2016,489464407,1229235951,0.386,-0.619,38.0,,SC,Seychelles,1178914258.6666667,0.41518236241673456,0.09604389021943714,489464407.0,0.9039561097805628,,,,,,
690,SYC,2017,2627874229,2591399590,0.15,-0.917,18.0,,SC,Seychelles,1178914258.6666667,2.2290630634767994,0.3821064421940662,2627874229.0,0.6178935578059338,,,,,,
690,SYC,2018,708756895,1114231576,0.408,-0.704,39.0,,SC,Seychelles,1178914258.6666667,0.6011946074870558,0.08035552488529273,708756895.0,0.9196444751147073,,,,,,
690,SYC,2019,612845084,997949750,0.586,-0.704,41.0,,SC,Seychelles,1178914258.6666667,0.5198385544111732,0.09201569809571418,612845084.0,0.9079843019042858,,,,,,
690,SYC,2020,906011171,1105290136,0.156,-0.725,34.0,,SC,Seychelles,1178914258.6666667,0.7685132013117597,0.10386322522805812,906011171.0,0.8961367747719419,,,,,,
690,SYC,2021,641578144,745409587,0.475,-0.45,50.0,,SC,Seychelles,1178914258.6666667,0.5442110308561495,0.0784327592676681,641578144.0,0.9215672407323319,,,,,,
690,SYC,2022,623440269,1047973433,0.529,-0.509,54.0,,SC,Seychelles,1178914258.6666667,0.5288257940870958,0.09831697093862818,623440269.0,0.9016830290613718,,,,,,
690,SYC,2023,572954498,1062483687,0.258,-0.788,40.0,3.684,SC,Seychelles,1178914258.6666667,0.4860018392245102,0.09772941505062582,572954498.0,0.9022705849493742,,,,,,
690,SYC,2024,817537172,1345145830,0.155,-0.835,30.0,,SC,Seychelles,1178914258.6666667,0.6934661838127409,0.15034557060599388,817537172.0,0.8496544293940061,,,,,,
760,SYR,2012,1907670124,8504261040,-0.056,1.787,271.0,,SY,Syria,772980129.0,2.4679419980277397,0.08801540379568047,1907670124.0,0.9119845962043195,,,,,,
760,SYR,2013,1371314955,6650639460,-0.118,0.877,209.0,,SY,Syria,772980129.0,1.7740623640274717,0.11327789396600696,1371314955.0,0.886722106033993,,,,,,
760,SYR,2014,1033588280,7448067045,-0.324,0.749,209.0,,SY,Syria,772980129.0,1.3371472838986784,0.08591967711178207,1033588280.0,0.9140803228882179,,,,,,
760,SYR,2015,798391707,5825557923,-0.46,0.245,178.0,,SY,Syria,772980129.0,1.0328748140432469,0.10229801783101994,798391707.0,0.89770198216898,,,,,,
760,SYR,2016,770755441,5288054138,-0.637,0.005,164.0,,SY,Syria,772980129.0,0.9971219337774205,0.09994304439873691,770755441.0,0.9000569556012631,,,,,,
760,SYR,2017,749793239,6391502425,-0.563,0.099,171.0,,SY,Syria,772980129.0,0.9700032521793326,0.09926142708380203,749793239.0,0.900738572916198,,,,,,
760,SYR,2018,665310073,7210980182,-0.581,0.083,178.0,,SY,Syria,772980129.0,0.8607078604474708,0.09367878304772938,665310073.0,0.9063212169522706,,,,,,
760,SYR,2019,690573503,6572164090,-0.604,0.048,172.0,,SY,Syria,772980129.0,0.8933910162650507,0.11962635819975627,690573503.0,0.8803736418002437,,,,,,
760,SYR,2020,849527707,4957373049,-0.488,0.138,173.0,,SY,Syria,772980129.0,1.0990291666346315,0.1510540959643187,849527707.0,0.8489459040356813,,,,,,
760,SYR,2021,968041749,5389039764,-0.441,0.615,207.0,,SY,Syria,772980129.0,1.25235010924841,0.1411899055026124,968041749.0,0.8588100944973875,,,,,,
760,SYR,2022,942644032,5190587407,-0.594,0.199,184.0,,SY,Syria,772980129.0,1.2194932271020902,0.15732544770057447,942644032.0,0.8426745522994256,,,,,,
760,SYR,2023,1132685023,4242726010,-0.655,-0.219,162.0,,SY,Syria,772980129.0,1.4653481771457026,0.15535394892391108,1132685023.0,0.8446460510760889,,,,,,
760,SYR,2024,1014628637,3907256016,-0.435,-0.317,149.0,,SY,Syria,772980129.0,1.3126193014982408,0.23320378097278038,1014628637.0,0.7667962190272196,,,,,,
796,TCA,2012,83371061,303319001,0.099,-0.635,71.0,,TC,Turks and Caicos Islands,38512516.666666664,2.164778316659822,0.3192226533089383,83371061.0,0.6807773466910617,,,,,,
796,TCA,2013,47191314,274891977,0.372,0.05,122.0,,TC,Turks and Caicos Islands,38512516.666666664,1.2253500442064074,0.1795349459872456,47191314.0,0.8204650540127544,,,,,,
796,TCA,2014,28225611,332679807,0.403,0.108,114.0,,TC,Turks and Caicos Islands,38512516.666666664,0.7328944832221214,0.12197865316030171,28225611.0,0.8780213468396982,,,,,,
796,TCA,2015,45340500,326065937,0.259,-0.336,77.0,,TC,Turks and Caicos Islands,38512516.666666664,1.1772925771751264,0.18556377636322008,45340500.0,0.8144362236367799,,,,,,
796,TCA,2016,43119261,342587050,0.51,-0.047,93.0,,TC,Turks and Caicos Islands,38512516.666666664,1.1196168085613725,0.1503422664913761,43119261.0,0.849657733508624,,,,,,
796,TCA,2017,27077789,426325323,0.676,0.43,124.0,,TC,Turks and Caicos Islands,38512516.666666664,0.7030906142635014,0.18534036935641035,27077789.0,0.8146596306435896,,,,,,
796,TCA,2018,40755116,467497892,0.647,-0.293,83.0,,TC,Turks and Caicos Islands,38512516.666666664,1.0582304021506428,0.16360222987441372,40755116.0,0.8363977701255862,,,,,,
796,TCA,2019,156414972,427104095,0.349,-0.817,33.0,,TC,Turks and Caicos Islands,38512516.666666664,4.06140614891003,0.6666875887816363,156414972.0,0.33331241121836375,,,,,,
796,TCA,2020,85520131,319462615,0.335,-0.74,52.0,,TC,Turks and Caicos Islands,38512516.666666664,2.220580175016694,0.3280605711143828,85520131.0,0.6719394288856172,,,,,,
796,TCA,2021,41215652,464099132,0.388,-0.273,76.0,,TC,Turks and Caicos Islands,38512516.666666664,1.0701884885043866,0.41456969990489745,41215652.0,0.5854303000951026,,,,,,
796,TCA,2022,48608742,682236134,0.506,-0.26,84.0,,TC,Turks and Caicos Islands,38512516.666666664,1.2621543904990196,0.29005819635653746,48608742.0,0.7099418036434626,,,,,,
796,TCA,2023,24371776,733872568,0.621,0.153,109.0,1.7,TC,Turks and Caicos Islands,38512516.666666664,0.6328274054625531,0.23763260960392377,24371776.0,0.7623673903960763,,,,,,
796,TCA,2024,26336309,891875149,0.569,-0.06,76.0,,TC,Turks and Caicos Islands,38512516.666666664,0.6838376527804164,0.19085565393220977,26336309.0,0.8091443460677903,,,,,,
148,TCD,2012,2659961443,830599183,-2.483,-1.069,7.0,,TD,Chad,1456398808.0,1.8263963334691222,0.6733650836696504,2659961443.0,0.3266349163303496,,,,,,
148,TCD,2013,2574736451,1256318566,-2.847,-1.128,10.0,,TD,Chad,1456398808.0,1.7678787134794194,0.6147311983491899,2574736451.0,0.3852688016508101,,,,,,
148,TCD,2014,2543899208,1374000515,-2.829,-1.08,9.0,,TD,Chad,1456398808.0,1.746705087937699,0.5741940681546946,2543899208.0,0.42580593184530535,,,,,,
148,TCD,2015,1919702411,911226035,-2.055,-1.069,10.0,,TD,Chad,1456398808.0,1.3181158899987235,0.3598677455618146,1919702411.0,0.6401322544381853,,,,,,
148,TCD,2016,1348839999,653346392,-2.279,-1.132,11.0,,TD,Chad,1456398808.0,0.926147420329391,0.3503341120667448,1348839999.0,0.6496658879332552,,,,,,
148,TCD,2017,1100654014,603413163,-1.981,-1.086,11.0,,TD,Chad,1456398808.0,0.7557366896718856,0.23106203431389366,1100654014.0,0.7689379656861064,,,,,,
148,TCD,2018,1367458503,900931291,-2.11,-1.1,11.0,,TD,Chad,1456398808.0,0.9389313527919338,0.2258641178160242,1367458503.0,0.7741358821839758,,,,,,
148,TCD,2019,1064188313,1115796757,-1.626,-1.069,12.0,,TD,Chad,1456398808.0,0.7306984235048893,0.20643447465574394,1064188313.0,0.7935655253442561,,,,,,
148,TCD,2020,1362858669,1156906074,-1.942,-1.038,11.0,,TD,Chad,1456398808.0,0.9357729912396358,0.16327042645914722,1362858669.0,0.8367295735408528,,,,,,
148,TCD,2021,2390966011,1264765015,-2.117,-1.056,11.0,3.066,TD,Chad,1456398808.0,1.6416973138582793,0.2273780280095567,2390966011.0,0.7726219719904432,,,,,,
148,TCD,2022,3835953176,1319339156,-2.502,-1.07,11.0,2.752,TD,Chad,1456398808.0,2.6338617931634563,0.18448049011713674,3835953176.0,0.8155195098828633,,,,,,
148,TCD,2023,3583749384,1653339194,-2.482,-1.058,13.0,2.097,TD,Chad,1456398808.0,2.4606923353098487,0.1566140298424846,3583749384.0,0.8433859701575154,,,,,,
148,TCD,2024,2790284553,1218848955,-3.538,-1.054,6.0,0.467,TD,Chad,1456398808.0,1.9158794539469302,0.1910371123956436,2790284553.0,0.8089628876043564,,,,,,
768,TGO,2012,2188460216,9850002713,-0.931,-0.679,109.0,,TG,Togo,1937207409.6666667,1.1296984541147126,0.0881963802673682,2188460216.0,0.9118036197326318,,,,,,
768,TGO,2013,2260044640,8504638902,-0.638,-0.679,113.0,,TG,Togo,1937207409.6666667,1.1666508339387798,0.0935206386283886,2260044640.0,0.9064793613716114,,,,,,
768,TGO,2014,2164568298,10269491218,-0.781,-0.808,100.0,,TG,Togo,1937207409.6666667,1.1173652791119848,0.06659701126814596,2164568298.0,0.933402988731854,,,,,,
768,TGO,2015,1967878772,8231961676,-0.947,-1.039,91.0,,TG,Togo,1937207409.6666667,1.0158327715350888,0.06721149468575953,1967878772.0,0.9327885053142405,,,,,,
768,TGO,2016,1651387618,6611452667,-0.976,-0.776,112.0,,TG,Togo,1937207409.6666667,0.8524578265391585,0.07029952406101551,1651387618.0,0.9297004759389845,,,,,,
768,TGO,2017,2192355839,8368960907,-1.123,-0.931,93.0,3.28,TG,Togo,1937207409.6666667,1.1317094019257528,0.07347416333172352,2192355839.0,0.9265258366682765,,,,,,
768,TGO,2018,2539094515,9938574992,-1.097,-0.959,88.0,3.2,TG,Togo,1937207409.6666667,1.3106983291153627,0.08964091215333524,2539094515.0,0.9103590878466647,,,,,,
768,TGO,2019,2189475739,9575701633,-1.146,-0.901,89.0,3.4,TG,Togo,1937207409.6666667,1.1302226741826993,0.06466494749440123,2189475739.0,0.9353350525055988,,,,,,
768,TGO,2020,1610431952,9641265277,-1.134,-0.889,95.0,3.22,TG,Togo,1937207409.6666667,0.8313162255956399,0.05591370733488102,1610431952.0,0.944086292665119,,,,,,
768,TGO,2021,2869216937,12123593956,-1.231,-1.095,79.0,3.22,TG,Togo,1937207409.6666667,1.4811098298935905,0.08371813610278157,2869216937.0,0.9162818638972184,,,,,,
768,TGO,2022,3527499091,17723170695,-1.159,-1.059,83.0,2.222,TG,Togo,1937207409.6666667,1.8209196771588712,0.08729224486359373,3527499091.0,0.9127077551364062,,,,,,
768,TGO,2023,4716357324,13893933525,-1.239,-0.971,81.0,2.466,TG,Togo,1937207409.6666667,2.434616603501191,0.1650459056668161,4716357324.0,0.8349540943331839,,,,,,
768,TGO,2024,2724891179,11192662539,-0.636,-0.44,120.0,3.094,TG,Togo,1937207409.6666667,1.4066078652202085,0.08435490578074306,2724891179.0,0.9156450942192569,,,,,,
764,THA,2012,229387609480,206100792443,0.805,1.294,305.0,4.54,TH,Thailand,224837539566.33334,1.0202371451068306,0.0551290509775107,229387609480.0,0.9448709490224892,59.662,40.338,11.69,41.039,,
764,THA,2013,226872024960,208796776631,0.863,1.43,311.0,4.73,TH,Thailand,224837539566.33334,1.0090486908796048,0.055350646264017735,226872024960.0,0.9446493537359822,61.327,38.673,11.61,40.924,-0.08000000000000007,-0.11500000000000199
764,THA,2014,229475226332,188883659756,0.909,1.511,335.0,4.7,TH,Thailand,224837539566.33334,1.0206268347119072,0.05342042599452575,229475226332.0,0.9465795740054742,62.289,37.711,11.816,42.148,0.2060000000000013,1.2240000000000038
764,THA,2015,216963992516,167954111899,0.931,1.443,326.0,4.27,TH,Thailand,224837539566.33334,0.9649811723366132,0.0555406140342676,216963992516.0,0.9444593859657324,65.138,34.862,12.278,43.435,0.46199999999999974,1.286999999999999
764,THA,2016,219549948314,161029662418,0.927,1.366,329.0,5.15,TH,Thailand,224837539566.33334,0.9764826137906861,0.05617335956324986,219549948314.0,0.9438266404367501,67.024,32.976,11.831,43.879,-0.44700000000000095,0.4439999999999955
764,THA,2017,237998677869,182366475951,0.941,1.391,325.0,4.86,TH,Thailand,224837539566.33334,1.0585362138727006,0.056526828569631093,237998677869.0,0.9434731714303689,67.603,32.397,11.788,44.196,-0.04299999999999926,0.31700000000000017
764,THA,2018,254625958966,205508217447,0.931,1.368,323.0,4.91,TH,Thailand,224837539566.33334,1.1324886380500452,0.05694426495404745,254625958966.0,0.9430557350459525,67.569,32.431,12.029,43.014,0.24099999999999966,-1.181999999999995
764,THA,2019,251281795449,194375841720,0.954,1.296,328.0,4.99,TH,Thailand,224837539566.33334,1.1176149495928143,0.05947326871787132,251281795449.0,0.9405267312821287,69.877,30.123,12.503,40.853,0.4740000000000002,-2.1610000000000014
764,THA,2020,235665809797,178925844133,0.952,1.296,314.0,4.66,TH,Thailand,224837539566.33334,1.048160419525815,0.06848545301314218,235665809797.0,0.9315145469868578,68.672,31.328,13.896,35.285,1.3930000000000007,-5.568000000000005
764,THA,2021,277207539898,232275046817,0.955,1.29,324.0,4.66,TH,Thailand,224837539566.33334,1.2329237387701266,0.07171204084293553,277207539898.0,0.9282879591570645,63.997,36.003,14.26,37.354,0.363999999999999,2.0690000000000026
764,THA,2022,296152636404,261272070738,0.869,1.619,330.0,3.881,TH,Thailand,224837539566.33334,1.317185008229583,0.07033543400913303,296152636404.0,0.929664565990867,61.099,38.901,13.689,39.771,-0.5709999999999997,2.4170000000000016
764,THA,2023,290746746528,248140376764,0.855,1.541,320.0,3.627,TH,Thailand,224837539566.33334,1.2931414704536988,0.06573523073399148,290746746528.0,0.9342647692660085,,,,,,
764,THA,2024,303265557254,270467259051,0.813,1.518,297.0,3.875,TH,Thailand,224837539566.33334,1.3488208323171416,0.06586471179794252,303265557254.0,0.9341352882020575,,,,,,
762,TJK,2012,934355559,3980977606,-1.634,-1.295,54.0,3.41,TJ,Tajikistan,924907665.3333334,1.0102149587691671,0.12762635422327018,934355559.0,0.8723736457767298,,,,,,
762,TJK,2013,824221313,4427560942,-1.274,-1.267,54.0,3.28,TJ,Tajikistan,924907665.3333334,0.891139022729316,0.222994208263432,824221313.0,0.777005791736568,,,,,,
762,TJK,2014,691797238,5205823030,-0.777,-1.091,65.0,3.67,TJ,Tajikistan,924907665.3333334,0.7479635686127423,0.16705601775506362,691797238.0,0.8329439822449364,,,,,,
762,TJK,2015,811674983,3750809639,-1.291,-1.2,63.0,3.61,TJ,Tajikistan,924907665.3333334,0.8775740686584917,0.12352078161160902,811674983.0,0.8764792183883909,,,,,,
762,TJK,2016,825490076,3689555955,-1.142,-1.106,78.0,4.31,TJ,Tajikistan,924907665.3333334,0.8925107953370636,0.12039335550320979,825490076.0,0.8796066444967903,,,,,,
762,TJK,2017,1137557937,3490815193,-0.842,-1.151,62.0,4.68,TJ,Tajikistan,924907665.3333334,1.2299151360044445,0.15003925964371725,1137557937.0,0.8499607403562828,,,,,,
762,TJK,2018,1210076638,3732841995,-1.03,-1.161,65.0,4.4,TJ,Tajikistan,924907665.3333334,1.3083215583080856,0.14320109762896432,1210076638.0,0.8567989023710356,,,,,,
762,TJK,2019,969528539,3991070955,-1.023,-1.084,70.0,5.1,TJ,Tajikistan,924907665.3333334,1.0482435980791502,0.12644912257576427,969528539.0,0.8735508774242358,,,,,,
762,TJK,2020,1293036606,3428591449,-0.909,-1.109,70.0,4.76,TJ,Tajikistan,924907665.3333334,1.3980169637084738,0.25221484663496235,1293036606.0,0.7477851533650377,,,,,,
762,TJK,2021,1524599754,4717961590,-1.317,-1.158,71.0,4.76,TJ,Tajikistan,924907665.3333334,1.648380493690189,0.11742188911053857,1524599754.0,0.8825781108894615,,,,,,
762,TJK,2022,2037752897,5971746096,-1.288,-1.248,71.0,3.995,TJ,Tajikistan,924907665.3333334,2.203196030671452,0.1352641897255405,2037752897.0,0.8647358102744596,,,,,,
762,TJK,2023,1624261397,7258296074,-1.01,-1.187,70.0,4.112,TJ,Tajikistan,924907665.3333334,1.7561335664945776,0.12137509891768124,1624261397.0,0.8786249010823187,,,,,,
762,TJK,2024,1438970944,6328740321,-1.396,-1.239,61.0,3.915,TJ,Tajikistan,924907665.3333334,1.5557995656586976,0.14006445613396465,1438970944.0,0.8599355438660353,,,,,,
772,TKL,2012,35020254,58417585,0.507,0.288,124.0,,TK,Tokelau,33006285.0,1.0610177425299454,0.28123437332602214,35020254.0,0.7187656266739779,,,,,,
772,TKL,2013,32386978,233527057,0.53,0.057,99.0,,TK,Tokelau,33006285.0,0.9812366947688902,0.2702243123315824,32386978.0,0.7297756876684176,,,,,,
772,TKL,2014,18343897,7814291,0.428,0.151,123.0,,TK,Tokelau,33006285.0,0.5557698177786443,0.11001257420281944,18343897.0,0.8899874257971806,,,,,,
772,TKL,2015,20993660,5952498,0.486,0.335,125.0,,TK,Tokelau,33006285.0,0.6360503764661791,0.12961999759091822,20993660.0,0.8703800024090818,,,,,,
772,TKL,2016,14927422,6204385,0.384,-0.001,122.0,,TK,Tokelau,33006285.0,0.4522599862420142,0.1206976981892443,14927422.0,0.8793023018107557,,,,,,
772,TKL,2017,63097773,52552610,0.458,-0.314,77.0,,TK,Tokelau,33006285.0,1.9116896372918066,0.4806675031280576,63097773.0,0.5193324968719424,,,,,,
772,TKL,2018,45359240,31618250,0.48,-0.015,105.0,,TK,Tokelau,33006285.0,1.3742606900473653,0.23288036298980458,45359240.0,0.7671196370101954,,,,,,
772,TKL,2019,17229746,12296969,0.516,0.281,128.0,,TK,Tokelau,33006285.0,0.5220140951942941,0.10281559009100637,17229746.0,0.8971844099089936,,,,,,
772,TKL,2020,34616007,10373432,0.778,-0.222,74.0,,TK,Tokelau,33006285.0,1.0487701660456485,0.2551022580819868,34616007.0,0.7448977419180132,,,,,,
772,TKL,2021,20380163,9491546,0.786,0.204,109.0,,TK,Tokelau,33006285.0,0.6174630983159722,0.17068976066910935,20380163.0,0.8293102393308907,,,,,,
772,TKL,2022,263368202,9545431,0.968,-0.738,13.0,,TK,Tokelau,33006285.0,7.979334905458157,0.9148004952998016,263368202.0,0.08519950470019844,,,,,,
772,TKL,2023,133460966,14528908,0.501,-0.662,32.0,,TK,Tokelau,33006285.0,4.043501593711622,0.7841272799571898,133460966.0,0.21587272004281022,,,,,,
772,TKL,2024,28956584,41052303,0.576,0.191,102.0,,TK,Tokelau,33006285.0,0.8773051556695944,0.1932685381562208,28956584.0,0.8067314618437792,,,,,,
795,TKM,2012,8675142735,8629978426,-2.072,-1.332,21.0,1.48,TM,Turkmenistan,7250865334.0,1.1964286102958535,0.6443497271334392,8675142735.0,0.3556502728665608,,,,,,
795,TKM,2013,9459864656,9091080455,-1.979,-1.28,24.0,1.47,TM,Turkmenistan,7250865334.0,1.3046531993418484,0.575253059918917,9459864656.0,0.42474694008108305,,,,,,
795,TKM,2014,9628750060,9470161283,-1.738,-1.234,27.0,1.84,TM,Turkmenistan,7250865334.0,1.327944957803846,0.6322613083916471,9628750060.0,0.36773869160835293,,,,,,
795,TKM,2015,8244164969,6770200324,-1.889,-1.349,25.0,1.13,TM,Turkmenistan,7250865334.0,1.1369904955126284,0.5876018334126482,8244164969.0,0.41239816658735184,,,,,,
795,TKM,2016,6573429573,5745565828,-1.532,-1.304,37.0,2.64,TM,Turkmenistan,7250865334.0,0.9065717359521989,0.471094796168165,6573429573.0,0.5289052038318349,,,,,,
795,TKM,2017,6935001460,4499107950,-1.552,-1.285,37.0,3.72,TM,Turkmenistan,7250865334.0,0.9564377685351727,0.5832333630731571,6935001460.0,0.4167666369268429,,,,,,
795,TKM,2018,7007050591,2842276409,-1.244,-1.234,42.0,4.58,TM,Turkmenistan,7250865334.0,0.9663743937076408,0.5474865058038487,7007050591.0,0.4525134941961513,,,,,,
795,TKM,2019,10032650058,3371081315,-1.267,-1.225,41.0,5.1,TM,Turkmenistan,7250865334.0,1.3836486537621855,0.5972129513813752,10032650058.0,0.4027870486186248,,,,,,
795,TKM,2020,8305616388,3359256455,-1.116,-1.194,38.0,3.93,TM,Turkmenistan,7250865334.0,1.1454655417546058,0.6754861396041073,8305616388.0,0.3245138603958927,,,,,,
795,TKM,2021,7739421866,4496361744,-1.431,-1.255,37.0,3.93,TM,Turkmenistan,7250865334.0,1.0673790657384177,0.5151156807016686,7739421866.0,0.4848843192983314,,,,,,
795,TKM,2022,11592354845,4944608267,-1.386,-1.232,31.0,3.084,TM,Turkmenistan,7250865334.0,1.598754674237617,0.5172055941361782,11592354845.0,0.48279440586382183,,,,,,
795,TKM,2023,12509575226,4815651216,-1.343,-1.293,23.0,2.872,TM,Turkmenistan,7250865334.0,1.7252527318831046,0.40366894424339783,12509575226.0,0.5963310557566022,,,,,,
795,TKM,2024,11111678912,3934275982,-1.202,-1.252,30.0,3.448,TM,Turkmenistan,7250865334.0,1.5324624579491604,0.49618316585392525,11111678912.0,0.5038168341460747,,,,,,
626,TLS,2012,535325179,690735748,-0.879,-0.993,14.0,,TL,Timor-Leste,136010813.0,3.935901618351476,0.4775399870030666,535325179.0,0.5224600129969335,,,,,,
626,TLS,2013,703778536,535897279,-0.372,-0.974,11.0,,TL,Timor-Leste,136010813.0,5.174430771176994,0.24725794901899714,703778536.0,0.7527420509810029,,,,,,
626,TLS,2014,106114875,657740099,-0.511,-1.041,14.0,,TL,Timor-Leste,136010813.0,0.7801944026317966,0.4806423117767191,106114875.0,0.5193576882232809,,,,,,
626,TLS,2015,275608908,602910141,-1.443,-1.029,11.0,,TL,Timor-Leste,136010813.0,2.026374976524844,0.7734315314813187,275608908.0,0.2265684685186813,,,,,,
626,TLS,2016,49294834,583228281,-0.971,-0.946,30.0,,TL,Timor-Leste,136010813.0,0.3624331986016435,0.3987700718535526,49294834.0,0.6012299281464474,,,,,,
626,TLS,2017,83128697,604471623,-0.665,-0.81,32.0,,TL,Timor-Leste,136010813.0,0.6111918248735121,0.45080959984342794,83128697.0,0.5491904001565721,,,,,,
626,TLS,2018,61629635,563731226,-0.942,-0.874,36.0,,TL,Timor-Leste,136010813.0,0.4531230542677515,0.30597455559063064,61629635.0,0.6940254444093694,,,,,,
626,TLS,2019,103773686,569149574,-1.257,-1.005,29.0,,TL,Timor-Leste,136010813.0,0.7629811462122501,0.3016155818528981,103773686.0,0.698384418147102,,,,,,
626,TLS,2020,108974024,641071786,-1.085,-0.964,27.0,,TL,Timor-Leste,136010813.0,0.8012158856810891,0.2680888292593958,108974024.0,0.7319111707406042,,,,,,
626,TLS,2021,329239230,824628010,-1.687,-1.042,22.0,,TL,Timor-Leste,136010813.0,2.4206842289811177,0.26724770810065335,329239230.0,0.7327522918993467,,,,,,
626,TLS,2022,355884533,1001696201,-0.414,-0.853,32.0,,TL,Timor-Leste,136010813.0,2.6165899986201833,0.19795698640033046,355884533.0,0.8020430135996696,,,,,,
626,TLS,2023,150635270,1013043245,-0.679,-0.952,34.0,1.985,TL,Timor-Leste,136010813.0,1.1075242230924685,0.31219504281957666,150635270.0,0.6878049571804233,,,,,,
626,TLS,2024,71848708,1032864707,-0.777,-1.016,28.0,,TL,Timor-Leste,136010813.0,0.5282573231879732,0.5331679387969241,71848708.0,0.46683206120307585,,,,,,
776,TON,2012,13037860,184104427,-0.471,-0.412,90.0,,TO,Tonga,11876579.0,1.0977790826802905,0.1357985978365901,13037860.0,0.8642014021634099,,,,,,
776,TON,2013,12902629,199191291,-0.068,-0.193,84.0,,TO,Tonga,11876579.0,1.0863927230223451,0.12649580622613743,12902629.0,0.8735041937738626,,,,,,
776,TON,2014,12871069,196176313,-0.481,-0.34,79.0,,TO,Tonga,11876579.0,1.0837353921529087,0.13834452117176213,12871069.0,0.8616554788282379,,,,,,
776,TON,2015,9814087,175012658,-0.803,-0.723,49.0,,TO,Tonga,11876579.0,0.8263395545131305,0.1775684192557045,9814087.0,0.8224315807442955,,,,,,
776,TON,2016,11786286,200158009,-0.933,-0.822,51.0,,TO,Tonga,11876579.0,0.9923973898544354,0.17749679472729274,11786286.0,0.8225032052727073,,,,,,
776,TON,2017,14029364,183545258,-0.955,-0.831,54.0,,TO,Tonga,11876579.0,1.1812630556324342,0.17339510796273686,14029364.0,0.8266048920372632,,,,,,
776,TON,2018,12275617,212896347,-0.182,-0.347,76.0,,TO,Tonga,11876579.0,1.0335987324295994,0.1433180096254607,12275617.0,0.8566819903745393,,,,,,
776,TON,2019,16674534,215422190,-0.113,-0.526,57.0,,TO,Tonga,11876579.0,1.4039845985952688,0.15491159547855402,16674534.0,0.845088404521446,,,,,,
776,TON,2020,11471287,191281365,-0.838,-0.714,54.0,,TO,Tonga,11876579.0,0.9658746849576801,0.1491367964721774,11471287.0,0.8508632035278226,,,,,,
776,TON,2021,14519824,236074951,-1.002,-0.914,55.0,,TO,Tonga,11876579.0,1.222559459251692,0.1296751908749533,14519824.0,0.8703248091250467,,,,,,
776,TON,2022,12383663,259360544,-0.717,-0.721,59.0,,TO,Tonga,11876579.0,1.0426961332888873,0.15530580880304942,12383663.0,0.8446941911969506,,,,,,
776,TON,2023,14574584,292025968,0.018,-0.115,87.0,,TO,Tonga,11876579.0,1.2271702145878876,0.11476846119823121,14574584.0,0.8852315388017687,,,,,,
776,TON,2024,19643829,307903769,-0.135,-0.322,76.0,,TO,Tonga,11876579.0,1.653997249544671,0.18610136126955493,19643829.0,0.8138986387304451,,,,,,
780,TTO,2012,16104385434,7655463472,-0.152,-1.038,54.0,0.58,TT,Trinidad and Tobago,9521339423.333334,1.6913991527845356,0.20173488169012932,16104385434.0,0.7982651183098707,,,,,,
780,TTO,2013,19434396905,8632903541,-0.161,-1.179,35.0,1.25,TT,Trinidad and Tobago,9521339423.333334,2.0411410664946334,0.14489534089517048,19434396905.0,0.8551046591048295,,,,,,
780,TTO,2014,16605505144,8147279555,-0.346,-1.093,47.0,0.27,TT,Trinidad and Tobago,9521339423.333334,1.7440303727967053,0.16436750012534634,16605505144.0,0.8356324998746536,,,,,,
780,TTO,2015,11533809570,7293439012,-0.273,-1.051,57.0,0.81,TT,Trinidad and Tobago,9521339423.333334,1.211364184931254,0.17750577037429013,11533809570.0,0.8224942296257098,,,,,,
780,TTO,2016,7768071784,6561322874,-0.077,-1.002,73.0,2.15,TT,Trinidad and Tobago,9521339423.333334,0.8158591389950122,0.1790202294951448,7768071784.0,0.8209797705048552,,,,,,
780,TTO,2017,9262136916,6130969766,-0.078,-0.932,62.0,1.11,TT,Trinidad and Tobago,9521339423.333334,0.9727766760737336,0.1587540137375844,9262136916.0,0.8412459862624155,,,,,,
780,TTO,2018,11436599760,6350401885,-0.067,-1.089,57.0,1.75,TT,Trinidad and Tobago,9521339423.333334,1.2011545068935428,0.09290581145177212,11436599760.0,0.9070941885482279,,,,,,
780,TTO,2019,8784556191,5991788141,0.06,-0.998,61.0,2.43,TT,Trinidad and Tobago,9521339423.333334,0.9226176906866962,0.1291462008398264,8784556191.0,0.8708537991601736,,,,,,
780,TTO,2020,6456731440,5123394225,0.047,-0.813,80.0,1.31,TT,Trinidad and Tobago,9521339423.333334,0.6781326820653935,0.12631159835540726,6456731440.0,0.8736884016445927,,,,,,
780,TTO,2021,9898834314,5784214281,-0.028,-0.903,65.0,1.31,TT,Trinidad and Tobago,9521339423.333334,1.0396472464516455,0.14633027114980204,9898834314.0,0.853669728850198,,,,,,
780,TTO,2022,15288552271,7296286273,-0.255,-1.077,49.0,2.564,TT,Trinidad and Tobago,9521339423.333334,1.6057144474372302,0.10926191612452622,15288552271.0,0.8907380838754738,,,,,,
780,TTO,2023,9736548059,6922614845,0.071,-0.945,67.0,2.527,TT,Trinidad and Tobago,9521339423.333334,1.0226027690116024,0.0957054228147547,9736548059.0,0.9042945771852453,,,,,,
780,TTO,2024,9593489190,7650752825,0.055,-0.837,74.0,2.373,TT,Trinidad and Tobago,9521339423.333334,1.0075776908540677,0.10436129417744477,9593489190.0,0.8956387058225552,,,,,,
788,TUN,2012,15696235808,23329040534,0.428,0.689,231.0,4.13,TN,Tunisia,12890865444.0,1.2176246719963824,0.1220722537311175,15696235808.0,0.8779277462688825,67.738,32.262,17.504,31.975,,
788,TUN,2013,16387192949,23959710748,0.371,0.896,244.0,4.14,TN,Tunisia,12890865444.0,1.271225195871341,0.12251135810445149,16387192949.0,0.8774886418955485,67.843,32.157,16.224,31.378,-1.2800000000000011,-0.5970000000000013
788,TUN,2014,15740267119,23755943182,0.404,0.87,247.0,3.99,TN,Tunisia,12890865444.0,1.2210403705925146,0.13957437625102115,15740267119.0,0.8604256237489789,67.964,32.036,16.636,30.617,0.41199999999999903,-0.7609999999999992
788,TUN,2015,13202077702,19160653783,0.333,0.912,239.0,4.89,TN,Tunisia,12890865444.0,1.024142076368104,0.13726386600860388,13202077702.0,0.8627361339913961,68.508,31.492,15.538,27.518,-1.097999999999999,-3.099
788,TUN,2016,12675679963,18436770557,0.34,0.972,247.0,5.49,TN,Tunisia,12890865444.0,0.9833071346578862,0.14638434013280077,12675679963.0,0.8536156598671992,69.641,30.359,16.641,28.33,1.102999999999998,0.8119999999999976
788,TUN,2017,12794838667,19861630337,0.435,0.782,241.0,5.0,TN,Tunisia,12890865444.0,0.9925507889740098,0.1385817101708524,12794838667.0,0.8614182898291476,67.203,32.797,16.584,29.644,-0.05699999999999861,1.314
788,TUN,2018,14501452106,21998031851,0.412,0.778,246.0,4.65,TN,Tunisia,12890865444.0,1.1249401499842386,0.13400977908648087,14501452106.0,0.8659902209135191,69.436,30.564,17.07,31.252,0.48600000000000065,1.6080000000000005
788,TUN,2019,13904767141,20653113703,0.382,0.96,248.0,4.82,TN,Tunisia,12890865444.0,1.0786527251722975,0.1362920681375732,13904767141.0,0.8637079318624268,68.938,31.062,16.968,31.298,-0.10200000000000031,0.045999999999999375
788,TUN,2020,13007624970,17626108335,0.391,0.702,235.0,4.24,TN,Tunisia,12890865444.0,1.00905753973674,0.12106138603367454,13007624970.0,0.8789386139663254,70.515,29.485,15.599,25.818,-1.3689999999999998,-5.479999999999997
788,TUN,2021,15980994389,22048365330,0.44,0.736,239.0,4.24,TN,Tunisia,12890865444.0,1.23971462260808,0.11786148219349603,15980994389.0,0.882138517806504,68.037,31.963,17.069,28.176,1.4699999999999989,2.357999999999997
788,TUN,2022,17633227532,25264235956,0.366,0.93,251.0,3.279,TN,Tunisia,12890865444.0,1.367885469645276,0.102552121503642,17633227532.0,0.897447878496358,66.301,33.699,17.448,32.944,0.37900000000000134,4.768000000000004
788,TUN,2023,19759687385,23916814527,0.49,0.778,247.0,3.279,TN,Tunisia,12890865444.0,1.532844126784138,0.11396095587278315,19759687385.0,0.8860390441272168,,,,,,
788,TUN,2024,17834883320,20595129380,0.564,0.557,208.0,3.288,TN,Tunisia,12890865444.0,1.3835287783801338,0.12962861585377447,17834883320.0,0.8703713841462255,,,,,,
792,TUR,2012,146411054667,201194356240,0.58,2.16,375.0,4.65,TR,Turkiye,149341901964.66666,0.9803749164895458,0.03571303454171796,146411054667.0,0.9642869654582821,76.962,23.038,15.573,18.224,,
792,TUR,2013,156511242168,221210368446,0.569,2.278,380.0,4.82,TR,Turkiye,149341901964.66666,1.0480062200160647,0.033331753743223,156511242168.0,0.966668246256777,77.154,22.846,16.171,18.262,0.597999999999999,0.038000000000000256
792,TUR,2014,160699465115,210927915456,0.597,2.224,379.0,4.66,TR,Turkiye,149341901964.66666,1.0760507466485894,0.03363014621348227,160699465115.0,0.9663698537865177,77.86,22.14,16.164,19.434,-0.006999999999997897,1.1720000000000006
792,TUR,2015,146627540168,179615696497,0.578,2.502,383.0,5.64,TR,Turkiye,149341901964.66666,0.9818245130070136,0.034184844073737786,146627540168.0,0.9658151559262622,80.124,19.876,16.765,19.433,0.6009999999999991,-0.0010000000000012221
792,TUR,2016,143816708878,171497160369,0.597,2.437,390.0,5.57,TR,Turkiye,149341901964.66666,0.9630030620075143,0.03543790421816534,143816708878.0,0.9645620957818346,79.844,20.156,17.711,18.288,0.945999999999998,-1.1449999999999996
792,TUR,2017,157581456848,199769862924,0.606,2.175,396.0,4.64,TR,Turkiye,149341901964.66666,1.0551724249854724,0.03460300820457916,157581456848.0,0.9653969917954208,77.002,22.998,17.46,19.805,-0.25099999999999767,1.5169999999999995
792,TUR,2018,172644148601,192678182373,0.593,2.335,396.0,4.62,TR,Turkiye,149341901964.66666,1.156032877108037,0.03183240668777507,172644148601.0,0.9681675933122249,76.553,23.447,17.653,23.539,0.19299999999999784,3.7340000000000018
792,TUR,2019,175213778744,172931004282,0.592,2.473,391.0,4.53,TR,Turkiye,149341901964.66666,1.1732392345281264,0.029865091770295345,175213778744.0,0.9701349082297046,77.319,22.681,16.606,25.022,-1.046999999999997,1.482999999999997
792,TUR,2020,162607099623,184224155753,0.593,2.57,419.0,4.34,TR,Turkiye,149341901964.66666,1.0888243519321978,0.030941927958703968,162607099623.0,0.969058072041296,75.964,24.036,16.557,21.843,-0.04900000000000304,-3.1789999999999985
792,TUR,2021,218798986186,216551785204,0.581,2.715,418.0,4.34,TR,Turkiye,149341901964.66666,1.4650877168938592,0.0302909252949667,218798986186.0,0.9697090747050333,75.986,24.014,18.108,26.627,1.551000000000002,4.783999999999999
792,TUR,2022,249316319741,288344727437,0.626,2.929,446.0,4.406,TR,Turkiye,149341901964.66666,1.6694331360530459,0.030404401873151368,249316319741.0,0.9695955981268486,72.667,27.333,17.652,27.26,-0.4559999999999995,0.6330000000000027
792,TUR,2023,251061364709,298611478147,0.676,2.667,440.0,4.144,TR,Turkiye,149341901964.66666,1.6811180345647367,0.029987531427563007,251061364709.0,0.970012468572437,,,,,,
792,TUR,2024,255347242957,291996374232,0.696,2.53,444.0,3.395,TR,Turkiye,149341901964.66666,1.7098164654245098,0.029817835875966883,255347242957.0,0.9701821641240331,,,,,,
798,TUV,2012,24745371,243040818,0.033,-0.868,17.0,,TV,Tuvalu,24548262.0,1.008029448276216,0.25130277374575977,24745371.0,0.7486972262542402,,,,,,
798,TUV,2013,20264169,106737120,-0.532,-0.914,14.0,,TV,Tuvalu,24548262.0,0.8254828386628756,0.5765519568772918,20264169.0,0.42344804312270823,,,,,,
798,TUV,2014,10407334,121570037,0.397,-0.621,24.0,,TV,Tuvalu,24548262.0,0.423954005379281,0.2620704682019704,10407334.0,0.7379295317980297,,,,,,
798,TUV,2015,31059933,75002760,0.443,-0.763,17.0,,TV,Tuvalu,24548262.0,1.2652599601552241,0.7646891292599869,31059933.0,0.2353108707400131,,,,,,
798,TUV,2016,34693779,58007088,0.863,-0.805,9.0,,TV,Tuvalu,24548262.0,1.4132886067453574,0.8280006571965596,34693779.0,0.17199934280344042,,,,,,
798,TUV,2017,7891074,86811775,0.839,-0.675,28.0,,TV,Tuvalu,24548262.0,0.3214514330994186,0.37034029521361295,7891074.0,0.629659704786387,,,,,,
798,TUV,2018,24517880,87004030,0.779,-0.808,11.0,,TV,Tuvalu,24548262.0,0.9987623563737424,0.38426545814196683,24517880.0,0.6157345418580331,,,,,,
798,TUV,2019,17165570,89793519,0.458,-0.87,14.0,,TV,Tuvalu,24548262.0,0.6992580574543322,0.3984492488597434,17165570.0,0.6015507511402566,,,,,,
798,TUV,2020,12805422,109666468,0.735,-0.813,13.0,,TV,Tuvalu,24548262.0,0.5216427134434202,0.3309027443012422,12805422.0,0.6690972556987578,,,,,,
798,TUV,2021,102942760,168912267,0.155,-0.909,9.0,,TV,Tuvalu,24548262.0,4.19348465484033,0.8139676590924927,102942760.0,0.1860323409075073,,,,,,
798,TUV,2022,63822426,152628156,0.39,-0.884,12.0,,TV,Tuvalu,24548262.0,2.5998755431239897,0.5515048396338957,63822426.0,0.44849516036610426,,,,,,
798,TUV,2023,45189172,142576594,0.805,-0.816,16.0,1.029,TV,Tuvalu,24548262.0,1.840829790720011,0.6686140245311719,45189172.0,0.3313859754688281,,,,,,
798,TUV,2024,64111386,113053642,0.171,-0.879,10.0,,TV,Tuvalu,24548262.0,2.6116466412163923,0.8408343369914839,64111386.0,0.1591656630085161,,,,,,
158,TWN,2012,326740914645,304776277206,1.594,1.663,303.0,,,Taiwan,332286821484.0,0.9833098802587721,0.14495318318316244,326740914645.0,0.8550468168168376,55.643,44.357,18.026,42.014,,
158,TWN,2013,348316320498,275553032501,1.675,1.694,281.0,,,Taiwan,332286821484.0,1.0482399480738114,0.16314784081044942,348316320498.0,0.8368521591895506,58.191,41.809,19.711,42.72,1.6849999999999987,0.705999999999996
158,TWN,2014,355009653946,291743306712,1.709,1.659,270.0,,,Taiwan,332286821484.0,1.0683831888382433,0.15870065404478248,355009653946.0,0.8412993459552175,59.898,40.102,20.411,43.61,0.7000000000000028,0.8900000000000006
158,TWN,2015,326767217487,222278522978,1.769,1.836,268.0,,,Taiwan,332286821484.0,0.9833890373011204,0.1580327464944143,326767217487.0,0.8419672535055858,64.493,35.507,22.658,43.617,2.247,0.006999999999997897
158,TWN,2016,316155294908,216472513873,1.767,1.8,265.0,,,Taiwan,332286821484.0,0.9514530052562534,0.1547831138799112,316155294908.0,0.8452168861200888,66.711,33.289,23.153,42.568,0.49499999999999744,-1.0489999999999995
158,TWN,2017,353937952057,219511520059,1.745,1.705,264.0,,,Taiwan,332286821484.0,1.0651579574426262,0.15774804895409386,353937952057.0,0.8422519510459061,67.197,32.803,24.145,42.653,0.9920000000000009,0.08500000000000085
158,TWN,2018,383385001512,245696015551,1.775,1.669,260.0,,,Taiwan,332286821484.0,1.1537773294763676,0.16467711650901537,383385001512.0,0.8353228834909846,66.269,33.731,22.759,41.732,-1.3859999999999992,-0.9209999999999994
158,TWN,2019,381376557675,249220378739,1.798,1.696,251.0,,,Taiwan,332286821484.0,1.1477330216460713,0.1664619598440087,381376557675.0,0.8335380401559913,67.896,32.104,23.678,40.806,0.9190000000000005,-0.9260000000000019
158,TWN,2020,413191873800,245210610721,1.855,1.744,231.0,,,Taiwan,332286821484.0,1.2434795697123235,0.1865701702288293,413191873800.0,0.8134298297711707,71.458,28.542,25.37,39.744,1.6920000000000002,-1.0619999999999976
158,TWN,2021,525720088028,322430081354,1.856,1.653,219.0,3.02,,Taiwan,332286821484.0,1.5821274093270474,0.1760008425990193,525720088028.0,0.8239991574009807,70.146,29.854,26.947,42.864,1.5769999999999982,3.1199999999999974
158,TWN,2022,561929266212,366409145320,1.836,1.75,219.0,1.219,,Taiwan,332286821484.0,1.691097057964598,0.14888153476203128,561929266212.0,0.8511184652379687,67.704,32.296,25.919,45.095,-1.0279999999999987,2.2310000000000016
158,TWN,2023,496664407219,303599749151,1.803,1.651,204.0,1.0,,Taiwan,332286821484.0,1.4946858409878736,0.13809843619400786,496664407219.0,0.8619015638059921,,,,,,
158,TWN,2024,563234444330,326036949404,1.657,1.784,193.0,1.701,,Taiwan,332286821484.0,1.695024923993624,0.14858515487141472,563234444330.0,0.8514148451285852,,,,,,
834,TZA,2012,4739189174,10701729913,-0.69,0.945,208.0,6.74,TZ,Tanzania,4558971676.0,1.0395302956034422,0.07687355366521931,4739189174.0,0.9231264463347807,,,,,,
834,TZA,2013,4362246375,13196468495,-0.749,0.376,182.0,6.3,TZ,Tanzania,4558971676.0,0.9568487556008234,0.06538758336756839,4362246375.0,0.9346124166324317,,,,,,
834,TZA,2014,5041708537,13922222040,-1.077,0.173,170.0,5.96,TZ,Tanzania,4558971676.0,1.1058872253015506,0.07146352795098647,5041708537.0,0.9285364720490136,,,,,,
834,TZA,2015,5135175522,12174713811,-1.126,0.165,167.0,6.66,TZ,Tanzania,4558971676.0,1.1263889944816583,0.07511129478399858,5135175522.0,0.9248887052160014,,,,,,
834,TZA,2016,4433196512,9939619187,-1.153,-0.062,162.0,6.15,TZ,Tanzania,4558971676.0,0.9724115057213178,0.07146569411201754,4433196512.0,0.9285343058879825,,,,,,
834,TZA,2017,4108542994,9941334975,-1.104,0.339,185.0,5.61,TZ,Tanzania,4558971676.0,0.901199499797024,0.08200732172729853,4108542994.0,0.9179926782727015,,,,,,
834,TZA,2018,4720245244,11999008101,-0.025,1.693,261.0,7.19,TZ,Tanzania,4558971676.0,1.035374987927431,0.06618907896969128,4720245244.0,0.9338109210303087,,,,,,
834,TZA,2019,4528145535,12080590172,-0.962,0.535,198.0,5.89,TZ,Tanzania,4558971676.0,0.9932383565438059,0.0718322479956308,4528145535.0,0.9281677520043692,,,,,,
834,TZA,2020,5708082180,11004830584,-1.2,0.084,170.0,5.87,TZ,Tanzania,4558971676.0,1.252054758323969,0.07212160458883843,5708082180.0,0.9278783954111616,,,,,,
834,TZA,2021,6792072262,14471877138,-1.21,0.12,175.0,5.87,TZ,Tanzania,4558971676.0,1.489825501166373,0.09857234803024856,6792072262.0,0.9014276519697515,,,,,,
834,TZA,2022,7827208288,19489990935,-1.259,0.397,183.0,4.87,TZ,Tanzania,4558971676.0,1.7168802186697332,0.11073615749921994,7827208288.0,0.88926384250078,,,,,,
834,TZA,2023,7929629108,20250315926,-1.115,0.522,191.0,4.905,TZ,Tanzania,4558971676.0,1.7393459910585327,0.07537247419061256,7929629108.0,0.9246275258093875,,,,,,
834,TZA,2024,8054036318,20503830335,-0.922,0.516,186.0,4.432,TZ,Tanzania,4558971676.0,1.766634427759055,0.07628916363194586,8054036318.0,0.9237108363680542,,,,,,
800,UGA,2012,1981577690,3506634711,-0.47,0.166,177.0,7.15,UG,Uganda,2232278882.6666665,0.8876927096281176,0.07163475031546557,1981577690.0,0.9283652496845345,,,,,,
800,UGA,2013,2011154240,3494123990,-0.484,0.345,178.0,7.06,UG,Uganda,2232278882.6666665,0.9009421966118711,0.06591599970282347,2011154240.0,0.9340840002971765,,,,,,
800,UGA,2014,2012183051,3549438864,-0.526,0.395,182.0,6.04,UG,Uganda,2232278882.6666665,0.9014030758541507,0.07628718913363412,2012183051.0,0.9237128108663659,,,,,,
800,UGA,2015,1969432926,3464819340,-0.654,0.171,179.0,7.73,UG,Uganda,2232278882.6666665,0.882252186898497,0.07357519782801249,1969432926.0,0.9264248021719875,,,,,,
800,UGA,2016,2078717665,3501985084,-0.58,0.501,190.0,7.46,UG,Uganda,2232278882.6666665,0.9312087665842078,0.08340029674810093,2078717665.0,0.9165997032518991,,,,,,
800,UGA,2017,2648686057,3893197226,-0.786,0.03,173.0,7.61,UG,Uganda,2232278882.6666665,1.1865390465172954,0.08664444611124215,2648686057.0,0.9133555538887579,,,,,,
800,UGA,2018,3170544606,4243309948,-0.73,0.13,181.0,7.47,UG,Uganda,2232278882.6666665,1.4203174301467598,0.11130608228025196,3170544606.0,0.888693917719748,,,,,,
800,UGA,2019,3297454032,4862640750,-0.785,0.016,163.0,6.82,UG,Uganda,2232278882.6666665,1.47716938846856,0.19433014576911772,3297454032.0,0.8056698542308822,,,,,,
800,UGA,2020,3671666022,5442123207,-0.786,-0.103,166.0,7.48,UG,Uganda,2232278882.6666665,1.6448061442994302,0.24412745065569583,3671666022.0,0.7558725493443041,,,,,,
800,UGA,2021,3934988901,6214581667,-0.696,0.26,182.0,7.48,UG,Uganda,2232278882.6666665,1.762767605586667,0.16943997995534693,3934988901.0,0.830560020044653,,,,,,
800,UGA,2022,4134246733,5677378251,-0.742,0.044,170.0,6.055,UG,Uganda,2232278882.6666665,1.8520296747426355,0.0783320625496394,4134246733.0,0.9216679374503606,,,,,,
800,UGA,2023,5308421756,6862645223,-0.742,0.209,176.0,5.907,UG,Uganda,2232278882.6666665,2.3780280310041695,0.08832534993729921,5308421756.0,0.9116746500627008,,,,,,
800,UGA,2024,7528390212,8559331349,-0.524,-0.009,167.0,5.71,UG,Uganda,2232278882.6666665,3.372513295922341,0.14658801213653933,7528390212.0,0.8534119878634607,,,,,,
804,UKR,2012,69045945051,76934224892,0.784,0.643,225.0,3.56,UA,Ukraine,39861630463.333336,1.7321405132816083,0.08273452338973848,69045945051.0,0.9172654766102615,70.834,29.166,18.634,26.24,,
804,UKR,2013,62960966471,73034032699,0.765,0.673,238.0,3.54,UA,Ukraine,39861630463.333336,1.5794879872993293,0.0776673150983475,62960966471.0,0.9223326849016525,72.423,27.577,20.198,25.632,1.564,-0.607999999999997
804,UKR,2014,54233956109,50689683525,0.774,0.631,233.0,3.47,UA,Ukraine,39861630463.333336,1.360555388191836,0.058103359731908125,54233956109.0,0.9418966402680918,72.853,27.147,19.644,30.661,-0.554000000000002,5.029
804,UKR,2015,39288651392,34370201602,0.694,0.449,222.0,3.7,UA,Ukraine,39861630463.333336,0.9856257994298454,0.04505326616023292,39288651392.0,0.954946733839767,71.617,28.383,19.509,34.751,-0.134999999999998,4.089999999999996
804,UKR,2016,36628431228,36392543974,0.686,0.355,218.0,5.05,UA,Ukraine,39861630463.333336,0.918889438345795,0.03894455965670611,36628431228.0,0.9610554403432939,71.982,28.018,19.6,32.867,0.09100000000000108,-1.8840000000000003
804,UKR,2017,43667808770,45337760298,0.614,0.492,224.0,2.4,UA,Ukraine,39861630463.333336,1.0954847622243593,0.03823495107409977,43667808770.0,0.9617650489259002,71.707,28.293,21.631,32.083,2.030999999999999,-0.7839999999999989
804,UKR,2018,48675229409,51356604226,0.581,0.537,227.0,2.3,UA,Ukraine,39861630463.333336,1.2211048279566448,0.03559461807485034,48675229409.0,0.9644053819251497,72.388,27.612,23.151,30.307,1.5199999999999996,-1.7759999999999998
804,UKR,2019,51210346516,53822450378,0.597,0.384,214.0,2.01,UA,Ukraine,39861630463.333336,1.2847027560276483,0.03464787105398994,51210346516.0,0.9653521289460101,74.477,25.523,22.504,27.79,-0.6469999999999985,-2.5169999999999995
804,UKR,2020,48581268420,48093980311,0.59,0.301,205.0,1.68,UA,Ukraine,39861630463.333336,1.2187476491882943,0.041846265158345726,48581268420.0,0.9581537348416542,77.005,22.995,21.71,26.909,-0.7940000000000005,-0.8810000000000002
804,UKR,2021,65660515536,63167756401,0.537,0.444,206.0,1.68,UA,Ukraine,39861630463.333336,1.647210983915917,0.04028826356603068,65660515536.0,0.9597117364339693,77.036,22.964,24.268,29.302,2.558,2.3930000000000007
804,UKR,2022,46987422516,47385899846,0.509,0.313,199.0,0.667,UA,Ukraine,39861630463.333336,1.1787631857964593,0.04888080251652383,46987422516.0,0.9511191974834762,70.059,29.941,24.581,22.565,0.31299999999999883,-6.736999999999998
804,UKR,2023,40396818922,53863650686,0.447,0.192,194.0,1.245,UA,Ukraine,39861630463.333336,1.0134261557403919,0.04725349821318736,40396818922.0,0.9527465017868126,,,,,,
804,UKR,2024,44352353002,61263429760,0.356,0.11,199.0,1.032,UA,Ukraine,39861630463.333336,1.1126577735649186,0.04376576844502004,44352353002.0,0.95623423155498,,,,,,
858,URY,2012,8917097791,13040843783,0.167,-0.108,154.0,2.31,UY,Uruguay,7920417947.0,1.1258367741032542,0.08726523369046373,8917097791.0,0.9127347663095363,,,,,,
858,URY,2013,9137251532,13548932419,0.179,-0.229,144.0,2.29,UY,Uruguay,7920417947.0,1.1536324968129867,0.09746369518938665,9137251532.0,0.9025363048106133,,,,,,
858,URY,2014,9086419542,13896826539,0.237,-0.278,143.0,2.32,UY,Uruguay,7920417947.0,1.147214654933916,0.10897629890361414,9086419542.0,0.8910237010963858,,,,,,
858,URY,2015,7989188189,11620463966,0.291,-0.36,137.0,2.45,UY,Uruguay,7920417947.0,1.0086826531706004,0.09550452829914102,7989188189.0,0.904495471700859,,,,,,
858,URY,2016,7362041468,10333142939,0.217,-0.506,121.0,3.2,UY,Uruguay,7920417947.0,0.9295016395932117,0.09184881243579696,7362041468.0,0.908151187564203,,,,,,
858,URY,2017,8410024184,11008826056,0.186,-0.432,124.0,2.17,UY,Uruguay,7920417947.0,1.0618157072361878,0.10348409479945431,8410024184.0,0.8965159052005457,,,,,,
858,URY,2018,8381221352,11677993550,-0.026,-0.389,130.0,2.07,UY,Uruguay,7920417947.0,1.058179177927667,0.09448464806025822,8381221352.0,0.9055153519397418,,,,,,
858,URY,2019,8186710024,10852833547,-0.086,-0.443,125.0,2.08,UY,Uruguay,7920417947.0,1.033620962780236,0.11639796081197885,8186710024.0,0.8836020391880212,,,,,,
858,URY,2020,7212826924,8915236151,-0.164,-0.465,127.0,1.74,UY,Uruguay,7920417947.0,0.9106624135576061,0.10643897826925171,7212826924.0,0.8935610217307483,,,,,,
858,URY,2021,10156618340,12678621511,-0.05,-0.448,117.0,1.74,UY,Uruguay,7920417947.0,1.2823336354171817,0.1264702375860015,10156618340.0,0.8735297624139985,,,,,,
858,URY,2022,12262441683,14990859667,-0.049,-0.434,116.0,0.903,UY,Uruguay,7920417947.0,1.5482063907555055,0.12098962901207494,12262441683.0,0.8790103709879251,,,,,,
858,URY,2023,9798419396,14755870553,0.02,-0.403,115.0,0.976,UY,Uruguay,7920417947.0,1.237108882582557,0.09867597976678576,9798419396.0,0.9013240202332142,,,,,,
858,URY,2024,10961006975,14552117604,0.129,-0.514,109.0,0.962,UY,Uruguay,7920417947.0,1.383892497636653,0.11079258959712919,10961006975.0,0.8892074104028708,,,,,,
840,USA,2012,1506388686745,2071896192463,1.296,0.672,479.0,2.13,US,United States of America,1447412232628.6667,1.0407461349205438,0.0690171587080502,1506388686745.0,0.9309828412919499,89.029,10.971,22.662,10.462,,
840,USA,2013,1560796402492,2068365115490,1.295,0.704,456.0,2.32,US,United States of America,1447412232628.6667,1.0783357825140214,0.07193406561088743,1560796402492.0,0.9280659343891126,90.026,9.974,22.839,10.482,0.1769999999999996,0.019999999999999574
840,USA,2014,1576739024935,2147828369076,1.305,0.797,456.0,2.58,US,United States of America,1447412232628.6667,1.0893503518838312,0.07235497587330124,1576739024935.0,0.9276450241266988,90.153,9.847,22.727,10.439,-0.11199999999999832,-0.04299999999999926
840,USA,2015,1464895675495,2037915801583,1.344,0.641,458.0,2.87,US,United States of America,1447412232628.6667,1.0120791039844823,0.07321217415256202,1464895675495.0,0.926787825847438,91.886,8.114,23.871,9.689,1.1439999999999984,-0.75
840,USA,2016,1401778435932,2006953852298,1.325,0.873,437.0,3.07,US,United States of America,1447412232628.6667,0.968472149351819,0.07274884767915747,1401778435932.0,0.9272511523208425,92.509,7.491,23.67,9.307,-0.20099999999999696,-0.3819999999999997
840,USA,2017,1475562586459,2144374939912,1.267,0.978,436.0,2.58,US,United States of America,1447412232628.6667,1.0194487466636986,0.07195605569769788,1475562586459.0,0.9280439443023021,92.223,7.777,24.636,9.532,0.9659999999999975,0.22499999999999964
840,USA,2018,1598967265278,2344428606906,1.28,0.956,424.0,2.51,US,United States of America,1447412232628.6667,1.1047075803512396,0.07080478614745736,1598967265278.0,0.9291952138525427,92.073,7.927,25.274,9.635,0.6380000000000017,0.10299999999999976
840,USA,2019,1565204997869,2303561649304,1.294,0.869,414.0,2.73,US,United States of America,1447412232628.6667,1.081381628940919,0.06931839449114903,1565204997869.0,0.9306816055088509,92.568,7.432,26.363,9.254,1.0889999999999986,-0.3810000000000002
840,USA,2020,1371254261176,2244159032312,1.323,0.717,410.0,2.48,US,United States of America,1447412232628.6667,0.9473833578742421,0.06956379528250828,1371254261176.0,0.9304362047174917,93.137,6.863,27.769,8.004,1.4059999999999988,-1.25
840,USA,2021,1701977703646,2740424648717,1.274,1.061,387.0,2.48,US,United States of America,1447412232628.6667,1.1758762744149351,0.07184229491295735,1701977703646.0,0.9281577050870427,92.313,7.687,27.666,8.481,-0.10299999999999798,0.4770000000000003
840,USA,2022,2006642464479,3090539947560,1.304,0.857,383.0,1.821,US,United States of America,1447412232628.6667,1.386365555882243,0.0683437019480812,2006642464479.0,0.9316562980519187,91.687,8.313,29.171,8.972,1.504999999999999,0.49099999999999966
840,USA,2023,1963529403316,2956121038427,1.232,1.079,387.0,1.924,US,United States of America,1447412232628.6667,1.3565792516137611,0.07008537993388049,1963529403316.0,0.9299146200661195,,,,,,
840,USA,2024,2038155244576,3068486960492,1.121,1.372,378.0,1.942,US,United States of America,1447412232628.6667,1.4081373631024772,0.07074789434458108,2038155244576.0,0.9292521056554189,,,,,,
860,UZB,2012,4890159302,10944250656,-0.729,-0.673,120.0,3.82,UZ,Uzbekistan,6744636472.0,0.7250441624691318,0.14468242562546882,4890159302.0,0.8553175743745312,,,,,,
860,UZB,2013,6759262609,12821983167,-0.876,-0.637,125.0,3.51,UZ,Uzbekistan,6744636472.0,1.002168558240421,0.1444814030742283,6759262609.0,0.8555185969257717,,,,,,
860,UZB,2014,5499591598,13502136884,-0.571,-0.446,140.0,3.59,UZ,Uzbekistan,6744636472.0,0.8154022267665963,0.1598345311182557,5499591598.0,0.8401654688817443,,,,,,
860,UZB,2015,5390022457,10651823296,-0.715,-0.643,131.0,3.32,UZ,Uzbekistan,6744636472.0,0.7991568529121461,0.15597316526177285,5390022457.0,0.8440268347382271,,,,,,
860,UZB,2016,6330625869,9940841204,-0.64,-0.542,139.0,4.0,UZ,Uzbekistan,6744636472.0,0.9386163205802502,0.2015472462066514,6330625869.0,0.7984527537933486,,,,,,
860,UZB,2017,8513261090,12281259073,-0.402,-0.302,157.0,4.48,UZ,Uzbekistan,6744636472.0,1.2622268265076038,0.16580061422060052,8513261090.0,0.8341993857793994,,,,,,
860,UZB,2018,8163730098,17610143548,-0.505,-0.489,145.0,4.48,UZ,Uzbekistan,6744636472.0,1.210403278500078,0.13804586392115495,8163730098.0,0.8619541360788451,,,,,,
860,UZB,2019,11649980721,20562115925,-0.53,-0.4,146.0,4.7,UZ,Uzbekistan,6744636472.0,1.7272955732105468,0.11950947513211117,11649980721.0,0.8804905248678888,,,,,,
860,UZB,2020,11497884092,19899247069,-0.269,-0.08,175.0,4.51,UZ,Uzbekistan,6744636472.0,1.7047448205300397,0.2174470818985282,11497884092.0,0.7825529181014718,,,,,,
860,UZB,2021,12506273675,23700768603,-0.173,0.281,199.0,4.51,UZ,Uzbekistan,6744636472.0,1.854254669902393,0.095228297781106,12506273675.0,0.904771702218894,,,,,,
860,UZB,2022,14261475686,28290751473,0.019,0.411,214.0,5.487,UZ,Uzbekistan,6744636472.0,2.1144913807001693,0.11485155023808497,14261475686.0,0.8851484497619151,,,,,,
860,UZB,2023,20029178971,36892012439,0.205,0.436,209.0,5.746,UZ,Uzbekistan,6744636472.0,2.969645444072497,0.13950745837416226,20029178971.0,0.8604925416258378,,,,,,
860,UZB,2024,18786499166,34235193202,0.219,0.363,207.0,5.366,UZ,Uzbekistan,6744636472.0,2.7853983300643637,0.12384387873239493,18786499166.0,0.8761561212676051,,,,,,
336,VAT,2012,7767262,88738142,0.618,-0.263,68.0,,VA,Vatican City,11378440.666666666,0.6826297405367965,0.2160042579415613,7767262.0,0.7839957420584387,,,,,,
336,VAT,2013,4606696,86393567,0.603,-0.281,54.0,,VA,Vatican City,11378440.666666666,0.40486180268051963,0.24223017844839126,4606696.0,0.7577698215516088,,,,,,
336,VAT,2014,12577579,68462341,1.111,0.949,139.0,,VA,Vatican City,11378440.666666666,1.1053868775575049,0.36739097800669684,12577579.0,0.6326090219933032,,,,,,
336,VAT,2015,24626700,61224276,0.063,-0.567,41.0,,VA,Vatican City,11378440.666666666,2.164329957104257,0.29287366336524395,24626700.0,0.707126336634756,,,,,,
336,VAT,2016,4952209,43867537,0.804,-0.168,59.0,,VA,Vatican City,11378440.666666666,0.4352273870450087,0.14983631303883738,4952209.0,0.8501636869611626,,,,,,
336,VAT,2017,4556413,68462661,0.556,-0.128,74.0,,VA,Vatican City,11378440.666666666,0.40044265585073435,0.20946242974405016,4556413.0,0.7905375702559498,,,,,,
336,VAT,2018,24083310,62070155,0.099,-0.803,37.0,,VA,Vatican City,11378440.666666666,2.1165738527382283,0.7969182343143864,24083310.0,0.20308176568561365,,,,,,
336,VAT,2019,5062777,31664593,1.025,-0.125,60.0,,VA,Vatican City,11378440.666666666,0.444944711521983,0.13717297850153182,5062777.0,0.8628270214984681,,,,,,
336,VAT,2020,11126383,51433524,0.831,-0.431,38.0,,VA,Vatican City,11378440.666666666,0.9778477847667587,0.44237280441092813,11126383.0,0.5576271955890719,,,,,,
336,VAT,2021,10624131,84491067,1.266,0.831,115.0,,VA,Vatican City,11378440.666666666,0.9337071142905874,0.2476585477909,10624131.0,0.7523414522091,,,,,,
336,VAT,2022,6798343,82406274,0.971,-0.001,62.0,,VA,Vatican City,11378440.666666666,0.5974758052670487,0.24937274217128802,6798343.0,0.750627257828712,,,,,,
336,VAT,2023,29416787,41722166,0.764,-0.45,40.0,,VA,Vatican City,11378440.666666666,2.5853091703661093,0.3954091457974017,29416787.0,0.6045908542025983,,,,,,
336,VAT,2024,8703883,36838924,1.192,0.289,66.0,,VA,Vatican City,11378440.666666666,0.7649451497776996,0.39541459819681823,8703883.0,0.6045854018031818,,,,,,
670,VCT,2012,74623241,485975091,0.208,-0.34,84.0,,VC,Saint Vincent and the Grenadines,239735387.66666666,0.31127336571502656,0.0705290496705579,74623241.0,0.929470950329442,,,,,,
670,VCT,2013,76968135,537169492,-0.057,-0.209,94.0,,VC,Saint Vincent and the Grenadines,239735387.66666666,0.3210545416307841,0.06900718205668534,76968135.0,0.9309928179433147,,,,,,
670,VCT,2014,155754731,569609671,0.091,-0.518,69.0,,VC,Saint Vincent and the Grenadines,239735387.66666666,0.6496943672603095,0.1542525720419409,155754731.0,0.8457474279580591,,,,,,
670,VCT,2015,180499530,374330381,0.134,-0.409,66.0,,VC,Saint Vincent and the Grenadines,239735387.66666666,0.7529114986185123,0.1459125256671156,180499530.0,0.8540874743328843,,,,,,
670,VCT,2016,294664161,316902331,0.129,-0.587,50.0,,VC,Saint Vincent and the Grenadines,239735387.66666666,1.229122508228562,0.1534231489339001,294664161.0,0.8465768510660999,,,,,,
670,VCT,2017,244042472,341595983,0.01,-0.556,58.0,,VC,Saint Vincent and the Grenadines,239735387.66666666,1.0179659931529257,0.2009540281219463,244042472.0,0.7990459718780537,,,,,,
670,VCT,2018,169834525,424586272,-0.25,-0.75,53.0,,VC,Saint Vincent and the Grenadines,239735387.66666666,0.7084249290561211,0.20729753496198142,169834525.0,0.7927024650380186,,,,,,
670,VCT,2019,163204135,358943883,-0.748,-0.911,49.0,,VC,Saint Vincent and the Grenadines,239735387.66666666,0.6807678106618227,0.17998432763957886,163204135.0,0.8200156723604212,,,,,,
670,VCT,2020,205232107,282444337,-1.073,-1.016,40.0,,VC,Saint Vincent and the Grenadines,239735387.66666666,0.8560776487673118,0.3314533229666628,205232107.0,0.6685466770333373,,,,,,
670,VCT,2021,162125365,446453824,-0.892,-0.959,46.0,,VC,Saint Vincent and the Grenadines,239735387.66666666,0.6762679743610596,0.18247245367154544,162125365.0,0.8175275463284546,,,,,,
670,VCT,2022,131852098,380071647,-0.68,-0.876,51.0,,VC,Saint Vincent and the Grenadines,239735387.66666666,0.5499901340528418,0.14470063194265978,131852098.0,0.8552993680573402,,,,,,
670,VCT,2023,53388862,476281635,-0.453,-0.73,72.0,1.827,VC,Saint Vincent and the Grenadines,239735387.66666666,0.2226991289005403,0.09311819495115212,53388862.0,0.9068818050488479,,,,,,
670,VCT,2024,51058844,489236106,-0.402,-0.682,58.0,,VC,Saint Vincent and the Grenadines,239735387.66666666,0.21298000473335768,0.22632427489522156,51058844.0,0.7736757251047784,,,,,,
862,VEN,2012,67132264848,67092058669,-0.727,-1.167,22.0,1.42,VE,Venezuela,27692229187.0,2.424227547543011,0.27132002627988466,67132264848.0,0.7286799737201153,,,,,,
862,VEN,2013,60539127165,48780047666,-0.498,-1.136,26.0,1.86,VE,Venezuela,27692229187.0,2.1861413451474623,0.2546046843341641,60539127165.0,0.745395315665836,,,,,,
862,VEN,2014,57646701658,39387801064,-0.708,-1.143,27.0,1.7,VE,Venezuela,27692229187.0,2.081692350179667,0.24711903531947355,57646701658.0,0.7528809646805265,,,,,,
862,VEN,2015,30807797849,28633421339,-0.78,-1.208,31.0,,VE,Venezuela,27692229187.0,1.1125069650753356,0.24270882618391165,30807797849.0,0.7572911738160883,,,,,,
862,VEN,2016,24956431643,15993927869,-0.728,-1.223,32.0,1.88,VE,Venezuela,27692229187.0,0.9012070308415507,0.20620271320338956,24956431643.0,0.7937972867966104,,,,,,
862,VEN,2017,27312458069,10914462797,-0.757,-1.217,35.0,0.8,VE,Venezuela,27692229187.0,0.9862860040831136,0.22016288262368858,27312458069.0,0.7798371173763115,,,,,,
862,VEN,2018,30265042780,12121381899,-0.909,-1.249,27.0,0.98,VE,Venezuela,27692229187.0,1.092907420909538,0.2135521753755002,30265042780.0,0.7864478246244998,,,,,,
862,VEN,2019,14989986226,6507972401,-1.021,-1.309,35.0,1.07,VE,Venezuela,27692229187.0,0.541306592718689,0.18536613099085678,14989986226.0,0.8146338690091433,,,,,,
862,VEN,2020,4440810622,6760537563,-0.928,-1.223,50.0,1.18,VE,Venezuela,27692229187.0,0.16036306040991166,0.24207273086183884,4440810622.0,0.7579272691381611,,,,,,
862,VEN,2021,9826206610,7749957740,-1.156,-1.238,48.0,1.18,VE,Venezuela,27692229187.0,0.35483624462464264,0.3794567743450694,9826206610.0,0.6205432256549306,,,,,,
862,VEN,2022,15025726498,10027653315,-1.141,-1.116,53.0,1.016,VE,Venezuela,27692229187.0,0.5425972173108319,0.5392832237681423,15025726498.0,0.4607167762318577,,,,,,
862,VEN,2023,13204168805,10506703813,-1.331,-1.162,44.0,1.068,VE,Venezuela,27692229187.0,0.47681855858677646,0.33722491426938506,13204168805.0,0.6627750857306149,,,,,,
862,VEN,2024,17221220613,14135708793,-1.599,-1.205,37.0,0.515,VE,Venezuela,27692229187.0,0.6218791739989076,0.2265691353648136,17221220613.0,0.7734308646351864,,,,,,
92,VGB,2012,1008643637,3296218948,0.605,-0.415,48.0,,VG,British Virgin Islands,605320355.6666666,1.6662972384088013,0.5174860312616929,1008643637.0,0.4825139687383071,,,,,,
92,VGB,2013,846511655,2633797301,0.761,-0.496,50.0,,VG,British Virgin Islands,605320355.6666666,1.3984523188018327,0.22537188835797023,846511655.0,0.7746281116420297,,,,,,
92,VGB,2014,381403018,2607441844,0.443,-0.233,83.0,,VG,British Virgin Islands,605320355.6666666,0.6300845732834206,0.1803560277971589,381403018.0,0.8196439722028411,,,,,,
92,VGB,2015,520580489,2318080920,0.924,-0.335,51.0,,VG,British Virgin Islands,605320355.6666666,0.8600082322139344,0.18982873129309585,520580489.0,0.8101712687069041,,,,,,
92,VGB,2016,554397991,1616682659,0.883,-0.369,59.0,,VG,British Virgin Islands,605320355.6666666,0.9158753473430056,0.14742124387512826,554397991.0,0.8525787561248718,,,,,,
92,VGB,2017,740982587,1729001590,0.672,-0.584,36.0,,VG,British Virgin Islands,605320355.6666666,1.2241164204430601,0.34212106742689,740982587.0,0.65787893257311,,,,,,
92,VGB,2018,282830393,1736064744,0.858,-0.131,62.0,,VG,British Virgin Islands,605320355.6666666,0.4672408425593191,0.10640605579484336,282830393.0,0.8935939442051566,,,,,,
92,VGB,2019,327542895,1829188368,1.184,-0.378,41.0,,VG,British Virgin Islands,605320355.6666666,0.5411066915786472,0.16140155965660188,327542895.0,0.8385984403433981,,,,,,
92,VGB,2020,605572411,1150608862,1.192,-0.7,16.0,,VG,British Virgin Islands,605320355.6666666,1.0004163998963091,0.3720225022069801,605572411.0,0.6279774977930199,,,,,,
92,VGB,2021,243729897,2156331125,0.843,-0.504,37.0,,VG,British Virgin Islands,605320355.6666666,0.402646127324711,0.12861935006765088,243729897.0,0.8713806499323491,,,,,,
92,VGB,2022,176938614,1177207511,1.042,-0.342,43.0,,VG,British Virgin Islands,605320355.6666666,0.29230573917364716,0.1869814226254112,176938614.0,0.8130185773745888,,,,,,
92,VGB,2023,264102390,1063929025,0.522,-0.642,40.0,,VG,British Virgin Islands,605320355.6666666,0.43630184831490115,0.14591491778150945,264102390.0,0.8540850822184906,,,,,,
92,VGB,2024,199784132,1098802502,0.319,-0.455,50.0,,VG,British Virgin Islands,605320355.6666666,0.3300469414744342,0.13895585760543014,199784132.0,0.8610441423945698,,,,,,
704,VNM,2012,113826108465,118945938168,0.265,1.275,288.0,4.75,VN,Vietnam,193990986272.0,0.5867597801961857,0.06789494908347372,113826108465.0,0.9321050509165263,65.04,34.96,13.426,41.747,,
704,VNM,2013,131164854170,145678265631,0.223,1.244,275.0,4.75,VN,Vietnam,193990986272.0,0.67613891083625,0.06615661369380806,131164854170.0,0.9338433863061919,63.622,36.378,13.402,42.867,-0.02400000000000091,1.1199999999999974
704,VNM,2014,147642817189,164597883679,0.3,1.188,277.0,4.75,VN,Vietnam,193990986272.0,0.7610808111567927,0.07057413610071854,147642817189.0,0.9294258638992815,62.82,37.18,12.702,44.077,-0.6999999999999993,1.2100000000000009
704,VNM,2015,169410073681,178553584724,0.243,1.071,258.0,5.3,VN,Vietnam,193990986272.0,0.8732883776541327,0.08140156854102638,169410073681.0,0.9185984314589736,59.896,40.104,12.256,43.996,-0.44599999999999973,-0.08099999999999596
704,VNM,2016,186387632286,191766376658,0.294,1.009,260.0,5.89,VN,Vietnam,193990986272.0,0.9608056326115115,0.0894938890161564,186387632286.0,0.9105061109838436,58.862,41.138,11.599,43.854,-0.657,-0.142000000000003
704,VNM,2017,226175252849,227057960570,0.377,0.728,256.0,6.05,VN,Vietnam,193990986272.0,1.1659059897343558,0.09367941855157913,226175252849.0,0.9063205814484209,56.178,43.822,11.746,46.028,0.14700000000000024,2.1739999999999995
704,VNM,2018,255476948413,254697866559,0.377,1.002,263.0,6.2,VN,Vietnam,193990986272.0,1.3169526755990038,0.1029893172641992,255476948413.0,0.8970106827358008,55.695,44.305,11.533,46.92,-0.21300000000000097,0.892000000000003
704,VNM,2019,277613888190,269326845900,0.403,1.044,263.0,6.19,VN,Vietnam,193990986272.0,1.43106591458198,0.10509738394413429,277613888190.0,0.8949026160558657,55.372,44.628,11.405,47.264,-0.1280000000000001,0.3440000000000012
704,VNM,2020,300082416146,279183439710,0.449,0.8,256.0,5.56,VN,Vietnam,193990986272.0,1.5468884504007125,0.12789306665172362,300082416146.0,0.8721069333482764,54.526,45.474,11.163,46.233,-0.2419999999999991,-1.031000000000006
704,VNM,2021,358887178992,340015119189,0.547,0.991,269.0,5.56,VN,Vietnam,193990986272.0,1.8500198689066645,0.1330440366436141,358887178992.0,0.8669559633563859,50.736,49.264,11.712,47.525,0.5489999999999995,1.2920000000000016
704,VNM,2022,394968743528,362227953309,0.477,1.121,275.0,5.0,VN,Vietnam,193990986272.0,2.036015956814631,0.13165508424038705,394968743528.0,0.8683449157596129,51.499,48.501,11.735,47.972,0.022999999999999687,0.44700000000000273
704,VNM,2023,385538988438,332090681017,0.579,1.197,285.0,4.842,VN,Vietnam,193990986272.0,1.9874067133069027,0.12262047568828148,385538988438.0,0.8773795243117185,,,,,,
704,VNM,2024,429497596936,382861518602,0.671,0.871,239.0,5.519,VN,Vietnam,193990986272.0,2.2140080072266337,0.1293493266610548,429497596936.0,0.8706506733389452,,,,,,
548,VUT,2012,366102202,647363617,-1.271,-1.006,36.0,,VU,Vanuatu,493438991.6666667,0.7419401550806374,0.2241504462160089,366102202.0,0.7758495537839911,,,,,,
548,VUT,2013,234342641,968562860,-1.705,-1.042,36.0,,VU,Vanuatu,493438991.6666667,0.47491715279425206,0.43751909535410555,234342641.0,0.5624809046458945,,,,,,
548,VUT,2014,525108624,716863169,-1.903,-1.006,29.0,,VU,Vanuatu,493438991.6666667,1.0641814547860602,0.2868575231549567,525108624.0,0.7131424768450433,,,,,,
548,VUT,2015,739978884,428610839,-2.051,-1.12,19.0,,VU,Vanuatu,493438991.6666667,1.499636016806468,0.4772538998597949,739978884.0,0.5227461001402052,,,,,,
548,VUT,2016,527130091,362175773,-1.652,-1.059,23.0,,VU,Vanuatu,493438991.6666667,1.0682781456316137,0.3575253647767929,527130091.0,0.6424746352232071,,,,,,
548,VUT,2017,213208000,350340098,-2.017,-1.139,33.0,,VU,Vanuatu,493438991.6666667,0.4320858375619181,0.16001201485621702,213208000.0,0.839987985143783,,,,,,
548,VUT,2018,152057404,314259758,-2.046,-1.153,31.0,,VU,Vanuatu,493438991.6666667,0.30815846856042434,0.16385469596798335,152057404.0,0.8361453040320166,,,,,,
548,VUT,2019,142929405,359534409,-1.693,-1.026,31.0,,VU,Vanuatu,493438991.6666667,0.2896597298021256,0.16265179290928375,142929405.0,0.8373482070907162,,,,,,
548,VUT,2020,184693158,303083506,-1.887,-1.096,21.0,,VU,Vanuatu,493438991.6666667,0.374297858740693,0.201933920874492,184693158.0,0.798066079125508,,,,,,
548,VUT,2021,247824775,393463215,-1.654,-1.093,25.0,,VU,Vanuatu,493438991.6666667,0.5022399510077901,0.27141641330951066,247824775.0,0.7285835866904893,,,,,,
548,VUT,2022,182924436,435482319,-1.567,-1.113,26.0,,VU,Vanuatu,493438991.6666667,0.3707133791396265,0.2710650285457847,182924436.0,0.7289349714542153,,,,,,
548,VUT,2023,170833097,508378275,-1.655,-1.071,22.0,1.816,VU,Vanuatu,493438991.6666667,0.34620915631937543,0.25227050870902834,170833097.0,0.7477294912909717,,,,,,
548,VUT,2024,258906430,555217362,-1.629,-1.041,23.0,,VU,Vanuatu,493438991.6666667,0.5246979553146042,0.4382936676279076,258906430.0,0.5617063323720923,,,,,,
882,WSM,2012,55513961,378392436,0.683,0.225,104.0,,WS,Samoa,59945552.333333336,0.9260730586200787,0.16159871092383332,55513961.0,0.8384012890761667,,,,,,
882,WSM,2013,58325832,351027774,0.829,0.172,94.0,,WS,Samoa,59945552.333333336,0.972980141640422,0.3276230263665814,58325832.0,0.6723769736334186,,,,,,
882,WSM,2014,37610801,340499298,0.701,0.235,108.0,,WS,Samoa,59945552.333333336,0.6274160389892034,0.1292868376716288,37610801.0,0.8707131623283713,,,,,,
882,WSM,2015,61463526,318803842,0.278,-0.167,85.0,,WS,Samoa,59945552.333333336,1.0253225403316966,0.20928086964557546,61463526.0,0.7907191303544245,,,,,,
882,WSM,2016,68238815,356380220,0.289,-0.137,89.0,,WS,Samoa,59945552.333333336,1.1383465885934478,0.15507853226710172,68238815.0,0.8449214677328982,,,,,,
882,WSM,2017,50134316,379312776,0.382,0.236,120.0,,WS,Samoa,59945552.333333336,0.8363308710748554,0.14533512567782933,50134316.0,0.8546648743221706,,,,,,
882,WSM,2018,50693190,397391731,0.281,0.154,132.0,,WS,Samoa,59945552.333333336,0.8456538980259181,0.11391068365417302,50693190.0,0.886089316345827,,,,,,
882,WSM,2019,54422745,453396497,0.151,-0.186,105.0,,WS,Samoa,59945552.333333336,0.907869606361733,0.12263494108095029,54422745.0,0.8773650589190497,,,,,,
882,WSM,2020,39485853,365520655,0.849,0.05,72.0,,WS,Samoa,59945552.333333336,0.6586952903600738,0.19716982499436572,39485853.0,0.8028301750056343,,,,,,
882,WSM,2021,44276537,413932979,0.21,0.377,121.0,,WS,Samoa,59945552.333333336,0.7386125454945484,0.09306774700516401,44276537.0,0.906932252994836,,,,,,
882,WSM,2022,62912471,515680120,0.18,0.353,121.0,,WS,Samoa,59945552.333333336,1.0494935579235105,0.09324787278116582,62912471.0,0.9067521272188341,,,,,,
882,WSM,2023,58988978,514494466,0.119,0.05,103.0,2.529,WS,Samoa,59945552.333333336,0.9840426137369758,0.13854315018544713,58988978.0,0.8614568498145528,,,,,,
882,WSM,2024,43952447,578880155,0.332,0.432,114.0,,WS,Samoa,59945552.333333336,0.7332061393912588,0.08445603336483004,43952447.0,0.9155439666351699,,,,,,
887,YEM,2012,7165448425,11112822483,-1.229,-1.351,48.0,4.88,YE,Yemen,1525461690.0,4.697232629290087,0.22078216398141512,7165448425.0,0.7792178360185849,,,,,,
887,YEM,2013,8360530275,12293028381,-1.621,-1.283,50.0,4.64,YE,Yemen,1525461690.0,5.480655679396315,0.1465150434531308,8360530275.0,0.8534849565468692,,,,,,
887,YEM,2014,7649338259,11460276433,-1.247,-1.147,79.0,4.23,YE,Yemen,1525461690.0,5.014441404293804,0.18257488684797687,7649338259.0,0.8174251131520232,,,,,,
887,YEM,2015,1713871592,6335287069,-1.49,-1.18,74.0,3.89,YE,Yemen,1525461690.0,1.1235100843469887,0.21921500455071255,1713871592.0,0.7807849954492875,,,,,,
887,YEM,2016,846680896,6570707022,-2.003,-1.239,72.0,4.87,YE,Yemen,1525461690.0,0.5550325528004574,0.2216746372206796,846680896.0,0.7783253627793204,,,,,,
887,YEM,2017,2015832582,7363560808,-2.156,-1.328,66.0,3.34,YE,Yemen,1525461690.0,1.3214573628525539,0.20353145690263827,2015832582.0,0.7964685430973617,,,,,,
887,YEM,2018,1340079846,8503447854,-2.102,-1.335,66.0,3.21,YE,Yemen,1525461690.0,0.8784749264991375,0.2180021101633842,1340079846.0,0.7819978898366158,,,,,,
887,YEM,2019,1308383236,10440689817,-2.143,-1.403,56.0,2.98,YE,Yemen,1525461690.0,0.8576965548049915,0.3000874953129225,1308383236.0,0.6999125046870776,,,,,,
887,YEM,2020,1395540005,11304829568,-1.923,-1.252,60.0,2.84,YE,Yemen,1525461690.0,0.9148312370925552,0.20910905463575788,1395540005.0,0.7908909453642421,,,,,,
887,YEM,2021,1785403036,12039955436,-1.931,-1.377,59.0,2.84,YE,Yemen,1525461690.0,1.170401752927666,0.12773136536297194,1785403036.0,0.8722686346370281,,,,,,
887,YEM,2022,1706020163,12470096113,-1.783,-1.283,58.0,3.515,YE,Yemen,1525461690.0,1.1183631645315197,0.14816493678011078,1706020163.0,0.8518350632198892,,,,,,
887,YEM,2023,920527736,12000649767,-1.517,-1.258,71.0,4.209,YE,Yemen,1525461690.0,0.6034420543199613,0.14903840758050604,920527736.0,0.850961592419494,,,,,,
887,YEM,2024,557475092,8866535969,-1.679,-1.25,62.0,4.839,YE,Yemen,1525461690.0,0.36544679925721374,0.19231066802942814,557475092.0,0.8076893319705718,,,,,,
710,ZAF,2012,119335490621,101903095760,0.58,1.758,309.0,3.36,ZA,South Africa,90405389891.0,1.3200041586555895,0.09722590668800532,119335490621.0,0.9027740933119947,80.853,19.147,25.494,22.082,,
710,ZAF,2013,116620722763,100012842344,0.58,1.647,297.0,3.47,ZA,South Africa,90405389891.0,1.289975331156774,0.11075047558140692,116620722763.0,0.8892495244185931,76.791,23.209,22.443,21.929,-3.0509999999999984,-0.15300000000000225
710,ZAF,2014,110633636422,95042626134,0.555,1.897,314.0,3.7,ZA,South Africa,90405389891.0,1.2237504484565445,0.09713196122559942,110633636422.0,0.9028680387744006,75.82,24.18,21.848,22.188,-0.5950000000000024,0.25900000000000034
710,ZAF,2015,92022648690,80662534553,0.492,1.574,288.0,4.75,ZA,South Africa,90405389891.0,1.0178889643742468,0.07860964573099924,92022648690.0,0.9213903542690007,76.467,23.533,18.91,21.59,-2.937999999999999,-0.597999999999999
710,ZAF,2016,84197856500,69590978324,0.477,1.464,280.0,4.91,ZA,South Africa,90405389891.0,0.931336689123466,0.06334308343226974,84197856500.0,0.9366569165677303,77.043,22.957,18.971,22.089,0.06099999999999994,0.4989999999999988
710,ZAF,2017,94995664483,78068863871,0.452,1.282,274.0,2.6,ZA,South Africa,90405389891.0,1.0507743465022872,0.06208816277680085,94995664483.0,0.9379118372231992,78.03,21.97,19.617,21.682,0.6460000000000008,-0.40700000000000003
710,ZAF,2018,103088772948,84667012450,0.429,1.215,265.0,2.61,ZA,South Africa,90405389891.0,1.1402945451846633,0.06169182093065061,103088772948.0,0.9383081790693494,77.735,22.265,20.099,21.189,0.4819999999999993,-0.49299999999999855
710,ZAF,2019,99614228819,82137777991,0.424,1.157,265.0,3.0,ZA,South Africa,90405389891.0,1.1018616139934014,0.06366216747875127,99614228819.0,0.9363378325212487,77.063,22.937,19.945,20.779,-0.15399999999999991,-0.41000000000000014
710,ZAF,2020,92221914707,66179545804,0.378,0.768,225.0,2.23,ZA,South Africa,90405389891.0,1.0200931030571314,0.06157880853628307,92221914707.0,0.9384211914637169,79.874,20.126,23.244,22.206,3.2989999999999995,1.4269999999999996
710,ZAF,2021,130955056477,88571424613,0.334,0.405,201.0,2.23,ZA,South Africa,90405389891.0,1.4485315160400274,0.06727357102092901,130955056477.0,0.932726428979071,78.678,21.322,24.346,24.693,1.1020000000000003,2.487000000000002
710,ZAF,2022,134812135820,104411220998,0.345,0.596,212.0,1.403,ZA,South Africa,90405389891.0,1.4911957791735686,0.06050578757962897,134812135820.0,0.939494212420371,74.493,25.507,24.797,25.143,0.4510000000000005,0.4499999999999993
710,ZAF,2023,127359511621,101782287978,0.293,0.976,244.0,1.599,ZA,South Africa,90405389891.0,1.4087601610319347,0.06137892804748297,127359511621.0,0.938621071952517,,,,,,
710,ZAF,2024,127793202368,96265216115,0.377,1.077,251.0,1.77,ZA,South Africa,90405389891.0,1.4135573390267744,0.06372412625640289,127793202368.0,0.9362758737435971,,,,,,
894,ZMB,2012,7055710696,6895328297,-0.506,-0.78,101.0,5.56,ZM,Zambia,5644143868.333333,1.2500940551119386,0.1325881641337513,7055710696.0,0.8674118358662487,,,,,,
894,ZMB,2013,7240185454,7265798600,-0.388,-0.625,111.0,5.76,ZM,Zambia,5644143868.333333,1.2827783314704846,0.16013234753477942,7240185454.0,0.8398676524652205,,,,,,
894,ZMB,2014,6556751894,7815181670,-0.458,-0.724,99.0,5.55,ZM,Zambia,5644143868.333333,1.1616911345557448,0.17135576602411418,6556751894.0,0.8286442339758858,,,,,,
894,ZMB,2015,5214909058,5310969403,-0.539,-0.779,99.0,4.72,ZM,Zambia,5644143868.333333,0.9239504129684628,0.10619240836095395,5214909058.0,0.893807591639046,,,,,,
894,ZMB,2016,5261275152,5304548157,-0.488,-0.831,96.0,4.01,ZM,Zambia,5644143868.333333,0.9321653158982302,0.1392614340518351,5261275152.0,0.8607385659481649,,,,,,
894,ZMB,2017,6456247395,5808582700,-0.756,-0.971,90.0,3.2,ZM,Zambia,5644143868.333333,1.1438842711333073,0.17495305154136465,6456247395.0,0.8250469484586354,,,,,,
894,ZMB,2018,7610977829,6932051550,-0.539,-0.726,108.0,4.06,ZM,Zambia,5644143868.333333,1.348473392342399,0.20654546151356257,7610977829.0,0.7934545384864374,,,,,,
894,ZMB,2019,6233416545,5766037280,-0.671,-0.51,119.0,4.06,ZM,Zambia,5644143868.333333,1.1044042622607126,0.20107134237415814,6233416545.0,0.7989286576258419,,,,,,
894,ZMB,2020,5913210514,4521188617,-0.688,-0.683,114.0,3.7,ZM,Zambia,5644143868.333333,1.0476718262226226,0.2473819683351453,5913210514.0,0.7526180316648547,,,,,,
894,ZMB,2021,7678992740,5829027433,-0.617,-0.826,106.0,3.7,ZM,Zambia,5644143868.333333,1.3605239198602392,0.22835742829866848,7678992740.0,0.7716425717013315,,,,,,
894,ZMB,2022,10213719072,6419831550,-0.687,-0.733,110.0,3.214,ZM,Zambia,5644143868.333333,1.8096135233732131,0.22718915289255584,10213719072.0,0.7728108471074442,,,,,,
894,ZMB,2023,10126832508,6848517862,-0.706,-0.853,100.0,2.946,ZM,Zambia,5644143868.333333,1.7942194147135315,0.16942557425928004,10126832508.0,0.8305744257407199,,,,,,
894,ZMB,2024,9861526004,8148917694,-0.667,-0.842,98.0,3.49,ZM,Zambia,5644143868.333333,1.7472137907980052,0.22305157889879623,9861526004.0,0.7769484211012038,,,,,,
716,ZWE,2012,2589072072,4888147015,-0.743,-0.954,102.0,4.76,ZW,Zimbabwe,2177838658.0,1.1888263910135808,0.11650689416545103,2589072072.0,0.883493105834549,,,,,,
716,ZWE,2013,2507929839,4381252649,-0.688,-0.935,101.0,5.08,ZW,Zimbabwe,2177838658.0,1.1515682439502366,0.11474973610026924,2507929839.0,0.8852502638997307,,,,,,
716,ZWE,2014,2453409457,4214360463,-0.806,-0.891,102.0,4.93,ZW,Zimbabwe,2177838658.0,1.1265340744998384,0.11677040152276752,2453409457.0,0.8832295984772325,,,,,,
716,ZWE,2015,2287688944,4050988990,-0.909,-1.007,88.0,4.73,ZW,Zimbabwe,2177838658.0,1.0504400477953129,0.13344046045266697,2287688944.0,0.866559539547333,,,,,,
716,ZWE,2016,2006688107,3564753979,-1.017,-0.873,98.0,4.71,ZW,Zimbabwe,2177838658.0,0.9214126582006884,0.14889837330544214,2006688107.0,0.8511016266945579,,,,,,
716,ZWE,2017,2239138923,3658335987,-0.984,-1.039,90.0,4.15,ZW,Zimbabwe,2177838658.0,1.0281472940039986,0.13602355922792914,2239138923.0,0.8639764407720709,,,,,,
716,ZWE,2018,2959131145,4170269422,-1.116,-1.016,90.0,3.77,ZW,Zimbabwe,2177838658.0,1.3587467253967718,0.15131170994094253,2959131145.0,0.8486882900590574,,,,,,
716,ZWE,2019,2895795641,3395617090,-1.089,-0.96,93.0,4.36,ZW,Zimbabwe,2177838658.0,1.3296649089971293,0.1598464116358071,2895795641.0,0.8401535883641928,,,,,,
716,ZWE,2020,3279959090,4034968784,-1.121,-1.125,86.0,3.65,ZW,Zimbabwe,2177838658.0,1.5060615615171984,0.17539837237977482,3279959090.0,0.8246016276202252,,,,,,
716,ZWE,2021,4102579816,5618335088,-1.094,-1.099,83.0,3.65,ZW,Zimbabwe,2177838658.0,1.8837850090178718,0.22076185238954324,4102579816.0,0.7792381476104567,,,,,,
716,ZWE,2022,4890852970,6444770517,-1.088,-1.176,80.0,1.918,ZW,Zimbabwe,2177838658.0,2.2457370531256315,0.2503234909445642,4890852970.0,0.7496765090554358,,,,,,
716,ZWE,2023,5270552482,7568437108,-1.124,-1.122,85.0,1.59,ZW,Zimbabwe,2177838658.0,2.4200839959559577,0.20663454221414446,5270552482.0,0.7933654577858555,,,,,,
716,ZWE,2024,6835503105,7936793253,-1.089,-1.191,79.0,2.089,ZW,Zimbabwe,2177838658.0,3.1386636837814823,0.2534058870424015,6835503105.0,0.7465941129575985,,,,,,
