country_id,country_iso3_code,year,export_value,import_value,eci,coi,diversity,growth_proj,country_iso2_code,country_name,baseline_export_2015_2017,export_recovery_index
4,AFG,2012,632759078,11411277994,-0.75,-0.832,76.0,,AF,Afghanistan,900148066.6666666,0.7029499939306282
4,AFG,2013,723004232,11335073399,-0.776,-0.798,79.0,,AF,Afghanistan,900148066.6666666,0.8032058933119226
4,AFG,2014,822887729,9808028136,-1.011,-0.854,74.0,,AF,Afghanistan,900148066.6666666,0.9141693011097952
4,AFG,2015,823382186,10221812060,-1.361,-0.989,66.0,,AF,Afghanistan,900148066.6666666,0.9147186074054039
4,AFG,2016,923569270,9525384595,-1.512,-1.081,71.0,,AF,Afghanistan,900148066.6666666,1.0260192786060902
4,AFG,2017,953492744,11047172741,-1.403,-0.858,81.0,,AF,Afghanistan,900148066.6666666,1.0592621139885061
4,AFG,2018,1102570793,11033859789,-1.313,-0.938,84.0,,AF,Afghanistan,900148066.6666666,1.2248771439158048
4,AFG,2019,1828059000,9416979195,-1.217,-0.858,88.0,,AF,Afghanistan,900148066.6666666,2.0308425554580984
4,AFG,2020,1577984811,8712236479,-1.141,-0.928,80.0,,AF,Afghanistan,900148066.6666666,1.7530280510887801
4,AFG,2021,1730305617,7376480719,-1.318,-0.957,78.0,4.828,AF,Afghanistan,900148066.6666666,1.9222455516762762
4,AFG,2022,1525000890,7488357006,-1.351,-1.011,81.0,4.252,AF,Afghanistan,900148066.6666666,1.694166711535828
8,ALB,2012,1981332243,4502033329,-0.3,-0.149,166.0,2.25,AL,Albania,2136102937.3333333,0.9275453014794569
8,ALB,2013,2549205960,4510574345,-0.264,-0.197,163.0,2.21,AL,Albania,2136102937.3333333,1.193390971683404
8,ALB,2014,2532632777,4768638325,-0.402,-0.517,140.0,1.83,AL,Albania,2136102937.3333333,1.1856323647781162
8,ALB,2015,2006481670,4169698209,-0.505,-0.328,160.0,2.67,AL,Albania,2136102937.3333333,0.9393188104056681
8,ALB,2016,2059265781,4445495478,-0.428,-0.112,175.0,3.73,AL,Albania,2136102937.3333333,0.9640292820208116
8,ALB,2017,2342561361,4942940124,-0.331,-0.32,163.0,3.31,AL,Albania,2136102937.3333333,1.0966519075735204
8,ALB,2018,2742478502,5651112797,-0.257,-0.218,161.0,3.38,AL,Albania,2136102937.3333333,1.283870011163251
8,ALB,2019,2706852123,5487209429,-0.292,-0.238,162.0,3.32,AL,Albania,2136102937.3333333,1.2671917985278267
8,ALB,2020,2402784748,5319651744,-0.24,-0.007,179.0,3.22,AL,Albania,2136102937.3333333,1.124845018470686
8,ALB,2021,3331613569,7051893908,-0.22,-0.016,176.0,3.22,AL,Albania,2136102937.3333333,1.5596690172427352
8,ALB,2022,4486490271,7653105095,-0.279,0.053,177.0,1.558,AL,Albania,2136102937.3333333,2.1003155758967504
10,ATA,2012,9148605,31340589,1.742,-0.094,42.0,,AQ,Antarctica,7706049.333333333,1.1871978239779415
10,ATA,2013,24911651,29302757,0.208,-0.784,15.0,,AQ,Antarctica,7706049.333333333,3.23273962083814
10,ATA,2014,12765577,26375168,1.029,-0.125,48.0,,AQ,Antarctica,7706049.333333333,1.656565698947857
10,ATA,2015,10146281,28211617,1.019,-0.227,45.0,,AQ,Antarctica,7706049.333333333,1.3166644231190145
10,ATA,2016,8489486,39826256,0.995,-0.462,31.0,,AQ,Antarctica,7706049.333333333,1.101665150685946
10,ATA,2017,4482381,33240055,1.539,-0.25,34.0,,AQ,Antarctica,7706049.333333333,0.5816704261950395
10,ATA,2018,14953762,16949616,1.26,-0.441,32.0,,AQ,Antarctica,7706049.333333333,1.9405224847595923
10,ATA,2019,7220620,38607288,1.304,-0.112,49.0,,AQ,Antarctica,7706049.333333333,0.9370067187042838
10,ATA,2020,8100610,29677212,1.059,-0.495,35.0,,AQ,Antarctica,7706049.333333333,1.051201419767708
10,ATA,2021,6598697,49364605,1.117,-0.506,33.0,,AQ,Antarctica,7706049.333333333,0.8563009026501605
10,ATA,2022,11559568,33210571,0.733,-0.336,49.0,,AQ,Antarctica,7706049.333333333,1.500064105481114
12,DZA,2012,67818077193,49375492778,-1.271,-1.207,13.0,1.35,DZ,Algeria,30376630525.0,2.232574055150246
12,DZA,2013,60088413824,52360191847,-1.329,-1.216,13.0,1.86,DZ,Algeria,30376630525.0,1.9781132003612834
12,DZA,2014,55221463017,55338722572,-1.5,-1.199,16.0,1.71,DZ,Algeria,30376630525.0,1.81789296780473
12,DZA,2015,32274321332,46666432632,-1.208,-1.289,17.0,2.78,DZ,Algeria,30376630525.0,1.06247206402429
12,DZA,2016,27288422194,46378059875,-0.941,-1.267,21.0,3.08,DZ,Algeria,30376630525.0,0.8983360472301758
12,DZA,2017,31567148049,44638409999,-0.98,-1.219,20.0,2.3,DZ,Algeria,30376630525.0,1.0391918887455343
12,DZA,2018,34124370583,49138948588,-1.355,-1.312,18.0,2.26,DZ,Algeria,30376630525.0,1.1233757659499333
12,DZA,2019,29848408383,42338949385,-1.052,-1.281,26.0,2.64,DZ,Algeria,30376630525.0,0.9826109040775516
12,DZA,2020,18254320002,34609062644,-1.063,-1.29,26.0,2.11,DZ,Algeria,30376630525.0,0.6009330095705209
12,DZA,2021,31371600552,36979642412,-0.995,-1.245,30.0,2.12,DZ,Algeria,30376630525.0,1.0327544566268183
12,DZA,2022,52811942316,35657730589,-0.731,-1.185,28.0,1.889,DZ,Algeria,30376630525.0,1.7385714413761497
16,ASM,2012,76172289,241574718,1.065,-0.327,46.0,,AS,American Samoa,33166329.0,2.296675311880311
16,ASM,2013,44302364,258437957,0.875,-0.168,65.0,,AS,American Samoa,33166329.0,1.335763267620001
16,ASM,2014,51070459,229398106,0.634,-0.316,57.0,,AS,American Samoa,33166329.0,1.5398285110179062
16,ASM,2015,26517256,150441688,0.827,0.013,74.0,,AS,American Samoa,33166329.0,0.7995233961527669
16,ASM,2016,35732547,195346132,0.294,-0.533,50.0,,AS,American Samoa,33166329.0,1.0773741947744655
16,ASM,2017,37249184,146199470,0.719,-0.132,67.0,,AS,American Samoa,33166329.0,1.1231024090727677
16,ASM,2018,59319062,150307957,0.757,-0.342,42.0,,AS,American Samoa,33166329.0,1.788532641040858
16,ASM,2019,22794221,176603963,0.847,0.189,89.0,,AS,American Samoa,33166329.0,0.6872699417532764
16,ASM,2020,16416251,134565728,0.826,-0.195,55.0,,AS,American Samoa,33166329.0,0.49496738092418974
16,ASM,2021,27931330,153026425,0.805,-0.466,53.0,,AS,American Samoa,33166329.0,0.8421592272090167
16,ASM,2022,16235822,244582155,0.811,0.113,83.0,,AS,American Samoa,33166329.0,0.4895272551870302
20,AND,2012,239171973,1515162828,1.017,0.764,134.0,,AD,Andorra,89246982.33333333,2.679888627569544
20,AND,2013,258639157,1458798307,0.983,-0.038,68.0,,AD,Andorra,89246982.33333333,2.898015711433186
20,AND,2014,314567839,1517435318,0.777,-0.346,56.0,,AD,Andorra,89246982.33333333,3.5246887992817926
20,AND,2015,67180072,1326864175,1.122,0.501,130.0,,AD,Andorra,89246982.33333333,0.7527433448571466
20,AND,2016,95079019,1382063795,1.143,1.047,163.0,,AD,Andorra,89246982.33333333,1.0653471581244538
20,AND,2017,105481856,1474129575,1.059,0.884,136.0,,AD,Andorra,89246982.33333333,1.1819094970183996
20,AND,2018,99183553,1580557333,1.149,0.955,151.0,,AD,Andorra,89246982.33333333,1.111337889605657
20,AND,2019,108709150,1492140775,0.858,0.762,160.0,,AD,Andorra,89246982.33333333,1.2180708765476953
20,AND,2020,95496389,1548739469,1.085,0.613,136.0,,AD,Andorra,89246982.33333333,1.0700237308117089
20,AND,2021,108565964,1579904073,0.987,0.894,154.0,,AD,Andorra,89246982.33333333,1.2164664973714312
20,AND,2022,118789146,1874777222,1.13,0.648,121.0,,AD,Andorra,89246982.33333333,1.3310158270262635
24,AGO,2012,70330860030,22135982097,-1.735,-1.171,6.0,2.81,AO,Angola,29834914306.666668,2.357334071989757
24,AGO,2013,68850084462,23751755500,-2.092,-1.178,9.0,3.3,AO,Angola,29834914306.666668,2.307701766940062
24,AGO,2014,54846364455,27662816234,-2.133,-1.169,5.0,2.39,AO,Angola,29834914306.666668,1.838328204708283
24,AGO,2015,31940222623,18211169718,-0.544,-1.258,12.0,5.14,AO,Angola,29834914306.666668,1.0705652543423896
24,AGO,2016,26927443177,11500399500,-0.559,-1.279,15.0,3.66,AO,Angola,29834914306.666668,0.9025480314848101
24,AGO,2017,30637077120,12141575354,-0.989,-1.254,11.0,3.28,AO,Angola,29834914306.666668,1.0268867141728002
24,AGO,2018,35881930213,11382825439,-1.604,-1.252,13.0,3.47,AO,Angola,29834914306.666668,1.2026825297427488
24,AGO,2019,31015101641,9849629703,-1.101,-1.244,10.0,4.55,AO,Angola,29834914306.666668,1.0395572557106227
24,AGO,2020,20209012376,7695503739,-1.116,-1.207,13.0,2.62,AO,Angola,29834914306.666668,0.6773611671304267
24,AGO,2021,33298468773,9829077774,-1.087,-1.199,14.0,2.62,AO,Angola,29834914306.666668,1.116090645702287
24,AGO,2022,45606185139,14776776951,-0.947,-1.158,18.0,4.097,AO,Angola,29834914306.666668,1.528617936362204
28,ATG,2012,500156807,2507222097,0.979,1.636,215.0,,AG,Antigua and Barbuda,261637801.66666666,1.9116381647221328
28,ATG,2013,321816586,1599004416,0.185,-0.761,43.0,,AG,Antigua and Barbuda,261637801.66666666,1.2300079879512313
28,ATG,2014,490477150,1281572426,0.121,-0.789,34.0,,AG,Antigua and Barbuda,261637801.66666666,1.8746417638261639
28,ATG,2015,385683607,1378336864,0.353,-0.363,68.0,,AG,Antigua and Barbuda,261637801.66666666,1.4741127029165721
28,ATG,2016,205040696,971005344,0.177,-0.622,54.0,,AG,Antigua and Barbuda,261637801.66666666,0.7836814661102648
28,ATG,2017,194189102,1040120803,0.349,-0.581,57.0,,AG,Antigua and Barbuda,261637801.66666666,0.7422058309731633
28,ATG,2018,170257814,1158082418,0.391,-0.696,48.0,,AG,Antigua and Barbuda,261637801.66666666,0.6507385894371367
28,ATG,2019,244973909,1120503006,0.36,-0.708,36.0,,AG,Antigua and Barbuda,261637801.66666666,0.9363093079038446
28,ATG,2020,172560274,825225345,0.036,-0.768,37.0,,AG,Antigua and Barbuda,261637801.66666666,0.6595387703946781
28,ATG,2021,170885702,1312042195,-0.029,-0.706,56.0,,AG,Antigua and Barbuda,261637801.66666666,0.6531384261426902
28,ATG,2022,169542863,1720191764,0.443,-0.31,62.0,,AG,Antigua and Barbuda,261637801.66666666,0.648005991183193
31,AZE,2012,25911449062,14445492382,-0.986,-1.184,31.0,1.41,AZ,Azerbaijan,13955439648.333334,1.8567275352800903
31,AZE,2013,25962705176,15916776025,-1.0,-1.261,29.0,1.66,AZ,Azerbaijan,13955439648.333334,1.8604003765012638
31,AZE,2014,23099135605,14430460727,-1.1,-1.266,28.0,1.55,AZ,Azerbaijan,13955439648.333334,1.6552065851797566
31,AZE,2015,14531674277,10918689641,-0.823,-1.248,33.0,1.86,AZ,Azerbaijan,13955439648.333334,1.0412910408548457
31,AZE,2016,11803438825,7986803787,-0.912,-1.254,35.0,2.02,AZ,Azerbaijan,13955439648.333334,0.8457948386032866
31,AZE,2017,15531205843,8214966347,-0.959,-1.275,34.0,1.51,AZ,Azerbaijan,13955439648.333334,1.1129141205418673
31,AZE,2018,17623307269,10508729225,-0.831,-1.317,32.0,1.65,AZ,Azerbaijan,13955439648.333334,1.2628270920224796
31,AZE,2019,15952339563,12808443179,-0.799,-1.231,41.0,4.28,AZ,Azerbaijan,13955439648.333334,1.143091150475159
31,AZE,2020,11140382514,9669695138,-0.689,-1.332,39.0,1.75,AZ,Azerbaijan,13955439648.333334,0.798282447183989
31,AZE,2021,18425496964,10973534075,-0.766,-1.191,41.0,1.74,AZ,Azerbaijan,13955439648.333334,1.320309315099257
31,AZE,2022,33511139497,13333467763,-0.739,-1.199,33.0,1.309,AZ,Azerbaijan,13955439648.333334,2.401295863222923
32,ARG,2012,77895159451,62249078807,0.417,0.412,199.0,3.01,AR,Argentina,55873179628.333336,1.394142233700609
32,ARG,2013,73319879499,69760744718,0.411,0.293,190.0,2.84,AR,Argentina,55873179628.333336,1.3122553609213146
32,ARG,2014,65577881493,59714937467,0.413,0.247,191.0,2.86,AR,Argentina,55873179628.333336,1.1736915981732567
32,ARG,2015,55426387883,55016586589,0.367,0.216,186.0,3.76,AR,Argentina,55873179628.333336,0.9920034666309421
32,ARG,2016,56013378512,50829279891,0.179,0.079,174.0,3.74,AR,Argentina,55873179628.333336,1.002509234029623
32,ARG,2017,56179772490,61560039494,0.175,0.178,180.0,2.44,AR,Argentina,55873179628.333336,1.0054872993394346
32,ARG,2018,59311186263,59751601434,0.068,-0.014,172.0,2.41,AR,Argentina,55873179628.333336,1.0615323247671993
32,ARG,2019,62490796472,44997387709,0.063,0.002,167.0,2.23,AR,Argentina,55873179628.333336,1.1184399543338477
32,ARG,2020,55351712451,39714602165,0.022,-0.1,159.0,1.85,AR,Argentina,55873179628.333336,0.99066695003216
32,ARG,2021,75039308655,57297972412,-0.108,-0.208,151.0,1.85,AR,Argentina,55873179628.333336,1.3430291448268947
32,ARG,2022,84904468711,73455625445,-0.012,-0.25,150.0,0.703,AR,Argentina,55873179628.333336,1.5195925715304177
36,AUS,2012,224080649444,219017699343,0.35,-0.175,136.0,1.18,AU,Australia,180519922309.0,1.241307034580018
36,AUS,2013,219375940233,207245451824,0.292,-0.135,134.0,1.28,AU,Australia,180519922309.0,1.2152450401429338
36,AUS,2014,211117608942,202350068094,0.252,-0.197,139.0,1.07,AU,Australia,180519922309.0,1.1694975614969811
36,AUS,2015,165060804089,181220753121,0.262,0.062,162.0,2.41,AU,Australia,180519922309.0,0.9143633676423909
36,AUS,2016,166880982326,171925307300,0.241,0.085,159.0,2.07,AU,Australia,180519922309.0,0.9244463447106192
36,AUS,2017,209617980512,196923747755,0.144,-0.195,140.0,2.17,AU,Australia,180519922309.0,1.16119028764699
36,AUS,2018,224687381522,208172402436,0.151,-0.24,141.0,2.47,AU,Australia,180519922309.0,1.2446680601678832
36,AUS,2019,236857395247,196129123390,0.203,-0.324,133.0,2.52,AU,Australia,180519922309.0,1.3120845179711849
36,AUS,2020,222710098255,189279414493,0.21,-0.296,132.0,1.96,AU,Australia,180519922309.0,1.2337147911784614
36,AUS,2021,292301818450,233150411199,0.083,-0.483,117.0,1.96,AU,Australia,180519922309.0,1.6192219380067117
36,AUS,2022,347332912748,273356765610,0.108,-0.293,120.0,1.248,AU,Australia,180519922309.0,1.9240696999274267
40,AUT,2012,148216256624,154839712647,1.384,0.096,440.0,1.71,AT,Austria,139275915006.66666,1.0641915841436431
40,AUT,2013,156111165819,160122520178,1.402,0.083,438.0,1.78,AT,Austria,139275915006.66666,1.120876971524671
40,AUT,2014,159556609532,160667428359,1.439,0.263,440.0,1.66,AT,Austria,139275915006.66666,1.1456152309203107
40,AUT,2015,136292354809,139159060699,1.466,0.287,423.0,2.15,AT,Austria,139275915006.66666,0.9785780606968273
40,AUT,2016,135747824044,139956944332,1.444,0.455,432.0,2.84,AT,Austria,139275915006.66666,0.9746683339865491
40,AUT,2017,145787566167,153988794525,1.412,0.469,428.0,2.41,AT,Austria,139275915006.66666,1.0467536053166238
40,AUT,2018,164630752814,169298456732,1.4,0.502,426.0,2.23,AT,Austria,139275915006.66666,1.182047540711685
40,AUT,2019,162104892008,163463702867,1.376,0.644,419.0,2.58,AT,Austria,139275915006.66666,1.16391187952519
40,AUT,2020,150891230685,154683332967,1.364,0.834,412.0,2.27,AT,Austria,139275915006.66666,1.083397877355732
40,AUT,2021,180835724131,195062903067,1.369,0.539,416.0,2.27,AT,Austria,139275915006.66666,1.2983991103009018
40,AUT,2022,196263833305,205902370394,1.362,0.572,410.0,1.114,AT,Austria,139275915006.66666,1.4091728156702867
44,BHS,2012,2978503144,11326064309,0.349,-0.471,52.0,,BS,The Bahamas,1621197936.6666667,1.8372236212711193
44,BHS,2013,3345782862,9537508178,0.547,-0.473,47.0,,BS,The Bahamas,1621197936.6666667,2.063771971533124
44,BHS,2014,4168020349,11204902327,0.313,-0.641,44.0,,BS,The Bahamas,1621197936.6666667,2.5709509337088328
44,BHS,2015,2512725748,10287490422,0.415,-0.652,42.0,,BS,The Bahamas,1621197936.6666667,1.5499191623487982
44,BHS,2016,1225673622,7444621935,0.615,-0.352,63.0,,BS,The Bahamas,1621197936.6666667,0.7560295965587636
44,BHS,2017,1125194440,9690815915,0.771,-0.038,76.0,,BS,The Bahamas,1621197936.6666667,0.6940512410924381
44,BHS,2018,1467046086,10307142350,0.531,-0.341,66.0,,BS,The Bahamas,1621197936.6666667,0.9049148489643299
44,BHS,2019,1417427479,11338091761,0.644,-0.095,76.0,,BS,The Bahamas,1621197936.6666667,0.8743087114423316
44,BHS,2020,1096083358,6810537321,0.251,-0.479,61.0,,BS,The Bahamas,1621197936.6666667,0.6760947156481392
44,BHS,2021,1325558665,8203450000,0.312,-0.268,72.0,,BS,The Bahamas,1621197936.6666667,0.8176414705569337
44,BHS,2022,2372492232,9915076173,0.281,-0.619,40.0,,BS,The Bahamas,1621197936.6666667,1.4634192274374984
48,BHR,2012,10481923804,13044121917,0.54,-0.58,87.0,,BH,Bahrain,9459455285.0,1.1080895768513588
48,BHR,2013,11771623718,12871634276,0.531,-0.342,102.0,,BH,Bahrain,9459455285.0,1.244429342212383
48,BHR,2014,15016621886,13061670069,0.521,-0.548,73.0,,BH,Bahrain,9459455285.0,1.587472157071463
48,BHR,2015,12097582487,12671385629,0.629,-0.594,91.0,,BH,Bahrain,9459455285.0,1.278887855856068
48,BHR,2016,7482503928,10830465433,0.61,-0.434,125.0,,BH,Bahrain,9459455285.0,0.7910079071746465
48,BHR,2017,8798279440,12376042440,0.643,-0.344,111.0,3.79,BH,Bahrain,9459455285.0,0.9301042369692855
48,BHR,2018,11195893888,16668475121,0.513,-0.4,103.0,3.85,BH,Bahrain,9459455285.0,1.1835664476107304
48,BHR,2019,11957733134,15725445989,0.643,-0.408,100.0,3.28,BH,Bahrain,9459455285.0,1.264103774871853
48,BHR,2020,9691942679,13412984190,0.681,-0.345,96.0,2.86,BH,Bahrain,9459455285.0,1.024577249640226
48,BHR,2021,14312085697,16146560829,0.709,-0.401,91.0,2.86,BH,Bahrain,9459455285.0,1.5129925842236274
48,BHR,2022,17787661571,17048543139,0.587,-0.628,81.0,2.221,BH,Bahrain,9459455285.0,1.880410767330986
50,BGD,2012,23572780182,32829891799,-0.875,-0.983,115.0,3.41,BD,Bangladesh,32942725019.333332,0.7155686169910254
50,BGD,2013,25035336638,35967528296,-0.862,-0.983,106.0,3.24,BD,Bangladesh,32942725019.333332,0.7599655651834307
50,BGD,2014,27069648396,40859372635,-1.065,-1.056,93.0,3.27,BD,Bangladesh,32942725019.333332,0.8217185548588783
50,BGD,2015,30980918821,42929886198,-0.998,-1.104,95.0,2.82,BD,Bangladesh,32942725019.333332,0.9404479684913135
50,BGD,2016,30471696153,43270178635,-0.969,-1.204,80.0,4.08,BD,Bangladesh,32942725019.333332,0.9249901498773054
50,BGD,2017,37375560084,53708654811,-0.576,-0.966,104.0,3.5,BD,Bangladesh,32942725019.333332,1.1345618816313812
50,BGD,2018,39309090255,61757640516,-0.618,-0.984,106.0,3.55,BD,Bangladesh,32942725019.333332,1.19325557408898
50,BGD,2019,38019528904,58274956884,-0.854,-1.091,87.0,3.56,BD,Bangladesh,32942725019.333332,1.1541100161473348
50,BGD,2020,33477260519,50477266709,-0.664,-1.053,93.0,3.52,BD,Bangladesh,32942725019.333332,1.0162262077394315
50,BGD,2021,42918693506,77453658277,-0.615,-0.987,95.0,3.52,BD,Bangladesh,32942725019.333332,1.3028276647063046
50,BGD,2022,53464860958,87863275511,-0.72,-1.009,92.0,3.036,BD,Bangladesh,32942725019.333332,1.6229641271820316
51,ARM,2012,1190350500,2776648001,0.522,0.041,142.0,,AM,Armenia,1592818319.3333333,0.7473234615346562
51,ARM,2013,1165125961,2774710197,-0.023,-0.626,102.0,,AM,Armenia,1592818319.3333333,0.7314870420925709
51,ARM,2014,1355480659,2883927661,-0.022,-0.578,110.0,,AM,Armenia,1592818319.3333333,0.8509951464943787
51,ARM,2015,1235508907,2152109834,0.08,-0.459,120.0,,AM,Armenia,1592818319.3333333,0.775674721971503
51,ARM,2016,1593512643,2601467486,-0.181,-0.671,107.0,,AM,Armenia,1592818319.3333333,1.0004359088906998
51,ARM,2017,1949433408,3337418925,-0.135,-0.669,114.0,4.17,AM,Armenia,1592818319.3333333,1.2238893691377974
51,ARM,2018,2172960845,3828858318,0.054,-0.5,132.0,4.18,AM,Armenia,1592818319.3333333,1.3642239159513703
51,ARM,2019,2549600968,4150592949,0.103,-0.618,109.0,4.44,AM,Armenia,1592818319.3333333,1.6006853619483254
51,ARM,2020,2473650265,3664549991,0.073,-0.706,112.0,3.99,AM,Armenia,1592818319.3333333,1.5530021440457409
51,ARM,2021,2912405066,4508267364,0.106,-0.62,119.0,3.99,AM,Armenia,1592818319.3333333,1.828460302502657
51,ARM,2022,5551557119,8728491402,0.667,-0.016,149.0,3.632,AM,Armenia,1592818319.3333333,3.485367446880934
52,BRB,2012,625941988,5270039095,0.704,0.75,168.0,,BB,Barbados,331271698.6666667,1.8895124169053676
52,BRB,2013,407777168,1939695217,0.413,0.225,138.0,,BB,Barbados,331271698.6666667,1.2309447792892048
52,BRB,2014,399303823,1730332147,0.4,0.13,125.0,,BB,Barbados,331271698.6666667,1.205366545367912
52,BRB,2015,310522953,1380918031,0.436,0.257,149.0,,BB,Barbados,331271698.6666667,0.9373663800735825
52,BRB,2016,304438645,1196151253,0.442,0.264,136.0,,BB,Barbados,331271698.6666667,0.9189998609157773
52,BRB,2017,378853498,1482073251,0.454,0.157,134.0,,BB,Barbados,331271698.6666667,1.1436337590106398
52,BRB,2018,369429977,1512331737,0.488,-0.02,125.0,,BB,Barbados,331271698.6666667,1.115187257127356
52,BRB,2019,347022820,1399332097,0.553,-0.017,113.0,,BB,Barbados,331271698.6666667,1.0475474403540355
52,BRB,2020,262675096,1327674374,0.581,0.268,126.0,,BB,Barbados,331271698.6666667,0.7929294807170045
52,BRB,2021,283218334,1648403623,0.476,0.273,126.0,,BB,Barbados,331271698.6666667,0.8549427407772039
52,BRB,2022,320656120,1722397769,0.523,0.385,143.0,,BB,Barbados,331271698.6666667,0.9679550691791866
56,BEL,2012,316387588068,323543338593,1.149,1.166,432.0,2.66,BE,Belgium,286614220148.0,1.1038795908473271
56,BEL,2013,333145666560,341053272655,1.206,0.818,414.0,2.62,BE,Belgium,286614220148.0,1.162348701289044
56,BEL,2014,338428838693,339771194448,1.164,1.006,405.0,2.61,BE,Belgium,286614220148.0,1.18078174390037
56,BEL,2015,278846384527,274666876824,1.177,1.023,408.0,3.14,BE,Belgium,286614220148.0,0.9728979405941935
56,BEL,2016,280798836565,285520584670,1.198,1.081,395.0,3.67,BE,Belgium,286614220148.0,0.9797100660951258
56,BEL,2017,300197439352,307731138714,1.159,1.25,397.0,2.68,BE,Belgium,286614220148.0,1.0473919933106808
56,BEL,2018,333763490513,337596903582,1.168,1.248,388.0,2.61,BE,Belgium,286614220148.0,1.1645042954974578
56,BEL,2019,318265592420,316618907980,1.154,1.146,382.0,2.59,BE,Belgium,286614220148.0,1.1104319675962206
56,BEL,2020,313138453452,292044536436,1.126,1.303,384.0,2.41,BE,Belgium,286614220148.0,1.09254332632311
56,BEL,2021,405932893135,388653273992,1.091,1.373,369.0,2.41,BE,Belgium,286614220148.0,1.4163040930955448
56,BEL,2022,457913236924,463124552504,1.057,1.297,347.0,1.431,BE,Belgium,286614220148.0,1.5976640540987315
60,BMU,2012,244721424,2967597296,1.029,-0.353,41.0,,BM,Bermuda,287147218.0,0.8522507224847987
60,BMU,2013,332647345,2969827352,0.688,-0.577,28.0,,BM,Bermuda,287147218.0,1.1584557472536614
60,BMU,2014,67337582,3510797529,0.969,0.099,77.0,,BM,Bermuda,287147218.0,0.2345054305906596
60,BMU,2015,375379202,3890832600,0.597,-0.584,30.0,,BM,Bermuda,287147218.0,1.3072708996261284
60,BMU,2016,347939819,3100513663,0.508,-0.716,22.0,,BM,Bermuda,287147218.0,1.211712310582093
60,BMU,2017,138122633,2150793711,0.791,-0.442,43.0,,BM,Bermuda,287147218.0,0.48101678979177853
60,BMU,2018,236269739,1662699871,0.585,-0.704,31.0,,BM,Bermuda,287147218.0,0.8228174406342325
60,BMU,2019,468162900,1258289908,0.511,-0.811,21.0,,BM,Bermuda,287147218.0,1.6303932988130152
60,BMU,2020,214765295,2638840764,0.501,-0.664,31.0,,BM,Bermuda,287147218.0,0.7479274794854534
60,BMU,2021,183799733,2156633701,0.693,-0.514,37.0,,BM,Bermuda,287147218.0,0.6400888515660285
60,BMU,2022,62194340,1703125264,1.231,0.731,91.0,,BM,Bermuda,287147218.0,0.2165939145543106
64,BTN,2012,215038669,339517303,-0.075,-0.708,72.0,,BT,Bhutan,230171296.33333334,0.9342549328504527
64,BTN,2013,153162913,267692355,-0.089,-0.911,25.0,,BT,Bhutan,230171296.33333334,0.6654301185243792
64,BTN,2014,171124684,265770322,0.007,-0.904,36.0,,BT,Bhutan,230171296.33333334,0.7434666560341988
64,BTN,2015,258008030,515832194,-0.489,-0.997,38.0,,BT,Bhutan,230171296.33333334,1.1209392053227767
64,BTN,2016,142488312,462800247,0.017,-0.862,38.0,,BT,Bhutan,230171296.33333334,0.6190533497002548
64,BTN,2017,290017547,579035108,-0.403,-0.906,65.0,,BT,Bhutan,230171296.33333334,1.2600074449769685
64,BTN,2018,397237523,832696176,-0.5,-0.893,71.0,,BT,Bhutan,230171296.33333334,1.725834321342666
64,BTN,2019,362078589,840998320,-0.533,-0.833,63.0,,BT,Bhutan,230171296.33333334,1.5730831548849555
64,BTN,2020,253878195,838219312,-0.359,-0.778,62.0,,BT,Bhutan,230171296.33333334,1.1029967639072353
64,BTN,2021,365010284,1125133448,-0.376,-0.954,31.0,,BT,Bhutan,230171296.33333334,1.5858201687815725
64,BTN,2022,451526764,1387795046,-0.468,-0.919,48.0,,BT,Bhutan,230171296.33333334,1.9616988355754854
68,BOL,2012,10399029904,7536074725,-0.916,-0.894,81.0,3.36,BO,Bolivia,7538245979.666667,1.3795025967645371
68,BOL,2013,12205104141,8526645117,-1.285,-1.042,80.0,2.89,BO,Bolivia,7538245979.666667,1.6190907240121257
68,BOL,2014,12391987237,8888175695,-1.342,-1.143,68.0,2.91,BO,Bolivia,7538245979.666667,1.643882047683984
68,BOL,2015,8432876036,7751846396,-1.307,-1.154,75.0,2.77,BO,Bolivia,7538245979.666667,1.1186788092013007
68,BOL,2016,6851392898,6854146388,-1.318,-1.155,80.0,3.44,BO,Bolivia,7538245979.666667,0.9088842306924775
68,BOL,2017,7330469005,7454991811,-1.368,-1.109,76.0,2.3,BO,Bolivia,7538245979.666667,0.9724369601062216
68,BOL,2018,8406856673,7416157860,-1.464,-1.144,73.0,2.37,BO,Bolivia,7538245979.666667,1.1152271623500063
68,BOL,2019,7999978850,7123570437,-1.295,-1.075,75.0,2.95,BO,Bolivia,7538245979.666667,1.0612520301909478
68,BOL,2020,6679932057,5363039165,-1.203,-1.062,86.0,2.34,BO,Bolivia,7538245979.666667,0.8861387748579915
68,BOL,2021,9956532351,7116679779,-1.381,-0.988,87.0,2.34,BO,Bolivia,7538245979.666667,1.3208022632660585
68,BOL,2022,13081479286,8292277634,-1.358,-1.01,83.0,1.92,BO,Bolivia,7538245979.666667,1.7353478940970362
70,BIH,2012,4639659487,8131273419,0.451,0.67,229.0,3.41,BA,Bosnia and Herzegovina,5187809012.0,0.8943389157673177
70,BIH,2013,5132447286,8514009504,0.403,0.493,223.0,3.44,BA,Bosnia and Herzegovina,5187809012.0,0.9893284957345303
70,BIH,2014,5514217636,9101931992,0.415,0.639,224.0,3.44,BA,Bosnia and Herzegovina,5187809012.0,1.0629183964261173
70,BIH,2015,4726060361,7341722375,0.36,0.595,224.0,3.65,BA,Bosnia and Herzegovina,5187809012.0,0.9109935138452626
70,BIH,2016,4945064764,7462381256,0.434,0.564,222.0,4.75,BA,Bosnia and Herzegovina,5187809012.0,0.9532087153866874
70,BIH,2017,5892301911,8387495061,0.431,0.605,224.0,4.12,BA,Bosnia and Herzegovina,5187809012.0,1.13579777076805
70,BIH,2018,6652862773,9271226101,0.512,0.644,222.0,4.07,BA,Bosnia and Herzegovina,5187809012.0,1.2824031797645523
70,BIH,2019,6337584528,9123950733,0.568,0.646,225.0,4.08,BA,Bosnia and Herzegovina,5187809012.0,1.2216302707637148
70,BIH,2020,5862624248,8236536478,0.532,0.659,232.0,3.68,BA,Bosnia and Herzegovina,5187809012.0,1.1300771162621974
70,BIH,2021,8223695044,10753858356,0.571,0.627,226.0,3.68,BA,Bosnia and Herzegovina,5187809012.0,1.5851961830085968
70,BIH,2022,9222255748,12453679153,0.584,0.628,223.0,2.595,BA,Bosnia and Herzegovina,5187809012.0,1.7776783468064958
72,BWA,2012,5496539046,7175528122,-0.067,-1.196,46.0,1.81,BW,Botswana,5552003376.0,0.9900100330918818
72,BWA,2013,6389218403,7964719441,-0.354,-1.189,24.0,1.65,BW,Botswana,5552003376.0,1.1507951221029662
72,BWA,2014,6016549157,7505090659,-0.206,-1.186,25.0,1.39,BW,Botswana,5552003376.0,1.0836717396477318
72,BWA,2015,4273069825,6798567048,-0.149,-1.247,25.0,3.38,BW,Botswana,5552003376.0,0.7696446733932966
72,BWA,2016,6395771224,5769202710,-0.106,-1.259,19.0,2.77,BW,Botswana,5552003376.0,1.1519753845337
72,BWA,2017,5987169079,5852952708,0.19,-1.202,24.0,3.4,BW,Botswana,5552003376.0,1.0783799420730036
72,BWA,2018,5769083464,6415685860,-0.141,-1.261,29.0,3.12,BW,Botswana,5552003376.0,1.039099415706119
72,BWA,2019,4624757803,6426419380,-0.274,-1.242,29.0,3.19,BW,Botswana,5552003376.0,0.8329890113164802
72,BWA,2020,3598959915,5697678896,-0.149,-1.244,28.0,2.5,BW,Botswana,5552003376.0,0.6482272562292477
72,BWA,2021,5545888703,7266506092,-0.416,-1.246,27.0,2.5,BW,Botswana,5552003376.0,0.9988986546682532
72,BWA,2022,6772610599,7192495026,-0.391,-1.254,29.0,2.267,BW,Botswana,5552003376.0,1.2198498704587244
74,BVT,2012,45048149,55786900,1.031,-0.612,24.0,,BV,Bouvet Island,1204252.3333333333,37.40756629908959
74,BVT,2013,1801297,4106687,0.563,-0.895,11.0,,BV,Bouvet Island,1204252.3333333333,1.495780369396558
74,BVT,2014,1031927,3787331,-0.044,-0.858,22.0,,BV,Bouvet Island,1204252.3333333333,0.8569026369611906
74,BVT,2015,1295571,471850,0.028,-0.939,7.0,,BV,Bouvet Island,1204252.3333333333,1.0758301762338291
74,BVT,2016,651252,1088866,1.421,-0.758,12.0,,BV,Bouvet Island,1204252.3333333333,0.5407936376567812
74,BVT,2017,1665934,1383812,1.739,-0.721,12.0,,BV,Bouvet Island,1204252.3333333333,1.3833761861093896
74,BVT,2018,3154539,8224215,0.572,-0.793,13.0,,BV,Bouvet Island,1204252.3333333333,2.6195000106566817
74,BVT,2019,1175567,390258,0.84,-0.823,10.0,,BV,Bouvet Island,1204252.3333333333,0.9761799644980275
74,BVT,2020,238047,757418,0.206,-0.862,15.0,,BV,Bouvet Island,1204252.3333333333,0.1976720272080298
74,BVT,2021,121320,1123597,0.96,-0.858,10.0,,BV,Bouvet Island,1204252.3333333333,0.10074300596469678
74,BVT,2022,921833,662221,0.508,-0.91,13.0,,BV,Bouvet Island,1204252.3333333333,0.765481597572159
76,BRA,2012,233381361848,225604034097,0.669,0.516,195.0,3.44,BR,Brazil,188063210620.0,1.240972974345151
76,BRA,2013,220754624515,232507330531,0.693,0.38,192.0,3.25,BR,Brazil,188063210620.0,1.1738320524637653
76,BRA,2014,213623932195,222224319841,0.642,0.463,199.0,3.34,BR,Brazil,188063210620.0,1.1359155865239796
76,BRA,2015,181969655847,162983059970,0.653,0.638,212.0,4.23,BR,Brazil,188063210620.0,0.9675983689052686
76,BRA,2016,175412264803,136855074195,0.648,0.694,213.0,4.62,BR,Brazil,188063210620.0,0.9327303528675661
76,BRA,2017,206807711210,160848037349,0.605,0.365,190.0,3.4,BR,Brazil,188063210620.0,1.0996712782271651
76,BRA,2018,223334281519,176607172775,0.532,0.487,199.0,3.28,BR,Brazil,188063210620.0,1.1875490202614303
76,BRA,2019,214215460315,176951866539,0.481,0.508,196.0,2.27,BR,Brazil,188063210620.0,1.1390609551372766
76,BRA,2020,205153958674,158175396025,0.384,0.478,193.0,2.83,BR,Brazil,188063210620.0,1.090877678827538
76,BRA,2021,280923730249,222969322160,0.358,0.351,184.0,2.83,BR,Brazil,188063210620.0,1.4937729145581466
76,BRA,2022,324076310374,256179390768,0.432,0.287,181.0,1.757,BR,Brazil,188063210620.0,1.7232307653665857
84,BLZ,2012,474907044,1445845124,-0.519,-0.688,76.0,,BZ,Belize,412323915.6666667,1.1517814658704568
84,BLZ,2013,480346903,1242189810,-0.347,-0.613,78.0,,BZ,Belize,412323915.6666667,1.1649746346227583
84,BLZ,2014,447773715,1087917408,-0.224,-0.529,89.0,,BZ,Belize,412323915.6666667,1.0859756079780534
84,BLZ,2015,387739252,1020743988,-0.369,-0.582,82.0,,BZ,Belize,412323915.6666667,0.9403753633186255
84,BLZ,2016,381154085,904162146,-0.384,-0.657,79.0,,BZ,Belize,412323915.6666667,0.9244045046083013
84,BLZ,2017,468078410,1064281713,-0.278,-0.541,77.0,,BZ,Belize,412323915.6666667,1.135220132073073
84,BLZ,2018,419203523,1049550156,-0.297,-0.588,80.0,,BZ,Belize,412323915.6666667,1.0166849582862785
84,BLZ,2019,276129725,1118348786,-0.428,-0.754,74.0,,BZ,Belize,412323915.6666667,0.6696912657941249
84,BLZ,2020,343220111,1031411512,-0.327,-0.662,58.0,,BZ,Belize,412323915.6666667,0.8324040831952809
84,BLZ,2021,306755350,1193191840,-0.366,-0.671,68.0,,BZ,Belize,412323915.6666667,0.7439669113153964
84,BLZ,2022,324610329,1617033656,-0.121,-0.439,84.0,,BZ,Belize,412323915.6666667,0.7872701938114678
90,SLB,2012,595365142,430312277,-1.547,-0.976,35.0,,SB,Solomon Islands,593355461.3333334,1.0033869759320166
90,SLB,2013,571456052,443440667,-1.674,-1.014,34.0,,SB,Solomon Islands,593355461.3333334,0.9630922595974375
90,SLB,2014,588381231,390225492,-1.533,-0.969,37.0,,SB,Solomon Islands,593355461.3333334,0.9916167783774068
90,SLB,2015,582906264,351308285,-1.696,-1.06,32.0,,SB,Solomon Islands,593355461.3333334,0.9823896500255463
90,SLB,2016,507406594,400564662,-1.48,-1.031,30.0,,SB,Solomon Islands,593355461.3333334,0.8551477606017192
90,SLB,2017,689753526,447379191,-1.634,-1.066,34.0,,SB,Solomon Islands,593355461.3333334,1.1624625893727343
90,SLB,2018,747975859,495988102,-1.603,-1.029,38.0,,SB,Solomon Islands,593355461.3333334,1.2605864574318033
90,SLB,2019,571800960,439518077,-2.062,-1.115,21.0,,SB,Solomon Islands,593355461.3333334,0.9636735435367897
90,SLB,2020,443498651,371522557,-2.321,-1.11,23.0,,SB,Solomon Islands,593355461.3333334,0.7474417611382744
90,SLB,2021,428741912,482863600,-1.959,-1.088,27.0,,SB,Solomon Islands,593355461.3333334,0.7225717802218773
90,SLB,2022,458356224,551653870,-2.13,-1.126,27.0,,SB,Solomon Islands,593355461.3333334,0.7724816806607365
92,VGB,2012,1008643637,3296218948,0.605,-0.415,48.0,,VG,British Virgin Islands,605320355.6666666,1.6662972384088013
92,VGB,2013,846511655,2633797301,0.761,-0.496,50.0,,VG,British Virgin Islands,605320355.6666666,1.3984523188018327
92,VGB,2014,381403018,2607441844,0.443,-0.233,83.0,,VG,British Virgin Islands,605320355.6666666,0.6300845732834206
92,VGB,2015,520580489,2318080920,0.924,-0.335,51.0,,VG,British Virgin Islands,605320355.6666666,0.8600082322139344
92,VGB,2016,554397991,1616682659,0.883,-0.369,59.0,,VG,British Virgin Islands,605320355.6666666,0.9158753473430056
92,VGB,2017,740982587,1729001590,0.672,-0.584,36.0,,VG,British Virgin Islands,605320355.6666666,1.2241164204430601
92,VGB,2018,282830393,1736064744,0.858,-0.131,62.0,,VG,British Virgin Islands,605320355.6666666,0.4672408425593191
92,VGB,2019,327542895,1829188368,1.184,-0.378,41.0,,VG,British Virgin Islands,605320355.6666666,0.5411066915786472
92,VGB,2020,605572411,1150608862,1.192,-0.7,16.0,,VG,British Virgin Islands,605320355.6666666,1.0004163998963091
92,VGB,2021,243729897,2156331125,0.843,-0.504,37.0,,VG,British Virgin Islands,605320355.6666666,0.402646127324711
92,VGB,2022,176938614,1177207511,1.042,-0.342,43.0,,VG,British Virgin Islands,605320355.6666666,0.29230573917364716
96,BRN,2012,12810063028,5613410987,0.09,-0.971,4.0,,BN,Brunei,5159339195.0,2.482888320352041
96,BRN,2013,10988572615,6722183092,0.098,-0.923,10.0,,BN,Brunei,5159339195.0,2.129841090046804
96,BRN,2014,9672867439,5554871530,0.231,-0.799,16.0,,BN,Brunei,5159339195.0,1.8748268089010574
96,BRN,2015,5901773654,4811044753,0.656,-0.758,16.0,,BN,Brunei,5159339195.0,1.1439010754942232
96,BRN,2016,4622479634,3229544052,0.386,-0.872,15.0,,BN,Brunei,5159339195.0,0.895944123712533
96,BRN,2017,4953764297,2803988076,0.389,-0.903,11.0,,BN,Brunei,5159339195.0,0.9601548007932438
96,BRN,2018,6444886050,4575489467,0.58,-0.747,18.0,,BN,Brunei,5159339195.0,1.2491688967156578
96,BRN,2019,5894423377,4198862122,0.594,-0.708,18.0,,BN,Brunei,5159339195.0,1.1424764207618647
96,BRN,2020,6500659082,3918819554,0.276,-0.834,16.0,,BN,Brunei,5159339195.0,1.259979008222583
96,BRN,2021,9882237569,5855020130,0.17,-0.832,18.0,,BN,Brunei,5159339195.0,1.9154076123890125
96,BRN,2022,14003156737,6729678107,0.052,-0.91,11.0,,BN,Brunei,5159339195.0,2.714137645877342
100,BGR,2012,25911787008,30059282240,0.664,1.45,315.0,3.22,BG,Bulgaria,26183978526.333332,0.9896046539276073
100,BGR,2013,28480076048,31316537559,0.664,1.6,315.0,3.29,BG,Bulgaria,26183978526.333332,1.0876909335744174
100,BGR,2014,28646354516,32444406682,0.646,1.693,325.0,3.19,BG,Bulgaria,26183978526.333332,1.094041323292037
100,BGR,2015,24555673494,27492189522,0.653,1.676,328.0,3.68,BG,Bulgaria,26183978526.333332,0.9378129251559025
100,BGR,2016,24935255366,27171083652,0.699,1.47,319.0,4.79,BG,Bulgaria,26183978526.333332,0.9523096477077582
100,BGR,2017,29061006719,31958059895,0.668,1.791,342.0,1.96,BG,Bulgaria,26183978526.333332,1.1098774271363394
100,BGR,2018,31845177207,35896363838,0.714,1.657,332.0,2.06,BG,Bulgaria,26183978526.333332,1.2162084984515695
100,BGR,2019,31041400760,35208499522,0.703,1.783,343.0,2.0,BG,Bulgaria,26183978526.333332,1.1855112365289155
100,BGR,2020,30741606773,32452055487,0.738,1.554,332.0,1.62,BG,Bulgaria,26183978526.333332,1.1740617164837286
100,BGR,2021,39038208226,42867236057,0.748,1.567,325.0,1.62,BG,Bulgaria,26183978526.333332,1.4909196548087265
100,BGR,2022,47813548756,52196111586,0.748,1.475,313.0,1.621,BG,Bulgaria,26183978526.333332,1.826061257570683
104,MMR,2012,8419197763,15297548490,-1.581,-0.969,112.0,,MM,Myanmar,12334191229.0,0.6825901760956069
104,MMR,2013,10957087701,18625718236,-1.599,-0.89,114.0,,MM,Myanmar,12334191229.0,0.8883507234132895
104,MMR,2014,23733940047,22122442381,-1.803,-1.16,78.0,,MM,Myanmar,12334191229.0,1.9242396689291674
104,MMR,2015,13022057875,22249053869,-1.569,-0.902,111.0,,MM,Myanmar,12334191229.0,1.0557690920489944
104,MMR,2016,11163329289,21542146554,-1.254,-0.617,125.0,,MM,Myanmar,12334191229.0,0.9050718512254712
104,MMR,2017,12817186523,22729172806,-1.045,-0.565,143.0,6.36,MM,Myanmar,12334191229.0,1.0391590567255344
104,MMR,2018,16402754903,24834567735,-1.007,-0.265,157.0,6.38,MM,Myanmar,12334191229.0,1.3298605963262546
104,MMR,2019,18894413957,26237878910,-1.185,-0.547,143.0,6.62,MM,Myanmar,12334191229.0,1.5318729543105902
104,MMR,2020,17971949169,25548586674,-1.096,-0.506,145.0,4.5,MM,Myanmar,12334191229.0,1.4570837143131503
104,MMR,2021,19103024558,22614410810,-0.897,-0.365,145.0,4.5,MM,Myanmar,12334191229.0,1.5487861508977745
104,MMR,2022,25494049624,27767933440,-1.061,-0.364,141.0,3.63,MM,Myanmar,12334191229.0,2.0669413300532185
108,BDI,2012,193860201,505012084,-0.302,-0.687,53.0,,BI,Burundi,171636341.66666666,1.1294822478592215
108,BDI,2013,251726658,463002517,-0.894,-0.713,79.0,,BI,Burundi,171636341.66666666,1.4666279620948575
108,BDI,2014,242761061,435353931,-0.634,-0.424,90.0,,BI,Burundi,171636341.66666666,1.4143919559382359
108,BDI,2015,211277451,396858590,-1.146,-0.808,75.0,,BI,Burundi,171636341.66666666,1.230959882670536
108,BDI,2016,157956976,435047612,-1.379,-0.877,78.0,,BI,Burundi,171636341.66666666,0.9203002957658395
108,BDI,2017,145674598,492600613,-1.025,-0.854,54.0,,BI,Burundi,171636341.66666666,0.8487398215636248
108,BDI,2018,197292312,461094767,-0.977,-0.852,66.0,,BI,Burundi,171636341.66666666,1.1494786598467566
108,BDI,2019,208734881,567930873,-1.175,-0.868,61.0,,BI,Burundi,171636341.66666666,1.2161461784438523
108,BDI,2020,157592548,632385656,-1.195,-0.902,57.0,,BI,Burundi,171636341.66666666,0.9181770391381274
108,BDI,2021,137679752,731161804,-0.935,-0.853,66.0,,BI,Burundi,171636341.66666666,0.8021596747114698
108,BDI,2022,155071766,814439679,-0.836,-0.99,54.0,,BI,Burundi,171636341.66666666,0.9034902777243029
112,BLR,2012,31783715864,37297786645,0.979,0.364,214.0,3.59,BY,Belarus,20995151069.666668,1.513859831659912
112,BLR,2013,27257372036,33647034691,0.946,0.537,243.0,3.67,BY,Belarus,20995151069.666668,1.2982698693404904
112,BLR,2014,27645289873,32010385588,0.906,0.396,213.0,3.3,BY,Belarus,20995151069.666668,1.3167464135536184
112,BLR,2015,19189676093,23592017907,0.854,0.36,216.0,3.21,BY,Belarus,20995151069.666668,0.9140051447748248
112,BLR,2016,19398343982,24102990093,0.864,0.636,244.0,4.67,BY,Belarus,20995151069.666668,0.9239440058150522
112,BLR,2017,24397433134,30656712553,0.903,0.74,250.0,4.45,BY,Belarus,20995151069.666668,1.1620508494101227
112,BLR,2018,26910374432,34416651706,0.884,0.651,241.0,4.36,BY,Belarus,20995151069.666668,1.2817423576856046
112,BLR,2019,27262796860,34525142006,0.892,0.729,258.0,4.44,BY,Belarus,20995151069.666668,1.2985282539542518
112,BLR,2020,24773007431,29632454250,0.911,0.832,276.0,4.01,BY,Belarus,20995151069.666668,1.1799394702518475
112,BLR,2021,31532817855,35333786815,0.884,0.797,285.0,4.01,BY,Belarus,20995151069.666668,1.5019095480840774
112,BLR,2022,9799267589,12751460245,0.804,0.2,193.0,2.46,BY,Belarus,20995151069.666668,0.466739560791147
116,KHM,2012,7797481469,14382552976,-1.125,-1.114,83.0,3.71,KH,Cambodia,13227752680.0,0.5894789279504431
116,KHM,2013,8655288095,19288931386,-0.801,-0.911,104.0,3.62,KH,Cambodia,13227752680.0,0.6543279349398904
116,KHM,2014,10199649393,17586035947,-0.896,-0.878,100.0,3.76,KH,Cambodia,13227752680.0,0.7710795355602309
116,KHM,2015,11661774239,18240392487,-0.557,-0.854,105.0,4.25,KH,Cambodia,13227752680.0,0.8816141729526198
116,KHM,2016,13575232132,16993102938,-0.372,-0.741,114.0,4.64,KH,Cambodia,13227752680.0,1.0262689710343147
116,KHM,2017,14446251669,20063077389,-0.225,-0.639,122.0,5.63,KH,Cambodia,13227752680.0,1.0921168560130654
116,KHM,2018,16347041451,25993903333,-0.328,-0.614,125.0,6.04,KH,Cambodia,13227752680.0,1.2358139622398807
116,KHM,2019,20788561335,26690461480,-0.494,-0.675,124.0,6.2,KH,Cambodia,13227752680.0,1.571586787106455
116,KHM,2020,20633300872,24482403604,-0.347,-0.601,131.0,6.14,KH,Cambodia,13227752680.0,1.5598493085826277
116,KHM,2021,22331059373,34194503212,-0.138,-0.572,137.0,6.14,KH,Cambodia,13227752680.0,1.6881975278207273
116,KHM,2022,28015045746,40171237670,-0.31,-0.558,128.0,3.499,KH,Cambodia,13227752680.0,2.117899118900067
120,CMR,2012,4720440764,6499134703,-1.098,-1.034,75.0,4.08,CM,Cameroon,3668924057.6666665,1.2866008371408126
120,CMR,2013,4680994398,7530557541,-0.879,-1.084,62.0,3.3,CM,Cameroon,3668924057.6666665,1.2758493564941713
120,CMR,2014,5249354665,8012722175,-0.691,-1.04,60.0,4.35,CM,Cameroon,3668924057.6666665,1.430761330159132
120,CMR,2015,4080435479,6184179417,-0.729,-1.045,64.0,4.57,CM,Cameroon,3668924057.6666665,1.112161335275782
120,CMR,2016,3316948343,5467992519,-1.046,-1.127,84.0,4.26,CM,Cameroon,3668924057.6666665,0.9040656854340797
120,CMR,2017,3609388351,5499749496,-0.9,-1.089,68.0,3.88,CM,Cameroon,3668924057.6666665,0.9837729792901384
120,CMR,2018,4159903213,6224481612,-1.398,-1.183,68.0,3.11,CM,Cameroon,3668924057.6666665,1.1338210188099622
120,CMR,2019,4633483435,6624711959,-1.234,-1.204,63.0,3.55,CM,Cameroon,3668924057.6666665,1.262899793556034
120,CMR,2020,3703285050,6893117283,-0.948,-1.154,69.0,3.17,CM,Cameroon,3668924057.6666665,1.0093654138906287
120,CMR,2021,4816604553,8291573779,-1.048,-1.18,65.0,3.17,CM,Cameroon,3668924057.6666665,1.312811188592229
120,CMR,2022,6687109641,8628452281,-1.213,-1.132,58.0,3.009,CM,Cameroon,3668924057.6666665,1.8226350657290016
124,CAN,2012,442066231970,450226761974,0.976,1.084,255.0,2.94,CA,Canada,392747217532.0,1.1255744464541793
124,CAN,2013,447731252207,463752961608,0.966,0.899,243.0,2.87,CA,Canada,392747217532.0,1.1399985339692955
124,CAN,2014,466595709917,451399128020,0.941,0.903,238.0,2.72,CA,Canada,392747217532.0,1.1880305934413986
124,CAN,2015,398546902779,408394708294,0.953,0.997,259.0,3.59,CA,Canada,392747217532.0,1.0147669671180484
124,CAN,2016,373940113397,387074551098,0.943,1.105,268.0,3.72,CA,Canada,392747217532.0,0.9521139723072191
124,CAN,2017,405754636420,405082888114,0.938,1.186,271.0,3.06,CA,Canada,392747217532.0,1.0331190605747327
124,CAN,2018,437429015238,435362316396,0.893,1.145,261.0,3.15,CA,Canada,392747217532.0,1.1137673182938832
124,CAN,2019,438113666971,429188031830,0.916,1.073,268.0,2.69,CA,Canada,392747217532.0,1.1155105559348837
124,CAN,2020,377667663862,383523322276,0.894,1.119,267.0,2.36,CA,Canada,392747217532.0,0.9616049382481714
124,CAN,2021,487208084399,475757898238,0.858,1.182,266.0,2.36,CA,Canada,392747217532.0,1.2405131408965453
124,CAN,2022,600069697454,545512417548,0.867,1.039,249.0,2.034,CA,Canada,392747217532.0,1.5278776542958141
132,CPV,2012,86671054,730088537,-0.176,-0.845,43.0,,CV,Cabo Verde,79360196.66666667,1.0921224699585967
132,CPV,2013,114316162,761269676,-0.317,-1.061,32.0,,CV,Cabo Verde,79360196.66666667,1.4404722619344987
132,CPV,2014,83625964,718443062,-0.238,-0.917,45.0,,CV,Cabo Verde,79360196.66666667,1.053751975329026
132,CPV,2015,74890069,568784548,-0.156,-0.86,45.0,,CV,Cabo Verde,79360196.66666667,0.9436729260457561
132,CPV,2016,81561695,773959494,0.269,-0.585,49.0,,CV,Cabo Verde,79360196.66666667,1.0277405856563107
132,CPV,2017,81628826,757904252,-0.054,-0.729,50.0,,CV,Cabo Verde,79360196.66666667,1.028586488297933
132,CPV,2018,101093913,817479619,0.085,-0.929,36.0,,CV,Cabo Verde,79360196.66666667,1.2738616743179274
132,CPV,2019,118566828,920169486,0.242,-0.763,49.0,,CV,Cabo Verde,79360196.66666667,1.4940339487565952
132,CPV,2020,78040393,826745196,-0.005,-0.774,45.0,,CV,Cabo Verde,79360196.66666667,0.9833694506553432
132,CPV,2021,119818132,911946990,0.108,-0.664,49.0,,CV,Cabo Verde,79360196.66666667,1.5098013491986053
132,CPV,2022,102543993,1029383911,0.174,-0.606,68.0,,CV,Cabo Verde,79360196.66666667,1.2921338064560408
136,CYM,2012,503278998,2095171459,0.498,-0.735,14.0,,KY,Cayman Islands,1389682617.3333333,0.36215391321922397
136,CYM,2013,694267592,2299497134,0.368,-0.846,14.0,,KY,Cayman Islands,1389682617.3333333,0.4995871599316918
136,CYM,2014,330465718,2694436369,0.763,-0.748,18.0,,KY,Cayman Islands,1389682617.3333333,0.2377994182830982
136,CYM,2015,582792095,2682894065,0.387,-0.917,9.0,,KY,Cayman Islands,1389682617.3333333,0.419370644585252
136,CYM,2016,1747936319,4632573167,0.704,-0.876,10.0,,KY,Cayman Islands,1389682617.3333333,1.257795339164651
136,CYM,2017,1838319438,5815890071,0.529,-0.972,5.0,,KY,Cayman Islands,1389682617.3333333,1.3228340162500971
136,CYM,2018,836267848,5117814239,0.31,-0.99,12.0,,KY,Cayman Islands,1389682617.3333333,0.601768948945132
136,CYM,2019,1228797795,4484665528,0.291,-0.964,7.0,,KY,Cayman Islands,1389682617.3333333,0.8842290891987584
136,CYM,2020,1591113225,4001326914,0.091,-0.88,9.0,,KY,Cayman Islands,1389682617.3333333,1.1449472024433842
136,CYM,2021,1967720530,6240821175,0.257,-0.864,6.0,,KY,Cayman Islands,1389682617.3333333,1.4159495883857751
136,CYM,2022,1897961729,4653186392,-0.12,-0.95,18.0,,KY,Cayman Islands,1389682617.3333333,1.3657519388434212
140,CAF,2012,150175134,328073281,-0.469,-0.801,39.0,,CF,Central African Republic,109055939.33333333,1.3770468157720819
140,CAF,2013,108614819,378020762,-0.141,-0.795,45.0,,CF,Central African Republic,109055939.33333333,0.9959551003271355
140,CAF,2014,73963269,249757473,0.807,0.575,129.0,,CF,Central African Republic,109055939.33333333,0.6782140381545718
140,CAF,2015,75079607,327646133,-0.366,-0.761,42.0,,CF,Central African Republic,109055939.33333333,0.6884504178219631
140,CAF,2016,128774881,259577507,-0.88,-0.77,52.0,,CF,Central African Republic,109055939.33333333,1.1808149266074819
140,CAF,2017,123313330,305912941,-0.359,-0.663,67.0,,CF,Central African Republic,109055939.33333333,1.130734655570555
140,CAF,2018,102704680,369023612,-0.508,-0.727,42.0,,CF,Central African Republic,109055939.33333333,0.9417614540559732
140,CAF,2019,93289127,466556981,-0.354,-0.789,45.0,,CF,Central African Republic,109055939.33333333,0.8554245423979935
140,CAF,2020,114961653,391658580,-0.443,-0.614,44.0,,CF,Central African Republic,109055939.33333333,1.0541530677079003
140,CAF,2021,110041545,426956092,-0.297,-0.766,40.0,,CF,Central African Republic,109055939.33333333,1.0090376156740453
140,CAF,2022,146178887,549141374,-0.108,-0.578,47.0,,CF,Central African Republic,109055939.33333333,1.3404028051438728
144,LKA,2012,9022454933,16727317599,-0.371,0.459,212.0,3.54,LK,Sri Lanka,10339650475.0,0.8726073434315003
144,LKA,2013,9848488260,17943542337,-0.478,0.404,203.0,3.62,LK,Sri Lanka,10339650475.0,0.9524972129195692
144,LKA,2014,10638385704,19601144965,-0.391,0.445,201.0,3.57,LK,Sri Lanka,10339650475.0,1.0288921980218098
144,LKA,2015,9689049221,18971157493,-0.45,0.495,201.0,3.77,LK,Sri Lanka,10339650475.0,0.9370770554021073
144,LKA,2016,10166891899,17595028690,-0.402,0.412,195.0,4.5,LK,Sri Lanka,10339650475.0,0.9832916425542905
144,LKA,2017,11163010305,19175309814,-0.258,0.397,205.0,4.74,LK,Sri Lanka,10339650475.0,1.0796313020436021
144,LKA,2018,9881330825,20248954342,-0.339,0.508,204.0,4.54,LK,Sri Lanka,10339650475.0,0.9556735838306952
144,LKA,2019,11547155584,17967741247,-0.322,0.382,195.0,4.44,LK,Sri Lanka,10339650475.0,1.1167839388690748
144,LKA,2020,10328442407,14623482469,-0.332,0.5,204.0,4.15,LK,Sri Lanka,10339650475.0,0.9989160109399152
144,LKA,2021,12741618083,19292326698,-0.225,0.328,194.0,4.15,LK,Sri Lanka,10339650475.0,1.2323064608235705
144,LKA,2022,13841484675,17125050363,-0.227,0.425,194.0,4.111,LK,Sri Lanka,10339650475.0,1.3386801331889315
148,TCD,2012,2659961443,830599183,-2.483,-1.069,7.0,,TD,Chad,1456398808.0,1.8263963334691222
148,TCD,2013,2574736451,1256318566,-2.847,-1.128,10.0,,TD,Chad,1456398808.0,1.7678787134794194
148,TCD,2014,2543899208,1374000515,-2.829,-1.08,9.0,,TD,Chad,1456398808.0,1.746705087937699
148,TCD,2015,1919702411,911226035,-2.055,-1.069,10.0,,TD,Chad,1456398808.0,1.3181158899987235
148,TCD,2016,1348839999,653346392,-2.279,-1.132,11.0,,TD,Chad,1456398808.0,0.926147420329391
148,TCD,2017,1100654014,603413163,-1.981,-1.086,11.0,,TD,Chad,1456398808.0,0.7557366896718856
148,TCD,2018,1367458503,900931291,-2.11,-1.1,11.0,,TD,Chad,1456398808.0,0.9389313527919338
148,TCD,2019,1064188313,1115796757,-1.626,-1.069,12.0,,TD,Chad,1456398808.0,0.7306984235048893
148,TCD,2020,1362858669,1156906074,-1.942,-1.038,11.0,,TD,Chad,1456398808.0,0.9357729912396358
148,TCD,2021,2390966011,1264765015,-2.117,-1.056,11.0,3.066,TD,Chad,1456398808.0,1.6416973138582793
148,TCD,2022,3835953176,1319339156,-2.502,-1.07,11.0,2.752,TD,Chad,1456398808.0,2.6338617931634563
152,CHL,2012,75016265706,71545780425,0.075,-0.549,138.0,2.03,CL,Chile,59685288292.666664,1.2568635898708895
152,CHL,2013,71700228115,70214715322,0.062,-0.483,137.0,2.06,CL,Chile,59685288292.666664,1.201304880415725
152,CHL,2014,71402515667,65108577016,0.007,-0.585,140.0,1.89,CL,Chile,59685288292.666664,1.1963168430531481
152,CHL,2015,58312769357,58607214922,-0.067,-0.531,139.0,2.64,CL,Chile,59685288292.666664,0.9770040662459981
152,CHL,2016,56392946596,55141347824,-0.147,-0.586,135.0,3.07,CL,Chile,59685288292.666664,0.9448383045328913
152,CHL,2017,64350148925,60467800143,-0.063,-0.587,136.0,3.02,CL,Chile,59685288292.666664,1.0781576292211106
152,CHL,2018,68881656244,68308160747,-0.079,-0.614,134.0,3.11,CL,Chile,59685288292.666664,1.15408098401467
152,CHL,2019,64772210959,65666923103,-0.059,-0.562,137.0,3.22,CL,Chile,59685288292.666664,1.0852290876336161
152,CHL,2020,72386652487,55267677745,-0.16,-0.761,112.0,2.64,CL,Chile,59685288292.666664,1.2128056101874256
152,CHL,2021,86287171541,84651171881,-0.198,-0.797,113.0,2.64,CL,Chile,59685288292.666664,1.445702517476184
152,CHL,2022,94437957506,92519064279,-0.163,-0.72,123.0,1.91,CL,Chile,59685288292.666664,1.5822652483962834
156,CHN,2012,2065917763059,1413173586235,1.21,0.624,538.0,4.32,CN,China,2206283491609.0,0.9363791058203341
156,CHN,2013,2207136277619,1521271738964,1.209,0.625,537.0,4.34,CN,China,2206283491609.0,1.0003865260349558
156,CHN,2014,2327303135000,1527918058058,1.261,0.445,557.0,4.28,CN,China,2206283491609.0,1.0548522634789523
156,CHN,2015,2238668198404,1295361257925,1.285,0.547,535.0,4.41,CN,China,2206283491609.0,1.0146783978206637
156,CHN,2016,2106488560708,1244195287373,1.294,0.773,518.0,4.92,CN,China,2206283491609.0,0.9547678567688409
156,CHN,2017,2273693715715,1445496094030,1.295,0.495,527.0,6.09,CN,China,2206283491609.0,1.0305537454104954
156,CHN,2018,2466133757274,1668792872409,1.311,0.401,540.0,5.96,CN,China,2206283491609.0,1.1177773693422763
156,CHN,2019,2457739657934,1648773952239,1.301,0.439,543.0,6.18,CN,China,2206283491609.0,1.1139727361788931
156,CHN,2020,2556050538558,1647487636505,1.341,0.546,524.0,5.82,CN,China,2206283491609.0,1.1585322322717113
156,CHN,2021,3200344367475,2117917657332,1.384,0.075,540.0,5.82,CN,China,2206283491609.0,1.4505589964511092
156,CHN,2022,3503332992913,2152209434216,1.361,-0.396,592.0,4.772,CN,China,2206283491609.0,1.5878888666107396
158,TWN,2012,326740914645,304776277206,1.594,1.663,303.0,,,Taiwan,332286821484.0,0.9833098802587721
158,TWN,2013,348316320498,275553032501,1.675,1.694,281.0,,,Taiwan,332286821484.0,1.0482399480738114
158,TWN,2014,355009653946,291743306712,1.709,1.659,270.0,,,Taiwan,332286821484.0,1.0683831888382433
158,TWN,2015,326767217487,222278522978,1.769,1.836,268.0,,,Taiwan,332286821484.0,0.9833890373011204
158,TWN,2016,316155294908,216472513873,1.767,1.8,265.0,,,Taiwan,332286821484.0,0.9514530052562534
158,TWN,2017,353937952057,219511520059,1.745,1.705,264.0,,,Taiwan,332286821484.0,1.0651579574426262
158,TWN,2018,383385001512,245696015551,1.775,1.669,260.0,,,Taiwan,332286821484.0,1.1537773294763676
158,TWN,2019,381376557675,249220378739,1.798,1.696,251.0,,,Taiwan,332286821484.0,1.1477330216460713
158,TWN,2020,413191873800,245210610721,1.855,1.744,231.0,,,Taiwan,332286821484.0,1.2434795697123235
158,TWN,2021,525720088028,322430081354,1.856,1.653,219.0,3.02,,Taiwan,332286821484.0,1.5821274093270474
158,TWN,2022,561929266212,366409145320,1.836,1.75,219.0,1.219,,Taiwan,332286821484.0,1.691097057964598
162,CXR,2012,32036987,58707947,1.152,-0.697,20.0,,CX,Christmas Island,22147313.666666668,1.4465405367973823
162,CXR,2013,25251585,55509428,0.99,-0.549,29.0,,CX,Christmas Island,22147313.666666668,1.140164689047841
162,CXR,2014,30610860,44497547,1.032,-0.555,30.0,,CX,Christmas Island,22147313.666666668,1.382147761155864
162,CXR,2015,29755893,25753421,0.71,-0.797,18.0,,CX,Christmas Island,22147313.666666668,1.3435441177132377
162,CXR,2016,19436912,33385729,1.112,-0.551,33.0,,CX,Christmas Island,22147313.666666668,0.877619394051116
162,CXR,2017,17249136,31833083,0.669,-0.404,52.0,,CX,Christmas Island,22147313.666666668,0.7788364882356462
162,CXR,2018,17845506,31496025,0.778,-0.737,18.0,,CX,Christmas Island,22147313.666666668,0.8057639074692293
162,CXR,2019,14780066,26605272,1.29,-0.429,34.0,,CX,Christmas Island,22147313.666666668,0.6673525386622886
162,CXR,2020,12706463,24493841,1.465,-0.325,38.0,,CX,Christmas Island,22147313.666666668,0.5737247953066271
162,CXR,2021,11497052,36011317,1.473,-0.323,43.0,,CX,Christmas Island,22147313.666666668,0.5191172244651913
162,CXR,2022,13678645,50210205,1.257,-0.121,49.0,,CX,Christmas Island,22147313.666666668,0.6176209542102329
166,CCK,2012,5615966,18880631,1.081,0.098,78.0,,CC,Cocos (Keeling) Islands,5045413.0,1.1130835077326673
166,CCK,2013,5519402,29639501,1.575,0.059,62.0,,CC,Cocos (Keeling) Islands,5045413.0,1.0939445393271077
166,CCK,2014,6907140,13136928,1.087,-0.348,54.0,,CC,Cocos (Keeling) Islands,5045413.0,1.3689939753197606
166,CCK,2015,8378471,7062575,1.261,-0.082,56.0,,CC,Cocos (Keeling) Islands,5045413.0,1.6606115297201636
166,CCK,2016,3573090,10295133,1.575,0.169,69.0,,CC,Cocos (Keeling) Islands,5045413.0,0.7081858313680168
166,CCK,2017,3184678,9596328,1.29,0.442,91.0,,CC,Cocos (Keeling) Islands,5045413.0,0.6312026389118195
166,CCK,2018,4140834,7317602,1.051,0.081,90.0,,CC,Cocos (Keeling) Islands,5045413.0,0.8207125957775905
166,CCK,2019,3724671,7483810,1.558,0.042,68.0,,CC,Cocos (Keeling) Islands,5045413.0,0.7382291598329017
166,CCK,2020,4151868,6867664,1.377,0.333,82.0,,CC,Cocos (Keeling) Islands,5045413.0,0.8228995327042603
166,CCK,2021,6844948,11710623,1.636,0.23,74.0,,CC,Cocos (Keeling) Islands,5045413.0,1.3566675314785925
166,CCK,2022,2799961,11986174,1.396,0.511,87.0,,CC,Cocos (Keeling) Islands,5045413.0,0.5549517948282926
170,COL,2012,58179566348,52532740985,0.287,-0.436,127.0,3.17,CO,Colombia,36550946934.333336,1.5917389624001859
170,COL,2013,56834977840,54178143374,0.295,-0.49,122.0,3.44,CO,Colombia,36550946934.333336,1.5549522681890713
170,COL,2014,54833838364,57957491442,0.274,-0.398,124.0,3.02,CO,Colombia,36550946934.333336,1.5002029485723947
170,COL,2015,37952611192,48500514149,0.269,-0.155,146.0,3.18,CO,Colombia,36550946934.333336,1.0383482337731185
170,COL,2016,33008348754,41217050750,0.228,-0.092,157.0,3.75,CO,Colombia,36550946934.333336,0.9030778002359858
170,COL,2017,38691880857,43145288934,0.264,-0.145,145.0,2.76,CO,Colombia,36550946934.333336,1.0585739659908955
170,COL,2018,42988664355,48056522533,0.195,-0.246,142.0,2.95,CO,Colombia,36550946934.333336,1.176129976392473
170,COL,2019,39108510516,48607526814,0.14,-0.231,141.0,3.09,CO,Colombia,36550946934.333336,1.0699725669559679
170,COL,2020,30690735248,40679008023,0.15,-0.096,158.0,2.74,CO,Colombia,36550946934.333336,0.8396700447498209
170,COL,2021,40981557748,58766454609,0.108,-0.031,157.0,2.74,CO,Colombia,36550946934.333336,1.1212174016073129
170,COL,2022,59567534846,68836116980,0.142,-0.281,137.0,2.184,CO,Colombia,36550946934.333336,1.6297124928943094
174,COM,2012,49026929,239920771,-0.26,-0.906,28.0,,KM,Comoros,60357260.666666664,0.8122788950075059
174,COM,2013,46255065,239328514,-0.428,-0.797,39.0,,KM,Comoros,60357260.666666664,0.7663546106814147
174,COM,2014,51193162,250281589,-0.52,-0.804,43.0,,KM,Comoros,60357260.666666664,0.8481690758419774
174,COM,2015,41237998,417350636,-0.663,-0.953,29.0,,KM,Comoros,60357260.666666664,0.6832317693764123
174,COM,2016,69941798,409632073,-0.709,-0.995,22.0,,KM,Comoros,60357260.666666664,1.1587967582933492
174,COM,2017,69891986,378490679,-0.55,-1.044,19.0,,KM,Comoros,60357260.666666664,1.1579714723302386
174,COM,2018,82611189,371601549,-0.527,-0.925,21.0,,KM,Comoros,60357260.666666664,1.368703418404531
174,COM,2019,58007585,319628696,0.056,-0.789,31.0,,KM,Comoros,60357260.666666664,0.9610705383128113
174,COM,2020,50898707,286097753,-0.39,-0.861,23.0,,KM,Comoros,60357260.666666664,0.8432905409855634
174,COM,2021,48254480,367060332,0.198,-0.664,34.0,,KM,Comoros,60357260.666666664,0.7994809483898491
174,COM,2022,63829356,350390756,0.016,-0.795,29.0,,KM,Comoros,60357260.666666664,1.0575257275592505
178,COG,2012,9374484328,6941475544,-1.093,-1.077,41.0,3.16,CG,Republic of the Congo,6725829586.0,1.39380342724015
178,COG,2013,10106646776,7549203525,-1.515,-1.145,25.0,3.0,CG,Republic of the Congo,6725829586.0,1.5026617381203449
178,COG,2014,9854559807,8233924556,-1.25,-1.185,26.0,2.91,CG,Republic of the Congo,6725829586.0,1.4651813104977471
178,COG,2015,7489950913,7090645472,-1.353,-1.184,34.0,3.43,CG,Republic of the Congo,6725829586.0,1.1136099743874777
178,COG,2016,5699591048,7429817315,-1.024,-1.026,43.0,3.28,CG,Republic of the Congo,6725829586.0,0.8474182961554447
178,COG,2017,6987946797,3402341189,-1.26,-1.132,29.0,2.69,CG,Republic of the Congo,6725829586.0,1.0389717294570775
178,COG,2018,11276426423,3061106154,-1.486,-1.211,19.0,3.02,CG,Republic of the Congo,6725829586.0,1.67658521210115
178,COG,2019,8636837372,2785078679,-1.322,-1.126,30.0,4.08,CG,Republic of the Congo,6725829586.0,1.2841296767283275
178,COG,2020,5896300165,2765901616,-1.681,-1.224,22.0,3.0,CG,Republic of the Congo,6725829586.0,0.8766651146311099
178,COG,2021,8172378807,3293543140,-1.343,-1.201,35.0,3.0,CG,Republic of the Congo,6725829586.0,1.2150737247359096
178,COG,2022,11187723254,4069332462,-1.95,-1.26,24.0,2.894,CG,Republic of the Congo,6725829586.0,1.6633967767020972
180,COD,2012,5752141866,5960091697,-1.852,-1.228,26.0,,CD,Democratic Republic of the Congo,5676795831.0,1.0132726342893201
180,COD,2013,6160792717,6930208235,-1.881,-1.119,32.0,,CD,Democratic Republic of the Congo,5676795831.0,1.0852588150796223
180,COD,2014,6824304063,6612107489,-2.316,-1.183,31.0,,CD,Democratic Republic of the Congo,5676795831.0,1.202140127311547
180,COD,2015,5647993912,6046753266,-1.731,-1.203,36.0,,CD,Democratic Republic of the Congo,5676795831.0,0.9949263775098767
180,COD,2016,4768533565,4816188411,-1.692,-1.246,36.0,,CD,Democratic Republic of the Congo,5676795831.0,0.8400044156881358
180,COD,2017,6613860016,4859603257,-1.648,-1.179,37.0,2.05,CD,Democratic Republic of the Congo,5676795831.0,1.1650692068019877
180,COD,2018,10556392273,7046827608,-2.06,-1.297,27.0,1.92,CD,Democratic Republic of the Congo,5676795831.0,1.8595687756380752
180,COD,2019,8382023813,7273551214,-2.042,-1.193,29.0,2.5,CD,Democratic Republic of the Congo,5676795831.0,1.476541355816818
180,COD,2020,10566002324,6667618963,-2.125,-1.242,27.0,2.2,CD,Democratic Republic of the Congo,5676795831.0,1.8612616409948881
180,COD,2021,16897335612,8995751383,-2.457,-1.276,22.0,2.2,CD,Democratic Republic of the Congo,5676795831.0,2.97656215143877
180,COD,2022,21512745632,13024047636,-2.521,-1.199,22.0,2.826,CD,Democratic Republic of the Congo,5676795831.0,3.7895929803433512
184,COK,2012,41040401,138353645,-0.052,-0.788,33.0,,CK,Cook Islands,29870492.0,1.3739445938821497
184,COK,2013,21218561,168758382,0.394,-0.446,49.0,,CK,Cook Islands,29870492.0,0.7103519084988623
184,COK,2014,27255707,173396113,0.053,-0.757,29.0,,CK,Cook Islands,29870492.0,0.912462606909856
184,COK,2015,20348639,146790252,0.308,-0.672,34.0,,CK,Cook Islands,29870492.0,0.681228785920232
184,COK,2016,31112014,150657897,0.01,-0.823,30.0,,CK,Cook Islands,29870492.0,1.0415634934971945
184,COK,2017,38150823,154751090,0.227,-0.787,30.0,,CK,Cook Islands,29870492.0,1.2772077205825736
184,COK,2018,35236977,156894759,0.8,-0.608,32.0,,CK,Cook Islands,29870492.0,1.1796584066978206
184,COK,2019,26074731,210737297,0.496,-0.75,27.0,,CK,Cook Islands,29870492.0,0.8729260636215834
184,COK,2020,22806673,101688088,0.587,-0.767,26.0,,CK,Cook Islands,29870492.0,0.7635184917610329
184,COK,2021,25515059,176513878,0.042,-0.805,30.0,,CK,Cook Islands,29870492.0,0.8541894455571739
184,COK,2022,21854830,180718269,0.16,-0.693,34.0,,CK,Cook Islands,29870492.0,0.7316528298228231
188,CRI,2012,28000176547,15187422128,0.29,0.118,173.0,3.28,CR,Costa Rica,11926742096.0,2.347680223285009
188,CRI,2013,27591665542,15392186819,0.334,0.016,158.0,3.19,CR,Costa Rica,11926742096.0,2.313428538984985
188,CRI,2014,23917641376,14965608706,0.318,-0.004,155.0,2.91,CR,Costa Rica,11926742096.0,2.0053792715130077
188,CRI,2015,11396838689,13572264524,0.248,0.086,165.0,3.54,CR,Costa Rica,11926742096.0,0.9555701462532908
188,CRI,2016,11259148410,13808504222,0.227,-0.051,156.0,4.05,CR,Costa Rica,11926742096.0,0.9440254781543488
188,CRI,2017,13124239189,14126175220,0.205,-0.091,157.0,3.37,CR,Costa Rica,11926742096.0,1.1004043755923605
188,CRI,2018,12483125088,15042613784,0.229,0.007,160.0,3.45,CR,Costa Rica,11926742096.0,1.0466500396773566
188,CRI,2019,12784832914,13984622097,0.257,0.036,163.0,3.67,CR,Costa Rica,11926742096.0,1.0719467907575353
188,CRI,2020,13052345562,13290204844,0.166,-0.038,155.0,3.13,CR,Costa Rica,11926742096.0,1.0943764405182792
188,CRI,2021,16682024462,17304538411,0.178,0.093,162.0,3.13,CR,Costa Rica,11926742096.0,1.398707570577453
188,CRI,2022,19249601230,20017554000,0.157,-0.064,151.0,2.163,CR,Costa Rica,11926742096.0,1.6139865417611359
191,HRV,2012,11745507178,18685969447,0.864,1.046,286.0,2.97,HR,Croatia,12674705409.0,0.9266887709800183
191,HRV,2013,11979543433,20851294837,0.866,1.185,294.0,3.05,HR,Croatia,12674705409.0,0.9451535989541514
191,HRV,2014,12471145992,22077118236,0.815,1.442,318.0,2.99,HR,Croatia,12674705409.0,0.9839397121722878
191,HRV,2015,11627058369,20197368822,0.828,1.197,294.0,3.09,HR,Croatia,12674705409.0,0.9173434800893998
191,HRV,2016,12470393204,21051884017,0.851,1.288,307.0,4.19,HR,Croatia,12674705409.0,0.9838803192336981
191,HRV,2017,13926664654,24124583571,0.853,1.34,311.0,2.21,HR,Croatia,12674705409.0,1.098776200676902
191,HRV,2018,15404292643,27916225904,0.871,1.289,323.0,2.16,HR,Croatia,12674705409.0,1.2153570553254662
191,HRV,2019,15304122402,28616570507,0.879,1.141,300.0,2.2,HR,Croatia,12674705409.0,1.2074538940473454
191,HRV,2020,15272696824,25843051837,0.868,1.239,302.0,1.86,HR,Croatia,12674705409.0,1.204974500879147
191,HRV,2021,19963678204,33341995303,0.874,1.344,314.0,1.86,HR,Croatia,12674705409.0,1.5750802531334793
191,HRV,2022,23063035382,41162817765,0.916,1.186,307.0,1.762,HR,Croatia,12674705409.0,1.8196111576387013
192,CUB,2012,2589302396,6677131380,-0.118,-0.861,74.0,1.78,CU,Cuba,1878097941.6666667,1.3786833681858968
192,CUB,2013,2487603670,7292648494,-0.227,-0.946,65.0,1.15,CU,Cuba,1878097941.6666667,1.324533515963733
192,CUB,2014,1881977516,6260818640,-0.801,-1.029,59.0,0.95,CU,Cuba,1878097941.6666667,1.0020656932991954
192,CUB,2015,1558833108,7185478880,-0.832,-1.188,52.0,,CU,Cuba,1878097941.6666667,0.8300062916935291
192,CUB,2016,1896165119,8313558632,-0.323,-0.905,61.0,2.38,CU,Cuba,1878097941.6666667,1.0096199335149156
192,CUB,2017,2179295598,8472716061,-0.574,-1.055,55.0,1.65,CU,Cuba,1878097941.6666667,1.1603737747915552
192,CUB,2018,2123280532,9241763044,-0.893,-1.075,59.0,1.79,CU,Cuba,1878097941.6666667,1.1305483515496282
192,CUB,2019,1836140982,7730642285,-0.552,-1.112,50.0,2.24,CU,Cuba,1878097941.6666667,0.9776598660081416
192,CUB,2020,1654407776,5098778229,-1.035,-1.204,43.0,1.37,CU,Cuba,1878097941.6666667,0.8808953672202212
192,CUB,2021,1846259296,5675515135,-0.776,-1.142,41.0,1.38,CU,Cuba,1878097941.6666667,0.9830473986684569
192,CUB,2022,1614576277,4470202414,-0.731,-1.023,48.0,0.984,CU,Cuba,1878097941.6666667,0.8596869424004524
196,CYP,2012,4287656912,14183408756,0.641,0.176,156.0,,CY,Cyprus,3376315672.6666665,1.2699218105437227
196,CYP,2013,4328853194,13538771420,0.566,0.249,173.0,,CY,Cyprus,3376315672.6666665,1.2821233598045068
196,CYP,2014,3615488686,12343382421,0.593,0.323,184.0,,CY,Cyprus,3376315672.6666665,1.070838463141816
196,CYP,2015,3842202054,9757526523,0.596,-0.229,141.0,,CY,Cyprus,3376315672.6666665,1.1379866181071183
196,CYP,2016,3002169239,9342623263,0.615,0.062,175.0,,CY,Cyprus,3376315672.6666665,0.8891849963273251
196,CYP,2017,3284575725,11427263530,0.582,0.271,182.0,3.54,CY,Cyprus,3376315672.6666665,0.9728283855655567
196,CYP,2018,4555628367,14075963385,0.495,-0.237,130.0,3.02,CY,Cyprus,3376315672.6666665,1.349289820226405
196,CYP,2019,3600973550,12293313126,0.597,-0.147,137.0,3.41,CY,Cyprus,3376315672.6666665,1.066539358020364
196,CYP,2020,3300991069,10878691821,0.504,-0.246,120.0,2.98,CY,Cyprus,3376315672.6666665,0.9776902958818499
196,CYP,2021,4108456099,12623385697,0.472,-0.097,138.0,2.98,CY,Cyprus,3376315672.6666665,1.2168459638594982
196,CYP,2022,4160141728,15178242143,0.335,-0.254,124.0,2.731,CY,Cyprus,3376315672.6666665,1.2321542566884025
203,CZE,2012,137597140632,126665080750,1.483,0.297,380.0,2.95,CZ,Czechia,146170273506.66666,0.9413483147496768
203,CZE,2013,145203820124,131130917077,1.493,0.234,382.0,3.04,CZ,Czechia,146170273506.66666,0.9933881673784883
203,CZE,2014,155047484707,141017661355,1.498,0.419,373.0,3.11,CZ,Czechia,146170273506.66666,1.0607319873416565
203,CZE,2015,138287514841,129114781868,1.493,0.656,357.0,2.79,CZ,Czechia,146170273506.66666,0.946071396895162
203,CZE,2016,143639829733,130139018553,1.502,0.747,352.0,3.69,CZ,Czechia,146170273506.66666,0.9826883831235956
203,CZE,2017,156583475946,146228270253,1.467,0.591,358.0,2.34,CZ,Czechia,146170273506.66666,1.0712402199812427
203,CZE,2018,176446054714,167799066625,1.485,0.528,357.0,2.19,CZ,Czechia,146170273506.66666,1.2071268013735537
203,CZE,2019,171536324170,163352524645,1.478,0.688,341.0,2.44,CZ,Czechia,146170273506.66666,1.1735376835165903
203,CZE,2020,161423174273,154883192949,1.45,0.932,324.0,2.28,CZ,Czechia,146170273506.66666,1.1043502238889749
203,CZE,2021,190730869097,194399117568,1.463,0.732,350.0,2.28,CZ,Czechia,146170273506.66666,1.3048540207342567
203,CZE,2022,202320530863,213248976852,1.461,0.554,366.0,1.33,CZ,Czechia,146170273506.66666,1.3841427946276121
204,BEN,2012,1220175297,6306822200,-1.303,-1.055,69.0,,BJ,Benin,981116564.0,1.2436598685332154
204,BEN,2013,1011943455,7857322124,-1.142,-0.983,69.0,,BJ,Benin,981116564.0,1.031420212573233
204,BEN,2014,1341888799,8646050272,-0.731,-0.706,82.0,,BJ,Benin,981116564.0,1.3677159761008784
204,BEN,2015,928508682,6718186956,-0.907,-0.914,68.0,,BJ,Benin,981116564.0,0.946379580235076
204,BEN,2016,865900494,5075339992,-1.307,-0.777,90.0,,BJ,Benin,981116564.0,0.8825663797477177
204,BEN,2017,1148940516,5408249843,-0.822,-0.517,105.0,,BJ,Benin,981116564.0,1.1710540400172063
204,BEN,2018,1154950063,5737698710,-0.62,-0.671,88.0,,BJ,Benin,981116564.0,1.1771792520669337
204,BEN,2019,1516722625,5189941146,-1.238,-0.975,62.0,,BJ,Benin,981116564.0,1.545914808344832
204,BEN,2020,1262165453,3722590720,-0.883,-0.848,67.0,,BJ,Benin,981116564.0,1.2864582041650252
204,BEN,2021,1799223729,4748040021,-0.974,-0.872,71.0,3.841,BJ,Benin,981116564.0,1.8338531781224723
204,BEN,2022,1587595514,5243133393,-0.895,-0.891,71.0,2.726,BJ,Benin,981116564.0,1.6181517795677538
208,DNK,2012,92639303595,85836826816,1.054,1.411,371.0,2.47,DK,Denmark,80547625502.33333,1.1501183680742568
208,DNK,2013,94763026829,90963892148,1.035,1.517,365.0,2.58,DK,Denmark,80547625502.33333,1.1764844244384942
208,DNK,2014,93723772359,93828009950,1.062,1.477,361.0,2.5,DK,Denmark,80547625502.33333,1.1635820643314305
208,DNK,2015,79701794926,80002318321,1.063,1.572,355.0,2.93,DK,Denmark,80547625502.33333,0.9894990004850134
208,DNK,2016,78977762701,79079405743,1.067,1.567,359.0,3.38,DK,Denmark,80547625502.33333,0.9805101293608233
208,DNK,2017,82963318880,87809527505,1.056,1.594,377.0,2.25,DK,Denmark,80547625502.33333,1.0299908701541636
208,DNK,2018,90670667939,97079579638,1.053,1.705,385.0,2.3,DK,Denmark,80547625502.33333,1.1256777263579723
208,DNK,2019,90437600484,91726986124,1.069,1.41,344.0,2.39,DK,Denmark,80547625502.33333,1.1227841903468672
208,DNK,2020,87680127297,91537399834,1.052,1.587,375.0,2.04,DK,Denmark,80547625502.33333,1.088550118643287
208,DNK,2021,103202819928,111483105503,1.056,1.675,379.0,2.04,DK,Denmark,80547625502.33333,1.2812645845781063
208,DNK,2022,103163793495,114607946084,1.025,1.696,387.0,1.402,DK,Denmark,80547625502.33333,1.2807800708167558
212,DMA,2012,77917385,304657277,0.198,0.129,128.0,,DM,Dominica,63371665.0,1.2295303429379676
212,DMA,2013,67112005,275517576,0.232,0.132,128.0,,DM,Dominica,63371665.0,1.059022277543126
212,DMA,2014,82103037,261231491,0.199,-0.161,105.0,,DM,Dominica,63371665.0,1.2955796095936567
212,DMA,2015,81128754,228190756,0.061,-0.187,105.0,,DM,Dominica,63371665.0,1.2802054987824605
212,DMA,2016,50366366,220541428,0.089,-0.062,106.0,,DM,Dominica,63371665.0,0.7947773819734735
212,DMA,2017,58619875,356923392,0.1,-0.092,105.0,,DM,Dominica,63371665.0,0.9250171192440659
212,DMA,2018,85205044,416824627,0.11,-0.417,70.0,,DM,Dominica,63371665.0,1.3445290414888105
212,DMA,2019,59591340,651236766,0.136,-0.273,89.0,,DM,Dominica,63371665.0,0.9403467622319849
212,DMA,2020,36921086,258451321,0.264,0.042,115.0,,DM,Dominica,63371665.0,0.5826118976043947
212,DMA,2021,30193061,698413113,0.175,0.338,123.0,,DM,Dominica,63371665.0,0.47644418053399734
212,DMA,2022,27483392,392104993,0.273,0.502,129.0,,DM,Dominica,63371665.0,0.43368581210545754
214,DOM,2012,7496483083,15714218055,-0.196,0.668,222.0,3.21,DO,Dominican Republic,9611191591.333334,0.7799743675653888
214,DOM,2013,8028622709,15353528073,-0.233,0.509,209.0,2.96,DO,Dominican Republic,9611191591.333334,0.8353410326602605
214,DOM,2014,9865165285,16542091478,-0.175,0.604,211.0,3.07,DO,Dominican Republic,9611191591.333334,1.0264247873172856
214,DOM,2015,9350700294,15753985267,-0.221,0.349,195.0,3.84,DO,Dominican Republic,9611191591.333334,0.9728970861877079
214,DOM,2016,9648243326,16505541072,-0.179,0.542,208.0,3.88,DO,Dominican Republic,9611191591.333334,1.0038550614993542
214,DOM,2017,9834631154,16622474205,-0.05,0.188,191.0,4.4,DO,Dominican Republic,9611191591.333334,1.0232478523129378
214,DOM,2018,10247403726,19089973454,0.011,0.266,193.0,4.03,DO,Dominican Republic,9611191591.333334,1.0661949279255192
214,DOM,2019,11087350996,19267906175,-0.156,0.309,193.0,4.14,DO,Dominican Republic,9611191591.333334,1.1535875537012246
214,DOM,2020,10272042895,16467874437,-0.026,0.065,178.0,4.24,DO,Dominican Republic,9611191591.333334,1.068758519418401
214,DOM,2021,12072485943,23257990737,0.009,0.17,182.0,4.24,DO,Dominican Republic,9611191591.333334,1.2560862852724817
214,DOM,2022,11383530030,28985754963,-0.077,0.475,201.0,4.213,DO,Dominican Republic,9611191591.333334,1.1844036113341898
218,ECU,2012,25000365660,23234205375,-0.732,-0.97,90.0,2.34,EC,Ecuador,17740451200.666668,1.4092294145856061
218,ECU,2013,24503502743,24378976711,-0.763,-1.071,74.0,1.99,EC,Ecuador,17740451200.666668,1.381222070726092
218,ECU,2014,27514616483,24570561961,-0.907,-1.148,74.0,1.91,EC,Ecuador,17740451200.666668,1.5509535902878293
218,ECU,2015,18141325101,19039468861,-0.796,-1.095,82.0,2.21,EC,Ecuador,17740451200.666668,1.0225966011686483
218,ECU,2016,16634313362,14722622641,-0.953,-1.078,86.0,2.97,EC,Ecuador,17740451200.666668,0.937648832819703
218,ECU,2017,18445715139,18663334149,-0.99,-1.098,78.0,2.56,EC,Ecuador,17740451200.666668,1.0397545660116485
218,ECU,2018,20971871872,21857317213,-1.011,-1.102,80.0,2.74,EC,Ecuador,17740451200.666668,1.1821498582410292
218,ECU,2019,22250040476,20800743146,-1.069,-1.168,78.0,2.83,EC,Ecuador,17740451200.666668,1.2541981161766542
218,ECU,2020,20782596246,16093550705,-1.191,-1.171,75.0,2.37,EC,Ecuador,17740451200.666668,1.171480703107428
218,ECU,2021,28113879637,22504048336,-1.128,-1.109,81.0,2.37,EC,Ecuador,17740451200.666668,1.5847330667634603
218,ECU,2022,34128294168,28141350180,-1.07,-1.092,84.0,1.76,EC,Ecuador,17740451200.666668,1.923755702826628
222,SLV,2012,4952372837,8599893987,0.029,0.016,190.0,3.23,SV,El Salvador,5583776543.666667,0.8869217452151037
222,SLV,2013,5607068957,8946579418,0.017,0.196,196.0,3.35,SV,El Salvador,5583776543.666667,1.0041714443891476
222,SLV,2014,5252209574,8875368658,0.045,0.118,189.0,3.4,SV,El Salvador,5583776543.666667,0.9406195847785594
222,SLV,2015,5537261234,8725267966,0.016,-0.027,178.0,3.53,SV,El Salvador,5583776543.666667,0.9916695610393961
222,SLV,2016,5454532364,8290174330,0.097,0.108,185.0,4.78,SV,El Salvador,5583776543.666667,0.9768536260976882
222,SLV,2017,5759536033,8761554596,0.164,0.049,185.0,2.07,SV,El Salvador,5583776543.666667,1.0314768128629155
222,SLV,2018,5915472077,9970302346,0.156,-0.06,183.0,2.01,SV,El Salvador,5583776543.666667,1.0594034397220917
222,SLV,2019,5948626784,10224442374,0.03,0.037,181.0,2.05,SV,El Salvador,5583776543.666667,1.0653411248605857
222,SLV,2020,4936166015,8916770702,0.033,-0.16,179.0,1.72,SV,El Salvador,5583776543.666667,0.8840192612289953
222,SLV,2021,6482899556,12663490845,0.08,0.007,183.0,1.72,SV,El Salvador,5583776543.666667,1.161024175179996
222,SLV,2022,6797118180,14594056094,0.058,0.19,193.0,1.223,SV,El Salvador,5583776543.666667,1.217297670643635
226,GNQ,2012,12527902523,2621385355,-2.034,-0.968,7.0,,GQ,Equatorial Guinea,4502292357.0,2.78256086669318
226,GNQ,2013,11819762785,3612912344,-2.18,-1.006,6.0,,GQ,Equatorial Guinea,4502292357.0,2.625276603067116
226,GNQ,2014,10464486294,2969163461,-2.106,-0.994,5.0,,GQ,Equatorial Guinea,4502292357.0,2.3242573925103285
226,GNQ,2015,5496032645,2946757874,-1.687,-1.004,6.0,,GQ,Equatorial Guinea,4502292357.0,1.2207187381901063
226,GNQ,2016,3729597615,1486190441,-2.178,-1.038,7.0,,GQ,Equatorial Guinea,4502292357.0,0.8283774840168604
226,GNQ,2017,4281246811,875700071,-2.26,-1.019,8.0,,GQ,Equatorial Guinea,4502292357.0,0.9509037777930333
226,GNQ,2018,5285359675,1076258446,-2.174,-1.045,6.0,,GQ,Equatorial Guinea,4502292357.0,1.1739263592650786
226,GNQ,2019,4119543856,1054351568,-2.229,-1.028,6.0,,GQ,Equatorial Guinea,4502292357.0,0.914988083702535
226,GNQ,2020,2521449478,1290536844,-1.938,-0.98,7.0,,GQ,Equatorial Guinea,4502292357.0,0.5600368163741616
226,GNQ,2021,4221545674,1004857730,-1.989,-1.007,5.0,3.334,GQ,Equatorial Guinea,4502292357.0,0.9376436133554266
226,GNQ,2022,6521406964,1112269706,-2.41,-1.013,7.0,1.579,GQ,Equatorial Guinea,4502292357.0,1.4484636818088354
231,ETH,2012,2035348756,8427612447,-1.133,-0.896,115.0,4.71,ET,Ethiopia,2482389286.0,0.8199152193730505
231,ETH,2013,2039850348,7552864620,-1.033,-0.744,117.0,4.52,ET,Ethiopia,2482389286.0,0.8217286303579382
231,ETH,2014,2389118475,10456435245,-1.003,-0.872,113.0,4.41,ET,Ethiopia,2482389286.0,0.9624270006618132
231,ETH,2015,2518790495,11079870897,-1.111,-0.538,126.0,4.79,ET,Ethiopia,2482389286.0,1.0146637794504243
231,ETH,2016,2345696450,10387059931,-1.065,-0.762,124.0,5.2,ET,Ethiopia,2482389286.0,0.944934971814892
231,ETH,2017,2582680913,10290550379,-1.106,-0.593,127.0,4.33,ET,Ethiopia,2482389286.0,1.0404012487346836
231,ETH,2018,2351898580,10148928694,-1.002,-0.433,143.0,5.07,ET,Ethiopia,2482389286.0,0.9474334236229861
231,ETH,2019,2906602678,10472461492,-1.109,-0.657,130.0,5.09,ET,Ethiopia,2482389286.0,1.1708891487698758
231,ETH,2020,2969574116,8992808983,-1.093,-0.806,119.0,5.19,ET,Ethiopia,2482389286.0,1.196256418261064
231,ETH,2021,3648597772,9992933889,-1.109,-0.716,126.0,5.2,ET,Ethiopia,2482389286.0,1.4697927486946138
231,ETH,2022,3739665892,10519170928,-1.071,-0.367,146.0,4.144,ET,Ethiopia,2482389286.0,1.5064784210481
232,ERI,2012,474318892,562365980,-0.479,-0.783,62.0,,ER,Eritrea,340163134.0,1.3943865298465883
232,ERI,2013,264701484,551115786,-1.257,-1.063,30.0,,ER,Eritrea,340163134.0,0.7781604105282026
232,ERI,2014,469202768,438617875,-2.056,-1.188,18.0,,ER,Eritrea,340163134.0,1.3793463226970386
232,ERI,2015,366662034,406415708,-1.669,-1.086,11.0,,ER,Eritrea,340163134.0,1.0779005640276116
232,ERI,2016,305925517,358972347,-1.295,-1.051,15.0,,ER,Eritrea,340163134.0,0.8993494192113128
232,ERI,2017,347901851,404440347,-1.439,-1.084,14.0,,ER,Eritrea,340163134.0,1.0227500167610757
232,ERI,2018,408267900,416380974,-1.917,-1.101,7.0,,ER,Eritrea,340163134.0,1.2002120723640792
232,ERI,2019,395984301,390013193,-1.569,-1.085,8.0,,ER,Eritrea,340163134.0,1.1641011662363152
232,ERI,2020,517875828,317073548,-0.794,-0.99,9.0,,ER,Eritrea,340163134.0,1.5224337273421287
232,ERI,2021,537197091,333222567,-0.677,-0.952,12.0,,ER,Eritrea,340163134.0,1.5792337184899055
232,ERI,2022,683372402,449702296,-0.871,-1.037,8.0,,ER,Eritrea,340163134.0,2.008954921023276
233,EST,2012,14730322145,21110185114,0.918,1.245,324.0,3.07,EE,Estonia,12837148336.666666,1.1474761963235927
233,EST,2013,15222925424,20759217498,0.93,1.372,329.0,3.19,EE,Estonia,12837148336.666666,1.1858494600797636
233,EST,2014,16304551014,20684967292,0.961,1.19,305.0,3.18,EE,Estonia,12837148336.666666,1.2701069261176499
233,EST,2015,12389989678,16055977208,0.961,1.067,280.0,3.04,EE,Estonia,12837148336.666666,0.965166823118383
233,EST,2016,12815602876,16246317055,1.011,1.196,298.0,4.0,EE,Estonia,12837148336.666666,0.9983216318685727
233,EST,2017,13305852456,17794624227,0.96,1.295,310.0,3.22,EE,Estonia,12837148336.666666,1.0365115450130444
233,EST,2018,14984050464,19352367043,1.009,1.174,289.0,3.39,EE,Estonia,12837148336.666666,1.1672413585189438
233,EST,2019,14378050120,18918188282,1.042,1.067,284.0,3.48,EE,Estonia,12837148336.666666,1.1200345857913059
233,EST,2020,14223272524,17882225306,1.025,1.258,294.0,2.92,EE,Estonia,12837148336.666666,1.1079775781178876
233,EST,2021,18211279058,24550478579,1.046,1.0,278.0,2.92,EE,Estonia,12837148336.666666,1.4186389827702808
233,EST,2022,21360290245,25716888446,0.994,1.073,279.0,2.618,EE,Estonia,12837148336.666666,1.663943555438145
234,FRO,2012,836082643,1035647459,-0.455,-1.04,24.0,,FO,Faroe Islands,1156122067.3333333,0.7231785177567591
234,FRO,2013,1107636757,987060223,-0.441,-0.929,25.0,,FO,Faroe Islands,1156122067.3333333,0.9580621184360164
234,FRO,2014,1189819467,1014961058,-0.642,-1.016,26.0,,FO,Faroe Islands,1156122067.3333333,1.0291469219546963
234,FRO,2015,1066070509,963159429,-0.508,-1.055,19.0,,FO,Faroe Islands,1156122067.3333333,0.9221089529576728
234,FRO,2016,1160332517,922438080,-0.69,-1.065,19.0,,FO,Faroe Islands,1156122067.3333333,1.0036418729350771
234,FRO,2017,1241963176,988845688,-0.491,-1.036,17.0,,FO,Faroe Islands,1156122067.3333333,1.0742491741072502
234,FRO,2018,1199114134,1119039761,-0.649,-1.039,26.0,,FO,Faroe Islands,1156122067.3333333,1.0371864424020818
234,FRO,2019,1279694709,1190774315,-0.518,-1.047,20.0,,FO,Faroe Islands,1156122067.3333333,1.1068854623212017
234,FRO,2020,1065339392,1145508584,-0.589,-1.028,21.0,,FO,Faroe Islands,1156122067.3333333,0.9214765655821023
234,FRO,2021,1296783081,1298540154,-0.172,-0.975,23.0,,FO,Faroe Islands,1156122067.3333333,1.1216662302719556
234,FRO,2022,1248624574,1363728538,0.029,-0.946,26.0,,FO,Faroe Islands,1156122067.3333333,1.0800110207047855
238,FLK,2012,172712016,136087975,-0.825,-1.022,9.0,,FK,Falkland Islands,180530578.0,0.9566912038579969
238,FLK,2013,155308257,135479606,-1.23,-1.048,8.0,,FK,Falkland Islands,180530578.0,0.8602878178343837
238,FLK,2014,166185049,197391385,-0.442,-1.03,11.0,,FK,Falkland Islands,180530578.0,0.9205368466720358
238,FLK,2015,163097302,254598068,-0.216,-0.926,11.0,,FK,Falkland Islands,180530578.0,0.903433112588827
238,FLK,2016,209444574,85932426,-0.904,-1.039,7.0,,FK,Falkland Islands,180530578.0,1.160161211027641
238,FLK,2017,169049858,117353664,-1.346,-1.093,11.0,,FK,Falkland Islands,180530578.0,0.9364056763835321
238,FLK,2018,244489870,131377159,-0.966,-1.036,11.0,,FK,Falkland Islands,180530578.0,1.3542850895874272
238,FLK,2019,254327219,97553997,-0.847,-1.051,7.0,,FK,Falkland Islands,180530578.0,1.4087764068422801
238,FLK,2020,334515041,112062668,-0.5,-0.932,11.0,,FK,Falkland Islands,180530578.0,1.8529550212817687
238,FLK,2021,270712870,140326864,-0.874,-1.047,6.0,,FK,Falkland Islands,180530578.0,1.499540260708632
238,FLK,2022,322777296,111128585,-1.12,-1.027,9.0,,FK,Falkland Islands,180530578.0,1.7879369776348912
239,SGS,2012,3212419,1293530,0.666,-0.794,13.0,,GS,South Georgia and South Sandwich Islds.,1904175.0,1.6870397941365682
239,SGS,2013,733081,656081,0.802,-0.802,11.0,,GS,South Georgia and South Sandwich Islds.,1904175.0,0.3849861488571166
239,SGS,2014,292588,636737,0.724,-0.865,6.0,,GS,South Georgia and South Sandwich Islds.,1904175.0,0.1536560452689485
239,SGS,2015,5061898,230178,0.462,-0.768,12.0,,GS,South Georgia and South Sandwich Islds.,1904175.0,2.6583155434768337
239,SGS,2016,241041,848955,-0.577,-0.918,9.0,,GS,South Georgia and South Sandwich Islds.,1904175.0,0.12658552916617433
239,SGS,2017,409586,1172301,-0.903,-0.998,11.0,,GS,South Georgia and South Sandwich Islds.,1904175.0,0.21509892735699188
239,SGS,2018,2198512,203544,1.327,-0.764,15.0,,GS,South Georgia and South Sandwich Islds.,1904175.0,1.1545745532842306
239,SGS,2019,356793,803508,1.544,-0.615,20.0,,GS,South Georgia and South Sandwich Islds.,1904175.0,0.18737405963212414
239,SGS,2020,284899,476584,0.483,-0.898,10.0,,GS,South Georgia and South Sandwich Islds.,1904175.0,0.14961807606968897
239,SGS,2021,308173,341561,1.897,-0.776,9.0,,GS,South Georgia and South Sandwich Islds.,1904175.0,0.16184069216327282
239,SGS,2022,2565325,1744973,0.65,-0.882,10.0,,GS,South Georgia and South Sandwich Islds.,1904175.0,1.3472107343075086
242,FJI,2012,929832868,1956289676,-0.129,0.154,170.0,,FJ,Fiji,819900164.6666666,1.1340805967248793
242,FJI,2013,905003080,2452634983,-0.213,-0.019,154.0,,FJ,Fiji,819900164.6666666,1.1037966803774606
242,FJI,2014,1080597930,2288778403,-0.103,-0.101,152.0,,FJ,Fiji,819900164.6666666,1.3179628161671622
242,FJI,2015,852862031,2039767003,-0.082,-0.183,150.0,,FJ,Fiji,819900164.6666666,1.0402022926129477
242,FJI,2016,767254941,2042339620,0.056,0.472,182.0,,FJ,Fiji,819900164.6666666,0.9357906902140095
242,FJI,2017,839583522,2114200849,0.05,0.009,155.0,,FJ,Fiji,819900164.6666666,1.0240070171730429
242,FJI,2018,828168183,2521199559,-0.022,0.085,162.0,,FJ,Fiji,819900164.6666666,1.0100841769396336
242,FJI,2019,794801974,2509577633,-0.029,0.115,157.0,,FJ,Fiji,819900164.6666666,0.9693887234711431
242,FJI,2020,748431063,1507160164,-0.04,-0.089,149.0,,FJ,Fiji,819900164.6666666,0.9128319461971048
242,FJI,2021,806663157,2046720981,-0.127,-0.183,147.0,,FJ,Fiji,819900164.6666666,0.9838553421049157
242,FJI,2022,930724725,2751650077,-0.271,-0.36,139.0,,FJ,Fiji,819900164.6666666,1.1351683596482622
246,FIN,2012,69737855701,73538190236,1.424,1.023,264.0,3.01,FI,Finland,58247957796.333336,1.1972583819134333
246,FIN,2013,69683394347,74361065067,1.426,1.056,266.0,3.1,FI,Finland,58247957796.333336,1.1963233902663368
246,FIN,2014,70166461747,73378534661,1.414,1.126,259.0,3.05,FI,Finland,58247957796.333336,1.2046166835984236
246,FIN,2015,56144299794,56020426681,1.425,1.137,253.0,2.97,FI,Finland,58247957796.333336,0.9638844333446183
246,FIN,2016,53877583151,56212769648,1.44,1.12,251.0,3.56,FI,Finland,58247957796.333336,0.9249694785761494
246,FIN,2017,64721990444,63772132311,1.389,1.167,243.0,2.87,FI,Finland,58247957796.333336,1.111146088079232
246,FIN,2018,72237450017,71285786093,1.393,1.07,239.0,2.82,FI,Finland,58247957796.333336,1.2401713768160176
246,FIN,2019,67688427713,67620333183,1.366,1.165,245.0,2.86,FI,Finland,58247957796.333336,1.162073835269482
246,FIN,2020,60569068297,63062576037,1.376,1.186,248.0,2.57,FI,Finland,58247957796.333336,1.0398487876396034
246,FIN,2021,75213090484,79886444605,1.356,1.185,243.0,2.57,FI,Finland,58247957796.333336,1.2912571243610984
246,FIN,2022,78606973572,87430099666,1.328,1.271,249.0,1.789,FI,Finland,58247957796.333336,1.349523254477915
250,FRA,2012,540588484191,612454902698,1.246,0.548,485.0,2.49,FR,France,489967660781.3333,1.1033146214771472
250,FRA,2013,553261289557,616870161938,1.266,0.337,489.0,2.59,FR,France,489967660781.3333,1.1291791965917397
250,FRA,2014,557200040734,605719812052,1.255,0.685,480.0,2.77,FR,France,489967660781.3333,1.1372179948477696
250,FRA,2015,481708313280,514847799288,1.288,1.006,454.0,2.9,FR,France,489967660781.3333,0.9831430762427005
250,FRA,2016,479971933275,509644943472,1.281,1.06,448.0,3.53,FR,France,489967660781.3333,0.9795992096898937
250,FRA,2017,508222735789,558171257275,1.225,1.086,461.0,2.6,FR,France,489967660781.3333,1.037257714067406
250,FRA,2018,549115933400,597761710284,1.233,0.925,468.0,2.58,FR,France,489967660781.3333,1.1207187276897932
250,FRA,2019,543601982856,579102010863,1.235,1.043,449.0,2.77,FR,France,489967660781.3333,1.1094650246694608
250,FRA,2020,462171458496,546924696788,1.212,1.231,469.0,2.49,FR,France,489967660781.3333,0.9432693124256247
250,FRA,2021,550666566408,680591682795,1.213,1.149,467.0,2.49,FR,France,489967660781.3333,1.1238834937184883
250,FRA,2022,584320521075,753761725330,1.179,1.176,481.0,1.07,FR,France,489967660781.3333,1.1925695670265373
258,PYF,2012,232397075,1647812911,-0.093,-0.831,45.0,,PF,French Polynesia,204670207.0,1.1354709530342146
258,PYF,2013,211577202,1587421464,0.104,-0.78,45.0,,PF,French Polynesia,204670207.0,1.0337469488170303
258,PYF,2014,215098579,1646430514,-0.108,-0.655,49.0,,PF,French Polynesia,204670207.0,1.050952076283384
258,PYF,2015,198640714,1351251043,-0.095,-0.842,44.0,,PF,French Polynesia,204670207.0,0.970540446074792
258,PYF,2016,202881911,1307943277,0.212,-0.47,54.0,,PF,French Polynesia,204670207.0,0.9912625485349708
258,PYF,2017,212487996,1470416701,0.078,-0.705,46.0,,PF,French Polynesia,204670207.0,1.0381970053902374
258,PYF,2018,208343007,1660860997,0.292,-0.455,59.0,,PF,French Polynesia,204670207.0,1.017944966460116
258,PYF,2019,186908029,2012546972,0.265,-0.362,67.0,,PF,French Polynesia,204670207.0,0.9132156152067604
258,PYF,2020,90876244,1380869490,0.577,0.061,83.0,,PF,French Polynesia,204670207.0,0.4440130555982679
258,PYF,2021,180142101,1659798225,0.32,-0.478,54.0,,PF,French Polynesia,204670207.0,0.8801579069102129
258,PYF,2022,173735366,1793658823,0.423,-0.324,63.0,,PF,French Polynesia,204670207.0,0.8488551829138473
260,ATF,2012,5236059,32696177,0.593,-0.734,26.0,,TF,French Southern and Antarctic Lands,7622367.0,0.6869334683045306
260,ATF,2013,5157411,39326097,0.103,-0.702,28.0,,TF,French Southern and Antarctic Lands,7622367.0,0.6766154135585443
260,ATF,2014,7931690,48912341,0.504,-0.724,23.0,,TF,French Southern and Antarctic Lands,7622367.0,1.0405809638921872
260,ATF,2015,6308125,37345062,0.126,-0.618,33.0,,TF,French Southern and Antarctic Lands,7622367.0,0.8275808551333201
260,ATF,2016,8438147,24627726,0.361,-0.748,26.0,,TF,French Southern and Antarctic Lands,7622367.0,1.1070244977708368
260,ATF,2017,8120829,26463602,0.635,-0.778,20.0,,TF,French Southern and Antarctic Lands,7622367.0,1.065394647095843
260,ATF,2018,9338880,23708890,0.744,-0.573,31.0,,TF,French Southern and Antarctic Lands,7622367.0,1.2251942211651579
260,ATF,2019,8533759,31236618,0.527,-0.656,24.0,,TF,French Southern and Antarctic Lands,7622367.0,1.1195681079118862
260,ATF,2020,20296085,27558640,-0.247,-0.867,21.0,,TF,French Southern and Antarctic Lands,7622367.0,2.6627011005898824
260,ATF,2021,9543770,33267666,0.447,-0.593,36.0,,TF,French Southern and Antarctic Lands,7622367.0,1.252074322844859
260,ATF,2022,10133707,19078532,0.559,-0.565,32.0,,TF,French Southern and Antarctic Lands,7622367.0,1.329469835288697
262,DJI,2012,107220947,3258081391,-0.792,-0.784,62.0,,DJ,Djibouti,109731880.33333333,0.9771175584916084
262,DJI,2013,111947625,3261793102,-0.44,-0.71,70.0,,DJ,Djibouti,109731880.33333333,1.0201923512103857
262,DJI,2014,128882185,3281172905,-0.706,-0.846,54.0,,DJ,Djibouti,109731880.33333333,1.1745190605364062
262,DJI,2015,110973394,4206132194,-0.586,-0.785,66.0,,DJ,Djibouti,109731880.33333333,1.0113140653645534
262,DJI,2016,91173017,4419391435,-0.179,-0.528,77.0,,DJ,Djibouti,109731880.33333333,0.8308708164212903
262,DJI,2017,127049230,4802051024,-0.639,-0.683,71.0,,DJ,Djibouti,109731880.33333333,1.1578151182141565
262,DJI,2018,154704849,5733690022,-0.583,-0.668,64.0,,DJ,Djibouti,109731880.33333333,1.409844144929003
262,DJI,2019,162037325,5352611547,-0.687,-0.902,53.0,,DJ,Djibouti,109731880.33333333,1.4766658924259572
262,DJI,2020,211986105,5492739281,-0.979,-0.888,45.0,,DJ,Djibouti,109731880.33333333,1.9318552125056845
262,DJI,2021,1331467616,6542631423,0.128,0.178,140.0,,DJ,Djibouti,109731880.33333333,12.13382666874377
262,DJI,2022,1791500907,8836996605,0.386,0.795,180.0,,DJ,Djibouti,109731880.33333333,16.32616612016439
266,GAB,2012,10684972190,4224525326,-0.713,-1.122,24.0,1.54,GA,Gabon,6576087788.333333,1.624822011797996
266,GAB,2013,11474966888,5495453118,-0.632,-1.138,26.0,1.68,GA,Gabon,6576087788.333333,1.744953421752944
266,GAB,2014,10908008508,5408564697,-0.566,-1.067,21.0,1.85,GA,Gabon,6576087788.333333,1.6587382740467589
266,GAB,2015,8045966070,4445945842,-0.576,-1.103,23.0,2.14,GA,Gabon,6576087788.333333,1.2235186525755304
266,GAB,2016,6270243490,3103916507,-0.458,-1.152,25.0,2.05,GA,Gabon,6576087788.333333,0.9534914514255828
266,GAB,2017,5412053805,2301946322,-0.706,-1.131,24.0,2.54,GA,Gabon,6576087788.333333,0.8229898959988869
266,GAB,2018,7095496212,2536165795,-0.771,-1.133,29.0,2.49,GA,Gabon,6576087788.333333,1.0789844114593714
266,GAB,2019,6981622155,2867551461,-0.784,-1.192,21.0,2.9,GA,Gabon,6576087788.333333,1.0616680281224542
266,GAB,2020,5542540986,2455378747,-0.968,-1.152,23.0,1.93,GA,Gabon,6576087788.333333,0.8428325722526161
266,GAB,2021,7011689929,2521494804,-0.536,-1.041,33.0,1.93,GA,Gabon,6576087788.333333,1.0662403171441037
266,GAB,2022,9625663054,2968784634,-0.643,-1.087,24.0,2.966,GA,Gabon,6576087788.333333,1.4637370065340265
268,GEO,2012,2673260885,8761624643,0.065,-0.647,127.0,1.65,GE,Georgia,2344519538.6666665,1.140216936097828
268,GEO,2013,2938375936,9228218526,0.123,-0.562,128.0,1.81,GE,Georgia,2344519538.6666665,1.2532955633507157
268,GEO,2014,3037423346,9321577831,0.083,-0.686,111.0,1.83,GE,Georgia,2344519538.6666665,1.2955419205964005
268,GEO,2015,2386976312,7469684528,0.051,-0.56,133.0,2.58,GE,Georgia,2344519538.6666665,1.018108944128262
268,GEO,2016,2045659793,7495182596,-0.058,-0.631,133.0,3.65,GE,Georgia,2344519538.6666665,0.8725283621067075
268,GEO,2017,2600922511,8356090845,0.043,-0.526,131.0,4.16,GE,Georgia,2344519538.6666665,1.1093626937650307
268,GEO,2018,3073772006,9526055240,0.168,-0.388,138.0,4.24,GE,Georgia,2344519538.6666665,1.311045591775303
268,GEO,2019,3265261889,10111114883,0.234,-0.389,136.0,4.61,GE,Georgia,2344519538.6666665,1.3927211247968365
268,GEO,2020,3079261849,8405457587,0.11,-0.614,131.0,3.95,GE,Georgia,2344519538.6666665,1.31338715596765
268,GEO,2021,3942755727,10418968603,0.139,-0.389,138.0,3.95,GE,Georgia,2344519538.6666665,1.6816902832220602
268,GEO,2022,5638068408,14343473258,0.16,-0.408,142.0,3.941,GE,Georgia,2344519538.6666665,2.4047862749765705
270,GMB,2012,194166481,909472378,-0.798,-0.763,74.0,,GM,The Gambia,154423548.33333334,1.2573631618726888
270,GMB,2013,174677865,1008710640,-0.706,-0.81,65.0,,GM,The Gambia,154423548.33333334,1.1311608034219391
270,GMB,2014,154146566,1086300513,-0.995,-0.978,67.0,,GM,The Gambia,154423548.33333334,0.9982063465298994
270,GMB,2015,150448967,922310381,-1.171,-1.007,56.0,,GM,The Gambia,154423548.33333334,0.9742618183804846
270,GMB,2016,143352249,891243661,-1.069,-0.902,54.0,,GM,The Gambia,154423548.33333334,0.9283056279121678
270,GMB,2017,169469429,1224983910,-1.339,-1.091,50.0,,GM,The Gambia,154423548.33333334,1.0974325537073475
270,GMB,2018,98294123,1245332033,-1.127,-0.847,75.0,,GM,The Gambia,154423548.33333334,0.6365228882568201
270,GMB,2019,202860189,1394632717,-1.28,-0.872,64.0,,GM,The Gambia,154423548.33333334,1.3136609745691958
270,GMB,2020,286415733,1413543633,-1.527,-1.02,53.0,,GM,The Gambia,154423548.33333334,1.8547413013833414
270,GMB,2021,243719618,1632603290,-1.126,-0.909,63.0,,GM,The Gambia,154423548.33333334,1.5782542276124574
270,GMB,2022,174080965,1425563751,-1.021,-0.798,66.0,,GM,The Gambia,154423548.33333334,1.127295460302692
275,PSE,2012,761511487,3339508964,0.154,0.712,206.0,,PS,Palestine,952961897.0,0.7990996170962332
275,PSE,2013,888741195,3808633361,0.151,0.862,212.0,,PS,Palestine,952961897.0,0.9326093706346792
275,PSE,2014,917018698,4122912724,0.102,0.575,197.0,,PS,Palestine,952961897.0,0.9622826483271241
275,PSE,2015,935170549,3541836436,0.111,0.588,193.0,,PS,Palestine,952961897.0,0.9813304728593991
275,PSE,2016,901102037,3625415212,0.048,0.61,193.0,,PS,Palestine,952961897.0,0.9455803425475258
275,PSE,2017,1022613105,3825288175,0.147,0.594,189.0,,PS,Palestine,952961897.0,1.073089184593075
275,PSE,2018,1110977739,4089773876,0.158,0.567,194.0,,PS,Palestine,952961897.0,1.165815488003714
275,PSE,2019,1063336332,4127605716,0.155,0.498,197.0,,PS,Palestine,952961897.0,1.1158225059653146
275,PSE,2020,1059605602,3893748845,0.204,0.568,199.0,,PS,Palestine,952961897.0,1.1119076275092665
275,PSE,2021,1350431856,5086051413,0.22,0.579,199.0,,PS,Palestine,952961897.0,1.417089036037293
275,PSE,2022,1493403034,6228570322,0.158,0.41,188.0,,PS,Palestine,952961897.0,1.567117256945269
276,DEU,2012,1320471269958,1029617220391,1.506,-2.421,537.0,-0.37,DE,Germany,1280748605683.6667,1.031015192285241
276,DEU,2013,1364205304384,1050725746713,1.537,-2.347,536.0,-0.11,DE,Germany,1280748605683.6667,1.0651624357270206
276,DEU,2014,1406331938747,1089957128507,1.545,-2.143,520.0,0.35,DE,Germany,1280748605683.6667,1.0980546318817161
276,DEU,2015,1247205666917,944543135647,1.586,-1.34,483.0,1.46,DE,Germany,1280748605683.6667,0.9738098963232824
276,DEU,2016,1251888012953,958923162012,1.592,-1.305,490.0,2.38,DE,Germany,1280748605683.6667,0.9774658409912842
276,DEU,2017,1343152137181,1014830175927,1.538,-1.455,496.0,2.02,DE,Germany,1280748605683.6667,1.0487242626854332
276,DEU,2018,1454998053865,1155991601630,1.543,-1.202,493.0,1.83,DE,Germany,1280748605683.6667,1.1360528111512707
276,DEU,2019,1386212970403,1107828067831,1.544,-1.293,502.0,2.24,DE,Germany,1280748605683.6667,1.0823458751009423
276,DEU,2020,1308995703852,1053181665274,1.508,-0.974,485.0,1.97,DE,Germany,1280748605683.6667,1.0220551465314731
276,DEU,2021,1553187970841,1260399226757,1.519,-1.356,502.0,1.97,DE,Germany,1280748605683.6667,1.2127188457971456
276,DEU,2022,1570085421832,1387186702956,1.52,-1.706,509.0,0.731,DE,Germany,1280748605683.6667,1.2259122632375496
288,GHA,2012,11700203112,17786863140,-1.007,-0.767,97.0,4.27,GH,Ghana,11481729165.666666,1.019027965490305
288,GHA,2013,11816115353,16732943519,-0.651,-0.594,116.0,4.43,GH,Ghana,11481729165.666666,1.0291233299887648
288,GHA,2014,13200781814,15414737416,-0.679,-0.685,109.0,3.79,GH,Ghana,11481729165.666666,1.1497207104896487
288,GHA,2015,11235049489,15231065015,-0.86,-0.743,103.0,3.6,GH,Ghana,11481729165.666666,0.9785154593783398
288,GHA,2016,10864695904,14057583415,-1.032,-0.993,85.0,4.15,GH,Ghana,11481729165.666666,0.9462595526541634
288,GHA,2017,12345442104,14223837817,-1.065,-0.818,101.0,3.06,GH,Ghana,11481729165.666666,1.0752249879674969
288,GHA,2018,14935173596,14039812658,-1.104,-0.991,86.0,2.85,GH,Ghana,11481729165.666666,1.3007773812205938
288,GHA,2019,15145451564,15818680186,-1.035,-0.915,84.0,3.65,GH,Ghana,11481729165.666666,1.3190915188357526
288,GHA,2020,11381045272,16800968144,-1.147,-0.825,97.0,2.87,GH,Ghana,11481729165.666666,0.9912309468187304
288,GHA,2021,13813759318,20427376321,-0.951,-0.615,122.0,2.87,GH,Ghana,11481729165.666666,1.2031079220459846
288,GHA,2022,16558874930,19171953600,-0.708,-0.431,129.0,2.721,GH,Ghana,11481729165.666666,1.442193478967899
292,GIB,2012,401404019,18195188289,0.727,-0.648,23.0,,GI,Gibraltar,301343402.3333333,1.332048473243107
292,GIB,2013,527384811,16536485279,0.586,-0.694,23.0,,GI,Gibraltar,301343402.3333333,1.7501123532700718
292,GIB,2014,1088373020,12776012335,0.482,-0.926,14.0,,GI,Gibraltar,301343402.3333333,3.6117366817146634
292,GIB,2015,376762978,9183742155,0.626,-0.765,21.0,,GI,Gibraltar,301343402.3333333,1.2502778394439202
292,GIB,2016,221019419,8569844101,0.78,-0.669,31.0,,GI,Gibraltar,301343402.3333333,0.7334470152278884
292,GIB,2017,306247810,9023461193,0.707,-0.744,25.0,,GI,Gibraltar,301343402.3333333,1.0162751453281915
292,GIB,2018,151188313,9544911528,0.579,-0.644,39.0,,GI,Gibraltar,301343402.3333333,0.501714362515765
292,GIB,2019,140455736,8712614979,0.66,-0.482,53.0,,GI,Gibraltar,301343402.3333333,0.46609859353958516
292,GIB,2020,172805201,7540068003,0.607,-0.494,51.0,,GI,Gibraltar,301343402.3333333,0.573449425678317
292,GIB,2021,117842551,8352533921,1.263,-0.125,57.0,,GI,Gibraltar,301343402.3333333,0.39105734549863336
292,GIB,2022,351416865,12564708587,0.714,-0.663,33.0,,GI,Gibraltar,301343402.3333333,1.1661674431195197
296,KIR,2012,56766545,155114278,-0.758,-0.994,21.0,,KI,Kiribati,112401521.0,0.5050336018139826
296,KIR,2013,72525273,175403448,-0.582,-0.968,18.0,,KI,Kiribati,112401521.0,0.6452339110251009
296,KIR,2014,67490213,189067375,0.16,-0.67,30.0,,KI,Kiribati,112401521.0,0.6004386097230837
296,KIR,2015,104038647,178040010,-0.529,-0.94,17.0,,KI,Kiribati,112401521.0,0.925598213212791
296,KIR,2016,106973566,138839250,-0.293,-0.897,15.0,,KI,Kiribati,112401521.0,0.951709238881207
296,KIR,2017,126192350,132020793,-1.243,-1.024,10.0,,KI,Kiribati,112401521.0,1.1226925479060021
296,KIR,2018,93754982,113595580,-0.754,-1.016,12.0,,KI,Kiribati,112401521.0,0.8341077697694144
296,KIR,2019,99211241,104791646,-0.608,-1.001,14.0,,KI,Kiribati,112401521.0,0.8826503424273058
296,KIR,2020,86925160,151912537,-0.641,-0.997,12.0,,KI,Kiribati,112401521.0,0.7733450510869866
296,KIR,2021,86399498,177487276,0.014,-0.89,12.0,,KI,Kiribati,112401521.0,0.7686684061864252
296,KIR,2022,101456618,200095717,-0.494,-1.005,10.0,,KI,Kiribati,112401521.0,0.9026267358072494
300,GRC,2012,31860108440,56770738226,0.365,0.986,262.0,2.93,GR,Greece,27766123418.0,1.1474453225020957
300,GRC,2013,33087165478,56493752548,0.406,0.84,250.0,2.91,GR,Greece,27766123418.0,1.19163791718042
300,GRC,2014,32665613438,57861839286,0.39,0.64,244.0,2.85,GR,Greece,27766123418.0,1.176455673924715
300,GRC,2015,26952192295,44270724872,0.374,0.772,245.0,2.79,GR,Greece,27766123418.0,0.9706861807553462
300,GRC,2016,26277584114,45085690233,0.347,0.889,248.0,3.71,GR,Greece,27766123418.0,0.9463900926466738
300,GRC,2017,30068593845,51680307270,0.36,0.971,255.0,2.45,GR,Greece,27766123418.0,1.0829237265979799
300,GRC,2018,36072764211,60871614083,0.351,0.735,242.0,2.16,GR,Greece,27766123418.0,1.2991645851294833
300,GRC,2019,34004721979,59732730661,0.322,0.917,253.0,1.9,GR,Greece,27766123418.0,1.224683815852943
300,GRC,2020,32520388332,52269458830,0.37,0.907,251.0,1.81,GR,Greece,27766123418.0,1.171225375700734
300,GRC,2021,43758189226,71555850022,0.415,0.925,253.0,1.81,GR,Greece,27766123418.0,1.5759560154383234
300,GRC,2022,53433992174,88121226323,0.346,0.879,247.0,0.738,GR,Greece,27766123418.0,1.9244311267218615
304,GRL,2012,687264476,844039481,-0.66,-1.051,21.0,,GL,Greenland,727115546.6666666,0.9451929327472685
304,GRL,2013,666274947,846030210,-0.807,-0.953,22.0,,GL,Greenland,727115546.6666666,0.9163260915743314
304,GRL,2014,677102457,783851524,-1.127,-1.071,19.0,,GL,Greenland,727115546.6666666,0.9312171361265168
304,GRL,2015,640913656,641279036,-1.255,-1.037,21.0,,GL,Greenland,727115546.6666666,0.881446778215864
304,GRL,2016,734988923,725467530,-1.148,-1.064,18.0,,GL,Greenland,727115546.6666666,1.010828232692077
304,GRL,2017,805444061,721277294,-1.248,-1.071,22.0,,GL,Greenland,727115546.6666666,1.1077249890920593
304,GRL,2018,1023260307,794262176,-1.413,-1.105,19.0,,GL,Greenland,727115546.6666666,1.40728706969746
304,GRL,2019,1035454963,1020371189,-1.253,-1.082,17.0,,GL,Greenland,727115546.6666666,1.424058346361677
304,GRL,2020,1085616712,797185233,-1.373,-1.043,14.0,,GL,Greenland,727115546.6666666,1.4930456610050753
304,GRL,2021,1155307948,960000506,-0.538,-0.95,21.0,,GL,Greenland,727115546.6666666,1.5888918250975463
304,GRL,2022,1183492121,1030302852,-0.728,-1.103,21.0,,GL,Greenland,727115546.6666666,1.627653440262021
308,GRD,2012,41086195,259916087,0.168,-0.375,78.0,,GD,Grenada,31196828.666666668,1.3169990911255658
308,GRD,2013,50117008,303699193,0.206,-0.314,79.0,,GD,Grenada,31196828.666666668,1.6064776498756508
308,GRD,2014,33079738,311562322,0.129,-0.349,87.0,,GD,Grenada,31196828.666666668,1.0603557930022929
308,GRD,2015,31741568,276281250,0.127,-0.229,83.0,,GD,Grenada,31196828.666666668,1.0174613688831575
308,GRD,2016,28257417,299631292,0.342,-0.154,74.0,,GD,Grenada,31196828.666666668,0.9057785104353449
308,GRD,2017,33591501,327552772,0.252,-0.153,79.0,,GD,Grenada,31196828.666666668,1.0767601206814974
308,GRD,2018,34423547,375468065,0.185,-0.063,85.0,,GD,Grenada,31196828.666666668,1.1034309726738676
308,GRD,2019,31867431,428646637,0.124,-0.244,81.0,,GD,Grenada,31196828.666666668,1.0214958494819655
308,GRD,2020,25919593,342992215,0.175,-0.351,80.0,,GD,Grenada,31196828.666666668,0.83084063694252
308,GRD,2021,31357752,378442172,-0.126,-0.411,84.0,,GD,Grenada,31196828.666666668,1.0051583234646309
308,GRD,2022,30556616,460250864,0.032,-0.242,91.0,,GD,Grenada,31196828.666666668,0.9794782773112215
316,GUM,2012,126842112,1206942987,0.487,-0.137,116.0,,GU,Guam,26389271.333333332,4.806578794761215
316,GUM,2013,97996304,952676337,0.65,0.29,139.0,,GU,Guam,26389271.333333332,3.7134903333316744
316,GUM,2014,33702075,1203564040,0.519,0.288,115.0,,GU,Guam,26389271.333333332,1.2771127544332601
316,GUM,2015,28033936,762676781,0.64,0.51,132.0,,GU,Guam,26389271.333333332,1.062323231509209
316,GUM,2016,23488111,739186415,0.588,0.279,115.0,,GU,Guam,26389271.333333332,0.8900628859096703
316,GUM,2017,27645767,1181825969,0.605,0.396,128.0,,GU,Guam,26389271.333333332,1.0476138825811208
316,GUM,2018,29132643,1107538039,0.401,0.072,107.0,,GU,Guam,26389271.333333332,1.1039578407457353
316,GUM,2019,26327948,1088604154,0.064,-0.675,47.0,,GU,Guam,26389271.333333332,0.9976762020989995
316,GUM,2020,29591845,615833574,0.167,-0.643,42.0,,GU,Guam,26389271.333333332,1.1213589275055644
316,GUM,2021,19004186,840170790,0.652,-0.15,66.0,,GU,Guam,26389271.333333332,0.7201481905260135
316,GUM,2022,24052145,1283689956,0.33,-0.277,60.0,,GU,Guam,26389271.333333332,0.9114364961498116
320,GTM,2012,9961768702,15091701106,-0.132,0.615,220.0,5.17,GT,Guatemala,10683234505.0,0.9324674748399151
320,GTM,2013,9949636618,15414240502,-0.189,0.564,216.0,5.14,GT,Guatemala,10683234505.0,0.9313318558479027
320,GTM,2014,10614772916,15663629989,-0.181,0.429,211.0,5.22,GT,Guatemala,10683234505.0,0.9935916796576956
320,GTM,2015,10705979976,15871671939,-0.21,0.47,206.0,5.37,GT,Guatemala,10683234505.0,1.0021290809435432
320,GTM,2016,10417634062,15140527536,-0.265,0.429,207.0,5.46,GT,Guatemala,10683234505.0,0.9751385741017206
320,GTM,2017,10926089477,16709449214,-0.195,0.402,204.0,3.91,GT,Guatemala,10683234505.0,1.022732344954736
320,GTM,2018,10726358384,17474931185,-0.145,0.36,208.0,3.58,GT,Guatemala,10683234505.0,1.0040365938779887
320,GTM,2019,11023783624,18014938856,-0.243,0.547,215.0,3.99,GT,Guatemala,10683234505.0,1.031876967489632
320,GTM,2020,11126940173,16601412429,-0.226,0.365,211.0,3.51,GT,Guatemala,10683234505.0,1.0415328960337187
320,GTM,2021,13520491413,23087060531,-0.11,0.581,222.0,3.51,GT,Guatemala,10683234505.0,1.2655803265080532
320,GTM,2022,15581239711,27804723233,-0.13,0.801,235.0,3.215,GT,Guatemala,10683234505.0,1.458475867370282
324,GIN,2012,1679831881,3368903590,-1.906,-1.304,31.0,4.25,GN,Guinea,3194470001.6666665,0.525856207797717
324,GIN,2013,2081810949,3790277706,-1.546,-1.136,40.0,4.01,GN,Guinea,3194470001.6666665,0.651692126679495
324,GIN,2014,2473677606,3596949472,-2.029,-1.28,38.0,4.49,GN,Guinea,3194470001.6666665,0.7743624465746731
324,GIN,2015,1709621098,3315116620,-1.618,-1.184,46.0,4.38,GN,Guinea,3194470001.6666665,0.5351814532952355
324,GIN,2016,2964871243,3437168267,-2.185,-1.212,54.0,4.21,GN,Guinea,3194470001.6666665,0.92812618101066
324,GIN,2017,4908917664,3980030901,-2.293,-1.307,35.0,2.86,GN,Guinea,3194470001.6666665,1.5366923656941045
324,GIN,2018,4962989368,4316629200,-1.708,-1.271,30.0,3.31,GN,Guinea,3194470001.6666665,1.5536190245676544
324,GIN,2019,5360524900,4442700550,-2.159,-1.247,22.0,3.89,GN,Guinea,3194470001.6666665,1.6780639346130115
324,GIN,2020,9712029743,4848940448,-2.299,-1.277,19.0,3.15,GN,Guinea,3194470001.6666665,3.0402632480295306
324,GIN,2021,8152632307,5408570165,-2.328,-1.278,28.0,3.15,GN,Guinea,3194470001.6666665,2.5521079561700337
324,GIN,2022,9205899798,6280020988,-1.26,-1.063,60.0,2.248,GN,Guinea,3194470001.6666665,2.881823837192699
328,GUY,2012,1530317186,1578757754,-0.968,-0.91,74.0,,GY,Guyana,1379430214.0,1.1093835487062922
328,GUY,2013,1406143377,1712864658,-1.032,-0.94,71.0,,GY,Guyana,1379430214.0,1.0193653602254649
328,GUY,2014,1330239315,1713163308,-1.168,-1.099,62.0,,GY,Guyana,1379430214.0,0.9643396972889562
328,GUY,2015,1190678228,1351430385,-1.07,-1.077,60.0,,GY,Guyana,1379430214.0,0.8631667016683165
328,GUY,2016,1371190353,1400628347,-0.867,-0.724,76.0,,GY,Guyana,1379430214.0,0.9940266198924943
328,GUY,2017,1576422061,1537205482,-0.992,-0.822,71.0,,GY,Guyana,1379430214.0,1.1428066784391893
328,GUY,2018,1438947190,1907978025,-0.952,-0.974,68.0,,GY,Guyana,1379430214.0,1.0431460579853589
328,GUY,2019,1426575235,2427443233,-0.415,-0.756,76.0,,GY,Guyana,1379430214.0,1.0341771700529099
328,GUY,2020,2849315259,2258778219,-0.827,-0.941,41.0,,GY,Guyana,1379430214.0,2.0655740537520226
328,GUY,2021,5128152424,3473200939,-1.101,-1.072,30.0,,GY,Guyana,1379430214.0,3.7175874299067657
328,GUY,2022,13830568492,3819248904,-1.007,-1.031,21.0,,GY,Guyana,1379430214.0,10.02629082039231
332,HTI,2012,781535417,3395632208,-1.196,-1.083,59.0,,HT,Haiti,928405911.6666666,0.841803576624145
332,HTI,2013,856953629,3766653914,-1.176,-1.063,64.0,,HT,Haiti,928405911.6666666,0.9230376694409496
332,HTI,2014,890937388,4246609144,-1.338,-1.154,58.0,,HT,Haiti,928405911.6666666,0.959642088448787
332,HTI,2015,950043533,3973645863,-1.258,-1.133,60.0,,HT,Haiti,928405911.6666666,1.0233062080512711
332,HTI,2016,912476454,3749016084,-1.217,-1.128,61.0,,HT,Haiti,928405911.6666666,0.9828421410651401
332,HTI,2017,922697748,4508982874,-0.896,-0.978,70.0,,HT,Haiti,928405911.6666666,0.9938516508835888
332,HTI,2018,1001082794,4583688745,-0.957,-1.056,68.0,,HT,Haiti,928405911.6666666,1.078281365316669
332,HTI,2019,1076123721,4219420876,-1.169,-1.152,60.0,,HT,Haiti,928405911.6666666,1.1591090787736924
332,HTI,2020,834727097,4239688794,-1.196,-1.094,67.0,,HT,Haiti,928405911.6666666,0.8990971368347976
332,HTI,2021,1109662181,4512216032,-1.026,-1.099,61.0,1.175,HT,Haiti,928405911.6666666,1.1952338595172705
332,HTI,2022,1046610154,4183783093,-1.27,-1.158,60.0,0.472,HT,Haiti,928405911.6666666,1.1273195709419106
334,HMD,2012,198223268,28528344,-1.461,-0.957,3.0,,HM,Heard and McDonald Islands,477504.0,415.1237853504892
334,HMD,2013,162585796,416844412,-1.283,-0.983,3.0,,HM,Heard and McDonald Islands,477504.0,340.49096133226107
334,HMD,2014,554545,1455056,1.361,-0.763,11.0,,HM,Heard and McDonald Islands,477504.0,1.1613410568288434
334,HMD,2015,175138,1273683,0.852,-0.96,3.0,,HM,Heard and McDonald Islands,477504.0,0.3667780793459322
334,HMD,2016,78683,354414,1.139,-0.953,4.0,,HM,Heard and McDonald Islands,477504.0,0.1647797714783541
334,HMD,2017,1178691,610749,1.704,-0.793,10.0,,HM,Heard and McDonald Islands,477504.0,2.4684421491757136
334,HMD,2018,183226,516197,0.215,-0.942,7.0,,HM,Heard and McDonald Islands,477504.0,0.38371615735156145
334,HMD,2019,290642,269748,-0.059,-1.0,9.0,,HM,Heard and McDonald Islands,477504.0,0.6086692467497654
334,HMD,2020,302592,2090193,2.014,-0.724,10.0,,HM,Heard and McDonald Islands,477504.0,0.6336952151186168
334,HMD,2021,900738,369957,1.517,-0.814,9.0,,HM,Heard and McDonald Islands,477504.0,1.886346501809409
334,HMD,2022,1589053,4762185,1.805,-0.807,8.0,,HM,Heard and McDonald Islands,477504.0,3.327831808738775
336,VAT,2012,7767262,88738142,0.618,-0.263,68.0,,VA,Vatican City,11378440.666666666,0.6826297405367965
336,VAT,2013,4606696,86393567,0.603,-0.281,54.0,,VA,Vatican City,11378440.666666666,0.40486180268051963
336,VAT,2014,12577579,68462341,1.111,0.949,139.0,,VA,Vatican City,11378440.666666666,1.1053868775575049
336,VAT,2015,24626700,61224276,0.063,-0.567,41.0,,VA,Vatican City,11378440.666666666,2.164329957104257
336,VAT,2016,4952209,43867537,0.804,-0.168,59.0,,VA,Vatican City,11378440.666666666,0.4352273870450087
336,VAT,2017,4556413,68462661,0.556,-0.128,74.0,,VA,Vatican City,11378440.666666666,0.40044265585073435
336,VAT,2018,24083310,62070155,0.099,-0.803,37.0,,VA,Vatican City,11378440.666666666,2.1165738527382283
336,VAT,2019,5062777,31664593,1.025,-0.125,60.0,,VA,Vatican City,11378440.666666666,0.444944711521983
336,VAT,2020,11126383,51433524,0.831,-0.431,38.0,,VA,Vatican City,11378440.666666666,0.9778477847667587
336,VAT,2021,10624131,84491067,1.266,0.831,115.0,,VA,Vatican City,11378440.666666666,0.9337071142905874
336,VAT,2022,6798343,82406274,0.971,-0.001,62.0,,VA,Vatican City,11378440.666666666,0.5974758052670487
340,HND,2012,6957543585,11310355602,-0.415,-0.117,165.0,4.45,HN,Honduras,6893144314.666667,1.009342510093153
340,HND,2013,7013072777,11012741738,-0.702,-0.435,149.0,3.91,HN,Honduras,6893144314.666667,1.017398223054486
340,HND,2014,6949852966,11016314153,-0.404,-0.01,176.0,4.31,HN,Honduras,6893144314.666667,1.0082268191038266
340,HND,2015,6817361654,10563982217,-0.525,-0.29,157.0,4.03,HN,Honduras,6893144314.666667,0.9890060823903798
340,HND,2016,6772908674,9973386487,-0.538,-0.511,142.0,4.84,HN,Honduras,6893144314.666667,0.9825572140698057
340,HND,2017,7089162616,10552341530,-0.422,-0.349,155.0,3.57,HN,Honduras,6893144314.666667,1.0284367035398143
340,HND,2018,7234517702,11679043885,-0.429,0.199,183.0,3.13,HN,Honduras,6893144314.666667,1.049523609509667
340,HND,2019,7184061879,11672966879,-0.72,-0.08,169.0,3.43,HN,Honduras,6893144314.666667,1.0422038986931323
340,HND,2020,6608701535,9724109594,-0.501,-0.247,160.0,3.06,HN,Honduras,6893144314.666667,0.9587354091714788
340,HND,2021,8217061885,14665467137,-0.628,-0.477,148.0,3.06,HN,Honduras,6893144314.666667,1.1920629410755859
340,HND,2022,10849667951,17301149464,-0.899,-0.519,145.0,2.616,HN,Honduras,6893144314.666667,1.573979515837927
344,HKG,2012,137130100845,643828537865,1.112,1.42,269.0,,HK,Hong Kong,143575911468.0,0.9551052084079116
344,HKG,2013,147058112416,749240614440,1.118,1.336,243.0,,HK,Hong Kong,143575911468.0,1.0242533786649588
344,HKG,2014,141622031188,703094558285,1.151,1.299,241.0,,HK,Hong Kong,143575911468.0,0.986391308541785
344,HKG,2015,143518597334,644629543417,1.195,1.089,212.0,,HK,Hong Kong,143575911468.0,0.9996008095410017
344,HKG,2016,151219366272,600454924738,1.158,1.078,203.0,3.59,HK,Hong Kong,143575911468.0,1.0532363314002262
344,HKG,2017,135989770798,625546830417,1.133,1.039,206.0,,HK,Hong Kong,143575911468.0,0.947162859058772
344,HKG,2018,147558279446,663738425158,1.178,1.078,212.0,,HK,Hong Kong,143575911468.0,1.0277370203489016
344,HKG,2019,149987214335,597089568389,1.212,0.956,185.0,,HK,Hong Kong,143575911468.0,1.0446544465673056
344,HKG,2020,150953557925,581397597055,1.325,0.884,162.0,,HK,Hong Kong,143575911468.0,1.0513849877849761
344,HKG,2021,191416143932,715292371182,1.389,0.798,151.0,4.042,HK,Hong Kong,143575911468.0,1.3332051454513145
344,HKG,2022,173966414866,657901102782,1.333,0.669,133.0,2.553,HK,Hong Kong,143575911468.0,1.2116685388744572
348,HUN,2012,94993206300,88392233914,1.239,0.839,290.0,3.29,HU,Hungary,98942248969.0,0.9600873973439062
348,HUN,2013,99995515038,94516759395,1.266,0.8,282.0,3.35,HU,Hungary,98942248969.0,1.010645261048493
348,HUN,2014,104528978802,100875467101,1.261,0.878,270.0,3.33,HU,Hungary,98942248969.0,1.0564645527185297
348,HUN,2015,95028116446,88358018889,1.299,0.773,252.0,2.94,HU,Hungary,98942248969.0,0.9604402309045315
348,HUN,2016,96799614111,90749278396,1.289,0.825,261.0,4.08,HU,Hungary,98942248969.0,0.9783445911091901
348,HUN,2017,104999016350,101335482977,1.269,0.798,263.0,2.1,HU,Hungary,98942248969.0,1.0612151779862784
348,HUN,2018,115842981737,114213301337,1.269,0.837,283.0,2.06,HU,Hungary,98942248969.0,1.170814115750444
348,HUN,2019,114649000737,112688897646,1.234,0.759,266.0,2.24,HU,Hungary,98942248969.0,1.1587466621354154
348,HUN,2020,111737152615,108517114849,1.249,0.847,262.0,2.06,HU,Hungary,98942248969.0,1.129316887167269
348,HUN,2021,129694533359,135620656777,1.237,0.94,274.0,2.06,HU,Hungary,98942248969.0,1.3108104445820221
348,HUN,2022,141235242155,154489129261,1.247,0.871,288.0,1.797,HU,Hungary,98942248969.0,1.427451302418353
352,ISL,2012,5051376777,4955509812,0.476,-0.361,81.0,,IS,Iceland,4228489840.0,1.1946053953389657
352,ISL,2013,5539689469,4585069261,0.368,-0.429,73.0,,IS,Iceland,4228489840.0,1.3100869763470924
352,ISL,2014,5413895995,4651307212,0.285,-0.437,73.0,,IS,Iceland,4228489840.0,1.2803379456624164
352,ISL,2015,4463763766,5123087599,0.375,-0.435,73.0,,IS,Iceland,4228489840.0,1.0556401776762931
352,ISL,2016,3822212609,5746558649,0.345,-0.461,75.0,,IS,Iceland,4228489840.0,0.903919071258783
352,ISL,2017,4399493145,6348632267,0.366,-0.417,76.0,,IS,Iceland,4228489840.0,1.0404407510649238
352,ISL,2018,5295417273,6527648317,0.437,-0.359,73.0,,IS,Iceland,4228489840.0,1.252318788354946
352,ISL,2019,4766351118,5681832218,0.46,-0.323,85.0,,IS,Iceland,4228489840.0,1.1271993781117846
352,ISL,2020,3694832988,5022394034,0.46,-0.213,87.0,,IS,Iceland,4228489840.0,0.873794931005439
352,ISL,2021,5278451635,6774097930,0.313,-0.294,78.0,,IS,Iceland,4228489840.0,1.2483065668191367
352,ISL,2022,6476241711,8386728885,0.449,-0.241,77.0,,IS,Iceland,4228489840.0,1.5315731989555874
356,IND,2012,280703352648,424623125615,0.53,2.429,350.0,7.02,IN,India,263212970694.0,1.0664495442906328
356,IND,2013,320139223872,403884875889,0.571,2.24,351.0,6.93,IN,India,263212970694.0,1.2162744982813936
356,IND,2014,300967267891,404592964828,0.577,2.325,358.0,6.98,IN,India,263212970694.0,1.1434363097588056
356,IND,2015,256188969332,338236890485,0.618,2.629,373.0,7.72,IN,India,263212970694.0,0.97331437982148
356,IND,2016,251708231532,310858826574,0.627,2.52,373.0,7.89,IN,India,263212970694.0,0.9562911389523622
356,IND,2017,281741711218,389023962792,0.628,2.48,372.0,5.5,IN,India,263212970694.0,1.0703944812261579
356,IND,2018,307745616654,449285587591,0.683,2.358,377.0,5.33,IN,India,263212970694.0,1.1691886453869773
356,IND,2019,305573980430,418528395417,0.687,2.562,378.0,5.12,IN,India,263212970694.0,1.1609381544697774
356,IND,2020,263428043320,325948720138,0.683,2.69,387.0,5.19,IN,India,263212970694.0,1.0008171049680148
356,IND,2021,374952030770,507692924040,0.687,2.705,388.0,5.19,IN,India,263212970694.0,1.4245195811641935
356,IND,2022,428387162091,626365645446,0.72,2.724,395.0,4.282,IN,India,263212970694.0,1.6275305922861392
360,IDN,2012,188668974240,181554769482,0.214,1.237,255.0,4.84,ID,Indonesia,152600504992.33334,1.2363587803951155
360,IDN,2013,179915153544,180371119011,0.211,1.38,261.0,4.9,ID,Indonesia,152600504992.33334,1.1789944833605823
360,IDN,2014,173778529252,173320570477,0.279,1.43,266.0,4.82,ID,Indonesia,152600504992.33334,1.1387808268441224
360,IDN,2015,148897678515,134508605874,0.276,1.462,270.0,5.82,ID,Indonesia,152600504992.33334,0.9757351623605742
360,IDN,2016,143068353750,127294550868,0.291,1.486,274.0,6.13,ID,Indonesia,152600504992.33334,0.9375352575483794
360,IDN,2017,165835482712,144906128490,0.281,1.186,260.0,5.8,ID,Indonesia,152600504992.33334,1.0867295800910461
360,IDN,2018,177183935803,164956638526,0.292,1.15,261.0,5.83,ID,Indonesia,152600504992.33334,1.1610966543780554
360,IDN,2019,167375340822,156595920764,0.317,1.449,272.0,5.92,ID,Indonesia,152600504992.33334,1.0968203600008333
360,IDN,2020,158446800860,129722362479,0.263,1.492,267.0,5.64,ID,Indonesia,152600504992.33334,1.038311117436737
360,IDN,2021,224968531677,179362961917,0.273,1.075,249.0,5.64,ID,Indonesia,152600504992.33334,1.4742318951585542
360,IDN,2022,290323195989,217026160702,0.236,0.906,226.0,4.151,ID,Indonesia,152600504992.33334,1.9025048180776718
364,IRN,2012,73574029079,69501146656,-0.701,-0.981,74.0,1.69,IR,Iran,58182260825.0,1.2645440042334415
364,IRN,2013,67693546037,57926825202,-0.144,-0.196,169.0,1.98,IR,Iran,58182260825.0,1.1634739708827737
364,IRN,2014,68637522232,66506635050,-0.143,-0.244,165.0,1.96,IR,Iran,58182260825.0,1.1796984382997289
364,IRN,2015,46513109073,54017816546,-0.171,-0.006,181.0,,IR,Iran,58182260825.0,0.7994379801242452
364,IRN,2016,55925338241,55359361532,-0.165,0.212,193.0,3.12,IR,Iran,58182260825.0,0.9612094382033667
364,IRN,2017,72108335161,65743559544,-0.171,0.125,185.0,2.16,IR,Iran,58182260825.0,1.239352581672388
364,IRN,2018,76981996068,51905061269,-0.108,0.07,185.0,1.98,IR,Iran,58182260825.0,1.3231179912301045
364,IRN,2019,36883915106,36508967747,0.021,0.437,215.0,2.59,IR,Iran,58182260825.0,0.6339374679326927
364,IRN,2020,20527357732,27951431802,0.087,0.733,249.0,2.07,IR,Iran,58182260825.0,0.35281127685536273
364,IRN,2021,30517183079,35333891238,-0.007,0.222,208.0,2.07,IR,Iran,58182260825.0,0.5245100937343989
364,IRN,2022,31118193702,37091335009,0.036,0.425,227.0,2.62,IR,Iran,58182260825.0,0.5348398852288841
368,IRQ,2012,76754271502,44518193012,-2.107,-1.002,8.0,,IQ,Iraq,46578662781.333336,1.647841885507278
368,IRQ,2013,72827847836,50891370775,-2.07,-1.029,5.0,,IQ,Iraq,46578662781.333336,1.563545269169603
368,IRQ,2014,69736899711,51583693181,-2.473,-1.038,4.0,,IQ,Iraq,46578662781.333336,1.4971855254493793
368,IRQ,2015,43933618684,47092514492,-2.259,-1.014,5.0,,IQ,Iraq,46578662781.333336,0.9432133955895069
368,IRQ,2016,39901874589,42787495902,-2.379,-1.076,6.0,,IQ,Iraq,46578662781.333336,0.8566556488820221
368,IRQ,2017,55900495071,51004947716,-1.996,-1.023,6.0,,IQ,Iraq,46578662781.333336,1.200130955528471
368,IRQ,2018,78526556066,54709008937,-1.602,-1.055,6.0,,IQ,Iraq,46578662781.333336,1.6858911651167015
368,IRQ,2019,73826580267,56725884323,-1.651,-1.049,8.0,,IQ,Iraq,46578662781.333336,1.5849871133824482
368,IRQ,2020,53622975675,52184872291,-0.893,-0.955,16.0,,IQ,Iraq,46578662781.333336,1.1512347601462212
368,IRQ,2021,70678247036,61200089211,-1.019,-0.983,14.0,4.595,IQ,Iraq,46578662781.333336,1.5173953655089625
368,IRQ,2022,107620647986,75589852532,-1.298,-1.03,10.0,3.661,IQ,Iraq,46578662781.333336,2.310513904000043
372,IRL,2012,115441010193,65280427154,1.243,0.27,135.0,2.9,IE,Ireland,133623774486.66667,0.8639256796665252
372,IRL,2013,114677781142,69965244055,1.245,0.284,148.0,3.09,IE,Ireland,133623774486.66667,0.8582139037948134
372,IRL,2014,116349347659,76442880924,1.192,0.346,150.0,3.08,IE,Ireland,133623774486.66667,0.8707234031217225
372,IRL,2015,121782403120,70554614927,1.243,0.18,142.0,2.88,IE,Ireland,133623774486.66667,0.9113827504711878
372,IRL,2016,135906146101,70004832035,1.223,0.07,128.0,3.01,IE,Ireland,133623774486.66667,1.0170805803316165
372,IRL,2017,143182774239,76561022128,1.169,0.183,125.0,3.73,IE,Ireland,133623774486.66667,1.0715366691971955
372,IRL,2018,165330922747,89250656674,1.205,0.101,117.0,3.63,IE,Ireland,133623774486.66667,1.2372867282198883
372,IRL,2019,170739306332,84293915143,1.265,0.055,112.0,3.74,IE,Ireland,133623774486.66667,1.2777614386954532
372,IRL,2020,178254297796,84507664336,1.22,-0.021,99.0,3.43,IE,Ireland,133623774486.66667,1.3340013667536885
372,IRL,2021,201142890283,104732404336,1.23,-0.05,104.0,3.43,IE,Ireland,133623774486.66667,1.5052926850458828
372,IRL,2022,213810360891,123618005799,1.297,-0.012,96.0,3.351,IE,Ireland,133623774486.66667,1.6000922119763543
376,ISR,2012,59415505881,64481657679,1.133,0.775,195.0,4.25,IL,Israel,55273092913.0,1.0749444756876583
376,ISR,2013,62848753762,65733471076,1.104,0.696,190.0,4.19,IL,Israel,55273092913.0,1.1370587468467543
376,ISR,2014,62837713542,66758089625,1.2,0.667,185.0,4.12,IL,Israel,55273092913.0,1.1368590073457032
376,ISR,2015,58088208045,61772606201,1.275,0.529,173.0,4.17,IL,Israel,55273092913.0,1.050931022377036
376,ISR,2016,53811513436,64905574600,1.192,0.645,180.0,4.0,IL,Israel,55273092913.0,0.9735571251766112
376,ISR,2017,53919557258,66834724522,1.189,0.88,204.0,3.9,IL,Israel,55273092913.0,0.9755118524463527
376,ISR,2018,56251584510,71946675343,1.228,0.774,194.0,3.92,IL,Israel,55273092913.0,1.0177028558640666
376,ISR,2019,51583496728,70268417183,1.213,0.806,202.0,3.35,IL,Israel,55273092913.0,0.9332478790212186
376,ISR,2020,44992885911,64927941658,1.215,1.02,218.0,3.26,IL,Israel,55273092913.0,0.8140106431499848
376,ISR,2021,58194207755,85518660765,1.248,1.013,219.0,3.26,IL,Israel,55273092913.0,1.0528487676019478
376,ISR,2022,71648564809,94424521939,1.233,0.995,202.0,2.773,IL,Israel,55273092913.0,1.2962648014247191
380,ITA,2012,474882515295,456017828709,1.195,0.506,550.0,1.48,,Italy,453422570567.3333,1.0473287968457667
380,ITA,2013,490818852192,453343364860,1.213,0.762,540.0,1.75,,Italy,453422570567.3333,1.0824755626476106
380,ITA,2014,503662395793,444949233544,1.237,0.679,539.0,1.83,,Italy,453422570567.3333,1.1108013329879132
380,ITA,2015,440245971575,383668423436,1.251,0.788,515.0,2.13,,Italy,453422570567.3333,0.9709396932405759
380,ITA,2016,441395659964,380578842941,1.237,0.855,516.0,3.09,,Italy,453422570567.3333,0.9734752714486953
380,ITA,2017,478626080163,425835027950,1.195,0.843,522.0,1.88,,Italy,453422570567.3333,1.055585035310729
380,ITA,2018,524262792158,461260861755,1.219,0.864,532.0,1.78,,Italy,453422570567.3333,1.1562344404294425
380,ITA,2019,507594572345,439394749223,1.186,1.061,525.0,1.84,,Italy,453422570567.3333,1.1194735447551394
380,ITA,2020,475778492679,393758976818,1.191,1.188,514.0,1.82,,Italy,453422570567.3333,1.0493048285701667
380,ITA,2021,587353426193,521770257050,1.2,1.161,529.0,1.82,,Italy,453422570567.3333,1.2953775667984264
380,ITA,2022,631273718971,626504545236,1.221,0.647,531.0,0.586,,Italy,453422570567.3333,1.3922414982146456
384,CIV,2012,10251054432,9190182063,-1.277,-0.955,91.0,4.03,CI,Côte d'Ivoire,11047201468.0,0.9279322425406862
384,CIV,2013,12342446808,10885265766,-1.097,-0.944,87.0,4.01,CI,Côte d'Ivoire,11047201468.0,1.117246466786352
384,CIV,2014,11267069502,10334978549,-1.051,-0.897,99.0,4.15,CI,Côte d'Ivoire,11047201468.0,1.0199026001867426
384,CIV,2015,11288067688,9549070849,-0.969,-0.847,96.0,4.81,CI,Côte d'Ivoire,11047201468.0,1.021803369903021
384,CIV,2016,10560621615,8242385686,-1.132,-0.85,101.0,3.68,CI,Côte d'Ivoire,11047201468.0,0.9559544691558801
384,CIV,2017,11292915101,9201550029,-0.93,-0.881,91.0,3.1,CI,Côte d'Ivoire,11047201468.0,1.022242160941099
384,CIV,2018,11385261781,10446436759,-1.164,-0.837,95.0,3.08,CI,Côte d'Ivoire,11047201468.0,1.0306014436307012
384,CIV,2019,11600948637,9907511758,-1.157,-1.047,80.0,2.95,CI,Côte d'Ivoire,11047201468.0,1.0501255608132085
384,CIV,2020,11341639016,10455559263,-1.132,-0.965,82.0,2.35,CI,Côte d'Ivoire,11047201468.0,1.0266526820256592
384,CIV,2021,13811583731,14396204883,-1.268,-1.057,79.0,2.35,CI,Côte d'Ivoire,11047201468.0,1.2502337149374418
384,CIV,2022,15184579718,17048675475,-1.298,-0.968,81.0,2.205,CI,Côte d'Ivoire,11047201468.0,1.3745182218306222
388,JAM,2012,1422810810,5449345726,-0.32,-0.947,92.0,1.98,JM,Jamaica,1130413831.6666667,1.2586636593982816
388,JAM,2013,1281469517,5269096420,-0.434,-1.043,84.0,2.17,JM,Jamaica,1130413831.6666667,1.1336286597896796
388,JAM,2014,1249347246,5446130728,-0.423,-0.876,96.0,1.92,JM,Jamaica,1130413831.6666667,1.105212278018555
388,JAM,2015,1186950806,4538658526,-0.453,-0.963,90.0,2.04,JM,Jamaica,1130413831.6666667,1.050014404238115
388,JAM,2016,1032535018,4248517326,-0.41,-0.79,106.0,3.34,JM,Jamaica,1130413831.6666667,0.9134132908455698
388,JAM,2017,1171755671,5312110398,-0.334,-0.906,99.0,1.16,JM,Jamaica,1130413831.6666667,1.036572304916315
388,JAM,2018,1536435577,5837324899,-0.458,-1.025,78.0,0.81,JM,Jamaica,1130413831.6666667,1.3591797392771638
388,JAM,2019,1393188352,5527176673,-0.376,-0.856,90.0,1.25,JM,Jamaica,1130413831.6666667,1.232458691650917
388,JAM,2020,1010762751,4396791820,-0.388,-0.927,89.0,0.85,JM,Jamaica,1130413831.6666667,0.8941528515355701
388,JAM,2021,1128835097,5007013818,-0.403,-0.888,103.0,0.85,JM,Jamaica,1130413831.6666667,0.9986034011417402
388,JAM,2022,1074593174,6713774881,-0.309,-0.844,103.0,0.094,JM,Jamaica,1130413831.6666667,0.950619272249734
392,JPN,2012,781529911386,734859122448,2.001,0.226,341.0,2.45,JP,Japan,658873731931.0,1.1861603726339558
392,JPN,2013,699127463939,708085908032,2.016,0.055,346.0,2.48,JP,Japan,658873731931.0,1.0610947592189266
392,JPN,2014,682895994429,682863789820,2.014,-0.031,353.0,2.46,JP,Japan,658873731931.0,1.0364595844906377
392,JPN,2015,616121508715,528856083009,2.091,0.119,343.0,2.08,JP,Japan,658873731931.0,0.9351131770108614
392,JPN,2016,654465533575,510544253357,2.1,0.194,335.0,3.01,JP,Japan,658873731931.0,0.9933094944564255
392,JPN,2017,706034153503,562723668340,2.006,0.183,338.0,2.03,JP,Japan,658873731931.0,1.0715773285327133
392,JPN,2018,746156174385,617595262427,2.044,0.12,337.0,1.92,JP,Japan,658873731931.0,1.1324721843109395
392,JPN,2019,714778944080,602543918343,2.047,-0.103,342.0,2.26,JP,Japan,658873731931.0,1.0848496600177933
392,JPN,2020,645687334539,529409738718,2.005,0.121,337.0,1.81,JP,Japan,658873731931.0,0.979986457566985
392,JPN,2021,758058723181,632130210584,2.021,-0.049,345.0,1.81,JP,Japan,658873731931.0,1.1505371764621921
392,JPN,2022,730642531699,727959241203,1.993,-0.18,349.0,1.031,JP,Japan,658873731931.0,1.1089264851364813
398,KAZ,2012,68311772608,44955103361,-0.11,-0.623,88.0,2.24,KZ,Kazakhstan,33683166566.0,2.028068604361988
398,KAZ,2013,64040117259,50400669514,-0.371,-0.81,73.0,1.85,KZ,Kazakhstan,33683166566.0,1.901249905750919
398,KAZ,2014,56100935866,44554879690,-0.156,-0.587,87.0,2.2,KZ,Kazakhstan,33683166566.0,1.6655481531427225
398,KAZ,2015,34167498834,31151376859,-0.259,-0.708,99.0,2.65,KZ,Kazakhstan,33683166566.0,1.014379059850296
398,KAZ,2016,28347225287,29712137968,-0.191,-0.561,116.0,3.09,KZ,Kazakhstan,33683166566.0,0.8415843335707596
398,KAZ,2017,38534775577,36581960001,-0.298,-0.629,112.0,3.18,KZ,Kazakhstan,33683166566.0,1.1440366065789445
398,KAZ,2018,47548586718,38173475909,-0.353,-0.644,102.0,3.22,KZ,Kazakhstan,33683166566.0,1.4116424186197458
398,KAZ,2019,46361433646,43703535705,-0.177,-0.561,108.0,4.18,KZ,Kazakhstan,33683166566.0,1.3763977194708743
398,KAZ,2020,38535085386,39566469647,-0.263,-0.683,100.0,3.21,KZ,Kazakhstan,33683166566.0,1.1440458043186936
398,KAZ,2021,52514416511,46389532384,-0.469,-0.659,101.0,3.21,KZ,Kazakhstan,33683166566.0,1.5590700597611977
398,KAZ,2022,78437058083,54176299407,0.245,-0.673,94.0,3.65,KZ,Kazakhstan,33683166566.0,2.3286723333837283
400,JOR,2012,7211224057,21004456909,0.261,0.055,193.0,4.85,JO,Jordan,6977220593.666667,1.0335382062516043
400,JOR,2013,7262365954,22695394916,0.259,0.035,193.0,4.75,JO,Jordan,6977220593.666667,1.040868044302937
400,JOR,2014,7491441837,22694742019,0.303,0.037,189.0,4.81,JO,Jordan,6977220593.666667,1.0737000122656435
400,JOR,2015,7219701358,19435823737,0.196,0.164,192.0,4.52,JO,Jordan,6977220593.666667,1.0347532030954327
400,JOR,2016,6910775781,17770738854,0.009,-0.27,159.0,5.04,JO,Jordan,6977220593.666667,0.9904768938039625
400,JOR,2017,6801184642,19134803371,0.05,-0.159,171.0,2.52,JO,Jordan,6977220593.666667,0.9747699031006046
400,JOR,2018,7211285312,19684552349,0.032,-0.212,170.0,2.48,JO,Jordan,6977220593.666667,1.0335469855354433
400,JOR,2019,7723490166,20102768981,0.103,-0.083,180.0,2.02,JO,Jordan,6977220593.666667,1.1069580017307656
400,JOR,2020,7504876670,17249370367,0.081,-0.192,171.0,1.69,JO,Jordan,6977220593.666667,1.075625540177459
400,JOR,2021,9080922010,21809358776,0.066,-0.318,159.0,1.69,JO,Jordan,6977220593.666667,1.301509947706526
400,JOR,2022,12312404403,28652212347,0.083,-0.218,165.0,1.54,JO,Jordan,6977220593.666667,1.7646574646322868
404,KEN,2012,4783989781,16630222598,-0.384,0.284,198.0,6.25,KE,Kenya,5667406119.666667,0.8441233396701372
404,KEN,2013,5579537826,17082028956,-0.24,0.9,235.0,6.5,KE,Kenya,5667406119.666667,0.9844958536919117
404,KEN,2014,5497302495,21404733392,-0.487,0.246,189.0,6.0,KE,Kenya,5667406119.666667,0.9699856299204702
404,KEN,2015,5835172474,18678689411,-0.315,0.439,197.0,5.98,KE,Kenya,5667406119.666667,1.029601964424459
404,KEN,2016,5534394551,15958979272,-0.356,0.663,214.0,5.87,KE,Kenya,5667406119.666667,0.9765304328191519
404,KEN,2017,5632651334,17475989420,-0.423,0.549,205.0,4.67,KE,Kenya,5667406119.666667,0.9938676027563892
404,KEN,2018,5993721573,17993127956,-0.351,0.784,220.0,4.97,KE,Kenya,5667406119.666667,1.057577566605113
404,KEN,2019,5874821119,18089255738,-0.424,0.876,219.0,5.16,KE,Kenya,5667406119.666667,1.036597871222529
404,KEN,2020,5901823451,17316714498,-0.497,0.482,203.0,4.33,KE,Kenya,5667406119.666667,1.0413623669071241
404,KEN,2021,6760164489,21447865629,-0.452,0.787,209.0,4.33,KE,Kenya,5667406119.666667,1.1928145515355453
404,KEN,2022,7564131382,23176312797,-0.457,1.047,230.0,3.939,KE,Kenya,5667406119.666667,1.3346725507726436
408,PRK,2012,3051795844,4230843779,0.483,-0.068,127.0,,KP,North Korea,2746229350.3333335,1.1112676527288508
408,PRK,2013,3508472157,4451463357,0.406,-0.212,117.0,,KP,North Korea,2746229350.3333335,1.2775597772174951
408,PRK,2014,3826893137,4124241162,0.323,-0.167,120.0,,KP,North Korea,2746229350.3333335,1.39350820663813
408,PRK,2015,3010313605,3774193247,0.291,-0.065,130.0,,KP,North Korea,2746229350.3333335,1.0961624908111234
408,PRK,2016,3295731647,3317603859,0.232,-0.193,122.0,,KP,North Korea,2746229350.3333335,1.2000933740657782
408,PRK,2017,1932642799,3516659193,0.304,-0.224,135.0,,KP,North Korea,2746229350.3333335,0.7037441351230983
408,PRK,2018,335328077,2511573854,1.036,0.673,157.0,,KP,North Korea,2746229350.3333335,0.12210490611765487
408,PRK,2019,387454028,3171940827,1.239,0.786,141.0,,KP,North Korea,2746229350.3333335,0.1410858229859685
408,PRK,2020,198732568,943468096,1.315,0.794,136.0,,KP,North Korea,2746229350.3333335,0.07236561213500908
408,PRK,2021,218668519,653597826,1.491,0.93,116.0,,KP,North Korea,2746229350.3333335,0.0796250025415606
408,PRK,2022,391118475,1802675128,1.282,0.506,93.0,,KP,North Korea,2746229350.3333335,0.14242017876348403
410,KOR,2012,551259355409,476344210806,1.625,0.912,242.0,3.68,KR,South Korea,518936509840.0,1.0622867055142562
410,KOR,2013,564558982378,455779722872,1.659,0.882,246.0,3.82,KR,South Korea,518936509840.0,1.0879153261967758
410,KOR,2014,585551618686,478408856721,1.696,0.971,238.0,3.72,KR,South Korea,518936509840.0,1.1283685144191127
410,KOR,2015,513871056263,394225019299,1.749,0.989,234.0,3.41,KR,South Korea,518936509840.0,0.9902387797332629
410,KOR,2016,486256259444,371408135350,1.787,0.898,247.0,4.03,KR,South Korea,518936509840.0,0.9370245689476039
410,KOR,2017,556682213813,431961547769,1.755,0.841,236.0,3.1,KR,South Korea,518936509840.0,1.0727366513191332
410,KOR,2018,600635704392,486951145253,1.798,0.794,236.0,3.11,KR,South Korea,518936509840.0,1.1574358192241856
410,KOR,2019,531829514623,452681971739,1.807,0.745,257.0,3.21,KR,South Korea,518936509840.0,1.0248450524072303
410,KOR,2020,505231111370,418064611060,1.78,0.882,243.0,2.81,KR,South Korea,518936509840.0,0.973589450327506
410,KOR,2021,644416447930,547844470370,1.77,0.882,229.0,2.81,KR,South Korea,518936509840.0,1.2418021004702258
410,KOR,2022,670691409162,631481094982,1.774,0.871,236.0,2.931,KR,South Korea,518936509840.0,1.2924344239506091
414,KWT,2012,92898279506,26053675822,-0.352,-1.126,13.0,1.4,KW,Kuwait,39409838242.666664,2.3572357474287884
414,KWT,2013,84388004311,27038683291,0.106,-1.087,24.0,2.29,KW,Kuwait,39409838242.666664,2.1412928363567394
414,KWT,2014,76464909596,29760804928,-0.076,-1.019,31.0,1.95,KW,Kuwait,39409838242.666664,1.9402492627644443
414,KWT,2015,42276419889,28305029863,-0.052,-1.081,31.0,2.53,KW,Kuwait,39409838242.666664,1.0727377166250294
414,KWT,2016,32970600789,27151564180,-0.001,-1.088,32.0,1.96,KW,Kuwait,39409838242.666664,0.8366083764663796
414,KWT,2017,42982494050,31794466688,-0.068,-1.047,35.0,1.51,KW,Kuwait,39409838242.666664,1.090653906908591
414,KWT,2018,54338514107,34177711431,-0.061,-1.098,34.0,1.51,KW,Kuwait,39409838242.666664,1.37880581423374
414,KWT,2019,49776305125,33879908713,0.318,-1.003,32.0,1.28,KW,Kuwait,39409838242.666664,1.2630426143467441
414,KWT,2020,33180081173,29440043765,0.314,-0.987,37.0,0.71,KW,Kuwait,39409838242.666664,0.8419238102093481
414,KWT,2021,47262097415,35573291622,0.249,-1.005,30.0,0.71,KW,Kuwait,39409838242.666664,1.1992461659949714
414,KWT,2022,72800133808,38842674676,0.266,-1.107,28.0,1.827,KW,Kuwait,39409838242.666664,1.8472578689547543
417,KGZ,2012,1447558148,8979030900,-0.294,0.329,184.0,5.39,KG,Kyrgyzstan,1199258556.3333333,1.2070442527638319
417,KGZ,2013,1582014455,9432328362,-0.206,0.352,186.0,5.23,KG,Kyrgyzstan,1199258556.3333333,1.3191604484665274
417,KGZ,2014,1611511918,9419822540,-0.324,0.054,176.0,4.03,KG,Kyrgyzstan,1199258556.3333333,1.343756865014254
417,KGZ,2015,1228196521,7114938576,-0.108,0.573,195.0,5.77,KG,Kyrgyzstan,1199258556.3333333,1.0241298796776093
417,KGZ,2016,877043982,8144611505,-0.112,0.326,178.0,6.04,KG,Kyrgyzstan,1199258556.3333333,0.73132184662623
417,KGZ,2017,1492535166,8865459211,-0.243,0.253,177.0,4.22,KG,Kyrgyzstan,1199258556.3333333,1.2445482736961608
417,KGZ,2018,1668076077,9926926917,-0.161,0.129,171.0,3.91,KG,Kyrgyzstan,1199258556.3333333,1.3909228065881392
417,KGZ,2019,1874674333,10802641523,-0.131,0.092,180.0,4.43,KG,Kyrgyzstan,1199258556.3333333,1.5631944613609539
417,KGZ,2020,1708331546,7020573128,-0.064,0.089,171.0,3.99,KG,Kyrgyzstan,1199258556.3333333,1.424489770765638
417,KGZ,2021,2565058426,12423637137,-0.217,0.022,175.0,3.99,KG,Kyrgyzstan,1199258556.3333333,2.138870231489133
417,KGZ,2022,2377255717,22056524615,-0.189,0.444,202.0,3.945,KG,Kyrgyzstan,1199258556.3333333,1.9822712161990554
418,LAO,2012,3075206945,5677421509,-1.461,-1.009,101.0,3.26,LA,Laos,4504641700.0,0.6826751492799084
418,LAO,2013,3755498616,6555929758,-1.224,-0.849,117.0,3.11,LA,Laos,4504641700.0,0.8336953005607527
418,LAO,2014,4507367262,7087156347,-1.086,-0.723,121.0,2.92,LA,Laos,4504641700.0,1.000605056335557
418,LAO,2015,4154378210,6534040438,-1.105,-0.689,125.0,3.22,LA,Laos,4504641700.0,0.9222438734694481
418,LAO,2016,4323960515,5948072596,-1.006,-0.844,113.0,3.96,LA,Laos,4504641700.0,0.9598899985763574
418,LAO,2017,5035586375,6479242700,-1.078,-0.882,113.0,4.85,LA,Laos,4504641700.0,1.1178661279541944
418,LAO,2018,6005393913,6909916724,-0.989,-0.959,103.0,5.28,LA,Laos,4504641700.0,1.3331568441947337
418,LAO,2019,6230722934,6730398308,-0.96,-0.769,119.0,5.58,LA,Laos,4504641700.0,1.3831783633313166
418,LAO,2020,6674085756,5914666900,-0.833,-0.498,136.0,5.11,LA,Laos,4504641700.0,1.4816019120899226
418,LAO,2021,8464223812,6772471446,-0.664,-0.454,134.0,5.11,LA,Laos,4504641700.0,1.8790004567954872
418,LAO,2022,10080738189,8257265004,-0.787,-0.591,120.0,4.749,LA,Laos,4504641700.0,2.2378557186912333
422,LBN,2012,3905285142,20001216626,0.471,1.514,300.0,3.25,LB,Lebanon,2813226298.3333335,1.3881873435896874
422,LBN,2013,3857266604,20768202623,0.379,1.695,289.0,3.8,LB,Lebanon,2813226298.3333335,1.3711184934838685
422,LBN,2014,3287350871,20070444874,0.386,1.918,302.0,3.04,LB,Lebanon,2813226298.3333335,1.1685341036899721
422,LBN,2015,2965060107,17906440474,0.364,1.538,280.0,2.76,LB,Lebanon,2813226298.3333335,1.0539714166459409
422,LBN,2016,2662446481,18052349573,0.328,1.277,262.0,4.32,LB,Lebanon,2813226298.3333335,0.9464032390772611
422,LBN,2017,2812172307,19280569235,0.345,1.366,264.0,1.09,LB,Lebanon,2813226298.3333335,0.9996253442767978
422,LBN,2018,3016372044,19933642908,0.348,1.331,256.0,1.24,LB,Lebanon,2813226298.3333335,1.0722109507461302
422,LBN,2019,4132711171,17445125435,0.335,1.213,248.0,0.72,LB,Lebanon,2813226298.3333335,1.469029055162886
422,LBN,2020,3784733702,11640116211,0.272,1.006,236.0,1.16,LB,Lebanon,2813226298.3333335,1.3453356753568761
422,LBN,2021,3984768207,14158859290,0.3,0.601,209.0,1.16,LB,Lebanon,2813226298.3333335,1.4164406927948647
422,LBN,2022,3778460678,18157873014,0.39,0.825,219.0,3.648,LB,Lebanon,2813226298.3333335,1.3431058426542186
426,LSO,2012,797313012,1863814616,-0.554,-0.87,76.0,,LS,Lesotho,861418387.6666666,0.9255816028720846
426,LSO,2013,778903285,1704208801,-0.54,-0.764,89.0,,LS,Lesotho,861418387.6666666,0.9042101911822706
426,LSO,2014,921368746,1575161447,-0.58,-0.825,85.0,,LS,Lesotho,861418387.6666666,1.0695949368990387
426,LSO,2015,816976977,1424440383,-0.715,-0.923,72.0,,LS,Lesotho,861418387.6666666,0.9484090294531029
426,LSO,2016,805473696,1355748743,-0.643,-0.896,72.0,,LS,Lesotho,861418387.6666666,0.935055145713566
426,LSO,2017,961804490,1517317507,-0.844,-1.077,70.0,,LS,Lesotho,861418387.6666666,1.1165358248333312
426,LSO,2018,1077681378,1549159852,-0.703,-1.058,69.0,,LS,Lesotho,861418387.6666666,1.2510545321874627
426,LSO,2019,973790913,1561498032,-0.72,-0.823,80.0,,LS,Lesotho,861418387.6666666,1.1304505765632866
426,LSO,2020,824375164,1259072868,-0.703,-0.952,68.0,,LS,Lesotho,861418387.6666666,0.9569974077671989
426,LSO,2021,925559322,1616416976,-0.792,-0.911,82.0,3.724,LS,Lesotho,861418387.6666666,1.0744596763334395
426,LSO,2022,1004191850,1709369383,-1.009,-1.052,81.0,,LS,Lesotho,861418387.6666666,1.1657422970968445
428,LVA,2012,11666815537,24365469279,0.791,0.929,281.0,2.81,LV,Latvia,10902205067.333334,1.0701335615083682
428,LVA,2013,11983466682,26052940653,0.782,1.014,287.0,2.85,LV,Latvia,10902205067.333334,1.0991782495365536
428,LVA,2014,12884660576,29041372092,0.763,0.889,275.0,2.76,LV,Latvia,10902205067.333334,1.1818398660108467
428,LVA,2015,10551742539,19675049477,0.783,0.961,280.0,2.9,LV,Latvia,10902205067.333334,0.9678539775972993
428,LVA,2016,10572804197,17995027557,0.768,0.92,267.0,4.0,LV,Latvia,10902205067.333334,0.9697858489820257
428,LVA,2017,11582068466,19720281321,0.819,1.085,287.0,3.86,LV,Latvia,10902205067.333334,1.0623601734206747
428,LVA,2018,13601145419,21780356252,0.793,1.023,275.0,3.63,LV,Latvia,10902205067.333334,1.247559125424415
428,LVA,2019,13236210210,21002344370,0.804,0.959,275.0,3.46,LV,Latvia,10902205067.333334,1.214085602706202
428,LVA,2020,13512297279,18947399744,0.8,0.874,259.0,3.38,LV,Latvia,10902205067.333334,1.2394095685731852
428,LVA,2021,17552843271,24004570474,0.818,0.958,273.0,3.38,LV,Latvia,10902205067.333334,1.6100268856246531
428,LVA,2022,20733562404,27561049011,0.786,0.995,270.0,2.802,LV,Latvia,10902205067.333334,1.9017769594267413
430,LBR,2012,1100599532,16376612015,-1.199,-1.169,31.0,,LR,Liberia,1160677491.3333333,0.9482388865279722
430,LBR,2013,1124331803,13733285118,-0.94,-1.075,33.0,,LR,Liberia,1160677491.3333333,0.9686857989366358
430,LBR,2014,1235461348,11944202775,-1.205,-1.126,20.0,,LR,Liberia,1160677491.3333333,1.064431211275372
430,LBR,2015,1496886086,8587433851,-1.609,-1.241,18.0,,LR,Liberia,1160677491.3333333,1.2896658177461904
430,LBR,2016,868718435,9841021356,-1.159,-1.153,37.0,5.7,LR,Liberia,1160677491.3333333,0.7484580699519346
430,LBR,2017,1116427953,8128020519,-0.738,-1.016,35.0,4.04,LR,Liberia,1160677491.3333333,0.9618761123018752
430,LBR,2018,1248787110,9332504787,-0.895,-0.988,43.0,3.65,LR,Liberia,1160677491.3333333,1.075912231713437
430,LBR,2019,1148068327,11826745369,-1.058,-1.123,33.0,3.53,LR,Liberia,1160677491.3333333,0.9891363755845317
430,LBR,2020,911982705,11911226613,-1.501,-1.191,32.0,2.32,LR,Liberia,1160677491.3333333,0.7857330841768595
430,LBR,2021,1448080658,15428277276,-1.205,-1.158,31.0,2.32,LR,Liberia,1160677491.3333333,1.2476167314457964
430,LBR,2022,1706857035,21742033748,-1.138,-1.034,37.0,2.543,LR,Liberia,1160677491.3333333,1.4705696007245221
434,LBY,2012,48908012875,22128507806,-2.28,-1.211,5.0,-0.28,LY,Libya,12740101254.333334,3.838902996031115
434,LBY,2013,35679613260,25849893905,-2.126,-1.247,13.0,0.7,LY,Libya,12740101254.333334,2.800575328854955
434,LBY,2014,17467758704,18206795370,-1.871,-1.227,17.0,1.04,LY,Libya,12740101254.333334,1.3710847626158884
434,LBY,2015,9603623966,12896258435,-1.486,-1.296,23.0,,LY,Libya,12740101254.333334,0.753810646735126
434,LBY,2016,10812216655,10121622382,-1.054,-1.281,24.0,,LY,Libya,12740101254.333334,0.8486758809175401
434,LBY,2017,17804463142,9174993053,-1.347,-1.228,20.0,0.48,LY,Libya,12740101254.333334,1.3975134723473337
434,LBY,2018,28191660501,13486952768,-1.763,-1.272,17.0,-0.04,LY,Libya,12740101254.333334,2.2128286061628493
434,LBY,2019,28915327360,15602484186,-1.921,-1.246,11.0,0.18,LY,Libya,12740101254.333334,2.2696308908977416
434,LBY,2020,7546662648,12440270772,-1.449,-1.263,19.0,0.78,LY,Libya,12740101254.333334,0.5923549976051508
434,LBY,2021,26381563328,17461811231,-1.723,-1.213,12.0,0.78,LY,Libya,12740101254.333334,2.0707498944740923
434,LBY,2022,32118716329,19856083861,-1.86,-1.21,10.0,0.429,LY,Libya,12740101254.333334,2.5210722966644674
440,LTU,2012,26534278868,27196914637,0.799,1.114,302.0,2.85,LT,Lithuania,22399533919.0,1.1845906688930155
440,LTU,2013,27298270374,30083479120,0.801,1.302,311.0,2.89,LT,Lithuania,22399533919.0,1.2186981422343228
440,LTU,2014,27720359732,29301383756,0.863,1.285,324.0,2.99,LT,Lithuania,22399533919.0,1.2375418092287493
440,LTU,2015,21410621647,24310572492,0.852,1.265,313.0,3.04,LT,Lithuania,22399533919.0,0.955851212102178
440,LTU,2016,21094905397,24693232808,0.831,1.168,307.0,4.18,LT,Lithuania,22399533919.0,0.9417564433832539
440,LTU,2017,24693074713,28603492731,0.861,1.066,298.0,4.06,LT,Lithuania,22399533919.0,1.102392344514568
440,LTU,2018,28382314818,32988062699,0.903,1.197,311.0,3.9,LT,Lithuania,22399533919.0,1.2670939904658112
440,LTU,2019,28692094014,31963509266,0.924,1.176,312.0,4.29,LT,Lithuania,22399533919.0,1.2809237066161654
440,LTU,2020,28228422056,30418661247,0.913,1.169,303.0,3.68,LT,Lithuania,22399533919.0,1.2602236349237494
440,LTU,2021,35601826254,41127086853,0.937,1.162,310.0,3.68,LT,Lithuania,22399533919.0,1.5894003144324977
440,LTU,2022,44813650460,47201307464,0.916,1.321,327.0,3.041,LT,Lithuania,22399533919.0,2.0006510234566814
442,LUX,2012,16066117181,25626286341,1.105,1.446,227.0,,LU,Luxembourg,14813296683.666666,1.0845740501987455
442,LUX,2013,16393986861,25535032644,1.186,1.352,222.0,,LU,Luxembourg,14813296683.666666,1.1067075217008395
442,LUX,2014,17449520688,25483864943,1.199,1.414,225.0,,LU,Luxembourg,14813296683.666666,1.1779633568832837
442,LUX,2015,15335351294,21071792709,1.224,1.437,220.0,,LU,Luxembourg,14813296683.666666,1.0352422976115072
442,LUX,2016,14665519033,20371557254,1.256,1.448,220.0,,LU,Luxembourg,14813296683.666666,0.9900239862994435
442,LUX,2017,14439019724,22481369598,1.247,1.493,223.0,,LU,Luxembourg,14813296683.666666,0.9747337160890494
442,LUX,2018,15556713801,24372098618,1.226,1.473,229.0,,LU,Luxembourg,14813296683.666666,1.0501857981520775
442,LUX,2019,14426157916,25031206585,1.239,1.546,240.0,,LU,Luxembourg,14813296683.666666,0.9738654550749982
442,LUX,2020,13812721301,22343498484,1.161,1.674,228.0,,LU,Luxembourg,14813296683.666666,0.9324542399957524
442,LUX,2021,16924679731,28097795571,1.134,1.482,211.0,,LU,Luxembourg,14813296683.666666,1.142532961596683
442,LUX,2022,17762979366,28778164592,1.137,1.568,211.0,,LU,Luxembourg,14813296683.666666,1.1991239860594767
446,MAC,2012,1232534113,8946276459,0.741,0.779,172.0,,MO,Macao,1254040842.0,0.9828500569680808
446,MAC,2013,1579832740,10830599601,0.679,0.327,139.0,,MO,Macao,1254040842.0,1.259793690196256
446,MAC,2014,1319937531,11785699628,0.791,0.76,170.0,,MO,Macao,1254040842.0,1.0525474823410894
446,MAC,2015,1302961643,12898602289,0.691,0.344,143.0,,MO,Macao,1254040842.0,1.039010532481525
446,MAC,2016,1169661347,10355609475,0.686,0.338,126.0,,MO,Macao,1254040842.0,0.9327139179411191
446,MAC,2017,1289499536,10586553816,0.626,0.244,141.0,,MO,Macao,1254040842.0,1.028275549577356
446,MAC,2018,1324825358,12231005024,0.764,0.33,130.0,,MO,Macao,1254040842.0,1.0564451440729072
446,MAC,2019,1406001462,12575327846,0.749,-0.02,110.0,,MO,Macao,1254040842.0,1.1211767710512892
446,MAC,2020,1250288421,9280683904,0.681,-0.01,114.0,,MO,Macao,1254040842.0,0.9970077362121512
446,MAC,2021,1578078261,14478696388,0.8,0.159,120.0,,MO,Macao,1254040842.0,1.25839462970218
446,MAC,2022,1726758693,14806299002,0.842,0.395,134.0,,MO,Macao,1254040842.0,1.376955706040713
450,MDG,2012,1403055341,2590538795,-1.122,-0.597,142.0,5.9,MG,Madagascar,2446964741.3333335,0.5733860064675412
450,MDG,2013,1729591124,2779309799,-1.159,-0.502,144.0,6.01,MG,Madagascar,2446964741.3333335,0.7068312406731118
450,MDG,2014,2137740463,2934190668,-1.259,-0.65,132.0,5.78,MG,Madagascar,2446964741.3333335,0.8736294507599487
450,MDG,2015,2092981711,2731401391,-1.321,-0.522,133.0,6.07,MG,Madagascar,2446964741.3333335,0.8553379113503488
450,MDG,2016,2338266445,2787630878,-1.386,-0.606,137.0,5.73,MG,Madagascar,2446964741.3333335,0.9555783152502212
450,MDG,2017,2909646068,3390666359,-1.381,-0.768,124.0,4.99,MG,Madagascar,2446964741.3333335,1.18908377339943
450,MDG,2018,3203864363,3325715535,-1.342,-0.87,112.0,5.04,MG,Madagascar,2446964741.3333335,1.309321834058891
450,MDG,2019,2929797842,3644216429,-1.505,-0.839,123.0,5.62,MG,Madagascar,2446964741.3333335,1.1973191899788365
450,MDG,2020,2216308811,2994495543,-1.397,-0.767,132.0,5.36,MG,Madagascar,2446964741.3333335,0.9057379428329438
450,MDG,2021,2749167304,3753463757,-1.225,-0.77,121.0,5.36,MG,Madagascar,2446964741.3333335,1.1235009878000932
450,MDG,2022,3961592632,4961994052,-1.449,-0.828,121.0,1.693,MG,Madagascar,2446964741.3333335,1.6189823110574764
454,MWI,2012,1035130443,1802921675,-1.183,-1.183,69.0,5.78,MW,Malawi,831204837.6666666,1.2453373658240334
454,MWI,2013,1009699623,2065711873,-1.076,-1.181,65.0,6.11,MW,Malawi,831204837.6666666,1.2147422359022821
454,MWI,2014,1066633125,1717748137,-0.845,-0.791,87.0,5.66,MW,Malawi,831204837.6666666,1.2832373882642703
454,MWI,2015,939658762,1427273391,-0.958,-0.959,80.0,6.01,MW,Malawi,831204837.6666666,1.1304779753661949
454,MWI,2016,859625567,1468483010,-1.356,-1.311,57.0,4.92,MW,Malawi,831204837.6666666,1.03419220876182
454,MWI,2017,694330184,1653825815,-1.132,-1.078,65.0,4.61,MW,Malawi,831204837.6666666,0.8353298158719852
454,MWI,2018,769815427,1656209037,-1.023,-1.037,73.0,4.51,MW,Malawi,831204837.6666666,0.9261440647542462
454,MWI,2019,827684974,1662815247,-1.18,-1.216,60.0,4.65,MW,Malawi,831204837.6666666,0.9957653474725345
454,MWI,2020,709039711,1503072146,-1.437,-1.183,64.0,4.3,MW,Malawi,831204837.6666666,0.8530264489200942
454,MWI,2021,913151220,1777461268,-1.062,-0.902,86.0,4.3,MW,Malawi,831204837.6666666,1.0985874704042518
454,MWI,2022,862614525,1695628825,-1.09,-0.874,89.0,3.791,MW,Malawi,831204837.6666666,1.037788143078553
458,MYS,2012,250622694162,185719687661,0.915,1.007,245.0,4.76,MY,Malaysia,230536777019.66666,1.0871267370091664
458,MYS,2013,256492113508,196550741990,0.954,0.996,250.0,4.86,MY,Malaysia,230536777019.66666,1.1125865331504965
458,MYS,2014,258871413859,197576933503,0.958,0.908,236.0,4.87,MY,Malaysia,230536777019.66666,1.1229072307058243
458,MYS,2015,228012489636,170614654698,0.959,1.141,257.0,4.82,MY,Malaysia,230536777019.66666,0.9890503918016893
458,MYS,2016,218064007732,158321723545,0.952,1.085,258.0,4.97,MY,Malaysia,230536777019.66666,0.9458968349913097
458,MYS,2017,245533833691,179439791676,0.939,0.989,242.0,5.47,MY,Malaysia,230536777019.66666,1.065052773207001
458,MYS,2018,276252086643,199598430301,1.001,0.936,240.0,5.44,MY,Malaysia,230536777019.66666,1.1982994219591847
458,MYS,2019,274222456021,195420082935,1.032,0.944,250.0,5.72,MY,Malaysia,230536777019.66666,1.1894954877312551
458,MYS,2020,266889287785,183585888578,1.038,0.722,212.0,5.31,MY,Malaysia,230536777019.66666,1.1576863840784595
458,MYS,2021,343422694192,233716833290,1.09,0.841,225.0,5.31,MY,Malaysia,230536777019.66666,1.4896655476479714
458,MYS,2022,396201311462,276438591066,1.073,0.749,207.0,4.645,MY,Malaysia,230536777019.66666,1.718603498253126
462,MDV,2012,201098122,1083430834,-0.586,-1.028,25.0,,MV,Maldives,270044948.0,0.7446838886984103
462,MDV,2013,211654684,1147150592,-0.335,-0.906,24.0,,MV,Maldives,270044948.0,0.7837757586933268
462,MDV,2014,185445707,1392196879,-0.271,-0.927,23.0,,MV,Maldives,270044948.0,0.686721630504267
462,MDV,2015,202731521,1403448268,-0.477,-0.972,23.0,,MV,Maldives,270044948.0,0.7507325076860908
462,MDV,2016,237233275,1643275866,-0.963,-1.03,22.0,,MV,Maldives,270044948.0,0.8784955125322322
462,MDV,2017,370170048,1783985627,-1.057,-1.057,19.0,,MV,Maldives,270044948.0,1.3707719797816769
462,MDV,2018,313938656,2144629460,-0.949,-1.065,16.0,,MV,Maldives,270044948.0,1.1625422298216814
462,MDV,2019,229634074,2367675034,-0.486,-0.959,19.0,,MV,Maldives,270044948.0,0.8503550083077281
462,MDV,2020,200917193,1462835021,-0.747,-0.911,26.0,,MV,Maldives,270044948.0,0.7440138928279451
462,MDV,2021,242055379,2467962107,-0.746,-0.934,23.0,,MV,Maldives,270044948.0,0.8963521843037775
462,MDV,2022,638124257,4291138693,-1.022,-1.066,18.0,,MV,Maldives,270044948.0,2.3630297908776283
466,MLI,2012,1969574538,2913683026,-0.989,-0.83,86.0,5.57,ML,Mali,2163695598.3333335,0.9102826384252654
466,MLI,2013,2456406001,2934871769,-1.248,-1.182,57.0,5.3,ML,Mali,2163695598.3333335,1.1352826168764856
466,MLI,2014,2629079087,3181121811,-1.125,-1.15,60.0,4.71,ML,Mali,2163695598.3333335,1.2150873205201072
466,MLI,2015,2897604727,3296595025,-0.906,-1.017,66.0,5.75,ML,Mali,2163695598.3333335,1.3391924119233718
466,MLI,2016,2238349282,3665567534,-0.84,-0.746,97.0,5.89,ML,Mali,2163695598.3333335,1.0345028587774414
466,MLI,2017,1355132786,3780527901,-0.825,-0.761,99.0,5.37,ML,Mali,2163695598.3333335,0.6263047292991866
466,MLI,2018,2768393337,4057543335,-0.866,-0.797,97.0,3.99,ML,Mali,2163695598.3333335,1.2794744968434826
466,MLI,2019,4158350826,4336537121,-0.649,-0.604,110.0,5.4,ML,Mali,2163695598.3333335,1.9218742364698267
466,MLI,2020,4364252379,4769312815,-0.861,-0.808,103.0,4.36,ML,Mali,2163695598.3333335,2.0170362145034297
466,MLI,2021,7206459124,5595971523,-0.753,-0.363,127.0,4.36,ML,Mali,2163695598.3333335,3.330625218053335
466,MLI,2022,5634399725,6513955664,-0.823,-0.659,95.0,4.118,ML,Mali,2163695598.3333335,2.6040630342549593
470,MLT,2012,5953310415,17145484855,1.058,0.073,87.0,,MT,Malta,4625681749.333333,1.2870125394722645
470,MLT,2013,6021284306,18133944657,1.059,-0.013,82.0,,MT,Malta,4625681749.333333,1.3017074308814707
470,MLT,2014,5459560888,19656484109,0.937,0.09,97.0,,MT,Malta,4625681749.333333,1.1802716191590241
470,MLT,2015,4671527718,18581013081,1.098,0.027,90.0,,MT,Malta,4625681749.333333,1.009911180913662
470,MLT,2016,5251182702,14295507730,0.95,-0.046,78.0,,MT,Malta,4625681749.333333,1.135223516567437
470,MLT,2017,3954334828,16442908950,1.023,0.278,105.0,,MT,Malta,4625681749.333333,0.8548653025189012
470,MLT,2018,4336093229,19261023949,0.995,0.44,115.0,,MT,Malta,4625681749.333333,0.9373954941074212
470,MLT,2019,4063069648,18649906796,0.981,0.513,127.0,,MT,Malta,4625681749.333333,0.8783720688492203
470,MLT,2020,3598828904,14248484306,1.066,0.386,105.0,,MT,Malta,4625681749.333333,0.7780104855935396
470,MLT,2021,4352493447,19488805212,1.079,0.58,122.0,,MT,Malta,4625681749.333333,0.9409409645675028
470,MLT,2022,4269611851,17631448918,0.92,0.378,119.0,,MT,Malta,4625681749.333333,0.9230232606502489
478,MRT,2012,2722817843,3434478863,-1.907,-1.319,27.0,3.38,MR,Mauritania,1965558304.3333333,1.385264348046653
478,MRT,2013,2785105498,3695759529,-2.339,-1.361,20.0,3.05,MR,Mauritania,1965558304.3333333,1.4169538964373973
478,MRT,2014,2615499051,3556549945,-1.015,-1.229,33.0,3.39,MR,Mauritania,1965558304.3333333,1.330664699812662
478,MRT,2015,1876555173,2786467434,-1.909,-1.349,27.0,,MR,Mauritania,1965558304.3333333,0.9547186511144878
478,MRT,2016,1886997781,2686301047,-1.741,-1.377,27.0,3.8,MR,Mauritania,1965558304.3333333,0.9600314459458484
478,MRT,2017,2133121959,3184428378,-1.857,-1.374,29.0,2.82,MR,Mauritania,1965558304.3333333,1.0852499029396638
478,MRT,2018,2366422875,3146845253,-1.508,-1.294,37.0,3.34,MR,Mauritania,1965558304.3333333,1.2039443804759735
478,MRT,2019,2694150835,3410764717,-1.783,-1.362,30.0,2.87,MR,Mauritania,1965558304.3333333,1.3706796837623123
478,MRT,2020,2799501457,2897390234,-1.427,-1.324,30.0,2.62,MR,Mauritania,1965558304.3333333,1.4242780032666182
478,MRT,2021,3448074508,3757169071,-1.53,-1.335,27.0,2.62,MR,Mauritania,1965558304.3333333,1.7542468724526072
478,MRT,2022,4064227977,4467468903,-1.697,-1.3,39.0,2.287,MR,Mauritania,1965558304.3333333,2.067721912924115
480,MUS,2012,2253181576,4206560814,0.14,-0.088,172.0,2.36,MU,Mauritius,2244864535.3333335,1.0037049187315135
480,MUS,2013,2380355617,4423851204,0.083,-0.255,161.0,2.38,MU,Mauritius,2244864535.3333335,1.0603560168259987
480,MUS,2014,2548922816,5213990097,0.13,-0.311,150.0,2.26,MU,Mauritius,2244864535.3333335,1.135446159837666
480,MUS,2015,2487037760,4217068920,0.019,-0.294,141.0,2.22,MU,Mauritius,2244864535.3333335,1.1078787699012345
480,MUS,2016,2151540985,4046075958,-0.04,-0.289,148.0,3.31,MU,Mauritius,2244864535.3333335,0.9584279813483373
480,MUS,2017,2096014861,4665872991,0.107,-0.147,160.0,4.22,MU,Mauritius,2244864535.3333335,0.9336932487504279
480,MUS,2018,2038221076,4980192936,0.149,-0.06,162.0,4.29,MU,Mauritius,2244864535.3333335,0.9079483612125177
480,MUS,2019,1954516444,5010908674,0.091,-0.237,151.0,4.1,MU,Mauritius,2244864535.3333335,0.8706611972511649
480,MUS,2020,1531579131,3551485477,0.108,-0.232,153.0,3.92,MU,Mauritius,2244864535.3333335,0.6822590436498567
480,MUS,2021,1785862096,4416966974,0.232,0.305,192.0,3.92,MU,Mauritius,2244864535.3333335,0.7955322327433101
480,MUS,2022,1923977845,5516789804,0.157,0.262,188.0,3.077,MU,Mauritius,2244864535.3333335,0.8570574369710527
484,MEX,2012,375878886807,340976591539,0.966,0.71,210.0,4.26,MX,Mexico,393740244305.6667,0.9546366982878168
484,MEX,2013,379516954703,354508569246,0.934,0.751,222.0,4.38,MX,Mexico,393740244305.6667,0.9638764647293079
484,MEX,2014,390790983449,373604027288,0.957,0.73,203.0,4.37,MX,Mexico,393740244305.6667,0.9925096281131549
484,MEX,2015,385242469328,370741729071,0.983,0.736,199.0,4.61,MX,Mexico,393740244305.6667,0.9784178145349305
484,MEX,2016,382192240263,362829861734,0.936,0.724,196.0,4.91,MX,Mexico,393740244305.6667,0.9706710090988266
484,MEX,2017,413786023326,389980590908,0.932,0.633,189.0,3.26,MX,Mexico,393740244305.6667,1.0509111763662429
484,MEX,2018,455687660654,428871550824,0.925,0.661,198.0,3.3,MX,Mexico,393740244305.6667,1.157330669760652
484,MEX,2019,466908823448,418703868666,0.953,0.549,188.0,3.48,MX,Mexico,393740244305.6667,1.1858295670826358
484,MEX,2020,423214972563,353692051913,0.897,0.649,190.0,3.08,MX,Mexico,393740244305.6667,1.074858307433902
484,MEX,2021,501226623766,470103584439,0.933,0.627,196.0,3.08,MX,Mexico,393740244305.6667,1.2729880448209656
484,MEX,2022,582138002266,548438275347,0.908,0.661,199.0,2.254,MX,Mexico,393740244305.6667,1.4784823514613283
496,MNG,2012,4409820029,7174408454,-1.536,-1.197,38.0,2.36,MN,Mongolia,4959650611.666667,0.8891392507824459
496,MNG,2013,4129015897,6288415816,-1.318,-1.231,41.0,2.39,MN,Mongolia,4959650611.666667,0.8325215262718807
496,MNG,2014,5682173658,5349997644,-1.542,-1.216,38.0,2.32,MN,Mongolia,4959650611.666667,1.1456802309085503
496,MNG,2015,4432795450,3872136891,-1.417,-1.227,51.0,2.39,MN,Mongolia,4959650611.666667,0.8937717184296536
496,MNG,2016,4461536970,3269375265,-1.128,-1.146,57.0,3.02,MN,Mongolia,4959650611.666667,0.8995667879316043
496,MNG,2017,5984619415,4316372202,-1.211,-1.172,52.0,2.12,MN,Mongolia,4959650611.666667,1.2066614936387419
496,MNG,2018,7233202759,5266891879,-1.317,-1.192,48.0,2.39,MN,Mongolia,4959650611.666667,1.458409739989591
496,MNG,2019,7156648033,5720899604,-1.275,-1.221,43.0,2.45,MN,Mongolia,4959650611.666667,1.4429742321294368
496,MNG,2020,6284106557,4723578153,-1.087,-1.152,43.0,2.0,MN,Mongolia,4959650611.666667,1.2670462193884775
496,MNG,2021,8098559577,6292349506,-1.541,-1.168,41.0,2.0,MN,Mongolia,4959650611.666667,1.6328891309298332
496,MNG,2022,10797844991,7786643572,-1.433,-1.258,38.0,1.249,MN,Mongolia,4959650611.666667,2.1771382374395594
498,MDA,2012,2187305238,4658421234,0.172,0.207,206.0,3.23,MD,Moldova,2207177126.0,0.9909966953871014
498,MDA,2013,2328353753,5300520903,0.149,-0.107,181.0,3.14,MD,Moldova,2207177126.0,1.0549011792359433
498,MDA,2014,2472299972,5315036875,-0.008,-0.238,167.0,2.74,MD,Moldova,2207177126.0,1.12011851829965
498,MDA,2015,2063571112,3766116109,-0.078,-0.275,171.0,3.07,MD,Moldova,2207177126.0,0.9349367967308302
498,MDA,2016,2040525789,4228382505,-0.048,-0.291,167.0,4.49,MD,Moldova,2207177126.0,0.9244957121760241
498,MDA,2017,2517434477,4965512249,0.019,-0.288,170.0,3.19,MD,Moldova,2207177126.0,1.1405674910931458
498,MDA,2018,2831153227,5909599203,-0.015,-0.225,175.0,3.08,MD,Moldova,2207177126.0,1.2827032292287357
498,MDA,2019,2838401102,6036558635,-0.034,-0.457,152.0,2.95,MD,Moldova,2207177126.0,1.2859870051045463
498,MDA,2020,2569427663,5442803087,0.066,-0.497,150.0,2.68,MD,Moldova,2207177126.0,1.1641239086490969
498,MDA,2021,3252544307,7294260320,0.048,-0.348,158.0,2.68,MD,Moldova,2207177126.0,1.4736217898807638
498,MDA,2022,4071483048,8198625614,0.123,-0.463,155.0,3.114,MD,Moldova,2207177126.0,1.844656235351
499,MNE,2012,549488511,2381785916,0.185,-0.439,105.0,,ME,Montenegro,386562321.0,1.4214745751177338
499,MNE,2013,528938434,2375691810,0.158,-0.343,111.0,,ME,Montenegro,386562321.0,1.3683134782295556
499,MNE,2014,492008446,2547038351,0.071,-0.261,115.0,,ME,Montenegro,386562321.0,1.2727791077185715
499,MNE,2015,351272778,2070013101,0.081,-0.132,121.0,,ME,Montenegro,386562321.0,0.9087093048574696
499,MNE,2016,371842717,2225706977,0.183,-0.279,114.0,,ME,Montenegro,386562321.0,0.9619217828527059
499,MNE,2017,436571468,2488041419,0.318,-0.33,100.0,,ME,Montenegro,386562321.0,1.1293689122898245
499,MNE,2018,405876895,2934826547,0.335,0.106,127.0,,ME,Montenegro,386562321.0,1.04996496800318
499,MNE,2019,394073540,2876234177,0.372,0.018,114.0,,ME,Montenegro,386562321.0,1.0194308099676377
499,MNE,2020,408441939,2322714175,0.337,0.102,125.0,,ME,Montenegro,386562321.0,1.0566004931453212
499,MNE,2021,621089255,2853653750,0.279,0.286,129.0,,ME,Montenegro,386562321.0,1.6066988975886245
499,MNE,2022,1722882134,4017409927,0.386,-0.119,110.0,,ME,Montenegro,386562321.0,4.456932402369345
500,MSR,2012,3366097,16241441,1.301,-0.085,55.0,,MS,Montserrat,7175193.0,0.46912981992261393
500,MSR,2013,7549931,30332444,1.103,0.118,57.0,,MS,Montserrat,7175193.0,1.0522268878342367
500,MSR,2014,3096898,28553422,0.577,-0.424,55.0,,MS,Montserrat,7175193.0,0.43161180472776134
500,MSR,2015,4230480,18914916,1.066,-0.283,42.0,,MS,Montserrat,7175193.0,0.5895980777102442
500,MSR,2016,3750582,41901011,1.222,-0.293,39.0,,MS,Montserrat,7175193.0,0.5227151381154486
500,MSR,2017,13544517,22661743,0.82,-0.261,47.0,,MS,Montserrat,7175193.0,1.8876867841743072
500,MSR,2018,6530431,33675573,0.88,-0.446,48.0,,MS,Montserrat,7175193.0,0.9101401174853415
500,MSR,2019,6798153,23660760,0.825,-0.322,45.0,,MS,Montserrat,7175193.0,0.9474522845587569
500,MSR,2020,7543179,21382747,1.319,-0.393,34.0,,MS,Montserrat,7175193.0,1.0512858678505232
500,MSR,2021,11782306,21276759,1.495,-0.393,37.0,,MS,Montserrat,7175193.0,1.6420890699386066
500,MSR,2022,5876902,24154542,1.173,-0.359,47.0,,MS,Montserrat,7175193.0,0.8190583863040339
504,MAR,2012,20749333899,39588697264,-0.301,-0.123,182.0,3.31,MA,Morocco,23427945800.0,0.8856659510882086
504,MAR,2013,21488264476,40023593023,-0.327,-0.259,172.0,3.35,MA,Morocco,23427945800.0,0.9172065130866062
504,MAR,2014,23693705894,39594324677,-0.325,-0.079,180.0,3.05,MA,Morocco,23427945800.0,1.0113437215652086
504,MAR,2015,21945023418,33281550112,-0.433,-0.185,168.0,4.16,MA,Morocco,23427945800.0,0.9367028422099218
504,MAR,2016,22778051213,36607803867,-0.412,-0.3,157.0,4.54,MA,Morocco,23427945800.0,0.9722598561330119
504,MAR,2017,25560762769,39856375740,-0.335,-0.15,169.0,4.17,MA,Morocco,23427945800.0,1.0910373016570662
504,MAR,2018,28337985617,44606858653,-0.349,-0.222,166.0,4.08,MA,Morocco,23427945800.0,1.2095804668030263
504,MAR,2019,28387266433,45463074783,-0.396,-0.176,166.0,4.04,MA,Morocco,23427945800.0,1.211683972437737
504,MAR,2020,26576293235,39837290627,-0.284,-0.127,176.0,3.85,MA,Morocco,23427945800.0,1.134384271752925
504,MAR,2021,35088766434,52132046219,-0.319,-0.235,163.0,3.85,MA,Morocco,23427945800.0,1.497731245135457
504,MAR,2022,40032399556,61815004860,-0.386,-0.317,162.0,2.772,MA,Morocco,23427945800.0,1.7087456108080974
508,MOZ,2012,4046060322,7426436843,-1.506,-1.217,73.0,4.29,MZ,Mozambique,4145709213.3333335,0.9759633668920037
508,MOZ,2013,4466019605,10362451133,-1.307,-1.09,88.0,4.49,MZ,Mozambique,4145709213.3333335,1.07726311113102
508,MOZ,2014,5322120405,11387403712,-1.306,-1.013,96.0,4.62,MZ,Mozambique,4145709213.3333335,1.2837659688921548
508,MOZ,2015,3614140610,9236356098,-1.25,-0.965,102.0,5.32,MZ,Mozambique,4145709213.3333335,0.8717786086820284
508,MOZ,2016,3637860736,7232972711,-1.457,-1.071,88.0,5.13,MZ,Mozambique,4145709213.3333335,0.8775002174055038
508,MOZ,2017,5185126294,8346534700,-1.578,-1.115,78.0,5.11,MZ,Mozambique,4145709213.3333335,1.2507211739124677
508,MOZ,2018,5860277065,9786692944,-1.477,-0.999,91.0,5.54,MZ,Mozambique,4145709213.3333335,1.413576486781155
508,MOZ,2019,5169268366,11689570109,-1.534,-1.044,86.0,5.99,MZ,Mozambique,4145709213.3333335,1.246896031534175
508,MOZ,2020,4098010938,10231685823,-1.547,-1.08,92.0,5.61,MZ,Mozambique,4145709213.3333335,0.9884945439057985
508,MOZ,2021,6211812324,15848273308,-1.491,-1.029,88.0,5.61,MZ,Mozambique,4145709213.3333335,1.4983714496959202
508,MOZ,2022,9321925861,17351369394,-1.568,-1.159,77.0,4.437,MZ,Mozambique,4145709213.3333335,2.2485720491488017
512,OMN,2012,39289035785,26383329239,-0.352,-1.002,66.0,2.26,OM,Oman,26994713051.0,1.4554344663998777
512,OMN,2013,46537972656,29041976660,-0.35,-1.009,65.0,2.34,OM,Oman,26994713051.0,1.7239661917530935
512,OMN,2014,41374837788,28226641906,-0.273,-0.985,63.0,2.19,OM,Oman,26994713051.0,1.5327015223252132
512,OMN,2015,28542275186,27314017462,-0.324,-0.954,78.0,2.37,OM,Oman,26994713051.0,1.057328341741446
512,OMN,2016,24667479513,25217652702,-0.314,-0.877,93.0,3.23,OM,Oman,26994713051.0,0.9137892840867301
512,OMN,2017,27774384454,30714274481,-0.144,-0.874,95.0,4.49,OM,Oman,26994713051.0,1.0288823741718238
512,OMN,2018,36983522467,33650776609,-0.166,-0.946,80.0,4.22,OM,Oman,26994713051.0,1.3700283606322672
512,OMN,2019,35822874342,31824571877,-0.075,-0.805,94.0,4.15,OM,Oman,26994713051.0,1.3270329739872144
512,OMN,2020,30998883207,29197195065,-0.055,-0.755,97.0,3.45,OM,Oman,26994713051.0,1.1483316436235156
512,OMN,2021,50431797927,31224064227,-0.202,-0.88,88.0,3.45,OM,Oman,26994713051.0,1.8682101873697001
512,OMN,2022,71526601149,36391631650,-0.144,-0.941,75.0,3.839,OM,Oman,26994713051.0,2.649652212041215
516,NAM,2012,4312298583,6537342915,0.006,-0.357,140.0,3.2,,Namibia,3699279441.6666665,1.1657131208928475
516,NAM,2013,4474583565,7722881354,0.014,-0.419,122.0,3.18,,Namibia,3699279441.6666665,1.2095824701969606
516,NAM,2014,4597632506,8255009357,-0.031,-0.513,116.0,2.56,,Namibia,3699279441.6666665,1.2428454185468594
516,NAM,2015,3675998768,7029479940,-0.301,-0.629,106.0,3.6,,Namibia,3699279441.6666665,0.9937067004442958
516,NAM,2016,3291462459,6295761354,-0.412,-0.819,95.0,3.76,,Namibia,3699279441.6666665,0.8897577246873436
516,NAM,2017,4130377098,5647779074,-0.366,-0.807,99.0,3.76,,Namibia,3699279441.6666665,1.1165355748683607
516,NAM,2018,5559707406,6757040107,-0.499,-0.771,97.0,3.79,,Namibia,3699279441.6666665,1.5029163094246105
516,NAM,2019,4273397576,5312824186,-0.422,-0.672,98.0,4.19,,Namibia,3699279441.6666665,1.1551972873059493
516,NAM,2020,3769012070,4313040790,-0.526,-0.72,102.0,3.54,,Namibia,3699279441.6666665,1.018850327322641
516,NAM,2021,4381094132,6455248906,-0.65,-0.912,91.0,3.54,,Namibia,3699279441.6666665,1.18431013419904
516,NAM,2022,4942730111,6615243116,-0.572,-0.723,102.0,2.606,,Namibia,3699279441.6666665,1.3361332088967877
520,NRU,2012,80517979,47248869,0.74,-0.672,23.0,,NR,Nauru,22269621.333333332,3.615597130943583
520,NRU,2013,54473810,156989809,0.92,-0.705,22.0,,NR,Nauru,22269621.333333332,2.446104007995107
520,NRU,2014,29125619,137228595,0.908,-0.359,36.0,,NR,Nauru,22269621.333333332,1.3078632350342014
520,NRU,2015,26282414,86812674,1.159,-0.321,37.0,,NR,Nauru,22269621.333333332,1.1801913291026773
520,NRU,2016,17581711,55280502,1.135,-0.384,48.0,,NR,Nauru,22269621.333333332,0.7894930379298173
520,NRU,2017,22944739,47834823,1.005,0.004,71.0,,NR,Nauru,22269621.333333332,1.0303156329675056
520,NRU,2018,16555671,124972706,1.072,-0.036,77.0,,NR,Nauru,22269621.333333332,0.7434195109199881
520,NRU,2019,34378290,94375510,0.913,-0.388,40.0,,NR,Nauru,22269621.333333332,1.5437303349447762
520,NRU,2020,105403738,116052324,1.161,-0.865,10.0,,NR,Nauru,22269621.333333332,4.733072755136205
520,NRU,2021,169163649,109193044,0.597,-0.776,15.0,,NR,Nauru,22269621.333333332,7.596161895523325
520,NRU,2022,178713610,80924979,1.074,-0.732,22.0,,NR,Nauru,22269621.333333332,8.024995455692826
524,NPL,2012,598200898,5587586421,-0.174,0.388,193.0,,NP,Nepal,718445413.0,0.8326323575539343
524,NPL,2013,672067323,6572287436,-0.139,0.546,200.0,,NP,Nepal,718445413.0,0.9354466057395512
524,NPL,2014,900750702,7668819753,-0.076,0.464,185.0,,NP,Nepal,718445413.0,1.2537496735329563
524,NPL,2015,764682408,5348165128,-0.096,0.149,167.0,,NP,Nepal,718445413.0,1.064357004948962
524,NPL,2016,674831167,6769263980,-0.223,0.174,173.0,,NP,Nepal,718445413.0,0.9392935841598866
524,NPL,2017,715822664,8418272559,-0.079,0.118,171.0,,NP,Nepal,718445413.0,0.9963494108911515
524,NPL,2018,717687075,10670992947,-0.188,0.387,200.0,,NP,Nepal,718445413.0,0.998944473739719
524,NPL,2019,960417157,10503668827,-0.168,0.065,166.0,,NP,Nepal,718445413.0,1.3367990659020326
524,NPL,2020,870160496,8476988815,-0.212,-0.025,142.0,,NP,Nepal,718445413.0,1.2111713433682956
524,NPL,2021,1644209411,13626655662,-0.345,-0.295,125.0,3.641,NP,Nepal,718445413.0,2.2885655350408647
524,NPL,2022,1296500484,12257530608,-0.173,-0.038,152.0,2.425,NP,Nepal,718445413.0,1.8045914978929651
528,NLD,2012,490348581299,516499531122,1.022,1.632,432.0,2.52,NL,Netherlands,419531897178.0,1.168799284624963
528,NLD,2013,504704486377,522866487154,1.039,1.64,434.0,2.66,NL,Netherlands,419531897178.0,1.2030181489701193
528,NLD,2014,503198511232,524958580547,1.03,1.759,448.0,2.56,NL,Netherlands,419531897178.0,1.199428493081902
528,NLD,2015,408908813441,422565730676,1.047,1.85,461.0,2.92,NL,Netherlands,419531897178.0,0.9746787221461428
528,NLD,2016,405184759525,416026654351,1.023,1.911,455.0,3.6,NL,Netherlands,419531897178.0,0.9658020337678573
528,NLD,2017,444502118568,472444839180,0.995,2.139,452.0,2.51,NL,Netherlands,419531897178.0,1.059519244086
528,NLD,2018,505076693033,539333923394,1.01,1.785,442.0,2.47,NL,Netherlands,419531897178.0,1.2039053440999858
528,NLD,2019,493250410524,526876627627,1.007,1.95,424.0,1.88,NL,Netherlands,419531897178.0,1.175716110841323
528,NLD,2020,481850885516,497812223781,1.002,2.014,437.0,2.19,NL,Netherlands,419531897178.0,1.148544100596859
528,NLD,2021,594362349846,628610794099,1.01,1.942,434.0,2.19,NL,Netherlands,419531897178.0,1.4167274379945956
528,NLD,2022,627251539936,714283667341,0.999,1.719,424.0,1.622,NL,Netherlands,419531897178.0,1.4951224070332565
531,CUW,2012,3520215735,4776849176,0.202,-0.745,33.0,,CW,Curaçao,1264481658.0,2.78391996651643
531,CUW,2013,3320175757,2997019642,0.275,-0.795,27.0,,CW,Curaçao,1264481658.0,2.6257207734048444
531,CUW,2014,2219821273,2937356276,0.358,-0.807,34.0,,CW,Curaçao,1264481658.0,1.7555187605576166
531,CUW,2015,1362638580,2313333274,0.44,-0.594,45.0,,CW,Curaçao,1264481658.0,1.0776262125899496
531,CUW,2016,1345836715,1768184652,0.325,-0.713,44.0,,CW,Curaçao,1264481658.0,1.064338661209746
531,CUW,2017,1084969679,1749660196,0.559,-0.192,88.0,,CW,Curaçao,1264481658.0,0.8580351262003043
531,CUW,2018,565613846,2410666481,0.648,0.257,113.0,,CW,Curaçao,1264481658.0,0.44730885768214124
531,CUW,2019,363891753,1300253076,0.745,0.869,171.0,,CW,Curaçao,1264481658.0,0.28777938430167405
531,CUW,2020,162473971,1038466079,0.53,0.819,167.0,,CW,Curaçao,1264481658.0,0.12849057158882093
531,CUW,2021,269510066,1137396555,0.311,-0.374,83.0,,CW,Curaçao,1264481658.0,0.21313877057440084
531,CUW,2022,317752398,1381618532,0.902,1.015,165.0,,CW,Curaçao,1264481658.0,0.251290634379451
533,ABW,2012,1549226524,2390772834,0.452,-0.8,29.0,,AW,Aruba,300604043.3333333,5.153711529695215
533,ABW,2013,611131865,3451970580,0.829,-0.169,63.0,,AW,Aruba,300604043.3333333,2.033012790590874
533,ABW,2014,592421709,3712402717,0.729,-0.373,52.0,,AW,Aruba,300604043.3333333,1.9707709265343327
533,ABW,2015,377970145,2638309583,0.975,-0.09,76.0,,AW,Aruba,300604043.3333333,1.2573687991976779
533,ABW,2016,251979260,1696309041,0.845,0.192,98.0,,AW,Aruba,300604043.3333333,0.8382430828469783
533,ABW,2017,271862725,1794519396,0.835,0.111,95.0,,AW,Aruba,300604043.3333333,0.904388117955344
533,ABW,2018,219837638,1309215630,0.775,0.241,100.0,,AW,Aruba,300604043.3333333,0.7313196308415146
533,ABW,2019,119654937,1155051943,1.053,0.05,73.0,,AW,Aruba,300604043.3333333,0.3980483285360112
533,ABW,2020,134021007,774462573,0.763,-0.239,67.0,,AW,Aruba,300604043.3333333,0.44583900307484226
533,ABW,2021,145808150,1179166450,0.766,-0.281,67.0,,AW,Aruba,300604043.3333333,0.4850505282070225
533,ABW,2022,61841209,1542081329,0.893,-0.137,78.0,,AW,Aruba,300604043.3333333,0.2057231443538024
534,SXM,2012,44848275,739201751,0.237,-0.65,29.0,,SX,Sint Maarten,97755927.0,0.4587780646793928
534,SXM,2013,59650061,1081408954,0.462,-0.039,109.0,,SX,Sint Maarten,97755927.0,0.6101938044124936
534,SXM,2014,65282391,980074549,0.594,-0.529,53.0,,SX,Sint Maarten,97755927.0,0.6678100551386515
534,SXM,2015,68664058,931358748,0.798,-0.087,72.0,,SX,Sint Maarten,97755927.0,0.7024030164431871
534,SXM,2016,105268443,889547581,0.885,0.543,121.0,,SX,Sint Maarten,97755927.0,1.0768497239047203
534,SXM,2017,119335280,742587368,0.895,0.595,134.0,,SX,Sint Maarten,97755927.0,1.2207472596520925
534,SXM,2018,88776501,927284794,1.035,0.841,145.0,,SX,Sint Maarten,97755927.0,0.908144434045416
534,SXM,2019,117826898,943682752,0.895,0.579,139.0,,SX,Sint Maarten,97755927.0,1.2053171773410731
534,SXM,2020,47159020,495946666,0.908,0.607,130.0,,SX,Sint Maarten,97755927.0,0.48241596645081175
534,SXM,2021,60450296,554313330,0.801,0.106,91.0,,SX,Sint Maarten,97755927.0,0.6183798553718385
534,SXM,2022,83944934,903666028,0.603,0.178,111.0,,SX,Sint Maarten,97755927.0,0.8587196354856315
535,BES,2012,21635,33075923,1.746,-0.894,3.0,,BQ,Bonaire,25129656.0,0.0008609349845457494
535,BES,2013,3337678,197216728,1.282,-0.466,27.0,,BQ,Bonaire,25129656.0,0.13281829245891785
535,BES,2014,130580151,167517740,-0.67,-0.937,5.0,,BQ,Bonaire,25129656.0,5.196257004075185
535,BES,2015,8334489,95096609,0.511,-0.81,14.0,,BQ,Bonaire,25129656.0,0.33165949426446584
535,BES,2016,12843953,391855870,-0.027,-0.914,11.0,,BQ,Bonaire,25129656.0,0.5111073943869348
535,BES,2017,54210526,424482602,1.189,-0.527,28.0,,BQ,Bonaire,25129656.0,2.1572331113485994
535,BES,2018,134259691,681834132,0.845,-0.759,19.0,,BQ,Bonaire,25129656.0,5.342679223304927
535,BES,2019,109066048,450958777,0.8,-0.726,21.0,,BQ,Bonaire,25129656.0,4.340132948895122
535,BES,2020,26620244,295866344,0.767,-0.622,29.0,,BQ,Bonaire,25129656.0,1.0593158935402855
535,BES,2021,60326003,560969503,-0.073,-0.854,14.0,,BQ,Bonaire,25129656.0,2.4005900836843925
535,BES,2022,8572544,824825171,0.618,-0.742,20.0,,BQ,Bonaire,25129656.0,0.34113256464792036
540,NCL,2012,1261290203,2817105499,0.065,-0.96,26.0,,NC,New Caledonia,1224184486.6666667,1.0303105591824386
540,NCL,2013,1205962648,2686070103,0.339,-0.82,27.0,,NC,New Caledonia,1224184486.6666667,0.9851151204208747
540,NCL,2014,1438602842,2872236448,-0.127,-0.864,29.0,,NC,New Caledonia,1224184486.6666667,1.1751519952006362
540,NCL,2015,1247505742,2334141134,-0.248,-0.965,28.0,,NC,New Caledonia,1224184486.6666667,1.019050441814399
540,NCL,2016,1085195197,2067371947,-0.592,-1.034,19.0,,NC,New Caledonia,1224184486.6666667,0.8864637714490886
540,NCL,2017,1339852521,2184188949,-0.36,-0.95,18.0,,NC,New Caledonia,1224184486.6666667,1.094485786736512
540,NCL,2018,1692414983,2463190760,-0.363,-0.979,19.0,,NC,New Caledonia,1224184486.6666667,1.3824836055620005
540,NCL,2019,1489596575,2541003362,-0.065,-0.961,19.0,,NC,New Caledonia,1224184486.6666667,1.2168072633039355
540,NCL,2020,1519431781,2151680001,-0.284,-0.974,15.0,,NC,New Caledonia,1224184486.6666667,1.2411787582256189
540,NCL,2021,1646222558,2258944019,-0.389,-0.945,19.0,,NC,New Caledonia,1224184486.6666667,1.3447503835655532
540,NCL,2022,2432930264,2789120155,-0.543,-1.016,12.0,,NC,New Caledonia,1224184486.6666667,1.9873885762305552
548,VUT,2012,366102202,647363617,-1.271,-1.006,36.0,,VU,Vanuatu,493438991.6666667,0.7419401550806374
548,VUT,2013,234342641,968562860,-1.705,-1.042,36.0,,VU,Vanuatu,493438991.6666667,0.47491715279425206
548,VUT,2014,525108624,716863169,-1.903,-1.006,29.0,,VU,Vanuatu,493438991.6666667,1.0641814547860602
548,VUT,2015,739978884,428610839,-2.051,-1.12,19.0,,VU,Vanuatu,493438991.6666667,1.499636016806468
548,VUT,2016,527130091,362175773,-1.652,-1.059,23.0,,VU,Vanuatu,493438991.6666667,1.0682781456316137
548,VUT,2017,213208000,350340098,-2.017,-1.139,33.0,,VU,Vanuatu,493438991.6666667,0.4320858375619181
548,VUT,2018,152057404,314259758,-2.046,-1.153,31.0,,VU,Vanuatu,493438991.6666667,0.30815846856042434
548,VUT,2019,142929405,359534409,-1.693,-1.026,31.0,,VU,Vanuatu,493438991.6666667,0.2896597298021256
548,VUT,2020,184693158,303083506,-1.887,-1.096,21.0,,VU,Vanuatu,493438991.6666667,0.374297858740693
548,VUT,2021,247824775,393463215,-1.654,-1.093,25.0,,VU,Vanuatu,493438991.6666667,0.5022399510077901
548,VUT,2022,182924436,435482319,-1.567,-1.113,26.0,,VU,Vanuatu,493438991.6666667,0.3707133791396265
554,NZL,2012,35388419230,32504633373,0.577,0.54,223.0,2.33,NZ,New Zealand,33081688176.666668,1.069728335537614
554,NZL,2013,37796557892,33377437285,0.557,0.185,195.0,2.27,NZ,New Zealand,33081688176.666668,1.1425220408993169
554,NZL,2014,39276876798,36505385154,0.528,-0.003,177.0,2.12,NZ,New Zealand,33081688176.666668,1.1872694219306181
554,NZL,2015,31999549173,31075756068,0.503,0.223,195.0,2.83,NZ,New Zealand,33081688176.666668,0.9672888820580224
554,NZL,2016,31576454312,30634773146,0.477,0.261,197.0,3.0,NZ,New Zealand,33081688176.666668,0.9544994845296817
554,NZL,2017,35669061045,33604430779,0.484,0.08,181.0,2.43,NZ,New Zealand,33081688176.666668,1.0782116334122958
554,NZL,2018,37452661903,36924038181,0.46,0.077,177.0,2.35,NZ,New Zealand,33081688176.666668,1.1321266829851897
554,NZL,2019,37081780031,35648101587,0.472,-0.038,178.0,2.4,NZ,New Zealand,33081688176.666668,1.12091559031001
554,NZL,2020,36420661856,31719358343,0.429,-0.114,160.0,1.9,NZ,New Zealand,33081688176.666668,1.1009311756250817
554,NZL,2021,41551926299,42546279424,0.439,-0.115,160.0,1.9,NZ,New Zealand,33081688176.666668,1.2560400810593335
554,NZL,2022,43669832137,47633375449,0.485,-0.016,156.0,1.296,NZ,New Zealand,33081688176.666668,1.3200605695752072
558,NIC,2012,4533476557,5754175601,-1.089,-0.722,126.0,3.53,NI,Nicaragua,4768733202.666667,0.9506668467979899
558,NIC,2013,4950573384,5718019299,-1.065,-0.844,124.0,3.04,NI,Nicaragua,4768733202.666667,1.038131758185098
558,NIC,2014,5120248820,5881529464,-1.041,-0.947,110.0,3.08,NI,Nicaragua,4768733202.666667,1.0737125778260705
558,NIC,2015,4759359754,6082568023,-1.28,-1.014,110.0,2.92,NI,Nicaragua,4768733202.666667,0.9980343944044877
558,NIC,2016,4821750227,6384804026,-1.198,-1.067,105.0,3.75,NI,Nicaragua,4768733202.666667,1.0111176327297333
558,NIC,2017,4725089627,6581372805,-1.108,-1.061,106.0,2.79,NI,Nicaragua,4768733202.666667,0.9908479728657787
558,NIC,2018,4908432837,6052251228,-1.017,-0.939,116.0,3.02,NI,Nicaragua,4768733202.666667,1.029294915105591
558,NIC,2019,5232743662,5848977859,-1.176,-0.963,110.0,3.32,NI,Nicaragua,4768733202.666667,1.097302667105356
558,NIC,2020,4991814567,5595179232,-1.098,-0.893,118.0,2.86,NI,Nicaragua,4768733202.666667,1.0467800052660916
558,NIC,2021,6751967676,7663004740,-1.108,-0.919,114.0,2.86,NI,Nicaragua,4768733202.666667,1.4158828747694066
558,NIC,2022,8524638962,9279674165,-1.162,-0.949,109.0,1.133,NI,Nicaragua,4768733202.666667,1.7876107971888713
562,NER,2012,994324540,1333063360,-1.197,-1.022,52.0,,NE,Niger,803165097.6666666,1.2380076560705695
562,NER,2013,2190632777,1584390323,-1.441,-1.131,25.0,,NE,Niger,803165097.6666666,2.7274999665251474
562,NER,2014,816477690,2477101908,-0.889,-0.948,49.0,,NE,Niger,803165097.6666666,1.0165751629048732
562,NER,2015,880002921,1413362778,-1.291,-1.124,34.0,,NE,Niger,803165097.6666666,1.0956687778845975
562,NER,2016,731665252,1060493273,-0.661,-0.988,61.0,,NE,Niger,803165097.6666666,0.9109773994482753
562,NER,2017,797827120,1255289749,-0.684,-0.984,55.0,,NE,Niger,803165097.6666666,0.9933538226671274
562,NER,2018,640596470,1367604024,-0.552,-0.898,67.0,,NE,Niger,803165097.6666666,0.7975900245927561
562,NER,2019,909735958,1644693210,-0.692,-0.74,74.0,,NE,Niger,803165097.6666666,1.1326886099046636
562,NER,2020,1946260886,1727309973,-0.747,-0.873,57.0,,NE,Niger,803165097.6666666,2.423238872872121
562,NER,2021,2816538734,2111790307,-0.926,-0.997,55.0,3.61,NE,Niger,803165097.6666666,3.506799214983982
562,NER,2022,2175753712,2334461986,-0.38,-0.655,69.0,2.472,NE,Niger,803165097.6666666,2.7089744291938738
566,NGA,2012,110953385374,43752828848,-2.311,-1.225,45.0,3.74,NG,Nigeria,40231930063.0,2.757843961258031
566,NGA,2013,86193555247,49405949136,-1.986,-1.203,49.0,3.42,NG,Nigeria,40231930063.0,2.1424166106877736
566,NGA,2014,90582655010,51803610100,-1.584,-1.059,50.0,3.05,NG,Nigeria,40231930063.0,2.2515115448887184
566,NGA,2015,45868056729,39960269079,-1.7,-1.148,52.0,2.63,NG,Nigeria,40231930063.0,1.1400908844585451
566,NGA,2016,31916307856,30331513001,-2.106,-1.357,49.0,3.14,NG,Nigeria,40231930063.0,0.793307897633089
566,NGA,2017,42911425604,35926761691,-2.266,-1.338,41.0,3.43,NG,Nigeria,40231930063.0,1.066601217908366
566,NGA,2018,55871220162,41546705828,-2.198,-1.344,41.0,3.47,NG,Nigeria,40231930063.0,1.388728307951175
566,NGA,2019,51106105291,47383517846,-1.988,-1.258,47.0,3.92,NG,Nigeria,40231930063.0,1.2702871875888606
566,NGA,2020,34779873824,43668533273,-2.053,-1.24,52.0,3.38,NG,Nigeria,40231930063.0,0.8644843478684091
566,NGA,2021,47245583583,57440564117,-2.049,-1.311,50.0,3.38,NG,Nigeria,40231930063.0,1.1743305257544736
566,NGA,2022,61400690189,63982312633,-2.4,-1.29,48.0,2.581,NG,Nigeria,40231930063.0,1.5261681478579676
570,NIU,2012,2681013,14835840,1.125,-0.27,50.0,,NU,Niue,15583040.0,0.17204685350226914
570,NIU,2013,1307607,16276415,1.534,-0.054,45.0,,NU,Niue,15583040.0,0.0839121891492289
570,NIU,2014,3119110,19308546,1.064,0.086,61.0,,NU,Niue,15583040.0,0.2001605591720229
570,NIU,2015,1655278,19106342,1.494,-0.0,53.0,,NU,Niue,15583040.0,0.10622304762100335
570,NIU,2016,1708790,18453822,1.222,-0.09,48.0,,NU,Niue,15583040.0,0.10965703739450068
570,NIU,2017,43385052,23659536,0.954,-0.871,15.0,,NU,Niue,15583040.0,2.784119914984496
570,NIU,2018,112591597,26758165,0.35,-0.864,18.0,,NU,Niue,15583040.0,7.225265224243794
570,NIU,2019,51540203,29025103,0.79,-0.756,19.0,,NU,Niue,15583040.0,3.3074549638581434
570,NIU,2020,63159484,23647858,0.138,-0.9,9.0,,NU,Niue,15583040.0,4.053091309526255
570,NIU,2021,4979325,38123104,0.911,-0.22,48.0,,NU,Niue,15583040.0,0.3195348917797811
570,NIU,2022,3715418,41930273,1.108,-0.092,55.0,,NU,Niue,15583040.0,0.23842703349282296
574,NFK,2012,3041104,22234378,1.315,-0.398,38.0,,NF,Norfolk Island,2302390.3333333335,1.3208464073062618
574,NFK,2013,4771321,30591880,1.317,-0.306,36.0,,NF,Norfolk Island,2302390.3333333335,2.072333665982788
574,NFK,2014,3509075,24879169,1.014,-0.478,30.0,,NF,Norfolk Island,2302390.3333333335,1.5241008221745196
574,NFK,2015,4142555,23437060,1.231,-0.406,35.0,,NF,Norfolk Island,2302390.3333333335,1.799240962761744
574,NFK,2016,1101217,40852452,0.766,-0.524,33.0,,NF,Norfolk Island,2302390.3333333335,0.4782929219502456
574,NFK,2017,1663399,50011930,1.002,-0.424,33.0,,NF,Norfolk Island,2302390.3333333335,0.7224661152880101
574,NFK,2018,2261033,26202339,1.069,-0.495,30.0,,NF,Norfolk Island,2302390.3333333335,0.9820372190003692
574,NFK,2019,2308801,27903126,0.734,-0.256,53.0,,NF,Norfolk Island,2302390.3333333335,1.002784352667684
574,NFK,2020,1923285,49197465,0.635,-0.47,33.0,,NF,Norfolk Island,2302390.3333333335,0.8353427184588307
574,NFK,2021,1827815,35966687,1.004,-0.361,32.0,,NF,Norfolk Island,2302390.3333333335,0.7938771169846526
574,NFK,2022,1551773,33180804,0.615,-0.444,40.0,,NF,Norfolk Island,2302390.3333333335,0.673983458640303
578,NOR,2012,137272829910,82751863750,1.004,-0.044,109.0,1.02,NO,Norway,88982156941.0,1.5427006338025648
578,NOR,2013,128354258473,85011055790,0.995,0.098,127.0,1.42,NO,Norway,88982156941.0,1.4424718717271132
578,NOR,2014,127851114227,85101278369,1.007,0.151,130.0,1.73,NO,Norway,88982156941.0,1.436817431968661
578,NOR,2015,91381408693,72465538738,1.054,0.208,143.0,2.61,NO,Norway,88982156941.0,1.0269632905571264
578,NOR,2016,83792171645,68967722295,1.011,0.239,151.0,2.54,NO,Norway,88982156941.0,0.941673865026207
578,NOR,2017,91772890485,77749251767,0.937,0.102,139.0,2.53,NO,Norway,88982156941.0,1.0313628444166667
578,NOR,2018,110743089904,81798810352,0.922,-0.067,126.0,2.45,NO,Norway,88982156941.0,1.2445538938489509
578,NOR,2019,96484620583,80468769246,0.962,0.075,144.0,2.83,NO,Norway,88982156941.0,1.0843142479337127
578,NOR,2020,77193846187,77707004632,0.97,0.332,159.0,2.52,NO,Norway,88982156941.0,0.8675205101870447
578,NOR,2021,136249295765,92526087532,0.854,-0.169,113.0,2.52,NO,Norway,88982156941.0,1.5311979440478238
578,NOR,2022,196458240242,98026348301,0.786,-0.439,89.0,0.986,NO,Norway,88982156941.0,2.2078385936661715
580,MNP,2012,3359513,86639380,0.494,-0.29,80.0,,MP,Northern Mariana Islands,2963801.0,1.1335150369407392
580,MNP,2013,4002083,95856139,0.565,-0.168,90.0,,MP,Northern Mariana Islands,2963801.0,1.3503210910584078
580,MNP,2014,2235011,124197832,0.936,-0.367,45.0,,MP,Northern Mariana Islands,2963801.0,0.7541029239142574
580,MNP,2015,2370781,158482172,0.973,-0.552,35.0,,MP,Northern Mariana Islands,2963801.0,0.7999123422928868
580,MNP,2016,3257269,132635991,0.677,-0.694,28.0,,MP,Northern Mariana Islands,2963801.0,1.0990174441536391
580,MNP,2017,3263353,152298115,0.93,-0.564,31.0,,MP,Northern Mariana Islands,2963801.0,1.101070213553474
580,MNP,2018,2858051,170925434,1.013,-0.517,31.0,,MP,Northern Mariana Islands,2963801.0,0.964319466792811
580,MNP,2019,3270526,170364714,0.714,-0.517,32.0,,MP,Northern Mariana Islands,2963801.0,1.103490416529315
580,MNP,2020,6441920,112796867,0.204,-0.838,27.0,,MP,Northern Mariana Islands,2963801.0,2.1735332432913004
580,MNP,2021,2678964,65020113,0.582,-0.581,30.0,,MP,Northern Mariana Islands,2963801.0,0.9038946946842922
580,MNP,2022,2342675,154426481,1.214,-0.461,31.0,,MP,Northern Mariana Islands,2963801.0,0.7904292494671539
583,FSM,2012,71311444,176778480,-0.836,-1.061,24.0,,FM,Micronesia,48842537.333333336,1.460027424728658
583,FSM,2013,36840310,152695500,-0.34,-0.87,33.0,,FM,Micronesia,48842537.333333336,0.7542669159175268
583,FSM,2014,28917402,145841199,-0.332,-0.905,20.0,,FM,Micronesia,48842537.333333336,0.5920536396921557
583,FSM,2015,19067961,168888870,-0.209,-0.951,25.0,,FM,Micronesia,48842537.333333336,0.3903966100259656
583,FSM,2016,50047054,178379437,-0.956,-1.048,12.0,,FM,Micronesia,48842537.333333336,1.0246612222138718
583,FSM,2017,77412597,209548669,-1.243,-1.058,11.0,,FM,Micronesia,48842537.333333336,1.5849421677601625
583,FSM,2018,100685402,131872945,-1.151,-1.022,14.0,,FM,Micronesia,48842537.333333336,2.0614285722475296
583,FSM,2019,135503184,130020220,-1.523,-1.071,9.0,,FM,Micronesia,48842537.333333336,2.7742863372399733
583,FSM,2020,121330297,142244480,-1.339,-1.024,9.0,,FM,Micronesia,48842537.333333336,2.484111260886446
583,FSM,2021,164494221,132254534,-1.12,-1.037,9.0,,FM,Micronesia,48842537.333333336,3.3678475767420544
583,FSM,2022,170702597,159432128,-0.924,-1.026,7.0,,FM,Micronesia,48842537.333333336,3.4949575988449193
584,MHL,2012,804988507,11089172309,-0.88,-1.01,16.0,,MH,Marshall Islands,518594050.3333333,1.5522517207487876
584,MHL,2013,676261270,13520753014,-1.067,-1.009,15.0,,MH,Marshall Islands,518594050.3333333,1.3040282077384497
584,MHL,2014,683772829,15839436825,-0.428,-0.916,17.0,,MH,Marshall Islands,518594050.3333333,1.3185126758791308
584,MHL,2015,511725586,16711125398,-0.314,-0.928,20.0,,MH,Marshall Islands,518594050.3333333,0.9867556052196925
584,MHL,2016,503593005,17237805895,-0.182,-0.829,22.0,,MH,Marshall Islands,518594050.3333333,0.9710736262329057
584,MHL,2017,540463560,16126221451,-0.143,-0.856,28.0,,MH,Marshall Islands,518594050.3333333,1.042170768547402
584,MHL,2018,635137667,13383539394,-0.128,-0.88,23.0,,MH,Marshall Islands,518594050.3333333,1.2247299532105251
584,MHL,2019,1001667855,12005784922,-0.452,-0.976,24.0,,MH,Marshall Islands,518594050.3333333,1.9315066463955082
584,MHL,2020,664576352,15084692401,-0.191,-0.867,25.0,,MH,Marshall Islands,518594050.3333333,1.2814962909289733
584,MHL,2021,1343744944,14359311996,0.284,-0.897,16.0,,MH,Marshall Islands,518594050.3333333,2.5911306601691435
584,MHL,2022,1257256581,16607853873,0.434,-0.796,22.0,,MH,Marshall Islands,518594050.3333333,2.424355968202646
585,PLW,2012,21396405,110629387,-0.201,-0.963,29.0,,PW,Palau,18412241.333333332,1.1620749811303075
585,PLW,2013,13545321,101886674,-0.158,-0.864,23.0,,PW,Palau,18412241.333333332,0.7356693166669335
585,PLW,2014,15405009,107127089,-0.267,-0.726,36.0,,PW,Palau,18412241.333333332,0.836672120526192
585,PLW,2015,13739820,109332695,-0.408,-0.731,32.0,,PW,Palau,18412241.333333332,0.7462328866570727
585,PLW,2016,19607610,121670743,0.118,-0.797,26.0,,PW,Palau,18412241.333333332,1.0649224961277575
585,PLW,2017,21889294,118706831,-0.26,-0.736,30.0,,PW,Palau,18412241.333333332,1.18884461721517
585,PLW,2018,25580934,118171733,-0.152,-0.816,28.0,,PW,Palau,18412241.333333332,1.389343835814738
585,PLW,2019,19316549,111094535,-0.434,-0.894,26.0,,PW,Palau,18412241.333333332,1.0491144804315333
585,PLW,2020,12313167,96718660,-0.192,-0.819,22.0,,PW,Palau,18412241.333333332,0.6687489468057519
585,PLW,2021,4503015,125320410,0.362,-0.739,23.0,,PW,Palau,18412241.333333332,0.24456636856305963
585,PLW,2022,6567048,182801474,0.289,-0.629,26.0,,PW,Palau,18412241.333333332,0.35666749534241027
586,PAK,2012,25607037968,39444426470,-0.478,0.498,214.0,4.89,PK,Pakistan,21434103720.333332,1.1946866685966457
586,PAK,2013,25328338577,40240277189,-0.512,0.493,217.0,5.02,PK,Pakistan,21434103720.333332,1.181684053948681
586,PAK,2014,24413076755,43290729611,-0.436,0.401,211.0,5.07,PK,Pakistan,21434103720.333332,1.1389828599103344
586,PAK,2015,21889822751,42873436870,-0.48,0.448,215.0,5.97,PK,Pakistan,21434103720.333332,1.021261398965535
586,PAK,2016,20515587395,46221571939,-0.49,0.303,205.0,5.99,PK,Pakistan,21434103720.333332,0.957146968339899
586,PAK,2017,21896901015,54084359410,-0.454,0.191,205.0,4.78,PK,Pakistan,21434103720.333332,1.021591632694566
586,PAK,2018,24678020435,55587048869,-0.445,0.259,207.0,4.61,PK,Pakistan,21434103720.333332,1.151343707065733
586,PAK,2019,24324242942,48282746811,-0.498,0.584,218.0,4.76,PK,Pakistan,21434103720.333332,1.1348383519729335
586,PAK,2020,22381069135,45462794433,-0.43,0.274,207.0,4.34,PK,Pakistan,21434103720.333332,1.0441803131599263
586,PAK,2021,29447894844,68021803043,-0.423,0.373,211.0,4.34,PK,Pakistan,21434103720.333332,1.373880393051585
586,PAK,2022,31392628220,65790160607,-0.402,0.407,216.0,3.477,PK,Pakistan,21434103720.333332,1.4646111929662622
591,PAN,2012,10382674509,67886489359,0.82,1.329,246.0,,PA,Panama,7453591076.333333,1.3929761376321144
591,PAN,2013,10182317858,58630243252,0.833,1.301,233.0,,PA,Panama,7453591076.333333,1.366095584493618
591,PAN,2014,8751205817,51597958147,0.784,1.212,230.0,,PA,Panama,7453591076.333333,1.1740925585234825
591,PAN,2015,7685768164,39182969513,0.806,0.972,208.0,,PA,Panama,7453591076.333333,1.0311496948637116
591,PAN,2016,7397472081,33606065221,0.779,0.626,194.0,4.69,PA,Panama,7453591076.333333,0.9924708781634771
591,PAN,2017,7277532984,36849940836,0.746,0.976,211.0,3.72,PA,Panama,7453591076.333333,0.9763794269728113
591,PAN,2018,7416144188,39678489067,0.732,1.088,219.0,3.14,PA,Panama,7453591076.333333,0.9949759937257311
591,PAN,2019,7713979121,39941901874,0.747,0.697,195.0,3.89,PA,Panama,7453591076.333333,1.0349345760989561
591,PAN,2020,6834266675,33921760657,0.779,0.821,210.0,3.43,PA,Panama,7453591076.333333,0.9169092595782704
591,PAN,2021,5826919539,42812327869,0.212,-0.584,81.0,3.43,PA,Panama,7453591076.333333,0.7817600240374943
591,PAN,2022,6074945068,57782433428,0.172,-0.545,84.0,1.974,PA,Panama,7453591076.333333,0.8150360015441664
598,PNG,2012,6464006915,7911841638,-1.051,-1.016,70.0,3.75,PG,Papua New Guinea,7745429350.333333,0.8345575981171159
598,PNG,2013,5553346439,6123984359,-1.995,-1.289,45.0,2.9,PG,Papua New Guinea,7745429350.333333,0.7169836800281453
598,PNG,2014,8001862987,5493520024,-2.227,-1.229,34.0,3.37,PG,Papua New Guinea,7745429350.333333,1.033107736842972
598,PNG,2015,7725486295,4914096990,-2.559,-1.305,31.0,,PG,Papua New Guinea,7745429350.333333,0.9974251840109452
598,PNG,2016,7003115166,4105509259,-2.576,-1.325,32.0,2.92,PG,Papua New Guinea,7745429350.333333,0.9041610024754294
598,PNG,2017,8507686590,4432073637,-2.681,-1.318,34.0,2.15,PG,Papua New Guinea,7745429350.333333,1.0984138135136257
598,PNG,2018,8967802729,4495933423,-2.398,-1.282,34.0,2.18,PG,Papua New Guinea,7745429350.333333,1.1578186725845043
598,PNG,2019,10664521936,4404828094,-1.513,-1.253,37.0,2.9,PG,Papua New Guinea,7745429350.333333,1.3768793766792335
598,PNG,2020,9276636722,4019455184,-1.842,-1.244,37.0,2.14,PG,Papua New Guinea,7745429350.333333,1.1976917356557863
598,PNG,2021,10668050929,4314759726,-1.889,-1.199,37.0,2.14,PG,Papua New Guinea,7745429350.333333,1.3773349993232962
598,PNG,2022,14717025742,5664069738,-1.651,-1.225,35.0,1.718,PG,Papua New Guinea,7745429350.333333,1.9000916639135876
600,PRY,2012,7138774566,9866970764,-0.632,-0.98,89.0,3.56,PY,Paraguay,7848693898.0,0.9095493669104739
600,PRY,2013,8999789033,10456804351,-0.619,-0.971,82.0,3.21,PY,Paraguay,7848693898.0,1.1466607246962863
600,PRY,2014,8975485404,10849349818,-0.683,-1.007,84.0,3.47,PY,Paraguay,7848693898.0,1.1435642057957094
600,PRY,2015,7415662146,8864600033,-0.607,-1.02,80.0,2.9,PY,Paraguay,7848693898.0,0.9448275397629732
600,PRY,2016,7868118132,8685748437,-0.78,-1.148,73.0,3.42,PY,Paraguay,7848693898.0,1.00247483648266
600,PRY,2017,8262301416,10914111499,-0.609,-1.046,79.0,3.65,PY,Paraguay,7848693898.0,1.052697623754367
600,PRY,2018,8642325952,11430849302,-0.67,-1.053,78.0,3.76,PY,Paraguay,7848693898.0,1.101116448712853
600,PRY,2019,7614205450,10161328955,-0.698,-0.92,87.0,3.86,PY,Paraguay,7848693898.0,0.9701238892677733
600,PRY,2020,8297011075,8243621974,-0.62,-1.009,80.0,3.56,PY,Paraguay,7848693898.0,1.0571199721668647
600,PRY,2021,10456752771,11404458178,-0.565,-0.958,86.0,3.56,PY,Paraguay,7848693898.0,1.3322920866699342
600,PRY,2022,9778271092,12705830929,-0.574,-0.938,97.0,3.306,PY,Paraguay,7848693898.0,1.2458469165795463
604,PER,2012,44849021400,41025105196,-0.487,0.421,207.0,2.6,PE,Peru,36583677765.666664,1.2259298173156954
604,PER,2013,43112076187,41612935874,-0.485,0.354,203.0,2.59,PE,Peru,36583677765.666664,1.1784511241092375
604,PER,2014,37101491363,38319326580,-0.47,0.488,208.0,2.8,PE,Peru,36583677765.666664,1.0141542247515447
604,PER,2015,33653327639,36085825913,-0.557,0.383,194.0,3.76,PE,Peru,36583677765.666664,0.9199000673077008
604,PER,2016,34640094401,32602512630,-0.707,0.065,180.0,3.76,PE,Peru,36583677765.666664,0.9468729366928031
604,PER,2017,41457611257,36122553006,-0.642,-0.102,169.0,2.44,PE,Peru,36583677765.666664,1.1332269959994963
604,PER,2018,45663397084,39314606202,-0.685,-0.176,166.0,2.42,PE,Peru,36583677765.666664,1.2481904464743165
604,PER,2019,43699464150,38710053623,-0.68,-0.116,168.0,2.67,PE,Peru,36583677765.666664,1.1945071359394985
604,PER,2020,39325256624,33211354472,-0.73,-0.206,163.0,2.24,PE,Peru,36583677765.666664,1.0749399466038998
604,PER,2021,57020886718,46513636116,-0.714,-0.273,157.0,2.24,PE,Peru,36583677765.666664,1.5586428210756167
604,PER,2022,58879377362,53286267686,-0.715,-0.119,166.0,1.624,PE,Peru,36583677765.666664,1.6094439093616109
608,PHL,2012,63490554063,85418262991,0.639,0.556,202.0,5.49,PH,Philippines,67239506828.0,0.9442447908698989
608,PHL,2013,62357030679,91067652821,0.576,0.616,203.0,5.58,PH,Philippines,67239506828.0,0.9273867941731121
608,PHL,2014,68183197357,97041450105,0.586,0.577,199.0,5.68,PH,Philippines,67239506828.0,1.014034762798216
608,PHL,2015,64515795185,92902589506,0.579,0.485,195.0,5.43,PH,Philippines,67239506828.0,0.9594923911329791
608,PHL,2016,62484503185,102467756692,0.629,0.449,188.0,5.75,PH,Philippines,67239506828.0,0.9292825919267463
608,PHL,2017,74718222114,115697660923,0.731,0.446,189.0,4.02,PH,Philippines,67239506828.0,1.1112250169402744
608,PHL,2018,76263646582,126259291832,0.716,0.461,186.0,3.94,PH,Philippines,67239506828.0,1.134208892654194
608,PHL,2019,77247379384,125120982800,0.732,0.316,175.0,4.29,PH,Philippines,67239506828.0,1.148839172506133
608,PHL,2020,70215041993,112715913095,0.702,0.376,171.0,3.99,PH,Philippines,67239506828.0,1.0442527809225532
608,PHL,2021,85237749600,144454816840,0.803,0.371,183.0,3.99,PH,Philippines,67239506828.0,1.2676736285118786
608,PHL,2022,95848403453,163721304704,0.795,0.417,181.0,2.918,PH,Philippines,67239506828.0,1.425477490460811
612,PCN,2012,5288064,6062985,1.586,0.547,80.0,,PN,Pitcairn,1809811.6666666667,2.9218863472902794
612,PCN,2013,1272121,3214849,0.59,-0.567,39.0,,PN,Pitcairn,1809811.6666666667,0.7029024198650504
612,PCN,2014,984434,2190107,0.904,-0.398,35.0,,PN,Pitcairn,1809811.6666666667,0.5439427859436571
612,PCN,2015,2083422,1355620,-0.189,-0.826,27.0,,PN,Pitcairn,1809811.6666666667,1.151181660706869
612,PCN,2016,2073852,3231811,0.484,-0.685,29.0,,PN,Pitcairn,1809811.6666666667,1.1458938176808453
612,PCN,2017,1272161,4506276,0.63,-0.602,30.0,,PN,Pitcairn,1809811.6666666667,0.7029245216122856
612,PCN,2018,1813517,3537593,1.041,-0.252,48.0,,PN,Pitcairn,1809811.6666666667,1.0020473585188883
612,PCN,2019,1824862,6160020,-0.054,-0.736,39.0,,PN,Pitcairn,1809811.6666666667,1.0083159665784744
612,PCN,2020,2498023,2839377,-0.083,-0.727,35.0,,PN,Pitcairn,1809811.6666666667,1.380266823343497
612,PCN,2021,5288903,4158892,0.625,-0.414,55.0,,PN,Pitcairn,1809811.6666666667,2.922349931438538
612,PCN,2022,3627372,3832115,0.733,-0.364,53.0,,PN,Pitcairn,1809811.6666666667,2.0042814768019137
616,POL,2012,170099710890,186379004629,1.076,1.141,412.0,3.25,PL,Poland,192272354086.66666,0.884681064513974
616,POL,2013,188554461472,198686852011,1.086,1.097,400.0,3.23,PL,Poland,192272354086.66666,0.9806634051352446
616,POL,2014,200103051820,212069021197,1.095,1.088,387.0,3.26,PL,Poland,192272354086.66666,1.040727112176531
616,POL,2015,182739473024,183634376145,1.127,1.013,386.0,3.1,PL,Poland,192272354086.66666,0.9504199076983803
616,POL,2016,187796065952,181294275892,1.107,1.136,409.0,4.11,PL,Poland,192272354086.66666,0.9767190236166299
616,POL,2017,206281523284,208157931887,1.097,1.145,409.0,3.14,PL,Poland,192272354086.66666,1.07286106868499
616,POL,2018,236209344169,253092832295,1.093,1.215,430.0,3.19,PL,Poland,192272354086.66666,1.228514339937445
616,POL,2019,235952403192,231343056424,1.06,1.22,427.0,3.29,PL,Poland,192272354086.66666,1.227178001293127
616,POL,2020,238021705378,238919519827,1.047,1.502,428.0,3.09,PL,Poland,192272354086.66666,1.237940350336127
616,POL,2021,292961216790,314896226073,1.051,1.574,436.0,3.09,PL,Poland,192272354086.66666,1.523678316529832
616,POL,2022,318970796639,357730262416,1.03,1.481,447.0,2.99,PL,Poland,192272354086.66666,1.6589529896493809
620,PRT,2012,53121414881,67209325734,0.752,2.215,413.0,2.98,PT,Portugal,53058438338.666664,1.0011869279290009
620,PRT,2013,58474282864,71156109539,0.739,2.425,411.0,3.1,PT,Portugal,53058438338.666664,1.1020731988145702
620,PRT,2014,59582740150,73382238067,0.729,2.321,407.0,3.12,PT,Portugal,53058438338.666664,1.1229644523212194
620,PRT,2015,51638843698,62150033779,0.73,1.942,376.0,3.64,PT,Portugal,53058438338.666664,0.9732446961290957
620,PRT,2016,51272940920,64047404883,0.701,2.101,376.0,4.33,PT,Portugal,53058438338.666664,0.9663484739737341
620,PRT,2017,56263530398,72433752386,0.712,2.15,391.0,3.07,PT,Portugal,53058438338.666664,1.0604068298971703
620,PRT,2018,63600568852,83754559178,0.745,1.995,386.0,3.08,PT,Portugal,53058438338.666664,1.1986890463312165
620,PRT,2019,60829697853,83561862967,0.72,1.994,368.0,2.77,PT,Portugal,53058438338.666664,1.146466043058602
620,PRT,2020,56678901046,73242537845,0.727,1.942,383.0,2.68,PT,Portugal,53058438338.666664,1.0682353800958915
620,PRT,2021,68877661659,93246098746,0.708,2.137,399.0,2.68,PT,Portugal,53058438338.666664,1.298147171602768
620,PRT,2022,75141943077,107531557747,0.683,2.314,409.0,2.617,PT,Portugal,53058438338.666664,1.4162109822640567
624,GNB,2012,145056051,309473989,-2.288,-1.089,15.0,,GW,Guinea-Bissau,283686259.0,0.5113256155279625
624,GNB,2013,245711849,321188824,-2.832,-1.123,11.0,,GW,Guinea-Bissau,283686259.0,0.8661394100163308
624,GNB,2014,224031690,376584199,-2.122,-1.061,10.0,,GW,Guinea-Bissau,283686259.0,0.7897163958159849
624,GNB,2015,250408498,270932645,-2.964,-1.144,10.0,,GW,Guinea-Bissau,283686259.0,0.8826951960334463
624,GNB,2016,286711897,274954905,-2.848,-1.145,16.0,,GW,Guinea-Bissau,283686259.0,1.0106654372709678
624,GNB,2017,313938382,320223715,-2.989,-1.062,5.0,,GW,Guinea-Bissau,283686259.0,1.106639366695586
624,GNB,2018,150473302,332590703,-2.526,-1.13,10.0,,GW,Guinea-Bissau,283686259.0,0.5304215386759357
624,GNB,2019,200728597,336030519,-2.815,-1.111,12.0,,GW,Guinea-Bissau,283686259.0,0.7075725053006533
624,GNB,2020,145536050,330913443,-2.013,-1.03,6.0,,GW,Guinea-Bissau,283686259.0,0.5130176220484476
624,GNB,2021,164874589,423788573,-2.812,-1.089,10.0,,GW,Guinea-Bissau,283686259.0,0.5811863767430484
624,GNB,2022,180989754,424935468,-2.692,-1.078,5.0,,GW,Guinea-Bissau,283686259.0,0.6379926706284353
626,TLS,2012,535325179,690735748,-0.879,-0.993,14.0,,TL,Timor-Leste,136010813.0,3.935901618351476
626,TLS,2013,703778536,535897279,-0.372,-0.974,11.0,,TL,Timor-Leste,136010813.0,5.174430771176994
626,TLS,2014,106114875,657740099,-0.511,-1.041,14.0,,TL,Timor-Leste,136010813.0,0.7801944026317966
626,TLS,2015,275608908,602910141,-1.443,-1.029,11.0,,TL,Timor-Leste,136010813.0,2.026374976524844
626,TLS,2016,49294834,583228281,-0.971,-0.946,30.0,,TL,Timor-Leste,136010813.0,0.3624331986016435
626,TLS,2017,83128697,604471623,-0.665,-0.81,32.0,,TL,Timor-Leste,136010813.0,0.6111918248735121
626,TLS,2018,61629635,563731226,-0.942,-0.874,36.0,,TL,Timor-Leste,136010813.0,0.4531230542677515
626,TLS,2019,103773686,569149574,-1.257,-1.005,29.0,,TL,Timor-Leste,136010813.0,0.7629811462122501
626,TLS,2020,108974024,641071786,-1.085,-0.964,27.0,,TL,Timor-Leste,136010813.0,0.8012158856810891
626,TLS,2021,329239230,824628010,-1.687,-1.042,22.0,,TL,Timor-Leste,136010813.0,2.4206842289811177
626,TLS,2022,355884533,1001696201,-0.414,-0.853,32.0,,TL,Timor-Leste,136010813.0,2.6165899986201833
634,QAT,2012,124723998462,24759404463,-0.247,-1.075,17.0,1.76,QA,Qatar,62862153132.0,1.9840872806265557
634,QAT,2013,120473165649,26184311758,-0.107,-1.095,15.0,1.59,QA,Qatar,62862153132.0,1.9164657850014541
634,QAT,2014,124980506061,31919022388,-0.278,-1.015,21.0,1.13,QA,Qatar,62862153132.0,1.9881677580874753
634,QAT,2015,73109052566,31373914750,-0.164,-1.091,30.0,1.96,QA,Qatar,62862153132.0,1.1630058616109318
634,QAT,2016,53676285215,29503386965,-0.065,-1.114,27.0,1.55,QA,Qatar,62862153132.0,0.8538728398673966
634,QAT,2017,61801121615,27803340847,-0.251,-1.084,28.0,2.04,QA,Qatar,62862153132.0,0.9831212985216715
634,QAT,2018,79949549527,29938865586,0.06,-1.07,26.0,2.43,QA,Qatar,62862153132.0,1.271823275908468
634,QAT,2019,68504133915,32646188060,0.104,-1.115,24.0,2.0,QA,Qatar,62862153132.0,1.0897516311786646
634,QAT,2020,48510658395,27149753047,0.348,-1.041,35.0,2.09,QA,Qatar,62862153132.0,0.7716989631763923
634,QAT,2021,84117038868,29782727598,0.002,-1.107,23.0,2.1,QA,Qatar,62862153132.0,1.3381189583399775
634,QAT,2022,123662884398,40059462361,0.309,-1.03,25.0,2.674,QA,Qatar,62862153132.0,1.9672072660051692
642,ROU,2012,56732249977,66031719978,0.842,1.05,284.0,3.46,RO,Romania,63485939556.666664,0.8936191284742913
642,ROU,2013,62971465478,68729820859,0.847,1.053,277.0,3.52,RO,Romania,63485939556.666664,0.9918962516384049
642,ROU,2014,68682997577,74392356348,0.881,0.976,265.0,3.46,RO,Romania,63485939556.666664,1.0818615595299572
642,ROU,2015,59270483529,66439252618,0.916,0.924,262.0,3.14,RO,Romania,63485939556.666664,0.9336001631683499
642,ROU,2016,62450543455,69216820910,0.993,0.812,260.0,4.36,RO,Romania,63485939556.666664,0.9836909383574219
642,ROU,2017,68736791686,78768447705,0.97,0.833,268.0,3.02,RO,Romania,63485939556.666664,1.0827088984742284
642,ROU,2018,78983998183,91261701396,1.006,0.851,271.0,3.03,RO,Romania,63485939556.666664,1.2441179690268265
642,ROU,2019,75717318803,89232950524,1.02,0.851,267.0,3.04,RO,Romania,63485939556.666664,1.1926628058393272
642,ROU,2020,68623945765,84676964884,1.004,0.818,265.0,2.87,RO,Romania,63485939556.666664,1.0809314037755906
642,ROU,2021,85565106799,104748027451,1.031,0.903,273.0,2.87,RO,Romania,63485939556.666664,1.3477804281785226
642,ROU,2022,95445259281,119772634281,1.019,0.9,286.0,2.319,RO,Romania,63485939556.666664,1.5034078403424571
643,RUS,2012,473967048399,307509054523,0.86,-0.189,130.0,2.0,RU,Russia,309084626087.0,1.5334539747233804
643,RUS,2013,473192881538,308121963043,0.823,-0.228,134.0,2.04,RU,Russia,309084626087.0,1.5309492663177864
643,RUS,2014,436752571216,280295590986,0.796,-0.186,140.0,1.96,RU,Russia,309084626087.0,1.4130517481418325
643,RUS,2015,299183870936,171418322503,0.77,-0.041,157.0,2.6,RU,Russia,309084626087.0,0.967967493963245
643,RUS,2016,278972196699,177718414482,0.767,0.004,164.0,3.74,RU,Russia,309084626087.0,0.9025754539485763
643,RUS,2017,349097810626,219227447344,0.729,0.186,168.0,2.49,RU,Russia,309084626087.0,1.1294570520881788
643,RUS,2018,423684555327,219112075342,0.7,-0.032,153.0,1.79,RU,Russia,309084626087.0,1.370772013771215
643,RUS,2019,393791661766,224079630107,0.719,0.081,167.0,2.28,RU,Russia,309084626087.0,1.2740577451275656
643,RUS,2020,322219265865,209510760825,0.754,0.182,179.0,2.09,RU,Russia,309084626087.0,1.0424952866284036
643,RUS,2021,476730298992,262186577281,0.686,0.26,178.0,2.09,RU,Russia,309084626087.0,1.5423940848413848
643,RUS,2022,487920791338,198887906719,0.417,-0.365,128.0,1.157,RU,Russia,309084626087.0,1.578599354859733
646,RWA,2012,400357785,1138297528,-0.946,-0.903,62.0,,RW,Rwanda,542577934.6666666,0.7378806977212596
646,RWA,2013,496248218,1209166043,-0.731,-0.504,102.0,,RW,Rwanda,542577934.6666666,0.9146118673345437
646,RWA,2014,598458077,1267959016,-0.776,-0.567,110.0,,RW,Rwanda,542577934.6666666,1.1029900752740036
646,RWA,2015,446491520,1277966880,-0.734,-0.534,109.0,,RW,Rwanda,542577934.6666666,0.8229076257483684
646,RWA,2016,481104371,1464138495,-0.76,-0.454,113.0,,RW,Rwanda,542577934.6666666,0.8867009516256259
646,RWA,2017,700137913,1407605352,-0.799,-0.646,98.0,,RW,Rwanda,542577934.6666666,1.2903914226260058
646,RWA,2018,1028517269,2028749216,-0.581,-0.64,110.0,,RW,Rwanda,542577934.6666666,1.8956120462802653
646,RWA,2019,907087532,1607317399,-0.642,-0.657,108.0,,RW,Rwanda,542577934.6666666,1.671810580644549
646,RWA,2020,1129518901,1811665356,-0.566,-0.329,131.0,,RW,Rwanda,542577934.6666666,2.081763427578236
646,RWA,2021,1109822127,2305203505,-0.604,-0.487,130.0,4.986,RW,Rwanda,542577934.6666666,2.045461225182002
646,RWA,2022,1475757939,2619459647,-0.623,-0.284,140.0,4.468,RW,Rwanda,542577934.6666666,2.719900395335158
652,BLM,2013,3099308,80757411,0.922,-0.346,51.0,,BL,Saint Barthélemy,15291210.666666666,0.20268558635165404
652,BLM,2014,5102314,28152189,0.599,-0.607,34.0,,BL,Saint Barthélemy,15291210.666666666,0.33367626090735525
652,BLM,2015,15368771,109493958,0.496,-0.62,46.0,,BL,Saint Barthélemy,15291210.666666666,1.005072216649425
652,BLM,2016,10469251,131452557,1.089,-0.003,72.0,,BL,Saint Barthélemy,15291210.666666666,0.6846580841909357
652,BLM,2017,20035610,141912984,0.484,-0.521,56.0,,BL,Saint Barthélemy,15291210.666666666,1.3102696991596392
652,BLM,2018,5683367,209713151,0.596,-0.05,86.0,,BL,Saint Barthélemy,15291210.666666666,0.37167541039697927
652,BLM,2019,28609921,204691380,0.297,-0.639,56.0,,BL,Saint Barthélemy,15291210.666666666,1.8710043059158692
652,BLM,2020,38230922,34254270,0.369,-0.758,25.0,,BL,Saint Barthélemy,15291210.666666666,2.5001893462457914
652,BLM,2021,21254862,65917807,0.972,-0.477,36.0,,BL,Saint Barthélemy,15291210.666666666,1.3900051777020839
652,BLM,2022,298064234,59820276,0.492,-0.983,5.0,,BL,Saint Barthélemy,15291210.666666666,19.492520278315876
654,SHN,2012,15443640,81795275,0.996,-0.202,52.0,,SH,"Saint Helena, Ascension and Tristan da Cunha",25322877.666666668,0.6098690758329164
654,SHN,2013,17580249,87053329,0.913,-0.312,43.0,,SH,"Saint Helena, Ascension and Tristan da Cunha",25322877.666666668,0.6942437281976628
654,SHN,2014,15356716,71540976,0.964,-0.215,52.0,,SH,"Saint Helena, Ascension and Tristan da Cunha",25322877.666666668,0.6064364485800343
654,SHN,2015,30753802,69517201,1.1,-0.247,46.0,,SH,"Saint Helena, Ascension and Tristan da Cunha",25322877.666666668,1.21446710776012
654,SHN,2016,21583809,47445809,1.383,-0.289,40.0,,SH,"Saint Helena, Ascension and Tristan da Cunha",25322877.666666668,0.8523442431825777
654,SHN,2017,23631022,45742005,1.032,-0.453,37.0,,SH,"Saint Helena, Ascension and Tristan da Cunha",25322877.666666668,0.9331886490573024
654,SHN,2018,19723608,38051293,0.781,-0.544,36.0,,SH,"Saint Helena, Ascension and Tristan da Cunha",25322877.666666668,0.7788849379453754
654,SHN,2019,19223633,34900455,0.949,-0.402,41.0,,SH,"Saint Helena, Ascension and Tristan da Cunha",25322877.666666668,0.759140933864112
654,SHN,2020,9472816,53209898,1.441,-0.37,32.0,,SH,"Saint Helena, Ascension and Tristan da Cunha",25322877.666666668,0.37408133959709394
654,SHN,2021,31046644,51719668,0.717,-0.728,20.0,,SH,"Saint Helena, Ascension and Tristan da Cunha",25322877.666666668,1.2260314332627256
654,SHN,2022,32563373,45262631,0.817,-0.818,21.0,,SH,"Saint Helena, Ascension and Tristan da Cunha",25322877.666666668,1.2859270351751624
659,KNA,2012,76184222,267432438,0.569,-0.393,51.0,,KN,Saint Kitts and Nevis,73706336.66666667,1.033618348779691
659,KNA,2013,84518020,439348583,0.762,-0.355,53.0,,KN,Saint Kitts and Nevis,73706336.66666667,1.1466859407519958
659,KNA,2014,93275027,436730314,0.585,-0.269,51.0,,KN,Saint Kitts and Nevis,73706336.66666667,1.2654953592637737
659,KNA,2015,84320874,332058465,0.751,-0.42,49.0,,KN,Saint Kitts and Nevis,73706336.66666667,1.1440111910776012
659,KNA,2016,70176374,340296158,0.489,-0.417,62.0,,KN,Saint Kitts and Nevis,73706336.66666667,0.9521077450554793
659,KNA,2017,66621762,434095917,0.509,-0.276,59.0,,KN,Saint Kitts and Nevis,73706336.66666667,0.9038810638669194
659,KNA,2018,77341002,383471398,0.337,-0.659,51.0,,KN,Saint Kitts and Nevis,73706336.66666667,1.0493127931424802
659,KNA,2019,65322196,371351848,0.511,-0.635,38.0,,KN,Saint Kitts and Nevis,73706336.66666667,0.8862493912214965
659,KNA,2020,56743434,304450707,0.776,-0.463,43.0,,KN,Saint Kitts and Nevis,73706336.66666667,0.7698582858163122
659,KNA,2021,59345209,294432961,0.468,-0.518,53.0,,KN,Saint Kitts and Nevis,73706336.66666667,0.805157489625157
659,KNA,2022,43740570,358011590,0.476,-0.451,62.0,,KN,Saint Kitts and Nevis,73706336.66666667,0.5934438201401137
660,AIA,2012,8835481,53707270,1.216,0.132,69.0,,AI,Anguilla,30083587.333333332,0.29369771969349134
660,AIA,2013,10317534,144963580,1.313,0.192,65.0,,AI,Anguilla,30083587.333333332,0.3429622234103686
660,AIA,2014,16983286,95223811,0.721,-0.554,31.0,,AI,Anguilla,30083587.333333332,0.5645365963779896
660,AIA,2015,10655477,78164861,0.741,-0.036,81.0,,AI,Anguilla,30083587.333333332,0.3541956908906764
660,AIA,2016,12619114,65919433,1.064,-0.112,70.0,,AI,Anguilla,30083587.333333332,0.419468391856902
660,AIA,2017,66976171,104599256,0.751,-0.709,24.0,,AI,Anguilla,30083587.333333332,2.2263359172524217
660,AIA,2018,100049966,156843506,0.935,-0.715,23.0,,AI,Anguilla,30083587.333333332,3.3257325627898857
660,AIA,2019,39635656,182254632,1.311,-0.466,40.0,,AI,Anguilla,30083587.333333332,1.3175176072197596
660,AIA,2020,27449786,149417687,1.699,-0.43,30.0,,AI,Anguilla,30083587.333333332,0.9124505563731418
660,AIA,2021,25028642,231442550,1.291,-0.152,44.0,,AI,Anguilla,30083587.333333332,0.8319699948904586
660,AIA,2022,25454335,287198484,1.406,-0.279,40.0,,AI,Anguilla,30083587.333333332,0.8461203352499118
662,LCA,2012,88589249,2031734044,0.444,-0.092,100.0,,LC,Saint Lucia,98750483.0,0.8971019311368836
662,LCA,2013,161632117,1103824717,0.306,-0.487,64.0,,LC,Saint Lucia,98750483.0,1.6367729259612835
662,LCA,2014,72473059,2361042254,0.618,0.063,106.0,,LC,Saint Lucia,98750483.0,0.7339008053256812
662,LCA,2015,86224426,1581617631,0.563,-0.008,99.0,,LC,Saint Lucia,98750483.0,0.8731544735836887
662,LCA,2016,85896011,1155512607,0.521,0.224,106.0,,LC,Saint Lucia,98750483.0,0.8698287683311888
662,LCA,2017,124131012,1910416542,0.399,0.124,119.0,,LC,Saint Lucia,98750483.0,1.2570167580851226
662,LCA,2018,105892823,2147751684,0.242,-0.025,112.0,,LC,Saint Lucia,98750483.0,1.072327139908774
662,LCA,2019,77692483,2097508893,0.281,0.42,136.0,,LC,Saint Lucia,98750483.0,0.7867554733884188
662,LCA,2020,52727702,1267895435,0.056,0.156,130.0,,LC,Saint Lucia,98750483.0,0.5339488010402946
662,LCA,2021,56032210,1522438331,-0.227,-0.592,74.0,,LC,Saint Lucia,98750483.0,0.5674120095189813
662,LCA,2022,56150263,1284896620,-0.176,-0.169,101.0,,LC,Saint Lucia,98750483.0,0.5686074770895044
666,SPM,2012,5762867,56189000,-1.021,-1.084,54.0,,PM,Saint Pierre and Miquelon,3715981.3333333335,1.55083314017365
666,SPM,2013,4999439,74897780,-0.223,-0.79,46.0,,PM,Saint Pierre and Miquelon,3715981.3333333335,1.3453886205384598
666,SPM,2014,2772739,74184015,0.353,-0.673,29.0,,PM,Saint Pierre and Miquelon,3715981.3333333335,0.7461660194920247
666,SPM,2015,2730107,49672797,0.763,-0.395,42.0,,PM,Saint Pierre and Miquelon,3715981.3333333335,0.7346934107311626
666,SPM,2016,4052994,60888365,0.385,-0.55,45.0,,PM,Saint Pierre and Miquelon,3715981.3333333335,1.0906927770717183
666,SPM,2017,4364843,57533866,0.026,-0.653,42.0,,PM,Saint Pierre and Miquelon,3715981.3333333335,1.174613812197119
666,SPM,2018,5156498,47537503,0.46,-0.615,32.0,,PM,Saint Pierre and Miquelon,3715981.3333333335,1.3876544410341494
666,SPM,2019,6010880,48695791,-0.168,-0.868,25.0,,PM,Saint Pierre and Miquelon,3715981.3333333335,1.6175754022445752
666,SPM,2020,5974010,73955453,-0.288,-0.784,32.0,,PM,Saint Pierre and Miquelon,3715981.3333333335,1.6076533933073218
666,SPM,2021,7439230,74488989,0.206,-0.733,28.0,,PM,Saint Pierre and Miquelon,3715981.3333333335,2.0019556969428622
666,SPM,2022,6572164,67969772,0.045,-0.894,22.0,,PM,Saint Pierre and Miquelon,3715981.3333333335,1.7686213709003202
670,VCT,2012,74623241,485975091,0.208,-0.34,84.0,,VC,Saint Vincent and the Grenadines,239735387.66666666,0.31127336571502656
670,VCT,2013,76968135,537169492,-0.057,-0.209,94.0,,VC,Saint Vincent and the Grenadines,239735387.66666666,0.3210545416307841
670,VCT,2014,155754731,569609671,0.091,-0.518,69.0,,VC,Saint Vincent and the Grenadines,239735387.66666666,0.6496943672603095
670,VCT,2015,180499530,374330381,0.134,-0.409,66.0,,VC,Saint Vincent and the Grenadines,239735387.66666666,0.7529114986185123
670,VCT,2016,294664161,316902331,0.129,-0.587,50.0,,VC,Saint Vincent and the Grenadines,239735387.66666666,1.229122508228562
670,VCT,2017,244042472,341595983,0.01,-0.556,58.0,,VC,Saint Vincent and the Grenadines,239735387.66666666,1.0179659931529257
670,VCT,2018,169834525,424586272,-0.25,-0.75,53.0,,VC,Saint Vincent and the Grenadines,239735387.66666666,0.7084249290561211
670,VCT,2019,163204135,358943883,-0.748,-0.911,49.0,,VC,Saint Vincent and the Grenadines,239735387.66666666,0.6807678106618227
670,VCT,2020,205232107,282444337,-1.073,-1.016,40.0,,VC,Saint Vincent and the Grenadines,239735387.66666666,0.8560776487673118
670,VCT,2021,162125365,446453824,-0.892,-0.959,46.0,,VC,Saint Vincent and the Grenadines,239735387.66666666,0.6762679743610596
670,VCT,2022,131852098,380071647,-0.68,-0.876,51.0,,VC,Saint Vincent and the Grenadines,239735387.66666666,0.5499901340528418
674,SMR,2012,107383104,357654212,1.215,0.585,119.0,,SM,San Marino,117683383.66666667,0.9124746472633571
674,SMR,2013,112818713,349008519,1.286,0.682,131.0,,SM,San Marino,117683383.66666667,0.9586630625743593
674,SMR,2014,127467985,341103103,1.137,0.635,125.0,,SM,San Marino,117683383.66666667,1.083143439867839
674,SMR,2015,119381756,289606552,1.094,0.647,133.0,,SM,San Marino,117683383.66666667,1.0144317088820618
674,SMR,2016,118849423,271304940,1.232,0.681,128.0,,SM,San Marino,117683383.66666667,1.0099082750427715
674,SMR,2017,114818972,293063932,1.166,0.792,147.0,,SM,San Marino,117683383.66666667,0.9756600160751666
674,SMR,2018,130652358,305975689,1.215,0.659,131.0,,SM,San Marino,117683383.66666667,1.1102022556563076
674,SMR,2019,128378576,324578275,1.216,0.819,134.0,,SM,San Marino,117683383.66666667,1.0908810742868085
674,SMR,2020,132323902,281515397,1.149,0.619,122.0,,SM,San Marino,117683383.66666667,1.1244059940934568
674,SMR,2021,183933677,449058396,1.146,0.62,124.0,,SM,San Marino,117683383.66666667,1.56295367509983
674,SMR,2022,184248791,438982308,1.224,1.12,159.0,,SM,San Marino,117683383.66666667,1.5656313173478857
678,STP,2012,12119848,132167099,0.347,-0.329,55.0,,ST,Sao Tome and Principe,14545742.333333334,0.8332230643344958
678,STP,2013,8781798,136262773,0.62,-0.145,65.0,,ST,Sao Tome and Principe,14545742.333333334,0.6037366673184801
678,STP,2014,13877252,155110580,1.13,0.112,63.0,,ST,Sao Tome and Principe,14545742.333333334,0.9540421988775776
678,STP,2015,12417361,134857520,0.945,-0.232,53.0,,ST,Sao Tome and Principe,14545742.333333334,0.8536766784012192
678,STP,2016,18380521,140788391,0.476,-0.64,36.0,,ST,Sao Tome and Principe,14545742.333333334,1.263635817188842
678,STP,2017,12839345,136240720,0.289,-0.472,53.0,,ST,Sao Tome and Principe,14545742.333333334,0.8826875044099387
678,STP,2018,14517126,142517832,0.963,0.103,60.0,,ST,Sao Tome and Principe,14545742.333333334,0.998032666007856
678,STP,2019,18983279,153740335,0.874,-0.151,56.0,,ST,Sao Tome and Principe,14545742.333333334,1.3050746098050638
678,STP,2020,22077971,123277217,0.357,-0.379,51.0,,ST,Sao Tome and Principe,14545742.333333334,1.5178304753416159
678,STP,2021,24410722,134225331,0.334,-0.295,49.0,,ST,Sao Tome and Principe,14545742.333333334,1.6782039335359233
678,STP,2022,19802232,193459033,0.601,-0.079,63.0,,ST,Sao Tome and Principe,14545742.333333334,1.3613765145984185
682,SAU,2012,318501659117,151005294269,0.472,-0.811,44.0,2.5,SA,Saudi Arabia,153622016706.33334,2.073281330018298
682,SAU,2013,303891178274,158104295807,0.593,-0.761,41.0,2.51,SA,Saudi Arabia,153622016706.33334,1.9781746444256356
682,SAU,2014,294433681602,161298435164,0.566,-0.737,43.0,2.2,SA,Saudi Arabia,153622016706.33334,1.9166112248405436
682,SAU,2015,154044901720,159341852327,0.584,-0.564,80.0,3.17,SA,Saudi Arabia,153622016706.33334,1.0027527630656943
682,SAU,2016,146648683164,125068283694,0.544,-0.508,86.0,3.03,SA,Saudi Arabia,153622016706.33334,0.9546071995938987
682,SAU,2017,160172465235,127635309768,0.549,-0.363,90.0,1.91,SA,Saudi Arabia,153622016706.33334,1.0426400373404068
682,SAU,2018,211683998579,128365391661,0.651,-0.446,81.0,2.46,SA,Saudi Arabia,153622016706.33334,1.3779535194076966
682,SAU,2019,188635708059,140801313428,0.658,-0.394,92.0,2.73,SA,Saudi Arabia,153622016706.33334,1.227921050011988
682,SAU,2020,131959187304,134455684384,0.652,-0.328,101.0,2.71,SA,Saudi Arabia,153622016706.33334,0.8589861670430716
682,SAU,2021,185849830197,146906859515,0.644,-0.334,90.0,2.71,SA,Saudi Arabia,153622016706.33334,1.209786423727752
682,SAU,2022,286225488939,175597382307,0.573,-0.455,74.0,1.733,SA,Saudi Arabia,153622016706.33334,1.8631801292268795
686,SEN,2012,2624486803,8489272917,-0.418,-0.061,165.0,5.79,SN,Senegal,2756790683.3333335,0.9520080065805503
686,SEN,2013,2269781173,7994557262,-0.542,-0.069,159.0,5.53,SN,Senegal,2756790683.3333335,0.8233418615067021
686,SEN,2014,2454312343,8502658114,-0.573,-0.029,170.0,5.77,SN,Senegal,2756790683.3333335,0.8902788150866804
686,SEN,2015,2428758803,7805205712,-0.781,-0.142,158.0,6.49,SN,Senegal,2756790683.3333335,0.8810095077887095
686,SEN,2016,2668889228,8091934615,-0.725,-0.302,155.0,5.7,SN,Senegal,2756790683.3333335,0.9681145703717162
686,SEN,2017,3172724019,9251257934,-0.692,-0.147,156.0,3.69,SN,Senegal,2756790683.3333335,1.1508759218395743
686,SEN,2018,3734363261,10708026860,-0.758,-0.179,158.0,3.8,SN,Senegal,2756790683.3333335,1.354605296505373
686,SEN,2019,4036295314,10602062708,-0.786,-0.284,146.0,3.66,SN,Senegal,2756790683.3333335,1.4641283208051081
686,SEN,2020,3771681238,10256704248,-0.649,-0.471,133.0,3.42,SN,Senegal,2756790683.3333335,1.3681420431381923
686,SEN,2021,4836034881,13912627397,-0.703,-0.448,136.0,3.42,SN,Senegal,2756790683.3333335,1.7542263582930346
686,SEN,2022,5882334930,15773572063,-0.693,-0.465,133.0,2.508,SN,Senegal,2756790683.3333335,2.1337619013161566
688,SRB,2012,10636136975,16644887630,0.705,1.52,320.0,,RS,Serbia,14626802933.666666,0.7271675856463952
688,SRB,2013,13669444465,18094695288,0.641,1.084,279.0,,RS,Serbia,14626802933.666666,0.9345476606878251
688,SRB,2014,14150274774,18241544370,0.676,1.184,292.0,,RS,Serbia,14626802933.666666,0.9674208942427305
688,SRB,2015,12983229141,16469122745,0.631,1.088,288.0,3.81,RS,Serbia,14626802933.666666,0.8876327383283715
688,SRB,2016,14195170236,17609692293,0.639,0.984,273.0,4.88,RS,Serbia,14626802933.666666,0.9704902910346066
688,SRB,2017,16702009424,20450487208,0.664,1.158,284.0,2.96,RS,Serbia,14626802933.666666,1.141876970637022
688,SRB,2018,18509640615,24107729283,0.71,1.11,285.0,2.9,RS,Serbia,14626802933.666666,1.2654604494873016
688,SRB,2019,18866460621,24944232137,0.69,1.076,280.0,2.81,RS,Serbia,14626802933.666666,1.289855391267689
688,SRB,2020,18882296057,24515620564,0.703,1.03,275.0,2.39,RS,Serbia,14626802933.666666,1.2909380226582816
688,SRB,2021,24695129419,32321712438,0.733,1.124,285.0,2.39,RS,Serbia,14626802933.666666,1.6883477223965984
688,SRB,2022,27869548310,38420408640,0.757,1.048,281.0,1.98,RS,Serbia,14626802933.666666,1.9053752509273485
690,SYC,2012,455933206,767098886,0.436,-0.524,61.0,,SC,Seychelles,1178914258.6666667,0.3867399199290822
690,SYC,2013,579060554,890964717,0.348,-0.572,55.0,,SC,Seychelles,1178914258.6666667,0.49118122861191643
690,SYC,2014,534054561,799118225,0.626,-0.481,50.0,,SC,Seychelles,1178914258.6666667,0.45300543027107604
690,SYC,2015,419404140,914091899,0.773,-0.342,51.0,,SC,Seychelles,1178914258.6666667,0.3557545741064659
690,SYC,2016,489464407,1229235951,0.386,-0.619,38.0,,SC,Seychelles,1178914258.6666667,0.41518236241673456
690,SYC,2017,2627874229,2591399590,0.15,-0.917,18.0,,SC,Seychelles,1178914258.6666667,2.2290630634767994
690,SYC,2018,708756895,1114231576,0.408,-0.704,39.0,,SC,Seychelles,1178914258.6666667,0.6011946074870558
690,SYC,2019,612845084,997949750,0.586,-0.704,41.0,,SC,Seychelles,1178914258.6666667,0.5198385544111732
690,SYC,2020,906011171,1105290136,0.156,-0.725,34.0,,SC,Seychelles,1178914258.6666667,0.7685132013117597
690,SYC,2021,641578144,745409587,0.475,-0.45,50.0,,SC,Seychelles,1178914258.6666667,0.5442110308561495
690,SYC,2022,623440269,1047973433,0.529,-0.509,54.0,,SC,Seychelles,1178914258.6666667,0.5288257940870958
694,SLE,2012,816519979,1517458737,-0.28,-0.923,41.0,,SL,Sierra Leone,612768179.0,1.3325104125552185
694,SLE,2013,1530314169,1346772876,-0.435,-0.962,30.0,,SL,Sierra Leone,612768179.0,2.4973786522292634
694,SLE,2014,1786310587,1514779729,-0.571,-0.988,27.0,,SL,Sierra Leone,612768179.0,2.9151490697757008
694,SLE,2015,519671081,1287332293,0.025,-0.38,72.0,,SL,Sierra Leone,612768179.0,0.8480712589352654
694,SLE,2016,596717856,978194269,-0.388,-0.603,67.0,,SL,Sierra Leone,612768179.0,0.9738068595105687
694,SLE,2017,721915600,1110727205,-0.354,-0.699,53.0,,SL,Sierra Leone,612768179.0,1.178121881554166
694,SLE,2018,607601337,1119975694,-0.068,-0.308,81.0,,SL,Sierra Leone,612768179.0,0.9915680314724697
694,SLE,2019,589994855,1193858513,-0.158,-0.677,56.0,,SL,Sierra Leone,612768179.0,0.9628353351553525
694,SLE,2020,462444790,1187626349,-0.295,-0.741,47.0,,SL,Sierra Leone,612768179.0,0.7546814698417947
694,SLE,2021,784106639,1643165741,-0.422,-0.969,37.0,,SL,Sierra Leone,612768179.0,1.2796138341903032
694,SLE,2022,1076289434,1796967262,-0.421,-0.938,41.0,,SL,Sierra Leone,612768179.0,1.7564381945492635
702,SGP,2012,306707143541,324848767314,1.454,0.767,165.0,,SG,Singapore,257053923338.0,1.1931626623636902
702,SGP,2013,304264988977,330522715956,1.485,0.958,177.0,,SG,Singapore,257053923338.0,1.1836621088133412
702,SGP,2014,301893972178,331578720376,1.466,0.9,182.0,,SG,Singapore,257053923338.0,1.1744382978393209
702,SGP,2015,258354075457,278788772869,1.566,0.922,170.0,,SG,Singapore,257053923338.0,1.005057896421563
702,SGP,2016,240816200744,259681770217,1.605,0.779,175.0,3.63,SG,Singapore,257053923338.0,0.9368314539488704
702,SGP,2017,271991493813,292086689776,1.574,0.82,174.0,3.08,SG,Singapore,257053923338.0,1.0581106496295667
702,SGP,2018,306875899631,317275501586,1.633,0.808,173.0,3.0,SG,Singapore,257053923338.0,1.1938191631002228
702,SGP,2019,289401106376,308811399961,1.684,0.823,170.0,3.15,SG,Singapore,257053923338.0,1.1258381222817078
702,SGP,2020,276064408404,289421401439,1.674,0.828,161.0,2.79,SG,Singapore,257053923338.0,1.0739552418385117
702,SGP,2021,332213125218,341254083396,1.666,0.684,151.0,2.79,SG,Singapore,257053923338.0,1.2923869081786907
702,SGP,2022,376683792437,408345106149,1.653,0.744,147.0,3.366,SG,Singapore,257053923338.0,1.465388224951147
703,SVK,2012,70007002918,64411671968,1.143,0.821,250.0,3.45,SK,Slovakia,69667230295.33333,1.004877079528299
703,SVK,2013,73676219322,69158984617,1.163,0.628,234.0,3.6,SK,Slovakia,69667230295.33333,1.0575448314748808
703,SVK,2014,73963191422,69546565554,1.197,0.706,237.0,3.42,SK,Slovakia,69667230295.33333,1.0616640148956007
703,SVK,2015,65444808808,62430724885,1.204,0.6,220.0,3.14,SK,Slovakia,69667230295.33333,0.9393915694734291
703,SVK,2016,69340171529,62527181762,1.204,0.621,216.0,3.98,SK,Slovakia,69667230295.33333,0.9953054145407122
703,SVK,2017,74216710549,67870356595,1.213,0.604,222.0,3.34,SK,Slovakia,69667230295.33333,1.065303015985859
703,SVK,2018,83182198076,76569208164,1.207,0.696,236.0,3.28,SK,Slovakia,69667230295.33333,1.1939931833571396
703,SVK,2019,84583302423,76976546535,1.23,0.616,225.0,2.88,SK,Slovakia,69667230295.33333,1.214104566299456
703,SVK,2020,78890110494,71189745855,1.235,0.686,211.0,3.05,SK,Slovakia,69667230295.33333,1.1323847691313267
703,SVK,2021,96108976154,86988498111,1.246,0.665,223.0,3.04,SK,Slovakia,69667230295.33333,1.3795435206276296
703,SVK,2022,101225280958,94801270557,1.214,0.731,228.0,2.456,SK,Slovakia,69667230295.33333,1.4529827083534939
704,VNM,2012,113826108465,118945938168,0.265,1.275,288.0,4.75,VN,Vietnam,193990986272.0,0.5867597801961857
704,VNM,2013,131164854170,145678265631,0.223,1.244,275.0,4.75,VN,Vietnam,193990986272.0,0.67613891083625
704,VNM,2014,147642817189,164597883679,0.3,1.188,277.0,4.75,VN,Vietnam,193990986272.0,0.7610808111567927
704,VNM,2015,169410073681,178553584724,0.243,1.071,258.0,5.3,VN,Vietnam,193990986272.0,0.8732883776541327
704,VNM,2016,186387632286,191766376658,0.294,1.009,260.0,5.89,VN,Vietnam,193990986272.0,0.9608056326115115
704,VNM,2017,226175252849,227057960570,0.377,0.728,256.0,6.05,VN,Vietnam,193990986272.0,1.1659059897343558
704,VNM,2018,255476948413,254697866559,0.377,1.002,263.0,6.2,VN,Vietnam,193990986272.0,1.3169526755990038
704,VNM,2019,277613888190,269326845900,0.403,1.044,263.0,6.19,VN,Vietnam,193990986272.0,1.43106591458198
704,VNM,2020,300082416146,279183439710,0.449,0.8,256.0,5.56,VN,Vietnam,193990986272.0,1.5468884504007125
704,VNM,2021,358887178992,340015119189,0.547,0.991,269.0,5.56,VN,Vietnam,193990986272.0,1.8500198689066645
704,VNM,2022,394968743528,362227953309,0.477,1.121,275.0,5.0,VN,Vietnam,193990986272.0,2.036015956814631
705,SVN,2012,26451657079,27561226699,1.359,0.922,309.0,3.11,SI,Slovenia,27578207558.666668,0.9591506997954753
705,SVN,2013,28143873691,28558222730,1.37,0.883,320.0,3.16,SI,Slovenia,27578207558.666668,1.0205113450948544
705,SVN,2014,29966465418,29822493280,1.368,1.048,312.0,3.11,SI,Slovenia,27578207558.666668,1.08659945916546
705,SVN,2015,25882277986,26440977503,1.405,1.021,299.0,2.96,SI,Slovenia,27578207558.666668,0.9385047208358649
705,SVN,2016,26554767792,27825900031,1.367,1.116,298.0,3.76,SI,Slovenia,27578207558.666668,0.9628895473177681
705,SVN,2017,30297576898,31173557164,1.342,1.059,291.0,2.23,SI,Slovenia,27578207558.666668,1.098605731846367
705,SVN,2018,35024718178,38151609608,1.379,0.986,283.0,2.35,SI,Slovenia,27578207558.666668,1.2700143076192494
705,SVN,2019,34786332959,39480947326,1.375,1.014,288.0,2.14,SI,Slovenia,27578207558.666668,1.2613703368864566
705,SVN,2020,33626529083,37163274326,1.326,1.174,293.0,2.0,SI,Slovenia,27578207558.666668,1.2193152514160623
705,SVN,2021,42061413058,49333081838,1.351,1.068,311.0,2.0,SI,Slovenia,27578207558.666668,1.5251684856067402
705,SVN,2022,54191091999,59969712512,1.337,1.103,273.0,1.527,SI,Slovenia,27578207558.666668,1.9649968868977499
706,SOM,2012,401211305,1678434368,-1.555,-1.046,32.0,,SO,Somalia,471224552.6666667,0.8514227510632443
706,SOM,2013,527480314,2024731420,-1.488,-1.049,33.0,,SO,Somalia,471224552.6666667,1.1193820674559107
706,SOM,2014,583286049,1766953412,-1.488,-1.056,34.0,,SO,Somalia,471224552.6666667,1.2378091202998138
706,SOM,2015,563947665,2223975797,-2.142,-1.198,30.0,,SO,Somalia,471224552.6666667,1.196770545610605
706,SOM,2016,507483824,2618943343,-1.963,-1.17,44.0,,SO,Somalia,471224552.6666667,1.076946905945672
706,SOM,2017,342242169,3059888975,-1.592,-1.187,38.0,,SO,Somalia,471224552.6666667,0.7262825484437229
706,SOM,2018,394108396,3504844123,-1.853,-1.197,40.0,,SO,Somalia,471224552.6666667,0.8363494511687364
706,SOM,2019,481107389,4154932182,-1.666,-1.103,43.0,,SO,Somalia,471224552.6666667,1.0209726685025349
706,SOM,2020,377061226,4424003593,-1.808,-1.136,46.0,,SO,Somalia,471224552.6666667,0.8001731316125295
706,SOM,2021,413825174,5142037661,-1.282,-1.054,54.0,,SO,Somalia,471224552.6666667,0.8781910273099253
706,SOM,2022,591509349,5819598223,-2.011,-1.224,43.0,,SO,Somalia,471224552.6666667,1.2552600361178972
710,ZAF,2012,119335490621,101903095760,0.58,1.758,309.0,3.36,ZA,South Africa,90405389891.0,1.3200041586555895
710,ZAF,2013,116620722763,100012842344,0.58,1.647,297.0,3.47,ZA,South Africa,90405389891.0,1.289975331156774
710,ZAF,2014,110633636422,95042626134,0.555,1.897,314.0,3.7,ZA,South Africa,90405389891.0,1.2237504484565445
710,ZAF,2015,92022648690,80662534553,0.492,1.574,288.0,4.75,ZA,South Africa,90405389891.0,1.0178889643742468
710,ZAF,2016,84197856500,69590978324,0.477,1.464,280.0,4.91,ZA,South Africa,90405389891.0,0.931336689123466
710,ZAF,2017,94995664483,78068863871,0.452,1.282,274.0,2.6,ZA,South Africa,90405389891.0,1.0507743465022872
710,ZAF,2018,103088772948,84667012450,0.429,1.215,265.0,2.61,ZA,South Africa,90405389891.0,1.1402945451846633
710,ZAF,2019,99614228819,82137777991,0.424,1.157,265.0,3.0,ZA,South Africa,90405389891.0,1.1018616139934014
710,ZAF,2020,92221914707,66179545804,0.378,0.768,225.0,2.23,ZA,South Africa,90405389891.0,1.0200931030571314
710,ZAF,2021,130955056477,88571424613,0.334,0.405,201.0,2.23,ZA,South Africa,90405389891.0,1.4485315160400274
710,ZAF,2022,134812135820,104411220998,0.345,0.596,212.0,1.403,ZA,South Africa,90405389891.0,1.4911957791735686
716,ZWE,2012,2589072072,4888147015,-0.743,-0.954,102.0,4.76,ZW,Zimbabwe,2177838658.0,1.1888263910135808
716,ZWE,2013,2507929839,4381252649,-0.688,-0.935,101.0,5.08,ZW,Zimbabwe,2177838658.0,1.1515682439502366
716,ZWE,2014,2453409457,4214360463,-0.806,-0.891,102.0,4.93,ZW,Zimbabwe,2177838658.0,1.1265340744998384
716,ZWE,2015,2287688944,4050988990,-0.909,-1.007,88.0,4.73,ZW,Zimbabwe,2177838658.0,1.0504400477953129
716,ZWE,2016,2006688107,3564753979,-1.017,-0.873,98.0,4.71,ZW,Zimbabwe,2177838658.0,0.9214126582006884
716,ZWE,2017,2239138923,3658335987,-0.984,-1.039,90.0,4.15,ZW,Zimbabwe,2177838658.0,1.0281472940039986
716,ZWE,2018,2959131145,4170269422,-1.116,-1.016,90.0,3.77,ZW,Zimbabwe,2177838658.0,1.3587467253967718
716,ZWE,2019,2895795641,3395617090,-1.089,-0.96,93.0,4.36,ZW,Zimbabwe,2177838658.0,1.3296649089971293
716,ZWE,2020,3279959090,4034968784,-1.121,-1.125,86.0,3.65,ZW,Zimbabwe,2177838658.0,1.5060615615171984
716,ZWE,2021,4102579816,5618335088,-1.094,-1.099,83.0,3.65,ZW,Zimbabwe,2177838658.0,1.8837850090178718
716,ZWE,2022,4890852970,6444770517,-1.088,-1.176,80.0,1.918,ZW,Zimbabwe,2177838658.0,2.2457370531256315
724,ESP,2012,268862831630,298501598291,0.865,2.7,516.0,3.28,ES,Spain,269961577660.0,0.9959299910767901
724,ESP,2013,288244168426,303593726390,0.891,2.545,495.0,3.4,ES,Spain,269961577660.0,1.0677229364432956
724,ESP,2014,293186090127,323166647874,0.888,2.359,477.0,3.46,ES,Spain,269961577660.0,1.0860289551880224
724,ESP,2015,256947110933,276651946464,0.865,2.5,458.0,3.76,ES,Spain,269961577660.0,0.9517914110600179
724,ESP,2016,263344572139,276380921755,0.867,2.556,460.0,4.25,ES,Spain,269961577660.0,0.9754890841194679
724,ESP,2017,289593049908,308997638036,0.848,2.728,472.0,2.96,ES,Spain,269961577660.0,1.0727195048205143
724,ESP,2018,306638201271,343354113283,0.844,2.836,495.0,2.87,ES,Spain,269961577660.0,1.1358586800718433
724,ESP,2019,297376790592,326647822091,0.833,3.068,494.0,2.83,ES,Spain,269961577660.0,1.101552277067101
724,ESP,2020,281541158504,283845152667,0.823,2.671,480.0,2.53,ES,Spain,269961577660.0,1.042893440408708
724,ESP,2021,345080926507,366326370809,0.817,3.017,495.0,2.53,ES,Spain,269961577660.0,1.278259408239228
724,ESP,2022,379875329875,428120800830,0.813,2.726,498.0,2.241,ES,Spain,269961577660.0,1.407145910050317
728,SSD,2012,522410909,129708240,-4.414,-1.083,6.0,,SS,South Sudan,1387183215.3333333,0.37659834924867314
728,SSD,2013,2006532584,444952423,-3.795,-1.009,3.0,,SS,South Sudan,1387183215.3333333,1.4464798606417972
728,SSD,2014,3562611996,582796959,-3.908,-1.034,4.0,,SS,South Sudan,1387183215.3333333,2.568234647464302
728,SSD,2015,1887552285,795982200,-3.328,-1.082,6.0,,SS,South Sudan,1387183215.3333333,1.3607087111030467
728,SSD,2016,1190965160,584225303,-2.756,-1.093,9.0,,SS,South Sudan,1387183215.3333333,0.8585492866663738
728,SSD,2017,1083032201,599024975,-2.433,-1.056,6.0,,SS,South Sudan,1387183215.3333333,0.7807420022305797
728,SSD,2018,1393408276,890961657,-3.202,-1.14,10.0,,SS,South Sudan,1387183215.3333333,1.0044875547785308
728,SSD,2019,1399831873,1034003217,-2.64,-1.061,9.0,,SS,South Sudan,1387183215.3333333,1.009118231482946
728,SSD,2020,689899867,1123059117,-2.526,-1.033,9.0,,SS,South Sudan,1387183215.3333333,0.49733867839095824
728,SSD,2021,462786962,1381586353,-1.771,-1.15,21.0,4.53,SS,South Sudan,1387183215.3333333,0.3336163218272466
728,SSD,2022,451683542,1584930625,-1.513,-1.053,23.0,,SS,South Sudan,1387183215.3333333,0.32561202947619483
729,SDN,2012,4933687049,8454709922,-1.774,-1.243,60.0,,SD,Sudan,3703067604.0,1.3323243258294022
729,SDN,2013,11816776600,8543684665,-1.717,-1.093,67.0,,SD,Sudan,3703067604.0,3.1910777397732866
729,SDN,2014,5079112335,8010494317,-2.157,-1.214,68.0,,SD,Sudan,3703067604.0,1.3715958978209353
729,SDN,2015,3448297529,8326255297,-2.088,-1.273,64.0,,SD,Sudan,3703067604.0,0.9312002636071777
729,SDN,2016,3357636709,7906353780,-2.042,-1.248,73.0,,SD,Sudan,3703067604.0,0.9067176373915317
729,SDN,2017,4303268574,8963011693,-2.193,-1.328,63.0,,SD,Sudan,3703067604.0,1.1620820990012906
729,SDN,2018,3832237180,8135426786,-1.912,-1.29,58.0,,SD,Sudan,3703067604.0,1.0348817763576537
729,SDN,2019,3372151393,8113542706,-1.976,-1.271,59.0,,SD,Sudan,3703067604.0,0.9106372752572627
729,SDN,2020,3386036555,8847959972,-2.25,-1.345,52.0,3.35,SD,Sudan,3703067604.0,0.9143869129859936
729,SDN,2021,4599592032,8527469902,-1.561,-1.236,56.0,4.203,SD,Sudan,3703067604.0,1.2421031760348062
729,SDN,2022,4893336425,10113901621,-2.008,-1.201,52.0,2.723,SD,Sudan,3703067604.0,1.3214277859022312
740,SUR,2012,2378956317,1953572952,-0.471,-0.844,73.0,,SR,Suriname,1630679496.3333333,1.4588742437426887
740,SUR,2013,2172572756,2397875019,-0.421,-0.802,66.0,,SR,Suriname,1630679496.3333333,1.3323113222954859
740,SUR,2014,2025831275,1826373803,-0.455,-0.747,76.0,,SR,Suriname,1630679496.3333333,1.242323387002281
740,SUR,2015,1595311106,1683843203,-0.677,-0.848,65.0,,SR,Suriname,1630679496.3333333,0.9783106426413891
740,SUR,2016,1172520547,1077799115,-0.745,-0.907,75.0,,SR,Suriname,1630679496.3333333,0.7190380142980106
740,SUR,2017,2124206836,1308921800,-0.592,-0.897,71.0,,SR,Suriname,1630679496.3333333,1.3026513430606004
740,SUR,2018,2104324253,1456613736,-0.8,-0.917,68.0,,SR,Suriname,1630679496.3333333,1.290458522187641
740,SUR,2019,2160377839,1619158365,-0.498,-0.74,73.0,,SR,Suriname,1630679496.3333333,1.324832895647318
740,SUR,2020,1953278675,1320609944,-0.413,-0.816,52.0,,SR,Suriname,1630679496.3333333,1.1978311368923493
740,SUR,2021,2168647927,1489364086,-0.105,-0.255,89.0,,SR,Suriname,1630679496.3333333,1.3299044550914612
740,SUR,2022,2646378035,1843248797,-0.006,-0.315,85.0,,SR,Suriname,1630679496.3333333,1.6228682834061
748,SWZ,2012,1994035414,1836499360,0.307,-0.473,119.0,,SZ,Eswatini,1829275883.0,1.090068169886871
748,SWZ,2013,2139582363,1766576368,0.325,-0.219,135.0,,SZ,Eswatini,1829275883.0,1.1696335051939237
748,SWZ,2014,2174270018,1920621241,0.356,-0.37,125.0,,SZ,Eswatini,1829275883.0,1.1885960112447402
748,SWZ,2015,1840430462,1556741339,0.359,-0.402,118.0,,SZ,Eswatini,1829275883.0,1.0060978112179046
748,SWZ,2016,1709339953,1462844953,0.368,-0.439,113.0,,SZ,Eswatini,1829275883.0,0.9344352969857637
748,SWZ,2017,1938057234,1565967609,0.333,-0.615,107.0,3.51,SZ,Eswatini,1829275883.0,1.0594668917963317
748,SWZ,2018,1986279245,1762504977,0.296,-0.696,103.0,3.58,SZ,Eswatini,1829275883.0,1.0858281484269696
748,SWZ,2019,2645419252,1714254630,0.15,-0.826,82.0,3.61,SZ,Eswatini,1829275883.0,1.4461565237833511
748,SWZ,2020,1808710224,1420392099,0.412,-0.68,94.0,3.4,SZ,Eswatini,1829275883.0,0.9887574863960528
748,SWZ,2021,2305113059,1832593086,0.344,-0.607,98.0,3.4,SZ,Eswatini,1829275883.0,1.26012324353155
748,SWZ,2022,2059285306,2063182953,0.189,-0.745,86.0,3.267,SZ,Eswatini,1829275883.0,1.1257379628395834
752,SWE,2012,156846796365,152185610639,1.457,0.821,335.0,2.57,SE,Sweden,132465027441.33333,1.1840619323803407
752,SWE,2013,154293735661,150627741854,1.452,0.883,333.0,2.74,SE,Sweden,132465027441.33333,1.1647884625950367
752,SWE,2014,154386523968,151244167470,1.446,0.933,321.0,2.73,SE,Sweden,132465027441.33333,1.165488936590266
752,SWE,2015,128299774157,129192847652,1.458,1.011,305.0,2.99,SE,Sweden,132465027441.33333,0.9685558266601496
752,SWE,2016,126695075064,131383633227,1.464,1.006,305.0,3.4,SE,Sweden,132465027441.33333,0.9564416926581716
752,SWE,2017,142400233103,141790901853,1.398,1.008,319.0,2.53,SE,Sweden,132465027441.33333,1.075002480681679
752,SWE,2018,150031658522,156883840053,1.396,1.101,299.0,2.49,SE,Sweden,132465027441.33333,1.1326133502553846
752,SWE,2019,148384301792,147783012641,1.404,1.104,299.0,2.73,SE,Sweden,132465027441.33333,1.1201771868255346
752,SWE,2020,144536828285,138817277284,1.375,1.106,306.0,2.41,SE,Sweden,132465027441.33333,1.0911319846214735
752,SWE,2021,176947653859,174055596880,1.386,1.087,310.0,2.41,SE,Sweden,132465027441.33333,1.3358065693027341
752,SWE,2022,184231337715,187667976488,1.37,1.076,304.0,1.452,SE,Sweden,132465027441.33333,1.3907922813558706
756,CHE,2012,296756971940,280959250845,1.726,1.14,276.0,3.23,CH,Switzerland,292829125036.6667,1.0134134434299917
756,CHE,2013,355530539993,311515033104,1.75,1.135,278.0,3.22,CH,Switzerland,292829125036.6667,1.2141228777994064
756,CHE,2014,311607220286,265333503667,1.797,1.201,265.0,3.12,CH,Switzerland,292829125036.6667,1.064126460258972
756,CHE,2015,289328743939,243721359371,1.836,1.197,250.0,3.15,CH,Switzerland,292829125036.6667,0.9880463355643726
756,CHE,2016,294750210279,251036012201,1.839,1.301,240.0,3.39,CH,Switzerland,292829125036.6667,1.0065604309069078
756,CHE,2017,294408420892,253002970666,1.731,1.285,253.0,2.38,CH,Switzerland,292829125036.6667,1.0053932335287195
756,CHE,2018,302196905072,264694428772,1.752,1.223,258.0,2.44,CH,Switzerland,292829125036.6667,1.0319906021443745
756,CHE,2019,300049577000,265223994816,1.758,1.175,235.0,2.4,CH,Switzerland,292829125036.6667,1.0246575608298156
756,CHE,2020,310297510342,278781170729,1.725,1.256,220.0,2.14,CH,Switzerland,292829125036.6667,1.0596538520652479
756,CHE,2021,366488271824,320618389806,1.736,1.167,226.0,2.14,CH,Switzerland,292829125036.6667,1.251543103091641
756,CHE,2022,381052465335,349940729002,1.749,1.234,224.0,1.496,CH,Switzerland,292829125036.6667,1.3012792538559352
760,SYR,2012,1907670124,8504261040,-0.056,1.787,271.0,,SY,Syria,772980129.0,2.4679419980277397
760,SYR,2013,1371314955,6650639460,-0.118,0.877,209.0,,SY,Syria,772980129.0,1.7740623640274717
760,SYR,2014,1033588280,7448067045,-0.324,0.749,209.0,,SY,Syria,772980129.0,1.3371472838986784
760,SYR,2015,798391707,5825557923,-0.46,0.245,178.0,,SY,Syria,772980129.0,1.0328748140432469
760,SYR,2016,770755441,5288054138,-0.637,0.005,164.0,,SY,Syria,772980129.0,0.9971219337774205
760,SYR,2017,749793239,6391502425,-0.563,0.099,171.0,,SY,Syria,772980129.0,0.9700032521793326
760,SYR,2018,665310073,7210980182,-0.581,0.083,178.0,,SY,Syria,772980129.0,0.8607078604474708
760,SYR,2019,690573503,6572164090,-0.604,0.048,172.0,,SY,Syria,772980129.0,0.8933910162650507
760,SYR,2020,849527707,4957373049,-0.488,0.138,173.0,,SY,Syria,772980129.0,1.0990291666346315
760,SYR,2021,968041749,5389039764,-0.441,0.615,207.0,,SY,Syria,772980129.0,1.25235010924841
760,SYR,2022,942644032,5190587407,-0.594,0.199,184.0,,SY,Syria,772980129.0,1.2194932271020902
762,TJK,2012,934355559,3980977606,-1.634,-1.295,54.0,3.41,TJ,Tajikistan,924907665.3333334,1.0102149587691671
762,TJK,2013,824221313,4427560942,-1.274,-1.267,54.0,3.28,TJ,Tajikistan,924907665.3333334,0.891139022729316
762,TJK,2014,691797238,5205823030,-0.777,-1.091,65.0,3.67,TJ,Tajikistan,924907665.3333334,0.7479635686127423
762,TJK,2015,811674983,3750809639,-1.291,-1.2,63.0,3.61,TJ,Tajikistan,924907665.3333334,0.8775740686584917
762,TJK,2016,825490076,3689555955,-1.142,-1.106,78.0,4.31,TJ,Tajikistan,924907665.3333334,0.8925107953370636
762,TJK,2017,1137557937,3490815193,-0.842,-1.151,62.0,4.68,TJ,Tajikistan,924907665.3333334,1.2299151360044445
762,TJK,2018,1210076638,3732841995,-1.03,-1.161,65.0,4.4,TJ,Tajikistan,924907665.3333334,1.3083215583080856
762,TJK,2019,969528539,3991070955,-1.023,-1.084,70.0,5.1,TJ,Tajikistan,924907665.3333334,1.0482435980791502
762,TJK,2020,1293036606,3428591449,-0.909,-1.109,70.0,4.76,TJ,Tajikistan,924907665.3333334,1.3980169637084738
762,TJK,2021,1524599754,4717961590,-1.317,-1.158,71.0,4.76,TJ,Tajikistan,924907665.3333334,1.648380493690189
762,TJK,2022,2037752897,5971746096,-1.288,-1.248,71.0,3.995,TJ,Tajikistan,924907665.3333334,2.203196030671452
764,THA,2012,229387609480,206100792443,0.805,1.294,305.0,4.54,TH,Thailand,224837539566.33334,1.0202371451068306
764,THA,2013,226872024960,208796776631,0.863,1.43,311.0,4.73,TH,Thailand,224837539566.33334,1.0090486908796048
764,THA,2014,229475226332,188883659756,0.909,1.511,335.0,4.7,TH,Thailand,224837539566.33334,1.0206268347119072
764,THA,2015,216963992516,167954111899,0.931,1.443,326.0,4.27,TH,Thailand,224837539566.33334,0.9649811723366132
764,THA,2016,219549948314,161029662418,0.927,1.366,329.0,5.15,TH,Thailand,224837539566.33334,0.9764826137906861
764,THA,2017,237998677869,182366475951,0.941,1.391,325.0,4.86,TH,Thailand,224837539566.33334,1.0585362138727006
764,THA,2018,254625958966,205508217447,0.931,1.368,323.0,4.91,TH,Thailand,224837539566.33334,1.1324886380500452
764,THA,2019,251281795449,194375841720,0.954,1.296,328.0,4.99,TH,Thailand,224837539566.33334,1.1176149495928143
764,THA,2020,235665809797,178925844133,0.952,1.296,314.0,4.66,TH,Thailand,224837539566.33334,1.048160419525815
764,THA,2021,277207539898,232275046817,0.955,1.29,324.0,4.66,TH,Thailand,224837539566.33334,1.2329237387701266
764,THA,2022,296152636404,261272070738,0.869,1.619,330.0,3.881,TH,Thailand,224837539566.33334,1.317185008229583
768,TGO,2012,2188460216,9850002713,-0.931,-0.679,109.0,,TG,Togo,1937207409.6666667,1.1296984541147126
768,TGO,2013,2260044640,8504638902,-0.638,-0.679,113.0,,TG,Togo,1937207409.6666667,1.1666508339387798
768,TGO,2014,2164568298,10269491218,-0.781,-0.808,100.0,,TG,Togo,1937207409.6666667,1.1173652791119848
768,TGO,2015,1967878772,8231961676,-0.947,-1.039,91.0,,TG,Togo,1937207409.6666667,1.0158327715350888
768,TGO,2016,1651387618,6611452667,-0.976,-0.776,112.0,,TG,Togo,1937207409.6666667,0.8524578265391585
768,TGO,2017,2192355839,8368960907,-1.123,-0.931,93.0,3.28,TG,Togo,1937207409.6666667,1.1317094019257528
768,TGO,2018,2539094515,9938574992,-1.097,-0.959,88.0,3.2,TG,Togo,1937207409.6666667,1.3106983291153627
768,TGO,2019,2189475739,9575701633,-1.146,-0.901,89.0,3.4,TG,Togo,1937207409.6666667,1.1302226741826993
768,TGO,2020,1610431952,9641265277,-1.134,-0.889,95.0,3.22,TG,Togo,1937207409.6666667,0.8313162255956399
768,TGO,2021,2869216937,12123593956,-1.231,-1.095,79.0,3.22,TG,Togo,1937207409.6666667,1.4811098298935905
768,TGO,2022,3527499091,17723170695,-1.159,-1.059,83.0,2.222,TG,Togo,1937207409.6666667,1.8209196771588712
772,TKL,2012,35020254,58417585,0.507,0.288,124.0,,TK,Tokelau,33006285.0,1.0610177425299454
772,TKL,2013,32386978,233527057,0.53,0.057,99.0,,TK,Tokelau,33006285.0,0.9812366947688902
772,TKL,2014,18343897,7814291,0.428,0.151,123.0,,TK,Tokelau,33006285.0,0.5557698177786443
772,TKL,2015,20993660,5952498,0.486,0.335,125.0,,TK,Tokelau,33006285.0,0.6360503764661791
772,TKL,2016,14927422,6204385,0.384,-0.001,122.0,,TK,Tokelau,33006285.0,0.4522599862420142
772,TKL,2017,63097773,52552610,0.458,-0.314,77.0,,TK,Tokelau,33006285.0,1.9116896372918066
772,TKL,2018,45359240,31618250,0.48,-0.015,105.0,,TK,Tokelau,33006285.0,1.3742606900473653
772,TKL,2019,17229746,12296969,0.516,0.281,128.0,,TK,Tokelau,33006285.0,0.5220140951942941
772,TKL,2020,34616007,10373432,0.778,-0.222,74.0,,TK,Tokelau,33006285.0,1.0487701660456485
772,TKL,2021,20380163,9491546,0.786,0.204,109.0,,TK,Tokelau,33006285.0,0.6174630983159722
772,TKL,2022,263368202,9545431,0.968,-0.738,13.0,,TK,Tokelau,33006285.0,7.979334905458157
776,TON,2012,13037860,184104427,-0.471,-0.412,90.0,,TO,Tonga,11876579.0,1.0977790826802905
776,TON,2013,12902629,199191291,-0.068,-0.193,84.0,,TO,Tonga,11876579.0,1.0863927230223451
776,TON,2014,12871069,196176313,-0.481,-0.34,79.0,,TO,Tonga,11876579.0,1.0837353921529087
776,TON,2015,9814087,175012658,-0.803,-0.723,49.0,,TO,Tonga,11876579.0,0.8263395545131305
776,TON,2016,11786286,200158009,-0.933,-0.822,51.0,,TO,Tonga,11876579.0,0.9923973898544354
776,TON,2017,14029364,183545258,-0.955,-0.831,54.0,,TO,Tonga,11876579.0,1.1812630556324342
776,TON,2018,12275617,212896347,-0.182,-0.347,76.0,,TO,Tonga,11876579.0,1.0335987324295994
776,TON,2019,16674534,215422190,-0.113,-0.526,57.0,,TO,Tonga,11876579.0,1.4039845985952688
776,TON,2020,11471287,191281365,-0.838,-0.714,54.0,,TO,Tonga,11876579.0,0.9658746849576801
776,TON,2021,14519824,236074951,-1.002,-0.914,55.0,,TO,Tonga,11876579.0,1.222559459251692
776,TON,2022,12383663,259360544,-0.717,-0.721,59.0,,TO,Tonga,11876579.0,1.0426961332888873
780,TTO,2012,16104385434,7655463472,-0.152,-1.038,54.0,0.58,TT,Trinidad and Tobago,9521339423.333334,1.6913991527845356
780,TTO,2013,19434396905,8632903541,-0.161,-1.179,35.0,1.25,TT,Trinidad and Tobago,9521339423.333334,2.0411410664946334
780,TTO,2014,16605505144,8147279555,-0.346,-1.093,47.0,0.27,TT,Trinidad and Tobago,9521339423.333334,1.7440303727967053
780,TTO,2015,11533809570,7293439012,-0.273,-1.051,57.0,0.81,TT,Trinidad and Tobago,9521339423.333334,1.211364184931254
780,TTO,2016,7768071784,6561322874,-0.077,-1.002,73.0,2.15,TT,Trinidad and Tobago,9521339423.333334,0.8158591389950122
780,TTO,2017,9262136916,6130969766,-0.078,-0.932,62.0,1.11,TT,Trinidad and Tobago,9521339423.333334,0.9727766760737336
780,TTO,2018,11436599760,6350401885,-0.067,-1.089,57.0,1.75,TT,Trinidad and Tobago,9521339423.333334,1.2011545068935428
780,TTO,2019,8784556191,5991788141,0.06,-0.998,61.0,2.43,TT,Trinidad and Tobago,9521339423.333334,0.9226176906866962
780,TTO,2020,6456731440,5123394225,0.047,-0.813,80.0,1.31,TT,Trinidad and Tobago,9521339423.333334,0.6781326820653935
780,TTO,2021,9898834314,5784214281,-0.028,-0.903,65.0,1.31,TT,Trinidad and Tobago,9521339423.333334,1.0396472464516455
780,TTO,2022,15288552271,7296286273,-0.255,-1.077,49.0,2.564,TT,Trinidad and Tobago,9521339423.333334,1.6057144474372302
784,ARE,2012,247245388432,231269095187,0.699,-0.112,137.0,2.28,AE,United Arab Emirates,155524867089.33334,1.5897482702234522
784,ARE,2013,193746940173,250610072039,0.531,0.412,195.0,2.71,AE,United Arab Emirates,155524867089.33334,1.2457618115932028
784,ARE,2014,184310262571,242149032460,0.538,-0.017,155.0,2.16,AE,United Arab Emirates,155524867089.33334,1.1850854851728139
784,ARE,2015,145767034921,226158549668,0.56,0.21,182.0,2.41,AE,United Arab Emirates,155524867089.33334,0.9372587011263707
784,ARE,2016,136154594389,219298067211,0.543,0.136,176.0,2.88,AE,United Arab Emirates,155524867089.33334,0.8754522472010403
784,ARE,2017,184652971958,226554918519,0.704,0.257,178.0,0.9,AE,United Arab Emirates,155524867089.33334,1.1872890516725887
784,ARE,2018,219845110691,218561736673,0.683,0.333,191.0,1.15,AE,United Arab Emirates,155524867089.33334,1.4135688704027065
784,ARE,2019,221515151554,223713661471,0.701,0.205,185.0,0.05,AE,United Arab Emirates,155524867089.33334,1.4243069658227832
784,ARE,2020,191396651375,193214694223,0.711,0.519,208.0,-0.27,AE,United Arab Emirates,155524867089.33334,1.2306498308406328
784,ARE,2021,259119788512,247643933654,0.694,0.433,208.0,1.0,AE,United Arab Emirates,155524867089.33334,1.6660987619630103
784,ARE,2022,346085554325,295681927508,0.686,0.417,188.0,2.172,AE,United Arab Emirates,155524867089.33334,2.2252747152402885
788,TUN,2012,15696235808,23329040534,0.428,0.689,231.0,4.13,TN,Tunisia,12890865444.0,1.2176246719963824
788,TUN,2013,16387192949,23959710748,0.371,0.896,244.0,4.14,TN,Tunisia,12890865444.0,1.271225195871341
788,TUN,2014,15740267119,23755943182,0.404,0.87,247.0,3.99,TN,Tunisia,12890865444.0,1.2210403705925146
788,TUN,2015,13202077702,19160653783,0.333,0.912,239.0,4.89,TN,Tunisia,12890865444.0,1.024142076368104
788,TUN,2016,12675679963,18436770557,0.34,0.972,247.0,5.49,TN,Tunisia,12890865444.0,0.9833071346578862
788,TUN,2017,12794838667,19861630337,0.435,0.782,241.0,5.0,TN,Tunisia,12890865444.0,0.9925507889740098
788,TUN,2018,14501452106,21998031851,0.412,0.778,246.0,4.65,TN,Tunisia,12890865444.0,1.1249401499842386
788,TUN,2019,13904767141,20653113703,0.382,0.96,248.0,4.82,TN,Tunisia,12890865444.0,1.0786527251722975
788,TUN,2020,13007624970,17626108335,0.391,0.702,235.0,4.24,TN,Tunisia,12890865444.0,1.00905753973674
788,TUN,2021,15980994389,22048365330,0.44,0.736,239.0,4.24,TN,Tunisia,12890865444.0,1.23971462260808
788,TUN,2022,17633227532,25264235956,0.366,0.93,251.0,3.279,TN,Tunisia,12890865444.0,1.367885469645276
792,TUR,2012,146411054667,201194356240,0.58,2.16,375.0,4.65,TR,Turkiye,149341901964.66666,0.9803749164895458
792,TUR,2013,156511242168,221210368446,0.569,2.278,380.0,4.82,TR,Turkiye,149341901964.66666,1.0480062200160647
792,TUR,2014,160699465115,210927915456,0.597,2.224,379.0,4.66,TR,Turkiye,149341901964.66666,1.0760507466485894
792,TUR,2015,146627540168,179615696497,0.578,2.502,383.0,5.64,TR,Turkiye,149341901964.66666,0.9818245130070136
792,TUR,2016,143816708878,171497160369,0.597,2.437,390.0,5.57,TR,Turkiye,149341901964.66666,0.9630030620075143
792,TUR,2017,157581456848,199769862924,0.606,2.175,396.0,4.64,TR,Turkiye,149341901964.66666,1.0551724249854724
792,TUR,2018,172644148601,192678182373,0.593,2.335,396.0,4.62,TR,Turkiye,149341901964.66666,1.156032877108037
792,TUR,2019,175213778744,172931004282,0.592,2.473,391.0,4.53,TR,Turkiye,149341901964.66666,1.1732392345281264
792,TUR,2020,162607099623,184224155753,0.593,2.57,419.0,4.34,TR,Turkiye,149341901964.66666,1.0888243519321978
792,TUR,2021,218798986186,216551785204,0.581,2.715,418.0,4.34,TR,Turkiye,149341901964.66666,1.4650877168938592
792,TUR,2022,249316319741,288344727437,0.626,2.929,446.0,4.406,TR,Turkiye,149341901964.66666,1.6694331360530459
795,TKM,2012,8675142735,8629978426,-2.072,-1.332,21.0,1.48,TM,Turkmenistan,7250865334.0,1.1964286102958535
795,TKM,2013,9459864656,9091080455,-1.979,-1.28,24.0,1.47,TM,Turkmenistan,7250865334.0,1.3046531993418484
795,TKM,2014,9628750060,9470161283,-1.738,-1.234,27.0,1.84,TM,Turkmenistan,7250865334.0,1.327944957803846
795,TKM,2015,8244164969,6770200324,-1.889,-1.349,25.0,1.13,TM,Turkmenistan,7250865334.0,1.1369904955126284
795,TKM,2016,6573429573,5745565828,-1.532,-1.304,37.0,2.64,TM,Turkmenistan,7250865334.0,0.9065717359521989
795,TKM,2017,6935001460,4499107950,-1.552,-1.285,37.0,3.72,TM,Turkmenistan,7250865334.0,0.9564377685351727
795,TKM,2018,7007050591,2842276409,-1.244,-1.234,42.0,4.58,TM,Turkmenistan,7250865334.0,0.9663743937076408
795,TKM,2019,10032650058,3371081315,-1.267,-1.225,41.0,5.1,TM,Turkmenistan,7250865334.0,1.3836486537621855
795,TKM,2020,8305616388,3359256455,-1.116,-1.194,38.0,3.93,TM,Turkmenistan,7250865334.0,1.1454655417546058
795,TKM,2021,7739421866,4496361744,-1.431,-1.255,37.0,3.93,TM,Turkmenistan,7250865334.0,1.0673790657384177
795,TKM,2022,11592354845,4944608267,-1.386,-1.232,31.0,3.084,TM,Turkmenistan,7250865334.0,1.598754674237617
796,TCA,2012,83371061,303319001,0.099,-0.635,71.0,,TC,Turks and Caicos Islands,38512516.666666664,2.164778316659822
796,TCA,2013,47191314,274891977,0.372,0.05,122.0,,TC,Turks and Caicos Islands,38512516.666666664,1.2253500442064074
796,TCA,2014,28225611,332679807,0.403,0.108,114.0,,TC,Turks and Caicos Islands,38512516.666666664,0.7328944832221214
796,TCA,2015,45340500,326065937,0.259,-0.336,77.0,,TC,Turks and Caicos Islands,38512516.666666664,1.1772925771751264
796,TCA,2016,43119261,342587050,0.51,-0.047,93.0,,TC,Turks and Caicos Islands,38512516.666666664,1.1196168085613725
796,TCA,2017,27077789,426325323,0.676,0.43,124.0,,TC,Turks and Caicos Islands,38512516.666666664,0.7030906142635014
796,TCA,2018,40755116,467497892,0.647,-0.293,83.0,,TC,Turks and Caicos Islands,38512516.666666664,1.0582304021506428
796,TCA,2019,156414972,427104095,0.349,-0.817,33.0,,TC,Turks and Caicos Islands,38512516.666666664,4.06140614891003
796,TCA,2020,85520131,319462615,0.335,-0.74,52.0,,TC,Turks and Caicos Islands,38512516.666666664,2.220580175016694
796,TCA,2021,41215652,464099132,0.388,-0.273,76.0,,TC,Turks and Caicos Islands,38512516.666666664,1.0701884885043866
796,TCA,2022,48608742,682236134,0.506,-0.26,84.0,,TC,Turks and Caicos Islands,38512516.666666664,1.2621543904990196
798,TUV,2012,24745371,243040818,0.033,-0.868,17.0,,TV,Tuvalu,24548262.0,1.008029448276216
798,TUV,2013,20264169,106737120,-0.532,-0.914,14.0,,TV,Tuvalu,24548262.0,0.8254828386628756
798,TUV,2014,10407334,121570037,0.397,-0.621,24.0,,TV,Tuvalu,24548262.0,0.423954005379281
798,TUV,2015,31059933,75002760,0.443,-0.763,17.0,,TV,Tuvalu,24548262.0,1.2652599601552241
798,TUV,2016,34693779,58007088,0.863,-0.805,9.0,,TV,Tuvalu,24548262.0,1.4132886067453574
798,TUV,2017,7891074,86811775,0.839,-0.675,28.0,,TV,Tuvalu,24548262.0,0.3214514330994186
798,TUV,2018,24517880,87004030,0.779,-0.808,11.0,,TV,Tuvalu,24548262.0,0.9987623563737424
798,TUV,2019,17165570,89793519,0.458,-0.87,14.0,,TV,Tuvalu,24548262.0,0.6992580574543322
798,TUV,2020,12805422,109666468,0.735,-0.813,13.0,,TV,Tuvalu,24548262.0,0.5216427134434202
798,TUV,2021,102942760,168912267,0.155,-0.909,9.0,,TV,Tuvalu,24548262.0,4.19348465484033
798,TUV,2022,63822426,152628156,0.39,-0.884,12.0,,TV,Tuvalu,24548262.0,2.5998755431239897
800,UGA,2012,1981577690,3506634711,-0.47,0.166,177.0,7.15,UG,Uganda,2232278882.6666665,0.8876927096281176
800,UGA,2013,2011154240,3494123990,-0.484,0.345,178.0,7.06,UG,Uganda,2232278882.6666665,0.9009421966118711
800,UGA,2014,2012183051,3549438864,-0.526,0.395,182.0,6.04,UG,Uganda,2232278882.6666665,0.9014030758541507
800,UGA,2015,1969432926,3464819340,-0.654,0.171,179.0,7.73,UG,Uganda,2232278882.6666665,0.882252186898497
800,UGA,2016,2078717665,3501985084,-0.58,0.501,190.0,7.46,UG,Uganda,2232278882.6666665,0.9312087665842078
800,UGA,2017,2648686057,3893197226,-0.786,0.03,173.0,7.61,UG,Uganda,2232278882.6666665,1.1865390465172954
800,UGA,2018,3170544606,4243309948,-0.73,0.13,181.0,7.47,UG,Uganda,2232278882.6666665,1.4203174301467598
800,UGA,2019,3297454032,4862640750,-0.785,0.016,163.0,6.82,UG,Uganda,2232278882.6666665,1.47716938846856
800,UGA,2020,3671666022,5442123207,-0.786,-0.103,166.0,7.48,UG,Uganda,2232278882.6666665,1.6448061442994302
800,UGA,2021,3934988901,6214581667,-0.696,0.26,182.0,7.48,UG,Uganda,2232278882.6666665,1.762767605586667
800,UGA,2022,4134246733,5677378251,-0.742,0.044,170.0,6.055,UG,Uganda,2232278882.6666665,1.8520296747426355
804,UKR,2012,69045945051,76934224892,0.784,0.643,225.0,3.56,UA,Ukraine,39861630463.333336,1.7321405132816083
804,UKR,2013,62960966471,73034032699,0.765,0.673,238.0,3.54,UA,Ukraine,39861630463.333336,1.5794879872993293
804,UKR,2014,54233956109,50689683525,0.774,0.631,233.0,3.47,UA,Ukraine,39861630463.333336,1.360555388191836
804,UKR,2015,39288651392,34370201602,0.694,0.449,222.0,3.7,UA,Ukraine,39861630463.333336,0.9856257994298454
804,UKR,2016,36628431228,36392543974,0.686,0.355,218.0,5.05,UA,Ukraine,39861630463.333336,0.918889438345795
804,UKR,2017,43667808770,45337760298,0.614,0.492,224.0,2.4,UA,Ukraine,39861630463.333336,1.0954847622243593
804,UKR,2018,48675229409,51356604226,0.581,0.537,227.0,2.3,UA,Ukraine,39861630463.333336,1.2211048279566448
804,UKR,2019,51210346516,53822450378,0.597,0.384,214.0,2.01,UA,Ukraine,39861630463.333336,1.2847027560276483
804,UKR,2020,48581268420,48093980311,0.59,0.301,205.0,1.68,UA,Ukraine,39861630463.333336,1.2187476491882943
804,UKR,2021,65660515536,63167756401,0.537,0.444,206.0,1.68,UA,Ukraine,39861630463.333336,1.647210983915917
804,UKR,2022,46987422516,47385899846,0.509,0.313,199.0,0.667,UA,Ukraine,39861630463.333336,1.1787631857964593
807,MKD,2012,3847586335,5574577473,-0.004,-0.016,180.0,2.28,MK,North Macedonia,5205635683.666667,0.739119402280164
807,MKD,2013,4393894962,5815720695,0.003,-0.067,172.0,2.23,MK,North Macedonia,5205635683.666667,0.8440650151116789
807,MKD,2014,5204212899,6462538244,0.098,-0.239,162.0,1.94,MK,North Macedonia,5205635683.666667,0.9997266837802093
807,MKD,2015,4952538752,5972965384,0.041,-0.259,154.0,2.64,MK,North Macedonia,5205635683.666667,0.9513802065594428
807,MKD,2016,5410243389,6378035442,0.067,-0.249,152.0,3.64,MK,North Macedonia,5205635683.666667,1.0393050374184492
807,MKD,2017,5254124910,7082087025,0.091,-0.293,153.0,2.21,MK,North Macedonia,5205635683.666667,1.0093147560221076
807,MKD,2018,6769225389,8244263956,0.123,-0.333,149.0,2.26,MK,North Macedonia,5205635683.666667,1.3003647969909402
807,MKD,2019,7611530664,8723182254,0.139,-0.234,150.0,2.25,MK,North Macedonia,5205635683.666667,1.4621712172217756
807,MKD,2020,7146141961,7917415933,0.2,-0.229,150.0,2.04,MK,North Macedonia,5205635683.666667,1.3727702811439368
807,MKD,2021,8000682312,10612862254,0.252,-0.134,153.0,2.04,MK,North Macedonia,5205635683.666667,1.5369270533285957
807,MKD,2022,9588513882,12011989285,0.264,-0.101,161.0,1.383,MK,North Macedonia,5205635683.666667,1.8419487003451205
818,EGY,2012,30721426830,68757139273,-0.057,1.354,276.0,5.39,EG,Egypt,24918173274.333332,1.2328924151773293
818,EGY,2013,30227783869,64617582466,-0.018,1.703,297.0,5.85,EG,Egypt,24918173274.333332,1.2130818554077465
818,EGY,2014,28375502480,72327433964,-0.019,1.765,296.0,5.83,EG,Egypt,24918173274.333332,1.138747297709333
818,EGY,2015,23209041110,69224699357,-0.06,1.818,298.0,6.98,EG,Egypt,24918173274.333332,0.9314102143236237
818,EGY,2016,23819971401,64878363509,-0.087,1.499,280.0,6.63,EG,Egypt,24918173274.333332,0.9559276732992092
818,EGY,2017,27725507312,64781192846,0.008,1.537,291.0,6.81,EG,Egypt,24918173274.333332,1.1126621123771672
818,EGY,2018,30421483333,75595463689,-0.056,1.573,286.0,6.3,EG,Egypt,24918173274.333332,1.2208552769129062
818,EGY,2019,31198102867,73239516607,-0.108,1.52,284.0,6.04,EG,Egypt,24918173274.333332,1.2520220693358464
818,EGY,2020,28935394573,68543078070,-0.105,1.325,275.0,5.55,EG,Egypt,24918173274.333332,1.161216524760447
818,EGY,2021,41096326593,87141106715,-0.121,1.023,250.0,5.55,EG,Egypt,24918173274.333332,1.649251176663531
818,EGY,2022,47611468085,89187265359,-0.114,1.227,261.0,4.848,EG,Egypt,24918173274.333332,1.9107126176878153
826,GBR,2012,462128773094,626750647219,1.323,1.12,357.0,3.16,GB,United Kingdom,408632384727.0,1.1309156845283812
826,GBR,2013,518378885095,600227227407,1.322,1.044,366.0,3.21,GB,United Kingdom,408632384727.0,1.2685702466810596
826,GBR,2014,485939386939,627670440437,1.31,1.172,364.0,3.22,GB,United Kingdom,408632384727.0,1.1891847173680261
826,GBR,2015,432449987390,573571144741,1.345,1.092,343.0,3.29,GB,United Kingdom,408632384727.0,1.0582861357865998
826,GBR,2016,381876228058,593967934042,1.318,1.24,346.0,3.69,GB,United Kingdom,408632384727.0,0.934522672042072
826,GBR,2017,411570938733,587504147142,1.279,1.282,346.0,3.01,GB,United Kingdom,408632384727.0,1.0071911921713284
826,GBR,2018,446313842316,615330660793,1.291,1.152,351.0,2.98,GB,United Kingdom,408632384727.0,1.092213586091994
826,GBR,2019,427409365874,644758411982,1.309,1.062,339.0,3.02,GB,United Kingdom,408632384727.0,1.0459507906098646
826,GBR,2020,367135467988,596804121701,1.293,1.301,346.0,2.73,GB,United Kingdom,408632384727.0,0.8984492705669342
826,GBR,2021,418619942943,636782095561,1.378,1.196,352.0,2.73,GB,United Kingdom,408632384727.0,1.0244414260574881
826,GBR,2022,488303462366,701154671112,1.397,1.103,340.0,2.044,GB,United Kingdom,408632384727.0,1.1949700528317813
834,TZA,2012,4739189174,10701729913,-0.69,0.945,208.0,6.74,TZ,Tanzania,4558971676.0,1.0395302956034422
834,TZA,2013,4362246375,13196468495,-0.749,0.376,182.0,6.3,TZ,Tanzania,4558971676.0,0.9568487556008234
834,TZA,2014,5041708537,13922222040,-1.077,0.173,170.0,5.96,TZ,Tanzania,4558971676.0,1.1058872253015506
834,TZA,2015,5135175522,12174713811,-1.126,0.165,167.0,6.66,TZ,Tanzania,4558971676.0,1.1263889944816583
834,TZA,2016,4433196512,9939619187,-1.153,-0.062,162.0,6.15,TZ,Tanzania,4558971676.0,0.9724115057213178
834,TZA,2017,4108542994,9941334975,-1.104,0.339,185.0,5.61,TZ,Tanzania,4558971676.0,0.901199499797024
834,TZA,2018,4720245244,11999008101,-0.025,1.693,261.0,7.19,TZ,Tanzania,4558971676.0,1.035374987927431
834,TZA,2019,4528145535,12080590172,-0.962,0.535,198.0,5.89,TZ,Tanzania,4558971676.0,0.9932383565438059
834,TZA,2020,5708082180,11004830584,-1.2,0.084,170.0,5.87,TZ,Tanzania,4558971676.0,1.252054758323969
834,TZA,2021,6792072262,14471877138,-1.21,0.12,175.0,5.87,TZ,Tanzania,4558971676.0,1.489825501166373
834,TZA,2022,7827208288,19489990935,-1.259,0.397,183.0,4.87,TZ,Tanzania,4558971676.0,1.7168802186697332
840,USA,2012,1506388686745,2071896192463,1.296,0.672,479.0,2.13,US,United States of America,1447412232628.6667,1.0407461349205438
840,USA,2013,1560796402492,2068365115490,1.295,0.704,456.0,2.32,US,United States of America,1447412232628.6667,1.0783357825140214
840,USA,2014,1576739024935,2147828369076,1.305,0.797,456.0,2.58,US,United States of America,1447412232628.6667,1.0893503518838312
840,USA,2015,1464895675495,2037915801583,1.344,0.641,458.0,2.87,US,United States of America,1447412232628.6667,1.0120791039844823
840,USA,2016,1401778435932,2006953852298,1.325,0.873,437.0,3.07,US,United States of America,1447412232628.6667,0.968472149351819
840,USA,2017,1475562586459,2144374939912,1.267,0.978,436.0,2.58,US,United States of America,1447412232628.6667,1.0194487466636986
840,USA,2018,1598967265278,2344428606906,1.28,0.956,424.0,2.51,US,United States of America,1447412232628.6667,1.1047075803512396
840,USA,2019,1565204997869,2303561649304,1.294,0.869,414.0,2.73,US,United States of America,1447412232628.6667,1.081381628940919
840,USA,2020,1371254261176,2244159032312,1.323,0.717,410.0,2.48,US,United States of America,1447412232628.6667,0.9473833578742421
840,USA,2021,1701977703646,2740424648717,1.274,1.061,387.0,2.48,US,United States of America,1447412232628.6667,1.1758762744149351
840,USA,2022,2006642464479,3090539947560,1.304,0.857,383.0,1.821,US,United States of America,1447412232628.6667,1.386365555882243
854,BFA,2012,2081158980,2490048168,-1.124,-0.86,97.0,,BF,Burkina Faso,2109885942.3333333,0.9863845899169488
854,BFA,2013,2090669106,2987079445,-1.214,-0.982,72.0,,BF,Burkina Faso,2109885942.3333333,0.9908920022889572
854,BFA,2014,2258271371,2782253838,-1.203,-1.011,71.0,,BF,Burkina Faso,2109885942.3333333,1.0703286493783482
854,BFA,2015,1814641232,2273963465,-1.329,-1.227,66.0,,BF,Burkina Faso,2109885942.3333333,0.8600660327606048
854,BFA,2016,1990179977,2450726837,-1.538,-1.164,75.0,,BF,Burkina Faso,2109885942.3333333,0.9432642481133602
854,BFA,2017,2524836618,2916607165,-1.464,-1.219,63.0,3.52,BF,Burkina Faso,2109885942.3333333,1.1966697191260351
854,BFA,2018,2798025202,3140404669,-1.127,-1.137,72.0,3.94,BF,Burkina Faso,2109885942.3333333,1.3261499808400308
854,BFA,2019,3024604201,3051604785,-1.01,-1.045,72.0,4.71,BF,Burkina Faso,2109885942.3333333,1.4335391976947698
854,BFA,2020,4229131052,3177009125,-1.054,-1.083,69.0,4.45,BF,Burkina Faso,2109885942.3333333,2.004435864112627
854,BFA,2021,4575483651,3816082033,-1.212,-1.094,70.0,4.45,BF,Burkina Faso,2109885942.3333333,2.168592888931214
854,BFA,2022,4372741213,4468816637,-0.975,-0.907,82.0,3.503,BF,Burkina Faso,2109885942.3333333,2.072501231115917
858,URY,2012,8917097791,13040843783,0.167,-0.108,154.0,2.31,UY,Uruguay,7920417947.0,1.1258367741032542
858,URY,2013,9137251532,13548932419,0.179,-0.229,144.0,2.29,UY,Uruguay,7920417947.0,1.1536324968129867
858,URY,2014,9086419542,13896826539,0.237,-0.278,143.0,2.32,UY,Uruguay,7920417947.0,1.147214654933916
858,URY,2015,7989188189,11620463966,0.291,-0.36,137.0,2.45,UY,Uruguay,7920417947.0,1.0086826531706004
858,URY,2016,7362041468,10333142939,0.217,-0.506,121.0,3.2,UY,Uruguay,7920417947.0,0.9295016395932117
858,URY,2017,8410024184,11008826056,0.186,-0.432,124.0,2.17,UY,Uruguay,7920417947.0,1.0618157072361878
858,URY,2018,8381221352,11677993550,-0.026,-0.389,130.0,2.07,UY,Uruguay,7920417947.0,1.058179177927667
858,URY,2019,8186710024,10852833547,-0.086,-0.443,125.0,2.08,UY,Uruguay,7920417947.0,1.033620962780236
858,URY,2020,7212826924,8915236151,-0.164,-0.465,127.0,1.74,UY,Uruguay,7920417947.0,0.9106624135576061
858,URY,2021,10156618340,12678621511,-0.05,-0.448,117.0,1.74,UY,Uruguay,7920417947.0,1.2823336354171817
858,URY,2022,12262441683,14990859667,-0.049,-0.434,116.0,0.903,UY,Uruguay,7920417947.0,1.5482063907555055
860,UZB,2012,4890159302,10944250656,-0.729,-0.673,120.0,3.82,UZ,Uzbekistan,6744636472.0,0.7250441624691318
860,UZB,2013,6759262609,12821983167,-0.876,-0.637,125.0,3.51,UZ,Uzbekistan,6744636472.0,1.002168558240421
860,UZB,2014,5499591598,13502136884,-0.571,-0.446,140.0,3.59,UZ,Uzbekistan,6744636472.0,0.8154022267665963
860,UZB,2015,5390022457,10651823296,-0.715,-0.643,131.0,3.32,UZ,Uzbekistan,6744636472.0,0.7991568529121461
860,UZB,2016,6330625869,9940841204,-0.64,-0.542,139.0,4.0,UZ,Uzbekistan,6744636472.0,0.9386163205802502
860,UZB,2017,8513261090,12281259073,-0.402,-0.302,157.0,4.48,UZ,Uzbekistan,6744636472.0,1.2622268265076038
860,UZB,2018,8163730098,17610143548,-0.505,-0.489,145.0,4.48,UZ,Uzbekistan,6744636472.0,1.210403278500078
860,UZB,2019,11649980721,20562115925,-0.53,-0.4,146.0,4.7,UZ,Uzbekistan,6744636472.0,1.7272955732105468
860,UZB,2020,11497884092,19899247069,-0.269,-0.08,175.0,4.51,UZ,Uzbekistan,6744636472.0,1.7047448205300397
860,UZB,2021,12506273675,23700768603,-0.173,0.281,199.0,4.51,UZ,Uzbekistan,6744636472.0,1.854254669902393
860,UZB,2022,14261475686,28290751473,0.019,0.411,214.0,5.487,UZ,Uzbekistan,6744636472.0,2.1144913807001693
862,VEN,2012,67132264848,67092058669,-0.727,-1.167,22.0,1.42,VE,Venezuela,27692229187.0,2.424227547543011
862,VEN,2013,60539127165,48780047666,-0.498,-1.136,26.0,1.86,VE,Venezuela,27692229187.0,2.1861413451474623
862,VEN,2014,57646701658,39387801064,-0.708,-1.143,27.0,1.7,VE,Venezuela,27692229187.0,2.081692350179667
862,VEN,2015,30807797849,28633421339,-0.78,-1.208,31.0,,VE,Venezuela,27692229187.0,1.1125069650753356
862,VEN,2016,24956431643,15993927869,-0.728,-1.223,32.0,1.88,VE,Venezuela,27692229187.0,0.9012070308415507
862,VEN,2017,27312458069,10914462797,-0.757,-1.217,35.0,0.8,VE,Venezuela,27692229187.0,0.9862860040831136
862,VEN,2018,30265042780,12121381899,-0.909,-1.249,27.0,0.98,VE,Venezuela,27692229187.0,1.092907420909538
862,VEN,2019,14989986226,6507972401,-1.021,-1.309,35.0,1.07,VE,Venezuela,27692229187.0,0.541306592718689
862,VEN,2020,4440810622,6760537563,-0.928,-1.223,50.0,1.18,VE,Venezuela,27692229187.0,0.16036306040991166
862,VEN,2021,9826206610,7749957740,-1.156,-1.238,48.0,1.18,VE,Venezuela,27692229187.0,0.35483624462464264
862,VEN,2022,15025726498,10027653315,-1.141,-1.116,53.0,1.016,VE,Venezuela,27692229187.0,0.5425972173108319
882,WSM,2012,55513961,378392436,0.683,0.225,104.0,,WS,Samoa,59945552.333333336,0.9260730586200787
882,WSM,2013,58325832,351027774,0.829,0.172,94.0,,WS,Samoa,59945552.333333336,0.972980141640422
882,WSM,2014,37610801,340499298,0.701,0.235,108.0,,WS,Samoa,59945552.333333336,0.6274160389892034
882,WSM,2015,61463526,318803842,0.278,-0.167,85.0,,WS,Samoa,59945552.333333336,1.0253225403316966
882,WSM,2016,68238815,356380220,0.289,-0.137,89.0,,WS,Samoa,59945552.333333336,1.1383465885934478
882,WSM,2017,50134316,379312776,0.382,0.236,120.0,,WS,Samoa,59945552.333333336,0.8363308710748554
882,WSM,2018,50693190,397391731,0.281,0.154,132.0,,WS,Samoa,59945552.333333336,0.8456538980259181
882,WSM,2019,54422745,453396497,0.151,-0.186,105.0,,WS,Samoa,59945552.333333336,0.907869606361733
882,WSM,2020,39485853,365520655,0.849,0.05,72.0,,WS,Samoa,59945552.333333336,0.6586952903600738
882,WSM,2021,44276537,413932979,0.21,0.377,121.0,,WS,Samoa,59945552.333333336,0.7386125454945484
882,WSM,2022,62912471,515680120,0.18,0.353,121.0,,WS,Samoa,59945552.333333336,1.0494935579235105
887,YEM,2012,7165448425,11112822483,-1.229,-1.351,48.0,4.88,YE,Yemen,1525461690.0,4.697232629290087
887,YEM,2013,8360530275,12293028381,-1.621,-1.283,50.0,4.64,YE,Yemen,1525461690.0,5.480655679396315
887,YEM,2014,7649338259,11460276433,-1.247,-1.147,79.0,4.23,YE,Yemen,1525461690.0,5.014441404293804
887,YEM,2015,1713871592,6335287069,-1.49,-1.18,74.0,3.89,YE,Yemen,1525461690.0,1.1235100843469887
887,YEM,2016,846680896,6570707022,-2.003,-1.239,72.0,4.87,YE,Yemen,1525461690.0,0.5550325528004574
887,YEM,2017,2015832582,7363560808,-2.156,-1.328,66.0,3.34,YE,Yemen,1525461690.0,1.3214573628525539
887,YEM,2018,1340079846,8503447854,-2.102,-1.335,66.0,3.21,YE,Yemen,1525461690.0,0.8784749264991375
887,YEM,2019,1308383236,10440689817,-2.143,-1.403,56.0,2.98,YE,Yemen,1525461690.0,0.8576965548049915
887,YEM,2020,1395540005,11304829568,-1.923,-1.252,60.0,2.84,YE,Yemen,1525461690.0,0.9148312370925552
887,YEM,2021,1785403036,12039955436,-1.931,-1.377,59.0,2.84,YE,Yemen,1525461690.0,1.170401752927666
887,YEM,2022,1706020163,12470096113,-1.783,-1.283,58.0,3.515,YE,Yemen,1525461690.0,1.1183631645315197
894,ZMB,2012,7055710696,6895328297,-0.506,-0.78,101.0,5.56,ZM,Zambia,5644143868.333333,1.2500940551119386
894,ZMB,2013,7240185454,7265798600,-0.388,-0.625,111.0,5.76,ZM,Zambia,5644143868.333333,1.2827783314704846
894,ZMB,2014,6556751894,7815181670,-0.458,-0.724,99.0,5.55,ZM,Zambia,5644143868.333333,1.1616911345557448
894,ZMB,2015,5214909058,5310969403,-0.539,-0.779,99.0,4.72,ZM,Zambia,5644143868.333333,0.9239504129684628
894,ZMB,2016,5261275152,5304548157,-0.488,-0.831,96.0,4.01,ZM,Zambia,5644143868.333333,0.9321653158982302
894,ZMB,2017,6456247395,5808582700,-0.756,-0.971,90.0,3.2,ZM,Zambia,5644143868.333333,1.1438842711333073
894,ZMB,2018,7610977829,6932051550,-0.539,-0.726,108.0,4.06,ZM,Zambia,5644143868.333333,1.348473392342399
894,ZMB,2019,6233416545,5766037280,-0.671,-0.51,119.0,4.06,ZM,Zambia,5644143868.333333,1.1044042622607126
894,ZMB,2020,5913210514,4521188617,-0.688,-0.683,114.0,3.7,ZM,Zambia,5644143868.333333,1.0476718262226226
894,ZMB,2021,7678992740,5829027433,-0.617,-0.826,106.0,3.7,ZM,Zambia,5644143868.333333,1.3605239198602392
894,ZMB,2022,10213719072,6419831550,-0.687,-0.733,110.0,3.214,ZM,Zambia,5644143868.333333,1.8096135233732131
999,ANS,2016,0,87529,,,,,,Undeclared,0.0,
999,ANS,2020,0,-325450001,,,,,,Undeclared,0.0,
999,ANS,2021,0,5884410234,,,,,,Undeclared,0.0,
999,ANS,2022,0,10969969535,,,,,,Undeclared,0.0,
