country_iso3_code,eci_pre_raw,coi_pre_raw,baseline_log_gdp_pc,baseline_trade_open,baseline_wgi,baseline_rents,baseline_export_value,nexus_exposure_pre,z_eci_pre_raw,z_coi_pre_raw,z_baseline_log_gdp_pc,z_baseline_trade_open,z_baseline_wgi,z_baseline_rents,z_nexus_exposure_pre,exposed_top_tercile_pre,exposed_top_quartile_pre,exposure_tercile_threshold,exposure_quartile_threshold,us_export_market_dependence_pre,china_export_market_dependence_pre,china_import_dependence_pre,wb_income_id,wb_income_name,wb_region,eci_pre_regime,coi_pre_regime,us_export_value_pre_baci_thousand_usd,china_import_value_pre_baci_thousand_usd,us_export_share_list1_pre,us_export_competition_share_list1_pre,china_import_share_list1_pre,us_export_share_list2_pre,us_export_competition_share_list2_pre,china_import_share_list2_pre,us_export_share_list3_pre,us_export_competition_share_list3_pre,china_import_share_list3_pre,us_export_share_list4a_pre,us_export_competition_share_list4a_pre,china_import_share_list4a_pre,us_tariffed_export_share_pre,us_china_competition_tariffed_share_pre,china_tariffed_import_share_pre,tariff_weighted_us_diversion_2012,tariff_weighted_us_diversion_2013,tariff_weighted_us_diversion_2014,tariff_weighted_us_diversion_2015,tariff_weighted_us_diversion_2016,tariff_weighted_us_diversion_2017,tariff_weighted_us_diversion_2018,tariff_weighted_us_diversion_2019,tariff_weighted_us_diversion_2020,tariff_weighted_us_diversion_2021,tariff_weighted_us_diversion_2022,tariff_weighted_us_covered_basket_2012,tariff_weighted_us_covered_basket_2013,tariff_weighted_us_covered_basket_2014,tariff_weighted_us_covered_basket_2015,tariff_weighted_us_covered_basket_2016,tariff_weighted_us_covered_basket_2017,tariff_weighted_us_covered_basket_2018,tariff_weighted_us_covered_basket_2019,tariff_weighted_us_covered_basket_2020,tariff_weighted_us_covered_basket_2021,tariff_weighted_us_covered_basket_2022,tariff_weighted_china_network_2012,tariff_weighted_china_network_2013,tariff_weighted_china_network_2014,tariff_weighted_china_network_2015,tariff_weighted_china_network_2016,tariff_weighted_china_network_2017,tariff_weighted_china_network_2018,tariff_weighted_china_network_2019,tariff_weighted_china_network_2020,tariff_weighted_china_network_2021,tariff_weighted_china_network_2022
ABW,0.8849999999999999,0.07100000000000001,10.234967730966828,138.6989615165197,1.1789619777777778,0.0028528641389486335,300604043.3333333,0.4475506686847455,0.9002486319663799,0.3022453255286476,1.0420957229105636,0.8852977023291011,1.3252997428131654,-0.6520764069067637,1.32423737721177,1,1,0.26917599908681505,0.317817685580497,0.09199032602445012,0.0005054242967162711,0.01557475757050082,HIC,High income,Latin America & Caribbean,high,middle,59987.76900000005,84942.54900000004,0.0864648591948801,0.0134518466070293,0.1563327231915302,0.0042970259487396,0.0003453829436434,0.0359448596250625,0.3268262068556,0.017670264417845,0.5045106428346048,0.1047247481399082,0.0194698607592242,0.2250536418444425,0.522312840139128,0.0509373547277419,0.92184186749564,0.0,0.0,0.0,0.0,0.0,0.0,0.0021594987528919126,0.007906267561741759,0.00950266097394949,0.009327113049071238,0.009327113049071238,0.0,0.0,0.0,0.0,0.0,0.0,0.01985098492236314,0.09232134022803634,0.11319561864270705,0.11225137911029803,0.11225137911029803,0.0,0.0,0.0,0.0,0.0,0.0,0.036075996930422904,0.15873459259609718,0.1931052517316972,0.19107607955113254,0.19107607955113254
AFG,-1.4253333333333333,-0.976,6.335177243409859,,-1.6036923222222172,0.5967695277875674,900148066.6666666,0.112989740455886,-1.4277008606724713,-0.8899463115449194,-1.7003429335172104,,-1.7449747223188266,-0.5737170864532848,-0.6608772802777427,0,0,0.26917599908681505,0.317817685580497,0.021970128661692664,0.007612739778248709,0.04478966690330599,LIC,Low income,"Middle East, North Africa, Afghanistan & Pakistan",low,low,44876.50699999999,1331468.8420000004,0.0492309483890981,0.0130784962179436,0.1414459332875624,0.0021219343118661,0.0002625858403049,0.0165460807681446,0.4910223739115885,0.0409095208296258,0.3428083606630881,0.4519021500492451,0.0407860507523453,0.3841434541057028,0.994277406661798,0.0950366536402198,0.884943828824498,0.0,0.0,0.0,0.0,0.0,0.0,0.002736620954071937,0.013438775381460795,0.016989347608948407,0.016621604528394472,0.016621604528394472,0.0,0.0,0.0,0.0,0.0,0.0,0.019544382988631454,0.13221991390851337,0.1735610029892428,0.16948647540683157,0.16948647540683157,0.0,0.0,0.0,0.0,0.0,0.0,0.02812436282284856,0.12628634965587304,0.15747444125825166,0.1540108527376265,0.1540108527376265
AGO,-0.6973333333333334,-1.2636666666666667,8.152636118267052,49.21976312416896,-1.093438694444443,20.047041688403834,29834914306.666668,0.4702183907848021,-0.6941499023802695,-1.2175048543002485,-0.42225645918497,-0.7105548417674729,-1.181980359667646,1.9924848782769438,1.4587361294448458,1,1,0.26917599908681505,0.317817685580497,0.07708148122938464,0.48756844988648834,0.177898443551778,LMC,Lower-middle income,Sub-Saharan Africa,low,low,8643274.208999993,6855947.034999969,0.0187482533912051,0.0020517418112223,0.2016133671896149,0.0001636320873086,6.0597463065416005e-05,0.0594771798729337,0.8704841955801486,0.0011900422278316,0.3583171170166438,0.0524797837060037,0.0001655782953284,0.2728299936465323,0.941875864764666,0.0034679597974478,0.8922376577257248,0.0,0.0,0.0,0.0,0.0,0.0,0.000289264194583899,0.000770808432231112,0.0008395066667356987,0.000838013747679459,0.000838013747679459,0.0,0.0,0.0,0.0,0.0,0.0,0.025923662537970564,0.17883261165464912,0.22675818242029294,0.22628500404261587,0.22628500404261587,0.0,0.0,0.0,0.0,0.0,0.0,0.03977374049599622,0.14953507401831723,0.17777410810895347,0.17531416554328802,0.17531416554328802
AIA,0.852,-0.2856666666666667,,,,,30083587.33333333,0.5144204805249987,0.8669970088569807,-0.10388172052952396,,,,,1.7210088840652162,1,1,0.26917599908681505,0.317817685580497,0.24826737140557856,0.0,0.0,,,,high,middle,12049.351999999995,0.0,0.12402559075376,0.012468466079066,,0.0127878246066676,0.0016734815777102,,0.1528902135152164,0.0542732457522651,,0.6997281679545923,0.010013073121721,,0.9894317968302364,0.0784282665307623,0.0,0.0,0.0,0.0,0.0,0.0,0.0,0.00315089181275517,0.014728598168208722,0.01794506064322459,0.0178547788363894,0.0178547788363894,0.0,0.0,0.0,0.0,0.0,0.0,0.020500163166848676,0.09940289308754005,0.13121454428066975,0.1249055198155054,0.1249055198155054,0.0,0.0,0.0,0.0,0.0,0.0,0.0,0.0,0.0,0.0,0.0
ALB,-0.42133333333333334,-0.25333333333333335,8.394492713674516,74.02709330172728,-0.04052983888888883,1.379795096702037,2136102937.3333333,0.10813723774581659,-0.4160454181925666,-0.06706459579340936,-0.25217632829748926,-0.2681185919196594,-0.02024094657433697,-0.4704073879159534,-0.6896695672499888,0,0,0.26917599908681505,0.317817685580497,0.04272962506251631,0.05507784398581162,0.10250623089478368,UMC,Upper-middle income,Europe & Central Asia,low,middle,326493.5439999999,1241570.191000001,0.0052334664234585,0.0007625872586654,0.101868295418829,0.0009393171951969,0.0001872826021327,0.0297097250460646,0.8868271618871587,0.0253421755302629,0.3921254766980799,0.1046671936643255,0.039122952561973,0.3114561261240849,0.9976671391701398,0.0654149979530341,0.8351596232870586,0.0,0.0,0.0,0.0,0.0,0.0,0.0007976625282047269,0.007191035828240645,0.009859980722849047,0.009507232789913224,0.009507232789913224,0.0,0.0,0.0,0.0,0.0,0.0,0.024779586748699556,0.18148369613409912,0.2320437464998907,0.23110002590127793,0.23110002590127793,0.0,0.0,0.0,0.0,0.0,0.0,0.02579079982071837,0.12575332397283354,0.1570932947232997,0.15428508375004973,0.15428508375004973
AND,1.1079999999999999,0.8106666666666666,10.580573821265189,,1.4065832,0.0,89246982.33333333,0.0075082148144855,1.1249489941905022,1.1444844986156406,1.2851353182311949,,1.5764483049292086,-0.6524528039822401,-1.2867510897318546,0,0,0.26917599908681505,0.317817685580497,0.07295407069538265,0.000757609723450744,0.0009184934168692238,HIC,High income,Europe & Central Asia,high,high,24528.438,150783.1270000002,0.1447640897475819,0.0306348573228801,0.04978678416717,0.0480581763910119,0.0026838226740601,0.0039009736149058,0.0475630368309633,0.0145423324464121,0.1523025185702641,0.7329085121523026,0.120214021055705,0.6986868563881152,0.9732938151218598,0.1680750334990575,0.9046771327404552,0.0,0.0,0.0,0.0,0.0,0.0,0.004391162052037897,0.017221479008047193,0.022065201601173944,0.02098130469001595,0.02098130469001595,0.0,0.0,0.0,0.0,0.0,0.0,0.023350609199004016,0.09432065727583584,0.12167265565682453,0.11506446415381197,0.11506446415381197,0.0,0.0,0.0,0.0,0.0,0.0,0.010584960030725033,0.07845350261566827,0.11019871890757826,0.10389908331719361,0.10389908331719361
ANS,,,,,,,0.0,0.0,,,,,,,-1.3313010237564857,0,0,0.26917599908681505,0.317817685580497,,,0.0,,,,,,,,,,,,,,,,,,,,,,,0.0,0.0,0.0,0.0,0.0,0.0,0.0,0.0,0.0,0.0,0.0,0.0,0.0,0.0,0.0,0.0,0.0,0.0,0.0,0.0,0.0,0.0,0.0,0.0,0.0,0.0,0.0,0.0,0.0,0.0,0.0,0.0,0.0
ARE,0.6023333333333333,0.20099999999999998,10.702108371879172,165.052581460766,0.6700927722222222,13.393390324526434,155524867089.33334,0.1716374011784639,0.6154266481606165,0.4502729404470465,1.3706017171977105,1.35531187534135,0.7638328987609855,1.114625017930848,-0.3128918429339606,0,0,0.26917599908681505,0.317817685580497,0.022916014909349053,0.05437733805257692,0.1390187718562734,HIC,High income,"Middle East, North Africa, Afghanistan & Pakistan",high,high,10097275.958999991,101052664.86000016,0.1102294262848126,0.0084645372550672,0.0881816408438651,0.0308915089838637,0.0065705777797173,0.0145151542419204,0.2287129189473711,0.0221892702111635,0.2485363527799594,0.5655022615194035,0.0139808190010471,0.241351503691557,0.9353361157354512,0.0512052042469952,0.5925846515573021,0.0,0.0,0.0,0.0,0.0,0.0,0.0022291732590151163,0.008830717158427133,0.010480714301329071,0.010354657736565532,0.010354657736565532,0.0,0.0,0.0,0.0,0.0,0.0,0.022489648337111985,0.10868612493530899,0.1399699240505191,0.13487113316796712,0.13487113316796712,0.0,0.0,0.0,0.0,0.0,0.0,0.018854820881390285,0.08673309269592466,0.10808576985855474,0.105909649743303,0.105909649743303
ARG,0.24033333333333332,0.15766666666666665,9.509515885305017,24.623238358512335,-0.02950993888888867,1.0223408745494844,55873179628.333336,0.22967574386156,0.2506664188999338,0.4009304021409136,0.5319382692556226,-1.149231398201209,-0.008082009843206341,-0.5175686676972402,0.031478210576295414,0,0,0.26917599908681505,0.317817685580497,0.06756796139832381,0.07583372395081024,0.1571685471155271,UMC,Upper-middle income,Latin America & Caribbean,middle,high,13335009.57700001,35146485.17399998,0.1106876275923952,0.0050708494608745,0.2212986257230002,0.0065007931564982,0.0006798547939372,0.0527742570506632,0.6498355164248405,0.0307863959382374,0.3322692961525215,0.1978327334350136,0.005070679989486,0.2716484653510343,0.9648566706087476,0.0416077801825352,0.8779906442772192,0.0,0.0,0.0,0.0,0.0,0.0,0.001517728979901719,0.007756402945255973,0.009560295293280566,0.009514576047473725,0.009514576047473725,0.0,0.0,0.0,0.0,0.0,0.0,0.03177957239244088,0.1672245371127214,0.2083771770615391,0.20659343930105947,0.20659343930105947,0.0,0.0,0.0,0.0,0.0,0.0,0.04087927794910532,0.14759035578736168,0.17440846907456345,0.1719591796328738,0.1719591796328738
ARM,-0.07866666666666666,-0.5996666666666667,8.193666760945547,78.3208061139831,-0.23577803888888868,0.409221689363609,1592818319.3333333,0.1037333032830861,-0.07076593782425905,-0.461425344255503,-0.3934025961534538,-0.191540653827131,-0.2356703525278486,-0.5984615027509136,-0.7158002780262611,0,0,0.26917599908681505,0.317817685580497,0.031458089933145444,0.13294420841613827,0.048946041069710046,LMC,Lower-middle income,Europe & Central Asia,middle,middle,176323.44499999998,1147672.1910000022,0.0101621483178258,0.0019897952431521,0.1444386404932938,0.0004375084663301,6.349333593312796e-05,0.0264420025491407,0.1289145411150514,0.0128648609919137,0.3787208040836793,0.8538788928494452,0.4279575207578505,0.2896778832902809,0.9933930907486526,0.4428756703288495,0.8392793304163948,0.0,0.0,0.0,0.0,0.0,0.0,0.0005985886786378412,0.024504023885010374,0.03968498483347078,0.03582635144958852,0.03582635144958852,0.0,0.0,0.0,0.0,0.0,0.0,0.00478174930557267,0.0708552271969076,0.1066183744887921,0.09891946643851021,0.09891946643851021,0.0,0.0,0.0,0.0,0.0,0.0,0.030353262208185426,0.13184654727520775,0.1617380527956709,0.15912620302829952,0.15912620302829952
ASM,0.6133333333333333,-0.21733333333333335,9.428336598384506,161.003488493204,0.9773983666666667,0.0,33166329.0,0.0,0.6265105225304163,-0.02607233320062195,0.4748507884634128,1.283096707686029,1.1029021534704142,-0.6524528039822401,-1.3313010237564857,0,0,0.26917599908681505,0.317817685580497,0.0,0.0,0.0,UMC,Upper-middle income,East Asia & Pacific,high,middle,,,,,,,,,,,,,,,,,,0.0,0.0,0.0,0.0,0.0,0.0,0.0,0.0,0.0,0.0,0.0,0.0,0.0,0.0,0.0,0.0,0.0,0.0,0.0,0.0,0.0,0.0,0.0,0.0,0.0,0.0,0.0,0.0,0.0,0.0,0.0,0.0,0.0
ATA,1.1843333333333332,-0.313,,,,,7706049.333333333,0.0,1.2018643648172946,-0.13500547546108477,,,,,-1.3313010237564857,0,0,0.26917599908681505,0.317817685580497,0.0,0.0,0.0,,,,high,middle,,,,,,,,,,,,,,,,,,0.0,0.0,0.0,0.0,0.0,0.0,0.0,0.0,0.0,0.0,0.0,0.0,0.0,0.0,0.0,0.0,0.0,0.0,0.0,0.0,0.0,0.0,0.0,0.0,0.0,0.0,0.0,0.0,0.0,0.0,0.0,0.0,0.0
ATF,0.37399999999999994,-0.7146666666666667,,,,,7622367.0,0.140026886326793,0.385352286242046,-0.5923728497602406,,,,,-0.5004525861894216,0,0,0.26917599908681505,0.317817685580497,0.007778102930535744,0.0,0.0,,,,middle,middle,192.742,0.0,0.0,0.0,,0.532182918097768,0.067059299327456,,0.442939265961752,0.0778928067787451,,0.02487781594048,0.0021462896210764,,1.0,0.1470983957272777,0.0,0.0,0.0,0.0,0.0,0.0,0.0,0.008129673534476056,0.03221624923585707,0.036418350039796446,0.036398998248131004,0.036398998248131004,0.0,0.0,0.0,0.0,0.0,0.0,0.05976462822115958,0.22154599597474542,0.2458706903869285,0.245646382210416,0.245646382210416,0.0,0.0,0.0,0.0,0.0,0.0,0.0,0.0,0.0,0.0,0.0
ATG,0.293,-0.5219999999999999,9.715018405533511,129.92059711298333,0.5091916222222223,0.0,261637801.66666663,0.38489995213551725,0.30373466588261144,-0.37298833329143377,0.6764532264734929,0.728736452138153,0.5863007158177528,-0.6524528039822401,0.9524998393513472,1,1,0.26917599908681505,0.317817685580497,0.044875920728893716,8.085364252574045e-05,0.07301874809803043,HIC,High income,Latin America & Caribbean,middle,middle,8551.472999999996,231249.13600000017,0.0914517300118939,0.0142824217525561,0.3727997712389286,0.0377254304609276,0.0126424459796323,0.073097146620258,0.4230867594389879,0.0662409883186943,0.083753584272851,0.1849351567852697,0.0286080881452154,0.0363432190293675,0.7371990766970791,0.1217739441960983,0.5659937211614052,0.0,0.0,0.0,0.0,0.0,0.0,0.00468209387291758,0.021214107544476037,0.025695012401970328,0.025437070623611828,0.025437070623611828,0.0,0.0,0.0,0.0,0.0,0.0,0.026072689545407153,0.12490867744103734,0.15360356487179672,0.15193611673684757,0.15193611673684757,0.0,0.0,0.0,0.0,0.0,0.0,0.05453666246316912,0.1297946777317978,0.13546605172195214,0.13513836696021195,0.13513836696021195
AUS,0.21566666666666667,-0.015999999999999997,10.96006447760224,41.44785547883217,1.5634773333333332,4.128896793514507,180519922309.0,0.36654466641764766,0.22581167031311014,0.20318069092941135,1.5520034612795268,-0.8491660364488348,1.7495592987390929,-0.10770037192426354,0.8435888947474826,1,1,0.26917599908681505,0.317817685580497,0.04617213501734599,0.3469550827026202,0.21085375010010168,HIC,High income,East Asia & Pacific,middle,middle,28741196.049999926,141175601.7199997,0.1447923649997166,0.0150815488018101,0.1163836626288122,0.0078677854118044,0.0008588564086542,0.0300513034427462,0.3048850530352243,0.0237453123287293,0.3689027022905343,0.3735587193839159,0.0146360444573373,0.2533593687947628,0.8311039228306613,0.054321761996531,0.7686970371568557,0.0,0.0,0.0,0.0,0.0,0.0,0.0025701519132023207,0.00939640971358843,0.011151097054369771,0.011019132719098698,0.011019132719098698,0.0,0.0,0.0,0.0,0.0,0.0,0.026727370769925016,0.11695232493975227,0.14577135720336779,0.14240320481548002,0.14240320481548002,0.0,0.0,0.0,0.0,0.0,0.0,0.026971194090590612,0.12198019561003638,0.15012075750155857,0.1478363697501304,0.1478363697501304
AUT,1.4406666666666668,0.4036666666666666,10.701948555564124,103.41571436628999,1.465374161111111,0.12257017378986967,139275915006.66666,0.08637945461232592,1.4601522251317194,0.6810441965249608,1.3704893300216012,0.25602452218966276,1.6413160057715348,-0.6362813171156562,-0.8187692037240507,0,0,0.26917599908681505,0.317817685580497,0.06602464969972122,0.030224017162826865,0.0459912364782414,HIC,High income,Europe & Central Asia,high,high,32670474.93799984,26145661.579000022,0.3086122491679117,0.0323058459344135,0.1355274118535241,0.1103249213193307,0.0050971270865494,0.0179364775139851,0.2698164190979366,0.0539601014672202,0.2844183118308537,0.1701067203812203,0.0277585639451318,0.3069920285148497,0.8588603099663993,0.1191216384333151,0.7448742297132127,0.0,0.0,0.0,0.0,0.0,0.0,0.005881705540205416,0.021371874805073725,0.025172943051862174,0.024922660917930658,0.024922660917930658,0.0,0.0,0.0,0.0,0.0,0.0,0.0550540325275115,0.1664130693782982,0.1864801505430776,0.18494640142488628,0.18494640142488628,0.0,0.0,0.0,0.0,0.0,0.0,0.025939760564804567,0.1097841387595763,0.13526291335104326,0.13249495243820444,0.13249495243820444
AZE,-0.898,-1.2590000000000001,8.581639956740956,84.36038077473607,-0.6119688777777763,16.301350753940536,13955439648.333334,0.060275544627893606,-0.8963466408838893,-1.212191042482665,-0.1205693008259165,-0.0838254444735369,-0.6507449547366594,1.4982913083404208,-0.9736565499608352,0,0,0.26917599908681505,0.317817685580497,0.01677620374949471,0.02327670149780459,0.0444488939695993,UMC,Upper-middle income,Europe & Central Asia,low,low,433162.6369999997,2123658.517000004,0.0140164212731949,0.0024519016844395,0.2018559596886449,0.0003030570709172,7.64274363147199e-05,0.0250731233735352,0.8926005961128183,0.0046643173284534,0.3805586672859606,0.0076460588173951,0.0010685681644797,0.2693697919984362,0.9145661332743256,0.0082612146136874,0.8768575423465771,0.0,0.0,0.0,0.0,0.0,0.0,0.00043397901498537907,0.0016044636865605495,0.001887938855629093,0.0018783042246378826,0.0018783042246378826,0.0,0.0,0.0,0.0,0.0,0.0,0.025955906500177837,0.17979330996101422,0.22737241290012028,0.22730347302553722,0.22730347302553722,0.0,0.0,0.0,0.0,0.0,0.0,0.037319807651181224,0.14520250465987913,0.1745034160131333,0.1720746719869179,0.1720746719869179
BDI,-1.1833333333333333,-0.8463333333333334,5.553138429146849,,-1.3271933055555527,17.714592702668636,171636341.66666666,0.1005692265587808,-1.1838556245368768,-0.7422982546134907,-2.2502938813706597,,-1.4398962688056587,1.684749586945316,-0.7345743025846316,0,0,0.26917599908681505,0.317817685580497,0.039068396516856015,0.02076761132819428,0.10095337633712514,LIC,Low income,Sub-Saharan Africa,low,low,25702.77999999999,325376.44000000047,0.0066578790309841,0.0003519841828388,0.1464952041395497,0.0,0.0,0.0194993466644357,0.1163491653432041,0.0011800884312978,0.4122433972170813,0.8054230709674208,0.0057183457172059,0.3022792861093439,0.9284301153416092,0.0072504183313426,0.8805172341304107,0.0,0.0,0.0,0.0,0.0,0.0,7.5162103155848e-05,0.0006071579219704666,0.0008634529371518587,0.0008118940823245925,0.0008118940823245925,0.0,0.0,0.0,0.0,0.0,0.0,0.003972046091874682,0.06496514698207528,0.0984205027117115,0.0911584914161036,0.0911584914161036,0.0,0.0,0.0,0.0,0.0,0.0,0.030891708550559515,0.1378603122097885,0.16995590243658448,0.16723043346346744,0.16723043346346744
BEL,1.178,1.118,10.626863013294754,160.34348563188735,1.2533373,0.03426000365218327,286614220148.0,0.0903829733039886,1.1954827401801371,1.4944369626022147,1.3176871360792901,1.2713256227381642,1.4073626324271766,-0.6479326570167948,-0.7950143568014705,0,0,0.26917599908681505,0.317817685580497,0.056995179414993324,0.02157522177401185,0.028934521150025577,HIC,High income,Europe & Central Asia,high,high,49078788.10299995,29115618.567000173,0.1496039392331939,0.0113746362588131,0.128233948985432,0.028336817813865,0.0021493172267093,0.0289197299058707,0.1790662287657997,0.0270452805816782,0.3897128733806295,0.2679386110839232,0.0088413848771552,0.2953423410260719,0.624945596896782,0.0494106189443559,0.8422088932980042,0.0,0.0,0.0,0.0,0.0,0.0,0.002320968190452685,0.009151818555146634,0.010885129787216879,0.01080541238258679,0.01080541238258679,0.0,0.0,0.0,0.0,0.0,0.0,0.025741267750331295,0.09319241784011209,0.11176298222051148,0.1093471422845089,0.1093471422845089,0.0,0.0,0.0,0.0,0.0,0.0,0.028886980323242682,0.1308640921525363,0.16153023639189482,0.15886731364493842,0.15886731364493842
BEN,-1.012,-0.7360000000000001,6.921359276639474,59.0732794938742,-0.23869568888888873,4.284126286231364,981116564.0,0.3868031863114347,-1.011215884352723,-0.6166645609263369,-1.288123796934981,-0.5348183639110105,-0.23888957609190847,-0.08721992692562382,0.9637926644856205,1,1,0.26917599908681505,0.317817685580497,0.009526623549095425,0.06046471734226879,0.3789154490032442,LIC,Low income,Sub-Saharan Africa,low,middle,57507.60500000001,3275260.6510000057,0.0941020931057726,0.0130384976018476,0.052314326784247,0.0002514276155301,2.277761907510866e-06,0.0121819559575565,0.7457506185486248,0.0096441841038129,0.3494807091614273,0.0422533332765292,0.0041670497729288,0.4349422155348315,0.8823574725464569,0.0268520092404969,0.8489192074380624,0.0,0.0,0.0,0.0,0.0,0.0,0.00186034188222712,0.0053688893146613655,0.006021340360109381,0.0059837685998616625,0.0059837685998616625,0.0,0.0,0.0,0.0,0.0,0.0,0.03178694258773512,0.1726094910641794,0.213576007490305,0.21319503481322155,0.21319503481322155,0.0,0.0,0.0,0.0,0.0,0.0,0.016985984114803176,0.10677367488543454,0.1400365242809882,0.13611491414092006,0.13611491414092006
BES,0.5576666666666666,-0.7503333333333334,,,,,25129656.0,0.0024471579998479,0.5704194007196115,-0.6329855543660579,,,,,-1.3167808308564717,0,0,0.26917599908681505,0.317817685580497,0.0,0.0,0.002662659863740032,,,,middle,middle,0.0,2124.121999999999,,,0.0868358785418164,,,0.0101467806463093,,,0.4103662595651287,,,0.4065618641490463,0.0,0.0,0.9139107829023008,0.0,0.0,0.0,0.0,0.0,0.0,0.0,0.0,0.0,0.0,0.0,0.0,0.0,0.0,0.0,0.0,0.0,0.0,0.0,0.0,0.0,0.0,0.0,0.0,0.0,0.0,0.0,0.0,0.02268722904276079,0.12546598308925144,0.1609950912254261,0.15732936949949206,0.15732936949949206
BFA,-1.4436666666666664,-1.2033333333333334,6.4755513955689805,58.75037810387453,-0.43912221666666623,12.186092142642869,2109885942.3333333,0.0511027976891728,-1.4461739846221373,-1.1488048586586326,-1.601628014735609,-0.5405772778706973,-0.4600325511180119,0.9553382511041016,-1.0280829723583744,0,0,0.26917599908681505,0.317817685580497,0.0017672766415561057,0.012687609759921089,0.0612942164289906,LIC,Low income,Sub-Saharan Africa,low,low,10454.361000000004,1359245.7500000005,0.1498832879407932,0.0081407018610035,0.1843976344969259,0.0,0.0,0.04993183020804,0.6329420803433127,0.0228829953227583,0.3006555554799413,0.1422667535586345,0.0290435115463428,0.3691568504076623,0.9250921218427404,0.0600672087301047,0.9041418705925696,0.0,0.0,0.0,0.0,0.0,0.0,0.0016187344163704487,0.007998966218687575,0.010196055388973349,0.00993418766191616,0.00993418766191616,0.0,0.0,0.0,0.0,0.0,0.0,0.035543571865066556,0.16928456764768376,0.20765908161181337,0.20637634858792406,0.20637634858792406,0.0,0.0,0.0,0.0,0.0,0.0,0.035242607074800446,0.1363158039884826,0.16476148223211645,0.16143301882680147,0.16143301882680147
BGD,-0.8476666666666667,-1.0913333333333333,7.168495594732124,34.473292371362234,-0.9259559444444442,0.7754582156102341,32942725019.33333,0.2735443648874374,-0.8456295187675328,-1.0212733750366272,-1.1143308215669385,-0.9735566711325883,-0.9971862906828344,-0.5501415159944772,0.2917723311818881,1,0,0.26917599908681505,0.317817685580497,0.1731501196337419,0.022660303550119776,0.30499031763730594,LMC,Lower-middle income,South Asia,low,low,18608311.04099999,36134877.34400009,0.0010268842754131,0.0002443578512781,0.1602673820328213,4.5464362570894346e-05,1.4123153378549157e-05,0.0285005494884016,0.0588678387622831,0.0252724755795383,0.5720119505935456,0.934542546052876,0.2752853404452622,0.1589711135951536,0.9944827334531432,0.3008162970294572,0.9197509957099222,0.0,0.0,0.0,0.0,0.0,0.0,0.0007166987817952647,0.01884492908490965,0.02951122061788429,0.0270291396794434,0.0270291396794434,0.0,0.0,0.0,0.0,0.0,0.0,0.001726667487522016,0.058719391816415965,0.09350194108811577,0.08507573780403246,0.08507573780403246,0.0,0.0,0.0,0.0,0.0,0.0,0.03772130589750687,0.1678408339117228,0.20355115015451444,0.20211780404832863,0.20211780404832863
BGR,0.6733333333333333,1.6456666666666664,8.933302329877057,126.39219520582235,0.05281813888888897,0.6447707094760257,26183978526.33333,0.0450697029393897,0.6869680190929605,2.095277255976126,0.12672923717932108,0.6658077574101566,0.08275564647813825,-0.5673839757522574,-1.063880292987593,0,0,0.26917599908681505,0.317817685580497,0.019715116302280063,0.02341828800805564,0.036418480152340664,UMC,Upper-middle income,Europe & Central Asia,high,high,1894367.175,3642506.056999996,0.2168464975645493,0.0390569576858698,0.2074133089080546,0.0335620511372089,0.0103453825766389,0.0248105951193481,0.3997011133810427,0.0849615587726621,0.460454893898342,0.2773683670907143,0.077285086237949,0.1647884021624292,0.9274780291735152,0.2116489852731199,0.8574672000881739,0.0,0.0,0.0,0.0,0.0,0.0,0.008021176897745074,0.03296168959688436,0.04008418897140727,0.03938735622663887,0.03938735622663887,0.0,0.0,0.0,0.0,0.0,0.0,0.040438572501998615,0.1552441951750479,0.18583090537873154,0.18333004305250378,0.18333004305250378,0.0,0.0,0.0,0.0,0.0,0.0,0.04014464661202104,0.15702127636538013,0.18701462671229602,0.18552882964361836,0.18552882964361836
BHR,0.6273333333333334,-0.4573333333333333,10.072611596277126,139.0560992953573,-0.19446722777777714,11.147872727930933,9459455285.0,0.1326843463902821,0.6406172717283434,-0.2993540838192046,0.9279224766036418,0.8916672188557461,-0.19008958150345762,0.8183591548809863,-0.5440194896181424,0,0,0.26917599908681505,0.317817685580497,0.0881423917936326,0.010117923293350725,0.07636352612520964,HIC,High income,"Middle East, North Africa, Afghanistan & Pakistan",high,middle,3189291.9949999982,4711717.037000009,0.0116842415364981,0.0006158648062459,0.1056925530734072,0.0492524018641949,0.0039820694911376,0.021726144035419,0.1102440747197877,0.0099441378172267,0.356104459971626,0.7370558671596329,0.1358475015714141,0.2573148819165803,0.9082365852801138,0.1503895736860244,0.7408380389970326,0.0,0.0,0.0,0.0,0.0,0.0,0.0007025196994652186,0.009919326828634856,0.015048935168873815,0.013824080646508606,0.013824080646508606,0.0,0.0,0.0,0.0,0.0,0.0,0.008841924135716633,0.07390449329229384,0.10471995525459751,0.09807436956709265,0.09807436956709265,0.0,0.0,0.0,0.0,0.0,0.0,0.024566320879216553,0.11490336745811977,0.1424994576278585,0.14017940541385657,0.14017940541385657
BHS,0.6003333333333334,-0.3473333333333333,10.329196433137817,68.40839362795583,0.6276875166666667,0.01629636048540613,1621197936.6666667,0.3367431975320754,0.6134113982751985,-0.17409994811902088,1.1083599071541193,-0.3683275380211399,0.7170445595412631,-0.6503027182687724,0.6667621116181667,1,1,0.26917599908681505,0.317817685580497,0.2461114742927438,0.01879185756738686,0.07704450699114937,HIC,High income,Latin America & Caribbean,high,middle,1088708.8860000009,1901523.985,0.0824850877537523,0.0086142569152409,0.7845981001391372,0.2526737730695805,0.0048815527085265,0.0390056021302303,0.4497906523011516,0.0390517685224883,0.0571369553353281,0.0405914827813759,0.0106708475011178,0.0155875220264445,0.8255409959058605,0.0632184256473736,0.8963281796311402,0.0,0.0,0.0,0.0,0.0,0.0,0.0025533461822846775,0.011601619984126411,0.014033420658584067,0.01393720809914776,0.01393720809914776,0.0,0.0,0.0,0.0,0.0,0.0,0.044984112884357746,0.17442744680953728,0.19964772826890062,0.19928173948972427,0.19928173948972427,0.0,0.0,0.0,0.0,0.0,0.0,0.10124343646249637,0.21793763444869538,0.22149477178454322,0.22135422855315726,0.22135422855315726
BIH,0.4083333333333334,0.588,8.492135066677235,91.0606356488493,-0.3392959611111109,1.1157353453347199,5187809012.0,0.0176326778355894,0.4199474092750574,0.8909397633195111,-0.18351157201542206,0.03567293033379865,-0.34988807381734155,-0.5052465226678609,-1.2266776673845339,0,0,0.26917599908681505,0.317817685580497,0.012795743539611736,0.007904153144175986,0.011654237222650033,UMC,Upper-middle income,Europe & Central Asia,middle,high,241907.03999999983,1905861.9759999989,0.0264473741648858,0.0038219462789845,0.0988900809047885,0.0043150914500049,0.0012775877258375,0.0124091163462091,0.296033695422837,0.0915774695041956,0.3723234651489794,0.5726236532843364,0.1445590824877333,0.3154042656654579,0.8994198143220641,0.2412360859967511,0.799026928065435,0.0,0.0,0.0,0.0,0.0,0.0,0.003067096005745948,0.0265621472460745,0.03631458362724838,0.0350111820638344,0.0350111820638344,0.0,0.0,0.0,0.0,0.0,0.0,0.01165910362617092,0.09471482340647702,0.12980881440832084,0.12464581425575716,0.12464581425575716,0.0,0.0,0.0,0.0,0.0,0.0,0.02333625201589734,0.11698084097272063,0.14740479447762492,0.1445609855249036,0.1445609855249036
BLM,0.6896666666666667,-0.38133333333333336,,,,,15291210.666666666,0.0,0.7034258931572086,-0.2128148627899868,,,,,-1.3313010237564857,0,0,0.26917599908681505,0.317817685580497,0.0,0.0,0.0,,,,high,middle,,,,,,,,,,,,,,,,,,0.0,0.0,0.0,0.0,0.0,0.0,0.0,0.0,0.0,0.0,0.0,0.0,0.0,0.0,0.0,0.0,0.0,0.0,0.0,0.0,0.0,0.0,0.0,0.0,0.0,0.0,0.0,0.0,0.0,0.0,0.0,0.0,0.0
BLR,0.8736666666666667,0.5786666666666667,8.685066200593363,124.83063460820667,-0.528180633333332,1.3252052883276166,20995151069.666668,0.0394857241820794,0.8888288826156773,0.8803121396843441,-0.04783715530810577,0.6379574805051393,-0.5582962062895327,-0.4776097793451254,-1.0970127873793591,0,0,0.26917599908681505,0.317817685580497,0.0075069751745996,0.025657299891335538,0.04002232928119175,UMC,Upper-middle income,Europe & Central Asia,high,high,552147.7629999992,7233173.830999968,0.1033120494594851,0.0122022078753813,0.2664811959501223,0.001845400938444,0.0002514815497553,0.0579993687144668,0.6230743707640451,0.040503218564749,0.3591756632289927,0.2533604595985663,0.0283519359698502,0.1590820675522078,0.9815922807605408,0.081308843959736,0.8427382954457897,0.0,0.0,0.0,0.0,0.0,0.0,0.002617169005394012,0.01251348220026692,0.015621254404774389,0.015365622195210165,0.015365622195210165,0.0,0.0,0.0,0.0,0.0,0.0,0.02973174620441109,0.16172920826684833,0.2033443873469305,0.20105998976038603,0.20105998976038603,0.0,0.0,0.0,0.0,0.0,0.0,0.04761740249351723,0.15984872204935272,0.18427955855052766,0.18284521203981105,0.18284521203981105
BLZ,-0.34366666666666673,-0.5933333333333334,8.695507187583866,99.42601727013634,-0.23641810555555534,0.7603744624451303,412323915.6666667,0.3456807806300158,-0.33778654764216226,-0.45421374250306823,-0.04049476949907948,0.184868673953814,-0.23637657763912054,-0.5521316144716683,0.7197931912011218,1,1,0.26917599908681505,0.317817685580497,0.2806745127711985,0.0026470731497207473,0.08612701132268025,UMC,Upper-middle income,Latin America & Caribbean,middle,middle,301620.67700000084,355861.8680000004,0.0316308984347249,0.0021996588559839,0.0834145118352494,0.000405850823019,9.758234866096936e-05,0.0133445935825863,0.5680696486202744,0.0324081794482078,0.4524281960999524,0.3459002414479687,0.0097138524418795,0.4026681723595066,0.946006639325987,0.0444192730947323,0.9518554738772949,0.0,0.0,0.0,0.0,0.0,0.0,0.0011574562527703657,0.007445300991606521,0.009492478011813698,0.00940489409635413,0.00940489409635413,0.0,0.0,0.0,0.0,0.0,0.0,0.01932236668698227,0.13725352198373889,0.1790878902468954,0.17596911757810224,0.17596911757810224,0.0,0.0,0.0,0.0,0.0,0.0,0.023695545166703125,0.13350050198121385,0.17112755297522522,0.16749693830641,0.16749693830641
BMU,0.632,-0.5806666666666667,11.567247740542122,72.81261211691567,1.0263636333333332,0.0,287147218.0,0.2914330399941181,0.6453195214609857,-0.43979053899819853,1.9789912333496686,-0.289778742249132,1.1569285583763507,-0.6524528039822401,0.397914645364637,1,0,0.26917599908681505,0.317817685580497,0.16496979152740782,8.376207074780016e-05,0.0764622482160544,HIC,High income,North America,high,middle,27355.710999999985,720391.2240000003,0.2274720989704857,0.0405701903446858,0.8250599649170626,0.0036016976491673,0.0005755492050598,0.0008619052805118,0.2415829001849014,0.0388164661259397,0.0281125093217404,0.5001424748199751,0.0308263484054687,0.0150344752117635,0.9727991716245296,0.1107885540811542,0.8690688547310784,0.0,0.0,0.0,0.0,0.0,0.0,0.006078488408321099,0.019478287189560076,0.022580470034954555,0.022302527549331475,0.022302527549331475,0.0,0.0,0.0,0.0,0.0,0.0,0.03476439106512325,0.1304326075453241,0.16018434114298075,0.15567485981263673,0.15567485981263673,0.0,0.0,0.0,0.0,0.0,0.0,0.10199445115139874,0.21277203006064951,0.21477173726442356,0.21463618052071093,0.21463618052071093
BOL,-1.3310000000000002,-1.1393333333333333,8.031770903821874,56.63666401941763,-0.6052646611111109,4.035132533116797,7538245979.666667,0.1775280985556328,-1.332648241076916,-1.0759297251603437,-0.5072521627668659,-0.5782751569283808,-0.6433477781486889,-0.12007130572236706,-0.2779394360042015,0,0,0.26917599908681505,0.317817685580497,0.11408650162637463,0.04980118284040716,0.09285044701131646,LMC,Lower-middle income,Latin America & Caribbean,low,low,2830428.376000011,5535854.729999986,0.0388863169735263,0.0017360573103676,0.2396945143464779,0.000405360195555,3.326801850441603e-05,0.0379588147176688,0.63234226634251,0.0145734829505681,0.3609005634076686,0.1194232734755478,0.0148047493658041,0.2467139470981026,0.7910572169871394,0.0311475576452444,0.885267839569918,0.0,0.0,0.0,0.0,0.0,0.0,0.0006111111601523121,0.004055373352875707,0.005329543717396849,0.005196058272295337,0.005196058272295337,0.0,0.0,0.0,0.0,0.0,0.0,0.02195514155550843,0.14037320656522648,0.1779419986084254,0.17686523138856391,0.17686523138856391,0.0,0.0,0.0,0.0,0.0,0.0,0.042581907607519065,0.1528752932000275,0.18036648916513048,0.17814201915031153,0.17814201915031153
BRA,0.6353333333333334,0.5656666666666667,9.072533396782179,25.269014129493637,-0.15123774444444413,2.5074067836196066,188063210620.0,0.3483768623059676,0.648678271270016,0.8655093781925041,0.2246403073443976,-1.1377140519849678,-0.14239182083689492,-0.32163418296924434,0.7357903707912614,1,1,0.26917599908681505,0.317817685580497,0.12270031660505275,0.20992070110552744,0.16329653630409965,UMC,Upper-middle income,Latin America & Caribbean,high,high,78565070.89399973,88448455.95600009,0.2374906186513096,0.0112470820319703,0.2506612428715438,0.0102677837469069,0.0005960044196244,0.0502421102207894,0.4644525957372583,0.0337537342976982,0.3764392592287123,0.2155171800181387,0.0121332424310882,0.2103256772990396,0.9277281781536136,0.0577300631803812,0.8876682896200851,0.0,0.0,0.0,0.0,0.0,0.0,0.002347912425261869,0.010218119099182004,0.012418596457148259,0.01230919836965484,0.01230919836965484,0.0,0.0,0.0,0.0,0.0,0.0,0.042635769315496334,0.16423578149774812,0.1961597257239172,0.1942165380352291,0.1942165380352291,0.0,0.0,0.0,0.0,0.0,0.0,0.045450050396155316,0.1599243112405267,0.18700645793530365,0.18511007887768935,0.18511007887768935
BRB,0.444,0.226,9.934598234830766,,0.93942175,0.11938309134954243,331271698.6666667,0.4117735856399054,0.45588603223168084,0.4787397894698156,0.8308677300110514,,1.0610002052392693,-0.6367018098035008,1.1119543340886093,1,1,0.26917599908681505,0.317817685580497,0.17624860896009006,0.054011245372771695,0.06013211370700916,HIC,High income,Latin America & Caribbean,middle,high,148024.86700000003,244960.2570000001,0.2390665684570417,0.0460108239363344,0.0855593852516247,0.0029325815911727,0.0013015737180815,0.0125939858072568,0.1487973301134598,0.0059408796182748,0.2971398458322156,0.5244607583400158,0.0030609629381529,0.1536910618117127,0.91525723850169,0.0563142402108438,0.5489842787028099,0.0,0.0,0.0,0.0,0.0,0.0,0.005918974297641244,0.013151838773390703,0.013570490384697816,0.013542891538534142,0.013542891538534142,0.0,0.0,0.0,0.0,0.0,0.0,0.03360921795530623,0.11610570508131401,0.14176242145832973,0.13703367691591975,0.13703367691591975,0.0,0.0,0.0,0.0,0.0,0.0,0.01967923287379945,0.09077642864551666,0.11173587294056161,0.11035013385865272,0.11035013385865272
BRN,0.47700000000000004,-0.8443333333333333,10.304815208443477,87.464283337721,0.6408959833333334,17.2408867084829,5159339195.0,0.1550617847976029,0.4891376553410801,-0.7400209066916692,1.0912143673344417,-0.028467653045324684,0.7316182771353653,1.6222504484784843,-0.41124313341119706,0,0,0.26917599908681505,0.317817685580497,0.003517754559721512,0.04062763661910939,0.22603494130443813,HIC,High income,East Asia & Pacific,middle,low,95277.87300000012,1567259.0909999951,0.4271835812287702,0.0189665792233078,0.1691519063582837,0.0016406852407378,0.0001213029425826,0.1020294454938979,0.28505556583951,0.0627451638489778,0.3778183507758023,0.2801071976071502,0.0911959986703533,0.2524267648354008,0.9939870299161684,0.1730290446852216,0.9014264674633846,0.0,0.0,0.0,0.0,0.0,0.0,0.004038093736212286,0.021704200833004023,0.028120220408398372,0.027297961403993546,0.027297961403993546,0.0,0.0,0.0,0.0,0.0,0.0,0.06025273370803501,0.17740183894634032,0.20200355459752736,0.19947799789779075,0.19947799789779075,0.0,0.0,0.0,0.0,0.0,0.0,0.04014085978668163,0.1548762947226838,0.18345791204685546,0.18118193301965102,0.18118193301965102
BTN,-0.2916666666666667,-0.9216666666666667,8.042689193088174,80.93743833146972,0.5360627666666667,3.9429102525494737,230171296.33333334,0.0279954832940448,-0.28539005062129064,-0.8280783596687683,-0.4995741250257361,-0.14487328022225007,0.6159493101963831,-0.132238796008851,-1.165190042044673,0,0,0.26917599908681505,0.317817685580497,0.01286226061915259,0.000962785741607618,0.01252151001837594,LMC,Lower-middle income,South Asia,middle,low,8659.438000000002,57646.42600000002,0.015009403612567,0.0010532073907063,0.2138999389138192,0.0002695325031485,2.0927080357158026e-05,0.0166859607220055,0.1680102103623814,0.0362130352142129,0.3180764233328188,0.0262581705648796,0.0085073548851445,0.2772848051325851,0.2095473170429766,0.045794524570421,0.8259471281012287,0.0,0.0,0.0,0.0,0.0,0.0,0.0011132203869493467,0.007828538621327652,0.01003654969650541,0.009959844037704927,0.009959844037704927,0.0,0.0,0.0,0.0,0.0,0.0,0.006421367352679623,0.03823194949849742,0.048028403408786655,0.047791649411890194,0.047791649411890194,0.0,0.0,0.0,0.0,0.0,0.0,0.0363491618384493,0.1342053975707534,0.16046205002584119,0.15796194112710477,0.15796194112710477
BVT,1.0626666666666666,-0.806,,,,,1204252.3333333333,0.0,1.0792699967876913,-0.69637173819009,,,,,-1.3313010237564857,0,0,0.26917599908681505,0.317817685580497,0.0,0.0,0.0,,,,high,low,,,,,,,,,,,,,,,,,,0.0,0.0,0.0,0.0,0.0,0.0,0.0,0.0,0.0,0.0,0.0,0.0,0.0,0.0,0.0,0.0,0.0,0.0,0.0,0.0,0.0,0.0,0.0,0.0,0.0,0.0,0.0,0.0,0.0,0.0,0.0,0.0,0.0
BWA,-0.021666666666666667,-1.236,8.768394677377772,98.42984405279346,0.5991638777777778,0.815726554046199,5552003376.0,0.0617035200856271,-0.013331316089842145,-1.1860015413817173,0.010761694205465612,0.1671020243657527,0.6855726659132255,-0.5448286500172065,-0.9651836687230627,0,0,0.26917599908681505,0.317817685580497,0.06709360869173489,0.01264446677490449,0.035656174660749856,UMC,Upper-middle income,Sub-Saharan Africa,middle,low,753648.9070000002,354358.8179999992,0.0166681910944508,0.0018754264165949,0.174490355140535,0.0007069525279627,1.372988080649644e-05,0.0397470791879659,0.0412870020920762,0.0016318246405115,0.4704148522134434,0.940841055316491,0.0144817130926283,0.214846605002504,0.9995032010309808,0.0180026940305412,0.8994988915444484,0.0,0.0,0.0,0.0,0.0,0.0,0.00027542479364410516,0.0015198056257143895,0.0020969465393916673,0.0019663737164253466,0.0019663737164253466,0.0,0.0,0.0,0.0,0.0,0.0,0.0032268371711753592,0.059647694844540536,0.09371160869906531,0.08522861557735924,0.08522861557735924,0.0,0.0,0.0,0.0,0.0,0.0,0.03771854047358333,0.15699640172100854,0.18921370853118827,0.18727656701067388,0.18727656701067388
CAF,-0.535,-0.7313333333333333,5.931577798825671,53.60644583686133,-1.4827673611111072,13.056158887533266,109055939.33333331,0.1410194892317575,-0.5305787866804974,-0.6113507491087532,-1.9841650316714738,-0.632318794809401,-1.6115507392187622,1.0701318628205059,-0.4945629845968417,0,0,0.26917599908681505,0.317817685580497,0.01832093725299151,0.21931969988428765,0.04848301967946587,LIC,Low income,Sub-Saharan Africa,low,middle,4424.245000000001,83849.59699999994,0.0581816784558721,0.0080072404207786,0.2206156697449603,0.0220781172832878,0.0023716521117732,0.031757838979238,0.2459972266454501,0.0431653068786513,0.3467991503882844,0.5550580946579585,0.198595818125135,0.2967610565856388,0.8813151170425687,0.2521400175363382,0.8959337156981216,0.0,0.0,0.0,0.0,0.0,0.0,0.0023652935714768837,0.021054693095507813,0.030071354244461706,0.028280736212185898,0.028280736212185898,0.0,0.0,0.0,0.0,0.0,0.0,0.015786468481418927,0.09635197284725164,0.12819823486044818,0.12319361269549939,0.12319361269549939,0.0,0.0,0.0,0.0,0.0,0.0,0.039303923387674064,0.14628676416306285,0.17472595846666816,0.17205024402204355,0.17205024402204355
CAN,0.9446666666666665,1.0959999999999999,10.688001254712212,65.54321581299953,1.6666628166666666,0.7721111591615334,392747217532.0,0.752416525870044,0.960370253548021,1.4693861354621778,1.3606812090132663,-0.41942769747091374,1.8634102196568068,-0.5505831151023863,3.1331565623374527,1,1,0.26917599908681505,0.317817685580497,0.7570971951273414,0.043031418490180516,0.09893582479966152,HIC,High income,North America,high,high,843148140.6209998,134978295.82400015,0.2661549799383034,0.0132100468731702,0.1239670295350163,0.0423904572578142,0.0025859356885067,0.0184447583280075,0.5023885400577592,0.0357035670596499,0.3631317214355034,0.1077045822565837,0.0085051544487111,0.2625235251614383,0.9186385595104608,0.060004704070038,0.7680670344599657,0.0,0.0,0.0,0.0,0.0,0.0,0.002820011795242452,0.0114085320732966,0.013589459807784888,0.013512773988985033,0.013512773988985033,0.0,0.0,0.0,0.0,0.0,0.0,0.05006128595617619,0.18150000282080578,0.2117824448719117,0.21081133798271298,0.21081133798271298,0.0,0.0,0.0,0.0,0.0,0.0,0.026702998490810162,0.12029706006621353,0.14844215710253952,0.1460751417117397,0.1460751417117397
CCK,1.375333333333333,0.17633333333333334,,,,,5045413.0,0.17781661514518957,1.3943207288747266,0.42218564941124775,,,,,-0.27622752507099707,0,0,0.26917599908681505,0.317817685580497,0.3920007830475693,0.0,0.0,,,,high,high,6772.197000000005,0.0,0.1356607021325575,0.035506310233706,,0.1757553715581515,0.0106845911216205,,0.253186964289432,0.1330880926527119,,0.1171739392696342,0.0470356265376872,,0.6817769772497754,0.2263146205457257,0.0,0.0,0.0,0.0,0.0,0.0,0.0,0.008921643450556883,0.040122481030255355,0.0487715122070202,0.04834742049233614,0.04834742049233614,0.0,0.0,0.0,0.0,0.0,0.0,0.03926946790527886,0.13360313026115522,0.15099529127793485,0.14993880494025782,0.14993880494025782,0.0,0.0,0.0,0.0,0.0,0.0,0.0,0.0,0.0,0.0,0.0
CHE,1.8020000000000003,1.261,11.344037039231678,121.44207144491668,1.830885372222222,0.010332462927554234,292829125036.6667,0.1728906745432267,1.8242407044305964,1.6572673390124535,1.8220234019353219,0.5775227957725306,2.044607114621784,-0.651089574385953,-0.30545555520184986,0,0,0.26917599908681505,0.317817685580497,0.11979723660279755,0.10144760327318192,0.028835250969120773,HIC,High income,Europe & Central Asia,high,high,95736179.603,34938117.252999924,0.1538060051180336,0.0192339894185574,0.1059514445839852,0.011455160416341,0.001202294773621,0.0124064380419005,0.1898531439876924,0.0212904337271167,0.2816641610004053,0.1706322829858158,0.0129567664335573,0.3476478693755903,0.5257465925078829,0.0546834843528526,0.7476699130018815,0.0,0.0,0.0,0.0,0.0,0.0,0.0030434834909999634,0.009952608063698819,0.011520260266249697,0.011403436962340573,0.011403436962340573,0.0,0.0,0.0,0.0,0.0,0.0,0.02503430509080911,0.08726874845580054,0.10311448640186603,0.10157599860445293,0.10157599860445293,0.0,0.0,0.0,0.0,0.0,0.0,0.021742775849067374,0.10250346842497128,0.12921363107952194,0.12607910110974202,0.12607910110974202
CHL,-0.09233333333333334,-0.568,9.508276428638743,57.14437684429131,1.014291961111111,4.18431078421109,59685288292.66666,0.4346450317535013,-0.084536812041283,-0.42536733549332884,0.5310666496428756,-0.5692201495322218,1.1436091363499308,-0.10038924071618442,1.2476618811666194,1,1,0.26917599908681505,0.317817685580497,0.13645401950927302,0.267104391850854,0.22735360908828484,HIC,High income,Latin America & Caribbean,middle,middle,28665493.599999946,42659335.98699991,0.0091979924950603,0.0013165842260903,0.128484539906348,0.0030708682441805,0.0001832017897419,0.0173393052631061,0.7904795179595334,0.039502289729328,0.2883520237105568,0.1551454101945067,0.0015385796797796,0.3488380082037592,0.957893788893281,0.0425406554249399,0.7830138770837702,0.0,0.0,0.0,0.0,0.0,0.0,0.0012492867700053022,0.008233496201707775,0.010379784852009237,0.010365912412273519,0.010365912412273519,0.0,0.0,0.0,0.0,0.0,0.0,0.022843639251918468,0.1665593750419333,0.21372185249841236,0.21232300043928157,0.21232300043928157,0.0,0.0,0.0,0.0,0.0,0.0,0.025129398473726874,0.11074704637433017,0.1378520785649907,0.13470681783528468,0.13470681783528468
CHN,1.2913333333333332,0.605,9.068958754035773,37.27506938170017,-0.3495426499999999,1.18049278043707,2206283491609.0,0.1478716119896092,1.309680233687165,0.9102972206549941,0.22212652141616848,-0.9235872586850878,-0.3611938789429397,-0.49670264956324545,-0.45390596767158947,0,0,0.26917599908681505,0.317817685580497,0.18288086623979505,0.0,0.0,UMC,Upper-middle income,East Asia & Pacific,high,high,1447698155.9930005,0.0,0.1435324191854567,0.0474963823395165,,0.0161626263694109,0.0037442894283214,,0.3471438272339905,0.1620665851485068,,0.2283986488331199,0.1205254261035929,,0.7352375216219781,0.3338326830199378,0.0,0.0,0.0,0.0,0.0,0.0,0.0,0.010554925428605772,0.0507778467635304,0.06345292584844542,0.06236622118685564,0.06236622118685564,0.0,0.0,0.0,0.0,0.0,0.0,0.028463357977435343,0.11975755988671694,0.1458989489393414,0.1438396168596985,0.1438396168596985,0.0,0.0,0.0,0.0,0.0,0.0,0.0,0.0,0.0,0.0,0.0
CIV,-1.0103333333333333,-0.8593333333333333,7.544950654698996,49.64709313129214,-0.6139447666666663,3.23063181052158,11047201468.0,0.1465065734782962,-1.0095365094482078,-0.7571010161053305,-0.8495973923852753,-0.702933453877451,-0.6529250750633191,-0.22621436212293733,-0.46200541302879333,0,0,0.26917599908681505,0.317817685580497,0.08515742792734639,0.009622691018729257,0.17756748036244963,LMC,Lower-middle income,Sub-Saharan Africa,low,low,3629811.5719999927,4535584.128000003,0.0057290893996852,0.0009425272598701,0.2236171311956754,0.0003636403636436,7.687881809212581e-05,0.0548088389465322,0.1024760601540119,0.0017578202420047,0.409485512689403,0.8415627123908461,0.001649093983761,0.2124538832939486,0.950131502308187,0.0044263203037279,0.9003653661255593,0.0,0.0,0.0,0.0,0.0,0.0,0.00017013231936315238,0.0006837986299096366,0.0008328575089552581,0.0008179886287738065,0.0008179886287738065,0.0,0.0,0.0,0.0,0.0,0.0,0.003514517720739612,0.06390298069241013,0.09784726143020545,0.09025940090864863,0.09025940090864863,0.0,0.0,0.0,0.0,0.0,0.0,0.04344044567706984,0.16092132658116104,0.18982747975514014,0.1879119119549488,0.1879119119549488
CMR,-0.8916666666666667,-1.087,7.2666786368768115,41.79259998667633,-0.9649252499999988,5.69551065748188,3668924057.6666665,0.2462662069861917,-0.8899650162467319,-1.0163391212060138,-1.0452858379857957,-0.8430175526694645,-1.0401835339160832,0.0989932693003079,0.12991759409186493,0,0,0.26917599908681505,0.317817685580497,0.03153632344025407,0.12005166956960733,0.2733246445567403,LMC,Lower-middle income,Sub-Saharan Africa,low,low,445983.8690000004,3833072.811000002,0.0294496705216035,0.0072088211362517,0.1590711836337201,0.0023562175070506,0.000394496846933,0.0395884765258115,0.4652975755946005,0.0214359230803228,0.4122768366061167,0.2014931979524129,0.0094674465300816,0.2696161453114639,0.6985966615756677,0.0385066875935892,0.8805526420771123,0.0,0.0,0.0,0.0,0.0,0.0,0.001500630564601411,0.006598081936825498,0.008055230978445205,0.007969868755632995,0.007969868755632995,0.0,0.0,0.0,0.0,0.0,0.0,0.016442424322148517,0.10971098216546746,0.1412045977009959,0.1393878557522446,0.1393878557522446,0.0,0.0,0.0,0.0,0.0,0.0,0.03423698289378043,0.1443955452074982,0.17538630033438343,0.17295533508977187,0.17295533508977187
COD,-1.6903333333333332,-1.2093333333333334,6.186896308265755,63.89357014336516,-1.5388765833333293,21.815723757985833,5676795831.0,0.3171640369798641,-1.6947214704903744,-1.1556369024240971,-1.8046181169784632,-0.4488489628157423,-1.6734595118058944,2.225838703069935,0.5505893152330855,1,0,0.26917599908681505,0.317817685580497,0.020934472674163512,0.37378303614360453,0.21227534473325468,LIC,Low income,Sub-Saharan Africa,low,low,418772.42,3451293.358000005,0.0034209392299521,0.0003205838827655,0.2349326498486539,0.00043952512441,7.305209998781561e-06,0.064287642916734,0.7991533563743283,0.0019154652058076,0.3884575986252632,0.1638909482147845,0.0062064468476445,0.2094205111033619,0.966904768943475,0.0084498011462165,0.8970984024940131,0.0,0.0,0.0,0.0,0.0,0.0,9.191364361290811e-05,0.0007704652200663056,0.0010822818548753975,0.0010263220882163078,0.0010263220882163078,0.0,0.0,0.0,0.0,0.0,0.0,0.02213451974375516,0.16660437821364465,0.21452298156907046,0.2130452762982814,0.2130452762982814,0.0,0.0,0.0,0.0,0.0,0.0,0.04510790852778193,0.16182561207997148,0.189514228903478,0.18762601118041491,0.18762601118041491
COG,-1.2123333333333333,-1.1139999999999999,7.695479093972776,111.39921170031472,-1.0341291666666654,20.8973748810375,6725829586.0,0.2804519101736819,-1.2130767478754396,-1.0470833181506043,-0.7437417029390552,0.398409397783058,-1.1165404921730933,2.1046749130277327,0.33275819724696704,1,0,0.26917599908681505,0.317817685580497,0.02403182400491326,0.35218873732341677,0.13046974192718977,LMC,Lower-middle income,Sub-Saharan Africa,low,low,817985.8069999999,2682121.142999999,0.2794072464878354,0.0032047726956149,0.5285511635818017,3.133306199284703e-06,1.068778639784546e-06,0.0397251322066774,0.5656652463164314,0.0054138106350396,0.224774728603674,0.0174899672800801,0.00162298996796,0.1528240400586561,0.8625655933905464,0.0102426420772544,0.9458750644508094,0.0,0.0,0.0,0.0,0.0,0.0,0.0005398501531948268,0.0019492787276678227,0.0022912707910251284,0.002276637274920571,0.002276637274920571,0.0,0.0,0.0,0.0,0.0,0.0,0.049599076259291316,0.1821577938837878,0.21273835049991835,0.21258065407362256,0.21258065407362256,0.0,0.0,0.0,0.0,0.0,0.0,0.07446282866638543,0.1940087531791131,0.21110248077509747,0.20972455910243745,0.20972455910243745
COK,0.18166666666666667,-0.7606666666666667,,,,,29870492.0,0.094521430813586,0.1915524222610018,-0.6447518519621357,,,,,-0.7704588514554322,0,0,0.26917599908681505,0.317817685580497,0.05209712483096584,0.07155347836416333,0.0554861852810564,,,,middle,low,5571.446000000001,24813.48800000003,0.3689381535780835,0.0151136566455234,0.4995611660883784,0.0249728705976868,0.0013397342177583,0.1278270108579655,0.2753832667497808,0.1298253638650568,0.1733618425591757,0.2208040785103185,0.0730020189145493,0.1084243779028566,0.8900983694358697,0.219280773642888,0.9091743974083764,0.0,0.0,0.0,0.0,0.0,0.0,0.005494475432281695,0.03334726718988573,0.042703055025315205,0.04204484010067583,0.04204484010067583,0.0,0.0,0.0,0.0,0.0,0.0,0.05494284445346934,0.16379493827969072,0.18587473506524652,0.18388387861966168,0.18388387861966168,0.0,0.0,0.0,0.0,0.0,0.0,0.0774191206284634,0.19643302395063256,0.2092969300690379,0.20831933321909413,0.20831933321909413
COL,0.25366666666666665,-0.13066666666666668,8.74693050078816,36.615444015035365,-0.2442184611111109,3.5111955006866897,36550946934.333336,0.4401781817948429,0.26410141813605476,0.07261274341164403,-0.004332498109624664,-0.9353516110536341,-0.2449831920077012,-0.1891977544894709,1.2804927837687377,1,1,0.26917599908681505,0.317817685580497,0.31670657563216015,0.0699799551772088,0.16451816475683922,UMC,Upper-middle income,Latin America & Caribbean,middle,middle,34977667.09299998,27506306.84600004,0.0135401998292442,0.001669504638584,0.114793786773275,0.0111627576522431,0.001149926959316,0.0245705636450529,0.6427489240841683,0.0108761501660954,0.3586286217276921,0.2573752147066909,0.0114287526710153,0.2170030725105502,0.9248270962723466,0.0251243344350109,0.7149960446565704,0.0,0.0,0.0,0.0,0.0,0.0,0.0006028611702426779,0.0034203137099457926,0.004384098021965299,0.0042810518913249974,0.0042810518913249974,0.0,0.0,0.0,0.0,0.0,0.0,0.020095119462747685,0.1456924902492325,0.1884867076925908,0.18616611149441573,0.18616611149441573,0.0,0.0,0.0,0.0,0.0,0.0,0.026005839102969015,0.11636589343790837,0.1427300585548094,0.14077347347479627,0.14077347347479627
COM,-0.6406666666666667,-0.9973333333333333,7.206403539503863,38.367396902880664,-0.8540305722222215,2.445457962577833,60357260.66666666,0.1237119020444165,-0.6370511556267556,-0.9142380227110157,-1.087672924569792,-0.9041057067156681,-0.9178265823176937,-0.3298074972014233,-0.5972574181436835,0,0,0.26917599908681505,0.317817685580497,0.03760516819190185,0.0003484965914923939,0.1334571384560539,LIC,Low income,Sub-Saharan Africa,low,low,8932.941,124149.0040000002,0.0074067431991322,0.0007099310047551,0.1493397643367319,0.0022301725713849,0.000684632303294,0.0530096721516992,0.0177858557444854,0.0025127682525033,0.3538485818218885,0.969822704526986,0.0136676412420168,0.3476082498414564,0.9972454760419888,0.0175749728025694,0.903806268151776,0.0,0.0,0.0,0.0,0.0,0.0,0.0002166233591656216,0.001528876092995548,0.0021251388141600032,0.0020019059832893597,0.0020019059832893597,0.0,0.0,0.0,0.0,0.0,0.0,0.001590602415738156,0.05453678653406036,0.08833669879187854,0.07959239571827458,0.07959239571827458,0.0,0.0,0.0,0.0,0.0,0.0,0.03266334843033862,0.1377187125607172,0.1682542960601613,0.16512012331568915,0.16512012331568915
CPV,0.019666666666666673,-0.7246666666666667,8.17830270061973,96.47958692732387,0.5352815055555555,10.670251405562746,79360196.66666667,0.0831373599865718,0.028317181542132697,-0.6037595893693483,-0.40420702092746386,0.1323193838052492,0.6150872965283376,0.7553434414895777,-0.8380061468919925,0,0,0.26917599908681505,0.317817685580497,0.03374732839619471,0.00038547685595926353,0.07678958242095708,LMC,Lower-middle income,Sub-Saharan Africa,middle,middle,9352.694000000003,149094.5179999998,0.1610689925277144,0.0391423337993636,0.084515749935219,0.0058799101093225,0.0013745854455341,0.0215315562440733,0.3508949400033829,0.0819743958842958,0.4164486315989162,0.3497724826664914,0.0426345945324065,0.3228574104917801,0.8676163253069114,0.1651259096616002,0.8453533482699888,0.0,0.0,0.0,0.0,0.0,0.0,0.0071457085756638115,0.0284146329455365,0.03420483365079974,0.03382042337222886,0.03382042337222886,0.0,0.0,0.0,0.0,0.0,0.0,0.029792505144463074,0.12839526023197162,0.1588475831792159,0.1556938968600918,0.1556938968600918,0.0,0.0,0.0,0.0,0.0,0.0,0.02358925953266773,0.12473359976115637,0.15774929967029594,0.1548382902314356,0.1548382902314356
CRI,0.22666666666666666,-0.018666666666666668,9.399746730052465,62.66799795341066,0.6808432055555556,1.1670116237712267,11926742096.0,0.4707582453062759,0.23689554468290988,0.2001442270336493,0.4547456160583466,-0.47070692011143594,0.775694516264977,-0.49848130697415677,1.4619393520362076,1,1,0.26917599908681505,0.317817685580497,0.3415347647895753,0.04759656833093767,0.1046176846928117,UMC,Upper-middle income,Latin America & Caribbean,middle,middle,13355987.850999972,6251613.264999977,0.2147904129596238,0.0218759751687929,0.1097072355450641,0.0403716322607787,0.0049618188079111,0.0424291559244429,0.4021986356926645,0.0282949859041736,0.3652894339746089,0.1359508160876359,0.0109203362759491,0.2947176063041404,0.793311497000703,0.0660531161568268,0.8121434317482564,0.0,0.0,0.0,0.0,0.0,0.0,0.0038947118225038063,0.01283068586502518,0.014700682239305287,0.014602220190915583,0.014602220190915583,0.0,0.0,0.0,0.0,0.0,0.0,0.04086522857490697,0.14983429717004942,0.17576226748153123,0.17453648143483944,0.17453648143483944,0.0,0.0,0.0,0.0,0.0,0.0,0.027165257653467813,0.12476736498556895,0.15411756672674568,0.1514602768338395,0.1514602768338395
CUB,-0.5763333333333333,-1.0493333333333332,8.963069693301259,28.368454033394062,-0.44918227777777603,0.6088596882619637,1878097941.6666667,0.223808466560771,-0.5722272843124722,-0.9734490686783751,0.14766245613427254,-1.0824358516346977,-0.4711324382822593,-0.5721219522923284,-0.0033352335129808383,0,0,0.26917599908681505,0.317817685580497,0.0,0.1442194116406651,0.21245494206989365,UMC,Upper-middle income,Latin America & Caribbean,low,low,7.51,5904941.200000004,0.0,0.0,0.2680911388245494,0.0,0.0,0.0658899438321247,0.0,0.0,0.3716423540339394,1.0,0.4644337959180052,0.1766728159799458,1.0,0.4644337959180052,0.8822962526705594,0.0,0.0,0.0,0.0,0.0,0.0,0.0,0.023285310863834237,0.03902005252589798,0.03483253469385039,0.03483253469385039,0.0,0.0,0.0,0.0,0.0,0.0,0.0,0.05013698630136987,0.08401639344262295,0.075,0.075,0.0,0.0,0.0,0.0,0.0,0.0,0.04886091350092238,0.16556156597231442,0.19124927199064065,0.18965632037114932,0.18965632037114932
CUW,0.44133333333333336,-0.49966666666666665,9.851486371432406,142.39308119729068,,0.0,1264481658.0,0.3107748348799689,0.4531990323844566,-0.3475579481644268,0.772421208917506,0.951181956956706,,-0.6524528039822401,0.5126790344202325,1,0,0.26917599908681505,0.317817685580497,0.157856088945818,9.407743199854475e-05,0.04091264106918304,HIC,High income,Latin America & Caribbean,middle,middle,735198.7249999985,225536.5620000002,0.0181690997899921,0.0019501339501764,0.0871878281092179,0.0004919227791098,9.419507191239457e-05,0.0311849880907557,0.6356043082093227,0.0027448540674408,0.3372918045988478,0.0308493230860813,0.0014081907707242,0.472201252229782,0.685114653864506,0.0061973738602539,0.9278658730286036,0.0,0.0,0.0,0.0,0.0,0.0,0.00032199298121421573,0.0011223833474489013,0.0013156068822178335,0.0013029100801867136,0.0013029100801867136,0.0,0.0,0.0,0.0,0.0,0.0,0.019511398186000787,0.1314172895401538,0.16615818156044493,0.16588003192606224,0.16588003192606224,0.0,0.0,0.0,0.0,0.0,0.0,0.022636034338050254,0.11970981683482125,0.15358880139114195,0.14933124911693899,0.14933124911693899
CXR,0.8303333333333334,-0.5840000000000001,,,,,22147313.666666668,0.0458275197687375,0.8451651350982843,-0.4435861188679011,,,,,-1.0593837927429455,0,0,0.26917599908681505,0.317817685580497,0.06287674389937331,0.0,0.0,,,,high,middle,4829.924999999998,0.0,0.1914555609041549,0.048251669626775,,0.0437650688157683,0.0072156138398129,,0.579618317054613,0.1658326405498184,,0.1071598420265325,0.0513314401378076,,0.9219987888010688,0.2726313641542141,0.0,0.0,0.0,0.0,0.0,0.0,0.0,0.011061141672589741,0.04910718308597252,0.05963766347469607,0.059174839014437146,0.059174839014437146,0.0,0.0,0.0,0.0,0.0,0.0,0.043120996419227425,0.17835469744453483,0.21271292014258453,0.21174672484562398,0.21174672484562398,0.0,0.0,0.0,0.0,0.0,0.0,0.0,0.0,0.0,0.0,0.0
CYM,0.54,-0.9216666666666667,11.25209060686223,117.436583958714,0.8915629166666666,0.0,1389682617.3333333,0.1867541196593594,0.5526180267317514,-0.8280783596687683,1.7573641718420256,0.5060853275111924,1.0081945966107229,-0.6524528039822401,-0.22319691176423148,0,0,0.26917599908681505,0.317817685580497,0.06659607845011303,2.7110064681175992e-06,0.0344647874669004,HIC,High income,Latin America & Caribbean,middle,low,175756.52499999994,486854.3889999996,0.0339930423635765,0.0027248377435607,0.9304743496930872,0.0011885988301145,0.0001444115008574,0.0054644654749122,0.944359095629594,0.0289619158070064,0.0213526061074495,0.0114284917729228,0.0011882897605452,0.0034705448655203,0.9909692285962076,0.0330194548119699,0.9607619661409692,0.0,0.0,0.0,0.0,0.0,0.0,0.0011325724168953,0.006481990253958601,0.00805762708290193,0.008046912994897015,0.008046912994897015,0.0,0.0,0.0,0.0,0.0,0.0,0.029888411792299396,0.1953942058469496,0.24584536486707093,0.24574232108879046,0.24574232108879046,0.0,0.0,0.0,0.0,0.0,0.0,0.1151481621740624,0.23836487735409473,0.23961443798174403,0.23958314618377624,0.23958314618377624
CYP,0.5976666666666667,0.03466666666666667,10.101846488221,141.43729349752536,0.9000485500000001,0.008906899120990767,3376315672.6666665,0.0546055005316293,0.6107243984279743,0.26087350494888994,0.9484812471425162,0.9341355790309837,1.0175573203036397,-0.6512776583680713,-1.0072997123698257,0,0,0.26917599908681505,0.317817685580497,0.014002394387692324,0.014281477454895533,0.05145613568825769,HIC,High income,Europe & Central Asia,high,middle,189847.8500000001,1713125.4380000029,0.3786350806711794,0.0857466272811267,0.5292043944303385,0.003491580231222,0.0007726938403733,0.0074502460338809,0.3803593719918341,0.0939495347070701,0.2556503757899364,0.2018407846072526,0.0364120810271817,0.1101495978136304,0.964326817501488,0.216880936855752,0.9024546140677862,0.0,0.0,0.0,0.0,0.0,0.0,0.013130322432062025,0.04196219364540449,0.048176425682786884,0.04784812003418115,0.04784812003418115,0.0,0.0,0.0,0.0,0.0,0.0,0.057051580535142345,0.1805769397585472,0.20757944299588954,0.20575956706910284,0.20575956706910284,0.0,0.0,0.0,0.0,0.0,0.0,0.0724844682977743,0.1900458509634134,0.2073306260109956,0.20633747389956125,0.20633747389956125
CZE,1.4873333333333332,0.6646666666666666,9.825955384553282,150.10541350561002,0.9580374944444444,0.332210359572778,146170273506.66666,0.0743577773367901,1.5071747224581422,0.9782381003226693,0.7544671250821144,1.0887306314674263,1.0815401065907237,-0.60862211254515,-0.8900997320484761,0,0,0.26917599908681505,0.317817685580497,0.02546076489814256,0.017031985219270605,0.09211938910589096,HIC,High income,Europe & Central Asia,high,high,13343187.771000044,55021806.57799993,0.3532702856992562,0.0558212963667592,0.2312589009043496,0.0190132833588225,0.0035472695867645,0.0253750488548708,0.4020520240043012,0.0855217540821379,0.2450636609665857,0.1587429717959554,0.0348316352480719,0.1711877579418874,0.9330785648583354,0.1797219552837337,0.6728853686676937,0.0,0.0,0.0,0.0,0.0,0.0,0.009481757415868977,0.03343510873097115,0.03914900838016734,0.03883495265252079,0.03883495265252079,0.0,0.0,0.0,0.0,0.0,0.0,0.05592286397996092,0.18022852763376693,0.20692091024025516,0.20548962115029162,0.20548962115029162,0.0,0.0,0.0,0.0,0.0,0.0,0.03727670933982428,0.12101550988866554,0.13980698070525763,0.13826348452709308,0.13826348452709308
DEU,1.572,-1.3666666666666665,10.660974661650265,77.0724704198475,1.565417588888889,0.06949864202918103,1280748605683.6667,0.1545775251876874,1.5924869676075102,-1.3347882722740565,1.3416753742636516,-0.2138045959406664,1.7517001026068437,-0.6432833923540321,-0.41411648402856466,0,0,0.26917599908681505,0.317817685580497,0.09492005126279109,0.06685789545842667,0.08868176868670972,HIC,High income,Europe & Central Asia,high,low,355192528.2369998,311990921.231,0.5024033991248004,0.0369080122651704,0.1879563552831142,0.0520551018704508,0.0034763525823715,0.0216601218533423,0.2232547635464013,0.0406314976614987,0.3066166992730267,0.0663222662197487,0.0109743783487223,0.2446556714657875,0.8440355307614013,0.091990240857763,0.7608888478752709,0.0,0.0,0.0,0.0,0.0,0.0,0.00593900252818597,0.018650161912278286,0.02117599331639461,0.021077044003414324,0.021077044003414324,0.0,0.0,0.0,0.0,0.0,0.0,0.07232213385260672,0.18591795393595706,0.2000004737481379,0.19940248610189426,0.19940248610189426,0.0,0.0,0.0,0.0,0.0,0.0,0.033303893732655576,0.12506970686097585,0.1496133812542095,0.14740746946230487,0.14740746946230487
DJI,-0.46799999999999997,-0.6653333333333333,7.820104510174367,262.46780708867266,-0.8571463333333323,0.5728135971336704,109731880.33333331,0.4962612272095462,-0.46306791551898974,-0.536198267688643,-0.6561017232901096,3.092702670578139,-0.9212643941144717,-0.576877749491998,1.6132610961917,1,1,0.26917599908681505,0.317817685580497,0.24107826136466837,0.0025830456435463824,0.4700269484852224,LMC,Lower-middle income,"Middle East, North Africa, Afghanistan & Pakistan",low,middle,7525.041999999998,6301076.657999999,0.3045007589326412,0.0120829419167574,0.1451006939963497,0.0047452226844713,0.0010608576234503,0.0419202601930954,0.1939110771740544,0.0209004779772187,0.3690029527014209,0.4930030955308954,0.1080801934566684,0.3615624885482866,0.9961601543220624,0.1421244709740949,0.9175863954391528,0.0,0.0,0.0,0.0,0.0,0.0,0.0021434779997735786,0.012821872917432902,0.017591577436166857,0.016617083888606728,0.016617083888606728,0.0,0.0,0.0,0.0,0.0,0.0,0.043017903203219916,0.1402270107386066,0.16720960674034646,0.16276449686260888,0.16276449686260888,0.0,0.0,0.0,0.0,0.0,0.0,0.03155965427234135,0.13757141893000732,0.1693831530146832,0.166123163363838,0.166123163363838
DMA,0.08333333333333333,-0.11366666666666665,9.018358946791308,,0.5080711222222222,0.05454917665495137,63371665.0,0.3900914689428554,0.09246930289461006,0.091970200747127,0.18654336179829217,,0.585064398917669,-0.6452557733622882,0.9833036638248386,1,1,0.26917599908681505,0.317817685580497,0.02638729093319453,0.01059581611256953,0.1413596592826439,UMC,Upper-middle income,Latin America & Caribbean,middle,middle,4315.018999999999,112787.37000000013,0.0825600072676389,0.0113399684496418,0.2336090202298358,0.013682442649731,0.0029684092603386,0.0334038731464347,0.511375268567763,0.0576263576425697,0.3444705289253572,0.3864082637874827,0.0541613404952506,0.2882419281520612,0.9940259822726156,0.1260960758478009,0.899725350453689,0.0,0.0,0.0,0.0,0.0,0.0,0.0032196710467369857,0.017644183867396055,0.022534124330566365,0.02204578437528132,0.02204578437528132,0.0,0.0,0.0,0.0,0.0,0.0,0.025219932824181876,0.14416788107477563,0.1843690583411332,0.18088504940534444,0.18088504940534444,0.0,0.0,0.0,0.0,0.0,0.0,0.04098147599230664,0.1490607803712345,0.17708790281769074,0.17448900018681152,0.17448900018681152
DNK,1.062,1.5776666666666668,10.902686482676591,103.59960772766134,1.7398149666666667,0.44472108501756163,80547625502.33333,0.10899398512479501,1.0785982468258852,2.017847426634195,1.511653695871747,0.25930424187713846,1.9441235077625216,-0.5937778346705066,-0.6845860633609383,0,0,0.26917599908681505,0.317817685580497,0.07786635500612886,0.041390668847684504,0.07367055378842989,HIC,High income,Europe & Central Asia,high,high,23780960.20000004,20204133.833999947,0.1917585561999299,0.0328159161319997,0.1733919866490232,0.0139971958323196,0.0017095275183397,0.02186550666461,0.1779109007970162,0.0347840831360817,0.3317519978372173,0.0736033572353397,0.0089308607636985,0.343350478075239,0.4572700100646056,0.0782403875501198,0.8703599692260896,0.0,0.0,0.0,0.0,0.0,0.0,0.0051201690306296455,0.015931115239872406,0.018077720408309454,0.017997196253882665,0.017997196253882665,0.0,0.0,0.0,0.0,0.0,0.0,0.02959156567491997,0.09017519884289027,0.10210055182749865,0.1014369149999669,0.1014369149999669,0.0,0.0,0.0,0.0,0.0,0.0,0.032218442532597855,0.1313795305702516,0.1605994416423946,0.15750365864335555,0.15750365864335555
DOM,-0.15,0.35966666666666663,8.870002464311414,51.612438847365205,-0.26810516666666645,0.9508801104504107,9611191591.333334,0.5466558043753814,-0.14264318373750595,0.6309425422448873,0.08221505139734332,-0.6678817098143008,-0.27133887051341743,-0.5269969549580985,1.9122769266399384,1,1,0.26917599908681505,0.317817685580497,0.5009222019768274,0.016121271488050145,0.10035839639839779,UMC,Upper-middle income,Latin America & Caribbean,middle,high,14801220.774000011,7470756.488999985,0.2596507310904324,0.0204755426944844,0.1160172222553621,0.0083132644177664,0.001421319052394,0.0341446489891072,0.2661263302631957,0.0222310905678064,0.3959970161463538,0.4141332372237469,0.1183100567291554,0.3148787240574183,0.9482235629951415,0.1624380090438404,0.8610376114482415,0.0,0.0,0.0,0.0,0.0,0.0,0.0032408672086722294,0.015785145436634188,0.02097197235304696,0.019905242333357855,0.019905242333357855,0.0,0.0,0.0,0.0,0.0,0.0,0.03979802820708038,0.14017763281436021,0.16831656243910603,0.16458257423462963,0.16458257423462963,0.0,0.0,0.0,0.0,0.0,0.0,0.028028434000464703,0.1313335256499491,0.16299469661482494,0.16015562615201215,0.16015562615201215
DZA,-1.043,-1.2583333333333333,8.462124529936686,50.928790518064936,-0.7720859722222214,14.3722757075962,30376630525.0,0.165597299089864,-1.0424522575767041,-1.2114319265087243,-0.20461579705521069,-0.6800745093161176,-0.8274120407285873,1.2437757862355596,-0.3487307415533792,0,0,0.26917599908681505,0.317817685580497,0.10471833834526179,0.015183538691146909,0.158678268525101,UMC,Upper-middle income,"Middle East, North Africa, Afghanistan & Pakistan",low,low,10312588.524,25974671.89899996,0.0007306712550843,0.0001212885269255,0.2259396575949029,4.626646344800871e-05,7.198278175449953e-06,0.0509859969800422,0.267774988944182,0.0024125634240211,0.3337536882355684,9.931580200416418e-05,2.0090263188107964e-05,0.2534379535032144,0.2686512424647185,0.0025611404923102,0.864117296313728,0.0,0.0,0.0,0.0,0.0,0.0,8.095283037800273e-05,0.0005083709122436196,0.0006369504687368904,0.0006367693270196206,0.0006367693270196206,0.0,0.0,0.0,0.0,0.0,0.0,0.007356671659973552,0.052947218496108055,0.06714632582117483,0.0671454303508289,0.0671454303508289,0.0,0.0,0.0,0.0,0.0,0.0,0.041328089293151814,0.14768293346084913,0.17396277851744762,0.17167768221536944,0.17167768221536944
ECU,-0.9129999999999999,-1.0903333333333334,8.695442294580033,43.993418274909665,-0.5566485777777775,4.4579373405542935,17740451200.666668,0.4016817066314163,-0.9114610150245253,-1.0201347010757165,-0.04054040402298798,-0.8037661788588596,-0.5897066487949411,-0.06428789464288362,1.0520742487259265,1,1,0.26917599908681505,0.317817685580497,0.3186741641177408,0.04904525926428654,0.1559916090353168,UMC,Upper-middle income,Latin America & Caribbean,low,low,19343658.479999885,10919015.620000012,0.0114036548581579,0.0011997920753814,0.2190729579705466,0.0003241436466882,6.029974036189876e-05,0.0427694394121582,0.8759438985401314,0.0127346081166433,0.3683694834754705,0.0975025940904646,0.0010186747214263,0.23360022311242,0.9851742911354424,0.015013374653813,0.8638121039705955,0.0,0.0,0.0,0.0,0.0,0.0,0.0004979126910272288,0.0028746395867817283,0.003584260359282056,0.0035750755872036226,0.0035750755872036226,0.0,0.0,0.0,0.0,0.0,0.0,0.025185681794188786,0.18036938463139224,0.23010974056802522,0.22923061881802922,0.22923061881802922,0.0,0.0,0.0,0.0,0.0,0.0,0.04068786820914329,0.14973635261922036,0.17717921846784143,0.17507298694797535,0.17507298694797535
EGY,-0.04633333333333333,1.618,8.125585422103727,35.97487545654474,-0.8852762611111098,4.345671280615637,24918173274.33333,0.1775568380704391,-0.03818606467666583,2.0637739430575954,-0.44127924389052964,-0.9467760871564835,-0.9523018819411548,-0.07909989219274075,-0.27776891031731654,0,0,0.26917599908681505,0.317817685580497,0.05100662138712706,0.028680225797573993,0.1529267212454703,LMC,Lower-middle income,"Middle East, North Africa, Afghanistan & Pakistan",middle,high,5133263.329000005,32536273.41299999,0.0069290554020592,0.0010638213962781,0.1548397965879857,0.0043807787675643,0.0003078031207859,0.0377267043591277,0.3502103936191808,0.0488481057851716,0.4497830924654319,0.6101083251090695,0.1532130363874724,0.2428736156317961,0.971628552897874,0.2034327666897081,0.8852232090443415,0.0,0.0,0.0,0.0,0.0,0.0,0.001482966594417485,0.01764695372336075,0.025427339321227687,0.02404591030461933,0.02404591030461933,0.0,0.0,0.0,0.0,0.0,0.0,0.01074144830331444,0.10240310142107732,0.14163915803218438,0.1361381813303813,0.1361381813303813,0.0,0.0,0.0,0.0,0.0,0.0,0.03456844679583991,0.14891968418013843,0.18099276360088967,0.17880291952552102,0.17880291952552102
ERI,-1.467666666666667,-1.0736666666666668,,,-1.5384617888888874,,340163134.0,0.3098137118684742,-1.4703569832471555,-1.001156801727204,,,-1.6730018434598664,,0.5069762185299579,1,0,0.26917599908681505,0.317817685580497,0.0007236788223249661,0.4137779209276047,0.20991844706215704,LIC,Low income,Sub-Saharan Africa,low,low,807.107,246527.0740000003,0.4617318397684569,0.0482037063634416,0.4157347521189491,0.0189565943548996,0.0058194137181708,0.1283194842932341,0.3554237542234177,0.0757958384425142,0.3390187602680908,0.1638878116532256,0.0109481147544564,0.0758066677901671,1.0,0.1407670732785831,0.9588796644704414,0.0,0.0,0.0,0.0,0.0,0.0,0.00848789167017807,0.02898542737389166,0.03337456074769705,0.03327584823761588,0.03327584823761588,0.0,0.0,0.0,0.0,0.0,0.0,0.0679507492097897,0.19840256026212064,0.22279730995100142,0.22131963296068546,0.22131963296068546,0.0,0.0,0.0,0.0,0.0,0.0,0.07167912053309723,0.2065963286478014,0.22713725199670137,0.226453749254331,0.226453749254331
ESP,0.86,2.594666666666667,10.19252420089736,64.3127217378032,0.8332040055555555,0.0476298643398022,269961577660.0,0.0918984819884136,0.8750580083986533,3.175878844880439,1.0122482790673224,-0.44137343609708474,0.9438036032353143,-0.6461686836141907,-0.7860220978460353,0,0,0.26917599908681505,0.317817685580497,0.04529218501462199,0.020304439439489872,0.07593423980430399,HIC,High income,Europe & Central Asia,high,high,43733348.0930002,82989693.57499981,0.2477957354866802,0.0259821376306389,0.0995207192991497,0.0401255948268198,0.0028526197714271,0.0145295423932405,0.3154710386147689,0.0538609522688282,0.3584674747848659,0.1680479969741053,0.0216055297194882,0.3230253087845557,0.7714403659023743,0.1043012393903826,0.795543045261812,0.0,0.0,0.0,0.0,0.0,0.0,0.004902321599854048,0.018901795273791516,0.022489146103172354,0.022294342146685166,0.022294342146685166,0.0,0.0,0.0,0.0,0.0,0.0,0.042537358016146574,0.14254922578667092,0.1649668788630884,0.16345169200512513,0.16345169200512513,0.0,0.0,0.0,0.0,0.0,0.0,0.023228007403796568,0.11532126292388997,0.14526885555408203,0.1423563322781557,0.1423563322781557
EST,0.9773333333333332,1.186,9.820553042745761,146.96301359246365,1.23839875,1.4754097332751968,12837148336.666666,0.069357119846344,0.9932860016765171,1.5718667919441465,0.7506680515022763,1.0326862436536863,1.390880006967342,-0.4577923218539042,-0.9197710942542227,0,0,0.26917599908681505,0.317817685580497,0.04756099135698442,0.015957349419366388,0.058912583002974105,HIC,High income,Europe & Central Asia,high,high,2869929.362999996,4075999.0960000097,0.1344812332233002,0.0278810594061467,0.1401666515482465,0.0070944627636119,0.0020819076050925,0.0246302019788278,0.4395095800133113,0.1686930415307063,0.3142677181300329,0.0985764551028081,0.0426016627224246,0.3373988218862931,0.6796617311030316,0.2412576712643702,0.8164633935434004,0.0,0.0,0.0,0.0,0.0,0.0,0.008180605462043388,0.04285687905110612,0.05324324019208353,0.05285912683966822,0.05285912683966822,0.0,0.0,0.0,0.0,0.0,0.0,0.029045270368171932,0.12691361695929917,0.15355335723615243,0.15266455313276647,0.15266455313276647,0.0,0.0,0.0,0.0,0.0,0.0,0.027918759400213607,0.12002180892716181,0.14811317508095306,0.14507105455574879,0.14507105455574879
ETH,-1.094,-0.631,6.456851697742235,35.2195982398214,-0.913895733333332,11.101690862105883,2482389286.0,0.36707126196302814,-1.0938411296548667,-0.49710379503070684,-1.6147781504537233,-0.9602463806935472,-0.9838795144086313,0.8122660784532375,0.8467134453076377,1,1,0.26917599908681505,0.317817685580497,0.09307519942739877,0.12493135562061548,0.30009390602210567,LIC,Low income,Sub-Saharan Africa,low,middle,783649.5790000007,16133602.982000023,0.0374615807711675,0.0013081751162904,0.3014733999855158,0.003382921488177,0.0002846430231426,0.0819454803415589,0.1361326680429442,0.0245317331845776,0.2948334819139282,0.8221130378480043,0.1272391486978729,0.2620946702802653,0.9990902081502931,0.1533637000218836,0.9403470325212684,0.0,0.0,0.0,0.0,0.0,0.0,0.0008513069972307776,0.01161000737634374,0.017221312209307546,0.016074073983343116,0.016074073983343116,0.0,0.0,0.0,0.0,0.0,0.0,0.008588794059925176,0.07824566645499001,0.11331526501772007,0.10590277041417248,0.10590277041417248,0.0,0.0,0.0,0.0,0.0,0.0,0.052310960552015826,0.1670735140974955,0.19158333949773204,0.18922019083127062,0.18922019083127062
FIN,1.418,1.1413333333333335,10.68374258144326,73.20760590919713,1.8345914444444442,0.436586236620882,58247957796.333336,0.1044805973874509,1.4373127264303136,1.5210060216901327,1.357686394231515,-0.2827340675131031,2.0486962531503554,-0.5948511185693618,-0.7113662142882047,0,0,0.26917599908681505,0.317817685580497,0.07067675187310248,0.05136947076108073,0.059717110356744325,HIC,High income,Europe & Central Asia,high,high,15443828.462,13938441.500999996,0.3376688248533332,0.0364736045139565,0.1631894029068323,0.0211373920529628,0.0039411762135522,0.0182456151917525,0.3559806111889456,0.0422232765168239,0.3341068825137939,0.0402920923740572,0.0045112328458579,0.2668964606791306,0.755078920469299,0.0871492900901906,0.7824383612915095,0.0,0.0,0.0,0.0,0.0,0.0,0.005970624001397109,0.018647281874038375,0.02103853182477203,0.02099785677452249,0.02099785677452249,0.0,0.0,0.0,0.0,0.0,0.0,0.052951061788196585,0.1618449822674793,0.1820819033093357,0.1817186139518647,0.1817186139518647,0.0,0.0,0.0,0.0,0.0,0.0,0.030706651546567668,0.12455461776620749,0.15130915320195606,0.14890270970402947,0.14890270970402947
FJI,0.008,0.09933333333333333,8.569724078170855,,-0.010316577777777567,1.1088974045444766,819900164.6666666,0.2222862461474723,0.016561557210526892,0.33450775442111913,-0.12894887047721182,,0.013095211674932624,-0.5061486970408325,-0.012367316459325064,0,0,0.26917599908681505,0.317817685580497,0.24901081502762404,0.023385925455056272,0.1736290622249185,UMC,Upper-middle income,East Asia & Pacific,middle,middle,842690.7139999989,1166586.6470000052,0.0474629924544297,0.0152414930350016,0.1452687868799164,0.0002649833400205,8.160437720507225e-06,0.0433975154183294,0.891751408334613,0.0389642211747542,0.5768124157176279,0.0597639183193847,0.0035936092461394,0.171781017308352,0.999243302448448,0.0578074838936158,0.9372597353242258,0.0,0.0,0.0,0.0,0.0,0.0,0.002926218787073246,0.011668003920698824,0.01385539075017177,0.01382298935532953,0.01382298935532953,0.0,0.0,0.0,0.0,0.0,0.0,0.030030098792422105,0.19059118837190958,0.23989099490746,0.23935213990621965,0.23935213990621965,0.0,0.0,0.0,0.0,0.0,0.0,0.03734928700940017,0.16940330244261703,0.20580210104012092,0.2042532558020948,0.2042532558020948
FLK,-0.8220000000000001,-1.0193333333333332,,,,,180530578.0,0.0427365760607574,-0.8197671452380001,-0.9392888498510522,,,,,-1.077723883119515,0,0,0.26917599908681505,0.317817685580497,0.06752699562951238,0.0,0.0,,,,low,low,44500.26800000001,0.0,0.0014169352867717,0.000286714904426,,0.0,0.0,,0.99733183629366,0.0030103507363997,,0.0012512284195681,0.0001654632019385,,1.0,0.0034625288427643,0.0,0.0,0.0,0.0,0.0,0.0,0.0,0.0001168026418175905,0.0006729724097848919,0.0008381680316807661,0.0008366761503518124,0.0008366761503518124,0.0,0.0,0.0,0.0,0.0,0.0,0.02722463844764457,0.1968776763137265,0.24979231659429293,0.2497810350265755,0.2497810350265755,0.0,0.0,0.0,0.0,0.0,0.0,0.0,0.0,0.0,0.0,0.0
FRA,1.2646666666666666,1.0506666666666666,10.520454884251116,64.0810972633182,1.0781893833333334,0.03913551481065753,489967660781.3333,0.1297297544106122,1.282810235214923,1.4177662492342233,1.242858047855569,-0.4455044354077974,1.2141111113299514,-0.6472893988551288,-0.5615505380785636,0,0,0.26917599908681505,0.317817685580497,0.07948894247865586,0.04018219996385483,0.07905767597091078,HIC,High income,Europe & Central Asia,high,high,124617940.99200006,155978541.56500033,0.4244088043742852,0.0252947149552853,0.1210263104052248,0.0278476894608841,0.002803242112534,0.0177322747234907,0.242795673786188,0.0378708430304644,0.296392662094063,0.1782412062756347,0.0192327922549458,0.3076664515932892,0.8732933738969921,0.0852015923532296,0.7428176988160679,0.0,0.0,0.0,0.0,0.0,0.0,0.0043799069025646665,0.015448800807107975,0.018108069865662685,0.017934659443691863,0.017934659443691863,0.0,0.0,0.0,0.0,0.0,0.0,0.061117761633086236,0.16982802214391846,0.18873822521948075,0.18713113237601192,0.18713113237601192,0.0,0.0,0.0,0.0,0.0,0.0,0.024468347239888638,0.10850040921017977,0.13463683745185212,0.13186279567519132,0.13186279567519132
FRO,-0.5630000000000001,-1.0519999999999998,10.879414258992128,105.80076098898734,,0.0,1156122067.3333333,0.1118392421652885,-0.5587922850763514,-0.9764855325741371,1.495288035701811,0.29856158989931136,,-0.6524528039822401,-0.6677037529091178,0,0,0.26917599908681505,0.317817685580497,0.1071018690794559,0.07698004509255285,0.02179640454326599,HIC,High income,Europe & Central Asia,low,low,,,,,,,,,,,,,,,,,,0.0,0.0,0.0,0.0,0.0,0.0,0.0,0.0,0.0,0.0,0.0,0.0,0.0,0.0,0.0,0.0,0.0,0.0,0.0,0.0,0.0,0.0,0.0,0.0,0.0,0.0,0.0,0.0,0.0,0.0,0.0,0.0,0.0
FSM,-0.8026666666666666,-1.0190000000000001,7.96614701301587,104.597658942033,0.33861920555555564,0.03559125493572283,48842537.333333336,0.2819039231078924,-0.8002863963456247,-0.9389092918640822,-0.553400666258479,0.27710438535417076,0.39809762664942805,-0.6477570163043586,0.34137370466388206,1,0,0.26917599908681505,0.317817685580497,0.017075545734641873,0.09567541994749855,0.09220458111893563,LMC,Lower-middle income,East Asia & Pacific,low,low,1871.278,52555.69100000003,0.2783605642774617,0.033685241118258,0.3182862727463709,0.0,0.0,0.0300498570173875,0.6867771651245834,0.2133248406271143,0.3589032441795887,0.0348622705979549,0.0090632581115876,0.1546687113294733,1.0000000000000002,0.2560733398569599,0.8619080852728205,0.0,0.0,0.0,0.0,0.0,0.0,0.00991597386917939,0.05089778607280168,0.06251398269571826,0.06243226479471214,0.06243226479471214,0.0,0.0,0.0,0.0,0.0,0.0,0.05275542242780763,0.20662372387594113,0.24421343459337225,0.24389910264535788,0.24389910264535788,0.0,0.0,0.0,0.0,0.0,0.0,0.05145365928793827,0.16553767812269793,0.1898045507901573,0.18840999683554727,0.18840999683554727
GAB,-0.58,-1.1286666666666667,8.84778411606185,73.05063432300757,-0.672493655555555,13.9718044291342,6576087788.333333,0.228119155513842,-0.5759219091024054,-1.0637838695772956,0.0665905050746645,-0.2855336400357923,-0.7175256826621161,1.1909389841013396,0.0222422057592037,0,0,0.26917599908681505,0.317817685580497,0.032466689358312574,0.21017555218775277,0.154202524862061,UMC,Upper-middle income,Sub-Saharan Africa,low,low,659570.3669999999,1488693.8569999991,0.002382253780058,0.00046903683442,0.3542586110100407,0.0006640777419886,2.869248117568968e-05,0.0386222558316098,0.5378095223007497,0.0064560699154665,0.3153548869651849,0.014860465979667,0.0011133392780578,0.2078708295496109,0.5557163198024635,0.00806713850912,0.9161065833564463,0.0,0.0,0.0,0.0,0.0,0.0,0.0002351895048271704,0.0014520091390646736,0.0018319885585859775,0.0018219502536198826,0.0018219502536198826,0.0,0.0,0.0,0.0,0.0,0.0,0.014938818283520946,0.10744775049928373,0.1364624862121875,0.1363284984041741,0.1363284984041741,0.0,0.0,0.0,0.0,0.0,0.0,0.05545195918394485,0.17076282644617885,0.19452349585239337,0.19264925066792965,0.19264925066792965
GBR,1.314,1.2046666666666666,10.737440514319138,60.05150023189356,1.4396987222222222,0.3362067991269753,408632384727.0,0.187018653626306,1.3325197323885707,1.5931220392144805,1.3954482399919326,-0.5173718949941669,1.6129867072303496,-0.6080948360653549,-0.22162730153517837,0,0,0.26917599908681505,0.317817685580497,0.14077156909445654,0.052942414725508126,0.08368630099638029,HIC,High income,Europe & Central Asia,high,high,158292746.37299928,186307267.41700053,0.4090567220839177,0.0259029634710004,0.1090757407627871,0.0268837010634233,0.0024025021251446,0.0112192738478717,0.1598557402079176,0.0284579923321336,0.3455773058433313,0.1540051149694262,0.0138694041787558,0.2847887142064237,0.7498012783246848,0.0706328621070346,0.750661034660414,0.0,0.0,0.0,0.0,0.0,0.0,0.0041632155726407565,0.013377571180273612,0.015356121800366756,0.015231069795476334,0.015231069795476334,0.0,0.0,0.0,0.0,0.0,0.0,0.05689945575655018,0.14819584914269762,0.16188799517026237,0.16049942446152163,0.16049942446152163,0.0,0.0,0.0,0.0,0.0,0.0,0.02375283820685343,0.1124261968310567,0.14039500077428313,0.1378272336789793,0.1378272336789793
GEO,0.011999999999999997,-0.5723333333333334,8.354414839579574,98.17561401470533,0.4569996333333333,0.5262813242333247,2344519538.6666665,0.1310639290125005,0.020592056981363162,-0.4303015893239422,-0.2803601785674224,0.1625678570915923,0.528714068863437,-0.5830170574232268,-0.5536342234871391,0,0,0.26917599908681505,0.317817685580497,0.047726048764121266,0.027578271444732284,0.10300580948528433,LMC,Lower-middle income,Europe & Central Asia,middle,middle,406047.521,2107861.3779999963,0.1421332332182863,0.0090419497059396,0.1563073575135265,0.0051105865512721,0.0002149994076337,0.0292338014459317,0.7506621620280741,0.0123876109561974,0.408619361780441,0.047026865114145,0.0158431731525376,0.2682189691887802,0.9449328469117776,0.0374877332223084,0.8623794899286796,0.0,0.0,0.0,0.0,0.0,0.0,0.0014638515846771372,0.005548755898782452,0.006742226286405875,0.006599378003882995,0.006599378003882995,0.0,0.0,0.0,0.0,0.0,0.0,0.0382449021921929,0.187038903110629,0.22842752305121128,0.228003510332969,0.228003510332969,0.0,0.0,0.0,0.0,0.0,0.0,0.03286984363756422,0.14032539726909302,0.1710749206291141,0.1686565528741333,0.1686565528741333
GHA,-0.9856666666666666,-0.8513333333333333,7.4773677918745065,71.64887855310742,0.024990572222222267,9.86112005312606,11481729165.666666,0.2848096277710747,-0.9846817608613841,-0.7479916244180445,-0.8971234982397579,-0.310533813839187,0.05205177235211939,0.648589435725472,0.3586146806133302,1,0,0.26917599908681505,0.317817685580497,0.03471334039012897,0.11329831564893174,0.33124414507810296,LMC,Lower-middle income,Sub-Saharan Africa,low,low,1440833.078,9253305.602999965,0.0033468561165278,0.0004602079752749,0.169515582138718,0.0001365154666444,1.4942624553985523e-05,0.0318923943141274,0.4464752224407223,0.0092489146704839,0.397167996786847,0.5220005130948276,0.0069642317621562,0.3234550140686641,0.9719591071187224,0.0166882970324691,0.9220309873083568,0.0,0.0,0.0,0.0,0.0,0.0,0.00030862447420680936,0.0022898627350401005,0.0030161259533331227,0.0029533336997399112,0.0029533336997399112,0.0,0.0,0.0,0.0,0.0,0.0,0.012532458616192805,0.11499187819202122,0.1563462489913997,0.1516396869880857,0.1516396869880857,0.0,0.0,0.0,0.0,0.0,0.0,0.034417154473109834,0.1448057084322,0.17681951703290513,0.1739031193650729,0.1739031193650729
GIB,0.7043333333333334,-0.726,,,,,301343402.3333333,0.17884885187247943,0.7182043923169417,-0.6052778213172291,,,,,-0.27010275650286236,0,0,0.26917599908681505,0.317817685580497,0.0022954231073776237,0.00020377796535976027,0.00757220695646338,HIC,High income,Europe & Central Asia,high,middle,934.209,207893.75099999973,0.1137133125456937,0.02482805383455,0.0312589241799769,0.0036105411101798,0.0013759993972448,0.0033981204177705,0.1427539233726072,0.02994440380194,0.0078017400340234,0.6623153919519079,0.0705874903546477,0.0029224976560262,0.9223931689803888,0.1267359473883827,0.0453812822877971,0.0,0.0,0.0,0.0,0.0,0.0,0.003979641060260508,0.015988694696577575,0.019967620620197135,0.019331176035032278,0.019331176035032278,0.0,0.0,0.0,0.0,0.0,0.0,0.01813747890182738,0.09065802851865433,0.1206647948104567,0.11469309865351326,0.11469309865351326,0.0,0.0,0.0,0.0,0.0,0.0,0.004348938430336389,0.010347622287934281,0.010860233870846541,0.010833883482144665,0.010833883482144665
GIN,-2.032,-1.2343333333333333,6.69208155717141,95.1779439769105,-0.9225488944444434,17.05778256905757,3194470001.6666665,0.2817030392243624,-2.0389933259159734,-1.184103751446866,-1.44935812040263,0.10910471211346394,-0.9934270818524632,1.5980923185323666,0.34018176170819997,1,0,0.26917599908681505,0.317817685580497,0.01944593249047043,0.14088424948409886,0.3353027084812859,LIC,Low income,Sub-Saharan Africa,low,low,144568.12200000003,2994993.944000003,0.0441237591783892,0.0104130534372888,0.1686928439411894,0.0004203692982883,4.007601407076801e-05,0.0336524059428949,0.0545560037087567,0.0069775660355205,0.3521925071378377,0.1755592840861556,0.0049319790996557,0.3112241074367929,0.2746594162715899,0.0223626745865358,0.8657618644587151,0.0,0.0,0.0,0.0,0.0,0.0,0.0014695192726880669,0.004235041857299134,0.004772040968207483,0.004727572304194194,0.004727572304194194,0.0,0.0,0.0,0.0,0.0,0.0,0.006927150012242602,0.03068483092858377,0.03952489093064621,0.03794197935282022,0.03794197935282022,0.0,0.0,0.0,0.0,0.0,0.0,0.03325432022373323,0.13556725063349737,0.16478236631471924,0.16197624731323995,0.16197624731323995
GMB,-1.1929999999999998,-1.0,6.431561723800086,46.1233468820198,-0.6922717777777773,6.20439233334242,154423548.33333334,0.3808478128434929,-1.1935959989830642,-0.9172744866067777,-1.6325627474417654,-0.7657791154131576,-0.7393481072540422,0.1661333661393,0.9284565024758463,1,1,0.26917599908681505,0.317817685580497,0.005175601347477666,0.41991566721376855,0.33539078683584833,LIC,Low income,Sub-Saharan Africa,low,low,2208.150000000001,1050565.2099999993,0.2537069492561645,0.0278425446027455,0.0253578956797931,0.0015225414940108,0.0006919895470758,0.0065598831318619,0.4853918438511873,0.0719319591259977,0.6465784175358328,0.2316572696601225,0.0320506438684412,0.2246700069194181,0.9722786042614852,0.1325171371442604,0.903166203266906,0.0,0.0,0.0,0.0,0.0,0.0,0.005426692942430057,0.0229101668085559,0.027809402824295094,0.02752042160908784,0.02752042160908784,0.0,0.0,0.0,0.0,0.0,0.0,0.044407201280188956,0.1710375140784496,0.2046183419619493,0.20252962887484982,0.20252962887484982,0.0,0.0,0.0,0.0,0.0,0.0,0.021234872158476612,0.146610812778124,0.1885000127829706,0.18647429960582831,0.18647429960582831
GNB,-2.933666666666667,-1.117,6.494951447903079,55.194932076826895,-1.1861268888888876,18.1862185253363,283686259.0,0.05753068078226029,-2.94753514925865,-1.0504993400333367,-1.5879853706942149,-0.6039883017690414,-1.28424897299197,1.7469742747416088,-0.9899431781741943,0,0,0.26917599908681505,0.317817685580497,0.00023882865775047413,0.024568906300179275,0.07979641869131408,LIC,Low income,Sub-Saharan Africa,low,low,139.62400000000002,75478.31299999997,0.1152237437689795,0.01722151132484,0.0714793797789307,0.0,0.0,0.0090796676920958,0.1414011917721881,0.0108965157461651,0.5782101674689002,0.7433750644588322,0.0773858028845758,0.2244825477220193,0.9999999999999998,0.1055038299555809,0.8832517626619462,0.0,0.0,0.0,0.0,0.0,0.0,0.0024069538018455464,0.010331733105010022,0.013531182829775062,0.01283344198409446,0.01283344198409446,0.0,0.0,0.0,0.0,0.0,0.0,0.01796201186905889,0.09393061914229132,0.12661192577630034,0.11990936371970431,0.11990936371970431,0.0,0.0,0.0,0.0,0.0,0.0,0.025261211013603832,0.14529412259193988,0.18355251778539722,0.1815284948141331,0.1815284948141331
GNQ,-2.0416666666666665,-1.0203333333333333,8.99542988230389,97.96901604789093,-1.292504833333331,18.63979314805327,4502292357.0,0.2436590503529231,-2.0487337003621606,-0.9404275238119632,0.17041902050184174,0.15888320303937045,-1.401622333556739,1.8068173493452073,0.11444805054871646,0,0,0.26917599908681505,0.317817685580497,0.04705884928390303,0.1941995428818002,0.12608960786885567,UMC,Upper-middle income,Sub-Saharan Africa,low,low,743581.465,575785.0610000016,0.0002034746791328,3.10998161067903e-05,0.2992982167698155,4.461380704264865e-05,5.502809592559784e-06,0.0550376610066302,0.9994477282996824,0.0014377043213607,0.3927146574579144,0.000271936579269,7.928800395451353e-06,0.193041408207011,0.9999677533651272,0.0014822357474555,0.9400919434413711,0.0,0.0,0.0,0.0,0.0,0.0,4.330193579837296e-05,0.0002927562393099638,0.0003692428859785648,0.00036917139679467135,0.00036917139679467135,0.0,0.0,0.0,0.0,0.0,0.0,0.027137257819832044,0.19695316761235973,0.24994680132709976,0.24994434943990965,0.24994434943990965,0.0,0.0,0.0,0.0,0.0,0.0,0.05228480467739654,0.17562189174935072,0.20298127671122826,0.20124073942411586,0.20124073942411586
GRC,0.36033333333333334,0.8773333333333334,9.805150528991113,66.6038970966479,0.2195723666666666,0.0898966996553815,27766123418.0,0.0777137477942163,0.3715814120250221,1.2203960960096913,0.7398365852320543,-0.4005105529792554,0.2667458918704299,-0.6405921428370702,-0.8701871075217371,0,0,0.26917599908681505,0.317817685580497,0.043595441718330574,0.011927475891351602,0.07399136768289705,HIC,High income,Europe & Central Asia,middle,high,4234313.587000007,10330644.144000037,0.0833874571982662,0.0132557273271333,0.0935364115277569,0.0165193773590014,0.0029264765454306,0.0103266591620968,0.4932894798847124,0.0613933226486218,0.3598664526799308,0.3299277404226877,0.0355385841214819,0.2853360054718377,0.9231240548646678,0.1131141106426677,0.7490655288416224,0.0,0.0,0.0,0.0,0.0,0.0,0.003552958353351844,0.017920992030768444,0.0223797052962406,0.022059275439407566,0.022059275439407566,0.0,0.0,0.0,0.0,0.0,0.0,0.02508538128489962,0.13868956138848407,0.1760184174574831,0.17304365914219658,0.17304365914219658,0.0,0.0,0.0,0.0,0.0,0.0,0.022155151739608508,0.11116041657060495,0.13990528294151444,0.13733258125283393,0.13733258125283393
GRD,0.24033333333333337,-0.17866666666666667,9.105830523036621,,0.4338589555555556,0.0,31196828.666666668,0.3396349474650157,0.25066641889993385,0.017956393287927506,0.24805575145081785,,0.5031815289115793,-0.6524528039822401,0.6839202872845952,1,1,0.26917599908681505,0.317817685580497,0.32498468362823324,0.00022569385267883122,0.031014278102972765,UMC,Upper-middle income,Latin America & Caribbean,middle,middle,44470.18100000003,33207.68700000001,0.0342769911370497,0.0053627413679505,0.1506247634772032,0.0030454789468925,0.000620410888842,0.0486996881173928,0.7457254558959402,0.0130065921221311,0.5123805220158814,0.2132470969704395,0.0069677519415903,0.2036600441337571,0.996295022950322,0.025957496320514,0.9153650177442344,0.0,0.0,0.0,0.0,0.0,0.0,0.0010659353283135843,0.004407250623409984,0.005332841483266151,0.005270017490350173,0.005270017490350173,0.0,0.0,0.0,0.0,0.0,0.0,0.02470223781442058,0.16691988369489552,0.2136782334945362,0.21175551376775356,0.21175551376775356,0.0,0.0,0.0,0.0,0.0,0.0,0.03673408251892242,0.1609739576673877,0.19503702579910304,0.1932007467126511,0.1932007467126511
GRL,-1.2169999999999999,-1.0573333333333332,10.733969401801795,84.3821032653985,1.311542988888889,0.0,727115546.6666666,0.0705444472723693,-1.217778997608082,-0.9825584603656612,1.3930072593344478,-0.08343802602756754,1.4715845662552387,-0.6524528039822401,-0.912726096235118,0,0,0.26917599908681505,0.317817685580497,0.008197787295411966,0.1182803244965061,0.0013908389865801285,HIC,High income,Europe & Central Asia,low,low,17515.773,46503.97800000003,0.00644367793531,0.0008591964407284,0.0531382713108972,0.0003644714966333,0.000111887736145,0.0037656778523334,0.962394180376738,0.1431853272182028,0.3187310556529165,0.0071481287180417,0.0006259349326559,0.4422822064813464,0.9763504585267232,0.1447823463277323,0.8179172112974936,0.0,0.0,0.0,0.0,0.0,0.0,0.003999035900113842,0.028479701554509816,0.03609169164434054,0.036086047968718234,0.036086047968718234,0.0,0.0,0.0,0.0,0.0,0.0,0.026926009355752244,0.19163889304189713,0.24290114244692382,0.24283669210602343,0.24283669210602343,0.0,0.0,0.0,0.0,0.0,0.0,0.015497811073398468,0.09918633600328254,0.13106770707644497,0.12707991669013774,0.12707991669013774
GTM,-0.2233333333333333,0.43366666666666664,8.276447304000149,47.44519652988143,-0.6444181999999995,1.76897067932814,10683234505.0,0.44133910104569135,-0.21653567953617095,0.7152044153522837,-0.3351890685300144,-0.7422040592956067,-0.6865482974047487,-0.41906090101268256,1.28738108908646,1,1,0.26917599908681505,0.317817685580497,0.3284834460142246,0.01135521994837304,0.12270659967295246,LMC,Lower-middle income,Latin America & Caribbean,middle,high,13654520.624000004,6176965.872000031,0.0029683268359315,0.0005754758849719,0.0711058489073028,0.0015814611581489,0.0002127261839564,0.0265093460759206,0.455698156042419,0.0176957363698,0.4578554906414391,0.5219482870364007,0.0978096049208562,0.3167001473761734,0.9821962310729002,0.1162935433595846,0.872170833000836,0.0,0.0,0.0,0.0,0.0,0.0,0.0005696085436659853,0.00858674699679451,0.01283859485918024,0.011956704978746291,0.011956704978746291,0.0,0.0,0.0,0.0,0.0,0.0,0.012865855407280162,0.1170726554155504,0.15891419864947817,0.1542081075368549,0.1542081075368549,0.0,0.0,0.0,0.0,0.0,0.0,0.023514896383393005,0.1304734493597879,0.16547567559145887,0.16262018245937862,0.16262018245937862
GUM,0.611,0.395,10.4762261985922,70.33942328513324,0.7970655999999998,0.0,26389271.33333333,0.0,0.6241593976640952,0.6711756888637342,1.2117552340862092,-0.33388781743245016,0.9039298669297275,-0.6524528039822401,-1.3313010237564857,0,0,0.26917599908681505,0.317817685580497,0.0,0.0,0.0,HIC,High income,East Asia & Pacific,high,high,,,,,,,,,,,,,,,,,,0.0,0.0,0.0,0.0,0.0,0.0,0.0,0.0,0.0,0.0,0.0,0.0,0.0,0.0,0.0,0.0,0.0,0.0,0.0,0.0,0.0,0.0,0.0,0.0,0.0,0.0,0.0,0.0,0.0,0.0,0.0,0.0,0.0
GUY,-0.9763333333333334,-0.8743333333333333,8.668525324694736,,-0.2717494722222219,12.605209428692392,1379430214.0,0.331030583420782,-0.9752772613960997,-0.7741811255189921,-0.059469148775526025,,-0.27535985806129953,1.010635143303404,0.6328663603571212,1,1,0.26917599908681505,0.317817685580497,0.23839357797925298,0.022854877083678865,0.12127319003257804,UMC,Upper-middle income,Latin America & Caribbean,low,low,1175949.769999999,525732.756999999,0.0009235870678387,0.0001518508720083,0.1432278224961359,0.0001934776516857,3.814907241966616e-06,0.0308226200179496,0.8700318424315016,0.0102522980271947,0.4035639023345096,0.0548034419871522,0.0018077164200668,0.3287901347185797,0.9259523491381784,0.0122156802265119,0.9064044795671748,0.0,0.0,0.0,0.0,0.0,0.0,0.00029703565809252976,0.0021491121671208444,0.0027538687655922637,0.0027375696831162515,0.0027375696831162515,0.0,0.0,0.0,0.0,0.0,0.0,0.023728718231370835,0.17441130031464783,0.22239161433175905,0.22189748493679293,0.22189748493679293,0.0,0.0,0.0,0.0,0.0,0.0,0.031271694507949525,0.13949371759619603,0.17202734753071797,0.16906284631604224,0.16906284631604224
HKG,1.162,1.0686666666666667,10.675737869169714,379.3096159238714,1.4477901333333332,0.0014374014466414,143575911468.0,0.4966554807196843,1.1793607410967921,1.4382623805306172,1.3520572630146972,5.1765646322029255,1.621914461181435,-0.652263158182633,1.6156003963182421,1,1,0.26917599908681505,0.317817685580497,0.05589999382686958,0.2668410413606181,0.47672508828585003,HIC,High income,East Asia & Pacific,high,high,18591332.177000016,789092539.0910032,0.1998853513357888,0.0758687635723521,0.2238600341545341,0.0139810983164275,0.0025273197786431,0.1282945637790713,0.2358752385923761,0.0840053286656846,0.2330411561485972,0.4713136031661143,0.078534016507039,0.2328227015929398,0.921055291410707,0.2409354285237189,0.8180184556751425,0.0,0.0,0.0,0.0,0.0,0.0,0.011806985332612591,0.04008437873676671,0.04719849783365478,0.04649040424219787,0.04649040424219787,0.0,0.0,0.0,0.0,0.0,0.0,0.032158672066312524,0.12356104691368897,0.15203349117961262,0.14778394229860667,0.14778394229860667,0.0,0.0,0.0,0.0,0.0,0.0,0.04527805736452356,0.14561759350048337,0.16585986221995747,0.16376064114002115,0.16376064114002115
HMD,1.2316666666666667,-0.902,,,,,477504.0,0.5225653955105319,1.249558612105524,-0.8056844384375232,,,,,1.769336673587392,1,1,0.26917599908681505,0.317817685580497,0.13826725131957454,0.0,0.0,,,,high,low,,,,,,,,,,,,,,,,,,0.0,0.0,0.0,0.0,0.0,0.0,0.0,0.0,0.0,0.0,0.0,0.0,0.0,0.0,0.0,0.0,0.0,0.0,0.0,0.0,0.0,0.0,0.0,0.0,0.0,0.0,0.0,0.0,0.0,0.0,0.0,0.0,0.0
HND,-0.49500000000000005,-0.3833333333333333,7.750605785983271,102.96441112815147,-0.740716522222222,1.7710642978643734,6893144314.666667,0.566136379677361,-0.49027378897213464,-0.21509221071180826,-0.7049751149254317,0.24797557412483578,-0.792800187822449,-0.4187846761888492,2.0278647682119058,1,1,0.26917599908681505,0.317817685580497,0.567828873816999,0.0036137370832757987,0.07832148785057606,LMC,Lower-middle income,Latin America & Caribbean,low,middle,14205915.460999995,3832891.780999999,0.1195703267179961,0.0084588697996024,0.1580632403980727,0.0042518131383944,0.0003344697709318,0.0268782892620886,0.2533128613836405,0.0128723879975912,0.3053854079059371,0.6177324340055067,0.1553916619007433,0.337331932357002,0.9948674352455376,0.1770573894688688,0.8276588699231006,0.0,0.0,0.0,0.0,0.0,0.0,0.00141623273892158,0.012524888618141522,0.01847187889598724,0.017070806534587098,0.017070806534587098,0.0,0.0,0.0,0.0,0.0,0.0,0.02191182555783776,0.11182594119912373,0.14618340152768353,0.14061368286042075,0.14061368286042075,0.0,0.0,0.0,0.0,0.0,0.0,0.030073724710728583,0.12330493088235545,0.15092314674119076,0.14788162931829976,0.14788162931829976
HRV,0.844,1.2750000000000001,9.462122322455075,93.34533237938564,0.34965545,0.6226023554960266,12674705409.0,0.0570058391678695,0.8589360093153081,1.6732087744652042,0.49860982783287755,0.07642026776443023,0.41027459721624704,-0.5703087920771158,-0.9930573217985057,0,0,0.26917599908681505,0.317817685580497,0.03832484226867475,0.009262740650214618,0.046421218107821106,HIC,High income,Europe & Central Asia,high,high,1543143.059999996,2305833.0390000003,0.1715139981901618,0.023996870529094,0.1070992781450903,0.0069348657797158,0.0009578556263255,0.0188203925722308,0.1490761342632746,0.02146499957556,0.3592371264483391,0.2632169171664488,0.0237286262279201,0.2573791965689675,0.5907419153996012,0.0701483519588997,0.7425359937346278,0.0,0.0,0.0,0.0,0.0,0.0,0.003610228010238796,0.011656674222289673,0.013598525029762751,0.013384578399838882,0.013384578399838882,0.0,0.0,0.0,0.0,0.0,0.0,0.025693758910963975,0.08717507527377202,0.1039957856316987,0.1016225183457717,0.1016225183457717,0.0,0.0,0.0,0.0,0.0,0.0,0.024563035905676454,0.1151489277857623,0.1429132711342996,0.1405926390340876,0.1405926390340876
HTI,-1.1236666666666666,-1.0796666666666666,7.2585201729959925,41.810396040097636,-1.2640175833333327,0.6741090319627387,928405911.6666666,0.48987191329349783,-1.1237340029552356,-1.0079888454926682,-1.0510230915113932,-0.8427001618385505,-1.370190590038751,-0.5635131784602926,1.5753501519185749,1,1,0.26917599908681505,0.317817685580497,0.8137455117279041,0.0070028484882303675,0.11615440316118845,LIC,Low income,Latin America & Caribbean,low,low,2803215.128000004,1420383.4929999998,0.0003454094515717,0.000112511239108,0.0491805257835392,9.427745925035536e-06,3.9747183616562e-07,0.0137220666785093,0.0287605158072619,0.0036182264315453,0.4934333047758109,0.9691807331741816,0.2512611598559106,0.348163752561999,0.9982960861789404,0.2549922949984002,0.9044996497998584,0.0,0.0,0.0,0.0,0.0,0.0,0.00011196804609593395,0.013338445549766922,0.022042840248926325,0.01977737077481566,0.01977737077481566,0.0,0.0,0.0,0.0,0.0,0.0,0.0008232738030925241,0.05434593807644174,0.08870590804656148,0.07996739323925328,0.07996739323925328,0.0,0.0,0.0,0.0,0.0,0.0,0.02064442720497284,0.13038113108884195,0.16833543712717378,0.16519625575161476,0.16519625575161476
HUN,1.2856666666666665,0.7986666666666666,9.489120354114656,165.431846278314,0.46116861111111107,0.26491189706876966,98942248969.0,0.0738168452548879,1.3039703590118135,1.1308204110847115,0.5175955774281276,1.3620760253878936,0.533313959700331,-0.6175012400594067,-0.893309348336233,0,0,0.26917599908681505,0.317817685580497,0.044061840599842965,0.027117554491952908,0.057363786304066,HIC,High income,Europe & Central Asia,high,high,16045030.201,17478533.79599999,0.5916547772785332,0.0537989882521652,0.393246844513525,0.0337245231215754,0.0025485250287178,0.0268642703947774,0.2831703438437173,0.0886493389156322,0.2737483647567165,0.0571884838797505,0.0172758233058277,0.2412945262585571,0.9657381281235764,0.1622726755023431,0.935154005923576,0.0,0.0,0.0,0.0,0.0,0.0,0.009229033902026465,0.03241574142852377,0.037700665417036455,0.03754489979706588,0.03754489979706588,0.0,0.0,0.0,0.0,0.0,0.0,0.0832449748479418,0.21499276202430856,0.23194218122298468,0.23142654735193777,0.23142654735193777,0.0,0.0,0.0,0.0,0.0,0.0,0.05804852043424848,0.17105023696417013,0.19373756576994494,0.1915619593856465,0.1915619593856465
IDN,0.2826666666666667,1.3780000000000001,8.136753027997424,39.57149303810727,-0.1957351444444443,2.943239691550723,152600504992.33334,0.2581201869975109,0.2933225414746178,1.7904921924390127,-0.4334258799212745,-0.8826307727057263,-0.19148855232264397,-0.26413188915087943,0.20025309200739097,0,0,0.26917599908681505,0.317817685580497,0.10860306514652975,0.12109827091651311,0.24147255454448222,LMC,Lower-middle income,East Asia & Pacific,middle,high,62003534.35900023,98638412.05300003,0.0556281444543061,0.0099957281478847,0.2063856415800928,0.0119928987062986,0.000750847787263,0.0391275975826358,0.3791394998370389,0.0552823540521227,0.394577111664039,0.5129288113941762,0.1558871655578909,0.2293039965490002,0.95968935439182,0.2219160955451615,0.8693943473757679,0.0,0.0,0.0,0.0,0.0,0.0,0.0027923134377170365,0.021392223123669188,0.029604309930984663,0.028198769913659417,0.028198769913659417,0.0,0.0,0.0,0.0,0.0,0.0,0.01817974779547442,0.11730725335671699,0.15478456457556095,0.1501597966039741,0.1501597966039741,0.0,0.0,0.0,0.0,0.0,0.0,0.03951643749866976,0.15060120695641124,0.17928788249871858,0.17722038744786694,0.17722038744786694
IND,0.6243333333333333,2.5429999999999997,7.430691015426315,40.91596551122107,-0.11117519444444428,1.8366547585775101,263212970694.0,0.2262520809502517,0.6375943969002161,3.117047356900049,-0.9299478759845093,-0.8586522407649453,-0.0981883334424768,-0.4101308965522623,0.011163933402565763,0,0,0.26917599908681505,0.317817685580497,0.14822953099675173,0.04792964237892095,0.18618896565041684,LMC,Lower-middle income,South Asia,high,high,140316946.61200032,188348891.0860004,0.071618324013192,0.0128782422610341,0.2188122845341417,0.0094214357632475,0.0014001711733444,0.0337478365460493,0.2683832594870571,0.0590927177172256,0.340264580085778,0.4192434210934364,0.0670638263903046,0.213610476451541,0.7686664403569331,0.1404349575419089,0.80643517761751,0.0,0.0,0.0,0.0,0.0,0.0,0.003307328363037914,0.01857243740465242,0.023977243611676614,0.02337256976717387,0.02337256976717387,0.0,0.0,0.0,0.0,0.0,0.0,0.01690538709522894,0.09414736724035452,0.12257907503069154,0.11879901139788188,0.11879901139788188,0.0,0.0,0.0,0.0,0.0,0.0,0.03908413896612372,0.14087727691999472,0.16615295712451106,0.16422696102535783,0.16422696102535783
IRL,1.2116666666666667,0.14433333333333334,11.097681243889243,232.238516478707,1.428164122222222,0.06560955071814427,133623774486.66669,0.2601218015238678,1.2294061132513425,0.3857480826621034,1.648779311377692,2.5535662992997796,1.6002598701792967,-0.6437965056760969,0.21212965618345947,0,0,0.26917599908681505,0.317817685580497,0.26743944543071985,0.03417906271379544,0.04463255346285818,HIC,High income,Europe & Central Asia,high,high,124072551.21000056,13860053.063999958,0.1019448157682478,0.0059706668434315,0.1923844327065275,0.0451995813925681,0.002701163281597,0.0184223995262476,0.0707893630407758,0.0054327380315963,0.3742673776966725,0.0858678498918565,0.0018985566539627,0.2254303815845771,0.3038016100934483,0.0160031248105878,0.8105045915140249,0.0,0.0,0.0,0.0,0.0,0.0,0.0011217384800785335,0.0033333204113647724,0.0036856519219686397,0.0036685337882034026,0.0036685337882034026,0.0,0.0,0.0,0.0,0.0,0.0,0.018474332850244864,0.055035789305690974,0.061697747110984226,0.06092352879228716,0.06092352879228716,0.0,0.0,0.0,0.0,0.0,0.0,0.03539118900629801,0.1377296544674774,0.16520840011549234,0.16317583110120518,0.16317583110120518
IRN,-0.169,0.11033333333333332,8.559602384227775,40.81850785781907,-0.8232765277777757,15.277968737172401,58182260825.0,0.2649977630881366,-0.16178805764897827,0.34703316799113754,-0.1360667207377842,-0.8603903882552848,-0.8838937443948096,1.3632698073345055,0.24106113608407778,0,0,0.26917599908681505,0.317817685580497,0.0009079224453802801,0.2276022390852037,0.29804399076964033,UMC,Upper-middle income,"Middle East, North Africa, Afghanistan & Pakistan",middle,middle,176390.31399999984,43796325.24599986,0.0001395938327996,8.304854762036322e-06,0.2745707316870915,0.0,0.0,0.0428082299249807,0.7675197233335619,0.0502075405369204,0.3921403669950283,0.2314960276106773,0.0130654946981336,0.220273551920458,0.9991553447770388,0.0632813400898161,0.9297928805275588,0.0,0.0,0.0,0.0,0.0,0.0,0.0013628117631948305,0.010547338453636871,0.013651677091001506,0.013533873450280629,0.013533873450280629,0.0,0.0,0.0,0.0,0.0,0.0,0.020834772835671356,0.16283228315123688,0.21136429062773335,0.20927703136239117,0.20927703136239117,0.0,0.0,0.0,0.0,0.0,0.0,0.048140272346003404,0.1676348729703795,0.19588642155492833,0.19390034854580945,0.19390034854580945
IRQ,-2.2113333333333336,-1.0376666666666667,8.455048905716836,61.32033372643474,-1.3892699444444405,36.6410643896252,46578662781.333336,0.2690207483853994,-2.2196940656417996,-0.9601645391344165,-0.2095915683026112,-0.4947423766627691,-1.508389261004428,4.181843120002599,0.26493148795911275,0,0,0.26917599908681505,0.317817685580497,0.12319530354336965,0.2140938748771916,0.16922659257081105,UMC,Upper-middle income,"Middle East, North Africa, Afghanistan & Pakistan",low,low,22031401.328,23783654.52600002,1.655913732261525e-05,3.5014783082761e-06,0.1106497352676858,2.884927701771835e-06,1.7589931628563317e-06,0.0236920252261487,0.9939207580577376,0.0003289557753274,0.4442398290577993,0.0003535759656876,5.2690522772363e-05,0.321701399489963,0.9942937780884497,0.0003869067695709,0.900282989041597,0.0,0.0,0.0,0.0,0.0,0.0,9.509480427726468e-06,6.875664338223325e-05,8.798092939157345e-05,8.750585090756034e-05,8.750585090756034e-05,0.0,0.0,0.0,0.0,0.0,0.0,0.02696068769191513,0.19581136223412848,0.24851475670813558,0.24851156872811708,0.24851156872811708,0.0,0.0,0.0,0.0,0.0,0.0,0.027740996676869925,0.1372237396300945,0.17167358873849958,0.16877300234965567,0.16877300234965567
ISL,0.36199999999999993,-0.43766666666666665,10.922106112133918,89.66911767962301,1.5161131222222222,0.00025643798594563333,4228489840.0,0.0945738853222587,0.3732607869295371,-0.27696016258795964,1.525310107078247,0.010855346680348061,1.697299437377383,-0.6524189704369854,-0.7701476130374589,0,0,0.26917599908681505,0.317817685580497,0.07446236184778669,0.01983829279509001,0.02178577304229279,HIC,High income,Europe & Central Asia,middle,middle,1104743.973,1333754.5950000037,0.1133326264365146,0.0107057533620114,0.0970732588179009,0.0083481070957605,0.0019586329169399,0.0103147333486787,0.5917613781813323,0.0721037362838208,0.3709143629979379,0.0503860562812955,0.0058127597125847,0.2664982068909001,0.763828167994903,0.090580882275357,0.7448005620554177,0.0,0.0,0.0,0.0,0.0,0.0,0.003443985425177035,0.017660979149318693,0.02168039774769297,0.02162798761913688,0.02162798761913688,0.0,0.0,0.0,0.0,0.0,0.0,0.030694447080590066,0.14951527357809755,0.1825937826569533,0.18213948214949902,0.18213948214949902,0.0,0.0,0.0,0.0,0.0,0.0,0.022887364501232542,0.11327346348179616,0.14196580699302877,0.13956295430794688,0.13956295430794688
ISR,1.2186666666666666,0.6846666666666668,10.520916564027779,57.65903928491224,0.7772153333333334,0.19541522961892,55273092913.0,0.3538341878330682,1.236459487850306,1.001011579540885,1.2431827136217048,-0.5600411964350506,0.8820278409135146,-0.6266703911684139,0.7681713692296934,1,1,0.26917599908681505,0.317817685580497,0.3369496876093097,0.05670657914831842,0.12292425304385979,HIC,High income,"Middle East, North Africa, Afghanistan & Pakistan",high,high,66495193.68500006,18879480.768999964,0.163828680424724,0.0219485885167487,0.1388656320625535,0.051507478197971,0.0035474466384294,0.0279365759288271,0.1272036257698438,0.0284495992203247,0.4146375963820881,0.4014754054325294,0.0165499338610622,0.305072042259618,0.7440151898250682,0.0704955682365652,0.8865118466330868,0.0,0.0,0.0,0.0,0.0,0.0,0.0037809020433267997,0.01280795392194188,0.01487687434859609,0.014727653633455365,0.014727653633455365,0.0,0.0,0.0,0.0,0.0,0.0,0.028157587000305215,0.09902017831941912,0.11936546171849065,0.1157456015055744,0.1157456015055744,0.0,0.0,0.0,0.0,0.0,0.0,0.03077827972781104,0.1386738713217442,0.17099100382419571,0.1682403542628385,0.1682403542628385
ITA,1.2276666666666667,0.8286666666666666,10.34544628102652,55.8169421813815,0.49130918333333334,0.06440438162262976,453422570567.3333,0.1108389507600948,1.2455281123346877,1.1649806299120342,1.1197872418156203,-0.5928948138339495,0.5665699158061095,-0.643955511538596,-0.6736389741578239,0,0,0.26917599908681505,0.317817685580497,0.08807446154824816,0.029170357592469998,0.06310442490482639,HIC,High income,Europe & Central Asia,high,high,136080261.8820003,93929811.546,0.348972760591677,0.0297865721154437,0.1377622032666691,0.0277289787718957,0.0034885230130653,0.0197732816922605,0.2936037658469906,0.0607117480955582,0.3821514584368249,0.2098408234602102,0.0482160230680019,0.2925797826661384,0.8801463286707736,0.1422028662920693,0.832266726061893,0.0,0.0,0.0,0.0,0.0,0.0,0.005611628868465809,0.02269556257723703,0.02754764717033663,0.027112912536116942,0.027112912536116942,0.0,0.0,0.0,0.0,0.0,0.0,0.053236527049705024,0.16253214123464788,0.18520644548679782,0.18331443806215658,0.18331443806215658,0.0,0.0,0.0,0.0,0.0,0.0,0.02902940550720422,0.12933154215589143,0.15950323398277402,0.156865219548899,0.156865219548899
JAM,-0.399,-0.8863333333333333,8.606115193037942,,0.1626286888888889,1.36117788335212,1130413831.6666667,0.4685734493590314,-0.39354179447206405,-0.7878452130499213,-0.10335764949228093,,0.20391641289712903,-0.4728636789684301,1.448975882328436,1,1,0.26917599908681505,0.317817685580497,0.29767198580570714,0.023111957172121913,0.11679259107087821,UMC,Upper-middle income,Latin America & Caribbean,middle,low,1320801.6249999972,1313583.9619999996,0.0269656035591265,0.0031736651457324,0.0925605104182903,0.0008058522792928,8.993403537313076e-05,0.0295017061117254,0.2743582163597053,0.0207672342906562,0.4426076709362256,0.1490977655331098,0.0063681167978813,0.3352411218004817,0.4512274377312344,0.0303989502696431,0.8999110092667232,0.0,0.0,0.0,0.0,0.0,0.0,0.0009604451353629898,0.005226038652535037,0.006542734574319804,0.00648531712778153,0.00648531712778153,0.0,0.0,0.0,0.0,0.0,0.0,0.010819859625695432,0.0684629868788342,0.08805907457997685,0.08671475046451438,0.08671475046451438,0.0,0.0,0.0,0.0,0.0,0.0,0.026000218242866115,0.13451118171952703,0.16933322185389588,0.16631055600159644,0.16631055600159644
JOR,0.085,-0.08833333333333333,8.286997142070662,91.27007687642786,-0.0452710777777775,1.1314934119846827,6977220593.666667,0.2414144032368134,0.09414867779912518,0.12081660775686627,-0.32777013568325153,0.03940829365706392,-0.025472248462482288,-0.5031674575903364,0.1011294543974264,0,0,0.26917599908681505,0.317817685580497,0.20156101392369577,0.02904564133415377,0.16124614524153283,UMC,Upper-middle income,"Middle East, North Africa, Afghanistan & Pakistan",middle,middle,5965817.791000004,8929776.072000034,0.0279734824036632,0.0015886590184242,0.1214640766190085,0.0001831705288834,3.389153062021185e-05,0.0205724738805073,0.0289301505755625,0.0047712788287679,0.3906427259624108,0.9096929113703806,0.2082518405646738,0.3310499139244247,0.96677971487849,0.2146456699424863,0.8637291903863513,0.0,0.0,0.0,0.0,0.0,0.0,0.0003272276687865674,0.011786633884170535,0.019095025916485098,0.017217345386803612,0.017217345386803612,0.0,0.0,0.0,0.0,0.0,0.0,0.0042307415426929545,0.058347267628919966,0.09070081843068628,0.08249866922980581,0.08249866922980581,0.0,0.0,0.0,0.0,0.0,0.0,0.02733322995976743,0.1290582483687538,0.16098343893290257,0.1579985626598135,0.1579985626598135
JPN,2.0656666666666665,0.16533333333333333,10.47313678974149,33.7202895907456,1.4085295,0.0308638156608395,658873731931.0,0.3712361289227834,2.089917814324887,0.4096602358412294,1.2095826778207566,-0.98698640032942,1.5785957780060784,-0.6483807383713388,0.8714256509201482,1,1,0.26917599908681505,0.317817685580497,0.19333518982889078,0.18443832575623995,0.24613356805766926,HIC,High income,East Asia & Pacific,high,high,395192092.4779979,469783728.4740002,0.6032264927423171,0.0453633240292469,0.1696583180730815,0.0573189131340251,0.0061043481279988,0.0276654611861877,0.2266843812771573,0.0375529161244402,0.3502610179975748,0.0681013947097091,0.013962635312267,0.2427748714147126,0.9553311818632088,0.1029832235939532,0.7903596686715567,0.0,0.0,0.0,0.0,0.0,0.0,0.007127945263377308,0.020964372547699745,0.02342823733231276,0.023302344718841503,0.023302344718841503,0.0,0.0,0.0,0.0,0.0,0.0,0.08524864473973115,0.21320446800885348,0.22752908036029718,0.22691505139160306,0.22691505139160306,0.0,0.0,0.0,0.0,0.0,0.0,0.032783116892586395,0.13049956766663887,0.15729326842897168,0.15510431467031444,0.15510431467031444
KAZ,-0.24933333333333332,-0.6326666666666667,9.235034583938273,56.72890444321717,-0.3716042444444443,11.753347820367049,33683166566.0,0.2455215448742337,-0.24273392804660673,-0.49900158496555813,0.3389155584878134,-0.5766300582056186,-0.38553579956271467,0.8982434546467716,0.12549914726022018,0,0,0.26917599908681505,0.317817685580497,0.019572459617568077,0.1678148963715219,0.282252899495941,UMC,Upper-middle income,Europe & Central Asia,middle,middle,2292460.1729999995,16365067.800999986,0.0389710268698308,0.0026006426363272,0.2099669925467733,0.0004283049326501,7.843953411943869e-05,0.0490591881294217,0.4678403409715415,0.0090522198333039,0.329774613684781,0.1800719174369707,0.0048235319160997,0.2579431671368971,0.6873115902109933,0.0165548339198503,0.8467439614978732,0.0,0.0,0.0,0.0,0.0,0.0,0.0005714099426514039,0.002694771200362824,0.0033380812561837163,0.003294590394645112,0.003294590394645112,0.0,0.0,0.0,0.0,0.0,0.0,0.017505752916678025,0.11103623460801858,0.14193891125685765,0.1403153120012784,0.1403153120012784,0.0,0.0,0.0,0.0,0.0,0.0,0.03908898631009862,0.14265011964176372,0.1688716532062538,0.16654593612551127,0.16654593612551127
KEN,-0.36466666666666664,0.5503333333333335,7.324043115552738,37.0624873801639,-0.5987255833333326,2.5608082125169234,5667406119.666667,0.2826681870689535,-0.3589466714390526,0.8480497107918725,-1.004945577572155,-0.9273786373974143,-0.6361328095028802,-0.31458858223810504,0.3459084589142516,1,0,0.26917599908681505,0.317817685580497,0.0823897049360342,0.018104218079769658,0.30853161039275756,LMC,Lower-middle income,Sub-Saharan Africa,middle,high,1624212.431000002,12415946.517,0.0022974796453826,0.0003385984223529,0.2106673754931737,0.0014181660945556,0.0002501794969563,0.0862332319597249,0.1457593806582557,0.0040781941630153,0.3549566247700682,0.8391226369083242,0.1914135920166944,0.2428055449395104,0.9885976633065182,0.1960805640990189,0.8946627771624773,0.0,0.0,0.0,0.0,0.0,0.0,0.00017457474010811665,0.010547443505104856,0.017248622677721433,0.015522762421833203,0.015522762421833203,0.0,0.0,0.0,0.0,0.0,0.0,0.004362397321217256,0.0717125928726583,0.1078688142086495,0.10030295436767278,0.10030295436767278,0.0,0.0,0.0,0.0,0.0,0.0,0.043193353384175855,0.1563202828039396,0.18336395424943006,0.18117472392620498,0.18117472392620498
KGZ,-0.15433333333333332,0.38399999999999995,7.030138593332562,105.80086351509901,-0.6678359444444437,6.207443449891386,1199258556.3333333,0.5486423217107278,-0.14700955848924524,0.6586502752937158,-1.2116272251138096,0.2985634184422475,-0.7123865421334467,0.1665359199554071,1.9240639117509302,1,1,0.26917599908681505,0.317817685580497,0.00571525241743747,0.06236476191340986,0.6159618237065502,LMC,Lower-middle income,Europe & Central Asia,middle,high,26505.53099999997,7495288.484000019,0.0337706118771965,0.0058747730184586,0.0728790302289315,0.0892173033620795,0.0023784667041093,0.0247639889240051,0.2628219747795284,0.0300697630134744,0.3822590914433961,0.0982716399833681,0.0516495140791206,0.4581345921948362,0.4840815300021726,0.089972516815163,0.9380367027911692,0.0,0.0,0.0,0.0,0.0,0.0,0.0017492644684082152,0.010576192309591883,0.013920156580002266,0.01345446423994462,0.01345446423994462,0.0,0.0,0.0,0.0,0.0,0.0,0.0192740797724109,0.08744635140802101,0.10470890127379555,0.1038228455034537,0.1038228455034537,0.0,0.0,0.0,0.0,0.0,0.0,0.02152526642546705,0.12268004714972917,0.15846634379660016,0.1543356220636959,0.1543356220636959
KHM,-0.3846666666666667,-0.7446666666666667,7.406558792475622,121.98986790557835,-0.8381530611111087,1.8676657703649366,13227752680.0,0.2418688687816669,-0.3790991702932341,-0.6265330685875634,-0.9469183110108719,0.5872926907995379,-0.900307943033504,-0.4060394103910402,0.10382602216219398,0,0,0.26917599908681505,0.317817685580497,0.18766811770871686,0.050020848838315646,0.22508226506203388,LMC,Lower-middle income,East Asia & Pacific,middle,middle,10533178.876000002,12895524.776000025,0.0008900381461631,0.0002013811386416,0.0939745836676136,0.0005186842513847,1.0740247823225527e-05,0.0359733593675349,0.0987127400227775,0.0499795122798304,0.6670128154077356,0.8744955912585796,0.3152361608924059,0.1437446435254709,0.974617053678905,0.3654277945587013,0.9407054019683552,0.0,0.0,0.0,0.0,0.0,0.0,0.0013812622483308033,0.025703300695248635,0.03903291373745217,0.03619062048350425,0.03619062048350425,0.0,0.0,0.0,0.0,0.0,0.0,0.0028330746369839583,0.06364181163409849,0.09850233126410132,0.09061753494947478,0.09061753494947478,0.0,0.0,0.0,0.0,0.0,0.0,0.03284086852314811,0.17108629645558798,0.21131709613642657,0.21002103787513135,0.21002103787513135
KIR,-0.6883333333333335,-0.9536666666666666,7.445842567951853,107.240054738097,0.18164868888888894,0.08294556674704824,112401521.0,0.1462674019305758,-0.685081277895888,-0.8645159264179124,-0.9192928924710326,0.32423124980336465,0.2249023543871699,-0.6415092513885169,-0.4634245355412388,0,0,0.26917599908681505,0.317817685580497,0.026490466942013246,0.034781110873333236,0.17796141439963667,LMC,Lower-middle income,East Asia & Pacific,low,low,11397.945999999993,63287.19500000001,0.0314029387400151,0.0021894851221554,0.4413431974667232,0.0011747730687616,0.0002546678366729,0.0349202867973529,0.9397272104991554,0.02808438666083,0.310976556948053,0.012757035346544,0.0054207107417253,0.1672081848468714,0.9850619576544762,0.0359492503613838,0.9544482260590006,0.0,0.0,0.0,0.0,0.0,0.0,0.001053028106327969,0.006415055794466665,0.008087563471330021,0.008038688210543973,0.008038688210543973,0.0,0.0,0.0,0.0,0.0,0.0,0.029443985508381527,0.19389741475145728,0.2441480306778197,0.24403300822797383,0.24403300822797383,0.0,0.0,0.0,0.0,0.0,0.0,0.06567785039187642,0.18870730730509505,0.2108582389479538,0.2093506241665476,0.2093506241665476
KNA,0.5830000000000001,-0.371,9.946592156388709,,0.6569084777777778,0.0,73706336.66666667,0.5147241294976324,0.5959458992682414,-0.2010485651939089,0.8393021816123916,,0.7492858518735732,-0.6524528039822401,1.7228105828753488,1,1,0.26917599908681505,0.317817685580497,0.5748004498469339,0.005567629485850004,0.021673388238533004,HIC,High income,Latin America & Caribbean,middle,middle,124334.49900000008,23690.954999999994,0.8640428188800596,0.1099720294448296,0.3623131275206086,0.0002711154206685,5.9754622946140985e-05,0.0150384397758553,0.0911681479490257,0.0411652514866349,0.3603843323327405,0.0434780374190432,0.0093941735958864,0.2059692401593774,0.9989601196687972,0.1605912091502971,0.943705139788582,0.0,0.0,0.0,0.0,0.0,0.0,0.014604770606233688,0.03608793220514604,0.03858852347350295,0.03850382190829414,0.03850382190829414,0.0,0.0,0.0,0.0,0.0,0.0,0.10843112284823266,0.23621721760889008,0.24252338846034988,0.2421313733688667,0.2421313733688667,0.0,0.0,0.0,0.0,0.0,0.0,0.055544729450138705,0.17565534549436435,0.20173876762560944,0.1998816679192544,0.1998816679192544
KOR,1.7636666666666667,0.9093333333333332,10.34314750807982,72.82668013819473,0.8189935611111109,0.036153493845181565,518936509840.0,0.3651598584380333,1.7856150816267484,1.2568336627588355,1.1181706822051756,-0.2895278404982005,0.9281243416339162,-0.6476828364377641,0.8353721474043485,1,1,0.26917599908681505,0.317817685580497,0.11354385622654091,0.2698742807390187,0.2323181677981386,HIC,High income,East Asia & Pacific,high,high,210769890.15100044,276029157.1180011,0.4161255359205477,0.0427595878396004,0.1927587631702771,0.0434510419084949,0.0038693946886997,0.1277127044406029,0.2802478741659083,0.0514433701614059,0.3307107854804473,0.1028498944819377,0.0184296772927951,0.2269648976076032,0.8426743464768888,0.1165020299825013,0.8781471506989306,0.0,0.0,0.0,0.0,0.0,0.0,0.006984941360205345,0.02271489332813868,0.026066483190878544,0.025900313969386128,0.025900313969386128,0.0,0.0,0.0,0.0,0.0,0.0,0.06251806386079509,0.17525572040670795,0.19359719019906443,0.19266985508488305,0.19266985508488305,0.0,0.0,0.0,0.0,0.0,0.0,0.04406186985905773,0.15664269731987973,0.18186433540789684,0.17981793059340206,0.17981793059340206
KWT,-0.04033333333333333,-1.072,10.26700025611069,97.56590242627306,-0.13343961666666646,35.47855290141327,39409838242.66666,0.2316863837228903,-0.032140315020411425,-0.9992590117923525,1.064621865147644,0.1516937119601358,-0.12275404648480695,4.028465355391598,0.04340832650701499,0,0,0.26917599908681505,0.317817685580497,0.07708946679794214,0.1480943204134032,0.11460245869961516,HIC,High income,"Middle East, North Africa, Afghanistan & Pakistan",middle,low,11108793.74899998,15249522.293000003,0.0019690145027644,0.0002765324122306,0.1264576545381495,0.0002528726397726,2.389203205351601e-05,0.0221975128463783,0.9908942194548256,0.0036159750266412,0.2944207569086243,0.0006476237800929,0.0001077982295299,0.2724931790753505,0.9937637303774556,0.0040241977004554,0.7155691033685027,0.0,0.0,0.0,0.0,0.0,0.0,0.000134124499344712,0.0007928083357721235,0.0009881566861959313,0.0009871847349460716,0.0009871847349460716,0.0,0.0,0.0,0.0,0.0,0.0,0.027140404796038447,0.19578052902940868,0.24833343766365173,0.24832759843284763,0.24832759843284763,0.0,0.0,0.0,0.0,0.0,0.0,0.02548140843752455,0.10882263458259497,0.13366287521691378,0.1312059695039393,0.1312059695039393
LAO,-1.063,-0.805,7.711459725445235,80.4451063120467,-0.6273295388888877,4.949412190961887,4504641700.0,0.2567226063340218,-1.0626047564308854,-0.6952330642291794,-0.7325036885780188,-0.15365397249322144,-0.6676933214730488,0.000555605556832886,0.19196055804413537,0,0,0.26917599908681505,0.317817685580497,0.011816205304396145,0.3341820847695902,0.19002425250700508,LMC,Lower-middle income,East Asia & Pacific,low,low,211014.005,4296753.924999997,0.0066058269449935,0.0015785615578968,0.3910069562571001,2.872795101917525e-05,6.651884095979517e-06,0.09661751458108,0.2223664159163274,0.0841598157064481,0.2442990888755632,0.4000965243989371,0.0594763734424151,0.218057285884716,0.6290974952112773,0.1452214025908562,0.9499808455984596,0.0,0.0,0.0,0.0,0.0,0.0,0.0024768237107229076,0.019956600301018233,0.026433247678788536,0.02589698529529135,0.02589698529529135,0.0,0.0,0.0,0.0,0.0,0.0,0.006843778393851995,0.06552141050724834,0.09086490971201211,0.08725748203300529,0.08725748203300529,0.0,0.0,0.0,0.0,0.0,0.0,0.0632338243148046,0.18096242681048555,0.20130127665235661,0.1993351863697895,0.1993351863697895
LBN,0.3456666666666666,1.3936666666666666,8.988358404574953,69.33936322830677,-0.742457372222222,0.0018855588149207334,2813226298.333333,0.162115433081195,0.35680291286528903,1.8083314178266146,0.16544616517954105,-0.35172378841352586,-0.7947209752169253,-0.6522040298419347,-0.3693903663512133,0,0,0.26917599908681505,0.317817685580497,0.0319756898559348,0.005329082578413043,0.1149564518608344,UMC,Upper-middle income,"Middle East, North Africa, Afghanistan & Pakistan",middle,high,303278.65300000034,6395668.534000016,0.0666774031075638,0.0053668429944938,0.0979807544228806,0.0164655703611292,0.0017826236745296,0.0228165067067247,0.3579375037648948,0.0452842968176899,0.4022641133327985,0.550630106498131,0.0835052310763363,0.3512923459144345,0.9917105837317188,0.1359389945630497,0.8743537203768385,0.0,0.0,0.0,0.0,0.0,0.0,0.002046196405039923,0.01489445343407464,0.020124249220304938,0.019371333202403546,0.019371333202403546,0.0,0.0,0.0,0.0,0.0,0.0,0.019360664399076494,0.11890146246199992,0.1565320749772973,0.15156737729575678,0.15156737729575678,0.0,0.0,0.0,0.0,0.0,0.0,0.024970668704284507,0.1270525746765448,0.16027965956333007,0.15711226955918353,0.15711226955918353
LBR,-1.1686666666666667,-1.1366666666666667,6.517977181354293,,-0.7043197999999992,20.294892099951333,1160677491.3333333,0.19562695742782146,-1.1690771253771437,-1.0728932612645818,-1.5717930491552268,,-0.7526414347738246,2.0251854085224927,-0.17054999808860993,0,0,0.26917599908681505,0.317817685580497,0.051962120108621744,0.052310927281045146,0.19141560043009323,LIC,Low income,Sub-Saharan Africa,low,low,163339.665,3391901.622999996,0.0012339440025176,0.0002506887165214,0.5761750313593935,0.0018308963716804,0.000385577898684,0.0326290288755818,0.9362482468664298,0.0010895529613882,0.1149513153200317,0.058674339756972,0.0011996387633442,0.0792846511751559,0.9979874269976,0.002925458339938,0.8030400267301632,0.0,0.0,0.0,0.0,0.0,0.0,9.488375496979955e-05,0.00043383993405617316,0.000532244216478548,0.000521427801399215,0.000521427801399215,0.0,0.0,0.0,0.0,0.0,0.0,0.02570969450482973,0.1881360439764232,0.23975787822416483,0.23922884729192984,0.23922884729192984,0.0,0.0,0.0,0.0,0.0,0.0,0.07668616813883966,0.17881994297111542,0.18760005433584476,0.18688519272688844,0.18688519272688844
LBY,-1.2956666666666667,-1.2683333333333333,8.985399928805645,48.52134986210773,-1.731795644444442,16.93260825769927,12740101254.333334,0.1363277367226759,-1.2970454931011954,-1.222818666117832,0.1633656846153306,-0.7230109723667215,-1.8863190348758958,1.5815772507179506,-0.5224014615056575,0,0,0.26917599908681505,0.317817685580497,0.03562061617152121,0.08902056809161203,0.1252627969850743,UMC,Upper-middle income,"Middle East, North Africa, Afghanistan & Pakistan",low,low,1844619.029,4104265.2649999936,2.204032342767293e-05,2.9045141170345163e-06,0.0669451030232083,1.0006944366180017e-05,3.0719942744604058e-06,0.0149368632487744,0.8276235157498205,0.0033737740938525,0.3949318967812877,3.826752239364436e-05,3.5089162806599307e-06,0.4150297147033949,0.827693830540008,0.0033832595185247,0.8918435777566655,0.0,0.0,0.0,0.0,0.0,0.0,9.213958451607021e-05,0.0006662573339908351,0.0008452324570517919,0.0008452008192820483,0.0008452008192820483,0.0,0.0,0.0,0.0,0.0,0.0,0.022451470788560562,0.16304042572947422,0.20691710585362108,0.2069167608185831,0.2069167608185831,0.0,0.0,0.0,0.0,0.0,0.0,0.020259729889919677,0.1190750043286716,0.15407276556421756,0.15033069436607222,0.15033069436607222
LCA,0.49433333333333335,0.11333333333333333,9.27270288762371,,0.5790595055555555,0.020589447758679966,98750483.0,0.3358760528176303,0.5066031543480373,0.3504491898738698,0.36540493336028756,,0.6633902695331225,-0.6497363031099274,0.6616169152202418,1,1,0.26917599908681505,0.317817685580497,0.28155646759539504,0.0005610256703945646,0.01151255249478277,UMC,Upper-middle income,Latin America & Caribbean,middle,high,183513.6750000001,51575.50799999999,0.255790534411127,0.0565055668575586,0.1491652006607477,0.0242198626342151,0.0054412424325164,0.0403675132002577,0.2424080548765643,0.0411074526082468,0.4645167237131232,0.3787047586508194,0.0712779889792231,0.2223739609118345,0.901123210572726,0.1743322508775451,0.8764233984859633,0.0,0.0,0.0,0.0,0.0,0.0,0.008530927636609049,0.02715797092759472,0.0317520850404578,0.031109414648022183,0.031109414648022183,0.0,0.0,0.0,0.0,0.0,0.0,0.04010867577930538,0.13674078071047244,0.1624220209818774,0.15900746987928804,0.15900746987928804,0.0,0.0,0.0,0.0,0.0,0.0,0.034509299593525534,0.15003577002596405,0.1821954175848953,0.18019040646191975,0.18019040646191975
LKA,-0.37000000000000005,0.4346666666666667,8.350743028406788,46.84330587818823,-0.1481492666666663,0.1088336652015176,10339650475.0,0.2615422883356026,-0.36432067113350103,0.7163430893131945,-0.28294229597385295,-0.752938718803404,-0.1389841124279708,-0.6380936647803507,0.2205581035986231,0,0,0.26917599908681505,0.317817685580497,0.26775196048815775,0.02593243348909291,0.22360069114454248,LMC,Lower-middle income,South Asia,middle,high,8937534.308000017,11938492.728999993,0.0267975870912874,0.0064007133208895,0.1175242740309919,0.0004507255425463,4.869320323962804e-05,0.0291539653204742,0.1402290092333593,0.0263052205603568,0.5391376126874882,0.7955987957031054,0.2522276328579946,0.176032063067314,0.9630761175702984,0.2849822599424806,0.8618479151062683,0.0,0.0,0.0,0.0,0.0,0.0,0.0015025981015436584,0.019440053109363666,0.029379912810420208,0.027105729235471075,0.027105729235471075,0.0,0.0,0.0,0.0,0.0,0.0,0.00712937116510619,0.07432419795365121,0.10871267190906735,0.10153924014453115,0.10153924014453115,0.0,0.0,0.0,0.0,0.0,0.0,0.03164785203490014,0.15169800122516036,0.18624354207891863,0.1846563677397871,0.1846563677397871
LSO,-0.734,-0.9653333333333333,7.022884622804816,137.46826405137367,-0.2625739666666665,6.593073942686057,861418387.6666666,0.1506637742236032,-0.731096150279602,-0.8778004559618713,-1.2167284143318846,0.8633483362635421,-0.26523595570954184,0.21741467990784447,-0.4373386948399019,0,0,0.26917599908681505,0.317817685580497,0.30598446014938646,0.017155018348242432,0.04615542415821907,LMC,Lower-middle income,Sub-Saharan Africa,low,low,898555.2039999998,225690.2399999999,0.0024742987298975,0.0001632082337078,0.1170601883360131,3.6480785881687473e-06,5.608374699237015e-07,0.0119087072617761,0.0012494513358803,0.000409139446975,0.6390565449352184,0.9960303796760382,0.2206064578975905,0.1095524467517957,0.9997577778204042,0.2211793664157433,0.8775778872848033,0.0,0.0,0.0,0.0,0.0,0.0,3.1157305234565894e-05,0.011182080091803772,0.01867778609224558,0.016688711471857468,0.016688711471857468,0.0,0.0,0.0,0.0,0.0,0.0,0.0003375723587997003,0.05080357300108387,0.08461472979575864,0.07563412801179435,0.07563412801179435,0.0,0.0,0.0,0.0,0.0,0.0,0.032753735303338125,0.16362023857451596,0.20121056160215275,0.20022279363963658,0.20022279363963658
LTU,0.848,1.1663333333333332,9.610334883272357,139.26813925393432,0.8865723666666666,0.3672131888876056,22399533919.0,0.0678642671524306,0.8629665090861445,1.5494728707129013,0.6028369286092824,0.895448930286167,1.0026882143655536,-0.60400395971844,-0.9286289240667135,0,0,0.26917599908681505,0.317817685580497,0.05811105149485255,0.006566401932844281,0.05022999948153265,HIC,High income,Europe & Central Asia,high,high,3906202.4469999983,2916904.182000005,0.0582537024354078,0.010887394945167,0.1489904027982221,0.0064367349980312,0.0010638307705213,0.0296544876358231,0.1950473367260168,0.048617653356956,0.4725135510124877,0.0521298910547735,0.0098708258035511,0.2163950025835984,0.3118676652142295,0.0704397048761956,0.8675534440301316,0.0,0.0,0.0,0.0,0.0,0.0,0.0027489483555196174,0.013059711603086794,0.015971530952475818,0.01588253170342741,0.01588253170342741,0.0,0.0,0.0,0.0,0.0,0.0,0.01300993120207558,0.05720789844576513,0.06931420897684286,0.06884418536897195,0.06884418536897195,0.0,0.0,0.0,0.0,0.0,0.0,0.03374353191867746,0.14858931264982012,0.18097033803771423,0.1790192355554031,0.1790192355554031
LUX,1.2423333333333335,1.4593333333333334,11.580384340590735,351.1211252395606,1.7559827722222223,0.010613537370781833,14813296683.666666,0.0910666754061548,1.2603066114944208,1.8831043412597546,1.988229247520506,4.673825723260649,1.9619624468482864,-0.6510524903913184,-0.7909576157123316,0,0,0.26917599908681505,0.317817685580497,0.030449774641352772,0.016522290102359474,0.060791717466850005,HIC,High income,Europe & Central Asia,high,high,1581573.5089999984,1938113.616999995,0.1725586983134024,0.0126830726721603,0.1442333981599595,0.0985810935203266,0.0219620703531309,0.0084652771932926,0.349836998313052,0.0640904912167048,0.1805172503465266,0.3508844140610857,0.043547185681342,0.1929303544024381,0.9718612042078668,0.1422828199233381,0.5261462801022169,0.0,0.0,0.0,0.0,0.0,0.0,0.005263893614218049,0.023469559226047827,0.02834258604602159,0.027949947486599652,0.027949947486599652,0.0,0.0,0.0,0.0,0.0,0.0,0.039490188618122375,0.15429033139960022,0.18472424052133565,0.18156052859127667,0.18156052859127667,0.0,0.0,0.0,0.0,0.0,0.0,0.023339186778545573,0.0834070408533264,0.0995132939874446,0.09777375800512753,0.09777375800512753
LVA,0.79,0.9886666666666667,9.534156213301243,126.14151205484966,0.7280786333333333,1.0647271960270321,10902205067.333334,0.0584914582956249,0.8045242624090185,1.347168463657756,0.5492660175589015,0.6613368485125629,0.8278122830158442,-0.5119763623271582,-0.9842424122943789,0,0,0.26917599908681505,0.317817685580497,0.027537097867719285,0.011933813728034065,0.05314068455076021,HIC,High income,Europe & Central Asia,high,high,1079931.803000001,1783774.047000002,0.2228428242704505,0.0200218743157118,0.1001016744807475,0.0149883075533427,0.0024311683015764,0.0361377799550415,0.3262891916148148,0.0816898092116133,0.5318882582666016,0.412553881423196,0.0138596736897196,0.1792940370098339,0.976674204861804,0.1180025255186211,0.8474217497122246,0.0,0.0,0.0,0.0,0.0,0.0,0.0048885719142457585,0.022399916300450448,0.027200152754927227,0.027075188483954345,0.027075188483954345,0.0,0.0,0.0,0.0,0.0,0.0,0.03751601768619534,0.14441649229060494,0.17569137007758445,0.17197162196639168,0.17197162196639168,0.0,0.0,0.0,0.0,0.0,0.0,0.029941797214740863,0.14782382702442293,0.18209556653093206,0.1804789809513352,0.1804789809513352
MAC,0.6676666666666667,0.30866666666666664,11.173913059673433,115.86511070431901,1.0232210777777777,0.0007532061587915666,1254040842.0,0.349405702242038,0.6812581444176091,0.5728701702384386,1.7023875960081853,0.4780582593650349,1.153461182613044,-0.6523534285540417,0.7418949845251963,1,1,0.26917599908681505,0.317817685580497,0.07331854448222282,0.11424602319877153,0.3175013378301222,HIC,High income,East Asia & Pacific,high,high,231338.05499999973,9904001.35799999,0.1020477888949141,0.0343324997136843,0.076236008629998,0.0090524016898127,0.0030554969352493,0.0559590179733092,0.2617758241288924,0.1031232419232162,0.4025943236345826,0.4850354041404916,0.2307269394182005,0.2159116293206792,0.8579114188541109,0.3712381779903504,0.7507009795585692,0.0,0.0,0.0,0.0,0.0,0.0,0.007280457484538705,0.04122881857492468,0.054512654963009215,0.052432330099402485,0.052432330099402485,0.0,0.0,0.0,0.0,0.0,0.0,0.020423795526752893,0.10365951244245118,0.13396992902627397,0.12959665898894168,0.12959665898894168,0.0,0.0,0.0,0.0,0.0,0.0,0.02528740555835796,0.1231794818176622,0.15183745395731638,0.14989070975852337,0.14989070975852337
MAR,-0.3933333333333333,-0.21166666666666667,8.061705274288373,70.8615647285762,-0.32923051666666653,2.9373778159315136,23427945800.0,0.1050401805260393,-0.38783191979671267,-0.01961984742212762,-0.48620149992097944,-0.32457547706879375,-0.33878224688872083,-0.2649052848446157,-0.708045932101111,0,0,0.26917599908681505,0.317817685580497,0.03876668871394052,0.018407227527748805,0.08306145464184318,LMC,Lower-middle income,"Middle East, North Africa, Afghanistan & Pakistan",middle,middle,3500741.2860000124,11211272.91999996,0.1049576995219288,0.0107694754007072,0.1428029867281126,0.0412273819197045,0.0042214787030201,0.0321320396506769,0.5492189387684989,0.0506239512643787,0.4399677473019731,0.1856661909291395,0.0518467035693835,0.2522285582715093,0.8810702111392719,0.1174616089374897,0.867131331952272,0.0,0.0,0.0,0.0,0.0,0.0,0.0030722316965011084,0.01631940091285935,0.02075969938781487,0.020292229109730265,0.020292229109730265,0.0,0.0,0.0,0.0,0.0,0.0,0.031463893987081576,0.154043621021938,0.18945000879862878,0.1877759693722185,0.1877759693722185,0.0,0.0,0.0,0.0,0.0,0.0,0.03232448946008833,0.1430473556286165,0.17491702720939534,0.17264283529055385,0.17264283529055385
MDA,-0.035666666666666666,-0.2846666666666667,7.976614790133643,88.86482981694574,-0.40858811666666556,0.2862828737707063,2207177126.0,0.0268622251577255,-0.027438065287769105,-0.1027430465686132,-0.5460394409038742,-0.003489046820043893,-0.4263423914938757,-0.6146816269481947,-1.1719142203551416,0,0,0.26917599908681505,0.317817685580497,0.015769332222352255,0.009503300059926905,0.0238770535744129,LMC,Lower-middle income,Europe & Central Asia,middle,middle,112447.19900000014,1267283.5940000012,0.0163461519392759,0.0021270308109156,0.1203429056622031,0.0030178252817128,0.00072072938896,0.0406474835181997,0.3912952335967029,0.0756052223478825,0.4053140334427783,0.5760582351188662,0.1348333646695827,0.2306612658634322,0.986717445936558,0.2132863472173409,0.7969656884866134,0.0,0.0,0.0,0.0,0.0,0.0,0.002376110184988904,0.02236527172193086,0.030941458652211838,0.029725747987158227,0.029725747987158227,0.0,0.0,0.0,0.0,0.0,0.0,0.012888073670865889,0.11080261895806413,0.15106313803203256,0.14586917033833785,0.14586917033833785,0.0,0.0,0.0,0.0,0.0,0.0,0.029394956286816803,0.1316535703631461,0.16095543332055084,0.15887570059555267,0.15887570059555267
MDG,-1.3626666666666667,-0.632,6.111655651932108,62.466159608980526,-0.7495930611111108,8.340814532510008,2446964741.333333,0.2819835134032584,-1.364556364262703,-0.4982424689916176,-1.857529391346347,-0.4743066867749984,-0.8025942217738841,0.448005557938154,0.3418459530604935,1,0,0.26917599908681505,0.317817685580497,0.1620718311703646,0.061057363573688316,0.3125452845560432,LIC,Low income,Sub-Saharan Africa,low,middle,1334862.908999998,2218413.3410000005,0.0050790938562216,0.0008008862479955,0.1133979210955348,0.0002893825256478,6.792019459902635e-05,0.0258632496206215,0.2498956228021168,0.0105072948127763,0.5275856777314617,0.7382252479681432,0.0752449646672447,0.2222911681452966,0.9934893471521294,0.0866210659226156,0.8891380165929148,0.0,0.0,0.0,0.0,0.0,0.0,0.00038927743730795097,0.00605955051598889,0.0091658358699022,0.00848739766388606,0.00848739766388606,0.0,0.0,0.0,0.0,0.0,0.0,0.007426666831566681,0.08758052270447891,0.12583904767856596,0.11918291839360728,0.11918291839360728,0.0,0.0,0.0,0.0,0.0,0.0,0.030533360557923307,0.14988745324328845,0.18538781435361998,0.18338354972280174,0.18338354972280174
MDV,-0.8323333333333333,-1.0196666666666667,9.203907102912346,143.33760983839866,-0.41097386666666647,0.005917795743380134,270044948.0,0.1713080846697315,-0.8301792696459936,-0.9396684078380227,0.3170258678710748,0.9680275306986038,-0.42897473691500526,-0.6516720303797873,-0.31484583986928355,0,0,0.26917599908681505,0.317817685580497,0.1070291904761859,0.0009483127495062989,0.1612956238282304,UMC,Upper-middle income,South Asia,low,low,91663.185,852327.1880000031,0.0081388836750544,0.0007245631621993,0.1985664054635311,0.0021537108927646,0.0001285916279265,0.0494016659245649,0.9887032836574464,0.0043724538805445,0.3649505464326434,0.0002944693663001,3.65028663011864e-05,0.2727320954590964,0.9992903475915658,0.0052621115369717,0.8856507132798359,0.0,0.0,0.0,0.0,0.0,0.0,0.0002189667691517866,0.0010764323590779193,0.001309469006844519,0.001309139882640164,0.001309139882640164,0.0,0.0,0.0,0.0,0.0,0.0,0.028007976943576565,0.197348915448458,0.24977370981045222,0.24977105475878886,0.24977105475878886,0.0,0.0,0.0,0.0,0.0,0.0,0.03867605921426216,0.1475562415056775,0.1761436214917073,0.1736845616146171,0.1736845616146171
MEX,0.9503333333333334,0.6976666666666667,9.220778230887603,74.35180137528151,-0.39018518333333313,2.17344706378635,393740244305.6667,0.7597563775677746,0.9660801282233725,1.0158143410327247,0.328890103574124,-0.2623274559396737,-0.40603729779364245,-0.3656956789781365,3.176707515122343,1,1,0.26917599908681505,0.317817685580497,0.7718898896492442,0.021239374425616128,0.09532691727146646,UMC,Upper-middle income,Latin America & Caribbean,high,high,888956160.4929984,193494586.88,0.3290990046671761,0.029982946309877,0.3129206372297667,0.0576324487155669,0.0019877066309365,0.0725827907873719,0.4707887796782924,0.0890028211954226,0.3176060496209782,0.1098666903054429,0.0223179873187605,0.1487406157664189,0.9673869233664784,0.1432914614549967,0.8518500934045359,0.0,0.0,0.0,0.0,0.0,0.0,0.006268389505109178,0.026643956418447766,0.03211844533747948,0.03191721758296606,0.03191721758296606,0.0,0.0,0.0,0.0,0.0,0.0,0.05828890978933163,0.19493018852776475,0.22361066134419977,0.22262006003816706,0.22262006003816706,0.0,0.0,0.0,0.0,0.0,0.0,0.05349201316593473,0.16639730422695262,0.18827401950465866,0.1869329155920106,0.1869329155920106
MHL,-0.213,-0.871,8.284893225692867,126.65381114854067,0.391886288888889,0.0,518594050.3333333,0.2222464142795708,-0.20612355512817726,-0.7703855456492895,-0.32924966685877655,0.6704736515538725,0.4568704917481906,-0.6524528039822401,-0.01260365853676096,0,0,0.26917599908681505,0.317817685580497,0.05769347300916103,0.032661999254804924,0.20828324176147303,UMC,Upper-middle income,East Asia & Pacific,middle,low,33590.259999999995,10450331.805999994,0.0071211118937453,0.0011739710939755,0.9082323132123524,0.0211021587805512,0.0060897628914191,0.0115234254983999,0.9408016490494564,0.0555938178970635,0.0122401247514992,0.0204474154114913,0.007876621924268,0.0009307260458864,0.9894723351352442,0.0707341738067263,0.932926589508138,0.0,0.0,0.0,0.0,0.0,0.0,0.002198229420083035,0.01316206414843898,0.016376153337202614,0.016305134614934623,0.016305134614934623,0.0,0.0,0.0,0.0,0.0,0.0,0.02828411447369253,0.19340602662387882,0.24397414802903483,0.24378978608680008,0.24378978608680008,0.0,0.0,0.0,0.0,0.0,0.0,0.11271771352428825,0.23239673537980457,0.23307716211122137,0.23306877031900436,0.23306877031900436
MKD,0.06633333333333334,-0.26699999999999996,8.594183344517129,118.00704539780634,-0.15720459999999978,0.8685568498744507,5205635683.666667,0.0349880993697219,0.0753396788685559,-0.08262647325918969,-0.11174844964693692,0.5162594501591478,-0.14897542133996622,-0.5378584026174681,-1.1236994091141959,0,0,0.26917599908681505,0.317817685580497,0.03590451172404078,0.016190418337876655,0.015168195932591411,UMC,Upper-middle income,Europe & Central Asia,middle,middle,522163.711,1294406.1519999965,0.6819063935295193,0.0135639690242419,0.1591868762997044,0.0009966184724008,5.571231028636898e-05,0.0207658917245319,0.1962302642666794,0.0119571134754556,0.3931573171324061,0.0979054555554896,0.0159634138986787,0.201778324829841,0.9770387318240892,0.0415402087086627,0.7748884099864836,0.0,0.0,0.0,0.0,0.0,0.0,0.0019922948367225046,0.006560665356182966,0.007735387165294793,0.007591454744896871,0.007591454744896871,0.0,0.0,0.0,0.0,0.0,0.0,0.08901542460728011,0.21428911145921897,0.22800898234127912,0.2271262282338116,0.2271262282338116,0.0,0.0,0.0,0.0,0.0,0.0,0.03204370714520825,0.13255135487237713,0.1602302084162579,0.15841089565139868,0.15841089565139868
MLI,-0.8569999999999999,-0.8413333333333334,6.755751515365723,52.22659795494963,-0.8041668055555546,8.078028948459844,2163695598.333333,0.0823186861318861,-0.8550340182328173,-0.736604884808937,-1.4045836754260723,-0.6569282436240799,-0.8628088068319041,0.41333453243662993,-0.8428637418216918,0,0,0.26917599908681505,0.317817685580497,0.0018588796409516287,0.03349399457036693,0.09115364398522456,LIC,Low income,Sub-Saharan Africa,low,low,27523.76200000001,1598088.5160000045,0.4357609980786783,0.0462742527623059,0.1450272570508849,0.1384620677943661,0.0086041685183432,0.0843897091117071,0.1336440490947421,0.0377024902649101,0.3503583946660421,0.2511973472231013,0.0364460832704516,0.3073108773907233,0.959064462190888,0.129026994816011,0.8870862382193574,0.0,0.0,0.0,0.0,0.0,0.0,0.007467983517017915,0.0229737762075494,0.02620729635788266,0.02587868413167367,0.02587868413167367,0.0,0.0,0.0,0.0,0.0,0.0,0.06947400950773779,0.1824760913561918,0.19807147389798585,0.1958065797836792,0.1958065797836792,0.0,0.0,0.0,0.0,0.0,0.0,0.03485556392775157,0.14177768710979505,0.17076299179121518,0.16799215601146275,0.16799215601146275
MLT,1.0236666666666665,0.08633333333333333,10.19052358477439,211.20102804122567,1.0316464444444444,0.0,4625681749.333333,0.1504701022369768,1.0399726240220375,0.31970499292927923,1.010841391438407,2.1783647994255153,1.1627574103679763,-0.6524528039822401,-0.4384878460615717,0,0,0.26917599908681505,0.317817685580497,0.09115691695408025,0.07320896511843501,0.12168996548765824,HIC,High income,"Middle East, North Africa, Afghanistan & Pakistan",high,middle,1511669.3000000005,4781071.124000001,0.0776764170576196,0.0151803189367381,0.8304768862501456,0.099831254097705,0.0055911075254785,0.0076234910660576,0.0405302164964255,0.0117055853544484,0.0642685710023334,0.0109441456540792,0.0040075754430294,0.0319376087574806,0.2289820333058294,0.0364845872596946,0.9343065570760172,0.0,0.0,0.0,0.0,0.0,0.0,0.002680310517499973,0.00769962433498505,0.008455954989338802,0.008419821112393455,0.008419821112393455,0.0,0.0,0.0,0.0,0.0,0.0,0.01958011610504912,0.05290952171092059,0.05542895956010402,0.05533028283699347,0.05533028283699347,0.0,0.0,0.0,0.0,0.0,0.0,0.10424594204117944,0.2237863778778992,0.2282755197826192,0.22798755773644522,0.22798755773644522
MMR,-1.2893333333333332,-0.6946666666666667,7.111934373285767,,-1.0654481055555538,7.081384991695887,12334191229.0,0.4032221743452864,-1.290663868464038,-0.5695993705420254,-1.154106209666424,,-1.1510966130486124,0.28184075904034345,1.0612146018878506,1,1,0.26917599908681505,0.317817685580497,0.017007542459483823,0.38010190123636695,0.3971297724071156,LMC,Lower-middle income,East Asia & Pacific,low,middle,971279.2889999998,25811921.29200001,0.0374374265072999,0.0128313786899956,0.2230393581272966,0.0006100356578281,3.939426826087498e-05,0.0516616567172507,0.4305399710834361,0.1273743123125473,0.3584330075757461,0.5113778308928809,0.1912794391263,0.261597669836874,0.9799652641414452,0.3315245243971039,0.8947316922571675,0.0,0.0,0.0,0.0,0.0,0.0,0.005031506987827576,0.03789886253075163,0.05113187993282041,0.049407229252173446,0.049407229252173446,0.0,0.0,0.0,0.0,0.0,0.0,0.01632232662389468,0.11996128533919648,0.1601109793502724,0.1555001956291071,0.1555001956291071,0.0,0.0,0.0,0.0,0.0,0.0,0.0417025131744832,0.15239736495144077,0.18026199835776152,0.17790333084283888,0.17790333084283888
MNE,0.19400000000000003,-0.24700000000000003,8.799342387296763,104.99081004761332,0.12180945555555552,0.9694233310746303,386562321.0,0.0659006087854503,0.20397979655441367,-0.05985299404097454,0.032524964894122856,0.28411619595738674,0.15887803001586404,-0.5245504262511814,-0.9402802756672446,0,0,0.26917599908681505,0.317817685580497,0.0047536306106999516,0.08243431643929934,0.05664065702234016,UMC,Upper-middle income,Europe & Central Asia,middle,middle,7747.32,754830.8909999961,0.1503963951405131,0.0223535848417339,0.1941163852023656,0.0139348832886727,0.0024088274159937,0.0455637142174142,0.3100507014038405,0.066835049713789,0.311849612683646,0.5132440637536595,0.0558488316743878,0.2585080185861141,0.9876260435866858,0.1474462936459045,0.81003773068954,0.0,0.0,0.0,0.0,0.0,0.0,0.004769531538925745,0.02215628441802841,0.027591582908145337,0.027088027868458233,0.027088027868458233,0.0,0.0,0.0,0.0,0.0,0.0,0.028098926175726062,0.1278910711076474,0.1617164101506747,0.15708879973978104,0.15708879973978104,0.0,0.0,0.0,0.0,0.0,0.0,0.03634583847669663,0.134310939627767,0.1596013394234603,0.157270529419815,0.157270529419815
MNG,-1.252,-1.1816666666666666,8.261149379015478,102.213934190258,-0.055047955555555396,12.339137053596247,4959650611.666667,0.6306271081644558,-1.2530458706028995,-1.124133589505566,-0.3459469851347535,0.2345908930800682,-0.03625968195353,0.9755304699037833,2.41052000255037,1,1,0.26917599908681505,0.317817685580497,0.0024863970711651163,0.8443602859949975,0.33085254360444255,LMC,Lower-middle income,East Asia & Pacific,low,low,54534.673999999926,3947062.412999997,0.3333407109025722,0.023613850245854,0.2061962844366101,0.0041001253624437,0.0002972745535933,0.0545783345838367,0.1745619676758316,0.0276196732291551,0.3667003405451345,0.1369110228842665,0.047704605291988,0.2076469587358421,0.6489138268251141,0.0992354033205905,0.8351219183014235,0.0,0.0,0.0,0.0,0.0,0.0,0.00367093234274187,0.013810243616353968,0.016890668394387298,0.0164605449040497,0.0164605449040497,0.0,0.0,0.0,0.0,0.0,0.0,0.04597106684520787,0.12561083151741662,0.13950347135048838,0.13826902770153188,0.13826902770153188,0.0,0.0,0.0,0.0,0.0,0.0,0.04012344536316653,0.14783939127582701,0.17431448847370992,0.17244226179658348,0.17244226179658348
MNP,0.86,-0.6033333333333334,10.034716780059972,135.6676792042647,,0.0,2963801.0,0.0,0.8750580083986533,-0.46560048211217586,0.9012738119628773,0.831235085801452,,-0.6524528039822401,-1.3313010237564857,0,0,0.26917599908681505,0.317817685580497,0.0,0.0,0.0,HIC,High income,East Asia & Pacific,high,middle,,,,,,,,,,,,,,,,,,0.0,0.0,0.0,0.0,0.0,0.0,0.0,0.0,0.0,0.0,0.0,0.0,0.0,0.0,0.0,0.0,0.0,0.0,0.0,0.0,0.0,0.0,0.0,0.0,0.0,0.0,0.0,0.0,0.0,0.0,0.0,0.0,0.0
MOZ,-1.4283333333333335,-1.0503333333333333,6.424163604240572,104.96706751821937,-0.7921129555555547,15.526833955423134,4145709213.3333335,0.1748502217035759,-1.4307237355005986,-0.974587742639286,-1.6377653061765538,0.2836927503228998,-0.8495090491647259,1.396104227683707,-0.2938285974137899,0,0,0.26917599908681505,0.317817685580497,0.022824855444258576,0.09466617304702413,0.17894743934312382,LIC,Low income,Sub-Saharan Africa,low,low,396848.775,4030089.838999992,0.1068143929636673,0.0021563892799603,0.1214163315330501,0.0060276008159531,0.0011042029357564,0.0941922051777864,0.5083933621818539,0.0012644994065361,0.3697907107623667,0.3766419362136118,0.0072169312834359,0.3111271192681721,0.9978772921750864,0.0117420229056889,0.8965263667413754,0.0,0.0,0.0,0.0,0.0,0.0,0.00039775235766836413,0.0014260723000026616,0.0017376134437207243,0.0016725427518208924,0.0016725427518208924,0.0,0.0,0.0,0.0,0.0,0.0,0.02742586930807378,0.14724071809856099,0.1869529360902827,0.1835569842063895,0.1835569842063895,0.0,0.0,0.0,0.0,0.0,0.0,0.03336740710198336,0.14234481468845359,0.17248959033140543,0.1696843458134137,0.1696843458134137
MRT,-1.8356666666666666,-1.3666666666666665,7.3478784949819955,76.43834278385206,-0.8597651722222218,7.77783438825858,1965558304.3333333,0.3258011523220124,-1.8411629621640924,-1.3347882722740565,-0.9881838909774555,-0.2251141988357207,-0.9241539209122677,0.3737278953763184,0.6018375717312187,1,1,0.26917599908681505,0.317817685580497,0.015467106930191701,0.3061027714564193,0.2853146925760281,LMC,Lower-middle income,Sub-Saharan Africa,low,low,113079.36300000004,2429397.5669999914,0.0009722463682431,0.0001437104969537,0.0902140979216682,0.0002960310273413,3.0272706717120355e-05,0.0202346041124524,0.995624984198045,0.0077632492693424,0.4147939640214529,0.0023417977690588,0.0010580379000593,0.4037112781878423,0.9992350593626884,0.0089952703730727,0.928953944243416,0.0,0.0,0.0,0.0,0.0,0.0,0.00023090039356206445,0.0016257963927993595,0.0020732006467418934,0.0020636609607577526,0.0020636609607577526,0.0,0.0,0.0,0.0,0.0,0.0,0.027150384615575212,0.1965589632201652,0.24942006480113565,0.24939895023108677,0.24939895023108677,0.0,0.0,0.0,0.0,0.0,0.0,0.02412664222052014,0.12956177113587256,0.16522903209934733,0.16158901237798154,0.16158901237798154
MSR,1.036,-0.27899999999999997,,,,,7175193.0,0.3056017553812447,1.0523999983154495,-0.09629056079011884,,,,,0.4819846075735591,1,0,0.26917599908681505,0.317817685580497,0.2172100543088995,0.0010513725467902128,0.014484755151465302,,,,high,middle,1885.675,1048.881,0.545370225516062,0.0627002734122444,0.076576847135185,0.0176424887639704,0.0025550971001006,0.0069731456666676,0.3503307834064725,0.097350162060502,0.7897416389466488,0.0817001869357126,0.0286081315954957,0.0486184800754327,0.9950436846222176,0.1912136641683429,0.9219101118239342,0.0,0.0,0.0,0.0,0.0,0.0,0.010556940464726581,0.036924816492052454,0.043054935182997245,0.04279699301287392,0.04279699301287392,0.0,0.0,0.0,0.0,0.0,0.0,0.0779489968618846,0.21385974500247085,0.23520002947155288,0.23446338844180464,0.23446338844180464,0.0,0.0,0.0,0.0,0.0,0.0,0.03143459357658827,0.17889336676387269,0.22240765728772524,0.2219692939427828,0.2219692939427828
MUS,0.028666666666666663,-0.24333333333333332,9.210076045310117,128.803045988869,0.8596222888888888,0.019499436807311435,2244864535.333333,0.1759862562618941,0.0373858060265143,-0.055677856184301704,0.32136403582007195,0.7088050397359572,0.9729525279619522,-0.6498801154032403,-0.2870879452250518,0,0,0.26917599908681505,0.317817685580497,0.12392470090754514,0.008932438924382141,0.18264165005950295,UMC,Upper-middle income,Sub-Saharan Africa,middle,middle,930405.0989999984,2660276.040000002,0.0089970530137862,0.0011342096437227,0.0892157807804035,0.0014424394292791,6.479702359942754e-05,0.0267084982654657,0.1108751006533339,0.0130351180929907,0.4622306465610234,0.8739065422942192,0.1808812839423719,0.2291861306242491,0.9952211353906184,0.1951154087026848,0.8073410562311418,0.0,0.0,0.0,0.0,0.0,0.0,0.0004984264471235069,0.011936333823081046,0.018755524308187322,0.0171246274857561,0.0171246274857561,0.0,0.0,0.0,0.0,0.0,0.0,0.004239784959298161,0.06826578944216063,0.10375112416357313,0.09587163894616624,0.09587163894616624,0.0,0.0,0.0,0.0,0.0,0.0,0.02587176139471559,0.13152487709889565,0.16379412352384246,0.16172769119854186,0.16172769119854186
MWI,-1.1486666666666665,-1.1159999999999999,6.293173358863508,45.3003137160008,-0.4678303666666663,8.958905540596055,831204837.6666666,0.1557600564740523,-1.1489246265229622,-1.049360666072426,-1.7298812066802403,-0.7804578295217494,-0.4917080272582494,0.5295543581932064,-0.40709994386671666,0,0,0.26917599908681505,0.317817685580497,0.06682335506647784,0.03429537028700863,0.16201212014972535,LIC,Low income,Sub-Saharan Africa,low,low,225824.6680000001,1009235.9990000008,0.0109338763646494,0.0011059999062661,0.1983142091624891,7.475711200868449e-05,1.5143604850781462e-05,0.0555220335536207,0.5385110097892404,0.0052099601422258,0.4054831975925178,0.4495869822334903,0.0506345009874043,0.2622220761667458,0.9991066254993888,0.0569656046407471,0.9215415164753734,0.0,0.0,0.0,0.0,0.0,0.0,0.0002782686418419356,0.003845237938862875,0.005836904070064311,0.005380363487390993,0.005380363487390993,0.0,0.0,0.0,0.0,0.0,0.0,0.015953419889451575,0.1313723868040118,0.17515258760248506,0.1710989344839864,0.1710989344839864,0.0,0.0,0.0,0.0,0.0,0.0,0.04029367428785861,0.15648072068109178,0.18686081319772363,0.1844965157896628,0.1844965157896628
MYS,0.9499999999999998,1.0716666666666665,9.20476976827552,130.47475194763868,0.22739791111111107,6.002439080622634,230536777019.66663,0.299873231266093,0.9657442532424693,1.4416784024133493,0.31763251759933026,0.7386197481286964,0.2753802986968666,0.13948834906017882,0.447994454428746,1,0,0.26917599908681505,0.317817685580497,0.12656332720152957,0.1738677753934572,0.2271458359187906,UMC,Upper-middle income,East Asia & Pacific,high,high,105050438.764,110124841.62300046,0.2422790816912038,0.0585523937203027,0.2276032575357182,0.3107725539951558,0.0192281512798707,0.1188202221601841,0.2805758603751851,0.0992746105200022,0.3540955365774235,0.1196050728472138,0.0319014813818642,0.167261005714381,0.9532325689087586,0.2089566369020399,0.8677800219877069,0.0,0.0,0.0,0.0,0.0,0.0,0.011596603335746117,0.04060031873134821,0.04694403629122511,0.04665639998368371,0.04665639998368371,0.0,0.0,0.0,0.0,0.0,0.0,0.06519860566229331,0.19952914780947983,0.21845566087345128,0.21737725447892722,0.21737725447892722,0.0,0.0,0.0,0.0,0.0,0.0,0.04817028455502989,0.16474380275819453,0.18918242053203968,0.18767432949691001,0.18767432949691001
NAM,-0.35966666666666663,-0.7516666666666666,8.440646068246666,90.80829528288446,0.3668519333333333,2.611619609057563,3699279441.6666665,0.0782157849933335,-0.35390854672550726,-0.6345037863139387,-0.21972003504113724,0.031172465172750928,0.42924854006944346,-0.30788470146170643,-0.8672082737175374,0,0,0.26917599908681505,0.317817685580497,0.02685086289097822,0.05133502745297019,0.05343083972118245,UMC,Upper-middle income,Sub-Saharan Africa,middle,middle,324769.3599999996,1153630.958000002,0.0255929561828123,0.0022478833123706,0.3395034376322615,0.0039090941337569,0.0007589778905195,0.0698455805482986,0.4078857038730507,0.0059907747353693,0.3498064681790546,0.5468844228408746,0.0054976356797237,0.1884162430738095,0.9842721770304946,0.0144952716179833,0.9475717294334244,0.0,0.0,0.0,0.0,0.0,0.0,0.000506186230200696,0.0022074507429471727,0.0027113005068367182,0.0026617316605441277,0.0026617316605441277,0.0,0.0,0.0,0.0,0.0,0.0,0.01455171531617696,0.11514254558314327,0.15529419538444567,0.15036327026047056,0.15036327026047056,0.0,0.0,0.0,0.0,0.0,0.0,0.057378919539652386,0.1806909595049338,0.2056189247989737,0.20392008982043935,0.20392008982043935
NCL,-0.39999999999999997,-0.983,10.337174767513403,59.001531621466,,0.014457953718048066,1224184486.6666667,0.19753179089752218,-0.394549419414773,-0.8979170292712948,1.1139704887162127,-0.5360979800315538,,-0.6505452713302109,-0.15924768355715077,0,0,0.26917599908681505,0.317817685580497,0.035144903588235125,0.3813889625997335,0.04149818022423645,HIC,High income,East Asia & Pacific,middle,low,155978.81499999983,443523.8699999995,0.0280399617089026,0.0060725586398028,0.1313548084796429,0.0020869308437815,0.0001125450968378,0.0424145401689429,0.0413930571276618,0.0107528123914921,0.4046156410927789,0.0079754997497576,0.003093866325028,0.2741834165543335,0.0794954494301037,0.0200317824531608,0.8525684062956983,0.0,0.0,0.0,0.0,0.0,0.0,0.001046262174598315,0.0038195498100404087,0.0044944145224556096,0.004466519006410275,0.004466519006410275,0.0,0.0,0.0,0.0,0.0,0.0,0.004747743937455033,0.016085455885840743,0.018550060144963652,0.018478149901318297,0.018478149901318297,0.0,0.0,0.0,0.0,0.0,0.0,0.03088465401867236,0.13689280597725634,0.16763214923601263,0.16516000367691616,0.16516000367691616
NER,-0.8786666666666667,-1.032,6.202646860577212,40.09555044425093,-0.6006688111111109,9.601934671194194,803165097.6666666,0.142255895875101,-0.876865891991514,-0.953712053355922,-1.7935419005363624,-0.8732842613391414,-0.638276892807101,0.6143934085002244,-0.4872267754246826,0,0,0.26917599908681505,0.317817685580497,0.007720473044159361,0.11993500348511897,0.1018884545296827,LIC,Low income,Sub-Saharan Africa,low,low,233208.1139999999,1110647.7620000031,0.2355232202598234,0.0036978195006226,0.3674265549908876,0.0012633651331702,0.0004171098597914,0.064732660938815,0.744832124494605,0.0021493795503541,0.2672505767854774,0.0114743220298072,0.0010524760788107,0.2041429792211654,0.993093031917406,0.0073167849895789,0.9035527719363456,0.0,0.0,0.0,0.0,0.0,0.0,0.0005490866523548912,0.0015048986467136249,0.0016545024720183337,0.0016450129336028274,0.0016450129336028274,0.0,0.0,0.0,0.0,0.0,0.0,0.04919144478694523,0.20649365962032393,0.2463687086260433,0.24626525162413518,0.24626525162413518,0.0,0.0,0.0,0.0,0.0,0.0,0.05810442107332777,0.17091962039509184,0.19200380503958966,0.19016317162038243,0.19016317162038243
NFK,0.9996666666666667,-0.45133333333333336,,,,,2302390.333333333,0.064192692338763,1.01578962539702,-0.2925220400537401,,,,,-0.9504141845789486,0,0,0.26917599908681505,0.317817685580497,0.1930666991284561,0.0,0.045377897750389105,,,,high,middle,1715.641,5488.443000000001,0.6968112792827871,0.0686868348605729,0.1134640552885399,0.0005630548582133,0.0001084277612259,0.3453930376975764,0.2956545104715963,0.0641872253368602,0.2245505692598064,0.0069711553874033,0.0048966624046028,0.2999138371301296,1.0,0.1378791503632619,0.9833214993760524,0.0,0.0,0.0,0.0,0.0,0.0,0.01017189150691973,0.030088323665653758,0.033657021904805566,0.03361287167000997,0.03361287167000997,0.0,0.0,0.0,0.0,0.0,0.0,0.09350061492652058,0.23293298475853025,0.2488429024869269,0.24878004780720442,0.24878004780720442,0.0,0.0,0.0,0.0,0.0,0.0,0.050992298888848965,0.1739844352993002,0.1960495945006924,0.1933454533462404,0.1933454533462404
NGA,-2.024,-1.281,7.824988262838306,,-0.9994593499999981,5.67227263304098,40231930063.0,0.2492748059686161,-2.0309323263743004,-1.2372418696227014,-0.6526673356898649,,-1.078287140751583,0.09592732433644074,0.1477690926817816,0,0,0.26917599908681505,0.317817685580497,0.09367741883500498,0.024546187865443662,0.3278210805669437,LMC,Lower-middle income,Sub-Saharan Africa,low,low,14792454.07599999,30708412.37899994,0.04510985354909,0.0003045298960714,0.1608541622092439,0.0002245229211418,7.527573529324163e-06,0.0380424068031238,0.8520381450058997,0.0010940005440344,0.4248634340315878,0.0077115347740086,0.0014351764614781,0.2815235021368939,0.9050840562501402,0.0028412344751133,0.9052835051808494,0.0,0.0,0.0,0.0,0.0,0.0,6.768451032389336e-05,0.0003654729108553114,0.00047209285365591643,0.0004591527380196385,0.0004591527380196385,0.0,0.0,0.0,0.0,0.0,0.0,0.028660812897390628,0.17956007004163616,0.22499102570865243,0.2249214954770835,0.2249214954770835,0.0,0.0,0.0,0.0,0.0,0.0,0.034658248160489555,0.14753115868042432,0.17959259007986725,0.1770542634212559,0.1770542634212559
NIC,-1.1953333333333334,-1.0473333333333332,7.668888116473055,96.12949294745431,-0.6838640555555546,2.64044463303925,4768733202.666667,0.4300883979382974,-1.1959471238493855,-0.9711717207565536,-0.7624412009864796,0.12607549272792942,-0.730071347705142,-0.3040816270078188,1.2206251299737665,1,1,0.26917599908681505,0.317817685580497,0.5601514027624285,0.004515588764958715,0.10214018295444038,LMC,Lower-middle income,Latin America & Caribbean,low,low,8868731.936000004,3263465.069000007,0.1128108097324275,0.0064944545555007,0.0963941560117244,7.883167571702772e-05,1.1010861078224333e-05,0.0240638304193841,0.2376025610207371,0.0048156339715999,0.4819254031365874,0.6397235256339115,0.1177543205225585,0.2599239373075075,0.9902157280627932,0.1290754199107375,0.8623073268752036,0.0,0.0,0.0,0.0,0.0,0.0,0.0009278417078844032,0.008478827033927893,0.01272356816963671,0.011661848886236593,0.011661848886236593,0.0,0.0,0.0,0.0,0.0,0.0,0.020282550210989483,0.1071006696848898,0.141370314031381,0.13560231502976378,0.13560231502976378,0.0,0.0,0.0,0.0,0.0,0.0,0.027048740873456743,0.13807900219201827,0.17243371917390718,0.17009014268998704,0.17009014268998704
NIU,1.2233333333333334,-0.3203333333333333,,,,,15583040.0,0.0201994163594507,1.2411617375829485,-0.1433557511744303,,,,,-1.2114479443782222,0,0,0.26917599908681505,0.317817685580497,0.19812108738382875,0.0,0.0,,,,high,middle,1202.9700000000005,0.0,0.0861093792862664,0.0208032990744975,,0.0,0.0,,0.2072587013807492,0.0416215475557318,,0.5914046069311785,0.187302365657178,,0.8847726875981942,0.2497272122874074,0.0,0.0,0.0,0.0,0.0,0.0,0.0,0.0036794546695493365,0.022790475620085952,0.03134268090334482,0.02965388908184568,0.02965388908184568,0.0,0.0,0.0,0.0,0.0,0.0,0.016178783196520104,0.09200571450955684,0.12302970230646357,0.11769736568659228,0.11769736568659228,0.0,0.0,0.0,0.0,0.0,0.0,0.0,0.0,0.0,0.0,0.0
NLD,1.0216666666666667,1.9666666666666668,10.751500070700745,156.979133811102,1.707127038888889,0.32579351998759937,419531897178.0,0.1273313927731763,1.0379573741366195,2.4607915974284804,1.4053353021395454,1.2113227448749309,1.908056896838488,-0.6094687282744756,-0.5757811981429025,0,0,0.26917599908681505,0.317817685580497,0.042245317646503446,0.024099312811408164,0.09938817954190658,HIC,High income,Europe & Central Asia,high,high,48310416.51999997,133291365.84499957,0.2249902224399207,0.0248324493320114,0.1426218317779594,0.1115608212520542,0.0097916365347389,0.0153450720309858,0.2740446364298903,0.0350446007407687,0.3008328941848285,0.1657404562571966,0.0117614151436425,0.2307245653162739,0.776336136379062,0.0814301017511617,0.6895243633100478,0.0,0.0,0.0,0.0,0.0,0.0,0.004873615757407725,0.01614900965953669,0.01840532333403004,0.01829927778765294,0.01829927778765294,0.0,0.0,0.0,0.0,0.0,0.0,0.04502731849547162,0.14643052724851652,0.1665738354127308,0.16507945424975606,0.16507945424975606,0.0,0.0,0.0,0.0,0.0,0.0,0.02702225680413225,0.11031951947874857,0.13408459535493364,0.13200429189716395,0.13200429189716395
NOR,1.0006666666666666,0.18299999999999997,11.22997392034422,69.552493566531,1.835295577777778,4.78846557980285,88982156941.0,0.0919430282066151,1.016797250339729,0.4297768091506528,1.7418111168118606,-0.34792263017127256,2.049473166974463,-0.020679136371832604,-0.7857577832078746,0,0,0.26917599908681505,0.317817685580497,0.04489722540551453,0.0312687594294668,0.052662380350509956,HIC,High income,Europe & Central Asia,high,high,14838990.306000035,24256705.82800012,0.1576940982334785,0.0210810192726145,0.1354944893715179,0.0059710512759195,0.0006259846954875,0.0165468620449148,0.5040160382055014,0.0364554662091565,0.2902853126029987,0.0702374097905147,0.0075824545364934,0.2875260400342261,0.7379185975054142,0.065744924713752,0.7298527040536577,0.0,0.0,0.0,0.0,0.0,0.0,0.0036295499361571615,0.012988139864508188,0.015177668027913455,0.015109301634551629,0.015109301634551629,0.0,0.0,0.0,0.0,0.0,0.0,0.03354005918758628,0.14372203462705352,0.17282139078407546,0.17218810266301343,0.17218810266301343,0.0,0.0,0.0,0.0,0.0,0.0,0.025970171852372805,0.1096082570562505,0.13473856690937275,0.13214611900742482,0.13214611900742482
NPL,-0.13266666666666668,0.147,6.802566638981979,44.47454237891747,-0.6880452611111103,0.8897908910379005,718445413.0,0.1420065702066819,-0.12517768473054877,0.3887845465578654,-1.3716620081928423,-0.7951853786371103,-0.7346847302049699,-0.535056856309898,-0.48870614733307416,0,0,0.26917599908681505,0.317817685580497,0.10594231719156867,0.03318377282637492,0.1353522033161049,LIC,Low income,South Asia,middle,high,308224.9729999996,3489990.552,0.0051196013893397,0.0008628824807411,0.1552085579972654,0.000231133121066,2.335334497974493e-05,0.0194020227250173,0.5756771337279026,0.0699788901905366,0.3785336683054736,0.4021040566365793,0.1266736542677299,0.2554532497198571,0.9831319248748878,0.1975387802839874,0.8085974987476136,0.0,0.0,0.0,0.0,0.0,0.0,0.002005944728623461,0.020357476977797443,0.02835894507983675,0.027216805574144104,0.027216805574144104,0.0,0.0,0.0,0.0,0.0,0.0,0.01626267231724411,0.1348984785631784,0.17904029968683066,0.17541477130732053,0.17541477130732053,0.0,0.0,0.0,0.0,0.0,0.0,0.031036938440674334,0.13102624852587735,0.1597483229915992,0.15744505598592834,0.15744505598592834
NRU,1.0996666666666666,-0.2336666666666667,8.943237625029324,170.73940641619467,0.31879915555555555,0.0,22269621.33333333,0.0346009147918715,1.1165521196679267,-0.04467067456216439,0.13371600674438736,1.4567358290200472,0.37622894054902395,-0.6524528039822401,-1.1259967657861587,0,0,0.26917599908681505,0.317817685580497,0.04045489080395665,0.004382134203095584,0.018353370618805463,UMC,Upper-middle income,East Asia & Pacific,high,middle,2928.612,3629.962,0.5008451102433509,0.0687993640173788,0.1850870615174484,0.0104503430293941,0.0014539310020813,0.0851397342451519,0.3205139499530835,0.1452394951234485,0.2915799118558265,0.1287043145353498,0.0436779794235904,0.3967501588170897,0.9605137177611784,0.2591707695664991,0.9585568664355164,0.0,0.0,0.0,0.0,0.0,0.0,0.012504818580323297,0.048363396968091464,0.05754286383975831,0.05714904599249643,0.05714904599249643,0.0,0.0,0.0,0.0,0.0,0.0,0.07103604252640586,0.19741356731167556,0.21876562313422218,0.21760517439660837,0.21760517439660837,0.0,0.0,0.0,0.0,0.0,0.0,0.03824003678577321,0.14488580460855877,0.17378519434620643,0.17020793881588842,0.17020793881588842
NZL,0.488,0.18799999999999997,10.57656978532829,53.8002921967421,1.8666628777777776,1.3084296618738733,33081688176.666668,0.2923339994030443,0.5002215297108797,0.4354701789552066,1.282319571341686,-0.6288615643900678,2.084082647652725,-0.47982309776091314,0.4032604809884518,1,0,0.26917599908681505,0.317817685580497,0.10564286588570328,0.18873049024012264,0.1779287484873542,HIC,High income,East Asia & Pacific,middle,high,12023516.014999991,21909686.01700009,0.0856918732186677,0.0145811997384287,0.0997397092000504,0.0076471717495358,0.0011347340612524,0.023113379334011,0.2855880917625243,0.0234550644730733,0.3902467217177727,0.5640769913342192,0.0094314913980451,0.2742467865280125,0.943004128064947,0.0486024896707996,0.7873465967798466,0.0,0.0,0.0,0.0,0.0,0.0,0.002525688676942811,0.009022176403887933,0.010585149460237472,0.010500111423041983,0.010500111423041983,0.0,0.0,0.0,0.0,0.0,0.0,0.018938296739127856,0.10787282354106928,0.14212349861854873,0.1370375585327484,0.1370375585327484,0.0,0.0,0.0,0.0,0.0,0.0,0.02488700741067689,0.12133643784576327,0.15131617848027104,0.14884346155255945,0.14884346155255945
OMN,-0.26066666666666666,-0.9016666666666667,9.832914398541725,89.39833080180681,0.15299266666666658,20.1688289682729,26994713051.0,0.2830530311172508,-0.2541536773973095,-0.805304880450553,0.7593608928456443,0.00602588982741426,0.1932843940457993,2.008553072814189,0.3481919280723712,1,0,0.26917599908681505,0.317817685580497,0.032674387030736884,0.383308675530037,0.07988146818471403,HIC,High income,"Middle East, North Africa, Afghanistan & Pakistan",middle,low,3131364.1299999994,9053970.570000008,0.025496061999024,0.0017329397228997,0.1769955150185558,0.2220429797156806,0.0111502602301413,0.0313792533125054,0.4409340356721783,0.0325882339436657,0.3972624372027313,0.2662780677633936,0.0495936997914409,0.2681495831281455,0.9547511451502766,0.0950651336881478,0.873786788661938,0.0,0.0,0.0,0.0,0.0,0.0,0.002096831756655287,0.012126714308076504,0.015534542268129701,0.015087385958534743,0.015087385958534743,0.0,0.0,0.0,0.0,0.0,0.0,0.035008502228217615,0.16209310509963432,0.19448999225307143,0.19208912442897524,0.19208912442897524,0.0,0.0,0.0,0.0,0.0,0.0,0.035290734168142365,0.14379316223652266,0.17393826226101772,0.17152052011805904,0.17152052011805904
PAK,-0.4746666666666666,0.314,7.273687258776735,25.62059968920867,-1.0340834777777774,1.0991219538501333,21434103720.33333,0.3377587509317876,-0.46978541513705013,0.5789430980299626,-1.0403571845907058,-1.1314435587304503,-1.1164900807982798,-0.5074384363602,0.6727878897922783,1,1,0.26917599908681505,0.317817685580497,0.140979441319425,0.09456762263335695,0.33665473704917837,LMC,Lower-middle income,"Middle East, North Africa, Afghanistan & Pakistan",low,high,11444670.637999974,43253858.144,0.0267017452634534,0.0015889000358884,0.2509192513386352,0.0010070669016661,6.179618395841948e-05,0.044653352900218,0.1251029086189768,0.0359509549628732,0.3883741783698017,0.8120660734561902,0.2687896776339783,0.2031983059115659,0.9648777942402866,0.3063913288166984,0.8871450885202208,0.0,0.0,0.0,0.0,0.0,0.0,0.0011754563171591475,0.020970824089297013,0.031983152105092116,0.029559638618228377,0.029559638618228377,0.0,0.0,0.0,0.0,0.0,0.0,0.0067572694161560955,0.07228530790142429,0.1064297929249253,0.09910788570523835,0.09910788570523835,0.0,0.0,0.0,0.0,0.0,0.0,0.04530394019382768,0.16058529468428973,0.18805868446850432,0.18622656859553116,0.18622656859553116
PAN,0.777,0.858,9.583884742139672,88.34088881462735,0.17491743888888903,0.13132380220146433,7453591076.333333,0.3241275270260941,0.7914251381538007,1.1983817327654165,0.5842364705227029,-0.012833482136060288,0.21747535025179474,-0.6351263935113564,0.591907129095072,1,1,0.26917599908681505,0.317817685580497,0.05990011076932952,0.014665045690738225,0.19338657961761996,UMC,Upper-middle income,Latin America & Caribbean,high,high,5559226.135000029,15801898.38000004,0.0103460445039082,0.0026062003556891,0.1673980001888855,0.0007750717267773,0.0001459699858611,0.016427657219246,0.4383853129586691,0.0403111512642274,0.2653538611099449,0.0625265611721691,0.0106509372003031,0.4147979104394146,0.5120329903615237,0.0537142588060809,0.8639774289574912,0.0,0.0,0.0,0.0,0.0,0.0,0.0014259955629312043,0.009162793069397131,0.011660683731797735,0.011564650691467133,0.011564650691467133,0.0,0.0,0.0,0.0,0.0,0.0,0.013228448462719651,0.0922710737732303,0.11762986346139384,0.11706609938525134,0.11706609938525134,0.0,0.0,0.0,0.0,0.0,0.0,0.029194710979099692,0.11902420715983104,0.14714470407217484,0.1434047229124752,0.1434047229124752
PCN,0.30833333333333335,-0.7043333333333334,,,,,1809811.6666666667,0.0068246710721609,0.31918491500415047,-0.5806065521641628,,,,,-1.2908068911941089,0,0,0.26917599908681505,0.317817685580497,0.00859482408280084,0.0,0.0,,,,middle,middle,35.077,0.0,0.801693417338997,0.0423336539501065,,0.0,0.0,,0.1983065826610029,0.1052719988513162,,0.0,0.0,,1.0,0.1476056528014227,0.0,0.0,0.0,0.0,0.0,0.0,0.0,0.008045544665466565,0.03132055517905987,0.03690141320035568,0.03690141320035568,0.03690141320035568,0.0,0.0,0.0,0.0,0.0,0.0,0.103668535874696,0.23948703459043724,0.24999999999999997,0.24999999999999997,0.24999999999999997,0.0,0.0,0.0,0.0,0.0,0.0,0.0,0.0,0.0,0.0,0.0
PER,-0.6353333333333334,0.11533333333333334,8.757744559479796,46.0217200825091,-0.1287789111111108,4.73766034886144,36583677765.66666,0.4102288346240233,-0.6316771559323073,0.35272653779569135,0.0032722418587013834,-0.7675916192069042,-0.11761160200051678,-0.027382203680289603,1.1027885659876142,1,1,0.26917599908681505,0.317817685580497,0.16569312461394062,0.22502444257748655,0.18847016736701108,UMC,Upper-middle income,Latin America & Caribbean,low,high,19562138.76899992,28710523.2929999,0.0132734509281509,0.0017305346973607,0.1361552562489552,0.005431151330363,0.0003785228640756,0.0292165530888989,0.519525332787504,0.0212417503140956,0.3108860631661224,0.2860905169463794,0.0328800432142668,0.2785252238488358,0.8243204519923975,0.0562308510897988,0.7547830963528125,0.0,0.0,0.0,0.0,0.0,0.0,0.0008222777523696264,0.006360104495577038,0.00860016461598326,0.008303705209952985,0.008303705209952985,0.0,0.0,0.0,0.0,0.0,0.0,0.016205912136165564,0.12135924066747858,0.15859377719347487,0.15601427253248293,0.15601427253248293,0.0,0.0,0.0,0.0,0.0,0.0,0.027746744811361083,0.11654766339769064,0.14246515291657252,0.1399538599146568,0.1399538599146568
PHL,0.6463333333333333,0.45999999999999996,8.030993371200307,63.02867587112306,-0.32409624444444424,0.7947806264454744,67239506828.0,0.3478323556674367,0.6597621456398156,0.7451894963229337,-0.5077989448375501,-0.4642742655624207,-0.3331172870333318,-0.5475921836129427,0.7325595448996359,1,1,0.26917599908681505,0.317817685580497,0.13088623392406526,0.21203277646047944,0.27147633759051265,LMC,Lower-middle income,East Asia & Pacific,high,high,32492941.29899999,77821643.7999997,0.3560758389809441,0.1047996869942271,0.1398576901173096,0.1344683268219386,0.0128171418646785,0.0547639152027269,0.2458096325138103,0.0743167440803996,0.3574306087710796,0.2380866531845206,0.0596113079080806,0.2865339224947095,0.9744404515012136,0.251544880847386,0.8385861365858257,0.0,0.0,0.0,0.0,0.0,0.0,0.01601447439850915,0.047032319088969154,0.05299172033366094,0.05245424132793234,0.05245424132793234,0.0,0.0,0.0,0.0,0.0,0.0,0.06238834756082865,0.18299411906995272,0.20409163150656126,0.2019449485680123,0.2019449485680123,0.0,0.0,0.0,0.0,0.0,0.0,0.031755377760198905,0.13343028229519766,0.16208660028975258,0.15950309770988225,0.15950309770988225
PLW,-0.18333333333333335,-0.7546666666666667,9.687303802807056,122.08583654731733,0.6658357222222223,0.0,18412241.33333333,0.318465684814151,-0.17623068182780824,-0.637919808196671,0.6569635646295864,0.589004281915957,0.7591358323982001,-0.6524528039822401,0.5583126325027125,1,1,0.26917599908681505,0.317817685580497,0.041233383075839125,0.0005178261569530061,0.15780089795596472,HIC,High income,East Asia & Pacific,middle,middle,4937.518000000005,45939.480999999854,0.5081168311690202,0.0538161059213584,0.3452773661069451,0.0002703787611508,6.126435372720583e-05,0.0598938416391776,0.4318307295284795,0.0239938096147177,0.3898081478108133,0.0477492942810537,0.0062173602878226,0.125715960961771,0.9879672337397042,0.084088540177626,0.9206953165187072,0.0,0.0,0.0,0.0,0.0,0.0,0.0072542900349344104,0.018507514088128542,0.019990155160567073,0.019934096994037524,0.019934096994037524,0.0,0.0,0.0,0.0,0.0,0.0,0.07403344471663915,0.21455554642347685,0.23906620835958722,0.23863568193574167,0.23863568193574167,0.0,0.0,0.0,0.0,0.0,0.0,0.058278866055605234,0.1843826866302235,0.20930704052741558,0.2081735359613668,0.2081735359613668
PNG,-2.6053333333333337,-1.316,7.840643356458986,,-0.6195833333333333,14.372975551425833,7745429350.333333,0.2036661793538015,-2.616698293069173,-1.2770954582545784,-0.6416582483934231,,-0.6591464541460934,1.2438681212217118,-0.12284933751070384,0,0,0.26917599908681505,0.317817685580497,0.010770242420318333,0.18824376169546145,0.17783477065641903,LMC,Lower-middle income,East Asia & Pacific,low,low,299444.98000000004,2409318.966999998,0.0029419661668731,0.0004744323520997,0.2188677374073901,0.0038931459128151,0.0001312092874584,0.052294120755992,0.1415096656487612,0.0008921516152541,0.3531816615628709,0.8514803621019126,0.0066539861660963,0.2238389156382713,0.999825139830362,0.0081517794209086,0.8481824353645244,0.0,0.0,0.0,0.0,0.0,0.0,9.413767921024592e-05,0.000660762870098654,0.0009334922333955669,0.0008734972761602724,0.0008734972761602724,0.0,0.0,0.0,0.0,0.0,0.0,0.0045482169987260315,0.07227490291474653,0.10862450354313369,0.10094722158975579,0.10094722158975579,0.0,0.0,0.0,0.0,0.0,0.0,0.04110537576222429,0.14858502241084767,0.17489201833559834,0.1728737986044336,0.1728737986044336
POL,1.1103333333333334,1.0979999999999999,9.48132523866301,96.56240844217882,0.7841199333333333,2.1262304864307233,192272354086.66663,0.0796022108260204,1.1273001190568237,1.4716634833839992,0.5121138403927351,0.1337964972300663,0.8896461128174123,-0.3719252716839491,-0.8589819268558198,0,0,0.26917599908681505,0.317817685580497,0.026744123719208146,0.011854333178949766,0.09840041259103081,HIC,High income,Europe & Central Asia,high,high,18416027.156999946,71377375.36999999,0.3849274027219025,0.0419088946512255,0.2531131216488159,0.0141411932541059,0.0022239154501609,0.0207371337672092,0.4180055990020622,0.1061931348136434,0.3035621295218828,0.1081507688938736,0.0231958190144149,0.222043484533354,0.9252249638719444,0.1735217639294449,0.799455869471262,0.0,0.0,0.0,0.0,0.0,0.0,0.008217995346000494,0.03311476384333223,0.03953031528529641,0.03932117265483857,0.03932117265483857,0.0,0.0,0.0,0.0,0.0,0.0,0.05979967337259595,0.1875308795118272,0.21335498629502753,0.21237985641155818,0.21237985641155818,0.0,0.0,0.0,0.0,0.0,0.0,0.041126625772403426,0.13939273612683847,0.1630083889924022,0.1610063575744785,0.1610063575744785
PRK,0.27566666666666667,-0.16066666666666665,,,-1.5566344555555531,,2746229350.333333,0.8464649054996305,0.2862691668756543,0.038452524584321225,,,-1.6930528697156322,,3.6911918891288655,1,1,0.26917599908681505,0.317817685580497,0.0,0.8394996301240814,0.8529759513163401,LIC,Low income,East Asia & Pacific,middle,middle,0.0,9025618.703000017,,,0.1289692574330767,,,0.042594924364821,,,0.4971714124715308,,,0.2126787830469684,0.0,0.0,0.881414377316397,0.0,0.0,0.0,0.0,0.0,0.0,0.0,0.0,0.0,0.0,0.0,0.0,0.0,0.0,0.0,0.0,0.0,0.0,0.0,0.0,0.0,0.0,0.0,0.0,0.0,0.0,0.0,0.0,0.03311878089464719,0.15149007637128975,0.18505240288072944,0.18313480729587972,0.18313480729587972
PRT,0.7143333333333333,2.0643333333333334,9.89050189906889,81.65493813933277,1.0365123333333335,0.16990632370833333,53058438338.66666,0.0647037706920464,0.7282806417440323,2.5720020876107648,0.7998579882861974,-0.13207674298969332,1.168126246304846,-0.6300359484174489,-0.9473817051570406,0,0,0.26917599908681505,0.317817685580497,0.05240503135197285,0.023615304956928717,0.04025963662073811,HIC,High income,Europe & Central Asia,high,high,10076067.911000011,8919691.371999972,0.1218893197076625,0.0178241389356879,0.3041846323873017,0.0134698234667346,0.0018248195808724,0.011871084837351,0.3549114107394986,0.0512277905656293,0.3858659435016166,0.196988488617978,0.0626748259007626,0.1903798404203358,0.6872590425318738,0.1335515749829524,0.8923015011466053,0.0,0.0,0.0,0.0,0.0,0.0,0.0037384881787543415,0.018145739507640632,0.02298490010237377,0.022419799213104597,0.022419799213104597,0.0,0.0,0.0,0.0,0.0,0.0,0.025778922580204085,0.1136288810645005,0.13911790084186962,0.1373417751248223,0.1373417751248223,0.0,0.0,0.0,0.0,0.0,0.0,0.04882496758471507,0.16456930579235052,0.19147544275786602,0.1897589032130925,0.1897589032130925
PRY,-0.6653333333333333,-1.0713333333333332,8.70830683273651,68.5848383873345,-0.38989204999999977,1.7592663019524066,7848693898.0,0.2061909555713146,-0.6619059042135793,-0.9984998958184119,-0.0314937111685952,-0.36518066340440186,-0.4057138656705029,-0.4203412631630136,-0.10786859752173032,0,0,0.26917599908681505,0.317817685580497,0.01595751730821288,0.0033263498590628687,0.14856457236705536,UMC,Upper-middle income,Latin America & Caribbean,low,low,522204.5270000002,8852847.368000008,0.0347027343943343,0.0031669599939576,0.1440460352461823,0.0007398844322925,4.05539461547031e-05,0.0209070394310676,0.5885635169914945,0.0603628411161084,0.324024060255322,0.3216023058337061,0.0051175642574311,0.2132854621243257,0.9456084416518274,0.068687919313652,0.7022625970568978,0.0,0.0,0.0,0.0,0.0,0.0,0.002029155420590801,0.012949110545738168,0.01632254805617541,0.016276406083362508,0.016276406083362508,0.0,0.0,0.0,0.0,0.0,0.0,0.020284814787725574,0.1409237754421232,0.1830213998135097,0.18012170689205828,0.18012170689205828,0.0,0.0,0.0,0.0,0.0,0.0,0.028324941959347427,0.11576006014666265,0.14016375903457198,0.1382406933924674,0.1382406933924674
PSE,0.102,0.5973333333333333,8.132922098111019,68.21738103068816,-0.6670963999999991,0.0,952961897.0,0.020167996826542,0.11127830182517932,0.9015673869546782,-0.4361198939315305,-0.371734228568003,-0.711570557041943,-0.6524528039822401,-1.211634371931609,0,0,0.26917599908681505,0.317817685580497,0.006857892140445277,0.00024905069075450205,0.0229079738364979,LMC,Lower-middle income,"Middle East, North Africa, Afghanistan & Pakistan",middle,high,24084.680000000004,1140192.9309999968,0.0041726109709574,0.00048413481505,0.0639293307458685,0.0,0.0,0.02041219548659,0.5889048972209718,0.0596078554931868,0.3454203707916179,0.37068260819741,0.0365951801951345,0.304597768112282,0.9637601163893392,0.0966871705033714,0.7343596651363586,0.0,0.0,0.0,0.0,0.0,0.0,0.001676117266728868,0.01369773673809426,0.0180975926344373,0.017767636091694287,0.017767636091694287,0.0,0.0,0.0,0.0,0.0,0.0,0.016484610475172506,0.1356342591542475,0.17941279290063356,0.17607057266278808,0.17607057266278808,0.0,0.0,0.0,0.0,0.0,0.0,0.019038352394247823,0.10440007694543542,0.1330316801834854,0.13028530686444026,0.13028530686444026
PYF,0.065,-0.6723333333333333,9.885903422458735,54.60821802734356,,0.005251684625544533,204670207.0,0.1416528789355282,0.0739961789449438,-0.5441689854150183,0.7966242145599916,-0.6144522880960046,,-0.6517599147880466,-0.4908047717310583,0,0,0.26917599908681505,0.317817685580497,0.17689035065622005,0.01911673912148617,0.05133894048370524,HIC,High income,East Asia & Pacific,middle,middle,101185.59999999986,548509.9169999965,0.0393636940434212,0.002132671008712,0.1642318437790443,0.0010986642368084,8.349063999765131e-05,0.0155767484510221,0.567291007811389,0.0226213935971604,0.3750502618533355,0.3898518465078042,0.0582514838621466,0.2443258487156957,0.9976052125994228,0.0830890391080167,0.7991847027990978,0.0,0.0,0.0,0.0,0.0,0.0,0.0008825291581141727,0.007930698917144853,0.011103468398246222,0.010578250101128507,0.010578250101128507,0.0,0.0,0.0,0.0,0.0,0.0,0.020311472711044727,0.1414101436871305,0.18469228764343737,0.18117723001098995,0.18117723001098995,0.0,0.0,0.0,0.0,0.0,0.0,0.03170550989926364,0.1310816736979332,0.15924209015475113,0.15703915217452763,0.15703915217452763
QAT,-0.16,-1.0963333333333334,11.110954383607412,91.58328485289233,0.509778088888889,17.981524860240736,62862153132.0,0.1318596270630107,-0.15271943316459663,-1.026966744841181,1.6581133439549338,0.04499432655691711,0.5869478007363924,1.7199676970856062,-0.5489129553122639,0,0,0.26917599908681505,0.317817685580497,0.01625915903947643,0.08113736044965081,0.06555040236575085,HIC,High income,"Middle East, North Africa, Afghanistan & Pakistan",middle,low,3478780.181000001,10903429.751999978,0.0015197275265838,0.0002950609275498,0.1467331928934137,0.0013754229215553,1.3913407671451968e-05,0.0214544748139539,0.4213447325604387,0.0369856117457277,0.3646778011543253,0.26222436013125,0.0048532481277752,0.2124418693645566,0.686464243139828,0.0421478342087243,0.7453073382262497,0.0,0.0,0.0,0.0,0.0,0.0,0.0010405950599775284,0.00760622968039739,0.009731398924415073,0.009687640129820378,0.009687640129820378,0.0,0.0,0.0,0.0,0.0,0.0,0.011737988383133984,0.09687006723257566,0.1280911157631716,0.1257267977619882,0.1257267977619882,0.0,0.0,0.0,0.0,0.0,0.0,0.029806177160452252,0.12453464326209499,0.15106496689564214,0.14914950741776498,0.14914950741776498
ROU,0.9596666666666667,0.8563333333333333,9.153229201395199,85.523056519728,0.2434019666666667,0.849965647844715,63485939556.66666,0.0503616057609125,0.9754846276886572,1.1964839428305654,0.2813877902382607,-0.06308923897615543,0.29303856228741615,-0.5403112618258862,-1.0324808288821223,0,0,0.26917599908681505,0.317817685580497,0.025912923189256972,0.01480119841728521,0.047738378771999566,UMC,Upper-middle income,Europe & Central Asia,high,high,6263790.777999991,11548699.006000016,0.3028580398411262,0.0622113548776082,0.2465463476466669,0.0252281264813344,0.0028698492356943,0.0237741782738778,0.4098336638280358,0.1012952968553785,0.4280425990349,0.2233655643343078,0.0594825898315354,0.156154371246759,0.9612853944848042,0.2258590908002165,0.8545174962022039,0.0,0.0,0.0,0.0,0.0,0.0,0.010632244197562198,0.03920636469358265,0.046591637912442696,0.04605531947953541,0.04605531947953541,0.0,0.0,0.0,0.0,0.0,0.0,0.05051088136178535,0.1739520354341867,0.2032463266722688,0.20123237486269718,0.20123237486269718,0.0,0.0,0.0,0.0,0.0,0.0,0.043970342811242055,0.15972776946486222,0.1877103083313143,0.1863023590823681,0.1863023590823681
RUS,0.7553333333333333,0.049666666666666665,9.14010358505608,47.58466449614313,-0.6624500722222219,9.22377403145384,309084626087.0,0.19439540864933522,0.7695932643951041,0.27795361436255134,0.2721575001104468,-0.7397166620817562,-0.7064439764484632,0.5645001952499584,-0.1778573831575382,0,0,0.26917599908681505,0.317817685580497,0.04333193691085249,0.11410268814717889,0.21682823042543212,UMC,Upper-middle income,Europe & Central Asia,high,middle,42244816.05400016,126477729.46399984,0.0512777598612571,0.0026611525558068,0.2078836382928884,0.0017206659843679,0.0002047430666675,0.043347687480115,0.3169860656484507,0.0175906894571166,0.3145579095513731,0.2478489869530055,0.0067171934552475,0.2327575267184038,0.6178334784470814,0.0271737785348385,0.7985467620427804,0.0,0.0,0.0,0.0,0.0,0.0,0.0008217527066607378,0.0045183785965712125,0.005678500638064012,0.005617935779041288,0.005617935779041288,0.0,0.0,0.0,0.0,0.0,0.0,0.015038886615613607,0.0881179203829504,0.11331950087571817,0.11108479689499434,0.11108479689499434,0.0,0.0,0.0,0.0,0.0,0.0,0.03790836406339483,0.1364411915410331,0.16100275677259937,0.15890412333497442,0.15890412333497442
RWA,-0.7643333333333334,-0.5446666666666667,6.626361863623568,49.45405004687493,-0.0123990555555554,5.930563298787237,542577934.6666666,0.1243305572059462,-0.7616607735417772,-0.3987982764054112,-1.4955739949859579,-0.7063763579593206,0.010797485239666805,0.1300053057876022,-0.593586632569332,0,0,0.26917599908681505,0.317817685580497,0.05953506247763916,0.05510162081733622,0.09308813249921792,LIC,Low income,Sub-Saharan Africa,low,middle,128964.7919999999,1291186.1899999925,0.0051597881071292,0.00078459443813,0.2164672493902692,6.47696155707366e-05,1.0435025357512506e-05,0.0531634147976756,0.3101411507723755,0.0281531847262782,0.3136522866620828,0.5823935031818609,0.0279957075473408,0.2103387490536911,0.8977592116769364,0.0569439217371066,0.7936216999037188,0.0,0.0,0.0,0.0,0.0,0.0,0.0008607366492518636,0.007148169502682123,0.009589151927443421,0.009336731613491987,0.009336731613491987,0.0,0.0,0.0,0.0,0.0,0.0,0.009050463329727372,0.09159915271495403,0.12777202882552355,0.12252093986240842,0.12252093986240842,0.0,0.0,0.0,0.0,0.0,0.0,0.03981690104874806,0.13973862089270211,0.16349264080923093,0.16159614389153373,0.16159614389153373
SAU,0.559,-0.47833333333333333,10.044290585599759,61.5196372996395,-0.3381010999999987,23.3589520925225,153622016706.33334,0.2544060684872942,0.5717629006432237,-0.3232662369983306,0.9080063722081542,-0.4911878173902137,-0.3485697097076399,2.429446938029969,0.17821539880359663,0,0,0.26917599908681505,0.317817685580497,0.10343301266517875,0.13452134525313955,0.14212678973217538,HIC,High income,"Middle East, North Africa, Afghanistan & Pakistan",middle,middle,61463281.48900028,69643506.77500035,0.0134052441236391,0.0011161125030616,0.1185877343408652,0.0033337740523449,0.0002286195699929,0.0192916259851849,0.9629857406099072,0.0031138067171925,0.3430315821140653,0.0135190979210686,0.0008508886576585,0.2664710371916777,0.99324385670696,0.0053094274479056,0.7473819796317933,0.0,0.0,0.0,0.0,0.0,0.0,0.0002418082518615886,0.000992221279637026,0.0011861232937994516,0.0011784513468861373,0.0011784513468861373,0.0,0.0,0.0,0.0,0.0,0.0,0.028061985224069115,0.1945575606859354,0.24606701554639865,0.24594512204055294,0.24594512204055294,0.0,0.0,0.0,0.0,0.0,0.0,0.02557428637177471,0.11540241743660568,0.14261567111178866,0.14021306339940467,0.14021306339940467
SDN,-2.107666666666667,-1.2830000000000001,7.157507212423931,17.163777524903466,-1.5825413777777755,2.7321641277214064,3703067604.0,0.2435731990907131,-2.1152369465809593,-1.2395192175445233,-1.1220581506400638,-1.2822701352795813,-1.7216375781248119,-0.29198047256053034,0.1139386527541824,0,0,0.26917599908681505,0.317817685580497,0.0030440995361984114,0.17067484233125044,0.26720696696411483,LMC,Lower-middle income,Sub-Saharan Africa,low,low,39316.156,7760360.481000012,0.000390908002298,1.1895550090332554e-05,0.1809317328025806,0.0,0.0,0.0352578249000028,0.0056609043874991,0.0004361945903021,0.3363997590565011,0.9939481876102024,0.0026377972054985,0.3441381805057414,0.9999999999999998,0.0030858873458909,0.896727497264826,0.0,0.0,0.0,0.0,0.0,0.0,1.328945838502239e-05,0.00022114944890160655,0.00033364074293712145,0.00030985732551049564,0.00030985732551049564,0.0,0.0,0.0,0.0,0.0,0.0,0.00020146873024404547,0.051046414284760505,0.08502089508929005,0.07605906716821445,0.07605906716821445,0.0,0.0,0.0,0.0,0.0,0.0,0.03447053814534229,0.1375675849856938,0.1670605779617699,0.16395769272770172,0.16395769272770172
SEN,-0.7326666666666667,-0.19699999999999998,7.1403901231092775,56.64126224232577,-0.06700176111111089,3.5570284156583436,2756790683.333333,0.2202099279220228,-0.7297526503559899,-0.0029192959954364287,-1.134095353041529,-0.5781931480832176,-0.04944905440212164,-0.18315071743629657,-0.024687134451140704,0,0,0.26917599908681505,0.317817685580497,0.02321029175461219,0.04409336255972953,0.24679935533350272,LIC,Low income,Sub-Saharan Africa,low,middle,251854.824,3716284.3130000015,0.0098138958021308,0.001897190770071,0.1322813605192537,0.0006113919025033,1.8463795688921644e-05,0.0311986213203381,0.5825909850350935,0.0239437403825435,0.4046968755159411,0.3208757915234532,0.1622905489129277,0.3254266539213519,0.9138920642631808,0.1881499438612311,0.893603511276885,0.0,0.0,0.0,0.0,0.0,0.0,0.0008836904275525207,0.013332261528046709,0.020099915346563635,0.018636639905545434,0.018636639905545434,0.0,0.0,0.0,0.0,0.0,0.0,0.017059851161095242,0.1334565104436994,0.1752128949317794,0.1723197525491909,0.1723197525491909,0.0,0.0,0.0,0.0,0.0,0.0,0.029994095339960253,0.13690564783347853,0.16938538813145582,0.16645121338298463,0.16645121338298463
SGP,1.5816666666666668,0.8403333333333333,10.956939207814736,316.368488091468,1.600673738888889,0.0213993394981874,257053923338.0,0.232895088167559,1.602227342053698,1.178265159455993,1.5498056866287186,4.05401591938125,1.7906003918320856,-0.6496294487813103,0.050580164899462314,0,0,0.26917599908681505,0.317817685580497,0.07320397663676582,0.11979154593420595,0.1679901970559636,HIC,High income,East Asia & Pacific,high,high,48965919.12899987,131086400.74799933,0.3460803664351869,0.0452395225182303,0.2816969493272443,0.0952872758031551,0.008580467744983,0.1237211733975198,0.2021548174541979,0.0349497352326331,0.2130669258643614,0.0637232596365586,0.0142283381042436,0.1265521890244831,0.7072457193290986,0.1029980636000902,0.7450372376136087,0.0,0.0,0.0,0.0,0.0,0.0,0.007264332411348129,0.02105298263575943,0.023387845026162396,0.023259556731779873,0.023259556731779873,0.0,0.0,0.0,0.0,0.0,0.0,0.05646325307760138,0.15335853254946455,0.1662344133762065,0.16565985939587688,0.16565985939587688,0.0,0.0,0.0,0.0,0.0,0.0,0.05141690267731543,0.14967074171898728,0.16525372065138755,0.16411267632411763,0.16411267632411763
SGS,-0.3393333333333333,-0.8946666666666667,,,,,1904175.0,0.0,-0.33342017289042286,-0.7973341627241776,,,,,-1.3313010237564857,0,0,0.26917599908681505,0.317817685580497,0.0,0.0,0.0,,,,middle,low,,,,,,,,,,,,,,,,,,0.0,0.0,0.0,0.0,0.0,0.0,0.0,0.0,0.0,0.0,0.0,0.0,0.0,0.0,0.0,0.0,0.0,0.0,0.0,0.0,0.0,0.0,0.0,0.0,0.0,0.0,0.0,0.0,0.0,0.0,0.0,0.0,0.0
SHN,1.1716666666666666,-0.32966666666666666,,,,,25322877.666666668,0.17267286499246012,1.1891011155429798,-0.15398337480959745,,,,,-0.30674792647203053,0,0,0.26917599908681505,0.317817685580497,0.48101659135424407,0.0,0.0,,,,high,middle,44312.68999999999,0.0,0.0150362796751901,0.0029498461324888,,0.0076057445395438,0.0004243252212406,,0.9560382364510032,0.0095321146832897,,0.0142512675263,0.0057463133759445,,0.9929315281920372,0.0186525994129638,0.0,0.0,0.0,0.0,0.0,0.0,0.0,0.0006582745227097849,0.0030093416891400593,0.0037093560346927353,0.0036575450124506125,0.0036575450124506125,0.0,0.0,0.0,0.0,0.0,0.0,0.028456822438355473,0.19470145782507642,0.24586740526597997,0.24573891023090677,0.24573891023090677,0.0,0.0,0.0,0.0,0.0,0.0,0.0,0.0,0.0,0.0,0.0
SLB,-1.6033333333333333,-1.0523333333333333,7.634481108529766,85.311941296905,-0.3316164111111109,17.96208135808263,593355461.3333334,0.4692499130004501,-1.6070581004746856,-0.9768650905611075,-0.786637144060028,-0.066854457836994,-0.34141475168433194,1.7174023883317062,1.4529896740672024,1,1,0.26917599908681505,0.317817685580497,0.004758618936386862,0.6213522966063174,0.2153523077401495,LMC,Lower-middle income,East Asia & Pacific,low,low,12931.585000000005,217504.6450000007,0.0989492780660684,0.0062554779677455,0.1590137534763907,0.0013695150285135,0.0001471107487715,0.053423167123626,0.8069044127228021,0.1020607708038951,0.4544734895201873,0.0898571211494955,0.0037624759429724,0.2697154490654657,0.9970803269668796,0.1122258354633848,0.93662585918567,0.0,0.0,0.0,0.0,0.0,0.0,0.0035483620466779157,0.021893860139557887,0.027431949539246197,0.027398025575825956,0.027398025575825956,0.0,0.0,0.0,0.0,0.0,0.0,0.03414023423724964,0.1885339793470845,0.23435527269846346,0.23354508554055817,0.23354508554055817,0.0,0.0,0.0,0.0,0.0,0.0,0.03661578558251258,0.15615700169630417,0.1893881218162889,0.18695626120996092,0.18695626120996092
SLE,-0.239,-0.5606666666666666,6.900155214673235,40.3569955851957,-0.6763516666666664,13.3937184834723,612768179.0,0.317169686346843,-0.23232180363861304,-0.41701705977998327,-1.3030350695777155,-0.8686214134279551,-0.7217824647570537,1.1146683140927047,0.5506228357079799,1,0,0.26917599908681505,0.317817685580497,0.049363351633083474,0.31279910092576585,0.22544491345485285,LIC,Low income,Sub-Saharan Africa,middle,middle,100153.88400000003,760911.211999999,0.1069931246999866,0.021249099859685,0.2171320311679151,0.003692987083756,0.0005056244227263,0.0263276591066975,0.6790349338823445,0.0206650400601382,0.379474471457782,0.2060892316467726,0.0063021715609324,0.2420039133291153,0.9958102773128598,0.0487219359034821,0.8649380750615101,0.0,0.0,0.0,0.0,0.0,0.0,0.003211069356604269,0.009825382768928853,0.01113442681104358,0.011077603952707306,0.011077603952707306,0.0,0.0,0.0,0.0,0.0,0.0,0.0318666671308291,0.17176480105628228,0.21474513538684487,0.2128869537900297,0.2128869537900297,0.0,0.0,0.0,0.0,0.0,0.0,0.0392758534190153,0.14774954205286506,0.17606583643001206,0.1738838339327823,0.1738838339327823
SLV,0.09233333333333334,0.043333333333333335,8.261808725174363,74.56133843395097,-0.3238168277777776,0.9203390689541684,5583776543.666667,0.4566024428652684,0.10153792737899167,0.2707420126101165,-0.34548331499661056,-0.25859038347849767,-0.3328089893562546,-0.5310264348566504,1.3779460086923394,1,1,0.26917599908681505,0.317817685580497,0.4609426444070544,0.010112315109532076,0.0903608260340168,LMC,Lower-middle income,Latin America & Caribbean,middle,middle,7615484.045999971,4263193.104999999,0.0369437442584855,0.0039612983521037,0.0846187672279978,0.0003681395671063,3.899880880930386e-05,0.0194965085917683,0.0624865709291252,0.0082123108452129,0.3884044234491702,0.8765067146987245,0.2318912310223637,0.286528346456406,0.9763051694534418,0.2441038390284896,0.7790480457253424,0.0,0.0,0.0,0.0,0.0,0.0,0.0007119101085280903,0.014244114502502398,0.022535816903000556,0.020444994328208753,0.020444994328208753,0.0,0.0,0.0,0.0,0.0,0.0,0.006257277201611773,0.0655823745969206,0.09859054668590815,0.09068761729108359,0.09068761729108359,0.0,0.0,0.0,0.0,0.0,0.0,0.022658641868438627,0.11690483754712665,0.14720300310557966,0.14461955080146452,0.14461955080146452
SMR,1.164,0.7066666666666667,10.677339267645067,318.453475417429,1.2842536833333333,0.0,117683383.66666669,0.0453955967562662,1.1813759909822101,1.0260624066809214,1.3531834099441709,4.091201459577467,1.4414745888791747,-0.6524528039822401,-1.0619466045676942,0,0,0.26917599908681505,0.317817685580497,0.048485762944562534,0.031493247690912794,0.01710682292408578,HIC,High income,Europe & Central Asia,high,high,20350.53300000001,14481.07000000001,0.1679365351266228,0.0147206427424652,0.0911464415267655,0.0897759287189185,0.0392543906124295,0.0221893133587504,0.0803056607903095,0.0250621795120691,0.3301251910252487,0.0555159415234971,0.0178261092317505,0.4328856224022117,0.393534066159348,0.0968633220987144,0.8763465683129763,0.0,0.0,0.0,0.0,0.0,0.0,0.006006700362881831,0.019324411779432723,0.021256988623506872,0.021096261409122238,0.021096261409122238,0.0,0.0,0.0,0.0,0.0,0.0,0.030822870285712373,0.08303063305920245,0.08916878034433848,0.08866822677322497,0.08866822677322497,0.0,0.0,0.0,0.0,0.0,0.0,0.022119842909511765,0.11506765961090187,0.14723472524509007,0.14333165815785703,0.14333165815785703
SOM,-1.899,-1.1849999999999998,6.151929776997572,73.17218129447762,-1.999716494444442,19.039632479203068,471224552.6666667,0.1447401441562196,-1.904979208535667,-1.1279291693752682,-1.8292075320603818,-0.2833658619696859,-2.18193266695066,1.859570774526098,-0.47248650763011757,0,0,0.26917599908681505,0.317817685580497,0.0017476572399273821,0.026639909894830043,0.14614931074021997,LIC,Low income,Sub-Saharan Africa,low,low,2810.639,1163504.387000001,0.0947827166704795,0.0201243735029493,0.0702892974996577,0.0185199878034852,0.0032333116879939,0.0195468949271782,0.040246719696126,0.0170764884802902,0.5246201688795173,0.8390479887313881,0.0520550681216275,0.2717950095705136,0.992597412901479,0.0924892417928612,0.8862513708768671,0.0,0.0,0.0,0.0,0.0,0.0,0.0032205860492976832,0.011813139841184154,0.014482022501797547,0.014012673526930414,0.014012673526930414,0.0,0.0,0.0,0.0,0.0,0.0,0.014373969031670535,0.07832106609091818,0.10888114198102045,0.10131595519737677,0.10131595519737677,0.0,0.0,0.0,0.0,0.0,0.0,0.024600949435293125,0.13942901746993555,0.17644932678640607,0.17399871604437683,0.17399871604437683
SPM,0.3913333333333333,-0.5326666666666667,,,,,3715981.3333333335,0.0078504810818041,0.40281778524900314,-0.38513418887448203,,,,,-1.284720255504991,0,0,0.26917599908681505,0.317817685580497,0.04654370005646494,0.001971892230717119,0.001042278752309147,,,,middle,middle,350.389,167.64200000000002,0.3908541649423925,0.0252847963378393,0.0228284081554741,0.0,0.0,1.7895276839932713e-05,0.5384786622867727,0.0031045762021421,0.9240405149067652,0.0706671727708347,0.0140144802948517,0.052373510218203,1.0,0.0424038528348333,0.9992603285572824,0.0,0.0,0.0,0.0,0.0,0.0,0.003184191617861686,0.0076354018744044915,0.008274789225341497,0.008148429157109227,0.008148429157109227,0.0,0.0,0.0,0.0,0.0,0.0,0.06252510311729072,0.20732950035922892,0.23827040779828357,0.23763324476510392,0.23763324476510392,0.0,0.0,0.0,0.0,0.0,0.0,0.027863447761235477,0.1903607491698307,0.2411219380252336,0.24064971785113504,0.24064971785113504
SRB,0.6446666666666667,1.0766666666666667,8.701707732894961,97.98642899214603,-0.0183648666666666,1.3237926648107468,14626802933.666666,0.0326093677813873,0.6580827707353005,1.4473717722179031,-0.036134377522552275,0.15919376115666453,0.004215037136700702,-0.4777961560299594,-1.1378135944353405,0,0,0.26917599908681505,0.317817685580497,0.016877962144820232,0.009112152854330669,0.0295446439175104,UMC,Upper-middle income,Europe & Central Asia,high,high,918166.7610000008,4067289.2259999993,0.3992851533862042,0.04282547266835,0.1721541395492582,0.0137709352342803,0.0034370112103405,0.0193510765098464,0.311866395259325,0.0603206746375062,0.3512676875465448,0.2574094696507967,0.0315443784698362,0.2257643752330488,0.9823319535306064,0.1381275369860331,0.7685372788386983,0.0,0.0,0.0,0.0,0.0,0.0,0.007195004651941439,0.025029507633877277,0.029296034541473937,0.029011618014286887,0.029011618014286887,0.0,0.0,0.0,0.0,0.0,0.0,0.05864790700280174,0.17760316493253223,0.20285723624799062,0.20053633119376213,0.20053633119376213,0.0,0.0,0.0,0.0,0.0,0.0,0.032370398923938545,0.12839037196371142,0.15466113447632016,0.15262555404389103,0.15262555404389103
SSD,-2.839,-1.077,6.984852594395143,65.5513491845003,-1.905695772222219,13.0532234224485,1387183215.3333333,0.7015507161638658,-2.8521466546821914,-1.0049523815969061,-1.2434735703154784,-0.41928263960456297,-2.0781937933751102,1.0697445676605353,2.8313446772875213,1,1,0.26917599908681505,0.317817685580497,0.00015933853018606492,0.974712706700552,0.1203891010749273,LIC,Low income,Sub-Saharan Africa,low,low,457.964,253596.9070000001,0.0995121887309919,0.0081453113995004,0.2650052668031946,0.253270999467207,0.0183183504010194,0.1881499090996403,0.6264313352141216,0.246954731852685,0.3027730066124185,0.0207854765876793,0.0004847921820434,0.1449373986252914,1.0,0.2739031858352483,0.9008655811405448,0.0,0.0,0.0,0.0,0.0,0.0,0.009340494537267423,0.05528692070256679,0.06839532890400567,0.06839095782695445,0.06839095782695445,0.0,0.0,0.0,0.0,0.0,0.0,0.05191634492296636,0.21263630999050828,0.24654995163196303,0.24636254159715607,0.24636254159715607,0.0,0.0,0.0,0.0,0.0,0.0,0.05758451500799759,0.18019765307235455,0.2011591631362661,0.1998523505257102,0.1998523505257102
STP,0.57,-0.44799999999999995,7.199206392477753,,-0.24806396666666639,3.28019583288073,14545742.333333334,0.05976673524603201,0.5828467750130234,-0.28872646018403747,-1.0927341539572106,,-0.249226175950315,-0.2196750556028195,-0.9766755664585139,0,0,0.26917599908681505,0.317817685580497,0.04377416633546494,0.004159865067398987,0.046772001538552044,LMC,Lower-middle income,Sub-Saharan Africa,middle,middle,1563.8529999999998,19256.144000000004,0.527016286057577,0.0984428856070952,0.1566888469467199,0.048206576960878,0.0104728000026481,0.0296894850807098,0.2319796042211128,0.0721177371492661,0.3191775051121342,0.1887523955256664,0.0241250675684147,0.3850759009695809,0.9959548627652344,0.2051584903274242,0.8906317381091449,0.0,0.0,0.0,0.0,0.0,0.0,0.014965120352827314,0.042644685888830955,0.047285256858410146,0.047067735757383454,0.047067735757383454,0.0,0.0,0.0,0.0,0.0,0.0,0.07523107473516258,0.19896599625219652,0.21765891233561394,0.21595704647431696,0.21595704647431696,0.0,0.0,0.0,0.0,0.0,0.0,0.030531544761285178,0.12877472439125684,0.15874164768602378,0.15526965185760955,0.15526965185760955
SUR,-0.6713333333333334,-0.884,9.04530666649035,,-0.1314450611111109,13.324076424854624,1630679496.3333333,0.218369969781251,-0.6679516538698338,-0.7851883071411295,0.20549373065555046,,-0.12055333007116212,1.1054799805734234,-0.035604511724540294,0,0,0.26917599908681505,0.317817685580497,0.05151821864663574,0.01829888419145029,0.12557997387312142,UMC,Upper-middle income,Latin America & Caribbean,low,low,271474.29700000014,513288.7969999992,0.0870895818177586,0.0212121146586097,0.100514969938064,0.0031550390201397,7.97945148670733e-05,0.0360950991104526,0.4917132062782357,0.0327676214060886,0.4879258917470594,0.0055543895560764,0.0003360442754568,0.3053202074854563,0.5875122166722105,0.0543955748550222,0.9298561682810323,0.0,0.0,0.0,0.0,0.0,0.0,0.003496588639054679,0.01179459808607777,0.013543115872952262,0.013540085965550602,0.013540085965550602,0.0,0.0,0.0,0.0,0.0,0.0,0.024297389195640565,0.11970040140202622,0.14595611655731042,0.14590603599573923,0.14590603599573923,0.0,0.0,0.0,0.0,0.0,0.0,0.028796234873675546,0.1455750690802043,0.18178589287697539,0.17903300576030323,0.17903300576030323
SVK,1.207,0.6083333333333333,9.728530099304662,182.94269663026,0.6079475611111111,0.285937152819797,69667230295.33333,0.0591603711726825,1.2247038635187002,0.9140928005246964,0.6859550167440337,1.67438028811625,0.695264246591479,-0.6147272401805518,-0.9802734229570401,0,0,0.26917599908681505,0.317817685580497,0.030443295624182642,0.02742783435581661,0.05433316463906065,HIC,High income,Europe & Central Asia,high,high,8067465.430000002,19067531.18700002,0.7754309686580202,0.0332286957056407,0.3825931554775006,0.0113973083365291,0.0012512764101506,0.0197649894107394,0.1581118278185172,0.0369100134228267,0.182704576792571,0.0454751284877832,0.0137051894876581,0.1716947504578898,0.99041523330085,0.0850951750262763,0.7567574721387009,0.0,0.0,0.0,0.0,0.0,0.0,0.0051873221045091455,0.016577896954222848,0.01899895697685528,0.018875385596228856,0.018875385596228856,0.0,0.0,0.0,0.0,0.0,0.0,0.10038110901608507,0.23013291930748067,0.24005568249015002,0.23964566083985034,0.23964566083985034,0.0,0.0,0.0,0.0,0.0,0.0,0.053635951838537865,0.14518809239949904,0.16069085412670578,0.1591427867045445,0.1591427867045445
SVN,1.3713333333333333,1.0653333333333332,9.97379731009656,151.386317213187,0.8637737944444445,0.264546979477359,27578207558.666668,0.061815058263014,1.3902902291038903,1.4344668006609145,0.8584335850609924,1.1115754208397706,0.9775331406162356,-0.6175493860304404,-0.964521857817729,0,0,0.26917599908681505,0.317817685580497,0.021906195319384633,0.011656707027362162,0.07577470427783489,HIC,High income,Europe & Central Asia,high,high,2146544.308000001,5825647.6620000005,0.2178496503692946,0.0413427539496602,0.1358445690360051,0.0353001537017422,0.0027763235437548,0.0213886151771188,0.2852188947222044,0.0811141864731845,0.3593004954030125,0.2793313586704679,0.0577215735765639,0.2317796875714996,0.8177000574637092,0.1829548375431636,0.7483133671876361,0.0,0.0,0.0,0.0,0.0,0.0,0.007517926798328192,0.029902138699033434,0.03615787442738578,0.035637434009892166,0.035637434009892166,0.0,0.0,0.0,0.0,0.0,0.0,0.03761238067262415,0.1334764986730909,0.15806058802923076,0.1555420265985954,0.1555420265985954,0.0,0.0,0.0,0.0,0.0,0.0,0.028319442509319705,0.12170630674378795,0.14860671332704944,0.14651689647189656,0.14651689647189656
SWE,1.4400000000000002,1.0083333333333333,10.850672093905422,84.56477777576136,1.7187295111111112,0.7522168742633587,132465027441.33331,0.09606965448541831,1.4594804751699133,1.369562384889001,1.4750757640798575,-0.08018004442578909,1.9208586215070145,-0.5532078985795026,-0.7612724783774494,0,0,0.26917599908681505,0.317817685580497,0.07367018284219079,0.04188062428783703,0.0487958058632591,HIC,High income,Europe & Central Asia,high,high,30606010.748000048,24855111.271000102,0.4888242263973464,0.0400908893803176,0.1477825700698298,0.0304531589456134,0.0051563032123515,0.0178486038208812,0.2131960360899494,0.0387994130430825,0.3862779259492598,0.1391376196023285,0.0203937911151384,0.2999284154361401,0.8716110410352378,0.1044403967508901,0.8518375152761111,0.0,0.0,0.0,0.0,0.0,0.0,0.0064302751208225786,0.019977234244618412,0.022725064187054035,0.02254118574257328,0.02254118574257328,0.0,0.0,0.0,0.0,0.0,0.0,0.06844620779189202,0.17879198587982206,0.19480819634940652,0.19355367682840194,0.19355367682840194,0.0,0.0,0.0,0.0,0.0,0.0,0.030197159596318947,0.1325367602623576,0.1631761787158979,0.1604719061177032,0.1604719061177032
SWZ,0.35333333333333333,-0.48533333333333334,8.161851942828541,88.1669079588865,-0.5222529555555547,4.01717308186145,1829275883.0,0.0242218212022027,0.3645280374260586,-0.33123695472470593,-0.41577564089257096,-0.015936413278119684,-0.5517558330499823,-0.1224408139079784,-1.1875810366254984,0,0,0.26917599908681505,0.317817685580497,0.009574466444485237,0.000680102332258784,0.023824348010225566,LMC,Lower-middle income,Sub-Saharan Africa,middle,middle,62847.452000000005,227618.426,0.1178772370914893,0.0173048124674101,0.0850698703979264,0.0064872160608834,0.0007288165059841,0.0058940307407274,0.1005032630439815,0.0412639422868968,0.6835603107105211,0.7548363297210525,0.0466407599802235,0.1380159662469506,0.9797040459174068,0.1059383312405146,0.9125401780961256,0.0,0.0,0.0,0.0,0.0,0.0,0.0033062250058297524,0.014975265758597785,0.01874298125603415,0.018322449813589513,0.018322449813589513,0.0,0.0,0.0,0.0,0.0,0.0,0.017760123260201353,0.08873409807373026,0.11963555511171796,0.11282965377816749,0.11282965377816749,0.0,0.0,0.0,0.0,0.0,0.0,0.029499050090685448,0.16431269726385708,0.2052266566838613,0.20398225043081503,0.20398225043081503
SXM,0.8593333333333334,0.3503333333333334,10.501271506906553,,,0.0,97755927.0,0.7599847907541214,0.8743862584368473,0.6203149186097203,1.229367775555447,,,-0.6524528039822401,3.178062802981512,1,1,0.26917599908681505,0.317817685580497,0.602340230810806,0.0,0.0,HIC,High income,Latin America & Caribbean,high,high,5017.375999999999,0.0,0.039035145063874,0.0053013960130527,,0.0013253939908031,0.0005279776394005,,0.6798940322590933,0.0257713404749461,,0.2458560012245444,0.0311508406538272,,0.9661105725383148,0.0627515547812266,0.0,0.0,0.0,0.0,0.0,0.0,0.0,0.0013963424930861401,0.008095753725753472,0.010517359816290225,0.010236491580886865,0.010236491580886865,0.0,0.0,0.0,0.0,0.0,0.0,0.023345699490882704,0.15634642446733496,0.2007195773575539,0.19850284292028342,0.19850284292028342,0.0,0.0,0.0,0.0,0.0,0.0,0.0,0.0,0.0,0.0,0.0
SYC,0.4363333333333333,-0.626,9.723433541254318,188.59447909216235,0.5203956611111111,0.10527334825151158,1178914258.6666667,0.0396879015487962,0.44816090767091127,-0.491410425226153,0.6823709786126041,1.775179262431584,0.5986628243653008,-0.6385634007447999,-1.0958131695512796,0,0,0.26917599908681505,0.317817685580497,0.009727517869207563,0.0002639026606155415,0.042371186135940736,HIC,High income,Sub-Saharan Africa,middle,middle,22701.11,161853.02799999976,0.1531936544072074,0.0274176423224229,0.1756580173464535,0.0143110182717937,0.0035893583886734,0.0250415024672878,0.6305666551106975,0.07774973598698,0.4888575455010958,0.0839928532129045,0.0393870949771732,0.1960414790633391,0.8820641810026033,0.1481438316752497,0.8855985443781763,0.0,0.0,0.0,0.0,0.0,0.0,0.00579236539021529,0.02504213334365389,0.030498345842683218,0.030143216297807064,0.030143216297807064,0.0,0.0,0.0,0.0,0.0,0.0,0.037169073338958025,0.17030030985812097,0.20657460854932855,0.2058172959383925,0.2058172959383925,0.0,0.0,0.0,0.0,0.0,0.0,0.03704245255484471,0.15630204868874462,0.18885996436476848,0.1870923772584597,0.1870923772584597
SYR,-0.5533333333333333,0.11633333333333333,6.703444435086102,59.74966550929761,-1.8008841444444423,3.300064173833073,772980129.0,0.1551693349810682,-0.5490519106301637,0.35386521175660207,-1.4413674358412543,-0.5227550870500383,-1.962548646791495,-0.2170536950806222,-0.4106049852366841,0,0,0.26917599908681505,0.317817685580497,0.007436578622806078,0.0028019769036346973,0.17371853850559715,LMC,Lower-middle income,"Middle East, North Africa, Afghanistan & Pakistan",low,high,20677.434,3040505.0719999974,0.0009765718512268,0.0001398307573723,0.1204185312406544,0.0,0.0,0.0366752889271286,0.4393976061052838,0.0852285675163357,0.5243698110167139,0.550740386839102,0.0260102491610193,0.2412641632324172,0.9911145647956126,0.1113786474347274,0.9227277944169144,0.0,0.0,0.0,0.0,0.0,0.0,0.0023288225885044764,0.01812789348131894,0.02352738689547985,0.023292868255503446,0.023292868255503446,0.0,0.0,0.0,0.0,0.0,0.0,0.012037638056944407,0.11441191545082169,0.15636476551454398,0.15139907350206028,0.15139907350206028,0.0,0.0,0.0,0.0,0.0,0.0,0.03227700305328278,0.15466338271113744,0.19063605265786418,0.1884607200385555,0.1884607200385555
TCA,0.4816666666666667,0.015666666666666662,10.479051216029157,,,0.004613774806742933,38512516.66666666,0.8074607696225772,0.4938399050737224,0.23923869969158543,1.213741863124081,,,-0.6518440784139748,3.459761153202386,1,1,0.26917599908681505,0.317817685580497,0.25353342502196535,0.0,0.003748044322534882,HIC,High income,Latin America & Caribbean,middle,middle,12281.077999999998,4302.534,0.0258932481334293,0.0045950270094987,0.0857062373010881,0.0003951607505464,3.06811263357075e-05,0.0356413220674142,0.9226611051570556,0.0503122663585216,0.3583127989226815,0.0477935243143965,0.0105426784186027,0.4669266994752395,0.996743038355428,0.0654806529129589,0.9465870577664234,0.0,0.0,0.0,0.0,0.0,0.0,0.0019307498698956853,0.01159583242091239,0.014620251441545376,0.014525194504984204,0.014525194504984204,0.0,0.0,0.0,0.0,0.0,0.0,0.02823564194412659,0.19071992401755763,0.2412528180530657,0.24082189283383754,0.24082189283383754,0.0,0.0,0.0,0.0,0.0,0.0,0.023424394866482342,0.12432990037072196,0.15914458686477304,0.1549345920334389,0.1549345920334389
TCD,-2.105,-1.0956666666666666,6.836280414661277,45.253191508796334,-1.2793361833333305,13.988627390087833,1456398808.0,0.47921077399144113,-2.112549946733735,-1.0262076288672404,-1.3479535648874783,-0.7812982493690636,-1.3870925481517529,1.1931585476681263,1.512092365045228,1,1,0.26917599908681505,0.317817685580497,0.5097784880494226,0.10313315962834514,0.15666359111051645,LIC,Low income,Sub-Saharan Africa,low,low,2857477.726,332095.8329999998,2.924117281465732e-05,3.5094430814476503e-06,0.2635148601819402,1.9745035800849496e-05,3.240211095808124e-06,0.032714493590168,0.9731344810489698,0.0003248547656666,0.2731693324197779,0.0157472625562646,9.946034727156095e-05,0.3290946201062393,0.98893072981385,0.0004310647671154,0.8984933062981254,0.0,0.0,0.0,0.0,0.0,0.0,9.532127866799557e-06,7.066599438403479e-05,9.125740462927133e-05,9.036063100633102e-05,9.036063100633102e-05,0.0,0.0,0.0,0.0,0.0,0.0,0.026399963163810235,0.19249592899653903,0.24461889502096773,0.24447691150611617,0.24447691150611617,0.0,0.0,0.0,0.0,0.0,0.0,0.0426522357511661,0.14436776734419476,0.16999901463066786,0.16703176805593944,0.16703176805593944
TGO,-1.0153333333333332,-0.9153333333333333,6.637007262548462,64.59401303817296,-0.7590583055555546,9.836152215098304,1937207409.6666667,0.24713822593980886,-1.014574634161753,-0.8208667579163332,-1.488087861149314,-0.43635663391967844,-0.8130378109484389,0.6452952651106448,0.13509171174988968,0,0,0.26917599908681505,0.317817685580497,0.005718987827846359,0.05453663484635337,0.25198991752417055,LIC,Low income,Sub-Saharan Africa,low,low,42713.70299999999,4056561.801999986,0.0109766882070608,0.0011823284676011,0.0512060373140595,0.0002213341231501,4.40491262058645e-05,0.0196687226509559,0.2216168427260918,0.0169673090340229,0.389285122001946,0.7259046587461643,0.3132781958456396,0.4692684171757153,0.9587195238024672,0.3314718824734695,0.9294282991426768,0.0,0.0,0.0,0.0,0.0,0.0,0.0006091182664252548,0.019355746462894074,0.03086892581611981,0.028044286345380434,0.028044286345380434,0.0,0.0,0.0,0.0,0.0,0.0,0.007376608856951905,0.0828496596840892,0.11919160767512635,0.112646565670038,0.112646565670038,0.0,0.0,0.0,0.0,0.0,0.0,0.018601489162855433,0.11793023055633745,0.15446621045937217,0.150235101779919,0.150235101779919
THA,0.9329999999999999,1.4000000000000001,8.67800473406029,122.10210562509799,-0.40550611666666586,1.7054315635311632,224837539566.33334,0.2550017702161345,0.9486146292164153,1.8155430195790494,-0.05280297048539854,0.5892944392892108,-0.42294183041751926,-0.4274440332613707,0.1817499903641624,0,0,0.26917599908681505,0.317817685580497,0.1095907915896016,0.135964730598553,0.20297287349555593,UMC,Upper-middle income,East Asia & Pacific,high,high,91344138.565,122466405.59399983,0.2731033660167294,0.0702753585900093,0.2358506830416451,0.0432364802060027,0.0057988388010199,0.0548734477704736,0.4213430615431623,0.1051364037011598,0.4217470534427983,0.224411132394809,0.0721063749867791,0.1879609137244718,0.9620940401607035,0.2533169760789683,0.900432097979389,0.0,0.0,0.0,0.0,0.0,0.0,0.011987903189802192,0.043344176987131125,0.05136076784365779,0.05071062839705569,0.05071062839705569,0.0,0.0,0.0,0.0,0.0,0.0,0.04879086757608914,0.1733350707276786,0.20327494093366041,0.20125156187108428,0.20125156187108428,0.0,0.0,0.0,0.0,0.0,0.0,0.04527868304022009,0.16518321863096128,0.19390959414303938,0.1922148645930646,0.1922148645930646
TJK,-1.0916666666666666,-1.1523333333333332,6.9059902637732735,53.14952178849651,-0.9955577499999976,3.5401360172456697,924907665.3333334,0.3656692750711932,-1.0914900047885454,-1.0907324866521835,-1.298931704469985,-0.6404679894618225,-1.073982264341617,-0.18537944234243875,0.8383947670228682,1,1,0.26917599908681505,0.317817685580497,0.011784326715543051,0.04752491399542807,0.43664366765240836,LMC,Lower-middle income,Europe & Central Asia,low,low,50453.77499999998,4219688.381000004,0.3069779813304357,0.0049550480773242,0.1489247869178138,0.0001820081847195,4.282936778171383e-05,0.0433164592966183,0.0159858999648688,0.0010332865270695,0.2826395611036467,0.6709157639839634,0.0020961359748023,0.4417091070972128,0.9940616534639876,0.0081272999469777,0.9165899144152918,0.0,0.0,0.0,0.0,0.0,0.0,0.0006393715065016359,0.0015581065931536818,0.0016839007778120794,0.001665001191154026,0.001665001191154026,0.0,0.0,0.0,0.0,0.0,0.0,0.03808626258147606,0.11357669515517399,0.13715439516374062,0.13110515466880324,0.13110515466880324,0.0,0.0,0.0,0.0,0.0,0.0,0.02981131482592471,0.12588239676794005,0.1558310079585888,0.15184838486181065,0.15184838486181065
TKL,0.4426666666666667,0.006666666666666672,,,,,33006285.0,0.1004073432313284,0.4545425323080688,0.2289906340433886,,,,,-0.7355348360450993,0,0,0.26917599908681505,0.317817685580497,0.07251266967118256,0.0,0.0,,,,middle,middle,4181.764999999999,0.0,0.3442060947949011,0.0549832383595716,,0.0,0.0,,0.3400640638582036,0.0820329475411694,,0.3149478748805828,0.0756000348191353,,0.9992180335336877,0.2126162207198763,0.0,0.0,0.0,0.0,0.0,0.0,0.0,0.008966098896570976,0.03369553442660593,0.040605688744825716,0.039924049086620395,0.039924049086620395,0.0,0.0,0.0,0.0,0.0,0.0,0.051424265682926136,0.16883002315549103,0.1975283242331612,0.19468863027931987,0.19468863027931987,0.0,0.0,0.0,0.0,0.0,0.0,0.0,0.0,0.0,0.0,0.0
TKM,-1.6576666666666666,-1.3126666666666666,8.696785296395584,65.64045732323586,-1.2387685111111095,12.722204162644204,7250865334.0,0.4654905876623255,-1.6618057223618783,-1.2732998783848757,-0.03959596864719779,-0.41769340487229223,-1.3423317281915697,1.026071025827359,1.430683746502708,1,1,0.26917599908681505,0.317817685580497,0.0032472167014856498,0.7317111554282213,0.08706019190673651,UMC,Upper-middle income,Europe & Central Asia,low,low,92108.153,1518656.6810000024,0.0014619227029772,0.0001957160421917,0.3318090206327541,0.0001326918367367,1.0181841939273704e-05,0.0566703785501602,0.2714720161634332,0.0378556149505637,0.3237959442394864,0.1830658356595208,0.0533773988090787,0.2197619226092874,0.4561324663626681,0.0914389116437734,0.9320372660316882,0.0,0.0,0.0,0.0,0.0,0.0,0.0010516776334853985,0.010184693959119513,0.013999954747961018,0.013518683119354571,0.013518683119354571,0.0,0.0,0.0,0.0,0.0,0.0,0.007554355229121494,0.06305329131909308,0.08364718895045962,0.08199659535025083,0.08199659535025083,0.0,0.0,0.0,0.0,0.0,0.0,0.05454791347617646,0.17192141575345196,0.19653244000924933,0.19455098005129673,0.19455098005129673
TLS,-1.0263333333333333,-0.9283333333333333,7.175078460145443,59.67410014733216,-0.6234673722222214,56.28569399863104,136010813.0,0.2003800125519782,-1.025658508531553,-0.8356695194081732,-1.1097015717041194,-0.5241027877146035,-0.6634319542968425,6.7736879375319345,-0.14234778259151265,0,0,0.26917599908681505,0.317817685580497,0.056146581524879835,0.008611042314710606,0.22424018428086268,LMC,Lower-middle income,East Asia & Pacific,low,low,14379.808000000005,401345.50399999885,0.0174020404166731,0.0072548591671219,0.2206001639923695,0.0066018962144696,0.0005497310347259,0.0459781455531143,0.0145992213526077,0.0045623828915586,0.3119786960414045,0.9608839700780424,0.0076643660634439,0.2892626174778337,0.9994871280617932,0.0200313391568505,0.8678196230647223,0.0,0.0,0.0,0.0,0.0,0.0,0.0010625376157326258,0.0032341426980347903,0.00373567566802619,0.0036665707281098928,0.0036665707281098928,0.0,0.0,0.0,0.0,0.0,0.0,0.003121878633043334,0.0570526572199245,0.09038079517872395,0.08171708725179078,0.08171708725179078,0.0,0.0,0.0,0.0,0.0,0.0,0.03963350875707653,0.1426028627157445,0.16894205327498268,0.1663339477075596,0.1663339477075596
TON,-0.8969999999999999,-0.7919999999999999,8.381791978186133,85.73696746035364,0.07611711666666686,0.047205195770138535,11876579.0,0.2384637997925895,-0.8953390159411801,-0.6804303027373394,-0.2611078306639734,-0.05927415876823195,0.10846284860338581,-0.6462247129236436,0.0836220718809564,0,0,0.26917599908681505,0.317817685580497,0.2858265483035699,0.01228334304467526,0.15267003594502618,UMC,Upper-middle income,East Asia & Pacific,low,low,13930.011999999992,78676.61199999989,0.0083338765250166,0.001523460360137,0.1439520807022044,0.0133044393644456,0.0007976606195864,0.0508196133305791,0.9239910920392604,0.0557205313221553,0.4899613877628592,0.0523592513775293,0.0039510703284227,0.2271206213099264,0.997988659306252,0.0619927226303015,0.9118537031055692,0.0,0.0,0.0,0.0,0.0,0.0,0.0017696753328682816,0.011754556379377706,0.01484236775470191,0.014806743350101377,0.014806743350101377,0.0,0.0,0.0,0.0,0.0,0.0,0.02727718678046237,0.19004830176094534,0.24080638744627636,0.24033429583549534,0.24033429583549534,0.0,0.0,0.0,0.0,0.0,0.0,0.035498125169458675,0.15659574857702116,0.19026512592781844,0.18821731704715516,0.18821731704715516
TTO,-0.1426666666666667,-0.995,9.826186600673589,,0.10080296111111113,5.80632506943396,9521339423.333334,0.4025416838909625,-0.13525393415763948,-0.911581116802224,0.7546297225417323,,0.13570026643426686,0.11361374141111266,1.0571769170861274,1,1,0.26917599908681505,0.317817685580497,0.3953857516000256,0.01228604857593236,0.0632929763191715,HIC,High income,Latin America & Caribbean,middle,low,11255164.080000011,1756161.6480000042,0.032103902389311,0.0026189951086319,0.1757118995004946,0.0007326266362169,4.798064981347251e-05,0.0325059364922424,0.8197496851596311,0.0081593668086534,0.4295641382780036,0.008335610066024,0.0005023490335422,0.2728131789836238,0.860921824251183,0.011328691600641,0.9105951532543646,0.0,0.0,0.0,0.0,0.0,0.0,0.0005467099419132532,0.002299213695381211,0.0027487911958222963,0.0027442618192903582,0.0027442618192903582,0.0,0.0,0.0,0.0,0.0,0.0,0.0262360685954469,0.17010651315278122,0.2138468814411811,0.21377172430124156,0.21377172430124156,0.0,0.0,0.0,0.0,0.0,0.0,0.036110580525261116,0.1503507404162357,0.182366272949506,0.17990648199145692,0.17990648199145692
TUN,0.36933333333333335,0.8886666666666666,8.301757786906263,90.05013100211073,-0.17241256111111092,2.4612341191155567,12890865444.0,0.073714201046863,0.3806500365094037,1.2333010675666798,-0.3173900490811347,0.017650681137419952,-0.16575530472906164,-0.3277260454063696,-0.8939183869437454,0,0,0.26917599908681505,0.317817685580497,0.02966324859114571,0.009841068563834552,0.06762595286346536,LMC,Lower-middle income,"Middle East, North Africa, Afghanistan & Pakistan",middle,high,1425166.7130000014,5549542.760999984,0.1677651813075988,0.0321024654850367,0.256591328750013,0.0106691630258417,0.0018153674488197,0.0555308369124936,0.3268999926466846,0.0671124670060945,0.3306922665587877,0.4291971250945145,0.0703289205730864,0.2012874499950184,0.9345314620746396,0.1713592205130375,0.8441018822163128,0.0,0.0,0.0,0.0,0.0,0.0,0.0059190466788070495,0.02522577501216458,0.03116635724625113,0.030532244027969203,0.030532244027969203,0.0,0.0,0.0,0.0,0.0,0.0,0.03039237501318778,0.13052205693411695,0.16239317877141465,0.15852336862711985,0.15852336862711985,0.0,0.0,0.0,0.0,0.0,0.0,0.0454108227654226,0.153264334019697,0.17761505364916733,0.17580016680494995,0.17580016680494995
TUR,0.5936666666666667,2.371333333333333,9.345131818044015,52.29358919451303,-0.4020291666666655,0.3401646982890863,149341901964.66666,0.1166583931608438,0.6066938986571381,2.921574993610368,0.41633892565093356,-0.6557334615740591,-0.4191054965971299,-0.6075726444722428,-0.6391093580747398,0,0,0.26917599908681505,0.317817685580497,0.047941992779563826,0.017121943400617307,0.10752960948399602,UMC,Upper-middle income,Europe & Central Asia,high,high,26051361.87700008,73332795.13400024,0.1970408277784481,0.0112010898479231,0.2256867833928589,0.0079497469643935,0.001117747400363,0.0317822198886756,0.4215267457742814,0.0688414593617478,0.3525343733695164,0.3146944345062418,0.0457172172509296,0.1928503020259627,0.941211755023365,0.1268775138609638,0.8028536786770136,0.0,0.0,0.0,0.0,0.0,0.0,0.003340782043117124,0.018932657267692565,0.024131069864164446,0.023718865446328195,0.023718865446328195,0.0,0.0,0.0,0.0,0.0,0.0,0.036304235724205006,0.1500604688162174,0.18306882155296092,0.1802314127172489,0.1802314127172489,0.0,0.0,0.0,0.0,0.0,0.0,0.040083401519295264,0.14348062608707773,0.16870343101330465,0.16696461681470992,0.16696461681470992
TUV,0.715,-0.7476666666666668,8.167696283761451,,0.18959633888888897,0.0,24548262.0,0.1348537815935257,0.7289523917058384,-0.6299490904702959,-0.41166574151543894,,0.23367148781952132,-0.6524528039822401,-0.5311471627650597,0,0,0.26917599908681505,0.317817685580497,0.00896686550866461,0.008733140778848071,0.15553919547920156,UMC,Upper-middle income,East Asia & Pacific,high,middle,394.112,35843.10300000001,0.0866048229944787,0.0307261667700518,0.3232042158849917,0.0307399926924326,0.0016491263950852,0.2151609474213211,0.574841669373173,0.205109696800218,0.1287854737353515,0.3078135149399155,0.0559588983392104,0.0999445276822154,1.0,0.2934438883045657,0.7670951647238798,0.0,0.0,0.0,0.0,0.0,0.0,0.009478331097865798,0.051303234358525976,0.0640727123108216,0.06356816486677953,0.06356816486677953,0.0,0.0,0.0,0.0,0.0,0.0,0.028967761962943844,0.15800498022674592,0.19890800264316974,0.19613263488551477,0.19613263488551477,0.0,0.0,0.0,0.0,0.0,0.0,0.062424344873648285,0.16497118238317082,0.17518463802060222,0.17428349883658223,0.17428349883658223
TWN,1.7603333333333333,1.7803333333333333,,,,,332286821484.0,0.39162103962431444,1.782256331817718,2.248618682712109,,,,,0.9923793595299673,1,1,0.26917599908681505,0.317817685580497,0.1020358796448138,0.34718408895350267,0.1880524350607139,HIC,High income,,high,high,,,,,,,,,,,,,,,,,,0.0,0.0,0.0,0.0,0.0,0.0,0.0,0.0,0.0,0.0,0.0,0.0,0.0,0.0,0.0,0.0,0.0,0.0,0.0,0.0,0.0,0.0,0.0,0.0,0.0,0.0,0.0,0.0,0.0,0.0,0.0,0.0,0.0
TZA,-1.1276666666666666,0.14733333333333334,6.877240366854714,36.43024775446913,-0.4269911833333329,5.3513815989031235,4558971676.0,0.2709154464616526,-1.1277645027260719,0.38916410454483574,-1.3191494133262276,-0.938654567817796,-0.4466476323090178,0.05359006573826639,0.27617366421262474,1,0,0.26917599908681505,0.317817685580497,0.022910964870228423,0.07059121559441377,0.33184094552805043,LIC,Low income,Sub-Saharan Africa,low,high,383765.3879999996,6597827.348999976,0.0134480157965678,0.0009745150114156,0.1682756626191922,0.0001196408051264,1.7606107703728186e-05,0.0698394637546617,0.1433154154068735,0.0148139731426046,0.3875915385066256,0.8404483392337617,0.097370416829369,0.2915990557545586,0.9973314112423296,0.113176511091093,0.9173057206350382,0.0,0.0,0.0,0.0,0.0,0.0,0.0005228615915066595,0.008048039312466747,0.012132234815439442,0.011254304827633656,0.011254304827633656,0.0,0.0,0.0,0.0,0.0,0.0,0.0055466837144995795,0.0737606346318812,0.10983220633940469,0.10225439344467406,0.10225439344467406,0.0,0.0,0.0,0.0,0.0,0.0,0.0374102317024373,0.1504989030699972,0.1809257672158922,0.17829659540171175,0.17829659540171175
UGA,-0.6733333333333333,0.234,6.767970205580018,35.24523776301927,-0.6528392333333333,11.886307886642433,2232278882.6666665,0.1546293208401251,-0.6699669037552519,0.4878491811571017,-1.3959911603969917,-0.9597891023645067,-0.6958397439252022,0.9157857481678582,-0.41380915492892156,0,0,0.26917599908681505,0.317817685580497,0.02414587031711975,0.01972577315906635,0.1987548439563919,LIC,Low income,Sub-Saharan Africa,low,high,155215.5170000001,2839725.587000008,0.1118102128925678,0.0033894992071648,0.2082026191920207,0.0003936848659274,4.458974921079719e-05,0.0602240462187304,0.1401610445945297,0.0138556919869593,0.3317481584533113,0.7273444445634898,0.0120126549673109,0.2626738120101316,0.9797093869165148,0.0293024359106459,0.8628486358741941,0.0,0.0,0.0,0.0,0.0,0.0,0.0007953746698032204,0.004190182074064209,0.005331705181857796,0.005223394358382042,0.005223394358382042,0.0,0.0,0.0,0.0,0.0,0.0,0.01754519054188322,0.09212763866389381,0.12420009261100842,0.11764206893051796,0.11764206893051796,0.0,0.0,0.0,0.0,0.0,0.0,0.03992797668820309,0.1456261823871494,0.1721126123029324,0.16974424186677547,0.16974424186677547
UKR,0.6646666666666666,0.432,7.675785289548013,105.78760137422567,-0.7477719444444443,2.650917806205403,39861630463.333336,0.105053610365387,0.6782352695894819,0.7133066254174324,-0.7575909214339778,0.2983268894876621,-0.8005848712053666,-0.3026998325869489,-0.7079662462541175,0,0,0.26917599908681505,0.317817685580497,0.017044402048666956,0.056282611045957574,0.10490226330555931,LMC,Lower-middle income,Europe & Central Asia,high,high,2274778.692000001,14898047.34500002,0.0875070984707465,0.0131389397364422,0.136206713471147,0.0009788073045656,0.0002123368368673,0.0373040845642445,0.579344902268849,0.0236732676666079,0.371355604924747,0.2983521779005652,0.0320258037876864,0.2277918938913128,0.9661829859447264,0.0690503480276039,0.7726582968514515,0.0,0.0,0.0,0.0,0.0,0.0,0.0022720189986646868,0.009606805868104825,0.011946828591321854,0.01165807134405583,0.01165807134405583,0.0,0.0,0.0,0.0,0.0,0.0,0.026530172954115167,0.15120296501563787,0.19202417597399762,0.1893341153535827,0.1893341153535827,0.0,0.0,0.0,0.0,0.0,0.0,0.030118848454980356,0.12795046567953372,0.15535485412024735,0.15330099278188308,0.15330099278188308
URY,0.2313333333333333,-0.4326666666666667,9.762141759702788,46.72560113028907,0.9698668555555555,1.8077515652847935,7920417947.0,0.294215108581718,0.24159779441555218,-0.2712667927834059,0.709591649808465,-0.7550379711968316,1.0945921717927396,-0.4139442843960033,0.41442202762419306,1,0,0.26917599908681505,0.317817685580497,0.06046381115739352,0.22987311129110302,0.176975281404705,HIC,High income,Latin America & Caribbean,middle,middle,1625110.9629999998,5300671.420999984,0.0235560160946375,0.002812000163007,0.1553386738400518,0.0010149017744334,0.0001894622108133,0.0255605264388261,0.3177438302716066,0.032133902306204,0.3526677908375871,0.5356114442752681,0.0037264804606257,0.2613114639614263,0.8779261924159458,0.0388618451406502,0.7948784550778913,0.0,0.0,0.0,0.0,0.0,0.0,0.0012333356918633382,0.007267138657141426,0.00909692661854225,0.009063327204553,0.009063327204553,0.0,0.0,0.0,0.0,0.0,0.0,0.01159735252886747,0.09558785502005107,0.1305788288697718,0.12574954535581448,0.12574954535581448,0.0,0.0,0.0,0.0,0.0,0.0,0.030903901437002695,0.12779689308812117,0.15534619454636722,0.15299010757622322,0.15299010757622322
USA,1.312,0.8306666666666667,10.955852173174046,27.248182622322066,1.2005157111111109,0.3217478416263253,1447412232628.6667,0.1488131017530193,1.3305044825031525,1.1672579778338559,1.549041254326774,-1.1024157800824108,1.3490813088817917,-0.6100025011530059,-0.4483196455056513,0,0,0.26917599908681505,0.317817685580497,0.0,0.08223979778756739,0.19555246694427844,HIC,High income,North America,high,high,,,,,,,,,,,,,,,,,,0.0,0.0,0.0,0.0,0.0,0.0,0.0,0.0,0.0,0.0,0.0,0.0,0.0,0.0,0.0,0.0,0.0,0.0,0.0,0.0,0.0,0.0,0.0,0.0,0.0,0.0,0.0,0.0,0.0,0.0,0.0,0.0,0.0
UZB,-0.5856666666666667,-0.4956666666666667,7.974118324327904,34.16933221967827,-1.0035984555555533,8.667416745917656,6744636472.0,0.21023380881846757,-0.5816317837777568,-0.3430032523207838,-0.5477950235055429,-0.9789777700034327,-1.0828540717195105,0.4910963298723907,-0.08388035932102653,0,0,0.26917599908681505,0.317817685580497,0.0022775940670661083,0.176578216103677,0.2116583307624429,LMC,Lower-middle income,Europe & Central Asia,low,middle,50515.65499999996,6970355.707999993,0.0967405648803327,0.0027555262630385,0.2854680323869637,0.0281056040944139,0.0001329543218718,0.0654156568332194,0.5943176625147197,0.0539747346852996,0.3318026442101909,0.1684494440386847,0.0314869733455418,0.232761591799097,0.8876132755281512,0.0883501886157519,0.9154479252294712,0.0,0.0,0.0,0.0,0.0,0.0,0.0018137367882102478,0.012933065450601428,0.016861225758468896,0.01657732681846811,0.01657732681846811,0.0,0.0,0.0,0.0,0.0,0.0,0.03050231142844567,0.15672952788948472,0.19394347263791184,0.19242466617526796,0.19242466617526796,0.0,0.0,0.0,0.0,0.0,0.0,0.04986822846105603,0.16475146271226826,0.19022737283251762,0.18812870274252577,0.18812870274252577
VAT,0.47433333333333333,-0.2876666666666667,,,,,11378440.666666666,0.0339550233794772,0.4864506554938559,-0.10615906845134548,,,,,-1.1298291574425252,0,0,0.26917599908681505,0.317817685580497,0.11819339202243195,0.001360201073904595,0.0025833020861002805,,,,middle,middle,,,,,,,,,,,,,,,,,,0.0,0.0,0.0,0.0,0.0,0.0,0.0,0.0,0.0,0.0,0.0,0.0,0.0,0.0,0.0,0.0,0.0,0.0,0.0,0.0,0.0,0.0,0.0,0.0,0.0,0.0,0.0,0.0,0.0,0.0,0.0,0.0,0.0
VCT,0.09100000000000001,-0.5173333333333333,8.941166765718144,,0.5779304888888889,0.0350106204292576,239735387.66666663,0.2091946500908044,0.1001944274553796,-0.36767452147385027,0.13225972219650597,,0.6621445556683514,-0.6478336232227079,-0.09004619952437265,0,0,0.26917599908681505,0.317817685580497,0.01215779491937029,0.0006120203775127168,0.09250221384146111,UMC,Upper-middle income,Latin America & Caribbean,middle,middle,7478.426,96652.704,0.0527889157424302,0.0208644900487332,0.6707673072447097,0.0,0.0,0.0068778313744848,0.8011980061044931,0.0448236503134973,0.1061242218324279,0.1090491501821372,0.0286311396685006,0.0659840722097128,0.9630360720290606,0.0943192800307312,0.8497534326613354,0.0,0.0,0.0,0.0,0.0,0.0,0.0037738084048888603,0.015481246658687458,0.01882752018565706,0.01856937056569517,0.01856937056569517,0.0,0.0,0.0,0.0,0.0,0.0,0.02820318969837872,0.17648965657189844,0.22265864676801694,0.2216754167253911,0.2216754167253911,0.0,0.0,0.0,0.0,0.0,0.0,0.08573346787083881,0.19362454512381044,0.20148608388462327,0.20089114552863405,0.20089114552863405
VEN,-0.755,-1.216,8.136157571830168,48.05966638044504,-1.5340766611111085,,27692229187.0,0.5440246634042492,-0.7522562740764924,-1.163228062163502,-0.43384462088094927,-0.7312450510354656,-1.668163460969287,,1.8966650722151954,1,1,0.26917599908681505,0.317817685580497,0.38720058076426705,0.18859907673023446,0.16771639448641606,UMC,Upper-middle income,Latin America & Caribbean,low,low,40290593.99600008,9580160.027999986,0.0030499867043955,0.0005180036845432,0.3146945837218333,8.505344945622318e-05,1.051759649086488e-05,0.078003853674249,0.8905288967087963,0.0014447218303857,0.2711800240713063,0.01217178543083,0.0001129574998531,0.1951886913720354,0.905835722293478,0.002086200611273,0.8590671528394241,0.0,0.0,0.0,0.0,0.0,0.0,0.00010363797887452726,0.0004223840787572657,0.0005028010596048942,0.0005017825903439237,0.0005017825903439237,0.0,0.0,0.0,0.0,0.0,0.0,0.024535639679201297,0.17681601030352223,0.2244386137293178,0.22432886812297426,0.22432886812297426,0.0,0.0,0.0,0.0,0.0,0.0,0.052936687856683914,0.1613795320417197,0.18236866525671078,0.1806087672197498,0.1806087672197498
VGB,0.8263333333333334,-0.42933333333333334,,,,,605320355.6666666,0.1987175940815553,0.841134635327448,-0.26747121291370335,,,,,-0.1522117296160151,0,0,0.26917599908681505,0.317817685580497,0.026202739558042493,3.842960302475592e-05,0.07092957593818129,HIC,High income,Latin America & Caribbean,high,middle,13624.112999999996,473061.55200000026,0.1422558664920058,0.0431080269019924,0.962407312695748,0.0036193915890157,0.0002875913508383,0.0072408272993616,0.3958565229163911,0.0814261403541968,0.0125362227704355,0.330871228093895,0.1407805969025809,0.008598162295802,0.8726030090913077,0.2656023555096087,0.9907825250613472,0.0,0.0,0.0,0.0,0.0,0.0,0.007519511260577157,0.03394705364480763,0.043033317670211416,0.041763984419450444,0.041763984419450444,0.0,0.0,0.0,0.0,0.0,0.0,0.02850264295049259,0.13103601307315071,0.16323155252773366,0.16024828735639526,0.16024828735639526,0.0,0.0,0.0,0.0,0.0,0.0,0.11898348751401677,0.2453125851007157,0.2462684772777139,0.24619095286357143,0.24619095286357143
VNM,0.30466666666666664,0.9359999999999999,7.907593417057853,150.434606609075,-0.3077937611111099,3.09347023541511,193990986272.0,0.3700800714023151,0.3154902902142172,1.287198301716456,-0.5945771462618226,1.0946017575068,-0.31512974963187435,-0.24431098825840233,0.8645661926417063,1,1,0.26917599908681505,0.317817685580497,0.18233471598718085,0.19437223484380098,0.3208250319200005,LMC,Lower-middle income,East Asia & Pacific,middle,high,127637542.7850002,160896407.39899918,0.0635585180424936,0.014692909270437,0.1863736433445468,0.0502463224539111,0.0030438124711909,0.0681928051680552,0.2660469887468774,0.0833527168335577,0.3646320324885324,0.4854182434424091,0.1822615190114683,0.2934113927660867,0.8652700726856913,0.2833509575866541,0.9126098737672212,0.0,0.0,0.0,0.0,0.0,0.0,0.004335299849139121,0.02999156711552388,0.04058531513451402,0.03894197356965652,0.03894197356965652,0.0,0.0,0.0,0.0,0.0,0.0,0.019516920359893872,0.10519623024984522,0.13574604743610488,0.13136932556900122,0.13136932556900122,0.0,0.0,0.0,0.0,0.0,0.0,0.03885860830290068,0.15017989054882136,0.1794509872654671,0.1768054747077401,0.1768054747077401
VUT,-1.9066666666666665,-1.106,7.971330213608041,106.87905821599468,0.0657441666666668,0.844736575972543,493438991.6666667,0.1083436098433735,-1.9127043330964362,-1.0379739264633185,-0.5497556987369304,0.31779291297695583,0.09701773179060347,-0.5410011675712286,-0.6884450600191958,0,0,0.26917599908681505,0.317817685580497,0.011693260119011185,0.024671807079267943,0.17571954185082606,LMC,Lower-middle income,East Asia & Pacific,low,low,15398.662,199534.6360000001,0.0188235185628465,0.0040986775841948,0.2107758424457192,0.0345239086356983,0.0019048036652574,0.0477440267563371,0.8997463545858722,0.1365156149083657,0.3529650611636163,0.0459610711631958,0.0050546659465562,0.2761025308909272,0.999054852947613,0.1475737621043742,0.8875874612565999,0.0,0.0,0.0,0.0,0.0,0.0,0.004376171861706075,0.02864600208971503,0.036054448842341366,0.03600887398544619,0.03600887398544619,0.0,0.0,0.0,0.0,0.0,0.0,0.029809587325771603,0.19287891295582987,0.24213492888399568,0.2417205257833439,0.2417205257833439,0.0,0.0,0.0,0.0,0.0,0.0,0.03969915049653637,0.1480021980209743,0.17606837145725426,0.1735789224082377,0.1735789224082377
WSM,0.31633333333333336,-0.02266666666666668,8.362010690733708,74.61908558883643,0.6056323944444445,0.430980937073129,59945552.333333336,0.2424145640791444,0.327245914545823,0.19558953119000627,-0.275018569601496,-0.2575604687531308,0.6927097801242676,-0.5955906624993162,0.10706390095240545,0,0,0.26917599908681505,0.317817685580497,0.0720004876817072,0.011676134277890599,0.18630310824874577,UMC,Upper-middle income,East Asia & Pacific,middle,middle,20929.63800000001,179650.23800000004,0.0794911980799667,0.0176293055813093,0.1329007924832252,0.0311131038195691,0.0087607489178824,0.036561604777835,0.6370688781143751,0.0845696442460637,0.5517454087647797,0.2001482299884976,0.0387032696874747,0.2127260081893129,0.9478214100024086,0.1496629684327302,0.933933814215153,0.0,0.0,0.0,0.0,0.0,0.0,0.005241275150302111,0.025197040355134273,0.030991633819892665,0.03064266991287445,0.03064266991287445,0.0,0.0,0.0,0.0,0.0,0.0,0.029816896321922498,0.1631797465576595,0.20373402744103591,0.20192941225261504,0.20192941225261504,0.0,0.0,0.0,0.0,0.0,0.0,0.034539678265396556,0.1617173276441749,0.19817442350597195,0.19625640212065848,0.19625640212065848
YEM,-1.8830000000000002,-1.2489999999999999,7.1038046772684185,34.806369349172094,-1.7104919388888868,1.610966549810553,1525461690.0,0.2694865004896464,-1.888857209452322,-1.200804302873557,-1.159823232848598,-0.9676162765831519,-1.862813339906919,-0.4399074220410379,0.26769502443598675,1,0,0.26917599908681505,0.317817685580497,0.009743462474872197,0.27652971663417064,0.23373453900720156,LMC,Lower-middle income,"Middle East, North Africa, Afghanistan & Pakistan",low,low,71865.708,4842128.079999993,0.1192192109204573,0.0070206471323335,0.0812721981943113,0.019521410684495,8.723291844188154e-05,0.0180768473187516,0.7887510827834606,0.0073387535457357,0.4353259602335856,0.0700495847059629,0.0016743991439406,0.3623616207607635,0.997541289094376,0.0161210327404518,0.8970366265074122,0.0,0.0,0.0,0.0,0.0,0.0,0.0010676287598730936,0.003306553257276064,0.0037523353763850745,0.003737238334923315,0.003737238334923315,0.0,0.0,0.0,0.0,0.0,0.0,0.037761703036065575,0.19357038896904613,0.23775823956625175,0.23712664495005042,0.23712664495005042,0.0,0.0,0.0,0.0,0.0,0.0,0.023393629110128884,0.1287582317911884,0.16411306793500496,0.16084587299371939,0.16084587299371939
ZAF,0.4736666666666667,1.4400000000000002,8.717857866308169,55.37462182632263,0.1230405444444444,3.4017108084173064,90405389891.0,0.2598551027774626,0.48577890553204983,1.86108997801548,-0.02477716479018535,-0.6007835530784748,0.16023636647176634,-0.20364278796198318,0.21054720125237758,0,0,0.26917599908681505,0.317817685580497,0.06570125896014174,0.20187072349855195,0.18622458993746774,UMC,Upper-middle income,Sub-Saharan Africa,middle,high,21383724.718999945,44988192.08699998,0.2508840522172089,0.010820009557295,0.1634810475774874,0.006120670777421,0.0004581537344729,0.0330060199602703,0.544763501217799,0.0200011961951995,0.3692714456912022,0.1651851899244425,0.0167607772672227,0.2431957531176623,0.9669534141368716,0.0480401367541903,0.8089542663466224,0.0,0.0,0.0,0.0,0.0,0.0,0.0019101693282888048,0.007599837344654357,0.009228019929029004,0.009076898166783554,0.009076898166783554,0.0,0.0,0.0,0.0,0.0,0.0,0.046084032785580396,0.17984401557927956,0.2143203199606936,0.2128309452974404,0.2128309452974404,0.0,0.0,0.0,0.0,0.0,0.0,0.03302057902776525,0.13405628531526317,0.16187205838474847,0.15967930979106465,0.15967930979106465
ZMB,-0.5943333333333333,-0.8603333333333333,7.172217087974901,75.13650822208946,-0.362106694444444,12.021301966270466,5644143868.333333,0.2310929595667461,-0.5903645332812354,-0.7582396900662414,-1.1117137663786687,-0.24833228789673426,-0.3750565656721393,0.9335964024100059,0.03988724890627273,0,0,0.26917599908681505,0.317817685580497,0.007671948434361691,0.32919168430551154,0.10631022439157711,LMC,Lower-middle income,Sub-Saharan Africa,low,low,159791.4080000002,2346049.779999996,0.0102267763983905,0.0016470157462163,0.4269627271080334,4.975236215454082e-06,6.672763907928204e-07,0.0850600237476633,0.38267474306253,0.0261907378358519,0.296429944466056,0.6036320425939289,0.0058467644042482,0.1272765303385849,0.9965385372910648,0.0336851852627072,0.9357292256603378,0.0,0.0,0.0,0.0,0.0,0.0,0.0009123674315614019,0.005864276478927099,0.007450829273168388,0.007398112544933363,0.007398112544933363,0.0,0.0,0.0,0.0,0.0,0.0,0.011633674353789255,0.10820391162280164,0.14894161085942964,0.14349902686882865,0.14349902686882865,0.0,0.0,0.0,0.0,0.0,0.0,0.06801905278365594,0.19277958774763795,0.21280648887937664,0.21165891360583203,0.21165891360583203
ZWE,-0.9700000000000001,-0.9729999999999999,7.24136417580661,54.332336050314005,-1.21708621111111,5.065682420095803,2177838658.0,0.1933620448450228,-0.9688956367589423,-0.8865302896621869,-1.063087654987777,-0.6193726155332545,-1.318408306573825,0.015895899408722942,-0.18398883922839307,0,0,0.26917599908681505,0.317817685580497,0.017062994057188575,0.2839420221749757,0.12117981003001362,LIC,Low income,Sub-Saharan Africa,low,low,141152.991,1399715.8070000005,0.0027197156594435,0.0001492874445234,0.3090376945353736,0.0001127287483408,8.996570500157862e-06,0.0493027446392194,0.6712015971379591,0.0067122347567935,0.4159221301128022,0.3243876993013911,0.02408476012708,0.1730028672884735,0.9984217408471348,0.0309552788988971,0.9472654365758688,0.0,0.0,0.0,0.0,0.0,0.0,0.00020116815046180268,0.002569326590986072,0.003741144375762215,0.003523986702485264,0.003523986702485264,0.0,0.0,0.0,0.0,0.0,0.0,0.01854875329844946,0.1491894528319042,0.1957623949588888,0.1928375878340402,0.1928375878340402,0.0,0.0,0.0,0.0,0.0,0.0,0.05359378302879218,0.180189914249784,0.20810071928665907,0.20654085736848432,0.20654085736848432
