country_iso3_code,year,gpr_profile_matched,donor_pool,n_nearest_donors,k
ABW,2012,0.25092164082980556,same_historical_income_group,10,10
AFG,2012,0.04755220018429248,all_income_groups,10,10
AGO,2012,0.09009593236493452,all_income_groups,10,10
AIA,2012,0.09510377910545931,all_income_groups,10,10
ALB,2012,0.09735792872068819,same_historical_income_group,10,10
AND,2012,0.1676247409461843,same_historical_income_group,10,10
ARE,2012,0.21946862511962711,same_historical_income_group,10,10
ARM,2012,0.02333941986534296,all_income_groups,10,10
ASM,2012,0.10976589070699729,same_historical_income_group,10,10
ATA,2012,0.13464392463404598,all_income_groups,10,10
ATF,2012,0.12846559813640715,all_income_groups,10,10
ATG,2012,0.12551791307310783,same_historical_income_group,10,10
AUT,2012,0.1818521802655147,same_historical_income_group,10,10
AZE,2012,0.09829558731750622,same_historical_income_group,10,10
BDI,2012,0.11994716375372395,all_income_groups,10,10
BEN,2012,0.03810547940609858,all_income_groups,10,10
BES,2012,0.13567644419494299,all_income_groups,10,10
BFA,2012,0.09804153591138468,all_income_groups,10,10
BGD,2012,0.04333885446564316,all_income_groups,10,10
BGR,2012,0.11194459174813622,same_historical_income_group,10,10
BHR,2012,0.1479298196561254,same_historical_income_group,10,10
BHS,2012,0.24502287213932727,same_historical_income_group,10,10
BIH,2012,0.10942874598631347,same_historical_income_group,10,10
BLR,2012,0.1097147110205146,same_historical_income_group,10,10
BLZ,2012,0.05731437975947412,same_historical_income_group,10,10
BMU,2012,0.22181015029127746,same_historical_income_group,10,10
BOL,2012,0.04365884623861489,all_income_groups,10,10
BRB,2012,0.132529207887198,same_historical_income_group,10,10
BRN,2012,0.16274303630643466,same_historical_income_group,10,10
BTN,2012,0.0726405311930288,all_income_groups,10,10
BVT,2012,0.13380134929922413,all_income_groups,10,10
BWA,2012,0.10403434690043331,same_historical_income_group,10,10
CAF,2012,0.10461171163453961,all_income_groups,10,10
CCK,2012,0.23509043590483994,all_income_groups,10,10
CIV,2012,0.045238544241744706,all_income_groups,10,10
CMR,2012,0.09013391459092193,all_income_groups,10,10
COD,2012,0.10984108245719701,all_income_groups,10,10
COG,2012,0.11524893251780655,all_income_groups,10,10
COK,2012,0.11731845263078015,all_income_groups,10,10
COM,2012,0.04771360596992908,all_income_groups,10,10
CPV,2012,0.09086694461446126,all_income_groups,10,10
CRI,2012,0.09565414284332546,same_historical_income_group,10,10
CUB,2012,0.0982845088842122,same_historical_income_group,10,10
CUW,2012,0.13597503126738064,same_historical_income_group,10,10
CXR,2012,0.1390622829452901,all_income_groups,10,10
CYM,2012,0.22086683610795307,same_historical_income_group,10,10
CYP,2012,0.18645352693244993,same_historical_income_group,10,10
CZE,2012,0.17974599125758509,same_historical_income_group,10,10
DJI,2012,0.024741871755496646,all_income_groups,10,10
DMA,2012,0.08816341585964836,same_historical_income_group,10,10
DOM,2012,0.0556264720148878,same_historical_income_group,10,10
DZA,2012,0.09503062649288348,same_historical_income_group,10,10
ECU,2012,0.0712439474053258,same_historical_income_group,10,10
ERI,2012,0.09927119910895413,all_income_groups,10,10
EST,2012,0.13594432383309293,same_historical_income_group,10,10
ETH,2012,0.08909424643783913,all_income_groups,10,10
FJI,2012,0.08940913967607353,same_historical_income_group,10,10
FLK,2012,0.0954292845066695,all_income_groups,10,10
FRO,2012,0.20370652432486275,same_historical_income_group,10,10
FSM,2012,0.02174924965085326,all_income_groups,10,10
GAB,2012,0.10596369953020783,same_historical_income_group,10,10
GEO,2012,0.023105692949613163,all_income_groups,10,10
GHA,2012,0.09107345585928019,all_income_groups,10,10
GIB,2012,0.1604445697781263,same_historical_income_group,10,10
GIN,2012,0.10849670304627365,all_income_groups,10,10
GMB,2012,0.039570120188901756,all_income_groups,10,10
GNB,2012,0.11679961702202347,all_income_groups,10,10
GNQ,2012,0.0901457634372826,same_historical_income_group,10,10
GRC,2012,0.1730444406782932,same_historical_income_group,10,10
GRD,2012,0.08797805978343934,same_historical_income_group,10,10
GRL,2012,0.1318881153645849,same_historical_income_group,10,10
GTM,2012,0.04101406873833121,all_income_groups,10,10
GUM,2012,0.20653222873270985,same_historical_income_group,10,10
GUY,2012,0.09325973462267446,same_historical_income_group,10,10
HMD,2012,0.1307514301995265,all_income_groups,10,10
HND,2012,0.023001872517558968,all_income_groups,10,10
HRV,2012,0.15529171848211895,same_historical_income_group,10,10
HTI,2012,0.038008052214384754,all_income_groups,10,10
IRL,2012,0.14093105673226666,same_historical_income_group,10,10
IRN,2012,0.10869742409736936,same_historical_income_group,10,10
IRQ,2012,0.07638905040318565,same_historical_income_group,10,10
ISL,2012,0.20357874310022017,same_historical_income_group,10,10
JAM,2012,0.06372862867834042,same_historical_income_group,10,10
JOR,2012,0.09759317360127694,same_historical_income_group,10,10
KAZ,2012,0.1232239844019732,same_historical_income_group,10,10
KEN,2012,0.054694093080150295,all_income_groups,10,10
KGZ,2012,0.043386142525791344,all_income_groups,10,10
KHM,2012,0.04375033624450255,all_income_groups,10,10
KIR,2012,0.022061558385872503,all_income_groups,10,10
KNA,2012,0.13961825967544603,same_historical_income_group,10,10
KWT,2012,0.14272265609991838,same_historical_income_group,10,10
LAO,2012,0.04235635182870422,all_income_groups,10,10
LBN,2012,0.12699057016887083,same_historical_income_group,10,10
LBR,2012,0.11788846220298453,all_income_groups,10,10
LBY,2012,0.09522701480213519,same_historical_income_group,10,10
LCA,2012,0.09103483601933772,same_historical_income_group,10,10
LKA,2012,0.04841696735100819,all_income_groups,10,10
LSO,2012,0.09275350447279074,all_income_groups,10,10
LTU,2012,0.1495196478848516,same_historical_income_group,10,10
LUX,2012,0.098783062113255,same_historical_income_group,10,10
LVA,2012,0.15129758890114786,same_historical_income_group,10,10
MAC,2012,0.2197454348952236,same_historical_income_group,10,10
MAR,2012,0.05023642693895478,all_income_groups,10,10
MDA,2012,0.049601440835843835,all_income_groups,10,10
MDG,2012,0.04570805584170395,all_income_groups,10,10
MDV,2012,0.10890911423193413,same_historical_income_group,10,10
MHL,2012,0.06041514764768522,same_historical_income_group,10,10
MKD,2012,0.10678677755741582,same_historical_income_group,10,10
MLI,2012,0.10096007050642068,all_income_groups,10,10
MLT,2012,0.20212128244365368,same_historical_income_group,10,10
MMR,2012,0.03924895825017845,all_income_groups,10,10
MNE,2012,0.10440547514156462,same_historical_income_group,10,10
MNG,2012,0.06718462088731972,all_income_groups,10,10
MNP,2012,0.13457323754224593,same_historical_income_group,10,10
MOZ,2012,0.11482723541233902,all_income_groups,10,10
MRT,2012,0.084333838232995,all_income_groups,10,10
MSR,2012,0.17716901560949852,all_income_groups,10,10
MUS,2012,0.10372517250554204,same_historical_income_group,10,10
MWI,2012,0.09634509030600619,all_income_groups,10,10
NAM,2012,0.10277700294805463,same_historical_income_group,10,10
NCL,2012,0.13162036595146848,same_historical_income_group,10,10
NER,2012,0.09892594363833702,all_income_groups,10,10
NFK,2012,0.15877425860743563,all_income_groups,10,10
NGA,2012,0.04285156028377383,all_income_groups,10,10
NIC,2012,0.018660337697549358,all_income_groups,10,10
NIU,2012,0.13576325782055362,all_income_groups,10,10
NPL,2012,0.051592732997997055,all_income_groups,10,10
NRU,2012,0.1085934712033445,same_historical_income_group,10,10
NZL,2012,0.1933194779677219,same_historical_income_group,10,10
OMN,2012,0.13892638073935873,same_historical_income_group,10,10
PAK,2012,0.050801785045663295,all_income_groups,10,10
PAN,2012,0.10811426768493645,same_historical_income_group,10,10
PCN,2012,0.13575030750014005,all_income_groups,10,10
PLW,2012,0.12135692976752147,same_historical_income_group,10,10
PNG,2012,0.11200206551672667,all_income_groups,10,10
PRK,2012,0.04363682072392243,all_income_groups,10,10
PRY,2012,0.09573005156630375,same_historical_income_group,10,10
PSE,2012,0.08408905487167531,all_income_groups,10,10
PYF,2012,0.12681636290615997,same_historical_income_group,10,10
QAT,2012,0.22838570569408703,same_historical_income_group,10,10
ROU,2012,0.11336313393405958,same_historical_income_group,10,10
RWA,2012,0.04594394908166252,all_income_groups,10,10
SDN,2012,0.04559326469816127,all_income_groups,10,10
SEN,2012,0.04476049270384147,all_income_groups,10,10
SGP,2012,0.12229975231713897,same_historical_income_group,10,10
SGS,2012,0.10319427776289027,all_income_groups,10,10
SHN,2012,0.21225085251709247,all_income_groups,10,10
SLB,2012,0.10490478538198277,all_income_groups,10,10
SLE,2012,0.10113981282704704,all_income_groups,10,10
SLV,2012,0.021060839980643918,all_income_groups,10,10
SMR,2012,0.13172298169280408,same_historical_income_group,10,10
SOM,2012,0.11780165724145558,all_income_groups,10,10
SPM,2012,0.1188982374860407,all_income_groups,10,10
SRB,2012,0.10880956783247502,same_historical_income_group,10,10
SSD,2012,0.08773851675141951,all_income_groups,10,10
STP,2012,0.07418249673084136,all_income_groups,10,10
SUR,2012,0.10423488998130635,same_historical_income_group,10,10
SVK,2012,0.14897766744255697,same_historical_income_group,10,10
SVN,2012,0.18485096543215748,same_historical_income_group,10,10
SWZ,2012,0.10313825410329876,all_income_groups,10,10
SXM,2012,0.1962081172276,same_historical_income_group,10,10
SYC,2012,0.19007885287721127,same_historical_income_group,10,10
SYR,2012,0.05258794627524339,all_income_groups,10,10
TCA,2012,0.20089001279431276,same_historical_income_group,10,10
TCD,2012,0.10300977010881812,all_income_groups,10,10
TGO,2012,0.09365068465949845,all_income_groups,10,10
TJK,2012,0.038600642783038645,all_income_groups,10,10
TKL,2012,0.1249345163093071,all_income_groups,10,10
TKM,2012,0.08468849881952736,same_historical_income_group,10,10
TLS,2012,0.09409647103043602,all_income_groups,10,10
TON,2012,0.05805907050242602,same_historical_income_group,10,10
TTO,2012,0.11980972288512498,same_historical_income_group,10,10
TUV,2012,0.10071903386346581,same_historical_income_group,10,10
TZA,2012,0.04909991535956344,all_income_groups,10,10
UGA,2012,0.10836104674919468,all_income_groups,10,10
URY,2012,0.18254740557038415,same_historical_income_group,10,10
UZB,2012,0.10417143830482636,all_income_groups,10,10
VAT,2012,0.11948787990632849,all_income_groups,10,10
VCT,2012,0.09309316348477047,same_historical_income_group,10,10
VGB,2012,0.16330420176341387,same_historical_income_group,10,10
VUT,2012,0.0431691904177002,all_income_groups,10,10
WSM,2012,0.09710169583438451,same_historical_income_group,10,10
YEM,2012,0.045211957124936725,all_income_groups,10,10
ZMB,2012,0.09992387278777996,all_income_groups,10,10
ZWE,2012,0.09340026689322707,all_income_groups,10,10
ABW,2013,0.2771702708615976,same_historical_income_group,10,10
AFG,2013,0.042305392446964074,all_income_groups,10,10
AGO,2013,0.07845287861758848,all_income_groups,10,10
AIA,2013,0.08499753956227024,all_income_groups,10,10
ALB,2013,0.07898321159579678,same_historical_income_group,10,10
AND,2013,0.1938815043595213,same_historical_income_group,10,10
ARE,2013,0.22999466746848787,same_historical_income_group,10,10
ARM,2013,0.02340504444764103,all_income_groups,10,10
ASM,2013,0.0878364846501541,same_historical_income_group,10,10
ATA,2013,0.15109196221934534,all_income_groups,10,10
ATF,2013,0.12041844610191701,all_income_groups,10,10
ATG,2013,0.13720282097421496,same_historical_income_group,10,10
AUT,2013,0.2113164600231437,same_historical_income_group,10,10
AZE,2013,0.09009204733215163,same_historical_income_group,10,10
BDI,2013,0.10788854424833604,all_income_groups,10,10
BEN,2013,0.03425778282335308,all_income_groups,10,10
BES,2013,0.1355489465029711,all_income_groups,10,10
BFA,2013,0.08927452792020511,all_income_groups,10,10
BGD,2013,0.03807576256925962,all_income_groups,10,10
BGR,2013,0.08559594761959753,same_historical_income_group,10,10
BHR,2013,0.15707343697321868,same_historical_income_group,10,10
BHS,2013,0.26726930785064595,same_historical_income_group,10,10
BIH,2013,0.0869104990359632,same_historical_income_group,10,10
BLM,2013,0.11412476734108618,all_income_groups,10,10
BLR,2013,0.08587041647483182,same_historical_income_group,10,10
BLZ,2013,0.04062574384575191,same_historical_income_group,10,10
BMU,2013,0.2404402047437604,same_historical_income_group,10,10
BOL,2013,0.03842896109211748,all_income_groups,10,10
BRB,2013,0.14408776434507084,same_historical_income_group,10,10
BRN,2013,0.16738505533878356,same_historical_income_group,10,10
BTN,2013,0.0699600340129185,all_income_groups,10,10
BVT,2013,0.13859541692804253,all_income_groups,10,10
BWA,2013,0.0849647265793758,same_historical_income_group,10,10
CAF,2013,0.09631695348258693,all_income_groups,10,10
CCK,2013,0.24921831599671815,all_income_groups,10,10
CIV,2013,0.03997912674486767,all_income_groups,10,10
CMR,2013,0.08296074810490506,all_income_groups,10,10
COD,2013,0.0986504315201344,all_income_groups,10,10
COG,2013,0.10311597401576832,all_income_groups,10,10
COK,2013,0.11055692895965814,all_income_groups,10,10
COM,2013,0.043103714842014806,all_income_groups,10,10
CPV,2013,0.08652760797385989,all_income_groups,10,10
CRI,2013,0.07815176551384517,same_historical_income_group,10,10
CUB,2013,0.08074598603321999,same_historical_income_group,10,10
CUW,2013,0.14356595761496557,same_historical_income_group,10,10
CXR,2013,0.13939533503709484,all_income_groups,10,10
CYM,2013,0.24041484402163799,same_historical_income_group,10,10
CYP,2013,0.2006664496154689,same_historical_income_group,10,10
CZE,2013,0.2002635811450143,same_historical_income_group,10,10
DJI,2013,0.020468488303780123,all_income_groups,10,10
DMA,2013,0.07189178218016716,same_historical_income_group,10,10
DOM,2013,0.04042580934202479,same_historical_income_group,10,10
DZA,2013,0.08694132791378067,same_historical_income_group,10,10
ECU,2013,0.06500752825175429,same_historical_income_group,10,10
ERI,2013,0.08975194405547919,all_income_groups,10,10
EST,2013,0.15123015394588613,same_historical_income_group,10,10
ETH,2013,0.0821027545187384,all_income_groups,10,10
FJI,2013,0.07279503563803927,same_historical_income_group,10,10
FLK,2013,0.0874705116568843,all_income_groups,10,10
FRO,2013,0.22074985737351555,same_historical_income_group,10,10
FSM,2013,0.021179008253197327,all_income_groups,10,10
GAB,2013,0.09759124505231981,same_historical_income_group,10,10
GEO,2013,0.023113998291472707,all_income_groups,10,10
GHA,2013,0.08233399608859047,all_income_groups,10,10
GIB,2013,0.16033749307312606,same_historical_income_group,10,10
GIN,2013,0.09781396835081542,all_income_groups,10,10
GMB,2013,0.03538447427137282,all_income_groups,10,10
GNB,2013,0.10457283701254051,all_income_groups,10,10
GNQ,2013,0.08206506417107672,same_historical_income_group,10,10
GRC,2013,0.18118100988814956,same_historical_income_group,10,10
GRD,2013,0.07176916116637494,same_historical_income_group,10,10
GRL,2013,0.14251243623759044,same_historical_income_group,10,10
GTM,2013,0.038781053507694764,all_income_groups,10,10
GUM,2013,0.22261898794571133,same_historical_income_group,10,10
GUY,2013,0.08558633257224887,same_historical_income_group,10,10
HMD,2013,0.127255581312806,all_income_groups,10,10
HND,2013,0.020979116476924756,all_income_groups,10,10
HRV,2013,0.16796874904383255,same_historical_income_group,10,10
HTI,2013,0.033056047235047264,all_income_groups,10,10
IRL,2013,0.1622216931963834,same_historical_income_group,10,10
IRN,2013,0.1001476712726769,same_historical_income_group,10,10
IRQ,2013,0.06794339482405191,same_historical_income_group,10,10
ISL,2013,0.22133344686859308,same_historical_income_group,10,10
JAM,2013,0.05779855737771123,same_historical_income_group,10,10
JOR,2013,0.07926084065510128,same_historical_income_group,10,10
KAZ,2013,0.11468548076682532,same_historical_income_group,10,10
KEN,2013,0.05059380325578047,all_income_groups,10,10
KGZ,2013,0.04076693739796491,all_income_groups,10,10
KHM,2013,0.03941679084020051,all_income_groups,10,10
KIR,2013,0.020623884630316516,all_income_groups,10,10
KNA,2013,0.1546788710299429,same_historical_income_group,10,10
KWT,2013,0.1398903078473728,same_historical_income_group,10,10
LAO,2013,0.03783206382326441,all_income_groups,10,10
LBN,2013,0.09554522766329893,same_historical_income_group,10,10
LBR,2013,0.10595133662683624,all_income_groups,10,10
LBY,2013,0.0869584043918786,same_historical_income_group,10,10
LCA,2013,0.07378612880497595,same_historical_income_group,10,10
LKA,2013,0.044886624990304325,all_income_groups,10,10
LSO,2013,0.08595496875234011,all_income_groups,10,10
LTU,2013,0.1568458954495797,same_historical_income_group,10,10
LUX,2013,0.10801144383370578,same_historical_income_group,10,10
LVA,2013,0.16353699407609149,same_historical_income_group,10,10
MAC,2013,0.2347092455512694,same_historical_income_group,10,10
MAR,2013,0.04690353465461902,all_income_groups,10,10
MDA,2013,0.04689806800640689,all_income_groups,10,10
MDG,2013,0.04012443934386834,all_income_groups,10,10
MDV,2013,0.08811548823232386,same_historical_income_group,10,10
MHL,2013,0.04243961297500036,same_historical_income_group,10,10
MKD,2013,0.08586002500326653,same_historical_income_group,10,10
MLI,2013,0.09294781099461856,all_income_groups,10,10
MLT,2013,0.225227481169256,same_historical_income_group,10,10
MMR,2013,0.03484894120891258,all_income_groups,10,10
MNE,2013,0.08412761299557223,same_historical_income_group,10,10
MNG,2013,0.06362944268230601,all_income_groups,10,10
MNP,2013,0.1488772680498285,same_historical_income_group,10,10
MOZ,2013,0.10354140246781422,all_income_groups,10,10
MRT,2013,0.07838714977314735,all_income_groups,10,10
MSR,2013,0.16433194243329913,all_income_groups,10,10
MUS,2013,0.08331951536575868,same_historical_income_group,10,10
MWI,2013,0.08824096809425037,all_income_groups,10,10
NAM,2013,0.0844992220239967,same_historical_income_group,10,10
NCL,2013,0.14082543045801443,same_historical_income_group,10,10
NER,2013,0.09071838494346629,all_income_groups,10,10
NFK,2013,0.16908026469159004,all_income_groups,10,10
NGA,2013,0.036951841008590294,all_income_groups,10,10
NIC,2013,0.017840406691667667,all_income_groups,10,10
NIU,2013,0.15228668562154885,all_income_groups,10,10
NPL,2013,0.04784421891253532,all_income_groups,10,10
NRU,2013,0.08652774217462864,same_historical_income_group,10,10
NZL,2013,0.2069710959582733,same_historical_income_group,10,10
OMN,2013,0.1361461766361601,same_historical_income_group,10,10
PAK,2013,0.04579600801216753,all_income_groups,10,10
PAN,2013,0.08472811724148979,same_historical_income_group,10,10
PCN,2013,0.13496281635636487,all_income_groups,10,10
PLW,2013,0.12810186104592736,same_historical_income_group,10,10
PNG,2013,0.10036944275999124,all_income_groups,10,10
PRK,2013,0.03878044155979998,all_income_groups,10,10
PRY,2013,0.07845592662222818,same_historical_income_group,10,10
PSE,2013,0.06657815168076381,all_income_groups,10,10
PYF,2013,0.13613269541967837,same_historical_income_group,10,10
QAT,2013,0.2399302568274555,same_historical_income_group,10,10
ROU,2013,0.0885413597778663,same_historical_income_group,10,10
RWA,2013,0.04174415327430421,all_income_groups,10,10
SDN,2013,0.039964342972766936,all_income_groups,10,10
SEN,2013,0.04066403460729078,all_income_groups,10,10
SGP,2013,0.13882339490564566,same_historical_income_group,10,10
SGS,2013,0.09684334936763302,all_income_groups,10,10
SHN,2013,0.21712673585462916,all_income_groups,10,10
SLB,2013,0.09367180955748355,all_income_groups,10,10
SLE,2013,0.09385362512608245,all_income_groups,10,10
SLV,2013,0.022535273226709448,all_income_groups,10,10
SMR,2013,0.15088255490397334,same_historical_income_group,10,10
SOM,2013,0.10565563813482265,all_income_groups,10,10
SPM,2013,0.1146839874623839,all_income_groups,10,10
SRB,2013,0.08505730668781267,same_historical_income_group,10,10
SSD,2013,0.08039766765744864,all_income_groups,10,10
STP,2013,0.07039552127478173,all_income_groups,10,10
SUR,2013,0.09627468934315304,same_historical_income_group,10,10
SVK,2013,0.1623032041660245,same_historical_income_group,10,10
SVN,2013,0.20387386096472931,same_historical_income_group,10,10
SWZ,2013,0.09801384423641128,all_income_groups,10,10
SXM,2013,0.22163481676564267,same_historical_income_group,10,10
SYC,2013,0.20416985162186962,same_historical_income_group,10,10
SYR,2013,0.04695112028885247,all_income_groups,10,10
TCA,2013,0.2254519835822381,same_historical_income_group,10,10
TCD,2013,0.09215911837883874,all_income_groups,10,10
TGO,2013,0.08505817970017335,all_income_groups,10,10
TJK,2013,0.03436545355418379,all_income_groups,10,10
TKL,2013,0.12232877366728957,all_income_groups,10,10
TKM,2013,0.07671095071363933,same_historical_income_group,10,10
TLS,2013,0.08147582499608343,all_income_groups,10,10
TON,2013,0.04106308689176577,same_historical_income_group,10,10
TTO,2013,0.12018134270422426,same_historical_income_group,10,10
TUV,2013,0.08197351380781538,same_historical_income_group,10,10
TZA,2013,0.04355333715475282,all_income_groups,10,10
UGA,2013,0.09951302656825213,all_income_groups,10,10
URY,2013,0.19427007393504805,same_historical_income_group,10,10
UZB,2013,0.09579882978786634,all_income_groups,10,10
VAT,2013,0.11562313025929634,all_income_groups,10,10
VCT,2013,0.07589466245471989,same_historical_income_group,10,10
VGB,2013,0.16485582806693622,same_historical_income_group,10,10
VUT,2013,0.03751095971050498,all_income_groups,10,10
WSM,2013,0.07898933276403915,same_historical_income_group,10,10
YEM,2013,0.0395713771192259,all_income_groups,10,10
ZMB,2013,0.09121284640999956,all_income_groups,10,10
ZWE,2013,0.08567401475320707,all_income_groups,10,10
ABW,2014,0.29209434421072217,same_historical_income_group,10,10
AFG,2014,0.1385543637283667,all_income_groups,10,10
AGO,2014,0.13763860003214376,all_income_groups,10,10
AIA,2014,0.08939953035189473,all_income_groups,10,10
ALB,2014,0.1463768220193304,same_historical_income_group,10,10
AND,2014,0.24275209246722632,same_historical_income_group,10,10
ARE,2014,0.27484662331360044,same_historical_income_group,10,10
ARM,2014,0.13163273485762178,all_income_groups,10,10
ASM,2014,0.16324931722732536,same_historical_income_group,10,10
ATA,2014,0.36003142364772023,all_income_groups,10,10
ATF,2014,0.2922041441568727,all_income_groups,10,10
ATG,2014,0.15726585002489707,same_historical_income_group,10,10
AUT,2014,0.26675662894801344,same_historical_income_group,10,10
AZE,2014,0.18703772817730344,same_historical_income_group,10,10
BDI,2014,0.2620166657181475,all_income_groups,10,10
BEN,2014,0.1146030963857543,all_income_groups,10,10
BES,2014,0.3540441780436522,all_income_groups,10,10
BFA,2014,0.24179253761698552,all_income_groups,10,10
BGD,2014,0.1227602958495891,all_income_groups,10,10
BGR,2014,0.15260710795647256,same_historical_income_group,10,10
BHR,2014,0.1752879375270506,same_historical_income_group,10,10
BHS,2014,0.3120180956987055,same_historical_income_group,10,10
BIH,2014,0.15496862261204786,same_historical_income_group,10,10
BLM,2014,0.3305574455521546,all_income_groups,10,10
BLR,2014,0.1571422338235089,same_historical_income_group,10,10
BLZ,2014,0.05950065374964338,same_historical_income_group,10,10
BMU,2014,0.2978306992363378,same_historical_income_group,10,10
BOL,2014,0.12111931921011429,all_income_groups,10,10
BRB,2014,0.15302703804959453,same_historical_income_group,10,10
BRN,2014,0.21964196963953278,same_historical_income_group,10,10
BTN,2014,0.22528467318079762,all_income_groups,10,10
BVT,2014,0.3519991861188439,all_income_groups,10,10
BWA,2014,0.15566126468268032,same_historical_income_group,10,10
CAF,2014,0.2584401532994786,all_income_groups,10,10
CCK,2014,0.3391850896783177,all_income_groups,10,10
CIV,2014,0.12907567193586642,all_income_groups,10,10
CMR,2014,0.22009953399235777,all_income_groups,10,10
COD,2014,0.23787656250343148,all_income_groups,10,10
COG,2014,0.2373177835687683,all_income_groups,10,10
COK,2014,0.2824794217918408,all_income_groups,10,10
COM,2014,0.14108785924154515,all_income_groups,10,10
CPV,2014,0.2687761169423459,all_income_groups,10,10
CRI,2014,0.1382957508544313,same_historical_income_group,10,10
CUB,2014,0.13678156498402338,same_historical_income_group,10,10
CUW,2014,0.19984838822809045,same_historical_income_group,10,10
CXR,2014,0.3618230742192129,all_income_groups,10,10
CYM,2014,0.300601532037266,same_historical_income_group,10,10
CYP,2014,0.2454125777212164,same_historical_income_group,10,10
CZE,2014,0.235570605391174,same_historical_income_group,10,10
DJI,2014,0.12655925792647635,all_income_groups,10,10
DMA,2014,0.12652139231917675,same_historical_income_group,10,10
DOM,2014,0.05570468959935936,same_historical_income_group,10,10
DZA,2014,0.17946579702500698,same_historical_income_group,10,10
ECU,2014,0.13018747782979528,same_historical_income_group,10,10
ERI,2014,0.1462606437488551,all_income_groups,10,10
EST,2014,0.21004178827699452,same_historical_income_group,10,10
ETH,2014,0.2205006054038596,all_income_groups,10,10
FJI,2014,0.1284681535581336,same_historical_income_group,10,10
FLK,2014,0.2375235326511017,all_income_groups,10,10
FRO,2014,0.277571492202386,same_historical_income_group,10,10
FSM,2014,0.1030893425781734,all_income_groups,10,10
GAB,2014,0.20326545623776338,same_historical_income_group,10,10
GEO,2014,0.12154294224152402,all_income_groups,10,10
GHA,2014,0.14412131941875725,all_income_groups,10,10
GIB,2014,0.20245620259287567,same_historical_income_group,10,10
GIN,2014,0.24039812510722167,all_income_groups,10,10
GMB,2014,0.11864939150012264,all_income_groups,10,10
GNB,2014,0.2507957877151893,all_income_groups,10,10
GNQ,2014,0.16906927105596062,same_historical_income_group,10,10
GRC,2014,0.2243311506222611,same_historical_income_group,10,10
GRD,2014,0.1259089799324623,same_historical_income_group,10,10
GRL,2014,0.18809734166361844,same_historical_income_group,10,10
GTM,2014,0.04378942195645428,all_income_groups,10,10
GUM,2014,0.2641314200732166,same_historical_income_group,10,10
GUY,2014,0.17743640954732443,same_historical_income_group,10,10
HMD,2014,0.15249074058466114,all_income_groups,10,10
HND,2014,0.027075197268881603,all_income_groups,10,10
HRV,2014,0.2088275711679095,same_historical_income_group,10,10
HTI,2014,0.041135948244598,all_income_groups,10,10
IRL,2014,0.2037283680171245,same_historical_income_group,10,10
IRN,2014,0.20819231143218728,same_historical_income_group,10,10
IRQ,2014,0.13869931769680516,same_historical_income_group,10,10
ISL,2014,0.27606766194361476,same_historical_income_group,10,10
JAM,2014,0.1131394487077028,same_historical_income_group,10,10
JOR,2014,0.14247281366534548,same_historical_income_group,10,10
KAZ,2014,0.2403827374436346,same_historical_income_group,10,10
KEN,2014,0.13268514139734633,all_income_groups,10,10
KGZ,2014,0.12391797705258398,all_income_groups,10,10
KHM,2014,0.1466759399400498,all_income_groups,10,10
KIR,2014,0.11841974048145128,all_income_groups,10,10
KNA,2014,0.16439400951932123,same_historical_income_group,10,10
KWT,2014,0.16184598800984826,same_historical_income_group,10,10
LAO,2014,0.11999757703789529,all_income_groups,10,10
LBN,2014,0.1584743726935001,same_historical_income_group,10,10
LBR,2014,0.24898707608245751,all_income_groups,10,10
LBY,2014,0.17927812688929506,same_historical_income_group,10,10
LCA,2014,0.1298758117108266,same_historical_income_group,10,10
LKA,2014,0.0474943299404291,all_income_groups,10,10
LSO,2014,0.24372414059471587,all_income_groups,10,10
LTU,2014,0.21147847270871006,same_historical_income_group,10,10
LUX,2014,0.14515920527130868,same_historical_income_group,10,10
LVA,2014,0.20811697325234058,same_historical_income_group,10,10
MAC,2014,0.2724832159165754,same_historical_income_group,10,10
MAR,2014,0.14652046576182018,all_income_groups,10,10
MDA,2014,0.17239832349901651,all_income_groups,10,10
MDG,2014,0.12812593801011302,all_income_groups,10,10
MDV,2014,0.16139074518881882,same_historical_income_group,10,10
MHL,2014,0.06364475504796677,same_historical_income_group,10,10
MKD,2014,0.15674102777359167,same_historical_income_group,10,10
MLI,2014,0.2502862429987893,all_income_groups,10,10
MLT,2014,0.2635205654518719,same_historical_income_group,10,10
MMR,2014,0.11376655298361858,all_income_groups,10,10
MNE,2014,0.15278701301929573,same_historical_income_group,10,10
MNG,2014,0.12685313816962976,all_income_groups,10,10
MNP,2014,0.20842768884023585,same_historical_income_group,10,10
MOZ,2014,0.2518435406636226,all_income_groups,10,10
MRT,2014,0.21128337877000378,all_income_groups,10,10
MSR,2014,0.320237598487882,all_income_groups,10,10
MUS,2014,0.1526540187300429,same_historical_income_group,10,10
MWI,2014,0.23731154479951802,all_income_groups,10,10
NAM,2014,0.155433025758489,same_historical_income_group,10,10
NCL,2014,0.19400147342251547,same_historical_income_group,10,10
NER,2014,0.24486160690150674,all_income_groups,10,10
NFK,2014,0.38892576561709813,all_income_groups,10,10
NGA,2014,0.11868153140591156,all_income_groups,10,10
NIC,2014,0.09484658985887598,all_income_groups,10,10
NIU,2014,0.35970217413094485,all_income_groups,10,10
NPL,2014,0.1604240297611927,all_income_groups,10,10
NRU,2014,0.16182894044785903,same_historical_income_group,10,10
NZL,2014,0.24388410133531083,same_historical_income_group,10,10
OMN,2014,0.1589017627126714,same_historical_income_group,10,10
PAK,2014,0.1286372449978825,all_income_groups,10,10
PAN,2014,0.14770851429708656,same_historical_income_group,10,10
PCN,2014,0.3466744477292485,all_income_groups,10,10
PLW,2014,0.17866354576259874,same_historical_income_group,10,10
PNG,2014,0.1622289588035573,all_income_groups,10,10
PRK,2014,0.042624918551548534,all_income_groups,10,10
PRY,2014,0.14766473496405982,same_historical_income_group,10,10
PSE,2014,0.18715247777506472,all_income_groups,10,10
PYF,2014,0.18222223314049302,same_historical_income_group,10,10
QAT,2014,0.29375300535931315,same_historical_income_group,10,10
ROU,2014,0.15574407519966374,same_historical_income_group,10,10
RWA,2014,0.13760992364106778,all_income_groups,10,10
SDN,2014,0.12311139680140279,all_income_groups,10,10
SEN,2014,0.12868284186737736,all_income_groups,10,10
SGP,2014,0.1756992823184328,same_historical_income_group,10,10
SGS,2014,0.26107248963465796,all_income_groups,10,10
SHN,2014,0.42358905162393007,all_income_groups,10,10
SLB,2014,0.15629488675653488,all_income_groups,10,10
SLE,2014,0.2507738868930141,all_income_groups,10,10
SLV,2014,0.08970159226621781,all_income_groups,10,10
SMR,2014,0.19575354489203675,same_historical_income_group,10,10
SOM,2014,0.25276472215458196,all_income_groups,10,10
SPM,2014,0.3223377796820421,all_income_groups,10,10
SRB,2014,0.15045645911867686,same_historical_income_group,10,10
SSD,2014,0.14108294228247378,all_income_groups,10,10
STP,2014,0.2855207303130445,all_income_groups,10,10
SUR,2014,0.2013881543839385,same_historical_income_group,10,10
SVK,2014,0.19999451621230319,same_historical_income_group,10,10
SVN,2014,0.24207724037870346,same_historical_income_group,10,10
SWZ,2014,0.30241928578610444,all_income_groups,10,10
SXM,2014,0.23318889005501936,same_historical_income_group,10,10
SYC,2014,0.2679655635701803,same_historical_income_group,10,10
SYR,2014,0.15438509099095216,all_income_groups,10,10
TCA,2014,0.23661407797474598,same_historical_income_group,10,10
TCD,2014,0.15388904912106788,all_income_groups,10,10
TGO,2014,0.23064436653025674,all_income_groups,10,10
TJK,2014,0.11627027039785907,all_income_groups,10,10
TKL,2014,0.36705555023191994,all_income_groups,10,10
TKM,2014,0.15687577470773767,same_historical_income_group,10,10
TLS,2014,0.14229569285608487,all_income_groups,10,10
TON,2014,0.059921250558835,same_historical_income_group,10,10
TTO,2014,0.1429103029752408,same_historical_income_group,10,10
TUV,2014,0.148225386809042,same_historical_income_group,10,10
TZA,2014,0.12658564957706192,all_income_groups,10,10
UGA,2014,0.25363146763099736,all_income_groups,10,10
URY,2014,0.24391305219607115,same_historical_income_group,10,10
UZB,2014,0.24524720119273866,all_income_groups,10,10
VAT,2014,0.33885482146687146,all_income_groups,10,10
VCT,2014,0.1352361084939382,same_historical_income_group,10,10
VGB,2014,0.2137668423518748,same_historical_income_group,10,10
VUT,2014,0.1246998536444098,all_income_groups,10,10
WSM,2014,0.14041630692112478,same_historical_income_group,10,10
YEM,2014,0.1230498996626444,all_income_groups,10,10
ZMB,2014,0.24520474379173937,all_income_groups,10,10
ZWE,2014,0.2296369976048807,all_income_groups,10,10
ABW,2015,0.34216600232839656,same_historical_income_group,10,10
AFG,2015,0.08531633846491464,all_income_groups,10,10
AGO,2015,0.13696679637989484,all_income_groups,10,10
AIA,2015,0.1126861606471375,all_income_groups,10,10
ALB,2015,0.13191265851952066,same_historical_income_group,10,10
AND,2015,0.2956448211281931,same_historical_income_group,10,10
ARE,2015,0.33584198812178645,same_historical_income_group,10,10
ARM,2015,0.06916088560545425,all_income_groups,10,10
ASM,2015,0.14596789320305775,same_historical_income_group,10,10
ATA,2015,0.309701437426994,all_income_groups,10,10
ATF,2015,0.24403131355823526,all_income_groups,10,10
ATG,2015,0.19708390723794816,same_historical_income_group,10,10
AUT,2015,0.3182785997645039,same_historical_income_group,10,10
AZE,2015,0.15027027675614452,same_historical_income_group,10,10
BDI,2015,0.20819123001900733,all_income_groups,10,10
BEN,2015,0.0690395722754163,all_income_groups,10,10
BES,2015,0.28029455060523606,all_income_groups,10,10
BFA,2015,0.16992677126041056,all_income_groups,10,10
BGD,2015,0.0767790701968112,all_income_groups,10,10
BGR,2015,0.1417179217486549,same_historical_income_group,10,10
BHR,2015,0.24441900387318696,same_historical_income_group,10,10
BHS,2015,0.35631138642148213,same_historical_income_group,10,10
BIH,2015,0.1426977196497124,same_historical_income_group,10,10
BLM,2015,0.24704491529865277,all_income_groups,10,10
BLR,2015,0.14156935339415566,same_historical_income_group,10,10
BLZ,2015,0.06226899792877794,same_historical_income_group,10,10
BMU,2015,0.3406889470403651,same_historical_income_group,10,10
BOL,2015,0.07617249368903271,all_income_groups,10,10
BRB,2015,0.19627296882440168,same_historical_income_group,10,10
BRN,2015,0.28618629952650393,same_historical_income_group,10,10
BTN,2015,0.1484777401297549,all_income_groups,10,10
BVT,2015,0.2805831432481291,all_income_groups,10,10
BWA,2015,0.13985222011270007,same_historical_income_group,10,10
CAF,2015,0.1812262076614484,all_income_groups,10,10
CCK,2015,0.368269456079517,all_income_groups,10,10
CIV,2015,0.08012780000986969,all_income_groups,10,10
CMR,2015,0.15612603692722357,all_income_groups,10,10
COD,2015,0.19209685554092057,all_income_groups,10,10
COG,2015,0.20003275555308603,all_income_groups,10,10
COK,2015,0.2262814558929037,all_income_groups,10,10
COM,2015,0.08618257881939251,all_income_groups,10,10
CPV,2015,0.17924125347036546,all_income_groups,10,10
CRI,2015,0.12680876743265698,same_historical_income_group,10,10
CUB,2015,0.1322455490576528,same_historical_income_group,10,10
CUW,2015,0.23977605104021665,same_historical_income_group,10,10
CXR,2015,0.28553819917627066,all_income_groups,10,10
CYM,2015,0.34501285131147047,same_historical_income_group,10,10
CYP,2015,0.2960422452026475,same_historical_income_group,10,10
CZE,2015,0.27829942916772754,same_historical_income_group,10,10
DJI,2015,0.06330442094812049,all_income_groups,10,10
DMA,2015,0.1157665657200322,same_historical_income_group,10,10
DOM,2015,0.06065850063594604,same_historical_income_group,10,10
DZA,2015,0.14510019063712973,same_historical_income_group,10,10
ECU,2015,0.10551316990509732,same_historical_income_group,10,10
ERI,2015,0.1475888491171703,all_income_groups,10,10
EST,2015,0.24118579885016378,same_historical_income_group,10,10
ETH,2015,0.15374635204512294,all_income_groups,10,10
FJI,2015,0.11713755198932012,same_historical_income_group,10,10
FLK,2015,0.18531571426406213,all_income_groups,10,10
FRO,2015,0.3174636540879279,same_historical_income_group,10,10
FSM,2015,0.05798586905564594,all_income_groups,10,10
GAB,2015,0.16349673274047624,same_historical_income_group,10,10
GEO,2015,0.06525871880693324,all_income_groups,10,10
GHA,2015,0.12815777061089306,all_income_groups,10,10
GIB,2015,0.2806712515925015,same_historical_income_group,10,10
GIN,2015,0.19027561707735513,all_income_groups,10,10
GMB,2015,0.07162855411703926,all_income_groups,10,10
GNB,2015,0.2012476840257209,all_income_groups,10,10
GNQ,2015,0.13635163016048368,same_historical_income_group,10,10
GRC,2015,0.2681746497187084,same_historical_income_group,10,10
GRD,2015,0.11558260243248442,same_historical_income_group,10,10
GRL,2015,0.23217631202556954,same_historical_income_group,10,10
GTM,2015,0.04368462832742527,all_income_groups,10,10
GUM,2015,0.3253618809730371,same_historical_income_group,10,10
GUY,2015,0.14211931151209067,same_historical_income_group,10,10
HMD,2015,0.17496299392669779,all_income_groups,10,10
HND,2015,0.028252085401219526,all_income_groups,10,10
HRV,2015,0.23906103973041082,same_historical_income_group,10,10
HTI,2015,0.04236789127115691,all_income_groups,10,10
IRL,2015,0.2419734751201663,same_historical_income_group,10,10
IRN,2015,0.1679938581204869,same_historical_income_group,10,10
IRQ,2015,0.11399420266783351,same_historical_income_group,10,10
ISL,2015,0.31903096619444815,same_historical_income_group,10,10
JAM,2015,0.09132381042735586,same_historical_income_group,10,10
JOR,2015,0.12881856739384,same_historical_income_group,10,10
KAZ,2015,0.19294796353918328,same_historical_income_group,10,10
KEN,2015,0.08602479921227253,all_income_groups,10,10
KGZ,2015,0.07541398659520257,all_income_groups,10,10
KHM,2015,0.08624275829318638,all_income_groups,10,10
KIR,2015,0.06337422225965571,all_income_groups,10,10
KNA,2015,0.20473427181078072,same_historical_income_group,10,10
KWT,2015,0.24095770160269792,same_historical_income_group,10,10
LAO,2015,0.0758526655030156,all_income_groups,10,10
LBN,2015,0.15948379047617686,same_historical_income_group,10,10
LBR,2015,0.20532054405001282,all_income_groups,10,10
LBY,2015,0.14516760452535218,same_historical_income_group,10,10
LCA,2015,0.11932714810252942,same_historical_income_group,10,10
LKA,2015,0.051161360179623305,all_income_groups,10,10
LSO,2015,0.16737047421151924,all_income_groups,10,10
LTU,2015,0.24030125640728778,same_historical_income_group,10,10
LUX,2015,0.1417102927297829,same_historical_income_group,10,10
LVA,2015,0.23593855554433188,same_historical_income_group,10,10
MAC,2015,0.3186587340822223,same_historical_income_group,10,10
MAR,2015,0.08982992073000742,all_income_groups,10,10
MDA,2015,0.10070723528403071,all_income_groups,10,10
MDG,2015,0.07976274319184466,all_income_groups,10,10
MDV,2015,0.14589777181855573,same_historical_income_group,10,10
MHL,2015,0.06548466057983182,same_historical_income_group,10,10
MKD,2015,0.1414365749367333,same_historical_income_group,10,10
MLI,2015,0.1748373583446221,all_income_groups,10,10
MLT,2015,0.30589557518462707,same_historical_income_group,10,10
MMR,2015,0.06968334826189877,all_income_groups,10,10
MNE,2015,0.13823248665366622,same_historical_income_group,10,10
MNG,2015,0.10599538632351506,all_income_groups,10,10
MNP,2015,0.2526837812361823,same_historical_income_group,10,10
MOZ,2015,0.20092403903473657,all_income_groups,10,10
MRT,2015,0.14780528046644692,all_income_groups,10,10
MSR,2015,0.2792333887063364,all_income_groups,10,10
MUS,2015,0.13736289141752048,same_historical_income_group,10,10
MWI,2015,0.16621702278297082,all_income_groups,10,10
NAM,2015,0.1388935682069656,same_historical_income_group,10,10
NCL,2015,0.22858321882615745,same_historical_income_group,10,10
NER,2015,0.17125997230831852,all_income_groups,10,10
NFK,2015,0.34442665088199553,all_income_groups,10,10
NGA,2015,0.07493455538699056,all_income_groups,10,10
NIC,2015,0.050910997281333734,all_income_groups,10,10
NIU,2015,0.3106798938209446,all_income_groups,10,10
NPL,2015,0.09580051890160188,all_income_groups,10,10
NRU,2015,0.14347964509778716,same_historical_income_group,10,10
NZL,2015,0.28207642549236844,same_historical_income_group,10,10
OMN,2015,0.23445962542406343,same_historical_income_group,10,10
PAK,2015,0.08273745544170319,all_income_groups,10,10
PAN,2015,0.13948147530656765,same_historical_income_group,10,10
PCN,2015,0.275730797024976,all_income_groups,10,10
PLW,2015,0.21440248479400503,same_historical_income_group,10,10
PNG,2015,0.1648678678825498,all_income_groups,10,10
PRK,2015,0.06235528080246937,all_income_groups,10,10
PRY,2015,0.1319727728304708,same_historical_income_group,10,10
PSE,2015,0.13119345625777204,all_income_groups,10,10
PYF,2015,0.22108333149548157,same_historical_income_group,10,10
QAT,2015,0.35929235240306634,same_historical_income_group,10,10
ROU,2015,0.14644880158471726,same_historical_income_group,10,10
RWA,2015,0.08350125361202075,all_income_groups,10,10
SDN,2015,0.07816710016005521,all_income_groups,10,10
SEN,2015,0.07923106325734332,all_income_groups,10,10
SGP,2015,0.20870812631120936,same_historical_income_group,10,10
SGS,2015,0.2018894272990614,all_income_groups,10,10
SHN,2015,0.3981163465741951,all_income_groups,10,10
SLB,2015,0.15703539762228982,all_income_groups,10,10
SLE,2015,0.17606186125155077,all_income_groups,10,10
SLV,2015,0.0500402644726668,all_income_groups,10,10
SMR,2015,0.2339404503449629,same_historical_income_group,10,10
SOM,2015,0.20339920817143275,all_income_groups,10,10
SPM,2015,0.24244506998431226,all_income_groups,10,10
SRB,2015,0.13942336858307347,same_historical_income_group,10,10
SSD,2015,0.12319851181512265,all_income_groups,10,10
STP,2015,0.17019486391342487,all_income_groups,10,10
SUR,2015,0.1606746197296035,same_historical_income_group,10,10
SVK,2015,0.2355476118356174,same_historical_income_group,10,10
SVN,2015,0.2892866363631931,same_historical_income_group,10,10
SWZ,2015,0.19800573082243952,all_income_groups,10,10
SXM,2015,0.26291689359101583,same_historical_income_group,10,10
SYC,2015,0.30857007490917365,same_historical_income_group,10,10
SYR,2015,0.09406371099891232,all_income_groups,10,10
TCA,2015,0.2691768483202912,same_historical_income_group,10,10
TCD,2015,0.1518210859017453,all_income_groups,10,10
TGO,2015,0.16213966926323922,all_income_groups,10,10
TJK,2015,0.07035682461364098,all_income_groups,10,10
TKL,2015,0.26035231910399564,all_income_groups,10,10
TKM,2015,0.12766159535601615,same_historical_income_group,10,10
TLS,2015,0.14144029100398403,all_income_groups,10,10
TON,2015,0.06340505501527839,same_historical_income_group,10,10
TTO,2015,0.1967533674352062,same_historical_income_group,10,10
TUV,2015,0.13378131480609873,same_historical_income_group,10,10
TZA,2015,0.08105805637842474,all_income_groups,10,10
UGA,2015,0.1811334503195206,all_income_groups,10,10
URY,2015,0.2796566019576023,same_historical_income_group,10,10
UZB,2015,0.1760057582931695,all_income_groups,10,10
VAT,2015,0.2481744482905487,all_income_groups,10,10
VCT,2015,0.12328108664024157,same_historical_income_group,10,10
VGB,2015,0.28710236665489125,same_historical_income_group,10,10
VUT,2015,0.07749206969916674,all_income_groups,10,10
WSM,2015,0.12792733367226183,same_historical_income_group,10,10
YEM,2015,0.07798179323041995,all_income_groups,10,10
ZMB,2015,0.17357784368674933,all_income_groups,10,10
ZWE,2015,0.16084923087594233,all_income_groups,10,10
ABW,2016,0.30828608251011286,same_historical_income_group,10,10
AFG,2016,0.06259082739915348,all_income_groups,10,10
AGO,2016,0.11562317360943161,all_income_groups,10,10
AIA,2016,0.08085383161928879,all_income_groups,10,10
ALB,2016,0.13370240656739607,same_historical_income_group,10,10
AND,2016,0.2833449881798867,same_historical_income_group,10,10
ARE,2016,0.27820827255429786,same_historical_income_group,10,10
ARM,2016,0.05397100969191322,all_income_groups,10,10
ASM,2016,0.15210159558053835,same_historical_income_group,10,10
ATA,2016,0.2762319475169896,all_income_groups,10,10
ATF,2016,0.20208971631663072,all_income_groups,10,10
ATG,2016,0.1729739362091805,same_historical_income_group,10,10
AUT,2016,0.28733925768522134,same_historical_income_group,10,10
AZE,2016,0.14585441809349287,same_historical_income_group,10,10
BDI,2016,0.16907448482721496,all_income_groups,10,10
BEN,2016,0.05173947175848348,all_income_groups,10,10
BES,2016,0.2357152532392073,all_income_groups,10,10
BFA,2016,0.142053824843131,all_income_groups,10,10
BGD,2016,0.05685979970880213,all_income_groups,10,10
BGR,2016,0.1491219482764097,same_historical_income_group,10,10
BHR,2016,0.20831707161051047,same_historical_income_group,10,10
BHS,2016,0.3055608876657913,same_historical_income_group,10,10
BIH,2016,0.14852144832353223,same_historical_income_group,10,10
BLM,2016,0.2188391146265131,all_income_groups,10,10
BLR,2016,0.14705742073971131,same_historical_income_group,10,10
BLZ,2016,0.07049855764357027,same_historical_income_group,10,10
BMU,2016,0.28264884194800605,same_historical_income_group,10,10
BOL,2016,0.05619696244096794,all_income_groups,10,10
BRB,2016,0.15569149984247554,same_historical_income_group,10,10
BRN,2016,0.22777596800602648,same_historical_income_group,10,10
BTN,2016,0.1309094814774968,all_income_groups,10,10
BVT,2016,0.2386526752211323,all_income_groups,10,10
BWA,2016,0.145078863780669,same_historical_income_group,10,10
CAF,2016,0.15437245102473093,all_income_groups,10,10
CCK,2016,0.31891508915688255,all_income_groups,10,10
CIV,2016,0.05869369105120791,all_income_groups,10,10
CMR,2016,0.13073353034099625,all_income_groups,10,10
COD,2016,0.1554798468464725,all_income_groups,10,10
COG,2016,0.16074007011896443,all_income_groups,10,10
COK,2016,0.18757717043797392,all_income_groups,10,10
COM,2016,0.06389638888362574,all_income_groups,10,10
CPV,2016,0.15483822775227984,all_income_groups,10,10
CRI,2016,0.13333984746558689,same_historical_income_group,10,10
CUB,2016,0.1379878122473909,same_historical_income_group,10,10
CUW,2016,0.19572655953097629,same_historical_income_group,10,10
CXR,2016,0.2416769777035868,all_income_groups,10,10
CYM,2016,0.28832801613555475,same_historical_income_group,10,10
CYP,2016,0.2533567466054103,same_historical_income_group,10,10
CZE,2016,0.25605045341099525,same_historical_income_group,10,10
DJI,2016,0.04816559736775654,all_income_groups,10,10
DMA,2016,0.12143540907279683,same_historical_income_group,10,10
DOM,2016,0.07004353896839823,same_historical_income_group,10,10
DZA,2016,0.140829390014604,same_historical_income_group,10,10
ECU,2016,0.1044714412970485,same_historical_income_group,10,10
ERI,2016,0.12789135200119547,all_income_groups,10,10
EST,2016,0.2313925032376497,same_historical_income_group,10,10
ETH,2016,0.1314483821115263,all_income_groups,10,10
FJI,2016,0.1219392902812398,same_historical_income_group,10,10
FLK,2016,0.15197764330892297,all_income_groups,10,10
FRO,2016,0.26562804927212214,same_historical_income_group,10,10
FSM,2016,0.04575722313614421,all_income_groups,10,10
GAB,2016,0.15872139330847068,same_historical_income_group,10,10
GEO,2016,0.05178513768532951,all_income_groups,10,10
GHA,2016,0.11731900366477324,all_income_groups,10,10
GIB,2016,0.2071511232525389,same_historical_income_group,10,10
GIN,2016,0.15428732650169452,all_income_groups,10,10
GMB,2016,0.05306045521602463,all_income_groups,10,10
GNB,2016,0.16250017508057402,all_income_groups,10,10
GNQ,2016,0.13260913226670903,same_historical_income_group,10,10
GRC,2016,0.22682483892698507,same_historical_income_group,10,10
GRD,2016,0.12101905637669257,same_historical_income_group,10,10
GRL,2016,0.18908342151917262,same_historical_income_group,10,10
GTM,2016,0.0412817389005743,all_income_groups,10,10
GUM,2016,0.27652120197404423,same_historical_income_group,10,10
GUY,2016,0.13847615633284546,same_historical_income_group,10,10
HMD,2016,0.1362478338533023,all_income_groups,10,10
HND,2016,0.036106623160498126,all_income_groups,10,10
HRV,2016,0.21877288495874397,same_historical_income_group,10,10
HTI,2016,0.03828428665815537,all_income_groups,10,10
IRL,2016,0.22624316836162384,same_historical_income_group,10,10
IRN,2016,0.1628638328051014,same_historical_income_group,10,10
IRQ,2016,0.10978270684368098,same_historical_income_group,10,10
ISL,2016,0.26729539130072905,same_historical_income_group,10,10
JAM,2016,0.09121453328104628,same_historical_income_group,10,10
JOR,2016,0.1339622123088799,same_historical_income_group,10,10
KAZ,2016,0.1872341198972911,same_historical_income_group,10,10
KEN,2016,0.06524290108503228,all_income_groups,10,10
KGZ,2016,0.05779699084488887,all_income_groups,10,10
KHM,2016,0.0632859799669222,all_income_groups,10,10
KIR,2016,0.04949414246398052,all_income_groups,10,10
KNA,2016,0.16692292542006407,same_historical_income_group,10,10
KWT,2016,0.17408030750651232,same_historical_income_group,10,10
LAO,2016,0.054906154663052396,all_income_groups,10,10
LBN,2016,0.17153660083729177,same_historical_income_group,10,10
LBR,2016,0.1650561671338889,all_income_groups,10,10
LBY,2016,0.14092520036832648,same_historical_income_group,10,10
LCA,2016,0.12504177211077327,same_historical_income_group,10,10
LKA,2016,0.04658564788459062,all_income_groups,10,10
LSO,2016,0.1393747018803526,all_income_groups,10,10
LTU,2016,0.21236814404915655,same_historical_income_group,10,10
LUX,2016,0.14528813011615038,same_historical_income_group,10,10
LVA,2016,0.21756837908538365,same_historical_income_group,10,10
MAC,2016,0.26339080701362405,same_historical_income_group,10,10
MAR,2016,0.06582459862990123,all_income_groups,10,10
MDA,2016,0.07180935866611526,all_income_groups,10,10
MDG,2016,0.05904504566685854,all_income_groups,10,10
MDV,2016,0.15227810089796848,same_historical_income_group,10,10
MHL,2016,0.07352077031875026,same_historical_income_group,10,10
MKD,2016,0.14687371292073562,same_historical_income_group,10,10
MLI,2016,0.14751720091401346,all_income_groups,10,10
MLT,2016,0.2839719176236793,same_historical_income_group,10,10
MMR,2016,0.05175259306492923,all_income_groups,10,10
MNE,2016,0.14357822725414202,same_historical_income_group,10,10
MNG,2016,0.10393323273301798,all_income_groups,10,10
MNP,2016,0.21356820749182945,same_historical_income_group,10,10
MOZ,2016,0.16148923734571527,all_income_groups,10,10
MRT,2016,0.1242604394887191,all_income_groups,10,10
MSR,2016,0.21724266556003705,all_income_groups,10,10
MUS,2016,0.14337965498428304,same_historical_income_group,10,10
MWI,2016,0.1408406683544559,all_income_groups,10,10
NAM,2016,0.14364834274545168,same_historical_income_group,10,10
NCL,2016,0.18840073369744212,same_historical_income_group,10,10
NER,2016,0.1451188478475888,all_income_groups,10,10
NFK,2016,0.2878627681389139,all_income_groups,10,10
NGA,2016,0.052976801545789765,all_income_groups,10,10
NIC,2016,0.041820937833571686,all_income_groups,10,10
NIU,2016,0.2772986008256719,all_income_groups,10,10
NPL,2016,0.06893685964045335,all_income_groups,10,10
NRU,2016,0.14919246358804927,same_historical_income_group,10,10
NZL,2016,0.23475063454822473,same_historical_income_group,10,10
OMN,2016,0.16843308037580348,same_historical_income_group,10,10
PAK,2016,0.06292160209838306,all_income_groups,10,10
PAN,2016,0.14824064792087138,same_historical_income_group,10,10
PCN,2016,0.228625759977575,all_income_groups,10,10
PLW,2016,0.17503040722737323,same_historical_income_group,10,10
PNG,2016,0.14073605841532447,all_income_groups,10,10
PRK,2016,0.062097492567901987,all_income_groups,10,10
PRY,2016,0.13354004730380478,same_historical_income_group,10,10
PSE,2016,0.10744229156856216,all_income_groups,10,10
PYF,2016,0.1679949862570394,same_historical_income_group,10,10
QAT,2016,0.29286508666183153,same_historical_income_group,10,10
ROU,2016,0.1540085986396845,same_historical_income_group,10,10
RWA,2016,0.061286821383134064,all_income_groups,10,10
SDN,2016,0.057447265881235686,all_income_groups,10,10
SEN,2016,0.059095204972526336,all_income_groups,10,10
SGP,2016,0.1971541958322027,same_historical_income_group,10,10
SGS,2016,0.1657634722430385,all_income_groups,10,10
SHN,2016,0.31894121040850293,all_income_groups,10,10
SLB,2016,0.13514134070706482,all_income_groups,10,10
SLE,2016,0.15226682971718147,all_income_groups,10,10
SLV,2016,0.044294468978517396,all_income_groups,10,10
SMR,2016,0.2203566590059511,same_historical_income_group,10,10
SOM,2016,0.16511184873999857,all_income_groups,10,10
SPM,2016,0.20233854163715922,all_income_groups,10,10
SRB,2016,0.14546673190947104,same_historical_income_group,10,10
SSD,2016,0.11461075085416059,all_income_groups,10,10
STP,2016,0.14110615983023217,all_income_groups,10,10
SUR,2016,0.15618224177142434,same_historical_income_group,10,10
SVK,2016,0.21498225825075462,same_historical_income_group,10,10
SVN,2016,0.26705798908534195,same_historical_income_group,10,10
SWZ,2016,0.162205265923974,all_income_groups,10,10
SXM,2016,0.23595532495586027,same_historical_income_group,10,10
SYC,2016,0.262914072022982,same_historical_income_group,10,10
SYR,2016,0.06769318759805325,all_income_groups,10,10
TCA,2016,0.23853780779727954,same_historical_income_group,10,10
TCD,2016,0.1313432514321481,all_income_groups,10,10
TGO,2016,0.13560595933009925,all_income_groups,10,10
TJK,2016,0.05224246244472953,all_income_groups,10,10
TKL,2016,0.21576575297157313,all_income_groups,10,10
TKM,2016,0.12417997401188755,same_historical_income_group,10,10
TLS,2016,0.1200028816349256,all_income_groups,10,10
TON,2016,0.07147851509142342,same_historical_income_group,10,10
TTO,2016,0.14117170047143895,same_historical_income_group,10,10
TUV,2016,0.13887834417319286,same_historical_income_group,10,10
TZA,2016,0.06055281797418932,all_income_groups,10,10
UGA,2016,0.1507734785350092,all_income_groups,10,10
URY,2016,0.2203023299603522,same_historical_income_group,10,10
UZB,2016,0.14945690557806054,all_income_groups,10,10
VAT,2016,0.2064741614466466,all_income_groups,10,10
VCT,2016,0.1284496923767878,same_historical_income_group,10,10
VGB,2016,0.2247617606546219,same_historical_income_group,10,10
VUT,2016,0.054465849861208955,all_income_groups,10,10
WSM,2016,0.13314899074891834,same_historical_income_group,10,10
YEM,2016,0.05731887243819299,all_income_groups,10,10
ZMB,2016,0.1467838355254254,all_income_groups,10,10
ZWE,2016,0.13582893761464954,all_income_groups,10,10
ABW,2017,0.3712501528637796,same_historical_income_group,10,10
AFG,2017,0.07557784978513159,all_income_groups,10,10
AGO,2017,0.15460127206755678,all_income_groups,10,10
AIA,2017,0.10570843381464372,all_income_groups,10,10
ALB,2017,0.13499297382156347,same_historical_income_group,10,10
AND,2017,0.22939536334998475,same_historical_income_group,10,10
ARE,2017,0.25680772982560185,same_historical_income_group,10,10
ARM,2017,0.056509016496739055,all_income_groups,10,10
ASM,2017,0.15151363145697663,same_historical_income_group,10,10
ATA,2017,0.259506194494371,all_income_groups,10,10
ATF,2017,0.2328973753646038,all_income_groups,10,10
ATG,2017,0.20018049676688143,same_historical_income_group,10,10
AUT,2017,0.2503914894754393,same_historical_income_group,10,10
AZE,2017,0.1733397364978283,same_historical_income_group,10,10
BDI,2017,0.19724050758537945,all_income_groups,10,10
BEN,2017,0.06644362716573994,all_income_groups,10,10
BES,2017,0.25361605758696715,all_income_groups,10,10
BFA,2017,0.16391152661562067,all_income_groups,10,10
BGD,2017,0.07075990908276758,all_income_groups,10,10
BGR,2017,0.14283244122973315,same_historical_income_group,10,10
BHR,2017,0.23617755460971881,same_historical_income_group,10,10
BHS,2017,0.34203398418011,same_historical_income_group,10,10
BIH,2017,0.1455167240511406,same_historical_income_group,10,10
BLM,2017,0.22284183968658874,all_income_groups,10,10
BLR,2017,0.1453211030713384,same_historical_income_group,10,10
BLZ,2017,0.06604183276746124,same_historical_income_group,10,10
BMU,2017,0.2666327366903723,same_historical_income_group,10,10
BOL,2017,0.06852365827195103,all_income_groups,10,10
BRB,2017,0.1995154225466605,same_historical_income_group,10,10
BRN,2017,0.21668604132550884,same_historical_income_group,10,10
BTN,2017,0.1438735192368029,all_income_groups,10,10
BVT,2017,0.2579891855875357,all_income_groups,10,10
BWA,2017,0.14539308752269225,same_historical_income_group,10,10
CAF,2017,0.18052996798713178,all_income_groups,10,10
CCK,2017,0.303309628509103,all_income_groups,10,10
CIV,2017,0.0707157891754409,all_income_groups,10,10
CMR,2017,0.15473042285923141,all_income_groups,10,10
COD,2017,0.18774205449725792,all_income_groups,10,10
COG,2017,0.1924070390661019,all_income_groups,10,10
COK,2017,0.2154274387825925,all_income_groups,10,10
COM,2017,0.07569692984015974,all_income_groups,10,10
CPV,2017,0.17311245550498702,all_income_groups,10,10
CRI,2017,0.13282019136800172,same_historical_income_group,10,10
CUB,2017,0.1392015753355078,same_historical_income_group,10,10
CUW,2017,0.17276837675452614,same_historical_income_group,10,10
CXR,2017,0.26049093318206623,all_income_groups,10,10
CYM,2017,0.2693176228437194,same_historical_income_group,10,10
CYP,2017,0.21689962501251642,same_historical_income_group,10,10
CZE,2017,0.27000966427005524,same_historical_income_group,10,10
DJI,2017,0.05994696052265277,all_income_groups,10,10
DMA,2017,0.12032279454386094,same_historical_income_group,10,10
DOM,2017,0.0649318501197448,same_historical_income_group,10,10
DZA,2017,0.16843545158922216,same_historical_income_group,10,10
ECU,2017,0.12301094603686487,same_historical_income_group,10,10
ERI,2017,0.1572198539715689,all_income_groups,10,10
EST,2017,0.19114563607526672,same_historical_income_group,10,10
ETH,2017,0.15907108832128816,all_income_groups,10,10
FJI,2017,0.12079485288901269,same_historical_income_group,10,10
FLK,2017,0.17714890312999287,all_income_groups,10,10
FRO,2017,0.2477360493090617,same_historical_income_group,10,10
FSM,2017,0.05323343869012293,all_income_groups,10,10
GAB,2017,0.1872777191761603,same_historical_income_group,10,10
GEO,2017,0.05410014153606696,all_income_groups,10,10
GHA,2017,0.135309869462318,all_income_groups,10,10
GIB,2017,0.21571641501829192,same_historical_income_group,10,10
GIN,2017,0.18462931683566178,all_income_groups,10,10
GMB,2017,0.06911567928139699,all_income_groups,10,10
GNB,2017,0.19006973578654046,all_income_groups,10,10
GNQ,2017,0.15955554976338096,same_historical_income_group,10,10
GRC,2017,0.1999491196868244,same_historical_income_group,10,10
GRD,2017,0.11950163314486409,same_historical_income_group,10,10
GRL,2017,0.16892892285626854,same_historical_income_group,10,10
GTM,2017,0.048068647013038784,all_income_groups,10,10
GUM,2017,0.24176909389384613,same_historical_income_group,10,10
GUY,2017,0.16365459262553045,same_historical_income_group,10,10
HMD,2017,0.18344637473456846,all_income_groups,10,10
HND,2017,0.047555132640332384,all_income_groups,10,10
HRV,2017,0.23103626086500842,same_historical_income_group,10,10
HTI,2017,0.056270283441156296,all_income_groups,10,10
IRL,2017,0.1907020841966284,same_historical_income_group,10,10
IRN,2017,0.1925219449375102,same_historical_income_group,10,10
IRQ,2017,0.14040967017312264,same_historical_income_group,10,10
ISL,2017,0.2503895508636479,same_historical_income_group,10,10
JAM,2017,0.1061347781272174,same_historical_income_group,10,10
JOR,2017,0.13394746252405457,same_historical_income_group,10,10
KAZ,2017,0.21706741926811596,same_historical_income_group,10,10
KEN,2017,0.0741498237962494,all_income_groups,10,10
KGZ,2017,0.07210187610226074,all_income_groups,10,10
KHM,2017,0.07518062775980439,all_income_groups,10,10
KIR,2017,0.05679113607187664,all_income_groups,10,10
KNA,2017,0.21810416027985813,same_historical_income_group,10,10
KWT,2017,0.17954318481277431,same_historical_income_group,10,10
LAO,2017,0.06752588615684159,all_income_groups,10,10
LBN,2017,0.1562909568486346,same_historical_income_group,10,10
LBR,2017,0.1952826655800921,all_income_groups,10,10
LBY,2017,0.16916663100669505,same_historical_income_group,10,10
LCA,2017,0.1231032238045602,same_historical_income_group,10,10
LKA,2017,0.05120482825230137,all_income_groups,10,10
LSO,2017,0.1625336971808175,all_income_groups,10,10
LTU,2017,0.1829314458484402,same_historical_income_group,10,10
LUX,2017,0.1348129626017783,same_historical_income_group,10,10
LVA,2017,0.2253950132394464,same_historical_income_group,10,10
MAC,2017,0.2420185128139531,same_historical_income_group,10,10
MAR,2017,0.07254839791369747,all_income_groups,10,10
MDA,2017,0.07897639599110257,all_income_groups,10,10
MDG,2017,0.07289358483530115,all_income_groups,10,10
MDV,2017,0.15188859875296093,same_historical_income_group,10,10
MHL,2017,0.06877943761845633,same_historical_income_group,10,10
MKD,2017,0.14612661974727573,same_historical_income_group,10,10
MLI,2017,0.17129230406847754,all_income_groups,10,10
MLT,2017,0.2953146984481872,same_historical_income_group,10,10
MMR,2017,0.06847887046231668,all_income_groups,10,10
MNE,2017,0.14255674397522067,same_historical_income_group,10,10
MNG,2017,0.1280863146378785,all_income_groups,10,10
MNP,2017,0.18192769552435042,same_historical_income_group,10,10
MOZ,2017,0.189569477387191,all_income_groups,10,10
MRT,2017,0.1504858632004102,all_income_groups,10,10
MSR,2017,0.2572923849659132,all_income_groups,10,10
MUS,2017,0.1426167700443454,same_historical_income_group,10,10
MWI,2017,0.16529262754532592,all_income_groups,10,10
NAM,2017,0.14467721869557448,same_historical_income_group,10,10
NCL,2017,0.1702904595740304,same_historical_income_group,10,10
NER,2017,0.17002010447832197,all_income_groups,10,10
NFK,2017,0.2930478275509239,all_income_groups,10,10
NGA,2017,0.06327904297660913,all_income_groups,10,10
NIC,2017,0.054522345709165726,all_income_groups,10,10
NIU,2017,0.2609423911148497,all_income_groups,10,10
NPL,2017,0.07775828506806039,all_income_groups,10,10
NRU,2017,0.14935953282622172,same_historical_income_group,10,10
NZL,2017,0.2200811426913529,same_historical_income_group,10,10
OMN,2017,0.17100071957474952,same_historical_income_group,10,10
PAK,2017,0.07494865089174384,all_income_groups,10,10
PAN,2017,0.14266442910236676,same_historical_income_group,10,10
PCN,2017,0.2512171363520787,all_income_groups,10,10
PLW,2017,0.15513857126345185,same_historical_income_group,10,10
PNG,2017,0.16499808190378293,all_income_groups,10,10
PRK,2017,0.07880704826902282,all_income_groups,10,10
PRY,2017,0.13680048249242366,same_historical_income_group,10,10
PSE,2017,0.10164578688261226,all_income_groups,10,10
PYF,2017,0.15812000667110349,same_historical_income_group,10,10
QAT,2017,0.28364569915602983,same_historical_income_group,10,10
ROU,2017,0.14748748321329125,same_historical_income_group,10,10
RWA,2017,0.06829961470489855,all_income_groups,10,10
SDN,2017,0.07130244346514646,all_income_groups,10,10
SEN,2017,0.06582991859431339,all_income_groups,10,10
SGP,2017,0.17263314694271767,same_historical_income_group,10,10
SGS,2017,0.18734625744756933,all_income_groups,10,10
SHN,2017,0.33658746024403857,all_income_groups,10,10
SLB,2017,0.16403578061086155,all_income_groups,10,10
SLE,2017,0.18164651918075442,all_income_groups,10,10
SLV,2017,0.050197455305826776,all_income_groups,10,10
SMR,2017,0.18290721083931052,same_historical_income_group,10,10
SOM,2017,0.19382007844709373,all_income_groups,10,10
SPM,2017,0.22172345533029797,all_income_groups,10,10
SRB,2017,0.14097434889245553,same_historical_income_group,10,10
SSD,2017,0.1391458971743607,all_income_groups,10,10
STP,2017,0.15562790320988262,all_income_groups,10,10
SUR,2017,0.18278045906016957,same_historical_income_group,10,10
SVK,2017,0.2247395100346579,same_historical_income_group,10,10
SVN,2017,0.27624892890960123,same_historical_income_group,10,10
SWZ,2017,0.18174892821597038,all_income_groups,10,10
SXM,2017,0.30457106993927363,same_historical_income_group,10,10
SYC,2017,0.2328403579783663,same_historical_income_group,10,10
SYR,2017,0.08055241521271052,all_income_groups,10,10
TCA,2017,0.30693564707207927,same_historical_income_group,10,10
TCD,2017,0.15858199582998309,all_income_groups,10,10
TGO,2017,0.15755046428047093,all_income_groups,10,10
TJK,2017,0.06914077785334939,all_income_groups,10,10
TKL,2017,0.24194986587970876,all_income_groups,10,10
TKM,2017,0.15142308071395427,same_historical_income_group,10,10
TLS,2017,0.15921458651482734,all_income_groups,10,10
TON,2017,0.06680798782720045,same_historical_income_group,10,10
TTO,2017,0.1392964822820033,same_historical_income_group,10,10
TUV,2017,0.13895547349068352,same_historical_income_group,10,10
TZA,2017,0.07239468450883581,all_income_groups,10,10
UGA,2017,0.17346915315269146,all_income_groups,10,10
URY,2017,0.21324909527928865,same_historical_income_group,10,10
UZB,2017,0.1708847489012581,all_income_groups,10,10
VAT,2017,0.2261648550012555,all_income_groups,10,10
VCT,2017,0.12722205583346927,same_historical_income_group,10,10
VGB,2017,0.21878580690752644,same_historical_income_group,10,10
VUT,2017,0.06302898394174497,all_income_groups,10,10
WSM,2017,0.1325949228483099,same_historical_income_group,10,10
YEM,2017,0.07166963849110335,all_income_groups,10,10
ZMB,2017,0.16958556692017487,all_income_groups,10,10
ZWE,2017,0.15933949629287664,all_income_groups,10,10
ABW,2018,0.38525061974873037,same_historical_income_group,10,10
AFG,2018,0.06162269439613076,all_income_groups,10,10
AGO,2018,0.15997468796145808,all_income_groups,10,10
AIA,2018,0.11379921077955336,all_income_groups,10,10
ALB,2018,0.15416981066098837,same_historical_income_group,10,10
AND,2018,0.26735925115692155,same_historical_income_group,10,10
ARE,2018,0.2929949276509921,same_historical_income_group,10,10
ARM,2018,0.05292800193719596,all_income_groups,10,10
ASM,2018,0.17019067380781008,same_historical_income_group,10,10
ATA,2018,0.2758008263227641,all_income_groups,10,10
ATF,2018,0.24469210636987895,all_income_groups,10,10
ATG,2018,0.2004113110345825,same_historical_income_group,10,10
AUT,2018,0.29224154310845174,same_historical_income_group,10,10
AZE,2018,0.19067943688665134,same_historical_income_group,10,10
BDI,2018,0.19498861001081874,all_income_groups,10,10
BEN,2018,0.05741742118232961,all_income_groups,10,10
BES,2018,0.2723730241197483,all_income_groups,10,10
BFA,2018,0.15906664485160174,all_income_groups,10,10
BGD,2018,0.05992328880098751,all_income_groups,10,10
BGR,2018,0.1608724506855266,same_historical_income_group,10,10
BHR,2018,0.24183391367791968,same_historical_income_group,10,10
BHS,2018,0.3614160029330118,same_historical_income_group,10,10
BIH,2018,0.16495144190416525,same_historical_income_group,10,10
BLM,2018,0.24115329614805817,all_income_groups,10,10
BLR,2018,0.16334981310884608,same_historical_income_group,10,10
BLZ,2018,0.07858364543064358,same_historical_income_group,10,10
BMU,2018,0.3019579798385311,same_historical_income_group,10,10
BOL,2018,0.05826657972936302,all_income_groups,10,10
BRB,2018,0.19830707482840457,same_historical_income_group,10,10
BRN,2018,0.2400947915987974,same_historical_income_group,10,10
BTN,2018,0.14890246564037704,all_income_groups,10,10
BVT,2018,0.2786300685985764,all_income_groups,10,10
BWA,2018,0.16519981697670083,same_historical_income_group,10,10
CAF,2018,0.16958344554474877,all_income_groups,10,10
CCK,2018,0.3482009759662268,all_income_groups,10,10
CIV,2018,0.05921579293014443,all_income_groups,10,10
CMR,2018,0.15118465874311984,all_income_groups,10,10
COD,2018,0.18937205937000123,all_income_groups,10,10
COG,2018,0.19399996614817905,all_income_groups,10,10
COK,2018,0.22507147021400645,all_income_groups,10,10
COM,2018,0.06430932570164145,all_income_groups,10,10
CPV,2018,0.1821867004673146,all_income_groups,10,10
CRI,2018,0.15324801379327072,same_historical_income_group,10,10
CUB,2018,0.16312555516421498,same_historical_income_group,10,10
CUW,2018,0.19318559228170604,same_historical_income_group,10,10
CXR,2018,0.2792473646780365,all_income_groups,10,10
CYM,2018,0.30534762372968616,same_historical_income_group,10,10
CYP,2018,0.2510712975005256,same_historical_income_group,10,10
CZE,2018,0.28675130320272885,same_historical_income_group,10,10
DJI,2018,0.04727617234544444,all_income_groups,10,10
DMA,2018,0.14003201004430516,same_historical_income_group,10,10
DOM,2018,0.07807266767902735,same_historical_income_group,10,10
DZA,2018,0.18554692650826626,same_historical_income_group,10,10
ECU,2018,0.13815373237964657,same_historical_income_group,10,10
ERI,2018,0.16205264915019904,all_income_groups,10,10
EST,2018,0.2125054578185407,same_historical_income_group,10,10
ETH,2018,0.15142188658057604,all_income_groups,10,10
FJI,2018,0.13886163721333253,same_historical_income_group,10,10
FLK,2018,0.1892930203127398,all_income_groups,10,10
FRO,2018,0.28090779283538775,same_historical_income_group,10,10
FSM,2018,0.05186896510977205,all_income_groups,10,10
GAB,2018,0.2057929165758778,same_historical_income_group,10,10
GEO,2018,0.050994022835579716,all_income_groups,10,10
GHA,2018,0.14016817723341218,all_income_groups,10,10
GIB,2018,0.23493100276144985,same_historical_income_group,10,10
GIN,2018,0.18552865267312182,all_income_groups,10,10
GMB,2018,0.05956957704417973,all_income_groups,10,10
GNB,2018,0.18861575033575861,all_income_groups,10,10
GNQ,2018,0.17580157347332523,same_historical_income_group,10,10
GRC,2018,0.22366115163366349,same_historical_income_group,10,10
GRD,2018,0.14049331239990878,same_historical_income_group,10,10
GRL,2018,0.18811991156195107,same_historical_income_group,10,10
GTM,2018,0.04297877790943801,all_income_groups,10,10
GUM,2018,0.2731750977478451,same_historical_income_group,10,10
GUY,2018,0.1804199391378682,same_historical_income_group,10,10
HMD,2018,0.18593472156799049,all_income_groups,10,10
HND,2018,0.04969971387157792,all_income_groups,10,10
HRV,2018,0.23649754772052928,same_historical_income_group,10,10
HTI,2018,0.05282869485135824,all_income_groups,10,10
IRL,2018,0.22649515252720653,same_historical_income_group,10,10
IRN,2018,0.2112907563239064,same_historical_income_group,10,10
IRQ,2018,0.15406464447982654,same_historical_income_group,10,10
ISL,2018,0.28677881604188915,same_historical_income_group,10,10
JAM,2018,0.12026246747365552,same_historical_income_group,10,10
JOR,2018,0.15174652378662,same_historical_income_group,10,10
KAZ,2018,0.238550535085869,same_historical_income_group,10,10
KEN,2018,0.05457942071008848,all_income_groups,10,10
KGZ,2018,0.05768153146590567,all_income_groups,10,10
KHM,2018,0.06112142479440205,all_income_groups,10,10
KIR,2018,0.052003557239426595,all_income_groups,10,10
KNA,2018,0.22398534928759217,same_historical_income_group,10,10
KWT,2018,0.194501349050396,same_historical_income_group,10,10
LAO,2018,0.05699472625641977,all_income_groups,10,10
LBN,2018,0.17935994513702672,same_historical_income_group,10,10
LBR,2018,0.19583942860124645,all_income_groups,10,10
LBY,2018,0.1863710216205929,same_historical_income_group,10,10
LCA,2018,0.1444066997296754,same_historical_income_group,10,10
LKA,2018,0.04483409857766329,all_income_groups,10,10
LSO,2018,0.1517628665508524,all_income_groups,10,10
LTU,2018,0.2017881736927116,same_historical_income_group,10,10
LUX,2018,0.16476380413805422,same_historical_income_group,10,10
LVA,2018,0.2319905668033579,same_historical_income_group,10,10
MAC,2018,0.2774977161433726,same_historical_income_group,10,10
MAR,2018,0.061316611695463166,all_income_groups,10,10
MDA,2018,0.06544104721893547,all_income_groups,10,10
MDG,2018,0.05487603826135055,all_income_groups,10,10
MDV,2018,0.17198747365120046,same_historical_income_group,10,10
MHL,2018,0.08092352764687555,same_historical_income_group,10,10
MKD,2018,0.16517964294150866,same_historical_income_group,10,10
MLI,2018,0.16542211799441398,all_income_groups,10,10
MLT,2018,0.31311510604294385,same_historical_income_group,10,10
MMR,2018,0.059531062165348626,all_income_groups,10,10
MNE,2018,0.16184005887677422,same_historical_income_group,10,10
MNG,2018,0.13678175811937118,all_income_groups,10,10
MNP,2018,0.21012958281959945,same_historical_income_group,10,10
MOZ,2018,0.18855820371566173,all_income_groups,10,10
MRT,2018,0.14880690206614877,all_income_groups,10,10
MSR,2018,0.2778260560127722,all_income_groups,10,10
MUS,2018,0.1614234624735295,same_historical_income_group,10,10
MWI,2018,0.15505854083063667,all_income_groups,10,10
NAM,2018,0.16378692028923533,same_historical_income_group,10,10
NCL,2018,0.18727759521287585,same_historical_income_group,10,10
NER,2018,0.15972349664266985,all_income_groups,10,10
NFK,2018,0.3131997557793131,all_income_groups,10,10
NGA,2018,0.057539128822608795,all_income_groups,10,10
NIC,2018,0.05484813211337724,all_income_groups,10,10
NIU,2018,0.27744998295756756,all_income_groups,10,10
NPL,2018,0.060944458165452346,all_income_groups,10,10
NRU,2018,0.16692992492569408,same_historical_income_group,10,10
NZL,2018,0.2528076800618363,same_historical_income_group,10,10
OMN,2018,0.18658368516657656,same_historical_income_group,10,10
PAK,2018,0.061842492154552314,all_income_groups,10,10
PAN,2018,0.16355255110791686,same_historical_income_group,10,10
PCN,2018,0.26836566639086573,all_income_groups,10,10
PLW,2018,0.1733496546294606,same_historical_income_group,10,10
PNG,2018,0.1725256832494255,all_income_groups,10,10
PRK,2018,0.0843020376417476,all_income_groups,10,10
PRY,2018,0.15639309256009964,same_historical_income_group,10,10
PSE,2018,0.09113277066981379,all_income_groups,10,10
PYF,2018,0.17144742737157556,same_historical_income_group,10,10
QAT,2018,0.3194009333361719,same_historical_income_group,10,10
ROU,2018,0.16807865956003482,same_historical_income_group,10,10
RWA,2018,0.054232134678326,all_income_groups,10,10
SDN,2018,0.05999928313138002,all_income_groups,10,10
SEN,2018,0.05247864698726726,all_income_groups,10,10
SGP,2018,0.20310793069474878,same_historical_income_group,10,10
SGS,2018,0.19958001651554594,all_income_groups,10,10
SHN,2018,0.3576887093250611,all_income_groups,10,10
SLB,2018,0.17349628081996143,all_income_groups,10,10
SLE,2018,0.1754710565726732,all_income_groups,10,10
SLV,2018,0.04783594452146314,all_income_groups,10,10
SMR,2018,0.218231170321921,same_historical_income_group,10,10
SOM,2018,0.1920104194268281,all_income_groups,10,10
SPM,2018,0.23552570938050066,all_income_groups,10,10
SRB,2018,0.15960708953558972,same_historical_income_group,10,10
SSD,2018,0.1395972276579759,all_income_groups,10,10
STP,2018,0.1544855845983323,all_income_groups,10,10
SUR,2018,0.20117130653942303,same_historical_income_group,10,10
SVK,2018,0.2324495675512519,same_historical_income_group,10,10
SVN,2018,0.28656650427834984,same_historical_income_group,10,10
SWZ,2018,0.17687755547364836,all_income_groups,10,10
SXM,2018,0.32755380873137946,same_historical_income_group,10,10
SYC,2018,0.2665250292110275,same_historical_income_group,10,10
SYR,2018,0.0633659442636639,all_income_groups,10,10
TCA,2018,0.32443946999631984,same_historical_income_group,10,10
TCD,2018,0.16699423954673212,all_income_groups,10,10
TGO,2018,0.15307770007718577,all_income_groups,10,10
TJK,2018,0.06024233201708417,all_income_groups,10,10
TKL,2018,0.25301151659530213,all_income_groups,10,10
TKM,2018,0.16696256683465002,same_historical_income_group,10,10
TLS,2018,0.1602854335276824,all_income_groups,10,10
TON,2018,0.07976133551732137,same_historical_income_group,10,10
TTO,2018,0.15524096076588387,same_historical_income_group,10,10
TUV,2018,0.15779235482241125,same_historical_income_group,10,10
TZA,2018,0.05828037405462526,all_income_groups,10,10
UGA,2018,0.1675543822428636,all_income_groups,10,10
URY,2018,0.2388261034959318,same_historical_income_group,10,10
UZB,2018,0.17418754328683178,all_income_groups,10,10
VAT,2018,0.23944674141005232,all_income_groups,10,10
VCT,2018,0.14783756443938162,same_historical_income_group,10,10
VGB,2018,0.2416206439066966,same_historical_income_group,10,10
VUT,2018,0.05708190256768622,all_income_groups,10,10
WSM,2018,0.15086738751741985,same_historical_income_group,10,10
YEM,2018,0.060441105614434325,all_income_groups,10,10
ZMB,2018,0.16643229710690646,all_income_groups,10,10
ZWE,2018,0.1539453463237268,all_income_groups,10,10
ABW,2019,0.30760257941707103,same_historical_income_group,10,10
AFG,2019,0.07823849077792167,all_income_groups,10,10
AGO,2019,0.20353180855788094,all_income_groups,10,10
AIA,2019,0.1317200658199621,all_income_groups,10,10
ALB,2019,0.14446232190983108,same_historical_income_group,10,10
AND,2019,0.22824623317775986,same_historical_income_group,10,10
ARE,2019,0.2667077313658505,same_historical_income_group,10,10
ARM,2019,0.05594420937652671,all_income_groups,10,10
ASM,2019,0.14732026088811254,same_historical_income_group,10,10
ATA,2019,0.22683241363946272,all_income_groups,10,10
ATF,2019,0.21852818815835892,all_income_groups,10,10
ATG,2019,0.15397345143815727,same_historical_income_group,10,10
AUT,2019,0.2500930105113612,same_historical_income_group,10,10
AZE,2019,0.17616278452921943,same_historical_income_group,10,10
BDI,2019,0.1922562877608376,all_income_groups,10,10
BEN,2019,0.07875524719735126,all_income_groups,10,10
BES,2019,0.2295370865363339,all_income_groups,10,10
BFA,2019,0.15222262351433913,all_income_groups,10,10
BGD,2019,0.07809523387820888,all_income_groups,10,10
BGR,2019,0.14105643285127245,same_historical_income_group,10,10
BHR,2019,0.19655137786354596,same_historical_income_group,10,10
BHS,2019,0.29160637897096986,same_historical_income_group,10,10
BIH,2019,0.1444899375946301,same_historical_income_group,10,10
BLM,2019,0.19938684781307428,all_income_groups,10,10
BLR,2019,0.1424901766734724,same_historical_income_group,10,10
BLZ,2019,0.09302536165470947,same_historical_income_group,10,10
BMU,2019,0.26684860344905503,same_historical_income_group,10,10
BOL,2019,0.0737301350753407,all_income_groups,10,10
BRB,2019,0.16135391370690705,same_historical_income_group,10,10
BRN,2019,0.22333966157715304,same_historical_income_group,10,10
BTN,2019,0.12391898878432375,all_income_groups,10,10
BVT,2019,0.23621400916709334,all_income_groups,10,10
BWA,2019,0.14425892455181177,same_historical_income_group,10,10
CAF,2019,0.1600084472754383,all_income_groups,10,10
CCK,2019,0.2855782638325732,all_income_groups,10,10
CIV,2019,0.07246041954382432,all_income_groups,10,10
CMR,2019,0.14434529391867545,all_income_groups,10,10
COD,2019,0.1973087259326949,all_income_groups,10,10
COG,2019,0.20220081554668595,all_income_groups,10,10
COK,2019,0.19983983977928446,all_income_groups,10,10
COM,2019,0.07920789490153282,all_income_groups,10,10
CPV,2019,0.14433968810644268,all_income_groups,10,10
CRI,2019,0.1362535243073565,same_historical_income_group,10,10
CUB,2019,0.15610339719027716,same_historical_income_group,10,10
CUW,2019,0.162854088647882,same_historical_income_group,10,10
CXR,2019,0.23549804672912128,all_income_groups,10,10
CYM,2019,0.26815830912106964,same_historical_income_group,10,10
CYP,2019,0.21153239432893803,same_historical_income_group,10,10
CZE,2019,0.22416946802074478,same_historical_income_group,10,10
DJI,2019,0.06515488221260798,all_income_groups,10,10
DMA,2019,0.1265519734160234,same_historical_income_group,10,10
DOM,2019,0.09352592907082519,same_historical_income_group,10,10
DZA,2019,0.17583425083303472,same_historical_income_group,10,10
ECU,2019,0.13658134464250718,same_historical_income_group,10,10
ERI,2019,0.1725386525496112,all_income_groups,10,10
EST,2019,0.1850578365684506,same_historical_income_group,10,10
ETH,2019,0.1531739131214097,all_income_groups,10,10
FJI,2019,0.12651248262492798,same_historical_income_group,10,10
FLK,2019,0.17947813524011297,all_income_groups,10,10
FRO,2019,0.2500744697820603,same_historical_income_group,10,10
FSM,2019,0.07017666021878592,all_income_groups,10,10
GAB,2019,0.18615653407273414,same_historical_income_group,10,10
GEO,2019,0.05492502844661773,all_income_groups,10,10
GHA,2019,0.1381263697382745,all_income_groups,10,10
GIB,2019,0.23356562261117605,same_historical_income_group,10,10
GIN,2019,0.18971969238900113,all_income_groups,10,10
GMB,2019,0.08274513832629049,all_income_groups,10,10
GNB,2019,0.18478157751727317,all_income_groups,10,10
GNQ,2019,0.16861253917302194,same_historical_income_group,10,10
GRC,2019,0.19315783610578496,same_historical_income_group,10,10
GRD,2019,0.12609775998301012,same_historical_income_group,10,10
GRL,2019,0.16526737996396268,same_historical_income_group,10,10
GTM,2019,0.056473807071264,all_income_groups,10,10
GUM,2019,0.23359026861977972,same_historical_income_group,10,10
GUY,2019,0.16660140171255516,same_historical_income_group,10,10
HMD,2019,0.1878391327335654,all_income_groups,10,10
HND,2019,0.08021161873339346,all_income_groups,10,10
HRV,2019,0.1925303262560608,same_historical_income_group,10,10
HTI,2019,0.09419921125811465,all_income_groups,10,10
IRL,2019,0.20226811385553306,same_historical_income_group,10,10
IRN,2019,0.19165769255284773,same_historical_income_group,10,10
IRQ,2019,0.1699768348846171,same_historical_income_group,10,10
ISL,2019,0.25166279978003414,same_historical_income_group,10,10
JAM,2019,0.11913945334700153,same_historical_income_group,10,10
JOR,2019,0.1354215604666412,same_historical_income_group,10,10
KAZ,2019,0.20358150981229786,same_historical_income_group,10,10
KEN,2019,0.06324117029545037,all_income_groups,10,10
KGZ,2019,0.07978842793955285,all_income_groups,10,10
KHM,2019,0.07540596983305163,all_income_groups,10,10
KIR,2019,0.06443148119857098,all_income_groups,10,10
KNA,2019,0.17908301046594916,same_historical_income_group,10,10
KWT,2019,0.1940204123507124,same_historical_income_group,10,10
LAO,2019,0.07624637700821994,all_income_groups,10,10
LBN,2019,0.1596943719602958,same_historical_income_group,10,10
LBR,2019,0.19836262344267874,all_income_groups,10,10
LBY,2019,0.1774525707385027,same_historical_income_group,10,10
LCA,2019,0.12827366612419586,same_historical_income_group,10,10
LKA,2019,0.053090205719418325,all_income_groups,10,10
LSO,2019,0.14406461102619383,all_income_groups,10,10
LTU,2019,0.17554213949010258,same_historical_income_group,10,10
LUX,2019,0.1513289646169198,same_historical_income_group,10,10
LVA,2019,0.18934587059325053,same_historical_income_group,10,10
MAC,2019,0.24478747381312554,same_historical_income_group,10,10
MAR,2019,0.06059550523835535,all_income_groups,10,10
MDA,2019,0.06375870393327844,all_income_groups,10,10
MDG,2019,0.07789680516544051,all_income_groups,10,10
MDV,2019,0.14993324574904035,same_historical_income_group,10,10
MHL,2019,0.09331331538483469,same_historical_income_group,10,10
MKD,2019,0.14436156697511496,same_historical_income_group,10,10
MLI,2019,0.1494441371520372,all_income_groups,10,10
MLT,2019,0.2487040374631597,same_historical_income_group,10,10
MMR,2019,0.08562036156584704,all_income_groups,10,10
MNE,2019,0.14160733325400304,same_historical_income_group,10,10
MNG,2019,0.14784171704380292,all_income_groups,10,10
MNP,2019,0.17206228387398273,same_historical_income_group,10,10
MOZ,2019,0.18808627925894283,all_income_groups,10,10
MRT,2019,0.1480966149922707,all_income_groups,10,10
MSR,2019,0.2414426416688268,all_income_groups,10,10
MUS,2019,0.14099640679313943,same_historical_income_group,10,10
MWI,2019,0.14668138351877402,all_income_groups,10,10
NAM,2019,0.14344658223502357,same_historical_income_group,10,10
NCL,2019,0.165527335299281,same_historical_income_group,10,10
NER,2019,0.1495911252241118,all_income_groups,10,10
NFK,2019,0.26607249887244144,all_income_groups,10,10
NGA,2019,0.07829986912097053,all_income_groups,10,10
NIC,2019,0.08308107675676464,all_income_groups,10,10
NIU,2019,0.228335500389176,all_income_groups,10,10
NPL,2019,0.059497848484902846,all_income_groups,10,10
NRU,2019,0.14483916897421226,same_historical_income_group,10,10
NZL,2019,0.2256384528824882,same_historical_income_group,10,10
OMN,2019,0.1861896851750168,same_historical_income_group,10,10
PAK,2019,0.07728548674398293,all_income_groups,10,10
PAN,2019,0.14434159357206963,same_historical_income_group,10,10
PCN,2019,0.22912437819842427,all_income_groups,10,10
PLW,2019,0.1479107902118834,same_historical_income_group,10,10
PNG,2019,0.17417150440202,all_income_groups,10,10
PRK,2019,0.11425448206772594,all_income_groups,10,10
PRY,2019,0.14871789285096376,same_historical_income_group,10,10
PSE,2019,0.08135363315322876,all_income_groups,10,10
PYF,2019,0.15391319101896717,same_historical_income_group,10,10
QAT,2019,0.29456038802300244,same_historical_income_group,10,10
ROU,2019,0.14688628835808235,same_historical_income_group,10,10
RWA,2019,0.05775757619863945,all_income_groups,10,10
SDN,2019,0.07767391623414847,all_income_groups,10,10
SEN,2019,0.056844698618997,all_income_groups,10,10
SGP,2019,0.18192110272053305,same_historical_income_group,10,10
SGS,2019,0.178969184993739,all_income_groups,10,10
SHN,2019,0.2988063456435607,all_income_groups,10,10
SLB,2019,0.1845438735717907,all_income_groups,10,10
SLE,2019,0.16782953416843124,all_income_groups,10,10
SLV,2019,0.05764791236264393,all_income_groups,10,10
SMR,2019,0.19204242865980076,same_historical_income_group,10,10
SOM,2019,0.19286040444461452,all_income_groups,10,10
SPM,2019,0.20095363269587757,all_income_groups,10,10
SRB,2019,0.13969484259785836,same_historical_income_group,10,10
SSD,2019,0.14269559714500968,all_income_groups,10,10
STP,2019,0.1284043261061033,all_income_groups,10,10
SUR,2019,0.17788823422386146,same_historical_income_group,10,10
SVK,2019,0.18736896391749527,same_historical_income_group,10,10
SVN,2019,0.2303889887253445,same_historical_income_group,10,10
SWZ,2019,0.14242333582612599,all_income_groups,10,10
SXM,2019,0.27228066861110084,same_historical_income_group,10,10
SYC,2019,0.22577446924104377,same_historical_income_group,10,10
SYR,2019,0.07614290675948146,all_income_groups,10,10
TCA,2019,0.2721056158643767,same_historical_income_group,10,10
TCD,2019,0.17602256990762125,all_income_groups,10,10
TGO,2019,0.15048077046317548,all_income_groups,10,10
TJK,2019,0.08576435690603536,all_income_groups,10,10
TKL,2019,0.2121541019642433,all_income_groups,10,10
TKM,2019,0.16760114737285786,same_historical_income_group,10,10
TLS,2019,0.1905022408598982,all_income_groups,10,10
TON,2019,0.09475301874680551,same_historical_income_group,10,10
TTO,2019,0.1499210261204982,same_historical_income_group,10,10
TUV,2019,0.13993095953948564,same_historical_income_group,10,10
TZA,2019,0.0741596098603823,all_income_groups,10,10
UGA,2019,0.1539701047199605,all_income_groups,10,10
URY,2019,0.21161745794260245,same_historical_income_group,10,10
UZB,2019,0.16157212509023353,all_income_groups,10,10
VAT,2019,0.2025237327994397,all_income_groups,10,10
VCT,2019,0.13121471258542067,same_historical_income_group,10,10
VGB,2019,0.23186493572170955,same_historical_income_group,10,10
VUT,2019,0.07329700636316733,all_income_groups,10,10
WSM,2019,0.13426746430923236,same_historical_income_group,10,10
YEM,2019,0.07926609054179025,all_income_groups,10,10
ZMB,2019,0.15868107822805297,all_income_groups,10,10
ZWE,2019,0.14471887677670908,all_income_groups,10,10
ABW,2020,0.24071331673955665,same_historical_income_group,10,10
AFG,2020,0.05119903655306792,all_income_groups,10,10
AGO,2020,0.10829318863330835,all_income_groups,10,10
AIA,2020,0.09002602475185217,all_income_groups,10,10
ALB,2020,0.0964903870769064,same_historical_income_group,10,10
AND,2020,0.19497990810783095,same_historical_income_group,10,10
ARE,2020,0.20878506949807663,same_historical_income_group,10,10
ARM,2020,0.03714506451966094,all_income_groups,10,10
ASM,2020,0.10285704577023845,same_historical_income_group,10,10
ATA,2020,0.19562582739380785,all_income_groups,10,10
ATF,2020,0.1420654213449729,all_income_groups,10,10
ATG,2020,0.12639696921301585,same_historical_income_group,10,10
AUT,2020,0.2145886436640203,same_historical_income_group,10,10
AZE,2020,0.11350571979081325,same_historical_income_group,10,10
BDI,2020,0.12359063698456621,all_income_groups,10,10
BEN,2020,0.047566831285528466,all_income_groups,10,10
BES,2020,0.17264023220473781,all_income_groups,10,10
BFA,2020,0.10501836822661005,all_income_groups,10,10
BGD,2020,0.04890735084160016,all_income_groups,10,10
BGR,2020,0.09992030416533577,same_historical_income_group,10,10
BHR,2020,0.1425304484237804,same_historical_income_group,10,10
BHS,2020,0.24231834627307763,same_historical_income_group,10,10
BIH,2020,0.1011484830767829,same_historical_income_group,10,10
BLM,2020,0.1461613861927609,all_income_groups,10,10
BLR,2020,0.10025334132995078,same_historical_income_group,10,10
BLZ,2020,0.055298833333851424,same_historical_income_group,10,10
BMU,2020,0.22958120946685492,same_historical_income_group,10,10
BOL,2020,0.04696669415003201,all_income_groups,10,10
BRB,2020,0.1410189603153227,same_historical_income_group,10,10
BRN,2020,0.17290985283651777,same_historical_income_group,10,10
BTN,2020,0.08839908808472786,all_income_groups,10,10
BVT,2020,0.183835433917115,all_income_groups,10,10
BWA,2020,0.09944674512253324,same_historical_income_group,10,10
CAF,2020,0.11291404323373305,all_income_groups,10,10
CCK,2020,0.23269362358013684,all_income_groups,10,10
CIV,2020,0.0476005763100556,all_income_groups,10,10
CMR,2020,0.09845103181148836,all_income_groups,10,10
COD,2020,0.12063835354682263,all_income_groups,10,10
COG,2020,0.12250503898344138,all_income_groups,10,10
COK,2020,0.1324475308048186,all_income_groups,10,10
COM,2020,0.05207519686955719,all_income_groups,10,10
CPV,2020,0.10550955436640147,all_income_groups,10,10
CRI,2020,0.09195482081613024,same_historical_income_group,10,10
CUB,2020,0.10032336110197354,same_historical_income_group,10,10
CUW,2020,0.15065552806359114,same_historical_income_group,10,10
CXR,2020,0.17747901230874824,all_income_groups,10,10
CYM,2020,0.23227497539623232,same_historical_income_group,10,10
CYP,2020,0.18202549853499936,same_historical_income_group,10,10
CZE,2020,0.18277224547589402,same_historical_income_group,10,10
DJI,2020,0.04028906290336333,all_income_groups,10,10
DMA,2020,0.08470136500680386,same_historical_income_group,10,10
DOM,2020,0.054746490709397064,same_historical_income_group,10,10
DZA,2020,0.11157094437995432,same_historical_income_group,10,10
ECU,2020,0.08427035172080535,same_historical_income_group,10,10
ERI,2020,0.1009878556813841,all_income_groups,10,10
EST,2020,0.16273678515216866,same_historical_income_group,10,10
ETH,2020,0.10272882587434638,all_income_groups,10,10
FJI,2020,0.08558647378432142,same_historical_income_group,10,10
FLK,2020,0.11501751331974648,all_income_groups,10,10
FRO,2020,0.21482247006066682,same_historical_income_group,10,10
FSM,2020,0.03922804884883903,all_income_groups,10,10
GAB,2020,0.12142579623042078,same_historical_income_group,10,10
GEO,2020,0.03574043207308783,all_income_groups,10,10
GHA,2020,0.08861831147752953,all_income_groups,10,10
GIB,2020,0.16253277732651422,same_historical_income_group,10,10
GIN,2020,0.11808148931801382,all_income_groups,10,10
GMB,2020,0.0497249844057838,all_income_groups,10,10
GNB,2020,0.11866661522276901,all_income_groups,10,10
GNQ,2020,0.10614485817430545,same_historical_income_group,10,10
GRC,2020,0.16791927899036224,same_historical_income_group,10,10
GRD,2020,0.08425969599528364,same_historical_income_group,10,10
GRL,2020,0.14943988260849342,same_historical_income_group,10,10
GTM,2020,0.03483868910563,all_income_groups,10,10
GUM,2020,0.20332021444180917,same_historical_income_group,10,10
GUY,2020,0.10736747044547283,same_historical_income_group,10,10
HMD,2020,0.14026141880795145,all_income_groups,10,10
HND,2020,0.03794380944726867,all_income_groups,10,10
HRV,2020,0.1597828864144661,same_historical_income_group,10,10
HTI,2020,0.04663847874281891,all_income_groups,10,10
IRL,2020,0.17656553319765123,same_historical_income_group,10,10
IRN,2020,0.12491994427848943,same_historical_income_group,10,10
IRQ,2020,0.09893941741800592,same_historical_income_group,10,10
ISL,2020,0.21195698860664364,same_historical_income_group,10,10
JAM,2020,0.07346970184840786,same_historical_income_group,10,10
JOR,2020,0.092989087244652,same_historical_income_group,10,10
KAZ,2020,0.13741313953610534,same_historical_income_group,10,10
KEN,2020,0.04828240820842249,all_income_groups,10,10
KGZ,2020,0.051709766206661546,all_income_groups,10,10
KHM,2020,0.05022263302547628,all_income_groups,10,10
KIR,2020,0.038856393132307196,all_income_groups,10,10
KNA,2020,0.15410485088854894,same_historical_income_group,10,10
KWT,2020,0.1364069811275442,same_historical_income_group,10,10
LAO,2020,0.0470926983429858,all_income_groups,10,10
LBN,2020,0.1122131089258383,same_historical_income_group,10,10
LBR,2020,0.12316398036803176,all_income_groups,10,10
LBY,2020,0.11215268611429431,same_historical_income_group,10,10
LCA,2020,0.08635010869383057,same_historical_income_group,10,10
LKA,2020,0.035019822462779675,all_income_groups,10,10
LSO,2020,0.10145440583516391,all_income_groups,10,10
LTU,2020,0.15336533986268705,same_historical_income_group,10,10
LUX,2020,0.13973917871362945,same_historical_income_group,10,10
LVA,2020,0.15691271276332536,same_historical_income_group,10,10
MAC,2020,0.20612375733629457,same_historical_income_group,10,10
MAR,2020,0.04698331891208507,all_income_groups,10,10
MDA,2020,0.050166995685875015,all_income_groups,10,10
MDG,2020,0.049836611833846724,all_income_groups,10,10
MDV,2020,0.10355034086354821,same_historical_income_group,10,10
MHL,2020,0.056745308013052435,same_historical_income_group,10,10
MKD,2020,0.10038489603870072,same_historical_income_group,10,10
MLI,2020,0.10669481762411114,all_income_groups,10,10
MLT,2020,0.20403487120453415,same_historical_income_group,10,10
MMR,2020,0.05019779311053788,all_income_groups,10,10
MNE,2020,0.09822402718993395,same_historical_income_group,10,10
MNG,2020,0.09071581878945532,all_income_groups,10,10
MNP,2020,0.15955584487816074,same_historical_income_group,10,10
MOZ,2020,0.11942513781068564,all_income_groups,10,10
MRT,2020,0.09790276269146196,all_income_groups,10,10
MSR,2020,0.16208783044383338,all_income_groups,10,10
MUS,2020,0.09762547669722432,same_historical_income_group,10,10
MWI,2020,0.10335117860806046,all_income_groups,10,10
NAM,2020,0.09893635306221771,same_historical_income_group,10,10
NCL,2020,0.1501624255209982,same_historical_income_group,10,10
NER,2020,0.10597895309353231,all_income_groups,10,10
NFK,2020,0.20737670123431853,all_income_groups,10,10
NGA,2020,0.04686949544297339,all_income_groups,10,10
NIC,2020,0.04346583125539933,all_income_groups,10,10
NIU,2020,0.19679054020918935,all_income_groups,10,10
NPL,2020,0.0483110683614373,all_income_groups,10,10
NRU,2020,0.10136170201716656,same_historical_income_group,10,10
NZL,2020,0.18556089662910827,same_historical_income_group,10,10
OMN,2020,0.1262362157892649,same_historical_income_group,10,10
PAK,2020,0.05117097045785775,all_income_groups,10,10
PAN,2020,0.09950635754054969,same_historical_income_group,10,10
PCN,2020,0.17246168841867063,all_income_groups,10,10
PLW,2020,0.13527500663068015,same_historical_income_group,10,10
PNG,2020,0.10481275141257464,all_income_groups,10,10
PRK,2020,0.053915788223637386,all_income_groups,10,10
PRY,2020,0.09758534858985313,same_historical_income_group,10,10
PSE,2020,0.06790563347747287,all_income_groups,10,10
PYF,2020,0.13958713058608818,same_historical_income_group,10,10
QAT,2020,0.23019084501274734,same_historical_income_group,10,10
ROU,2020,0.1030853447333647,same_historical_income_group,10,10
RWA,2020,0.04285539404309524,all_income_groups,10,10
SDN,2020,0.04911611002280221,all_income_groups,10,10
SEN,2020,0.041525279581126,all_income_groups,10,10
SGP,2020,0.1741293066726516,same_historical_income_group,10,10
SGS,2020,0.11869082658490059,all_income_groups,10,10
SHN,2020,0.2331118742692629,all_income_groups,10,10
SLB,2020,0.10703744366483507,all_income_groups,10,10
SLE,2020,0.11525507729795474,all_income_groups,10,10
SLV,2020,0.03576718894586303,all_income_groups,10,10
SMR,2020,0.1734066659711118,same_historical_income_group,10,10
SOM,2020,0.12217841853342547,all_income_groups,10,10
SPM,2020,0.1448220421793531,all_income_groups,10,10
SRB,2020,0.09862698238689713,same_historical_income_group,10,10
SSD,2020,0.09079002797644241,all_income_groups,10,10
STP,2020,0.09572595999325344,all_income_groups,10,10
SUR,2020,0.11757176484011904,same_historical_income_group,10,10
SVK,2020,0.1542410246655749,same_historical_income_group,10,10
SVN,2020,0.19050226268467232,same_historical_income_group,10,10
SWZ,2020,0.11050733907635851,all_income_groups,10,10
SXM,2020,0.22492148266356787,same_historical_income_group,10,10
SYC,2020,0.19758320693327625,same_historical_income_group,10,10
SYR,2020,0.05294258474889056,all_income_groups,10,10
TCA,2020,0.22391437516602486,same_historical_income_group,10,10
TCD,2020,0.10363652227449732,all_income_groups,10,10
TGO,2020,0.10206359059594773,all_income_groups,10,10
TJK,2020,0.05044264267172406,all_income_groups,10,10
TKL,2020,0.15372243269231578,all_income_groups,10,10
TKM,2020,0.10276254329885894,same_historical_income_group,10,10
TLS,2020,0.11188506060052435,all_income_groups,10,10
TON,2020,0.0562649645308384,same_historical_income_group,10,10
TTO,2020,0.12422868125112962,same_historical_income_group,10,10
TUV,2020,0.09606748646430094,same_historical_income_group,10,10
TZA,2020,0.0489253232830965,all_income_groups,10,10
UGA,2020,0.11064912988677937,all_income_groups,10,10
URY,2020,0.1822869479570406,same_historical_income_group,10,10
UZB,2020,0.11086579119571627,all_income_groups,10,10
VAT,2020,0.147092519342668,all_income_groups,10,10
VCT,2020,0.08887218501066385,same_historical_income_group,10,10
VGB,2020,0.16903863971002467,same_historical_income_group,10,10
VUT,2020,0.04549837002648371,all_income_groups,10,10
WSM,2020,0.09226623789185265,same_historical_income_group,10,10
YEM,2020,0.04965434061971064,all_income_groups,10,10
ZMB,2020,0.10876333467150784,all_income_groups,10,10
ZWE,2020,0.10072300666955986,all_income_groups,10,10
ABW,2021,0.27198554694495614,same_historical_income_group,10,10
AFG,2021,0.06677439777792765,all_income_groups,10,10
AGO,2021,0.10167495549598062,all_income_groups,10,10
AIA,2021,0.08789792370840323,all_income_groups,10,10
ALB,2021,0.10511202112153008,same_historical_income_group,10,10
AND,2021,0.22038586440461724,same_historical_income_group,10,10
ARE,2021,0.24155646294271602,same_historical_income_group,10,10
ARM,2021,0.06072233477166011,all_income_groups,10,10
ASM,2021,0.11343317005402627,same_historical_income_group,10,10
ATA,2021,0.26053465652612745,all_income_groups,10,10
ATF,2021,0.18585510162068353,all_income_groups,10,10
ATG,2021,0.15353818777259431,same_historical_income_group,10,10
AUT,2021,0.2363643830032977,same_historical_income_group,10,10
AZE,2021,0.13602398437386096,same_historical_income_group,10,10
BDI,2021,0.15641981426084986,all_income_groups,10,10
BEN,2021,0.05800176302608499,all_income_groups,10,10
BES,2021,0.22802583414500097,all_income_groups,10,10
BFA,2021,0.1429199360750941,all_income_groups,10,10
BGD,2021,0.056968812605945114,all_income_groups,10,10
BGR,2021,0.10783527147128713,same_historical_income_group,10,10
BHR,2021,0.15855768502800413,same_historical_income_group,10,10
BHS,2021,0.27753053898876456,same_historical_income_group,10,10
BIH,2021,0.11203905360910324,same_historical_income_group,10,10
BLM,2021,0.2100841599523435,all_income_groups,10,10
BLR,2021,0.11267929345136853,same_historical_income_group,10,10
BLZ,2021,0.04457277916668454,same_historical_income_group,10,10
BMU,2021,0.2619701632755199,same_historical_income_group,10,10
BOL,2021,0.05564261885362348,all_income_groups,10,10
BRB,2021,0.1569768036068829,same_historical_income_group,10,10
BRN,2021,0.19208529318208256,same_historical_income_group,10,10
BTN,2021,0.12789679926764647,all_income_groups,10,10
BVT,2021,0.23671909027860746,all_income_groups,10,10
BWA,2021,0.11069712208281803,same_historical_income_group,10,10
CAF,2021,0.1526709308982067,all_income_groups,10,10
CCK,2021,0.2773240664446729,all_income_groups,10,10
CIV,2021,0.05833575506481007,all_income_groups,10,10
CMR,2021,0.12654873979818923,all_income_groups,10,10
COD,2021,0.14579592588861992,all_income_groups,10,10
COG,2021,0.14604371883905334,all_income_groups,10,10
COK,2021,0.17758941986390586,all_income_groups,10,10
COM,2021,0.06455643553420035,all_income_groups,10,10
CPV,2021,0.15809129879857237,all_income_groups,10,10
CRI,2021,0.09929812357036792,same_historical_income_group,10,10
CUB,2021,0.10634446822759984,same_historical_income_group,10,10
CUW,2021,0.17970813399618632,same_historical_income_group,10,10
CXR,2021,0.2351730796552337,all_income_groups,10,10
CYM,2021,0.26383957674823244,same_historical_income_group,10,10
CYP,2021,0.21517860716717735,same_historical_income_group,10,10
CZE,2021,0.2159947454375853,same_historical_income_group,10,10
DJI,2021,0.06028100214040739,all_income_groups,10,10
DMA,2021,0.09086518940690197,same_historical_income_group,10,10
DOM,2021,0.04346464399245202,same_historical_income_group,10,10
DZA,2021,0.13170038336370296,same_historical_income_group,10,10
ECU,2021,0.0962187904507672,same_historical_income_group,10,10
ERI,2021,0.10604723417207856,all_income_groups,10,10
EST,2021,0.18814031704289041,same_historical_income_group,10,10
ETH,2021,0.13330950639461664,all_income_groups,10,10
FJI,2021,0.09332031659402217,same_historical_income_group,10,10
FLK,2021,0.14896184255874265,all_income_groups,10,10
FRO,2021,0.2451183136507635,same_historical_income_group,10,10
FSM,2021,0.052550578361657135,all_income_groups,10,10
GAB,2021,0.1475902734619086,same_historical_income_group,10,10
GEO,2021,0.05719248695608968,all_income_groups,10,10
GHA,2021,0.10407774096658691,all_income_groups,10,10
GIB,2021,0.16874385741526826,same_historical_income_group,10,10
GIN,2021,0.14596501563711686,all_income_groups,10,10
GMB,2021,0.060058800832397244,all_income_groups,10,10
GNB,2021,0.1458191710043248,all_income_groups,10,10
GNQ,2021,0.12392931608828958,same_historical_income_group,10,10
GRC,2021,0.19285207079974878,same_historical_income_group,10,10
GRD,2021,0.09030624255845385,same_historical_income_group,10,10
GRL,2021,0.17261329439269074,same_historical_income_group,10,10
GTM,2021,0.032966333286234724,all_income_groups,10,10
GUM,2021,0.22934327794626627,same_historical_income_group,10,10
GUY,2021,0.12857220569654912,same_historical_income_group,10,10
HMD,2021,0.14192936180416155,all_income_groups,10,10
HND,2021,0.030079528369870556,all_income_groups,10,10
HRV,2021,0.1906459279872014,same_historical_income_group,10,10
HTI,2021,0.034510330345108926,all_income_groups,10,10
IRL,2021,0.19290727912037242,same_historical_income_group,10,10
IRN,2021,0.15179040877286532,same_historical_income_group,10,10
IRQ,2021,0.10535093638269015,same_historical_income_group,10,10
ISL,2021,0.24700046177168125,same_historical_income_group,10,10
JAM,2021,0.08308215500131182,same_historical_income_group,10,10
JOR,2021,0.10306887541851487,same_historical_income_group,10,10
KAZ,2021,0.17305559771149423,same_historical_income_group,10,10
KEN,2021,0.06582154310476847,all_income_groups,10,10
KGZ,2021,0.06699979545379559,all_income_groups,10,10
KHM,2021,0.06964279150417516,all_income_groups,10,10
KIR,2021,0.057038332576943816,all_income_groups,10,10
KNA,2021,0.16921060939859886,same_historical_income_group,10,10
KWT,2021,0.15249260162165887,same_historical_income_group,10,10
LAO,2021,0.05881399152573425,all_income_groups,10,10
LBN,2021,0.11520947307854422,same_historical_income_group,10,10
LBR,2021,0.15116483698372335,all_income_groups,10,10
LBY,2021,0.13181275922889246,same_historical_income_group,10,10
LCA,2021,0.092352708402277,same_historical_income_group,10,10
LKA,2021,0.03382373293642948,all_income_groups,10,10
LSO,2021,0.1406959614061812,all_income_groups,10,10
LTU,2021,0.18499739992590483,same_historical_income_group,10,10
LUX,2021,0.15960878498056946,same_historical_income_group,10,10
LVA,2021,0.19127247319116178,same_historical_income_group,10,10
MAC,2021,0.23816365284175411,same_historical_income_group,10,10
MAR,2021,0.06620243858380358,all_income_groups,10,10
MDA,2021,0.07944141334829632,all_income_groups,10,10
MDG,2021,0.06281129523538914,all_income_groups,10,10
MDV,2021,0.11483674982748704,same_historical_income_group,10,10
MHL,2021,0.04649125097831503,same_historical_income_group,10,10
MKD,2021,0.11193309136827932,same_historical_income_group,10,10
MLI,2021,0.14198394548148666,all_income_groups,10,10
MLT,2021,0.23742661853822153,same_historical_income_group,10,10
MMR,2021,0.05888065352962168,all_income_groups,10,10
MNE,2021,0.10882379925458721,same_historical_income_group,10,10
MNG,2021,0.10603414761376793,all_income_groups,10,10
MNP,2021,0.18709783354482593,same_historical_income_group,10,10
MOZ,2021,0.15067774360307967,all_income_groups,10,10
MRT,2021,0.12714561657422543,all_income_groups,10,10
MSR,2021,0.21200455842584304,all_income_groups,10,10
MUS,2021,0.10701348322837462,same_historical_income_group,10,10
MWI,2021,0.13568925330298778,all_income_groups,10,10
NAM,2021,0.1109925024984594,same_historical_income_group,10,10
NCL,2021,0.17953883116978017,same_historical_income_group,10,10
NER,2021,0.1399902896295349,all_income_groups,10,10
NFK,2021,0.2672021527272962,all_income_groups,10,10
NGA,2021,0.0588245650975236,all_income_groups,10,10
NIC,2021,0.05193303681276544,all_income_groups,10,10
NIU,2021,0.2612003120186448,all_income_groups,10,10
NPL,2021,0.07408360646358728,all_income_groups,10,10
NRU,2021,0.11276456259091258,same_historical_income_group,10,10
NZL,2021,0.22013095034501332,same_historical_income_group,10,10
OMN,2021,0.13486521594695317,same_historical_income_group,10,10
PAK,2021,0.060121949099114606,all_income_groups,10,10
PAN,2021,0.1049091435294367,same_historical_income_group,10,10
PCN,2021,0.22391035333267906,all_income_groups,10,10
PLW,2021,0.16149481787414469,same_historical_income_group,10,10
PNG,2021,0.11539584619002755,all_income_groups,10,10
PRK,2021,0.04129468113432037,all_income_groups,10,10
PRY,2021,0.10612125946043063,same_historical_income_group,10,10
PSE,2021,0.08904306361164042,all_income_groups,10,10
PYF,2021,0.1635882314494451,same_historical_income_group,10,10
QAT,2021,0.24971389857692272,same_historical_income_group,10,10
ROU,2021,0.11046245109614113,same_historical_income_group,10,10
RWA,2021,0.0630140206806728,all_income_groups,10,10
SDN,2021,0.05706083613744859,all_income_groups,10,10
SEN,2021,0.05969200839617753,all_income_groups,10,10
SGP,2021,0.19397742999159553,same_historical_income_group,10,10
SGS,2021,0.16287397403448495,all_income_groups,10,10
SHN,2021,0.2906373819262973,all_income_groups,10,10
SLB,2021,0.11380280938510838,all_income_groups,10,10
SLE,2021,0.15308515989700422,all_income_groups,10,10
SLV,2021,0.04930528043528345,all_income_groups,10,10
SMR,2021,0.1871571763193255,same_historical_income_group,10,10
SOM,2021,0.151905930729326,all_income_groups,10,10
SPM,2021,0.20452640818759626,all_income_groups,10,10
SRB,2021,0.10809436276375076,same_historical_income_group,10,10
SSD,2021,0.10318617633772569,all_income_groups,10,10
STP,2021,0.15416806728798527,all_income_groups,10,10
SUR,2021,0.14457869381233357,same_historical_income_group,10,10
SVK,2021,0.18237963537573904,same_historical_income_group,10,10
SVN,2021,0.22076580873224694,same_historical_income_group,10,10
SWZ,2021,0.16403398835643032,all_income_groups,10,10
SXM,2021,0.2346713309317075,same_historical_income_group,10,10
SYC,2021,0.22909566743748846,same_historical_income_group,10,10
SYR,2021,0.07212446736172956,all_income_groups,10,10
TCA,2021,0.23628115331902622,same_historical_income_group,10,10
TCD,2021,0.11159563065100228,all_income_groups,10,10
TGO,2021,0.13699192990294146,all_income_groups,10,10
TJK,2021,0.059492348426992046,all_income_groups,10,10
TKL,2021,0.2177781338290222,all_income_groups,10,10
TKM,2021,0.11661902141366516,same_historical_income_group,10,10
TLS,2021,0.11912089882738064,all_income_groups,10,10
TON,2021,0.044985670440024404,same_historical_income_group,10,10
TTO,2021,0.13377984805700363,same_historical_income_group,10,10
TUV,2021,0.10674471833443921,same_historical_income_group,10,10
TZA,2021,0.06168293825126378,all_income_groups,10,10
UGA,2021,0.15178819885224787,all_income_groups,10,10
URY,2021,0.20887182017917144,same_historical_income_group,10,10
UZB,2021,0.14491580655245911,all_income_groups,10,10
VAT,2021,0.2112412098223836,all_income_groups,10,10
VCT,2021,0.09664398597695782,same_historical_income_group,10,10
VGB,2021,0.18379315842024088,same_historical_income_group,10,10
VUT,2021,0.060313705396966254,all_income_groups,10,10
WSM,2021,0.10139621104124592,same_historical_income_group,10,10
YEM,2021,0.0572793118576524,all_income_groups,10,10
ZMB,2021,0.14731592887360576,all_income_groups,10,10
ZWE,2021,0.13080209885802793,all_income_groups,10,10
ABW,2022,0.5135147404000252,same_historical_income_group,10,10
AFG,2022,0.4231096346402808,all_income_groups,10,10
AGO,2022,0.3307663277428866,all_income_groups,10,10
AIA,2022,0.1144475039210154,all_income_groups,10,10
ALB,2022,0.3649283045991494,same_historical_income_group,10,10
AND,2022,0.503872758001476,same_historical_income_group,10,10
ARE,2022,0.504593890951826,same_historical_income_group,10,10
ARM,2022,0.46757904995903504,all_income_groups,10,10
ASM,2022,0.3865360615459783,same_historical_income_group,10,10
ATA,2022,1.1383253459951066,all_income_groups,10,10
ATF,2022,0.8986106244197926,all_income_groups,10,10
ATG,2022,0.3261680730275941,same_historical_income_group,10,10
AUT,2022,0.5681354525707591,same_historical_income_group,10,10
AZE,2022,0.5251197469609918,same_historical_income_group,10,10
BDI,2022,0.7885626009484394,all_income_groups,10,10
BEN,2022,0.34909470673355125,all_income_groups,10,10
BES,2022,1.127817021288387,all_income_groups,10,10
BFA,2022,0.7650562628463448,all_income_groups,10,10
BGD,2022,0.3720409379196917,all_income_groups,10,10
BGR,2022,0.34446731147582527,same_historical_income_group,10,10
BHR,2022,0.3465668177159052,same_historical_income_group,10,10
BHS,2022,0.5868179629455241,same_historical_income_group,10,10
BIH,2022,0.3748794676787365,same_historical_income_group,10,10
BLM,2022,1.1001910439787526,all_income_groups,10,10
BLR,2022,0.37319256942256607,same_historical_income_group,10,10
BLZ,2022,0.08049702479552498,same_historical_income_group,10,10
BMU,2022,0.5572946063102097,same_historical_income_group,10,10
BOL,2022,0.36431024436121007,all_income_groups,10,10
BRB,2022,0.3052269337810552,same_historical_income_group,10,10
BRN,2022,0.42322498498048594,same_historical_income_group,10,10
BTN,2022,0.7659534204808549,all_income_groups,10,10
BVT,2022,1.1156187586815445,all_income_groups,10,10
BWA,2022,0.38321133264486684,same_historical_income_group,10,10
CAF,2022,0.8129029387178078,all_income_groups,10,10
CCK,2022,0.8060950215998063,all_income_groups,10,10
CIV,2022,0.3913959809145449,all_income_groups,10,10
CMR,2022,0.6864566791176362,all_income_groups,10,10
COD,2022,0.7119823221004901,all_income_groups,10,10
COG,2022,0.6996719487222952,all_income_groups,10,10
COK,2022,0.8843144358777932,all_income_groups,10,10
COM,2022,0.4326610649425412,all_income_groups,10,10
CPV,2022,0.8658889259775281,all_income_groups,10,10
CRI,2022,0.33317711073789674,same_historical_income_group,10,10
CUB,2022,0.3712806618903009,same_historical_income_group,10,10
CUW,2022,0.41822454076726984,same_historical_income_group,10,10
CXR,2022,1.154684463899016,all_income_groups,10,10
CYM,2022,0.5677300993895245,same_historical_income_group,10,10
CYP,2022,0.49835066523989996,same_historical_income_group,10,10
CZE,2022,0.5114427118118279,same_historical_income_group,10,10
DJI,2022,0.39233755222681443,all_income_groups,10,10
DMA,2022,0.29828215365795985,same_historical_income_group,10,10
DOM,2022,0.07964647401159021,same_historical_income_group,10,10
DZA,2022,0.5058882341624763,same_historical_income_group,10,10
ECU,2022,0.35420726559891463,same_historical_income_group,10,10
ERI,2022,0.3636968399064134,all_income_groups,10,10
EST,2022,0.48602275802943706,same_historical_income_group,10,10
ETH,2022,0.6900938548509107,all_income_groups,10,10
FJI,2022,0.3072110698591809,same_historical_income_group,10,10
FLK,2022,0.7477198248076184,all_income_groups,10,10
FRO,2022,0.513596857793955,same_historical_income_group,10,10
FSM,2022,0.35663416484766236,all_income_groups,10,10
GAB,2022,0.5798365633578821,same_historical_income_group,10,10
GEO,2022,0.42826236365618225,all_income_groups,10,10
GHA,2022,0.3924111601203289,all_income_groups,10,10
GIB,2022,0.3741876292925119,same_historical_income_group,10,10
GIN,2022,0.7248224899111516,all_income_groups,10,10
GMB,2022,0.3617883337773826,all_income_groups,10,10
GNB,2022,0.748983047573681,all_income_groups,10,10
GNQ,2022,0.4681054019342544,same_historical_income_group,10,10
GRC,2022,0.4527566954364119,same_historical_income_group,10,10
GRD,2022,0.29651985181340257,same_historical_income_group,10,10
GRL,2022,0.3576452065017729,same_historical_income_group,10,10
GTM,2022,0.058426626884638865,all_income_groups,10,10
GUM,2022,0.5115632607913201,same_historical_income_group,10,10
GUY,2022,0.4945743684566675,same_historical_income_group,10,10
HMD,2022,0.2594333997956261,all_income_groups,10,10
HND,2022,0.05557350728712123,all_income_groups,10,10
HRV,2022,0.4753333674470102,same_historical_income_group,10,10
HTI,2022,0.062210571982336545,all_income_groups,10,10
IRL,2022,0.42535440162465943,same_historical_income_group,10,10
IRN,2022,0.5975427025684096,same_historical_income_group,10,10
IRQ,2022,0.37730922659642496,same_historical_income_group,10,10
ISL,2022,0.539728948200193,same_historical_income_group,10,10
JAM,2022,0.2903458556817501,same_historical_income_group,10,10
JOR,2022,0.3464158694920588,same_historical_income_group,10,10
KAZ,2022,0.6999713496469022,same_historical_income_group,10,10
KEN,2022,0.3767325631243613,all_income_groups,10,10
KGZ,2022,0.3709188990370879,all_income_groups,10,10
KHM,2022,0.465836973537279,all_income_groups,10,10
KIR,2022,0.41863547080077224,all_income_groups,10,10
KNA,2022,0.3306850280491308,same_historical_income_group,10,10
KWT,2022,0.310588453836666,same_historical_income_group,10,10
LAO,2022,0.36181509575588994,all_income_groups,10,10
LBN,2022,0.37075939503444033,same_historical_income_group,10,10
LBR,2022,0.7407513624382581,all_income_groups,10,10
LBY,2022,0.5046400541943974,same_historical_income_group,10,10
LCA,2022,0.3022132381613559,same_historical_income_group,10,10
LKA,2022,0.058692219298115085,all_income_groups,10,10
LSO,2022,0.776280169254409,all_income_groups,10,10
LTU,2022,0.469494802341052,same_historical_income_group,10,10
LUX,2022,0.3464569614267695,same_historical_income_group,10,10
LVA,2022,0.4862023586359196,same_historical_income_group,10,10
MAC,2022,0.4732748750934271,same_historical_income_group,10,10
MAR,2022,0.4474534305391055,all_income_groups,10,10
MDA,2022,0.5565061414699741,all_income_groups,10,10
MDG,2022,0.38594570118701416,all_income_groups,10,10
MDV,2022,0.3989820385851687,same_historical_income_group,10,10
MHL,2022,0.08275105867700093,same_historical_income_group,10,10
MKD,2022,0.3816380716149346,same_historical_income_group,10,10
MLI,2022,0.7852644290498583,all_income_groups,10,10
MLT,2022,0.5334077229158674,same_historical_income_group,10,10
MMR,2022,0.3438168912340648,all_income_groups,10,10
MNE,2022,0.3689073744524457,same_historical_income_group,10,10
MNG,2022,0.3727874040273833,all_income_groups,10,10
MNP,2022,0.488212189052081,same_historical_income_group,10,10
MOZ,2022,0.7588647711970457,all_income_groups,10,10
MRT,2022,0.6621417371920307,all_income_groups,10,10
MSR,2022,0.8914589609278171,all_income_groups,10,10
MUS,2022,0.36097612980651356,same_historical_income_group,10,10
MWI,2022,0.743366671766497,all_income_groups,10,10
NAM,2022,0.3871484684539507,same_historical_income_group,10,10
NCL,2022,0.3976577393546514,same_historical_income_group,10,10
NER,2022,0.7689209838504081,all_income_groups,10,10
NFK,2022,1.2027705734322254,all_income_groups,10,10
NGA,2022,0.3617778687495351,all_income_groups,10,10
NIC,2022,0.33018696670168723,all_income_groups,10,10
NIU,2022,1.1339754472713193,all_income_groups,10,10
NPL,2022,0.4975467137260218,all_income_groups,10,10
NRU,2022,0.3809809778227452,same_historical_income_group,10,10
NZL,2022,0.44744902208406456,same_historical_income_group,10,10
OMN,2022,0.2816850145344414,same_historical_income_group,10,10
PAK,2022,0.3726396866182859,all_income_groups,10,10
PAN,2022,0.3421131419118674,same_historical_income_group,10,10
PCN,2022,1.0767062420945872,all_income_groups,10,10
PLW,2022,0.37593023174740325,same_historical_income_group,10,10
PNG,2022,0.40833017167472724,all_income_groups,10,10
PRK,2022,0.06832754402025244,all_income_groups,10,10
PRY,2022,0.37733015266209186,same_historical_income_group,10,10
PSE,2022,0.55236722830921,all_income_groups,10,10
PYF,2022,0.38317577260672364,same_historical_income_group,10,10
QAT,2022,0.5162329673778729,same_historical_income_group,10,10
ROU,2022,0.36284546635425846,same_historical_income_group,10,10
RWA,2022,0.4220964526391964,all_income_groups,10,10
SDN,2022,0.36713425987036685,all_income_groups,10,10
SEN,2022,0.3893139066730939,all_income_groups,10,10
SGP,2022,0.4047196970382927,same_historical_income_group,10,10
SGS,2022,0.8303501514947316,all_income_groups,10,10
SHN,2022,1.1966717553034738,all_income_groups,10,10
SLB,2022,0.40002767368775527,all_income_groups,10,10
SLE,2022,0.792633635884209,all_income_groups,10,10
SLV,2022,0.2990256257046597,all_income_groups,10,10
SMR,2022,0.41820864484914533,same_historical_income_group,10,10
SOM,2022,0.7554800659763452,all_income_groups,10,10
SPM,2022,1.0619982926054665,all_income_groups,10,10
SRB,2022,0.3505184235469389,same_historical_income_group,10,10
SSD,2022,0.37824518499005494,all_income_groups,10,10
STP,2022,0.9980205275682409,all_income_groups,10,10
SUR,2022,0.5681883083228775,same_historical_income_group,10,10
SVK,2022,0.4485748223165554,same_historical_income_group,10,10
SVN,2022,0.5092122377958916,same_historical_income_group,10,10
SWZ,2022,0.9943033507287479,all_income_groups,10,10
SXM,2022,0.4340929814080761,same_historical_income_group,10,10
SYC,2022,0.5517349699231494,same_historical_income_group,10,10
SYR,2022,0.4709495583002597,all_income_groups,10,10
TCA,2022,0.43385336900954286,same_historical_income_group,10,10
TCD,2022,0.3937428115870231,all_income_groups,10,10
TGO,2022,0.7289092059481056,all_income_groups,10,10
TJK,2022,0.35569516845081145,all_income_groups,10,10
TKL,2022,1.2139014150803134,all_income_groups,10,10
TKM,2022,0.43528731501974954,same_historical_income_group,10,10
TLS,2022,0.3625011107898167,all_income_groups,10,10
TON,2022,0.08235858843766013,same_historical_income_group,10,10
TTO,2022,0.2716265789658562,same_historical_income_group,10,10
TUV,2022,0.3625495968297249,same_historical_income_group,10,10
TZA,2022,0.3694694577266074,all_income_groups,10,10
UGA,2022,0.786022952675963,all_income_groups,10,10
URY,2022,0.47427021516101486,same_historical_income_group,10,10
UZB,2022,0.7666377550167416,all_income_groups,10,10
VAT,2022,1.1297347687075234,all_income_groups,10,10
VCT,2022,0.3236705720556399,same_historical_income_group,10,10
VGB,2022,0.40767610902208723,same_historical_income_group,10,10
VUT,2022,0.3852021040727878,all_income_groups,10,10
WSM,2022,0.3375559923105036,same_historical_income_group,10,10
YEM,2022,0.36815360052777646,all_income_groups,10,10
ZMB,2022,0.778671644481839,all_income_groups,10,10
ZWE,2022,0.7170170992131013,all_income_groups,10,10
