tariff_list,hts8,hs6,source_notice
list1,28459000,284590,"83 FR 28710 (June 20, 2018)"
list1,40113000,401130,"83 FR 28710 (June 20, 2018)"
list1,40121300,401213,"83 FR 28710 (June 20, 2018)"
list1,84011000,840110,"83 FR 28710 (June 20, 2018)"
list1,84012000,840120,"83 FR 28710 (June 20, 2018)"
list1,84013000,840130,"83 FR 28710 (June 20, 2018)"
list1,84014000,840140,"83 FR 28710 (June 20, 2018)"
list1,84021100,840211,"83 FR 28710 (June 20, 2018)"
list1,84021200,840212,"83 FR 28710 (June 20, 2018)"
list1,84021900,840219,"83 FR 28710 (June 20, 2018)"
list1,84022000,840220,"83 FR 28710 (June 20, 2018)"
list1,84029000,840290,"83 FR 28710 (June 20, 2018)"
list1,84042000,840420,"83 FR 28710 (June 20, 2018)"
list1,84049000,840490,"83 FR 28710 (June 20, 2018)"
list1,84051000,840510,"83 FR 28710 (June 20, 2018)"
list1,84059000,840590,"83 FR 28710 (June 20, 2018)"
list1,84061010,840610,"83 FR 28710 (June 20, 2018)"
list1,84061090,840610,"83 FR 28710 (June 20, 2018)"
list1,84068190,840681,"83 FR 28710 (June 20, 2018)"
list1,84068290,840682,"83 FR 28710 (June 20, 2018)"
list1,84071000,840710,"83 FR 28710 (June 20, 2018)"
list1,84072100,840721,"83 FR 28710 (June 20, 2018)"
list1,84072900,840729,"83 FR 28710 (June 20, 2018)"
list1,84081000,840810,"83 FR 28710 (June 20, 2018)"
list1,84089010,840890,"83 FR 28710 (June 20, 2018)"
list1,84089090,840890,"83 FR 28710 (June 20, 2018)"
list1,84091000,840910,"83 FR 28710 (June 20, 2018)"
list1,84101100,841011,"83 FR 28710 (June 20, 2018)"
list1,84101200,841012,"83 FR 28710 (June 20, 2018)"
list1,84101300,841013,"83 FR 28710 (June 20, 2018)"
list1,84109000,841090,"83 FR 28710 (June 20, 2018)"
list1,84111140,841111,"83 FR 28710 (June 20, 2018)"
list1,84111180,841111,"83 FR 28710 (June 20, 2018)"
list1,84111240,841112,"83 FR 28710 (June 20, 2018)"
list1,84111280,841112,"83 FR 28710 (June 20, 2018)"
list1,84112140,841121,"83 FR 28710 (June 20, 2018)"
list1,84112180,841121,"83 FR 28710 (June 20, 2018)"
list1,84112240,841122,"83 FR 28710 (June 20, 2018)"
list1,84112280,841122,"83 FR 28710 (June 20, 2018)"
list1,84118140,841181,"83 FR 28710 (June 20, 2018)"
list1,84118180,841181,"83 FR 28710 (June 20, 2018)"
list1,84118240,841182,"83 FR 28710 (June 20, 2018)"
list1,84118280,841182,"83 FR 28710 (June 20, 2018)"
list1,84119110,841191,"83 FR 28710 (June 20, 2018)"
list1,84119190,841191,"83 FR 28710 (June 20, 2018)"
list1,84119910,841199,"83 FR 28710 (June 20, 2018)"
list1,84119990,841199,"83 FR 28710 (June 20, 2018)"
list1,84121000,841210,"83 FR 28710 (June 20, 2018)"
list1,84122100,841221,"83 FR 28710 (June 20, 2018)"
list1,84122940,841229,"83 FR 28710 (June 20, 2018)"
list1,84122980,841229,"83 FR 28710 (June 20, 2018)"
list1,84123100,841231,"83 FR 28710 (June 20, 2018)"
list1,84123900,841239,"83 FR 28710 (June 20, 2018)"
list1,84128010,841280,"83 FR 28710 (June 20, 2018)"
list1,84128090,841280,"83 FR 28710 (June 20, 2018)"
list1,84129010,841290,"83 FR 28710 (June 20, 2018)"
list1,84131900,841319,"83 FR 28710 (June 20, 2018)"
list1,84134000,841340,"83 FR 28710 (June 20, 2018)"
list1,84135000,841350,"83 FR 28710 (June 20, 2018)"
list1,84136000,841360,"83 FR 28710 (June 20, 2018)"
list1,84137010,841370,"83 FR 28710 (June 20, 2018)"
list1,84137020,841370,"83 FR 28710 (June 20, 2018)"
list1,84138100,841381,"83 FR 28710 (June 20, 2018)"
list1,84138200,841382,"83 FR 28710 (June 20, 2018)"
list1,84139110,841391,"83 FR 28710 (June 20, 2018)"
list1,84139120,841391,"83 FR 28710 (June 20, 2018)"
list1,84139190,841391,"83 FR 28710 (June 20, 2018)"
list1,84143040,841430,"83 FR 28710 (June 20, 2018)"
list1,84143080,841430,"83 FR 28710 (June 20, 2018)"
list1,84145930,841459,"83 FR 28710 (June 20, 2018)"
list1,84148005,841480,"83 FR 28710 (June 20, 2018)"
list1,84148020,841480,"83 FR 28710 (June 20, 2018)"
list1,84149030,841490,"83 FR 28710 (June 20, 2018)"
list1,84149041,841490,"83 FR 28710 (June 20, 2018)"
list1,84149090,841490,"83 FR 28710 (June 20, 2018)"
list1,84169000,841690,"83 FR 28710 (June 20, 2018)"
list1,84171000,841710,"83 FR 28710 (June 20, 2018)"
list1,84178000,841780,"83 FR 28710 (June 20, 2018)"
list1,84179000,841790,"83 FR 28710 (June 20, 2018)"
list1,84186901,841869,"83 FR 28710 (June 20, 2018)"
list1,84191100,841911,"83 FR 28710 (June 20, 2018)"
list1,84191900,841919,"83 FR 28710 (June 20, 2018)"
list1,84193100,841931,"83 FR 28710 (June 20, 2018)"
list1,84193210,841932,"83 FR 28710 (June 20, 2018)"
list1,84193250,841932,"83 FR 28710 (June 20, 2018)"
list1,84193901,841939,"83 FR 28710 (June 20, 2018)"
list1,84194000,841940,"83 FR 28710 (June 20, 2018)"
list1,84195010,841950,"83 FR 28710 (June 20, 2018)"
list1,84195050,841950,"83 FR 28710 (June 20, 2018)"
list1,84196050,841960,"83 FR 28710 (June 20, 2018)"
list1,84198960,841989,"83 FR 28710 (June 20, 2018)"
list1,84199010,841990,"83 FR 28710 (June 20, 2018)"
list1,84199020,841990,"83 FR 28710 (June 20, 2018)"
list1,84199030,841990,"83 FR 28710 (June 20, 2018)"
list1,84199050,841990,"83 FR 28710 (June 20, 2018)"
list1,84199085,841990,"83 FR 28710 (June 20, 2018)"
list1,84199095,841990,"83 FR 28710 (June 20, 2018)"
list1,84201090,842010,"83 FR 28710 (June 20, 2018)"
list1,84209110,842091,"83 FR 28710 (June 20, 2018)"
list1,84209120,842091,"83 FR 28710 (June 20, 2018)"
list1,84209190,842091,"83 FR 28710 (June 20, 2018)"
list1,84209920,842099,"83 FR 28710 (June 20, 2018)"
list1,84209990,842099,"83 FR 28710 (June 20, 2018)"
list1,84211900,842119,"83 FR 28710 (June 20, 2018)"
list1,84212100,842121,"83 FR 28710 (June 20, 2018)"
list1,84212200,842122,"83 FR 28710 (June 20, 2018)"
list1,84212900,842129,"83 FR 28710 (June 20, 2018)"
list1,84213940,842139,"83 FR 28710 (June 20, 2018)"
list1,84213980,842139,"83 FR 28710 (June 20, 2018)"
list1,84219160,842191,"83 FR 28710 (June 20, 2018)"
list1,84219900,842199,"83 FR 28710 (June 20, 2018)"
list1,84221900,842219,"83 FR 28710 (June 20, 2018)"
list1,84222000,842220,"83 FR 28710 (June 20, 2018)"
list1,84223011,842230,"83 FR 28710 (June 20, 2018)"
list1,84223091,842230,"83 FR 28710 (June 20, 2018)"
list1,84224011,842240,"83 FR 28710 (June 20, 2018)"
list1,84224091,842240,"83 FR 28710 (June 20, 2018)"
list1,84229006,842290,"83 FR 28710 (June 20, 2018)"
list1,84229091,842290,"83 FR 28710 (June 20, 2018)"
list1,84232010,842320,"83 FR 28710 (June 20, 2018)"
list1,84232090,842320,"83 FR 28710 (June 20, 2018)"
list1,84233000,842330,"83 FR 28710 (June 20, 2018)"
list1,84238200,842382,"83 FR 28710 (June 20, 2018)"
list1,84238910,842389,"83 FR 28710 (June 20, 2018)"
list1,84238990,842389,"83 FR 28710 (June 20, 2018)"
list1,84239010,842390,"83 FR 28710 (June 20, 2018)"
list1,84239090,842390,"83 FR 28710 (June 20, 2018)"
list1,84248910,842489,"83 FR 28710 (June 20, 2018)"
list1,84249020,842490,"83 FR 28710 (June 20, 2018)"
list1,84251100,842511,"83 FR 28710 (June 20, 2018)"
list1,84253901,842539,"83 FR 28710 (June 20, 2018)"
list1,84264100,842641,"83 FR 28710 (June 20, 2018)"
list1,84264900,842649,"83 FR 28710 (June 20, 2018)"
list1,84269900,842699,"83 FR 28710 (June 20, 2018)"
list1,84271040,842710,"83 FR 28710 (June 20, 2018)"
list1,84271080,842710,"83 FR 28710 (June 20, 2018)"
list1,84272040,842720,"83 FR 28710 (June 20, 2018)"
list1,84272080,842720,"83 FR 28710 (June 20, 2018)"
list1,84282000,842820,"83 FR 28710 (June 20, 2018)"
list1,84283100,842831,"83 FR 28710 (June 20, 2018)"
list1,84283200,842832,"83 FR 28710 (June 20, 2018)"
list1,84283300,842833,"83 FR 28710 (June 20, 2018)"
list1,84283900,842839,"83 FR 28710 (June 20, 2018)"
list1,84289002,842890,"83 FR 28710 (June 20, 2018)"
list1,84291100,842911,"83 FR 28710 (June 20, 2018)"
list1,84291900,842919,"83 FR 28710 (June 20, 2018)"
list1,84292000,842920,"83 FR 28710 (June 20, 2018)"
list1,84293000,842930,"83 FR 28710 (June 20, 2018)"
list1,84294000,842940,"83 FR 28710 (June 20, 2018)"
list1,84295110,842951,"83 FR 28710 (June 20, 2018)"
list1,84295150,842951,"83 FR 28710 (June 20, 2018)"
list1,84295210,842952,"83 FR 28710 (June 20, 2018)"
list1,84295250,842952,"83 FR 28710 (June 20, 2018)"
list1,84295910,842959,"83 FR 28710 (June 20, 2018)"
list1,84295950,842959,"83 FR 28710 (June 20, 2018)"
list1,84301000,843010,"83 FR 28710 (June 20, 2018)"
list1,84303100,843031,"83 FR 28710 (June 20, 2018)"
list1,84303900,843039,"83 FR 28710 (June 20, 2018)"
list1,84304100,843041,"83 FR 28710 (June 20, 2018)"
list1,84304980,843049,"83 FR 28710 (June 20, 2018)"
list1,84305050,843050,"83 FR 28710 (June 20, 2018)"
list1,84306100,843061,"83 FR 28710 (June 20, 2018)"
list1,84306901,843069,"83 FR 28710 (June 20, 2018)"
list1,84311000,843110,"83 FR 28710 (June 20, 2018)"
list1,84312000,843120,"83 FR 28710 (June 20, 2018)"
list1,84313100,843131,"83 FR 28710 (June 20, 2018)"
list1,84313900,843139,"83 FR 28710 (June 20, 2018)"
list1,84314100,843141,"83 FR 28710 (June 20, 2018)"
list1,84314200,843142,"83 FR 28710 (June 20, 2018)"
list1,84314340,843143,"83 FR 28710 (June 20, 2018)"
list1,84314380,843143,"83 FR 28710 (June 20, 2018)"
list1,84314910,843149,"83 FR 28710 (June 20, 2018)"
list1,84314990,843149,"83 FR 28710 (June 20, 2018)"
list1,84321000,843210,"83 FR 28710 (June 20, 2018)"
list1,84322100,843221,"83 FR 28710 (June 20, 2018)"
list1,84328000,843280,"83 FR 28710 (June 20, 2018)"
list1,84329000,843290,"83 FR 28710 (June 20, 2018)"
list1,84332000,843320,"83 FR 28710 (June 20, 2018)"
list1,84333000,843330,"83 FR 28710 (June 20, 2018)"
list1,84334000,843340,"83 FR 28710 (June 20, 2018)"
list1,84335100,843351,"83 FR 28710 (June 20, 2018)"
list1,84335200,843352,"83 FR 28710 (June 20, 2018)"
list1,84335300,843353,"83 FR 28710 (June 20, 2018)"
list1,84335900,843359,"83 FR 28710 (June 20, 2018)"
list1,84336000,843360,"83 FR 28710 (June 20, 2018)"
list1,84339050,843390,"83 FR 28710 (June 20, 2018)"
list1,84342000,843420,"83 FR 28710 (June 20, 2018)"
list1,84349000,843490,"83 FR 28710 (June 20, 2018)"
list1,84361000,843610,"83 FR 28710 (June 20, 2018)"
list1,84362100,843621,"83 FR 28710 (June 20, 2018)"
list1,84362900,843629,"83 FR 28710 (June 20, 2018)"
list1,84368000,843680,"83 FR 28710 (June 20, 2018)"
list1,84369100,843691,"83 FR 28710 (June 20, 2018)"
list1,84369900,843699,"83 FR 28710 (June 20, 2018)"
list1,84371000,843710,"83 FR 28710 (June 20, 2018)"
list1,84378000,843780,"83 FR 28710 (June 20, 2018)"
list1,84379000,843790,"83 FR 28710 (June 20, 2018)"
list1,84385000,843850,"83 FR 28710 (June 20, 2018)"
list1,84386000,843860,"83 FR 28710 (June 20, 2018)"
list1,84388000,843880,"83 FR 28710 (June 20, 2018)"
list1,84389090,843890,"83 FR 28710 (June 20, 2018)"
list1,84391000,843910,"83 FR 28710 (June 20, 2018)"
list1,84392000,843920,"83 FR 28710 (June 20, 2018)"
list1,84393000,843930,"83 FR 28710 (June 20, 2018)"
list1,84399110,843991,"83 FR 28710 (June 20, 2018)"
list1,84399190,843991,"83 FR 28710 (June 20, 2018)"
list1,84399910,843999,"83 FR 28710 (June 20, 2018)"
list1,84399950,843999,"83 FR 28710 (June 20, 2018)"
list1,84412000,844120,"83 FR 28710 (June 20, 2018)"
list1,84413000,844130,"83 FR 28710 (June 20, 2018)"
list1,84414000,844140,"83 FR 28710 (June 20, 2018)"
list1,84418000,844180,"83 FR 28710 (June 20, 2018)"
list1,84419000,844190,"83 FR 28710 (June 20, 2018)"
list1,84423001,844230,"83 FR 28710 (June 20, 2018)"
list1,84424000,844240,"83 FR 28710 (June 20, 2018)"
list1,84431110,844311,"83 FR 28710 (June 20, 2018)"
list1,84431150,844311,"83 FR 28710 (June 20, 2018)"
list1,84431200,844312,"83 FR 28710 (June 20, 2018)"
list1,84431300,844313,"83 FR 28710 (June 20, 2018)"
list1,84431400,844314,"83 FR 28710 (June 20, 2018)"
list1,84431700,844317,"83 FR 28710 (June 20, 2018)"
list1,84431930,844319,"83 FR 28710 (June 20, 2018)"
list1,84439110,844391,"83 FR 28710 (June 20, 2018)"
list1,84439920,844399,"83 FR 28710 (June 20, 2018)"
list1,84439945,844399,"83 FR 28710 (June 20, 2018)"
list1,84440000,844400,"83 FR 28710 (June 20, 2018)"
list1,84541000,845410,"83 FR 28710 (June 20, 2018)"
list1,84543000,845430,"83 FR 28710 (June 20, 2018)"
list1,84549000,845490,"83 FR 28710 (June 20, 2018)"
list1,84551000,845510,"83 FR 28710 (June 20, 2018)"
list1,84552100,845521,"83 FR 28710 (June 20, 2018)"
list1,84552200,845522,"83 FR 28710 (June 20, 2018)"
list1,84553000,845530,"83 FR 28710 (June 20, 2018)"
list1,84559080,845590,"83 FR 28710 (June 20, 2018)"
list1,84561110,845611,"83 FR 28710 (June 20, 2018)"
list1,84561170,845611,"83 FR 28710 (June 20, 2018)"
list1,84561190,845611,"83 FR 28710 (June 20, 2018)"
list1,84561210,845612,"83 FR 28710 (June 20, 2018)"
list1,84561270,845612,"83 FR 28710 (June 20, 2018)"
list1,84561290,845612,"83 FR 28710 (June 20, 2018)"
list1,84562010,845620,"83 FR 28710 (June 20, 2018)"
list1,84562050,845620,"83 FR 28710 (June 20, 2018)"
list1,84563010,845630,"83 FR 28710 (June 20, 2018)"
list1,84563050,845630,"83 FR 28710 (June 20, 2018)"
list1,84564010,845640,"83 FR 28710 (June 20, 2018)"
list1,84564090,845640,"83 FR 28710 (June 20, 2018)"
list1,84565000,845650,"83 FR 28710 (June 20, 2018)"
list1,84569031,845690,"83 FR 28710 (June 20, 2018)"
list1,84569071,845690,"83 FR 28710 (June 20, 2018)"
list1,84571000,845710,"83 FR 28710 (June 20, 2018)"
list1,84572000,845720,"83 FR 28710 (June 20, 2018)"
list1,84573000,845730,"83 FR 28710 (June 20, 2018)"
list1,84581100,845811,"83 FR 28710 (June 20, 2018)"
list1,84581900,845819,"83 FR 28710 (June 20, 2018)"
list1,84589110,845891,"83 FR 28710 (June 20, 2018)"
list1,84589150,845891,"83 FR 28710 (June 20, 2018)"
list1,84589910,845899,"83 FR 28710 (June 20, 2018)"
list1,84589950,845899,"83 FR 28710 (June 20, 2018)"
list1,84591000,845910,"83 FR 28710 (June 20, 2018)"
list1,84592100,845921,"83 FR 28710 (June 20, 2018)"
list1,84593100,845931,"83 FR 28710 (June 20, 2018)"
list1,84593900,845939,"83 FR 28710 (June 20, 2018)"
list1,84594100,845941,"83 FR 28710 (June 20, 2018)"
list1,84594900,845949,"83 FR 28710 (June 20, 2018)"
list1,84595100,845951,"83 FR 28710 (June 20, 2018)"
list1,84596100,845961,"83 FR 28710 (June 20, 2018)"
list1,84596900,845969,"83 FR 28710 (June 20, 2018)"
list1,84597040,845970,"83 FR 28710 (June 20, 2018)"
list1,84597080,845970,"83 FR 28710 (June 20, 2018)"
list1,84601200,846012,"83 FR 28710 (June 20, 2018)"
list1,84601901,846019,"83 FR 28710 (June 20, 2018)"
list1,84602200,846022,"83 FR 28710 (June 20, 2018)"
list1,84602300,846023,"83 FR 28710 (June 20, 2018)"
list1,84602400,846024,"83 FR 28710 (June 20, 2018)"
list1,84602901,846029,"83 FR 28710 (June 20, 2018)"
list1,84603100,846031,"83 FR 28710 (June 20, 2018)"
list1,84604040,846040,"83 FR 28710 (June 20, 2018)"
list1,84604080,846040,"83 FR 28710 (June 20, 2018)"
list1,84609040,846090,"83 FR 28710 (June 20, 2018)"
list1,84609080,846090,"83 FR 28710 (June 20, 2018)"
list1,84612040,846120,"83 FR 28710 (June 20, 2018)"
list1,84612080,846120,"83 FR 28710 (June 20, 2018)"
list1,84613040,846130,"83 FR 28710 (June 20, 2018)"
list1,84613080,846130,"83 FR 28710 (June 20, 2018)"
list1,84614010,846140,"83 FR 28710 (June 20, 2018)"
list1,84614050,846140,"83 FR 28710 (June 20, 2018)"
list1,84615040,846150,"83 FR 28710 (June 20, 2018)"
list1,84619030,846190,"83 FR 28710 (June 20, 2018)"
list1,84619060,846190,"83 FR 28710 (June 20, 2018)"
list1,84621000,846210,"83 FR 28710 (June 20, 2018)"
list1,84622100,846221,"83 FR 28710 (June 20, 2018)"
list1,84622900,846229,"83 FR 28710 (June 20, 2018)"
list1,84623100,846231,"83 FR 28710 (June 20, 2018)"
list1,84623900,846239,"83 FR 28710 (June 20, 2018)"
list1,84624100,846241,"83 FR 28710 (June 20, 2018)"
list1,84624900,846249,"83 FR 28710 (June 20, 2018)"
list1,84629140,846291,"83 FR 28710 (June 20, 2018)"
list1,84629180,846291,"83 FR 28710 (June 20, 2018)"
list1,84629940,846299,"83 FR 28710 (June 20, 2018)"
list1,84629980,846299,"83 FR 28710 (June 20, 2018)"
list1,84631000,846310,"83 FR 28710 (June 20, 2018)"
list1,84632000,846320,"83 FR 28710 (June 20, 2018)"
list1,84633000,846330,"83 FR 28710 (June 20, 2018)"
list1,84639000,846390,"83 FR 28710 (June 20, 2018)"
list1,84642001,846420,"83 FR 28710 (June 20, 2018)"
list1,84649001,846490,"83 FR 28710 (June 20, 2018)"
list1,84651000,846510,"83 FR 28710 (June 20, 2018)"
list1,84659200,846592,"83 FR 28710 (June 20, 2018)"
list1,84659300,846593,"83 FR 28710 (June 20, 2018)"
list1,84659400,846594,"83 FR 28710 (June 20, 2018)"
list1,84659902,846599,"83 FR 28710 (June 20, 2018)"
list1,84661001,846610,"83 FR 28710 (June 20, 2018)"
list1,84662010,846620,"83 FR 28710 (June 20, 2018)"
list1,84662080,846620,"83 FR 28710 (June 20, 2018)"
list1,84663010,846630,"83 FR 28710 (June 20, 2018)"
list1,84663060,846630,"83 FR 28710 (June 20, 2018)"
list1,84669150,846691,"83 FR 28710 (June 20, 2018)"
list1,84669210,846692,"83 FR 28710 (June 20, 2018)"
list1,84669250,846692,"83 FR 28710 (June 20, 2018)"
list1,84669311,846693,"83 FR 28710 (June 20, 2018)"
list1,84669330,846693,"83 FR 28710 (June 20, 2018)"
list1,84669353,846693,"83 FR 28710 (June 20, 2018)"
list1,84669360,846693,"83 FR 28710 (June 20, 2018)"
list1,84669375,846693,"83 FR 28710 (June 20, 2018)"
list1,84669396,846693,"83 FR 28710 (June 20, 2018)"
list1,84669398,846693,"83 FR 28710 (June 20, 2018)"
list1,84669420,846694,"83 FR 28710 (June 20, 2018)"
list1,84669440,846694,"83 FR 28710 (June 20, 2018)"
list1,84669465,846694,"83 FR 28710 (June 20, 2018)"
list1,84669485,846694,"83 FR 28710 (June 20, 2018)"
list1,84671110,846711,"83 FR 28710 (June 20, 2018)"
list1,84671150,846711,"83 FR 28710 (June 20, 2018)"
list1,84682050,846820,"83 FR 28710 (June 20, 2018)"
list1,84688050,846880,"83 FR 28710 (June 20, 2018)"
list1,84717030,847170,"83 FR 28710 (June 20, 2018)"
list1,84717040,847170,"83 FR 28710 (June 20, 2018)"
list1,84717060,847170,"83 FR 28710 (June 20, 2018)"
list1,84717090,847170,"83 FR 28710 (June 20, 2018)"
list1,84733020,847330,"83 FR 28710 (June 20, 2018)"
list1,84734010,847340,"83 FR 28710 (June 20, 2018)"
list1,84734086,847340,"83 FR 28710 (June 20, 2018)"
list1,84735030,847350,"83 FR 28710 (June 20, 2018)"
list1,84741000,847410,"83 FR 28710 (June 20, 2018)"
list1,84742000,847420,"83 FR 28710 (June 20, 2018)"
list1,84743100,847431,"83 FR 28710 (June 20, 2018)"
list1,84743200,847432,"83 FR 28710 (June 20, 2018)"
list1,84743900,847439,"83 FR 28710 (June 20, 2018)"
list1,84748000,847480,"83 FR 28710 (June 20, 2018)"
list1,84749000,847490,"83 FR 28710 (June 20, 2018)"
list1,84751000,847510,"83 FR 28710 (June 20, 2018)"
list1,84752100,847521,"83 FR 28710 (June 20, 2018)"
list1,84759010,847590,"83 FR 28710 (June 20, 2018)"
list1,84759090,847590,"83 FR 28710 (June 20, 2018)"
list1,84771030,847710,"83 FR 28710 (June 20, 2018)"
list1,84771040,847710,"83 FR 28710 (June 20, 2018)"
list1,84771090,847710,"83 FR 28710 (June 20, 2018)"
list1,84772000,847720,"83 FR 28710 (June 20, 2018)"
list1,84773000,847730,"83 FR 28710 (June 20, 2018)"
list1,84774001,847740,"83 FR 28710 (June 20, 2018)"
list1,84775100,847751,"83 FR 28710 (June 20, 2018)"
list1,84778000,847780,"83 FR 28710 (June 20, 2018)"
list1,84779025,847790,"83 FR 28710 (June 20, 2018)"
list1,84779045,847790,"83 FR 28710 (June 20, 2018)"
list1,84779065,847790,"83 FR 28710 (June 20, 2018)"
list1,84779085,847790,"83 FR 28710 (June 20, 2018)"
list1,84791000,847910,"83 FR 28710 (June 20, 2018)"
list1,84792000,847920,"83 FR 28710 (June 20, 2018)"
list1,84793000,847930,"83 FR 28710 (June 20, 2018)"
list1,84794000,847940,"83 FR 28710 (June 20, 2018)"
list1,84795000,847950,"83 FR 28710 (June 20, 2018)"
list1,84798100,847981,"83 FR 28710 (June 20, 2018)"
list1,84798200,847982,"83 FR 28710 (June 20, 2018)"
list1,84798983,847989,"83 FR 28710 (June 20, 2018)"
list1,84798992,847989,"83 FR 28710 (June 20, 2018)"
list1,84799094,847990,"83 FR 28710 (June 20, 2018)"
list1,84802000,848020,"83 FR 28710 (June 20, 2018)"
list1,84803000,848030,"83 FR 28710 (June 20, 2018)"
list1,84804100,848041,"83 FR 28710 (June 20, 2018)"
list1,84804900,848049,"83 FR 28710 (June 20, 2018)"
list1,84805000,848050,"83 FR 28710 (June 20, 2018)"
list1,84807110,848071,"83 FR 28710 (June 20, 2018)"
list1,84807140,848071,"83 FR 28710 (June 20, 2018)"
list1,84807180,848071,"83 FR 28710 (June 20, 2018)"
list1,84811000,848110,"83 FR 28710 (June 20, 2018)"
list1,84812000,848120,"83 FR 28710 (June 20, 2018)"
list1,84813020,848130,"83 FR 28710 (June 20, 2018)"
list1,84813090,848130,"83 FR 28710 (June 20, 2018)"
list1,84814000,848140,"83 FR 28710 (June 20, 2018)"
list1,84819090,848190,"83 FR 28710 (June 20, 2018)"
list1,84821050,848210,"83 FR 28710 (June 20, 2018)"
list1,84822000,848220,"83 FR 28710 (June 20, 2018)"
list1,84823000,848230,"83 FR 28710 (June 20, 2018)"
list1,84824000,848240,"83 FR 28710 (June 20, 2018)"
list1,84825000,848250,"83 FR 28710 (June 20, 2018)"
list1,84828000,848280,"83 FR 28710 (June 20, 2018)"
list1,84829100,848291,"83 FR 28710 (June 20, 2018)"
list1,84829905,848299,"83 FR 28710 (June 20, 2018)"
list1,84829915,848299,"83 FR 28710 (June 20, 2018)"
list1,84829925,848299,"83 FR 28710 (June 20, 2018)"
list1,84829935,848299,"83 FR 28710 (June 20, 2018)"
list1,84829945,848299,"83 FR 28710 (June 20, 2018)"
list1,84829965,848299,"83 FR 28710 (June 20, 2018)"
list1,84833040,848330,"83 FR 28710 (June 20, 2018)"
list1,84834010,848340,"83 FR 28710 (June 20, 2018)"
list1,84834030,848340,"83 FR 28710 (June 20, 2018)"
list1,84834080,848340,"83 FR 28710 (June 20, 2018)"
list1,84834090,848340,"83 FR 28710 (June 20, 2018)"
list1,84835060,848350,"83 FR 28710 (June 20, 2018)"
list1,84835090,848350,"83 FR 28710 (June 20, 2018)"
list1,84836040,848360,"83 FR 28710 (June 20, 2018)"
list1,84839010,848390,"83 FR 28710 (June 20, 2018)"
list1,84839020,848390,"83 FR 28710 (June 20, 2018)"
list1,84839030,848390,"83 FR 28710 (June 20, 2018)"
list1,84839070,848390,"83 FR 28710 (June 20, 2018)"
list1,84839080,848390,"83 FR 28710 (June 20, 2018)"
list1,84841000,848410,"83 FR 28710 (June 20, 2018)"
list1,84842000,848420,"83 FR 28710 (June 20, 2018)"
list1,84849000,848490,"83 FR 28710 (June 20, 2018)"
list1,84871000,848710,"83 FR 28710 (June 20, 2018)"
list1,84879000,848790,"83 FR 28710 (June 20, 2018)"
list1,85011040,850110,"83 FR 28710 (June 20, 2018)"
list1,85012020,850120,"83 FR 28710 (June 20, 2018)"
list1,85012050,850120,"83 FR 28710 (June 20, 2018)"
list1,85012060,850120,"83 FR 28710 (June 20, 2018)"
list1,85013120,850131,"83 FR 28710 (June 20, 2018)"
list1,85013150,850131,"83 FR 28710 (June 20, 2018)"
list1,85013160,850131,"83 FR 28710 (June 20, 2018)"
list1,85013245,850132,"83 FR 28710 (June 20, 2018)"
list1,85013255,850132,"83 FR 28710 (June 20, 2018)"
list1,85013340,850133,"83 FR 28710 (June 20, 2018)"
list1,85013360,850133,"83 FR 28710 (June 20, 2018)"
list1,85013430,850134,"83 FR 28710 (June 20, 2018)"
list1,85013460,850134,"83 FR 28710 (June 20, 2018)"
list1,85015120,850151,"83 FR 28710 (June 20, 2018)"
list1,85015140,850151,"83 FR 28710 (June 20, 2018)"
list1,85015150,850151,"83 FR 28710 (June 20, 2018)"
list1,85015160,850151,"83 FR 28710 (June 20, 2018)"
list1,85015280,850152,"83 FR 28710 (June 20, 2018)"
list1,85015340,850153,"83 FR 28710 (June 20, 2018)"
list1,85015380,850153,"83 FR 28710 (June 20, 2018)"
list1,85016200,850162,"83 FR 28710 (June 20, 2018)"
list1,85016300,850163,"83 FR 28710 (June 20, 2018)"
list1,85016400,850164,"83 FR 28710 (June 20, 2018)"
list1,85021100,850211,"83 FR 28710 (June 20, 2018)"
list1,85021200,850212,"83 FR 28710 (June 20, 2018)"
list1,85021300,850213,"83 FR 28710 (June 20, 2018)"
list1,85023100,850231,"83 FR 28710 (June 20, 2018)"
list1,85023900,850239,"83 FR 28710 (June 20, 2018)"
list1,85024000,850240,"83 FR 28710 (June 20, 2018)"
list1,85030020,850300,"83 FR 28710 (June 20, 2018)"
list1,85030035,850300,"83 FR 28710 (June 20, 2018)"
list1,85030045,850300,"83 FR 28710 (June 20, 2018)"
list1,85030065,850300,"83 FR 28710 (June 20, 2018)"
list1,85030075,850300,"83 FR 28710 (June 20, 2018)"
list1,85030090,850300,"83 FR 28710 (June 20, 2018)"
list1,85042100,850421,"83 FR 28710 (June 20, 2018)"
list1,85042200,850422,"83 FR 28710 (June 20, 2018)"
list1,85042300,850423,"83 FR 28710 (June 20, 2018)"
list1,85043200,850432,"83 FR 28710 (June 20, 2018)"
list1,85043300,850433,"83 FR 28710 (June 20, 2018)"
list1,85043400,850434,"83 FR 28710 (June 20, 2018)"
list1,85044040,850440,"83 FR 28710 (June 20, 2018)"
list1,85049041,850490,"83 FR 28710 (June 20, 2018)"
list1,85049065,850490,"83 FR 28710 (June 20, 2018)"
list1,85049075,850490,"83 FR 28710 (June 20, 2018)"
list1,85049096,850490,"83 FR 28710 (June 20, 2018)"
list1,85051910,850519,"83 FR 28710 (June 20, 2018)"
list1,85052000,850520,"83 FR 28710 (June 20, 2018)"
list1,85059030,850590,"83 FR 28710 (June 20, 2018)"
list1,85059040,850590,"83 FR 28710 (June 20, 2018)"
list1,85059070,850590,"83 FR 28710 (June 20, 2018)"
list1,85059075,850590,"83 FR 28710 (June 20, 2018)"
list1,85064010,850640,"83 FR 28710 (June 20, 2018)"
list1,85064050,850640,"83 FR 28710 (June 20, 2018)"
list1,85065000,850650,"83 FR 28710 (June 20, 2018)"
list1,85066000,850660,"83 FR 28710 (June 20, 2018)"
list1,85069000,850690,"83 FR 28710 (June 20, 2018)"
list1,85079080,850790,"83 FR 28710 (June 20, 2018)"
list1,85141000,851410,"83 FR 28710 (June 20, 2018)"
list1,85142060,851420,"83 FR 28710 (June 20, 2018)"
list1,85142080,851420,"83 FR 28710 (June 20, 2018)"
list1,85143010,851430,"83 FR 28710 (June 20, 2018)"
list1,85143090,851430,"83 FR 28710 (June 20, 2018)"
list1,85144000,851440,"83 FR 28710 (June 20, 2018)"
list1,85149080,851490,"83 FR 28710 (June 20, 2018)"
list1,85151100,851511,"83 FR 28710 (June 20, 2018)"
list1,85151900,851519,"83 FR 28710 (June 20, 2018)"
list1,85152100,851521,"83 FR 28710 (June 20, 2018)"
list1,85152900,851529,"83 FR 28710 (June 20, 2018)"
list1,85153100,851531,"83 FR 28710 (June 20, 2018)"
list1,85153900,851539,"83 FR 28710 (June 20, 2018)"
list1,85158000,851580,"83 FR 28710 (June 20, 2018)"
list1,85159020,851590,"83 FR 28710 (June 20, 2018)"
list1,85159040,851590,"83 FR 28710 (June 20, 2018)"
list1,85255070,852550,"83 FR 28710 (June 20, 2018)"
list1,85256010,852560,"83 FR 28710 (June 20, 2018)"
list1,85256020,852560,"83 FR 28710 (June 20, 2018)"
list1,85258010,852580,"83 FR 28710 (June 20, 2018)"
list1,85258020,852580,"83 FR 28710 (June 20, 2018)"
list1,85261000,852610,"83 FR 28710 (June 20, 2018)"
list1,85269100,852691,"83 FR 28710 (June 20, 2018)"
list1,85269250,852692,"83 FR 28710 (June 20, 2018)"
list1,85279915,852799,"83 FR 28710 (June 20, 2018)"
list1,85279940,852799,"83 FR 28710 (June 20, 2018)"
list1,85291040,852910,"83 FR 28710 (June 20, 2018)"
list1,85299005,852990,"83 FR 28710 (June 20, 2018)"
list1,85299006,852990,"83 FR 28710 (June 20, 2018)"
list1,85299009,852990,"83 FR 28710 (June 20, 2018)"
list1,85299016,852990,"83 FR 28710 (June 20, 2018)"
list1,85299019,852990,"83 FR 28710 (June 20, 2018)"
list1,85299022,852990,"83 FR 28710 (June 20, 2018)"
list1,85299024,852990,"83 FR 28710 (June 20, 2018)"
list1,85299029,852990,"83 FR 28710 (June 20, 2018)"
list1,85299033,852990,"83 FR 28710 (June 20, 2018)"
list1,85299046,852990,"83 FR 28710 (June 20, 2018)"
list1,85299063,852990,"83 FR 28710 (June 20, 2018)"
list1,85299068,852990,"83 FR 28710 (June 20, 2018)"
list1,85299073,852990,"83 FR 28710 (June 20, 2018)"
list1,85299078,852990,"83 FR 28710 (June 20, 2018)"
list1,85299081,852990,"83 FR 28710 (June 20, 2018)"
list1,85299083,852990,"83 FR 28710 (June 20, 2018)"
list1,85299089,852990,"83 FR 28710 (June 20, 2018)"
list1,85299093,852990,"83 FR 28710 (June 20, 2018)"
list1,85299095,852990,"83 FR 28710 (June 20, 2018)"
list1,85299097,852990,"83 FR 28710 (June 20, 2018)"
list1,85299099,852990,"83 FR 28710 (June 20, 2018)"
list1,85301000,853010,"83 FR 28710 (June 20, 2018)"
list1,85308000,853080,"83 FR 28710 (June 20, 2018)"
list1,85309000,853090,"83 FR 28710 (June 20, 2018)"
list1,85321000,853210,"83 FR 28710 (June 20, 2018)"
list1,85322100,853221,"83 FR 28710 (June 20, 2018)"
list1,85322200,853222,"83 FR 28710 (June 20, 2018)"
list1,85322300,853223,"83 FR 28710 (June 20, 2018)"
list1,85322400,853224,"83 FR 28710 (June 20, 2018)"
list1,85322500,853225,"83 FR 28710 (June 20, 2018)"
list1,85322900,853229,"83 FR 28710 (June 20, 2018)"
list1,85323000,853230,"83 FR 28710 (June 20, 2018)"
list1,85329000,853290,"83 FR 28710 (June 20, 2018)"
list1,85331000,853310,"83 FR 28710 (June 20, 2018)"
list1,85332100,853321,"83 FR 28710 (June 20, 2018)"
list1,85332900,853329,"83 FR 28710 (June 20, 2018)"
list1,85333100,853331,"83 FR 28710 (June 20, 2018)"
list1,85334040,853340,"83 FR 28710 (June 20, 2018)"
list1,85334080,853340,"83 FR 28710 (June 20, 2018)"
list1,85339080,853390,"83 FR 28710 (June 20, 2018)"
list1,85351000,853510,"83 FR 28710 (June 20, 2018)"
list1,85352100,853521,"83 FR 28710 (June 20, 2018)"
list1,85352900,853529,"83 FR 28710 (June 20, 2018)"
list1,85353000,853530,"83 FR 28710 (June 20, 2018)"
list1,85359040,853590,"83 FR 28710 (June 20, 2018)"
list1,85359080,853590,"83 FR 28710 (June 20, 2018)"
list1,85361000,853610,"83 FR 28710 (June 20, 2018)"
list1,85362000,853620,"83 FR 28710 (June 20, 2018)"
list1,85363040,853630,"83 FR 28710 (June 20, 2018)"
list1,85364100,853641,"83 FR 28710 (June 20, 2018)"
list1,85364900,853649,"83 FR 28710 (June 20, 2018)"
list1,85365040,853650,"83 FR 28710 (June 20, 2018)"
list1,85365090,853650,"83 FR 28710 (June 20, 2018)"
list1,85366940,853669,"83 FR 28710 (June 20, 2018)"
list1,85369040,853690,"83 FR 28710 (June 20, 2018)"
list1,85369085,853690,"83 FR 28710 (June 20, 2018)"
list1,85371060,853710,"83 FR 28710 (June 20, 2018)"
list1,85371080,853710,"83 FR 28710 (June 20, 2018)"
list1,85372000,853720,"83 FR 28710 (June 20, 2018)"
list1,85381000,853810,"83 FR 28710 (June 20, 2018)"
list1,85389040,853890,"83 FR 28710 (June 20, 2018)"
list1,85389060,853890,"83 FR 28710 (June 20, 2018)"
list1,85389081,853890,"83 FR 28710 (June 20, 2018)"
list1,85394100,853941,"83 FR 28710 (June 20, 2018)"
list1,85399000,853990,"83 FR 28710 (June 20, 2018)"
list1,85407910,854079,"83 FR 28710 (June 20, 2018)"
list1,85407920,854079,"83 FR 28710 (June 20, 2018)"
list1,85408900,854089,"83 FR 28710 (June 20, 2018)"
list1,85412100,854121,"83 FR 28710 (June 20, 2018)"
list1,85412900,854129,"83 FR 28710 (June 20, 2018)"
list1,85413000,854130,"83 FR 28710 (June 20, 2018)"
list1,85414020,854140,"83 FR 28710 (June 20, 2018)"
list1,85414070,854140,"83 FR 28710 (June 20, 2018)"
list1,85414080,854140,"83 FR 28710 (June 20, 2018)"
list1,85414095,854140,"83 FR 28710 (June 20, 2018)"
list1,85415000,854150,"83 FR 28710 (June 20, 2018)"
list1,85416000,854160,"83 FR 28710 (June 20, 2018)"
list1,85419000,854190,"83 FR 28710 (June 20, 2018)"
list1,85431000,854310,"83 FR 28710 (June 20, 2018)"
list1,85432000,854320,"83 FR 28710 (June 20, 2018)"
list1,85433020,854330,"83 FR 28710 (June 20, 2018)"
list1,85433090,854330,"83 FR 28710 (June 20, 2018)"
list1,85437020,854370,"83 FR 28710 (June 20, 2018)"
list1,85437042,854370,"83 FR 28710 (June 20, 2018)"
list1,85437060,854370,"83 FR 28710 (June 20, 2018)"
list1,85437080,854370,"83 FR 28710 (June 20, 2018)"
list1,85437095,854370,"83 FR 28710 (June 20, 2018)"
list1,85437097,854370,"83 FR 28710 (June 20, 2018)"
list1,85439012,854390,"83 FR 28710 (June 20, 2018)"
list1,85439015,854390,"83 FR 28710 (June 20, 2018)"
list1,85439035,854390,"83 FR 28710 (June 20, 2018)"
list1,85439065,854390,"83 FR 28710 (June 20, 2018)"
list1,85439068,854390,"83 FR 28710 (June 20, 2018)"
list1,85441100,854411,"83 FR 28710 (June 20, 2018)"
list1,85441900,854419,"83 FR 28710 (June 20, 2018)"
list1,85443000,854430,"83 FR 28710 (June 20, 2018)"
list1,85444930,854449,"83 FR 28710 (June 20, 2018)"
list1,85444990,854449,"83 FR 28710 (June 20, 2018)"
list1,85446020,854460,"83 FR 28710 (June 20, 2018)"
list1,85446040,854460,"83 FR 28710 (June 20, 2018)"
list1,85447000,854470,"83 FR 28710 (June 20, 2018)"
list1,86011000,860110,"83 FR 28710 (June 20, 2018)"
list1,86031000,860310,"83 FR 28710 (June 20, 2018)"
list1,86039000,860390,"83 FR 28710 (June 20, 2018)"
list1,86040000,860400,"83 FR 28710 (June 20, 2018)"
list1,86071200,860712,"83 FR 28710 (June 20, 2018)"
list1,86071906,860719,"83 FR 28710 (June 20, 2018)"
list1,86071912,860719,"83 FR 28710 (June 20, 2018)"
list1,86071915,860719,"83 FR 28710 (June 20, 2018)"
list1,86071990,860719,"83 FR 28710 (June 20, 2018)"
list1,86072110,860721,"83 FR 28710 (June 20, 2018)"
list1,86072150,860721,"83 FR 28710 (June 20, 2018)"
list1,86072910,860729,"83 FR 28710 (June 20, 2018)"
list1,86072950,860729,"83 FR 28710 (June 20, 2018)"
list1,86079100,860791,"83 FR 28710 (June 20, 2018)"
list1,86079910,860799,"83 FR 28710 (June 20, 2018)"
list1,86079950,860799,"83 FR 28710 (June 20, 2018)"
list1,86080000,860800,"83 FR 28710 (June 20, 2018)"
list1,87011001,870110,"83 FR 28710 (June 20, 2018)"
list1,87013010,870130,"83 FR 28710 (June 20, 2018)"
list1,87021031,870210,"83 FR 28710 (June 20, 2018)"
list1,87021061,870210,"83 FR 28710 (June 20, 2018)"
list1,87022031,870220,"83 FR 28710 (June 20, 2018)"
list1,87022061,870220,"83 FR 28710 (June 20, 2018)"
list1,87023031,870230,"83 FR 28710 (June 20, 2018)"
list1,87023061,870230,"83 FR 28710 (June 20, 2018)"
list1,87024031,870240,"83 FR 28710 (June 20, 2018)"
list1,87024061,870240,"83 FR 28710 (June 20, 2018)"
list1,87029031,870290,"83 FR 28710 (June 20, 2018)"
list1,87029061,870290,"83 FR 28710 (June 20, 2018)"
list1,87032101,870321,"83 FR 28710 (June 20, 2018)"
list1,87032201,870322,"83 FR 28710 (June 20, 2018)"
list1,87032301,870323,"83 FR 28710 (June 20, 2018)"
list1,87032401,870324,"83 FR 28710 (June 20, 2018)"
list1,87033101,870331,"83 FR 28710 (June 20, 2018)"
list1,87033201,870332,"83 FR 28710 (June 20, 2018)"
list1,87033301,870333,"83 FR 28710 (June 20, 2018)"
list1,87034000,870340,"83 FR 28710 (June 20, 2018)"
list1,87035000,870350,"83 FR 28710 (June 20, 2018)"
list1,87036000,870360,"83 FR 28710 (June 20, 2018)"
list1,87037000,870370,"83 FR 28710 (June 20, 2018)"
list1,87038000,870380,"83 FR 28710 (June 20, 2018)"
list1,87039001,870390,"83 FR 28710 (June 20, 2018)"
list1,87041010,870410,"83 FR 28710 (June 20, 2018)"
list1,87041050,870410,"83 FR 28710 (June 20, 2018)"
list1,87042100,870421,"83 FR 28710 (June 20, 2018)"
list1,87042210,870422,"83 FR 28710 (June 20, 2018)"
list1,87042250,870422,"83 FR 28710 (June 20, 2018)"
list1,87042300,870423,"83 FR 28710 (June 20, 2018)"
list1,87043100,870431,"83 FR 28710 (June 20, 2018)"
list1,87043200,870432,"83 FR 28710 (June 20, 2018)"
list1,87053000,870530,"83 FR 28710 (June 20, 2018)"
list1,87054000,870540,"83 FR 28710 (June 20, 2018)"
list1,87060025,870600,"83 FR 28710 (June 20, 2018)"
list1,87060030,870600,"83 FR 28710 (June 20, 2018)"
list1,87091100,870911,"83 FR 28710 (June 20, 2018)"
list1,87091900,870919,"83 FR 28710 (June 20, 2018)"
list1,87099000,870990,"83 FR 28710 (June 20, 2018)"
list1,87115000,871150,"83 FR 28710 (June 20, 2018)"
list1,88021100,880211,"83 FR 28710 (June 20, 2018)"
list1,88021200,880212,"83 FR 28710 (June 20, 2018)"
list1,88022000,880220,"83 FR 28710 (June 20, 2018)"
list1,88023000,880230,"83 FR 28710 (June 20, 2018)"
list1,88024000,880240,"83 FR 28710 (June 20, 2018)"
list1,88026030,880260,"83 FR 28710 (June 20, 2018)"
list1,88026090,880260,"83 FR 28710 (June 20, 2018)"
list1,88031000,880310,"83 FR 28710 (June 20, 2018)"
list1,88032000,880320,"83 FR 28710 (June 20, 2018)"
list1,88033000,880330,"83 FR 28710 (June 20, 2018)"
list1,88039030,880390,"83 FR 28710 (June 20, 2018)"
list1,88039090,880390,"83 FR 28710 (June 20, 2018)"
list1,88051000,880510,"83 FR 28710 (June 20, 2018)"
list1,88052100,880521,"83 FR 28710 (June 20, 2018)"
list1,88052900,880529,"83 FR 28710 (June 20, 2018)"
list1,89011000,890110,"83 FR 28710 (June 20, 2018)"
list1,89012000,890120,"83 FR 28710 (June 20, 2018)"
list1,89019000,890190,"83 FR 28710 (June 20, 2018)"
list1,89020000,890200,"83 FR 28710 (June 20, 2018)"
list1,89040000,890400,"83 FR 28710 (June 20, 2018)"
list1,89051000,890510,"83 FR 28710 (June 20, 2018)"
list1,89052000,890520,"83 FR 28710 (June 20, 2018)"
list1,89059050,890590,"83 FR 28710 (June 20, 2018)"
list1,89069000,890690,"83 FR 28710 (June 20, 2018)"
list1,89080000,890800,"83 FR 28710 (June 20, 2018)"
list1,90029020,900290,"83 FR 28710 (June 20, 2018)"
list1,90029040,900290,"83 FR 28710 (June 20, 2018)"
list1,90029070,900290,"83 FR 28710 (June 20, 2018)"
list1,90029095,900290,"83 FR 28710 (June 20, 2018)"
list1,90111040,901110,"83 FR 28710 (June 20, 2018)"
list1,90111080,901110,"83 FR 28710 (June 20, 2018)"
list1,90112040,901120,"83 FR 28710 (June 20, 2018)"
list1,90119000,901190,"83 FR 28710 (June 20, 2018)"
list1,90121000,901210,"83 FR 28710 (June 20, 2018)"
list1,90129000,901290,"83 FR 28710 (June 20, 2018)"
list1,90131045,901310,"83 FR 28710 (June 20, 2018)"
list1,90132000,901320,"83 FR 28710 (June 20, 2018)"
list1,90138070,901380,"83 FR 28710 (June 20, 2018)"
list1,90141070,901410,"83 FR 28710 (June 20, 2018)"
list1,90142020,901420,"83 FR 28710 (June 20, 2018)"
list1,90142040,901420,"83 FR 28710 (June 20, 2018)"
list1,90142060,901420,"83 FR 28710 (June 20, 2018)"
list1,90142080,901420,"83 FR 28710 (June 20, 2018)"
list1,90148010,901480,"83 FR 28710 (June 20, 2018)"
list1,90148020,901480,"83 FR 28710 (June 20, 2018)"
list1,90148040,901480,"83 FR 28710 (June 20, 2018)"
list1,90148050,901480,"83 FR 28710 (June 20, 2018)"
list1,90149010,901490,"83 FR 28710 (June 20, 2018)"
list1,90149020,901490,"83 FR 28710 (June 20, 2018)"
list1,90149040,901490,"83 FR 28710 (June 20, 2018)"
list1,90149060,901490,"83 FR 28710 (June 20, 2018)"
list1,90151080,901510,"83 FR 28710 (June 20, 2018)"
list1,90152040,901520,"83 FR 28710 (June 20, 2018)"
list1,90152080,901520,"83 FR 28710 (June 20, 2018)"
list1,90154040,901540,"83 FR 28710 (June 20, 2018)"
list1,90154080,901540,"83 FR 28710 (June 20, 2018)"
list1,90158020,901580,"83 FR 28710 (June 20, 2018)"
list1,90158060,901580,"83 FR 28710 (June 20, 2018)"
list1,90158080,901580,"83 FR 28710 (June 20, 2018)"
list1,90181130,901811,"83 FR 28710 (June 20, 2018)"
list1,90181160,901811,"83 FR 28710 (June 20, 2018)"
list1,90181190,901811,"83 FR 28710 (June 20, 2018)"
list1,90181200,901812,"83 FR 28710 (June 20, 2018)"
list1,90181300,901813,"83 FR 28710 (June 20, 2018)"
list1,90181400,901814,"83 FR 28710 (June 20, 2018)"
list1,90181940,901819,"83 FR 28710 (June 20, 2018)"
list1,90181955,901819,"83 FR 28710 (June 20, 2018)"
list1,90181975,901819,"83 FR 28710 (June 20, 2018)"
list1,90181995,901819,"83 FR 28710 (June 20, 2018)"
list1,90182000,901820,"83 FR 28710 (June 20, 2018)"
list1,90189020,901890,"83 FR 28710 (June 20, 2018)"
list1,90189030,901890,"83 FR 28710 (June 20, 2018)"
list1,90189060,901890,"83 FR 28710 (June 20, 2018)"
list1,90189075,901890,"83 FR 28710 (June 20, 2018)"
list1,90215000,902150,"83 FR 28710 (June 20, 2018)"
list1,90221200,902212,"83 FR 28710 (June 20, 2018)"
list1,90221300,902213,"83 FR 28710 (June 20, 2018)"
list1,90221400,902214,"83 FR 28710 (June 20, 2018)"
list1,90221900,902219,"83 FR 28710 (June 20, 2018)"
list1,90222100,902221,"83 FR 28710 (June 20, 2018)"
list1,90222980,902229,"83 FR 28710 (June 20, 2018)"
list1,90223000,902230,"83 FR 28710 (June 20, 2018)"
list1,90229005,902290,"83 FR 28710 (June 20, 2018)"
list1,90229015,902290,"83 FR 28710 (June 20, 2018)"
list1,90229025,902290,"83 FR 28710 (June 20, 2018)"
list1,90229040,902290,"83 FR 28710 (June 20, 2018)"
list1,90229060,902290,"83 FR 28710 (June 20, 2018)"
list1,90229095,902290,"83 FR 28710 (June 20, 2018)"
list1,90241000,902410,"83 FR 28710 (June 20, 2018)"
list1,90248000,902480,"83 FR 28710 (June 20, 2018)"
list1,90249000,902490,"83 FR 28710 (June 20, 2018)"
list1,90261020,902610,"83 FR 28710 (June 20, 2018)"
list1,90262040,902620,"83 FR 28710 (June 20, 2018)"
list1,90268020,902680,"83 FR 28710 (June 20, 2018)"
list1,90269020,902690,"83 FR 28710 (June 20, 2018)"
list1,90269040,902690,"83 FR 28710 (June 20, 2018)"
list1,90269060,902690,"83 FR 28710 (June 20, 2018)"
list1,90272050,902720,"83 FR 28710 (June 20, 2018)"
list1,90272080,902720,"83 FR 28710 (June 20, 2018)"
list1,90273040,902730,"83 FR 28710 (June 20, 2018)"
list1,90273080,902730,"83 FR 28710 (June 20, 2018)"
list1,90275010,902750,"83 FR 28710 (June 20, 2018)"
list1,90275040,902750,"83 FR 28710 (June 20, 2018)"
list1,90275080,902750,"83 FR 28710 (June 20, 2018)"
list1,90278025,902780,"83 FR 28710 (June 20, 2018)"
list1,90278045,902780,"83 FR 28710 (June 20, 2018)"
list1,90278080,902780,"83 FR 28710 (June 20, 2018)"
list1,90279045,902790,"83 FR 28710 (June 20, 2018)"
list1,90279054,902790,"83 FR 28710 (June 20, 2018)"
list1,90279056,902790,"83 FR 28710 (June 20, 2018)"
list1,90279059,902790,"83 FR 28710 (June 20, 2018)"
list1,90279064,902790,"83 FR 28710 (June 20, 2018)"
list1,90279084,902790,"83 FR 28710 (June 20, 2018)"
list1,90279088,902790,"83 FR 28710 (June 20, 2018)"
list1,90289000,902890,"83 FR 28710 (June 20, 2018)"
list1,90301000,903010,"83 FR 28710 (June 20, 2018)"
list1,90302005,903020,"83 FR 28710 (June 20, 2018)"
list1,90303334,903033,"83 FR 28710 (June 20, 2018)"
list1,90303338,903033,"83 FR 28710 (June 20, 2018)"
list1,90303901,903039,"83 FR 28710 (June 20, 2018)"
list1,90304000,903040,"83 FR 28710 (June 20, 2018)"
list1,90308200,903082,"83 FR 28710 (June 20, 2018)"
list1,90309025,903090,"83 FR 28710 (June 20, 2018)"
list1,90309046,903090,"83 FR 28710 (June 20, 2018)"
list1,90309066,903090,"83 FR 28710 (June 20, 2018)"
list1,90309068,903090,"83 FR 28710 (June 20, 2018)"
list1,90309084,903090,"83 FR 28710 (June 20, 2018)"
list1,90309089,903090,"83 FR 28710 (June 20, 2018)"
list1,90311000,903110,"83 FR 28710 (June 20, 2018)"
list1,90312000,903120,"83 FR 28710 (June 20, 2018)"
list1,90314100,903141,"83 FR 28710 (June 20, 2018)"
list1,90314910,903149,"83 FR 28710 (June 20, 2018)"
list1,90314940,903149,"83 FR 28710 (June 20, 2018)"
list1,90314970,903149,"83 FR 28710 (June 20, 2018)"
list1,90314990,903149,"83 FR 28710 (June 20, 2018)"
list1,90318040,903180,"83 FR 28710 (June 20, 2018)"
list1,90318080,903180,"83 FR 28710 (June 20, 2018)"
list1,90319021,903190,"83 FR 28710 (June 20, 2018)"
list1,90319054,903190,"83 FR 28710 (June 20, 2018)"
list1,90319059,903190,"83 FR 28710 (June 20, 2018)"
list1,90319070,903190,"83 FR 28710 (June 20, 2018)"
list1,90319091,903190,"83 FR 28710 (June 20, 2018)"
list1,90321000,903210,"83 FR 28710 (June 20, 2018)"
list1,90322000,903220,"83 FR 28710 (June 20, 2018)"
list1,90328100,903281,"83 FR 28710 (June 20, 2018)"
list1,90328920,903289,"83 FR 28710 (June 20, 2018)"
list1,90328940,903289,"83 FR 28710 (June 20, 2018)"
list1,90328960,903289,"83 FR 28710 (June 20, 2018)"
list1,90329021,903290,"83 FR 28710 (June 20, 2018)"
list1,90329041,903290,"83 FR 28710 (June 20, 2018)"
list1,90329061,903290,"83 FR 28710 (June 20, 2018)"
list1,90330020,903300,"83 FR 28710 (June 20, 2018)"
list1,90330030,903300,"83 FR 28710 (June 20, 2018)"
list2,27101930,271019,"83 FR 40823 (August 16, 2018)"
list2,27101935,271019,"83 FR 40823 (August 16, 2018)"
list2,27101940,271019,"83 FR 40823 (August 16, 2018)"
list2,34031910,340319,"83 FR 40823 (August 16, 2018)"
list2,34031950,340319,"83 FR 40823 (August 16, 2018)"
list2,34039900,340399,"83 FR 40823 (August 16, 2018)"
list2,38112100,381121,"83 FR 40823 (August 16, 2018)"
list2,38112900,381129,"83 FR 40823 (August 16, 2018)"
list2,39011010,390110,"83 FR 40823 (August 16, 2018)"
list2,39011050,390110,"83 FR 40823 (August 16, 2018)"
list2,39012010,390120,"83 FR 40823 (August 16, 2018)"
list2,39012050,390120,"83 FR 40823 (August 16, 2018)"
list2,39013020,390130,"83 FR 40823 (August 16, 2018)"
list2,39013060,390130,"83 FR 40823 (August 16, 2018)"
list2,39019010,390190,"83 FR 40823 (August 16, 2018)"
list2,39019055,390190,"83 FR 40823 (August 16, 2018)"
list2,39019090,390190,"83 FR 40823 (August 16, 2018)"
list2,39021000,390210,"83 FR 40823 (August 16, 2018)"
list2,39022010,390220,"83 FR 40823 (August 16, 2018)"
list2,39022050,390220,"83 FR 40823 (August 16, 2018)"
list2,39023000,390230,"83 FR 40823 (August 16, 2018)"
list2,39029000,390290,"83 FR 40823 (August 16, 2018)"
list2,39031100,390311,"83 FR 40823 (August 16, 2018)"
list2,39031900,390319,"83 FR 40823 (August 16, 2018)"
list2,39032000,390320,"83 FR 40823 (August 16, 2018)"
list2,39033000,390330,"83 FR 40823 (August 16, 2018)"
list2,39039010,390390,"83 FR 40823 (August 16, 2018)"
list2,39039050,390390,"83 FR 40823 (August 16, 2018)"
list2,39041000,390410,"83 FR 40823 (August 16, 2018)"
list2,39042100,390421,"83 FR 40823 (August 16, 2018)"
list2,39042200,390422,"83 FR 40823 (August 16, 2018)"
list2,39043020,390430,"83 FR 40823 (August 16, 2018)"
list2,39043060,390430,"83 FR 40823 (August 16, 2018)"
list2,39044000,390440,"83 FR 40823 (August 16, 2018)"
list2,39045000,390450,"83 FR 40823 (August 16, 2018)"
list2,39046100,390461,"83 FR 40823 (August 16, 2018)"
list2,39046910,390469,"83 FR 40823 (August 16, 2018)"
list2,39046950,390469,"83 FR 40823 (August 16, 2018)"
list2,39049010,390490,"83 FR 40823 (August 16, 2018)"
list2,39049050,390490,"83 FR 40823 (August 16, 2018)"
list2,39051200,390512,"83 FR 40823 (August 16, 2018)"
list2,39051900,390519,"83 FR 40823 (August 16, 2018)"
list2,39052100,390521,"83 FR 40823 (August 16, 2018)"
list2,39052900,390529,"83 FR 40823 (August 16, 2018)"
list2,39053000,390530,"83 FR 40823 (August 16, 2018)"
list2,39059110,390591,"83 FR 40823 (August 16, 2018)"
list2,39059150,390591,"83 FR 40823 (August 16, 2018)"
list2,39059980,390599,"83 FR 40823 (August 16, 2018)"
list2,39061000,390610,"83 FR 40823 (August 16, 2018)"
list2,39069010,390690,"83 FR 40823 (August 16, 2018)"
list2,39069020,390690,"83 FR 40823 (August 16, 2018)"
list2,39069050,390690,"83 FR 40823 (August 16, 2018)"
list2,39071000,390710,"83 FR 40823 (August 16, 2018)"
list2,39072000,390720,"83 FR 40823 (August 16, 2018)"
list2,39073000,390730,"83 FR 40823 (August 16, 2018)"
list2,39074000,390740,"83 FR 40823 (August 16, 2018)"
list2,39075000,390750,"83 FR 40823 (August 16, 2018)"
list2,39076100,390761,"83 FR 40823 (August 16, 2018)"
list2,39076900,390769,"83 FR 40823 (August 16, 2018)"
list2,39077000,390770,"83 FR 40823 (August 16, 2018)"
list2,39079120,390791,"83 FR 40823 (August 16, 2018)"
list2,39079140,390791,"83 FR 40823 (August 16, 2018)"
list2,39079150,390791,"83 FR 40823 (August 16, 2018)"
list2,39079920,390799,"83 FR 40823 (August 16, 2018)"
list2,39079950,390799,"83 FR 40823 (August 16, 2018)"
list2,39081000,390810,"83 FR 40823 (August 16, 2018)"
list2,39089020,390890,"83 FR 40823 (August 16, 2018)"
list2,39089070,390890,"83 FR 40823 (August 16, 2018)"
list2,39091000,390910,"83 FR 40823 (August 16, 2018)"
list2,39092000,390920,"83 FR 40823 (August 16, 2018)"
list2,39094000,390940,"83 FR 40823 (August 16, 2018)"
list2,39095010,390950,"83 FR 40823 (August 16, 2018)"
list2,39095020,390950,"83 FR 40823 (August 16, 2018)"
list2,39095050,390950,"83 FR 40823 (August 16, 2018)"
list2,39100000,391000,"83 FR 40823 (August 16, 2018)"
list2,39111000,391110,"83 FR 40823 (August 16, 2018)"
list2,39119010,391190,"83 FR 40823 (August 16, 2018)"
list2,39119015,391190,"83 FR 40823 (August 16, 2018)"
list2,39119025,391190,"83 FR 40823 (August 16, 2018)"
list2,39119035,391190,"83 FR 40823 (August 16, 2018)"
list2,39119045,391190,"83 FR 40823 (August 16, 2018)"
list2,39119070,391190,"83 FR 40823 (August 16, 2018)"
list2,39119090,391190,"83 FR 40823 (August 16, 2018)"
list2,39121200,391212,"83 FR 40823 (August 16, 2018)"
list2,39122000,391220,"83 FR 40823 (August 16, 2018)"
list2,39123900,391239,"83 FR 40823 (August 16, 2018)"
list2,39129000,391290,"83 FR 40823 (August 16, 2018)"
list2,39139010,391390,"83 FR 40823 (August 16, 2018)"
list2,39139050,391390,"83 FR 40823 (August 16, 2018)"
list2,39140020,391400,"83 FR 40823 (August 16, 2018)"
list2,39140060,391400,"83 FR 40823 (August 16, 2018)"
list2,39161000,391610,"83 FR 40823 (August 16, 2018)"
list2,39162000,391620,"83 FR 40823 (August 16, 2018)"
list2,39169010,391690,"83 FR 40823 (August 16, 2018)"
list2,39169030,391690,"83 FR 40823 (August 16, 2018)"
list2,39169050,391690,"83 FR 40823 (August 16, 2018)"
list2,39172100,391721,"83 FR 40823 (August 16, 2018)"
list2,39172200,391722,"83 FR 40823 (August 16, 2018)"
list2,39172300,391723,"83 FR 40823 (August 16, 2018)"
list2,39172900,391729,"83 FR 40823 (August 16, 2018)"
list2,39173100,391731,"83 FR 40823 (August 16, 2018)"
list2,39173200,391732,"83 FR 40823 (August 16, 2018)"
list2,39174000,391740,"83 FR 40823 (August 16, 2018)"
list2,39191010,391910,"83 FR 40823 (August 16, 2018)"
list2,39191020,391910,"83 FR 40823 (August 16, 2018)"
list2,39199010,391990,"83 FR 40823 (August 16, 2018)"
list2,39199050,391990,"83 FR 40823 (August 16, 2018)"
list2,39201000,392010,"83 FR 40823 (August 16, 2018)"
list2,39202000,392020,"83 FR 40823 (August 16, 2018)"
list2,39203000,392030,"83 FR 40823 (August 16, 2018)"
list2,39204310,392043,"83 FR 40823 (August 16, 2018)"
list2,39204350,392043,"83 FR 40823 (August 16, 2018)"
list2,39204900,392049,"83 FR 40823 (August 16, 2018)"
list2,39205110,392051,"83 FR 40823 (August 16, 2018)"
list2,39205150,392051,"83 FR 40823 (August 16, 2018)"
list2,39205910,392059,"83 FR 40823 (August 16, 2018)"
list2,39205940,392059,"83 FR 40823 (August 16, 2018)"
list2,39205980,392059,"83 FR 40823 (August 16, 2018)"
list2,39206100,392061,"83 FR 40823 (August 16, 2018)"
list2,39206200,392062,"83 FR 40823 (August 16, 2018)"
list2,39206310,392063,"83 FR 40823 (August 16, 2018)"
list2,39206320,392063,"83 FR 40823 (August 16, 2018)"
list2,39206900,392069,"83 FR 40823 (August 16, 2018)"
list2,39207100,392071,"83 FR 40823 (August 16, 2018)"
list2,39207300,392073,"83 FR 40823 (August 16, 2018)"
list2,39207905,392079,"83 FR 40823 (August 16, 2018)"
list2,39207910,392079,"83 FR 40823 (August 16, 2018)"
list2,39207950,392079,"83 FR 40823 (August 16, 2018)"
list2,39209100,392091,"83 FR 40823 (August 16, 2018)"
list2,39209200,392092,"83 FR 40823 (August 16, 2018)"
list2,39209300,392093,"83 FR 40823 (August 16, 2018)"
list2,39209400,392094,"83 FR 40823 (August 16, 2018)"
list2,39209910,392099,"83 FR 40823 (August 16, 2018)"
list2,39209920,392099,"83 FR 40823 (August 16, 2018)"
list2,39209950,392099,"83 FR 40823 (August 16, 2018)"
list2,39211100,392111,"83 FR 40823 (August 16, 2018)"
list2,39211211,392112,"83 FR 40823 (August 16, 2018)"
list2,39211215,392112,"83 FR 40823 (August 16, 2018)"
list2,39211219,392112,"83 FR 40823 (August 16, 2018)"
list2,39211250,392112,"83 FR 40823 (August 16, 2018)"
list2,39211311,392113,"83 FR 40823 (August 16, 2018)"
list2,39211315,392113,"83 FR 40823 (August 16, 2018)"
list2,39211319,392113,"83 FR 40823 (August 16, 2018)"
list2,39211350,392113,"83 FR 40823 (August 16, 2018)"
list2,39211400,392114,"83 FR 40823 (August 16, 2018)"
list2,39211900,392119,"83 FR 40823 (August 16, 2018)"
list2,39219011,392190,"83 FR 40823 (August 16, 2018)"
list2,39219015,392190,"83 FR 40823 (August 16, 2018)"
list2,39219019,392190,"83 FR 40823 (August 16, 2018)"
list2,39219021,392190,"83 FR 40823 (August 16, 2018)"
list2,39219025,392190,"83 FR 40823 (August 16, 2018)"
list2,39219029,392190,"83 FR 40823 (August 16, 2018)"
list2,39219040,392190,"83 FR 40823 (August 16, 2018)"
list2,39219050,392190,"83 FR 40823 (August 16, 2018)"
list2,70022010,700220,"83 FR 40823 (August 16, 2018)"
list2,73081000,730810,"83 FR 40823 (August 16, 2018)"
list2,73082000,730820,"83 FR 40823 (August 16, 2018)"
list2,73089030,730890,"83 FR 40823 (August 16, 2018)"
list2,73089060,730890,"83 FR 40823 (August 16, 2018)"
list2,73089070,730890,"83 FR 40823 (August 16, 2018)"
list2,73089095,730890,"83 FR 40823 (August 16, 2018)"
list2,76141010,761410,"83 FR 40823 (August 16, 2018)"
list2,76149020,761490,"83 FR 40823 (August 16, 2018)"
list2,84068210,840682,"83 FR 40823 (August 16, 2018)"
list2,84073405,840734,"83 FR 40823 (August 16, 2018)"
list2,84073435,840734,"83 FR 40823 (August 16, 2018)"
list2,84079010,840790,"83 FR 40823 (August 16, 2018)"
list2,84079090,840790,"83 FR 40823 (August 16, 2018)"
list2,84082010,840820,"83 FR 40823 (August 16, 2018)"
list2,84196010,841960,"83 FR 40823 (August 16, 2018)"
list2,84198910,841989,"83 FR 40823 (August 16, 2018)"
list2,84198995,841989,"83 FR 40823 (August 16, 2018)"
list2,84201020,842010,"83 FR 40823 (August 16, 2018)"
list2,84209910,842099,"83 FR 40823 (August 16, 2018)"
list2,84248200,842482,"83 FR 40823 (August 16, 2018)"
list2,84248990,842489,"83 FR 40823 (August 16, 2018)"
list2,84322900,843229,"83 FR 40823 (August 16, 2018)"
list2,84323100,843231,"83 FR 40823 (August 16, 2018)"
list2,84323900,843239,"83 FR 40823 (August 16, 2018)"
list2,84324200,843242,"83 FR 40823 (August 16, 2018)"
list2,84439940,844399,"83 FR 40823 (August 16, 2018)"
list2,84559040,845590,"83 FR 40823 (August 16, 2018)"
list2,84641001,846410,"83 FR 40823 (August 16, 2018)"
list2,84659500,846595,"83 FR 40823 (August 16, 2018)"
list2,84663080,846630,"83 FR 40823 (August 16, 2018)"
list2,84735060,847350,"83 FR 40823 (August 16, 2018)"
list2,84735090,847350,"83 FR 40823 (August 16, 2018)"
list2,84752900,847529,"83 FR 40823 (August 16, 2018)"
list2,84833080,848330,"83 FR 40823 (August 16, 2018)"
list2,84861000,848610,"83 FR 40823 (August 16, 2018)"
list2,84862000,848620,"83 FR 40823 (August 16, 2018)"
list2,84863000,848630,"83 FR 40823 (August 16, 2018)"
list2,84864000,848640,"83 FR 40823 (August 16, 2018)"
list2,84869000,848690,"83 FR 40823 (August 16, 2018)"
list2,85011020,850110,"83 FR 40823 (August 16, 2018)"
list2,85011060,850110,"83 FR 40823 (August 16, 2018)"
list2,85012040,850120,"83 FR 40823 (August 16, 2018)"
list2,85013140,850131,"83 FR 40823 (August 16, 2018)"
list2,85013180,850131,"83 FR 40823 (August 16, 2018)"
list2,85013220,850132,"83 FR 40823 (August 16, 2018)"
list2,85013260,850132,"83 FR 40823 (August 16, 2018)"
list2,85013320,850133,"83 FR 40823 (August 16, 2018)"
list2,85013330,850133,"83 FR 40823 (August 16, 2018)"
list2,85015240,850152,"83 FR 40823 (August 16, 2018)"
list2,85015360,850153,"83 FR 40823 (August 16, 2018)"
list2,85030095,850300,"83 FR 40823 (August 16, 2018)"
list2,85078040,850780,"83 FR 40823 (August 16, 2018)"
list2,85078081,850780,"83 FR 40823 (August 16, 2018)"
list2,85118020,851180,"83 FR 40823 (August 16, 2018)"
list2,85118040,851180,"83 FR 40823 (August 16, 2018)"
list2,85119020,851190,"83 FR 40823 (August 16, 2018)"
list2,85119040,851190,"83 FR 40823 (August 16, 2018)"
list2,85291091,852910,"83 FR 40823 (August 16, 2018)"
list2,85339040,853390,"83 FR 40823 (August 16, 2018)"
list2,85363080,853630,"83 FR 40823 (August 16, 2018)"
list2,85365070,853650,"83 FR 40823 (August 16, 2018)"
list2,85367000,853670,"83 FR 40823 (August 16, 2018)"
list2,85371030,853710,"83 FR 40823 (August 16, 2018)"
list2,85411000,854110,"83 FR 40823 (August 16, 2018)"
list2,85414060,854140,"83 FR 40823 (August 16, 2018)"
list2,85423100,854231,"83 FR 40823 (August 16, 2018)"
list2,85423200,854232,"83 FR 40823 (August 16, 2018)"
list2,85423300,854233,"83 FR 40823 (August 16, 2018)"
list2,85423900,854239,"83 FR 40823 (August 16, 2018)"
list2,85429000,854290,"83 FR 40823 (August 16, 2018)"
list2,85437045,854370,"83 FR 40823 (August 16, 2018)"
list2,85437099,854370,"83 FR 40823 (August 16, 2018)"
list2,85444910,854449,"83 FR 40823 (August 16, 2018)"
list2,85444920,854449,"83 FR 40823 (August 16, 2018)"
list2,85446060,854460,"83 FR 40823 (August 16, 2018)"
list2,86012000,860120,"83 FR 40823 (August 16, 2018)"
list2,86021000,860210,"83 FR 40823 (August 16, 2018)"
list2,86050000,860500,"83 FR 40823 (August 16, 2018)"
list2,86061000,860610,"83 FR 40823 (August 16, 2018)"
list2,86063000,860630,"83 FR 40823 (August 16, 2018)"
list2,86069100,860691,"83 FR 40823 (August 16, 2018)"
list2,86069200,860692,"83 FR 40823 (August 16, 2018)"
list2,86069901,860699,"83 FR 40823 (August 16, 2018)"
list2,86071100,860711,"83 FR 40823 (August 16, 2018)"
list2,86071903,860719,"83 FR 40823 (August 16, 2018)"
list2,86071930,860719,"83 FR 40823 (August 16, 2018)"
list2,86073010,860730,"83 FR 40823 (August 16, 2018)"
list2,86073050,860730,"83 FR 40823 (August 16, 2018)"
list2,87012000,870120,"83 FR 40823 (August 16, 2018)"
list2,87013050,870130,"83 FR 40823 (August 16, 2018)"
list2,87019110,870191,"83 FR 40823 (August 16, 2018)"
list2,87019150,870191,"83 FR 40823 (August 16, 2018)"
list2,87019210,870192,"83 FR 40823 (August 16, 2018)"
list2,87019250,870192,"83 FR 40823 (August 16, 2018)"
list2,87019310,870193,"83 FR 40823 (August 16, 2018)"
list2,87019350,870193,"83 FR 40823 (August 16, 2018)"
list2,87019410,870194,"83 FR 40823 (August 16, 2018)"
list2,87019450,870194,"83 FR 40823 (August 16, 2018)"
list2,87019510,870195,"83 FR 40823 (August 16, 2018)"
list2,87019550,870195,"83 FR 40823 (August 16, 2018)"
list2,87049000,870490,"83 FR 40823 (August 16, 2018)"
list2,87051000,870510,"83 FR 40823 (August 16, 2018)"
list2,87052000,870520,"83 FR 40823 (August 16, 2018)"
list2,87059000,870590,"83 FR 40823 (August 16, 2018)"
list2,87111000,871110,"83 FR 40823 (August 16, 2018)"
list2,87116000,871160,"83 FR 40823 (August 16, 2018)"
list2,87119001,871190,"83 FR 40823 (August 16, 2018)"
list2,89013000,890130,"83 FR 40823 (August 16, 2018)"
list2,90011000,900110,"83 FR 40823 (August 16, 2018)"
list2,90012000,900120,"83 FR 40823 (August 16, 2018)"
list2,90141090,901410,"83 FR 40823 (August 16, 2018)"
list2,90251940,902519,"83 FR 40823 (August 16, 2018)"
list2,90251980,902519,"83 FR 40823 (August 16, 2018)"
list2,90258010,902580,"83 FR 40823 (August 16, 2018)"
list2,90271020,902710,"83 FR 40823 (August 16, 2018)"
list2,90281000,902810,"83 FR 40823 (August 16, 2018)"
list2,90282000,902820,"83 FR 40823 (August 16, 2018)"
list2,90283000,902830,"83 FR 40823 (August 16, 2018)"
list2,90292040,902920,"83 FR 40823 (August 16, 2018)"
list2,90299080,902990,"83 FR 40823 (August 16, 2018)"
list2,90303100,903031,"83 FR 40823 (August 16, 2018)"
list2,90303200,903032,"83 FR 40823 (August 16, 2018)"
list2,90308400,903084,"83 FR 40823 (August 16, 2018)"
list2,90308901,903089,"83 FR 40823 (August 16, 2018)"
list3,02032920,020329,"83 FR 47974 (September 21, 2018), with later amendments"
list3,02032940,020329,"83 FR 47974 (September 21, 2018), with later amendments"
list3,02061000,020610,"83 FR 47974 (September 21, 2018), with later amendments"
list3,02081000,020810,"83 FR 47974 (September 21, 2018), with later amendments"
list3,02089020,020890,"83 FR 47974 (September 21, 2018), with later amendments"
list3,02089025,020890,"83 FR 47974 (September 21, 2018), with later amendments"
list3,02101900,021019,"83 FR 47974 (September 21, 2018), with later amendments"
list3,03011100,030111,"83 FR 47974 (September 21, 2018), with later amendments"
list3,03011900,030119,"83 FR 47974 (September 21, 2018), with later amendments"
list3,03019100,030191,"83 FR 47974 (September 21, 2018), with later amendments"
list3,03019200,030192,"83 FR 47974 (September 21, 2018), with later amendments"
list3,03019302,030193,"83 FR 47974 (September 21, 2018), with later amendments"
list3,03019401,030194,"83 FR 47974 (September 21, 2018), with later amendments"
list3,03019500,030195,"83 FR 47974 (September 21, 2018), with later amendments"
list3,03019903,030199,"83 FR 47974 (September 21, 2018), with later amendments"
list3,03021100,030211,"83 FR 47974 (September 21, 2018), with later amendments"
list3,03021300,030213,"83 FR 47974 (September 21, 2018), with later amendments"
list3,03021400,030214,"83 FR 47974 (September 21, 2018), with later amendments"
list3,03021900,030219,"83 FR 47974 (September 21, 2018), with later amendments"
list3,03022100,030221,"83 FR 47974 (September 21, 2018), with later amendments"
list3,03022200,030222,"83 FR 47974 (September 21, 2018), with later amendments"
list3,03022300,030223,"83 FR 47974 (September 21, 2018), with later amendments"
list3,03022400,030224,"83 FR 47974 (September 21, 2018), with later amendments"
list3,03022901,030229,"83 FR 47974 (September 21, 2018), with later amendments"
list3,03023100,030231,"83 FR 47974 (September 21, 2018), with later amendments"
list3,03023200,030232,"83 FR 47974 (September 21, 2018), with later amendments"
list3,03023300,030233,"83 FR 47974 (September 21, 2018), with later amendments"
list3,03023400,030234,"83 FR 47974 (September 21, 2018), with later amendments"
list3,03023501,030235,"83 FR 47974 (September 21, 2018), with later amendments"
list3,03023600,030236,"83 FR 47974 (September 21, 2018), with later amendments"
list3,03023902,030239,"83 FR 47974 (September 21, 2018), with later amendments"
list3,03024100,030241,"83 FR 47974 (September 21, 2018), with later amendments"
list3,03024200,030242,"83 FR 47974 (September 21, 2018), with later amendments"
list3,03024300,030243,"83 FR 47974 (September 21, 2018), with later amendments"
list3,03024400,030244,"83 FR 47974 (September 21, 2018), with later amendments"
list3,03024511,030245,"83 FR 47974 (September 21, 2018), with later amendments"
list3,03024550,030245,"83 FR 47974 (September 21, 2018), with later amendments"
list3,03024611,030246,"83 FR 47974 (September 21, 2018), with later amendments"
list3,03024650,030246,"83 FR 47974 (September 21, 2018), with later amendments"
list3,03024700,030247,"83 FR 47974 (September 21, 2018), with later amendments"
list3,03024900,030249,"83 FR 47974 (September 21, 2018), with later amendments"
list3,03025100,030251,"83 FR 47974 (September 21, 2018), with later amendments"
list3,03025200,030252,"83 FR 47974 (September 21, 2018), with later amendments"
list3,03025300,030253,"83 FR 47974 (September 21, 2018), with later amendments"
list3,03025411,030254,"83 FR 47974 (September 21, 2018), with later amendments"
list3,03025450,030254,"83 FR 47974 (September 21, 2018), with later amendments"
list3,03025511,030255,"83 FR 47974 (September 21, 2018), with later amendments"
list3,03025550,030255,"83 FR 47974 (September 21, 2018), with later amendments"
list3,03025611,030256,"83 FR 47974 (September 21, 2018), with later amendments"
list3,03025650,030256,"83 FR 47974 (September 21, 2018), with later amendments"
list3,03025911,030259,"83 FR 47974 (September 21, 2018), with later amendments"
list3,03025950,030259,"83 FR 47974 (September 21, 2018), with later amendments"
list3,03027111,030271,"83 FR 47974 (September 21, 2018), with later amendments"
list3,03027150,030271,"83 FR 47974 (September 21, 2018), with later amendments"
list3,03027211,030272,"83 FR 47974 (September 21, 2018), with later amendments"
list3,03027250,030272,"83 FR 47974 (September 21, 2018), with later amendments"
list3,03027311,030273,"83 FR 47974 (September 21, 2018), with later amendments"
list3,03027350,030273,"83 FR 47974 (September 21, 2018), with later amendments"
list3,03027400,030274,"83 FR 47974 (September 21, 2018), with later amendments"
list3,03027911,030279,"83 FR 47974 (September 21, 2018), with later amendments"
list3,03027950,030279,"83 FR 47974 (September 21, 2018), with later amendments"
list3,03028100,030281,"83 FR 47974 (September 21, 2018), with later amendments"
list3,03028200,030282,"83 FR 47974 (September 21, 2018), with later amendments"
list3,03028300,030283,"83 FR 47974 (September 21, 2018), with later amendments"
list3,03028411,030284,"83 FR 47974 (September 21, 2018), with later amendments"
list3,03028450,030284,"83 FR 47974 (September 21, 2018), with later amendments"
list3,03028511,030285,"83 FR 47974 (September 21, 2018), with later amendments"
list3,03028550,030285,"83 FR 47974 (September 21, 2018), with later amendments"
list3,03028911,030289,"83 FR 47974 (September 21, 2018), with later amendments"
list3,03028950,030289,"83 FR 47974 (September 21, 2018), with later amendments"
list3,03029120,030291,"83 FR 47974 (September 21, 2018), with later amendments"
list3,03029140,030291,"83 FR 47974 (September 21, 2018), with later amendments"
list3,03029200,030292,"83 FR 47974 (September 21, 2018), with later amendments"
list3,03029900,030299,"83 FR 47974 (September 21, 2018), with later amendments"
list3,03031100,030311,"83 FR 47974 (September 21, 2018), with later amendments"
list3,03031200,030312,"83 FR 47974 (September 21, 2018), with later amendments"
list3,03031300,030313,"83 FR 47974 (September 21, 2018), with later amendments"
list3,03031400,030314,"83 FR 47974 (September 21, 2018), with later amendments"
list3,03031901,030319,"83 FR 47974 (September 21, 2018), with later amendments"
list3,03032300,030323,"83 FR 47974 (September 21, 2018), with later amendments"
list3,03032400,030324,"83 FR 47974 (September 21, 2018), with later amendments"
list3,03032501,030325,"83 FR 47974 (September 21, 2018), with later amendments"
list3,03032600,030326,"83 FR 47974 (September 21, 2018), with later amendments"
list3,03032901,030329,"83 FR 47974 (September 21, 2018), with later amendments"
list3,03033100,030331,"83 FR 47974 (September 21, 2018), with later amendments"
list3,03033200,030332,"83 FR 47974 (September 21, 2018), with later amendments"
list3,03033300,030333,"83 FR 47974 (September 21, 2018), with later amendments"
list3,03033400,030334,"83 FR 47974 (September 21, 2018), with later amendments"
list3,03033901,030339,"83 FR 47974 (September 21, 2018), with later amendments"
list3,03034100,030341,"83 FR 47974 (September 21, 2018), with later amendments"
list3,03034200,030342,"83 FR 47974 (September 21, 2018), with later amendments"
list3,03034300,030343,"83 FR 47974 (September 21, 2018), with later amendments"
list3,03034400,030344,"83 FR 47974 (September 21, 2018), with later amendments"
list3,03034501,030345,"83 FR 47974 (September 21, 2018), with later amendments"
list3,03034600,030346,"83 FR 47974 (September 21, 2018), with later amendments"
list3,03034902,030349,"83 FR 47974 (September 21, 2018), with later amendments"
list3,03035100,030351,"83 FR 47974 (September 21, 2018), with later amendments"
list3,03035300,030353,"83 FR 47974 (September 21, 2018), with later amendments"
list3,03035400,030354,"83 FR 47974 (September 21, 2018), with later amendments"
list3,03035500,030355,"83 FR 47974 (September 21, 2018), with later amendments"
list3,03035600,030356,"83 FR 47974 (September 21, 2018), with later amendments"
list3,03035700,030357,"83 FR 47974 (September 21, 2018), with later amendments"
list3,03035900,030359,"83 FR 47974 (September 21, 2018), with later amendments"
list3,03036300,030363,"83 FR 47974 (September 21, 2018), with later amendments"
list3,03036400,030364,"83 FR 47974 (September 21, 2018), with later amendments"
list3,03036500,030365,"83 FR 47974 (September 21, 2018), with later amendments"
list3,03036600,030366,"83 FR 47974 (September 21, 2018), with later amendments"
list3,03036700,030367,"83 FR 47974 (September 21, 2018), with later amendments"
list3,03036800,030368,"83 FR 47974 (September 21, 2018), with later amendments"
list3,03038100,030381,"83 FR 47974 (September 21, 2018), with later amendments"
list3,03038200,030382,"83 FR 47974 (September 21, 2018), with later amendments"
list3,03038300,030383,"83 FR 47974 (September 21, 2018), with later amendments"
list3,03038400,030384,"83 FR 47974 (September 21, 2018), with later amendments"
list3,03038900,030389,"83 FR 47974 (September 21, 2018), with later amendments"
list3,03039120,030391,"83 FR 47974 (September 21, 2018), with later amendments"
list3,03039140,030391,"83 FR 47974 (September 21, 2018), with later amendments"
list3,03039200,030392,"83 FR 47974 (September 21, 2018), with later amendments"
list3,03039900,030399,"83 FR 47974 (September 21, 2018), with later amendments"
list3,03043100,030431,"83 FR 47974 (September 21, 2018), with later amendments"
list3,03043200,030432,"83 FR 47974 (September 21, 2018), with later amendments"
list3,03043300,030433,"83 FR 47974 (September 21, 2018), with later amendments"
list3,03043900,030439,"83 FR 47974 (September 21, 2018), with later amendments"
list3,03044100,030441,"83 FR 47974 (September 21, 2018), with later amendments"
list3,03044200,030442,"83 FR 47974 (September 21, 2018), with later amendments"
list3,03044300,030443,"83 FR 47974 (September 21, 2018), with later amendments"
list3,03044400,030444,"83 FR 47974 (September 21, 2018), with later amendments"
list3,03044500,030445,"83 FR 47974 (September 21, 2018), with later amendments"
list3,03044600,030446,"83 FR 47974 (September 21, 2018), with later amendments"
list3,03044700,030447,"83 FR 47974 (September 21, 2018), with later amendments"
list3,03044800,030448,"83 FR 47974 (September 21, 2018), with later amendments"
list3,03044901,030449,"83 FR 47974 (September 21, 2018), with later amendments"
list3,03045101,030451,"83 FR 47974 (September 21, 2018), with later amendments"
list3,03045200,030452,"83 FR 47974 (September 21, 2018), with later amendments"
list3,03045300,030453,"83 FR 47974 (September 21, 2018), with later amendments"
list3,03045400,030454,"83 FR 47974 (September 21, 2018), with later amendments"
list3,03045500,030455,"83 FR 47974 (September 21, 2018), with later amendments"
list3,03045600,030456,"83 FR 47974 (September 21, 2018), with later amendments"
list3,03045700,030457,"83 FR 47974 (September 21, 2018), with later amendments"
list3,03045900,030459,"83 FR 47974 (September 21, 2018), with later amendments"
list3,03046100,030461,"83 FR 47974 (September 21, 2018), with later amendments"
list3,03046200,030462,"83 FR 47974 (September 21, 2018), with later amendments"
list3,03046300,030463,"83 FR 47974 (September 21, 2018), with later amendments"
list3,03046900,030469,"83 FR 47974 (September 21, 2018), with later amendments"
list3,03047250,030472,"83 FR 47974 (September 21, 2018), with later amendments"
list3,03047310,030473,"83 FR 47974 (September 21, 2018), with later amendments"
list3,03047350,030473,"83 FR 47974 (September 21, 2018), with later amendments"
list3,03047410,030474,"83 FR 47974 (September 21, 2018), with later amendments"
list3,03047450,030474,"83 FR 47974 (September 21, 2018), with later amendments"
list3,03047910,030479,"83 FR 47974 (September 21, 2018), with later amendments"
list3,03047950,030479,"83 FR 47974 (September 21, 2018), with later amendments"
list3,03048110,030481,"83 FR 47974 (September 21, 2018), with later amendments"
list3,03048150,030481,"83 FR 47974 (September 21, 2018), with later amendments"
list3,03048210,030482,"83 FR 47974 (September 21, 2018), with later amendments"
list3,03048250,030482,"83 FR 47974 (September 21, 2018), with later amendments"
list3,03048310,030483,"83 FR 47974 (September 21, 2018), with later amendments"
list3,03048350,030483,"83 FR 47974 (September 21, 2018), with later amendments"
list3,03048400,030484,"83 FR 47974 (September 21, 2018), with later amendments"
list3,03048500,030485,"83 FR 47974 (September 21, 2018), with later amendments"
list3,03048600,030486,"83 FR 47974 (September 21, 2018), with later amendments"
list3,03048700,030487,"83 FR 47974 (September 21, 2018), with later amendments"
list3,03048800,030488,"83 FR 47974 (September 21, 2018), with later amendments"
list3,03048910,030489,"83 FR 47974 (September 21, 2018), with later amendments"
list3,03048950,030489,"83 FR 47974 (September 21, 2018), with later amendments"
list3,03049110,030491,"83 FR 47974 (September 21, 2018), with later amendments"
list3,03049190,030491,"83 FR 47974 (September 21, 2018), with later amendments"
list3,03049210,030492,"83 FR 47974 (September 21, 2018), with later amendments"
list3,03049290,030492,"83 FR 47974 (September 21, 2018), with later amendments"
list3,03049310,030493,"83 FR 47974 (September 21, 2018), with later amendments"
list3,03049390,030493,"83 FR 47974 (September 21, 2018), with later amendments"
list3,03049490,030494,"83 FR 47974 (September 21, 2018), with later amendments"
list3,03049510,030495,"83 FR 47974 (September 21, 2018), with later amendments"
list3,03049600,030496,"83 FR 47974 (September 21, 2018), with later amendments"
list3,03049700,030497,"83 FR 47974 (September 21, 2018), with later amendments"
list3,03049911,030499,"83 FR 47974 (September 21, 2018), with later amendments"
list3,03049991,030499,"83 FR 47974 (September 21, 2018), with later amendments"
list3,03051020,030510,"83 FR 47974 (September 21, 2018), with later amendments"
list3,03051040,030510,"83 FR 47974 (September 21, 2018), with later amendments"
list3,03052020,030520,"83 FR 47974 (September 21, 2018), with later amendments"
list3,03052040,030520,"83 FR 47974 (September 21, 2018), with later amendments"
list3,03053101,030531,"83 FR 47974 (September 21, 2018), with later amendments"
list3,03053200,030532,"83 FR 47974 (September 21, 2018), with later amendments"
list3,03053920,030539,"83 FR 47974 (September 21, 2018), with later amendments"
list3,03053940,030539,"83 FR 47974 (September 21, 2018), with later amendments"
list3,03053961,030539,"83 FR 47974 (September 21, 2018), with later amendments"
list3,03054100,030541,"83 FR 47974 (September 21, 2018), with later amendments"
list3,03054200,030542,"83 FR 47974 (September 21, 2018), with later amendments"
list3,03054300,030543,"83 FR 47974 (September 21, 2018), with later amendments"
list3,03054401,030544,"83 FR 47974 (September 21, 2018), with later amendments"
list3,03054920,030549,"83 FR 47974 (September 21, 2018), with later amendments"
list3,03054940,030549,"83 FR 47974 (September 21, 2018), with later amendments"
list3,03055100,030551,"83 FR 47974 (September 21, 2018), with later amendments"
list3,03055200,030552,"83 FR 47974 (September 21, 2018), with later amendments"
list3,03055300,030553,"83 FR 47974 (September 21, 2018), with later amendments"
list3,03055400,030554,"83 FR 47974 (September 21, 2018), with later amendments"
list3,03055900,030559,"83 FR 47974 (September 21, 2018), with later amendments"
list3,03056120,030561,"83 FR 47974 (September 21, 2018), with later amendments"
list3,03056140,030561,"83 FR 47974 (September 21, 2018), with later amendments"
list3,03056200,030562,"83 FR 47974 (September 21, 2018), with later amendments"
list3,03056320,030563,"83 FR 47974 (September 21, 2018), with later amendments"
list3,03056340,030563,"83 FR 47974 (September 21, 2018), with later amendments"
list3,03056360,030563,"83 FR 47974 (September 21, 2018), with later amendments"
list3,03056410,030564,"83 FR 47974 (September 21, 2018), with later amendments"
list3,03056450,030564,"83 FR 47974 (September 21, 2018), with later amendments"
list3,03056910,030569,"83 FR 47974 (September 21, 2018), with later amendments"
list3,03056920,030569,"83 FR 47974 (September 21, 2018), with later amendments"
list3,03056930,030569,"83 FR 47974 (September 21, 2018), with later amendments"
list3,03056940,030569,"83 FR 47974 (September 21, 2018), with later amendments"
list3,03056950,030569,"83 FR 47974 (September 21, 2018), with later amendments"
list3,03056960,030569,"83 FR 47974 (September 21, 2018), with later amendments"
list3,03057100,030571,"83 FR 47974 (September 21, 2018), with later amendments"
list3,03057200,030572,"83 FR 47974 (September 21, 2018), with later amendments"
list3,03057900,030579,"83 FR 47974 (September 21, 2018), with later amendments"
list3,03061100,030611,"83 FR 47974 (September 21, 2018), with later amendments"
list3,03061200,030612,"83 FR 47974 (September 21, 2018), with later amendments"
list3,03061420,030614,"83 FR 47974 (September 21, 2018), with later amendments"
list3,03061440,030614,"83 FR 47974 (September 21, 2018), with later amendments"
list3,03061500,030615,"83 FR 47974 (September 21, 2018), with later amendments"
list3,03061600,030616,"83 FR 47974 (September 21, 2018), with later amendments"
list3,03061700,030617,"83 FR 47974 (September 21, 2018), with later amendments"
list3,03061900,030619,"83 FR 47974 (September 21, 2018), with later amendments"
list3,03063100,030631,"83 FR 47974 (September 21, 2018), with later amendments"
list3,03063200,030632,"83 FR 47974 (September 21, 2018), with later amendments"
list3,03063320,030633,"83 FR 47974 (September 21, 2018), with later amendments"
list3,03063340,030633,"83 FR 47974 (September 21, 2018), with later amendments"
list3,03063400,030634,"83 FR 47974 (September 21, 2018), with later amendments"
list3,03063500,030635,"83 FR 47974 (September 21, 2018), with later amendments"
list3,03063600,030636,"83 FR 47974 (September 21, 2018), with later amendments"
list3,03063900,030639,"83 FR 47974 (September 21, 2018), with later amendments"
list3,03069100,030691,"83 FR 47974 (September 21, 2018), with later amendments"
list3,03069200,030692,"83 FR 47974 (September 21, 2018), with later amendments"
list3,03069320,030693,"83 FR 47974 (September 21, 2018), with later amendments"
list3,03069340,030693,"83 FR 47974 (September 21, 2018), with later amendments"
list3,03069400,030694,"83 FR 47974 (September 21, 2018), with later amendments"
list3,03069500,030695,"83 FR 47974 (September 21, 2018), with later amendments"
list3,03069900,030699,"83 FR 47974 (September 21, 2018), with later amendments"
list3,03071100,030711,"83 FR 47974 (September 21, 2018), with later amendments"
list3,03071200,030712,"83 FR 47974 (September 21, 2018), with later amendments"
list3,03071901,030719,"83 FR 47974 (September 21, 2018), with later amendments"
list3,03072100,030721,"83 FR 47974 (September 21, 2018), with later amendments"
list3,03072200,030722,"83 FR 47974 (September 21, 2018), with later amendments"
list3,03072901,030729,"83 FR 47974 (September 21, 2018), with later amendments"
list3,03073100,030731,"83 FR 47974 (September 21, 2018), with later amendments"
list3,03073200,030732,"83 FR 47974 (September 21, 2018), with later amendments"
list3,03073901,030739,"83 FR 47974 (September 21, 2018), with later amendments"
list3,03074200,030742,"83 FR 47974 (September 21, 2018), with later amendments"
list3,03074300,030743,"83 FR 47974 (September 21, 2018), with later amendments"
list3,03074901,030749,"83 FR 47974 (September 21, 2018), with later amendments"
list3,03075100,030751,"83 FR 47974 (September 21, 2018), with later amendments"
list3,03075200,030752,"83 FR 47974 (September 21, 2018), with later amendments"
list3,03075901,030759,"83 FR 47974 (September 21, 2018), with later amendments"
list3,03076000,030760,"83 FR 47974 (September 21, 2018), with later amendments"
list3,03077100,030771,"83 FR 47974 (September 21, 2018), with later amendments"
list3,03077200,030772,"83 FR 47974 (September 21, 2018), with later amendments"
list3,03077901,030779,"83 FR 47974 (September 21, 2018), with later amendments"
list3,03078100,030781,"83 FR 47974 (September 21, 2018), with later amendments"
list3,03078200,030782,"83 FR 47974 (September 21, 2018), with later amendments"
list3,03078300,030783,"83 FR 47974 (September 21, 2018), with later amendments"
list3,03078400,030784,"83 FR 47974 (September 21, 2018), with later amendments"
list3,03078700,030787,"83 FR 47974 (September 21, 2018), with later amendments"
list3,03078800,030788,"83 FR 47974 (September 21, 2018), with later amendments"
list3,03079102,030791,"83 FR 47974 (September 21, 2018), with later amendments"
list3,03079200,030792,"83 FR 47974 (September 21, 2018), with later amendments"
list3,03079902,030799,"83 FR 47974 (September 21, 2018), with later amendments"
list3,03081100,030811,"83 FR 47974 (September 21, 2018), with later amendments"
list3,03081200,030812,"83 FR 47974 (September 21, 2018), with later amendments"
list3,03081901,030819,"83 FR 47974 (September 21, 2018), with later amendments"
list3,03082100,030821,"83 FR 47974 (September 21, 2018), with later amendments"
list3,03082200,030822,"83 FR 47974 (September 21, 2018), with later amendments"
list3,03082901,030829,"83 FR 47974 (September 21, 2018), with later amendments"
list3,03083000,030830,"83 FR 47974 (September 21, 2018), with later amendments"
list3,03089000,030890,"83 FR 47974 (September 21, 2018), with later amendments"
list3,04041005,040410,"83 FR 47974 (September 21, 2018), with later amendments"
list3,04041008,040410,"83 FR 47974 (September 21, 2018), with later amendments"
list3,04041011,040410,"83 FR 47974 (September 21, 2018), with later amendments"
list3,04041015,040410,"83 FR 47974 (September 21, 2018), with later amendments"
list3,04041020,040410,"83 FR 47974 (September 21, 2018), with later amendments"
list3,04041048,040410,"83 FR 47974 (September 21, 2018), with later amendments"
list3,04041050,040410,"83 FR 47974 (September 21, 2018), with later amendments"
list3,04041090,040410,"83 FR 47974 (September 21, 2018), with later amendments"
list3,04051005,040510,"83 FR 47974 (September 21, 2018), with later amendments"
list3,04051010,040510,"83 FR 47974 (September 21, 2018), with later amendments"
list3,04051020,040510,"83 FR 47974 (September 21, 2018), with later amendments"
list3,04071900,040719,"83 FR 47974 (September 21, 2018), with later amendments"
list3,04072100,040721,"83 FR 47974 (September 21, 2018), with later amendments"
list3,04072900,040729,"83 FR 47974 (September 21, 2018), with later amendments"
list3,04079000,040790,"83 FR 47974 (September 21, 2018), with later amendments"
list3,04081100,040811,"83 FR 47974 (September 21, 2018), with later amendments"
list3,04081900,040819,"83 FR 47974 (September 21, 2018), with later amendments"
list3,04089900,040899,"83 FR 47974 (September 21, 2018), with later amendments"
list3,04090000,040900,"83 FR 47974 (September 21, 2018), with later amendments"
list3,04100000,041000,"83 FR 47974 (September 21, 2018), with later amendments"
list3,05059020,050590,"83 FR 47974 (September 21, 2018), with later amendments"
list3,05059060,050590,"83 FR 47974 (September 21, 2018), with later amendments"
list3,05061000,050610,"83 FR 47974 (September 21, 2018), with later amendments"
list3,05069000,050690,"83 FR 47974 (September 21, 2018), with later amendments"
list3,05079000,050790,"83 FR 47974 (September 21, 2018), with later amendments"
list3,05080000,050800,"83 FR 47974 (September 21, 2018), with later amendments"
list3,05100040,051000,"83 FR 47974 (September 21, 2018), with later amendments"
list3,05111000,051110,"83 FR 47974 (September 21, 2018), with later amendments"
list3,05119100,051191,"83 FR 47974 (September 21, 2018), with later amendments"
list3,05119920,051199,"83 FR 47974 (September 21, 2018), with later amendments"
list3,05119930,051199,"83 FR 47974 (September 21, 2018), with later amendments"
list3,05119933,051199,"83 FR 47974 (September 21, 2018), with later amendments"
list3,05119936,051199,"83 FR 47974 (September 21, 2018), with later amendments"
list3,05119940,051199,"83 FR 47974 (September 21, 2018), with later amendments"
list3,07031020,070310,"83 FR 47974 (September 21, 2018), with later amendments"
list3,07031030,070310,"83 FR 47974 (September 21, 2018), with later amendments"
list3,07031040,070310,"83 FR 47974 (September 21, 2018), with later amendments"
list3,07032000,070320,"83 FR 47974 (September 21, 2018), with later amendments"
list3,07039000,070390,"83 FR 47974 (September 21, 2018), with later amendments"
list3,07041020,070410,"83 FR 47974 (September 21, 2018), with later amendments"
list3,07041040,070410,"83 FR 47974 (September 21, 2018), with later amendments"
list3,07041060,070410,"83 FR 47974 (September 21, 2018), with later amendments"
list3,07049020,070490,"83 FR 47974 (September 21, 2018), with later amendments"
list3,07049040,070490,"83 FR 47974 (September 21, 2018), with later amendments"
list3,07061005,070610,"83 FR 47974 (September 21, 2018), with later amendments"
list3,07061010,070610,"83 FR 47974 (September 21, 2018), with later amendments"
list3,07061020,070610,"83 FR 47974 (September 21, 2018), with later amendments"
list3,07061040,070610,"83 FR 47974 (September 21, 2018), with later amendments"
list3,07069020,070690,"83 FR 47974 (September 21, 2018), with later amendments"
list3,07069030,070690,"83 FR 47974 (September 21, 2018), with later amendments"
list3,07069040,070690,"83 FR 47974 (September 21, 2018), with later amendments"
list3,07070050,070700,"83 FR 47974 (September 21, 2018), with later amendments"
list3,07081020,070810,"83 FR 47974 (September 21, 2018), with later amendments"
list3,07081040,070810,"83 FR 47974 (September 21, 2018), with later amendments"
list3,07082020,070820,"83 FR 47974 (September 21, 2018), with later amendments"
list3,07082090,070820,"83 FR 47974 (September 21, 2018), with later amendments"
list3,07089015,070890,"83 FR 47974 (September 21, 2018), with later amendments"
list3,07089040,070890,"83 FR 47974 (September 21, 2018), with later amendments"
list3,07094020,070940,"83 FR 47974 (September 21, 2018), with later amendments"
list3,07094040,070940,"83 FR 47974 (September 21, 2018), with later amendments"
list3,07094060,070940,"83 FR 47974 (September 21, 2018), with later amendments"
list3,07095101,070951,"83 FR 47974 (September 21, 2018), with later amendments"
list3,07095910,070959,"83 FR 47974 (September 21, 2018), with later amendments"
list3,07095990,070959,"83 FR 47974 (September 21, 2018), with later amendments"
list3,07096020,070960,"83 FR 47974 (September 21, 2018), with later amendments"
list3,07096040,070960,"83 FR 47974 (September 21, 2018), with later amendments"
list3,07099320,070993,"83 FR 47974 (September 21, 2018), with later amendments"
list3,07099905,070999,"83 FR 47974 (September 21, 2018), with later amendments"
list3,07099910,070999,"83 FR 47974 (September 21, 2018), with later amendments"
list3,07099914,070999,"83 FR 47974 (September 21, 2018), with later amendments"
list3,07099930,070999,"83 FR 47974 (September 21, 2018), with later amendments"
list3,07099945,070999,"83 FR 47974 (September 21, 2018), with later amendments"
list3,07099990,070999,"83 FR 47974 (September 21, 2018), with later amendments"
list3,07101000,071010,"83 FR 47974 (September 21, 2018), with later amendments"
list3,07102120,071021,"83 FR 47974 (September 21, 2018), with later amendments"
list3,07102140,071021,"83 FR 47974 (September 21, 2018), with later amendments"
list3,07102210,071022,"83 FR 47974 (September 21, 2018), with later amendments"
list3,07102215,071022,"83 FR 47974 (September 21, 2018), with later amendments"
list3,07102220,071022,"83 FR 47974 (September 21, 2018), with later amendments"
list3,07102225,071022,"83 FR 47974 (September 21, 2018), with later amendments"
list3,07102237,071022,"83 FR 47974 (September 21, 2018), with later amendments"
list3,07102240,071022,"83 FR 47974 (September 21, 2018), with later amendments"
list3,07102905,071029,"83 FR 47974 (September 21, 2018), with later amendments"
list3,07102925,071029,"83 FR 47974 (September 21, 2018), with later amendments"
list3,07102930,071029,"83 FR 47974 (September 21, 2018), with later amendments"
list3,07102940,071029,"83 FR 47974 (September 21, 2018), with later amendments"
list3,07103000,071030,"83 FR 47974 (September 21, 2018), with later amendments"
list3,07104000,071040,"83 FR 47974 (September 21, 2018), with later amendments"
list3,07108015,071080,"83 FR 47974 (September 21, 2018), with later amendments"
list3,07108020,071080,"83 FR 47974 (September 21, 2018), with later amendments"
list3,07108040,071080,"83 FR 47974 (September 21, 2018), with later amendments"
list3,07108045,071080,"83 FR 47974 (September 21, 2018), with later amendments"
list3,07108050,071080,"83 FR 47974 (September 21, 2018), with later amendments"
list3,07108065,071080,"83 FR 47974 (September 21, 2018), with later amendments"
list3,07108070,071080,"83 FR 47974 (September 21, 2018), with later amendments"
list3,07108093,071080,"83 FR 47974 (September 21, 2018), with later amendments"
list3,07108097,071080,"83 FR 47974 (September 21, 2018), with later amendments"
list3,07109011,071090,"83 FR 47974 (September 21, 2018), with later amendments"
list3,07109091,071090,"83 FR 47974 (September 21, 2018), with later amendments"
list3,07114000,071140,"83 FR 47974 (September 21, 2018), with later amendments"
list3,07115100,071151,"83 FR 47974 (September 21, 2018), with later amendments"
list3,07115910,071159,"83 FR 47974 (September 21, 2018), with later amendments"
list3,07119020,071190,"83 FR 47974 (September 21, 2018), with later amendments"
list3,07119050,071190,"83 FR 47974 (September 21, 2018), with later amendments"
list3,07119065,071190,"83 FR 47974 (September 21, 2018), with later amendments"
list3,07122020,071220,"83 FR 47974 (September 21, 2018), with later amendments"
list3,07122040,071220,"83 FR 47974 (September 21, 2018), with later amendments"
list3,07123110,071231,"83 FR 47974 (September 21, 2018), with later amendments"
list3,07123120,071231,"83 FR 47974 (September 21, 2018), with later amendments"
list3,07123200,071232,"83 FR 47974 (September 21, 2018), with later amendments"
list3,07123300,071233,"83 FR 47974 (September 21, 2018), with later amendments"
list3,07123910,071239,"83 FR 47974 (September 21, 2018), with later amendments"
list3,07123920,071239,"83 FR 47974 (September 21, 2018), with later amendments"
list3,07123940,071239,"83 FR 47974 (September 21, 2018), with later amendments"
list3,07129010,071290,"83 FR 47974 (September 21, 2018), with later amendments"
list3,07129015,071290,"83 FR 47974 (September 21, 2018), with later amendments"
list3,07129020,071290,"83 FR 47974 (September 21, 2018), with later amendments"
list3,07129030,071290,"83 FR 47974 (September 21, 2018), with later amendments"
list3,07129040,071290,"83 FR 47974 (September 21, 2018), with later amendments"
list3,07129060,071290,"83 FR 47974 (September 21, 2018), with later amendments"
list3,07129065,071290,"83 FR 47974 (September 21, 2018), with later amendments"
list3,07129070,071290,"83 FR 47974 (September 21, 2018), with later amendments"
list3,07129074,071290,"83 FR 47974 (September 21, 2018), with later amendments"
list3,07129078,071290,"83 FR 47974 (September 21, 2018), with later amendments"
list3,07129085,071290,"83 FR 47974 (September 21, 2018), with later amendments"
list3,07131010,071310,"83 FR 47974 (September 21, 2018), with later amendments"
list3,07131020,071310,"83 FR 47974 (September 21, 2018), with later amendments"
list3,07131040,071310,"83 FR 47974 (September 21, 2018), with later amendments"
list3,07132010,071320,"83 FR 47974 (September 21, 2018), with later amendments"
list3,07132020,071320,"83 FR 47974 (September 21, 2018), with later amendments"
list3,07133110,071331,"83 FR 47974 (September 21, 2018), with later amendments"
list3,07133120,071331,"83 FR 47974 (September 21, 2018), with later amendments"
list3,07133140,071331,"83 FR 47974 (September 21, 2018), with later amendments"
list3,07133210,071332,"83 FR 47974 (September 21, 2018), with later amendments"
list3,07133220,071332,"83 FR 47974 (September 21, 2018), with later amendments"
list3,07133310,071333,"83 FR 47974 (September 21, 2018), with later amendments"
list3,07133320,071333,"83 FR 47974 (September 21, 2018), with later amendments"
list3,07133340,071333,"83 FR 47974 (September 21, 2018), with later amendments"
list3,07133420,071334,"83 FR 47974 (September 21, 2018), with later amendments"
list3,07133440,071334,"83 FR 47974 (September 21, 2018), with later amendments"
list3,07133500,071335,"83 FR 47974 (September 21, 2018), with later amendments"
list3,07133911,071339,"83 FR 47974 (September 21, 2018), with later amendments"
list3,07133921,071339,"83 FR 47974 (September 21, 2018), with later amendments"
list3,07133941,071339,"83 FR 47974 (September 21, 2018), with later amendments"
list3,07134010,071340,"83 FR 47974 (September 21, 2018), with later amendments"
list3,07134020,071340,"83 FR 47974 (September 21, 2018), with later amendments"
list3,07135010,071350,"83 FR 47974 (September 21, 2018), with later amendments"
list3,07135020,071350,"83 FR 47974 (September 21, 2018), with later amendments"
list3,07136060,071360,"83 FR 47974 (September 21, 2018), with later amendments"
list3,07136080,071360,"83 FR 47974 (September 21, 2018), with later amendments"
list3,07139011,071390,"83 FR 47974 (September 21, 2018), with later amendments"
list3,07139050,071390,"83 FR 47974 (September 21, 2018), with later amendments"
list3,07139061,071390,"83 FR 47974 (September 21, 2018), with later amendments"
list3,07139081,071390,"83 FR 47974 (September 21, 2018), with later amendments"
list3,07141020,071410,"83 FR 47974 (September 21, 2018), with later amendments"
list3,07142010,071420,"83 FR 47974 (September 21, 2018), with later amendments"
list3,07142020,071420,"83 FR 47974 (September 21, 2018), with later amendments"
list3,07143010,071430,"83 FR 47974 (September 21, 2018), with later amendments"
list3,07143020,071430,"83 FR 47974 (September 21, 2018), with later amendments"
list3,07143060,071430,"83 FR 47974 (September 21, 2018), with later amendments"
list3,07144010,071440,"83 FR 47974 (September 21, 2018), with later amendments"
list3,07144020,071440,"83 FR 47974 (September 21, 2018), with later amendments"
list3,07144050,071440,"83 FR 47974 (September 21, 2018), with later amendments"
list3,07144060,071440,"83 FR 47974 (September 21, 2018), with later amendments"
list3,07145010,071450,"83 FR 47974 (September 21, 2018), with later amendments"
list3,07145020,071450,"83 FR 47974 (September 21, 2018), with later amendments"
list3,07145050,071450,"83 FR 47974 (September 21, 2018), with later amendments"
list3,07145060,071450,"83 FR 47974 (September 21, 2018), with later amendments"
list3,07149005,071490,"83 FR 47974 (September 21, 2018), with later amendments"
list3,07149039,071490,"83 FR 47974 (September 21, 2018), with later amendments"
list3,07149041,071490,"83 FR 47974 (September 21, 2018), with later amendments"
list3,07149042,071490,"83 FR 47974 (September 21, 2018), with later amendments"
list3,07149044,071490,"83 FR 47974 (September 21, 2018), with later amendments"
list3,07149046,071490,"83 FR 47974 (September 21, 2018), with later amendments"
list3,07149048,071490,"83 FR 47974 (September 21, 2018), with later amendments"
list3,07149051,071490,"83 FR 47974 (September 21, 2018), with later amendments"
list3,07149061,071490,"83 FR 47974 (September 21, 2018), with later amendments"
list3,08011100,080111,"83 FR 47974 (September 21, 2018), with later amendments"
list3,08011901,080119,"83 FR 47974 (September 21, 2018), with later amendments"
list3,08013100,080131,"83 FR 47974 (September 21, 2018), with later amendments"
list3,08013200,080132,"83 FR 47974 (September 21, 2018), with later amendments"
list3,08021100,080211,"83 FR 47974 (September 21, 2018), with later amendments"
list3,08021200,080212,"83 FR 47974 (September 21, 2018), with later amendments"
list3,08022200,080222,"83 FR 47974 (September 21, 2018), with later amendments"
list3,08023100,080231,"83 FR 47974 (September 21, 2018), with later amendments"
list3,08023200,080232,"83 FR 47974 (September 21, 2018), with later amendments"
list3,08024100,080241,"83 FR 47974 (September 21, 2018), with later amendments"
list3,08024200,080242,"83 FR 47974 (September 21, 2018), with later amendments"
list3,08025100,080251,"83 FR 47974 (September 21, 2018), with later amendments"
list3,08025200,080252,"83 FR 47974 (September 21, 2018), with later amendments"
list3,08026200,080262,"83 FR 47974 (September 21, 2018), with later amendments"
list3,08028020,080280,"83 FR 47974 (September 21, 2018), with later amendments"
list3,08029010,080290,"83 FR 47974 (September 21, 2018), with later amendments"
list3,08029015,080290,"83 FR 47974 (September 21, 2018), with later amendments"
list3,08031020,080310,"83 FR 47974 (September 21, 2018), with later amendments"
list3,08039000,080390,"83 FR 47974 (September 21, 2018), with later amendments"
list3,08041020,080410,"83 FR 47974 (September 21, 2018), with later amendments"
list3,08041040,080410,"83 FR 47974 (September 21, 2018), with later amendments"
list3,08041060,080410,"83 FR 47974 (September 21, 2018), with later amendments"
list3,08041080,080410,"83 FR 47974 (September 21, 2018), with later amendments"
list3,08042040,080420,"83 FR 47974 (September 21, 2018), with later amendments"
list3,08042060,080420,"83 FR 47974 (September 21, 2018), with later amendments"
list3,08042080,080420,"83 FR 47974 (September 21, 2018), with later amendments"
list3,08043020,080430,"83 FR 47974 (September 21, 2018), with later amendments"
list3,08043040,080430,"83 FR 47974 (September 21, 2018), with later amendments"
list3,08043060,080430,"83 FR 47974 (September 21, 2018), with later amendments"
list3,08045040,080450,"83 FR 47974 (September 21, 2018), with later amendments"
list3,08045060,080450,"83 FR 47974 (September 21, 2018), with later amendments"
list3,08045080,080450,"83 FR 47974 (September 21, 2018), with later amendments"
list3,08051000,080510,"83 FR 47974 (September 21, 2018), with later amendments"
list3,08052100,080521,"83 FR 47974 (September 21, 2018), with later amendments"
list3,08052200,080522,"83 FR 47974 (September 21, 2018), with later amendments"
list3,08052900,080529,"83 FR 47974 (September 21, 2018), with later amendments"
list3,08062010,080620,"83 FR 47974 (September 21, 2018), with later amendments"
list3,08062020,080620,"83 FR 47974 (September 21, 2018), with later amendments"
list3,08062090,080620,"83 FR 47974 (September 21, 2018), with later amendments"
list3,08081000,080810,"83 FR 47974 (September 21, 2018), with later amendments"
list3,08083020,080830,"83 FR 47974 (September 21, 2018), with later amendments"
list3,08083040,080830,"83 FR 47974 (September 21, 2018), with later amendments"
list3,08084020,080840,"83 FR 47974 (September 21, 2018), with later amendments"
list3,08084040,080840,"83 FR 47974 (September 21, 2018), with later amendments"
list3,08092900,080929,"83 FR 47974 (September 21, 2018), with later amendments"
list3,08093020,080930,"83 FR 47974 (September 21, 2018), with later amendments"
list3,08093040,080930,"83 FR 47974 (September 21, 2018), with later amendments"
list3,08101020,081010,"83 FR 47974 (September 21, 2018), with later amendments"
list3,08101040,081010,"83 FR 47974 (September 21, 2018), with later amendments"
list3,08102010,081020,"83 FR 47974 (September 21, 2018), with later amendments"
list3,08103000,081030,"83 FR 47974 (September 21, 2018), with later amendments"
list3,08104000,081040,"83 FR 47974 (September 21, 2018), with later amendments"
list3,08107000,081070,"83 FR 47974 (September 21, 2018), with later amendments"
list3,08109027,081090,"83 FR 47974 (September 21, 2018), with later amendments"
list3,08109046,081090,"83 FR 47974 (September 21, 2018), with later amendments"
list3,08111000,081110,"83 FR 47974 (September 21, 2018), with later amendments"
list3,08112020,081120,"83 FR 47974 (September 21, 2018), with later amendments"
list3,08112040,081120,"83 FR 47974 (September 21, 2018), with later amendments"
list3,08119010,081190,"83 FR 47974 (September 21, 2018), with later amendments"
list3,08119020,081190,"83 FR 47974 (September 21, 2018), with later amendments"
list3,08119022,081190,"83 FR 47974 (September 21, 2018), with later amendments"
list3,08119025,081190,"83 FR 47974 (September 21, 2018), with later amendments"
list3,08119030,081190,"83 FR 47974 (September 21, 2018), with later amendments"
list3,08119035,081190,"83 FR 47974 (September 21, 2018), with later amendments"
list3,08119040,081190,"83 FR 47974 (September 21, 2018), with later amendments"
list3,08119050,081190,"83 FR 47974 (September 21, 2018), with later amendments"
list3,08119052,081190,"83 FR 47974 (September 21, 2018), with later amendments"
list3,08119055,081190,"83 FR 47974 (September 21, 2018), with later amendments"
list3,08119080,081190,"83 FR 47974 (September 21, 2018), with later amendments"
list3,08129010,081290,"83 FR 47974 (September 21, 2018), with later amendments"
list3,08129020,081290,"83 FR 47974 (September 21, 2018), with later amendments"
list3,08129030,081290,"83 FR 47974 (September 21, 2018), with later amendments"
list3,08129040,081290,"83 FR 47974 (September 21, 2018), with later amendments"
list3,08129050,081290,"83 FR 47974 (September 21, 2018), with later amendments"
list3,08129090,081290,"83 FR 47974 (September 21, 2018), with later amendments"
list3,08131000,081310,"83 FR 47974 (September 21, 2018), with later amendments"
list3,08132010,081320,"83 FR 47974 (September 21, 2018), with later amendments"
list3,08132020,081320,"83 FR 47974 (September 21, 2018), with later amendments"
list3,08133000,081330,"83 FR 47974 (September 21, 2018), with later amendments"
list3,08134010,081340,"83 FR 47974 (September 21, 2018), with later amendments"
list3,08134015,081340,"83 FR 47974 (September 21, 2018), with later amendments"
list3,08134020,081340,"83 FR 47974 (September 21, 2018), with later amendments"
list3,08134030,081340,"83 FR 47974 (September 21, 2018), with later amendments"
list3,08134040,081340,"83 FR 47974 (September 21, 2018), with later amendments"
list3,08134080,081340,"83 FR 47974 (September 21, 2018), with later amendments"
list3,08134090,081340,"83 FR 47974 (September 21, 2018), with later amendments"
list3,08135000,081350,"83 FR 47974 (September 21, 2018), with later amendments"
list3,08140010,081400,"83 FR 47974 (September 21, 2018), with later amendments"
list3,08140040,081400,"83 FR 47974 (September 21, 2018), with later amendments"
list3,08140080,081400,"83 FR 47974 (September 21, 2018), with later amendments"
list3,10011100,100111,"83 FR 47974 (September 21, 2018), with later amendments"
list3,10019900,100199,"83 FR 47974 (September 21, 2018), with later amendments"
list3,10031000,100310,"83 FR 47974 (September 21, 2018), with later amendments"
list3,10039020,100390,"83 FR 47974 (September 21, 2018), with later amendments"
list3,10039040,100390,"83 FR 47974 (September 21, 2018), with later amendments"
list3,10041000,100410,"83 FR 47974 (September 21, 2018), with later amendments"
list3,10049000,100490,"83 FR 47974 (September 21, 2018), with later amendments"
list3,10059020,100590,"83 FR 47974 (September 21, 2018), with later amendments"
list3,10059040,100590,"83 FR 47974 (September 21, 2018), with later amendments"
list3,10062020,100620,"83 FR 47974 (September 21, 2018), with later amendments"
list3,10062040,100620,"83 FR 47974 (September 21, 2018), with later amendments"
list3,10063010,100630,"83 FR 47974 (September 21, 2018), with later amendments"
list3,10063090,100630,"83 FR 47974 (September 21, 2018), with later amendments"
list3,10064000,100640,"83 FR 47974 (September 21, 2018), with later amendments"
list3,10071000,100710,"83 FR 47974 (September 21, 2018), with later amendments"
list3,10079000,100790,"83 FR 47974 (September 21, 2018), with later amendments"
list3,10081000,100810,"83 FR 47974 (September 21, 2018), with later amendments"
list3,10082100,100821,"83 FR 47974 (September 21, 2018), with later amendments"
list3,10082900,100829,"83 FR 47974 (September 21, 2018), with later amendments"
list3,10083000,100830,"83 FR 47974 (September 21, 2018), with later amendments"
list3,10085000,100850,"83 FR 47974 (September 21, 2018), with later amendments"
list3,10089001,100890,"83 FR 47974 (September 21, 2018), with later amendments"
list3,11010000,110100,"83 FR 47974 (September 21, 2018), with later amendments"
list3,11022000,110220,"83 FR 47974 (September 21, 2018), with later amendments"
list3,11029020,110290,"83 FR 47974 (September 21, 2018), with later amendments"
list3,11029025,110290,"83 FR 47974 (September 21, 2018), with later amendments"
list3,11029027,110290,"83 FR 47974 (September 21, 2018), with later amendments"
list3,11029030,110290,"83 FR 47974 (September 21, 2018), with later amendments"
list3,11029060,110290,"83 FR 47974 (September 21, 2018), with later amendments"
list3,11031100,110311,"83 FR 47974 (September 21, 2018), with later amendments"
list3,11031300,110313,"83 FR 47974 (September 21, 2018), with later amendments"
list3,11031912,110319,"83 FR 47974 (September 21, 2018), with later amendments"
list3,11031914,110319,"83 FR 47974 (September 21, 2018), with later amendments"
list3,11031990,110319,"83 FR 47974 (September 21, 2018), with later amendments"
list3,11032000,110320,"83 FR 47974 (September 21, 2018), with later amendments"
list3,11041200,110412,"83 FR 47974 (September 21, 2018), with later amendments"
list3,11041910,110419,"83 FR 47974 (September 21, 2018), with later amendments"
list3,11041990,110419,"83 FR 47974 (September 21, 2018), with later amendments"
list3,11042200,110422,"83 FR 47974 (September 21, 2018), with later amendments"
list3,11042300,110423,"83 FR 47974 (September 21, 2018), with later amendments"
list3,11042910,110429,"83 FR 47974 (September 21, 2018), with later amendments"
list3,11042990,110429,"83 FR 47974 (September 21, 2018), with later amendments"
list3,11043000,110430,"83 FR 47974 (September 21, 2018), with later amendments"
list3,11051000,110510,"83 FR 47974 (September 21, 2018), with later amendments"
list3,11052000,110520,"83 FR 47974 (September 21, 2018), with later amendments"
list3,11061000,110610,"83 FR 47974 (September 21, 2018), with later amendments"
list3,11062010,110620,"83 FR 47974 (September 21, 2018), with later amendments"
list3,11062090,110620,"83 FR 47974 (September 21, 2018), with later amendments"
list3,11063020,110630,"83 FR 47974 (September 21, 2018), with later amendments"
list3,11063040,110630,"83 FR 47974 (September 21, 2018), with later amendments"
list3,11071000,110710,"83 FR 47974 (September 21, 2018), with later amendments"
list3,11072000,110720,"83 FR 47974 (September 21, 2018), with later amendments"
list3,11081100,110811,"83 FR 47974 (September 21, 2018), with later amendments"
list3,11081200,110812,"83 FR 47974 (September 21, 2018), with later amendments"
list3,11081300,110813,"83 FR 47974 (September 21, 2018), with later amendments"
list3,11081400,110814,"83 FR 47974 (September 21, 2018), with later amendments"
list3,11081900,110819,"83 FR 47974 (September 21, 2018), with later amendments"
list3,11082000,110820,"83 FR 47974 (September 21, 2018), with later amendments"
list3,11090010,110900,"83 FR 47974 (September 21, 2018), with later amendments"
list3,11090090,110900,"83 FR 47974 (September 21, 2018), with later amendments"
list3,12011000,120110,"83 FR 47974 (September 21, 2018), with later amendments"
list3,12019000,120190,"83 FR 47974 (September 21, 2018), with later amendments"
list3,12023040,120230,"83 FR 47974 (September 21, 2018), with later amendments"
list3,12040000,120400,"83 FR 47974 (September 21, 2018), with later amendments"
list3,12051000,120510,"83 FR 47974 (September 21, 2018), with later amendments"
list3,12059000,120590,"83 FR 47974 (September 21, 2018), with later amendments"
list3,12060000,120600,"83 FR 47974 (September 21, 2018), with later amendments"
list3,12074000,120740,"83 FR 47974 (September 21, 2018), with later amendments"
list3,12075000,120750,"83 FR 47974 (September 21, 2018), with later amendments"
list3,12076000,120760,"83 FR 47974 (September 21, 2018), with later amendments"
list3,12077000,120770,"83 FR 47974 (September 21, 2018), with later amendments"
list3,12079100,120791,"83 FR 47974 (September 21, 2018), with later amendments"
list3,12079903,120799,"83 FR 47974 (September 21, 2018), with later amendments"
list3,12081000,120810,"83 FR 47974 (September 21, 2018), with later amendments"
list3,12089000,120890,"83 FR 47974 (September 21, 2018), with later amendments"
list3,12091000,120910,"83 FR 47974 (September 21, 2018), with later amendments"
list3,12092100,120921,"83 FR 47974 (September 21, 2018), with later amendments"
list3,12092500,120925,"83 FR 47974 (September 21, 2018), with later amendments"
list3,12092910,120929,"83 FR 47974 (September 21, 2018), with later amendments"
list3,12092991,120929,"83 FR 47974 (September 21, 2018), with later amendments"
list3,12093000,120930,"83 FR 47974 (September 21, 2018), with later amendments"
list3,12099110,120991,"83 FR 47974 (September 21, 2018), with later amendments"
list3,12099120,120991,"83 FR 47974 (September 21, 2018), with later amendments"
list3,12099140,120991,"83 FR 47974 (September 21, 2018), with later amendments"
list3,12099150,120991,"83 FR 47974 (September 21, 2018), with later amendments"
list3,12099160,120991,"83 FR 47974 (September 21, 2018), with later amendments"
list3,12099180,120991,"83 FR 47974 (September 21, 2018), with later amendments"
list3,12099920,120999,"83 FR 47974 (September 21, 2018), with later amendments"
list3,12099941,120999,"83 FR 47974 (September 21, 2018), with later amendments"
list3,12101000,121010,"83 FR 47974 (September 21, 2018), with later amendments"
list3,12112010,121120,"83 FR 47974 (September 21, 2018), with later amendments"
list3,12112015,121120,"83 FR 47974 (September 21, 2018), with later amendments"
list3,12113000,121130,"83 FR 47974 (September 21, 2018), with later amendments"
list3,12114000,121140,"83 FR 47974 (September 21, 2018), with later amendments"
list3,12115000,121150,"83 FR 47974 (September 21, 2018), with later amendments"
list3,12119020,121190,"83 FR 47974 (September 21, 2018), with later amendments"
list3,12119040,121190,"83 FR 47974 (September 21, 2018), with later amendments"
list3,12119092,121190,"83 FR 47974 (September 21, 2018), with later amendments"
list3,12119093,121190,"83 FR 47974 (September 21, 2018), with later amendments"
list3,12122100,121221,"83 FR 47974 (September 21, 2018), with later amendments"
list3,12122900,121229,"83 FR 47974 (September 21, 2018), with later amendments"
list3,12129200,121292,"83 FR 47974 (September 21, 2018), with later amendments"
list3,12129920,121299,"83 FR 47974 (September 21, 2018), with later amendments"
list3,12129930,121299,"83 FR 47974 (September 21, 2018), with later amendments"
list3,12129992,121299,"83 FR 47974 (September 21, 2018), with later amendments"
list3,12130000,121300,"83 FR 47974 (September 21, 2018), with later amendments"
list3,12141000,121410,"83 FR 47974 (September 21, 2018), with later amendments"
list3,12149000,121490,"83 FR 47974 (September 21, 2018), with later amendments"
list3,14011000,140110,"83 FR 47974 (September 21, 2018), with later amendments"
list3,14019020,140190,"83 FR 47974 (September 21, 2018), with later amendments"
list3,14019040,140190,"83 FR 47974 (September 21, 2018), with later amendments"
list3,14042000,140420,"83 FR 47974 (September 21, 2018), with later amendments"
list3,14049010,140490,"83 FR 47974 (September 21, 2018), with later amendments"
list3,14049030,140490,"83 FR 47974 (September 21, 2018), with later amendments"
list3,14049040,140490,"83 FR 47974 (September 21, 2018), with later amendments"
list3,14049090,140490,"83 FR 47974 (September 21, 2018), with later amendments"
list3,15041020,150410,"83 FR 47974 (September 21, 2018), with later amendments"
list3,15041040,150410,"83 FR 47974 (September 21, 2018), with later amendments"
list3,15042020,150420,"83 FR 47974 (September 21, 2018), with later amendments"
list3,15042040,150420,"83 FR 47974 (September 21, 2018), with later amendments"
list3,15042060,150420,"83 FR 47974 (September 21, 2018), with later amendments"
list3,15050010,150500,"83 FR 47974 (September 21, 2018), with later amendments"
list3,15050090,150500,"83 FR 47974 (September 21, 2018), with later amendments"
list3,15060000,150600,"83 FR 47974 (September 21, 2018), with later amendments"
list3,16023200,160232,"83 FR 47974 (September 21, 2018), with later amendments"
list3,16030010,160300,"83 FR 47974 (September 21, 2018), with later amendments"
list3,16030090,160300,"83 FR 47974 (September 21, 2018), with later amendments"
list3,16041120,160411,"83 FR 47974 (September 21, 2018), with later amendments"
list3,16041140,160411,"83 FR 47974 (September 21, 2018), with later amendments"
list3,16041220,160412,"83 FR 47974 (September 21, 2018), with later amendments"
list3,16041240,160412,"83 FR 47974 (September 21, 2018), with later amendments"
list3,16041260,160412,"83 FR 47974 (September 21, 2018), with later amendments"
list3,16041310,160413,"83 FR 47974 (September 21, 2018), with later amendments"
list3,16041320,160413,"83 FR 47974 (September 21, 2018), with later amendments"
list3,16041330,160413,"83 FR 47974 (September 21, 2018), with later amendments"
list3,16041340,160413,"83 FR 47974 (September 21, 2018), with later amendments"
list3,16041390,160413,"83 FR 47974 (September 21, 2018), with later amendments"
list3,16041410,160414,"83 FR 47974 (September 21, 2018), with later amendments"
list3,16041422,160414,"83 FR 47974 (September 21, 2018), with later amendments"
list3,16041430,160414,"83 FR 47974 (September 21, 2018), with later amendments"
list3,16041440,160414,"83 FR 47974 (September 21, 2018), with later amendments"
list3,16041450,160414,"83 FR 47974 (September 21, 2018), with later amendments"
list3,16041470,160414,"83 FR 47974 (September 21, 2018), with later amendments"
list3,16041480,160414,"83 FR 47974 (September 21, 2018), with later amendments"
list3,16041500,160415,"83 FR 47974 (September 21, 2018), with later amendments"
list3,16041620,160416,"83 FR 47974 (September 21, 2018), with later amendments"
list3,16041640,160416,"83 FR 47974 (September 21, 2018), with later amendments"
list3,16041660,160416,"83 FR 47974 (September 21, 2018), with later amendments"
list3,16041710,160417,"83 FR 47974 (September 21, 2018), with later amendments"
list3,16041740,160417,"83 FR 47974 (September 21, 2018), with later amendments"
list3,16041750,160417,"83 FR 47974 (September 21, 2018), with later amendments"
list3,16041760,160417,"83 FR 47974 (September 21, 2018), with later amendments"
list3,16041780,160417,"83 FR 47974 (September 21, 2018), with later amendments"
list3,16041810,160418,"83 FR 47974 (September 21, 2018), with later amendments"
list3,16041890,160418,"83 FR 47974 (September 21, 2018), with later amendments"
list3,16041910,160419,"83 FR 47974 (September 21, 2018), with later amendments"
list3,16041922,160419,"83 FR 47974 (September 21, 2018), with later amendments"
list3,16041925,160419,"83 FR 47974 (September 21, 2018), with later amendments"
list3,16041932,160419,"83 FR 47974 (September 21, 2018), with later amendments"
list3,16041941,160419,"83 FR 47974 (September 21, 2018), with later amendments"
list3,16041951,160419,"83 FR 47974 (September 21, 2018), with later amendments"
list3,16041961,160419,"83 FR 47974 (September 21, 2018), with later amendments"
list3,16041982,160419,"83 FR 47974 (September 21, 2018), with later amendments"
list3,16042005,160420,"83 FR 47974 (September 21, 2018), with later amendments"
list3,16042010,160420,"83 FR 47974 (September 21, 2018), with later amendments"
list3,16042015,160420,"83 FR 47974 (September 21, 2018), with later amendments"
list3,16042020,160420,"83 FR 47974 (September 21, 2018), with later amendments"
list3,16042025,160420,"83 FR 47974 (September 21, 2018), with later amendments"
list3,16042030,160420,"83 FR 47974 (September 21, 2018), with later amendments"
list3,16042040,160420,"83 FR 47974 (September 21, 2018), with later amendments"
list3,16042050,160420,"83 FR 47974 (September 21, 2018), with later amendments"
list3,16042060,160420,"83 FR 47974 (September 21, 2018), with later amendments"
list3,16043100,160431,"83 FR 47974 (September 21, 2018), with later amendments"
list3,16043230,160432,"83 FR 47974 (September 21, 2018), with later amendments"
list3,16043240,160432,"83 FR 47974 (September 21, 2018), with later amendments"
list3,16051005,160510,"83 FR 47974 (September 21, 2018), with later amendments"
list3,16051020,160510,"83 FR 47974 (September 21, 2018), with later amendments"
list3,16051040,160510,"83 FR 47974 (September 21, 2018), with later amendments"
list3,16051060,160510,"83 FR 47974 (September 21, 2018), with later amendments"
list3,16052105,160521,"83 FR 47974 (September 21, 2018), with later amendments"
list3,16052110,160521,"83 FR 47974 (September 21, 2018), with later amendments"
list3,16052905,160529,"83 FR 47974 (September 21, 2018), with later amendments"
list3,16052910,160529,"83 FR 47974 (September 21, 2018), with later amendments"
list3,16053005,160530,"83 FR 47974 (September 21, 2018), with later amendments"
list3,16053010,160530,"83 FR 47974 (September 21, 2018), with later amendments"
list3,16054005,160540,"83 FR 47974 (September 21, 2018), with later amendments"
list3,16054010,160540,"83 FR 47974 (September 21, 2018), with later amendments"
list3,16055105,160551,"83 FR 47974 (September 21, 2018), with later amendments"
list3,16055140,160551,"83 FR 47974 (September 21, 2018), with later amendments"
list3,16055150,160551,"83 FR 47974 (September 21, 2018), with later amendments"
list3,16055205,160552,"83 FR 47974 (September 21, 2018), with later amendments"
list3,16055260,160552,"83 FR 47974 (September 21, 2018), with later amendments"
list3,16055305,160553,"83 FR 47974 (September 21, 2018), with later amendments"
list3,16055360,160553,"83 FR 47974 (September 21, 2018), with later amendments"
list3,16055405,160554,"83 FR 47974 (September 21, 2018), with later amendments"
list3,16055460,160554,"83 FR 47974 (September 21, 2018), with later amendments"
list3,16055505,160555,"83 FR 47974 (September 21, 2018), with later amendments"
list3,16055560,160555,"83 FR 47974 (September 21, 2018), with later amendments"
list3,16055605,160556,"83 FR 47974 (September 21, 2018), with later amendments"
list3,16055610,160556,"83 FR 47974 (September 21, 2018), with later amendments"
list3,16055615,160556,"83 FR 47974 (September 21, 2018), with later amendments"
list3,16055620,160556,"83 FR 47974 (September 21, 2018), with later amendments"
list3,16055630,160556,"83 FR 47974 (September 21, 2018), with later amendments"
list3,16055660,160556,"83 FR 47974 (September 21, 2018), with later amendments"
list3,16055705,160557,"83 FR 47974 (September 21, 2018), with later amendments"
list3,16055760,160557,"83 FR 47974 (September 21, 2018), with later amendments"
list3,16055805,160558,"83 FR 47974 (September 21, 2018), with later amendments"
list3,16055855,160558,"83 FR 47974 (September 21, 2018), with later amendments"
list3,16055905,160559,"83 FR 47974 (September 21, 2018), with later amendments"
list3,16055960,160559,"83 FR 47974 (September 21, 2018), with later amendments"
list3,16056100,160561,"83 FR 47974 (September 21, 2018), with later amendments"
list3,16056200,160562,"83 FR 47974 (September 21, 2018), with later amendments"
list3,16056300,160563,"83 FR 47974 (September 21, 2018), with later amendments"
list3,16056900,160569,"83 FR 47974 (September 21, 2018), with later amendments"
list3,17019910,170199,"83 FR 47974 (September 21, 2018), with later amendments"
list3,17019950,170199,"83 FR 47974 (September 21, 2018), with later amendments"
list3,17029090,170290,"83 FR 47974 (September 21, 2018), with later amendments"
list3,17049035,170490,"83 FR 47974 (September 21, 2018), with later amendments"
list3,17049090,170490,"83 FR 47974 (September 21, 2018), with later amendments"
list3,19019091,190190,"83 FR 47974 (September 21, 2018), with later amendments"
list3,19021920,190219,"83 FR 47974 (September 21, 2018), with later amendments"
list3,19021940,190219,"83 FR 47974 (September 21, 2018), with later amendments"
list3,19022000,190220,"83 FR 47974 (September 21, 2018), with later amendments"
list3,19023000,190230,"83 FR 47974 (September 21, 2018), with later amendments"
list3,19059010,190590,"83 FR 47974 (September 21, 2018), with later amendments"
list3,20011000,200110,"83 FR 47974 (September 21, 2018), with later amendments"
list3,20019020,200190,"83 FR 47974 (September 21, 2018), with later amendments"
list3,20019025,200190,"83 FR 47974 (September 21, 2018), with later amendments"
list3,20019030,200190,"83 FR 47974 (September 21, 2018), with later amendments"
list3,20019034,200190,"83 FR 47974 (September 21, 2018), with later amendments"
list3,20019035,200190,"83 FR 47974 (September 21, 2018), with later amendments"
list3,20019038,200190,"83 FR 47974 (September 21, 2018), with later amendments"
list3,20019042,200190,"83 FR 47974 (September 21, 2018), with later amendments"
list3,20019048,200190,"83 FR 47974 (September 21, 2018), with later amendments"
list3,20019050,200190,"83 FR 47974 (September 21, 2018), with later amendments"
list3,20019060,200190,"83 FR 47974 (September 21, 2018), with later amendments"
list3,20021000,200210,"83 FR 47974 (September 21, 2018), with later amendments"
list3,20029040,200290,"83 FR 47974 (September 21, 2018), with later amendments"
list3,20029080,200290,"83 FR 47974 (September 21, 2018), with later amendments"
list3,20031001,200310,"83 FR 47974 (September 21, 2018), with later amendments"
list3,20039010,200390,"83 FR 47974 (September 21, 2018), with later amendments"
list3,20039080,200390,"83 FR 47974 (September 21, 2018), with later amendments"
list3,20041080,200410,"83 FR 47974 (September 21, 2018), with later amendments"
list3,20049080,200490,"83 FR 47974 (September 21, 2018), with later amendments"
list3,20049085,200490,"83 FR 47974 (September 21, 2018), with later amendments"
list3,20052000,200520,"83 FR 47974 (September 21, 2018), with later amendments"
list3,20054000,200540,"83 FR 47974 (September 21, 2018), with later amendments"
list3,20055120,200551,"83 FR 47974 (September 21, 2018), with later amendments"
list3,20055140,200551,"83 FR 47974 (September 21, 2018), with later amendments"
list3,20055900,200559,"83 FR 47974 (September 21, 2018), with later amendments"
list3,20056000,200560,"83 FR 47974 (September 21, 2018), with later amendments"
list3,20057025,200570,"83 FR 47974 (September 21, 2018), with later amendments"
list3,20057060,200570,"83 FR 47974 (September 21, 2018), with later amendments"
list3,20057070,200570,"83 FR 47974 (September 21, 2018), with later amendments"
list3,20057075,200570,"83 FR 47974 (September 21, 2018), with later amendments"
list3,20057097,200570,"83 FR 47974 (September 21, 2018), with later amendments"
list3,20058000,200580,"83 FR 47974 (September 21, 2018), with later amendments"
list3,20059160,200591,"83 FR 47974 (September 21, 2018), with later amendments"
list3,20059197,200591,"83 FR 47974 (September 21, 2018), with later amendments"
list3,20059910,200599,"83 FR 47974 (September 21, 2018), with later amendments"
list3,20059920,200599,"83 FR 47974 (September 21, 2018), with later amendments"
list3,20059930,200599,"83 FR 47974 (September 21, 2018), with later amendments"
list3,20059941,200599,"83 FR 47974 (September 21, 2018), with later amendments"
list3,20059950,200599,"83 FR 47974 (September 21, 2018), with later amendments"
list3,20059955,200599,"83 FR 47974 (September 21, 2018), with later amendments"
list3,20059980,200599,"83 FR 47974 (September 21, 2018), with later amendments"
list3,20059985,200599,"83 FR 47974 (September 21, 2018), with later amendments"
list3,20059997,200599,"83 FR 47974 (September 21, 2018), with later amendments"
list3,20060020,200600,"83 FR 47974 (September 21, 2018), with later amendments"
list3,20060030,200600,"83 FR 47974 (September 21, 2018), with later amendments"
list3,20060040,200600,"83 FR 47974 (September 21, 2018), with later amendments"
list3,20060050,200600,"83 FR 47974 (September 21, 2018), with later amendments"
list3,20060060,200600,"83 FR 47974 (September 21, 2018), with later amendments"
list3,20060070,200600,"83 FR 47974 (September 21, 2018), with later amendments"
list3,20060090,200600,"83 FR 47974 (September 21, 2018), with later amendments"
list3,20071000,200710,"83 FR 47974 (September 21, 2018), with later amendments"
list3,20079110,200791,"83 FR 47974 (September 21, 2018), with later amendments"
list3,20079140,200791,"83 FR 47974 (September 21, 2018), with later amendments"
list3,20079905,200799,"83 FR 47974 (September 21, 2018), with later amendments"
list3,20079910,200799,"83 FR 47974 (September 21, 2018), with later amendments"
list3,20079915,200799,"83 FR 47974 (September 21, 2018), with later amendments"
list3,20079920,200799,"83 FR 47974 (September 21, 2018), with later amendments"
list3,20079925,200799,"83 FR 47974 (September 21, 2018), with later amendments"
list3,20079935,200799,"83 FR 47974 (September 21, 2018), with later amendments"
list3,20079940,200799,"83 FR 47974 (September 21, 2018), with later amendments"
list3,20079945,200799,"83 FR 47974 (September 21, 2018), with later amendments"
list3,20079948,200799,"83 FR 47974 (September 21, 2018), with later amendments"
list3,20079950,200799,"83 FR 47974 (September 21, 2018), with later amendments"
list3,20079960,200799,"83 FR 47974 (September 21, 2018), with later amendments"
list3,20079965,200799,"83 FR 47974 (September 21, 2018), with later amendments"
list3,20079970,200799,"83 FR 47974 (September 21, 2018), with later amendments"
list3,20079975,200799,"83 FR 47974 (September 21, 2018), with later amendments"
list3,20081102,200811,"83 FR 47974 (September 21, 2018), with later amendments"
list3,20081105,200811,"83 FR 47974 (September 21, 2018), with later amendments"
list3,20081115,200811,"83 FR 47974 (September 21, 2018), with later amendments"
list3,20081122,200811,"83 FR 47974 (September 21, 2018), with later amendments"
list3,20081125,200811,"83 FR 47974 (September 21, 2018), with later amendments"
list3,20081142,200811,"83 FR 47974 (September 21, 2018), with later amendments"
list3,20081145,200811,"83 FR 47974 (September 21, 2018), with later amendments"
list3,20081910,200819,"83 FR 47974 (September 21, 2018), with later amendments"
list3,20081915,200819,"83 FR 47974 (September 21, 2018), with later amendments"
list3,20081920,200819,"83 FR 47974 (September 21, 2018), with later amendments"
list3,20081925,200819,"83 FR 47974 (September 21, 2018), with later amendments"
list3,20081930,200819,"83 FR 47974 (September 21, 2018), with later amendments"
list3,20081940,200819,"83 FR 47974 (September 21, 2018), with later amendments"
list3,20081950,200819,"83 FR 47974 (September 21, 2018), with later amendments"
list3,20081985,200819,"83 FR 47974 (September 21, 2018), with later amendments"
list3,20081990,200819,"83 FR 47974 (September 21, 2018), with later amendments"
list3,20082000,200820,"83 FR 47974 (September 21, 2018), with later amendments"
list3,20083010,200830,"83 FR 47974 (September 21, 2018), with later amendments"
list3,20083020,200830,"83 FR 47974 (September 21, 2018), with later amendments"
list3,20083030,200830,"83 FR 47974 (September 21, 2018), with later amendments"
list3,20083040,200830,"83 FR 47974 (September 21, 2018), with later amendments"
list3,20083042,200830,"83 FR 47974 (September 21, 2018), with later amendments"
list3,20083046,200830,"83 FR 47974 (September 21, 2018), with later amendments"
list3,20083048,200830,"83 FR 47974 (September 21, 2018), with later amendments"
list3,20083055,200830,"83 FR 47974 (September 21, 2018), with later amendments"
list3,20083070,200830,"83 FR 47974 (September 21, 2018), with later amendments"
list3,20083080,200830,"83 FR 47974 (September 21, 2018), with later amendments"
list3,20083096,200830,"83 FR 47974 (September 21, 2018), with later amendments"
list3,20084000,200840,"83 FR 47974 (September 21, 2018), with later amendments"
list3,20085020,200850,"83 FR 47974 (September 21, 2018), with later amendments"
list3,20085040,200850,"83 FR 47974 (September 21, 2018), with later amendments"
list3,20086000,200860,"83 FR 47974 (September 21, 2018), with later amendments"
list3,20087010,200870,"83 FR 47974 (September 21, 2018), with later amendments"
list3,20087020,200870,"83 FR 47974 (September 21, 2018), with later amendments"
list3,20088000,200880,"83 FR 47974 (September 21, 2018), with later amendments"
list3,20089300,200893,"83 FR 47974 (September 21, 2018), with later amendments"
list3,20089710,200897,"83 FR 47974 (September 21, 2018), with later amendments"
list3,20089790,200897,"83 FR 47974 (September 21, 2018), with later amendments"
list3,20089905,200899,"83 FR 47974 (September 21, 2018), with later amendments"
list3,20089915,200899,"83 FR 47974 (September 21, 2018), with later amendments"
list3,20089918,200899,"83 FR 47974 (September 21, 2018), with later amendments"
list3,20089921,200899,"83 FR 47974 (September 21, 2018), with later amendments"
list3,20089923,200899,"83 FR 47974 (September 21, 2018), with later amendments"
list3,20089925,200899,"83 FR 47974 (September 21, 2018), with later amendments"
list3,20089928,200899,"83 FR 47974 (September 21, 2018), with later amendments"
list3,20089929,200899,"83 FR 47974 (September 21, 2018), with later amendments"
list3,20089930,200899,"83 FR 47974 (September 21, 2018), with later amendments"
list3,20089935,200899,"83 FR 47974 (September 21, 2018), with later amendments"
list3,20089940,200899,"83 FR 47974 (September 21, 2018), with later amendments"
list3,20089950,200899,"83 FR 47974 (September 21, 2018), with later amendments"
list3,20089960,200899,"83 FR 47974 (September 21, 2018), with later amendments"
list3,20089961,200899,"83 FR 47974 (September 21, 2018), with later amendments"
list3,20089963,200899,"83 FR 47974 (September 21, 2018), with later amendments"
list3,20089970,200899,"83 FR 47974 (September 21, 2018), with later amendments"
list3,20089971,200899,"83 FR 47974 (September 21, 2018), with later amendments"
list3,20089980,200899,"83 FR 47974 (September 21, 2018), with later amendments"
list3,20089991,200899,"83 FR 47974 (September 21, 2018), with later amendments"
list3,20091100,200911,"83 FR 47974 (September 21, 2018), with later amendments"
list3,20092900,200929,"83 FR 47974 (September 21, 2018), with later amendments"
list3,20093120,200931,"83 FR 47974 (September 21, 2018), with later amendments"
list3,20093140,200931,"83 FR 47974 (September 21, 2018), with later amendments"
list3,20093160,200931,"83 FR 47974 (September 21, 2018), with later amendments"
list3,20093960,200939,"83 FR 47974 (September 21, 2018), with later amendments"
list3,20094140,200941,"83 FR 47974 (September 21, 2018), with later amendments"
list3,20094940,200949,"83 FR 47974 (September 21, 2018), with later amendments"
list3,20095000,200950,"83 FR 47974 (September 21, 2018), with later amendments"
list3,20096900,200969,"83 FR 47974 (September 21, 2018), with later amendments"
list3,20097100,200971,"83 FR 47974 (September 21, 2018), with later amendments"
list3,20097900,200979,"83 FR 47974 (September 21, 2018), with later amendments"
list3,20098920,200989,"83 FR 47974 (September 21, 2018), with later amendments"
list3,20098960,200989,"83 FR 47974 (September 21, 2018), with later amendments"
list3,20098980,200989,"83 FR 47974 (September 21, 2018), with later amendments"
list3,20099040,200990,"83 FR 47974 (September 21, 2018), with later amendments"
list3,21031000,210310,"83 FR 47974 (September 21, 2018), with later amendments"
list3,21039080,210390,"83 FR 47974 (September 21, 2018), with later amendments"
list3,21061000,210610,"83 FR 47974 (September 21, 2018), with later amendments"
list3,22011000,220110,"83 FR 47974 (September 21, 2018), with later amendments"
list3,22019000,220190,"83 FR 47974 (September 21, 2018), with later amendments"
list3,22021000,220210,"83 FR 47974 (September 21, 2018), with later amendments"
list3,22029930,220299,"83 FR 47974 (September 21, 2018), with later amendments"
list3,22029935,220299,"83 FR 47974 (September 21, 2018), with later amendments"
list3,22029936,220299,"83 FR 47974 (September 21, 2018), with later amendments"
list3,22029937,220299,"83 FR 47974 (September 21, 2018), with later amendments"
list3,22029990,220299,"83 FR 47974 (September 21, 2018), with later amendments"
list3,22030000,220300,"83 FR 47974 (September 21, 2018), with later amendments"
list3,22041000,220410,"83 FR 47974 (September 21, 2018), with later amendments"
list3,22042120,220421,"83 FR 47974 (September 21, 2018), with later amendments"
list3,22042130,220421,"83 FR 47974 (September 21, 2018), with later amendments"
list3,22042150,220421,"83 FR 47974 (September 21, 2018), with later amendments"
list3,22042160,220421,"83 FR 47974 (September 21, 2018), with later amendments"
list3,22042180,220421,"83 FR 47974 (September 21, 2018), with later amendments"
list3,22060045,220600,"83 FR 47974 (September 21, 2018), with later amendments"
list3,22060090,220600,"83 FR 47974 (September 21, 2018), with later amendments"
list3,22071030,220710,"83 FR 47974 (September 21, 2018), with later amendments"
list3,22071060,220710,"83 FR 47974 (September 21, 2018), with later amendments"
list3,22090000,220900,"83 FR 47974 (September 21, 2018), with later amendments"
list3,23011000,230110,"83 FR 47974 (September 21, 2018), with later amendments"
list3,23012000,230120,"83 FR 47974 (September 21, 2018), with later amendments"
list3,23023000,230230,"83 FR 47974 (September 21, 2018), with later amendments"
list3,23024001,230240,"83 FR 47974 (September 21, 2018), with later amendments"
list3,23025000,230250,"83 FR 47974 (September 21, 2018), with later amendments"
list3,23031000,230310,"83 FR 47974 (September 21, 2018), with later amendments"
list3,23032000,230320,"83 FR 47974 (September 21, 2018), with later amendments"
list3,23033000,230330,"83 FR 47974 (September 21, 2018), with later amendments"
list3,23040000,230400,"83 FR 47974 (September 21, 2018), with later amendments"
list3,23050000,230500,"83 FR 47974 (September 21, 2018), with later amendments"
list3,23062000,230620,"83 FR 47974 (September 21, 2018), with later amendments"
list3,23063000,230630,"83 FR 47974 (September 21, 2018), with later amendments"
list3,23064100,230641,"83 FR 47974 (September 21, 2018), with later amendments"
list3,23064900,230649,"83 FR 47974 (September 21, 2018), with later amendments"
list3,23069001,230690,"83 FR 47974 (September 21, 2018), with later amendments"
list3,23080095,230800,"83 FR 47974 (September 21, 2018), with later amendments"
list3,23080098,230800,"83 FR 47974 (September 21, 2018), with later amendments"
list3,23091000,230910,"83 FR 47974 (September 21, 2018), with later amendments"
list3,23099010,230990,"83 FR 47974 (September 21, 2018), with later amendments"
list3,23099070,230990,"83 FR 47974 (September 21, 2018), with later amendments"
list3,23099095,230990,"83 FR 47974 (September 21, 2018), with later amendments"
list3,24011044,240110,"83 FR 47974 (September 21, 2018), with later amendments"
list3,24012005,240120,"83 FR 47974 (September 21, 2018), with later amendments"
list3,24012014,240120,"83 FR 47974 (September 21, 2018), with later amendments"
list3,24012018,240120,"83 FR 47974 (September 21, 2018), with later amendments"
list3,24012023,240120,"83 FR 47974 (September 21, 2018), with later amendments"
list3,24012026,240120,"83 FR 47974 (September 21, 2018), with later amendments"
list3,24012029,240120,"83 FR 47974 (September 21, 2018), with later amendments"
list3,24012031,240120,"83 FR 47974 (September 21, 2018), with later amendments"
list3,24012033,240120,"83 FR 47974 (September 21, 2018), with later amendments"
list3,24012035,240120,"83 FR 47974 (September 21, 2018), with later amendments"
list3,24012057,240120,"83 FR 47974 (September 21, 2018), with later amendments"
list3,24012060,240120,"83 FR 47974 (September 21, 2018), with later amendments"
list3,24012075,240120,"83 FR 47974 (September 21, 2018), with later amendments"
list3,24012083,240120,"83 FR 47974 (September 21, 2018), with later amendments"
list3,24012085,240120,"83 FR 47974 (September 21, 2018), with later amendments"
list3,24012087,240120,"83 FR 47974 (September 21, 2018), with later amendments"
list3,24013003,240130,"83 FR 47974 (September 21, 2018), with later amendments"
list3,24013006,240130,"83 FR 47974 (September 21, 2018), with later amendments"
list3,24013009,240130,"83 FR 47974 (September 21, 2018), with later amendments"
list3,24013013,240130,"83 FR 47974 (September 21, 2018), with later amendments"
list3,24013016,240130,"83 FR 47974 (September 21, 2018), with later amendments"
list3,24013019,240130,"83 FR 47974 (September 21, 2018), with later amendments"
list3,24013023,240130,"83 FR 47974 (September 21, 2018), with later amendments"
list3,24013025,240130,"83 FR 47974 (September 21, 2018), with later amendments"
list3,24013027,240130,"83 FR 47974 (September 21, 2018), with later amendments"
list3,24013033,240130,"83 FR 47974 (September 21, 2018), with later amendments"
list3,24013035,240130,"83 FR 47974 (September 21, 2018), with later amendments"
list3,24013037,240130,"83 FR 47974 (September 21, 2018), with later amendments"
list3,24013070,240130,"83 FR 47974 (September 21, 2018), with later amendments"
list3,24021030,240210,"83 FR 47974 (September 21, 2018), with later amendments"
list3,24021060,240210,"83 FR 47974 (September 21, 2018), with later amendments"
list3,24021080,240210,"83 FR 47974 (September 21, 2018), with later amendments"
list3,24022010,240220,"83 FR 47974 (September 21, 2018), with later amendments"
list3,24022080,240220,"83 FR 47974 (September 21, 2018), with later amendments"
list3,24022090,240220,"83 FR 47974 (September 21, 2018), with later amendments"
list3,24029000,240290,"83 FR 47974 (September 21, 2018), with later amendments"
list3,24031100,240311,"83 FR 47974 (September 21, 2018), with later amendments"
list3,24031920,240319,"83 FR 47974 (September 21, 2018), with later amendments"
list3,24031930,240319,"83 FR 47974 (September 21, 2018), with later amendments"
list3,24031960,240319,"83 FR 47974 (September 21, 2018), with later amendments"
list3,24031990,240319,"83 FR 47974 (September 21, 2018), with later amendments"
list3,24039143,240391,"83 FR 47974 (September 21, 2018), with later amendments"
list3,24039920,240399,"83 FR 47974 (September 21, 2018), with later amendments"
list3,24039930,240399,"83 FR 47974 (September 21, 2018), with later amendments"
list3,24039960,240399,"83 FR 47974 (September 21, 2018), with later amendments"
list3,24039990,240399,"83 FR 47974 (September 21, 2018), with later amendments"
list3,25010000,250100,"83 FR 47974 (September 21, 2018), with later amendments"
list3,25020000,250200,"83 FR 47974 (September 21, 2018), with later amendments"
list3,25030000,250300,"83 FR 47974 (September 21, 2018), with later amendments"
list3,25051010,250510,"83 FR 47974 (September 21, 2018), with later amendments"
list3,25051050,250510,"83 FR 47974 (September 21, 2018), with later amendments"
list3,25059000,250590,"83 FR 47974 (September 21, 2018), with later amendments"
list3,25061000,250610,"83 FR 47974 (September 21, 2018), with later amendments"
list3,25062000,250620,"83 FR 47974 (September 21, 2018), with later amendments"
list3,25070000,250700,"83 FR 47974 (September 21, 2018), with later amendments"
list3,25081000,250810,"83 FR 47974 (September 21, 2018), with later amendments"
list3,25084001,250840,"83 FR 47974 (September 21, 2018), with later amendments"
list3,25085000,250850,"83 FR 47974 (September 21, 2018), with later amendments"
list3,25086000,250860,"83 FR 47974 (September 21, 2018), with later amendments"
list3,25087000,250870,"83 FR 47974 (September 21, 2018), with later amendments"
list3,25090010,250900,"83 FR 47974 (September 21, 2018), with later amendments"
list3,25090020,250900,"83 FR 47974 (September 21, 2018), with later amendments"
list3,25101000,251010,"83 FR 47974 (September 21, 2018), with later amendments"
list3,25102000,251020,"83 FR 47974 (September 21, 2018), with later amendments"
list3,25112000,251120,"83 FR 47974 (September 21, 2018), with later amendments"
list3,25120000,251200,"83 FR 47974 (September 21, 2018), with later amendments"
list3,25131000,251310,"83 FR 47974 (September 21, 2018), with later amendments"
list3,25132010,251320,"83 FR 47974 (September 21, 2018), with later amendments"
list3,25132090,251320,"83 FR 47974 (September 21, 2018), with later amendments"
list3,25140000,251400,"83 FR 47974 (September 21, 2018), with later amendments"
list3,25151100,251511,"83 FR 47974 (September 21, 2018), with later amendments"
list3,25151210,251512,"83 FR 47974 (September 21, 2018), with later amendments"
list3,25151220,251512,"83 FR 47974 (September 21, 2018), with later amendments"
list3,25152000,251520,"83 FR 47974 (September 21, 2018), with later amendments"
list3,25161100,251611,"83 FR 47974 (September 21, 2018), with later amendments"
list3,25161200,251612,"83 FR 47974 (September 21, 2018), with later amendments"
list3,25162010,251620,"83 FR 47974 (September 21, 2018), with later amendments"
list3,25162020,251620,"83 FR 47974 (September 21, 2018), with later amendments"
list3,25169000,251690,"83 FR 47974 (September 21, 2018), with later amendments"
list3,25171000,251710,"83 FR 47974 (September 21, 2018), with later amendments"
list3,25172000,251720,"83 FR 47974 (September 21, 2018), with later amendments"
list3,25173000,251730,"83 FR 47974 (September 21, 2018), with later amendments"
list3,25174100,251741,"83 FR 47974 (September 21, 2018), with later amendments"
list3,25174900,251749,"83 FR 47974 (September 21, 2018), with later amendments"
list3,25181000,251810,"83 FR 47974 (September 21, 2018), with later amendments"
list3,25182000,251820,"83 FR 47974 (September 21, 2018), with later amendments"
list3,25183000,251830,"83 FR 47974 (September 21, 2018), with later amendments"
list3,25201000,252010,"83 FR 47974 (September 21, 2018), with later amendments"
list3,25202000,252020,"83 FR 47974 (September 21, 2018), with later amendments"
list3,25210000,252100,"83 FR 47974 (September 21, 2018), with later amendments"
list3,25221000,252210,"83 FR 47974 (September 21, 2018), with later amendments"
list3,25222000,252220,"83 FR 47974 (September 21, 2018), with later amendments"
list3,25223000,252230,"83 FR 47974 (September 21, 2018), with later amendments"
list3,25231000,252310,"83 FR 47974 (September 21, 2018), with later amendments"
list3,25232100,252321,"83 FR 47974 (September 21, 2018), with later amendments"
list3,25232900,252329,"83 FR 47974 (September 21, 2018), with later amendments"
list3,25233000,252330,"83 FR 47974 (September 21, 2018), with later amendments"
list3,25239000,252390,"83 FR 47974 (September 21, 2018), with later amendments"
list3,25241000,252410,"83 FR 47974 (September 21, 2018), with later amendments"
list3,25249000,252490,"83 FR 47974 (September 21, 2018), with later amendments"
list3,25251000,252510,"83 FR 47974 (September 21, 2018), with later amendments"
list3,25252000,252520,"83 FR 47974 (September 21, 2018), with later amendments"
list3,25253000,252530,"83 FR 47974 (September 21, 2018), with later amendments"
list3,25280000,252800,"83 FR 47974 (September 21, 2018), with later amendments"
list3,25291000,252910,"83 FR 47974 (September 21, 2018), with later amendments"
list3,25293000,252930,"83 FR 47974 (September 21, 2018), with later amendments"
list3,25301000,253010,"83 FR 47974 (September 21, 2018), with later amendments"
list3,25302010,253020,"83 FR 47974 (September 21, 2018), with later amendments"
list3,25302020,253020,"83 FR 47974 (September 21, 2018), with later amendments"
list3,25309010,253090,"83 FR 47974 (September 21, 2018), with later amendments"
list3,25309020,253090,"83 FR 47974 (September 21, 2018), with later amendments"
list3,26011100,260111,"83 FR 47974 (September 21, 2018), with later amendments"
list3,26011200,260112,"83 FR 47974 (September 21, 2018), with later amendments"
list3,26012000,260120,"83 FR 47974 (September 21, 2018), with later amendments"
list3,26040000,260400,"83 FR 47974 (September 21, 2018), with later amendments"
list3,26070000,260700,"83 FR 47974 (September 21, 2018), with later amendments"
list3,26121000,261210,"83 FR 47974 (September 21, 2018), with later amendments"
list3,26140030,261400,"83 FR 47974 (September 21, 2018), with later amendments"
list3,26140060,261400,"83 FR 47974 (September 21, 2018), with later amendments"
list3,26151000,261510,"83 FR 47974 (September 21, 2018), with later amendments"
list3,26159030,261590,"83 FR 47974 (September 21, 2018), with later amendments"
list3,26159060,261590,"83 FR 47974 (September 21, 2018), with later amendments"
list3,26161000,261610,"83 FR 47974 (September 21, 2018), with later amendments"
list3,26169000,261690,"83 FR 47974 (September 21, 2018), with later amendments"
list3,26179000,261790,"83 FR 47974 (September 21, 2018), with later amendments"
list3,26180000,261800,"83 FR 47974 (September 21, 2018), with later amendments"
list3,26190030,261900,"83 FR 47974 (September 21, 2018), with later amendments"
list3,26190090,261900,"83 FR 47974 (September 21, 2018), with later amendments"
list3,26201100,262011,"83 FR 47974 (September 21, 2018), with later amendments"
list3,26201930,262019,"83 FR 47974 (September 21, 2018), with later amendments"
list3,26201960,262019,"83 FR 47974 (September 21, 2018), with later amendments"
list3,26202100,262021,"83 FR 47974 (September 21, 2018), with later amendments"
list3,26202900,262029,"83 FR 47974 (September 21, 2018), with later amendments"
list3,26203000,262030,"83 FR 47974 (September 21, 2018), with later amendments"
list3,26206010,262060,"83 FR 47974 (September 21, 2018), with later amendments"
list3,26206090,262060,"83 FR 47974 (September 21, 2018), with later amendments"
list3,26209100,262091,"83 FR 47974 (September 21, 2018), with later amendments"
list3,26209910,262099,"83 FR 47974 (September 21, 2018), with later amendments"
list3,26209920,262099,"83 FR 47974 (September 21, 2018), with later amendments"
list3,26209930,262099,"83 FR 47974 (September 21, 2018), with later amendments"
list3,26209950,262099,"83 FR 47974 (September 21, 2018), with later amendments"
list3,26209975,262099,"83 FR 47974 (September 21, 2018), with later amendments"
list3,26209985,262099,"83 FR 47974 (September 21, 2018), with later amendments"
list3,26219000,262190,"83 FR 47974 (September 21, 2018), with later amendments"
list3,27011100,270111,"83 FR 47974 (September 21, 2018), with later amendments"
list3,27011200,270112,"83 FR 47974 (September 21, 2018), with later amendments"
list3,27011900,270119,"83 FR 47974 (September 21, 2018), with later amendments"
list3,27012000,270120,"83 FR 47974 (September 21, 2018), with later amendments"
list3,27021000,270210,"83 FR 47974 (September 21, 2018), with later amendments"
list3,27022000,270220,"83 FR 47974 (September 21, 2018), with later amendments"
list3,27030000,270300,"83 FR 47974 (September 21, 2018), with later amendments"
list3,27050000,270500,"83 FR 47974 (September 21, 2018), with later amendments"
list3,27060000,270600,"83 FR 47974 (September 21, 2018), with later amendments"
list3,27071000,270710,"83 FR 47974 (September 21, 2018), with later amendments"
list3,27072000,270720,"83 FR 47974 (September 21, 2018), with later amendments"
list3,27073000,270730,"83 FR 47974 (September 21, 2018), with later amendments"
list3,27074000,270740,"83 FR 47974 (September 21, 2018), with later amendments"
list3,27075000,270750,"83 FR 47974 (September 21, 2018), with later amendments"
list3,27079100,270791,"83 FR 47974 (September 21, 2018), with later amendments"
list3,27079910,270799,"83 FR 47974 (September 21, 2018), with later amendments"
list3,27079920,270799,"83 FR 47974 (September 21, 2018), with later amendments"
list3,27079940,270799,"83 FR 47974 (September 21, 2018), with later amendments"
list3,27079955,270799,"83 FR 47974 (September 21, 2018), with later amendments"
list3,27079959,270799,"83 FR 47974 (September 21, 2018), with later amendments"
list3,27079990,270799,"83 FR 47974 (September 21, 2018), with later amendments"
list3,27081000,270810,"83 FR 47974 (September 21, 2018), with later amendments"
list3,27082000,270820,"83 FR 47974 (September 21, 2018), with later amendments"
list3,27090010,270900,"83 FR 47974 (September 21, 2018), with later amendments"
list3,27090020,270900,"83 FR 47974 (September 21, 2018), with later amendments"
list3,27101215,271012,"83 FR 47974 (September 21, 2018), with later amendments"
list3,27101218,271012,"83 FR 47974 (September 21, 2018), with later amendments"
list3,27101225,271012,"83 FR 47974 (September 21, 2018), with later amendments"
list3,27101245,271012,"83 FR 47974 (September 21, 2018), with later amendments"
list3,27101290,271012,"83 FR 47974 (September 21, 2018), with later amendments"
list3,27101906,271019,"83 FR 47974 (September 21, 2018), with later amendments"
list3,27101911,271019,"83 FR 47974 (September 21, 2018), with later amendments"
list3,27101916,271019,"83 FR 47974 (September 21, 2018), with later amendments"
list3,27101924,271019,"83 FR 47974 (September 21, 2018), with later amendments"
list3,27101925,271019,"83 FR 47974 (September 21, 2018), with later amendments"
list3,27101926,271019,"83 FR 47974 (September 21, 2018), with later amendments"
list3,27101945,271019,"83 FR 47974 (September 21, 2018), with later amendments"
list3,27101990,271019,"83 FR 47974 (September 21, 2018), with later amendments"
list3,27102005,271020,"83 FR 47974 (September 21, 2018), with later amendments"
list3,27102010,271020,"83 FR 47974 (September 21, 2018), with later amendments"
list3,27102015,271020,"83 FR 47974 (September 21, 2018), with later amendments"
list3,27102025,271020,"83 FR 47974 (September 21, 2018), with later amendments"
list3,27111100,271111,"83 FR 47974 (September 21, 2018), with later amendments"
list3,27111200,271112,"83 FR 47974 (September 21, 2018), with later amendments"
list3,27111300,271113,"83 FR 47974 (September 21, 2018), with later amendments"
list3,27111400,271114,"83 FR 47974 (September 21, 2018), with later amendments"
list3,27111900,271119,"83 FR 47974 (September 21, 2018), with later amendments"
list3,27112100,271121,"83 FR 47974 (September 21, 2018), with later amendments"
list3,27112900,271129,"83 FR 47974 (September 21, 2018), with later amendments"
list3,27121000,271210,"83 FR 47974 (September 21, 2018), with later amendments"
list3,27129010,271290,"83 FR 47974 (September 21, 2018), with later amendments"
list3,27129020,271290,"83 FR 47974 (September 21, 2018), with later amendments"
list3,27131100,271311,"83 FR 47974 (September 21, 2018), with later amendments"
list3,27131200,271312,"83 FR 47974 (September 21, 2018), with later amendments"
list3,27132000,271320,"83 FR 47974 (September 21, 2018), with later amendments"
list3,27139000,271390,"83 FR 47974 (September 21, 2018), with later amendments"
list3,27141000,271410,"83 FR 47974 (September 21, 2018), with later amendments"
list3,27149000,271490,"83 FR 47974 (September 21, 2018), with later amendments"
list3,27150000,271500,"83 FR 47974 (September 21, 2018), with later amendments"
list3,28011000,280110,"83 FR 47974 (September 21, 2018), with later amendments"
list3,28012000,280120,"83 FR 47974 (September 21, 2018), with later amendments"
list3,28013010,280130,"83 FR 47974 (September 21, 2018), with later amendments"
list3,28013020,280130,"83 FR 47974 (September 21, 2018), with later amendments"
list3,28020000,280200,"83 FR 47974 (September 21, 2018), with later amendments"
list3,28030000,280300,"83 FR 47974 (September 21, 2018), with later amendments"
list3,28041000,280410,"83 FR 47974 (September 21, 2018), with later amendments"
list3,28042100,280421,"83 FR 47974 (September 21, 2018), with later amendments"
list3,28042900,280429,"83 FR 47974 (September 21, 2018), with later amendments"
list3,28043000,280430,"83 FR 47974 (September 21, 2018), with later amendments"
list3,28044000,280440,"83 FR 47974 (September 21, 2018), with later amendments"
list3,28045000,280450,"83 FR 47974 (September 21, 2018), with later amendments"
list3,28046100,280461,"83 FR 47974 (September 21, 2018), with later amendments"
list3,28048000,280480,"83 FR 47974 (September 21, 2018), with later amendments"
list3,28049000,280490,"83 FR 47974 (September 21, 2018), with later amendments"
list3,28051100,280511,"83 FR 47974 (September 21, 2018), with later amendments"
list3,28051200,280512,"83 FR 47974 (September 21, 2018), with later amendments"
list3,28051910,280519,"83 FR 47974 (September 21, 2018), with later amendments"
list3,28051920,280519,"83 FR 47974 (September 21, 2018), with later amendments"
list3,28051990,280519,"83 FR 47974 (September 21, 2018), with later amendments"
list3,28054000,280540,"83 FR 47974 (September 21, 2018), with later amendments"
list3,28061000,280610,"83 FR 47974 (September 21, 2018), with later amendments"
list3,28062000,280620,"83 FR 47974 (September 21, 2018), with later amendments"
list3,28070000,280700,"83 FR 47974 (September 21, 2018), with later amendments"
list3,28080000,280800,"83 FR 47974 (September 21, 2018), with later amendments"
list3,28091000,280910,"83 FR 47974 (September 21, 2018), with later amendments"
list3,28092000,280920,"83 FR 47974 (September 21, 2018), with later amendments"
list3,28100000,281000,"83 FR 47974 (September 21, 2018), with later amendments"
list3,28111100,281111,"83 FR 47974 (September 21, 2018), with later amendments"
list3,28111200,281112,"83 FR 47974 (September 21, 2018), with later amendments"
list3,28111930,281119,"83 FR 47974 (September 21, 2018), with later amendments"
list3,28111961,281119,"83 FR 47974 (September 21, 2018), with later amendments"
list3,28112100,281121,"83 FR 47974 (September 21, 2018), with later amendments"
list3,28112210,281122,"83 FR 47974 (September 21, 2018), with later amendments"
list3,28112250,281122,"83 FR 47974 (September 21, 2018), with later amendments"
list3,28112910,281129,"83 FR 47974 (September 21, 2018), with later amendments"
list3,28112920,281129,"83 FR 47974 (September 21, 2018), with later amendments"
list3,28112930,281129,"83 FR 47974 (September 21, 2018), with later amendments"
list3,28112950,281129,"83 FR 47974 (September 21, 2018), with later amendments"
list3,28121100,281211,"83 FR 47974 (September 21, 2018), with later amendments"
list3,28121200,281212,"83 FR 47974 (September 21, 2018), with later amendments"
list3,28121300,281213,"83 FR 47974 (September 21, 2018), with later amendments"
list3,28121400,281214,"83 FR 47974 (September 21, 2018), with later amendments"
list3,28121500,281215,"83 FR 47974 (September 21, 2018), with later amendments"
list3,28121600,281216,"83 FR 47974 (September 21, 2018), with later amendments"
list3,28121700,281217,"83 FR 47974 (September 21, 2018), with later amendments"
list3,28121900,281219,"83 FR 47974 (September 21, 2018), with later amendments"
list3,28129000,281290,"83 FR 47974 (September 21, 2018), with later amendments"
list3,28131000,281310,"83 FR 47974 (September 21, 2018), with later amendments"
list3,28139010,281390,"83 FR 47974 (September 21, 2018), with later amendments"
list3,28139020,281390,"83 FR 47974 (September 21, 2018), with later amendments"
list3,28139050,281390,"83 FR 47974 (September 21, 2018), with later amendments"
list3,28141000,281410,"83 FR 47974 (September 21, 2018), with later amendments"
list3,28142000,281420,"83 FR 47974 (September 21, 2018), with later amendments"
list3,28151100,281511,"83 FR 47974 (September 21, 2018), with later amendments"
list3,28151200,281512,"83 FR 47974 (September 21, 2018), with later amendments"
list3,28152000,281520,"83 FR 47974 (September 21, 2018), with later amendments"
list3,28153000,281530,"83 FR 47974 (September 21, 2018), with later amendments"
list3,28161000,281610,"83 FR 47974 (September 21, 2018), with later amendments"
list3,28164010,281640,"83 FR 47974 (September 21, 2018), with later amendments"
list3,28170000,281700,"83 FR 47974 (September 21, 2018), with later amendments"
list3,28183000,281830,"83 FR 47974 (September 21, 2018), with later amendments"
list3,28191000,281910,"83 FR 47974 (September 21, 2018), with later amendments"
list3,28199000,281990,"83 FR 47974 (September 21, 2018), with later amendments"
list3,28201000,282010,"83 FR 47974 (September 21, 2018), with later amendments"
list3,28209000,282090,"83 FR 47974 (September 21, 2018), with later amendments"
list3,28211000,282110,"83 FR 47974 (September 21, 2018), with later amendments"
list3,28212000,282120,"83 FR 47974 (September 21, 2018), with later amendments"
list3,28220000,282200,"83 FR 47974 (September 21, 2018), with later amendments"
list3,28230000,282300,"83 FR 47974 (September 21, 2018), with later amendments"
list3,28241000,282410,"83 FR 47974 (September 21, 2018), with later amendments"
list3,28249010,282490,"83 FR 47974 (September 21, 2018), with later amendments"
list3,28249020,282490,"83 FR 47974 (September 21, 2018), with later amendments"
list3,28249050,282490,"83 FR 47974 (September 21, 2018), with later amendments"
list3,28251000,282510,"83 FR 47974 (September 21, 2018), with later amendments"
list3,28252000,282520,"83 FR 47974 (September 21, 2018), with later amendments"
list3,28253000,282530,"83 FR 47974 (September 21, 2018), with later amendments"
list3,28254000,282540,"83 FR 47974 (September 21, 2018), with later amendments"
list3,28255010,282550,"83 FR 47974 (September 21, 2018), with later amendments"
list3,28255020,282550,"83 FR 47974 (September 21, 2018), with later amendments"
list3,28255030,282550,"83 FR 47974 (September 21, 2018), with later amendments"
list3,28256000,282560,"83 FR 47974 (September 21, 2018), with later amendments"
list3,28259010,282590,"83 FR 47974 (September 21, 2018), with later amendments"
list3,28259015,282590,"83 FR 47974 (September 21, 2018), with later amendments"
list3,28259075,282590,"83 FR 47974 (September 21, 2018), with later amendments"
list3,28259090,282590,"83 FR 47974 (September 21, 2018), with later amendments"
list3,28261200,282612,"83 FR 47974 (September 21, 2018), with later amendments"
list3,28261910,282619,"83 FR 47974 (September 21, 2018), with later amendments"
list3,28261920,282619,"83 FR 47974 (September 21, 2018), with later amendments"
list3,28261990,282619,"83 FR 47974 (September 21, 2018), with later amendments"
list3,28263000,282630,"83 FR 47974 (September 21, 2018), with later amendments"
list3,28269010,282690,"83 FR 47974 (September 21, 2018), with later amendments"
list3,28271000,282710,"83 FR 47974 (September 21, 2018), with later amendments"
list3,28272000,282720,"83 FR 47974 (September 21, 2018), with later amendments"
list3,28273100,282731,"83 FR 47974 (September 21, 2018), with later amendments"
list3,28273200,282732,"83 FR 47974 (September 21, 2018), with later amendments"
list3,28273500,282735,"83 FR 47974 (September 21, 2018), with later amendments"
list3,28273930,282739,"83 FR 47974 (September 21, 2018), with later amendments"
list3,28273945,282739,"83 FR 47974 (September 21, 2018), with later amendments"
list3,28273955,282739,"83 FR 47974 (September 21, 2018), with later amendments"
list3,28273960,282739,"83 FR 47974 (September 21, 2018), with later amendments"
list3,28273965,282739,"83 FR 47974 (September 21, 2018), with later amendments"
list3,28273990,282739,"83 FR 47974 (September 21, 2018), with later amendments"
list3,28274100,282741,"83 FR 47974 (September 21, 2018), with later amendments"
list3,28274910,282749,"83 FR 47974 (September 21, 2018), with later amendments"
list3,28275100,282751,"83 FR 47974 (September 21, 2018), with later amendments"
list3,28275925,282759,"83 FR 47974 (September 21, 2018), with later amendments"
list3,28275951,282759,"83 FR 47974 (September 21, 2018), with later amendments"
list3,28276010,282760,"83 FR 47974 (September 21, 2018), with later amendments"
list3,28276020,282760,"83 FR 47974 (September 21, 2018), with later amendments"
list3,28276051,282760,"83 FR 47974 (September 21, 2018), with later amendments"
list3,28281000,282810,"83 FR 47974 (September 21, 2018), with later amendments"
list3,28289000,282890,"83 FR 47974 (September 21, 2018), with later amendments"
list3,28291100,282911,"83 FR 47974 (September 21, 2018), with later amendments"
list3,28291901,282919,"83 FR 47974 (September 21, 2018), with later amendments"
list3,28299005,282990,"83 FR 47974 (September 21, 2018), with later amendments"
list3,28299040,282990,"83 FR 47974 (September 21, 2018), with later amendments"
list3,28299061,282990,"83 FR 47974 (September 21, 2018), with later amendments"
list3,28301000,283010,"83 FR 47974 (September 21, 2018), with later amendments"
list3,28309010,283090,"83 FR 47974 (September 21, 2018), with later amendments"
list3,28309015,283090,"83 FR 47974 (September 21, 2018), with later amendments"
list3,28309020,283090,"83 FR 47974 (September 21, 2018), with later amendments"
list3,28309090,283090,"83 FR 47974 (September 21, 2018), with later amendments"
list3,28311010,283110,"83 FR 47974 (September 21, 2018), with later amendments"
list3,28311050,283110,"83 FR 47974 (September 21, 2018), with later amendments"
list3,28319000,283190,"83 FR 47974 (September 21, 2018), with later amendments"
list3,28321000,283210,"83 FR 47974 (September 21, 2018), with later amendments"
list3,28322000,283220,"83 FR 47974 (September 21, 2018), with later amendments"
list3,28323010,283230,"83 FR 47974 (September 21, 2018), with later amendments"
list3,28323050,283230,"83 FR 47974 (September 21, 2018), with later amendments"
list3,28331110,283311,"83 FR 47974 (September 21, 2018), with later amendments"
list3,28331150,283311,"83 FR 47974 (September 21, 2018), with later amendments"
list3,28331900,283319,"83 FR 47974 (September 21, 2018), with later amendments"
list3,28332100,283321,"83 FR 47974 (September 21, 2018), with later amendments"
list3,28332200,283322,"83 FR 47974 (September 21, 2018), with later amendments"
list3,28332400,283324,"83 FR 47974 (September 21, 2018), with later amendments"
list3,28332500,283325,"83 FR 47974 (September 21, 2018), with later amendments"
list3,28332700,283327,"83 FR 47974 (September 21, 2018), with later amendments"
list3,28332910,283329,"83 FR 47974 (September 21, 2018), with later amendments"
list3,28332920,283329,"83 FR 47974 (September 21, 2018), with later amendments"
list3,28332930,283329,"83 FR 47974 (September 21, 2018), with later amendments"
list3,28332940,283329,"83 FR 47974 (September 21, 2018), with later amendments"
list3,28332945,283329,"83 FR 47974 (September 21, 2018), with later amendments"
list3,28332951,283329,"83 FR 47974 (September 21, 2018), with later amendments"
list3,28333000,283330,"83 FR 47974 (September 21, 2018), with later amendments"
list3,28334020,283340,"83 FR 47974 (September 21, 2018), with later amendments"
list3,28334060,283340,"83 FR 47974 (September 21, 2018), with later amendments"
list3,28341010,283410,"83 FR 47974 (September 21, 2018), with later amendments"
list3,28341050,283410,"83 FR 47974 (September 21, 2018), with later amendments"
list3,28342100,283421,"83 FR 47974 (September 21, 2018), with later amendments"
list3,28342905,283429,"83 FR 47974 (September 21, 2018), with later amendments"
list3,28342910,283429,"83 FR 47974 (September 21, 2018), with later amendments"
list3,28342920,283429,"83 FR 47974 (September 21, 2018), with later amendments"
list3,28342951,283429,"83 FR 47974 (September 21, 2018), with later amendments"
list3,28351000,283510,"83 FR 47974 (September 21, 2018), with later amendments"
list3,28352200,283522,"83 FR 47974 (September 21, 2018), with later amendments"
list3,28352400,283524,"83 FR 47974 (September 21, 2018), with later amendments"
list3,28352500,283525,"83 FR 47974 (September 21, 2018), with later amendments"
list3,28352600,283526,"83 FR 47974 (September 21, 2018), with later amendments"
list3,28352910,283529,"83 FR 47974 (September 21, 2018), with later amendments"
list3,28352920,283529,"83 FR 47974 (September 21, 2018), with later amendments"
list3,28352930,283529,"83 FR 47974 (September 21, 2018), with later amendments"
list3,28352951,283529,"83 FR 47974 (September 21, 2018), with later amendments"
list3,28353100,283531,"83 FR 47974 (September 21, 2018), with later amendments"
list3,28353910,283539,"83 FR 47974 (September 21, 2018), with later amendments"
list3,28353950,283539,"83 FR 47974 (September 21, 2018), with later amendments"
list3,28362000,283620,"83 FR 47974 (September 21, 2018), with later amendments"
list3,28363000,283630,"83 FR 47974 (September 21, 2018), with later amendments"
list3,28364010,283640,"83 FR 47974 (September 21, 2018), with later amendments"
list3,28364020,283640,"83 FR 47974 (September 21, 2018), with later amendments"
list3,28365000,283650,"83 FR 47974 (September 21, 2018), with later amendments"
list3,28366000,283660,"83 FR 47974 (September 21, 2018), with later amendments"
list3,28369100,283691,"83 FR 47974 (September 21, 2018), with later amendments"
list3,28369200,283692,"83 FR 47974 (September 21, 2018), with later amendments"
list3,28369910,283699,"83 FR 47974 (September 21, 2018), with later amendments"
list3,28369920,283699,"83 FR 47974 (September 21, 2018), with later amendments"
list3,28369930,283699,"83 FR 47974 (September 21, 2018), with later amendments"
list3,28369940,283699,"83 FR 47974 (September 21, 2018), with later amendments"
list3,28369950,283699,"83 FR 47974 (September 21, 2018), with later amendments"
list3,28371100,283711,"83 FR 47974 (September 21, 2018), with later amendments"
list3,28372010,283720,"83 FR 47974 (September 21, 2018), with later amendments"
list3,28372051,283720,"83 FR 47974 (September 21, 2018), with later amendments"
list3,28391100,283911,"83 FR 47974 (September 21, 2018), with later amendments"
list3,28391900,283919,"83 FR 47974 (September 21, 2018), with later amendments"
list3,28399010,283990,"83 FR 47974 (September 21, 2018), with later amendments"
list3,28399050,283990,"83 FR 47974 (September 21, 2018), with later amendments"
list3,28401100,284011,"83 FR 47974 (September 21, 2018), with later amendments"
list3,28401900,284019,"83 FR 47974 (September 21, 2018), with later amendments"
list3,28402000,284020,"83 FR 47974 (September 21, 2018), with later amendments"
list3,28403000,284030,"83 FR 47974 (September 21, 2018), with later amendments"
list3,28413000,284130,"83 FR 47974 (September 21, 2018), with later amendments"
list3,28415010,284150,"83 FR 47974 (September 21, 2018), with later amendments"
list3,28415091,284150,"83 FR 47974 (September 21, 2018), with later amendments"
list3,28416100,284161,"83 FR 47974 (September 21, 2018), with later amendments"
list3,28416900,284169,"83 FR 47974 (September 21, 2018), with later amendments"
list3,28419010,284190,"83 FR 47974 (September 21, 2018), with later amendments"
list3,28419020,284190,"83 FR 47974 (September 21, 2018), with later amendments"
list3,28419030,284190,"83 FR 47974 (September 21, 2018), with later amendments"
list3,28419040,284190,"83 FR 47974 (September 21, 2018), with later amendments"
list3,28419045,284190,"83 FR 47974 (September 21, 2018), with later amendments"
list3,28419050,284190,"83 FR 47974 (September 21, 2018), with later amendments"
list3,28421000,284210,"83 FR 47974 (September 21, 2018), with later amendments"
list3,28429010,284290,"83 FR 47974 (September 21, 2018), with later amendments"
list3,28429090,284290,"83 FR 47974 (September 21, 2018), with later amendments"
list3,28431000,284310,"83 FR 47974 (September 21, 2018), with later amendments"
list3,28432100,284321,"83 FR 47974 (September 21, 2018), with later amendments"
list3,28432901,284329,"83 FR 47974 (September 21, 2018), with later amendments"
list3,28433000,284330,"83 FR 47974 (September 21, 2018), with later amendments"
list3,28439000,284390,"83 FR 47974 (September 21, 2018), with later amendments"
list3,28441010,284410,"83 FR 47974 (September 21, 2018), with later amendments"
list3,28441020,284410,"83 FR 47974 (September 21, 2018), with later amendments"
list3,28441050,284410,"83 FR 47974 (September 21, 2018), with later amendments"
list3,28451000,284510,"83 FR 47974 (September 21, 2018), with later amendments"
list3,28470000,284700,"83 FR 47974 (September 21, 2018), with later amendments"
list3,28491000,284910,"83 FR 47974 (September 21, 2018), with later amendments"
list3,28499010,284990,"83 FR 47974 (September 21, 2018), with later amendments"
list3,28499020,284990,"83 FR 47974 (September 21, 2018), with later amendments"
list3,28499050,284990,"83 FR 47974 (September 21, 2018), with later amendments"
list3,28500005,285000,"83 FR 47974 (September 21, 2018), with later amendments"
list3,28500007,285000,"83 FR 47974 (September 21, 2018), with later amendments"
list3,28500010,285000,"83 FR 47974 (September 21, 2018), with later amendments"
list3,28500020,285000,"83 FR 47974 (September 21, 2018), with later amendments"
list3,28500050,285000,"83 FR 47974 (September 21, 2018), with later amendments"
list3,28521010,285210,"83 FR 47974 (September 21, 2018), with later amendments"
list3,28521090,285210,"83 FR 47974 (September 21, 2018), with later amendments"
list3,28529005,285290,"83 FR 47974 (September 21, 2018), with later amendments"
list3,28529090,285290,"83 FR 47974 (September 21, 2018), with later amendments"
list3,28531000,285310,"83 FR 47974 (September 21, 2018), with later amendments"
list3,28539010,285390,"83 FR 47974 (September 21, 2018), with later amendments"
list3,28539050,285390,"83 FR 47974 (September 21, 2018), with later amendments"
list3,28539090,285390,"83 FR 47974 (September 21, 2018), with later amendments"
list3,29011010,290110,"83 FR 47974 (September 21, 2018), with later amendments"
list3,29011030,290110,"83 FR 47974 (September 21, 2018), with later amendments"
list3,29011040,290110,"83 FR 47974 (September 21, 2018), with later amendments"
list3,29011050,290110,"83 FR 47974 (September 21, 2018), with later amendments"
list3,29012100,290121,"83 FR 47974 (September 21, 2018), with later amendments"
list3,29012200,290122,"83 FR 47974 (September 21, 2018), with later amendments"
list3,29012300,290123,"83 FR 47974 (September 21, 2018), with later amendments"
list3,29012410,290124,"83 FR 47974 (September 21, 2018), with later amendments"
list3,29012420,290124,"83 FR 47974 (September 21, 2018), with later amendments"
list3,29012450,290124,"83 FR 47974 (September 21, 2018), with later amendments"
list3,29012910,290129,"83 FR 47974 (September 21, 2018), with later amendments"
list3,29012950,290129,"83 FR 47974 (September 21, 2018), with later amendments"
list3,29021100,290211,"83 FR 47974 (September 21, 2018), with later amendments"
list3,29021900,290219,"83 FR 47974 (September 21, 2018), with later amendments"
list3,29022000,290220,"83 FR 47974 (September 21, 2018), with later amendments"
list3,29023000,290230,"83 FR 47974 (September 21, 2018), with later amendments"
list3,29024100,290241,"83 FR 47974 (September 21, 2018), with later amendments"
list3,29024200,290242,"83 FR 47974 (September 21, 2018), with later amendments"
list3,29024300,290243,"83 FR 47974 (September 21, 2018), with later amendments"
list3,29024400,290244,"83 FR 47974 (September 21, 2018), with later amendments"
list3,29025000,290250,"83 FR 47974 (September 21, 2018), with later amendments"
list3,29026000,290260,"83 FR 47974 (September 21, 2018), with later amendments"
list3,29027000,290270,"83 FR 47974 (September 21, 2018), with later amendments"
list3,29029010,290290,"83 FR 47974 (September 21, 2018), with later amendments"
list3,29029020,290290,"83 FR 47974 (September 21, 2018), with later amendments"
list3,29029030,290290,"83 FR 47974 (September 21, 2018), with later amendments"
list3,29029040,290290,"83 FR 47974 (September 21, 2018), with later amendments"
list3,29029060,290290,"83 FR 47974 (September 21, 2018), with later amendments"
list3,29029090,290290,"83 FR 47974 (September 21, 2018), with later amendments"
list3,29031100,290311,"83 FR 47974 (September 21, 2018), with later amendments"
list3,29031200,290312,"83 FR 47974 (September 21, 2018), with later amendments"
list3,29031300,290313,"83 FR 47974 (September 21, 2018), with later amendments"
list3,29031400,290314,"83 FR 47974 (September 21, 2018), with later amendments"
list3,29031500,290315,"83 FR 47974 (September 21, 2018), with later amendments"
list3,29031905,290319,"83 FR 47974 (September 21, 2018), with later amendments"
list3,29031910,290319,"83 FR 47974 (September 21, 2018), with later amendments"
list3,29031930,290319,"83 FR 47974 (September 21, 2018), with later amendments"
list3,29031960,290319,"83 FR 47974 (September 21, 2018), with later amendments"
list3,29032200,290322,"83 FR 47974 (September 21, 2018), with later amendments"
list3,29032300,290323,"83 FR 47974 (September 21, 2018), with later amendments"
list3,29032900,290329,"83 FR 47974 (September 21, 2018), with later amendments"
list3,29033100,290331,"83 FR 47974 (September 21, 2018), with later amendments"
list3,29033915,290339,"83 FR 47974 (September 21, 2018), with later amendments"
list3,29037100,290371,"83 FR 47974 (September 21, 2018), with later amendments"
list3,29037200,290372,"83 FR 47974 (September 21, 2018), with later amendments"
list3,29037300,290373,"83 FR 47974 (September 21, 2018), with later amendments"
list3,29037400,290374,"83 FR 47974 (September 21, 2018), with later amendments"
list3,29037500,290375,"83 FR 47974 (September 21, 2018), with later amendments"
list3,29037600,290376,"83 FR 47974 (September 21, 2018), with later amendments"
list3,29037800,290378,"83 FR 47974 (September 21, 2018), with later amendments"
list3,29037990,290379,"83 FR 47974 (September 21, 2018), with later amendments"
list3,29038100,290381,"83 FR 47974 (September 21, 2018), with later amendments"
list3,29038200,290382,"83 FR 47974 (September 21, 2018), with later amendments"
list3,29038300,290383,"83 FR 47974 (September 21, 2018), with later amendments"
list3,29038915,290389,"83 FR 47974 (September 21, 2018), with later amendments"
list3,29038920,290389,"83 FR 47974 (September 21, 2018), with later amendments"
list3,29038940,290389,"83 FR 47974 (September 21, 2018), with later amendments"
list3,29038960,290389,"83 FR 47974 (September 21, 2018), with later amendments"
list3,29038970,290389,"83 FR 47974 (September 21, 2018), with later amendments"
list3,29039110,290391,"83 FR 47974 (September 21, 2018), with later amendments"
list3,29039120,290391,"83 FR 47974 (September 21, 2018), with later amendments"
list3,29039130,290391,"83 FR 47974 (September 21, 2018), with later amendments"
list3,29039200,290392,"83 FR 47974 (September 21, 2018), with later amendments"
list3,29039400,290394,"83 FR 47974 (September 21, 2018), with later amendments"
list3,29039910,290399,"83 FR 47974 (September 21, 2018), with later amendments"
list3,29039920,290399,"83 FR 47974 (September 21, 2018), with later amendments"
list3,29039923,290399,"83 FR 47974 (September 21, 2018), with later amendments"
list3,29039927,290399,"83 FR 47974 (September 21, 2018), with later amendments"
list3,29039930,290399,"83 FR 47974 (September 21, 2018), with later amendments"
list3,29041004,290410,"83 FR 47974 (September 21, 2018), with later amendments"
list3,29041008,290410,"83 FR 47974 (September 21, 2018), with later amendments"
list3,29041010,290410,"83 FR 47974 (September 21, 2018), with later amendments"
list3,29041015,290410,"83 FR 47974 (September 21, 2018), with later amendments"
list3,29041032,290410,"83 FR 47974 (September 21, 2018), with later amendments"
list3,29041037,290410,"83 FR 47974 (September 21, 2018), with later amendments"
list3,29041050,290410,"83 FR 47974 (September 21, 2018), with later amendments"
list3,29042010,290420,"83 FR 47974 (September 21, 2018), with later amendments"
list3,29042015,290420,"83 FR 47974 (September 21, 2018), with later amendments"
list3,29042020,290420,"83 FR 47974 (September 21, 2018), with later amendments"
list3,29042030,290420,"83 FR 47974 (September 21, 2018), with later amendments"
list3,29042035,290420,"83 FR 47974 (September 21, 2018), with later amendments"
list3,29042040,290420,"83 FR 47974 (September 21, 2018), with later amendments"
list3,29042045,290420,"83 FR 47974 (September 21, 2018), with later amendments"
list3,29042050,290420,"83 FR 47974 (September 21, 2018), with later amendments"
list3,29043100,290431,"83 FR 47974 (September 21, 2018), with later amendments"
list3,29043200,290432,"83 FR 47974 (September 21, 2018), with later amendments"
list3,29043300,290433,"83 FR 47974 (September 21, 2018), with later amendments"
list3,29043400,290434,"83 FR 47974 (September 21, 2018), with later amendments"
list3,29043500,290435,"83 FR 47974 (September 21, 2018), with later amendments"
list3,29043600,290436,"83 FR 47974 (September 21, 2018), with later amendments"
list3,29049100,290491,"83 FR 47974 (September 21, 2018), with later amendments"
list3,29049904,290499,"83 FR 47974 (September 21, 2018), with later amendments"
list3,29049908,290499,"83 FR 47974 (September 21, 2018), with later amendments"
list3,29049915,290499,"83 FR 47974 (September 21, 2018), with later amendments"
list3,29049920,290499,"83 FR 47974 (September 21, 2018), with later amendments"
list3,29049930,290499,"83 FR 47974 (September 21, 2018), with later amendments"
list3,29049935,290499,"83 FR 47974 (September 21, 2018), with later amendments"
list3,29049940,290499,"83 FR 47974 (September 21, 2018), with later amendments"
list3,29049947,290499,"83 FR 47974 (September 21, 2018), with later amendments"
list3,29049950,290499,"83 FR 47974 (September 21, 2018), with later amendments"
list3,29051110,290511,"83 FR 47974 (September 21, 2018), with later amendments"
list3,29051120,290511,"83 FR 47974 (September 21, 2018), with later amendments"
list3,29051200,290512,"83 FR 47974 (September 21, 2018), with later amendments"
list3,29051300,290513,"83 FR 47974 (September 21, 2018), with later amendments"
list3,29051410,290514,"83 FR 47974 (September 21, 2018), with later amendments"
list3,29051450,290514,"83 FR 47974 (September 21, 2018), with later amendments"
list3,29051600,290516,"83 FR 47974 (September 21, 2018), with later amendments"
list3,29051700,290517,"83 FR 47974 (September 21, 2018), with later amendments"
list3,29051910,290519,"83 FR 47974 (September 21, 2018), with later amendments"
list3,29051990,290519,"83 FR 47974 (September 21, 2018), with later amendments"
list3,29052210,290522,"83 FR 47974 (September 21, 2018), with later amendments"
list3,29052220,290522,"83 FR 47974 (September 21, 2018), with later amendments"
list3,29052250,290522,"83 FR 47974 (September 21, 2018), with later amendments"
list3,29052910,290529,"83 FR 47974 (September 21, 2018), with later amendments"
list3,29052990,290529,"83 FR 47974 (September 21, 2018), with later amendments"
list3,29053100,290531,"83 FR 47974 (September 21, 2018), with later amendments"
list3,29053200,290532,"83 FR 47974 (September 21, 2018), with later amendments"
list3,29053910,290539,"83 FR 47974 (September 21, 2018), with later amendments"
list3,29053920,290539,"83 FR 47974 (September 21, 2018), with later amendments"
list3,29053960,290539,"83 FR 47974 (September 21, 2018), with later amendments"
list3,29053990,290539,"83 FR 47974 (September 21, 2018), with later amendments"
list3,29054100,290541,"83 FR 47974 (September 21, 2018), with later amendments"
list3,29054200,290542,"83 FR 47974 (September 21, 2018), with later amendments"
list3,29054910,290549,"83 FR 47974 (September 21, 2018), with later amendments"
list3,29054920,290549,"83 FR 47974 (September 21, 2018), with later amendments"
list3,29054930,290549,"83 FR 47974 (September 21, 2018), with later amendments"
list3,29054940,290549,"83 FR 47974 (September 21, 2018), with later amendments"
list3,29054950,290549,"83 FR 47974 (September 21, 2018), with later amendments"
list3,29055910,290559,"83 FR 47974 (September 21, 2018), with later amendments"
list3,29055930,290559,"83 FR 47974 (September 21, 2018), with later amendments"
list3,29055990,290559,"83 FR 47974 (September 21, 2018), with later amendments"
list3,29061100,290611,"83 FR 47974 (September 21, 2018), with later amendments"
list3,29061200,290612,"83 FR 47974 (September 21, 2018), with later amendments"
list3,29061310,290613,"83 FR 47974 (September 21, 2018), with later amendments"
list3,29061350,290613,"83 FR 47974 (September 21, 2018), with later amendments"
list3,29061910,290619,"83 FR 47974 (September 21, 2018), with later amendments"
list3,29061930,290619,"83 FR 47974 (September 21, 2018), with later amendments"
list3,29061950,290619,"83 FR 47974 (September 21, 2018), with later amendments"
list3,29062100,290621,"83 FR 47974 (September 21, 2018), with later amendments"
list3,29062910,290629,"83 FR 47974 (September 21, 2018), with later amendments"
list3,29062920,290629,"83 FR 47974 (September 21, 2018), with later amendments"
list3,29062930,290629,"83 FR 47974 (September 21, 2018), with later amendments"
list3,29062960,290629,"83 FR 47974 (September 21, 2018), with later amendments"
list3,29071100,290711,"83 FR 47974 (September 21, 2018), with later amendments"
list3,29071200,290712,"83 FR 47974 (September 21, 2018), with later amendments"
list3,29071300,290713,"83 FR 47974 (September 21, 2018), with later amendments"
list3,29071510,290715,"83 FR 47974 (September 21, 2018), with later amendments"
list3,29071530,290715,"83 FR 47974 (September 21, 2018), with later amendments"
list3,29071560,290715,"83 FR 47974 (September 21, 2018), with later amendments"
list3,29071910,290719,"83 FR 47974 (September 21, 2018), with later amendments"
list3,29071920,290719,"83 FR 47974 (September 21, 2018), with later amendments"
list3,29071940,290719,"83 FR 47974 (September 21, 2018), with later amendments"
list3,29071961,290719,"83 FR 47974 (September 21, 2018), with later amendments"
list3,29071980,290719,"83 FR 47974 (September 21, 2018), with later amendments"
list3,29072100,290721,"83 FR 47974 (September 21, 2018), with later amendments"
list3,29072210,290722,"83 FR 47974 (September 21, 2018), with later amendments"
list3,29072250,290722,"83 FR 47974 (September 21, 2018), with later amendments"
list3,29072300,290723,"83 FR 47974 (September 21, 2018), with later amendments"
list3,29072905,290729,"83 FR 47974 (September 21, 2018), with later amendments"
list3,29072915,290729,"83 FR 47974 (September 21, 2018), with later amendments"
list3,29072925,290729,"83 FR 47974 (September 21, 2018), with later amendments"
list3,29072990,290729,"83 FR 47974 (September 21, 2018), with later amendments"
list3,29081100,290811,"83 FR 47974 (September 21, 2018), with later amendments"
list3,29081905,290819,"83 FR 47974 (September 21, 2018), with later amendments"
list3,29081910,290819,"83 FR 47974 (September 21, 2018), with later amendments"
list3,29081920,290819,"83 FR 47974 (September 21, 2018), with later amendments"
list3,29081925,290819,"83 FR 47974 (September 21, 2018), with later amendments"
list3,29081935,290819,"83 FR 47974 (September 21, 2018), with later amendments"
list3,29081960,290819,"83 FR 47974 (September 21, 2018), with later amendments"
list3,29089100,290891,"83 FR 47974 (September 21, 2018), with later amendments"
list3,29089200,290892,"83 FR 47974 (September 21, 2018), with later amendments"
list3,29089903,290899,"83 FR 47974 (September 21, 2018), with later amendments"
list3,29089909,290899,"83 FR 47974 (September 21, 2018), with later amendments"
list3,29089912,290899,"83 FR 47974 (September 21, 2018), with later amendments"
list3,29089915,290899,"83 FR 47974 (September 21, 2018), with later amendments"
list3,29089920,290899,"83 FR 47974 (September 21, 2018), with later amendments"
list3,29089933,290899,"83 FR 47974 (September 21, 2018), with later amendments"
list3,29089940,290899,"83 FR 47974 (September 21, 2018), with later amendments"
list3,29089980,290899,"83 FR 47974 (September 21, 2018), with later amendments"
list3,29089990,290899,"83 FR 47974 (September 21, 2018), with later amendments"
list3,29091100,290911,"83 FR 47974 (September 21, 2018), with later amendments"
list3,29091914,290919,"83 FR 47974 (September 21, 2018), with later amendments"
list3,29091918,290919,"83 FR 47974 (September 21, 2018), with later amendments"
list3,29091930,290919,"83 FR 47974 (September 21, 2018), with later amendments"
list3,29091960,290919,"83 FR 47974 (September 21, 2018), with later amendments"
list3,29092000,290920,"83 FR 47974 (September 21, 2018), with later amendments"
list3,29093005,290930,"83 FR 47974 (September 21, 2018), with later amendments"
list3,29093020,290930,"83 FR 47974 (September 21, 2018), with later amendments"
list3,29093040,290930,"83 FR 47974 (September 21, 2018), with later amendments"
list3,29093060,290930,"83 FR 47974 (September 21, 2018), with later amendments"
list3,29094100,290941,"83 FR 47974 (September 21, 2018), with later amendments"
list3,29094300,290943,"83 FR 47974 (September 21, 2018), with later amendments"
list3,29094401,290944,"83 FR 47974 (September 21, 2018), with later amendments"
list3,29094905,290949,"83 FR 47974 (September 21, 2018), with later amendments"
list3,29094910,290949,"83 FR 47974 (September 21, 2018), with later amendments"
list3,29094915,290949,"83 FR 47974 (September 21, 2018), with later amendments"
list3,29094920,290949,"83 FR 47974 (September 21, 2018), with later amendments"
list3,29094930,290949,"83 FR 47974 (September 21, 2018), with later amendments"
list3,29094960,290949,"83 FR 47974 (September 21, 2018), with later amendments"
list3,29095010,290950,"83 FR 47974 (September 21, 2018), with later amendments"
list3,29095020,290950,"83 FR 47974 (September 21, 2018), with later amendments"
list3,29095040,290950,"83 FR 47974 (September 21, 2018), with later amendments"
list3,29095045,290950,"83 FR 47974 (September 21, 2018), with later amendments"
list3,29095050,290950,"83 FR 47974 (September 21, 2018), with later amendments"
list3,29096010,290960,"83 FR 47974 (September 21, 2018), with later amendments"
list3,29096020,290960,"83 FR 47974 (September 21, 2018), with later amendments"
list3,29096050,290960,"83 FR 47974 (September 21, 2018), with later amendments"
list3,29101000,291010,"83 FR 47974 (September 21, 2018), with later amendments"
list3,29102000,291020,"83 FR 47974 (September 21, 2018), with later amendments"
list3,29103000,291030,"83 FR 47974 (September 21, 2018), with later amendments"
list3,29104000,291040,"83 FR 47974 (September 21, 2018), with later amendments"
list3,29105000,291050,"83 FR 47974 (September 21, 2018), with later amendments"
list3,29109010,291090,"83 FR 47974 (September 21, 2018), with later amendments"
list3,29109020,291090,"83 FR 47974 (September 21, 2018), with later amendments"
list3,29109091,291090,"83 FR 47974 (September 21, 2018), with later amendments"
list3,29110010,291100,"83 FR 47974 (September 21, 2018), with later amendments"
list3,29110050,291100,"83 FR 47974 (September 21, 2018), with later amendments"
list3,29121100,291211,"83 FR 47974 (September 21, 2018), with later amendments"
list3,29121200,291212,"83 FR 47974 (September 21, 2018), with later amendments"
list3,29121910,291219,"83 FR 47974 (September 21, 2018), with later amendments"
list3,29121920,291219,"83 FR 47974 (September 21, 2018), with later amendments"
list3,29121925,291219,"83 FR 47974 (September 21, 2018), with later amendments"
list3,29121930,291219,"83 FR 47974 (September 21, 2018), with later amendments"
list3,29121950,291219,"83 FR 47974 (September 21, 2018), with later amendments"
list3,29122100,291221,"83 FR 47974 (September 21, 2018), with later amendments"
list3,29122910,291229,"83 FR 47974 (September 21, 2018), with later amendments"
list3,29122930,291229,"83 FR 47974 (September 21, 2018), with later amendments"
list3,29122960,291229,"83 FR 47974 (September 21, 2018), with later amendments"
list3,29124200,291242,"83 FR 47974 (September 21, 2018), with later amendments"
list3,29124910,291249,"83 FR 47974 (September 21, 2018), with later amendments"
list3,29124915,291249,"83 FR 47974 (September 21, 2018), with later amendments"
list3,29124926,291249,"83 FR 47974 (September 21, 2018), with later amendments"
list3,29124955,291249,"83 FR 47974 (September 21, 2018), with later amendments"
list3,29124960,291249,"83 FR 47974 (September 21, 2018), with later amendments"
list3,29124990,291249,"83 FR 47974 (September 21, 2018), with later amendments"
list3,29125010,291250,"83 FR 47974 (September 21, 2018), with later amendments"
list3,29125050,291250,"83 FR 47974 (September 21, 2018), with later amendments"
list3,29126000,291260,"83 FR 47974 (September 21, 2018), with later amendments"
list3,29130020,291300,"83 FR 47974 (September 21, 2018), with later amendments"
list3,29130040,291300,"83 FR 47974 (September 21, 2018), with later amendments"
list3,29130050,291300,"83 FR 47974 (September 21, 2018), with later amendments"
list3,29141110,291411,"83 FR 47974 (September 21, 2018), with later amendments"
list3,29141150,291411,"83 FR 47974 (September 21, 2018), with later amendments"
list3,29141200,291412,"83 FR 47974 (September 21, 2018), with later amendments"
list3,29141300,291413,"83 FR 47974 (September 21, 2018), with later amendments"
list3,29141900,291419,"83 FR 47974 (September 21, 2018), with later amendments"
list3,29142210,291422,"83 FR 47974 (September 21, 2018), with later amendments"
list3,29142220,291422,"83 FR 47974 (September 21, 2018), with later amendments"
list3,29142300,291423,"83 FR 47974 (September 21, 2018), with later amendments"
list3,29142910,291429,"83 FR 47974 (September 21, 2018), with later amendments"
list3,29142930,291429,"83 FR 47974 (September 21, 2018), with later amendments"
list3,29142931,291429,"83 FR 47974 (September 21, 2018), with later amendments"
list3,29142950,291429,"83 FR 47974 (September 21, 2018), with later amendments"
list3,29143100,291431,"83 FR 47974 (September 21, 2018), with later amendments"
list3,29143910,291439,"83 FR 47974 (September 21, 2018), with later amendments"
list3,29143990,291439,"83 FR 47974 (September 21, 2018), with later amendments"
list3,29144010,291440,"83 FR 47974 (September 21, 2018), with later amendments"
list3,29144020,291440,"83 FR 47974 (September 21, 2018), with later amendments"
list3,29144040,291440,"83 FR 47974 (September 21, 2018), with later amendments"
list3,29144060,291440,"83 FR 47974 (September 21, 2018), with later amendments"
list3,29144090,291440,"83 FR 47974 (September 21, 2018), with later amendments"
list3,29145010,291450,"83 FR 47974 (September 21, 2018), with later amendments"
list3,29145030,291450,"83 FR 47974 (September 21, 2018), with later amendments"
list3,29145050,291450,"83 FR 47974 (September 21, 2018), with later amendments"
list3,29146100,291461,"83 FR 47974 (September 21, 2018), with later amendments"
list3,29146910,291469,"83 FR 47974 (September 21, 2018), with later amendments"
list3,29147100,291471,"83 FR 47974 (September 21, 2018), with later amendments"
list3,29147910,291479,"83 FR 47974 (September 21, 2018), with later amendments"
list3,29147930,291479,"83 FR 47974 (September 21, 2018), with later amendments"
list3,29147960,291479,"83 FR 47974 (September 21, 2018), with later amendments"
list3,29147990,291479,"83 FR 47974 (September 21, 2018), with later amendments"
list3,29151100,291511,"83 FR 47974 (September 21, 2018), with later amendments"
list3,29151200,291512,"83 FR 47974 (September 21, 2018), with later amendments"
list3,29151310,291513,"83 FR 47974 (September 21, 2018), with later amendments"
list3,29151350,291513,"83 FR 47974 (September 21, 2018), with later amendments"
list3,29152100,291521,"83 FR 47974 (September 21, 2018), with later amendments"
list3,29152400,291524,"83 FR 47974 (September 21, 2018), with later amendments"
list3,29152910,291529,"83 FR 47974 (September 21, 2018), with later amendments"
list3,29152920,291529,"83 FR 47974 (September 21, 2018), with later amendments"
list3,29152930,291529,"83 FR 47974 (September 21, 2018), with later amendments"
list3,29152950,291529,"83 FR 47974 (September 21, 2018), with later amendments"
list3,29153100,291531,"83 FR 47974 (September 21, 2018), with later amendments"
list3,29153200,291532,"83 FR 47974 (September 21, 2018), with later amendments"
list3,29153300,291533,"83 FR 47974 (September 21, 2018), with later amendments"
list3,29153600,291536,"83 FR 47974 (September 21, 2018), with later amendments"
list3,29153910,291539,"83 FR 47974 (September 21, 2018), with later amendments"
list3,29153920,291539,"83 FR 47974 (September 21, 2018), with later amendments"
list3,29153931,291539,"83 FR 47974 (September 21, 2018), with later amendments"
list3,29153940,291539,"83 FR 47974 (September 21, 2018), with later amendments"
list3,29153945,291539,"83 FR 47974 (September 21, 2018), with later amendments"
list3,29153947,291539,"83 FR 47974 (September 21, 2018), with later amendments"
list3,29153960,291539,"83 FR 47974 (September 21, 2018), with later amendments"
list3,29153970,291539,"83 FR 47974 (September 21, 2018), with later amendments"
list3,29153980,291539,"83 FR 47974 (September 21, 2018), with later amendments"
list3,29153990,291539,"83 FR 47974 (September 21, 2018), with later amendments"
list3,29154010,291540,"83 FR 47974 (September 21, 2018), with later amendments"
list3,29154030,291540,"83 FR 47974 (September 21, 2018), with later amendments"
list3,29154050,291540,"83 FR 47974 (September 21, 2018), with later amendments"
list3,29155010,291550,"83 FR 47974 (September 21, 2018), with later amendments"
list3,29155020,291550,"83 FR 47974 (September 21, 2018), with later amendments"
list3,29155050,291550,"83 FR 47974 (September 21, 2018), with later amendments"
list3,29156010,291560,"83 FR 47974 (September 21, 2018), with later amendments"
list3,29156050,291560,"83 FR 47974 (September 21, 2018), with later amendments"
list3,29157001,291570,"83 FR 47974 (September 21, 2018), with later amendments"
list3,29159010,291590,"83 FR 47974 (September 21, 2018), with later amendments"
list3,29159014,291590,"83 FR 47974 (September 21, 2018), with later amendments"
list3,29159018,291590,"83 FR 47974 (September 21, 2018), with later amendments"
list3,29159020,291590,"83 FR 47974 (September 21, 2018), with later amendments"
list3,29159050,291590,"83 FR 47974 (September 21, 2018), with later amendments"
list3,29161100,291611,"83 FR 47974 (September 21, 2018), with later amendments"
list3,29161210,291612,"83 FR 47974 (September 21, 2018), with later amendments"
list3,29161250,291612,"83 FR 47974 (September 21, 2018), with later amendments"
list3,29161300,291613,"83 FR 47974 (September 21, 2018), with later amendments"
list3,29161410,291614,"83 FR 47974 (September 21, 2018), with later amendments"
list3,29161420,291614,"83 FR 47974 (September 21, 2018), with later amendments"
list3,29161510,291615,"83 FR 47974 (September 21, 2018), with later amendments"
list3,29161551,291615,"83 FR 47974 (September 21, 2018), with later amendments"
list3,29161600,291616,"83 FR 47974 (September 21, 2018), with later amendments"
list3,29161910,291619,"83 FR 47974 (September 21, 2018), with later amendments"
list3,29161920,291619,"83 FR 47974 (September 21, 2018), with later amendments"
list3,29161930,291619,"83 FR 47974 (September 21, 2018), with later amendments"
list3,29161950,291619,"83 FR 47974 (September 21, 2018), with later amendments"
list3,29162010,291620,"83 FR 47974 (September 21, 2018), with later amendments"
list3,29162050,291620,"83 FR 47974 (September 21, 2018), with later amendments"
list3,29163111,291631,"83 FR 47974 (September 21, 2018), with later amendments"
list3,29163120,291631,"83 FR 47974 (September 21, 2018), with later amendments"
list3,29163130,291631,"83 FR 47974 (September 21, 2018), with later amendments"
list3,29163150,291631,"83 FR 47974 (September 21, 2018), with later amendments"
list3,29163210,291632,"83 FR 47974 (September 21, 2018), with later amendments"
list3,29163220,291632,"83 FR 47974 (September 21, 2018), with later amendments"
list3,29163410,291634,"83 FR 47974 (September 21, 2018), with later amendments"
list3,29163455,291634,"83 FR 47974 (September 21, 2018), with later amendments"
list3,29163903,291639,"83 FR 47974 (September 21, 2018), with later amendments"
list3,29163904,291639,"83 FR 47974 (September 21, 2018), with later amendments"
list3,29163906,291639,"83 FR 47974 (September 21, 2018), with later amendments"
list3,29163916,291639,"83 FR 47974 (September 21, 2018), with later amendments"
list3,29163917,291639,"83 FR 47974 (September 21, 2018), with later amendments"
list3,29163921,291639,"83 FR 47974 (September 21, 2018), with later amendments"
list3,29163946,291639,"83 FR 47974 (September 21, 2018), with later amendments"
list3,29163977,291639,"83 FR 47974 (September 21, 2018), with later amendments"
list3,29171100,291711,"83 FR 47974 (September 21, 2018), with later amendments"
list3,29171210,291712,"83 FR 47974 (September 21, 2018), with later amendments"
list3,29171220,291712,"83 FR 47974 (September 21, 2018), with later amendments"
list3,29171250,291712,"83 FR 47974 (September 21, 2018), with later amendments"
list3,29171300,291713,"83 FR 47974 (September 21, 2018), with later amendments"
list3,29171410,291714,"83 FR 47974 (September 21, 2018), with later amendments"
list3,29171450,291714,"83 FR 47974 (September 21, 2018), with later amendments"
list3,29171910,291719,"83 FR 47974 (September 21, 2018), with later amendments"
list3,29171915,291719,"83 FR 47974 (September 21, 2018), with later amendments"
list3,29171917,291719,"83 FR 47974 (September 21, 2018), with later amendments"
list3,29171920,291719,"83 FR 47974 (September 21, 2018), with later amendments"
list3,29171923,291719,"83 FR 47974 (September 21, 2018), with later amendments"
list3,29171927,291719,"83 FR 47974 (September 21, 2018), with later amendments"
list3,29171935,291719,"83 FR 47974 (September 21, 2018), with later amendments"
list3,29171940,291719,"83 FR 47974 (September 21, 2018), with later amendments"
list3,29172000,291720,"83 FR 47974 (September 21, 2018), with later amendments"
list3,29173200,291732,"83 FR 47974 (September 21, 2018), with later amendments"
list3,29173300,291733,"83 FR 47974 (September 21, 2018), with later amendments"
list3,29173401,291734,"83 FR 47974 (September 21, 2018), with later amendments"
list3,29173500,291735,"83 FR 47974 (September 21, 2018), with later amendments"
list3,29173600,291736,"83 FR 47974 (September 21, 2018), with later amendments"
list3,29173700,291737,"83 FR 47974 (September 21, 2018), with later amendments"
list3,29173904,291739,"83 FR 47974 (September 21, 2018), with later amendments"
list3,29173912,291739,"83 FR 47974 (September 21, 2018), with later amendments"
list3,29173915,291739,"83 FR 47974 (September 21, 2018), with later amendments"
list3,29173920,291739,"83 FR 47974 (September 21, 2018), with later amendments"
list3,29173930,291739,"83 FR 47974 (September 21, 2018), with later amendments"
list3,29173970,291739,"83 FR 47974 (September 21, 2018), with later amendments"
list3,29181110,291811,"83 FR 47974 (September 21, 2018), with later amendments"
list3,29181151,291811,"83 FR 47974 (September 21, 2018), with later amendments"
list3,29181200,291812,"83 FR 47974 (September 21, 2018), with later amendments"
list3,29181310,291813,"83 FR 47974 (September 21, 2018), with later amendments"
list3,29181320,291813,"83 FR 47974 (September 21, 2018), with later amendments"
list3,29181330,291813,"83 FR 47974 (September 21, 2018), with later amendments"
list3,29181350,291813,"83 FR 47974 (September 21, 2018), with later amendments"
list3,29181400,291814,"83 FR 47974 (September 21, 2018), with later amendments"
list3,29181510,291815,"83 FR 47974 (September 21, 2018), with later amendments"
list3,29181550,291815,"83 FR 47974 (September 21, 2018), with later amendments"
list3,29181610,291816,"83 FR 47974 (September 21, 2018), with later amendments"
list3,29181650,291816,"83 FR 47974 (September 21, 2018), with later amendments"
list3,29181700,291817,"83 FR 47974 (September 21, 2018), with later amendments"
list3,29181800,291818,"83 FR 47974 (September 21, 2018), with later amendments"
list3,29181911,291819,"83 FR 47974 (September 21, 2018), with later amendments"
list3,29181912,291819,"83 FR 47974 (September 21, 2018), with later amendments"
list3,29181915,291819,"83 FR 47974 (September 21, 2018), with later amendments"
list3,29181960,291819,"83 FR 47974 (September 21, 2018), with later amendments"
list3,29181990,291819,"83 FR 47974 (September 21, 2018), with later amendments"
list3,29182110,291821,"83 FR 47974 (September 21, 2018), with later amendments"
list3,29182150,291821,"83 FR 47974 (September 21, 2018), with later amendments"
list3,29182310,291823,"83 FR 47974 (September 21, 2018), with later amendments"
list3,29182320,291823,"83 FR 47974 (September 21, 2018), with later amendments"
list3,29182330,291823,"83 FR 47974 (September 21, 2018), with later amendments"
list3,29182350,291823,"83 FR 47974 (September 21, 2018), with later amendments"
list3,29182904,291829,"83 FR 47974 (September 21, 2018), with later amendments"
list3,29182906,291829,"83 FR 47974 (September 21, 2018), with later amendments"
list3,29182908,291829,"83 FR 47974 (September 21, 2018), with later amendments"
list3,29182920,291829,"83 FR 47974 (September 21, 2018), with later amendments"
list3,29182922,291829,"83 FR 47974 (September 21, 2018), with later amendments"
list3,29182930,291829,"83 FR 47974 (September 21, 2018), with later amendments"
list3,29182939,291829,"83 FR 47974 (September 21, 2018), with later amendments"
list3,29182965,291829,"83 FR 47974 (September 21, 2018), with later amendments"
list3,29182975,291829,"83 FR 47974 (September 21, 2018), with later amendments"
list3,29183010,291830,"83 FR 47974 (September 21, 2018), with later amendments"
list3,29183015,291830,"83 FR 47974 (September 21, 2018), with later amendments"
list3,29183025,291830,"83 FR 47974 (September 21, 2018), with later amendments"
list3,29183030,291830,"83 FR 47974 (September 21, 2018), with later amendments"
list3,29183070,291830,"83 FR 47974 (September 21, 2018), with later amendments"
list3,29183090,291830,"83 FR 47974 (September 21, 2018), with later amendments"
list3,29189100,291891,"83 FR 47974 (September 21, 2018), with later amendments"
list3,29189905,291899,"83 FR 47974 (September 21, 2018), with later amendments"
list3,29189918,291899,"83 FR 47974 (September 21, 2018), with later amendments"
list3,29189943,291899,"83 FR 47974 (September 21, 2018), with later amendments"
list3,29191000,291910,"83 FR 47974 (September 21, 2018), with later amendments"
list3,29199015,291990,"83 FR 47974 (September 21, 2018), with later amendments"
list3,29199025,291990,"83 FR 47974 (September 21, 2018), with later amendments"
list3,29199030,291990,"83 FR 47974 (September 21, 2018), with later amendments"
list3,29199050,291990,"83 FR 47974 (September 21, 2018), with later amendments"
list3,29201100,292011,"83 FR 47974 (September 21, 2018), with later amendments"
list3,29201910,292019,"83 FR 47974 (September 21, 2018), with later amendments"
list3,29201940,292019,"83 FR 47974 (September 21, 2018), with later amendments"
list3,29201950,292019,"83 FR 47974 (September 21, 2018), with later amendments"
list3,29202100,292021,"83 FR 47974 (September 21, 2018), with later amendments"
list3,29202300,292023,"83 FR 47974 (September 21, 2018), with later amendments"
list3,29202400,292024,"83 FR 47974 (September 21, 2018), with later amendments"
list3,29202900,292029,"83 FR 47974 (September 21, 2018), with later amendments"
list3,29203000,292030,"83 FR 47974 (September 21, 2018), with later amendments"
list3,29209010,292090,"83 FR 47974 (September 21, 2018), with later amendments"
list3,29209020,292090,"83 FR 47974 (September 21, 2018), with later amendments"
list3,29211100,292111,"83 FR 47974 (September 21, 2018), with later amendments"
list3,29211300,292113,"83 FR 47974 (September 21, 2018), with later amendments"
list3,29211400,292114,"83 FR 47974 (September 21, 2018), with later amendments"
list3,29211911,292119,"83 FR 47974 (September 21, 2018), with later amendments"
list3,29211931,292119,"83 FR 47974 (September 21, 2018), with later amendments"
list3,29211961,292119,"83 FR 47974 (September 21, 2018), with later amendments"
list3,29212100,292121,"83 FR 47974 (September 21, 2018), with later amendments"
list3,29212205,292122,"83 FR 47974 (September 21, 2018), with later amendments"
list3,29212210,292122,"83 FR 47974 (September 21, 2018), with later amendments"
list3,29212250,292122,"83 FR 47974 (September 21, 2018), with later amendments"
list3,29212900,292129,"83 FR 47974 (September 21, 2018), with later amendments"
list3,29213005,292130,"83 FR 47974 (September 21, 2018), with later amendments"
list3,29213010,292130,"83 FR 47974 (September 21, 2018), with later amendments"
list3,29213030,292130,"83 FR 47974 (September 21, 2018), with later amendments"
list3,29213050,292130,"83 FR 47974 (September 21, 2018), with later amendments"
list3,29214110,292141,"83 FR 47974 (September 21, 2018), with later amendments"
list3,29214120,292141,"83 FR 47974 (September 21, 2018), with later amendments"
list3,29214215,292142,"83 FR 47974 (September 21, 2018), with later amendments"
list3,29214216,292142,"83 FR 47974 (September 21, 2018), with later amendments"
list3,29214221,292142,"83 FR 47974 (September 21, 2018), with later amendments"
list3,29214222,292142,"83 FR 47974 (September 21, 2018), with later amendments"
list3,29214223,292142,"83 FR 47974 (September 21, 2018), with later amendments"
list3,29214236,292142,"83 FR 47974 (September 21, 2018), with later amendments"
list3,29214290,292142,"83 FR 47974 (September 21, 2018), with later amendments"
list3,29214304,292143,"83 FR 47974 (September 21, 2018), with later amendments"
list3,29214308,292143,"83 FR 47974 (September 21, 2018), with later amendments"
list3,29214315,292143,"83 FR 47974 (September 21, 2018), with later amendments"
list3,29214319,292143,"83 FR 47974 (September 21, 2018), with later amendments"
list3,29214322,292143,"83 FR 47974 (September 21, 2018), with later amendments"
list3,29214324,292143,"83 FR 47974 (September 21, 2018), with later amendments"
list3,29214340,292143,"83 FR 47974 (September 21, 2018), with later amendments"
list3,29214390,292143,"83 FR 47974 (September 21, 2018), with later amendments"
list3,29214405,292144,"83 FR 47974 (September 21, 2018), with later amendments"
list3,29214410,292144,"83 FR 47974 (September 21, 2018), with later amendments"
list3,29214420,292144,"83 FR 47974 (September 21, 2018), with later amendments"
list3,29214470,292144,"83 FR 47974 (September 21, 2018), with later amendments"
list3,29214510,292145,"83 FR 47974 (September 21, 2018), with later amendments"
list3,29214520,292145,"83 FR 47974 (September 21, 2018), with later amendments"
list3,29214525,292145,"83 FR 47974 (September 21, 2018), with later amendments"
list3,29214590,292145,"83 FR 47974 (September 21, 2018), with later amendments"
list3,29214910,292149,"83 FR 47974 (September 21, 2018), with later amendments"
list3,29214945,292149,"83 FR 47974 (September 21, 2018), with later amendments"
list3,29214950,292149,"83 FR 47974 (September 21, 2018), with later amendments"
list3,29215110,292151,"83 FR 47974 (September 21, 2018), with later amendments"
list3,29215130,292151,"83 FR 47974 (September 21, 2018), with later amendments"
list3,29215150,292151,"83 FR 47974 (September 21, 2018), with later amendments"
list3,29215904,292159,"83 FR 47974 (September 21, 2018), with later amendments"
list3,29215908,292159,"83 FR 47974 (September 21, 2018), with later amendments"
list3,29215917,292159,"83 FR 47974 (September 21, 2018), with later amendments"
list3,29215920,292159,"83 FR 47974 (September 21, 2018), with later amendments"
list3,29215930,292159,"83 FR 47974 (September 21, 2018), with later amendments"
list3,29215940,292159,"83 FR 47974 (September 21, 2018), with later amendments"
list3,29215980,292159,"83 FR 47974 (September 21, 2018), with later amendments"
list3,29221100,292211,"83 FR 47974 (September 21, 2018), with later amendments"
list3,29221200,292212,"83 FR 47974 (September 21, 2018), with later amendments"
list3,29221500,292215,"83 FR 47974 (September 21, 2018), with later amendments"
list3,29221600,292216,"83 FR 47974 (September 21, 2018), with later amendments"
list3,29221700,292217,"83 FR 47974 (September 21, 2018), with later amendments"
list3,29221800,292218,"83 FR 47974 (September 21, 2018), with later amendments"
list3,29222110,292221,"83 FR 47974 (September 21, 2018), with later amendments"
list3,29222125,292221,"83 FR 47974 (September 21, 2018), with later amendments"
list3,29222150,292221,"83 FR 47974 (September 21, 2018), with later amendments"
list3,29222903,292229,"83 FR 47974 (September 21, 2018), with later amendments"
list3,29222908,292229,"83 FR 47974 (September 21, 2018), with later amendments"
list3,29222910,292229,"83 FR 47974 (September 21, 2018), with later amendments"
list3,29222913,292229,"83 FR 47974 (September 21, 2018), with later amendments"
list3,29222920,292229,"83 FR 47974 (September 21, 2018), with later amendments"
list3,29222926,292229,"83 FR 47974 (September 21, 2018), with later amendments"
list3,29222927,292229,"83 FR 47974 (September 21, 2018), with later amendments"
list3,29222929,292229,"83 FR 47974 (September 21, 2018), with later amendments"
list3,29222961,292229,"83 FR 47974 (September 21, 2018), with later amendments"
list3,29222981,292229,"83 FR 47974 (September 21, 2018), with later amendments"
list3,29223905,292239,"83 FR 47974 (September 21, 2018), with later amendments"
list3,29223914,292239,"83 FR 47974 (September 21, 2018), with later amendments"
list3,29223917,292239,"83 FR 47974 (September 21, 2018), with later amendments"
list3,29223925,292239,"83 FR 47974 (September 21, 2018), with later amendments"
list3,29223945,292239,"83 FR 47974 (September 21, 2018), with later amendments"
list3,29223950,292239,"83 FR 47974 (September 21, 2018), with later amendments"
list3,29224210,292242,"83 FR 47974 (September 21, 2018), with later amendments"
list3,29224250,292242,"83 FR 47974 (September 21, 2018), with later amendments"
list3,29224310,292243,"83 FR 47974 (September 21, 2018), with later amendments"
list3,29224350,292243,"83 FR 47974 (September 21, 2018), with later amendments"
list3,29224905,292249,"83 FR 47974 (September 21, 2018), with later amendments"
list3,29224910,292249,"83 FR 47974 (September 21, 2018), with later amendments"
list3,29224926,292249,"83 FR 47974 (September 21, 2018), with later amendments"
list3,29224930,292249,"83 FR 47974 (September 21, 2018), with later amendments"
list3,29224937,292249,"83 FR 47974 (September 21, 2018), with later amendments"
list3,29224943,292249,"83 FR 47974 (September 21, 2018), with later amendments"
list3,29224949,292249,"83 FR 47974 (September 21, 2018), with later amendments"
list3,29224960,292249,"83 FR 47974 (September 21, 2018), with later amendments"
list3,29224980,292249,"83 FR 47974 (September 21, 2018), with later amendments"
list3,29231000,292310,"83 FR 47974 (September 21, 2018), with later amendments"
list3,29232010,292320,"83 FR 47974 (September 21, 2018), with later amendments"
list3,29232020,292320,"83 FR 47974 (September 21, 2018), with later amendments"
list3,29233000,292330,"83 FR 47974 (September 21, 2018), with later amendments"
list3,29234000,292340,"83 FR 47974 (September 21, 2018), with later amendments"
list3,29239001,292390,"83 FR 47974 (September 21, 2018), with later amendments"
list3,29241200,292412,"83 FR 47974 (September 21, 2018), with later amendments"
list3,29241911,292419,"83 FR 47974 (September 21, 2018), with later amendments"
list3,29241980,292419,"83 FR 47974 (September 21, 2018), with later amendments"
list3,29242104,292421,"83 FR 47974 (September 21, 2018), with later amendments"
list3,29242108,292421,"83 FR 47974 (September 21, 2018), with later amendments"
list3,29242112,292421,"83 FR 47974 (September 21, 2018), with later amendments"
list3,29242116,292421,"83 FR 47974 (September 21, 2018), with later amendments"
list3,29242120,292421,"83 FR 47974 (September 21, 2018), with later amendments"
list3,29242145,292421,"83 FR 47974 (September 21, 2018), with later amendments"
list3,29242150,292421,"83 FR 47974 (September 21, 2018), with later amendments"
list3,29242310,292423,"83 FR 47974 (September 21, 2018), with later amendments"
list3,29242370,292423,"83 FR 47974 (September 21, 2018), with later amendments"
list3,29242375,292423,"83 FR 47974 (September 21, 2018), with later amendments"
list3,29242500,292425,"83 FR 47974 (September 21, 2018), with later amendments"
list3,29242901,292429,"83 FR 47974 (September 21, 2018), with later amendments"
list3,29242910,292429,"83 FR 47974 (September 21, 2018), with later amendments"
list3,29242920,292429,"83 FR 47974 (September 21, 2018), with later amendments"
list3,29242928,292429,"83 FR 47974 (September 21, 2018), with later amendments"
list3,29242931,292429,"83 FR 47974 (September 21, 2018), with later amendments"
list3,29242933,292429,"83 FR 47974 (September 21, 2018), with later amendments"
list3,29242943,292429,"83 FR 47974 (September 21, 2018), with later amendments"
list3,29242947,292429,"83 FR 47974 (September 21, 2018), with later amendments"
list3,29242965,292429,"83 FR 47974 (September 21, 2018), with later amendments"
list3,29242971,292429,"83 FR 47974 (September 21, 2018), with later amendments"
list3,29242977,292429,"83 FR 47974 (September 21, 2018), with later amendments"
list3,29242980,292429,"83 FR 47974 (September 21, 2018), with later amendments"
list3,29242995,292429,"83 FR 47974 (September 21, 2018), with later amendments"
list3,29251100,292511,"83 FR 47974 (September 21, 2018), with later amendments"
list3,29251930,292519,"83 FR 47974 (September 21, 2018), with later amendments"
list3,29251942,292519,"83 FR 47974 (September 21, 2018), with later amendments"
list3,29251970,292519,"83 FR 47974 (September 21, 2018), with later amendments"
list3,29251991,292519,"83 FR 47974 (September 21, 2018), with later amendments"
list3,29252100,292521,"83 FR 47974 (September 21, 2018), with later amendments"
list3,29252910,292529,"83 FR 47974 (September 21, 2018), with later amendments"
list3,29252918,292529,"83 FR 47974 (September 21, 2018), with later amendments"
list3,29252920,292529,"83 FR 47974 (September 21, 2018), with later amendments"
list3,29252960,292529,"83 FR 47974 (September 21, 2018), with later amendments"
list3,29252990,292529,"83 FR 47974 (September 21, 2018), with later amendments"
list3,29261000,292610,"83 FR 47974 (September 21, 2018), with later amendments"
list3,29262000,292620,"83 FR 47974 (September 21, 2018), with later amendments"
list3,29263010,292630,"83 FR 47974 (September 21, 2018), with later amendments"
list3,29263020,292630,"83 FR 47974 (September 21, 2018), with later amendments"
list3,29269001,292690,"83 FR 47974 (September 21, 2018), with later amendments"
list3,29269005,292690,"83 FR 47974 (September 21, 2018), with later amendments"
list3,29269011,292690,"83 FR 47974 (September 21, 2018), with later amendments"
list3,29269014,292690,"83 FR 47974 (September 21, 2018), with later amendments"
list3,29269016,292690,"83 FR 47974 (September 21, 2018), with later amendments"
list3,29269017,292690,"83 FR 47974 (September 21, 2018), with later amendments"
list3,29269025,292690,"83 FR 47974 (September 21, 2018), with later amendments"
list3,29269030,292690,"83 FR 47974 (September 21, 2018), with later amendments"
list3,29269043,292690,"83 FR 47974 (September 21, 2018), with later amendments"
list3,29269048,292690,"83 FR 47974 (September 21, 2018), with later amendments"
list3,29269050,292690,"83 FR 47974 (September 21, 2018), with later amendments"
list3,29270003,292700,"83 FR 47974 (September 21, 2018), with later amendments"
list3,29270006,292700,"83 FR 47974 (September 21, 2018), with later amendments"
list3,29270015,292700,"83 FR 47974 (September 21, 2018), with later amendments"
list3,29270018,292700,"83 FR 47974 (September 21, 2018), with later amendments"
list3,29270025,292700,"83 FR 47974 (September 21, 2018), with later amendments"
list3,29270030,292700,"83 FR 47974 (September 21, 2018), with later amendments"
list3,29270040,292700,"83 FR 47974 (September 21, 2018), with later amendments"
list3,29270050,292700,"83 FR 47974 (September 21, 2018), with later amendments"
list3,29280015,292800,"83 FR 47974 (September 21, 2018), with later amendments"
list3,29280025,292800,"83 FR 47974 (September 21, 2018), with later amendments"
list3,29280050,292800,"83 FR 47974 (September 21, 2018), with later amendments"
list3,29291010,292910,"83 FR 47974 (September 21, 2018), with later amendments"
list3,29291015,292910,"83 FR 47974 (September 21, 2018), with later amendments"
list3,29291020,292910,"83 FR 47974 (September 21, 2018), with later amendments"
list3,29291027,292910,"83 FR 47974 (September 21, 2018), with later amendments"
list3,29291035,292910,"83 FR 47974 (September 21, 2018), with later amendments"
list3,29291055,292910,"83 FR 47974 (September 21, 2018), with later amendments"
list3,29299005,292990,"83 FR 47974 (September 21, 2018), with later amendments"
list3,29299015,292990,"83 FR 47974 (September 21, 2018), with later amendments"
list3,29299020,292990,"83 FR 47974 (September 21, 2018), with later amendments"
list3,29299050,292990,"83 FR 47974 (September 21, 2018), with later amendments"
list3,29302010,293020,"83 FR 47974 (September 21, 2018), with later amendments"
list3,29302090,293020,"83 FR 47974 (September 21, 2018), with later amendments"
list3,29303060,293030,"83 FR 47974 (September 21, 2018), with later amendments"
list3,29304000,293040,"83 FR 47974 (September 21, 2018), with later amendments"
list3,29306000,293060,"83 FR 47974 (September 21, 2018), with later amendments"
list3,29309010,293090,"83 FR 47974 (September 21, 2018), with later amendments"
list3,29309026,293090,"83 FR 47974 (September 21, 2018), with later amendments"
list3,29309029,293090,"83 FR 47974 (September 21, 2018), with later amendments"
list3,29309030,293090,"83 FR 47974 (September 21, 2018), with later amendments"
list3,29309042,293090,"83 FR 47974 (September 21, 2018), with later amendments"
list3,29309043,293090,"83 FR 47974 (September 21, 2018), with later amendments"
list3,29309046,293090,"83 FR 47974 (September 21, 2018), with later amendments"
list3,29309049,293090,"83 FR 47974 (September 21, 2018), with later amendments"
list3,29311000,293110,"83 FR 47974 (September 21, 2018), with later amendments"
list3,29312000,293120,"83 FR 47974 (September 21, 2018), with later amendments"
list3,29313100,293131,"83 FR 47974 (September 21, 2018), with later amendments"
list3,29313200,293132,"83 FR 47974 (September 21, 2018), with later amendments"
list3,29313400,293134,"83 FR 47974 (September 21, 2018), with later amendments"
list3,29313500,293135,"83 FR 47974 (September 21, 2018), with later amendments"
list3,29313600,293136,"83 FR 47974 (September 21, 2018), with later amendments"
list3,29313700,293137,"83 FR 47974 (September 21, 2018), with later amendments"
list3,29313800,293138,"83 FR 47974 (September 21, 2018), with later amendments"
list3,29319022,293190,"83 FR 47974 (September 21, 2018), with later amendments"
list3,29319030,293190,"83 FR 47974 (September 21, 2018), with later amendments"
list3,29319060,293190,"83 FR 47974 (September 21, 2018), with later amendments"
list3,29319070,293190,"83 FR 47974 (September 21, 2018), with later amendments"
list3,29319090,293190,"83 FR 47974 (September 21, 2018), with later amendments"
list3,29321100,293211,"83 FR 47974 (September 21, 2018), with later amendments"
list3,29321200,293212,"83 FR 47974 (September 21, 2018), with later amendments"
list3,29321300,293213,"83 FR 47974 (September 21, 2018), with later amendments"
list3,29321910,293219,"83 FR 47974 (September 21, 2018), with later amendments"
list3,29321951,293219,"83 FR 47974 (September 21, 2018), with later amendments"
list3,29329200,293292,"83 FR 47974 (September 21, 2018), with later amendments"
list3,29329300,293293,"83 FR 47974 (September 21, 2018), with later amendments"
list3,29329400,293294,"83 FR 47974 (September 21, 2018), with later amendments"
list3,29329500,293295,"83 FR 47974 (September 21, 2018), with later amendments"
list3,29329908,293299,"83 FR 47974 (September 21, 2018), with later amendments"
list3,29329920,293299,"83 FR 47974 (September 21, 2018), with later amendments"
list3,29329932,293299,"83 FR 47974 (September 21, 2018), with later amendments"
list3,29329935,293299,"83 FR 47974 (September 21, 2018), with later amendments"
list3,29329939,293299,"83 FR 47974 (September 21, 2018), with later amendments"
list3,29329970,293299,"83 FR 47974 (September 21, 2018), with later amendments"
list3,29331908,293319,"83 FR 47974 (September 21, 2018), with later amendments"
list3,29331915,293319,"83 FR 47974 (September 21, 2018), with later amendments"
list3,29331918,293319,"83 FR 47974 (September 21, 2018), with later amendments"
list3,29331923,293319,"83 FR 47974 (September 21, 2018), with later amendments"
list3,29331930,293319,"83 FR 47974 (September 21, 2018), with later amendments"
list3,29331935,293319,"83 FR 47974 (September 21, 2018), with later amendments"
list3,29331937,293319,"83 FR 47974 (September 21, 2018), with later amendments"
list3,29331943,293319,"83 FR 47974 (September 21, 2018), with later amendments"
list3,29331945,293319,"83 FR 47974 (September 21, 2018), with later amendments"
list3,29331970,293319,"83 FR 47974 (September 21, 2018), with later amendments"
list3,29331990,293319,"83 FR 47974 (September 21, 2018), with later amendments"
list3,29332100,293321,"83 FR 47974 (September 21, 2018), with later amendments"
list3,29332905,293329,"83 FR 47974 (September 21, 2018), with later amendments"
list3,29332910,293329,"83 FR 47974 (September 21, 2018), with later amendments"
list3,29332920,293329,"83 FR 47974 (September 21, 2018), with later amendments"
list3,29332935,293329,"83 FR 47974 (September 21, 2018), with later amendments"
list3,29332943,293329,"83 FR 47974 (September 21, 2018), with later amendments"
list3,29332945,293329,"83 FR 47974 (September 21, 2018), with later amendments"
list3,29332960,293329,"83 FR 47974 (September 21, 2018), with later amendments"
list3,29332990,293329,"83 FR 47974 (September 21, 2018), with later amendments"
list3,29333100,293331,"83 FR 47974 (September 21, 2018), with later amendments"
list3,29333210,293332,"83 FR 47974 (September 21, 2018), with later amendments"
list3,29333250,293332,"83 FR 47974 (September 21, 2018), with later amendments"
list3,29336100,293361,"83 FR 47974 (September 21, 2018), with later amendments"
list3,29336920,293369,"83 FR 47974 (September 21, 2018), with later amendments"
list3,29336950,293369,"83 FR 47974 (September 21, 2018), with later amendments"
list3,29337100,293371,"83 FR 47974 (September 21, 2018), with later amendments"
list3,29337904,293379,"83 FR 47974 (September 21, 2018), with later amendments"
list3,29337908,293379,"83 FR 47974 (September 21, 2018), with later amendments"
list3,29337915,293379,"83 FR 47974 (September 21, 2018), with later amendments"
list3,29337920,293379,"83 FR 47974 (September 21, 2018), with later amendments"
list3,29337930,293379,"83 FR 47974 (September 21, 2018), with later amendments"
list3,29337940,293379,"83 FR 47974 (September 21, 2018), with later amendments"
list3,29337985,293379,"83 FR 47974 (September 21, 2018), with later amendments"
list3,29339200,293392,"83 FR 47974 (September 21, 2018), with later amendments"
list3,29341010,293410,"83 FR 47974 (September 21, 2018), with later amendments"
list3,29341020,293410,"83 FR 47974 (September 21, 2018), with later amendments"
list3,29341090,293410,"83 FR 47974 (September 21, 2018), with later amendments"
list3,29342010,293420,"83 FR 47974 (September 21, 2018), with later amendments"
list3,29342015,293420,"83 FR 47974 (September 21, 2018), with later amendments"
list3,29342020,293420,"83 FR 47974 (September 21, 2018), with later amendments"
list3,29342025,293420,"83 FR 47974 (September 21, 2018), with later amendments"
list3,29342030,293420,"83 FR 47974 (September 21, 2018), with later amendments"
list3,29342035,293420,"83 FR 47974 (September 21, 2018), with later amendments"
list3,29342040,293420,"83 FR 47974 (September 21, 2018), with later amendments"
list3,29398000,293980,"83 FR 47974 (September 21, 2018), with later amendments"
list3,29400060,294000,"83 FR 47974 (September 21, 2018), with later amendments"
list3,29420003,294200,"83 FR 47974 (September 21, 2018), with later amendments"
list3,29420005,294200,"83 FR 47974 (September 21, 2018), with later amendments"
list3,29420010,294200,"83 FR 47974 (September 21, 2018), with later amendments"
list3,29420035,294200,"83 FR 47974 (September 21, 2018), with later amendments"
list3,29420050,294200,"83 FR 47974 (September 21, 2018), with later amendments"
list3,31010000,310100,"83 FR 47974 (September 21, 2018), with later amendments"
list3,31021000,310210,"83 FR 47974 (September 21, 2018), with later amendments"
list3,31022100,310221,"83 FR 47974 (September 21, 2018), with later amendments"
list3,31022900,310229,"83 FR 47974 (September 21, 2018), with later amendments"
list3,31023000,310230,"83 FR 47974 (September 21, 2018), with later amendments"
list3,31024000,310240,"83 FR 47974 (September 21, 2018), with later amendments"
list3,31025000,310250,"83 FR 47974 (September 21, 2018), with later amendments"
list3,31026000,310260,"83 FR 47974 (September 21, 2018), with later amendments"
list3,31028000,310280,"83 FR 47974 (September 21, 2018), with later amendments"
list3,31029001,310290,"83 FR 47974 (September 21, 2018), with later amendments"
list3,31031100,310311,"83 FR 47974 (September 21, 2018), with later amendments"
list3,31031900,310319,"83 FR 47974 (September 21, 2018), with later amendments"
list3,31039001,310390,"83 FR 47974 (September 21, 2018), with later amendments"
list3,31042000,310420,"83 FR 47974 (September 21, 2018), with later amendments"
list3,31043000,310430,"83 FR 47974 (September 21, 2018), with later amendments"
list3,31049001,310490,"83 FR 47974 (September 21, 2018), with later amendments"
list3,31051000,310510,"83 FR 47974 (September 21, 2018), with later amendments"
list3,31052000,310520,"83 FR 47974 (September 21, 2018), with later amendments"
list3,31053000,310530,"83 FR 47974 (September 21, 2018), with later amendments"
list3,31054000,310540,"83 FR 47974 (September 21, 2018), with later amendments"
list3,31055100,310551,"83 FR 47974 (September 21, 2018), with later amendments"
list3,31055900,310559,"83 FR 47974 (September 21, 2018), with later amendments"
list3,31056000,310560,"83 FR 47974 (September 21, 2018), with later amendments"
list3,31059000,310590,"83 FR 47974 (September 21, 2018), with later amendments"
list3,32011000,320110,"83 FR 47974 (September 21, 2018), with later amendments"
list3,32012000,320120,"83 FR 47974 (September 21, 2018), with later amendments"
list3,32019010,320190,"83 FR 47974 (September 21, 2018), with later amendments"
list3,32019025,320190,"83 FR 47974 (September 21, 2018), with later amendments"
list3,32019050,320190,"83 FR 47974 (September 21, 2018), with later amendments"
list3,32021010,320210,"83 FR 47974 (September 21, 2018), with later amendments"
list3,32021050,320210,"83 FR 47974 (September 21, 2018), with later amendments"
list3,32029010,320290,"83 FR 47974 (September 21, 2018), with later amendments"
list3,32029050,320290,"83 FR 47974 (September 21, 2018), with later amendments"
list3,32030010,320300,"83 FR 47974 (September 21, 2018), with later amendments"
list3,32030030,320300,"83 FR 47974 (September 21, 2018), with later amendments"
list3,32030080,320300,"83 FR 47974 (September 21, 2018), with later amendments"
list3,32041110,320411,"83 FR 47974 (September 21, 2018), with later amendments"
list3,32041118,320411,"83 FR 47974 (September 21, 2018), with later amendments"
list3,32041135,320411,"83 FR 47974 (September 21, 2018), with later amendments"
list3,32041150,320411,"83 FR 47974 (September 21, 2018), with later amendments"
list3,32041205,320412,"83 FR 47974 (September 21, 2018), with later amendments"
list3,32041213,320412,"83 FR 47974 (September 21, 2018), with later amendments"
list3,32041217,320412,"83 FR 47974 (September 21, 2018), with later amendments"
list3,32041220,320412,"83 FR 47974 (September 21, 2018), with later amendments"
list3,32041230,320412,"83 FR 47974 (September 21, 2018), with later amendments"
list3,32041245,320412,"83 FR 47974 (September 21, 2018), with later amendments"
list3,32041250,320412,"83 FR 47974 (September 21, 2018), with later amendments"
list3,32041310,320413,"83 FR 47974 (September 21, 2018), with later amendments"
list3,32041320,320413,"83 FR 47974 (September 21, 2018), with later amendments"
list3,32041325,320413,"83 FR 47974 (September 21, 2018), with later amendments"
list3,32041345,320413,"83 FR 47974 (September 21, 2018), with later amendments"
list3,32041360,320413,"83 FR 47974 (September 21, 2018), with later amendments"
list3,32041380,320413,"83 FR 47974 (September 21, 2018), with later amendments"
list3,32041410,320414,"83 FR 47974 (September 21, 2018), with later amendments"
list3,32041420,320414,"83 FR 47974 (September 21, 2018), with later amendments"
list3,32041425,320414,"83 FR 47974 (September 21, 2018), with later amendments"
list3,32041430,320414,"83 FR 47974 (September 21, 2018), with later amendments"
list3,32041450,320414,"83 FR 47974 (September 21, 2018), with later amendments"
list3,32041520,320415,"83 FR 47974 (September 21, 2018), with later amendments"
list3,32041525,320415,"83 FR 47974 (September 21, 2018), with later amendments"
list3,32041530,320415,"83 FR 47974 (September 21, 2018), with later amendments"
list3,32041535,320415,"83 FR 47974 (September 21, 2018), with later amendments"
list3,32041540,320415,"83 FR 47974 (September 21, 2018), with later amendments"
list3,32041610,320416,"83 FR 47974 (September 21, 2018), with later amendments"
list3,32041620,320416,"83 FR 47974 (September 21, 2018), with later amendments"
list3,32041630,320416,"83 FR 47974 (September 21, 2018), with later amendments"
list3,32041650,320416,"83 FR 47974 (September 21, 2018), with later amendments"
list3,32041704,320417,"83 FR 47974 (September 21, 2018), with later amendments"
list3,32041708,320417,"83 FR 47974 (September 21, 2018), with later amendments"
list3,32041720,320417,"83 FR 47974 (September 21, 2018), with later amendments"
list3,32041740,320417,"83 FR 47974 (September 21, 2018), with later amendments"
list3,32041760,320417,"83 FR 47974 (September 21, 2018), with later amendments"
list3,32041790,320417,"83 FR 47974 (September 21, 2018), with later amendments"
list3,32041906,320419,"83 FR 47974 (September 21, 2018), with later amendments"
list3,32041911,320419,"83 FR 47974 (September 21, 2018), with later amendments"
list3,32041920,320419,"83 FR 47974 (September 21, 2018), with later amendments"
list3,32041925,320419,"83 FR 47974 (September 21, 2018), with later amendments"
list3,32041930,320419,"83 FR 47974 (September 21, 2018), with later amendments"
list3,32041935,320419,"83 FR 47974 (September 21, 2018), with later amendments"
list3,32041950,320419,"83 FR 47974 (September 21, 2018), with later amendments"
list3,32042010,320420,"83 FR 47974 (September 21, 2018), with later amendments"
list3,32042080,320420,"83 FR 47974 (September 21, 2018), with later amendments"
list3,32049000,320490,"83 FR 47974 (September 21, 2018), with later amendments"
list3,32050005,320500,"83 FR 47974 (September 21, 2018), with later amendments"
list3,32050015,320500,"83 FR 47974 (September 21, 2018), with later amendments"
list3,32050040,320500,"83 FR 47974 (September 21, 2018), with later amendments"
list3,32050050,320500,"83 FR 47974 (September 21, 2018), with later amendments"
list3,32061100,320611,"83 FR 47974 (September 21, 2018), with later amendments"
list3,32061900,320619,"83 FR 47974 (September 21, 2018), with later amendments"
list3,32062000,320620,"83 FR 47974 (September 21, 2018), with later amendments"
list3,32064100,320641,"83 FR 47974 (September 21, 2018), with later amendments"
list3,32064200,320642,"83 FR 47974 (September 21, 2018), with later amendments"
list3,32064910,320649,"83 FR 47974 (September 21, 2018), with later amendments"
list3,32064920,320649,"83 FR 47974 (September 21, 2018), with later amendments"
list3,32064930,320649,"83 FR 47974 (September 21, 2018), with later amendments"
list3,32064940,320649,"83 FR 47974 (September 21, 2018), with later amendments"
list3,32064955,320649,"83 FR 47974 (September 21, 2018), with later amendments"
list3,32064960,320649,"83 FR 47974 (September 21, 2018), with later amendments"
list3,32065000,320650,"83 FR 47974 (September 21, 2018), with later amendments"
list3,32071000,320710,"83 FR 47974 (September 21, 2018), with later amendments"
list3,32072000,320720,"83 FR 47974 (September 21, 2018), with later amendments"
list3,32073000,320730,"83 FR 47974 (September 21, 2018), with later amendments"
list3,32074010,320740,"83 FR 47974 (September 21, 2018), with later amendments"
list3,32074050,320740,"83 FR 47974 (September 21, 2018), with later amendments"
list3,32081000,320810,"83 FR 47974 (September 21, 2018), with later amendments"
list3,32082000,320820,"83 FR 47974 (September 21, 2018), with later amendments"
list3,32089000,320890,"83 FR 47974 (September 21, 2018), with later amendments"
list3,32091000,320910,"83 FR 47974 (September 21, 2018), with later amendments"
list3,32099000,320990,"83 FR 47974 (September 21, 2018), with later amendments"
list3,32100000,321000,"83 FR 47974 (September 21, 2018), with later amendments"
list3,32110000,321100,"83 FR 47974 (September 21, 2018), with later amendments"
list3,32121000,321210,"83 FR 47974 (September 21, 2018), with later amendments"
list3,32129000,321290,"83 FR 47974 (September 21, 2018), with later amendments"
list3,32131000,321310,"83 FR 47974 (September 21, 2018), with later amendments"
list3,32139000,321390,"83 FR 47974 (September 21, 2018), with later amendments"
list3,32141000,321410,"83 FR 47974 (September 21, 2018), with later amendments"
list3,32149010,321490,"83 FR 47974 (September 21, 2018), with later amendments"
list3,32149050,321490,"83 FR 47974 (September 21, 2018), with later amendments"
list3,32151110,321511,"83 FR 47974 (September 21, 2018), with later amendments"
list3,32151130,321511,"83 FR 47974 (September 21, 2018), with later amendments"
list3,32151190,321511,"83 FR 47974 (September 21, 2018), with later amendments"
list3,32151910,321519,"83 FR 47974 (September 21, 2018), with later amendments"
list3,32151930,321519,"83 FR 47974 (September 21, 2018), with later amendments"
list3,32151990,321519,"83 FR 47974 (September 21, 2018), with later amendments"
list3,32159010,321590,"83 FR 47974 (September 21, 2018), with later amendments"
list3,32159050,321590,"83 FR 47974 (September 21, 2018), with later amendments"
list3,33011300,330113,"83 FR 47974 (September 21, 2018), with later amendments"
list3,33029010,330290,"83 FR 47974 (September 21, 2018), with later amendments"
list3,33029020,330290,"83 FR 47974 (September 21, 2018), with later amendments"
list3,33030010,330300,"83 FR 47974 (September 21, 2018), with later amendments"
list3,33030020,330300,"83 FR 47974 (September 21, 2018), with later amendments"
list3,33030030,330300,"83 FR 47974 (September 21, 2018), with later amendments"
list3,33041000,330410,"83 FR 47974 (September 21, 2018), with later amendments"
list3,33042000,330420,"83 FR 47974 (September 21, 2018), with later amendments"
list3,33043000,330430,"83 FR 47974 (September 21, 2018), with later amendments"
list3,33049100,330491,"83 FR 47974 (September 21, 2018), with later amendments"
list3,33049910,330499,"83 FR 47974 (September 21, 2018), with later amendments"
list3,33049950,330499,"83 FR 47974 (September 21, 2018), with later amendments"
list3,33051000,330510,"83 FR 47974 (September 21, 2018), with later amendments"
list3,33052000,330520,"83 FR 47974 (September 21, 2018), with later amendments"
list3,33053000,330530,"83 FR 47974 (September 21, 2018), with later amendments"
list3,33059000,330590,"83 FR 47974 (September 21, 2018), with later amendments"
list3,33069000,330690,"83 FR 47974 (September 21, 2018), with later amendments"
list3,33071010,330710,"83 FR 47974 (September 21, 2018), with later amendments"
list3,33071020,330710,"83 FR 47974 (September 21, 2018), with later amendments"
list3,33072000,330720,"83 FR 47974 (September 21, 2018), with later amendments"
list3,33073010,330730,"83 FR 47974 (September 21, 2018), with later amendments"
list3,33073050,330730,"83 FR 47974 (September 21, 2018), with later amendments"
list3,33074100,330741,"83 FR 47974 (September 21, 2018), with later amendments"
list3,33074900,330749,"83 FR 47974 (September 21, 2018), with later amendments"
list3,33079000,330790,"83 FR 47974 (September 21, 2018), with later amendments"
list3,34011110,340111,"83 FR 47974 (September 21, 2018), with later amendments"
list3,34011150,340111,"83 FR 47974 (September 21, 2018), with later amendments"
list3,34012000,340120,"83 FR 47974 (September 21, 2018), with later amendments"
list3,34013010,340130,"83 FR 47974 (September 21, 2018), with later amendments"
list3,34013050,340130,"83 FR 47974 (September 21, 2018), with later amendments"
list3,34021120,340211,"83 FR 47974 (September 21, 2018), with later amendments"
list3,34021140,340211,"83 FR 47974 (September 21, 2018), with later amendments"
list3,34021150,340211,"83 FR 47974 (September 21, 2018), with later amendments"
list3,34021210,340212,"83 FR 47974 (September 21, 2018), with later amendments"
list3,34021250,340212,"83 FR 47974 (September 21, 2018), with later amendments"
list3,34021310,340213,"83 FR 47974 (September 21, 2018), with later amendments"
list3,34021320,340213,"83 FR 47974 (September 21, 2018), with later amendments"
list3,34021350,340213,"83 FR 47974 (September 21, 2018), with later amendments"
list3,34021910,340219,"83 FR 47974 (September 21, 2018), with later amendments"
list3,34021950,340219,"83 FR 47974 (September 21, 2018), with later amendments"
list3,34022011,340220,"83 FR 47974 (September 21, 2018), with later amendments"
list3,34022051,340220,"83 FR 47974 (September 21, 2018), with later amendments"
list3,34029010,340290,"83 FR 47974 (September 21, 2018), with later amendments"
list3,34029030,340290,"83 FR 47974 (September 21, 2018), with later amendments"
list3,34029050,340290,"83 FR 47974 (September 21, 2018), with later amendments"
list3,34031120,340311,"83 FR 47974 (September 21, 2018), with later amendments"
list3,34031140,340311,"83 FR 47974 (September 21, 2018), with later amendments"
list3,34031150,340311,"83 FR 47974 (September 21, 2018), with later amendments"
list3,34039110,340391,"83 FR 47974 (September 21, 2018), with later amendments"
list3,34039150,340391,"83 FR 47974 (September 21, 2018), with later amendments"
list3,34042000,340420,"83 FR 47974 (September 21, 2018), with later amendments"
list3,34049010,340490,"83 FR 47974 (September 21, 2018), with later amendments"
list3,34049051,340490,"83 FR 47974 (September 21, 2018), with later amendments"
list3,34051000,340510,"83 FR 47974 (September 21, 2018), with later amendments"
list3,34052000,340520,"83 FR 47974 (September 21, 2018), with later amendments"
list3,34053000,340530,"83 FR 47974 (September 21, 2018), with later amendments"
list3,34054000,340540,"83 FR 47974 (September 21, 2018), with later amendments"
list3,34059000,340590,"83 FR 47974 (September 21, 2018), with later amendments"
list3,35021100,350211,"83 FR 47974 (September 21, 2018), with later amendments"
list3,35029000,350290,"83 FR 47974 (September 21, 2018), with later amendments"
list3,35061010,350610,"83 FR 47974 (September 21, 2018), with later amendments"
list3,35061050,350610,"83 FR 47974 (September 21, 2018), with later amendments"
list3,35069110,350691,"83 FR 47974 (September 21, 2018), with later amendments"
list3,35069150,350691,"83 FR 47974 (September 21, 2018), with later amendments"
list3,35069900,350699,"83 FR 47974 (September 21, 2018), with later amendments"
list3,35071000,350710,"83 FR 47974 (September 21, 2018), with later amendments"
list3,35079020,350790,"83 FR 47974 (September 21, 2018), with later amendments"
list3,35079070,350790,"83 FR 47974 (September 21, 2018), with later amendments"
list3,36061000,360610,"83 FR 47974 (September 21, 2018), with later amendments"
list3,37011000,370110,"83 FR 47974 (September 21, 2018), with later amendments"
list3,37012000,370120,"83 FR 47974 (September 21, 2018), with later amendments"
list3,37013000,370130,"83 FR 47974 (September 21, 2018), with later amendments"
list3,37019100,370191,"83 FR 47974 (September 21, 2018), with later amendments"
list3,37019930,370199,"83 FR 47974 (September 21, 2018), with later amendments"
list3,37019960,370199,"83 FR 47974 (September 21, 2018), with later amendments"
list3,37021000,370210,"83 FR 47974 (September 21, 2018), with later amendments"
list3,37023101,370231,"83 FR 47974 (September 21, 2018), with later amendments"
list3,37023201,370232,"83 FR 47974 (September 21, 2018), with later amendments"
list3,37023901,370239,"83 FR 47974 (September 21, 2018), with later amendments"
list3,37024101,370241,"83 FR 47974 (September 21, 2018), with later amendments"
list3,37024201,370242,"83 FR 47974 (September 21, 2018), with later amendments"
list3,37024301,370243,"83 FR 47974 (September 21, 2018), with later amendments"
list3,37024401,370244,"83 FR 47974 (September 21, 2018), with later amendments"
list3,37025201,370252,"83 FR 47974 (September 21, 2018), with later amendments"
list3,37025300,370253,"83 FR 47974 (September 21, 2018), with later amendments"
list3,37025400,370254,"83 FR 47974 (September 21, 2018), with later amendments"
list3,37025500,370255,"83 FR 47974 (September 21, 2018), with later amendments"
list3,37025600,370256,"83 FR 47974 (September 21, 2018), with later amendments"
list3,37029600,370296,"83 FR 47974 (September 21, 2018), with later amendments"
list3,37029700,370297,"83 FR 47974 (September 21, 2018), with later amendments"
list3,37029800,370298,"83 FR 47974 (September 21, 2018), with later amendments"
list3,37031030,370310,"83 FR 47974 (September 21, 2018), with later amendments"
list3,37031060,370310,"83 FR 47974 (September 21, 2018), with later amendments"
list3,37032030,370320,"83 FR 47974 (September 21, 2018), with later amendments"
list3,37032060,370320,"83 FR 47974 (September 21, 2018), with later amendments"
list3,37039030,370390,"83 FR 47974 (September 21, 2018), with later amendments"
list3,37039060,370390,"83 FR 47974 (September 21, 2018), with later amendments"
list3,37040000,370400,"83 FR 47974 (September 21, 2018), with later amendments"
list3,37050000,370500,"83 FR 47974 (September 21, 2018), with later amendments"
list3,37061030,370610,"83 FR 47974 (September 21, 2018), with later amendments"
list3,37061060,370610,"83 FR 47974 (September 21, 2018), with later amendments"
list3,37069000,370690,"83 FR 47974 (September 21, 2018), with later amendments"
list3,37071000,370710,"83 FR 47974 (September 21, 2018), with later amendments"
list3,37079031,370790,"83 FR 47974 (September 21, 2018), with later amendments"
list3,37079032,370790,"83 FR 47974 (September 21, 2018), with later amendments"
list3,37079060,370790,"83 FR 47974 (September 21, 2018), with later amendments"
list3,38011010,380110,"83 FR 47974 (September 21, 2018), with later amendments"
list3,38011050,380110,"83 FR 47974 (September 21, 2018), with later amendments"
list3,38012000,380120,"83 FR 47974 (September 21, 2018), with later amendments"
list3,38013000,380130,"83 FR 47974 (September 21, 2018), with later amendments"
list3,38019000,380190,"83 FR 47974 (September 21, 2018), with later amendments"
list3,38021000,380210,"83 FR 47974 (September 21, 2018), with later amendments"
list3,38029010,380290,"83 FR 47974 (September 21, 2018), with later amendments"
list3,38029020,380290,"83 FR 47974 (September 21, 2018), with later amendments"
list3,38029050,380290,"83 FR 47974 (September 21, 2018), with later amendments"
list3,38030000,380300,"83 FR 47974 (September 21, 2018), with later amendments"
list3,38040010,380400,"83 FR 47974 (September 21, 2018), with later amendments"
list3,38040050,380400,"83 FR 47974 (September 21, 2018), with later amendments"
list3,38051000,380510,"83 FR 47974 (September 21, 2018), with later amendments"
list3,38059010,380590,"83 FR 47974 (September 21, 2018), with later amendments"
list3,38059050,380590,"83 FR 47974 (September 21, 2018), with later amendments"
list3,38061000,380610,"83 FR 47974 (September 21, 2018), with later amendments"
list3,38062000,380620,"83 FR 47974 (September 21, 2018), with later amendments"
list3,38063000,380630,"83 FR 47974 (September 21, 2018), with later amendments"
list3,38069000,380690,"83 FR 47974 (September 21, 2018), with later amendments"
list3,38070000,380700,"83 FR 47974 (September 21, 2018), with later amendments"
list3,38085940,380859,"83 FR 47974 (September 21, 2018), with later amendments"
list3,38086110,380861,"83 FR 47974 (September 21, 2018), with later amendments"
list3,38086210,380862,"83 FR 47974 (September 21, 2018), with later amendments"
list3,38086250,380862,"83 FR 47974 (September 21, 2018), with later amendments"
list3,38086910,380869,"83 FR 47974 (September 21, 2018), with later amendments"
list3,38086950,380869,"83 FR 47974 (September 21, 2018), with later amendments"
list3,38089110,380891,"83 FR 47974 (September 21, 2018), with later amendments"
list3,38089115,380891,"83 FR 47974 (September 21, 2018), with later amendments"
list3,38089125,380891,"83 FR 47974 (September 21, 2018), with later amendments"
list3,38089130,380891,"83 FR 47974 (September 21, 2018), with later amendments"
list3,38089150,380891,"83 FR 47974 (September 21, 2018), with later amendments"
list3,38089205,380892,"83 FR 47974 (September 21, 2018), with later amendments"
list3,38089215,380892,"83 FR 47974 (September 21, 2018), with later amendments"
list3,38089224,380892,"83 FR 47974 (September 21, 2018), with later amendments"
list3,38089228,380892,"83 FR 47974 (September 21, 2018), with later amendments"
list3,38089230,380892,"83 FR 47974 (September 21, 2018), with later amendments"
list3,38089250,380892,"83 FR 47974 (September 21, 2018), with later amendments"
list3,38089305,380893,"83 FR 47974 (September 21, 2018), with later amendments"
list3,38089315,380893,"83 FR 47974 (September 21, 2018), with later amendments"
list3,38089320,380893,"83 FR 47974 (September 21, 2018), with later amendments"
list3,38089350,380893,"83 FR 47974 (September 21, 2018), with later amendments"
list3,38089410,380894,"83 FR 47974 (September 21, 2018), with later amendments"
list3,38089450,380894,"83 FR 47974 (September 21, 2018), with later amendments"
list3,38089904,380899,"83 FR 47974 (September 21, 2018), with later amendments"
list3,38089908,380899,"83 FR 47974 (September 21, 2018), with later amendments"
list3,38089930,380899,"83 FR 47974 (September 21, 2018), with later amendments"
list3,38089970,380899,"83 FR 47974 (September 21, 2018), with later amendments"
list3,38089995,380899,"83 FR 47974 (September 21, 2018), with later amendments"
list3,38099100,380991,"83 FR 47974 (September 21, 2018), with later amendments"
list3,38099210,380992,"83 FR 47974 (September 21, 2018), with later amendments"
list3,38099250,380992,"83 FR 47974 (September 21, 2018), with later amendments"
list3,38099310,380993,"83 FR 47974 (September 21, 2018), with later amendments"
list3,38099350,380993,"83 FR 47974 (September 21, 2018), with later amendments"
list3,38101000,381010,"83 FR 47974 (September 21, 2018), with later amendments"
list3,38109010,381090,"83 FR 47974 (September 21, 2018), with later amendments"
list3,38109020,381090,"83 FR 47974 (September 21, 2018), with later amendments"
list3,38109050,381090,"83 FR 47974 (September 21, 2018), with later amendments"
list3,38111110,381111,"83 FR 47974 (September 21, 2018), with later amendments"
list3,38111150,381111,"83 FR 47974 (September 21, 2018), with later amendments"
list3,38111900,381119,"83 FR 47974 (September 21, 2018), with later amendments"
list3,38119000,381190,"83 FR 47974 (September 21, 2018), with later amendments"
list3,38121010,381210,"83 FR 47974 (September 21, 2018), with later amendments"
list3,38121050,381210,"83 FR 47974 (September 21, 2018), with later amendments"
list3,38122010,381220,"83 FR 47974 (September 21, 2018), with later amendments"
list3,38122050,381220,"83 FR 47974 (September 21, 2018), with later amendments"
list3,38123100,381231,"83 FR 47974 (September 21, 2018), with later amendments"
list3,38123920,381239,"83 FR 47974 (September 21, 2018), with later amendments"
list3,38123930,381239,"83 FR 47974 (September 21, 2018), with later amendments"
list3,38123960,381239,"83 FR 47974 (September 21, 2018), with later amendments"
list3,38123970,381239,"83 FR 47974 (September 21, 2018), with later amendments"
list3,38123990,381239,"83 FR 47974 (September 21, 2018), with later amendments"
list3,38130010,381300,"83 FR 47974 (September 21, 2018), with later amendments"
list3,38130050,381300,"83 FR 47974 (September 21, 2018), with later amendments"
list3,38140010,381400,"83 FR 47974 (September 21, 2018), with later amendments"
list3,38140020,381400,"83 FR 47974 (September 21, 2018), with later amendments"
list3,38140050,381400,"83 FR 47974 (September 21, 2018), with later amendments"
list3,38151100,381511,"83 FR 47974 (September 21, 2018), with later amendments"
list3,38151200,381512,"83 FR 47974 (September 21, 2018), with later amendments"
list3,38151900,381519,"83 FR 47974 (September 21, 2018), with later amendments"
list3,38159010,381590,"83 FR 47974 (September 21, 2018), with later amendments"
list3,38159020,381590,"83 FR 47974 (September 21, 2018), with later amendments"
list3,38159030,381590,"83 FR 47974 (September 21, 2018), with later amendments"
list3,38159050,381590,"83 FR 47974 (September 21, 2018), with later amendments"
list3,38160000,381600,"83 FR 47974 (September 21, 2018), with later amendments"
list3,38170010,381700,"83 FR 47974 (September 21, 2018), with later amendments"
list3,38170015,381700,"83 FR 47974 (September 21, 2018), with later amendments"
list3,38170020,381700,"83 FR 47974 (September 21, 2018), with later amendments"
list3,38180000,381800,"83 FR 47974 (September 21, 2018), with later amendments"
list3,38190000,381900,"83 FR 47974 (September 21, 2018), with later amendments"
list3,38241000,382410,"83 FR 47974 (September 21, 2018), with later amendments"
list3,38243000,382430,"83 FR 47974 (September 21, 2018), with later amendments"
list3,38244010,382440,"83 FR 47974 (September 21, 2018), with later amendments"
list3,38244020,382440,"83 FR 47974 (September 21, 2018), with later amendments"
list3,38244050,382440,"83 FR 47974 (September 21, 2018), with later amendments"
list3,38245000,382450,"83 FR 47974 (September 21, 2018), with later amendments"
list3,38247101,382471,"83 FR 47974 (September 21, 2018), with later amendments"
list3,38247200,382472,"83 FR 47974 (September 21, 2018), with later amendments"
list3,38247300,382473,"83 FR 47974 (September 21, 2018), with later amendments"
list3,38247400,382474,"83 FR 47974 (September 21, 2018), with later amendments"
list3,38247500,382475,"83 FR 47974 (September 21, 2018), with later amendments"
list3,38247600,382476,"83 FR 47974 (September 21, 2018), with later amendments"
list3,38247700,382477,"83 FR 47974 (September 21, 2018), with later amendments"
list3,38247800,382478,"83 FR 47974 (September 21, 2018), with later amendments"
list3,38247910,382479,"83 FR 47974 (September 21, 2018), with later amendments"
list3,38247990,382479,"83 FR 47974 (September 21, 2018), with later amendments"
list3,38248100,382481,"83 FR 47974 (September 21, 2018), with later amendments"
list3,38248210,382482,"83 FR 47974 (September 21, 2018), with later amendments"
list3,38248290,382482,"83 FR 47974 (September 21, 2018), with later amendments"
list3,38248300,382483,"83 FR 47974 (September 21, 2018), with later amendments"
list3,38248400,382484,"83 FR 47974 (September 21, 2018), with later amendments"
list3,38248500,382485,"83 FR 47974 (September 21, 2018), with later amendments"
list3,38248600,382486,"83 FR 47974 (September 21, 2018), with later amendments"
list3,38248700,382487,"83 FR 47974 (September 21, 2018), with later amendments"
list3,38248800,382488,"83 FR 47974 (September 21, 2018), with later amendments"
list3,38249100,382491,"83 FR 47974 (September 21, 2018), with later amendments"
list3,38249911,382499,"83 FR 47974 (September 21, 2018), with later amendments"
list3,38249919,382499,"83 FR 47974 (September 21, 2018), with later amendments"
list3,38249921,382499,"83 FR 47974 (September 21, 2018), with later amendments"
list3,38249925,382499,"83 FR 47974 (September 21, 2018), with later amendments"
list3,38249926,382499,"83 FR 47974 (September 21, 2018), with later amendments"
list3,38249928,382499,"83 FR 47974 (September 21, 2018), with later amendments"
list3,38249931,382499,"83 FR 47974 (September 21, 2018), with later amendments"
list3,38249932,382499,"83 FR 47974 (September 21, 2018), with later amendments"
list3,38249933,382499,"83 FR 47974 (September 21, 2018), with later amendments"
list3,38249934,382499,"83 FR 47974 (September 21, 2018), with later amendments"
list3,38249935,382499,"83 FR 47974 (September 21, 2018), with later amendments"
list3,38249939,382499,"83 FR 47974 (September 21, 2018), with later amendments"
list3,38249941,382499,"83 FR 47974 (September 21, 2018), with later amendments"
list3,38249948,382499,"83 FR 47974 (September 21, 2018), with later amendments"
list3,38249950,382499,"83 FR 47974 (September 21, 2018), with later amendments"
list3,38249955,382499,"83 FR 47974 (September 21, 2018), with later amendments"
list3,38249970,382499,"83 FR 47974 (September 21, 2018), with later amendments"
list3,38249975,382499,"83 FR 47974 (September 21, 2018), with later amendments"
list3,38249992,382499,"83 FR 47974 (September 21, 2018), with later amendments"
list3,38254100,382541,"83 FR 47974 (September 21, 2018), with later amendments"
list3,38254900,382549,"83 FR 47974 (September 21, 2018), with later amendments"
list3,38255000,382550,"83 FR 47974 (September 21, 2018), with later amendments"
list3,38256100,382561,"83 FR 47974 (September 21, 2018), with later amendments"
list3,38256900,382569,"83 FR 47974 (September 21, 2018), with later amendments"
list3,38259000,382590,"83 FR 47974 (September 21, 2018), with later amendments"
list3,38260010,382600,"83 FR 47974 (September 21, 2018), with later amendments"
list3,38260030,382600,"83 FR 47974 (September 21, 2018), with later amendments"
list3,39014000,390140,"83 FR 47974 (September 21, 2018), with later amendments"
list3,39059930,390599,"83 FR 47974 (September 21, 2018), with later amendments"
list3,39093100,390931,"83 FR 47974 (September 21, 2018), with later amendments"
list3,39093900,390939,"83 FR 47974 (September 21, 2018), with later amendments"
list3,39121100,391211,"83 FR 47974 (September 21, 2018), with later amendments"
list3,39123100,391231,"83 FR 47974 (September 21, 2018), with later amendments"
list3,39139020,391390,"83 FR 47974 (September 21, 2018), with later amendments"
list3,39151000,391510,"83 FR 47974 (September 21, 2018), with later amendments"
list3,39152000,391520,"83 FR 47974 (September 21, 2018), with later amendments"
list3,39153000,391530,"83 FR 47974 (September 21, 2018), with later amendments"
list3,39159000,391590,"83 FR 47974 (September 21, 2018), with later amendments"
list3,39169020,391690,"83 FR 47974 (September 21, 2018), with later amendments"
list3,39171010,391710,"83 FR 47974 (September 21, 2018), with later amendments"
list3,39171060,391710,"83 FR 47974 (September 21, 2018), with later amendments"
list3,39171090,391710,"83 FR 47974 (September 21, 2018), with later amendments"
list3,39173300,391733,"83 FR 47974 (September 21, 2018), with later amendments"
list3,39173900,391739,"83 FR 47974 (September 21, 2018), with later amendments"
list3,39181010,391810,"83 FR 47974 (September 21, 2018), with later amendments"
list3,39181020,391810,"83 FR 47974 (September 21, 2018), with later amendments"
list3,39181031,391810,"83 FR 47974 (September 21, 2018), with later amendments"
list3,39181032,391810,"83 FR 47974 (September 21, 2018), with later amendments"
list3,39181040,391810,"83 FR 47974 (September 21, 2018), with later amendments"
list3,39181050,391810,"83 FR 47974 (September 21, 2018), with later amendments"
list3,39189010,391890,"83 FR 47974 (September 21, 2018), with later amendments"
list3,39189020,391890,"83 FR 47974 (September 21, 2018), with later amendments"
list3,39189030,391890,"83 FR 47974 (September 21, 2018), with later amendments"
list3,39189050,391890,"83 FR 47974 (September 21, 2018), with later amendments"
list3,39229000,392290,"83 FR 47974 (September 21, 2018), with later amendments"
list3,39231020,392310,"83 FR 47974 (September 21, 2018), with later amendments"
list3,39231090,392310,"83 FR 47974 (September 21, 2018), with later amendments"
list3,39232100,392321,"83 FR 47974 (September 21, 2018), with later amendments"
list3,39232900,392329,"83 FR 47974 (September 21, 2018), with later amendments"
list3,39233000,392330,"83 FR 47974 (September 21, 2018), with later amendments"
list3,39234000,392340,"83 FR 47974 (September 21, 2018), with later amendments"
list3,39235000,392350,"83 FR 47974 (September 21, 2018), with later amendments"
list3,39239000,392390,"83 FR 47974 (September 21, 2018), with later amendments"
list3,39251000,392510,"83 FR 47974 (September 21, 2018), with later amendments"
list3,39259000,392590,"83 FR 47974 (September 21, 2018), with later amendments"
list3,39262020,392620,"83 FR 47974 (September 21, 2018), with later amendments"
list3,39262030,392620,"83 FR 47974 (September 21, 2018), with later amendments"
list3,39262060,392620,"83 FR 47974 (September 21, 2018), with later amendments"
list3,39262090,392620,"83 FR 47974 (September 21, 2018), with later amendments"
list3,39269030,392690,"83 FR 47974 (September 21, 2018), with later amendments"
list3,39269045,392690,"83 FR 47974 (September 21, 2018), with later amendments"
list3,39269055,392690,"83 FR 47974 (September 21, 2018), with later amendments"
list3,39269056,392690,"83 FR 47974 (September 21, 2018), with later amendments"
list3,39269057,392690,"83 FR 47974 (September 21, 2018), with later amendments"
list3,39269059,392690,"83 FR 47974 (September 21, 2018), with later amendments"
list3,39269060,392690,"83 FR 47974 (September 21, 2018), with later amendments"
list3,39269083,392690,"83 FR 47974 (September 21, 2018), with later amendments"
list3,39269087,392690,"83 FR 47974 (September 21, 2018), with later amendments"
list3,39269094,392690,"83 FR 47974 (September 21, 2018), with later amendments"
list3,39269096,392690,"83 FR 47974 (September 21, 2018), with later amendments"
list3,40011000,400110,"83 FR 47974 (September 21, 2018), with later amendments"
list3,40012100,400121,"83 FR 47974 (September 21, 2018), with later amendments"
list3,40012200,400122,"83 FR 47974 (September 21, 2018), with later amendments"
list3,40012900,400129,"83 FR 47974 (September 21, 2018), with later amendments"
list3,40013000,400130,"83 FR 47974 (September 21, 2018), with later amendments"
list3,40021100,400211,"83 FR 47974 (September 21, 2018), with later amendments"
list3,40021900,400219,"83 FR 47974 (September 21, 2018), with later amendments"
list3,40022000,400220,"83 FR 47974 (September 21, 2018), with later amendments"
list3,40023100,400231,"83 FR 47974 (September 21, 2018), with later amendments"
list3,40023900,400239,"83 FR 47974 (September 21, 2018), with later amendments"
list3,40024100,400241,"83 FR 47974 (September 21, 2018), with later amendments"
list3,40024900,400249,"83 FR 47974 (September 21, 2018), with later amendments"
list3,40025100,400251,"83 FR 47974 (September 21, 2018), with later amendments"
list3,40025900,400259,"83 FR 47974 (September 21, 2018), with later amendments"
list3,40026000,400260,"83 FR 47974 (September 21, 2018), with later amendments"
list3,40027000,400270,"83 FR 47974 (September 21, 2018), with later amendments"
list3,40028000,400280,"83 FR 47974 (September 21, 2018), with later amendments"
list3,40029100,400291,"83 FR 47974 (September 21, 2018), with later amendments"
list3,40029900,400299,"83 FR 47974 (September 21, 2018), with later amendments"
list3,40030000,400300,"83 FR 47974 (September 21, 2018), with later amendments"
list3,40040000,400400,"83 FR 47974 (September 21, 2018), with later amendments"
list3,40051000,400510,"83 FR 47974 (September 21, 2018), with later amendments"
list3,40052000,400520,"83 FR 47974 (September 21, 2018), with later amendments"
list3,40059100,400591,"83 FR 47974 (September 21, 2018), with later amendments"
list3,40059900,400599,"83 FR 47974 (September 21, 2018), with later amendments"
list3,40069010,400690,"83 FR 47974 (September 21, 2018), with later amendments"
list3,40069050,400690,"83 FR 47974 (September 21, 2018), with later amendments"
list3,40070000,400700,"83 FR 47974 (September 21, 2018), with later amendments"
list3,40081110,400811,"83 FR 47974 (September 21, 2018), with later amendments"
list3,40081150,400811,"83 FR 47974 (September 21, 2018), with later amendments"
list3,40081920,400819,"83 FR 47974 (September 21, 2018), with later amendments"
list3,40081940,400819,"83 FR 47974 (September 21, 2018), with later amendments"
list3,40081960,400819,"83 FR 47974 (September 21, 2018), with later amendments"
list3,40081980,400819,"83 FR 47974 (September 21, 2018), with later amendments"
list3,40082100,400821,"83 FR 47974 (September 21, 2018), with later amendments"
list3,40082920,400829,"83 FR 47974 (September 21, 2018), with later amendments"
list3,40082940,400829,"83 FR 47974 (September 21, 2018), with later amendments"
list3,40091100,400911,"83 FR 47974 (September 21, 2018), with later amendments"
list3,40092100,400921,"83 FR 47974 (September 21, 2018), with later amendments"
list3,40092200,400922,"83 FR 47974 (September 21, 2018), with later amendments"
list3,40093100,400931,"83 FR 47974 (September 21, 2018), with later amendments"
list3,40093200,400932,"83 FR 47974 (September 21, 2018), with later amendments"
list3,40094100,400941,"83 FR 47974 (September 21, 2018), with later amendments"
list3,40101210,401012,"83 FR 47974 (September 21, 2018), with later amendments"
list3,40101250,401012,"83 FR 47974 (September 21, 2018), with later amendments"
list3,40101255,401012,"83 FR 47974 (September 21, 2018), with later amendments"
list3,40101290,401012,"83 FR 47974 (September 21, 2018), with later amendments"
list3,40101910,401019,"83 FR 47974 (September 21, 2018), with later amendments"
list3,40101950,401019,"83 FR 47974 (September 21, 2018), with later amendments"
list3,40101955,401019,"83 FR 47974 (September 21, 2018), with later amendments"
list3,40101980,401019,"83 FR 47974 (September 21, 2018), with later amendments"
list3,40101991,401019,"83 FR 47974 (September 21, 2018), with later amendments"
list3,40103130,401031,"83 FR 47974 (September 21, 2018), with later amendments"
list3,40103160,401031,"83 FR 47974 (September 21, 2018), with later amendments"
list3,40103230,401032,"83 FR 47974 (September 21, 2018), with later amendments"
list3,40103260,401032,"83 FR 47974 (September 21, 2018), with later amendments"
list3,40103330,401033,"83 FR 47974 (September 21, 2018), with later amendments"
list3,40103360,401033,"83 FR 47974 (September 21, 2018), with later amendments"
list3,40103430,401034,"83 FR 47974 (September 21, 2018), with later amendments"
list3,40103460,401034,"83 FR 47974 (September 21, 2018), with later amendments"
list3,40103530,401035,"83 FR 47974 (September 21, 2018), with later amendments"
list3,40103541,401035,"83 FR 47974 (September 21, 2018), with later amendments"
list3,40103545,401035,"83 FR 47974 (September 21, 2018), with later amendments"
list3,40103550,401035,"83 FR 47974 (September 21, 2018), with later amendments"
list3,40103590,401035,"83 FR 47974 (September 21, 2018), with later amendments"
list3,40103630,401036,"83 FR 47974 (September 21, 2018), with later amendments"
list3,40103641,401036,"83 FR 47974 (September 21, 2018), with later amendments"
list3,40103645,401036,"83 FR 47974 (September 21, 2018), with later amendments"
list3,40103650,401036,"83 FR 47974 (September 21, 2018), with later amendments"
list3,40103690,401036,"83 FR 47974 (September 21, 2018), with later amendments"
list3,40103910,401039,"83 FR 47974 (September 21, 2018), with later amendments"
list3,40103920,401039,"83 FR 47974 (September 21, 2018), with later amendments"
list3,40103930,401039,"83 FR 47974 (September 21, 2018), with later amendments"
list3,40103941,401039,"83 FR 47974 (September 21, 2018), with later amendments"
list3,40103945,401039,"83 FR 47974 (September 21, 2018), with later amendments"
list3,40103950,401039,"83 FR 47974 (September 21, 2018), with later amendments"
list3,40103990,401039,"83 FR 47974 (September 21, 2018), with later amendments"
list3,40111010,401110,"83 FR 47974 (September 21, 2018), with later amendments"
list3,40111050,401110,"83 FR 47974 (September 21, 2018), with later amendments"
list3,40112010,401120,"83 FR 47974 (September 21, 2018), with later amendments"
list3,40112050,401120,"83 FR 47974 (September 21, 2018), with later amendments"
list3,40114000,401140,"83 FR 47974 (September 21, 2018), with later amendments"
list3,40115000,401150,"83 FR 47974 (September 21, 2018), with later amendments"
list3,40117000,401170,"83 FR 47974 (September 21, 2018), with later amendments"
list3,40118010,401180,"83 FR 47974 (September 21, 2018), with later amendments"
list3,40118020,401180,"83 FR 47974 (September 21, 2018), with later amendments"
list3,40118080,401180,"83 FR 47974 (September 21, 2018), with later amendments"
list3,40119010,401190,"83 FR 47974 (September 21, 2018), with later amendments"
list3,40119020,401190,"83 FR 47974 (September 21, 2018), with later amendments"
list3,40119080,401190,"83 FR 47974 (September 21, 2018), with later amendments"
list3,40121140,401211,"83 FR 47974 (September 21, 2018), with later amendments"
list3,40121180,401211,"83 FR 47974 (September 21, 2018), with later amendments"
list3,40121240,401212,"83 FR 47974 (September 21, 2018), with later amendments"
list3,40121280,401212,"83 FR 47974 (September 21, 2018), with later amendments"
list3,40121920,401219,"83 FR 47974 (September 21, 2018), with later amendments"
list3,40121940,401219,"83 FR 47974 (September 21, 2018), with later amendments"
list3,40122010,401220,"83 FR 47974 (September 21, 2018), with later amendments"
list3,40122015,401220,"83 FR 47974 (September 21, 2018), with later amendments"
list3,40122045,401220,"83 FR 47974 (September 21, 2018), with later amendments"
list3,40122060,401220,"83 FR 47974 (September 21, 2018), with later amendments"
list3,40122080,401220,"83 FR 47974 (September 21, 2018), with later amendments"
list3,40129010,401290,"83 FR 47974 (September 21, 2018), with later amendments"
list3,40129030,401290,"83 FR 47974 (September 21, 2018), with later amendments"
list3,40129045,401290,"83 FR 47974 (September 21, 2018), with later amendments"
list3,40129070,401290,"83 FR 47974 (September 21, 2018), with later amendments"
list3,40129090,401290,"83 FR 47974 (September 21, 2018), with later amendments"
list3,40131000,401310,"83 FR 47974 (September 21, 2018), with later amendments"
list3,40132000,401320,"83 FR 47974 (September 21, 2018), with later amendments"
list3,40139010,401390,"83 FR 47974 (September 21, 2018), with later amendments"
list3,40139050,401390,"83 FR 47974 (September 21, 2018), with later amendments"
list3,40151910,401519,"83 FR 47974 (September 21, 2018), with later amendments"
list3,40151950,401519,"83 FR 47974 (September 21, 2018), with later amendments"
list3,40159000,401590,"83 FR 47974 (September 21, 2018), with later amendments"
list3,40161000,401610,"83 FR 47974 (September 21, 2018), with later amendments"
list3,40169100,401691,"83 FR 47974 (September 21, 2018), with later amendments"
list3,40169310,401693,"83 FR 47974 (September 21, 2018), with later amendments"
list3,40169350,401693,"83 FR 47974 (September 21, 2018), with later amendments"
list3,40169400,401694,"83 FR 47974 (September 21, 2018), with later amendments"
list3,40169903,401699,"83 FR 47974 (September 21, 2018), with later amendments"
list3,40169930,401699,"83 FR 47974 (September 21, 2018), with later amendments"
list3,40169935,401699,"83 FR 47974 (September 21, 2018), with later amendments"
list3,40169955,401699,"83 FR 47974 (September 21, 2018), with later amendments"
list3,40169960,401699,"83 FR 47974 (September 21, 2018), with later amendments"
list3,40170000,401700,"83 FR 47974 (September 21, 2018), with later amendments"
list3,41041110,410411,"83 FR 47974 (September 21, 2018), with later amendments"
list3,41041120,410411,"83 FR 47974 (September 21, 2018), with later amendments"
list3,41041130,410411,"83 FR 47974 (September 21, 2018), with later amendments"
list3,41041140,410411,"83 FR 47974 (September 21, 2018), with later amendments"
list3,41041150,410411,"83 FR 47974 (September 21, 2018), with later amendments"
list3,41041910,410419,"83 FR 47974 (September 21, 2018), with later amendments"
list3,41041920,410419,"83 FR 47974 (September 21, 2018), with later amendments"
list3,41041930,410419,"83 FR 47974 (September 21, 2018), with later amendments"
list3,41041940,410419,"83 FR 47974 (September 21, 2018), with later amendments"
list3,41041950,410419,"83 FR 47974 (September 21, 2018), with later amendments"
list3,41044110,410441,"83 FR 47974 (September 21, 2018), with later amendments"
list3,41044120,410441,"83 FR 47974 (September 21, 2018), with later amendments"
list3,41044130,410441,"83 FR 47974 (September 21, 2018), with later amendments"
list3,41044140,410441,"83 FR 47974 (September 21, 2018), with later amendments"
list3,41044150,410441,"83 FR 47974 (September 21, 2018), with later amendments"
list3,41044910,410449,"83 FR 47974 (September 21, 2018), with later amendments"
list3,41044920,410449,"83 FR 47974 (September 21, 2018), with later amendments"
list3,41044930,410449,"83 FR 47974 (September 21, 2018), with later amendments"
list3,41044940,410449,"83 FR 47974 (September 21, 2018), with later amendments"
list3,41044950,410449,"83 FR 47974 (September 21, 2018), with later amendments"
list3,41051010,410510,"83 FR 47974 (September 21, 2018), with later amendments"
list3,41051090,410510,"83 FR 47974 (September 21, 2018), with later amendments"
list3,41053000,410530,"83 FR 47974 (September 21, 2018), with later amendments"
list3,41062110,410621,"83 FR 47974 (September 21, 2018), with later amendments"
list3,41062190,410621,"83 FR 47974 (September 21, 2018), with later amendments"
list3,41062200,410622,"83 FR 47974 (September 21, 2018), with later amendments"
list3,41063110,410631,"83 FR 47974 (September 21, 2018), with later amendments"
list3,41063190,410631,"83 FR 47974 (September 21, 2018), with later amendments"
list3,41063200,410632,"83 FR 47974 (September 21, 2018), with later amendments"
list3,41064000,410640,"83 FR 47974 (September 21, 2018), with later amendments"
list3,41069100,410691,"83 FR 47974 (September 21, 2018), with later amendments"
list3,41069200,410692,"83 FR 47974 (September 21, 2018), with later amendments"
list3,41071110,410711,"83 FR 47974 (September 21, 2018), with later amendments"
list3,41071120,410711,"83 FR 47974 (September 21, 2018), with later amendments"
list3,41071130,410711,"83 FR 47974 (September 21, 2018), with later amendments"
list3,41071140,410711,"83 FR 47974 (September 21, 2018), with later amendments"
list3,41071150,410711,"83 FR 47974 (September 21, 2018), with later amendments"
list3,41071160,410711,"83 FR 47974 (September 21, 2018), with later amendments"
list3,41071170,410711,"83 FR 47974 (September 21, 2018), with later amendments"
list3,41071180,410711,"83 FR 47974 (September 21, 2018), with later amendments"
list3,41071210,410712,"83 FR 47974 (September 21, 2018), with later amendments"
list3,41071220,410712,"83 FR 47974 (September 21, 2018), with later amendments"
list3,41071230,410712,"83 FR 47974 (September 21, 2018), with later amendments"
list3,41071240,410712,"83 FR 47974 (September 21, 2018), with later amendments"
list3,41071250,410712,"83 FR 47974 (September 21, 2018), with later amendments"
list3,41071260,410712,"83 FR 47974 (September 21, 2018), with later amendments"
list3,41071270,410712,"83 FR 47974 (September 21, 2018), with later amendments"
list3,41071280,410712,"83 FR 47974 (September 21, 2018), with later amendments"
list3,41071910,410719,"83 FR 47974 (September 21, 2018), with later amendments"
list3,41071920,410719,"83 FR 47974 (September 21, 2018), with later amendments"
list3,41071930,410719,"83 FR 47974 (September 21, 2018), with later amendments"
list3,41071940,410719,"83 FR 47974 (September 21, 2018), with later amendments"
list3,41071950,410719,"83 FR 47974 (September 21, 2018), with later amendments"
list3,41071960,410719,"83 FR 47974 (September 21, 2018), with later amendments"
list3,41071970,410719,"83 FR 47974 (September 21, 2018), with later amendments"
list3,41071980,410719,"83 FR 47974 (September 21, 2018), with later amendments"
list3,41079140,410791,"83 FR 47974 (September 21, 2018), with later amendments"
list3,41079150,410791,"83 FR 47974 (September 21, 2018), with later amendments"
list3,41079160,410791,"83 FR 47974 (September 21, 2018), with later amendments"
list3,41079170,410791,"83 FR 47974 (September 21, 2018), with later amendments"
list3,41079180,410791,"83 FR 47974 (September 21, 2018), with later amendments"
list3,41079240,410792,"83 FR 47974 (September 21, 2018), with later amendments"
list3,41079250,410792,"83 FR 47974 (September 21, 2018), with later amendments"
list3,41079260,410792,"83 FR 47974 (September 21, 2018), with later amendments"
list3,41079270,410792,"83 FR 47974 (September 21, 2018), with later amendments"
list3,41079280,410792,"83 FR 47974 (September 21, 2018), with later amendments"
list3,41079940,410799,"83 FR 47974 (September 21, 2018), with later amendments"
list3,41079950,410799,"83 FR 47974 (September 21, 2018), with later amendments"
list3,41079960,410799,"83 FR 47974 (September 21, 2018), with later amendments"
list3,41079970,410799,"83 FR 47974 (September 21, 2018), with later amendments"
list3,41079980,410799,"83 FR 47974 (September 21, 2018), with later amendments"
list3,41120030,411200,"83 FR 47974 (September 21, 2018), with later amendments"
list3,41120060,411200,"83 FR 47974 (September 21, 2018), with later amendments"
list3,41131030,411310,"83 FR 47974 (September 21, 2018), with later amendments"
list3,41131060,411310,"83 FR 47974 (September 21, 2018), with later amendments"
list3,41132000,411320,"83 FR 47974 (September 21, 2018), with later amendments"
list3,41133030,411330,"83 FR 47974 (September 21, 2018), with later amendments"
list3,41133060,411330,"83 FR 47974 (September 21, 2018), with later amendments"
list3,41139030,411390,"83 FR 47974 (September 21, 2018), with later amendments"
list3,41139060,411390,"83 FR 47974 (September 21, 2018), with later amendments"
list3,41141000,411410,"83 FR 47974 (September 21, 2018), with later amendments"
list3,41142030,411420,"83 FR 47974 (September 21, 2018), with later amendments"
list3,41142040,411420,"83 FR 47974 (September 21, 2018), with later amendments"
list3,41142070,411420,"83 FR 47974 (September 21, 2018), with later amendments"
list3,41151000,411510,"83 FR 47974 (September 21, 2018), with later amendments"
list3,42010030,420100,"83 FR 47974 (September 21, 2018), with later amendments"
list3,42010060,420100,"83 FR 47974 (September 21, 2018), with later amendments"
list3,42021100,420211,"83 FR 47974 (September 21, 2018), with later amendments"
list3,42021221,420212,"83 FR 47974 (September 21, 2018), with later amendments"
list3,42021229,420212,"83 FR 47974 (September 21, 2018), with later amendments"
list3,42021240,420212,"83 FR 47974 (September 21, 2018), with later amendments"
list3,42021260,420212,"83 FR 47974 (September 21, 2018), with later amendments"
list3,42021281,420212,"83 FR 47974 (September 21, 2018), with later amendments"
list3,42021289,420212,"83 FR 47974 (September 21, 2018), with later amendments"
list3,42021900,420219,"83 FR 47974 (September 21, 2018), with later amendments"
list3,42022130,420221,"83 FR 47974 (September 21, 2018), with later amendments"
list3,42022160,420221,"83 FR 47974 (September 21, 2018), with later amendments"
list3,42022190,420221,"83 FR 47974 (September 21, 2018), with later amendments"
list3,42022215,420222,"83 FR 47974 (September 21, 2018), with later amendments"
list3,42022235,420222,"83 FR 47974 (September 21, 2018), with later amendments"
list3,42022240,420222,"83 FR 47974 (September 21, 2018), with later amendments"
list3,42022245,420222,"83 FR 47974 (September 21, 2018), with later amendments"
list3,42022260,420222,"83 FR 47974 (September 21, 2018), with later amendments"
list3,42022270,420222,"83 FR 47974 (September 21, 2018), with later amendments"
list3,42022281,420222,"83 FR 47974 (September 21, 2018), with later amendments"
list3,42022289,420222,"83 FR 47974 (September 21, 2018), with later amendments"
list3,42022910,420229,"83 FR 47974 (September 21, 2018), with later amendments"
list3,42022920,420229,"83 FR 47974 (September 21, 2018), with later amendments"
list3,42022950,420229,"83 FR 47974 (September 21, 2018), with later amendments"
list3,42022990,420229,"83 FR 47974 (September 21, 2018), with later amendments"
list3,42023130,420231,"83 FR 47974 (September 21, 2018), with later amendments"
list3,42023160,420231,"83 FR 47974 (September 21, 2018), with later amendments"
list3,42023210,420232,"83 FR 47974 (September 21, 2018), with later amendments"
list3,42023220,420232,"83 FR 47974 (September 21, 2018), with later amendments"
list3,42023240,420232,"83 FR 47974 (September 21, 2018), with later amendments"
list3,42023280,420232,"83 FR 47974 (September 21, 2018), with later amendments"
list3,42023285,420232,"83 FR 47974 (September 21, 2018), with later amendments"
list3,42023291,420232,"83 FR 47974 (September 21, 2018), with later amendments"
list3,42023293,420232,"83 FR 47974 (September 21, 2018), with later amendments"
list3,42023299,420232,"83 FR 47974 (September 21, 2018), with later amendments"
list3,42023910,420239,"83 FR 47974 (September 21, 2018), with later amendments"
list3,42023920,420239,"83 FR 47974 (September 21, 2018), with later amendments"
list3,42023950,420239,"83 FR 47974 (September 21, 2018), with later amendments"
list3,42023990,420239,"83 FR 47974 (September 21, 2018), with later amendments"
list3,42029110,420291,"83 FR 47974 (September 21, 2018), with later amendments"
list3,42029190,420291,"83 FR 47974 (September 21, 2018), with later amendments"
list3,42029204,420292,"83 FR 47974 (September 21, 2018), with later amendments"
list3,42029208,420292,"83 FR 47974 (September 21, 2018), with later amendments"
list3,42029210,420292,"83 FR 47974 (September 21, 2018), with later amendments"
list3,42029215,420292,"83 FR 47974 (September 21, 2018), with later amendments"
list3,42029220,420292,"83 FR 47974 (September 21, 2018), with later amendments"
list3,42029231,420292,"83 FR 47974 (September 21, 2018), with later amendments"
list3,42029233,420292,"83 FR 47974 (September 21, 2018), with later amendments"
list3,42029239,420292,"83 FR 47974 (September 21, 2018), with later amendments"
list3,42029245,420292,"83 FR 47974 (September 21, 2018), with later amendments"
list3,42029250,420292,"83 FR 47974 (September 21, 2018), with later amendments"
list3,42029260,420292,"83 FR 47974 (September 21, 2018), with later amendments"
list3,42029291,420292,"83 FR 47974 (September 21, 2018), with later amendments"
list3,42029293,420292,"83 FR 47974 (September 21, 2018), with later amendments"
list3,42029294,420292,"83 FR 47974 (September 21, 2018), with later amendments"
list3,42029297,420292,"83 FR 47974 (September 21, 2018), with later amendments"
list3,42029910,420299,"83 FR 47974 (September 21, 2018), with later amendments"
list3,42029920,420299,"83 FR 47974 (September 21, 2018), with later amendments"
list3,42029930,420299,"83 FR 47974 (September 21, 2018), with later amendments"
list3,42029950,420299,"83 FR 47974 (September 21, 2018), with later amendments"
list3,42029990,420299,"83 FR 47974 (September 21, 2018), with later amendments"
list3,42031020,420310,"83 FR 47974 (September 21, 2018), with later amendments"
list3,42031040,420310,"83 FR 47974 (September 21, 2018), with later amendments"
list3,42032120,420321,"83 FR 47974 (September 21, 2018), with later amendments"
list3,42032140,420321,"83 FR 47974 (September 21, 2018), with later amendments"
list3,42032155,420321,"83 FR 47974 (September 21, 2018), with later amendments"
list3,42032160,420321,"83 FR 47974 (September 21, 2018), with later amendments"
list3,42032170,420321,"83 FR 47974 (September 21, 2018), with later amendments"
list3,42032180,420321,"83 FR 47974 (September 21, 2018), with later amendments"
list3,42032905,420329,"83 FR 47974 (September 21, 2018), with later amendments"
list3,42032908,420329,"83 FR 47974 (September 21, 2018), with later amendments"
list3,42032915,420329,"83 FR 47974 (September 21, 2018), with later amendments"
list3,42032918,420329,"83 FR 47974 (September 21, 2018), with later amendments"
list3,42032920,420329,"83 FR 47974 (September 21, 2018), with later amendments"
list3,42032930,420329,"83 FR 47974 (September 21, 2018), with later amendments"
list3,42032940,420329,"83 FR 47974 (September 21, 2018), with later amendments"
list3,42032950,420329,"83 FR 47974 (September 21, 2018), with later amendments"
list3,42033000,420330,"83 FR 47974 (September 21, 2018), with later amendments"
list3,42034030,420340,"83 FR 47974 (September 21, 2018), with later amendments"
list3,42034060,420340,"83 FR 47974 (September 21, 2018), with later amendments"
list3,42050005,420500,"83 FR 47974 (September 21, 2018), with later amendments"
list3,42050010,420500,"83 FR 47974 (September 21, 2018), with later amendments"
list3,42050020,420500,"83 FR 47974 (September 21, 2018), with later amendments"
list3,42050040,420500,"83 FR 47974 (September 21, 2018), with later amendments"
list3,42050060,420500,"83 FR 47974 (September 21, 2018), with later amendments"
list3,42050080,420500,"83 FR 47974 (September 21, 2018), with later amendments"
list3,43021100,430211,"83 FR 47974 (September 21, 2018), with later amendments"
list3,43021913,430219,"83 FR 47974 (September 21, 2018), with later amendments"
list3,43021915,430219,"83 FR 47974 (September 21, 2018), with later amendments"
list3,43021930,430219,"83 FR 47974 (September 21, 2018), with later amendments"
list3,43021945,430219,"83 FR 47974 (September 21, 2018), with later amendments"
list3,43021955,430219,"83 FR 47974 (September 21, 2018), with later amendments"
list3,43021960,430219,"83 FR 47974 (September 21, 2018), with later amendments"
list3,43021975,430219,"83 FR 47974 (September 21, 2018), with later amendments"
list3,43022030,430220,"83 FR 47974 (September 21, 2018), with later amendments"
list3,43022060,430220,"83 FR 47974 (September 21, 2018), with later amendments"
list3,43022090,430220,"83 FR 47974 (September 21, 2018), with later amendments"
list3,43023000,430230,"83 FR 47974 (September 21, 2018), with later amendments"
list3,43031000,430310,"83 FR 47974 (September 21, 2018), with later amendments"
list3,43039000,430390,"83 FR 47974 (September 21, 2018), with later amendments"
list3,43040000,430400,"83 FR 47974 (September 21, 2018), with later amendments"
list3,44011000,440110,"83 FR 47974 (September 21, 2018), with later amendments"
list3,44012100,440121,"83 FR 47974 (September 21, 2018), with later amendments"
list3,44012200,440122,"83 FR 47974 (September 21, 2018), with later amendments"
list3,44013100,440131,"83 FR 47974 (September 21, 2018), with later amendments"
list3,44013920,440139,"83 FR 47974 (September 21, 2018), with later amendments"
list3,44013940,440139,"83 FR 47974 (September 21, 2018), with later amendments"
list3,44021000,440210,"83 FR 47974 (September 21, 2018), with later amendments"
list3,44029000,440290,"83 FR 47974 (September 21, 2018), with later amendments"
list3,44031000,440310,"83 FR 47974 (September 21, 2018), with later amendments"
list3,44032000,440320,"83 FR 47974 (September 21, 2018), with later amendments"
list3,44034100,440341,"83 FR 47974 (September 21, 2018), with later amendments"
list3,44034901,440349,"83 FR 47974 (September 21, 2018), with later amendments"
list3,44039100,440391,"83 FR 47974 (September 21, 2018), with later amendments"
list3,44039200,440392,"83 FR 47974 (September 21, 2018), with later amendments"
list3,44039900,440399,"83 FR 47974 (September 21, 2018), with later amendments"
list3,44041000,440410,"83 FR 47974 (September 21, 2018), with later amendments"
list3,44042000,440420,"83 FR 47974 (September 21, 2018), with later amendments"
list3,44050000,440500,"83 FR 47974 (September 21, 2018), with later amendments"
list3,44061000,440610,"83 FR 47974 (September 21, 2018), with later amendments"
list3,44069000,440690,"83 FR 47974 (September 21, 2018), with later amendments"
list3,44071001,440710,"83 FR 47974 (September 21, 2018), with later amendments"
list3,44072100,440721,"83 FR 47974 (September 21, 2018), with later amendments"
list3,44072200,440722,"83 FR 47974 (September 21, 2018), with later amendments"
list3,44072500,440725,"83 FR 47974 (September 21, 2018), with later amendments"
list3,44072600,440726,"83 FR 47974 (September 21, 2018), with later amendments"
list3,44072700,440727,"83 FR 47974 (September 21, 2018), with later amendments"
list3,44072800,440728,"83 FR 47974 (September 21, 2018), with later amendments"
list3,44072901,440729,"83 FR 47974 (September 21, 2018), with later amendments"
list3,44079100,440791,"83 FR 47974 (September 21, 2018), with later amendments"
list3,44079200,440792,"83 FR 47974 (September 21, 2018), with later amendments"
list3,44079300,440793,"83 FR 47974 (September 21, 2018), with later amendments"
list3,44079400,440794,"83 FR 47974 (September 21, 2018), with later amendments"
list3,44079500,440795,"83 FR 47974 (September 21, 2018), with later amendments"
list3,44079901,440799,"83 FR 47974 (September 21, 2018), with later amendments"
list3,44081001,440810,"83 FR 47974 (September 21, 2018), with later amendments"
list3,44083101,440831,"83 FR 47974 (September 21, 2018), with later amendments"
list3,44083902,440839,"83 FR 47974 (September 21, 2018), with later amendments"
list3,44089001,440890,"83 FR 47974 (September 21, 2018), with later amendments"
list3,44091005,440910,"83 FR 47974 (September 21, 2018), with later amendments"
list3,44091010,440910,"83 FR 47974 (September 21, 2018), with later amendments"
list3,44091020,440910,"83 FR 47974 (September 21, 2018), with later amendments"
list3,44091040,440910,"83 FR 47974 (September 21, 2018), with later amendments"
list3,44091045,440910,"83 FR 47974 (September 21, 2018), with later amendments"
list3,44091050,440910,"83 FR 47974 (September 21, 2018), with later amendments"
list3,44091060,440910,"83 FR 47974 (September 21, 2018), with later amendments"
list3,44091065,440910,"83 FR 47974 (September 21, 2018), with later amendments"
list3,44091090,440910,"83 FR 47974 (September 21, 2018), with later amendments"
list3,44092105,440921,"83 FR 47974 (September 21, 2018), with later amendments"
list3,44092190,440921,"83 FR 47974 (September 21, 2018), with later amendments"
list3,44092205,440922,"83 FR 47974 (September 21, 2018), with later amendments"
list3,44092210,440922,"83 FR 47974 (September 21, 2018), with later amendments"
list3,44092225,440922,"83 FR 47974 (September 21, 2018), with later amendments"
list3,44092240,440922,"83 FR 47974 (September 21, 2018), with later amendments"
list3,44092250,440922,"83 FR 47974 (September 21, 2018), with later amendments"
list3,44092260,440922,"83 FR 47974 (September 21, 2018), with later amendments"
list3,44092265,440922,"83 FR 47974 (September 21, 2018), with later amendments"
list3,44092290,440922,"83 FR 47974 (September 21, 2018), with later amendments"
list3,44092906,440929,"83 FR 47974 (September 21, 2018), with later amendments"
list3,44092911,440929,"83 FR 47974 (September 21, 2018), with later amendments"
list3,44092926,440929,"83 FR 47974 (September 21, 2018), with later amendments"
list3,44092941,440929,"83 FR 47974 (September 21, 2018), with later amendments"
list3,44092951,440929,"83 FR 47974 (September 21, 2018), with later amendments"
list3,44092961,440929,"83 FR 47974 (September 21, 2018), with later amendments"
list3,44092966,440929,"83 FR 47974 (September 21, 2018), with later amendments"
list3,44092991,440929,"83 FR 47974 (September 21, 2018), with later amendments"
list3,44101100,441011,"83 FR 47974 (September 21, 2018), with later amendments"
list3,44101200,441012,"83 FR 47974 (September 21, 2018), with later amendments"
list3,44101900,441019,"83 FR 47974 (September 21, 2018), with later amendments"
list3,44109000,441090,"83 FR 47974 (September 21, 2018), with later amendments"
list3,44111210,441112,"83 FR 47974 (September 21, 2018), with later amendments"
list3,44111220,441112,"83 FR 47974 (September 21, 2018), with later amendments"
list3,44111230,441112,"83 FR 47974 (September 21, 2018), with later amendments"
list3,44111260,441112,"83 FR 47974 (September 21, 2018), with later amendments"
list3,44111290,441112,"83 FR 47974 (September 21, 2018), with later amendments"
list3,44111310,441113,"83 FR 47974 (September 21, 2018), with later amendments"
list3,44111320,441113,"83 FR 47974 (September 21, 2018), with later amendments"
list3,44111330,441113,"83 FR 47974 (September 21, 2018), with later amendments"
list3,44111360,441113,"83 FR 47974 (September 21, 2018), with later amendments"
list3,44111390,441113,"83 FR 47974 (September 21, 2018), with later amendments"
list3,44111410,441114,"83 FR 47974 (September 21, 2018), with later amendments"
list3,44111420,441114,"83 FR 47974 (September 21, 2018), with later amendments"
list3,44111430,441114,"83 FR 47974 (September 21, 2018), with later amendments"
list3,44111460,441114,"83 FR 47974 (September 21, 2018), with later amendments"
list3,44111490,441114,"83 FR 47974 (September 21, 2018), with later amendments"
list3,44119210,441192,"83 FR 47974 (September 21, 2018), with later amendments"
list3,44119220,441192,"83 FR 47974 (September 21, 2018), with later amendments"
list3,44119230,441192,"83 FR 47974 (September 21, 2018), with later amendments"
list3,44119240,441192,"83 FR 47974 (September 21, 2018), with later amendments"
list3,44119310,441193,"83 FR 47974 (September 21, 2018), with later amendments"
list3,44119320,441193,"83 FR 47974 (September 21, 2018), with later amendments"
list3,44119330,441193,"83 FR 47974 (September 21, 2018), with later amendments"
list3,44119360,441193,"83 FR 47974 (September 21, 2018), with later amendments"
list3,44119390,441193,"83 FR 47974 (September 21, 2018), with later amendments"
list3,44119400,441194,"83 FR 47974 (September 21, 2018), with later amendments"
list3,44121005,441210,"83 FR 47974 (September 21, 2018), with later amendments"
list3,44121090,441210,"83 FR 47974 (September 21, 2018), with later amendments"
list3,44123106,441231,"83 FR 47974 (September 21, 2018), with later amendments"
list3,44123126,441231,"83 FR 47974 (September 21, 2018), with later amendments"
list3,44123141,441231,"83 FR 47974 (September 21, 2018), with later amendments"
list3,44123152,441231,"83 FR 47974 (September 21, 2018), with later amendments"
list3,44123161,441231,"83 FR 47974 (September 21, 2018), with later amendments"
list3,44123192,441231,"83 FR 47974 (September 21, 2018), with later amendments"
list3,44123206,441232,"83 FR 47974 (September 21, 2018), with later amendments"
list3,44123226,441232,"83 FR 47974 (September 21, 2018), with later amendments"
list3,44123232,441232,"83 FR 47974 (September 21, 2018), with later amendments"
list3,44123257,441232,"83 FR 47974 (September 21, 2018), with later amendments"
list3,44123910,441239,"83 FR 47974 (September 21, 2018), with later amendments"
list3,44123930,441239,"83 FR 47974 (September 21, 2018), with later amendments"
list3,44123940,441239,"83 FR 47974 (September 21, 2018), with later amendments"
list3,44123950,441239,"83 FR 47974 (September 21, 2018), with later amendments"
list3,44129410,441294,"83 FR 47974 (September 21, 2018), with later amendments"
list3,44129431,441294,"83 FR 47974 (September 21, 2018), with later amendments"
list3,44129441,441294,"83 FR 47974 (September 21, 2018), with later amendments"
list3,44129451,441294,"83 FR 47974 (September 21, 2018), with later amendments"
list3,44129460,441294,"83 FR 47974 (September 21, 2018), with later amendments"
list3,44129470,441294,"83 FR 47974 (September 21, 2018), with later amendments"
list3,44129480,441294,"83 FR 47974 (September 21, 2018), with later amendments"
list3,44129490,441294,"83 FR 47974 (September 21, 2018), with later amendments"
list3,44129495,441294,"83 FR 47974 (September 21, 2018), with later amendments"
list3,44129906,441299,"83 FR 47974 (September 21, 2018), with later amendments"
list3,44129910,441299,"83 FR 47974 (September 21, 2018), with later amendments"
list3,44129931,441299,"83 FR 47974 (September 21, 2018), with later amendments"
list3,44129941,441299,"83 FR 47974 (September 21, 2018), with later amendments"
list3,44129951,441299,"83 FR 47974 (September 21, 2018), with later amendments"
list3,44129957,441299,"83 FR 47974 (September 21, 2018), with later amendments"
list3,44129960,441299,"83 FR 47974 (September 21, 2018), with later amendments"
list3,44129970,441299,"83 FR 47974 (September 21, 2018), with later amendments"
list3,44129980,441299,"83 FR 47974 (September 21, 2018), with later amendments"
list3,44129990,441299,"83 FR 47974 (September 21, 2018), with later amendments"
list3,44129995,441299,"83 FR 47974 (September 21, 2018), with later amendments"
list3,44130000,441300,"83 FR 47974 (September 21, 2018), with later amendments"
list3,44151030,441510,"83 FR 47974 (September 21, 2018), with later amendments"
list3,44151060,441510,"83 FR 47974 (September 21, 2018), with later amendments"
list3,44151090,441510,"83 FR 47974 (September 21, 2018), with later amendments"
list3,44152040,441520,"83 FR 47974 (September 21, 2018), with later amendments"
list3,44152080,441520,"83 FR 47974 (September 21, 2018), with later amendments"
list3,44160030,441600,"83 FR 47974 (September 21, 2018), with later amendments"
list3,44160060,441600,"83 FR 47974 (September 21, 2018), with later amendments"
list3,44160090,441600,"83 FR 47974 (September 21, 2018), with later amendments"
list3,44170060,441700,"83 FR 47974 (September 21, 2018), with later amendments"
list3,44170080,441700,"83 FR 47974 (September 21, 2018), with later amendments"
list3,44181000,441810,"83 FR 47974 (September 21, 2018), with later amendments"
list3,44182040,441820,"83 FR 47974 (September 21, 2018), with later amendments"
list3,44182080,441820,"83 FR 47974 (September 21, 2018), with later amendments"
list3,44184000,441840,"83 FR 47974 (September 21, 2018), with later amendments"
list3,44185000,441850,"83 FR 47974 (September 21, 2018), with later amendments"
list3,44186000,441860,"83 FR 47974 (September 21, 2018), with later amendments"
list3,44187310,441873,"83 FR 47974 (September 21, 2018), with later amendments"
list3,44187320,441873,"83 FR 47974 (September 21, 2018), with later amendments"
list3,44187330,441873,"83 FR 47974 (September 21, 2018), with later amendments"
list3,44187340,441873,"83 FR 47974 (September 21, 2018), with later amendments"
list3,44187360,441873,"83 FR 47974 (September 21, 2018), with later amendments"
list3,44187370,441873,"83 FR 47974 (September 21, 2018), with later amendments"
list3,44187390,441873,"83 FR 47974 (September 21, 2018), with later amendments"
list3,44187410,441874,"83 FR 47974 (September 21, 2018), with later amendments"
list3,44187420,441874,"83 FR 47974 (September 21, 2018), with later amendments"
list3,44187490,441874,"83 FR 47974 (September 21, 2018), with later amendments"
list3,44187540,441875,"83 FR 47974 (September 21, 2018), with later amendments"
list3,44187570,441875,"83 FR 47974 (September 21, 2018), with later amendments"
list3,44187901,441879,"83 FR 47974 (September 21, 2018), with later amendments"
list3,44189110,441891,"83 FR 47974 (September 21, 2018), with later amendments"
list3,44189190,441891,"83 FR 47974 (September 21, 2018), with later amendments"
list3,44189910,441899,"83 FR 47974 (September 21, 2018), with later amendments"
list3,44189990,441899,"83 FR 47974 (September 21, 2018), with later amendments"
list3,44209045,442090,"83 FR 47974 (September 21, 2018), with later amendments"
list3,44209065,442090,"83 FR 47974 (September 21, 2018), with later amendments"
list3,44209080,442090,"83 FR 47974 (September 21, 2018), with later amendments"
list3,44219110,442191,"83 FR 47974 (September 21, 2018), with later amendments"
list3,44219120,442191,"83 FR 47974 (September 21, 2018), with later amendments"
list3,44219170,442191,"83 FR 47974 (September 21, 2018), with later amendments"
list3,44219193,442191,"83 FR 47974 (September 21, 2018), with later amendments"
list3,44219194,442191,"83 FR 47974 (September 21, 2018), with later amendments"
list3,44219197,442191,"83 FR 47974 (September 21, 2018), with later amendments"
list3,44219910,442199,"83 FR 47974 (September 21, 2018), with later amendments"
list3,44219915,442199,"83 FR 47974 (September 21, 2018), with later amendments"
list3,44219920,442199,"83 FR 47974 (September 21, 2018), with later amendments"
list3,44219970,442199,"83 FR 47974 (September 21, 2018), with later amendments"
list3,44219993,442199,"83 FR 47974 (September 21, 2018), with later amendments"
list3,44219994,442199,"83 FR 47974 (September 21, 2018), with later amendments"
list3,44219997,442199,"83 FR 47974 (September 21, 2018), with later amendments"
list3,45011000,450110,"83 FR 47974 (September 21, 2018), with later amendments"
list3,45019020,450190,"83 FR 47974 (September 21, 2018), with later amendments"
list3,45019040,450190,"83 FR 47974 (September 21, 2018), with later amendments"
list3,45020000,450200,"83 FR 47974 (September 21, 2018), with later amendments"
list3,45031020,450310,"83 FR 47974 (September 21, 2018), with later amendments"
list3,45031030,450310,"83 FR 47974 (September 21, 2018), with later amendments"
list3,45031040,450310,"83 FR 47974 (September 21, 2018), with later amendments"
list3,45031060,450310,"83 FR 47974 (September 21, 2018), with later amendments"
list3,45039020,450390,"83 FR 47974 (September 21, 2018), with later amendments"
list3,45039040,450390,"83 FR 47974 (September 21, 2018), with later amendments"
list3,45039060,450390,"83 FR 47974 (September 21, 2018), with later amendments"
list3,45041010,450410,"83 FR 47974 (September 21, 2018), with later amendments"
list3,45041020,450410,"83 FR 47974 (September 21, 2018), with later amendments"
list3,45041030,450410,"83 FR 47974 (September 21, 2018), with later amendments"
list3,45041040,450410,"83 FR 47974 (September 21, 2018), with later amendments"
list3,45041045,450410,"83 FR 47974 (September 21, 2018), with later amendments"
list3,45041047,450410,"83 FR 47974 (September 21, 2018), with later amendments"
list3,45041050,450410,"83 FR 47974 (September 21, 2018), with later amendments"
list3,45049000,450490,"83 FR 47974 (September 21, 2018), with later amendments"
list3,46012140,460121,"83 FR 47974 (September 21, 2018), with later amendments"
list3,46012180,460121,"83 FR 47974 (September 21, 2018), with later amendments"
list3,46012190,460121,"83 FR 47974 (September 21, 2018), with later amendments"
list3,46012240,460122,"83 FR 47974 (September 21, 2018), with later amendments"
list3,46012280,460122,"83 FR 47974 (September 21, 2018), with later amendments"
list3,46012290,460122,"83 FR 47974 (September 21, 2018), with later amendments"
list3,46012940,460129,"83 FR 47974 (September 21, 2018), with later amendments"
list3,46012960,460129,"83 FR 47974 (September 21, 2018), with later amendments"
list3,46012980,460129,"83 FR 47974 (September 21, 2018), with later amendments"
list3,46012990,460129,"83 FR 47974 (September 21, 2018), with later amendments"
list3,46019205,460192,"83 FR 47974 (September 21, 2018), with later amendments"
list3,46019220,460192,"83 FR 47974 (September 21, 2018), with later amendments"
list3,46019301,460193,"83 FR 47974 (September 21, 2018), with later amendments"
list3,46019305,460193,"83 FR 47974 (September 21, 2018), with later amendments"
list3,46019320,460193,"83 FR 47974 (September 21, 2018), with later amendments"
list3,46019405,460194,"83 FR 47974 (September 21, 2018), with later amendments"
list3,46019420,460194,"83 FR 47974 (September 21, 2018), with later amendments"
list3,46019440,460194,"83 FR 47974 (September 21, 2018), with later amendments"
list3,46019905,460199,"83 FR 47974 (September 21, 2018), with later amendments"
list3,46019990,460199,"83 FR 47974 (September 21, 2018), with later amendments"
list3,46021105,460211,"83 FR 47974 (September 21, 2018), with later amendments"
list3,46021107,460211,"83 FR 47974 (September 21, 2018), with later amendments"
list3,46021109,460211,"83 FR 47974 (September 21, 2018), with later amendments"
list3,46021121,460211,"83 FR 47974 (September 21, 2018), with later amendments"
list3,46021135,460211,"83 FR 47974 (September 21, 2018), with later amendments"
list3,46021145,460211,"83 FR 47974 (September 21, 2018), with later amendments"
list3,46021205,460212,"83 FR 47974 (September 21, 2018), with later amendments"
list3,46021214,460212,"83 FR 47974 (September 21, 2018), with later amendments"
list3,46021216,460212,"83 FR 47974 (September 21, 2018), with later amendments"
list3,46021223,460212,"83 FR 47974 (September 21, 2018), with later amendments"
list3,46021225,460212,"83 FR 47974 (September 21, 2018), with later amendments"
list3,46021235,460212,"83 FR 47974 (September 21, 2018), with later amendments"
list3,46021245,460212,"83 FR 47974 (September 21, 2018), with later amendments"
list3,46021905,460219,"83 FR 47974 (September 21, 2018), with later amendments"
list3,46021912,460219,"83 FR 47974 (September 21, 2018), with later amendments"
list3,46021914,460219,"83 FR 47974 (September 21, 2018), with later amendments"
list3,46021916,460219,"83 FR 47974 (September 21, 2018), with later amendments"
list3,46021917,460219,"83 FR 47974 (September 21, 2018), with later amendments"
list3,46021918,460219,"83 FR 47974 (September 21, 2018), with later amendments"
list3,46021922,460219,"83 FR 47974 (September 21, 2018), with later amendments"
list3,46021923,460219,"83 FR 47974 (September 21, 2018), with later amendments"
list3,46021925,460219,"83 FR 47974 (September 21, 2018), with later amendments"
list3,46021929,460219,"83 FR 47974 (September 21, 2018), with later amendments"
list3,46021935,460219,"83 FR 47974 (September 21, 2018), with later amendments"
list3,46021945,460219,"83 FR 47974 (September 21, 2018), with later amendments"
list3,46021960,460219,"83 FR 47974 (September 21, 2018), with later amendments"
list3,46021980,460219,"83 FR 47974 (September 21, 2018), with later amendments"
list3,46029000,460290,"83 FR 47974 (September 21, 2018), with later amendments"
list3,47010000,470100,"83 FR 47974 (September 21, 2018), with later amendments"
list3,47020000,470200,"83 FR 47974 (September 21, 2018), with later amendments"
list3,47031100,470311,"83 FR 47974 (September 21, 2018), with later amendments"
list3,47031900,470319,"83 FR 47974 (September 21, 2018), with later amendments"
list3,47032100,470321,"83 FR 47974 (September 21, 2018), with later amendments"
list3,47032900,470329,"83 FR 47974 (September 21, 2018), with later amendments"
list3,47041100,470411,"83 FR 47974 (September 21, 2018), with later amendments"
list3,47041900,470419,"83 FR 47974 (September 21, 2018), with later amendments"
list3,47042100,470421,"83 FR 47974 (September 21, 2018), with later amendments"
list3,47042900,470429,"83 FR 47974 (September 21, 2018), with later amendments"
list3,47050000,470500,"83 FR 47974 (September 21, 2018), with later amendments"
list3,47061000,470610,"83 FR 47974 (September 21, 2018), with later amendments"
list3,47062000,470620,"83 FR 47974 (September 21, 2018), with later amendments"
list3,47063000,470630,"83 FR 47974 (September 21, 2018), with later amendments"
list3,47069100,470691,"83 FR 47974 (September 21, 2018), with later amendments"
list3,47069201,470692,"83 FR 47974 (September 21, 2018), with later amendments"
list3,47069301,470693,"83 FR 47974 (September 21, 2018), with later amendments"
list3,47071000,470710,"83 FR 47974 (September 21, 2018), with later amendments"
list3,47072000,470720,"83 FR 47974 (September 21, 2018), with later amendments"
list3,47073000,470730,"83 FR 47974 (September 21, 2018), with later amendments"
list3,47079000,470790,"83 FR 47974 (September 21, 2018), with later amendments"
list3,48010001,480100,"83 FR 47974 (September 21, 2018), with later amendments"
list3,48021000,480210,"83 FR 47974 (September 21, 2018), with later amendments"
list3,48022010,480220,"83 FR 47974 (September 21, 2018), with later amendments"
list3,48022020,480220,"83 FR 47974 (September 21, 2018), with later amendments"
list3,48022040,480220,"83 FR 47974 (September 21, 2018), with later amendments"
list3,48024000,480240,"83 FR 47974 (September 21, 2018), with later amendments"
list3,48025410,480254,"83 FR 47974 (September 21, 2018), with later amendments"
list3,48025420,480254,"83 FR 47974 (September 21, 2018), with later amendments"
list3,48025431,480254,"83 FR 47974 (September 21, 2018), with later amendments"
list3,48025450,480254,"83 FR 47974 (September 21, 2018), with later amendments"
list3,48025461,480254,"83 FR 47974 (September 21, 2018), with later amendments"
list3,48025510,480255,"83 FR 47974 (September 21, 2018), with later amendments"
list3,48025520,480255,"83 FR 47974 (September 21, 2018), with later amendments"
list3,48025530,480255,"83 FR 47974 (September 21, 2018), with later amendments"
list3,48025540,480255,"83 FR 47974 (September 21, 2018), with later amendments"
list3,48025560,480255,"83 FR 47974 (September 21, 2018), with later amendments"
list3,48025570,480255,"83 FR 47974 (September 21, 2018), with later amendments"
list3,48025610,480256,"83 FR 47974 (September 21, 2018), with later amendments"
list3,48025620,480256,"83 FR 47974 (September 21, 2018), with later amendments"
list3,48025630,480256,"83 FR 47974 (September 21, 2018), with later amendments"
list3,48025640,480256,"83 FR 47974 (September 21, 2018), with later amendments"
list3,48025660,480256,"83 FR 47974 (September 21, 2018), with later amendments"
list3,48025670,480256,"83 FR 47974 (September 21, 2018), with later amendments"
list3,48025710,480257,"83 FR 47974 (September 21, 2018), with later amendments"
list3,48025720,480257,"83 FR 47974 (September 21, 2018), with later amendments"
list3,48025730,480257,"83 FR 47974 (September 21, 2018), with later amendments"
list3,48025740,480257,"83 FR 47974 (September 21, 2018), with later amendments"
list3,48025810,480258,"83 FR 47974 (September 21, 2018), with later amendments"
list3,48025820,480258,"83 FR 47974 (September 21, 2018), with later amendments"
list3,48025850,480258,"83 FR 47974 (September 21, 2018), with later amendments"
list3,48025860,480258,"83 FR 47974 (September 21, 2018), with later amendments"
list3,48026110,480261,"83 FR 47974 (September 21, 2018), with later amendments"
list3,48026120,480261,"83 FR 47974 (September 21, 2018), with later amendments"
list3,48026131,480261,"83 FR 47974 (September 21, 2018), with later amendments"
list3,48026150,480261,"83 FR 47974 (September 21, 2018), with later amendments"
list3,48026160,480261,"83 FR 47974 (September 21, 2018), with later amendments"
list3,48026210,480262,"83 FR 47974 (September 21, 2018), with later amendments"
list3,48026220,480262,"83 FR 47974 (September 21, 2018), with later amendments"
list3,48026230,480262,"83 FR 47974 (September 21, 2018), with later amendments"
list3,48026250,480262,"83 FR 47974 (September 21, 2018), with later amendments"
list3,48026261,480262,"83 FR 47974 (September 21, 2018), with later amendments"
list3,48026910,480269,"83 FR 47974 (September 21, 2018), with later amendments"
list3,48026920,480269,"83 FR 47974 (September 21, 2018), with later amendments"
list3,48026930,480269,"83 FR 47974 (September 21, 2018), with later amendments"
list3,48030020,480300,"83 FR 47974 (September 21, 2018), with later amendments"
list3,48030040,480300,"83 FR 47974 (September 21, 2018), with later amendments"
list3,48041100,480411,"83 FR 47974 (September 21, 2018), with later amendments"
list3,48041900,480419,"83 FR 47974 (September 21, 2018), with later amendments"
list3,48042100,480421,"83 FR 47974 (September 21, 2018), with later amendments"
list3,48042900,480429,"83 FR 47974 (September 21, 2018), with later amendments"
list3,48043110,480431,"83 FR 47974 (September 21, 2018), with later amendments"
list3,48043120,480431,"83 FR 47974 (September 21, 2018), with later amendments"
list3,48043140,480431,"83 FR 47974 (September 21, 2018), with later amendments"
list3,48043160,480431,"83 FR 47974 (September 21, 2018), with later amendments"
list3,48043920,480439,"83 FR 47974 (September 21, 2018), with later amendments"
list3,48043940,480439,"83 FR 47974 (September 21, 2018), with later amendments"
list3,48043960,480439,"83 FR 47974 (September 21, 2018), with later amendments"
list3,48044120,480441,"83 FR 47974 (September 21, 2018), with later amendments"
list3,48044140,480441,"83 FR 47974 (September 21, 2018), with later amendments"
list3,48044200,480442,"83 FR 47974 (September 21, 2018), with later amendments"
list3,48044900,480449,"83 FR 47974 (September 21, 2018), with later amendments"
list3,48045100,480451,"83 FR 47974 (September 21, 2018), with later amendments"
list3,48045200,480452,"83 FR 47974 (September 21, 2018), with later amendments"
list3,48045900,480459,"83 FR 47974 (September 21, 2018), with later amendments"
list3,48051100,480511,"83 FR 47974 (September 21, 2018), with later amendments"
list3,48051210,480512,"83 FR 47974 (September 21, 2018), with later amendments"
list3,48051220,480512,"83 FR 47974 (September 21, 2018), with later amendments"
list3,48051910,480519,"83 FR 47974 (September 21, 2018), with later amendments"
list3,48051920,480519,"83 FR 47974 (September 21, 2018), with later amendments"
list3,48052450,480524,"83 FR 47974 (September 21, 2018), with later amendments"
list3,48052470,480524,"83 FR 47974 (September 21, 2018), with later amendments"
list3,48052490,480524,"83 FR 47974 (September 21, 2018), with later amendments"
list3,48052500,480525,"83 FR 47974 (September 21, 2018), with later amendments"
list3,48053000,480530,"83 FR 47974 (September 21, 2018), with later amendments"
list3,48054000,480540,"83 FR 47974 (September 21, 2018), with later amendments"
list3,48055000,480550,"83 FR 47974 (September 21, 2018), with later amendments"
list3,48059110,480591,"83 FR 47974 (September 21, 2018), with later amendments"
list3,48059120,480591,"83 FR 47974 (September 21, 2018), with later amendments"
list3,48059150,480591,"83 FR 47974 (September 21, 2018), with later amendments"
list3,48059170,480591,"83 FR 47974 (September 21, 2018), with later amendments"
list3,48059190,480591,"83 FR 47974 (September 21, 2018), with later amendments"
list3,48059220,480592,"83 FR 47974 (September 21, 2018), with later amendments"
list3,48059240,480592,"83 FR 47974 (September 21, 2018), with later amendments"
list3,48059320,480593,"83 FR 47974 (September 21, 2018), with later amendments"
list3,48059340,480593,"83 FR 47974 (September 21, 2018), with later amendments"
list3,48061000,480610,"83 FR 47974 (September 21, 2018), with later amendments"
list3,48062000,480620,"83 FR 47974 (September 21, 2018), with later amendments"
list3,48063000,480630,"83 FR 47974 (September 21, 2018), with later amendments"
list3,48064000,480640,"83 FR 47974 (September 21, 2018), with later amendments"
list3,48070010,480700,"83 FR 47974 (September 21, 2018), with later amendments"
list3,48070091,480700,"83 FR 47974 (September 21, 2018), with later amendments"
list3,48070092,480700,"83 FR 47974 (September 21, 2018), with later amendments"
list3,48070094,480700,"83 FR 47974 (September 21, 2018), with later amendments"
list3,48081000,480810,"83 FR 47974 (September 21, 2018), with later amendments"
list3,48084000,480840,"83 FR 47974 (September 21, 2018), with later amendments"
list3,48089020,480890,"83 FR 47974 (September 21, 2018), with later amendments"
list3,48089040,480890,"83 FR 47974 (September 21, 2018), with later amendments"
list3,48089060,480890,"83 FR 47974 (September 21, 2018), with later amendments"
list3,48092020,480920,"83 FR 47974 (September 21, 2018), with later amendments"
list3,48092040,480920,"83 FR 47974 (September 21, 2018), with later amendments"
list3,48099020,480990,"83 FR 47974 (September 21, 2018), with later amendments"
list3,48099040,480990,"83 FR 47974 (September 21, 2018), with later amendments"
list3,48099060,480990,"83 FR 47974 (September 21, 2018), with later amendments"
list3,48099071,480990,"83 FR 47974 (September 21, 2018), with later amendments"
list3,48099080,480990,"83 FR 47974 (September 21, 2018), with later amendments"
list3,48101311,481013,"83 FR 47974 (September 21, 2018), with later amendments"
list3,48101313,481013,"83 FR 47974 (September 21, 2018), with later amendments"
list3,48101319,481013,"83 FR 47974 (September 21, 2018), with later amendments"
list3,48101320,481013,"83 FR 47974 (September 21, 2018), with later amendments"
list3,48101350,481013,"83 FR 47974 (September 21, 2018), with later amendments"
list3,48101360,481013,"83 FR 47974 (September 21, 2018), with later amendments"
list3,48101370,481013,"83 FR 47974 (September 21, 2018), with later amendments"
list3,48101411,481014,"83 FR 47974 (September 21, 2018), with later amendments"
list3,48101413,481014,"83 FR 47974 (September 21, 2018), with later amendments"
list3,48101419,481014,"83 FR 47974 (September 21, 2018), with later amendments"
list3,48101420,481014,"83 FR 47974 (September 21, 2018), with later amendments"
list3,48101450,481014,"83 FR 47974 (September 21, 2018), with later amendments"
list3,48101460,481014,"83 FR 47974 (September 21, 2018), with later amendments"
list3,48101470,481014,"83 FR 47974 (September 21, 2018), with later amendments"
list3,48101911,481019,"83 FR 47974 (September 21, 2018), with later amendments"
list3,48101913,481019,"83 FR 47974 (September 21, 2018), with later amendments"
list3,48101919,481019,"83 FR 47974 (September 21, 2018), with later amendments"
list3,48101920,481019,"83 FR 47974 (September 21, 2018), with later amendments"
list3,48102210,481022,"83 FR 47974 (September 21, 2018), with later amendments"
list3,48102250,481022,"83 FR 47974 (September 21, 2018), with later amendments"
list3,48102260,481022,"83 FR 47974 (September 21, 2018), with later amendments"
list3,48102270,481022,"83 FR 47974 (September 21, 2018), with later amendments"
list3,48102910,481029,"83 FR 47974 (September 21, 2018), with later amendments"
list3,48102950,481029,"83 FR 47974 (September 21, 2018), with later amendments"
list3,48102960,481029,"83 FR 47974 (September 21, 2018), with later amendments"
list3,48102970,481029,"83 FR 47974 (September 21, 2018), with later amendments"
list3,48103110,481031,"83 FR 47974 (September 21, 2018), with later amendments"
list3,48103130,481031,"83 FR 47974 (September 21, 2018), with later amendments"
list3,48103165,481031,"83 FR 47974 (September 21, 2018), with later amendments"
list3,48103210,481032,"83 FR 47974 (September 21, 2018), with later amendments"
list3,48103230,481032,"83 FR 47974 (September 21, 2018), with later amendments"
list3,48103265,481032,"83 FR 47974 (September 21, 2018), with later amendments"
list3,48103912,481039,"83 FR 47974 (September 21, 2018), with later amendments"
list3,48103914,481039,"83 FR 47974 (September 21, 2018), with later amendments"
list3,48103930,481039,"83 FR 47974 (September 21, 2018), with later amendments"
list3,48103965,481039,"83 FR 47974 (September 21, 2018), with later amendments"
list3,48109212,481092,"83 FR 47974 (September 21, 2018), with later amendments"
list3,48109214,481092,"83 FR 47974 (September 21, 2018), with later amendments"
list3,48109230,481092,"83 FR 47974 (September 21, 2018), with later amendments"
list3,48109265,481092,"83 FR 47974 (September 21, 2018), with later amendments"
list3,48109910,481099,"83 FR 47974 (September 21, 2018), with later amendments"
list3,48109930,481099,"83 FR 47974 (September 21, 2018), with later amendments"
list3,48109965,481099,"83 FR 47974 (September 21, 2018), with later amendments"
list3,48111011,481110,"83 FR 47974 (September 21, 2018), with later amendments"
list3,48111021,481110,"83 FR 47974 (September 21, 2018), with later amendments"
list3,48114110,481141,"83 FR 47974 (September 21, 2018), with later amendments"
list3,48114121,481141,"83 FR 47974 (September 21, 2018), with later amendments"
list3,48114130,481141,"83 FR 47974 (September 21, 2018), with later amendments"
list3,48114910,481149,"83 FR 47974 (September 21, 2018), with later amendments"
list3,48114921,481149,"83 FR 47974 (September 21, 2018), with later amendments"
list3,48114930,481149,"83 FR 47974 (September 21, 2018), with later amendments"
list3,48115120,481151,"83 FR 47974 (September 21, 2018), with later amendments"
list3,48115140,481151,"83 FR 47974 (September 21, 2018), with later amendments"
list3,48115160,481151,"83 FR 47974 (September 21, 2018), with later amendments"
list3,48115920,481159,"83 FR 47974 (September 21, 2018), with later amendments"
list3,48115940,481159,"83 FR 47974 (September 21, 2018), with later amendments"
list3,48115960,481159,"83 FR 47974 (September 21, 2018), with later amendments"
list3,48116040,481160,"83 FR 47974 (September 21, 2018), with later amendments"
list3,48116060,481160,"83 FR 47974 (September 21, 2018), with later amendments"
list3,48119010,481190,"83 FR 47974 (September 21, 2018), with later amendments"
list3,48119020,481190,"83 FR 47974 (September 21, 2018), with later amendments"
list3,48119030,481190,"83 FR 47974 (September 21, 2018), with later amendments"
list3,48119040,481190,"83 FR 47974 (September 21, 2018), with later amendments"
list3,48119060,481190,"83 FR 47974 (September 21, 2018), with later amendments"
list3,48119080,481190,"83 FR 47974 (September 21, 2018), with later amendments"
list3,48119090,481190,"83 FR 47974 (September 21, 2018), with later amendments"
list3,48120000,481200,"83 FR 47974 (September 21, 2018), with later amendments"
list3,48131000,481310,"83 FR 47974 (September 21, 2018), with later amendments"
list3,48132000,481320,"83 FR 47974 (September 21, 2018), with later amendments"
list3,48139000,481390,"83 FR 47974 (September 21, 2018), with later amendments"
list3,48162000,481620,"83 FR 47974 (September 21, 2018), with later amendments"
list3,48169001,481690,"83 FR 47974 (September 21, 2018), with later amendments"
list3,48171000,481710,"83 FR 47974 (September 21, 2018), with later amendments"
list3,48172020,481720,"83 FR 47974 (September 21, 2018), with later amendments"
list3,48172040,481720,"83 FR 47974 (September 21, 2018), with later amendments"
list3,48173000,481730,"83 FR 47974 (September 21, 2018), with later amendments"
list3,48181000,481810,"83 FR 47974 (September 21, 2018), with later amendments"
list3,48182000,481820,"83 FR 47974 (September 21, 2018), with later amendments"
list3,48183000,481830,"83 FR 47974 (September 21, 2018), with later amendments"
list3,48185000,481850,"83 FR 47974 (September 21, 2018), with later amendments"
list3,48191000,481910,"83 FR 47974 (September 21, 2018), with later amendments"
list3,48192000,481920,"83 FR 47974 (September 21, 2018), with later amendments"
list3,48193000,481930,"83 FR 47974 (September 21, 2018), with later amendments"
list3,48194000,481940,"83 FR 47974 (September 21, 2018), with later amendments"
list3,48195020,481950,"83 FR 47974 (September 21, 2018), with later amendments"
list3,48195030,481950,"83 FR 47974 (September 21, 2018), with later amendments"
list3,48195040,481950,"83 FR 47974 (September 21, 2018), with later amendments"
list3,48196000,481960,"83 FR 47974 (September 21, 2018), with later amendments"
list3,48201020,482010,"83 FR 47974 (September 21, 2018), with later amendments"
list3,48201040,482010,"83 FR 47974 (September 21, 2018), with later amendments"
list3,48202000,482020,"83 FR 47974 (September 21, 2018), with later amendments"
list3,48203000,482030,"83 FR 47974 (September 21, 2018), with later amendments"
list3,48204000,482040,"83 FR 47974 (September 21, 2018), with later amendments"
list3,48205000,482050,"83 FR 47974 (September 21, 2018), with later amendments"
list3,48209000,482090,"83 FR 47974 (September 21, 2018), with later amendments"
list3,48211020,482110,"83 FR 47974 (September 21, 2018), with later amendments"
list3,48211040,482110,"83 FR 47974 (September 21, 2018), with later amendments"
list3,48219020,482190,"83 FR 47974 (September 21, 2018), with later amendments"
list3,48219040,482190,"83 FR 47974 (September 21, 2018), with later amendments"
list3,48221000,482210,"83 FR 47974 (September 21, 2018), with later amendments"
list3,48229000,482290,"83 FR 47974 (September 21, 2018), with later amendments"
list3,48232010,482320,"83 FR 47974 (September 21, 2018), with later amendments"
list3,48232090,482320,"83 FR 47974 (September 21, 2018), with later amendments"
list3,48234000,482340,"83 FR 47974 (September 21, 2018), with later amendments"
list3,48236100,482361,"83 FR 47974 (September 21, 2018), with later amendments"
list3,48236900,482369,"83 FR 47974 (September 21, 2018), with later amendments"
list3,48237000,482370,"83 FR 47974 (September 21, 2018), with later amendments"
list3,48239010,482390,"83 FR 47974 (September 21, 2018), with later amendments"
list3,48239020,482390,"83 FR 47974 (September 21, 2018), with later amendments"
list3,48239031,482390,"83 FR 47974 (September 21, 2018), with later amendments"
list3,48239040,482390,"83 FR 47974 (September 21, 2018), with later amendments"
list3,48239050,482390,"83 FR 47974 (September 21, 2018), with later amendments"
list3,48239060,482390,"83 FR 47974 (September 21, 2018), with later amendments"
list3,48239067,482390,"83 FR 47974 (September 21, 2018), with later amendments"
list3,48239070,482390,"83 FR 47974 (September 21, 2018), with later amendments"
list3,48239080,482390,"83 FR 47974 (September 21, 2018), with later amendments"
list3,48239086,482390,"83 FR 47974 (September 21, 2018), with later amendments"
list3,50010000,500100,"83 FR 47974 (September 21, 2018), with later amendments"
list3,50020000,500200,"83 FR 47974 (September 21, 2018), with later amendments"
list3,50030010,500300,"83 FR 47974 (September 21, 2018), with later amendments"
list3,50030090,500300,"83 FR 47974 (September 21, 2018), with later amendments"
list3,50040000,500400,"83 FR 47974 (September 21, 2018), with later amendments"
list3,50050000,500500,"83 FR 47974 (September 21, 2018), with later amendments"
list3,50060010,500600,"83 FR 47974 (September 21, 2018), with later amendments"
list3,50060090,500600,"83 FR 47974 (September 21, 2018), with later amendments"
list3,50071030,500710,"83 FR 47974 (September 21, 2018), with later amendments"
list3,50071060,500710,"83 FR 47974 (September 21, 2018), with later amendments"
list3,50072000,500720,"83 FR 47974 (September 21, 2018), with later amendments"
list3,50079030,500790,"83 FR 47974 (September 21, 2018), with later amendments"
list3,50079060,500790,"83 FR 47974 (September 21, 2018), with later amendments"
list3,51011110,510111,"83 FR 47974 (September 21, 2018), with later amendments"
list3,51011120,510111,"83 FR 47974 (September 21, 2018), with later amendments"
list3,51011140,510111,"83 FR 47974 (September 21, 2018), with later amendments"
list3,51011150,510111,"83 FR 47974 (September 21, 2018), with later amendments"
list3,51011160,510111,"83 FR 47974 (September 21, 2018), with later amendments"
list3,51011910,510119,"83 FR 47974 (September 21, 2018), with later amendments"
list3,51011920,510119,"83 FR 47974 (September 21, 2018), with later amendments"
list3,51011940,510119,"83 FR 47974 (September 21, 2018), with later amendments"
list3,51011950,510119,"83 FR 47974 (September 21, 2018), with later amendments"
list3,51011960,510119,"83 FR 47974 (September 21, 2018), with later amendments"
list3,51012110,510121,"83 FR 47974 (September 21, 2018), with later amendments"
list3,51012115,510121,"83 FR 47974 (September 21, 2018), with later amendments"
list3,51012130,510121,"83 FR 47974 (September 21, 2018), with later amendments"
list3,51012135,510121,"83 FR 47974 (September 21, 2018), with later amendments"
list3,51012140,510121,"83 FR 47974 (September 21, 2018), with later amendments"
list3,51012165,510121,"83 FR 47974 (September 21, 2018), with later amendments"
list3,51012170,510121,"83 FR 47974 (September 21, 2018), with later amendments"
list3,51012910,510129,"83 FR 47974 (September 21, 2018), with later amendments"
list3,51012915,510129,"83 FR 47974 (September 21, 2018), with later amendments"
list3,51012930,510129,"83 FR 47974 (September 21, 2018), with later amendments"
list3,51012935,510129,"83 FR 47974 (September 21, 2018), with later amendments"
list3,51012940,510129,"83 FR 47974 (September 21, 2018), with later amendments"
list3,51012965,510129,"83 FR 47974 (September 21, 2018), with later amendments"
list3,51012970,510129,"83 FR 47974 (September 21, 2018), with later amendments"
list3,51013010,510130,"83 FR 47974 (September 21, 2018), with later amendments"
list3,51013015,510130,"83 FR 47974 (September 21, 2018), with later amendments"
list3,51013030,510130,"83 FR 47974 (September 21, 2018), with later amendments"
list3,51013040,510130,"83 FR 47974 (September 21, 2018), with later amendments"
list3,51013065,510130,"83 FR 47974 (September 21, 2018), with later amendments"
list3,51013070,510130,"83 FR 47974 (September 21, 2018), with later amendments"
list3,51021110,510211,"83 FR 47974 (September 21, 2018), with later amendments"
list3,51021190,510211,"83 FR 47974 (September 21, 2018), with later amendments"
list3,51021920,510219,"83 FR 47974 (September 21, 2018), with later amendments"
list3,51021960,510219,"83 FR 47974 (September 21, 2018), with later amendments"
list3,51021980,510219,"83 FR 47974 (September 21, 2018), with later amendments"
list3,51021990,510219,"83 FR 47974 (September 21, 2018), with later amendments"
list3,51022000,510220,"83 FR 47974 (September 21, 2018), with later amendments"
list3,51031000,510310,"83 FR 47974 (September 21, 2018), with later amendments"
list3,51032000,510320,"83 FR 47974 (September 21, 2018), with later amendments"
list3,51033000,510330,"83 FR 47974 (September 21, 2018), with later amendments"
list3,51040000,510400,"83 FR 47974 (September 21, 2018), with later amendments"
list3,51051000,510510,"83 FR 47974 (September 21, 2018), with later amendments"
list3,51052100,510521,"83 FR 47974 (September 21, 2018), with later amendments"
list3,51052900,510529,"83 FR 47974 (September 21, 2018), with later amendments"
list3,51053100,510531,"83 FR 47974 (September 21, 2018), with later amendments"
list3,51053900,510539,"83 FR 47974 (September 21, 2018), with later amendments"
list3,51054000,510540,"83 FR 47974 (September 21, 2018), with later amendments"
list3,51061000,510610,"83 FR 47974 (September 21, 2018), with later amendments"
list3,51062000,510620,"83 FR 47974 (September 21, 2018), with later amendments"
list3,51071030,510710,"83 FR 47974 (September 21, 2018), with later amendments"
list3,51071060,510710,"83 FR 47974 (September 21, 2018), with later amendments"
list3,51072030,510720,"83 FR 47974 (September 21, 2018), with later amendments"
list3,51072060,510720,"83 FR 47974 (September 21, 2018), with later amendments"
list3,51081030,510810,"83 FR 47974 (September 21, 2018), with later amendments"
list3,51081040,510810,"83 FR 47974 (September 21, 2018), with later amendments"
list3,51081080,510810,"83 FR 47974 (September 21, 2018), with later amendments"
list3,51082030,510820,"83 FR 47974 (September 21, 2018), with later amendments"
list3,51082040,510820,"83 FR 47974 (September 21, 2018), with later amendments"
list3,51082080,510820,"83 FR 47974 (September 21, 2018), with later amendments"
list3,51091020,510910,"83 FR 47974 (September 21, 2018), with later amendments"
list3,51091040,510910,"83 FR 47974 (September 21, 2018), with later amendments"
list3,51091080,510910,"83 FR 47974 (September 21, 2018), with later amendments"
list3,51091090,510910,"83 FR 47974 (September 21, 2018), with later amendments"
list3,51099020,510990,"83 FR 47974 (September 21, 2018), with later amendments"
list3,51099040,510990,"83 FR 47974 (September 21, 2018), with later amendments"
list3,51099080,510990,"83 FR 47974 (September 21, 2018), with later amendments"
list3,51099090,510990,"83 FR 47974 (September 21, 2018), with later amendments"
list3,51100000,511000,"83 FR 47974 (September 21, 2018), with later amendments"
list3,51111120,511111,"83 FR 47974 (September 21, 2018), with later amendments"
list3,51111130,511111,"83 FR 47974 (September 21, 2018), with later amendments"
list3,51111170,511111,"83 FR 47974 (September 21, 2018), with later amendments"
list3,51111910,511119,"83 FR 47974 (September 21, 2018), with later amendments"
list3,51111920,511119,"83 FR 47974 (September 21, 2018), with later amendments"
list3,51111960,511119,"83 FR 47974 (September 21, 2018), with later amendments"
list3,51112005,511120,"83 FR 47974 (September 21, 2018), with later amendments"
list3,51112010,511120,"83 FR 47974 (September 21, 2018), with later amendments"
list3,51112090,511120,"83 FR 47974 (September 21, 2018), with later amendments"
list3,51113005,511130,"83 FR 47974 (September 21, 2018), with later amendments"
list3,51113010,511130,"83 FR 47974 (September 21, 2018), with later amendments"
list3,51113090,511130,"83 FR 47974 (September 21, 2018), with later amendments"
list3,51119030,511190,"83 FR 47974 (September 21, 2018), with later amendments"
list3,51119040,511190,"83 FR 47974 (September 21, 2018), with later amendments"
list3,51119050,511190,"83 FR 47974 (September 21, 2018), with later amendments"
list3,51119090,511190,"83 FR 47974 (September 21, 2018), with later amendments"
list3,51121110,511211,"83 FR 47974 (September 21, 2018), with later amendments"
list3,51121130,511211,"83 FR 47974 (September 21, 2018), with later amendments"
list3,51121160,511211,"83 FR 47974 (September 21, 2018), with later amendments"
list3,51121920,511219,"83 FR 47974 (September 21, 2018), with later amendments"
list3,51121960,511219,"83 FR 47974 (September 21, 2018), with later amendments"
list3,51121995,511219,"83 FR 47974 (September 21, 2018), with later amendments"
list3,51122010,511220,"83 FR 47974 (September 21, 2018), with later amendments"
list3,51122020,511220,"83 FR 47974 (September 21, 2018), with later amendments"
list3,51122030,511220,"83 FR 47974 (September 21, 2018), with later amendments"
list3,51123010,511230,"83 FR 47974 (September 21, 2018), with later amendments"
list3,51123020,511230,"83 FR 47974 (September 21, 2018), with later amendments"
list3,51123030,511230,"83 FR 47974 (September 21, 2018), with later amendments"
list3,51129030,511290,"83 FR 47974 (September 21, 2018), with later amendments"
list3,51129040,511290,"83 FR 47974 (September 21, 2018), with later amendments"
list3,51129050,511290,"83 FR 47974 (September 21, 2018), with later amendments"
list3,51129090,511290,"83 FR 47974 (September 21, 2018), with later amendments"
list3,51130000,511300,"83 FR 47974 (September 21, 2018), with later amendments"
list3,52010005,520100,"83 FR 47974 (September 21, 2018), with later amendments"
list3,52010012,520100,"83 FR 47974 (September 21, 2018), with later amendments"
list3,52010014,520100,"83 FR 47974 (September 21, 2018), with later amendments"
list3,52010018,520100,"83 FR 47974 (September 21, 2018), with later amendments"
list3,52010022,520100,"83 FR 47974 (September 21, 2018), with later amendments"
list3,52010024,520100,"83 FR 47974 (September 21, 2018), with later amendments"
list3,52010028,520100,"83 FR 47974 (September 21, 2018), with later amendments"
list3,52010034,520100,"83 FR 47974 (September 21, 2018), with later amendments"
list3,52010038,520100,"83 FR 47974 (September 21, 2018), with later amendments"
list3,52010055,520100,"83 FR 47974 (September 21, 2018), with later amendments"
list3,52010060,520100,"83 FR 47974 (September 21, 2018), with later amendments"
list3,52010080,520100,"83 FR 47974 (September 21, 2018), with later amendments"
list3,52021000,520210,"83 FR 47974 (September 21, 2018), with later amendments"
list3,52029100,520291,"83 FR 47974 (September 21, 2018), with later amendments"
list3,52029905,520299,"83 FR 47974 (September 21, 2018), with later amendments"
list3,52029910,520299,"83 FR 47974 (September 21, 2018), with later amendments"
list3,52029930,520299,"83 FR 47974 (September 21, 2018), with later amendments"
list3,52029950,520299,"83 FR 47974 (September 21, 2018), with later amendments"
list3,52030005,520300,"83 FR 47974 (September 21, 2018), with later amendments"
list3,52030010,520300,"83 FR 47974 (September 21, 2018), with later amendments"
list3,52030030,520300,"83 FR 47974 (September 21, 2018), with later amendments"
list3,52030050,520300,"83 FR 47974 (September 21, 2018), with later amendments"
list3,52041100,520411,"83 FR 47974 (September 21, 2018), with later amendments"
list3,52041900,520419,"83 FR 47974 (September 21, 2018), with later amendments"
list3,52042000,520420,"83 FR 47974 (September 21, 2018), with later amendments"
list3,52051110,520511,"83 FR 47974 (September 21, 2018), with later amendments"
list3,52051120,520511,"83 FR 47974 (September 21, 2018), with later amendments"
list3,52051210,520512,"83 FR 47974 (September 21, 2018), with later amendments"
list3,52051220,520512,"83 FR 47974 (September 21, 2018), with later amendments"
list3,52051310,520513,"83 FR 47974 (September 21, 2018), with later amendments"
list3,52051320,520513,"83 FR 47974 (September 21, 2018), with later amendments"
list3,52051410,520514,"83 FR 47974 (September 21, 2018), with later amendments"
list3,52051420,520514,"83 FR 47974 (September 21, 2018), with later amendments"
list3,52051510,520515,"83 FR 47974 (September 21, 2018), with later amendments"
list3,52051520,520515,"83 FR 47974 (September 21, 2018), with later amendments"
list3,52052100,520521,"83 FR 47974 (September 21, 2018), with later amendments"
list3,52052200,520522,"83 FR 47974 (September 21, 2018), with later amendments"
list3,52052300,520523,"83 FR 47974 (September 21, 2018), with later amendments"
list3,52052400,520524,"83 FR 47974 (September 21, 2018), with later amendments"
list3,52052600,520526,"83 FR 47974 (September 21, 2018), with later amendments"
list3,52052700,520527,"83 FR 47974 (September 21, 2018), with later amendments"
list3,52052800,520528,"83 FR 47974 (September 21, 2018), with later amendments"
list3,52053100,520531,"83 FR 47974 (September 21, 2018), with later amendments"
list3,52053200,520532,"83 FR 47974 (September 21, 2018), with later amendments"
list3,52053300,520533,"83 FR 47974 (September 21, 2018), with later amendments"
list3,52053400,520534,"83 FR 47974 (September 21, 2018), with later amendments"
list3,52053500,520535,"83 FR 47974 (September 21, 2018), with later amendments"
list3,52054100,520541,"83 FR 47974 (September 21, 2018), with later amendments"
list3,52054200,520542,"83 FR 47974 (September 21, 2018), with later amendments"
list3,52054300,520543,"83 FR 47974 (September 21, 2018), with later amendments"
list3,52054400,520544,"83 FR 47974 (September 21, 2018), with later amendments"
list3,52054600,520546,"83 FR 47974 (September 21, 2018), with later amendments"
list3,52054700,520547,"83 FR 47974 (September 21, 2018), with later amendments"
list3,52054800,520548,"83 FR 47974 (September 21, 2018), with later amendments"
list3,52061100,520611,"83 FR 47974 (September 21, 2018), with later amendments"
list3,52061200,520612,"83 FR 47974 (September 21, 2018), with later amendments"
list3,52061300,520613,"83 FR 47974 (September 21, 2018), with later amendments"
list3,52061400,520614,"83 FR 47974 (September 21, 2018), with later amendments"
list3,52061500,520615,"83 FR 47974 (September 21, 2018), with later amendments"
list3,52062100,520621,"83 FR 47974 (September 21, 2018), with later amendments"
list3,52062200,520622,"83 FR 47974 (September 21, 2018), with later amendments"
list3,52062300,520623,"83 FR 47974 (September 21, 2018), with later amendments"
list3,52062400,520624,"83 FR 47974 (September 21, 2018), with later amendments"
list3,52062500,520625,"83 FR 47974 (September 21, 2018), with later amendments"
list3,52063100,520631,"83 FR 47974 (September 21, 2018), with later amendments"
list3,52063200,520632,"83 FR 47974 (September 21, 2018), with later amendments"
list3,52063300,520633,"83 FR 47974 (September 21, 2018), with later amendments"
list3,52063400,520634,"83 FR 47974 (September 21, 2018), with later amendments"
list3,52063500,520635,"83 FR 47974 (September 21, 2018), with later amendments"
list3,52064100,520641,"83 FR 47974 (September 21, 2018), with later amendments"
list3,52064200,520642,"83 FR 47974 (September 21, 2018), with later amendments"
list3,52064300,520643,"83 FR 47974 (September 21, 2018), with later amendments"
list3,52064400,520644,"83 FR 47974 (September 21, 2018), with later amendments"
list3,52064500,520645,"83 FR 47974 (September 21, 2018), with later amendments"
list3,52071000,520710,"83 FR 47974 (September 21, 2018), with later amendments"
list3,52079000,520790,"83 FR 47974 (September 21, 2018), with later amendments"
list3,52081120,520811,"83 FR 47974 (September 21, 2018), with later amendments"
list3,52081140,520811,"83 FR 47974 (September 21, 2018), with later amendments"
list3,52081160,520811,"83 FR 47974 (September 21, 2018), with later amendments"
list3,52081180,520811,"83 FR 47974 (September 21, 2018), with later amendments"
list3,52081240,520812,"83 FR 47974 (September 21, 2018), with later amendments"
list3,52081260,520812,"83 FR 47974 (September 21, 2018), with later amendments"
list3,52081280,520812,"83 FR 47974 (September 21, 2018), with later amendments"
list3,52081300,520813,"83 FR 47974 (September 21, 2018), with later amendments"
list3,52081920,520819,"83 FR 47974 (September 21, 2018), with later amendments"
list3,52081940,520819,"83 FR 47974 (September 21, 2018), with later amendments"
list3,52081960,520819,"83 FR 47974 (September 21, 2018), with later amendments"
list3,52081980,520819,"83 FR 47974 (September 21, 2018), with later amendments"
list3,52082120,520821,"83 FR 47974 (September 21, 2018), with later amendments"
list3,52082140,520821,"83 FR 47974 (September 21, 2018), with later amendments"
list3,52082160,520821,"83 FR 47974 (September 21, 2018), with later amendments"
list3,52082240,520822,"83 FR 47974 (September 21, 2018), with later amendments"
list3,52082260,520822,"83 FR 47974 (September 21, 2018), with later amendments"
list3,52082280,520822,"83 FR 47974 (September 21, 2018), with later amendments"
list3,52082300,520823,"83 FR 47974 (September 21, 2018), with later amendments"
list3,52082920,520829,"83 FR 47974 (September 21, 2018), with later amendments"
list3,52082940,520829,"83 FR 47974 (September 21, 2018), with later amendments"
list3,52082960,520829,"83 FR 47974 (September 21, 2018), with later amendments"
list3,52082980,520829,"83 FR 47974 (September 21, 2018), with later amendments"
list3,52083120,520831,"83 FR 47974 (September 21, 2018), with later amendments"
list3,52083140,520831,"83 FR 47974 (September 21, 2018), with later amendments"
list3,52083160,520831,"83 FR 47974 (September 21, 2018), with later amendments"
list3,52083180,520831,"83 FR 47974 (September 21, 2018), with later amendments"
list3,52083210,520832,"83 FR 47974 (September 21, 2018), with later amendments"
list3,52083230,520832,"83 FR 47974 (September 21, 2018), with later amendments"
list3,52083240,520832,"83 FR 47974 (September 21, 2018), with later amendments"
list3,52083250,520832,"83 FR 47974 (September 21, 2018), with later amendments"
list3,52083300,520833,"83 FR 47974 (September 21, 2018), with later amendments"
list3,52083920,520839,"83 FR 47974 (September 21, 2018), with later amendments"
list3,52083940,520839,"83 FR 47974 (September 21, 2018), with later amendments"
list3,52083960,520839,"83 FR 47974 (September 21, 2018), with later amendments"
list3,52083980,520839,"83 FR 47974 (September 21, 2018), with later amendments"
list3,52084120,520841,"83 FR 47974 (September 21, 2018), with later amendments"
list3,52084140,520841,"83 FR 47974 (September 21, 2018), with later amendments"
list3,52084160,520841,"83 FR 47974 (September 21, 2018), with later amendments"
list3,52084180,520841,"83 FR 47974 (September 21, 2018), with later amendments"
list3,52084210,520842,"83 FR 47974 (September 21, 2018), with later amendments"
list3,52084230,520842,"83 FR 47974 (September 21, 2018), with later amendments"
list3,52084240,520842,"83 FR 47974 (September 21, 2018), with later amendments"
list3,52084250,520842,"83 FR 47974 (September 21, 2018), with later amendments"
list3,52084300,520843,"83 FR 47974 (September 21, 2018), with later amendments"
list3,52084920,520849,"83 FR 47974 (September 21, 2018), with later amendments"
list3,52084940,520849,"83 FR 47974 (September 21, 2018), with later amendments"
list3,52084960,520849,"83 FR 47974 (September 21, 2018), with later amendments"
list3,52084980,520849,"83 FR 47974 (September 21, 2018), with later amendments"
list3,52085120,520851,"83 FR 47974 (September 21, 2018), with later amendments"
list3,52085140,520851,"83 FR 47974 (September 21, 2018), with later amendments"
list3,52085160,520851,"83 FR 47974 (September 21, 2018), with later amendments"
list3,52085180,520851,"83 FR 47974 (September 21, 2018), with later amendments"
list3,52085210,520852,"83 FR 47974 (September 21, 2018), with later amendments"
list3,52085230,520852,"83 FR 47974 (September 21, 2018), with later amendments"
list3,52085240,520852,"83 FR 47974 (September 21, 2018), with later amendments"
list3,52085250,520852,"83 FR 47974 (September 21, 2018), with later amendments"
list3,52085910,520859,"83 FR 47974 (September 21, 2018), with later amendments"
list3,52085920,520859,"83 FR 47974 (September 21, 2018), with later amendments"
list3,52085940,520859,"83 FR 47974 (September 21, 2018), with later amendments"
list3,52085960,520859,"83 FR 47974 (September 21, 2018), with later amendments"
list3,52085980,520859,"83 FR 47974 (September 21, 2018), with later amendments"
list3,52091100,520911,"83 FR 47974 (September 21, 2018), with later amendments"
list3,52091200,520912,"83 FR 47974 (September 21, 2018), with later amendments"
list3,52091900,520919,"83 FR 47974 (September 21, 2018), with later amendments"
list3,52092100,520921,"83 FR 47974 (September 21, 2018), with later amendments"
list3,52092200,520922,"83 FR 47974 (September 21, 2018), with later amendments"
list3,52092900,520929,"83 FR 47974 (September 21, 2018), with later amendments"
list3,52093130,520931,"83 FR 47974 (September 21, 2018), with later amendments"
list3,52093160,520931,"83 FR 47974 (September 21, 2018), with later amendments"
list3,52093200,520932,"83 FR 47974 (September 21, 2018), with later amendments"
list3,52093900,520939,"83 FR 47974 (September 21, 2018), with later amendments"
list3,52094130,520941,"83 FR 47974 (September 21, 2018), with later amendments"
list3,52094160,520941,"83 FR 47974 (September 21, 2018), with later amendments"
list3,52094200,520942,"83 FR 47974 (September 21, 2018), with later amendments"
list3,52094300,520943,"83 FR 47974 (September 21, 2018), with later amendments"
list3,52094900,520949,"83 FR 47974 (September 21, 2018), with later amendments"
list3,52095130,520951,"83 FR 47974 (September 21, 2018), with later amendments"
list3,52095160,520951,"83 FR 47974 (September 21, 2018), with later amendments"
list3,52095200,520952,"83 FR 47974 (September 21, 2018), with later amendments"
list3,52095900,520959,"83 FR 47974 (September 21, 2018), with later amendments"
list3,52101180,521011,"83 FR 47974 (September 21, 2018), with later amendments"
list3,52101920,521019,"83 FR 47974 (September 21, 2018), with later amendments"
list3,52101940,521019,"83 FR 47974 (September 21, 2018), with later amendments"
list3,52101960,521019,"83 FR 47974 (September 21, 2018), with later amendments"
list3,52101980,521019,"83 FR 47974 (September 21, 2018), with later amendments"
list3,52102140,521021,"83 FR 47974 (September 21, 2018), with later amendments"
list3,52102160,521021,"83 FR 47974 (September 21, 2018), with later amendments"
list3,52102180,521021,"83 FR 47974 (September 21, 2018), with later amendments"
list3,52102910,521029,"83 FR 47974 (September 21, 2018), with later amendments"
list3,52102920,521029,"83 FR 47974 (September 21, 2018), with later amendments"
list3,52102940,521029,"83 FR 47974 (September 21, 2018), with later amendments"
list3,52102960,521029,"83 FR 47974 (September 21, 2018), with later amendments"
list3,52102980,521029,"83 FR 47974 (September 21, 2018), with later amendments"
list3,52103140,521031,"83 FR 47974 (September 21, 2018), with later amendments"
list3,52103160,521031,"83 FR 47974 (September 21, 2018), with later amendments"
list3,52103180,521031,"83 FR 47974 (September 21, 2018), with later amendments"
list3,52103200,521032,"83 FR 47974 (September 21, 2018), with later amendments"
list3,52103920,521039,"83 FR 47974 (September 21, 2018), with later amendments"
list3,52103940,521039,"83 FR 47974 (September 21, 2018), with later amendments"
list3,52103960,521039,"83 FR 47974 (September 21, 2018), with later amendments"
list3,52103980,521039,"83 FR 47974 (September 21, 2018), with later amendments"
list3,52104140,521041,"83 FR 47974 (September 21, 2018), with later amendments"
list3,52104160,521041,"83 FR 47974 (September 21, 2018), with later amendments"
list3,52104180,521041,"83 FR 47974 (September 21, 2018), with later amendments"
list3,52104910,521049,"83 FR 47974 (September 21, 2018), with later amendments"
list3,52104920,521049,"83 FR 47974 (September 21, 2018), with later amendments"
list3,52104940,521049,"83 FR 47974 (September 21, 2018), with later amendments"
list3,52104960,521049,"83 FR 47974 (September 21, 2018), with later amendments"
list3,52104980,521049,"83 FR 47974 (September 21, 2018), with later amendments"
list3,52105140,521051,"83 FR 47974 (September 21, 2018), with later amendments"
list3,52105160,521051,"83 FR 47974 (September 21, 2018), with later amendments"
list3,52105180,521051,"83 FR 47974 (September 21, 2018), with later amendments"
list3,52105910,521059,"83 FR 47974 (September 21, 2018), with later amendments"
list3,52105920,521059,"83 FR 47974 (September 21, 2018), with later amendments"
list3,52105940,521059,"83 FR 47974 (September 21, 2018), with later amendments"
list3,52105960,521059,"83 FR 47974 (September 21, 2018), with later amendments"
list3,52105980,521059,"83 FR 47974 (September 21, 2018), with later amendments"
list3,52111100,521111,"83 FR 47974 (September 21, 2018), with later amendments"
list3,52111200,521112,"83 FR 47974 (September 21, 2018), with later amendments"
list3,52111900,521119,"83 FR 47974 (September 21, 2018), with later amendments"
list3,52112021,521120,"83 FR 47974 (September 21, 2018), with later amendments"
list3,52112022,521120,"83 FR 47974 (September 21, 2018), with later amendments"
list3,52112029,521120,"83 FR 47974 (September 21, 2018), with later amendments"
list3,52113100,521131,"83 FR 47974 (September 21, 2018), with later amendments"
list3,52113200,521132,"83 FR 47974 (September 21, 2018), with later amendments"
list3,52113900,521139,"83 FR 47974 (September 21, 2018), with later amendments"
list3,52114100,521141,"83 FR 47974 (September 21, 2018), with later amendments"
list3,52114200,521142,"83 FR 47974 (September 21, 2018), with later amendments"
list3,52114300,521143,"83 FR 47974 (September 21, 2018), with later amendments"
list3,52114900,521149,"83 FR 47974 (September 21, 2018), with later amendments"
list3,52115100,521151,"83 FR 47974 (September 21, 2018), with later amendments"
list3,52115200,521152,"83 FR 47974 (September 21, 2018), with later amendments"
list3,52115900,521159,"83 FR 47974 (September 21, 2018), with later amendments"
list3,52121110,521211,"83 FR 47974 (September 21, 2018), with later amendments"
list3,52121160,521211,"83 FR 47974 (September 21, 2018), with later amendments"
list3,52121210,521212,"83 FR 47974 (September 21, 2018), with later amendments"
list3,52121260,521212,"83 FR 47974 (September 21, 2018), with later amendments"
list3,52121310,521213,"83 FR 47974 (September 21, 2018), with later amendments"
list3,52121360,521213,"83 FR 47974 (September 21, 2018), with later amendments"
list3,52121410,521214,"83 FR 47974 (September 21, 2018), with later amendments"
list3,52121460,521214,"83 FR 47974 (September 21, 2018), with later amendments"
list3,52121510,521215,"83 FR 47974 (September 21, 2018), with later amendments"
list3,52121560,521215,"83 FR 47974 (September 21, 2018), with later amendments"
list3,52122110,521221,"83 FR 47974 (September 21, 2018), with later amendments"
list3,52122160,521221,"83 FR 47974 (September 21, 2018), with later amendments"
list3,52122210,521222,"83 FR 47974 (September 21, 2018), with later amendments"
list3,52122260,521222,"83 FR 47974 (September 21, 2018), with later amendments"
list3,52122310,521223,"83 FR 47974 (September 21, 2018), with later amendments"
list3,52122360,521223,"83 FR 47974 (September 21, 2018), with later amendments"
list3,52122410,521224,"83 FR 47974 (September 21, 2018), with later amendments"
list3,52122460,521224,"83 FR 47974 (September 21, 2018), with later amendments"
list3,52122510,521225,"83 FR 47974 (September 21, 2018), with later amendments"
list3,52122560,521225,"83 FR 47974 (September 21, 2018), with later amendments"
list3,53011000,530110,"83 FR 47974 (September 21, 2018), with later amendments"
list3,53012100,530121,"83 FR 47974 (September 21, 2018), with later amendments"
list3,53012900,530129,"83 FR 47974 (September 21, 2018), with later amendments"
list3,53013000,530130,"83 FR 47974 (September 21, 2018), with later amendments"
list3,53021000,530210,"83 FR 47974 (September 21, 2018), with later amendments"
list3,53029000,530290,"83 FR 47974 (September 21, 2018), with later amendments"
list3,53031000,530310,"83 FR 47974 (September 21, 2018), with later amendments"
list3,53039000,530390,"83 FR 47974 (September 21, 2018), with later amendments"
list3,53050000,530500,"83 FR 47974 (September 21, 2018), with later amendments"
list3,53061000,530610,"83 FR 47974 (September 21, 2018), with later amendments"
list3,53062000,530620,"83 FR 47974 (September 21, 2018), with later amendments"
list3,53071000,530710,"83 FR 47974 (September 21, 2018), with later amendments"
list3,53072000,530720,"83 FR 47974 (September 21, 2018), with later amendments"
list3,53081000,530810,"83 FR 47974 (September 21, 2018), with later amendments"
list3,53082000,530820,"83 FR 47974 (September 21, 2018), with later amendments"
list3,53089010,530890,"83 FR 47974 (September 21, 2018), with later amendments"
list3,53091100,530911,"83 FR 47974 (September 21, 2018), with later amendments"
list3,53091900,530919,"83 FR 47974 (September 21, 2018), with later amendments"
list3,53092120,530921,"83 FR 47974 (September 21, 2018), with later amendments"
list3,53092130,530921,"83 FR 47974 (September 21, 2018), with later amendments"
list3,53092140,530921,"83 FR 47974 (September 21, 2018), with later amendments"
list3,53092920,530929,"83 FR 47974 (September 21, 2018), with later amendments"
list3,53092930,530929,"83 FR 47974 (September 21, 2018), with later amendments"
list3,53092940,530929,"83 FR 47974 (September 21, 2018), with later amendments"
list3,53101000,531010,"83 FR 47974 (September 21, 2018), with later amendments"
list3,53109000,531090,"83 FR 47974 (September 21, 2018), with later amendments"
list3,53110020,531100,"83 FR 47974 (September 21, 2018), with later amendments"
list3,53110030,531100,"83 FR 47974 (September 21, 2018), with later amendments"
list3,53110040,531100,"83 FR 47974 (September 21, 2018), with later amendments"
list3,53110060,531100,"83 FR 47974 (September 21, 2018), with later amendments"
list3,54011000,540110,"83 FR 47974 (September 21, 2018), with later amendments"
list3,54012000,540120,"83 FR 47974 (September 21, 2018), with later amendments"
list3,54021130,540211,"83 FR 47974 (September 21, 2018), with later amendments"
list3,54021160,540211,"83 FR 47974 (September 21, 2018), with later amendments"
list3,54021930,540219,"83 FR 47974 (September 21, 2018), with later amendments"
list3,54021960,540219,"83 FR 47974 (September 21, 2018), with later amendments"
list3,54022030,540220,"83 FR 47974 (September 21, 2018), with later amendments"
list3,54023130,540231,"83 FR 47974 (September 21, 2018), with later amendments"
list3,54023160,540231,"83 FR 47974 (September 21, 2018), with later amendments"
list3,54023230,540232,"83 FR 47974 (September 21, 2018), with later amendments"
list3,54023260,540232,"83 FR 47974 (September 21, 2018), with later amendments"
list3,54023330,540233,"83 FR 47974 (September 21, 2018), with later amendments"
list3,54023360,540233,"83 FR 47974 (September 21, 2018), with later amendments"
list3,54023430,540234,"83 FR 47974 (September 21, 2018), with later amendments"
list3,54023460,540234,"83 FR 47974 (September 21, 2018), with later amendments"
list3,54023931,540239,"83 FR 47974 (September 21, 2018), with later amendments"
list3,54023961,540239,"83 FR 47974 (September 21, 2018), with later amendments"
list3,54024400,540244,"83 FR 47974 (September 21, 2018), with later amendments"
list3,54024510,540245,"83 FR 47974 (September 21, 2018), with later amendments"
list3,54024590,540245,"83 FR 47974 (September 21, 2018), with later amendments"
list3,54024600,540246,"83 FR 47974 (September 21, 2018), with later amendments"
list3,54024710,540247,"83 FR 47974 (September 21, 2018), with later amendments"
list3,54024790,540247,"83 FR 47974 (September 21, 2018), with later amendments"
list3,54024800,540248,"83 FR 47974 (September 21, 2018), with later amendments"
list3,54024911,540249,"83 FR 47974 (September 21, 2018), with later amendments"
list3,54024991,540249,"83 FR 47974 (September 21, 2018), with later amendments"
list3,54025100,540251,"83 FR 47974 (September 21, 2018), with later amendments"
list3,54025210,540252,"83 FR 47974 (September 21, 2018), with later amendments"
list3,54025290,540252,"83 FR 47974 (September 21, 2018), with later amendments"
list3,54025300,540253,"83 FR 47974 (September 21, 2018), with later amendments"
list3,54025901,540259,"83 FR 47974 (September 21, 2018), with later amendments"
list3,54026100,540261,"83 FR 47974 (September 21, 2018), with later amendments"
list3,54026200,540262,"83 FR 47974 (September 21, 2018), with later amendments"
list3,54026300,540263,"83 FR 47974 (September 21, 2018), with later amendments"
list3,54026901,540269,"83 FR 47974 (September 21, 2018), with later amendments"
list3,54031030,540310,"83 FR 47974 (September 21, 2018), with later amendments"
list3,54031060,540310,"83 FR 47974 (September 21, 2018), with later amendments"
list3,54033100,540331,"83 FR 47974 (September 21, 2018), with later amendments"
list3,54033200,540332,"83 FR 47974 (September 21, 2018), with later amendments"
list3,54033300,540333,"83 FR 47974 (September 21, 2018), with later amendments"
list3,54033910,540339,"83 FR 47974 (September 21, 2018), with later amendments"
list3,54033990,540339,"83 FR 47974 (September 21, 2018), with later amendments"
list3,54034100,540341,"83 FR 47974 (September 21, 2018), with later amendments"
list3,54034200,540342,"83 FR 47974 (September 21, 2018), with later amendments"
list3,54034910,540349,"83 FR 47974 (September 21, 2018), with later amendments"
list3,54034990,540349,"83 FR 47974 (September 21, 2018), with later amendments"
list3,54041100,540411,"83 FR 47974 (September 21, 2018), with later amendments"
list3,54041210,540412,"83 FR 47974 (September 21, 2018), with later amendments"
list3,54041290,540412,"83 FR 47974 (September 21, 2018), with later amendments"
list3,54041910,540419,"83 FR 47974 (September 21, 2018), with later amendments"
list3,54041980,540419,"83 FR 47974 (September 21, 2018), with later amendments"
list3,54049000,540490,"83 FR 47974 (September 21, 2018), with later amendments"
list3,54050030,540500,"83 FR 47974 (September 21, 2018), with later amendments"
list3,54050060,540500,"83 FR 47974 (September 21, 2018), with later amendments"
list3,54060010,540600,"83 FR 47974 (September 21, 2018), with later amendments"
list3,54060020,540600,"83 FR 47974 (September 21, 2018), with later amendments"
list3,54071000,540710,"83 FR 47974 (September 21, 2018), with later amendments"
list3,54072000,540720,"83 FR 47974 (September 21, 2018), with later amendments"
list3,54073010,540730,"83 FR 47974 (September 21, 2018), with later amendments"
list3,54073090,540730,"83 FR 47974 (September 21, 2018), with later amendments"
list3,54074100,540741,"83 FR 47974 (September 21, 2018), with later amendments"
list3,54074200,540742,"83 FR 47974 (September 21, 2018), with later amendments"
list3,54074310,540743,"83 FR 47974 (September 21, 2018), with later amendments"
list3,54074320,540743,"83 FR 47974 (September 21, 2018), with later amendments"
list3,54074400,540744,"83 FR 47974 (September 21, 2018), with later amendments"
list3,54075100,540751,"83 FR 47974 (September 21, 2018), with later amendments"
list3,54075205,540752,"83 FR 47974 (September 21, 2018), with later amendments"
list3,54075220,540752,"83 FR 47974 (September 21, 2018), with later amendments"
list3,54075310,540753,"83 FR 47974 (September 21, 2018), with later amendments"
list3,54075320,540753,"83 FR 47974 (September 21, 2018), with later amendments"
list3,54076111,540761,"83 FR 47974 (September 21, 2018), with later amendments"
list3,54076119,540761,"83 FR 47974 (September 21, 2018), with later amendments"
list3,54076121,540761,"83 FR 47974 (September 21, 2018), with later amendments"
list3,54076129,540761,"83 FR 47974 (September 21, 2018), with later amendments"
list3,54076191,540761,"83 FR 47974 (September 21, 2018), with later amendments"
list3,54076199,540761,"83 FR 47974 (September 21, 2018), with later amendments"
list3,54076910,540769,"83 FR 47974 (September 21, 2018), with later amendments"
list3,54076920,540769,"83 FR 47974 (September 21, 2018), with later amendments"
list3,54076930,540769,"83 FR 47974 (September 21, 2018), with later amendments"
list3,54076940,540769,"83 FR 47974 (September 21, 2018), with later amendments"
list3,54076990,540769,"83 FR 47974 (September 21, 2018), with later amendments"
list3,54077100,540771,"83 FR 47974 (September 21, 2018), with later amendments"
list3,54077200,540772,"83 FR 47974 (September 21, 2018), with later amendments"
list3,54077310,540773,"83 FR 47974 (September 21, 2018), with later amendments"
list3,54077320,540773,"83 FR 47974 (September 21, 2018), with later amendments"
list3,54077400,540774,"83 FR 47974 (September 21, 2018), with later amendments"
list3,54078100,540781,"83 FR 47974 (September 21, 2018), with later amendments"
list3,54078200,540782,"83 FR 47974 (September 21, 2018), with later amendments"
list3,54078300,540783,"83 FR 47974 (September 21, 2018), with later amendments"
list3,54078400,540784,"83 FR 47974 (September 21, 2018), with later amendments"
list3,54079105,540791,"83 FR 47974 (September 21, 2018), with later amendments"
list3,54079110,540791,"83 FR 47974 (September 21, 2018), with later amendments"
list3,54079120,540791,"83 FR 47974 (September 21, 2018), with later amendments"
list3,54079205,540792,"83 FR 47974 (September 21, 2018), with later amendments"
list3,54079210,540792,"83 FR 47974 (September 21, 2018), with later amendments"
list3,54079220,540792,"83 FR 47974 (September 21, 2018), with later amendments"
list3,54079305,540793,"83 FR 47974 (September 21, 2018), with later amendments"
list3,54079310,540793,"83 FR 47974 (September 21, 2018), with later amendments"
list3,54079315,540793,"83 FR 47974 (September 21, 2018), with later amendments"
list3,54079320,540793,"83 FR 47974 (September 21, 2018), with later amendments"
list3,54079405,540794,"83 FR 47974 (September 21, 2018), with later amendments"
list3,54079410,540794,"83 FR 47974 (September 21, 2018), with later amendments"
list3,54079420,540794,"83 FR 47974 (September 21, 2018), with later amendments"
list3,54081000,540810,"83 FR 47974 (September 21, 2018), with later amendments"
list3,54082100,540821,"83 FR 47974 (September 21, 2018), with later amendments"
list3,54082210,540822,"83 FR 47974 (September 21, 2018), with later amendments"
list3,54082290,540822,"83 FR 47974 (September 21, 2018), with later amendments"
list3,54082311,540823,"83 FR 47974 (September 21, 2018), with later amendments"
list3,54082319,540823,"83 FR 47974 (September 21, 2018), with later amendments"
list3,54082321,540823,"83 FR 47974 (September 21, 2018), with later amendments"
list3,54082329,540823,"83 FR 47974 (September 21, 2018), with later amendments"
list3,54082410,540824,"83 FR 47974 (September 21, 2018), with later amendments"
list3,54082490,540824,"83 FR 47974 (September 21, 2018), with later amendments"
list3,54083105,540831,"83 FR 47974 (September 21, 2018), with later amendments"
list3,54083110,540831,"83 FR 47974 (September 21, 2018), with later amendments"
list3,54083120,540831,"83 FR 47974 (September 21, 2018), with later amendments"
list3,54083205,540832,"83 FR 47974 (September 21, 2018), with later amendments"
list3,54083210,540832,"83 FR 47974 (September 21, 2018), with later amendments"
list3,54083230,540832,"83 FR 47974 (September 21, 2018), with later amendments"
list3,54083290,540832,"83 FR 47974 (September 21, 2018), with later amendments"
list3,54083305,540833,"83 FR 47974 (September 21, 2018), with later amendments"
list3,54083310,540833,"83 FR 47974 (September 21, 2018), with later amendments"
list3,54083315,540833,"83 FR 47974 (September 21, 2018), with later amendments"
list3,54083330,540833,"83 FR 47974 (September 21, 2018), with later amendments"
list3,54083390,540833,"83 FR 47974 (September 21, 2018), with later amendments"
list3,54083405,540834,"83 FR 47974 (September 21, 2018), with later amendments"
list3,54083410,540834,"83 FR 47974 (September 21, 2018), with later amendments"
list3,54083430,540834,"83 FR 47974 (September 21, 2018), with later amendments"
list3,54083490,540834,"83 FR 47974 (September 21, 2018), with later amendments"
list3,55011000,550110,"83 FR 47974 (September 21, 2018), with later amendments"
list3,55012000,550120,"83 FR 47974 (September 21, 2018), with later amendments"
list3,55013000,550130,"83 FR 47974 (September 21, 2018), with later amendments"
list3,55014000,550140,"83 FR 47974 (September 21, 2018), with later amendments"
list3,55019001,550190,"83 FR 47974 (September 21, 2018), with later amendments"
list3,55021000,550210,"83 FR 47974 (September 21, 2018), with later amendments"
list3,55029000,550290,"83 FR 47974 (September 21, 2018), with later amendments"
list3,55031100,550311,"83 FR 47974 (September 21, 2018), with later amendments"
list3,55031910,550319,"83 FR 47974 (September 21, 2018), with later amendments"
list3,55031990,550319,"83 FR 47974 (September 21, 2018), with later amendments"
list3,55032000,550320,"83 FR 47974 (September 21, 2018), with later amendments"
list3,55033000,550330,"83 FR 47974 (September 21, 2018), with later amendments"
list3,55034000,550340,"83 FR 47974 (September 21, 2018), with later amendments"
list3,55039010,550390,"83 FR 47974 (September 21, 2018), with later amendments"
list3,55039090,550390,"83 FR 47974 (September 21, 2018), with later amendments"
list3,55049000,550490,"83 FR 47974 (September 21, 2018), with later amendments"
list3,55051000,550510,"83 FR 47974 (September 21, 2018), with later amendments"
list3,55052000,550520,"83 FR 47974 (September 21, 2018), with later amendments"
list3,55061000,550610,"83 FR 47974 (September 21, 2018), with later amendments"
list3,55062000,550620,"83 FR 47974 (September 21, 2018), with later amendments"
list3,55063000,550630,"83 FR 47974 (September 21, 2018), with later amendments"
list3,55064000,550640,"83 FR 47974 (September 21, 2018), with later amendments"
list3,55069001,550690,"83 FR 47974 (September 21, 2018), with later amendments"
list3,55070000,550700,"83 FR 47974 (September 21, 2018), with later amendments"
list3,55081000,550810,"83 FR 47974 (September 21, 2018), with later amendments"
list3,55082000,550820,"83 FR 47974 (September 21, 2018), with later amendments"
list3,55091100,550911,"83 FR 47974 (September 21, 2018), with later amendments"
list3,55091200,550912,"83 FR 47974 (September 21, 2018), with later amendments"
list3,55092100,550921,"83 FR 47974 (September 21, 2018), with later amendments"
list3,55092200,550922,"83 FR 47974 (September 21, 2018), with later amendments"
list3,55093100,550931,"83 FR 47974 (September 21, 2018), with later amendments"
list3,55093200,550932,"83 FR 47974 (September 21, 2018), with later amendments"
list3,55094100,550941,"83 FR 47974 (September 21, 2018), with later amendments"
list3,55094200,550942,"83 FR 47974 (September 21, 2018), with later amendments"
list3,55095130,550951,"83 FR 47974 (September 21, 2018), with later amendments"
list3,55095160,550951,"83 FR 47974 (September 21, 2018), with later amendments"
list3,55095200,550952,"83 FR 47974 (September 21, 2018), with later amendments"
list3,55095300,550953,"83 FR 47974 (September 21, 2018), with later amendments"
list3,55095900,550959,"83 FR 47974 (September 21, 2018), with later amendments"
list3,55096100,550961,"83 FR 47974 (September 21, 2018), with later amendments"
list3,55096200,550962,"83 FR 47974 (September 21, 2018), with later amendments"
list3,55096920,550969,"83 FR 47974 (September 21, 2018), with later amendments"
list3,55096940,550969,"83 FR 47974 (September 21, 2018), with later amendments"
list3,55096960,550969,"83 FR 47974 (September 21, 2018), with later amendments"
list3,55099100,550991,"83 FR 47974 (September 21, 2018), with later amendments"
list3,55099200,550992,"83 FR 47974 (September 21, 2018), with later amendments"
list3,55099920,550999,"83 FR 47974 (September 21, 2018), with later amendments"
list3,55099940,550999,"83 FR 47974 (September 21, 2018), with later amendments"
list3,55099960,550999,"83 FR 47974 (September 21, 2018), with later amendments"
list3,55101100,551011,"83 FR 47974 (September 21, 2018), with later amendments"
list3,55101200,551012,"83 FR 47974 (September 21, 2018), with later amendments"
list3,55102000,551020,"83 FR 47974 (September 21, 2018), with later amendments"
list3,55103000,551030,"83 FR 47974 (September 21, 2018), with later amendments"
list3,55109020,551090,"83 FR 47974 (September 21, 2018), with later amendments"
list3,55109040,551090,"83 FR 47974 (September 21, 2018), with later amendments"
list3,55109060,551090,"83 FR 47974 (September 21, 2018), with later amendments"
list3,55111000,551110,"83 FR 47974 (September 21, 2018), with later amendments"
list3,55112000,551120,"83 FR 47974 (September 21, 2018), with later amendments"
list3,55113000,551130,"83 FR 47974 (September 21, 2018), with later amendments"
list3,55121100,551211,"83 FR 47974 (September 21, 2018), with later amendments"
list3,55121900,551219,"83 FR 47974 (September 21, 2018), with later amendments"
list3,55122100,551221,"83 FR 47974 (September 21, 2018), with later amendments"
list3,55122900,551229,"83 FR 47974 (September 21, 2018), with later amendments"
list3,55129100,551291,"83 FR 47974 (September 21, 2018), with later amendments"
list3,55129900,551299,"83 FR 47974 (September 21, 2018), with later amendments"
list3,55131100,551311,"83 FR 47974 (September 21, 2018), with later amendments"
list3,55131200,551312,"83 FR 47974 (September 21, 2018), with later amendments"
list3,55131300,551313,"83 FR 47974 (September 21, 2018), with later amendments"
list3,55131900,551319,"83 FR 47974 (September 21, 2018), with later amendments"
list3,55132301,551323,"83 FR 47974 (September 21, 2018), with later amendments"
list3,55132900,551329,"83 FR 47974 (September 21, 2018), with later amendments"
list3,55133100,551331,"83 FR 47974 (September 21, 2018), with later amendments"
list3,55133901,551339,"83 FR 47974 (September 21, 2018), with later amendments"
list3,55134100,551341,"83 FR 47974 (September 21, 2018), with later amendments"
list3,55134910,551349,"83 FR 47974 (September 21, 2018), with later amendments"
list3,55134920,551349,"83 FR 47974 (September 21, 2018), with later amendments"
list3,55134990,551349,"83 FR 47974 (September 21, 2018), with later amendments"
list3,55141100,551411,"83 FR 47974 (September 21, 2018), with later amendments"
list3,55141200,551412,"83 FR 47974 (September 21, 2018), with later amendments"
list3,55141910,551419,"83 FR 47974 (September 21, 2018), with later amendments"
list3,55141990,551419,"83 FR 47974 (September 21, 2018), with later amendments"
list3,55142100,551421,"83 FR 47974 (September 21, 2018), with later amendments"
list3,55142200,551422,"83 FR 47974 (September 21, 2018), with later amendments"
list3,55142300,551423,"83 FR 47974 (September 21, 2018), with later amendments"
list3,55142900,551429,"83 FR 47974 (September 21, 2018), with later amendments"
list3,55143031,551430,"83 FR 47974 (September 21, 2018), with later amendments"
list3,55143032,551430,"83 FR 47974 (September 21, 2018), with later amendments"
list3,55143033,551430,"83 FR 47974 (September 21, 2018), with later amendments"
list3,55143039,551430,"83 FR 47974 (September 21, 2018), with later amendments"
list3,55144100,551441,"83 FR 47974 (September 21, 2018), with later amendments"
list3,55144200,551442,"83 FR 47974 (September 21, 2018), with later amendments"
list3,55144300,551443,"83 FR 47974 (September 21, 2018), with later amendments"
list3,55144900,551449,"83 FR 47974 (September 21, 2018), with later amendments"
list3,55151100,551511,"83 FR 47974 (September 21, 2018), with later amendments"
list3,55151200,551512,"83 FR 47974 (September 21, 2018), with later amendments"
list3,55151305,551513,"83 FR 47974 (September 21, 2018), with later amendments"
list3,55151310,551513,"83 FR 47974 (September 21, 2018), with later amendments"
list3,55151900,551519,"83 FR 47974 (September 21, 2018), with later amendments"
list3,55152100,551521,"83 FR 47974 (September 21, 2018), with later amendments"
list3,55152205,551522,"83 FR 47974 (September 21, 2018), with later amendments"
list3,55152210,551522,"83 FR 47974 (September 21, 2018), with later amendments"
list3,55152900,551529,"83 FR 47974 (September 21, 2018), with later amendments"
list3,55159100,551591,"83 FR 47974 (September 21, 2018), with later amendments"
list3,55159905,551599,"83 FR 47974 (September 21, 2018), with later amendments"
list3,55159910,551599,"83 FR 47974 (September 21, 2018), with later amendments"
list3,55159990,551599,"83 FR 47974 (September 21, 2018), with later amendments"
list3,55161100,551611,"83 FR 47974 (September 21, 2018), with later amendments"
list3,55161200,551612,"83 FR 47974 (September 21, 2018), with later amendments"
list3,55161300,551613,"83 FR 47974 (September 21, 2018), with later amendments"
list3,55161400,551614,"83 FR 47974 (September 21, 2018), with later amendments"
list3,55162100,551621,"83 FR 47974 (September 21, 2018), with later amendments"
list3,55162200,551622,"83 FR 47974 (September 21, 2018), with later amendments"
list3,55162300,551623,"83 FR 47974 (September 21, 2018), with later amendments"
list3,55162400,551624,"83 FR 47974 (September 21, 2018), with later amendments"
list3,55163105,551631,"83 FR 47974 (September 21, 2018), with later amendments"
list3,55163110,551631,"83 FR 47974 (September 21, 2018), with later amendments"
list3,55163205,551632,"83 FR 47974 (September 21, 2018), with later amendments"
list3,55163210,551632,"83 FR 47974 (September 21, 2018), with later amendments"
list3,55163305,551633,"83 FR 47974 (September 21, 2018), with later amendments"
list3,55163310,551633,"83 FR 47974 (September 21, 2018), with later amendments"
list3,55163405,551634,"83 FR 47974 (September 21, 2018), with later amendments"
list3,55163410,551634,"83 FR 47974 (September 21, 2018), with later amendments"
list3,55164100,551641,"83 FR 47974 (September 21, 2018), with later amendments"
list3,55164200,551642,"83 FR 47974 (September 21, 2018), with later amendments"
list3,55164300,551643,"83 FR 47974 (September 21, 2018), with later amendments"
list3,55164400,551644,"83 FR 47974 (September 21, 2018), with later amendments"
list3,55169100,551691,"83 FR 47974 (September 21, 2018), with later amendments"
list3,55169200,551692,"83 FR 47974 (September 21, 2018), with later amendments"
list3,55169300,551693,"83 FR 47974 (September 21, 2018), with later amendments"
list3,55169400,551694,"83 FR 47974 (September 21, 2018), with later amendments"
list3,56012100,560121,"83 FR 47974 (September 21, 2018), with later amendments"
list3,56012200,560122,"83 FR 47974 (September 21, 2018), with later amendments"
list3,56012900,560129,"83 FR 47974 (September 21, 2018), with later amendments"
list3,56013000,560130,"83 FR 47974 (September 21, 2018), with later amendments"
list3,56021010,560210,"83 FR 47974 (September 21, 2018), with later amendments"
list3,56021090,560210,"83 FR 47974 (September 21, 2018), with later amendments"
list3,56022100,560221,"83 FR 47974 (September 21, 2018), with later amendments"
list3,56022900,560229,"83 FR 47974 (September 21, 2018), with later amendments"
list3,56029030,560290,"83 FR 47974 (September 21, 2018), with later amendments"
list3,56029060,560290,"83 FR 47974 (September 21, 2018), with later amendments"
list3,56029090,560290,"83 FR 47974 (September 21, 2018), with later amendments"
list3,56031100,560311,"83 FR 47974 (September 21, 2018), with later amendments"
list3,56031200,560312,"83 FR 47974 (September 21, 2018), with later amendments"
list3,56031300,560313,"83 FR 47974 (September 21, 2018), with later amendments"
list3,56031430,560314,"83 FR 47974 (September 21, 2018), with later amendments"
list3,56031490,560314,"83 FR 47974 (September 21, 2018), with later amendments"
list3,56039100,560391,"83 FR 47974 (September 21, 2018), with later amendments"
list3,56039200,560392,"83 FR 47974 (September 21, 2018), with later amendments"
list3,56039300,560393,"83 FR 47974 (September 21, 2018), with later amendments"
list3,56039410,560394,"83 FR 47974 (September 21, 2018), with later amendments"
list3,56039430,560394,"83 FR 47974 (September 21, 2018), with later amendments"
list3,56039490,560394,"83 FR 47974 (September 21, 2018), with later amendments"
list3,56041000,560410,"83 FR 47974 (September 21, 2018), with later amendments"
list3,56049020,560490,"83 FR 47974 (September 21, 2018), with later amendments"
list3,56049090,560490,"83 FR 47974 (September 21, 2018), with later amendments"
list3,56050010,560500,"83 FR 47974 (September 21, 2018), with later amendments"
list3,56050090,560500,"83 FR 47974 (September 21, 2018), with later amendments"
list3,56060000,560600,"83 FR 47974 (September 21, 2018), with later amendments"
list3,56072100,560721,"83 FR 47974 (September 21, 2018), with later amendments"
list3,56072900,560729,"83 FR 47974 (September 21, 2018), with later amendments"
list3,56074110,560741,"83 FR 47974 (September 21, 2018), with later amendments"
list3,56074130,560741,"83 FR 47974 (September 21, 2018), with later amendments"
list3,56074910,560749,"83 FR 47974 (September 21, 2018), with later amendments"
list3,56074915,560749,"83 FR 47974 (September 21, 2018), with later amendments"
list3,56074925,560749,"83 FR 47974 (September 21, 2018), with later amendments"
list3,56074930,560749,"83 FR 47974 (September 21, 2018), with later amendments"
list3,56075025,560750,"83 FR 47974 (September 21, 2018), with later amendments"
list3,56075035,560750,"83 FR 47974 (September 21, 2018), with later amendments"
list3,56075040,560750,"83 FR 47974 (September 21, 2018), with later amendments"
list3,56079010,560790,"83 FR 47974 (September 21, 2018), with later amendments"
list3,56079015,560790,"83 FR 47974 (September 21, 2018), with later amendments"
list3,56079025,560790,"83 FR 47974 (September 21, 2018), with later amendments"
list3,56079035,560790,"83 FR 47974 (September 21, 2018), with later amendments"
list3,56079090,560790,"83 FR 47974 (September 21, 2018), with later amendments"
list3,56081100,560811,"83 FR 47974 (September 21, 2018), with later amendments"
list3,56081910,560819,"83 FR 47974 (September 21, 2018), with later amendments"
list3,56081920,560819,"83 FR 47974 (September 21, 2018), with later amendments"
list3,56089010,560890,"83 FR 47974 (September 21, 2018), with later amendments"
list3,56089023,560890,"83 FR 47974 (September 21, 2018), with later amendments"
list3,56089027,560890,"83 FR 47974 (September 21, 2018), with later amendments"
list3,56089030,560890,"83 FR 47974 (September 21, 2018), with later amendments"
list3,56090010,560900,"83 FR 47974 (September 21, 2018), with later amendments"
list3,56090020,560900,"83 FR 47974 (September 21, 2018), with later amendments"
list3,56090030,560900,"83 FR 47974 (September 21, 2018), with later amendments"
list3,56090040,560900,"83 FR 47974 (September 21, 2018), with later amendments"
list3,57011013,570110,"83 FR 47974 (September 21, 2018), with later amendments"
list3,57011016,570110,"83 FR 47974 (September 21, 2018), with later amendments"
list3,57011040,570110,"83 FR 47974 (September 21, 2018), with later amendments"
list3,57011090,570110,"83 FR 47974 (September 21, 2018), with later amendments"
list3,57019010,570190,"83 FR 47974 (September 21, 2018), with later amendments"
list3,57019020,570190,"83 FR 47974 (September 21, 2018), with later amendments"
list3,57021010,570210,"83 FR 47974 (September 21, 2018), with later amendments"
list3,57021090,570210,"83 FR 47974 (September 21, 2018), with later amendments"
list3,57022010,570220,"83 FR 47974 (September 21, 2018), with later amendments"
list3,57022020,570220,"83 FR 47974 (September 21, 2018), with later amendments"
list3,57023110,570231,"83 FR 47974 (September 21, 2018), with later amendments"
list3,57023120,570231,"83 FR 47974 (September 21, 2018), with later amendments"
list3,57023210,570232,"83 FR 47974 (September 21, 2018), with later amendments"
list3,57023220,570232,"83 FR 47974 (September 21, 2018), with later amendments"
list3,57023910,570239,"83 FR 47974 (September 21, 2018), with later amendments"
list3,57023920,570239,"83 FR 47974 (September 21, 2018), with later amendments"
list3,57024110,570241,"83 FR 47974 (September 21, 2018), with later amendments"
list3,57024120,570241,"83 FR 47974 (September 21, 2018), with later amendments"
list3,57024210,570242,"83 FR 47974 (September 21, 2018), with later amendments"
list3,57024220,570242,"83 FR 47974 (September 21, 2018), with later amendments"
list3,57024910,570249,"83 FR 47974 (September 21, 2018), with later amendments"
list3,57024915,570249,"83 FR 47974 (September 21, 2018), with later amendments"
list3,57024920,570249,"83 FR 47974 (September 21, 2018), with later amendments"
list3,57025020,570250,"83 FR 47974 (September 21, 2018), with later amendments"
list3,57025040,570250,"83 FR 47974 (September 21, 2018), with later amendments"
list3,57025052,570250,"83 FR 47974 (September 21, 2018), with later amendments"
list3,57025056,570250,"83 FR 47974 (September 21, 2018), with later amendments"
list3,57025059,570250,"83 FR 47974 (September 21, 2018), with later amendments"
list3,57029120,570291,"83 FR 47974 (September 21, 2018), with later amendments"
list3,57029130,570291,"83 FR 47974 (September 21, 2018), with later amendments"
list3,57029140,570291,"83 FR 47974 (September 21, 2018), with later amendments"
list3,57029210,570292,"83 FR 47974 (September 21, 2018), with later amendments"
list3,57029290,570292,"83 FR 47974 (September 21, 2018), with later amendments"
list3,57029905,570299,"83 FR 47974 (September 21, 2018), with later amendments"
list3,57029915,570299,"83 FR 47974 (September 21, 2018), with later amendments"
list3,57029920,570299,"83 FR 47974 (September 21, 2018), with later amendments"
list3,57031020,570310,"83 FR 47974 (September 21, 2018), with later amendments"
list3,57031080,570310,"83 FR 47974 (September 21, 2018), with later amendments"
list3,57032010,570320,"83 FR 47974 (September 21, 2018), with later amendments"
list3,57032020,570320,"83 FR 47974 (September 21, 2018), with later amendments"
list3,57033020,570330,"83 FR 47974 (September 21, 2018), with later amendments"
list3,57033080,570330,"83 FR 47974 (September 21, 2018), with later amendments"
list3,57039000,570390,"83 FR 47974 (September 21, 2018), with later amendments"
list3,57041000,570410,"83 FR 47974 (September 21, 2018), with later amendments"
list3,57042000,570420,"83 FR 47974 (September 21, 2018), with later amendments"
list3,57049001,570490,"83 FR 47974 (September 21, 2018), with later amendments"
list3,57050010,570500,"83 FR 47974 (September 21, 2018), with later amendments"
list3,57050020,570500,"83 FR 47974 (September 21, 2018), with later amendments"
list3,58011000,580110,"83 FR 47974 (September 21, 2018), with later amendments"
list3,58012100,580121,"83 FR 47974 (September 21, 2018), with later amendments"
list3,58012210,580122,"83 FR 47974 (September 21, 2018), with later amendments"
list3,58012290,580122,"83 FR 47974 (September 21, 2018), with later amendments"
list3,58012300,580123,"83 FR 47974 (September 21, 2018), with later amendments"
list3,58012600,580126,"83 FR 47974 (September 21, 2018), with later amendments"
list3,58012710,580127,"83 FR 47974 (September 21, 2018), with later amendments"
list3,58012750,580127,"83 FR 47974 (September 21, 2018), with later amendments"
list3,58013710,580137,"83 FR 47974 (September 21, 2018), with later amendments"
list3,58013750,580137,"83 FR 47974 (September 21, 2018), with later amendments"
list3,58019010,580190,"83 FR 47974 (September 21, 2018), with later amendments"
list3,58019020,580190,"83 FR 47974 (September 21, 2018), with later amendments"
list3,58021100,580211,"83 FR 47974 (September 21, 2018), with later amendments"
list3,58021900,580219,"83 FR 47974 (September 21, 2018), with later amendments"
list3,58022000,580220,"83 FR 47974 (September 21, 2018), with later amendments"
list3,58023000,580230,"83 FR 47974 (September 21, 2018), with later amendments"
list3,58030010,580300,"83 FR 47974 (September 21, 2018), with later amendments"
list3,58030020,580300,"83 FR 47974 (September 21, 2018), with later amendments"
list3,58030030,580300,"83 FR 47974 (September 21, 2018), with later amendments"
list3,58030040,580300,"83 FR 47974 (September 21, 2018), with later amendments"
list3,58030050,580300,"83 FR 47974 (September 21, 2018), with later amendments"
list3,58030090,580300,"83 FR 47974 (September 21, 2018), with later amendments"
list3,58041010,580410,"83 FR 47974 (September 21, 2018), with later amendments"
list3,58041090,580410,"83 FR 47974 (September 21, 2018), with later amendments"
list3,58042100,580421,"83 FR 47974 (September 21, 2018), with later amendments"
list3,58042910,580429,"83 FR 47974 (September 21, 2018), with later amendments"
list3,58042990,580429,"83 FR 47974 (September 21, 2018), with later amendments"
list3,58043000,580430,"83 FR 47974 (September 21, 2018), with later amendments"
list3,58050010,580500,"83 FR 47974 (September 21, 2018), with later amendments"
list3,58050020,580500,"83 FR 47974 (September 21, 2018), with later amendments"
list3,58050025,580500,"83 FR 47974 (September 21, 2018), with later amendments"
list3,58050030,580500,"83 FR 47974 (September 21, 2018), with later amendments"
list3,58050040,580500,"83 FR 47974 (September 21, 2018), with later amendments"
list3,58061010,580610,"83 FR 47974 (September 21, 2018), with later amendments"
list3,58061024,580610,"83 FR 47974 (September 21, 2018), with later amendments"
list3,58061028,580610,"83 FR 47974 (September 21, 2018), with later amendments"
list3,58061030,580610,"83 FR 47974 (September 21, 2018), with later amendments"
list3,58062000,580620,"83 FR 47974 (September 21, 2018), with later amendments"
list3,58063100,580631,"83 FR 47974 (September 21, 2018), with later amendments"
list3,58063210,580632,"83 FR 47974 (September 21, 2018), with later amendments"
list3,58063220,580632,"83 FR 47974 (September 21, 2018), with later amendments"
list3,58063910,580639,"83 FR 47974 (September 21, 2018), with later amendments"
list3,58063920,580639,"83 FR 47974 (September 21, 2018), with later amendments"
list3,58063930,580639,"83 FR 47974 (September 21, 2018), with later amendments"
list3,58064000,580640,"83 FR 47974 (September 21, 2018), with later amendments"
list3,58071005,580710,"83 FR 47974 (September 21, 2018), with later amendments"
list3,58071015,580710,"83 FR 47974 (September 21, 2018), with later amendments"
list3,58071020,580710,"83 FR 47974 (September 21, 2018), with later amendments"
list3,58079005,580790,"83 FR 47974 (September 21, 2018), with later amendments"
list3,58079015,580790,"83 FR 47974 (September 21, 2018), with later amendments"
list3,58079020,580790,"83 FR 47974 (September 21, 2018), with later amendments"
list3,58081010,580810,"83 FR 47974 (September 21, 2018), with later amendments"
list3,58081040,580810,"83 FR 47974 (September 21, 2018), with later amendments"
list3,58081050,580810,"83 FR 47974 (September 21, 2018), with later amendments"
list3,58081070,580810,"83 FR 47974 (September 21, 2018), with later amendments"
list3,58081090,580810,"83 FR 47974 (September 21, 2018), with later amendments"
list3,58089000,580890,"83 FR 47974 (September 21, 2018), with later amendments"
list3,58090000,580900,"83 FR 47974 (September 21, 2018), with later amendments"
list3,58101000,581010,"83 FR 47974 (September 21, 2018), with later amendments"
list3,58109100,581091,"83 FR 47974 (September 21, 2018), with later amendments"
list3,58109210,581092,"83 FR 47974 (September 21, 2018), with later amendments"
list3,58109290,581092,"83 FR 47974 (September 21, 2018), with later amendments"
list3,58109910,581099,"83 FR 47974 (September 21, 2018), with later amendments"
list3,58109990,581099,"83 FR 47974 (September 21, 2018), with later amendments"
list3,58110010,581100,"83 FR 47974 (September 21, 2018), with later amendments"
list3,58110020,581100,"83 FR 47974 (September 21, 2018), with later amendments"
list3,58110030,581100,"83 FR 47974 (September 21, 2018), with later amendments"
list3,58110040,581100,"83 FR 47974 (September 21, 2018), with later amendments"
list3,59011010,590110,"83 FR 47974 (September 21, 2018), with later amendments"
list3,59011020,590110,"83 FR 47974 (September 21, 2018), with later amendments"
list3,59019020,590190,"83 FR 47974 (September 21, 2018), with later amendments"
list3,59019040,590190,"83 FR 47974 (September 21, 2018), with later amendments"
list3,59021000,590210,"83 FR 47974 (September 21, 2018), with later amendments"
list3,59022000,590220,"83 FR 47974 (September 21, 2018), with later amendments"
list3,59029000,590290,"83 FR 47974 (September 21, 2018), with later amendments"
list3,59031010,590310,"83 FR 47974 (September 21, 2018), with later amendments"
list3,59031018,590310,"83 FR 47974 (September 21, 2018), with later amendments"
list3,59031020,590310,"83 FR 47974 (September 21, 2018), with later amendments"
list3,59031025,590310,"83 FR 47974 (September 21, 2018), with later amendments"
list3,59031030,590310,"83 FR 47974 (September 21, 2018), with later amendments"
list3,59032010,590320,"83 FR 47974 (September 21, 2018), with later amendments"
list3,59032015,590320,"83 FR 47974 (September 21, 2018), with later amendments"
list3,59032018,590320,"83 FR 47974 (September 21, 2018), with later amendments"
list3,59032020,590320,"83 FR 47974 (September 21, 2018), with later amendments"
list3,59032025,590320,"83 FR 47974 (September 21, 2018), with later amendments"
list3,59032030,590320,"83 FR 47974 (September 21, 2018), with later amendments"
list3,59039010,590390,"83 FR 47974 (September 21, 2018), with later amendments"
list3,59039015,590390,"83 FR 47974 (September 21, 2018), with later amendments"
list3,59039018,590390,"83 FR 47974 (September 21, 2018), with later amendments"
list3,59039020,590390,"83 FR 47974 (September 21, 2018), with later amendments"
list3,59039025,590390,"83 FR 47974 (September 21, 2018), with later amendments"
list3,59039030,590390,"83 FR 47974 (September 21, 2018), with later amendments"
list3,59041000,590410,"83 FR 47974 (September 21, 2018), with later amendments"
list3,59049010,590490,"83 FR 47974 (September 21, 2018), with later amendments"
list3,59049090,590490,"83 FR 47974 (September 21, 2018), with later amendments"
list3,59050010,590500,"83 FR 47974 (September 21, 2018), with later amendments"
list3,59050090,590500,"83 FR 47974 (September 21, 2018), with later amendments"
list3,59061000,590610,"83 FR 47974 (September 21, 2018), with later amendments"
list3,59069110,590691,"83 FR 47974 (September 21, 2018), with later amendments"
list3,59069120,590691,"83 FR 47974 (September 21, 2018), with later amendments"
list3,59069125,590691,"83 FR 47974 (September 21, 2018), with later amendments"
list3,59069130,590691,"83 FR 47974 (September 21, 2018), with later amendments"
list3,59069910,590699,"83 FR 47974 (September 21, 2018), with later amendments"
list3,59069920,590699,"83 FR 47974 (September 21, 2018), with later amendments"
list3,59069925,590699,"83 FR 47974 (September 21, 2018), with later amendments"
list3,59069930,590699,"83 FR 47974 (September 21, 2018), with later amendments"
list3,59070005,590700,"83 FR 47974 (September 21, 2018), with later amendments"
list3,59070015,590700,"83 FR 47974 (September 21, 2018), with later amendments"
list3,59070025,590700,"83 FR 47974 (September 21, 2018), with later amendments"
list3,59070035,590700,"83 FR 47974 (September 21, 2018), with later amendments"
list3,59070060,590700,"83 FR 47974 (September 21, 2018), with later amendments"
list3,59070080,590700,"83 FR 47974 (September 21, 2018), with later amendments"
list3,59080000,590800,"83 FR 47974 (September 21, 2018), with later amendments"
list3,59090010,590900,"83 FR 47974 (September 21, 2018), with later amendments"
list3,59090020,590900,"83 FR 47974 (September 21, 2018), with later amendments"
list3,59100010,591000,"83 FR 47974 (September 21, 2018), with later amendments"
list3,59100090,591000,"83 FR 47974 (September 21, 2018), with later amendments"
list3,59111010,591110,"83 FR 47974 (September 21, 2018), with later amendments"
list3,59111020,591110,"83 FR 47974 (September 21, 2018), with later amendments"
list3,59112010,591120,"83 FR 47974 (September 21, 2018), with later amendments"
list3,59112020,591120,"83 FR 47974 (September 21, 2018), with later amendments"
list3,59112030,591120,"83 FR 47974 (September 21, 2018), with later amendments"
list3,59113100,591131,"83 FR 47974 (September 21, 2018), with later amendments"
list3,59113200,591132,"83 FR 47974 (September 21, 2018), with later amendments"
list3,59114000,591140,"83 FR 47974 (September 21, 2018), with later amendments"
list3,59119000,591190,"83 FR 47974 (September 21, 2018), with later amendments"
list3,60011020,600110,"83 FR 47974 (September 21, 2018), with later amendments"
list3,60011060,600110,"83 FR 47974 (September 21, 2018), with later amendments"
list3,60012100,600121,"83 FR 47974 (September 21, 2018), with later amendments"
list3,60012900,600129,"83 FR 47974 (September 21, 2018), with later amendments"
list3,60019100,600191,"83 FR 47974 (September 21, 2018), with later amendments"
list3,60019200,600192,"83 FR 47974 (September 21, 2018), with later amendments"
list3,60019910,600199,"83 FR 47974 (September 21, 2018), with later amendments"
list3,60019990,600199,"83 FR 47974 (September 21, 2018), with later amendments"
list3,60024040,600240,"83 FR 47974 (September 21, 2018), with later amendments"
list3,60024080,600240,"83 FR 47974 (September 21, 2018), with later amendments"
list3,60029040,600290,"83 FR 47974 (September 21, 2018), with later amendments"
list3,60029080,600290,"83 FR 47974 (September 21, 2018), with later amendments"
list3,60031010,600310,"83 FR 47974 (September 21, 2018), with later amendments"
list3,60031090,600310,"83 FR 47974 (September 21, 2018), with later amendments"
list3,60032010,600320,"83 FR 47974 (September 21, 2018), with later amendments"
list3,60032030,600320,"83 FR 47974 (September 21, 2018), with later amendments"
list3,60033010,600330,"83 FR 47974 (September 21, 2018), with later amendments"
list3,60033060,600330,"83 FR 47974 (September 21, 2018), with later amendments"
list3,60034010,600340,"83 FR 47974 (September 21, 2018), with later amendments"
list3,60034060,600340,"83 FR 47974 (September 21, 2018), with later amendments"
list3,60039010,600390,"83 FR 47974 (September 21, 2018), with later amendments"
list3,60039090,600390,"83 FR 47974 (September 21, 2018), with later amendments"
list3,60041000,600410,"83 FR 47974 (September 21, 2018), with later amendments"
list3,60049020,600490,"83 FR 47974 (September 21, 2018), with later amendments"
list3,60049090,600490,"83 FR 47974 (September 21, 2018), with later amendments"
list3,60052100,600521,"83 FR 47974 (September 21, 2018), with later amendments"
list3,60052200,600522,"83 FR 47974 (September 21, 2018), with later amendments"
list3,60052300,600523,"83 FR 47974 (September 21, 2018), with later amendments"
list3,60052400,600524,"83 FR 47974 (September 21, 2018), with later amendments"
list3,60053600,600536,"83 FR 47974 (September 21, 2018), with later amendments"
list3,60053700,600537,"83 FR 47974 (September 21, 2018), with later amendments"
list3,60053800,600538,"83 FR 47974 (September 21, 2018), with later amendments"
list3,60053900,600539,"83 FR 47974 (September 21, 2018), with later amendments"
list3,60054200,600542,"83 FR 47974 (September 21, 2018), with later amendments"
list3,60054300,600543,"83 FR 47974 (September 21, 2018), with later amendments"
list3,60054400,600544,"83 FR 47974 (September 21, 2018), with later amendments"
list3,60059010,600590,"83 FR 47974 (September 21, 2018), with later amendments"
list3,60059090,600590,"83 FR 47974 (September 21, 2018), with later amendments"
list3,60061000,600610,"83 FR 47974 (September 21, 2018), with later amendments"
list3,60062110,600621,"83 FR 47974 (September 21, 2018), with later amendments"
list3,60062190,600621,"83 FR 47974 (September 21, 2018), with later amendments"
list3,60062210,600622,"83 FR 47974 (September 21, 2018), with later amendments"
list3,60062290,600622,"83 FR 47974 (September 21, 2018), with later amendments"
list3,60062310,600623,"83 FR 47974 (September 21, 2018), with later amendments"
list3,60062390,600623,"83 FR 47974 (September 21, 2018), with later amendments"
list3,60062410,600624,"83 FR 47974 (September 21, 2018), with later amendments"
list3,60063100,600631,"83 FR 47974 (September 21, 2018), with later amendments"
list3,60063200,600632,"83 FR 47974 (September 21, 2018), with later amendments"
list3,60063300,600633,"83 FR 47974 (September 21, 2018), with later amendments"
list3,60063400,600634,"83 FR 47974 (September 21, 2018), with later amendments"
list3,60064200,600642,"83 FR 47974 (September 21, 2018), with later amendments"
list3,60064300,600643,"83 FR 47974 (September 21, 2018), with later amendments"
list3,60064400,600644,"83 FR 47974 (September 21, 2018), with later amendments"
list3,60069010,600690,"83 FR 47974 (September 21, 2018), with later amendments"
list3,60069090,600690,"83 FR 47974 (September 21, 2018), with later amendments"
list3,65010030,650100,"83 FR 47974 (September 21, 2018), with later amendments"
list3,65010060,650100,"83 FR 47974 (September 21, 2018), with later amendments"
list3,65010090,650100,"83 FR 47974 (September 21, 2018), with later amendments"
list3,65020020,650200,"83 FR 47974 (September 21, 2018), with later amendments"
list3,65020040,650200,"83 FR 47974 (September 21, 2018), with later amendments"
list3,65020060,650200,"83 FR 47974 (September 21, 2018), with later amendments"
list3,65020090,650200,"83 FR 47974 (September 21, 2018), with later amendments"
list3,65040030,650400,"83 FR 47974 (September 21, 2018), with later amendments"
list3,65040060,650400,"83 FR 47974 (September 21, 2018), with later amendments"
list3,65040090,650400,"83 FR 47974 (September 21, 2018), with later amendments"
list3,65050004,650500,"83 FR 47974 (September 21, 2018), with later amendments"
list3,65050008,650500,"83 FR 47974 (September 21, 2018), with later amendments"
list3,65050015,650500,"83 FR 47974 (September 21, 2018), with later amendments"
list3,65050020,650500,"83 FR 47974 (September 21, 2018), with later amendments"
list3,65050025,650500,"83 FR 47974 (September 21, 2018), with later amendments"
list3,65050030,650500,"83 FR 47974 (September 21, 2018), with later amendments"
list3,65050040,650500,"83 FR 47974 (September 21, 2018), with later amendments"
list3,65050050,650500,"83 FR 47974 (September 21, 2018), with later amendments"
list3,65050060,650500,"83 FR 47974 (September 21, 2018), with later amendments"
list3,65050070,650500,"83 FR 47974 (September 21, 2018), with later amendments"
list3,65050080,650500,"83 FR 47974 (September 21, 2018), with later amendments"
list3,65050090,650500,"83 FR 47974 (September 21, 2018), with later amendments"
list3,65069100,650691,"83 FR 47974 (September 21, 2018), with later amendments"
list3,65069930,650699,"83 FR 47974 (September 21, 2018), with later amendments"
list3,65069960,650699,"83 FR 47974 (September 21, 2018), with later amendments"
list3,65070000,650700,"83 FR 47974 (September 21, 2018), with later amendments"
list3,67010030,670100,"83 FR 47974 (September 21, 2018), with later amendments"
list3,67010060,670100,"83 FR 47974 (September 21, 2018), with later amendments"
list3,68010000,680100,"83 FR 47974 (September 21, 2018), with later amendments"
list3,68021000,680210,"83 FR 47974 (September 21, 2018), with later amendments"
list3,68022110,680221,"83 FR 47974 (September 21, 2018), with later amendments"
list3,68022150,680221,"83 FR 47974 (September 21, 2018), with later amendments"
list3,68022300,680223,"83 FR 47974 (September 21, 2018), with later amendments"
list3,68022910,680229,"83 FR 47974 (September 21, 2018), with later amendments"
list3,68022990,680229,"83 FR 47974 (September 21, 2018), with later amendments"
list3,68029105,680291,"83 FR 47974 (September 21, 2018), with later amendments"
list3,68029115,680291,"83 FR 47974 (September 21, 2018), with later amendments"
list3,68029120,680291,"83 FR 47974 (September 21, 2018), with later amendments"
list3,68029125,680291,"83 FR 47974 (September 21, 2018), with later amendments"
list3,68029130,680291,"83 FR 47974 (September 21, 2018), with later amendments"
list3,68029200,680292,"83 FR 47974 (September 21, 2018), with later amendments"
list3,68029300,680293,"83 FR 47974 (September 21, 2018), with later amendments"
list3,68029900,680299,"83 FR 47974 (September 21, 2018), with later amendments"
list3,68030010,680300,"83 FR 47974 (September 21, 2018), with later amendments"
list3,68030050,680300,"83 FR 47974 (September 21, 2018), with later amendments"
list3,68041000,680410,"83 FR 47974 (September 21, 2018), with later amendments"
list3,68042100,680421,"83 FR 47974 (September 21, 2018), with later amendments"
list3,68042210,680422,"83 FR 47974 (September 21, 2018), with later amendments"
list3,68042240,680422,"83 FR 47974 (September 21, 2018), with later amendments"
list3,68042260,680422,"83 FR 47974 (September 21, 2018), with later amendments"
list3,68042300,680423,"83 FR 47974 (September 21, 2018), with later amendments"
list3,68043000,680430,"83 FR 47974 (September 21, 2018), with later amendments"
list3,68051000,680510,"83 FR 47974 (September 21, 2018), with later amendments"
list3,68052000,680520,"83 FR 47974 (September 21, 2018), with later amendments"
list3,68053010,680530,"83 FR 47974 (September 21, 2018), with later amendments"
list3,68053050,680530,"83 FR 47974 (September 21, 2018), with later amendments"
list3,68061000,680610,"83 FR 47974 (September 21, 2018), with later amendments"
list3,68062000,680620,"83 FR 47974 (September 21, 2018), with later amendments"
list3,68069000,680690,"83 FR 47974 (September 21, 2018), with later amendments"
list3,68071000,680710,"83 FR 47974 (September 21, 2018), with later amendments"
list3,68079000,680790,"83 FR 47974 (September 21, 2018), with later amendments"
list3,68080000,680800,"83 FR 47974 (September 21, 2018), with later amendments"
list3,68091100,680911,"83 FR 47974 (September 21, 2018), with later amendments"
list3,68091900,680919,"83 FR 47974 (September 21, 2018), with later amendments"
list3,68099000,680990,"83 FR 47974 (September 21, 2018), with later amendments"
list3,68101100,681011,"83 FR 47974 (September 21, 2018), with later amendments"
list3,68101912,681019,"83 FR 47974 (September 21, 2018), with later amendments"
list3,68101914,681019,"83 FR 47974 (September 21, 2018), with later amendments"
list3,68101950,681019,"83 FR 47974 (September 21, 2018), with later amendments"
list3,68109100,681091,"83 FR 47974 (September 21, 2018), with later amendments"
list3,68109900,681099,"83 FR 47974 (September 21, 2018), with later amendments"
list3,68114000,681140,"83 FR 47974 (September 21, 2018), with later amendments"
list3,68118100,681181,"83 FR 47974 (September 21, 2018), with later amendments"
list3,68118200,681182,"83 FR 47974 (September 21, 2018), with later amendments"
list3,68118910,681189,"83 FR 47974 (September 21, 2018), with later amendments"
list3,68118990,681189,"83 FR 47974 (September 21, 2018), with later amendments"
list3,68128010,681280,"83 FR 47974 (September 21, 2018), with later amendments"
list3,68128090,681280,"83 FR 47974 (September 21, 2018), with later amendments"
list3,68129110,681291,"83 FR 47974 (September 21, 2018), with later amendments"
list3,68129190,681291,"83 FR 47974 (September 21, 2018), with later amendments"
list3,68129200,681292,"83 FR 47974 (September 21, 2018), with later amendments"
list3,68129300,681293,"83 FR 47974 (September 21, 2018), with later amendments"
list3,68129900,681299,"83 FR 47974 (September 21, 2018), with later amendments"
list3,68132000,681320,"83 FR 47974 (September 21, 2018), with later amendments"
list3,68138100,681381,"83 FR 47974 (September 21, 2018), with later amendments"
list3,68138900,681389,"83 FR 47974 (September 21, 2018), with later amendments"
list3,68141000,681410,"83 FR 47974 (September 21, 2018), with later amendments"
list3,68149000,681490,"83 FR 47974 (September 21, 2018), with later amendments"
list3,68151001,681510,"83 FR 47974 (September 21, 2018), with later amendments"
list3,68152000,681520,"83 FR 47974 (September 21, 2018), with later amendments"
list3,68159100,681591,"83 FR 47974 (September 21, 2018), with later amendments"
list3,68159920,681599,"83 FR 47974 (September 21, 2018), with later amendments"
list3,68159940,681599,"83 FR 47974 (September 21, 2018), with later amendments"
list3,69010000,690100,"83 FR 47974 (September 21, 2018), with later amendments"
list3,69021010,690210,"83 FR 47974 (September 21, 2018), with later amendments"
list3,69021050,690210,"83 FR 47974 (September 21, 2018), with later amendments"
list3,69022010,690220,"83 FR 47974 (September 21, 2018), with later amendments"
list3,69022050,690220,"83 FR 47974 (September 21, 2018), with later amendments"
list3,69029010,690290,"83 FR 47974 (September 21, 2018), with later amendments"
list3,69029050,690290,"83 FR 47974 (September 21, 2018), with later amendments"
list3,69031000,690310,"83 FR 47974 (September 21, 2018), with later amendments"
list3,69032000,690320,"83 FR 47974 (September 21, 2018), with later amendments"
list3,69039000,690390,"83 FR 47974 (September 21, 2018), with later amendments"
list3,69041000,690410,"83 FR 47974 (September 21, 2018), with later amendments"
list3,69049000,690490,"83 FR 47974 (September 21, 2018), with later amendments"
list3,69051000,690510,"83 FR 47974 (September 21, 2018), with later amendments"
list3,69059000,690590,"83 FR 47974 (September 21, 2018), with later amendments"
list3,69060000,690600,"83 FR 47974 (September 21, 2018), with later amendments"
list3,69072110,690721,"83 FR 47974 (September 21, 2018), with later amendments"
list3,69072120,690721,"83 FR 47974 (September 21, 2018), with later amendments"
list3,69072130,690721,"83 FR 47974 (September 21, 2018), with later amendments"
list3,69072140,690721,"83 FR 47974 (September 21, 2018), with later amendments"
list3,69072190,690721,"83 FR 47974 (September 21, 2018), with later amendments"
list3,69072210,690722,"83 FR 47974 (September 21, 2018), with later amendments"
list3,69072220,690722,"83 FR 47974 (September 21, 2018), with later amendments"
list3,69072230,690722,"83 FR 47974 (September 21, 2018), with later amendments"
list3,69072240,690722,"83 FR 47974 (September 21, 2018), with later amendments"
list3,69072290,690722,"83 FR 47974 (September 21, 2018), with later amendments"
list3,69072310,690723,"83 FR 47974 (September 21, 2018), with later amendments"
list3,69072320,690723,"83 FR 47974 (September 21, 2018), with later amendments"
list3,69072330,690723,"83 FR 47974 (September 21, 2018), with later amendments"
list3,69072340,690723,"83 FR 47974 (September 21, 2018), with later amendments"
list3,69072390,690723,"83 FR 47974 (September 21, 2018), with later amendments"
list3,69073010,690730,"83 FR 47974 (September 21, 2018), with later amendments"
list3,69073020,690730,"83 FR 47974 (September 21, 2018), with later amendments"
list3,69073030,690730,"83 FR 47974 (September 21, 2018), with later amendments"
list3,69073040,690730,"83 FR 47974 (September 21, 2018), with later amendments"
list3,69073090,690730,"83 FR 47974 (September 21, 2018), with later amendments"
list3,69074010,690740,"83 FR 47974 (September 21, 2018), with later amendments"
list3,69074020,690740,"83 FR 47974 (September 21, 2018), with later amendments"
list3,69074030,690740,"83 FR 47974 (September 21, 2018), with later amendments"
list3,69074040,690740,"83 FR 47974 (September 21, 2018), with later amendments"
list3,69074090,690740,"83 FR 47974 (September 21, 2018), with later amendments"
list3,69091120,690911,"83 FR 47974 (September 21, 2018), with later amendments"
list3,69091140,690911,"83 FR 47974 (September 21, 2018), with later amendments"
list3,69091200,690912,"83 FR 47974 (September 21, 2018), with later amendments"
list3,69091910,690919,"83 FR 47974 (September 21, 2018), with later amendments"
list3,69091950,690919,"83 FR 47974 (September 21, 2018), with later amendments"
list3,69099000,690990,"83 FR 47974 (September 21, 2018), with later amendments"
list3,69141040,691410,"83 FR 47974 (September 21, 2018), with later amendments"
list3,69141080,691410,"83 FR 47974 (September 21, 2018), with later amendments"
list3,69149041,691490,"83 FR 47974 (September 21, 2018), with later amendments"
list3,69149080,691490,"83 FR 47974 (September 21, 2018), with later amendments"
list3,70010010,700100,"83 FR 47974 (September 21, 2018), with later amendments"
list3,70010020,700100,"83 FR 47974 (September 21, 2018), with later amendments"
list3,70010050,700100,"83 FR 47974 (September 21, 2018), with later amendments"
list3,70021010,700210,"83 FR 47974 (September 21, 2018), with later amendments"
list3,70021020,700210,"83 FR 47974 (September 21, 2018), with later amendments"
list3,70022050,700220,"83 FR 47974 (September 21, 2018), with later amendments"
list3,70023100,700231,"83 FR 47974 (September 21, 2018), with later amendments"
list3,70023200,700232,"83 FR 47974 (September 21, 2018), with later amendments"
list3,70023900,700239,"83 FR 47974 (September 21, 2018), with later amendments"
list3,70031200,700312,"83 FR 47974 (September 21, 2018), with later amendments"
list3,70031900,700319,"83 FR 47974 (September 21, 2018), with later amendments"
list3,70032000,700320,"83 FR 47974 (September 21, 2018), with later amendments"
list3,70033000,700330,"83 FR 47974 (September 21, 2018), with later amendments"
list3,70042010,700420,"83 FR 47974 (September 21, 2018), with later amendments"
list3,70042020,700420,"83 FR 47974 (September 21, 2018), with later amendments"
list3,70042050,700420,"83 FR 47974 (September 21, 2018), with later amendments"
list3,70049005,700490,"83 FR 47974 (September 21, 2018), with later amendments"
list3,70049010,700490,"83 FR 47974 (September 21, 2018), with later amendments"
list3,70049015,700490,"83 FR 47974 (September 21, 2018), with later amendments"
list3,70049020,700490,"83 FR 47974 (September 21, 2018), with later amendments"
list3,70049025,700490,"83 FR 47974 (September 21, 2018), with later amendments"
list3,70049030,700490,"83 FR 47974 (September 21, 2018), with later amendments"
list3,70049040,700490,"83 FR 47974 (September 21, 2018), with later amendments"
list3,70049050,700490,"83 FR 47974 (September 21, 2018), with later amendments"
list3,70051040,700510,"83 FR 47974 (September 21, 2018), with later amendments"
list3,70051080,700510,"83 FR 47974 (September 21, 2018), with later amendments"
list3,70052110,700521,"83 FR 47974 (September 21, 2018), with later amendments"
list3,70052120,700521,"83 FR 47974 (September 21, 2018), with later amendments"
list3,70052904,700529,"83 FR 47974 (September 21, 2018), with later amendments"
list3,70052908,700529,"83 FR 47974 (September 21, 2018), with later amendments"
list3,70052914,700529,"83 FR 47974 (September 21, 2018), with later amendments"
list3,70052918,700529,"83 FR 47974 (September 21, 2018), with later amendments"
list3,70052925,700529,"83 FR 47974 (September 21, 2018), with later amendments"
list3,70053000,700530,"83 FR 47974 (September 21, 2018), with later amendments"
list3,70060010,700600,"83 FR 47974 (September 21, 2018), with later amendments"
list3,70060020,700600,"83 FR 47974 (September 21, 2018), with later amendments"
list3,70060040,700600,"83 FR 47974 (September 21, 2018), with later amendments"
list3,70071100,700711,"83 FR 47974 (September 21, 2018), with later amendments"
list3,70071900,700719,"83 FR 47974 (September 21, 2018), with later amendments"
list3,70072110,700721,"83 FR 47974 (September 21, 2018), with later amendments"
list3,70072150,700721,"83 FR 47974 (September 21, 2018), with later amendments"
list3,70072900,700729,"83 FR 47974 (September 21, 2018), with later amendments"
list3,70080000,700800,"83 FR 47974 (September 21, 2018), with later amendments"
list3,70091000,700910,"83 FR 47974 (September 21, 2018), with later amendments"
list3,70099110,700991,"83 FR 47974 (September 21, 2018), with later amendments"
list3,70099150,700991,"83 FR 47974 (September 21, 2018), with later amendments"
list3,70099210,700992,"83 FR 47974 (September 21, 2018), with later amendments"
list3,70099250,700992,"83 FR 47974 (September 21, 2018), with later amendments"
list3,70101000,701010,"83 FR 47974 (September 21, 2018), with later amendments"
list3,70102020,701020,"83 FR 47974 (September 21, 2018), with later amendments"
list3,70102030,701020,"83 FR 47974 (September 21, 2018), with later amendments"
list3,70109005,701090,"83 FR 47974 (September 21, 2018), with later amendments"
list3,70109020,701090,"83 FR 47974 (September 21, 2018), with later amendments"
list3,70109030,701090,"83 FR 47974 (September 21, 2018), with later amendments"
list3,70109050,701090,"83 FR 47974 (September 21, 2018), with later amendments"
list3,70111010,701110,"83 FR 47974 (September 21, 2018), with later amendments"
list3,70111050,701110,"83 FR 47974 (September 21, 2018), with later amendments"
list3,70112010,701120,"83 FR 47974 (September 21, 2018), with later amendments"
list3,70112045,701120,"83 FR 47974 (September 21, 2018), with later amendments"
list3,70112085,701120,"83 FR 47974 (September 21, 2018), with later amendments"
list3,70119000,701190,"83 FR 47974 (September 21, 2018), with later amendments"
list3,70140010,701400,"83 FR 47974 (September 21, 2018), with later amendments"
list3,70140020,701400,"83 FR 47974 (September 21, 2018), with later amendments"
list3,70140030,701400,"83 FR 47974 (September 21, 2018), with later amendments"
list3,70140050,701400,"83 FR 47974 (September 21, 2018), with later amendments"
list3,70161000,701610,"83 FR 47974 (September 21, 2018), with later amendments"
list3,70169010,701690,"83 FR 47974 (September 21, 2018), with later amendments"
list3,70169050,701690,"83 FR 47974 (September 21, 2018), with later amendments"
list3,70171030,701710,"83 FR 47974 (September 21, 2018), with later amendments"
list3,70171060,701710,"83 FR 47974 (September 21, 2018), with later amendments"
list3,70172000,701720,"83 FR 47974 (September 21, 2018), with later amendments"
list3,70179010,701790,"83 FR 47974 (September 21, 2018), with later amendments"
list3,70179050,701790,"83 FR 47974 (September 21, 2018), with later amendments"
list3,70181010,701810,"83 FR 47974 (September 21, 2018), with later amendments"
list3,70181020,701810,"83 FR 47974 (September 21, 2018), with later amendments"
list3,70181050,701810,"83 FR 47974 (September 21, 2018), with later amendments"
list3,70182000,701820,"83 FR 47974 (September 21, 2018), with later amendments"
list3,70189050,701890,"83 FR 47974 (September 21, 2018), with later amendments"
list3,70191100,701911,"83 FR 47974 (September 21, 2018), with later amendments"
list3,70191200,701912,"83 FR 47974 (September 21, 2018), with later amendments"
list3,70191905,701919,"83 FR 47974 (September 21, 2018), with later amendments"
list3,70191915,701919,"83 FR 47974 (September 21, 2018), with later amendments"
list3,70191924,701919,"83 FR 47974 (September 21, 2018), with later amendments"
list3,70191928,701919,"83 FR 47974 (September 21, 2018), with later amendments"
list3,70191970,701919,"83 FR 47974 (September 21, 2018), with later amendments"
list3,70191990,701919,"83 FR 47974 (September 21, 2018), with later amendments"
list3,70193100,701931,"83 FR 47974 (September 21, 2018), with later amendments"
list3,70193200,701932,"83 FR 47974 (September 21, 2018), with later amendments"
list3,70193910,701939,"83 FR 47974 (September 21, 2018), with later amendments"
list3,70193950,701939,"83 FR 47974 (September 21, 2018), with later amendments"
list3,70194005,701940,"83 FR 47974 (September 21, 2018), with later amendments"
list3,70194015,701940,"83 FR 47974 (September 21, 2018), with later amendments"
list3,70194030,701940,"83 FR 47974 (September 21, 2018), with later amendments"
list3,70194040,701940,"83 FR 47974 (September 21, 2018), with later amendments"
list3,70194070,701940,"83 FR 47974 (September 21, 2018), with later amendments"
list3,70195110,701951,"83 FR 47974 (September 21, 2018), with later amendments"
list3,70195190,701951,"83 FR 47974 (September 21, 2018), with later amendments"
list3,70195230,701952,"83 FR 47974 (September 21, 2018), with later amendments"
list3,70195240,701952,"83 FR 47974 (September 21, 2018), with later amendments"
list3,70195270,701952,"83 FR 47974 (September 21, 2018), with later amendments"
list3,70195290,701952,"83 FR 47974 (September 21, 2018), with later amendments"
list3,70195930,701959,"83 FR 47974 (September 21, 2018), with later amendments"
list3,70195940,701959,"83 FR 47974 (September 21, 2018), with later amendments"
list3,70195970,701959,"83 FR 47974 (September 21, 2018), with later amendments"
list3,70195990,701959,"83 FR 47974 (September 21, 2018), with later amendments"
list3,70199010,701990,"83 FR 47974 (September 21, 2018), with later amendments"
list3,70199050,701990,"83 FR 47974 (September 21, 2018), with later amendments"
list3,70200030,702000,"83 FR 47974 (September 21, 2018), with later amendments"
list3,70200040,702000,"83 FR 47974 (September 21, 2018), with later amendments"
list3,70200060,702000,"83 FR 47974 (September 21, 2018), with later amendments"
list3,71022110,710221,"83 FR 47974 (September 21, 2018), with later amendments"
list3,71022130,710221,"83 FR 47974 (September 21, 2018), with later amendments"
list3,71022140,710221,"83 FR 47974 (September 21, 2018), with later amendments"
list3,71022900,710229,"83 FR 47974 (September 21, 2018), with later amendments"
list3,71051000,710510,"83 FR 47974 (September 21, 2018), with later amendments"
list3,71059000,710590,"83 FR 47974 (September 21, 2018), with later amendments"
list3,71061000,710610,"83 FR 47974 (September 21, 2018), with later amendments"
list3,71069110,710691,"83 FR 47974 (September 21, 2018), with later amendments"
list3,71069150,710691,"83 FR 47974 (September 21, 2018), with later amendments"
list3,71069210,710692,"83 FR 47974 (September 21, 2018), with later amendments"
list3,71069250,710692,"83 FR 47974 (September 21, 2018), with later amendments"
list3,71070000,710700,"83 FR 47974 (September 21, 2018), with later amendments"
list3,71081100,710811,"83 FR 47974 (September 21, 2018), with later amendments"
list3,71081210,710812,"83 FR 47974 (September 21, 2018), with later amendments"
list3,71081250,710812,"83 FR 47974 (September 21, 2018), with later amendments"
list3,71081310,710813,"83 FR 47974 (September 21, 2018), with later amendments"
list3,71081355,710813,"83 FR 47974 (September 21, 2018), with later amendments"
list3,71081370,710813,"83 FR 47974 (September 21, 2018), with later amendments"
list3,71082000,710820,"83 FR 47974 (September 21, 2018), with later amendments"
list3,71090000,710900,"83 FR 47974 (September 21, 2018), with later amendments"
list3,71101100,711011,"83 FR 47974 (September 21, 2018), with later amendments"
list3,71101900,711019,"83 FR 47974 (September 21, 2018), with later amendments"
list3,71102100,711021,"83 FR 47974 (September 21, 2018), with later amendments"
list3,71102900,711029,"83 FR 47974 (September 21, 2018), with later amendments"
list3,71103100,711031,"83 FR 47974 (September 21, 2018), with later amendments"
list3,71103900,711039,"83 FR 47974 (September 21, 2018), with later amendments"
list3,71104100,711041,"83 FR 47974 (September 21, 2018), with later amendments"
list3,71104900,711049,"83 FR 47974 (September 21, 2018), with later amendments"
list3,71110000,711100,"83 FR 47974 (September 21, 2018), with later amendments"
list3,71123000,711230,"83 FR 47974 (September 21, 2018), with later amendments"
list3,71129100,711291,"83 FR 47974 (September 21, 2018), with later amendments"
list3,71129200,711292,"83 FR 47974 (September 21, 2018), with later amendments"
list3,71129900,711299,"83 FR 47974 (September 21, 2018), with later amendments"
list3,71141110,711411,"83 FR 47974 (September 21, 2018), with later amendments"
list3,71141120,711411,"83 FR 47974 (September 21, 2018), with later amendments"
list3,71141130,711411,"83 FR 47974 (September 21, 2018), with later amendments"
list3,71141140,711411,"83 FR 47974 (September 21, 2018), with later amendments"
list3,71141145,711411,"83 FR 47974 (September 21, 2018), with later amendments"
list3,71141150,711411,"83 FR 47974 (September 21, 2018), with later amendments"
list3,71141160,711411,"83 FR 47974 (September 21, 2018), with later amendments"
list3,71141170,711411,"83 FR 47974 (September 21, 2018), with later amendments"
list3,71141900,711419,"83 FR 47974 (September 21, 2018), with later amendments"
list3,71142000,711420,"83 FR 47974 (September 21, 2018), with later amendments"
list3,71151000,711510,"83 FR 47974 (September 21, 2018), with later amendments"
list3,71159005,711590,"83 FR 47974 (September 21, 2018), with later amendments"
list3,71159030,711590,"83 FR 47974 (September 21, 2018), with later amendments"
list3,71159040,711590,"83 FR 47974 (September 21, 2018), with later amendments"
list3,71159060,711590,"83 FR 47974 (September 21, 2018), with later amendments"
list3,72011000,720110,"83 FR 47974 (September 21, 2018), with later amendments"
list3,72012000,720120,"83 FR 47974 (September 21, 2018), with later amendments"
list3,72015030,720150,"83 FR 47974 (September 21, 2018), with later amendments"
list3,72015060,720150,"83 FR 47974 (September 21, 2018), with later amendments"
list3,72021110,720211,"83 FR 47974 (September 21, 2018), with later amendments"
list3,72021150,720211,"83 FR 47974 (September 21, 2018), with later amendments"
list3,72021910,720219,"83 FR 47974 (September 21, 2018), with later amendments"
list3,72021950,720219,"83 FR 47974 (September 21, 2018), with later amendments"
list3,72022110,720221,"83 FR 47974 (September 21, 2018), with later amendments"
list3,72022150,720221,"83 FR 47974 (September 21, 2018), with later amendments"
list3,72022175,720221,"83 FR 47974 (September 21, 2018), with later amendments"
list3,72022190,720221,"83 FR 47974 (September 21, 2018), with later amendments"
list3,72022900,720229,"83 FR 47974 (September 21, 2018), with later amendments"
list3,72023000,720230,"83 FR 47974 (September 21, 2018), with later amendments"
list3,72024100,720241,"83 FR 47974 (September 21, 2018), with later amendments"
list3,72024910,720249,"83 FR 47974 (September 21, 2018), with later amendments"
list3,72024950,720249,"83 FR 47974 (September 21, 2018), with later amendments"
list3,72025000,720250,"83 FR 47974 (September 21, 2018), with later amendments"
list3,72028000,720280,"83 FR 47974 (September 21, 2018), with later amendments"
list3,72029100,720291,"83 FR 47974 (September 21, 2018), with later amendments"
list3,72029200,720292,"83 FR 47974 (September 21, 2018), with later amendments"
list3,72029910,720299,"83 FR 47974 (September 21, 2018), with later amendments"
list3,72029920,720299,"83 FR 47974 (September 21, 2018), with later amendments"
list3,72031000,720310,"83 FR 47974 (September 21, 2018), with later amendments"
list3,72039000,720390,"83 FR 47974 (September 21, 2018), with later amendments"
list3,72041000,720410,"83 FR 47974 (September 21, 2018), with later amendments"
list3,72042100,720421,"83 FR 47974 (September 21, 2018), with later amendments"
list3,72042900,720429,"83 FR 47974 (September 21, 2018), with later amendments"
list3,72043000,720430,"83 FR 47974 (September 21, 2018), with later amendments"
list3,72044100,720441,"83 FR 47974 (September 21, 2018), with later amendments"
list3,72044900,720449,"83 FR 47974 (September 21, 2018), with later amendments"
list3,72045000,720450,"83 FR 47974 (September 21, 2018), with later amendments"
list3,72051000,720510,"83 FR 47974 (September 21, 2018), with later amendments"
list3,72052100,720521,"83 FR 47974 (September 21, 2018), with later amendments"
list3,72052900,720529,"83 FR 47974 (September 21, 2018), with later amendments"
list3,72166100,721661,"83 FR 47974 (September 21, 2018), with later amendments"
list3,72166900,721669,"83 FR 47974 (September 21, 2018), with later amendments"
list3,72169100,721691,"83 FR 47974 (September 21, 2018), with later amendments"
list3,73012010,730120,"83 FR 47974 (September 21, 2018), with later amendments"
list3,73012050,730120,"83 FR 47974 (September 21, 2018), with later amendments"
list3,73023000,730230,"83 FR 47974 (September 21, 2018), with later amendments"
list3,73030000,730300,"83 FR 47974 (September 21, 2018), with later amendments"
list3,73071100,730711,"83 FR 47974 (September 21, 2018), with later amendments"
list3,73071930,730719,"83 FR 47974 (September 21, 2018), with later amendments"
list3,73071990,730719,"83 FR 47974 (September 21, 2018), with later amendments"
list3,73072110,730721,"83 FR 47974 (September 21, 2018), with later amendments"
list3,73072150,730721,"83 FR 47974 (September 21, 2018), with later amendments"
list3,73072210,730722,"83 FR 47974 (September 21, 2018), with later amendments"
list3,73072250,730722,"83 FR 47974 (September 21, 2018), with later amendments"
list3,73072300,730723,"83 FR 47974 (September 21, 2018), with later amendments"
list3,73072900,730729,"83 FR 47974 (September 21, 2018), with later amendments"
list3,73079110,730791,"83 FR 47974 (September 21, 2018), with later amendments"
list3,73079130,730791,"83 FR 47974 (September 21, 2018), with later amendments"
list3,73079150,730791,"83 FR 47974 (September 21, 2018), with later amendments"
list3,73079230,730792,"83 FR 47974 (September 21, 2018), with later amendments"
list3,73079290,730792,"83 FR 47974 (September 21, 2018), with later amendments"
list3,73079330,730793,"83 FR 47974 (September 21, 2018), with later amendments"
list3,73079360,730793,"83 FR 47974 (September 21, 2018), with later amendments"
list3,73079390,730793,"83 FR 47974 (September 21, 2018), with later amendments"
list3,73079910,730799,"83 FR 47974 (September 21, 2018), with later amendments"
list3,73079930,730799,"83 FR 47974 (September 21, 2018), with later amendments"
list3,73079950,730799,"83 FR 47974 (September 21, 2018), with later amendments"
list3,73083010,730830,"83 FR 47974 (September 21, 2018), with later amendments"
list3,73083050,730830,"83 FR 47974 (September 21, 2018), with later amendments"
list3,73084000,730840,"83 FR 47974 (September 21, 2018), with later amendments"
list3,73090000,730900,"83 FR 47974 (September 21, 2018), with later amendments"
list3,73101000,731010,"83 FR 47974 (September 21, 2018), with later amendments"
list3,73102100,731021,"83 FR 47974 (September 21, 2018), with later amendments"
list3,73102900,731029,"83 FR 47974 (September 21, 2018), with later amendments"
list3,73110000,731100,"83 FR 47974 (September 21, 2018), with later amendments"
list3,73121005,731210,"83 FR 47974 (September 21, 2018), with later amendments"
list3,73121010,731210,"83 FR 47974 (September 21, 2018), with later amendments"
list3,73121020,731210,"83 FR 47974 (September 21, 2018), with later amendments"
list3,73121030,731210,"83 FR 47974 (September 21, 2018), with later amendments"
list3,73121050,731210,"83 FR 47974 (September 21, 2018), with later amendments"
list3,73121060,731210,"83 FR 47974 (September 21, 2018), with later amendments"
list3,73121070,731210,"83 FR 47974 (September 21, 2018), with later amendments"
list3,73121080,731210,"83 FR 47974 (September 21, 2018), with later amendments"
list3,73121090,731210,"83 FR 47974 (September 21, 2018), with later amendments"
list3,73129000,731290,"83 FR 47974 (September 21, 2018), with later amendments"
list3,73130000,731300,"83 FR 47974 (September 21, 2018), with later amendments"
list3,73141210,731412,"83 FR 47974 (September 21, 2018), with later amendments"
list3,73141220,731412,"83 FR 47974 (September 21, 2018), with later amendments"
list3,73141230,731412,"83 FR 47974 (September 21, 2018), with later amendments"
list3,73141260,731412,"83 FR 47974 (September 21, 2018), with later amendments"
list3,73141290,731412,"83 FR 47974 (September 21, 2018), with later amendments"
list3,73141410,731414,"83 FR 47974 (September 21, 2018), with later amendments"
list3,73141420,731414,"83 FR 47974 (September 21, 2018), with later amendments"
list3,73141430,731414,"83 FR 47974 (September 21, 2018), with later amendments"
list3,73141460,731414,"83 FR 47974 (September 21, 2018), with later amendments"
list3,73141490,731414,"83 FR 47974 (September 21, 2018), with later amendments"
list3,73141901,731419,"83 FR 47974 (September 21, 2018), with later amendments"
list3,73142000,731420,"83 FR 47974 (September 21, 2018), with later amendments"
list3,73143110,731431,"83 FR 47974 (September 21, 2018), with later amendments"
list3,73143150,731431,"83 FR 47974 (September 21, 2018), with later amendments"
list3,73143900,731439,"83 FR 47974 (September 21, 2018), with later amendments"
list3,73144100,731441,"83 FR 47974 (September 21, 2018), with later amendments"
list3,73144200,731442,"83 FR 47974 (September 21, 2018), with later amendments"
list3,73144930,731449,"83 FR 47974 (September 21, 2018), with later amendments"
list3,73144960,731449,"83 FR 47974 (September 21, 2018), with later amendments"
list3,73145000,731450,"83 FR 47974 (September 21, 2018), with later amendments"
list3,73151100,731511,"83 FR 47974 (September 21, 2018), with later amendments"
list3,73151200,731512,"83 FR 47974 (September 21, 2018), with later amendments"
list3,73151900,731519,"83 FR 47974 (September 21, 2018), with later amendments"
list3,73152010,731520,"83 FR 47974 (September 21, 2018), with later amendments"
list3,73152050,731520,"83 FR 47974 (September 21, 2018), with later amendments"
list3,73158100,731581,"83 FR 47974 (September 21, 2018), with later amendments"
list3,73158210,731582,"83 FR 47974 (September 21, 2018), with later amendments"
list3,73158230,731582,"83 FR 47974 (September 21, 2018), with later amendments"
list3,73158250,731582,"83 FR 47974 (September 21, 2018), with later amendments"
list3,73158270,731582,"83 FR 47974 (September 21, 2018), with later amendments"
list3,73158910,731589,"83 FR 47974 (September 21, 2018), with later amendments"
list3,73158930,731589,"83 FR 47974 (September 21, 2018), with later amendments"
list3,73158950,731589,"83 FR 47974 (September 21, 2018), with later amendments"
list3,73159000,731590,"83 FR 47974 (September 21, 2018), with later amendments"
list3,73160000,731600,"83 FR 47974 (September 21, 2018), with later amendments"
list3,73170020,731700,"83 FR 47974 (September 21, 2018), with later amendments"
list3,73170030,731700,"83 FR 47974 (September 21, 2018), with later amendments"
list3,73170055,731700,"83 FR 47974 (September 21, 2018), with later amendments"
list3,73170065,731700,"83 FR 47974 (September 21, 2018), with later amendments"
list3,73170075,731700,"83 FR 47974 (September 21, 2018), with later amendments"
list3,73181100,731811,"83 FR 47974 (September 21, 2018), with later amendments"
list3,73181200,731812,"83 FR 47974 (September 21, 2018), with later amendments"
list3,73181300,731813,"83 FR 47974 (September 21, 2018), with later amendments"
list3,73181410,731814,"83 FR 47974 (September 21, 2018), with later amendments"
list3,73181450,731814,"83 FR 47974 (September 21, 2018), with later amendments"
list3,73181520,731815,"83 FR 47974 (September 21, 2018), with later amendments"
list3,73181540,731815,"83 FR 47974 (September 21, 2018), with later amendments"
list3,73181550,731815,"83 FR 47974 (September 21, 2018), with later amendments"
list3,73181560,731815,"83 FR 47974 (September 21, 2018), with later amendments"
list3,73181580,731815,"83 FR 47974 (September 21, 2018), with later amendments"
list3,73181900,731819,"83 FR 47974 (September 21, 2018), with later amendments"
list3,73182100,731821,"83 FR 47974 (September 21, 2018), with later amendments"
list3,73182200,731822,"83 FR 47974 (September 21, 2018), with later amendments"
list3,73182300,731823,"83 FR 47974 (September 21, 2018), with later amendments"
list3,73182400,731824,"83 FR 47974 (September 21, 2018), with later amendments"
list3,73182900,731829,"83 FR 47974 (September 21, 2018), with later amendments"
list3,73201030,732010,"83 FR 47974 (September 21, 2018), with later amendments"
list3,73201060,732010,"83 FR 47974 (September 21, 2018), with later amendments"
list3,73201090,732010,"83 FR 47974 (September 21, 2018), with later amendments"
list3,73209010,732090,"83 FR 47974 (September 21, 2018), with later amendments"
list3,73209050,732090,"83 FR 47974 (September 21, 2018), with later amendments"
list3,73211110,732111,"83 FR 47974 (September 21, 2018), with later amendments"
list3,73211130,732111,"83 FR 47974 (September 21, 2018), with later amendments"
list3,73211160,732111,"83 FR 47974 (September 21, 2018), with later amendments"
list3,73219010,732190,"83 FR 47974 (September 21, 2018), with later amendments"
list3,73219020,732190,"83 FR 47974 (September 21, 2018), with later amendments"
list3,73219040,732190,"83 FR 47974 (September 21, 2018), with later amendments"
list3,73219050,732190,"83 FR 47974 (September 21, 2018), with later amendments"
list3,73219060,732190,"83 FR 47974 (September 21, 2018), with later amendments"
list3,73221100,732211,"83 FR 47974 (September 21, 2018), with later amendments"
list3,73221900,732219,"83 FR 47974 (September 21, 2018), with later amendments"
list3,73229000,732290,"83 FR 47974 (September 21, 2018), with later amendments"
list3,73231000,732310,"83 FR 47974 (September 21, 2018), with later amendments"
list3,73239990,732399,"83 FR 47974 (September 21, 2018), with later amendments"
list3,73241000,732410,"83 FR 47974 (September 21, 2018), with later amendments"
list3,73242110,732421,"83 FR 47974 (September 21, 2018), with later amendments"
list3,73242150,732421,"83 FR 47974 (September 21, 2018), with later amendments"
list3,73249000,732490,"83 FR 47974 (September 21, 2018), with later amendments"
list3,73251000,732510,"83 FR 47974 (September 21, 2018), with later amendments"
list3,73259100,732591,"83 FR 47974 (September 21, 2018), with later amendments"
list3,73259910,732599,"83 FR 47974 (September 21, 2018), with later amendments"
list3,73259950,732599,"83 FR 47974 (September 21, 2018), with later amendments"
list3,73261100,732611,"83 FR 47974 (September 21, 2018), with later amendments"
list3,73261900,732619,"83 FR 47974 (September 21, 2018), with later amendments"
list3,73262000,732620,"83 FR 47974 (September 21, 2018), with later amendments"
list3,73269010,732690,"83 FR 47974 (September 21, 2018), with later amendments"
list3,73269025,732690,"83 FR 47974 (September 21, 2018), with later amendments"
list3,73269035,732690,"83 FR 47974 (September 21, 2018), with later amendments"
list3,73269045,732690,"83 FR 47974 (September 21, 2018), with later amendments"
list3,73269060,732690,"83 FR 47974 (September 21, 2018), with later amendments"
list3,73269086,732690,"83 FR 47974 (September 21, 2018), with later amendments"
list3,74020000,740200,"83 FR 47974 (September 21, 2018), with later amendments"
list3,74031100,740311,"83 FR 47974 (September 21, 2018), with later amendments"
list3,74031200,740312,"83 FR 47974 (September 21, 2018), with later amendments"
list3,74031300,740313,"83 FR 47974 (September 21, 2018), with later amendments"
list3,74031900,740319,"83 FR 47974 (September 21, 2018), with later amendments"
list3,74032100,740321,"83 FR 47974 (September 21, 2018), with later amendments"
list3,74032200,740322,"83 FR 47974 (September 21, 2018), with later amendments"
list3,74032901,740329,"83 FR 47974 (September 21, 2018), with later amendments"
list3,74040030,740400,"83 FR 47974 (September 21, 2018), with later amendments"
list3,74040060,740400,"83 FR 47974 (September 21, 2018), with later amendments"
list3,74050010,740500,"83 FR 47974 (September 21, 2018), with later amendments"
list3,74050060,740500,"83 FR 47974 (September 21, 2018), with later amendments"
list3,74061000,740610,"83 FR 47974 (September 21, 2018), with later amendments"
list3,74062000,740620,"83 FR 47974 (September 21, 2018), with later amendments"
list3,74071015,740710,"83 FR 47974 (September 21, 2018), with later amendments"
list3,74071030,740710,"83 FR 47974 (September 21, 2018), with later amendments"
list3,74071050,740710,"83 FR 47974 (September 21, 2018), with later amendments"
list3,74072115,740721,"83 FR 47974 (September 21, 2018), with later amendments"
list3,74072130,740721,"83 FR 47974 (September 21, 2018), with later amendments"
list3,74072150,740721,"83 FR 47974 (September 21, 2018), with later amendments"
list3,74072170,740721,"83 FR 47974 (September 21, 2018), with later amendments"
list3,74072190,740721,"83 FR 47974 (September 21, 2018), with later amendments"
list3,74072916,740729,"83 FR 47974 (September 21, 2018), with later amendments"
list3,74072934,740729,"83 FR 47974 (September 21, 2018), with later amendments"
list3,74072938,740729,"83 FR 47974 (September 21, 2018), with later amendments"
list3,74072940,740729,"83 FR 47974 (September 21, 2018), with later amendments"
list3,74072950,740729,"83 FR 47974 (September 21, 2018), with later amendments"
list3,74081130,740811,"83 FR 47974 (September 21, 2018), with later amendments"
list3,74081160,740811,"83 FR 47974 (September 21, 2018), with later amendments"
list3,74081900,740819,"83 FR 47974 (September 21, 2018), with later amendments"
list3,74082100,740821,"83 FR 47974 (September 21, 2018), with later amendments"
list3,74082210,740822,"83 FR 47974 (September 21, 2018), with later amendments"
list3,74082250,740822,"83 FR 47974 (September 21, 2018), with later amendments"
list3,74082910,740829,"83 FR 47974 (September 21, 2018), with later amendments"
list3,74082950,740829,"83 FR 47974 (September 21, 2018), with later amendments"
list3,74091110,740911,"83 FR 47974 (September 21, 2018), with later amendments"
list3,74091150,740911,"83 FR 47974 (September 21, 2018), with later amendments"
list3,74091910,740919,"83 FR 47974 (September 21, 2018), with later amendments"
list3,74091950,740919,"83 FR 47974 (September 21, 2018), with later amendments"
list3,74091990,740919,"83 FR 47974 (September 21, 2018), with later amendments"
list3,74092100,740921,"83 FR 47974 (September 21, 2018), with later amendments"
list3,74092900,740929,"83 FR 47974 (September 21, 2018), with later amendments"
list3,74093110,740931,"83 FR 47974 (September 21, 2018), with later amendments"
list3,74093150,740931,"83 FR 47974 (September 21, 2018), with later amendments"
list3,74093190,740931,"83 FR 47974 (September 21, 2018), with later amendments"
list3,74093910,740939,"83 FR 47974 (September 21, 2018), with later amendments"
list3,74093950,740939,"83 FR 47974 (September 21, 2018), with later amendments"
list3,74093990,740939,"83 FR 47974 (September 21, 2018), with later amendments"
list3,74094000,740940,"83 FR 47974 (September 21, 2018), with later amendments"
list3,74099010,740990,"83 FR 47974 (September 21, 2018), with later amendments"
list3,74099050,740990,"83 FR 47974 (September 21, 2018), with later amendments"
list3,74099090,740990,"83 FR 47974 (September 21, 2018), with later amendments"
list3,74101100,741011,"83 FR 47974 (September 21, 2018), with later amendments"
list3,74101200,741012,"83 FR 47974 (September 21, 2018), with later amendments"
list3,74102130,741021,"83 FR 47974 (September 21, 2018), with later amendments"
list3,74102160,741021,"83 FR 47974 (September 21, 2018), with later amendments"
list3,74102200,741022,"83 FR 47974 (September 21, 2018), with later amendments"
list3,74111010,741110,"83 FR 47974 (September 21, 2018), with later amendments"
list3,74111050,741110,"83 FR 47974 (September 21, 2018), with later amendments"
list3,74112110,741121,"83 FR 47974 (September 21, 2018), with later amendments"
list3,74112150,741121,"83 FR 47974 (September 21, 2018), with later amendments"
list3,74112200,741122,"83 FR 47974 (September 21, 2018), with later amendments"
list3,74112910,741129,"83 FR 47974 (September 21, 2018), with later amendments"
list3,74112950,741129,"83 FR 47974 (September 21, 2018), with later amendments"
list3,74121000,741210,"83 FR 47974 (September 21, 2018), with later amendments"
list3,74122000,741220,"83 FR 47974 (September 21, 2018), with later amendments"
list3,74130010,741300,"83 FR 47974 (September 21, 2018), with later amendments"
list3,74130050,741300,"83 FR 47974 (September 21, 2018), with later amendments"
list3,74130090,741300,"83 FR 47974 (September 21, 2018), with later amendments"
list3,74151000,741510,"83 FR 47974 (September 21, 2018), with later amendments"
list3,74152100,741521,"83 FR 47974 (September 21, 2018), with later amendments"
list3,74152900,741529,"83 FR 47974 (September 21, 2018), with later amendments"
list3,74153305,741533,"83 FR 47974 (September 21, 2018), with later amendments"
list3,74153310,741533,"83 FR 47974 (September 21, 2018), with later amendments"
list3,74153380,741533,"83 FR 47974 (September 21, 2018), with later amendments"
list3,74153900,741539,"83 FR 47974 (September 21, 2018), with later amendments"
list3,74182010,741820,"83 FR 47974 (September 21, 2018), with later amendments"
list3,74182050,741820,"83 FR 47974 (September 21, 2018), with later amendments"
list3,74191000,741910,"83 FR 47974 (September 21, 2018), with later amendments"
list3,74199100,741991,"83 FR 47974 (September 21, 2018), with later amendments"
list3,74199903,741999,"83 FR 47974 (September 21, 2018), with later amendments"
list3,74199906,741999,"83 FR 47974 (September 21, 2018), with later amendments"
list3,74199909,741999,"83 FR 47974 (September 21, 2018), with later amendments"
list3,74199915,741999,"83 FR 47974 (September 21, 2018), with later amendments"
list3,74199916,741999,"83 FR 47974 (September 21, 2018), with later amendments"
list3,74199930,741999,"83 FR 47974 (September 21, 2018), with later amendments"
list3,74199950,741999,"83 FR 47974 (September 21, 2018), with later amendments"
list3,75011000,750110,"83 FR 47974 (September 21, 2018), with later amendments"
list3,75012000,750120,"83 FR 47974 (September 21, 2018), with later amendments"
list3,75021000,750210,"83 FR 47974 (September 21, 2018), with later amendments"
list3,75022000,750220,"83 FR 47974 (September 21, 2018), with later amendments"
list3,75030000,750300,"83 FR 47974 (September 21, 2018), with later amendments"
list3,75040000,750400,"83 FR 47974 (September 21, 2018), with later amendments"
list3,75051110,750511,"83 FR 47974 (September 21, 2018), with later amendments"
list3,75051130,750511,"83 FR 47974 (September 21, 2018), with later amendments"
list3,75051150,750511,"83 FR 47974 (September 21, 2018), with later amendments"
list3,75051210,750512,"83 FR 47974 (September 21, 2018), with later amendments"
list3,75051230,750512,"83 FR 47974 (September 21, 2018), with later amendments"
list3,75051250,750512,"83 FR 47974 (September 21, 2018), with later amendments"
list3,75052110,750521,"83 FR 47974 (September 21, 2018), with later amendments"
list3,75052150,750521,"83 FR 47974 (September 21, 2018), with later amendments"
list3,75052210,750522,"83 FR 47974 (September 21, 2018), with later amendments"
list3,75052250,750522,"83 FR 47974 (September 21, 2018), with later amendments"
list3,75061005,750610,"83 FR 47974 (September 21, 2018), with later amendments"
list3,75061010,750610,"83 FR 47974 (September 21, 2018), with later amendments"
list3,75061030,750610,"83 FR 47974 (September 21, 2018), with later amendments"
list3,75062005,750620,"83 FR 47974 (September 21, 2018), with later amendments"
list3,75062010,750620,"83 FR 47974 (September 21, 2018), with later amendments"
list3,75062030,750620,"83 FR 47974 (September 21, 2018), with later amendments"
list3,75071100,750711,"83 FR 47974 (September 21, 2018), with later amendments"
list3,75071200,750712,"83 FR 47974 (September 21, 2018), with later amendments"
list3,75072000,750720,"83 FR 47974 (September 21, 2018), with later amendments"
list3,75081000,750810,"83 FR 47974 (September 21, 2018), with later amendments"
list3,75089010,750890,"83 FR 47974 (September 21, 2018), with later amendments"
list3,75089050,750890,"83 FR 47974 (September 21, 2018), with later amendments"
list3,76020000,760200,"83 FR 47974 (September 21, 2018), with later amendments"
list3,76031000,760310,"83 FR 47974 (September 21, 2018), with later amendments"
list3,76032000,760320,"83 FR 47974 (September 21, 2018), with later amendments"
list3,76109000,761090,"83 FR 47974 (September 21, 2018), with later amendments"
list3,76110000,761100,"83 FR 47974 (September 21, 2018), with later amendments"
list3,76121000,761210,"83 FR 47974 (September 21, 2018), with later amendments"
list3,76129010,761290,"83 FR 47974 (September 21, 2018), with later amendments"
list3,76129050,761290,"83 FR 47974 (September 21, 2018), with later amendments"
list3,76130000,761300,"83 FR 47974 (September 21, 2018), with later amendments"
list3,76141050,761410,"83 FR 47974 (September 21, 2018), with later amendments"
list3,76149040,761490,"83 FR 47974 (September 21, 2018), with later amendments"
list3,76149050,761490,"83 FR 47974 (September 21, 2018), with later amendments"
list3,76152000,761520,"83 FR 47974 (September 21, 2018), with later amendments"
list3,76161010,761610,"83 FR 47974 (September 21, 2018), with later amendments"
list3,76161030,761610,"83 FR 47974 (September 21, 2018), with later amendments"
list3,76161050,761610,"83 FR 47974 (September 21, 2018), with later amendments"
list3,76161070,761610,"83 FR 47974 (September 21, 2018), with later amendments"
list3,76161090,761610,"83 FR 47974 (September 21, 2018), with later amendments"
list3,76169100,761691,"83 FR 47974 (September 21, 2018), with later amendments"
list3,76169910,761699,"83 FR 47974 (September 21, 2018), with later amendments"
list3,76169951,761699,"83 FR 47974 (September 21, 2018), with later amendments"
list3,78019100,780191,"83 FR 47974 (September 21, 2018), with later amendments"
list3,78019930,780199,"83 FR 47974 (September 21, 2018), with later amendments"
list3,78019990,780199,"83 FR 47974 (September 21, 2018), with later amendments"
list3,78041100,780411,"83 FR 47974 (September 21, 2018), with later amendments"
list3,78041900,780419,"83 FR 47974 (September 21, 2018), with later amendments"
list3,78042000,780420,"83 FR 47974 (September 21, 2018), with later amendments"
list3,78060003,780600,"83 FR 47974 (September 21, 2018), with later amendments"
list3,78060005,780600,"83 FR 47974 (September 21, 2018), with later amendments"
list3,78060080,780600,"83 FR 47974 (September 21, 2018), with later amendments"
list3,79031000,790310,"83 FR 47974 (September 21, 2018), with later amendments"
list3,79039030,790390,"83 FR 47974 (September 21, 2018), with later amendments"
list3,79039060,790390,"83 FR 47974 (September 21, 2018), with later amendments"
list3,79040000,790400,"83 FR 47974 (September 21, 2018), with later amendments"
list3,79050000,790500,"83 FR 47974 (September 21, 2018), with later amendments"
list3,79070020,790700,"83 FR 47974 (September 21, 2018), with later amendments"
list3,79070060,790700,"83 FR 47974 (September 21, 2018), with later amendments"
list3,80070010,800700,"83 FR 47974 (September 21, 2018), with later amendments"
list3,80070050,800700,"83 FR 47974 (September 21, 2018), with later amendments"
list3,81019600,810196,"83 FR 47974 (September 21, 2018), with later amendments"
list3,81029600,810296,"83 FR 47974 (September 21, 2018), with later amendments"
list3,81043000,810430,"83 FR 47974 (September 21, 2018), with later amendments"
list3,81049000,810490,"83 FR 47974 (September 21, 2018), with later amendments"
list3,81052030,810520,"83 FR 47974 (September 21, 2018), with later amendments"
list3,81052060,810520,"83 FR 47974 (September 21, 2018), with later amendments"
list3,81052090,810520,"83 FR 47974 (September 21, 2018), with later amendments"
list3,81053000,810530,"83 FR 47974 (September 21, 2018), with later amendments"
list3,81059000,810590,"83 FR 47974 (September 21, 2018), with later amendments"
list3,81060000,810600,"83 FR 47974 (September 21, 2018), with later amendments"
list3,81072000,810720,"83 FR 47974 (September 21, 2018), with later amendments"
list3,81073000,810730,"83 FR 47974 (September 21, 2018), with later amendments"
list3,81079000,810790,"83 FR 47974 (September 21, 2018), with later amendments"
list3,81082000,810820,"83 FR 47974 (September 21, 2018), with later amendments"
list3,81083000,810830,"83 FR 47974 (September 21, 2018), with later amendments"
list3,81089030,810890,"83 FR 47974 (September 21, 2018), with later amendments"
list3,81089060,810890,"83 FR 47974 (September 21, 2018), with later amendments"
list3,81093000,810930,"83 FR 47974 (September 21, 2018), with later amendments"
list3,81099000,810990,"83 FR 47974 (September 21, 2018), with later amendments"
list3,81121200,811212,"83 FR 47974 (September 21, 2018), with later amendments"
list3,81121300,811213,"83 FR 47974 (September 21, 2018), with later amendments"
list3,81121900,811219,"83 FR 47974 (September 21, 2018), with later amendments"
list3,81122900,811229,"83 FR 47974 (September 21, 2018), with later amendments"
list3,81125100,811251,"83 FR 47974 (September 21, 2018), with later amendments"
list3,81125200,811252,"83 FR 47974 (September 21, 2018), with later amendments"
list3,81125900,811259,"83 FR 47974 (September 21, 2018), with later amendments"
list3,81129206,811292,"83 FR 47974 (September 21, 2018), with later amendments"
list3,81129210,811292,"83 FR 47974 (September 21, 2018), with later amendments"
list3,81129220,811292,"83 FR 47974 (September 21, 2018), with later amendments"
list3,81129240,811292,"83 FR 47974 (September 21, 2018), with later amendments"
list3,81129250,811292,"83 FR 47974 (September 21, 2018), with later amendments"
list3,81129265,811292,"83 FR 47974 (September 21, 2018), with later amendments"
list3,81129270,811292,"83 FR 47974 (September 21, 2018), with later amendments"
list3,81129910,811299,"83 FR 47974 (September 21, 2018), with later amendments"
list3,81129920,811299,"83 FR 47974 (September 21, 2018), with later amendments"
list3,81129990,811299,"83 FR 47974 (September 21, 2018), with later amendments"
list3,81130000,811300,"83 FR 47974 (September 21, 2018), with later amendments"
list3,82011000,820110,"83 FR 47974 (September 21, 2018), with later amendments"
list3,82013000,820130,"83 FR 47974 (September 21, 2018), with later amendments"
list3,82014030,820140,"83 FR 47974 (September 21, 2018), with later amendments"
list3,82014060,820140,"83 FR 47974 (September 21, 2018), with later amendments"
list3,82015000,820150,"83 FR 47974 (September 21, 2018), with later amendments"
list3,82016000,820160,"83 FR 47974 (September 21, 2018), with later amendments"
list3,82019030,820190,"83 FR 47974 (September 21, 2018), with later amendments"
list3,82019040,820190,"83 FR 47974 (September 21, 2018), with later amendments"
list3,82019060,820190,"83 FR 47974 (September 21, 2018), with later amendments"
list3,82021000,820210,"83 FR 47974 (September 21, 2018), with later amendments"
list3,82022000,820220,"83 FR 47974 (September 21, 2018), with later amendments"
list3,82023100,820231,"83 FR 47974 (September 21, 2018), with later amendments"
list3,82023900,820239,"83 FR 47974 (September 21, 2018), with later amendments"
list3,82024030,820240,"83 FR 47974 (September 21, 2018), with later amendments"
list3,82024060,820240,"83 FR 47974 (September 21, 2018), with later amendments"
list3,82029130,820291,"83 FR 47974 (September 21, 2018), with later amendments"
list3,82029160,820291,"83 FR 47974 (September 21, 2018), with later amendments"
list3,82029900,820299,"83 FR 47974 (September 21, 2018), with later amendments"
list3,82031030,820310,"83 FR 47974 (September 21, 2018), with later amendments"
list3,82031060,820310,"83 FR 47974 (September 21, 2018), with later amendments"
list3,82031090,820310,"83 FR 47974 (September 21, 2018), with later amendments"
list3,82032020,820320,"83 FR 47974 (September 21, 2018), with later amendments"
list3,82032040,820320,"83 FR 47974 (September 21, 2018), with later amendments"
list3,82032060,820320,"83 FR 47974 (September 21, 2018), with later amendments"
list3,82032080,820320,"83 FR 47974 (September 21, 2018), with later amendments"
list3,82033000,820330,"83 FR 47974 (September 21, 2018), with later amendments"
list3,82034030,820340,"83 FR 47974 (September 21, 2018), with later amendments"
list3,82034060,820340,"83 FR 47974 (September 21, 2018), with later amendments"
list3,82041100,820411,"83 FR 47974 (September 21, 2018), with later amendments"
list3,82041200,820412,"83 FR 47974 (September 21, 2018), with later amendments"
list3,82042000,820420,"83 FR 47974 (September 21, 2018), with later amendments"
list3,82051000,820510,"83 FR 47974 (September 21, 2018), with later amendments"
list3,82052030,820520,"83 FR 47974 (September 21, 2018), with later amendments"
list3,82052060,820520,"83 FR 47974 (September 21, 2018), with later amendments"
list3,82053030,820530,"83 FR 47974 (September 21, 2018), with later amendments"
list3,82053060,820530,"83 FR 47974 (September 21, 2018), with later amendments"
list3,82054000,820540,"83 FR 47974 (September 21, 2018), with later amendments"
list3,82055115,820551,"83 FR 47974 (September 21, 2018), with later amendments"
list3,82055130,820551,"83 FR 47974 (September 21, 2018), with later amendments"
list3,82055145,820551,"83 FR 47974 (September 21, 2018), with later amendments"
list3,82055160,820551,"83 FR 47974 (September 21, 2018), with later amendments"
list3,82055175,820551,"83 FR 47974 (September 21, 2018), with later amendments"
list3,82055910,820559,"83 FR 47974 (September 21, 2018), with later amendments"
list3,82055920,820559,"83 FR 47974 (September 21, 2018), with later amendments"
list3,82055930,820559,"83 FR 47974 (September 21, 2018), with later amendments"
list3,82055945,820559,"83 FR 47974 (September 21, 2018), with later amendments"
list3,82055955,820559,"83 FR 47974 (September 21, 2018), with later amendments"
list3,82055960,820559,"83 FR 47974 (September 21, 2018), with later amendments"
list3,82055970,820559,"83 FR 47974 (September 21, 2018), with later amendments"
list3,82055980,820559,"83 FR 47974 (September 21, 2018), with later amendments"
list3,82056000,820560,"83 FR 47974 (September 21, 2018), with later amendments"
list3,82057000,820570,"83 FR 47974 (September 21, 2018), with later amendments"
list3,82059010,820590,"83 FR 47974 (September 21, 2018), with later amendments"
list3,82059060,820590,"83 FR 47974 (September 21, 2018), with later amendments"
list3,82060000,820600,"83 FR 47974 (September 21, 2018), with later amendments"
list3,82071300,820713,"83 FR 47974 (September 21, 2018), with later amendments"
list3,82071930,820719,"83 FR 47974 (September 21, 2018), with later amendments"
list3,82071960,820719,"83 FR 47974 (September 21, 2018), with later amendments"
list3,82072000,820720,"83 FR 47974 (September 21, 2018), with later amendments"
list3,82073030,820730,"83 FR 47974 (September 21, 2018), with later amendments"
list3,82073060,820730,"83 FR 47974 (September 21, 2018), with later amendments"
list3,82074030,820740,"83 FR 47974 (September 21, 2018), with later amendments"
list3,82074060,820740,"83 FR 47974 (September 21, 2018), with later amendments"
list3,82075020,820750,"83 FR 47974 (September 21, 2018), with later amendments"
list3,82075040,820750,"83 FR 47974 (September 21, 2018), with later amendments"
list3,82075060,820750,"83 FR 47974 (September 21, 2018), with later amendments"
list3,82075080,820750,"83 FR 47974 (September 21, 2018), with later amendments"
list3,82076000,820760,"83 FR 47974 (September 21, 2018), with later amendments"
list3,82077030,820770,"83 FR 47974 (September 21, 2018), with later amendments"
list3,82077060,820770,"83 FR 47974 (September 21, 2018), with later amendments"
list3,82078030,820780,"83 FR 47974 (September 21, 2018), with later amendments"
list3,82078060,820780,"83 FR 47974 (September 21, 2018), with later amendments"
list3,82079015,820790,"83 FR 47974 (September 21, 2018), with later amendments"
list3,82079030,820790,"83 FR 47974 (September 21, 2018), with later amendments"
list3,82079045,820790,"83 FR 47974 (September 21, 2018), with later amendments"
list3,82079060,820790,"83 FR 47974 (September 21, 2018), with later amendments"
list3,82079075,820790,"83 FR 47974 (September 21, 2018), with later amendments"
list3,82081000,820810,"83 FR 47974 (September 21, 2018), with later amendments"
list3,82082000,820820,"83 FR 47974 (September 21, 2018), with later amendments"
list3,82083000,820830,"83 FR 47974 (September 21, 2018), with later amendments"
list3,82084030,820840,"83 FR 47974 (September 21, 2018), with later amendments"
list3,82084060,820840,"83 FR 47974 (September 21, 2018), with later amendments"
list3,82089030,820890,"83 FR 47974 (September 21, 2018), with later amendments"
list3,82089060,820890,"83 FR 47974 (September 21, 2018), with later amendments"
list3,82090000,820900,"83 FR 47974 (September 21, 2018), with later amendments"
list3,82100000,821000,"83 FR 47974 (September 21, 2018), with later amendments"
list3,82119300,821193,"83 FR 47974 (September 21, 2018), with later amendments"
list3,82119410,821194,"83 FR 47974 (September 21, 2018), with later amendments"
list3,82119450,821194,"83 FR 47974 (September 21, 2018), with later amendments"
list3,82119510,821195,"83 FR 47974 (September 21, 2018), with later amendments"
list3,82119550,821195,"83 FR 47974 (September 21, 2018), with later amendments"
list3,82119590,821195,"83 FR 47974 (September 21, 2018), with later amendments"
list3,82152000,821520,"83 FR 47974 (September 21, 2018), with later amendments"
list3,82159905,821599,"83 FR 47974 (September 21, 2018), with later amendments"
list3,83012000,830120,"83 FR 47974 (September 21, 2018), with later amendments"
list3,83021060,830210,"83 FR 47974 (September 21, 2018), with later amendments"
list3,83021090,830210,"83 FR 47974 (September 21, 2018), with later amendments"
list3,83022000,830220,"83 FR 47974 (September 21, 2018), with later amendments"
list3,83023030,830230,"83 FR 47974 (September 21, 2018), with later amendments"
list3,83023060,830230,"83 FR 47974 (September 21, 2018), with later amendments"
list3,83024130,830241,"83 FR 47974 (September 21, 2018), with later amendments"
list3,83024160,830241,"83 FR 47974 (September 21, 2018), with later amendments"
list3,83024190,830241,"83 FR 47974 (September 21, 2018), with later amendments"
list3,83024920,830249,"83 FR 47974 (September 21, 2018), with later amendments"
list3,83024940,830249,"83 FR 47974 (September 21, 2018), with later amendments"
list3,83024960,830249,"83 FR 47974 (September 21, 2018), with later amendments"
list3,83024980,830249,"83 FR 47974 (September 21, 2018), with later amendments"
list3,83025000,830250,"83 FR 47974 (September 21, 2018), with later amendments"
list3,83026030,830260,"83 FR 47974 (September 21, 2018), with later amendments"
list3,83026090,830260,"83 FR 47974 (September 21, 2018), with later amendments"
list3,83030000,830300,"83 FR 47974 (September 21, 2018), with later amendments"
list3,83063000,830630,"83 FR 47974 (September 21, 2018), with later amendments"
list3,83071030,830710,"83 FR 47974 (September 21, 2018), with later amendments"
list3,83071060,830710,"83 FR 47974 (September 21, 2018), with later amendments"
list3,83079030,830790,"83 FR 47974 (September 21, 2018), with later amendments"
list3,83079060,830790,"83 FR 47974 (September 21, 2018), with later amendments"
list3,83081000,830810,"83 FR 47974 (September 21, 2018), with later amendments"
list3,83082030,830820,"83 FR 47974 (September 21, 2018), with later amendments"
list3,83082060,830820,"83 FR 47974 (September 21, 2018), with later amendments"
list3,83089030,830890,"83 FR 47974 (September 21, 2018), with later amendments"
list3,83089060,830890,"83 FR 47974 (September 21, 2018), with later amendments"
list3,83089090,830890,"83 FR 47974 (September 21, 2018), with later amendments"
list3,83091000,830910,"83 FR 47974 (September 21, 2018), with later amendments"
list3,83099000,830990,"83 FR 47974 (September 21, 2018), with later amendments"
list3,83100000,831000,"83 FR 47974 (September 21, 2018), with later amendments"
list3,83111000,831110,"83 FR 47974 (September 21, 2018), with later amendments"
list3,83112000,831120,"83 FR 47974 (September 21, 2018), with later amendments"
list3,83113030,831130,"83 FR 47974 (September 21, 2018), with later amendments"
list3,83113060,831130,"83 FR 47974 (September 21, 2018), with later amendments"
list3,83119000,831190,"83 FR 47974 (September 21, 2018), with later amendments"
list3,84041000,840410,"83 FR 47974 (September 21, 2018), with later amendments"
list3,84068110,840681,"83 FR 47974 (September 21, 2018), with later amendments"
list3,84069020,840690,"83 FR 47974 (September 21, 2018), with later amendments"
list3,84069030,840690,"83 FR 47974 (September 21, 2018), with later amendments"
list3,84069040,840690,"83 FR 47974 (September 21, 2018), with later amendments"
list3,84069045,840690,"83 FR 47974 (September 21, 2018), with later amendments"
list3,84069050,840690,"83 FR 47974 (September 21, 2018), with later amendments"
list3,84069060,840690,"83 FR 47974 (September 21, 2018), with later amendments"
list3,84069070,840690,"83 FR 47974 (September 21, 2018), with later amendments"
list3,84069075,840690,"83 FR 47974 (September 21, 2018), with later amendments"
list3,84073100,840731,"83 FR 47974 (September 21, 2018), with later amendments"
list3,84073210,840732,"83 FR 47974 (September 21, 2018), with later amendments"
list3,84073220,840732,"83 FR 47974 (September 21, 2018), with later amendments"
list3,84073290,840732,"83 FR 47974 (September 21, 2018), with later amendments"
list3,84073310,840733,"83 FR 47974 (September 21, 2018), with later amendments"
list3,84073330,840733,"83 FR 47974 (September 21, 2018), with later amendments"
list3,84073360,840733,"83 FR 47974 (September 21, 2018), with later amendments"
list3,84073390,840733,"83 FR 47974 (September 21, 2018), with later amendments"
list3,84073414,840734,"83 FR 47974 (September 21, 2018), with later amendments"
list3,84073418,840734,"83 FR 47974 (September 21, 2018), with later amendments"
list3,84073425,840734,"83 FR 47974 (September 21, 2018), with later amendments"
list3,84073444,840734,"83 FR 47974 (September 21, 2018), with later amendments"
list3,84073448,840734,"83 FR 47974 (September 21, 2018), with later amendments"
list3,84073455,840734,"83 FR 47974 (September 21, 2018), with later amendments"
list3,84082020,840820,"83 FR 47974 (September 21, 2018), with later amendments"
list3,84082090,840820,"83 FR 47974 (September 21, 2018), with later amendments"
list3,84099110,840991,"83 FR 47974 (September 21, 2018), with later amendments"
list3,84099130,840991,"83 FR 47974 (September 21, 2018), with later amendments"
list3,84099150,840991,"83 FR 47974 (September 21, 2018), with later amendments"
list3,84099192,840991,"83 FR 47974 (September 21, 2018), with later amendments"
list3,84099199,840991,"83 FR 47974 (September 21, 2018), with later amendments"
list3,84099910,840999,"83 FR 47974 (September 21, 2018), with later amendments"
list3,84099991,840999,"83 FR 47974 (September 21, 2018), with later amendments"
list3,84099992,840999,"83 FR 47974 (September 21, 2018), with later amendments"
list3,84099999,840999,"83 FR 47974 (September 21, 2018), with later amendments"
list3,84129090,841290,"83 FR 47974 (September 21, 2018), with later amendments"
list3,84131100,841311,"83 FR 47974 (September 21, 2018), with later amendments"
list3,84132000,841320,"83 FR 47974 (September 21, 2018), with later amendments"
list3,84133010,841330,"83 FR 47974 (September 21, 2018), with later amendments"
list3,84133090,841330,"83 FR 47974 (September 21, 2018), with later amendments"
list3,84139200,841392,"83 FR 47974 (September 21, 2018), with later amendments"
list3,84141000,841410,"83 FR 47974 (September 21, 2018), with later amendments"
list3,84142000,841420,"83 FR 47974 (September 21, 2018), with later amendments"
list3,84144000,841440,"83 FR 47974 (September 21, 2018), with later amendments"
list3,84145910,841459,"83 FR 47974 (September 21, 2018), with later amendments"
list3,84145915,841459,"83 FR 47974 (September 21, 2018), with later amendments"
list3,84145965,841459,"83 FR 47974 (September 21, 2018), with later amendments"
list3,84146000,841460,"83 FR 47974 (September 21, 2018), with later amendments"
list3,84148016,841480,"83 FR 47974 (September 21, 2018), with later amendments"
list3,84148090,841480,"83 FR 47974 (September 21, 2018), with later amendments"
list3,84149010,841490,"83 FR 47974 (September 21, 2018), with later amendments"
list3,84151030,841510,"83 FR 47974 (September 21, 2018), with later amendments"
list3,84151060,841510,"83 FR 47974 (September 21, 2018), with later amendments"
list3,84151090,841510,"83 FR 47974 (September 21, 2018), with later amendments"
list3,84152000,841520,"83 FR 47974 (September 21, 2018), with later amendments"
list3,84158101,841581,"83 FR 47974 (September 21, 2018), with later amendments"
list3,84158201,841582,"83 FR 47974 (September 21, 2018), with later amendments"
list3,84158300,841583,"83 FR 47974 (September 21, 2018), with later amendments"
list3,84163000,841630,"83 FR 47974 (September 21, 2018), with later amendments"
list3,84181000,841810,"83 FR 47974 (September 21, 2018), with later amendments"
list3,84182100,841821,"83 FR 47974 (September 21, 2018), with later amendments"
list3,84182910,841829,"83 FR 47974 (September 21, 2018), with later amendments"
list3,84182920,841829,"83 FR 47974 (September 21, 2018), with later amendments"
list3,84183000,841830,"83 FR 47974 (September 21, 2018), with later amendments"
list3,84184000,841840,"83 FR 47974 (September 21, 2018), with later amendments"
list3,84185000,841850,"83 FR 47974 (September 21, 2018), with later amendments"
list3,84186101,841861,"83 FR 47974 (September 21, 2018), with later amendments"
list3,84189100,841891,"83 FR 47974 (September 21, 2018), with later amendments"
list3,84189940,841899,"83 FR 47974 (September 21, 2018), with later amendments"
list3,84189980,841899,"83 FR 47974 (September 21, 2018), with later amendments"
list3,84211100,842111,"83 FR 47974 (September 21, 2018), with later amendments"
list3,84212300,842123,"83 FR 47974 (September 21, 2018), with later amendments"
list3,84213100,842131,"83 FR 47974 (September 21, 2018), with later amendments"
list3,84229004,842290,"83 FR 47974 (September 21, 2018), with later amendments"
list3,84238100,842381,"83 FR 47974 (September 21, 2018), with later amendments"
list3,84242010,842420,"83 FR 47974 (September 21, 2018), with later amendments"
list3,84242090,842420,"83 FR 47974 (September 21, 2018), with later amendments"
list3,84243010,842430,"83 FR 47974 (September 21, 2018), with later amendments"
list3,84243090,842430,"83 FR 47974 (September 21, 2018), with later amendments"
list3,84244110,842441,"83 FR 47974 (September 21, 2018), with later amendments"
list3,84244190,842441,"83 FR 47974 (September 21, 2018), with later amendments"
list3,84244900,842449,"83 FR 47974 (September 21, 2018), with later amendments"
list3,84249090,842490,"83 FR 47974 (September 21, 2018), with later amendments"
list3,84251900,842519,"83 FR 47974 (September 21, 2018), with later amendments"
list3,84253101,842531,"83 FR 47974 (September 21, 2018), with later amendments"
list3,84254100,842541,"83 FR 47974 (September 21, 2018), with later amendments"
list3,84254200,842542,"83 FR 47974 (September 21, 2018), with later amendments"
list3,84254900,842549,"83 FR 47974 (September 21, 2018), with later amendments"
list3,84263000,842630,"83 FR 47974 (September 21, 2018), with later amendments"
list3,84269100,842691,"83 FR 47974 (September 21, 2018), with later amendments"
list3,84279000,842790,"83 FR 47974 (September 21, 2018), with later amendments"
list3,84284000,842840,"83 FR 47974 (September 21, 2018), with later amendments"
list3,84304940,843049,"83 FR 47974 (September 21, 2018), with later amendments"
list3,84305010,843050,"83 FR 47974 (September 21, 2018), with later amendments"
list3,84324100,843241,"83 FR 47974 (September 21, 2018), with later amendments"
list3,84339010,843390,"83 FR 47974 (September 21, 2018), with later amendments"
list3,84411000,844110,"83 FR 47974 (September 21, 2018), with later amendments"
list3,84425010,844250,"83 FR 47974 (September 21, 2018), with later amendments"
list3,84431500,844315,"83 FR 47974 (September 21, 2018), with later amendments"
list3,84431600,844316,"83 FR 47974 (September 21, 2018), with later amendments"
list3,84433920,844339,"83 FR 47974 (September 21, 2018), with later amendments"
list3,84433930,844339,"83 FR 47974 (September 21, 2018), with later amendments"
list3,84433940,844339,"83 FR 47974 (September 21, 2018), with later amendments"
list3,84433950,844339,"83 FR 47974 (September 21, 2018), with later amendments"
list3,84439910,844399,"83 FR 47974 (September 21, 2018), with later amendments"
list3,84439930,844399,"83 FR 47974 (September 21, 2018), with later amendments"
list3,84439935,844399,"83 FR 47974 (September 21, 2018), with later amendments"
list3,84463050,844630,"83 FR 47974 (September 21, 2018), with later amendments"
list3,84485120,844851,"83 FR 47974 (September 21, 2018), with later amendments"
list3,84511000,845110,"83 FR 47974 (September 21, 2018), with later amendments"
list3,84512100,845121,"83 FR 47974 (September 21, 2018), with later amendments"
list3,84512900,845129,"83 FR 47974 (September 21, 2018), with later amendments"
list3,84513000,845130,"83 FR 47974 (September 21, 2018), with later amendments"
list3,84514000,845140,"83 FR 47974 (September 21, 2018), with later amendments"
list3,84515000,845150,"83 FR 47974 (September 21, 2018), with later amendments"
list3,84518000,845180,"83 FR 47974 (September 21, 2018), with later amendments"
list3,84519030,845190,"83 FR 47974 (September 21, 2018), with later amendments"
list3,84519060,845190,"83 FR 47974 (September 21, 2018), with later amendments"
list3,84519090,845190,"83 FR 47974 (September 21, 2018), with later amendments"
list3,84522990,845229,"83 FR 47974 (September 21, 2018), with later amendments"
list3,84542000,845420,"83 FR 47974 (September 21, 2018), with later amendments"
list3,84592900,845929,"83 FR 47974 (September 21, 2018), with later amendments"
list3,84595900,845959,"83 FR 47974 (September 21, 2018), with later amendments"
list3,84603900,846039,"83 FR 47974 (September 21, 2018), with later amendments"
list3,84615080,846150,"83 FR 47974 (September 21, 2018), with later amendments"
list3,84652010,846520,"83 FR 47974 (September 21, 2018), with later amendments"
list3,84652050,846520,"83 FR 47974 (September 21, 2018), with later amendments"
list3,84652080,846520,"83 FR 47974 (September 21, 2018), with later amendments"
list3,84659100,846591,"83 FR 47974 (September 21, 2018), with later amendments"
list3,84669110,846691,"83 FR 47974 (September 21, 2018), with later amendments"
list3,84669315,846693,"83 FR 47974 (September 21, 2018), with later amendments"
list3,84671950,846719,"83 FR 47974 (September 21, 2018), with later amendments"
list3,84679901,846799,"83 FR 47974 (September 21, 2018), with later amendments"
list3,84682010,846820,"83 FR 47974 (September 21, 2018), with later amendments"
list3,84688010,846880,"83 FR 47974 (September 21, 2018), with later amendments"
list3,84689010,846890,"83 FR 47974 (September 21, 2018), with later amendments"
list3,84689050,846890,"83 FR 47974 (September 21, 2018), with later amendments"
list3,84701000,847010,"83 FR 47974 (September 21, 2018), with later amendments"
list3,84702100,847021,"83 FR 47974 (September 21, 2018), with later amendments"
list3,84702900,847029,"83 FR 47974 (September 21, 2018), with later amendments"
list3,84703000,847030,"83 FR 47974 (September 21, 2018), with later amendments"
list3,84709001,847090,"83 FR 47974 (September 21, 2018), with later amendments"
list3,84715001,847150,"83 FR 47974 (September 21, 2018), with later amendments"
list3,84716010,847160,"83 FR 47974 (September 21, 2018), with later amendments"
list3,84716070,847160,"83 FR 47974 (September 21, 2018), with later amendments"
list3,84716090,847160,"83 FR 47974 (September 21, 2018), with later amendments"
list3,84717010,847170,"83 FR 47974 (September 21, 2018), with later amendments"
list3,84717020,847170,"83 FR 47974 (September 21, 2018), with later amendments"
list3,84717050,847170,"83 FR 47974 (September 21, 2018), with later amendments"
list3,84718010,847180,"83 FR 47974 (September 21, 2018), with later amendments"
list3,84718040,847180,"83 FR 47974 (September 21, 2018), with later amendments"
list3,84718090,847180,"83 FR 47974 (September 21, 2018), with later amendments"
list3,84719000,847190,"83 FR 47974 (September 21, 2018), with later amendments"
list3,84721000,847210,"83 FR 47974 (September 21, 2018), with later amendments"
list3,84723000,847230,"83 FR 47974 (September 21, 2018), with later amendments"
list3,84729005,847290,"83 FR 47974 (September 21, 2018), with later amendments"
list3,84729010,847290,"83 FR 47974 (September 21, 2018), with later amendments"
list3,84729060,847290,"83 FR 47974 (September 21, 2018), with later amendments"
list3,84729090,847290,"83 FR 47974 (September 21, 2018), with later amendments"
list3,84732100,847321,"83 FR 47974 (September 21, 2018), with later amendments"
list3,84732900,847329,"83 FR 47974 (September 21, 2018), with later amendments"
list3,84733011,847330,"83 FR 47974 (September 21, 2018), with later amendments"
list3,84733051,847330,"83 FR 47974 (September 21, 2018), with later amendments"
list3,84733091,847330,"83 FR 47974 (September 21, 2018), with later amendments"
list3,84734021,847340,"83 FR 47974 (September 21, 2018), with later amendments"
list3,84734041,847340,"83 FR 47974 (September 21, 2018), with later amendments"
list3,84762100,847621,"83 FR 47974 (September 21, 2018), with later amendments"
list3,84762900,847629,"83 FR 47974 (September 21, 2018), with later amendments"
list3,84768100,847681,"83 FR 47974 (September 21, 2018), with later amendments"
list3,84769000,847690,"83 FR 47974 (September 21, 2018), with later amendments"
list3,84775901,847759,"83 FR 47974 (September 21, 2018), with later amendments"
list3,84796000,847960,"83 FR 47974 (September 21, 2018), with later amendments"
list3,84797100,847971,"83 FR 47974 (September 21, 2018), with later amendments"
list3,84798910,847989,"83 FR 47974 (September 21, 2018), with later amendments"
list3,84798920,847989,"83 FR 47974 (September 21, 2018), with later amendments"
list3,84798970,847989,"83 FR 47974 (September 21, 2018), with later amendments"
list3,84798994,847989,"83 FR 47974 (September 21, 2018), with later amendments"
list3,84801000,848010,"83 FR 47974 (September 21, 2018), with later amendments"
list3,84807910,848079,"83 FR 47974 (September 21, 2018), with later amendments"
list3,84807990,848079,"83 FR 47974 (September 21, 2018), with later amendments"
list3,84813010,848130,"83 FR 47974 (September 21, 2018), with later amendments"
list3,84818010,848180,"83 FR 47974 (September 21, 2018), with later amendments"
list3,84818030,848180,"83 FR 47974 (September 21, 2018), with later amendments"
list3,84818050,848180,"83 FR 47974 (September 21, 2018), with later amendments"
list3,84818090,848180,"83 FR 47974 (September 21, 2018), with later amendments"
list3,84821010,848210,"83 FR 47974 (September 21, 2018), with later amendments"
list3,84831010,848310,"83 FR 47974 (September 21, 2018), with later amendments"
list3,84831030,848310,"83 FR 47974 (September 21, 2018), with later amendments"
list3,84831050,848310,"83 FR 47974 (September 21, 2018), with later amendments"
list3,84832040,848320,"83 FR 47974 (September 21, 2018), with later amendments"
list3,84832080,848320,"83 FR 47974 (September 21, 2018), with later amendments"
list3,84834050,848340,"83 FR 47974 (September 21, 2018), with later amendments"
list3,84834070,848340,"83 FR 47974 (September 21, 2018), with later amendments"
list3,84835040,848350,"83 FR 47974 (September 21, 2018), with later amendments"
list3,84836080,848360,"83 FR 47974 (September 21, 2018), with later amendments"
list3,84839050,848390,"83 FR 47974 (September 21, 2018), with later amendments"
list3,85014020,850140,"83 FR 47974 (September 21, 2018), with later amendments"
list3,85014040,850140,"83 FR 47974 (September 21, 2018), with later amendments"
list3,85014050,850140,"83 FR 47974 (September 21, 2018), with later amendments"
list3,85014060,850140,"83 FR 47974 (September 21, 2018), with later amendments"
list3,85016100,850161,"83 FR 47974 (September 21, 2018), with later amendments"
list3,85022000,850220,"83 FR 47974 (September 21, 2018), with later amendments"
list3,85043120,850431,"83 FR 47974 (September 21, 2018), with later amendments"
list3,85043140,850431,"83 FR 47974 (September 21, 2018), with later amendments"
list3,85043160,850431,"83 FR 47974 (September 21, 2018), with later amendments"
list3,85044060,850440,"83 FR 47974 (September 21, 2018), with later amendments"
list3,85044070,850440,"83 FR 47974 (September 21, 2018), with later amendments"
list3,85044085,850440,"83 FR 47974 (September 21, 2018), with later amendments"
list3,85044095,850440,"83 FR 47974 (September 21, 2018), with later amendments"
list3,85045040,850450,"83 FR 47974 (September 21, 2018), with later amendments"
list3,85045080,850450,"83 FR 47974 (September 21, 2018), with later amendments"
list3,85049020,850490,"83 FR 47974 (September 21, 2018), with later amendments"
list3,85051920,850519,"83 FR 47974 (September 21, 2018), with later amendments"
list3,85051930,850519,"83 FR 47974 (September 21, 2018), with later amendments"
list3,85061000,850610,"83 FR 47974 (September 21, 2018), with later amendments"
list3,85063010,850630,"83 FR 47974 (September 21, 2018), with later amendments"
list3,85063050,850630,"83 FR 47974 (September 21, 2018), with later amendments"
list3,85068000,850680,"83 FR 47974 (September 21, 2018), with later amendments"
list3,85071000,850710,"83 FR 47974 (September 21, 2018), with later amendments"
list3,85072040,850720,"83 FR 47974 (September 21, 2018), with later amendments"
list3,85072080,850720,"83 FR 47974 (September 21, 2018), with later amendments"
list3,85073040,850730,"83 FR 47974 (September 21, 2018), with later amendments"
list3,85074040,850740,"83 FR 47974 (September 21, 2018), with later amendments"
list3,85074080,850740,"83 FR 47974 (September 21, 2018), with later amendments"
list3,85075000,850750,"83 FR 47974 (September 21, 2018), with later amendments"
list3,85081100,850811,"83 FR 47974 (September 21, 2018), with later amendments"
list3,85081900,850819,"83 FR 47974 (September 21, 2018), with later amendments"
list3,85086000,850860,"83 FR 47974 (September 21, 2018), with later amendments"
list3,85087000,850870,"83 FR 47974 (September 21, 2018), with later amendments"
list3,85098020,850980,"83 FR 47974 (September 21, 2018), with later amendments"
list3,85099025,850990,"83 FR 47974 (September 21, 2018), with later amendments"
list3,85099035,850990,"83 FR 47974 (September 21, 2018), with later amendments"
list3,85099045,850990,"83 FR 47974 (September 21, 2018), with later amendments"
list3,85099055,850990,"83 FR 47974 (September 21, 2018), with later amendments"
list3,85102010,851020,"83 FR 47974 (September 21, 2018), with later amendments"
list3,85102090,851020,"83 FR 47974 (September 21, 2018), with later amendments"
list3,85109010,851090,"83 FR 47974 (September 21, 2018), with later amendments"
list3,85109020,851090,"83 FR 47974 (September 21, 2018), with later amendments"
list3,85109030,851090,"83 FR 47974 (September 21, 2018), with later amendments"
list3,85109040,851090,"83 FR 47974 (September 21, 2018), with later amendments"
list3,85109055,851090,"83 FR 47974 (September 21, 2018), with later amendments"
list3,85111000,851110,"83 FR 47974 (September 21, 2018), with later amendments"
list3,85112000,851120,"83 FR 47974 (September 21, 2018), with later amendments"
list3,85113000,851130,"83 FR 47974 (September 21, 2018), with later amendments"
list3,85114000,851140,"83 FR 47974 (September 21, 2018), with later amendments"
list3,85115000,851150,"83 FR 47974 (September 21, 2018), with later amendments"
list3,85118060,851180,"83 FR 47974 (September 21, 2018), with later amendments"
list3,85119060,851190,"83 FR 47974 (September 21, 2018), with later amendments"
list3,85122020,851220,"83 FR 47974 (September 21, 2018), with later amendments"
list3,85122040,851220,"83 FR 47974 (September 21, 2018), with later amendments"
list3,85123000,851230,"83 FR 47974 (September 21, 2018), with later amendments"
list3,85124020,851240,"83 FR 47974 (September 21, 2018), with later amendments"
list3,85124040,851240,"83 FR 47974 (September 21, 2018), with later amendments"
list3,85129020,851290,"83 FR 47974 (September 21, 2018), with later amendments"
list3,85129040,851290,"83 FR 47974 (September 21, 2018), with later amendments"
list3,85129060,851290,"83 FR 47974 (September 21, 2018), with later amendments"
list3,85129070,851290,"83 FR 47974 (September 21, 2018), with later amendments"
list3,85129090,851290,"83 FR 47974 (September 21, 2018), with later amendments"
list3,85139020,851390,"83 FR 47974 (September 21, 2018), with later amendments"
list3,85139040,851390,"83 FR 47974 (September 21, 2018), with later amendments"
list3,85142040,851420,"83 FR 47974 (September 21, 2018), with later amendments"
list3,85149040,851490,"83 FR 47974 (September 21, 2018), with later amendments"
list3,85162100,851621,"83 FR 47974 (September 21, 2018), with later amendments"
list3,85162900,851629,"83 FR 47974 (September 21, 2018), with later amendments"
list3,85166040,851660,"83 FR 47974 (September 21, 2018), with later amendments"
list3,85168040,851680,"83 FR 47974 (September 21, 2018), with later amendments"
list3,85168080,851680,"83 FR 47974 (September 21, 2018), with later amendments"
list3,85169005,851690,"83 FR 47974 (September 21, 2018), with later amendments"
list3,85169015,851690,"83 FR 47974 (September 21, 2018), with later amendments"
list3,85169025,851690,"83 FR 47974 (September 21, 2018), with later amendments"
list3,85169035,851690,"83 FR 47974 (September 21, 2018), with later amendments"
list3,85169045,851690,"83 FR 47974 (September 21, 2018), with later amendments"
list3,85169050,851690,"83 FR 47974 (September 21, 2018), with later amendments"
list3,85169055,851690,"83 FR 47974 (September 21, 2018), with later amendments"
list3,85169065,851690,"83 FR 47974 (September 21, 2018), with later amendments"
list3,85169075,851690,"83 FR 47974 (September 21, 2018), with later amendments"
list3,85169080,851690,"83 FR 47974 (September 21, 2018), with later amendments"
list3,85169085,851690,"83 FR 47974 (September 21, 2018), with later amendments"
list3,85169090,851690,"83 FR 47974 (September 21, 2018), with later amendments"
list3,85176200,851762,"83 FR 47974 (September 21, 2018), with later amendments"
list3,85176900,851769,"83 FR 47974 (September 21, 2018), with later amendments"
list3,85181040,851810,"83 FR 47974 (September 21, 2018), with later amendments"
list3,85184010,851840,"83 FR 47974 (September 21, 2018), with later amendments"
list3,85184020,851840,"83 FR 47974 (September 21, 2018), with later amendments"
list3,85185000,851850,"83 FR 47974 (September 21, 2018), with later amendments"
list3,85189020,851890,"83 FR 47974 (September 21, 2018), with later amendments"
list3,85189041,851890,"83 FR 47974 (September 21, 2018), with later amendments"
list3,85189060,851890,"83 FR 47974 (September 21, 2018), with later amendments"
list3,85189081,851890,"83 FR 47974 (September 21, 2018), with later amendments"
list3,85198130,851981,"83 FR 47974 (September 21, 2018), with later amendments"
list3,85221000,852210,"83 FR 47974 (September 21, 2018), with later amendments"
list3,85229025,852290,"83 FR 47974 (September 21, 2018), with later amendments"
list3,85229036,852290,"83 FR 47974 (September 21, 2018), with later amendments"
list3,85229045,852290,"83 FR 47974 (September 21, 2018), with later amendments"
list3,85229058,852290,"83 FR 47974 (September 21, 2018), with later amendments"
list3,85229065,852290,"83 FR 47974 (September 21, 2018), with later amendments"
list3,85229080,852290,"83 FR 47974 (September 21, 2018), with later amendments"
list3,85232100,852321,"83 FR 47974 (September 21, 2018), with later amendments"
list3,85234940,852349,"83 FR 47974 (September 21, 2018), with later amendments"
list3,85235200,852352,"83 FR 47974 (September 21, 2018), with later amendments"
list3,85235900,852359,"83 FR 47974 (September 21, 2018), with later amendments"
list3,85255030,852550,"83 FR 47974 (September 21, 2018), with later amendments"
list3,85258030,852580,"83 FR 47974 (September 21, 2018), with later amendments"
list3,85258050,852580,"83 FR 47974 (September 21, 2018), with later amendments"
list3,85272115,852721,"83 FR 47974 (September 21, 2018), with later amendments"
list3,85272125,852721,"83 FR 47974 (September 21, 2018), with later amendments"
list3,85272140,852721,"83 FR 47974 (September 21, 2018), with later amendments"
list3,85272940,852729,"83 FR 47974 (September 21, 2018), with later amendments"
list3,85272980,852729,"83 FR 47974 (September 21, 2018), with later amendments"
list3,85284200,852842,"83 FR 47974 (September 21, 2018), with later amendments"
list3,85284915,852849,"83 FR 47974 (September 21, 2018), with later amendments"
list3,85284920,852849,"83 FR 47974 (September 21, 2018), with later amendments"
list3,85284935,852849,"83 FR 47974 (September 21, 2018), with later amendments"
list3,85284945,852849,"83 FR 47974 (September 21, 2018), with later amendments"
list3,85284960,852849,"83 FR 47974 (September 21, 2018), with later amendments"
list3,85284980,852849,"83 FR 47974 (September 21, 2018), with later amendments"
list3,85285905,852859,"83 FR 47974 (September 21, 2018), with later amendments"
list3,85285910,852859,"83 FR 47974 (September 21, 2018), with later amendments"
list3,85286905,852869,"83 FR 47974 (September 21, 2018), with later amendments"
list3,85286910,852869,"83 FR 47974 (September 21, 2018), with later amendments"
list3,85286920,852869,"83 FR 47974 (September 21, 2018), with later amendments"
list3,85286930,852869,"83 FR 47974 (September 21, 2018), with later amendments"
list3,85287204,852872,"83 FR 47974 (September 21, 2018), with later amendments"
list3,85287212,852872,"83 FR 47974 (September 21, 2018), with later amendments"
list3,85287220,852872,"83 FR 47974 (September 21, 2018), with later amendments"
list3,85287224,852872,"83 FR 47974 (September 21, 2018), with later amendments"
list3,85287228,852872,"83 FR 47974 (September 21, 2018), with later amendments"
list3,85287236,852872,"83 FR 47974 (September 21, 2018), with later amendments"
list3,85287240,852872,"83 FR 47974 (September 21, 2018), with later amendments"
list3,85287244,852872,"83 FR 47974 (September 21, 2018), with later amendments"
list3,85287300,852873,"83 FR 47974 (September 21, 2018), with later amendments"
list3,85291021,852910,"83 FR 47974 (September 21, 2018), with later amendments"
list3,85299004,852990,"83 FR 47974 (September 21, 2018), with later amendments"
list3,85299036,852990,"83 FR 47974 (September 21, 2018), with later amendments"
list3,85299039,852990,"83 FR 47974 (September 21, 2018), with later amendments"
list3,85299043,852990,"83 FR 47974 (September 21, 2018), with later amendments"
list3,85299049,852990,"83 FR 47974 (September 21, 2018), with later amendments"
list3,85299054,852990,"83 FR 47974 (September 21, 2018), with later amendments"
list3,85299075,852990,"83 FR 47974 (September 21, 2018), with later amendments"
list3,85299086,852990,"83 FR 47974 (September 21, 2018), with later amendments"
list3,85299088,852990,"83 FR 47974 (September 21, 2018), with later amendments"
list3,85311000,853110,"83 FR 47974 (September 21, 2018), with later amendments"
list3,85312000,853120,"83 FR 47974 (September 21, 2018), with later amendments"
list3,85319015,853190,"83 FR 47974 (September 21, 2018), with later amendments"
list3,85319030,853190,"83 FR 47974 (September 21, 2018), with later amendments"
list3,85319075,853190,"83 FR 47974 (September 21, 2018), with later amendments"
list3,85319090,853190,"83 FR 47974 (September 21, 2018), with later amendments"
list3,85333900,853339,"83 FR 47974 (September 21, 2018), with later amendments"
list3,85340000,853400,"83 FR 47974 (September 21, 2018), with later amendments"
list3,85354000,853540,"83 FR 47974 (September 21, 2018), with later amendments"
list3,85366100,853661,"83 FR 47974 (September 21, 2018), with later amendments"
list3,85366980,853669,"83 FR 47974 (September 21, 2018), with later amendments"
list3,85371091,853710,"83 FR 47974 (September 21, 2018), with later amendments"
list3,85389010,853890,"83 FR 47974 (September 21, 2018), with later amendments"
list3,85389030,853890,"83 FR 47974 (September 21, 2018), with later amendments"
list3,85391000,853910,"83 FR 47974 (September 21, 2018), with later amendments"
list3,85392120,853921,"83 FR 47974 (September 21, 2018), with later amendments"
list3,85392140,853921,"83 FR 47974 (September 21, 2018), with later amendments"
list3,85393100,853931,"83 FR 47974 (September 21, 2018), with later amendments"
list3,85393200,853932,"83 FR 47974 (September 21, 2018), with later amendments"
list3,85393910,853939,"83 FR 47974 (September 21, 2018), with later amendments"
list3,85393990,853939,"83 FR 47974 (September 21, 2018), with later amendments"
list3,85394900,853949,"83 FR 47974 (September 21, 2018), with later amendments"
list3,85401110,854011,"83 FR 47974 (September 21, 2018), with later amendments"
list3,85401124,854011,"83 FR 47974 (September 21, 2018), with later amendments"
list3,85401128,854011,"83 FR 47974 (September 21, 2018), with later amendments"
list3,85401130,854011,"83 FR 47974 (September 21, 2018), with later amendments"
list3,85401144,854011,"83 FR 47974 (September 21, 2018), with later amendments"
list3,85401148,854011,"83 FR 47974 (September 21, 2018), with later amendments"
list3,85401150,854011,"83 FR 47974 (September 21, 2018), with later amendments"
list3,85401210,854012,"83 FR 47974 (September 21, 2018), with later amendments"
list3,85401220,854012,"83 FR 47974 (September 21, 2018), with later amendments"
list3,85401250,854012,"83 FR 47974 (September 21, 2018), with later amendments"
list3,85401270,854012,"83 FR 47974 (September 21, 2018), with later amendments"
list3,85402020,854020,"83 FR 47974 (September 21, 2018), with later amendments"
list3,85402040,854020,"83 FR 47974 (September 21, 2018), with later amendments"
list3,85404010,854040,"83 FR 47974 (September 21, 2018), with later amendments"
list3,85406000,854060,"83 FR 47974 (September 21, 2018), with later amendments"
list3,85407120,854071,"83 FR 47974 (September 21, 2018), with later amendments"
list3,85407140,854071,"83 FR 47974 (September 21, 2018), with later amendments"
list3,85408100,854081,"83 FR 47974 (September 21, 2018), with later amendments"
list3,85409115,854091,"83 FR 47974 (September 21, 2018), with later amendments"
list3,85409120,854091,"83 FR 47974 (September 21, 2018), with later amendments"
list3,85409150,854091,"83 FR 47974 (September 21, 2018), with later amendments"
list3,85409940,854099,"83 FR 47974 (September 21, 2018), with later amendments"
list3,85409980,854099,"83 FR 47974 (September 21, 2018), with later amendments"
list3,85437071,854370,"83 FR 47974 (September 21, 2018), with later amendments"
list3,85437085,854370,"83 FR 47974 (September 21, 2018), with later amendments"
list3,85437091,854370,"83 FR 47974 (September 21, 2018), with later amendments"
list3,85439085,854390,"83 FR 47974 (September 21, 2018), with later amendments"
list3,85439088,854390,"83 FR 47974 (September 21, 2018), with later amendments"
list3,85442000,854420,"83 FR 47974 (September 21, 2018), with later amendments"
list3,85444210,854442,"83 FR 47974 (September 21, 2018), with later amendments"
list3,85444220,854442,"83 FR 47974 (September 21, 2018), with later amendments"
list3,85444290,854442,"83 FR 47974 (September 21, 2018), with later amendments"
list3,85451100,854511,"83 FR 47974 (September 21, 2018), with later amendments"
list3,85451920,854519,"83 FR 47974 (September 21, 2018), with later amendments"
list3,85451940,854519,"83 FR 47974 (September 21, 2018), with later amendments"
list3,85452000,854520,"83 FR 47974 (September 21, 2018), with later amendments"
list3,85459020,854590,"83 FR 47974 (September 21, 2018), with later amendments"
list3,85459040,854590,"83 FR 47974 (September 21, 2018), with later amendments"
list3,85461000,854610,"83 FR 47974 (September 21, 2018), with later amendments"
list3,85462000,854620,"83 FR 47974 (September 21, 2018), with later amendments"
list3,85469000,854690,"83 FR 47974 (September 21, 2018), with later amendments"
list3,85471040,854710,"83 FR 47974 (September 21, 2018), with later amendments"
list3,85471080,854710,"83 FR 47974 (September 21, 2018), with later amendments"
list3,85472000,854720,"83 FR 47974 (September 21, 2018), with later amendments"
list3,85479000,854790,"83 FR 47974 (September 21, 2018), with later amendments"
list3,85489001,854890,"83 FR 47974 (September 21, 2018), with later amendments"
list3,86029000,860290,"83 FR 47974 (September 21, 2018), with later amendments"
list3,87060003,870600,"83 FR 47974 (September 21, 2018), with later amendments"
list3,87060005,870600,"83 FR 47974 (September 21, 2018), with later amendments"
list3,87060015,870600,"83 FR 47974 (September 21, 2018), with later amendments"
list3,87060050,870600,"83 FR 47974 (September 21, 2018), with later amendments"
list3,87071000,870710,"83 FR 47974 (September 21, 2018), with later amendments"
list3,87079010,870790,"83 FR 47974 (September 21, 2018), with later amendments"
list3,87079050,870790,"83 FR 47974 (September 21, 2018), with later amendments"
list3,87081030,870810,"83 FR 47974 (September 21, 2018), with later amendments"
list3,87081060,870810,"83 FR 47974 (September 21, 2018), with later amendments"
list3,87082100,870821,"83 FR 47974 (September 21, 2018), with later amendments"
list3,87082915,870829,"83 FR 47974 (September 21, 2018), with later amendments"
list3,87082921,870829,"83 FR 47974 (September 21, 2018), with later amendments"
list3,87082925,870829,"83 FR 47974 (September 21, 2018), with later amendments"
list3,87082950,870829,"83 FR 47974 (September 21, 2018), with later amendments"
list3,87083010,870830,"83 FR 47974 (September 21, 2018), with later amendments"
list3,87083050,870830,"83 FR 47974 (September 21, 2018), with later amendments"
list3,87084011,870840,"83 FR 47974 (September 21, 2018), with later amendments"
list3,87084030,870840,"83 FR 47974 (September 21, 2018), with later amendments"
list3,87084050,870840,"83 FR 47974 (September 21, 2018), with later amendments"
list3,87084060,870840,"83 FR 47974 (September 21, 2018), with later amendments"
list3,87084065,870840,"83 FR 47974 (September 21, 2018), with later amendments"
list3,87084070,870840,"83 FR 47974 (September 21, 2018), with later amendments"
list3,87084075,870840,"83 FR 47974 (September 21, 2018), with later amendments"
list3,87085011,870850,"83 FR 47974 (September 21, 2018), with later amendments"
list3,87085031,870850,"83 FR 47974 (September 21, 2018), with later amendments"
list3,87085051,870850,"83 FR 47974 (September 21, 2018), with later amendments"
list3,87085061,870850,"83 FR 47974 (September 21, 2018), with later amendments"
list3,87085065,870850,"83 FR 47974 (September 21, 2018), with later amendments"
list3,87085070,870850,"83 FR 47974 (September 21, 2018), with later amendments"
list3,87085075,870850,"83 FR 47974 (September 21, 2018), with later amendments"
list3,87085079,870850,"83 FR 47974 (September 21, 2018), with later amendments"
list3,87085081,870850,"83 FR 47974 (September 21, 2018), with later amendments"
list3,87085085,870850,"83 FR 47974 (September 21, 2018), with later amendments"
list3,87085089,870850,"83 FR 47974 (September 21, 2018), with later amendments"
list3,87085091,870850,"83 FR 47974 (September 21, 2018), with later amendments"
list3,87085093,870850,"83 FR 47974 (September 21, 2018), with later amendments"
list3,87085095,870850,"83 FR 47974 (September 21, 2018), with later amendments"
list3,87085099,870850,"83 FR 47974 (September 21, 2018), with later amendments"
list3,87087005,870870,"83 FR 47974 (September 21, 2018), with later amendments"
list3,87087015,870870,"83 FR 47974 (September 21, 2018), with later amendments"
list3,87087025,870870,"83 FR 47974 (September 21, 2018), with later amendments"
list3,87087035,870870,"83 FR 47974 (September 21, 2018), with later amendments"
list3,87087045,870870,"83 FR 47974 (September 21, 2018), with later amendments"
list3,87087060,870870,"83 FR 47974 (September 21, 2018), with later amendments"
list3,87088003,870880,"83 FR 47974 (September 21, 2018), with later amendments"
list3,87088005,870880,"83 FR 47974 (September 21, 2018), with later amendments"
list3,87088013,870880,"83 FR 47974 (September 21, 2018), with later amendments"
list3,87088016,870880,"83 FR 47974 (September 21, 2018), with later amendments"
list3,87088051,870880,"83 FR 47974 (September 21, 2018), with later amendments"
list3,87088055,870880,"83 FR 47974 (September 21, 2018), with later amendments"
list3,87088060,870880,"83 FR 47974 (September 21, 2018), with later amendments"
list3,87088065,870880,"83 FR 47974 (September 21, 2018), with later amendments"
list3,87089110,870891,"83 FR 47974 (September 21, 2018), with later amendments"
list3,87089150,870891,"83 FR 47974 (September 21, 2018), with later amendments"
list3,87089160,870891,"83 FR 47974 (September 21, 2018), with later amendments"
list3,87089165,870891,"83 FR 47974 (September 21, 2018), with later amendments"
list3,87089170,870891,"83 FR 47974 (September 21, 2018), with later amendments"
list3,87089175,870891,"83 FR 47974 (September 21, 2018), with later amendments"
list3,87089210,870892,"83 FR 47974 (September 21, 2018), with later amendments"
list3,87089250,870892,"83 FR 47974 (September 21, 2018), with later amendments"
list3,87089260,870892,"83 FR 47974 (September 21, 2018), with later amendments"
list3,87089265,870892,"83 FR 47974 (September 21, 2018), with later amendments"
list3,87089270,870892,"83 FR 47974 (September 21, 2018), with later amendments"
list3,87089275,870892,"83 FR 47974 (September 21, 2018), with later amendments"
list3,87089315,870893,"83 FR 47974 (September 21, 2018), with later amendments"
list3,87089330,870893,"83 FR 47974 (September 21, 2018), with later amendments"
list3,87089360,870893,"83 FR 47974 (September 21, 2018), with later amendments"
list3,87089375,870893,"83 FR 47974 (September 21, 2018), with later amendments"
list3,87089410,870894,"83 FR 47974 (September 21, 2018), with later amendments"
list3,87089450,870894,"83 FR 47974 (September 21, 2018), with later amendments"
list3,87089460,870894,"83 FR 47974 (September 21, 2018), with later amendments"
list3,87089465,870894,"83 FR 47974 (September 21, 2018), with later amendments"
list3,87089470,870894,"83 FR 47974 (September 21, 2018), with later amendments"
list3,87089475,870894,"83 FR 47974 (September 21, 2018), with later amendments"
list3,87089505,870895,"83 FR 47974 (September 21, 2018), with later amendments"
list3,87089510,870895,"83 FR 47974 (September 21, 2018), with later amendments"
list3,87089515,870895,"83 FR 47974 (September 21, 2018), with later amendments"
list3,87089520,870895,"83 FR 47974 (September 21, 2018), with later amendments"
list3,87089903,870899,"83 FR 47974 (September 21, 2018), with later amendments"
list3,87089906,870899,"83 FR 47974 (September 21, 2018), with later amendments"
list3,87089916,870899,"83 FR 47974 (September 21, 2018), with later amendments"
list3,87089923,870899,"83 FR 47974 (September 21, 2018), with later amendments"
list3,87089927,870899,"83 FR 47974 (September 21, 2018), with later amendments"
list3,87089931,870899,"83 FR 47974 (September 21, 2018), with later amendments"
list3,87089941,870899,"83 FR 47974 (September 21, 2018), with later amendments"
list3,87089948,870899,"83 FR 47974 (September 21, 2018), with later amendments"
list3,87089953,870899,"83 FR 47974 (September 21, 2018), with later amendments"
list3,87089955,870899,"83 FR 47974 (September 21, 2018), with later amendments"
list3,87089958,870899,"83 FR 47974 (September 21, 2018), with later amendments"
list3,87089968,870899,"83 FR 47974 (September 21, 2018), with later amendments"
list3,87089981,870899,"83 FR 47974 (September 21, 2018), with later amendments"
list3,87120015,871200,"83 FR 47974 (September 21, 2018), with later amendments"
list3,87120025,871200,"83 FR 47974 (September 21, 2018), with later amendments"
list3,87120035,871200,"83 FR 47974 (September 21, 2018), with later amendments"
list3,87120044,871200,"83 FR 47974 (September 21, 2018), with later amendments"
list3,87120048,871200,"83 FR 47974 (September 21, 2018), with later amendments"
list3,87120050,871200,"83 FR 47974 (September 21, 2018), with later amendments"
list3,87149120,871491,"83 FR 47974 (September 21, 2018), with later amendments"
list3,87149130,871491,"83 FR 47974 (September 21, 2018), with later amendments"
list3,87149150,871491,"83 FR 47974 (September 21, 2018), with later amendments"
list3,87149190,871491,"83 FR 47974 (September 21, 2018), with later amendments"
list3,87149210,871492,"83 FR 47974 (September 21, 2018), with later amendments"
list3,87149250,871492,"83 FR 47974 (September 21, 2018), with later amendments"
list3,87149305,871493,"83 FR 47974 (September 21, 2018), with later amendments"
list3,87149315,871493,"83 FR 47974 (September 21, 2018), with later amendments"
list3,87149324,871493,"83 FR 47974 (September 21, 2018), with later amendments"
list3,87149328,871493,"83 FR 47974 (September 21, 2018), with later amendments"
list3,87149335,871493,"83 FR 47974 (September 21, 2018), with later amendments"
list3,87149370,871493,"83 FR 47974 (September 21, 2018), with later amendments"
list3,87149430,871494,"83 FR 47974 (September 21, 2018), with later amendments"
list3,87149490,871494,"83 FR 47974 (September 21, 2018), with later amendments"
list3,87149500,871495,"83 FR 47974 (September 21, 2018), with later amendments"
list3,87149610,871496,"83 FR 47974 (September 21, 2018), with later amendments"
list3,87149650,871496,"83 FR 47974 (September 21, 2018), with later amendments"
list3,87149690,871496,"83 FR 47974 (September 21, 2018), with later amendments"
list3,87161000,871610,"83 FR 47974 (September 21, 2018), with later amendments"
list3,87162000,871620,"83 FR 47974 (September 21, 2018), with later amendments"
list3,87163100,871631,"83 FR 47974 (September 21, 2018), with later amendments"
list3,87163900,871639,"83 FR 47974 (September 21, 2018), with later amendments"
list3,87164000,871640,"83 FR 47974 (September 21, 2018), with later amendments"
list3,87168010,871680,"83 FR 47974 (September 21, 2018), with later amendments"
list3,87168050,871680,"83 FR 47974 (September 21, 2018), with later amendments"
list3,87169010,871690,"83 FR 47974 (September 21, 2018), with later amendments"
list3,87169030,871690,"83 FR 47974 (September 21, 2018), with later amendments"
list3,87169050,871690,"83 FR 47974 (September 21, 2018), with later amendments"
list3,88040000,880400,"83 FR 47974 (September 21, 2018), with later amendments"
list3,89031000,890310,"83 FR 47974 (September 21, 2018), with later amendments"
list3,89039100,890391,"83 FR 47974 (September 21, 2018), with later amendments"
list3,89039200,890392,"83 FR 47974 (September 21, 2018), with later amendments"
list3,89039905,890399,"83 FR 47974 (September 21, 2018), with later amendments"
list3,89039915,890399,"83 FR 47974 (September 21, 2018), with later amendments"
list3,89039920,890399,"83 FR 47974 (September 21, 2018), with later amendments"
list3,89039990,890399,"83 FR 47974 (September 21, 2018), with later amendments"
list3,89071000,890710,"83 FR 47974 (September 21, 2018), with later amendments"
list3,90019040,900190,"83 FR 47974 (September 21, 2018), with later amendments"
list3,90019050,900190,"83 FR 47974 (September 21, 2018), with later amendments"
list3,90019060,900190,"83 FR 47974 (September 21, 2018), with later amendments"
list3,90019080,900190,"83 FR 47974 (September 21, 2018), with later amendments"
list3,90019090,900190,"83 FR 47974 (September 21, 2018), with later amendments"
list3,90021140,900211,"83 FR 47974 (September 21, 2018), with later amendments"
list3,90021160,900211,"83 FR 47974 (September 21, 2018), with later amendments"
list3,90021190,900211,"83 FR 47974 (September 21, 2018), with later amendments"
list3,90021900,900219,"83 FR 47974 (September 21, 2018), with later amendments"
list3,90022040,900220,"83 FR 47974 (September 21, 2018), with later amendments"
list3,90022080,900220,"83 FR 47974 (September 21, 2018), with later amendments"
list3,90029085,900290,"83 FR 47974 (September 21, 2018), with later amendments"
list3,90063000,900630,"83 FR 47974 (September 21, 2018), with later amendments"
list3,90071000,900710,"83 FR 47974 (September 21, 2018), with later amendments"
list3,90072020,900720,"83 FR 47974 (September 21, 2018), with later amendments"
list3,90072040,900720,"83 FR 47974 (September 21, 2018), with later amendments"
list3,90072060,900720,"83 FR 47974 (September 21, 2018), with later amendments"
list3,90072080,900720,"83 FR 47974 (September 21, 2018), with later amendments"
list3,90079200,900792,"83 FR 47974 (September 21, 2018), with later amendments"
list3,90085050,900850,"83 FR 47974 (September 21, 2018), with later amendments"
list3,90089040,900890,"83 FR 47974 (September 21, 2018), with later amendments"
list3,90089080,900890,"83 FR 47974 (September 21, 2018), with later amendments"
list3,90101000,901010,"83 FR 47974 (September 21, 2018), with later amendments"
list3,90105010,901050,"83 FR 47974 (September 21, 2018), with later amendments"
list3,90105020,901050,"83 FR 47974 (September 21, 2018), with later amendments"
list3,90105030,901050,"83 FR 47974 (September 21, 2018), with later amendments"
list3,90105040,901050,"83 FR 47974 (September 21, 2018), with later amendments"
list3,90105050,901050,"83 FR 47974 (September 21, 2018), with later amendments"
list3,90105060,901050,"83 FR 47974 (September 21, 2018), with later amendments"
list3,90106000,901060,"83 FR 47974 (September 21, 2018), with later amendments"
list3,90109085,901090,"83 FR 47974 (September 21, 2018), with later amendments"
list3,90109095,901090,"83 FR 47974 (September 21, 2018), with later amendments"
list3,90112080,901120,"83 FR 47974 (September 21, 2018), with later amendments"
list3,90118000,901180,"83 FR 47974 (September 21, 2018), with later amendments"
list3,90131030,901310,"83 FR 47974 (September 21, 2018), with later amendments"
list3,90138020,901380,"83 FR 47974 (September 21, 2018), with later amendments"
list3,90138040,901380,"83 FR 47974 (September 21, 2018), with later amendments"
list3,90139050,901390,"83 FR 47974 (September 21, 2018), with later amendments"
list3,90139070,901390,"83 FR 47974 (September 21, 2018), with later amendments"
list3,90139080,901390,"83 FR 47974 (September 21, 2018), with later amendments"
list3,90141010,901410,"83 FR 47974 (September 21, 2018), with later amendments"
list3,90151040,901510,"83 FR 47974 (September 21, 2018), with later amendments"
list3,90153040,901530,"83 FR 47974 (September 21, 2018), with later amendments"
list3,90153080,901530,"83 FR 47974 (September 21, 2018), with later amendments"
list3,90159001,901590,"83 FR 47974 (September 21, 2018), with later amendments"
list3,90160020,901600,"83 FR 47974 (September 21, 2018), with later amendments"
list3,90160040,901600,"83 FR 47974 (September 21, 2018), with later amendments"
list3,90160060,901600,"83 FR 47974 (September 21, 2018), with later amendments"
list3,90171040,901710,"83 FR 47974 (September 21, 2018), with later amendments"
list3,90171080,901710,"83 FR 47974 (September 21, 2018), with later amendments"
list3,90172040,901720,"83 FR 47974 (September 21, 2018), with later amendments"
list3,90172070,901720,"83 FR 47974 (September 21, 2018), with later amendments"
list3,90172080,901720,"83 FR 47974 (September 21, 2018), with later amendments"
list3,90173040,901730,"83 FR 47974 (September 21, 2018), with later amendments"
list3,90173080,901730,"83 FR 47974 (September 21, 2018), with later amendments"
list3,90178000,901780,"83 FR 47974 (September 21, 2018), with later amendments"
list3,90179001,901790,"83 FR 47974 (September 21, 2018), with later amendments"
list3,90258020,902580,"83 FR 47974 (September 21, 2018), with later amendments"
list3,90259006,902590,"83 FR 47974 (September 21, 2018), with later amendments"
list3,90268040,902680,"83 FR 47974 (September 21, 2018), with later amendments"
list3,90271040,902710,"83 FR 47974 (September 21, 2018), with later amendments"
list3,90271060,902710,"83 FR 47974 (September 21, 2018), with later amendments"
list3,90279068,902790,"83 FR 47974 (September 21, 2018), with later amendments"
list3,90291040,902910,"83 FR 47974 (September 21, 2018), with later amendments"
list3,90291080,902910,"83 FR 47974 (September 21, 2018), with later amendments"
list3,90292020,902920,"83 FR 47974 (September 21, 2018), with later amendments"
list3,90292060,902920,"83 FR 47974 (September 21, 2018), with later amendments"
list3,90299020,902990,"83 FR 47974 (September 21, 2018), with later amendments"
list3,90299040,902990,"83 FR 47974 (September 21, 2018), with later amendments"
list3,90302010,903020,"83 FR 47974 (September 21, 2018), with later amendments"
list3,90319045,903190,"83 FR 47974 (September 21, 2018), with later amendments"
list3,91040005,910400,"83 FR 47974 (September 21, 2018), with later amendments"
list3,91040010,910400,"83 FR 47974 (September 21, 2018), with later amendments"
list3,91040020,910400,"83 FR 47974 (September 21, 2018), with later amendments"
list3,91040025,910400,"83 FR 47974 (September 21, 2018), with later amendments"
list3,91040030,910400,"83 FR 47974 (September 21, 2018), with later amendments"
list3,91040040,910400,"83 FR 47974 (September 21, 2018), with later amendments"
list3,91040045,910400,"83 FR 47974 (September 21, 2018), with later amendments"
list3,91040050,910400,"83 FR 47974 (September 21, 2018), with later amendments"
list3,91061000,910610,"83 FR 47974 (September 21, 2018), with later amendments"
list3,91069020,910690,"83 FR 47974 (September 21, 2018), with later amendments"
list3,91069040,910690,"83 FR 47974 (September 21, 2018), with later amendments"
list3,91069055,910690,"83 FR 47974 (September 21, 2018), with later amendments"
list3,91069065,910690,"83 FR 47974 (September 21, 2018), with later amendments"
list3,91069075,910690,"83 FR 47974 (September 21, 2018), with later amendments"
list3,91069085,910690,"83 FR 47974 (September 21, 2018), with later amendments"
list3,91070040,910700,"83 FR 47974 (September 21, 2018), with later amendments"
list3,91070080,910700,"83 FR 47974 (September 21, 2018), with later amendments"
list3,94012000,940120,"83 FR 47974 (September 21, 2018), with later amendments"
list3,94013040,940130,"83 FR 47974 (September 21, 2018), with later amendments"
list3,94013080,940130,"83 FR 47974 (September 21, 2018), with later amendments"
list3,94014000,940140,"83 FR 47974 (September 21, 2018), with later amendments"
list3,94015200,940152,"83 FR 47974 (September 21, 2018), with later amendments"
list3,94015300,940153,"83 FR 47974 (September 21, 2018), with later amendments"
list3,94015900,940159,"83 FR 47974 (September 21, 2018), with later amendments"
list3,94016120,940161,"83 FR 47974 (September 21, 2018), with later amendments"
list3,94016140,940161,"83 FR 47974 (September 21, 2018), with later amendments"
list3,94016160,940161,"83 FR 47974 (September 21, 2018), with later amendments"
list3,94016920,940169,"83 FR 47974 (September 21, 2018), with later amendments"
list3,94016940,940169,"83 FR 47974 (September 21, 2018), with later amendments"
list3,94016960,940169,"83 FR 47974 (September 21, 2018), with later amendments"
list3,94016980,940169,"83 FR 47974 (September 21, 2018), with later amendments"
list3,94017100,940171,"83 FR 47974 (September 21, 2018), with later amendments"
list3,94017900,940179,"83 FR 47974 (September 21, 2018), with later amendments"
list3,94018020,940180,"83 FR 47974 (September 21, 2018), with later amendments"
list3,94018040,940180,"83 FR 47974 (September 21, 2018), with later amendments"
list3,94019035,940190,"83 FR 47974 (September 21, 2018), with later amendments"
list3,94019040,940190,"83 FR 47974 (September 21, 2018), with later amendments"
list3,94019050,940190,"83 FR 47974 (September 21, 2018), with later amendments"
list3,94031000,940310,"83 FR 47974 (September 21, 2018), with later amendments"
list3,94032000,940320,"83 FR 47974 (September 21, 2018), with later amendments"
list3,94033040,940330,"83 FR 47974 (September 21, 2018), with later amendments"
list3,94033080,940330,"83 FR 47974 (September 21, 2018), with later amendments"
list3,94034040,940340,"83 FR 47974 (September 21, 2018), with later amendments"
list3,94034060,940340,"83 FR 47974 (September 21, 2018), with later amendments"
list3,94034090,940340,"83 FR 47974 (September 21, 2018), with later amendments"
list3,94035040,940350,"83 FR 47974 (September 21, 2018), with later amendments"
list3,94035060,940350,"83 FR 47974 (September 21, 2018), with later amendments"
list3,94035090,940350,"83 FR 47974 (September 21, 2018), with later amendments"
list3,94036040,940360,"83 FR 47974 (September 21, 2018), with later amendments"
list3,94036080,940360,"83 FR 47974 (September 21, 2018), with later amendments"
list3,94038200,940382,"83 FR 47974 (September 21, 2018), with later amendments"
list3,94038300,940383,"83 FR 47974 (September 21, 2018), with later amendments"
list3,94038930,940389,"83 FR 47974 (September 21, 2018), with later amendments"
list3,94038960,940389,"83 FR 47974 (September 21, 2018), with later amendments"
list3,94039010,940390,"83 FR 47974 (September 21, 2018), with later amendments"
list3,94039025,940390,"83 FR 47974 (September 21, 2018), with later amendments"
list3,94039040,940390,"83 FR 47974 (September 21, 2018), with later amendments"
list3,94039050,940390,"83 FR 47974 (September 21, 2018), with later amendments"
list3,94039060,940390,"83 FR 47974 (September 21, 2018), with later amendments"
list3,94039070,940390,"83 FR 47974 (September 21, 2018), with later amendments"
list3,94039080,940390,"83 FR 47974 (September 21, 2018), with later amendments"
list3,94041000,940410,"83 FR 47974 (September 21, 2018), with later amendments"
list3,94042100,940421,"83 FR 47974 (September 21, 2018), with later amendments"
list3,94042910,940429,"83 FR 47974 (September 21, 2018), with later amendments"
list3,94042990,940429,"83 FR 47974 (September 21, 2018), with later amendments"
list3,94051040,940510,"83 FR 47974 (September 21, 2018), with later amendments"
list3,94051060,940510,"83 FR 47974 (September 21, 2018), with later amendments"
list3,94051080,940510,"83 FR 47974 (September 21, 2018), with later amendments"
list3,94052040,940520,"83 FR 47974 (September 21, 2018), with later amendments"
list3,94052060,940520,"83 FR 47974 (September 21, 2018), with later amendments"
list3,94052080,940520,"83 FR 47974 (September 21, 2018), with later amendments"
list3,94053000,940530,"83 FR 47974 (September 21, 2018), with later amendments"
list3,94054040,940540,"83 FR 47974 (September 21, 2018), with later amendments"
list3,94054060,940540,"83 FR 47974 (September 21, 2018), with later amendments"
list3,94054082,940540,"83 FR 47974 (September 21, 2018), with later amendments"
list3,94054084,940540,"83 FR 47974 (September 21, 2018), with later amendments"
list3,94055020,940550,"83 FR 47974 (September 21, 2018), with later amendments"
list3,94055030,940550,"83 FR 47974 (September 21, 2018), with later amendments"
list3,94055040,940550,"83 FR 47974 (September 21, 2018), with later amendments"
list3,94056020,940560,"83 FR 47974 (September 21, 2018), with later amendments"
list3,94056040,940560,"83 FR 47974 (September 21, 2018), with later amendments"
list3,94056060,940560,"83 FR 47974 (September 21, 2018), with later amendments"
list3,94059110,940591,"83 FR 47974 (September 21, 2018), with later amendments"
list3,94059130,940591,"83 FR 47974 (September 21, 2018), with later amendments"
list3,94059140,940591,"83 FR 47974 (September 21, 2018), with later amendments"
list3,94059160,940591,"83 FR 47974 (September 21, 2018), with later amendments"
list3,94059200,940592,"83 FR 47974 (September 21, 2018), with later amendments"
list3,94059920,940599,"83 FR 47974 (September 21, 2018), with later amendments"
list3,94059940,940599,"83 FR 47974 (September 21, 2018), with later amendments"
list3,94061000,940610,"83 FR 47974 (September 21, 2018), with later amendments"
list3,94069000,940690,"83 FR 47974 (September 21, 2018), with later amendments"
list3,96061040,960610,"83 FR 47974 (September 21, 2018), with later amendments"
list3,96061080,960610,"83 FR 47974 (September 21, 2018), with later amendments"
list3,96062120,960621,"83 FR 47974 (September 21, 2018), with later amendments"
list3,96062140,960621,"83 FR 47974 (September 21, 2018), with later amendments"
list3,96062160,960621,"83 FR 47974 (September 21, 2018), with later amendments"
list3,96062200,960622,"83 FR 47974 (September 21, 2018), with later amendments"
list3,96062920,960629,"83 FR 47974 (September 21, 2018), with later amendments"
list3,96062940,960629,"83 FR 47974 (September 21, 2018), with later amendments"
list3,96062960,960629,"83 FR 47974 (September 21, 2018), with later amendments"
list3,96063040,960630,"83 FR 47974 (September 21, 2018), with later amendments"
list3,96063080,960630,"83 FR 47974 (September 21, 2018), with later amendments"
list3,96071100,960711,"83 FR 47974 (September 21, 2018), with later amendments"
list3,96071900,960719,"83 FR 47974 (September 21, 2018), with later amendments"
list3,96072000,960720,"83 FR 47974 (September 21, 2018), with later amendments"
list3,96200010,962000,"83 FR 47974 (September 21, 2018), with later amendments"
list3,96200015,962000,"83 FR 47974 (September 21, 2018), with later amendments"
list3,96200020,962000,"83 FR 47974 (September 21, 2018), with later amendments"
list3,96200025,962000,"83 FR 47974 (September 21, 2018), with later amendments"
list3,96200030,962000,"83 FR 47974 (September 21, 2018), with later amendments"
list3,96200050,962000,"83 FR 47974 (September 21, 2018), with later amendments"
list3,96200055,962000,"83 FR 47974 (September 21, 2018), with later amendments"
list3,96200060,962000,"83 FR 47974 (September 21, 2018), with later amendments"
list3,96200065,962000,"83 FR 47974 (September 21, 2018), with later amendments"
list4a,01012100,010121,"84 FR 43304 (August 20, 2019), Annex A only"
list4a,01012900,010129,"84 FR 43304 (August 20, 2019), Annex A only"
list4a,01013000,010130,"84 FR 43304 (August 20, 2019), Annex A only"
list4a,01019030,010190,"84 FR 43304 (August 20, 2019), Annex A only"
list4a,01019040,010190,"84 FR 43304 (August 20, 2019), Annex A only"
list4a,01022100,010221,"84 FR 43304 (August 20, 2019), Annex A only"
list4a,01022920,010229,"84 FR 43304 (August 20, 2019), Annex A only"
list4a,01022940,010229,"84 FR 43304 (August 20, 2019), Annex A only"
list4a,01023100,010231,"84 FR 43304 (August 20, 2019), Annex A only"
list4a,01023900,010239,"84 FR 43304 (August 20, 2019), Annex A only"
list4a,01029000,010290,"84 FR 43304 (August 20, 2019), Annex A only"
list4a,01031000,010310,"84 FR 43304 (August 20, 2019), Annex A only"
list4a,01039100,010391,"84 FR 43304 (August 20, 2019), Annex A only"
list4a,01039200,010392,"84 FR 43304 (August 20, 2019), Annex A only"
list4a,01041000,010410,"84 FR 43304 (August 20, 2019), Annex A only"
list4a,01042000,010420,"84 FR 43304 (August 20, 2019), Annex A only"
list4a,01051100,010511,"84 FR 43304 (August 20, 2019), Annex A only"
list4a,01051200,010512,"84 FR 43304 (August 20, 2019), Annex A only"
list4a,01051300,010513,"84 FR 43304 (August 20, 2019), Annex A only"
list4a,01051400,010514,"84 FR 43304 (August 20, 2019), Annex A only"
list4a,01051500,010515,"84 FR 43304 (August 20, 2019), Annex A only"
list4a,01059400,010594,"84 FR 43304 (August 20, 2019), Annex A only"
list4a,01059900,010599,"84 FR 43304 (August 20, 2019), Annex A only"
list4a,01061100,010611,"84 FR 43304 (August 20, 2019), Annex A only"
list4a,01061201,010612,"84 FR 43304 (August 20, 2019), Annex A only"
list4a,01061300,010613,"84 FR 43304 (August 20, 2019), Annex A only"
list4a,01061400,010614,"84 FR 43304 (August 20, 2019), Annex A only"
list4a,01061930,010619,"84 FR 43304 (August 20, 2019), Annex A only"
list4a,01061991,010619,"84 FR 43304 (August 20, 2019), Annex A only"
list4a,01062000,010620,"84 FR 43304 (August 20, 2019), Annex A only"
list4a,01063100,010631,"84 FR 43304 (August 20, 2019), Annex A only"
list4a,01063200,010632,"84 FR 43304 (August 20, 2019), Annex A only"
list4a,01063300,010633,"84 FR 43304 (August 20, 2019), Annex A only"
list4a,01063901,010639,"84 FR 43304 (August 20, 2019), Annex A only"
list4a,01064100,010641,"84 FR 43304 (August 20, 2019), Annex A only"
list4a,01064900,010649,"84 FR 43304 (August 20, 2019), Annex A only"
list4a,01069001,010690,"84 FR 43304 (August 20, 2019), Annex A only"
list4a,02011005,020110,"84 FR 43304 (August 20, 2019), Annex A only"
list4a,02011010,020110,"84 FR 43304 (August 20, 2019), Annex A only"
list4a,02011050,020110,"84 FR 43304 (August 20, 2019), Annex A only"
list4a,02012002,020120,"84 FR 43304 (August 20, 2019), Annex A only"
list4a,02012004,020120,"84 FR 43304 (August 20, 2019), Annex A only"
list4a,02012006,020120,"84 FR 43304 (August 20, 2019), Annex A only"
list4a,02012010,020120,"84 FR 43304 (August 20, 2019), Annex A only"
list4a,02012030,020120,"84 FR 43304 (August 20, 2019), Annex A only"
list4a,02012050,020120,"84 FR 43304 (August 20, 2019), Annex A only"
list4a,02012080,020120,"84 FR 43304 (August 20, 2019), Annex A only"
list4a,02013002,020130,"84 FR 43304 (August 20, 2019), Annex A only"
list4a,02013004,020130,"84 FR 43304 (August 20, 2019), Annex A only"
list4a,02013006,020130,"84 FR 43304 (August 20, 2019), Annex A only"
list4a,02013010,020130,"84 FR 43304 (August 20, 2019), Annex A only"
list4a,02013030,020130,"84 FR 43304 (August 20, 2019), Annex A only"
list4a,02013050,020130,"84 FR 43304 (August 20, 2019), Annex A only"
list4a,02013080,020130,"84 FR 43304 (August 20, 2019), Annex A only"
list4a,02021005,020210,"84 FR 43304 (August 20, 2019), Annex A only"
list4a,02021010,020210,"84 FR 43304 (August 20, 2019), Annex A only"
list4a,02021050,020210,"84 FR 43304 (August 20, 2019), Annex A only"
list4a,02022002,020220,"84 FR 43304 (August 20, 2019), Annex A only"
list4a,02022004,020220,"84 FR 43304 (August 20, 2019), Annex A only"
list4a,02022006,020220,"84 FR 43304 (August 20, 2019), Annex A only"
list4a,02022010,020220,"84 FR 43304 (August 20, 2019), Annex A only"
list4a,02022030,020220,"84 FR 43304 (August 20, 2019), Annex A only"
list4a,02022050,020220,"84 FR 43304 (August 20, 2019), Annex A only"
list4a,02022080,020220,"84 FR 43304 (August 20, 2019), Annex A only"
list4a,02023002,020230,"84 FR 43304 (August 20, 2019), Annex A only"
list4a,02023004,020230,"84 FR 43304 (August 20, 2019), Annex A only"
list4a,02023006,020230,"84 FR 43304 (August 20, 2019), Annex A only"
list4a,02023010,020230,"84 FR 43304 (August 20, 2019), Annex A only"
list4a,02023030,020230,"84 FR 43304 (August 20, 2019), Annex A only"
list4a,02023050,020230,"84 FR 43304 (August 20, 2019), Annex A only"
list4a,02023080,020230,"84 FR 43304 (August 20, 2019), Annex A only"
list4a,02031100,020311,"84 FR 43304 (August 20, 2019), Annex A only"
list4a,02031210,020312,"84 FR 43304 (August 20, 2019), Annex A only"
list4a,02031290,020312,"84 FR 43304 (August 20, 2019), Annex A only"
list4a,02031920,020319,"84 FR 43304 (August 20, 2019), Annex A only"
list4a,02031940,020319,"84 FR 43304 (August 20, 2019), Annex A only"
list4a,02032100,020321,"84 FR 43304 (August 20, 2019), Annex A only"
list4a,02032210,020322,"84 FR 43304 (August 20, 2019), Annex A only"
list4a,02032290,020322,"84 FR 43304 (August 20, 2019), Annex A only"
list4a,02041000,020410,"84 FR 43304 (August 20, 2019), Annex A only"
list4a,02042100,020421,"84 FR 43304 (August 20, 2019), Annex A only"
list4a,02042220,020422,"84 FR 43304 (August 20, 2019), Annex A only"
list4a,02042240,020422,"84 FR 43304 (August 20, 2019), Annex A only"
list4a,02042320,020423,"84 FR 43304 (August 20, 2019), Annex A only"
list4a,02042340,020423,"84 FR 43304 (August 20, 2019), Annex A only"
list4a,02043000,020430,"84 FR 43304 (August 20, 2019), Annex A only"
list4a,02044100,020441,"84 FR 43304 (August 20, 2019), Annex A only"
list4a,02044220,020442,"84 FR 43304 (August 20, 2019), Annex A only"
list4a,02044240,020442,"84 FR 43304 (August 20, 2019), Annex A only"
list4a,02044320,020443,"84 FR 43304 (August 20, 2019), Annex A only"
list4a,02044340,020443,"84 FR 43304 (August 20, 2019), Annex A only"
list4a,02045000,020450,"84 FR 43304 (August 20, 2019), Annex A only"
list4a,02050000,020500,"84 FR 43304 (August 20, 2019), Annex A only"
list4a,02062100,020621,"84 FR 43304 (August 20, 2019), Annex A only"
list4a,02062200,020622,"84 FR 43304 (August 20, 2019), Annex A only"
list4a,02062900,020629,"84 FR 43304 (August 20, 2019), Annex A only"
list4a,02063000,020630,"84 FR 43304 (August 20, 2019), Annex A only"
list4a,02064100,020641,"84 FR 43304 (August 20, 2019), Annex A only"
list4a,02064900,020649,"84 FR 43304 (August 20, 2019), Annex A only"
list4a,02068000,020680,"84 FR 43304 (August 20, 2019), Annex A only"
list4a,02069000,020690,"84 FR 43304 (August 20, 2019), Annex A only"
list4a,02071100,020711,"84 FR 43304 (August 20, 2019), Annex A only"
list4a,02071200,020712,"84 FR 43304 (August 20, 2019), Annex A only"
list4a,02071300,020713,"84 FR 43304 (August 20, 2019), Annex A only"
list4a,02071400,020714,"84 FR 43304 (August 20, 2019), Annex A only"
list4a,02072400,020724,"84 FR 43304 (August 20, 2019), Annex A only"
list4a,02072520,020725,"84 FR 43304 (August 20, 2019), Annex A only"
list4a,02072540,020725,"84 FR 43304 (August 20, 2019), Annex A only"
list4a,02072600,020726,"84 FR 43304 (August 20, 2019), Annex A only"
list4a,02072700,020727,"84 FR 43304 (August 20, 2019), Annex A only"
list4a,02074100,020741,"84 FR 43304 (August 20, 2019), Annex A only"
list4a,02074200,020742,"84 FR 43304 (August 20, 2019), Annex A only"
list4a,02074300,020743,"84 FR 43304 (August 20, 2019), Annex A only"
list4a,02074400,020744,"84 FR 43304 (August 20, 2019), Annex A only"
list4a,02074500,020745,"84 FR 43304 (August 20, 2019), Annex A only"
list4a,02075100,020751,"84 FR 43304 (August 20, 2019), Annex A only"
list4a,02075200,020752,"84 FR 43304 (August 20, 2019), Annex A only"
list4a,02075300,020753,"84 FR 43304 (August 20, 2019), Annex A only"
list4a,02075400,020754,"84 FR 43304 (August 20, 2019), Annex A only"
list4a,02075500,020755,"84 FR 43304 (August 20, 2019), Annex A only"
list4a,02076010,020760,"84 FR 43304 (August 20, 2019), Annex A only"
list4a,02076020,020760,"84 FR 43304 (August 20, 2019), Annex A only"
list4a,02076030,020760,"84 FR 43304 (August 20, 2019), Annex A only"
list4a,02076040,020760,"84 FR 43304 (August 20, 2019), Annex A only"
list4a,02076060,020760,"84 FR 43304 (August 20, 2019), Annex A only"
list4a,02083000,020830,"84 FR 43304 (August 20, 2019), Annex A only"
list4a,02084001,020840,"84 FR 43304 (August 20, 2019), Annex A only"
list4a,02085000,020850,"84 FR 43304 (August 20, 2019), Annex A only"
list4a,02086000,020860,"84 FR 43304 (August 20, 2019), Annex A only"
list4a,02089030,020890,"84 FR 43304 (August 20, 2019), Annex A only"
list4a,02089091,020890,"84 FR 43304 (August 20, 2019), Annex A only"
list4a,02091000,020910,"84 FR 43304 (August 20, 2019), Annex A only"
list4a,02099000,020990,"84 FR 43304 (August 20, 2019), Annex A only"
list4a,02101100,021011,"84 FR 43304 (August 20, 2019), Annex A only"
list4a,02101200,021012,"84 FR 43304 (August 20, 2019), Annex A only"
list4a,02102000,021020,"84 FR 43304 (August 20, 2019), Annex A only"
list4a,02109100,021091,"84 FR 43304 (August 20, 2019), Annex A only"
list4a,02109201,021092,"84 FR 43304 (August 20, 2019), Annex A only"
list4a,02109300,021093,"84 FR 43304 (August 20, 2019), Annex A only"
list4a,02109920,021099,"84 FR 43304 (August 20, 2019), Annex A only"
list4a,02109991,021099,"84 FR 43304 (August 20, 2019), Annex A only"
list4a,04011000,040110,"84 FR 43304 (August 20, 2019), Annex A only"
list4a,04012020,040120,"84 FR 43304 (August 20, 2019), Annex A only"
list4a,04012040,040120,"84 FR 43304 (August 20, 2019), Annex A only"
list4a,04014002,040140,"84 FR 43304 (August 20, 2019), Annex A only"
list4a,04014005,040140,"84 FR 43304 (August 20, 2019), Annex A only"
list4a,04014025,040140,"84 FR 43304 (August 20, 2019), Annex A only"
list4a,04015002,040150,"84 FR 43304 (August 20, 2019), Annex A only"
list4a,04015005,040150,"84 FR 43304 (August 20, 2019), Annex A only"
list4a,04015025,040150,"84 FR 43304 (August 20, 2019), Annex A only"
list4a,04015042,040150,"84 FR 43304 (August 20, 2019), Annex A only"
list4a,04015050,040150,"84 FR 43304 (August 20, 2019), Annex A only"
list4a,04015075,040150,"84 FR 43304 (August 20, 2019), Annex A only"
list4a,04021005,040210,"84 FR 43304 (August 20, 2019), Annex A only"
list4a,04021010,040210,"84 FR 43304 (August 20, 2019), Annex A only"
list4a,04021050,040210,"84 FR 43304 (August 20, 2019), Annex A only"
list4a,04022102,040221,"84 FR 43304 (August 20, 2019), Annex A only"
list4a,04022105,040221,"84 FR 43304 (August 20, 2019), Annex A only"
list4a,04022125,040221,"84 FR 43304 (August 20, 2019), Annex A only"
list4a,04022127,040221,"84 FR 43304 (August 20, 2019), Annex A only"
list4a,04022130,040221,"84 FR 43304 (August 20, 2019), Annex A only"
list4a,04022150,040221,"84 FR 43304 (August 20, 2019), Annex A only"
list4a,04022173,040221,"84 FR 43304 (August 20, 2019), Annex A only"
list4a,04022175,040221,"84 FR 43304 (August 20, 2019), Annex A only"
list4a,04022190,040221,"84 FR 43304 (August 20, 2019), Annex A only"
list4a,04022905,040229,"84 FR 43304 (August 20, 2019), Annex A only"
list4a,04022910,040229,"84 FR 43304 (August 20, 2019), Annex A only"
list4a,04022950,040229,"84 FR 43304 (August 20, 2019), Annex A only"
list4a,04029103,040291,"84 FR 43304 (August 20, 2019), Annex A only"
list4a,04029106,040291,"84 FR 43304 (August 20, 2019), Annex A only"
list4a,04029110,040291,"84 FR 43304 (August 20, 2019), Annex A only"
list4a,04029130,040291,"84 FR 43304 (August 20, 2019), Annex A only"
list4a,04029170,040291,"84 FR 43304 (August 20, 2019), Annex A only"
list4a,04029190,040291,"84 FR 43304 (August 20, 2019), Annex A only"
list4a,04029903,040299,"84 FR 43304 (August 20, 2019), Annex A only"
list4a,04029906,040299,"84 FR 43304 (August 20, 2019), Annex A only"
list4a,04029910,040299,"84 FR 43304 (August 20, 2019), Annex A only"
list4a,04029930,040299,"84 FR 43304 (August 20, 2019), Annex A only"
list4a,04029945,040299,"84 FR 43304 (August 20, 2019), Annex A only"
list4a,04029955,040299,"84 FR 43304 (August 20, 2019), Annex A only"
list4a,04029968,040299,"84 FR 43304 (August 20, 2019), Annex A only"
list4a,04029970,040299,"84 FR 43304 (August 20, 2019), Annex A only"
list4a,04029990,040299,"84 FR 43304 (August 20, 2019), Annex A only"
list4a,04031005,040310,"84 FR 43304 (August 20, 2019), Annex A only"
list4a,04031010,040310,"84 FR 43304 (August 20, 2019), Annex A only"
list4a,04031050,040310,"84 FR 43304 (August 20, 2019), Annex A only"
list4a,04031090,040310,"84 FR 43304 (August 20, 2019), Annex A only"
list4a,04039002,040390,"84 FR 43304 (August 20, 2019), Annex A only"
list4a,04039004,040390,"84 FR 43304 (August 20, 2019), Annex A only"
list4a,04039016,040390,"84 FR 43304 (August 20, 2019), Annex A only"
list4a,04039020,040390,"84 FR 43304 (August 20, 2019), Annex A only"
list4a,04039037,040390,"84 FR 43304 (August 20, 2019), Annex A only"
list4a,04039041,040390,"84 FR 43304 (August 20, 2019), Annex A only"
list4a,04039045,040390,"84 FR 43304 (August 20, 2019), Annex A only"
list4a,04039047,040390,"84 FR 43304 (August 20, 2019), Annex A only"
list4a,04039051,040390,"84 FR 43304 (August 20, 2019), Annex A only"
list4a,04039055,040390,"84 FR 43304 (August 20, 2019), Annex A only"
list4a,04039057,040390,"84 FR 43304 (August 20, 2019), Annex A only"
list4a,04039061,040390,"84 FR 43304 (August 20, 2019), Annex A only"
list4a,04039065,040390,"84 FR 43304 (August 20, 2019), Annex A only"
list4a,04039072,040390,"84 FR 43304 (August 20, 2019), Annex A only"
list4a,04039074,040390,"84 FR 43304 (August 20, 2019), Annex A only"
list4a,04039078,040390,"84 FR 43304 (August 20, 2019), Annex A only"
list4a,04039085,040390,"84 FR 43304 (August 20, 2019), Annex A only"
list4a,04039087,040390,"84 FR 43304 (August 20, 2019), Annex A only"
list4a,04039090,040390,"84 FR 43304 (August 20, 2019), Annex A only"
list4a,04039095,040390,"84 FR 43304 (August 20, 2019), Annex A only"
list4a,04049010,040490,"84 FR 43304 (August 20, 2019), Annex A only"
list4a,04049028,040490,"84 FR 43304 (August 20, 2019), Annex A only"
list4a,04049030,040490,"84 FR 43304 (August 20, 2019), Annex A only"
list4a,04049050,040490,"84 FR 43304 (August 20, 2019), Annex A only"
list4a,04049070,040490,"84 FR 43304 (August 20, 2019), Annex A only"
list4a,04052010,040520,"84 FR 43304 (August 20, 2019), Annex A only"
list4a,04052020,040520,"84 FR 43304 (August 20, 2019), Annex A only"
list4a,04052030,040520,"84 FR 43304 (August 20, 2019), Annex A only"
list4a,04052040,040520,"84 FR 43304 (August 20, 2019), Annex A only"
list4a,04052050,040520,"84 FR 43304 (August 20, 2019), Annex A only"
list4a,04052060,040520,"84 FR 43304 (August 20, 2019), Annex A only"
list4a,04052070,040520,"84 FR 43304 (August 20, 2019), Annex A only"
list4a,04052080,040520,"84 FR 43304 (August 20, 2019), Annex A only"
list4a,04059005,040590,"84 FR 43304 (August 20, 2019), Annex A only"
list4a,04059010,040590,"84 FR 43304 (August 20, 2019), Annex A only"
list4a,04059020,040590,"84 FR 43304 (August 20, 2019), Annex A only"
list4a,04061002,040610,"84 FR 43304 (August 20, 2019), Annex A only"
list4a,04061004,040610,"84 FR 43304 (August 20, 2019), Annex A only"
list4a,04061008,040610,"84 FR 43304 (August 20, 2019), Annex A only"
list4a,04061012,040610,"84 FR 43304 (August 20, 2019), Annex A only"
list4a,04061014,040610,"84 FR 43304 (August 20, 2019), Annex A only"
list4a,04061018,040610,"84 FR 43304 (August 20, 2019), Annex A only"
list4a,04061024,040610,"84 FR 43304 (August 20, 2019), Annex A only"
list4a,04061028,040610,"84 FR 43304 (August 20, 2019), Annex A only"
list4a,04061034,040610,"84 FR 43304 (August 20, 2019), Annex A only"
list4a,04061038,040610,"84 FR 43304 (August 20, 2019), Annex A only"
list4a,04061044,040610,"84 FR 43304 (August 20, 2019), Annex A only"
list4a,04061048,040610,"84 FR 43304 (August 20, 2019), Annex A only"
list4a,04061054,040610,"84 FR 43304 (August 20, 2019), Annex A only"
list4a,04061058,040610,"84 FR 43304 (August 20, 2019), Annex A only"
list4a,04061064,040610,"84 FR 43304 (August 20, 2019), Annex A only"
list4a,04061068,040610,"84 FR 43304 (August 20, 2019), Annex A only"
list4a,04061074,040610,"84 FR 43304 (August 20, 2019), Annex A only"
list4a,04061078,040610,"84 FR 43304 (August 20, 2019), Annex A only"
list4a,04061084,040610,"84 FR 43304 (August 20, 2019), Annex A only"
list4a,04061088,040610,"84 FR 43304 (August 20, 2019), Annex A only"
list4a,04061095,040610,"84 FR 43304 (August 20, 2019), Annex A only"
list4a,04062010,040620,"84 FR 43304 (August 20, 2019), Annex A only"
list4a,04062015,040620,"84 FR 43304 (August 20, 2019), Annex A only"
list4a,04062022,040620,"84 FR 43304 (August 20, 2019), Annex A only"
list4a,04062024,040620,"84 FR 43304 (August 20, 2019), Annex A only"
list4a,04062028,040620,"84 FR 43304 (August 20, 2019), Annex A only"
list4a,04062029,040620,"84 FR 43304 (August 20, 2019), Annex A only"
list4a,04062031,040620,"84 FR 43304 (August 20, 2019), Annex A only"
list4a,04062033,040620,"84 FR 43304 (August 20, 2019), Annex A only"
list4a,04062034,040620,"84 FR 43304 (August 20, 2019), Annex A only"
list4a,04062036,040620,"84 FR 43304 (August 20, 2019), Annex A only"
list4a,04062039,040620,"84 FR 43304 (August 20, 2019), Annex A only"
list4a,04062043,040620,"84 FR 43304 (August 20, 2019), Annex A only"
list4a,04062044,040620,"84 FR 43304 (August 20, 2019), Annex A only"
list4a,04062048,040620,"84 FR 43304 (August 20, 2019), Annex A only"
list4a,04062049,040620,"84 FR 43304 (August 20, 2019), Annex A only"
list4a,04062051,040620,"84 FR 43304 (August 20, 2019), Annex A only"
list4a,04062053,040620,"84 FR 43304 (August 20, 2019), Annex A only"
list4a,04062054,040620,"84 FR 43304 (August 20, 2019), Annex A only"
list4a,04062055,040620,"84 FR 43304 (August 20, 2019), Annex A only"
list4a,04062056,040620,"84 FR 43304 (August 20, 2019), Annex A only"
list4a,04062057,040620,"84 FR 43304 (August 20, 2019), Annex A only"
list4a,04062061,040620,"84 FR 43304 (August 20, 2019), Annex A only"
list4a,04062063,040620,"84 FR 43304 (August 20, 2019), Annex A only"
list4a,04062065,040620,"84 FR 43304 (August 20, 2019), Annex A only"
list4a,04062067,040620,"84 FR 43304 (August 20, 2019), Annex A only"
list4a,04062069,040620,"84 FR 43304 (August 20, 2019), Annex A only"
list4a,04062071,040620,"84 FR 43304 (August 20, 2019), Annex A only"
list4a,04062073,040620,"84 FR 43304 (August 20, 2019), Annex A only"
list4a,04062075,040620,"84 FR 43304 (August 20, 2019), Annex A only"
list4a,04062077,040620,"84 FR 43304 (August 20, 2019), Annex A only"
list4a,04062079,040620,"84 FR 43304 (August 20, 2019), Annex A only"
list4a,04062081,040620,"84 FR 43304 (August 20, 2019), Annex A only"
list4a,04062083,040620,"84 FR 43304 (August 20, 2019), Annex A only"
list4a,04062085,040620,"84 FR 43304 (August 20, 2019), Annex A only"
list4a,04062087,040620,"84 FR 43304 (August 20, 2019), Annex A only"
list4a,04062089,040620,"84 FR 43304 (August 20, 2019), Annex A only"
list4a,04062091,040620,"84 FR 43304 (August 20, 2019), Annex A only"
list4a,04062095,040620,"84 FR 43304 (August 20, 2019), Annex A only"
list4a,04063005,040630,"84 FR 43304 (August 20, 2019), Annex A only"
list4a,04063012,040630,"84 FR 43304 (August 20, 2019), Annex A only"
list4a,04063014,040630,"84 FR 43304 (August 20, 2019), Annex A only"
list4a,04063018,040630,"84 FR 43304 (August 20, 2019), Annex A only"
list4a,04063022,040630,"84 FR 43304 (August 20, 2019), Annex A only"
list4a,04063024,040630,"84 FR 43304 (August 20, 2019), Annex A only"
list4a,04063028,040630,"84 FR 43304 (August 20, 2019), Annex A only"
list4a,04063032,040630,"84 FR 43304 (August 20, 2019), Annex A only"
list4a,04063034,040630,"84 FR 43304 (August 20, 2019), Annex A only"
list4a,04063038,040630,"84 FR 43304 (August 20, 2019), Annex A only"
list4a,04063042,040630,"84 FR 43304 (August 20, 2019), Annex A only"
list4a,04063044,040630,"84 FR 43304 (August 20, 2019), Annex A only"
list4a,04063048,040630,"84 FR 43304 (August 20, 2019), Annex A only"
list4a,04063049,040630,"84 FR 43304 (August 20, 2019), Annex A only"
list4a,04063051,040630,"84 FR 43304 (August 20, 2019), Annex A only"
list4a,04063053,040630,"84 FR 43304 (August 20, 2019), Annex A only"
list4a,04063055,040630,"84 FR 43304 (August 20, 2019), Annex A only"
list4a,04063056,040630,"84 FR 43304 (August 20, 2019), Annex A only"
list4a,04063057,040630,"84 FR 43304 (August 20, 2019), Annex A only"
list4a,04063061,040630,"84 FR 43304 (August 20, 2019), Annex A only"
list4a,04063063,040630,"84 FR 43304 (August 20, 2019), Annex A only"
list4a,04063065,040630,"84 FR 43304 (August 20, 2019), Annex A only"
list4a,04063067,040630,"84 FR 43304 (August 20, 2019), Annex A only"
list4a,04063069,040630,"84 FR 43304 (August 20, 2019), Annex A only"
list4a,04063071,040630,"84 FR 43304 (August 20, 2019), Annex A only"
list4a,04063073,040630,"84 FR 43304 (August 20, 2019), Annex A only"
list4a,04063075,040630,"84 FR 43304 (August 20, 2019), Annex A only"
list4a,04063077,040630,"84 FR 43304 (August 20, 2019), Annex A only"
list4a,04063079,040630,"84 FR 43304 (August 20, 2019), Annex A only"
list4a,04063081,040630,"84 FR 43304 (August 20, 2019), Annex A only"
list4a,04063083,040630,"84 FR 43304 (August 20, 2019), Annex A only"
list4a,04063085,040630,"84 FR 43304 (August 20, 2019), Annex A only"
list4a,04063087,040630,"84 FR 43304 (August 20, 2019), Annex A only"
list4a,04063089,040630,"84 FR 43304 (August 20, 2019), Annex A only"
list4a,04063091,040630,"84 FR 43304 (August 20, 2019), Annex A only"
list4a,04063095,040630,"84 FR 43304 (August 20, 2019), Annex A only"
list4a,04064020,040640,"84 FR 43304 (August 20, 2019), Annex A only"
list4a,04064040,040640,"84 FR 43304 (August 20, 2019), Annex A only"
list4a,04064044,040640,"84 FR 43304 (August 20, 2019), Annex A only"
list4a,04064048,040640,"84 FR 43304 (August 20, 2019), Annex A only"
list4a,04064051,040640,"84 FR 43304 (August 20, 2019), Annex A only"
list4a,04064052,040640,"84 FR 43304 (August 20, 2019), Annex A only"
list4a,04064054,040640,"84 FR 43304 (August 20, 2019), Annex A only"
list4a,04064058,040640,"84 FR 43304 (August 20, 2019), Annex A only"
list4a,04064070,040640,"84 FR 43304 (August 20, 2019), Annex A only"
list4a,04069005,040690,"84 FR 43304 (August 20, 2019), Annex A only"
list4a,04069006,040690,"84 FR 43304 (August 20, 2019), Annex A only"
list4a,04069008,040690,"84 FR 43304 (August 20, 2019), Annex A only"
list4a,04069012,040690,"84 FR 43304 (August 20, 2019), Annex A only"
list4a,04069014,040690,"84 FR 43304 (August 20, 2019), Annex A only"
list4a,04069016,040690,"84 FR 43304 (August 20, 2019), Annex A only"
list4a,04069018,040690,"84 FR 43304 (August 20, 2019), Annex A only"
list4a,04069020,040690,"84 FR 43304 (August 20, 2019), Annex A only"
list4a,04069025,040690,"84 FR 43304 (August 20, 2019), Annex A only"
list4a,04069028,040690,"84 FR 43304 (August 20, 2019), Annex A only"
list4a,04069031,040690,"84 FR 43304 (August 20, 2019), Annex A only"
list4a,04069032,040690,"84 FR 43304 (August 20, 2019), Annex A only"
list4a,04069033,040690,"84 FR 43304 (August 20, 2019), Annex A only"
list4a,04069034,040690,"84 FR 43304 (August 20, 2019), Annex A only"
list4a,04069036,040690,"84 FR 43304 (August 20, 2019), Annex A only"
list4a,04069037,040690,"84 FR 43304 (August 20, 2019), Annex A only"
list4a,04069038,040690,"84 FR 43304 (August 20, 2019), Annex A only"
list4a,04069039,040690,"84 FR 43304 (August 20, 2019), Annex A only"
list4a,04069041,040690,"84 FR 43304 (August 20, 2019), Annex A only"
list4a,04069042,040690,"84 FR 43304 (August 20, 2019), Annex A only"
list4a,04069043,040690,"84 FR 43304 (August 20, 2019), Annex A only"
list4a,04069044,040690,"84 FR 43304 (August 20, 2019), Annex A only"
list4a,04069046,040690,"84 FR 43304 (August 20, 2019), Annex A only"
list4a,04069048,040690,"84 FR 43304 (August 20, 2019), Annex A only"
list4a,04069049,040690,"84 FR 43304 (August 20, 2019), Annex A only"
list4a,04069051,040690,"84 FR 43304 (August 20, 2019), Annex A only"
list4a,04069052,040690,"84 FR 43304 (August 20, 2019), Annex A only"
list4a,04069054,040690,"84 FR 43304 (August 20, 2019), Annex A only"
list4a,04069056,040690,"84 FR 43304 (August 20, 2019), Annex A only"
list4a,04069057,040690,"84 FR 43304 (August 20, 2019), Annex A only"
list4a,04069059,040690,"84 FR 43304 (August 20, 2019), Annex A only"
list4a,04069061,040690,"84 FR 43304 (August 20, 2019), Annex A only"
list4a,04069063,040690,"84 FR 43304 (August 20, 2019), Annex A only"
list4a,04069066,040690,"84 FR 43304 (August 20, 2019), Annex A only"
list4a,04069068,040690,"84 FR 43304 (August 20, 2019), Annex A only"
list4a,04069072,040690,"84 FR 43304 (August 20, 2019), Annex A only"
list4a,04069074,040690,"84 FR 43304 (August 20, 2019), Annex A only"
list4a,04069076,040690,"84 FR 43304 (August 20, 2019), Annex A only"
list4a,04069078,040690,"84 FR 43304 (August 20, 2019), Annex A only"
list4a,04069082,040690,"84 FR 43304 (August 20, 2019), Annex A only"
list4a,04069084,040690,"84 FR 43304 (August 20, 2019), Annex A only"
list4a,04069086,040690,"84 FR 43304 (August 20, 2019), Annex A only"
list4a,04069088,040690,"84 FR 43304 (August 20, 2019), Annex A only"
list4a,04069090,040690,"84 FR 43304 (August 20, 2019), Annex A only"
list4a,04069092,040690,"84 FR 43304 (August 20, 2019), Annex A only"
list4a,04069093,040690,"84 FR 43304 (August 20, 2019), Annex A only"
list4a,04069094,040690,"84 FR 43304 (August 20, 2019), Annex A only"
list4a,04069095,040690,"84 FR 43304 (August 20, 2019), Annex A only"
list4a,04069097,040690,"84 FR 43304 (August 20, 2019), Annex A only"
list4a,04069099,040690,"84 FR 43304 (August 20, 2019), Annex A only"
list4a,04071100,040711,"84 FR 43304 (August 20, 2019), Annex A only"
list4a,04089100,040891,"84 FR 43304 (August 20, 2019), Annex A only"
list4a,05010000,050100,"84 FR 43304 (August 20, 2019), Annex A only"
list4a,05029000,050290,"84 FR 43304 (August 20, 2019), Annex A only"
list4a,05040000,050400,"84 FR 43304 (August 20, 2019), Annex A only"
list4a,05051000,050510,"84 FR 43304 (August 20, 2019), Annex A only"
list4a,05071000,050710,"84 FR 43304 (August 20, 2019), Annex A only"
list4a,05100020,051000,"84 FR 43304 (August 20, 2019), Annex A only"
list4a,06011015,060110,"84 FR 43304 (August 20, 2019), Annex A only"
list4a,06011030,060110,"84 FR 43304 (August 20, 2019), Annex A only"
list4a,06011045,060110,"84 FR 43304 (August 20, 2019), Annex A only"
list4a,06011060,060110,"84 FR 43304 (August 20, 2019), Annex A only"
list4a,06011075,060110,"84 FR 43304 (August 20, 2019), Annex A only"
list4a,06011085,060110,"84 FR 43304 (August 20, 2019), Annex A only"
list4a,06011090,060110,"84 FR 43304 (August 20, 2019), Annex A only"
list4a,06012010,060120,"84 FR 43304 (August 20, 2019), Annex A only"
list4a,06012090,060120,"84 FR 43304 (August 20, 2019), Annex A only"
list4a,06021000,060210,"84 FR 43304 (August 20, 2019), Annex A only"
list4a,06022000,060220,"84 FR 43304 (August 20, 2019), Annex A only"
list4a,06023000,060230,"84 FR 43304 (August 20, 2019), Annex A only"
list4a,06024000,060240,"84 FR 43304 (August 20, 2019), Annex A only"
list4a,06029020,060290,"84 FR 43304 (August 20, 2019), Annex A only"
list4a,06029030,060290,"84 FR 43304 (August 20, 2019), Annex A only"
list4a,06029040,060290,"84 FR 43304 (August 20, 2019), Annex A only"
list4a,06029060,060290,"84 FR 43304 (August 20, 2019), Annex A only"
list4a,06029090,060290,"84 FR 43304 (August 20, 2019), Annex A only"
list4a,06031100,060311,"84 FR 43304 (August 20, 2019), Annex A only"
list4a,06031230,060312,"84 FR 43304 (August 20, 2019), Annex A only"
list4a,06031270,060312,"84 FR 43304 (August 20, 2019), Annex A only"
list4a,06031300,060313,"84 FR 43304 (August 20, 2019), Annex A only"
list4a,06031400,060314,"84 FR 43304 (August 20, 2019), Annex A only"
list4a,06031500,060315,"84 FR 43304 (August 20, 2019), Annex A only"
list4a,06031901,060319,"84 FR 43304 (August 20, 2019), Annex A only"
list4a,06039000,060390,"84 FR 43304 (August 20, 2019), Annex A only"
list4a,06042000,060420,"84 FR 43304 (August 20, 2019), Annex A only"
list4a,06049010,060490,"84 FR 43304 (August 20, 2019), Annex A only"
list4a,06049030,060490,"84 FR 43304 (August 20, 2019), Annex A only"
list4a,06049060,060490,"84 FR 43304 (August 20, 2019), Annex A only"
list4a,07011000,070110,"84 FR 43304 (August 20, 2019), Annex A only"
list4a,07019010,070190,"84 FR 43304 (August 20, 2019), Annex A only"
list4a,07019050,070190,"84 FR 43304 (August 20, 2019), Annex A only"
list4a,07020020,070200,"84 FR 43304 (August 20, 2019), Annex A only"
list4a,07020040,070200,"84 FR 43304 (August 20, 2019), Annex A only"
list4a,07020060,070200,"84 FR 43304 (August 20, 2019), Annex A only"
list4a,07042000,070420,"84 FR 43304 (August 20, 2019), Annex A only"
list4a,07051120,070511,"84 FR 43304 (August 20, 2019), Annex A only"
list4a,07051140,070511,"84 FR 43304 (August 20, 2019), Annex A only"
list4a,07051920,070519,"84 FR 43304 (August 20, 2019), Annex A only"
list4a,07051940,070519,"84 FR 43304 (August 20, 2019), Annex A only"
list4a,07052100,070521,"84 FR 43304 (August 20, 2019), Annex A only"
list4a,07052900,070529,"84 FR 43304 (August 20, 2019), Annex A only"
list4a,07070020,070700,"84 FR 43304 (August 20, 2019), Annex A only"
list4a,07070040,070700,"84 FR 43304 (August 20, 2019), Annex A only"
list4a,07070060,070700,"84 FR 43304 (August 20, 2019), Annex A only"
list4a,07082010,070820,"84 FR 43304 (August 20, 2019), Annex A only"
list4a,07089005,070890,"84 FR 43304 (August 20, 2019), Annex A only"
list4a,07089025,070890,"84 FR 43304 (August 20, 2019), Annex A only"
list4a,07089030,070890,"84 FR 43304 (August 20, 2019), Annex A only"
list4a,07092010,070920,"84 FR 43304 (August 20, 2019), Annex A only"
list4a,07092090,070920,"84 FR 43304 (August 20, 2019), Annex A only"
list4a,07093020,070930,"84 FR 43304 (August 20, 2019), Annex A only"
list4a,07093040,070930,"84 FR 43304 (August 20, 2019), Annex A only"
list4a,07097000,070970,"84 FR 43304 (August 20, 2019), Annex A only"
list4a,07099100,070991,"84 FR 43304 (August 20, 2019), Annex A only"
list4a,07099200,070992,"84 FR 43304 (August 20, 2019), Annex A only"
list4a,07099310,070993,"84 FR 43304 (August 20, 2019), Annex A only"
list4a,07099330,070993,"84 FR 43304 (August 20, 2019), Annex A only"
list4a,07102915,071029,"84 FR 43304 (August 20, 2019), Annex A only"
list4a,07108060,071080,"84 FR 43304 (August 20, 2019), Annex A only"
list4a,07108085,071080,"84 FR 43304 (August 20, 2019), Annex A only"
list4a,07112018,071120,"84 FR 43304 (August 20, 2019), Annex A only"
list4a,07112028,071120,"84 FR 43304 (August 20, 2019), Annex A only"
list4a,07112038,071120,"84 FR 43304 (August 20, 2019), Annex A only"
list4a,07112040,071120,"84 FR 43304 (August 20, 2019), Annex A only"
list4a,07115990,071159,"84 FR 43304 (August 20, 2019), Annex A only"
list4a,07119030,071190,"84 FR 43304 (August 20, 2019), Annex A only"
list4a,07133410,071334,"84 FR 43304 (August 20, 2019), Annex A only"
list4a,07136010,071360,"84 FR 43304 (August 20, 2019), Annex A only"
list4a,07141010,071410,"84 FR 43304 (August 20, 2019), Annex A only"
list4a,07143050,071430,"84 FR 43304 (August 20, 2019), Annex A only"
list4a,08011200,080112,"84 FR 43304 (August 20, 2019), Annex A only"
list4a,08012100,080121,"84 FR 43304 (August 20, 2019), Annex A only"
list4a,08012200,080122,"84 FR 43304 (August 20, 2019), Annex A only"
list4a,08022100,080221,"84 FR 43304 (August 20, 2019), Annex A only"
list4a,08026100,080261,"84 FR 43304 (August 20, 2019), Annex A only"
list4a,08027010,080270,"84 FR 43304 (August 20, 2019), Annex A only"
list4a,08027020,080270,"84 FR 43304 (August 20, 2019), Annex A only"
list4a,08028010,080280,"84 FR 43304 (August 20, 2019), Annex A only"
list4a,08029020,080290,"84 FR 43304 (August 20, 2019), Annex A only"
list4a,08029098,080290,"84 FR 43304 (August 20, 2019), Annex A only"
list4a,08031010,080310,"84 FR 43304 (August 20, 2019), Annex A only"
list4a,08044000,080440,"84 FR 43304 (August 20, 2019), Annex A only"
list4a,08054040,080540,"84 FR 43304 (August 20, 2019), Annex A only"
list4a,08054060,080540,"84 FR 43304 (August 20, 2019), Annex A only"
list4a,08054080,080540,"84 FR 43304 (August 20, 2019), Annex A only"
list4a,08055020,080550,"84 FR 43304 (August 20, 2019), Annex A only"
list4a,08055030,080550,"84 FR 43304 (August 20, 2019), Annex A only"
list4a,08055040,080550,"84 FR 43304 (August 20, 2019), Annex A only"
list4a,08059001,080590,"84 FR 43304 (August 20, 2019), Annex A only"
list4a,08061020,080610,"84 FR 43304 (August 20, 2019), Annex A only"
list4a,08061040,080610,"84 FR 43304 (August 20, 2019), Annex A only"
list4a,08061060,080610,"84 FR 43304 (August 20, 2019), Annex A only"
list4a,08071130,080711,"84 FR 43304 (August 20, 2019), Annex A only"
list4a,08071140,080711,"84 FR 43304 (August 20, 2019), Annex A only"
list4a,08071910,080719,"84 FR 43304 (August 20, 2019), Annex A only"
list4a,08071920,080719,"84 FR 43304 (August 20, 2019), Annex A only"
list4a,08071950,080719,"84 FR 43304 (August 20, 2019), Annex A only"
list4a,08071960,080719,"84 FR 43304 (August 20, 2019), Annex A only"
list4a,08071970,080719,"84 FR 43304 (August 20, 2019), Annex A only"
list4a,08071980,080719,"84 FR 43304 (August 20, 2019), Annex A only"
list4a,08072000,080720,"84 FR 43304 (August 20, 2019), Annex A only"
list4a,08091000,080910,"84 FR 43304 (August 20, 2019), Annex A only"
list4a,08092100,080921,"84 FR 43304 (August 20, 2019), Annex A only"
list4a,08094020,080940,"84 FR 43304 (August 20, 2019), Annex A only"
list4a,08094040,080940,"84 FR 43304 (August 20, 2019), Annex A only"
list4a,08102090,081020,"84 FR 43304 (August 20, 2019), Annex A only"
list4a,08105000,081050,"84 FR 43304 (August 20, 2019), Annex A only"
list4a,08106000,081060,"84 FR 43304 (August 20, 2019), Annex A only"
list4a,08121000,081210,"84 FR 43304 (August 20, 2019), Annex A only"
list4a,09011100,090111,"84 FR 43304 (August 20, 2019), Annex A only"
list4a,09011200,090112,"84 FR 43304 (August 20, 2019), Annex A only"
list4a,09012100,090121,"84 FR 43304 (August 20, 2019), Annex A only"
list4a,09012200,090122,"84 FR 43304 (August 20, 2019), Annex A only"
list4a,09019010,090190,"84 FR 43304 (August 20, 2019), Annex A only"
list4a,09019020,090190,"84 FR 43304 (August 20, 2019), Annex A only"
list4a,09021010,090210,"84 FR 43304 (August 20, 2019), Annex A only"
list4a,09021090,090210,"84 FR 43304 (August 20, 2019), Annex A only"
list4a,09022010,090220,"84 FR 43304 (August 20, 2019), Annex A only"
list4a,09022090,090220,"84 FR 43304 (August 20, 2019), Annex A only"
list4a,09023000,090230,"84 FR 43304 (August 20, 2019), Annex A only"
list4a,09024000,090240,"84 FR 43304 (August 20, 2019), Annex A only"
list4a,09030000,090300,"84 FR 43304 (August 20, 2019), Annex A only"
list4a,09041100,090411,"84 FR 43304 (August 20, 2019), Annex A only"
list4a,09041200,090412,"84 FR 43304 (August 20, 2019), Annex A only"
list4a,09042120,090421,"84 FR 43304 (August 20, 2019), Annex A only"
list4a,09042140,090421,"84 FR 43304 (August 20, 2019), Annex A only"
list4a,09042160,090421,"84 FR 43304 (August 20, 2019), Annex A only"
list4a,09042180,090421,"84 FR 43304 (August 20, 2019), Annex A only"
list4a,09042220,090422,"84 FR 43304 (August 20, 2019), Annex A only"
list4a,09042240,090422,"84 FR 43304 (August 20, 2019), Annex A only"
list4a,09042273,090422,"84 FR 43304 (August 20, 2019), Annex A only"
list4a,09042276,090422,"84 FR 43304 (August 20, 2019), Annex A only"
list4a,09042280,090422,"84 FR 43304 (August 20, 2019), Annex A only"
list4a,09051000,090510,"84 FR 43304 (August 20, 2019), Annex A only"
list4a,09052000,090520,"84 FR 43304 (August 20, 2019), Annex A only"
list4a,09061100,090611,"84 FR 43304 (August 20, 2019), Annex A only"
list4a,09061900,090619,"84 FR 43304 (August 20, 2019), Annex A only"
list4a,09062000,090620,"84 FR 43304 (August 20, 2019), Annex A only"
list4a,09071000,090710,"84 FR 43304 (August 20, 2019), Annex A only"
list4a,09072000,090720,"84 FR 43304 (August 20, 2019), Annex A only"
list4a,09081100,090811,"84 FR 43304 (August 20, 2019), Annex A only"
list4a,09081200,090812,"84 FR 43304 (August 20, 2019), Annex A only"
list4a,09082100,090821,"84 FR 43304 (August 20, 2019), Annex A only"
list4a,09082220,090822,"84 FR 43304 (August 20, 2019), Annex A only"
list4a,09082240,090822,"84 FR 43304 (August 20, 2019), Annex A only"
list4a,09083100,090831,"84 FR 43304 (August 20, 2019), Annex A only"
list4a,09083200,090832,"84 FR 43304 (August 20, 2019), Annex A only"
list4a,09092100,090921,"84 FR 43304 (August 20, 2019), Annex A only"
list4a,09092200,090922,"84 FR 43304 (August 20, 2019), Annex A only"
list4a,09093100,090931,"84 FR 43304 (August 20, 2019), Annex A only"
list4a,09093200,090932,"84 FR 43304 (August 20, 2019), Annex A only"
list4a,09096100,090961,"84 FR 43304 (August 20, 2019), Annex A only"
list4a,09096200,090962,"84 FR 43304 (August 20, 2019), Annex A only"
list4a,09101100,091011,"84 FR 43304 (August 20, 2019), Annex A only"
list4a,09101200,091012,"84 FR 43304 (August 20, 2019), Annex A only"
list4a,09102000,091020,"84 FR 43304 (August 20, 2019), Annex A only"
list4a,09103000,091030,"84 FR 43304 (August 20, 2019), Annex A only"
list4a,09109100,091091,"84 FR 43304 (August 20, 2019), Annex A only"
list4a,09109905,091099,"84 FR 43304 (August 20, 2019), Annex A only"
list4a,09109906,091099,"84 FR 43304 (August 20, 2019), Annex A only"
list4a,09109907,091099,"84 FR 43304 (August 20, 2019), Annex A only"
list4a,09109910,091099,"84 FR 43304 (August 20, 2019), Annex A only"
list4a,09109920,091099,"84 FR 43304 (August 20, 2019), Annex A only"
list4a,09109940,091099,"84 FR 43304 (August 20, 2019), Annex A only"
list4a,09109950,091099,"84 FR 43304 (August 20, 2019), Annex A only"
list4a,09109960,091099,"84 FR 43304 (August 20, 2019), Annex A only"
list4a,10011900,100119,"84 FR 43304 (August 20, 2019), Annex A only"
list4a,10019100,100191,"84 FR 43304 (August 20, 2019), Annex A only"
list4a,10021000,100210,"84 FR 43304 (August 20, 2019), Annex A only"
list4a,10029000,100290,"84 FR 43304 (August 20, 2019), Annex A only"
list4a,10051000,100510,"84 FR 43304 (August 20, 2019), Annex A only"
list4a,10061000,100610,"84 FR 43304 (August 20, 2019), Annex A only"
list4a,10084000,100840,"84 FR 43304 (August 20, 2019), Annex A only"
list4a,10086000,100860,"84 FR 43304 (August 20, 2019), Annex A only"
list4a,12023005,120230,"84 FR 43304 (August 20, 2019), Annex A only"
list4a,12023080,120230,"84 FR 43304 (August 20, 2019), Annex A only"
list4a,12024105,120241,"84 FR 43304 (August 20, 2019), Annex A only"
list4a,12024140,120241,"84 FR 43304 (August 20, 2019), Annex A only"
list4a,12024180,120241,"84 FR 43304 (August 20, 2019), Annex A only"
list4a,12024205,120242,"84 FR 43304 (August 20, 2019), Annex A only"
list4a,12024240,120242,"84 FR 43304 (August 20, 2019), Annex A only"
list4a,12024280,120242,"84 FR 43304 (August 20, 2019), Annex A only"
list4a,12030000,120300,"84 FR 43304 (August 20, 2019), Annex A only"
list4a,12071000,120710,"84 FR 43304 (August 20, 2019), Annex A only"
list4a,12072100,120721,"84 FR 43304 (August 20, 2019), Annex A only"
list4a,12072900,120729,"84 FR 43304 (August 20, 2019), Annex A only"
list4a,12073000,120730,"84 FR 43304 (August 20, 2019), Annex A only"
list4a,12092220,120922,"84 FR 43304 (August 20, 2019), Annex A only"
list4a,12092240,120922,"84 FR 43304 (August 20, 2019), Annex A only"
list4a,12092300,120923,"84 FR 43304 (August 20, 2019), Annex A only"
list4a,12092400,120924,"84 FR 43304 (August 20, 2019), Annex A only"
list4a,12102000,121020,"84 FR 43304 (August 20, 2019), Annex A only"
list4a,12119060,121190,"84 FR 43304 (August 20, 2019), Annex A only"
list4a,12129300,121293,"84 FR 43304 (August 20, 2019), Annex A only"
list4a,12129400,121294,"84 FR 43304 (August 20, 2019), Annex A only"
list4a,13012000,130120,"84 FR 43304 (August 20, 2019), Annex A only"
list4a,13019040,130190,"84 FR 43304 (August 20, 2019), Annex A only"
list4a,13019091,130190,"84 FR 43304 (August 20, 2019), Annex A only"
list4a,13021100,130211,"84 FR 43304 (August 20, 2019), Annex A only"
list4a,13021200,130212,"84 FR 43304 (August 20, 2019), Annex A only"
list4a,13021300,130213,"84 FR 43304 (August 20, 2019), Annex A only"
list4a,13021401,130214,"84 FR 43304 (August 20, 2019), Annex A only"
list4a,13021921,130219,"84 FR 43304 (August 20, 2019), Annex A only"
list4a,13021941,130219,"84 FR 43304 (August 20, 2019), Annex A only"
list4a,13021991,130219,"84 FR 43304 (August 20, 2019), Annex A only"
list4a,13022000,130220,"84 FR 43304 (August 20, 2019), Annex A only"
list4a,13023100,130231,"84 FR 43304 (August 20, 2019), Annex A only"
list4a,13023200,130232,"84 FR 43304 (August 20, 2019), Annex A only"
list4a,13023900,130239,"84 FR 43304 (August 20, 2019), Annex A only"
list4a,14012020,140120,"84 FR 43304 (August 20, 2019), Annex A only"
list4a,14049020,140490,"84 FR 43304 (August 20, 2019), Annex A only"
list4a,15011000,150110,"84 FR 43304 (August 20, 2019), Annex A only"
list4a,15012000,150120,"84 FR 43304 (August 20, 2019), Annex A only"
list4a,15019000,150190,"84 FR 43304 (August 20, 2019), Annex A only"
list4a,15021000,150210,"84 FR 43304 (August 20, 2019), Annex A only"
list4a,15029000,150290,"84 FR 43304 (August 20, 2019), Annex A only"
list4a,15030000,150300,"84 FR 43304 (August 20, 2019), Annex A only"
list4a,15043000,150430,"84 FR 43304 (August 20, 2019), Annex A only"
list4a,15071000,150710,"84 FR 43304 (August 20, 2019), Annex A only"
list4a,15079020,150790,"84 FR 43304 (August 20, 2019), Annex A only"
list4a,15079040,150790,"84 FR 43304 (August 20, 2019), Annex A only"
list4a,15081000,150810,"84 FR 43304 (August 20, 2019), Annex A only"
list4a,15089000,150890,"84 FR 43304 (August 20, 2019), Annex A only"
list4a,15091020,150910,"84 FR 43304 (August 20, 2019), Annex A only"
list4a,15091040,150910,"84 FR 43304 (August 20, 2019), Annex A only"
list4a,15099020,150990,"84 FR 43304 (August 20, 2019), Annex A only"
list4a,15099040,150990,"84 FR 43304 (August 20, 2019), Annex A only"
list4a,15100020,151000,"84 FR 43304 (August 20, 2019), Annex A only"
list4a,15100040,151000,"84 FR 43304 (August 20, 2019), Annex A only"
list4a,15100060,151000,"84 FR 43304 (August 20, 2019), Annex A only"
list4a,15111000,151110,"84 FR 43304 (August 20, 2019), Annex A only"
list4a,15119000,151190,"84 FR 43304 (August 20, 2019), Annex A only"
list4a,15121100,151211,"84 FR 43304 (August 20, 2019), Annex A only"
list4a,15121900,151219,"84 FR 43304 (August 20, 2019), Annex A only"
list4a,15122100,151221,"84 FR 43304 (August 20, 2019), Annex A only"
list4a,15122900,151229,"84 FR 43304 (August 20, 2019), Annex A only"
list4a,15131100,151311,"84 FR 43304 (August 20, 2019), Annex A only"
list4a,15131900,151319,"84 FR 43304 (August 20, 2019), Annex A only"
list4a,15132100,151321,"84 FR 43304 (August 20, 2019), Annex A only"
list4a,15132900,151329,"84 FR 43304 (August 20, 2019), Annex A only"
list4a,15141100,151411,"84 FR 43304 (August 20, 2019), Annex A only"
list4a,15141900,151419,"84 FR 43304 (August 20, 2019), Annex A only"
list4a,15149190,151491,"84 FR 43304 (August 20, 2019), Annex A only"
list4a,15149910,151499,"84 FR 43304 (August 20, 2019), Annex A only"
list4a,15149950,151499,"84 FR 43304 (August 20, 2019), Annex A only"
list4a,15149990,151499,"84 FR 43304 (August 20, 2019), Annex A only"
list4a,15151100,151511,"84 FR 43304 (August 20, 2019), Annex A only"
list4a,15151900,151519,"84 FR 43304 (August 20, 2019), Annex A only"
list4a,15152100,151521,"84 FR 43304 (August 20, 2019), Annex A only"
list4a,15152900,151529,"84 FR 43304 (August 20, 2019), Annex A only"
list4a,15153000,151530,"84 FR 43304 (August 20, 2019), Annex A only"
list4a,15155000,151550,"84 FR 43304 (August 20, 2019), Annex A only"
list4a,15159021,151590,"84 FR 43304 (August 20, 2019), Annex A only"
list4a,15159060,151590,"84 FR 43304 (August 20, 2019), Annex A only"
list4a,15159080,151590,"84 FR 43304 (August 20, 2019), Annex A only"
list4a,15161000,151610,"84 FR 43304 (August 20, 2019), Annex A only"
list4a,15162010,151620,"84 FR 43304 (August 20, 2019), Annex A only"
list4a,15162090,151620,"84 FR 43304 (August 20, 2019), Annex A only"
list4a,15171000,151710,"84 FR 43304 (August 20, 2019), Annex A only"
list4a,15179010,151790,"84 FR 43304 (August 20, 2019), Annex A only"
list4a,15179020,151790,"84 FR 43304 (August 20, 2019), Annex A only"
list4a,15179045,151790,"84 FR 43304 (August 20, 2019), Annex A only"
list4a,15179050,151790,"84 FR 43304 (August 20, 2019), Annex A only"
list4a,15179060,151790,"84 FR 43304 (August 20, 2019), Annex A only"
list4a,15179090,151790,"84 FR 43304 (August 20, 2019), Annex A only"
list4a,15180020,151800,"84 FR 43304 (August 20, 2019), Annex A only"
list4a,15180040,151800,"84 FR 43304 (August 20, 2019), Annex A only"
list4a,15200000,152000,"84 FR 43304 (August 20, 2019), Annex A only"
list4a,15211000,152110,"84 FR 43304 (August 20, 2019), Annex A only"
list4a,15219020,152190,"84 FR 43304 (August 20, 2019), Annex A only"
list4a,15219040,152190,"84 FR 43304 (August 20, 2019), Annex A only"
list4a,15220000,152200,"84 FR 43304 (August 20, 2019), Annex A only"
list4a,16010020,160100,"84 FR 43304 (August 20, 2019), Annex A only"
list4a,16010040,160100,"84 FR 43304 (August 20, 2019), Annex A only"
list4a,16010060,160100,"84 FR 43304 (August 20, 2019), Annex A only"
list4a,16021010,160210,"84 FR 43304 (August 20, 2019), Annex A only"
list4a,16021050,160210,"84 FR 43304 (August 20, 2019), Annex A only"
list4a,16022020,160220,"84 FR 43304 (August 20, 2019), Annex A only"
list4a,16022040,160220,"84 FR 43304 (August 20, 2019), Annex A only"
list4a,16023100,160231,"84 FR 43304 (August 20, 2019), Annex A only"
list4a,16023900,160239,"84 FR 43304 (August 20, 2019), Annex A only"
list4a,16024110,160241,"84 FR 43304 (August 20, 2019), Annex A only"
list4a,16024120,160241,"84 FR 43304 (August 20, 2019), Annex A only"
list4a,16024190,160241,"84 FR 43304 (August 20, 2019), Annex A only"
list4a,16024220,160242,"84 FR 43304 (August 20, 2019), Annex A only"
list4a,16024240,160242,"84 FR 43304 (August 20, 2019), Annex A only"
list4a,16024910,160249,"84 FR 43304 (August 20, 2019), Annex A only"
list4a,16024920,160249,"84 FR 43304 (August 20, 2019), Annex A only"
list4a,16024940,160249,"84 FR 43304 (August 20, 2019), Annex A only"
list4a,16024960,160249,"84 FR 43304 (August 20, 2019), Annex A only"
list4a,16024990,160249,"84 FR 43304 (August 20, 2019), Annex A only"
list4a,16025005,160250,"84 FR 43304 (August 20, 2019), Annex A only"
list4a,16025007,160250,"84 FR 43304 (August 20, 2019), Annex A only"
list4a,16025008,160250,"84 FR 43304 (August 20, 2019), Annex A only"
list4a,16025021,160250,"84 FR 43304 (August 20, 2019), Annex A only"
list4a,16025060,160250,"84 FR 43304 (August 20, 2019), Annex A only"
list4a,16025090,160250,"84 FR 43304 (August 20, 2019), Annex A only"
list4a,16029091,160290,"84 FR 43304 (August 20, 2019), Annex A only"
list4a,17011205,170112,"84 FR 43304 (August 20, 2019), Annex A only"
list4a,17011210,170112,"84 FR 43304 (August 20, 2019), Annex A only"
list4a,17011250,170112,"84 FR 43304 (August 20, 2019), Annex A only"
list4a,17011305,170113,"84 FR 43304 (August 20, 2019), Annex A only"
list4a,17011310,170113,"84 FR 43304 (August 20, 2019), Annex A only"
list4a,17011320,170113,"84 FR 43304 (August 20, 2019), Annex A only"
list4a,17011350,170113,"84 FR 43304 (August 20, 2019), Annex A only"
list4a,17011405,170114,"84 FR 43304 (August 20, 2019), Annex A only"
list4a,17011410,170114,"84 FR 43304 (August 20, 2019), Annex A only"
list4a,17011420,170114,"84 FR 43304 (August 20, 2019), Annex A only"
list4a,17011450,170114,"84 FR 43304 (August 20, 2019), Annex A only"
list4a,17019105,170191,"84 FR 43304 (August 20, 2019), Annex A only"
list4a,17019110,170191,"84 FR 43304 (August 20, 2019), Annex A only"
list4a,17019130,170191,"84 FR 43304 (August 20, 2019), Annex A only"
list4a,17019142,170191,"84 FR 43304 (August 20, 2019), Annex A only"
list4a,17019144,170191,"84 FR 43304 (August 20, 2019), Annex A only"
list4a,17019148,170191,"84 FR 43304 (August 20, 2019), Annex A only"
list4a,17019152,170191,"84 FR 43304 (August 20, 2019), Annex A only"
list4a,17019154,170191,"84 FR 43304 (August 20, 2019), Annex A only"
list4a,17019158,170191,"84 FR 43304 (August 20, 2019), Annex A only"
list4a,17019180,170191,"84 FR 43304 (August 20, 2019), Annex A only"
list4a,17019905,170199,"84 FR 43304 (August 20, 2019), Annex A only"
list4a,17021100,170211,"84 FR 43304 (August 20, 2019), Annex A only"
list4a,17021900,170219,"84 FR 43304 (August 20, 2019), Annex A only"
list4a,17022022,170220,"84 FR 43304 (August 20, 2019), Annex A only"
list4a,17022024,170220,"84 FR 43304 (August 20, 2019), Annex A only"
list4a,17022028,170220,"84 FR 43304 (August 20, 2019), Annex A only"
list4a,17022040,170220,"84 FR 43304 (August 20, 2019), Annex A only"
list4a,17023022,170230,"84 FR 43304 (August 20, 2019), Annex A only"
list4a,17023024,170230,"84 FR 43304 (August 20, 2019), Annex A only"
list4a,17023028,170230,"84 FR 43304 (August 20, 2019), Annex A only"
list4a,17023040,170230,"84 FR 43304 (August 20, 2019), Annex A only"
list4a,17024022,170240,"84 FR 43304 (August 20, 2019), Annex A only"
list4a,17024024,170240,"84 FR 43304 (August 20, 2019), Annex A only"
list4a,17024028,170240,"84 FR 43304 (August 20, 2019), Annex A only"
list4a,17024040,170240,"84 FR 43304 (August 20, 2019), Annex A only"
list4a,17025000,170250,"84 FR 43304 (August 20, 2019), Annex A only"
list4a,17026022,170260,"84 FR 43304 (August 20, 2019), Annex A only"
list4a,17026024,170260,"84 FR 43304 (August 20, 2019), Annex A only"
list4a,17026028,170260,"84 FR 43304 (August 20, 2019), Annex A only"
list4a,17026040,170260,"84 FR 43304 (August 20, 2019), Annex A only"
list4a,17029005,170290,"84 FR 43304 (August 20, 2019), Annex A only"
list4a,17029010,170290,"84 FR 43304 (August 20, 2019), Annex A only"
list4a,17029020,170290,"84 FR 43304 (August 20, 2019), Annex A only"
list4a,17029035,170290,"84 FR 43304 (August 20, 2019), Annex A only"
list4a,17029040,170290,"84 FR 43304 (August 20, 2019), Annex A only"
list4a,17029052,170290,"84 FR 43304 (August 20, 2019), Annex A only"
list4a,17029054,170290,"84 FR 43304 (August 20, 2019), Annex A only"
list4a,17029058,170290,"84 FR 43304 (August 20, 2019), Annex A only"
list4a,17029064,170290,"84 FR 43304 (August 20, 2019), Annex A only"
list4a,17029068,170290,"84 FR 43304 (August 20, 2019), Annex A only"
list4a,17031030,170310,"84 FR 43304 (August 20, 2019), Annex A only"
list4a,17031050,170310,"84 FR 43304 (August 20, 2019), Annex A only"
list4a,17039030,170390,"84 FR 43304 (August 20, 2019), Annex A only"
list4a,17039050,170390,"84 FR 43304 (August 20, 2019), Annex A only"
list4a,17041000,170410,"84 FR 43304 (August 20, 2019), Annex A only"
list4a,17049010,170490,"84 FR 43304 (August 20, 2019), Annex A only"
list4a,17049025,170490,"84 FR 43304 (August 20, 2019), Annex A only"
list4a,17049052,170490,"84 FR 43304 (August 20, 2019), Annex A only"
list4a,17049054,170490,"84 FR 43304 (August 20, 2019), Annex A only"
list4a,17049058,170490,"84 FR 43304 (August 20, 2019), Annex A only"
list4a,17049064,170490,"84 FR 43304 (August 20, 2019), Annex A only"
list4a,17049068,170490,"84 FR 43304 (August 20, 2019), Annex A only"
list4a,17049074,170490,"84 FR 43304 (August 20, 2019), Annex A only"
list4a,17049078,170490,"84 FR 43304 (August 20, 2019), Annex A only"
list4a,18010000,180100,"84 FR 43304 (August 20, 2019), Annex A only"
list4a,18020000,180200,"84 FR 43304 (August 20, 2019), Annex A only"
list4a,18031000,180310,"84 FR 43304 (August 20, 2019), Annex A only"
list4a,18032000,180320,"84 FR 43304 (August 20, 2019), Annex A only"
list4a,18040000,180400,"84 FR 43304 (August 20, 2019), Annex A only"
list4a,18050000,180500,"84 FR 43304 (August 20, 2019), Annex A only"
list4a,18061005,180610,"84 FR 43304 (August 20, 2019), Annex A only"
list4a,18061010,180610,"84 FR 43304 (August 20, 2019), Annex A only"
list4a,18061015,180610,"84 FR 43304 (August 20, 2019), Annex A only"
list4a,18061022,180610,"84 FR 43304 (August 20, 2019), Annex A only"
list4a,18061024,180610,"84 FR 43304 (August 20, 2019), Annex A only"
list4a,18061028,180610,"84 FR 43304 (August 20, 2019), Annex A only"
list4a,18061034,180610,"84 FR 43304 (August 20, 2019), Annex A only"
list4a,18061038,180610,"84 FR 43304 (August 20, 2019), Annex A only"
list4a,18061043,180610,"84 FR 43304 (August 20, 2019), Annex A only"
list4a,18061045,180610,"84 FR 43304 (August 20, 2019), Annex A only"
list4a,18061055,180610,"84 FR 43304 (August 20, 2019), Annex A only"
list4a,18061065,180610,"84 FR 43304 (August 20, 2019), Annex A only"
list4a,18061075,180610,"84 FR 43304 (August 20, 2019), Annex A only"
list4a,18062020,180620,"84 FR 43304 (August 20, 2019), Annex A only"
list4a,18062022,180620,"84 FR 43304 (August 20, 2019), Annex A only"
list4a,18062024,180620,"84 FR 43304 (August 20, 2019), Annex A only"
list4a,18062026,180620,"84 FR 43304 (August 20, 2019), Annex A only"
list4a,18062028,180620,"84 FR 43304 (August 20, 2019), Annex A only"
list4a,18062034,180620,"84 FR 43304 (August 20, 2019), Annex A only"
list4a,18062036,180620,"84 FR 43304 (August 20, 2019), Annex A only"
list4a,18062038,180620,"84 FR 43304 (August 20, 2019), Annex A only"
list4a,18062050,180620,"84 FR 43304 (August 20, 2019), Annex A only"
list4a,18062060,180620,"84 FR 43304 (August 20, 2019), Annex A only"
list4a,18062067,180620,"84 FR 43304 (August 20, 2019), Annex A only"
list4a,18062071,180620,"84 FR 43304 (August 20, 2019), Annex A only"
list4a,18062073,180620,"84 FR 43304 (August 20, 2019), Annex A only"
list4a,18062075,180620,"84 FR 43304 (August 20, 2019), Annex A only"
list4a,18062077,180620,"84 FR 43304 (August 20, 2019), Annex A only"
list4a,18062078,180620,"84 FR 43304 (August 20, 2019), Annex A only"
list4a,18062079,180620,"84 FR 43304 (August 20, 2019), Annex A only"
list4a,18062081,180620,"84 FR 43304 (August 20, 2019), Annex A only"
list4a,18062082,180620,"84 FR 43304 (August 20, 2019), Annex A only"
list4a,18062083,180620,"84 FR 43304 (August 20, 2019), Annex A only"
list4a,18062085,180620,"84 FR 43304 (August 20, 2019), Annex A only"
list4a,18062087,180620,"84 FR 43304 (August 20, 2019), Annex A only"
list4a,18062089,180620,"84 FR 43304 (August 20, 2019), Annex A only"
list4a,18062091,180620,"84 FR 43304 (August 20, 2019), Annex A only"
list4a,18062094,180620,"84 FR 43304 (August 20, 2019), Annex A only"
list4a,18062095,180620,"84 FR 43304 (August 20, 2019), Annex A only"
list4a,18062098,180620,"84 FR 43304 (August 20, 2019), Annex A only"
list4a,18062099,180620,"84 FR 43304 (August 20, 2019), Annex A only"
list4a,18063100,180631,"84 FR 43304 (August 20, 2019), Annex A only"
list4a,18063201,180632,"84 FR 43304 (August 20, 2019), Annex A only"
list4a,18063204,180632,"84 FR 43304 (August 20, 2019), Annex A only"
list4a,18063206,180632,"84 FR 43304 (August 20, 2019), Annex A only"
list4a,18063208,180632,"84 FR 43304 (August 20, 2019), Annex A only"
list4a,18063214,180632,"84 FR 43304 (August 20, 2019), Annex A only"
list4a,18063216,180632,"84 FR 43304 (August 20, 2019), Annex A only"
list4a,18063218,180632,"84 FR 43304 (August 20, 2019), Annex A only"
list4a,18063230,180632,"84 FR 43304 (August 20, 2019), Annex A only"
list4a,18063255,180632,"84 FR 43304 (August 20, 2019), Annex A only"
list4a,18063260,180632,"84 FR 43304 (August 20, 2019), Annex A only"
list4a,18063270,180632,"84 FR 43304 (August 20, 2019), Annex A only"
list4a,18063280,180632,"84 FR 43304 (August 20, 2019), Annex A only"
list4a,18063290,180632,"84 FR 43304 (August 20, 2019), Annex A only"
list4a,18069001,180690,"84 FR 43304 (August 20, 2019), Annex A only"
list4a,18069005,180690,"84 FR 43304 (August 20, 2019), Annex A only"
list4a,18069008,180690,"84 FR 43304 (August 20, 2019), Annex A only"
list4a,18069010,180690,"84 FR 43304 (August 20, 2019), Annex A only"
list4a,18069015,180690,"84 FR 43304 (August 20, 2019), Annex A only"
list4a,18069018,180690,"84 FR 43304 (August 20, 2019), Annex A only"
list4a,18069020,180690,"84 FR 43304 (August 20, 2019), Annex A only"
list4a,18069025,180690,"84 FR 43304 (August 20, 2019), Annex A only"
list4a,18069028,180690,"84 FR 43304 (August 20, 2019), Annex A only"
list4a,18069030,180690,"84 FR 43304 (August 20, 2019), Annex A only"
list4a,18069035,180690,"84 FR 43304 (August 20, 2019), Annex A only"
list4a,18069039,180690,"84 FR 43304 (August 20, 2019), Annex A only"
list4a,18069045,180690,"84 FR 43304 (August 20, 2019), Annex A only"
list4a,18069049,180690,"84 FR 43304 (August 20, 2019), Annex A only"
list4a,18069055,180690,"84 FR 43304 (August 20, 2019), Annex A only"
list4a,18069059,180690,"84 FR 43304 (August 20, 2019), Annex A only"
list4a,18069090,180690,"84 FR 43304 (August 20, 2019), Annex A only"
list4a,19011005,190110,"84 FR 43304 (August 20, 2019), Annex A only"
list4a,19011011,190110,"84 FR 43304 (August 20, 2019), Annex A only"
list4a,19011016,190110,"84 FR 43304 (August 20, 2019), Annex A only"
list4a,19011021,190110,"84 FR 43304 (August 20, 2019), Annex A only"
list4a,19011026,190110,"84 FR 43304 (August 20, 2019), Annex A only"
list4a,19011029,190110,"84 FR 43304 (August 20, 2019), Annex A only"
list4a,19011031,190110,"84 FR 43304 (August 20, 2019), Annex A only"
list4a,19011033,190110,"84 FR 43304 (August 20, 2019), Annex A only"
list4a,19011036,190110,"84 FR 43304 (August 20, 2019), Annex A only"
list4a,19011041,190110,"84 FR 43304 (August 20, 2019), Annex A only"
list4a,19011044,190110,"84 FR 43304 (August 20, 2019), Annex A only"
list4a,19011049,190110,"84 FR 43304 (August 20, 2019), Annex A only"
list4a,19011052,190110,"84 FR 43304 (August 20, 2019), Annex A only"
list4a,19011054,190110,"84 FR 43304 (August 20, 2019), Annex A only"
list4a,19011056,190110,"84 FR 43304 (August 20, 2019), Annex A only"
list4a,19011062,190110,"84 FR 43304 (August 20, 2019), Annex A only"
list4a,19011064,190110,"84 FR 43304 (August 20, 2019), Annex A only"
list4a,19011066,190110,"84 FR 43304 (August 20, 2019), Annex A only"
list4a,19011072,190110,"84 FR 43304 (August 20, 2019), Annex A only"
list4a,19011074,190110,"84 FR 43304 (August 20, 2019), Annex A only"
list4a,19011076,190110,"84 FR 43304 (August 20, 2019), Annex A only"
list4a,19011091,190110,"84 FR 43304 (August 20, 2019), Annex A only"
list4a,19012002,190120,"84 FR 43304 (August 20, 2019), Annex A only"
list4a,19012005,190120,"84 FR 43304 (August 20, 2019), Annex A only"
list4a,19012015,190120,"84 FR 43304 (August 20, 2019), Annex A only"
list4a,19012020,190120,"84 FR 43304 (August 20, 2019), Annex A only"
list4a,19012025,190120,"84 FR 43304 (August 20, 2019), Annex A only"
list4a,19012030,190120,"84 FR 43304 (August 20, 2019), Annex A only"
list4a,19012035,190120,"84 FR 43304 (August 20, 2019), Annex A only"
list4a,19012040,190120,"84 FR 43304 (August 20, 2019), Annex A only"
list4a,19012042,190120,"84 FR 43304 (August 20, 2019), Annex A only"
list4a,19012045,190120,"84 FR 43304 (August 20, 2019), Annex A only"
list4a,19012050,190120,"84 FR 43304 (August 20, 2019), Annex A only"
list4a,19012055,190120,"84 FR 43304 (August 20, 2019), Annex A only"
list4a,19012060,190120,"84 FR 43304 (August 20, 2019), Annex A only"
list4a,19012065,190120,"84 FR 43304 (August 20, 2019), Annex A only"
list4a,19012070,190120,"84 FR 43304 (August 20, 2019), Annex A only"
list4a,19012080,190120,"84 FR 43304 (August 20, 2019), Annex A only"
list4a,19019010,190190,"84 FR 43304 (August 20, 2019), Annex A only"
list4a,19019020,190190,"84 FR 43304 (August 20, 2019), Annex A only"
list4a,19019025,190190,"84 FR 43304 (August 20, 2019), Annex A only"
list4a,19019028,190190,"84 FR 43304 (August 20, 2019), Annex A only"
list4a,19019032,190190,"84 FR 43304 (August 20, 2019), Annex A only"
list4a,19019033,190190,"84 FR 43304 (August 20, 2019), Annex A only"
list4a,19019034,190190,"84 FR 43304 (August 20, 2019), Annex A only"
list4a,19019036,190190,"84 FR 43304 (August 20, 2019), Annex A only"
list4a,19019060,190190,"84 FR 43304 (August 20, 2019), Annex A only"
list4a,19019061,190190,"84 FR 43304 (August 20, 2019), Annex A only"
list4a,19019062,190190,"84 FR 43304 (August 20, 2019), Annex A only"
list4a,19019063,190190,"84 FR 43304 (August 20, 2019), Annex A only"
list4a,19019064,190190,"84 FR 43304 (August 20, 2019), Annex A only"
list4a,19019065,190190,"84 FR 43304 (August 20, 2019), Annex A only"
list4a,19019066,190190,"84 FR 43304 (August 20, 2019), Annex A only"
list4a,19019067,190190,"84 FR 43304 (August 20, 2019), Annex A only"
list4a,19019068,190190,"84 FR 43304 (August 20, 2019), Annex A only"
list4a,19019069,190190,"84 FR 43304 (August 20, 2019), Annex A only"
list4a,19019071,190190,"84 FR 43304 (August 20, 2019), Annex A only"
list4a,19019072,190190,"84 FR 43304 (August 20, 2019), Annex A only"
list4a,19021120,190211,"84 FR 43304 (August 20, 2019), Annex A only"
list4a,19021140,190211,"84 FR 43304 (August 20, 2019), Annex A only"
list4a,19024000,190240,"84 FR 43304 (August 20, 2019), Annex A only"
list4a,19030020,190300,"84 FR 43304 (August 20, 2019), Annex A only"
list4a,19030040,190300,"84 FR 43304 (August 20, 2019), Annex A only"
list4a,19041000,190410,"84 FR 43304 (August 20, 2019), Annex A only"
list4a,19042010,190420,"84 FR 43304 (August 20, 2019), Annex A only"
list4a,19042090,190420,"84 FR 43304 (August 20, 2019), Annex A only"
list4a,19043000,190430,"84 FR 43304 (August 20, 2019), Annex A only"
list4a,19049001,190490,"84 FR 43304 (August 20, 2019), Annex A only"
list4a,19051000,190510,"84 FR 43304 (August 20, 2019), Annex A only"
list4a,19052000,190520,"84 FR 43304 (August 20, 2019), Annex A only"
list4a,19053100,190531,"84 FR 43304 (August 20, 2019), Annex A only"
list4a,19053200,190532,"84 FR 43304 (August 20, 2019), Annex A only"
list4a,19054000,190540,"84 FR 43304 (August 20, 2019), Annex A only"
list4a,19059090,190590,"84 FR 43304 (August 20, 2019), Annex A only"
list4a,20019010,200190,"84 FR 43304 (August 20, 2019), Annex A only"
list4a,20019033,200190,"84 FR 43304 (August 20, 2019), Annex A only"
list4a,20019045,200190,"84 FR 43304 (August 20, 2019), Annex A only"
list4a,20041040,200410,"84 FR 43304 (August 20, 2019), Annex A only"
list4a,20049010,200490,"84 FR 43304 (August 20, 2019), Annex A only"
list4a,20051000,200510,"84 FR 43304 (August 20, 2019), Annex A only"
list4a,20057002,200570,"84 FR 43304 (August 20, 2019), Annex A only"
list4a,20057004,200570,"84 FR 43304 (August 20, 2019), Annex A only"
list4a,20057006,200570,"84 FR 43304 (August 20, 2019), Annex A only"
list4a,20057008,200570,"84 FR 43304 (August 20, 2019), Annex A only"
list4a,20057012,200570,"84 FR 43304 (August 20, 2019), Annex A only"
list4a,20057016,200570,"84 FR 43304 (August 20, 2019), Annex A only"
list4a,20057018,200570,"84 FR 43304 (August 20, 2019), Annex A only"
list4a,20057023,200570,"84 FR 43304 (August 20, 2019), Annex A only"
list4a,20057050,200570,"84 FR 43304 (August 20, 2019), Annex A only"
list4a,20057091,200570,"84 FR 43304 (August 20, 2019), Annex A only"
list4a,20057093,200570,"84 FR 43304 (August 20, 2019), Annex A only"
list4a,20079190,200791,"84 FR 43304 (August 20, 2019), Annex A only"
list4a,20079930,200799,"84 FR 43304 (August 20, 2019), Annex A only"
list4a,20079955,200799,"84 FR 43304 (August 20, 2019), Annex A only"
list4a,20081135,200811,"84 FR 43304 (August 20, 2019), Annex A only"
list4a,20081160,200811,"84 FR 43304 (August 20, 2019), Annex A only"
list4a,20083035,200830,"84 FR 43304 (August 20, 2019), Annex A only"
list4a,20083037,200830,"84 FR 43304 (August 20, 2019), Annex A only"
list4a,20083060,200830,"84 FR 43304 (August 20, 2019), Annex A only"
list4a,20083066,200830,"84 FR 43304 (August 20, 2019), Annex A only"
list4a,20083085,200830,"84 FR 43304 (August 20, 2019), Annex A only"
list4a,20089100,200891,"84 FR 43304 (August 20, 2019), Annex A only"
list4a,20089910,200899,"84 FR 43304 (August 20, 2019), Annex A only"
list4a,20089913,200899,"84 FR 43304 (August 20, 2019), Annex A only"
list4a,20089945,200899,"84 FR 43304 (August 20, 2019), Annex A only"
list4a,20089965,200899,"84 FR 43304 (August 20, 2019), Annex A only"
list4a,20091225,200912,"84 FR 43304 (August 20, 2019), Annex A only"
list4a,20091245,200912,"84 FR 43304 (August 20, 2019), Annex A only"
list4a,20091900,200919,"84 FR 43304 (August 20, 2019), Annex A only"
list4a,20092120,200921,"84 FR 43304 (August 20, 2019), Annex A only"
list4a,20092140,200921,"84 FR 43304 (August 20, 2019), Annex A only"
list4a,20093110,200931,"84 FR 43304 (August 20, 2019), Annex A only"
list4a,20093910,200939,"84 FR 43304 (August 20, 2019), Annex A only"
list4a,20093920,200939,"84 FR 43304 (August 20, 2019), Annex A only"
list4a,20094120,200941,"84 FR 43304 (August 20, 2019), Annex A only"
list4a,20094920,200949,"84 FR 43304 (August 20, 2019), Annex A only"
list4a,20096100,200961,"84 FR 43304 (August 20, 2019), Annex A only"
list4a,20098100,200981,"84 FR 43304 (August 20, 2019), Annex A only"
list4a,20098940,200989,"84 FR 43304 (August 20, 2019), Annex A only"
list4a,20099020,200990,"84 FR 43304 (August 20, 2019), Annex A only"
list4a,21011121,210111,"84 FR 43304 (August 20, 2019), Annex A only"
list4a,21011129,210111,"84 FR 43304 (August 20, 2019), Annex A only"
list4a,21011232,210112,"84 FR 43304 (August 20, 2019), Annex A only"
list4a,21011234,210112,"84 FR 43304 (August 20, 2019), Annex A only"
list4a,21011238,210112,"84 FR 43304 (August 20, 2019), Annex A only"
list4a,21011244,210112,"84 FR 43304 (August 20, 2019), Annex A only"
list4a,21011248,210112,"84 FR 43304 (August 20, 2019), Annex A only"
list4a,21011254,210112,"84 FR 43304 (August 20, 2019), Annex A only"
list4a,21011258,210112,"84 FR 43304 (August 20, 2019), Annex A only"
list4a,21011290,210112,"84 FR 43304 (August 20, 2019), Annex A only"
list4a,21012020,210120,"84 FR 43304 (August 20, 2019), Annex A only"
list4a,21012032,210120,"84 FR 43304 (August 20, 2019), Annex A only"
list4a,21012034,210120,"84 FR 43304 (August 20, 2019), Annex A only"
list4a,21012038,210120,"84 FR 43304 (August 20, 2019), Annex A only"
list4a,21012044,210120,"84 FR 43304 (August 20, 2019), Annex A only"
list4a,21012048,210120,"84 FR 43304 (August 20, 2019), Annex A only"
list4a,21012054,210120,"84 FR 43304 (August 20, 2019), Annex A only"
list4a,21012058,210120,"84 FR 43304 (August 20, 2019), Annex A only"
list4a,21012090,210120,"84 FR 43304 (August 20, 2019), Annex A only"
list4a,21013000,210130,"84 FR 43304 (August 20, 2019), Annex A only"
list4a,21021000,210210,"84 FR 43304 (August 20, 2019), Annex A only"
list4a,21022020,210220,"84 FR 43304 (August 20, 2019), Annex A only"
list4a,21022040,210220,"84 FR 43304 (August 20, 2019), Annex A only"
list4a,21022060,210220,"84 FR 43304 (August 20, 2019), Annex A only"
list4a,21023000,210230,"84 FR 43304 (August 20, 2019), Annex A only"
list4a,21032020,210320,"84 FR 43304 (August 20, 2019), Annex A only"
list4a,21032040,210320,"84 FR 43304 (August 20, 2019), Annex A only"
list4a,21033020,210330,"84 FR 43304 (August 20, 2019), Annex A only"
list4a,21033040,210330,"84 FR 43304 (August 20, 2019), Annex A only"
list4a,21039020,210390,"84 FR 43304 (August 20, 2019), Annex A only"
list4a,21039040,210390,"84 FR 43304 (August 20, 2019), Annex A only"
list4a,21039072,210390,"84 FR 43304 (August 20, 2019), Annex A only"
list4a,21039074,210390,"84 FR 43304 (August 20, 2019), Annex A only"
list4a,21039078,210390,"84 FR 43304 (August 20, 2019), Annex A only"
list4a,21039090,210390,"84 FR 43304 (August 20, 2019), Annex A only"
list4a,21041000,210410,"84 FR 43304 (August 20, 2019), Annex A only"
list4a,21042010,210420,"84 FR 43304 (August 20, 2019), Annex A only"
list4a,21042050,210420,"84 FR 43304 (August 20, 2019), Annex A only"
list4a,21050005,210500,"84 FR 43304 (August 20, 2019), Annex A only"
list4a,21050010,210500,"84 FR 43304 (August 20, 2019), Annex A only"
list4a,21050020,210500,"84 FR 43304 (August 20, 2019), Annex A only"
list4a,21050025,210500,"84 FR 43304 (August 20, 2019), Annex A only"
list4a,21050030,210500,"84 FR 43304 (August 20, 2019), Annex A only"
list4a,21050040,210500,"84 FR 43304 (August 20, 2019), Annex A only"
list4a,21050050,210500,"84 FR 43304 (August 20, 2019), Annex A only"
list4a,21069003,210690,"84 FR 43304 (August 20, 2019), Annex A only"
list4a,21069006,210690,"84 FR 43304 (August 20, 2019), Annex A only"
list4a,21069009,210690,"84 FR 43304 (August 20, 2019), Annex A only"
list4a,21069012,210690,"84 FR 43304 (August 20, 2019), Annex A only"
list4a,21069015,210690,"84 FR 43304 (August 20, 2019), Annex A only"
list4a,21069018,210690,"84 FR 43304 (August 20, 2019), Annex A only"
list4a,21069022,210690,"84 FR 43304 (August 20, 2019), Annex A only"
list4a,21069024,210690,"84 FR 43304 (August 20, 2019), Annex A only"
list4a,21069026,210690,"84 FR 43304 (August 20, 2019), Annex A only"
list4a,21069028,210690,"84 FR 43304 (August 20, 2019), Annex A only"
list4a,21069032,210690,"84 FR 43304 (August 20, 2019), Annex A only"
list4a,21069034,210690,"84 FR 43304 (August 20, 2019), Annex A only"
list4a,21069036,210690,"84 FR 43304 (August 20, 2019), Annex A only"
list4a,21069038,210690,"84 FR 43304 (August 20, 2019), Annex A only"
list4a,21069042,210690,"84 FR 43304 (August 20, 2019), Annex A only"
list4a,21069044,210690,"84 FR 43304 (August 20, 2019), Annex A only"
list4a,21069046,210690,"84 FR 43304 (August 20, 2019), Annex A only"
list4a,21069048,210690,"84 FR 43304 (August 20, 2019), Annex A only"
list4a,21069052,210690,"84 FR 43304 (August 20, 2019), Annex A only"
list4a,21069054,210690,"84 FR 43304 (August 20, 2019), Annex A only"
list4a,21069058,210690,"84 FR 43304 (August 20, 2019), Annex A only"
list4a,21069062,210690,"84 FR 43304 (August 20, 2019), Annex A only"
list4a,21069064,210690,"84 FR 43304 (August 20, 2019), Annex A only"
list4a,21069066,210690,"84 FR 43304 (August 20, 2019), Annex A only"
list4a,21069068,210690,"84 FR 43304 (August 20, 2019), Annex A only"
list4a,21069072,210690,"84 FR 43304 (August 20, 2019), Annex A only"
list4a,21069074,210690,"84 FR 43304 (August 20, 2019), Annex A only"
list4a,21069076,210690,"84 FR 43304 (August 20, 2019), Annex A only"
list4a,21069078,210690,"84 FR 43304 (August 20, 2019), Annex A only"
list4a,21069080,210690,"84 FR 43304 (August 20, 2019), Annex A only"
list4a,21069082,210690,"84 FR 43304 (August 20, 2019), Annex A only"
list4a,21069083,210690,"84 FR 43304 (August 20, 2019), Annex A only"
list4a,21069085,210690,"84 FR 43304 (August 20, 2019), Annex A only"
list4a,21069087,210690,"84 FR 43304 (August 20, 2019), Annex A only"
list4a,21069089,210690,"84 FR 43304 (August 20, 2019), Annex A only"
list4a,21069091,210690,"84 FR 43304 (August 20, 2019), Annex A only"
list4a,21069092,210690,"84 FR 43304 (August 20, 2019), Annex A only"
list4a,21069094,210690,"84 FR 43304 (August 20, 2019), Annex A only"
list4a,21069095,210690,"84 FR 43304 (August 20, 2019), Annex A only"
list4a,21069097,210690,"84 FR 43304 (August 20, 2019), Annex A only"
list4a,21069098,210690,"84 FR 43304 (August 20, 2019), Annex A only"
list4a,22029100,220291,"84 FR 43304 (August 20, 2019), Annex A only"
list4a,22029910,220299,"84 FR 43304 (August 20, 2019), Annex A only"
list4a,22029922,220299,"84 FR 43304 (August 20, 2019), Annex A only"
list4a,22029924,220299,"84 FR 43304 (August 20, 2019), Annex A only"
list4a,22029928,220299,"84 FR 43304 (August 20, 2019), Annex A only"
list4a,22042220,220422,"84 FR 43304 (August 20, 2019), Annex A only"
list4a,22042240,220422,"84 FR 43304 (August 20, 2019), Annex A only"
list4a,22042260,220422,"84 FR 43304 (August 20, 2019), Annex A only"
list4a,22042280,220422,"84 FR 43304 (August 20, 2019), Annex A only"
list4a,22042961,220429,"84 FR 43304 (August 20, 2019), Annex A only"
list4a,22042981,220429,"84 FR 43304 (August 20, 2019), Annex A only"
list4a,22043000,220430,"84 FR 43304 (August 20, 2019), Annex A only"
list4a,22051030,220510,"84 FR 43304 (August 20, 2019), Annex A only"
list4a,22051060,220510,"84 FR 43304 (August 20, 2019), Annex A only"
list4a,22059020,220590,"84 FR 43304 (August 20, 2019), Annex A only"
list4a,22059040,220590,"84 FR 43304 (August 20, 2019), Annex A only"
list4a,22059060,220590,"84 FR 43304 (August 20, 2019), Annex A only"
list4a,22060015,220600,"84 FR 43304 (August 20, 2019), Annex A only"
list4a,22060030,220600,"84 FR 43304 (August 20, 2019), Annex A only"
list4a,22060060,220600,"84 FR 43304 (August 20, 2019), Annex A only"
list4a,22072000,220720,"84 FR 43304 (August 20, 2019), Annex A only"
list4a,22082010,220820,"84 FR 43304 (August 20, 2019), Annex A only"
list4a,22082020,220820,"84 FR 43304 (August 20, 2019), Annex A only"
list4a,22082030,220820,"84 FR 43304 (August 20, 2019), Annex A only"
list4a,22082040,220820,"84 FR 43304 (August 20, 2019), Annex A only"
list4a,22082050,220820,"84 FR 43304 (August 20, 2019), Annex A only"
list4a,22082060,220820,"84 FR 43304 (August 20, 2019), Annex A only"
list4a,22083030,220830,"84 FR 43304 (August 20, 2019), Annex A only"
list4a,22083060,220830,"84 FR 43304 (August 20, 2019), Annex A only"
list4a,22084020,220840,"84 FR 43304 (August 20, 2019), Annex A only"
list4a,22084040,220840,"84 FR 43304 (August 20, 2019), Annex A only"
list4a,22084060,220840,"84 FR 43304 (August 20, 2019), Annex A only"
list4a,22084080,220840,"84 FR 43304 (August 20, 2019), Annex A only"
list4a,22085000,220850,"84 FR 43304 (August 20, 2019), Annex A only"
list4a,22086010,220860,"84 FR 43304 (August 20, 2019), Annex A only"
list4a,22086020,220860,"84 FR 43304 (August 20, 2019), Annex A only"
list4a,22086050,220860,"84 FR 43304 (August 20, 2019), Annex A only"
list4a,22087000,220870,"84 FR 43304 (August 20, 2019), Annex A only"
list4a,22089001,220890,"84 FR 43304 (August 20, 2019), Annex A only"
list4a,22089005,220890,"84 FR 43304 (August 20, 2019), Annex A only"
list4a,22089010,220890,"84 FR 43304 (August 20, 2019), Annex A only"
list4a,22089012,220890,"84 FR 43304 (August 20, 2019), Annex A only"
list4a,22089014,220890,"84 FR 43304 (August 20, 2019), Annex A only"
list4a,22089015,220890,"84 FR 43304 (August 20, 2019), Annex A only"
list4a,22089020,220890,"84 FR 43304 (August 20, 2019), Annex A only"
list4a,22089025,220890,"84 FR 43304 (August 20, 2019), Annex A only"
list4a,22089030,220890,"84 FR 43304 (August 20, 2019), Annex A only"
list4a,22089035,220890,"84 FR 43304 (August 20, 2019), Annex A only"
list4a,22089040,220890,"84 FR 43304 (August 20, 2019), Annex A only"
list4a,22089046,220890,"84 FR 43304 (August 20, 2019), Annex A only"
list4a,22089050,220890,"84 FR 43304 (August 20, 2019), Annex A only"
list4a,22089055,220890,"84 FR 43304 (August 20, 2019), Annex A only"
list4a,22089071,220890,"84 FR 43304 (August 20, 2019), Annex A only"
list4a,22089072,220890,"84 FR 43304 (August 20, 2019), Annex A only"
list4a,22089075,220890,"84 FR 43304 (August 20, 2019), Annex A only"
list4a,23021000,230210,"84 FR 43304 (August 20, 2019), Annex A only"
list4a,23061000,230610,"84 FR 43304 (August 20, 2019), Annex A only"
list4a,23065000,230650,"84 FR 43304 (August 20, 2019), Annex A only"
list4a,23066000,230660,"84 FR 43304 (August 20, 2019), Annex A only"
list4a,23070000,230700,"84 FR 43304 (August 20, 2019), Annex A only"
list4a,23080010,230800,"84 FR 43304 (August 20, 2019), Annex A only"
list4a,23080093,230800,"84 FR 43304 (August 20, 2019), Annex A only"
list4a,23099022,230990,"84 FR 43304 (August 20, 2019), Annex A only"
list4a,23099024,230990,"84 FR 43304 (August 20, 2019), Annex A only"
list4a,23099028,230990,"84 FR 43304 (August 20, 2019), Annex A only"
list4a,23099042,230990,"84 FR 43304 (August 20, 2019), Annex A only"
list4a,23099044,230990,"84 FR 43304 (August 20, 2019), Annex A only"
list4a,23099048,230990,"84 FR 43304 (August 20, 2019), Annex A only"
list4a,23099060,230990,"84 FR 43304 (August 20, 2019), Annex A only"
list4a,24011021,240110,"84 FR 43304 (August 20, 2019), Annex A only"
list4a,24011029,240110,"84 FR 43304 (August 20, 2019), Annex A only"
list4a,24011048,240110,"84 FR 43304 (August 20, 2019), Annex A only"
list4a,24011053,240110,"84 FR 43304 (August 20, 2019), Annex A only"
list4a,24011061,240110,"84 FR 43304 (August 20, 2019), Annex A only"
list4a,24011063,240110,"84 FR 43304 (August 20, 2019), Annex A only"
list4a,24011065,240110,"84 FR 43304 (August 20, 2019), Annex A only"
list4a,24011095,240110,"84 FR 43304 (August 20, 2019), Annex A only"
list4a,24039120,240391,"84 FR 43304 (August 20, 2019), Annex A only"
list4a,24039145,240391,"84 FR 43304 (August 20, 2019), Annex A only"
list4a,24039147,240391,"84 FR 43304 (August 20, 2019), Annex A only"
list4a,26211000,262110,"84 FR 43304 (August 20, 2019), Annex A only"
list4a,27079951,270799,"84 FR 43304 (August 20, 2019), Annex A only"
list4a,27109100,271091,"84 FR 43304 (August 20, 2019), Annex A only"
list4a,27109905,271099,"84 FR 43304 (August 20, 2019), Annex A only"
list4a,27109910,271099,"84 FR 43304 (August 20, 2019), Annex A only"
list4a,27109916,271099,"84 FR 43304 (August 20, 2019), Annex A only"
list4a,27109921,271099,"84 FR 43304 (August 20, 2019), Annex A only"
list4a,27109931,271099,"84 FR 43304 (August 20, 2019), Annex A only"
list4a,27109932,271099,"84 FR 43304 (August 20, 2019), Annex A only"
list4a,27109939,271099,"84 FR 43304 (August 20, 2019), Annex A only"
list4a,27109945,271099,"84 FR 43304 (August 20, 2019), Annex A only"
list4a,27109990,271099,"84 FR 43304 (August 20, 2019), Annex A only"
list4a,27122000,271220,"84 FR 43304 (August 20, 2019), Annex A only"
list4a,28111910,281119,"84 FR 43304 (August 20, 2019), Annex A only"
list4a,28181010,281810,"84 FR 43304 (August 20, 2019), Annex A only"
list4a,28181020,281810,"84 FR 43304 (August 20, 2019), Annex A only"
list4a,28273910,282739,"84 FR 43304 (August 20, 2019), Annex A only"
list4a,28371901,283719,"84 FR 43304 (August 20, 2019), Annex A only"
list4a,28442000,284420,"84 FR 43304 (August 20, 2019), Annex A only"
list4a,28445000,284450,"84 FR 43304 (August 20, 2019), Annex A only"
list4a,29037910,290379,"84 FR 43304 (August 20, 2019), Annex A only"
list4a,29038905,290389,"84 FR 43304 (August 20, 2019), Annex A only"
list4a,29039300,290393,"84 FR 43304 (August 20, 2019), Annex A only"
list4a,29039915,290399,"84 FR 43304 (August 20, 2019), Annex A only"
list4a,29054300,290543,"84 FR 43304 (August 20, 2019), Annex A only"
list4a,29054400,290544,"84 FR 43304 (August 20, 2019), Annex A only"
list4a,29054500,290545,"84 FR 43304 (August 20, 2019), Annex A only"
list4a,29089906,290899,"84 FR 43304 (August 20, 2019), Annex A only"
list4a,29124100,291241,"84 FR 43304 (August 20, 2019), Annex A only"
list4a,29147940,291479,"84 FR 43304 (August 20, 2019), Annex A only"
list4a,29154020,291540,"84 FR 43304 (August 20, 2019), Annex A only"
list4a,29163425,291634,"84 FR 43304 (August 20, 2019), Annex A only"
list4a,29163908,291639,"84 FR 43304 (August 20, 2019), Annex A only"
list4a,29163912,291639,"84 FR 43304 (August 20, 2019), Annex A only"
list4a,29163979,291639,"84 FR 43304 (August 20, 2019), Annex A only"
list4a,29181920,291819,"84 FR 43304 (August 20, 2019), Annex A only"
list4a,29181931,291819,"84 FR 43304 (August 20, 2019), Annex A only"
list4a,29189920,291899,"84 FR 43304 (August 20, 2019), Annex A only"
list4a,29209051,292090,"84 FR 43304 (August 20, 2019), Annex A only"
list4a,29211201,292112,"84 FR 43304 (August 20, 2019), Annex A only"
list4a,29214210,292142,"84 FR 43304 (August 20, 2019), Annex A only"
list4a,29214218,292142,"84 FR 43304 (August 20, 2019), Annex A only"
list4a,29214265,292142,"84 FR 43304 (August 20, 2019), Annex A only"
list4a,29214560,292145,"84 FR 43304 (August 20, 2019), Annex A only"
list4a,29214915,292149,"84 FR 43304 (August 20, 2019), Annex A only"
list4a,29215120,292151,"84 FR 43304 (August 20, 2019), Annex A only"
list4a,29222140,292221,"84 FR 43304 (August 20, 2019), Annex A only"
list4a,29252970,292529,"84 FR 43304 (August 20, 2019), Annex A only"
list4a,29269008,292690,"84 FR 43304 (August 20, 2019), Annex A only"
list4a,29269012,292690,"84 FR 43304 (August 20, 2019), Annex A only"
list4a,29269023,292690,"84 FR 43304 (August 20, 2019), Annex A only"
list4a,29307000,293070,"84 FR 43304 (August 20, 2019), Annex A only"
list4a,29309071,293090,"84 FR 43304 (August 20, 2019), Annex A only"
list4a,29313300,293133,"84 FR 43304 (August 20, 2019), Annex A only"
list4a,29331904,293319,"84 FR 43304 (August 20, 2019), Annex A only"
list4a,29336960,293369,"84 FR 43304 (August 20, 2019), Annex A only"
list4a,32041510,320415,"84 FR 43304 (August 20, 2019), Annex A only"
list4a,32041580,320415,"84 FR 43304 (August 20, 2019), Annex A only"
list4a,33011200,330112,"84 FR 43304 (August 20, 2019), Annex A only"
list4a,33011910,330119,"84 FR 43304 (August 20, 2019), Annex A only"
list4a,33011951,330119,"84 FR 43304 (August 20, 2019), Annex A only"
list4a,33012400,330124,"84 FR 43304 (August 20, 2019), Annex A only"
list4a,33012500,330125,"84 FR 43304 (August 20, 2019), Annex A only"
list4a,33012920,330129,"84 FR 43304 (August 20, 2019), Annex A only"
list4a,33012951,330129,"84 FR 43304 (August 20, 2019), Annex A only"
list4a,33013000,330130,"84 FR 43304 (August 20, 2019), Annex A only"
list4a,33019010,330190,"84 FR 43304 (August 20, 2019), Annex A only"
list4a,33019050,330190,"84 FR 43304 (August 20, 2019), Annex A only"
list4a,33021010,330210,"84 FR 43304 (August 20, 2019), Annex A only"
list4a,33021020,330210,"84 FR 43304 (August 20, 2019), Annex A only"
list4a,33021040,330210,"84 FR 43304 (August 20, 2019), Annex A only"
list4a,33021050,330210,"84 FR 43304 (August 20, 2019), Annex A only"
list4a,33021090,330210,"84 FR 43304 (August 20, 2019), Annex A only"
list4a,33062000,330620,"84 FR 43304 (August 20, 2019), Annex A only"
list4a,34011900,340119,"84 FR 43304 (August 20, 2019), Annex A only"
list4a,34060000,340600,"84 FR 43304 (August 20, 2019), Annex A only"
list4a,35011010,350110,"84 FR 43304 (August 20, 2019), Annex A only"
list4a,35011050,350110,"84 FR 43304 (August 20, 2019), Annex A only"
list4a,35019020,350190,"84 FR 43304 (August 20, 2019), Annex A only"
list4a,35019060,350190,"84 FR 43304 (August 20, 2019), Annex A only"
list4a,35021900,350219,"84 FR 43304 (August 20, 2019), Annex A only"
list4a,35022000,350220,"84 FR 43304 (August 20, 2019), Annex A only"
list4a,35030010,350300,"84 FR 43304 (August 20, 2019), Annex A only"
list4a,35030020,350300,"84 FR 43304 (August 20, 2019), Annex A only"
list4a,35030040,350300,"84 FR 43304 (August 20, 2019), Annex A only"
list4a,35030055,350300,"84 FR 43304 (August 20, 2019), Annex A only"
list4a,35040010,350400,"84 FR 43304 (August 20, 2019), Annex A only"
list4a,35040050,350400,"84 FR 43304 (August 20, 2019), Annex A only"
list4a,35051000,350510,"84 FR 43304 (August 20, 2019), Annex A only"
list4a,35052000,350520,"84 FR 43304 (August 20, 2019), Annex A only"
list4a,36010000,360100,"84 FR 43304 (August 20, 2019), Annex A only"
list4a,36020000,360200,"84 FR 43304 (August 20, 2019), Annex A only"
list4a,36030030,360300,"84 FR 43304 (August 20, 2019), Annex A only"
list4a,36030060,360300,"84 FR 43304 (August 20, 2019), Annex A only"
list4a,36030090,360300,"84 FR 43304 (August 20, 2019), Annex A only"
list4a,36049000,360490,"84 FR 43304 (August 20, 2019), Annex A only"
list4a,36050000,360500,"84 FR 43304 (August 20, 2019), Annex A only"
list4a,36069040,360690,"84 FR 43304 (August 20, 2019), Annex A only"
list4a,36069080,360690,"84 FR 43304 (August 20, 2019), Annex A only"
list4a,38085200,380852,"84 FR 43304 (August 20, 2019), Annex A only"
list4a,38086150,380861,"84 FR 43304 (August 20, 2019), Annex A only"
list4a,38091000,380910,"84 FR 43304 (August 20, 2019), Annex A only"
list4a,38200000,382000,"84 FR 43304 (August 20, 2019), Annex A only"
list4a,38231100,382311,"84 FR 43304 (August 20, 2019), Annex A only"
list4a,38231200,382312,"84 FR 43304 (August 20, 2019), Annex A only"
list4a,38231300,382313,"84 FR 43304 (August 20, 2019), Annex A only"
list4a,38231920,382319,"84 FR 43304 (August 20, 2019), Annex A only"
list4a,38231940,382319,"84 FR 43304 (August 20, 2019), Annex A only"
list4a,38237020,382370,"84 FR 43304 (August 20, 2019), Annex A only"
list4a,38237040,382370,"84 FR 43304 (August 20, 2019), Annex A only"
list4a,38237060,382370,"84 FR 43304 (August 20, 2019), Annex A only"
list4a,38246000,382460,"84 FR 43304 (August 20, 2019), Annex A only"
list4a,38249936,382499,"84 FR 43304 (August 20, 2019), Annex A only"
list4a,38251000,382510,"84 FR 43304 (August 20, 2019), Annex A only"
list4a,38252000,382520,"84 FR 43304 (August 20, 2019), Annex A only"
list4a,38253000,382530,"84 FR 43304 (August 20, 2019), Annex A only"
list4a,39131000,391310,"84 FR 43304 (August 20, 2019), Annex A only"
list4a,39221000,392210,"84 FR 43304 (August 20, 2019), Annex A only"
list4a,39222000,392220,"84 FR 43304 (August 20, 2019), Annex A only"
list4a,39241020,392410,"84 FR 43304 (August 20, 2019), Annex A only"
list4a,39241030,392410,"84 FR 43304 (August 20, 2019), Annex A only"
list4a,39249005,392490,"84 FR 43304 (August 20, 2019), Annex A only"
list4a,39249056,392490,"84 FR 43304 (August 20, 2019), Annex A only"
list4a,39252000,392520,"84 FR 43304 (August 20, 2019), Annex A only"
list4a,39253010,392530,"84 FR 43304 (August 20, 2019), Annex A only"
list4a,39253050,392530,"84 FR 43304 (August 20, 2019), Annex A only"
list4a,39263010,392630,"84 FR 43304 (August 20, 2019), Annex A only"
list4a,39263050,392630,"84 FR 43304 (August 20, 2019), Annex A only"
list4a,39269010,392690,"84 FR 43304 (August 20, 2019), Annex A only"
list4a,39269016,392690,"84 FR 43304 (August 20, 2019), Annex A only"
list4a,39269021,392690,"84 FR 43304 (August 20, 2019), Annex A only"
list4a,39269025,392690,"84 FR 43304 (August 20, 2019), Annex A only"
list4a,39269035,392690,"84 FR 43304 (August 20, 2019), Annex A only"
list4a,39269050,392690,"84 FR 43304 (August 20, 2019), Annex A only"
list4a,39269070,392690,"84 FR 43304 (August 20, 2019), Annex A only"
list4a,39269085,392690,"84 FR 43304 (August 20, 2019), Annex A only"
list4a,39269099,392690,"84 FR 43304 (August 20, 2019), Annex A only"
list4a,40061000,400610,"84 FR 43304 (August 20, 2019), Annex A only"
list4a,40091200,400912,"84 FR 43304 (August 20, 2019), Annex A only"
list4a,40094200,400942,"84 FR 43304 (August 20, 2019), Annex A only"
list4a,40101100,401011,"84 FR 43304 (August 20, 2019), Annex A only"
list4a,40121980,401219,"84 FR 43304 (August 20, 2019), Annex A only"
list4a,40151905,401519,"84 FR 43304 (August 20, 2019), Annex A only"
list4a,40169500,401695,"84 FR 43304 (August 20, 2019), Annex A only"
list4a,40169905,401699,"84 FR 43304 (August 20, 2019), Annex A only"
list4a,40169910,401699,"84 FR 43304 (August 20, 2019), Annex A only"
list4a,40169915,401699,"84 FR 43304 (August 20, 2019), Annex A only"
list4a,41012010,410120,"84 FR 43304 (August 20, 2019), Annex A only"
list4a,41012020,410120,"84 FR 43304 (August 20, 2019), Annex A only"
list4a,41012030,410120,"84 FR 43304 (August 20, 2019), Annex A only"
list4a,41012035,410120,"84 FR 43304 (August 20, 2019), Annex A only"
list4a,41012040,410120,"84 FR 43304 (August 20, 2019), Annex A only"
list4a,41012050,410120,"84 FR 43304 (August 20, 2019), Annex A only"
list4a,41012070,410120,"84 FR 43304 (August 20, 2019), Annex A only"
list4a,41015010,410150,"84 FR 43304 (August 20, 2019), Annex A only"
list4a,41015020,410150,"84 FR 43304 (August 20, 2019), Annex A only"
list4a,41015030,410150,"84 FR 43304 (August 20, 2019), Annex A only"
list4a,41015035,410150,"84 FR 43304 (August 20, 2019), Annex A only"
list4a,41015040,410150,"84 FR 43304 (August 20, 2019), Annex A only"
list4a,41015050,410150,"84 FR 43304 (August 20, 2019), Annex A only"
list4a,41015070,410150,"84 FR 43304 (August 20, 2019), Annex A only"
list4a,41019010,410190,"84 FR 43304 (August 20, 2019), Annex A only"
list4a,41019035,410190,"84 FR 43304 (August 20, 2019), Annex A only"
list4a,41019040,410190,"84 FR 43304 (August 20, 2019), Annex A only"
list4a,41019050,410190,"84 FR 43304 (August 20, 2019), Annex A only"
list4a,41019070,410190,"84 FR 43304 (August 20, 2019), Annex A only"
list4a,41021010,410210,"84 FR 43304 (August 20, 2019), Annex A only"
list4a,41021020,410210,"84 FR 43304 (August 20, 2019), Annex A only"
list4a,41022100,410221,"84 FR 43304 (August 20, 2019), Annex A only"
list4a,41022910,410229,"84 FR 43304 (August 20, 2019), Annex A only"
list4a,41022920,410229,"84 FR 43304 (August 20, 2019), Annex A only"
list4a,41022930,410229,"84 FR 43304 (August 20, 2019), Annex A only"
list4a,41032010,410320,"84 FR 43304 (August 20, 2019), Annex A only"
list4a,41032020,410320,"84 FR 43304 (August 20, 2019), Annex A only"
list4a,41032030,410320,"84 FR 43304 (August 20, 2019), Annex A only"
list4a,41033010,410330,"84 FR 43304 (August 20, 2019), Annex A only"
list4a,41033020,410330,"84 FR 43304 (August 20, 2019), Annex A only"
list4a,41039011,410390,"84 FR 43304 (August 20, 2019), Annex A only"
list4a,41039012,410390,"84 FR 43304 (August 20, 2019), Annex A only"
list4a,41039013,410390,"84 FR 43304 (August 20, 2019), Annex A only"
list4a,41039020,410390,"84 FR 43304 (August 20, 2019), Annex A only"
list4a,41152000,411520,"84 FR 43304 (August 20, 2019), Annex A only"
list4a,43011000,430110,"84 FR 43304 (August 20, 2019), Annex A only"
list4a,43016030,430160,"84 FR 43304 (August 20, 2019), Annex A only"
list4a,43016060,430160,"84 FR 43304 (August 20, 2019), Annex A only"
list4a,43018002,430180,"84 FR 43304 (August 20, 2019), Annex A only"
list4a,44140000,441400,"84 FR 43304 (August 20, 2019), Annex A only"
list4a,44170020,441700,"84 FR 43304 (August 20, 2019), Annex A only"
list4a,44170040,441700,"84 FR 43304 (August 20, 2019), Annex A only"
list4a,44199090,441990,"84 FR 43304 (August 20, 2019), Annex A only"
list4a,44209020,442090,"84 FR 43304 (August 20, 2019), Annex A only"
list4a,44219140,442191,"84 FR 43304 (August 20, 2019), Annex A only"
list4a,44219160,442191,"84 FR 43304 (August 20, 2019), Annex A only"
list4a,44219930,442199,"84 FR 43304 (August 20, 2019), Annex A only"
list4a,44219988,442199,"84 FR 43304 (August 20, 2019), Annex A only"
list4a,48142000,481420,"84 FR 43304 (August 20, 2019), Annex A only"
list4a,48149002,481490,"84 FR 43304 (August 20, 2019), Annex A only"
list4a,48189000,481890,"84 FR 43304 (August 20, 2019), Annex A only"
list4a,49011000,490110,"84 FR 43304 (August 20, 2019), Annex A only"
list4a,49019100,490191,"84 FR 43304 (August 20, 2019), Annex A only"
list4a,49019900,490199,"84 FR 43304 (August 20, 2019), Annex A only"
list4a,49021000,490210,"84 FR 43304 (August 20, 2019), Annex A only"
list4a,49029010,490290,"84 FR 43304 (August 20, 2019), Annex A only"
list4a,49029020,490290,"84 FR 43304 (August 20, 2019), Annex A only"
list4a,49040000,490400,"84 FR 43304 (August 20, 2019), Annex A only"
list4a,49051000,490510,"84 FR 43304 (August 20, 2019), Annex A only"
list4a,49059100,490591,"84 FR 43304 (August 20, 2019), Annex A only"
list4a,49059900,490599,"84 FR 43304 (August 20, 2019), Annex A only"
list4a,49060000,490600,"84 FR 43304 (August 20, 2019), Annex A only"
list4a,49070000,490700,"84 FR 43304 (August 20, 2019), Annex A only"
list4a,49081000,490810,"84 FR 43304 (August 20, 2019), Annex A only"
list4a,49089000,490890,"84 FR 43304 (August 20, 2019), Annex A only"
list4a,49090020,490900,"84 FR 43304 (August 20, 2019), Annex A only"
list4a,49100040,491000,"84 FR 43304 (August 20, 2019), Annex A only"
list4a,49100060,491000,"84 FR 43304 (August 20, 2019), Annex A only"
list4a,49111000,491110,"84 FR 43304 (August 20, 2019), Annex A only"
list4a,49119110,491191,"84 FR 43304 (August 20, 2019), Annex A only"
list4a,49119115,491191,"84 FR 43304 (August 20, 2019), Annex A only"
list4a,49119140,491191,"84 FR 43304 (August 20, 2019), Annex A only"
list4a,49119920,491199,"84 FR 43304 (August 20, 2019), Annex A only"
list4a,49119960,491199,"84 FR 43304 (August 20, 2019), Annex A only"
list4a,49119980,491199,"84 FR 43304 (August 20, 2019), Annex A only"
list4a,52101140,521011,"84 FR 43304 (August 20, 2019), Annex A only"
list4a,52101160,521011,"84 FR 43304 (August 20, 2019), Annex A only"
list4a,53089090,530890,"84 FR 43304 (August 20, 2019), Annex A only"
list4a,54075400,540754,"84 FR 43304 (August 20, 2019), Annex A only"
list4a,55041000,550410,"84 FR 43304 (August 20, 2019), Annex A only"
list4a,58013300,580133,"84 FR 43304 (August 20, 2019), Annex A only"
list4a,58013600,580136,"84 FR 43304 (August 20, 2019), Annex A only"
list4a,59031015,590310,"84 FR 43304 (August 20, 2019), Annex A only"
list4a,60053500,600535,"84 FR 43304 (August 20, 2019), Annex A only"
list4a,61012000,610120,"84 FR 43304 (August 20, 2019), Annex A only"
list4a,61013010,610130,"84 FR 43304 (August 20, 2019), Annex A only"
list4a,61013015,610130,"84 FR 43304 (August 20, 2019), Annex A only"
list4a,61013020,610130,"84 FR 43304 (August 20, 2019), Annex A only"
list4a,61019005,610190,"84 FR 43304 (August 20, 2019), Annex A only"
list4a,61019010,610190,"84 FR 43304 (August 20, 2019), Annex A only"
list4a,61019090,610190,"84 FR 43304 (August 20, 2019), Annex A only"
list4a,61021000,610210,"84 FR 43304 (August 20, 2019), Annex A only"
list4a,61022000,610220,"84 FR 43304 (August 20, 2019), Annex A only"
list4a,61023005,610230,"84 FR 43304 (August 20, 2019), Annex A only"
list4a,61023010,610230,"84 FR 43304 (August 20, 2019), Annex A only"
list4a,61023020,610230,"84 FR 43304 (August 20, 2019), Annex A only"
list4a,61029010,610290,"84 FR 43304 (August 20, 2019), Annex A only"
list4a,61029090,610290,"84 FR 43304 (August 20, 2019), Annex A only"
list4a,61031010,610310,"84 FR 43304 (August 20, 2019), Annex A only"
list4a,61031020,610310,"84 FR 43304 (August 20, 2019), Annex A only"
list4a,61031030,610310,"84 FR 43304 (August 20, 2019), Annex A only"
list4a,61031050,610310,"84 FR 43304 (August 20, 2019), Annex A only"
list4a,61031060,610310,"84 FR 43304 (August 20, 2019), Annex A only"
list4a,61031090,610310,"84 FR 43304 (August 20, 2019), Annex A only"
list4a,61032200,610322,"84 FR 43304 (August 20, 2019), Annex A only"
list4a,61032300,610323,"84 FR 43304 (August 20, 2019), Annex A only"
list4a,61032905,610329,"84 FR 43304 (August 20, 2019), Annex A only"
list4a,61032910,610329,"84 FR 43304 (August 20, 2019), Annex A only"
list4a,61032920,610329,"84 FR 43304 (August 20, 2019), Annex A only"
list4a,61033100,610331,"84 FR 43304 (August 20, 2019), Annex A only"
list4a,61033200,610332,"84 FR 43304 (August 20, 2019), Annex A only"
list4a,61033310,610333,"84 FR 43304 (August 20, 2019), Annex A only"
list4a,61033320,610333,"84 FR 43304 (August 20, 2019), Annex A only"
list4a,61033910,610339,"84 FR 43304 (August 20, 2019), Annex A only"
list4a,61033940,610339,"84 FR 43304 (August 20, 2019), Annex A only"
list4a,61033980,610339,"84 FR 43304 (August 20, 2019), Annex A only"
list4a,61034110,610341,"84 FR 43304 (August 20, 2019), Annex A only"
list4a,61034120,610341,"84 FR 43304 (August 20, 2019), Annex A only"
list4a,61034210,610342,"84 FR 43304 (August 20, 2019), Annex A only"
list4a,61034220,610342,"84 FR 43304 (August 20, 2019), Annex A only"
list4a,61034310,610343,"84 FR 43304 (August 20, 2019), Annex A only"
list4a,61034315,610343,"84 FR 43304 (August 20, 2019), Annex A only"
list4a,61034320,610343,"84 FR 43304 (August 20, 2019), Annex A only"
list4a,61034910,610349,"84 FR 43304 (August 20, 2019), Annex A only"
list4a,61034920,610349,"84 FR 43304 (August 20, 2019), Annex A only"
list4a,61034940,610349,"84 FR 43304 (August 20, 2019), Annex A only"
list4a,61034980,610349,"84 FR 43304 (August 20, 2019), Annex A only"
list4a,61041310,610413,"84 FR 43304 (August 20, 2019), Annex A only"
list4a,61041915,610419,"84 FR 43304 (August 20, 2019), Annex A only"
list4a,61041940,610419,"84 FR 43304 (August 20, 2019), Annex A only"
list4a,61041950,610419,"84 FR 43304 (August 20, 2019), Annex A only"
list4a,61041960,610419,"84 FR 43304 (August 20, 2019), Annex A only"
list4a,61041980,610419,"84 FR 43304 (August 20, 2019), Annex A only"
list4a,61042200,610422,"84 FR 43304 (August 20, 2019), Annex A only"
list4a,61042300,610423,"84 FR 43304 (August 20, 2019), Annex A only"
list4a,61042905,610429,"84 FR 43304 (August 20, 2019), Annex A only"
list4a,61042910,610429,"84 FR 43304 (August 20, 2019), Annex A only"
list4a,61043100,610431,"84 FR 43304 (August 20, 2019), Annex A only"
list4a,61043200,610432,"84 FR 43304 (August 20, 2019), Annex A only"
list4a,61043320,610433,"84 FR 43304 (August 20, 2019), Annex A only"
list4a,61043910,610439,"84 FR 43304 (August 20, 2019), Annex A only"
list4a,61043920,610439,"84 FR 43304 (August 20, 2019), Annex A only"
list4a,61044100,610441,"84 FR 43304 (August 20, 2019), Annex A only"
list4a,61044200,610442,"84 FR 43304 (August 20, 2019), Annex A only"
list4a,61044310,610443,"84 FR 43304 (August 20, 2019), Annex A only"
list4a,61044320,610443,"84 FR 43304 (August 20, 2019), Annex A only"
list4a,61044410,610444,"84 FR 43304 (August 20, 2019), Annex A only"
list4a,61044420,610444,"84 FR 43304 (August 20, 2019), Annex A only"
list4a,61044910,610449,"84 FR 43304 (August 20, 2019), Annex A only"
list4a,61044990,610449,"84 FR 43304 (August 20, 2019), Annex A only"
list4a,61045100,610451,"84 FR 43304 (August 20, 2019), Annex A only"
list4a,61045200,610452,"84 FR 43304 (August 20, 2019), Annex A only"
list4a,61045320,610453,"84 FR 43304 (August 20, 2019), Annex A only"
list4a,61045910,610459,"84 FR 43304 (August 20, 2019), Annex A only"
list4a,61045940,610459,"84 FR 43304 (August 20, 2019), Annex A only"
list4a,61045980,610459,"84 FR 43304 (August 20, 2019), Annex A only"
list4a,61046100,610461,"84 FR 43304 (August 20, 2019), Annex A only"
list4a,61046210,610462,"84 FR 43304 (August 20, 2019), Annex A only"
list4a,61046220,610462,"84 FR 43304 (August 20, 2019), Annex A only"
list4a,61046310,610463,"84 FR 43304 (August 20, 2019), Annex A only"
list4a,61046315,610463,"84 FR 43304 (August 20, 2019), Annex A only"
list4a,61046320,610463,"84 FR 43304 (August 20, 2019), Annex A only"
list4a,61046910,610469,"84 FR 43304 (August 20, 2019), Annex A only"
list4a,61046920,610469,"84 FR 43304 (August 20, 2019), Annex A only"
list4a,61046940,610469,"84 FR 43304 (August 20, 2019), Annex A only"
list4a,61046980,610469,"84 FR 43304 (August 20, 2019), Annex A only"
list4a,61051000,610510,"84 FR 43304 (August 20, 2019), Annex A only"
list4a,61052010,610520,"84 FR 43304 (August 20, 2019), Annex A only"
list4a,61052020,610520,"84 FR 43304 (August 20, 2019), Annex A only"
list4a,61059010,610590,"84 FR 43304 (August 20, 2019), Annex A only"
list4a,61059080,610590,"84 FR 43304 (August 20, 2019), Annex A only"
list4a,61061000,610610,"84 FR 43304 (August 20, 2019), Annex A only"
list4a,61062010,610620,"84 FR 43304 (August 20, 2019), Annex A only"
list4a,61062020,610620,"84 FR 43304 (August 20, 2019), Annex A only"
list4a,61069010,610690,"84 FR 43304 (August 20, 2019), Annex A only"
list4a,61069015,610690,"84 FR 43304 (August 20, 2019), Annex A only"
list4a,61069025,610690,"84 FR 43304 (August 20, 2019), Annex A only"
list4a,61069030,610690,"84 FR 43304 (August 20, 2019), Annex A only"
list4a,61071100,610711,"84 FR 43304 (August 20, 2019), Annex A only"
list4a,61071200,610712,"84 FR 43304 (August 20, 2019), Annex A only"
list4a,61071990,610719,"84 FR 43304 (August 20, 2019), Annex A only"
list4a,61072100,610721,"84 FR 43304 (August 20, 2019), Annex A only"
list4a,61072200,610722,"84 FR 43304 (August 20, 2019), Annex A only"
list4a,61072920,610729,"84 FR 43304 (August 20, 2019), Annex A only"
list4a,61072950,610729,"84 FR 43304 (August 20, 2019), Annex A only"
list4a,61072990,610729,"84 FR 43304 (August 20, 2019), Annex A only"
list4a,61079100,610791,"84 FR 43304 (August 20, 2019), Annex A only"
list4a,61079950,610799,"84 FR 43304 (August 20, 2019), Annex A only"
list4a,61081100,610811,"84 FR 43304 (August 20, 2019), Annex A only"
list4a,61081990,610819,"84 FR 43304 (August 20, 2019), Annex A only"
list4a,61082100,610821,"84 FR 43304 (August 20, 2019), Annex A only"
list4a,61082210,610822,"84 FR 43304 (August 20, 2019), Annex A only"
list4a,61082290,610822,"84 FR 43304 (August 20, 2019), Annex A only"
list4a,61082990,610829,"84 FR 43304 (August 20, 2019), Annex A only"
list4a,61083100,610831,"84 FR 43304 (August 20, 2019), Annex A only"
list4a,61083200,610832,"84 FR 43304 (August 20, 2019), Annex A only"
list4a,61089100,610891,"84 FR 43304 (August 20, 2019), Annex A only"
list4a,61089200,610892,"84 FR 43304 (August 20, 2019), Annex A only"
list4a,61089920,610899,"84 FR 43304 (August 20, 2019), Annex A only"
list4a,61089990,610899,"84 FR 43304 (August 20, 2019), Annex A only"
list4a,61091000,610910,"84 FR 43304 (August 20, 2019), Annex A only"
list4a,61099010,610990,"84 FR 43304 (August 20, 2019), Annex A only"
list4a,61099015,610990,"84 FR 43304 (August 20, 2019), Annex A only"
list4a,61099080,610990,"84 FR 43304 (August 20, 2019), Annex A only"
list4a,61101100,611011,"84 FR 43304 (August 20, 2019), Annex A only"
list4a,61101220,611012,"84 FR 43304 (August 20, 2019), Annex A only"
list4a,61101900,611019,"84 FR 43304 (August 20, 2019), Annex A only"
list4a,61102010,611020,"84 FR 43304 (August 20, 2019), Annex A only"
list4a,61102020,611020,"84 FR 43304 (August 20, 2019), Annex A only"
list4a,61103010,611030,"84 FR 43304 (August 20, 2019), Annex A only"
list4a,61103020,611030,"84 FR 43304 (August 20, 2019), Annex A only"
list4a,61103030,611030,"84 FR 43304 (August 20, 2019), Annex A only"
list4a,61109090,611090,"84 FR 43304 (August 20, 2019), Annex A only"
list4a,61112010,611120,"84 FR 43304 (August 20, 2019), Annex A only"
list4a,61112020,611120,"84 FR 43304 (August 20, 2019), Annex A only"
list4a,61112030,611120,"84 FR 43304 (August 20, 2019), Annex A only"
list4a,61112040,611120,"84 FR 43304 (August 20, 2019), Annex A only"
list4a,61112050,611120,"84 FR 43304 (August 20, 2019), Annex A only"
list4a,61112060,611120,"84 FR 43304 (August 20, 2019), Annex A only"
list4a,61113010,611130,"84 FR 43304 (August 20, 2019), Annex A only"
list4a,61113020,611130,"84 FR 43304 (August 20, 2019), Annex A only"
list4a,61113030,611130,"84 FR 43304 (August 20, 2019), Annex A only"
list4a,61113040,611130,"84 FR 43304 (August 20, 2019), Annex A only"
list4a,61113050,611130,"84 FR 43304 (August 20, 2019), Annex A only"
list4a,61119005,611190,"84 FR 43304 (August 20, 2019), Annex A only"
list4a,61119010,611190,"84 FR 43304 (August 20, 2019), Annex A only"
list4a,61119020,611190,"84 FR 43304 (August 20, 2019), Annex A only"
list4a,61119040,611190,"84 FR 43304 (August 20, 2019), Annex A only"
list4a,61119050,611190,"84 FR 43304 (August 20, 2019), Annex A only"
list4a,61119070,611190,"84 FR 43304 (August 20, 2019), Annex A only"
list4a,61119090,611190,"84 FR 43304 (August 20, 2019), Annex A only"
list4a,61121100,611211,"84 FR 43304 (August 20, 2019), Annex A only"
list4a,61121200,611212,"84 FR 43304 (August 20, 2019), Annex A only"
list4a,61121910,611219,"84 FR 43304 (August 20, 2019), Annex A only"
list4a,61121940,611219,"84 FR 43304 (August 20, 2019), Annex A only"
list4a,61121980,611219,"84 FR 43304 (August 20, 2019), Annex A only"
list4a,61122010,611220,"84 FR 43304 (August 20, 2019), Annex A only"
list4a,61122020,611220,"84 FR 43304 (August 20, 2019), Annex A only"
list4a,61123100,611231,"84 FR 43304 (August 20, 2019), Annex A only"
list4a,61123900,611239,"84 FR 43304 (August 20, 2019), Annex A only"
list4a,61124100,611241,"84 FR 43304 (August 20, 2019), Annex A only"
list4a,61124900,611249,"84 FR 43304 (August 20, 2019), Annex A only"
list4a,61130010,611300,"84 FR 43304 (August 20, 2019), Annex A only"
list4a,61130090,611300,"84 FR 43304 (August 20, 2019), Annex A only"
list4a,61142000,611420,"84 FR 43304 (August 20, 2019), Annex A only"
list4a,61143010,611430,"84 FR 43304 (August 20, 2019), Annex A only"
list4a,61143020,611430,"84 FR 43304 (August 20, 2019), Annex A only"
list4a,61143030,611430,"84 FR 43304 (August 20, 2019), Annex A only"
list4a,61149005,611490,"84 FR 43304 (August 20, 2019), Annex A only"
list4a,61149010,611490,"84 FR 43304 (August 20, 2019), Annex A only"
list4a,61151010,611510,"84 FR 43304 (August 20, 2019), Annex A only"
list4a,61151015,611510,"84 FR 43304 (August 20, 2019), Annex A only"
list4a,61151030,611510,"84 FR 43304 (August 20, 2019), Annex A only"
list4a,61151040,611510,"84 FR 43304 (August 20, 2019), Annex A only"
list4a,61151055,611510,"84 FR 43304 (August 20, 2019), Annex A only"
list4a,61151060,611510,"84 FR 43304 (August 20, 2019), Annex A only"
list4a,61152100,611521,"84 FR 43304 (August 20, 2019), Annex A only"
list4a,61152940,611529,"84 FR 43304 (August 20, 2019), Annex A only"
list4a,61153010,611530,"84 FR 43304 (August 20, 2019), Annex A only"
list4a,61153090,611530,"84 FR 43304 (August 20, 2019), Annex A only"
list4a,61159400,611594,"84 FR 43304 (August 20, 2019), Annex A only"
list4a,61159560,611595,"84 FR 43304 (August 20, 2019), Annex A only"
list4a,61159590,611595,"84 FR 43304 (August 20, 2019), Annex A only"
list4a,61159660,611596,"84 FR 43304 (August 20, 2019), Annex A only"
list4a,61159914,611599,"84 FR 43304 (August 20, 2019), Annex A only"
list4a,61159940,611599,"84 FR 43304 (August 20, 2019), Annex A only"
list4a,61159990,611599,"84 FR 43304 (August 20, 2019), Annex A only"
list4a,61161008,611610,"84 FR 43304 (August 20, 2019), Annex A only"
list4a,61161013,611610,"84 FR 43304 (August 20, 2019), Annex A only"
list4a,61161017,611610,"84 FR 43304 (August 20, 2019), Annex A only"
list4a,61161044,611610,"84 FR 43304 (August 20, 2019), Annex A only"
list4a,61161048,611610,"84 FR 43304 (August 20, 2019), Annex A only"
list4a,61161055,611610,"84 FR 43304 (August 20, 2019), Annex A only"
list4a,61161065,611610,"84 FR 43304 (August 20, 2019), Annex A only"
list4a,61161095,611610,"84 FR 43304 (August 20, 2019), Annex A only"
list4a,61169100,611691,"84 FR 43304 (August 20, 2019), Annex A only"
list4a,61169208,611692,"84 FR 43304 (August 20, 2019), Annex A only"
list4a,61169264,611692,"84 FR 43304 (August 20, 2019), Annex A only"
list4a,61169288,611692,"84 FR 43304 (August 20, 2019), Annex A only"
list4a,61169294,611692,"84 FR 43304 (August 20, 2019), Annex A only"
list4a,61169305,611693,"84 FR 43304 (August 20, 2019), Annex A only"
list4a,61169308,611693,"84 FR 43304 (August 20, 2019), Annex A only"
list4a,61169374,611693,"84 FR 43304 (August 20, 2019), Annex A only"
list4a,61169388,611693,"84 FR 43304 (August 20, 2019), Annex A only"
list4a,61169935,611699,"84 FR 43304 (August 20, 2019), Annex A only"
list4a,61171010,611710,"84 FR 43304 (August 20, 2019), Annex A only"
list4a,61171040,611710,"84 FR 43304 (August 20, 2019), Annex A only"
list4a,61171060,611710,"84 FR 43304 (August 20, 2019), Annex A only"
list4a,61178020,611780,"84 FR 43304 (August 20, 2019), Annex A only"
list4a,61178085,611780,"84 FR 43304 (August 20, 2019), Annex A only"
list4a,61178095,611780,"84 FR 43304 (August 20, 2019), Annex A only"
list4a,61179010,611790,"84 FR 43304 (August 20, 2019), Annex A only"
list4a,61179090,611790,"84 FR 43304 (August 20, 2019), Annex A only"
list4a,62011100,620111,"84 FR 43304 (August 20, 2019), Annex A only"
list4a,62011210,620112,"84 FR 43304 (August 20, 2019), Annex A only"
list4a,62011220,620112,"84 FR 43304 (August 20, 2019), Annex A only"
list4a,62011310,620113,"84 FR 43304 (August 20, 2019), Annex A only"
list4a,62011330,620113,"84 FR 43304 (August 20, 2019), Annex A only"
list4a,62011340,620113,"84 FR 43304 (August 20, 2019), Annex A only"
list4a,62011910,620119,"84 FR 43304 (August 20, 2019), Annex A only"
list4a,62011990,620119,"84 FR 43304 (August 20, 2019), Annex A only"
list4a,62019103,620191,"84 FR 43304 (August 20, 2019), Annex A only"
list4a,62019105,620191,"84 FR 43304 (August 20, 2019), Annex A only"
list4a,62019125,620191,"84 FR 43304 (August 20, 2019), Annex A only"
list4a,62019140,620191,"84 FR 43304 (August 20, 2019), Annex A only"
list4a,62019205,620192,"84 FR 43304 (August 20, 2019), Annex A only"
list4a,62019219,620192,"84 FR 43304 (August 20, 2019), Annex A only"
list4a,62019230,620192,"84 FR 43304 (August 20, 2019), Annex A only"
list4a,62019235,620192,"84 FR 43304 (August 20, 2019), Annex A only"
list4a,62019245,620192,"84 FR 43304 (August 20, 2019), Annex A only"
list4a,62019315,620193,"84 FR 43304 (August 20, 2019), Annex A only"
list4a,62019318,620193,"84 FR 43304 (August 20, 2019), Annex A only"
list4a,62019345,620193,"84 FR 43304 (August 20, 2019), Annex A only"
list4a,62019347,620193,"84 FR 43304 (August 20, 2019), Annex A only"
list4a,62019349,620193,"84 FR 43304 (August 20, 2019), Annex A only"
list4a,62019350,620193,"84 FR 43304 (August 20, 2019), Annex A only"
list4a,62019352,620193,"84 FR 43304 (August 20, 2019), Annex A only"
list4a,62019355,620193,"84 FR 43304 (August 20, 2019), Annex A only"
list4a,62019360,620193,"84 FR 43304 (August 20, 2019), Annex A only"
list4a,62019365,620193,"84 FR 43304 (August 20, 2019), Annex A only"
list4a,62019905,620199,"84 FR 43304 (August 20, 2019), Annex A only"
list4a,62019915,620199,"84 FR 43304 (August 20, 2019), Annex A only"
list4a,62019950,620199,"84 FR 43304 (August 20, 2019), Annex A only"
list4a,62019980,620199,"84 FR 43304 (August 20, 2019), Annex A only"
list4a,62021100,620211,"84 FR 43304 (August 20, 2019), Annex A only"
list4a,62021210,620212,"84 FR 43304 (August 20, 2019), Annex A only"
list4a,62021220,620212,"84 FR 43304 (August 20, 2019), Annex A only"
list4a,62021310,620213,"84 FR 43304 (August 20, 2019), Annex A only"
list4a,62021330,620213,"84 FR 43304 (August 20, 2019), Annex A only"
list4a,62021340,620213,"84 FR 43304 (August 20, 2019), Annex A only"
list4a,62021910,620219,"84 FR 43304 (August 20, 2019), Annex A only"
list4a,62021990,620219,"84 FR 43304 (August 20, 2019), Annex A only"
list4a,62029103,620291,"84 FR 43304 (August 20, 2019), Annex A only"
list4a,62029115,620291,"84 FR 43304 (August 20, 2019), Annex A only"
list4a,62029160,620291,"84 FR 43304 (August 20, 2019), Annex A only"
list4a,62029190,620291,"84 FR 43304 (August 20, 2019), Annex A only"
list4a,62029203,620292,"84 FR 43304 (August 20, 2019), Annex A only"
list4a,62029205,620292,"84 FR 43304 (August 20, 2019), Annex A only"
list4a,62029212,620292,"84 FR 43304 (August 20, 2019), Annex A only"
list4a,62029225,620292,"84 FR 43304 (August 20, 2019), Annex A only"
list4a,62029230,620292,"84 FR 43304 (August 20, 2019), Annex A only"
list4a,62029290,620292,"84 FR 43304 (August 20, 2019), Annex A only"
list4a,62029301,620293,"84 FR 43304 (August 20, 2019), Annex A only"
list4a,62029305,620293,"84 FR 43304 (August 20, 2019), Annex A only"
list4a,62029307,620293,"84 FR 43304 (August 20, 2019), Annex A only"
list4a,62029309,620293,"84 FR 43304 (August 20, 2019), Annex A only"
list4a,62029315,620293,"84 FR 43304 (August 20, 2019), Annex A only"
list4a,62029325,620293,"84 FR 43304 (August 20, 2019), Annex A only"
list4a,62029345,620293,"84 FR 43304 (August 20, 2019), Annex A only"
list4a,62029348,620293,"84 FR 43304 (August 20, 2019), Annex A only"
list4a,62029355,620293,"84 FR 43304 (August 20, 2019), Annex A only"
list4a,62029903,620299,"84 FR 43304 (August 20, 2019), Annex A only"
list4a,62029915,620299,"84 FR 43304 (August 20, 2019), Annex A only"
list4a,62029960,620299,"84 FR 43304 (August 20, 2019), Annex A only"
list4a,62029980,620299,"84 FR 43304 (August 20, 2019), Annex A only"
list4a,62031115,620311,"84 FR 43304 (August 20, 2019), Annex A only"
list4a,62031130,620311,"84 FR 43304 (August 20, 2019), Annex A only"
list4a,62031160,620311,"84 FR 43304 (August 20, 2019), Annex A only"
list4a,62031190,620311,"84 FR 43304 (August 20, 2019), Annex A only"
list4a,62031210,620312,"84 FR 43304 (August 20, 2019), Annex A only"
list4a,62031220,620312,"84 FR 43304 (August 20, 2019), Annex A only"
list4a,62031910,620319,"84 FR 43304 (August 20, 2019), Annex A only"
list4a,62031950,620319,"84 FR 43304 (August 20, 2019), Annex A only"
list4a,62032210,620322,"84 FR 43304 (August 20, 2019), Annex A only"
list4a,62032230,620322,"84 FR 43304 (August 20, 2019), Annex A only"
list4a,62032910,620329,"84 FR 43304 (August 20, 2019), Annex A only"
list4a,62032915,620329,"84 FR 43304 (August 20, 2019), Annex A only"
list4a,62032920,620329,"84 FR 43304 (August 20, 2019), Annex A only"
list4a,62032930,620329,"84 FR 43304 (August 20, 2019), Annex A only"
list4a,62033150,620331,"84 FR 43304 (August 20, 2019), Annex A only"
list4a,62033190,620331,"84 FR 43304 (August 20, 2019), Annex A only"
list4a,62033210,620332,"84 FR 43304 (August 20, 2019), Annex A only"
list4a,62033220,620332,"84 FR 43304 (August 20, 2019), Annex A only"
list4a,62033310,620333,"84 FR 43304 (August 20, 2019), Annex A only"
list4a,62033320,620333,"84 FR 43304 (August 20, 2019), Annex A only"
list4a,62033920,620339,"84 FR 43304 (August 20, 2019), Annex A only"
list4a,62033950,620339,"84 FR 43304 (August 20, 2019), Annex A only"
list4a,62033990,620339,"84 FR 43304 (August 20, 2019), Annex A only"
list4a,62034101,620341,"84 FR 43304 (August 20, 2019), Annex A only"
list4a,62034103,620341,"84 FR 43304 (August 20, 2019), Annex A only"
list4a,62034106,620341,"84 FR 43304 (August 20, 2019), Annex A only"
list4a,62034108,620341,"84 FR 43304 (August 20, 2019), Annex A only"
list4a,62034125,620341,"84 FR 43304 (August 20, 2019), Annex A only"
list4a,62034130,620341,"84 FR 43304 (August 20, 2019), Annex A only"
list4a,62034160,620341,"84 FR 43304 (August 20, 2019), Annex A only"
list4a,62034180,620341,"84 FR 43304 (August 20, 2019), Annex A only"
list4a,62034203,620342,"84 FR 43304 (August 20, 2019), Annex A only"
list4a,62034205,620342,"84 FR 43304 (August 20, 2019), Annex A only"
list4a,62034207,620342,"84 FR 43304 (August 20, 2019), Annex A only"
list4a,62034217,620342,"84 FR 43304 (August 20, 2019), Annex A only"
list4a,62034225,620342,"84 FR 43304 (August 20, 2019), Annex A only"
list4a,62034245,620342,"84 FR 43304 (August 20, 2019), Annex A only"
list4a,62034303,620343,"84 FR 43304 (August 20, 2019), Annex A only"
list4a,62034305,620343,"84 FR 43304 (August 20, 2019), Annex A only"
list4a,62034309,620343,"84 FR 43304 (August 20, 2019), Annex A only"
list4a,62034311,620343,"84 FR 43304 (August 20, 2019), Annex A only"
list4a,62034313,620343,"84 FR 43304 (August 20, 2019), Annex A only"
list4a,62034345,620343,"84 FR 43304 (August 20, 2019), Annex A only"
list4a,62034355,620343,"84 FR 43304 (August 20, 2019), Annex A only"
list4a,62034360,620343,"84 FR 43304 (August 20, 2019), Annex A only"
list4a,62034365,620343,"84 FR 43304 (August 20, 2019), Annex A only"
list4a,62034370,620343,"84 FR 43304 (August 20, 2019), Annex A only"
list4a,62034375,620343,"84 FR 43304 (August 20, 2019), Annex A only"
list4a,62034390,620343,"84 FR 43304 (August 20, 2019), Annex A only"
list4a,62034901,620349,"84 FR 43304 (August 20, 2019), Annex A only"
list4a,62034905,620349,"84 FR 43304 (August 20, 2019), Annex A only"
list4a,62034907,620349,"84 FR 43304 (August 20, 2019), Annex A only"
list4a,62034909,620349,"84 FR 43304 (August 20, 2019), Annex A only"
list4a,62034925,620349,"84 FR 43304 (August 20, 2019), Annex A only"
list4a,62034935,620349,"84 FR 43304 (August 20, 2019), Annex A only"
list4a,62034950,620349,"84 FR 43304 (August 20, 2019), Annex A only"
list4a,62034990,620349,"84 FR 43304 (August 20, 2019), Annex A only"
list4a,62041100,620411,"84 FR 43304 (August 20, 2019), Annex A only"
list4a,62041200,620412,"84 FR 43304 (August 20, 2019), Annex A only"
list4a,62041310,620413,"84 FR 43304 (August 20, 2019), Annex A only"
list4a,62041320,620413,"84 FR 43304 (August 20, 2019), Annex A only"
list4a,62041910,620419,"84 FR 43304 (August 20, 2019), Annex A only"
list4a,62041920,620419,"84 FR 43304 (August 20, 2019), Annex A only"
list4a,62041940,620419,"84 FR 43304 (August 20, 2019), Annex A only"
list4a,62041980,620419,"84 FR 43304 (August 20, 2019), Annex A only"
list4a,62042100,620421,"84 FR 43304 (August 20, 2019), Annex A only"
list4a,62042210,620422,"84 FR 43304 (August 20, 2019), Annex A only"
list4a,62042230,620422,"84 FR 43304 (August 20, 2019), Annex A only"
list4a,62042300,620423,"84 FR 43304 (August 20, 2019), Annex A only"
list4a,62042920,620429,"84 FR 43304 (August 20, 2019), Annex A only"
list4a,62043110,620431,"84 FR 43304 (August 20, 2019), Annex A only"
list4a,62043120,620431,"84 FR 43304 (August 20, 2019), Annex A only"
list4a,62043210,620432,"84 FR 43304 (August 20, 2019), Annex A only"
list4a,62043220,620432,"84 FR 43304 (August 20, 2019), Annex A only"
list4a,62043310,620433,"84 FR 43304 (August 20, 2019), Annex A only"
list4a,62043340,620433,"84 FR 43304 (August 20, 2019), Annex A only"
list4a,62043350,620433,"84 FR 43304 (August 20, 2019), Annex A only"
list4a,62043920,620439,"84 FR 43304 (August 20, 2019), Annex A only"
list4a,62043930,620439,"84 FR 43304 (August 20, 2019), Annex A only"
list4a,62043960,620439,"84 FR 43304 (August 20, 2019), Annex A only"
list4a,62043980,620439,"84 FR 43304 (August 20, 2019), Annex A only"
list4a,62044110,620441,"84 FR 43304 (August 20, 2019), Annex A only"
list4a,62044120,620441,"84 FR 43304 (August 20, 2019), Annex A only"
list4a,62044210,620442,"84 FR 43304 (August 20, 2019), Annex A only"
list4a,62044220,620442,"84 FR 43304 (August 20, 2019), Annex A only"
list4a,62044230,620442,"84 FR 43304 (August 20, 2019), Annex A only"
list4a,62044310,620443,"84 FR 43304 (August 20, 2019), Annex A only"
list4a,62044320,620443,"84 FR 43304 (August 20, 2019), Annex A only"
list4a,62044330,620443,"84 FR 43304 (August 20, 2019), Annex A only"
list4a,62044340,620443,"84 FR 43304 (August 20, 2019), Annex A only"
list4a,62044420,620444,"84 FR 43304 (August 20, 2019), Annex A only"
list4a,62044430,620444,"84 FR 43304 (August 20, 2019), Annex A only"
list4a,62044440,620444,"84 FR 43304 (August 20, 2019), Annex A only"
list4a,62044910,620449,"84 FR 43304 (August 20, 2019), Annex A only"
list4a,62044950,620449,"84 FR 43304 (August 20, 2019), Annex A only"
list4a,62045100,620451,"84 FR 43304 (August 20, 2019), Annex A only"
list4a,62045210,620452,"84 FR 43304 (August 20, 2019), Annex A only"
list4a,62045220,620452,"84 FR 43304 (August 20, 2019), Annex A only"
list4a,62045310,620453,"84 FR 43304 (August 20, 2019), Annex A only"
list4a,62045320,620453,"84 FR 43304 (August 20, 2019), Annex A only"
list4a,62045330,620453,"84 FR 43304 (August 20, 2019), Annex A only"
list4a,62045910,620459,"84 FR 43304 (August 20, 2019), Annex A only"
list4a,62045920,620459,"84 FR 43304 (August 20, 2019), Annex A only"
list4a,62045930,620459,"84 FR 43304 (August 20, 2019), Annex A only"
list4a,62045940,620459,"84 FR 43304 (August 20, 2019), Annex A only"
list4a,62046105,620461,"84 FR 43304 (August 20, 2019), Annex A only"
list4a,62046115,620461,"84 FR 43304 (August 20, 2019), Annex A only"
list4a,62046160,620461,"84 FR 43304 (August 20, 2019), Annex A only"
list4a,62046180,620461,"84 FR 43304 (August 20, 2019), Annex A only"
list4a,62046203,620462,"84 FR 43304 (August 20, 2019), Annex A only"
list4a,62046205,620462,"84 FR 43304 (August 20, 2019), Annex A only"
list4a,62046215,620462,"84 FR 43304 (August 20, 2019), Annex A only"
list4a,62046250,620462,"84 FR 43304 (August 20, 2019), Annex A only"
list4a,62046260,620462,"84 FR 43304 (August 20, 2019), Annex A only"
list4a,62046270,620462,"84 FR 43304 (August 20, 2019), Annex A only"
list4a,62046280,620462,"84 FR 43304 (August 20, 2019), Annex A only"
list4a,62046301,620463,"84 FR 43304 (August 20, 2019), Annex A only"
list4a,62046302,620463,"84 FR 43304 (August 20, 2019), Annex A only"
list4a,62046303,620463,"84 FR 43304 (August 20, 2019), Annex A only"
list4a,62046308,620463,"84 FR 43304 (August 20, 2019), Annex A only"
list4a,62046309,620463,"84 FR 43304 (August 20, 2019), Annex A only"
list4a,62046311,620463,"84 FR 43304 (August 20, 2019), Annex A only"
list4a,62046350,620463,"84 FR 43304 (August 20, 2019), Annex A only"
list4a,62046355,620463,"84 FR 43304 (August 20, 2019), Annex A only"
list4a,62046360,620463,"84 FR 43304 (August 20, 2019), Annex A only"
list4a,62046365,620463,"84 FR 43304 (August 20, 2019), Annex A only"
list4a,62046370,620463,"84 FR 43304 (August 20, 2019), Annex A only"
list4a,62046375,620463,"84 FR 43304 (August 20, 2019), Annex A only"
list4a,62046390,620463,"84 FR 43304 (August 20, 2019), Annex A only"
list4a,62046901,620469,"84 FR 43304 (August 20, 2019), Annex A only"
list4a,62046902,620469,"84 FR 43304 (August 20, 2019), Annex A only"
list4a,62046903,620469,"84 FR 43304 (August 20, 2019), Annex A only"
list4a,62046904,620469,"84 FR 43304 (August 20, 2019), Annex A only"
list4a,62046905,620469,"84 FR 43304 (August 20, 2019), Annex A only"
list4a,62046906,620469,"84 FR 43304 (August 20, 2019), Annex A only"
list4a,62046915,620469,"84 FR 43304 (August 20, 2019), Annex A only"
list4a,62046922,620469,"84 FR 43304 (August 20, 2019), Annex A only"
list4a,62046928,620469,"84 FR 43304 (August 20, 2019), Annex A only"
list4a,62046945,620469,"84 FR 43304 (August 20, 2019), Annex A only"
list4a,62046965,620469,"84 FR 43304 (August 20, 2019), Annex A only"
list4a,62046980,620469,"84 FR 43304 (August 20, 2019), Annex A only"
list4a,62052010,620520,"84 FR 43304 (August 20, 2019), Annex A only"
list4a,62052020,620520,"84 FR 43304 (August 20, 2019), Annex A only"
list4a,62053010,620530,"84 FR 43304 (August 20, 2019), Annex A only"
list4a,62053015,620530,"84 FR 43304 (August 20, 2019), Annex A only"
list4a,62053020,620530,"84 FR 43304 (August 20, 2019), Annex A only"
list4a,62059005,620590,"84 FR 43304 (August 20, 2019), Annex A only"
list4a,62059007,620590,"84 FR 43304 (August 20, 2019), Annex A only"
list4a,62059040,620590,"84 FR 43304 (August 20, 2019), Annex A only"
list4a,62061000,620610,"84 FR 43304 (August 20, 2019), Annex A only"
list4a,62062010,620620,"84 FR 43304 (August 20, 2019), Annex A only"
list4a,62062020,620620,"84 FR 43304 (August 20, 2019), Annex A only"
list4a,62062030,620620,"84 FR 43304 (August 20, 2019), Annex A only"
list4a,62063010,620630,"84 FR 43304 (August 20, 2019), Annex A only"
list4a,62063020,620630,"84 FR 43304 (August 20, 2019), Annex A only"
list4a,62063030,620630,"84 FR 43304 (August 20, 2019), Annex A only"
list4a,62064010,620640,"84 FR 43304 (August 20, 2019), Annex A only"
list4a,62064020,620640,"84 FR 43304 (August 20, 2019), Annex A only"
list4a,62064025,620640,"84 FR 43304 (August 20, 2019), Annex A only"
list4a,62064030,620640,"84 FR 43304 (August 20, 2019), Annex A only"
list4a,62069000,620690,"84 FR 43304 (August 20, 2019), Annex A only"
list4a,62071100,620711,"84 FR 43304 (August 20, 2019), Annex A only"
list4a,62071910,620719,"84 FR 43304 (August 20, 2019), Annex A only"
list4a,62071990,620719,"84 FR 43304 (August 20, 2019), Annex A only"
list4a,62072100,620721,"84 FR 43304 (August 20, 2019), Annex A only"
list4a,62072200,620722,"84 FR 43304 (August 20, 2019), Annex A only"
list4a,62072910,620729,"84 FR 43304 (August 20, 2019), Annex A only"
list4a,62072990,620729,"84 FR 43304 (August 20, 2019), Annex A only"
list4a,62079110,620791,"84 FR 43304 (August 20, 2019), Annex A only"
list4a,62079130,620791,"84 FR 43304 (August 20, 2019), Annex A only"
list4a,62079920,620799,"84 FR 43304 (August 20, 2019), Annex A only"
list4a,62079940,620799,"84 FR 43304 (August 20, 2019), Annex A only"
list4a,62079970,620799,"84 FR 43304 (August 20, 2019), Annex A only"
list4a,62079985,620799,"84 FR 43304 (August 20, 2019), Annex A only"
list4a,62081100,620811,"84 FR 43304 (August 20, 2019), Annex A only"
list4a,62081920,620819,"84 FR 43304 (August 20, 2019), Annex A only"
list4a,62081950,620819,"84 FR 43304 (August 20, 2019), Annex A only"
list4a,62081990,620819,"84 FR 43304 (August 20, 2019), Annex A only"
list4a,62082100,620821,"84 FR 43304 (August 20, 2019), Annex A only"
list4a,62082200,620822,"84 FR 43304 (August 20, 2019), Annex A only"
list4a,62082910,620829,"84 FR 43304 (August 20, 2019), Annex A only"
list4a,62082990,620829,"84 FR 43304 (August 20, 2019), Annex A only"
list4a,62089110,620891,"84 FR 43304 (August 20, 2019), Annex A only"
list4a,62089130,620891,"84 FR 43304 (August 20, 2019), Annex A only"
list4a,62089200,620892,"84 FR 43304 (August 20, 2019), Annex A only"
list4a,62089920,620899,"84 FR 43304 (August 20, 2019), Annex A only"
list4a,62089930,620899,"84 FR 43304 (August 20, 2019), Annex A only"
list4a,62089950,620899,"84 FR 43304 (August 20, 2019), Annex A only"
list4a,62089980,620899,"84 FR 43304 (August 20, 2019), Annex A only"
list4a,62092010,620920,"84 FR 43304 (August 20, 2019), Annex A only"
list4a,62092020,620920,"84 FR 43304 (August 20, 2019), Annex A only"
list4a,62092030,620920,"84 FR 43304 (August 20, 2019), Annex A only"
list4a,62092050,620920,"84 FR 43304 (August 20, 2019), Annex A only"
list4a,62093010,620930,"84 FR 43304 (August 20, 2019), Annex A only"
list4a,62093020,620930,"84 FR 43304 (August 20, 2019), Annex A only"
list4a,62093030,620930,"84 FR 43304 (August 20, 2019), Annex A only"
list4a,62099005,620990,"84 FR 43304 (August 20, 2019), Annex A only"
list4a,62099010,620990,"84 FR 43304 (August 20, 2019), Annex A only"
list4a,62099020,620990,"84 FR 43304 (August 20, 2019), Annex A only"
list4a,62099030,620990,"84 FR 43304 (August 20, 2019), Annex A only"
list4a,62099050,620990,"84 FR 43304 (August 20, 2019), Annex A only"
list4a,62099090,620990,"84 FR 43304 (August 20, 2019), Annex A only"
list4a,62101050,621010,"84 FR 43304 (August 20, 2019), Annex A only"
list4a,62102050,621020,"84 FR 43304 (August 20, 2019), Annex A only"
list4a,62102090,621020,"84 FR 43304 (August 20, 2019), Annex A only"
list4a,62103050,621030,"84 FR 43304 (August 20, 2019), Annex A only"
list4a,62103070,621030,"84 FR 43304 (August 20, 2019), Annex A only"
list4a,62103090,621030,"84 FR 43304 (August 20, 2019), Annex A only"
list4a,62104015,621040,"84 FR 43304 (August 20, 2019), Annex A only"
list4a,62104025,621040,"84 FR 43304 (August 20, 2019), Annex A only"
list4a,62104028,621040,"84 FR 43304 (August 20, 2019), Annex A only"
list4a,62104029,621040,"84 FR 43304 (August 20, 2019), Annex A only"
list4a,62104055,621040,"84 FR 43304 (August 20, 2019), Annex A only"
list4a,62104075,621040,"84 FR 43304 (August 20, 2019), Annex A only"
list4a,62104080,621040,"84 FR 43304 (August 20, 2019), Annex A only"
list4a,62105005,621050,"84 FR 43304 (August 20, 2019), Annex A only"
list4a,62105022,621050,"84 FR 43304 (August 20, 2019), Annex A only"
list4a,62105055,621050,"84 FR 43304 (August 20, 2019), Annex A only"
list4a,62105075,621050,"84 FR 43304 (August 20, 2019), Annex A only"
list4a,62105080,621050,"84 FR 43304 (August 20, 2019), Annex A only"
list4a,62111110,621111,"84 FR 43304 (August 20, 2019), Annex A only"
list4a,62111140,621111,"84 FR 43304 (August 20, 2019), Annex A only"
list4a,62111180,621111,"84 FR 43304 (August 20, 2019), Annex A only"
list4a,62111210,621112,"84 FR 43304 (August 20, 2019), Annex A only"
list4a,62111240,621112,"84 FR 43304 (August 20, 2019), Annex A only"
list4a,62111280,621112,"84 FR 43304 (August 20, 2019), Annex A only"
list4a,62112004,621120,"84 FR 43304 (August 20, 2019), Annex A only"
list4a,62112008,621120,"84 FR 43304 (August 20, 2019), Annex A only"
list4a,62112015,621120,"84 FR 43304 (August 20, 2019), Annex A only"
list4a,62112024,621120,"84 FR 43304 (August 20, 2019), Annex A only"
list4a,62112028,621120,"84 FR 43304 (August 20, 2019), Annex A only"
list4a,62112034,621120,"84 FR 43304 (August 20, 2019), Annex A only"
list4a,62112038,621120,"84 FR 43304 (August 20, 2019), Annex A only"
list4a,62112044,621120,"84 FR 43304 (August 20, 2019), Annex A only"
list4a,62112054,621120,"84 FR 43304 (August 20, 2019), Annex A only"
list4a,62112064,621120,"84 FR 43304 (August 20, 2019), Annex A only"
list4a,62112068,621120,"84 FR 43304 (August 20, 2019), Annex A only"
list4a,62112074,621120,"84 FR 43304 (August 20, 2019), Annex A only"
list4a,62112078,621120,"84 FR 43304 (August 20, 2019), Annex A only"
list4a,62113250,621132,"84 FR 43304 (August 20, 2019), Annex A only"
list4a,62113290,621132,"84 FR 43304 (August 20, 2019), Annex A only"
list4a,62113350,621133,"84 FR 43304 (August 20, 2019), Annex A only"
list4a,62113390,621133,"84 FR 43304 (August 20, 2019), Annex A only"
list4a,62113903,621139,"84 FR 43304 (August 20, 2019), Annex A only"
list4a,62113907,621139,"84 FR 43304 (August 20, 2019), Annex A only"
list4a,62113915,621139,"84 FR 43304 (August 20, 2019), Annex A only"
list4a,62113930,621139,"84 FR 43304 (August 20, 2019), Annex A only"
list4a,62113960,621139,"84 FR 43304 (August 20, 2019), Annex A only"
list4a,62113980,621139,"84 FR 43304 (August 20, 2019), Annex A only"
list4a,62114205,621142,"84 FR 43304 (August 20, 2019), Annex A only"
list4a,62114210,621142,"84 FR 43304 (August 20, 2019), Annex A only"
list4a,62114305,621143,"84 FR 43304 (August 20, 2019), Annex A only"
list4a,62114310,621143,"84 FR 43304 (August 20, 2019), Annex A only"
list4a,62114903,621149,"84 FR 43304 (August 20, 2019), Annex A only"
list4a,62114915,621149,"84 FR 43304 (August 20, 2019), Annex A only"
list4a,62114925,621149,"84 FR 43304 (August 20, 2019), Annex A only"
list4a,62114950,621149,"84 FR 43304 (August 20, 2019), Annex A only"
list4a,62114960,621149,"84 FR 43304 (August 20, 2019), Annex A only"
list4a,62114980,621149,"84 FR 43304 (August 20, 2019), Annex A only"
list4a,62121030,621210,"84 FR 43304 (August 20, 2019), Annex A only"
list4a,62121050,621210,"84 FR 43304 (August 20, 2019), Annex A only"
list4a,62121070,621210,"84 FR 43304 (August 20, 2019), Annex A only"
list4a,62121090,621210,"84 FR 43304 (August 20, 2019), Annex A only"
list4a,62122000,621220,"84 FR 43304 (August 20, 2019), Annex A only"
list4a,62123000,621230,"84 FR 43304 (August 20, 2019), Annex A only"
list4a,62129000,621290,"84 FR 43304 (August 20, 2019), Annex A only"
list4a,62132020,621320,"84 FR 43304 (August 20, 2019), Annex A only"
list4a,62139005,621390,"84 FR 43304 (August 20, 2019), Annex A only"
list4a,62139007,621390,"84 FR 43304 (August 20, 2019), Annex A only"
list4a,62139020,621390,"84 FR 43304 (August 20, 2019), Annex A only"
list4a,62141010,621410,"84 FR 43304 (August 20, 2019), Annex A only"
list4a,62141020,621410,"84 FR 43304 (August 20, 2019), Annex A only"
list4a,62142000,621420,"84 FR 43304 (August 20, 2019), Annex A only"
list4a,62144000,621440,"84 FR 43304 (August 20, 2019), Annex A only"
list4a,62149000,621490,"84 FR 43304 (August 20, 2019), Annex A only"
list4a,62151000,621510,"84 FR 43304 (August 20, 2019), Annex A only"
list4a,62160005,621600,"84 FR 43304 (August 20, 2019), Annex A only"
list4a,62160008,621600,"84 FR 43304 (August 20, 2019), Annex A only"
list4a,62160017,621600,"84 FR 43304 (August 20, 2019), Annex A only"
list4a,62160019,621600,"84 FR 43304 (August 20, 2019), Annex A only"
list4a,62160024,621600,"84 FR 43304 (August 20, 2019), Annex A only"
list4a,62160026,621600,"84 FR 43304 (August 20, 2019), Annex A only"
list4a,62160029,621600,"84 FR 43304 (August 20, 2019), Annex A only"
list4a,62160031,621600,"84 FR 43304 (August 20, 2019), Annex A only"
list4a,62160033,621600,"84 FR 43304 (August 20, 2019), Annex A only"
list4a,62160038,621600,"84 FR 43304 (August 20, 2019), Annex A only"
list4a,62160041,621600,"84 FR 43304 (August 20, 2019), Annex A only"
list4a,62160043,621600,"84 FR 43304 (August 20, 2019), Annex A only"
list4a,62160046,621600,"84 FR 43304 (August 20, 2019), Annex A only"
list4a,62160054,621600,"84 FR 43304 (August 20, 2019), Annex A only"
list4a,62160058,621600,"84 FR 43304 (August 20, 2019), Annex A only"
list4a,62160080,621600,"84 FR 43304 (August 20, 2019), Annex A only"
list4a,62160090,621600,"84 FR 43304 (August 20, 2019), Annex A only"
list4a,62171010,621710,"84 FR 43304 (August 20, 2019), Annex A only"
list4a,62171095,621710,"84 FR 43304 (August 20, 2019), Annex A only"
list4a,62179010,621790,"84 FR 43304 (August 20, 2019), Annex A only"
list4a,62179090,621790,"84 FR 43304 (August 20, 2019), Annex A only"
list4a,63012000,630120,"84 FR 43304 (August 20, 2019), Annex A only"
list4a,63013000,630130,"84 FR 43304 (August 20, 2019), Annex A only"
list4a,63021000,630210,"84 FR 43304 (August 20, 2019), Annex A only"
list4a,63022130,630221,"84 FR 43304 (August 20, 2019), Annex A only"
list4a,63022150,630221,"84 FR 43304 (August 20, 2019), Annex A only"
list4a,63022170,630221,"84 FR 43304 (August 20, 2019), Annex A only"
list4a,63022190,630221,"84 FR 43304 (August 20, 2019), Annex A only"
list4a,63022900,630229,"84 FR 43304 (August 20, 2019), Annex A only"
list4a,63023130,630231,"84 FR 43304 (August 20, 2019), Annex A only"
list4a,63023150,630231,"84 FR 43304 (August 20, 2019), Annex A only"
list4a,63023170,630231,"84 FR 43304 (August 20, 2019), Annex A only"
list4a,63023190,630231,"84 FR 43304 (August 20, 2019), Annex A only"
list4a,63023900,630239,"84 FR 43304 (August 20, 2019), Annex A only"
list4a,63024010,630240,"84 FR 43304 (August 20, 2019), Annex A only"
list4a,63024020,630240,"84 FR 43304 (August 20, 2019), Annex A only"
list4a,63025120,630251,"84 FR 43304 (August 20, 2019), Annex A only"
list4a,63025130,630251,"84 FR 43304 (August 20, 2019), Annex A only"
list4a,63025140,630251,"84 FR 43304 (August 20, 2019), Annex A only"
list4a,63025300,630253,"84 FR 43304 (August 20, 2019), Annex A only"
list4a,63025910,630259,"84 FR 43304 (August 20, 2019), Annex A only"
list4a,63025920,630259,"84 FR 43304 (August 20, 2019), Annex A only"
list4a,63025930,630259,"84 FR 43304 (August 20, 2019), Annex A only"
list4a,63026000,630260,"84 FR 43304 (August 20, 2019), Annex A only"
list4a,63029100,630291,"84 FR 43304 (August 20, 2019), Annex A only"
list4a,63029910,630299,"84 FR 43304 (August 20, 2019), Annex A only"
list4a,63029915,630299,"84 FR 43304 (August 20, 2019), Annex A only"
list4a,63029920,630299,"84 FR 43304 (August 20, 2019), Annex A only"
list4a,63031200,630312,"84 FR 43304 (August 20, 2019), Annex A only"
list4a,63031911,630319,"84 FR 43304 (August 20, 2019), Annex A only"
list4a,63031921,630319,"84 FR 43304 (August 20, 2019), Annex A only"
list4a,63039100,630391,"84 FR 43304 (August 20, 2019), Annex A only"
list4a,63039220,630392,"84 FR 43304 (August 20, 2019), Annex A only"
list4a,63039900,630399,"84 FR 43304 (August 20, 2019), Annex A only"
list4a,63041110,630411,"84 FR 43304 (August 20, 2019), Annex A only"
list4a,63041905,630419,"84 FR 43304 (August 20, 2019), Annex A only"
list4a,63041910,630419,"84 FR 43304 (August 20, 2019), Annex A only"
list4a,63041930,630419,"84 FR 43304 (August 20, 2019), Annex A only"
list4a,63042000,630420,"84 FR 43304 (August 20, 2019), Annex A only"
list4a,63049101,630491,"84 FR 43304 (August 20, 2019), Annex A only"
list4a,63049200,630492,"84 FR 43304 (August 20, 2019), Annex A only"
list4a,63049910,630499,"84 FR 43304 (August 20, 2019), Annex A only"
list4a,63049915,630499,"84 FR 43304 (August 20, 2019), Annex A only"
list4a,63049925,630499,"84 FR 43304 (August 20, 2019), Annex A only"
list4a,63049935,630499,"84 FR 43304 (August 20, 2019), Annex A only"
list4a,63049940,630499,"84 FR 43304 (August 20, 2019), Annex A only"
list4a,63049960,630499,"84 FR 43304 (August 20, 2019), Annex A only"
list4a,63051000,630510,"84 FR 43304 (August 20, 2019), Annex A only"
list4a,63052000,630520,"84 FR 43304 (August 20, 2019), Annex A only"
list4a,63053200,630532,"84 FR 43304 (August 20, 2019), Annex A only"
list4a,63053300,630533,"84 FR 43304 (August 20, 2019), Annex A only"
list4a,63053900,630539,"84 FR 43304 (August 20, 2019), Annex A only"
list4a,63059000,630590,"84 FR 43304 (August 20, 2019), Annex A only"
list4a,63061911,630619,"84 FR 43304 (August 20, 2019), Annex A only"
list4a,63061921,630619,"84 FR 43304 (August 20, 2019), Annex A only"
list4a,63062210,630622,"84 FR 43304 (August 20, 2019), Annex A only"
list4a,63062290,630622,"84 FR 43304 (August 20, 2019), Annex A only"
list4a,63063000,630630,"84 FR 43304 (August 20, 2019), Annex A only"
list4a,63064041,630640,"84 FR 43304 (August 20, 2019), Annex A only"
list4a,63064049,630640,"84 FR 43304 (August 20, 2019), Annex A only"
list4a,63071010,630710,"84 FR 43304 (August 20, 2019), Annex A only"
list4a,63071020,630710,"84 FR 43304 (August 20, 2019), Annex A only"
list4a,63079030,630790,"84 FR 43304 (August 20, 2019), Annex A only"
list4a,63079040,630790,"84 FR 43304 (August 20, 2019), Annex A only"
list4a,63079050,630790,"84 FR 43304 (August 20, 2019), Annex A only"
list4a,63079060,630790,"84 FR 43304 (August 20, 2019), Annex A only"
list4a,63079068,630790,"84 FR 43304 (August 20, 2019), Annex A only"
list4a,63079072,630790,"84 FR 43304 (August 20, 2019), Annex A only"
list4a,63079085,630790,"84 FR 43304 (August 20, 2019), Annex A only"
list4a,63079098,630790,"84 FR 43304 (August 20, 2019), Annex A only"
list4a,63080000,630800,"84 FR 43304 (August 20, 2019), Annex A only"
list4a,63090000,630900,"84 FR 43304 (August 20, 2019), Annex A only"
list4a,63101010,631010,"84 FR 43304 (August 20, 2019), Annex A only"
list4a,63101020,631010,"84 FR 43304 (August 20, 2019), Annex A only"
list4a,63109010,631090,"84 FR 43304 (August 20, 2019), Annex A only"
list4a,63109020,631090,"84 FR 43304 (August 20, 2019), Annex A only"
list4a,64011000,640110,"84 FR 43304 (August 20, 2019), Annex A only"
list4a,64019230,640192,"84 FR 43304 (August 20, 2019), Annex A only"
list4a,64019290,640192,"84 FR 43304 (August 20, 2019), Annex A only"
list4a,64019930,640199,"84 FR 43304 (August 20, 2019), Annex A only"
list4a,64019960,640199,"84 FR 43304 (August 20, 2019), Annex A only"
list4a,64019980,640199,"84 FR 43304 (August 20, 2019), Annex A only"
list4a,64021200,640212,"84 FR 43304 (August 20, 2019), Annex A only"
list4a,64021915,640219,"84 FR 43304 (August 20, 2019), Annex A only"
list4a,64021950,640219,"84 FR 43304 (August 20, 2019), Annex A only"
list4a,64021970,640219,"84 FR 43304 (August 20, 2019), Annex A only"
list4a,64021990,640219,"84 FR 43304 (August 20, 2019), Annex A only"
list4a,64029126,640291,"84 FR 43304 (August 20, 2019), Annex A only"
list4a,64029160,640291,"84 FR 43304 (August 20, 2019), Annex A only"
list4a,64029180,640291,"84 FR 43304 (August 20, 2019), Annex A only"
list4a,64029190,640291,"84 FR 43304 (August 20, 2019), Annex A only"
list4a,64029908,640299,"84 FR 43304 (August 20, 2019), Annex A only"
list4a,64029921,640299,"84 FR 43304 (August 20, 2019), Annex A only"
list4a,64029923,640299,"84 FR 43304 (August 20, 2019), Annex A only"
list4a,64029925,640299,"84 FR 43304 (August 20, 2019), Annex A only"
list4a,64029927,640299,"84 FR 43304 (August 20, 2019), Annex A only"
list4a,64029932,640299,"84 FR 43304 (August 20, 2019), Annex A only"
list4a,64029933,640299,"84 FR 43304 (August 20, 2019), Annex A only"
list4a,64029949,640299,"84 FR 43304 (August 20, 2019), Annex A only"
list4a,64029980,640299,"84 FR 43304 (August 20, 2019), Annex A only"
list4a,64029990,640299,"84 FR 43304 (August 20, 2019), Annex A only"
list4a,64031230,640312,"84 FR 43304 (August 20, 2019), Annex A only"
list4a,64031260,640312,"84 FR 43304 (August 20, 2019), Annex A only"
list4a,64031910,640319,"84 FR 43304 (August 20, 2019), Annex A only"
list4a,64031920,640319,"84 FR 43304 (August 20, 2019), Annex A only"
list4a,64031940,640319,"84 FR 43304 (August 20, 2019), Annex A only"
list4a,64031950,640319,"84 FR 43304 (August 20, 2019), Annex A only"
list4a,64031970,640319,"84 FR 43304 (August 20, 2019), Annex A only"
list4a,64032000,640320,"84 FR 43304 (August 20, 2019), Annex A only"
list4a,64034030,640340,"84 FR 43304 (August 20, 2019), Annex A only"
list4a,64035111,640351,"84 FR 43304 (August 20, 2019), Annex A only"
list4a,64035130,640351,"84 FR 43304 (August 20, 2019), Annex A only"
list4a,64035160,640351,"84 FR 43304 (August 20, 2019), Annex A only"
list4a,64035190,640351,"84 FR 43304 (August 20, 2019), Annex A only"
list4a,64035910,640359,"84 FR 43304 (August 20, 2019), Annex A only"
list4a,64035915,640359,"84 FR 43304 (August 20, 2019), Annex A only"
list4a,64035930,640359,"84 FR 43304 (August 20, 2019), Annex A only"
list4a,64035960,640359,"84 FR 43304 (August 20, 2019), Annex A only"
list4a,64035990,640359,"84 FR 43304 (August 20, 2019), Annex A only"
list4a,64039111,640391,"84 FR 43304 (August 20, 2019), Annex A only"
list4a,64039130,640391,"84 FR 43304 (August 20, 2019), Annex A only"
list4a,64039160,640391,"84 FR 43304 (August 20, 2019), Annex A only"
list4a,64039190,640391,"84 FR 43304 (August 20, 2019), Annex A only"
list4a,64039910,640399,"84 FR 43304 (August 20, 2019), Annex A only"
list4a,64039920,640399,"84 FR 43304 (August 20, 2019), Annex A only"
list4a,64039940,640399,"84 FR 43304 (August 20, 2019), Annex A only"
list4a,64039960,640399,"84 FR 43304 (August 20, 2019), Annex A only"
list4a,64039990,640399,"84 FR 43304 (August 20, 2019), Annex A only"
list4a,64041120,640411,"84 FR 43304 (August 20, 2019), Annex A only"
list4a,64041171,640411,"84 FR 43304 (August 20, 2019), Annex A only"
list4a,64041179,640411,"84 FR 43304 (August 20, 2019), Annex A only"
list4a,64041181,640411,"84 FR 43304 (August 20, 2019), Annex A only"
list4a,64041189,640411,"84 FR 43304 (August 20, 2019), Annex A only"
list4a,64041190,640411,"84 FR 43304 (August 20, 2019), Annex A only"
list4a,64041915,640419,"84 FR 43304 (August 20, 2019), Annex A only"
list4a,64041925,640419,"84 FR 43304 (August 20, 2019), Annex A only"
list4a,64041939,640419,"84 FR 43304 (August 20, 2019), Annex A only"
list4a,64041979,640419,"84 FR 43304 (August 20, 2019), Annex A only"
list4a,64041982,640419,"84 FR 43304 (August 20, 2019), Annex A only"
list4a,64041989,640419,"84 FR 43304 (August 20, 2019), Annex A only"
list4a,64041990,640419,"84 FR 43304 (August 20, 2019), Annex A only"
list4a,64042020,640420,"84 FR 43304 (August 20, 2019), Annex A only"
list4a,64042040,640420,"84 FR 43304 (August 20, 2019), Annex A only"
list4a,64042060,640420,"84 FR 43304 (August 20, 2019), Annex A only"
list4a,64051000,640510,"84 FR 43304 (August 20, 2019), Annex A only"
list4a,64052060,640520,"84 FR 43304 (August 20, 2019), Annex A only"
list4a,64059020,640590,"84 FR 43304 (August 20, 2019), Annex A only"
list4a,64061005,640610,"84 FR 43304 (August 20, 2019), Annex A only"
list4a,64061020,640610,"84 FR 43304 (August 20, 2019), Annex A only"
list4a,64061025,640610,"84 FR 43304 (August 20, 2019), Annex A only"
list4a,64061030,640610,"84 FR 43304 (August 20, 2019), Annex A only"
list4a,64061035,640610,"84 FR 43304 (August 20, 2019), Annex A only"
list4a,64061040,640610,"84 FR 43304 (August 20, 2019), Annex A only"
list4a,64061045,640610,"84 FR 43304 (August 20, 2019), Annex A only"
list4a,64061050,640610,"84 FR 43304 (August 20, 2019), Annex A only"
list4a,64061060,640610,"84 FR 43304 (August 20, 2019), Annex A only"
list4a,64061065,640610,"84 FR 43304 (August 20, 2019), Annex A only"
list4a,64061070,640610,"84 FR 43304 (August 20, 2019), Annex A only"
list4a,64061072,640610,"84 FR 43304 (August 20, 2019), Annex A only"
list4a,64061077,640610,"84 FR 43304 (August 20, 2019), Annex A only"
list4a,64061085,640610,"84 FR 43304 (August 20, 2019), Annex A only"
list4a,64061090,640610,"84 FR 43304 (August 20, 2019), Annex A only"
list4a,64062000,640620,"84 FR 43304 (August 20, 2019), Annex A only"
list4a,64069010,640690,"84 FR 43304 (August 20, 2019), Annex A only"
list4a,64069015,640690,"84 FR 43304 (August 20, 2019), Annex A only"
list4a,64069060,640690,"84 FR 43304 (August 20, 2019), Annex A only"
list4a,64069090,640690,"84 FR 43304 (August 20, 2019), Annex A only"
list4a,65050001,650500,"84 FR 43304 (August 20, 2019), Annex A only"
list4a,65061030,650610,"84 FR 43304 (August 20, 2019), Annex A only"
list4a,65061060,650610,"84 FR 43304 (August 20, 2019), Annex A only"
list4a,66020000,660200,"84 FR 43304 (August 20, 2019), Annex A only"
list4a,66039041,660390,"84 FR 43304 (August 20, 2019), Annex A only"
list4a,67029010,670290,"84 FR 43304 (August 20, 2019), Annex A only"
list4a,67029065,670290,"84 FR 43304 (August 20, 2019), Annex A only"
list4a,67030030,670300,"84 FR 43304 (August 20, 2019), Annex A only"
list4a,67030060,670300,"84 FR 43304 (August 20, 2019), Annex A only"
list4a,67041100,670411,"84 FR 43304 (August 20, 2019), Annex A only"
list4a,67041900,670419,"84 FR 43304 (August 20, 2019), Annex A only"
list4a,67049000,670490,"84 FR 43304 (August 20, 2019), Annex A only"
list4a,69109000,691090,"84 FR 43304 (August 20, 2019), Annex A only"
list4a,69111010,691110,"84 FR 43304 (August 20, 2019), Annex A only"
list4a,69111025,691110,"84 FR 43304 (August 20, 2019), Annex A only"
list4a,69111035,691110,"84 FR 43304 (August 20, 2019), Annex A only"
list4a,69111037,691110,"84 FR 43304 (August 20, 2019), Annex A only"
list4a,69111038,691110,"84 FR 43304 (August 20, 2019), Annex A only"
list4a,69111052,691110,"84 FR 43304 (August 20, 2019), Annex A only"
list4a,69111058,691110,"84 FR 43304 (August 20, 2019), Annex A only"
list4a,69111060,691110,"84 FR 43304 (August 20, 2019), Annex A only"
list4a,69111080,691110,"84 FR 43304 (August 20, 2019), Annex A only"
list4a,69119000,691190,"84 FR 43304 (August 20, 2019), Annex A only"
list4a,69120010,691200,"84 FR 43304 (August 20, 2019), Annex A only"
list4a,69131010,691310,"84 FR 43304 (August 20, 2019), Annex A only"
list4a,69131020,691310,"84 FR 43304 (August 20, 2019), Annex A only"
list4a,69131050,691310,"84 FR 43304 (August 20, 2019), Annex A only"
list4a,69139010,691390,"84 FR 43304 (August 20, 2019), Annex A only"
list4a,69139020,691390,"84 FR 43304 (August 20, 2019), Annex A only"
list4a,69139030,691390,"84 FR 43304 (August 20, 2019), Annex A only"
list4a,69139050,691390,"84 FR 43304 (August 20, 2019), Annex A only"
list4a,70131010,701310,"84 FR 43304 (August 20, 2019), Annex A only"
list4a,70131050,701310,"84 FR 43304 (August 20, 2019), Annex A only"
list4a,70132210,701322,"84 FR 43304 (August 20, 2019), Annex A only"
list4a,70132220,701322,"84 FR 43304 (August 20, 2019), Annex A only"
list4a,70132230,701322,"84 FR 43304 (August 20, 2019), Annex A only"
list4a,70132250,701322,"84 FR 43304 (August 20, 2019), Annex A only"
list4a,70132805,701328,"84 FR 43304 (August 20, 2019), Annex A only"
list4a,70132810,701328,"84 FR 43304 (August 20, 2019), Annex A only"
list4a,70132820,701328,"84 FR 43304 (August 20, 2019), Annex A only"
list4a,70132830,701328,"84 FR 43304 (August 20, 2019), Annex A only"
list4a,70132840,701328,"84 FR 43304 (August 20, 2019), Annex A only"
list4a,70132850,701328,"84 FR 43304 (August 20, 2019), Annex A only"
list4a,70132860,701328,"84 FR 43304 (August 20, 2019), Annex A only"
list4a,70133310,701333,"84 FR 43304 (August 20, 2019), Annex A only"
list4a,70133320,701333,"84 FR 43304 (August 20, 2019), Annex A only"
list4a,70133330,701333,"84 FR 43304 (August 20, 2019), Annex A only"
list4a,70133350,701333,"84 FR 43304 (August 20, 2019), Annex A only"
list4a,70133705,701337,"84 FR 43304 (August 20, 2019), Annex A only"
list4a,70133710,701337,"84 FR 43304 (August 20, 2019), Annex A only"
list4a,70133720,701337,"84 FR 43304 (August 20, 2019), Annex A only"
list4a,70133730,701337,"84 FR 43304 (August 20, 2019), Annex A only"
list4a,70133740,701337,"84 FR 43304 (August 20, 2019), Annex A only"
list4a,70133750,701337,"84 FR 43304 (August 20, 2019), Annex A only"
list4a,70133760,701337,"84 FR 43304 (August 20, 2019), Annex A only"
list4a,70134110,701341,"84 FR 43304 (August 20, 2019), Annex A only"
list4a,70134120,701341,"84 FR 43304 (August 20, 2019), Annex A only"
list4a,70134130,701341,"84 FR 43304 (August 20, 2019), Annex A only"
list4a,70134150,701341,"84 FR 43304 (August 20, 2019), Annex A only"
list4a,70134220,701342,"84 FR 43304 (August 20, 2019), Annex A only"
list4a,70134240,701342,"84 FR 43304 (August 20, 2019), Annex A only"
list4a,70134910,701349,"84 FR 43304 (August 20, 2019), Annex A only"
list4a,70134920,701349,"84 FR 43304 (August 20, 2019), Annex A only"
list4a,70134930,701349,"84 FR 43304 (August 20, 2019), Annex A only"
list4a,70134940,701349,"84 FR 43304 (August 20, 2019), Annex A only"
list4a,70134960,701349,"84 FR 43304 (August 20, 2019), Annex A only"
list4a,70139130,701391,"84 FR 43304 (August 20, 2019), Annex A only"
list4a,70139150,701391,"84 FR 43304 (August 20, 2019), Annex A only"
list4a,70139910,701399,"84 FR 43304 (August 20, 2019), Annex A only"
list4a,70139930,701399,"84 FR 43304 (August 20, 2019), Annex A only"
list4a,70139935,701399,"84 FR 43304 (August 20, 2019), Annex A only"
list4a,70139970,701399,"84 FR 43304 (August 20, 2019), Annex A only"
list4a,70139990,701399,"84 FR 43304 (August 20, 2019), Annex A only"
list4a,70151000,701510,"84 FR 43304 (August 20, 2019), Annex A only"
list4a,70159010,701590,"84 FR 43304 (August 20, 2019), Annex A only"
list4a,70159020,701590,"84 FR 43304 (August 20, 2019), Annex A only"
list4a,70159050,701590,"84 FR 43304 (August 20, 2019), Annex A only"
list4a,70189010,701890,"84 FR 43304 (August 20, 2019), Annex A only"
list4a,70194090,701940,"84 FR 43304 (August 20, 2019), Annex A only"
list4a,71011030,710110,"84 FR 43304 (August 20, 2019), Annex A only"
list4a,71011060,710110,"84 FR 43304 (August 20, 2019), Annex A only"
list4a,71012100,710121,"84 FR 43304 (August 20, 2019), Annex A only"
list4a,71012230,710122,"84 FR 43304 (August 20, 2019), Annex A only"
list4a,71012260,710122,"84 FR 43304 (August 20, 2019), Annex A only"
list4a,71021000,710210,"84 FR 43304 (August 20, 2019), Annex A only"
list4a,71023100,710231,"84 FR 43304 (August 20, 2019), Annex A only"
list4a,71023900,710239,"84 FR 43304 (August 20, 2019), Annex A only"
list4a,71031020,710310,"84 FR 43304 (August 20, 2019), Annex A only"
list4a,71031040,710310,"84 FR 43304 (August 20, 2019), Annex A only"
list4a,71039100,710391,"84 FR 43304 (August 20, 2019), Annex A only"
list4a,71039910,710399,"84 FR 43304 (August 20, 2019), Annex A only"
list4a,71039950,710399,"84 FR 43304 (August 20, 2019), Annex A only"
list4a,71041000,710410,"84 FR 43304 (August 20, 2019), Annex A only"
list4a,71042000,710420,"84 FR 43304 (August 20, 2019), Annex A only"
list4a,71049010,710490,"84 FR 43304 (August 20, 2019), Annex A only"
list4a,71049050,710490,"84 FR 43304 (August 20, 2019), Annex A only"
list4a,71131110,711311,"84 FR 43304 (August 20, 2019), Annex A only"
list4a,71131120,711311,"84 FR 43304 (August 20, 2019), Annex A only"
list4a,71131150,711311,"84 FR 43304 (August 20, 2019), Annex A only"
list4a,71131910,711319,"84 FR 43304 (August 20, 2019), Annex A only"
list4a,71131921,711319,"84 FR 43304 (August 20, 2019), Annex A only"
list4a,71131925,711319,"84 FR 43304 (August 20, 2019), Annex A only"
list4a,71131929,711319,"84 FR 43304 (August 20, 2019), Annex A only"
list4a,71131930,711319,"84 FR 43304 (August 20, 2019), Annex A only"
list4a,71131950,711319,"84 FR 43304 (August 20, 2019), Annex A only"
list4a,71132010,711320,"84 FR 43304 (August 20, 2019), Annex A only"
list4a,71132021,711320,"84 FR 43304 (August 20, 2019), Annex A only"
list4a,71132025,711320,"84 FR 43304 (August 20, 2019), Annex A only"
list4a,71132029,711320,"84 FR 43304 (August 20, 2019), Annex A only"
list4a,71132030,711320,"84 FR 43304 (August 20, 2019), Annex A only"
list4a,71132050,711320,"84 FR 43304 (August 20, 2019), Annex A only"
list4a,71161025,711610,"84 FR 43304 (August 20, 2019), Annex A only"
list4a,71162015,711620,"84 FR 43304 (August 20, 2019), Annex A only"
list4a,71162030,711620,"84 FR 43304 (August 20, 2019), Annex A only"
list4a,71162035,711620,"84 FR 43304 (August 20, 2019), Annex A only"
list4a,71162040,711620,"84 FR 43304 (August 20, 2019), Annex A only"
list4a,71162050,711620,"84 FR 43304 (August 20, 2019), Annex A only"
list4a,71171100,711711,"84 FR 43304 (August 20, 2019), Annex A only"
list4a,71171915,711719,"84 FR 43304 (August 20, 2019), Annex A only"
list4a,71171920,711719,"84 FR 43304 (August 20, 2019), Annex A only"
list4a,71171930,711719,"84 FR 43304 (August 20, 2019), Annex A only"
list4a,71171960,711719,"84 FR 43304 (August 20, 2019), Annex A only"
list4a,71171990,711719,"84 FR 43304 (August 20, 2019), Annex A only"
list4a,71179010,711790,"84 FR 43304 (August 20, 2019), Annex A only"
list4a,71179020,711790,"84 FR 43304 (August 20, 2019), Annex A only"
list4a,71179030,711790,"84 FR 43304 (August 20, 2019), Annex A only"
list4a,71179055,711790,"84 FR 43304 (August 20, 2019), Annex A only"
list4a,71179090,711790,"84 FR 43304 (August 20, 2019), Annex A only"
list4a,71181000,711810,"84 FR 43304 (August 20, 2019), Annex A only"
list4a,71189000,711890,"84 FR 43304 (August 20, 2019), Annex A only"
list4a,72061000,720610,"84 FR 43304 (August 20, 2019), Annex A only"
list4a,72069000,720690,"84 FR 43304 (August 20, 2019), Annex A only"
list4a,72071100,720711,"84 FR 43304 (August 20, 2019), Annex A only"
list4a,72071200,720712,"84 FR 43304 (August 20, 2019), Annex A only"
list4a,72071900,720719,"84 FR 43304 (August 20, 2019), Annex A only"
list4a,72072000,720720,"84 FR 43304 (August 20, 2019), Annex A only"
list4a,72081015,720810,"84 FR 43304 (August 20, 2019), Annex A only"
list4a,72081030,720810,"84 FR 43304 (August 20, 2019), Annex A only"
list4a,72081060,720810,"84 FR 43304 (August 20, 2019), Annex A only"
list4a,72082530,720825,"84 FR 43304 (August 20, 2019), Annex A only"
list4a,72082560,720825,"84 FR 43304 (August 20, 2019), Annex A only"
list4a,72082600,720826,"84 FR 43304 (August 20, 2019), Annex A only"
list4a,72082700,720827,"84 FR 43304 (August 20, 2019), Annex A only"
list4a,72083600,720836,"84 FR 43304 (August 20, 2019), Annex A only"
list4a,72083700,720837,"84 FR 43304 (August 20, 2019), Annex A only"
list4a,72083800,720838,"84 FR 43304 (August 20, 2019), Annex A only"
list4a,72083900,720839,"84 FR 43304 (August 20, 2019), Annex A only"
list4a,72084030,720840,"84 FR 43304 (August 20, 2019), Annex A only"
list4a,72084060,720840,"84 FR 43304 (August 20, 2019), Annex A only"
list4a,72085100,720851,"84 FR 43304 (August 20, 2019), Annex A only"
list4a,72085200,720852,"84 FR 43304 (August 20, 2019), Annex A only"
list4a,72085300,720853,"84 FR 43304 (August 20, 2019), Annex A only"
list4a,72085400,720854,"84 FR 43304 (August 20, 2019), Annex A only"
list4a,72089000,720890,"84 FR 43304 (August 20, 2019), Annex A only"
list4a,72091500,720915,"84 FR 43304 (August 20, 2019), Annex A only"
list4a,72091600,720916,"84 FR 43304 (August 20, 2019), Annex A only"
list4a,72091700,720917,"84 FR 43304 (August 20, 2019), Annex A only"
list4a,72091815,720918,"84 FR 43304 (August 20, 2019), Annex A only"
list4a,72091825,720918,"84 FR 43304 (August 20, 2019), Annex A only"
list4a,72091860,720918,"84 FR 43304 (August 20, 2019), Annex A only"
list4a,72092500,720925,"84 FR 43304 (August 20, 2019), Annex A only"
list4a,72092600,720926,"84 FR 43304 (August 20, 2019), Annex A only"
list4a,72092700,720927,"84 FR 43304 (August 20, 2019), Annex A only"
list4a,72092800,720928,"84 FR 43304 (August 20, 2019), Annex A only"
list4a,72099000,720990,"84 FR 43304 (August 20, 2019), Annex A only"
list4a,72101100,721011,"84 FR 43304 (August 20, 2019), Annex A only"
list4a,72101200,721012,"84 FR 43304 (August 20, 2019), Annex A only"
list4a,72103000,721030,"84 FR 43304 (August 20, 2019), Annex A only"
list4a,72104100,721041,"84 FR 43304 (August 20, 2019), Annex A only"
list4a,72104900,721049,"84 FR 43304 (August 20, 2019), Annex A only"
list4a,72105000,721050,"84 FR 43304 (August 20, 2019), Annex A only"
list4a,72106100,721061,"84 FR 43304 (August 20, 2019), Annex A only"
list4a,72106900,721069,"84 FR 43304 (August 20, 2019), Annex A only"
list4a,72107030,721070,"84 FR 43304 (August 20, 2019), Annex A only"
list4a,72107060,721070,"84 FR 43304 (August 20, 2019), Annex A only"
list4a,72109010,721090,"84 FR 43304 (August 20, 2019), Annex A only"
list4a,72109060,721090,"84 FR 43304 (August 20, 2019), Annex A only"
list4a,72109090,721090,"84 FR 43304 (August 20, 2019), Annex A only"
list4a,72111300,721113,"84 FR 43304 (August 20, 2019), Annex A only"
list4a,72111400,721114,"84 FR 43304 (August 20, 2019), Annex A only"
list4a,72111915,721119,"84 FR 43304 (August 20, 2019), Annex A only"
list4a,72111920,721119,"84 FR 43304 (August 20, 2019), Annex A only"
list4a,72111930,721119,"84 FR 43304 (August 20, 2019), Annex A only"
list4a,72111945,721119,"84 FR 43304 (August 20, 2019), Annex A only"
list4a,72111960,721119,"84 FR 43304 (August 20, 2019), Annex A only"
list4a,72111975,721119,"84 FR 43304 (August 20, 2019), Annex A only"
list4a,72112315,721123,"84 FR 43304 (August 20, 2019), Annex A only"
list4a,72112320,721123,"84 FR 43304 (August 20, 2019), Annex A only"
list4a,72112330,721123,"84 FR 43304 (August 20, 2019), Annex A only"
list4a,72112345,721123,"84 FR 43304 (August 20, 2019), Annex A only"
list4a,72112360,721123,"84 FR 43304 (August 20, 2019), Annex A only"
list4a,72112920,721129,"84 FR 43304 (August 20, 2019), Annex A only"
list4a,72112945,721129,"84 FR 43304 (August 20, 2019), Annex A only"
list4a,72112960,721129,"84 FR 43304 (August 20, 2019), Annex A only"
list4a,72119000,721190,"84 FR 43304 (August 20, 2019), Annex A only"
list4a,72121000,721210,"84 FR 43304 (August 20, 2019), Annex A only"
list4a,72122000,721220,"84 FR 43304 (August 20, 2019), Annex A only"
list4a,72123010,721230,"84 FR 43304 (August 20, 2019), Annex A only"
list4a,72123030,721230,"84 FR 43304 (August 20, 2019), Annex A only"
list4a,72123050,721230,"84 FR 43304 (August 20, 2019), Annex A only"
list4a,72124010,721240,"84 FR 43304 (August 20, 2019), Annex A only"
list4a,72124050,721240,"84 FR 43304 (August 20, 2019), Annex A only"
list4a,72125000,721250,"84 FR 43304 (August 20, 2019), Annex A only"
list4a,72126000,721260,"84 FR 43304 (August 20, 2019), Annex A only"
list4a,72131000,721310,"84 FR 43304 (August 20, 2019), Annex A only"
list4a,72132000,721320,"84 FR 43304 (August 20, 2019), Annex A only"
list4a,72139130,721391,"84 FR 43304 (August 20, 2019), Annex A only"
list4a,72139145,721391,"84 FR 43304 (August 20, 2019), Annex A only"
list4a,72139160,721391,"84 FR 43304 (August 20, 2019), Annex A only"
list4a,72139900,721399,"84 FR 43304 (August 20, 2019), Annex A only"
list4a,72142000,721420,"84 FR 43304 (August 20, 2019), Annex A only"
list4a,72143000,721430,"84 FR 43304 (August 20, 2019), Annex A only"
list4a,72149100,721491,"84 FR 43304 (August 20, 2019), Annex A only"
list4a,72149900,721499,"84 FR 43304 (August 20, 2019), Annex A only"
list4a,72151000,721510,"84 FR 43304 (August 20, 2019), Annex A only"
list4a,72155000,721550,"84 FR 43304 (August 20, 2019), Annex A only"
list4a,72159010,721590,"84 FR 43304 (August 20, 2019), Annex A only"
list4a,72159050,721590,"84 FR 43304 (August 20, 2019), Annex A only"
list4a,72161000,721610,"84 FR 43304 (August 20, 2019), Annex A only"
list4a,72162100,721621,"84 FR 43304 (August 20, 2019), Annex A only"
list4a,72162200,721622,"84 FR 43304 (August 20, 2019), Annex A only"
list4a,72163100,721631,"84 FR 43304 (August 20, 2019), Annex A only"
list4a,72163200,721632,"84 FR 43304 (August 20, 2019), Annex A only"
list4a,72163300,721633,"84 FR 43304 (August 20, 2019), Annex A only"
list4a,72164000,721640,"84 FR 43304 (August 20, 2019), Annex A only"
list4a,72165000,721650,"84 FR 43304 (August 20, 2019), Annex A only"
list4a,72169900,721699,"84 FR 43304 (August 20, 2019), Annex A only"
list4a,72171010,721710,"84 FR 43304 (August 20, 2019), Annex A only"
list4a,72171020,721710,"84 FR 43304 (August 20, 2019), Annex A only"
list4a,72171030,721710,"84 FR 43304 (August 20, 2019), Annex A only"
list4a,72171040,721710,"84 FR 43304 (August 20, 2019), Annex A only"
list4a,72171050,721710,"84 FR 43304 (August 20, 2019), Annex A only"
list4a,72171060,721710,"84 FR 43304 (August 20, 2019), Annex A only"
list4a,72171070,721710,"84 FR 43304 (August 20, 2019), Annex A only"
list4a,72171080,721710,"84 FR 43304 (August 20, 2019), Annex A only"
list4a,72171090,721710,"84 FR 43304 (August 20, 2019), Annex A only"
list4a,72172015,721720,"84 FR 43304 (August 20, 2019), Annex A only"
list4a,72172030,721720,"84 FR 43304 (August 20, 2019), Annex A only"
list4a,72172045,721720,"84 FR 43304 (August 20, 2019), Annex A only"
list4a,72172060,721720,"84 FR 43304 (August 20, 2019), Annex A only"
list4a,72172075,721720,"84 FR 43304 (August 20, 2019), Annex A only"
list4a,72173015,721730,"84 FR 43304 (August 20, 2019), Annex A only"
list4a,72173030,721730,"84 FR 43304 (August 20, 2019), Annex A only"
list4a,72173045,721730,"84 FR 43304 (August 20, 2019), Annex A only"
list4a,72173060,721730,"84 FR 43304 (August 20, 2019), Annex A only"
list4a,72173075,721730,"84 FR 43304 (August 20, 2019), Annex A only"
list4a,72179010,721790,"84 FR 43304 (August 20, 2019), Annex A only"
list4a,72179050,721790,"84 FR 43304 (August 20, 2019), Annex A only"
list4a,72181000,721810,"84 FR 43304 (August 20, 2019), Annex A only"
list4a,72189100,721891,"84 FR 43304 (August 20, 2019), Annex A only"
list4a,72189900,721899,"84 FR 43304 (August 20, 2019), Annex A only"
list4a,72191100,721911,"84 FR 43304 (August 20, 2019), Annex A only"
list4a,72191200,721912,"84 FR 43304 (August 20, 2019), Annex A only"
list4a,72191300,721913,"84 FR 43304 (August 20, 2019), Annex A only"
list4a,72191400,721914,"84 FR 43304 (August 20, 2019), Annex A only"
list4a,72192100,721921,"84 FR 43304 (August 20, 2019), Annex A only"
list4a,72192200,721922,"84 FR 43304 (August 20, 2019), Annex A only"
list4a,72192300,721923,"84 FR 43304 (August 20, 2019), Annex A only"
list4a,72192400,721924,"84 FR 43304 (August 20, 2019), Annex A only"
list4a,72193100,721931,"84 FR 43304 (August 20, 2019), Annex A only"
list4a,72193200,721932,"84 FR 43304 (August 20, 2019), Annex A only"
list4a,72193300,721933,"84 FR 43304 (August 20, 2019), Annex A only"
list4a,72193400,721934,"84 FR 43304 (August 20, 2019), Annex A only"
list4a,72193500,721935,"84 FR 43304 (August 20, 2019), Annex A only"
list4a,72199000,721990,"84 FR 43304 (August 20, 2019), Annex A only"
list4a,72201100,722011,"84 FR 43304 (August 20, 2019), Annex A only"
list4a,72201210,722012,"84 FR 43304 (August 20, 2019), Annex A only"
list4a,72201250,722012,"84 FR 43304 (August 20, 2019), Annex A only"
list4a,72202010,722020,"84 FR 43304 (August 20, 2019), Annex A only"
list4a,72202060,722020,"84 FR 43304 (August 20, 2019), Annex A only"
list4a,72202070,722020,"84 FR 43304 (August 20, 2019), Annex A only"
list4a,72202080,722020,"84 FR 43304 (August 20, 2019), Annex A only"
list4a,72202090,722020,"84 FR 43304 (August 20, 2019), Annex A only"
list4a,72209000,722090,"84 FR 43304 (August 20, 2019), Annex A only"
list4a,72210000,722100,"84 FR 43304 (August 20, 2019), Annex A only"
list4a,72221100,722211,"84 FR 43304 (August 20, 2019), Annex A only"
list4a,72221900,722219,"84 FR 43304 (August 20, 2019), Annex A only"
list4a,72222000,722220,"84 FR 43304 (August 20, 2019), Annex A only"
list4a,72223000,722230,"84 FR 43304 (August 20, 2019), Annex A only"
list4a,72224030,722240,"84 FR 43304 (August 20, 2019), Annex A only"
list4a,72224060,722240,"84 FR 43304 (August 20, 2019), Annex A only"
list4a,72230010,722300,"84 FR 43304 (August 20, 2019), Annex A only"
list4a,72230050,722300,"84 FR 43304 (August 20, 2019), Annex A only"
list4a,72230090,722300,"84 FR 43304 (August 20, 2019), Annex A only"
list4a,72241000,722410,"84 FR 43304 (August 20, 2019), Annex A only"
list4a,72249000,722490,"84 FR 43304 (August 20, 2019), Annex A only"
list4a,72251100,722511,"84 FR 43304 (August 20, 2019), Annex A only"
list4a,72251900,722519,"84 FR 43304 (August 20, 2019), Annex A only"
list4a,72253011,722530,"84 FR 43304 (August 20, 2019), Annex A only"
list4a,72253030,722530,"84 FR 43304 (August 20, 2019), Annex A only"
list4a,72253051,722530,"84 FR 43304 (August 20, 2019), Annex A only"
list4a,72253070,722530,"84 FR 43304 (August 20, 2019), Annex A only"
list4a,72254011,722540,"84 FR 43304 (August 20, 2019), Annex A only"
list4a,72254030,722540,"84 FR 43304 (August 20, 2019), Annex A only"
list4a,72254051,722540,"84 FR 43304 (August 20, 2019), Annex A only"
list4a,72254070,722540,"84 FR 43304 (August 20, 2019), Annex A only"
list4a,72255011,722550,"84 FR 43304 (August 20, 2019), Annex A only"
list4a,72255060,722550,"84 FR 43304 (August 20, 2019), Annex A only"
list4a,72255070,722550,"84 FR 43304 (August 20, 2019), Annex A only"
list4a,72255080,722550,"84 FR 43304 (August 20, 2019), Annex A only"
list4a,72259100,722591,"84 FR 43304 (August 20, 2019), Annex A only"
list4a,72259200,722592,"84 FR 43304 (August 20, 2019), Annex A only"
list4a,72259900,722599,"84 FR 43304 (August 20, 2019), Annex A only"
list4a,72261110,722611,"84 FR 43304 (August 20, 2019), Annex A only"
list4a,72261190,722611,"84 FR 43304 (August 20, 2019), Annex A only"
list4a,72261910,722619,"84 FR 43304 (August 20, 2019), Annex A only"
list4a,72261990,722619,"84 FR 43304 (August 20, 2019), Annex A only"
list4a,72262000,722620,"84 FR 43304 (August 20, 2019), Annex A only"
list4a,72269105,722691,"84 FR 43304 (August 20, 2019), Annex A only"
list4a,72269115,722691,"84 FR 43304 (August 20, 2019), Annex A only"
list4a,72269125,722691,"84 FR 43304 (August 20, 2019), Annex A only"
list4a,72269150,722691,"84 FR 43304 (August 20, 2019), Annex A only"
list4a,72269170,722691,"84 FR 43304 (August 20, 2019), Annex A only"
list4a,72269180,722691,"84 FR 43304 (August 20, 2019), Annex A only"
list4a,72269210,722692,"84 FR 43304 (August 20, 2019), Annex A only"
list4a,72269230,722692,"84 FR 43304 (August 20, 2019), Annex A only"
list4a,72269250,722692,"84 FR 43304 (August 20, 2019), Annex A only"
list4a,72269270,722692,"84 FR 43304 (August 20, 2019), Annex A only"
list4a,72269280,722692,"84 FR 43304 (August 20, 2019), Annex A only"
list4a,72269901,722699,"84 FR 43304 (August 20, 2019), Annex A only"
list4a,72271000,722710,"84 FR 43304 (August 20, 2019), Annex A only"
list4a,72272000,722720,"84 FR 43304 (August 20, 2019), Annex A only"
list4a,72279010,722790,"84 FR 43304 (August 20, 2019), Annex A only"
list4a,72279020,722790,"84 FR 43304 (August 20, 2019), Annex A only"
list4a,72279060,722790,"84 FR 43304 (August 20, 2019), Annex A only"
list4a,72281000,722810,"84 FR 43304 (August 20, 2019), Annex A only"
list4a,72282010,722820,"84 FR 43304 (August 20, 2019), Annex A only"
list4a,72282050,722820,"84 FR 43304 (August 20, 2019), Annex A only"
list4a,72283020,722830,"84 FR 43304 (August 20, 2019), Annex A only"
list4a,72283040,722830,"84 FR 43304 (August 20, 2019), Annex A only"
list4a,72283060,722830,"84 FR 43304 (August 20, 2019), Annex A only"
list4a,72283080,722830,"84 FR 43304 (August 20, 2019), Annex A only"
list4a,72284000,722840,"84 FR 43304 (August 20, 2019), Annex A only"
list4a,72285010,722850,"84 FR 43304 (August 20, 2019), Annex A only"
list4a,72285050,722850,"84 FR 43304 (August 20, 2019), Annex A only"
list4a,72286010,722860,"84 FR 43304 (August 20, 2019), Annex A only"
list4a,72286060,722860,"84 FR 43304 (August 20, 2019), Annex A only"
list4a,72286080,722860,"84 FR 43304 (August 20, 2019), Annex A only"
list4a,72287030,722870,"84 FR 43304 (August 20, 2019), Annex A only"
list4a,72287060,722870,"84 FR 43304 (August 20, 2019), Annex A only"
list4a,72288000,722880,"84 FR 43304 (August 20, 2019), Annex A only"
list4a,72292000,722920,"84 FR 43304 (August 20, 2019), Annex A only"
list4a,72299005,722990,"84 FR 43304 (August 20, 2019), Annex A only"
list4a,72299010,722990,"84 FR 43304 (August 20, 2019), Annex A only"
list4a,72299050,722990,"84 FR 43304 (August 20, 2019), Annex A only"
list4a,72299090,722990,"84 FR 43304 (August 20, 2019), Annex A only"
list4a,73011000,730110,"84 FR 43304 (August 20, 2019), Annex A only"
list4a,73021010,730210,"84 FR 43304 (August 20, 2019), Annex A only"
list4a,73021050,730210,"84 FR 43304 (August 20, 2019), Annex A only"
list4a,73029010,730290,"84 FR 43304 (August 20, 2019), Annex A only"
list4a,73029090,730290,"84 FR 43304 (August 20, 2019), Annex A only"
list4a,73041100,730411,"84 FR 43304 (August 20, 2019), Annex A only"
list4a,73041910,730419,"84 FR 43304 (August 20, 2019), Annex A only"
list4a,73041950,730419,"84 FR 43304 (August 20, 2019), Annex A only"
list4a,73042200,730422,"84 FR 43304 (August 20, 2019), Annex A only"
list4a,73042360,730423,"84 FR 43304 (August 20, 2019), Annex A only"
list4a,73042430,730424,"84 FR 43304 (August 20, 2019), Annex A only"
list4a,73042440,730424,"84 FR 43304 (August 20, 2019), Annex A only"
list4a,73042460,730424,"84 FR 43304 (August 20, 2019), Annex A only"
list4a,73042910,730429,"84 FR 43304 (August 20, 2019), Annex A only"
list4a,73042920,730429,"84 FR 43304 (August 20, 2019), Annex A only"
list4a,73042931,730429,"84 FR 43304 (August 20, 2019), Annex A only"
list4a,73042941,730429,"84 FR 43304 (August 20, 2019), Annex A only"
list4a,73042950,730429,"84 FR 43304 (August 20, 2019), Annex A only"
list4a,73042961,730429,"84 FR 43304 (August 20, 2019), Annex A only"
list4a,73043130,730431,"84 FR 43304 (August 20, 2019), Annex A only"
list4a,73043160,730431,"84 FR 43304 (August 20, 2019), Annex A only"
list4a,73043900,730439,"84 FR 43304 (August 20, 2019), Annex A only"
list4a,73044130,730441,"84 FR 43304 (August 20, 2019), Annex A only"
list4a,73044160,730441,"84 FR 43304 (August 20, 2019), Annex A only"
list4a,73044900,730449,"84 FR 43304 (August 20, 2019), Annex A only"
list4a,73045110,730451,"84 FR 43304 (August 20, 2019), Annex A only"
list4a,73045150,730451,"84 FR 43304 (August 20, 2019), Annex A only"
list4a,73045910,730459,"84 FR 43304 (August 20, 2019), Annex A only"
list4a,73045920,730459,"84 FR 43304 (August 20, 2019), Annex A only"
list4a,73045960,730459,"84 FR 43304 (August 20, 2019), Annex A only"
list4a,73045980,730459,"84 FR 43304 (August 20, 2019), Annex A only"
list4a,73049010,730490,"84 FR 43304 (August 20, 2019), Annex A only"
list4a,73049030,730490,"84 FR 43304 (August 20, 2019), Annex A only"
list4a,73049050,730490,"84 FR 43304 (August 20, 2019), Annex A only"
list4a,73049070,730490,"84 FR 43304 (August 20, 2019), Annex A only"
list4a,73051110,730511,"84 FR 43304 (August 20, 2019), Annex A only"
list4a,73051150,730511,"84 FR 43304 (August 20, 2019), Annex A only"
list4a,73051210,730512,"84 FR 43304 (August 20, 2019), Annex A only"
list4a,73051250,730512,"84 FR 43304 (August 20, 2019), Annex A only"
list4a,73051910,730519,"84 FR 43304 (August 20, 2019), Annex A only"
list4a,73051950,730519,"84 FR 43304 (August 20, 2019), Annex A only"
list4a,73052020,730520,"84 FR 43304 (August 20, 2019), Annex A only"
list4a,73052040,730520,"84 FR 43304 (August 20, 2019), Annex A only"
list4a,73052060,730520,"84 FR 43304 (August 20, 2019), Annex A only"
list4a,73052080,730520,"84 FR 43304 (August 20, 2019), Annex A only"
list4a,73053120,730531,"84 FR 43304 (August 20, 2019), Annex A only"
list4a,73053140,730531,"84 FR 43304 (August 20, 2019), Annex A only"
list4a,73053160,730531,"84 FR 43304 (August 20, 2019), Annex A only"
list4a,73053910,730539,"84 FR 43304 (August 20, 2019), Annex A only"
list4a,73053950,730539,"84 FR 43304 (August 20, 2019), Annex A only"
list4a,73059010,730590,"84 FR 43304 (August 20, 2019), Annex A only"
list4a,73059050,730590,"84 FR 43304 (August 20, 2019), Annex A only"
list4a,73061100,730611,"84 FR 43304 (August 20, 2019), Annex A only"
list4a,73061910,730619,"84 FR 43304 (August 20, 2019), Annex A only"
list4a,73061951,730619,"84 FR 43304 (August 20, 2019), Annex A only"
list4a,73062130,730621,"84 FR 43304 (August 20, 2019), Annex A only"
list4a,73062140,730621,"84 FR 43304 (August 20, 2019), Annex A only"
list4a,73062180,730621,"84 FR 43304 (August 20, 2019), Annex A only"
list4a,73062910,730629,"84 FR 43304 (August 20, 2019), Annex A only"
list4a,73062920,730629,"84 FR 43304 (August 20, 2019), Annex A only"
list4a,73062931,730629,"84 FR 43304 (August 20, 2019), Annex A only"
list4a,73062941,730629,"84 FR 43304 (August 20, 2019), Annex A only"
list4a,73062960,730629,"84 FR 43304 (August 20, 2019), Annex A only"
list4a,73062981,730629,"84 FR 43304 (August 20, 2019), Annex A only"
list4a,73063010,730630,"84 FR 43304 (August 20, 2019), Annex A only"
list4a,73063030,730630,"84 FR 43304 (August 20, 2019), Annex A only"
list4a,73063050,730630,"84 FR 43304 (August 20, 2019), Annex A only"
list4a,73064010,730640,"84 FR 43304 (August 20, 2019), Annex A only"
list4a,73064050,730640,"84 FR 43304 (August 20, 2019), Annex A only"
list4a,73065010,730650,"84 FR 43304 (August 20, 2019), Annex A only"
list4a,73065030,730650,"84 FR 43304 (August 20, 2019), Annex A only"
list4a,73065050,730650,"84 FR 43304 (August 20, 2019), Annex A only"
list4a,73066110,730661,"84 FR 43304 (August 20, 2019), Annex A only"
list4a,73066130,730661,"84 FR 43304 (August 20, 2019), Annex A only"
list4a,73066150,730661,"84 FR 43304 (August 20, 2019), Annex A only"
list4a,73066170,730661,"84 FR 43304 (August 20, 2019), Annex A only"
list4a,73066910,730669,"84 FR 43304 (August 20, 2019), Annex A only"
list4a,73066930,730669,"84 FR 43304 (August 20, 2019), Annex A only"
list4a,73066950,730669,"84 FR 43304 (August 20, 2019), Annex A only"
list4a,73066970,730669,"84 FR 43304 (August 20, 2019), Annex A only"
list4a,73069010,730690,"84 FR 43304 (August 20, 2019), Annex A only"
list4a,73069050,730690,"84 FR 43304 (August 20, 2019), Annex A only"
list4a,73170010,731700,"84 FR 43304 (August 20, 2019), Annex A only"
list4a,73181600,731816,"84 FR 43304 (August 20, 2019), Annex A only"
list4a,73194020,731940,"84 FR 43304 (August 20, 2019), Annex A only"
list4a,73194030,731940,"84 FR 43304 (August 20, 2019), Annex A only"
list4a,73194050,731940,"84 FR 43304 (August 20, 2019), Annex A only"
list4a,73199010,731990,"84 FR 43304 (August 20, 2019), Annex A only"
list4a,73199090,731990,"84 FR 43304 (August 20, 2019), Annex A only"
list4a,73202010,732020,"84 FR 43304 (August 20, 2019), Annex A only"
list4a,73202050,732020,"84 FR 43304 (August 20, 2019), Annex A only"
list4a,73218150,732181,"84 FR 43304 (August 20, 2019), Annex A only"
list4a,73218210,732182,"84 FR 43304 (August 20, 2019), Annex A only"
list4a,73218250,732182,"84 FR 43304 (August 20, 2019), Annex A only"
list4a,73218900,732189,"84 FR 43304 (August 20, 2019), Annex A only"
list4a,73239110,732391,"84 FR 43304 (August 20, 2019), Annex A only"
list4a,73239200,732392,"84 FR 43304 (August 20, 2019), Annex A only"
list4a,73239400,732394,"84 FR 43304 (August 20, 2019), Annex A only"
list4a,73239910,732399,"84 FR 43304 (August 20, 2019), Annex A only"
list4a,73242900,732429,"84 FR 43304 (August 20, 2019), Annex A only"
list4a,74181000,741810,"84 FR 43304 (August 20, 2019), Annex A only"
list4a,76011030,760110,"84 FR 43304 (August 20, 2019), Annex A only"
list4a,76011060,760110,"84 FR 43304 (August 20, 2019), Annex A only"
list4a,76012030,760120,"84 FR 43304 (August 20, 2019), Annex A only"
list4a,76012060,760120,"84 FR 43304 (August 20, 2019), Annex A only"
list4a,76012090,760120,"84 FR 43304 (August 20, 2019), Annex A only"
list4a,76041010,760410,"84 FR 43304 (August 20, 2019), Annex A only"
list4a,76041030,760410,"84 FR 43304 (August 20, 2019), Annex A only"
list4a,76041050,760410,"84 FR 43304 (August 20, 2019), Annex A only"
list4a,76042100,760421,"84 FR 43304 (August 20, 2019), Annex A only"
list4a,76042910,760429,"84 FR 43304 (August 20, 2019), Annex A only"
list4a,76042930,760429,"84 FR 43304 (August 20, 2019), Annex A only"
list4a,76042950,760429,"84 FR 43304 (August 20, 2019), Annex A only"
list4a,76051100,760511,"84 FR 43304 (August 20, 2019), Annex A only"
list4a,76051900,760519,"84 FR 43304 (August 20, 2019), Annex A only"
list4a,76052100,760521,"84 FR 43304 (August 20, 2019), Annex A only"
list4a,76052900,760529,"84 FR 43304 (August 20, 2019), Annex A only"
list4a,76061130,760611,"84 FR 43304 (August 20, 2019), Annex A only"
list4a,76061160,760611,"84 FR 43304 (August 20, 2019), Annex A only"
list4a,76061230,760612,"84 FR 43304 (August 20, 2019), Annex A only"
list4a,76061260,760612,"84 FR 43304 (August 20, 2019), Annex A only"
list4a,76069130,760691,"84 FR 43304 (August 20, 2019), Annex A only"
list4a,76069160,760691,"84 FR 43304 (August 20, 2019), Annex A only"
list4a,76069230,760692,"84 FR 43304 (August 20, 2019), Annex A only"
list4a,76069260,760692,"84 FR 43304 (August 20, 2019), Annex A only"
list4a,76071130,760711,"84 FR 43304 (August 20, 2019), Annex A only"
list4a,76071160,760711,"84 FR 43304 (August 20, 2019), Annex A only"
list4a,76071190,760711,"84 FR 43304 (August 20, 2019), Annex A only"
list4a,76071910,760719,"84 FR 43304 (August 20, 2019), Annex A only"
list4a,76071930,760719,"84 FR 43304 (August 20, 2019), Annex A only"
list4a,76071960,760719,"84 FR 43304 (August 20, 2019), Annex A only"
list4a,76072010,760720,"84 FR 43304 (August 20, 2019), Annex A only"
list4a,76072050,760720,"84 FR 43304 (August 20, 2019), Annex A only"
list4a,76081000,760810,"84 FR 43304 (August 20, 2019), Annex A only"
list4a,76082000,760820,"84 FR 43304 (August 20, 2019), Annex A only"
list4a,76090000,760900,"84 FR 43304 (August 20, 2019), Annex A only"
list4a,76101000,761010,"84 FR 43304 (August 20, 2019), Annex A only"
list4a,76151011,761510,"84 FR 43304 (August 20, 2019), Annex A only"
list4a,76151030,761510,"84 FR 43304 (August 20, 2019), Annex A only"
list4a,76151050,761510,"84 FR 43304 (August 20, 2019), Annex A only"
list4a,76151091,761510,"84 FR 43304 (August 20, 2019), Annex A only"
list4a,82119110,821191,"84 FR 43304 (August 20, 2019), Annex A only"
list4a,82119120,821191,"84 FR 43304 (August 20, 2019), Annex A only"
list4a,82119125,821191,"84 FR 43304 (August 20, 2019), Annex A only"
list4a,82119150,821191,"84 FR 43304 (August 20, 2019), Annex A only"
list4a,82119180,821191,"84 FR 43304 (August 20, 2019), Annex A only"
list4a,82119220,821192,"84 FR 43304 (August 20, 2019), Annex A only"
list4a,82119260,821192,"84 FR 43304 (August 20, 2019), Annex A only"
list4a,82119290,821192,"84 FR 43304 (August 20, 2019), Annex A only"
list4a,82121000,821210,"84 FR 43304 (August 20, 2019), Annex A only"
list4a,82122000,821220,"84 FR 43304 (August 20, 2019), Annex A only"
list4a,82129000,821290,"84 FR 43304 (August 20, 2019), Annex A only"
list4a,82142060,821420,"84 FR 43304 (August 20, 2019), Annex A only"
list4a,82149030,821490,"84 FR 43304 (August 20, 2019), Annex A only"
list4a,82151000,821510,"84 FR 43304 (August 20, 2019), Annex A only"
list4a,82159130,821591,"84 FR 43304 (August 20, 2019), Annex A only"
list4a,82159160,821591,"84 FR 43304 (August 20, 2019), Annex A only"
list4a,82159190,821591,"84 FR 43304 (August 20, 2019), Annex A only"
list4a,82159915,821599,"84 FR 43304 (August 20, 2019), Annex A only"
list4a,82159924,821599,"84 FR 43304 (August 20, 2019), Annex A only"
list4a,82159926,821599,"84 FR 43304 (August 20, 2019), Annex A only"
list4a,82159935,821599,"84 FR 43304 (August 20, 2019), Annex A only"
list4a,82159945,821599,"84 FR 43304 (August 20, 2019), Annex A only"
list4a,83011020,830110,"84 FR 43304 (August 20, 2019), Annex A only"
list4a,83011040,830110,"84 FR 43304 (August 20, 2019), Annex A only"
list4a,83011060,830110,"84 FR 43304 (August 20, 2019), Annex A only"
list4a,83011080,830110,"84 FR 43304 (August 20, 2019), Annex A only"
list4a,83013000,830130,"84 FR 43304 (August 20, 2019), Annex A only"
list4a,83014060,830140,"84 FR 43304 (August 20, 2019), Annex A only"
list4a,83015000,830150,"84 FR 43304 (August 20, 2019), Annex A only"
list4a,83016000,830160,"84 FR 43304 (August 20, 2019), Annex A only"
list4a,83017000,830170,"84 FR 43304 (August 20, 2019), Annex A only"
list4a,83021030,830210,"84 FR 43304 (August 20, 2019), Annex A only"
list4a,83024230,830242,"84 FR 43304 (August 20, 2019), Annex A only"
list4a,83024260,830242,"84 FR 43304 (August 20, 2019), Annex A only"
list4a,83051000,830510,"84 FR 43304 (August 20, 2019), Annex A only"
list4a,83052000,830520,"84 FR 43304 (August 20, 2019), Annex A only"
list4a,83059060,830590,"84 FR 43304 (August 20, 2019), Annex A only"
list4a,83062100,830621,"84 FR 43304 (August 20, 2019), Annex A only"
list4a,84031000,840310,"84 FR 43304 (August 20, 2019), Annex A only"
list4a,84039000,840390,"84 FR 43304 (August 20, 2019), Annex A only"
list4a,84159040,841590,"84 FR 43304 (August 20, 2019), Annex A only"
list4a,84159080,841590,"84 FR 43304 (August 20, 2019), Annex A only"
list4a,84161000,841610,"84 FR 43304 (August 20, 2019), Annex A only"
list4a,84162000,841620,"84 FR 43304 (August 20, 2019), Annex A only"
list4a,84172000,841720,"84 FR 43304 (August 20, 2019), Annex A only"
list4a,84198150,841981,"84 FR 43304 (August 20, 2019), Annex A only"
list4a,84198190,841981,"84 FR 43304 (August 20, 2019), Annex A only"
list4a,84201010,842010,"84 FR 43304 (August 20, 2019), Annex A only"
list4a,84211200,842112,"84 FR 43304 (August 20, 2019), Annex A only"
list4a,84219120,842191,"84 FR 43304 (August 20, 2019), Annex A only"
list4a,84219140,842191,"84 FR 43304 (August 20, 2019), Annex A only"
list4a,84221100,842211,"84 FR 43304 (August 20, 2019), Annex A only"
list4a,84229002,842290,"84 FR 43304 (August 20, 2019), Annex A only"
list4a,84229011,842290,"84 FR 43304 (August 20, 2019), Annex A only"
list4a,84229021,842290,"84 FR 43304 (August 20, 2019), Annex A only"
list4a,84241000,842410,"84 FR 43304 (August 20, 2019), Annex A only"
list4a,84249005,842490,"84 FR 43304 (August 20, 2019), Annex A only"
list4a,84249010,842490,"84 FR 43304 (August 20, 2019), Annex A only"
list4a,84281000,842810,"84 FR 43304 (August 20, 2019), Annex A only"
list4a,84286000,842860,"84 FR 43304 (August 20, 2019), Annex A only"
list4a,84302000,843020,"84 FR 43304 (August 20, 2019), Annex A only"
list4a,84331100,843311,"84 FR 43304 (August 20, 2019), Annex A only"
list4a,84331900,843319,"84 FR 43304 (August 20, 2019), Annex A only"
list4a,84341000,843410,"84 FR 43304 (August 20, 2019), Annex A only"
list4a,84351000,843510,"84 FR 43304 (August 20, 2019), Annex A only"
list4a,84359000,843590,"84 FR 43304 (August 20, 2019), Annex A only"
list4a,84381000,843810,"84 FR 43304 (August 20, 2019), Annex A only"
list4a,84382000,843820,"84 FR 43304 (August 20, 2019), Annex A only"
list4a,84383000,843830,"84 FR 43304 (August 20, 2019), Annex A only"
list4a,84384000,843840,"84 FR 43304 (August 20, 2019), Annex A only"
list4a,84389010,843890,"84 FR 43304 (August 20, 2019), Annex A only"
list4a,84401000,844010,"84 FR 43304 (August 20, 2019), Annex A only"
list4a,84409000,844090,"84 FR 43304 (August 20, 2019), Annex A only"
list4a,84425090,844250,"84 FR 43304 (August 20, 2019), Annex A only"
list4a,84431920,844319,"84 FR 43304 (August 20, 2019), Annex A only"
list4a,84433100,844331,"84 FR 43304 (August 20, 2019), Annex A only"
list4a,84433210,844332,"84 FR 43304 (August 20, 2019), Annex A only"
list4a,84433250,844332,"84 FR 43304 (August 20, 2019), Annex A only"
list4a,84433910,844339,"84 FR 43304 (August 20, 2019), Annex A only"
list4a,84433990,844339,"84 FR 43304 (August 20, 2019), Annex A only"
list4a,84439120,844391,"84 FR 43304 (August 20, 2019), Annex A only"
list4a,84439130,844391,"84 FR 43304 (August 20, 2019), Annex A only"
list4a,84439925,844399,"84 FR 43304 (August 20, 2019), Annex A only"
list4a,84439950,844399,"84 FR 43304 (August 20, 2019), Annex A only"
list4a,84451100,844511,"84 FR 43304 (August 20, 2019), Annex A only"
list4a,84451200,844512,"84 FR 43304 (August 20, 2019), Annex A only"
list4a,84451300,844513,"84 FR 43304 (August 20, 2019), Annex A only"
list4a,84451900,844519,"84 FR 43304 (August 20, 2019), Annex A only"
list4a,84452000,844520,"84 FR 43304 (August 20, 2019), Annex A only"
list4a,84453000,844530,"84 FR 43304 (August 20, 2019), Annex A only"
list4a,84454000,844540,"84 FR 43304 (August 20, 2019), Annex A only"
list4a,84459000,844590,"84 FR 43304 (August 20, 2019), Annex A only"
list4a,84461000,844610,"84 FR 43304 (August 20, 2019), Annex A only"
list4a,84462150,844621,"84 FR 43304 (August 20, 2019), Annex A only"
list4a,84462900,844629,"84 FR 43304 (August 20, 2019), Annex A only"
list4a,84463010,844630,"84 FR 43304 (August 20, 2019), Annex A only"
list4a,84471110,844711,"84 FR 43304 (August 20, 2019), Annex A only"
list4a,84471190,844711,"84 FR 43304 (August 20, 2019), Annex A only"
list4a,84471210,844712,"84 FR 43304 (August 20, 2019), Annex A only"
list4a,84471290,844712,"84 FR 43304 (August 20, 2019), Annex A only"
list4a,84472020,844720,"84 FR 43304 (August 20, 2019), Annex A only"
list4a,84472030,844720,"84 FR 43304 (August 20, 2019), Annex A only"
list4a,84472040,844720,"84 FR 43304 (August 20, 2019), Annex A only"
list4a,84472060,844720,"84 FR 43304 (August 20, 2019), Annex A only"
list4a,84479010,844790,"84 FR 43304 (August 20, 2019), Annex A only"
list4a,84479050,844790,"84 FR 43304 (August 20, 2019), Annex A only"
list4a,84479090,844790,"84 FR 43304 (August 20, 2019), Annex A only"
list4a,84481100,844811,"84 FR 43304 (August 20, 2019), Annex A only"
list4a,84481900,844819,"84 FR 43304 (August 20, 2019), Annex A only"
list4a,84482010,844820,"84 FR 43304 (August 20, 2019), Annex A only"
list4a,84482050,844820,"84 FR 43304 (August 20, 2019), Annex A only"
list4a,84483100,844831,"84 FR 43304 (August 20, 2019), Annex A only"
list4a,84483200,844832,"84 FR 43304 (August 20, 2019), Annex A only"
list4a,84483300,844833,"84 FR 43304 (August 20, 2019), Annex A only"
list4a,84483910,844839,"84 FR 43304 (August 20, 2019), Annex A only"
list4a,84483950,844839,"84 FR 43304 (August 20, 2019), Annex A only"
list4a,84483990,844839,"84 FR 43304 (August 20, 2019), Annex A only"
list4a,84484200,844842,"84 FR 43304 (August 20, 2019), Annex A only"
list4a,84484910,844849,"84 FR 43304 (August 20, 2019), Annex A only"
list4a,84484920,844849,"84 FR 43304 (August 20, 2019), Annex A only"
list4a,84485110,844851,"84 FR 43304 (August 20, 2019), Annex A only"
list4a,84485130,844851,"84 FR 43304 (August 20, 2019), Annex A only"
list4a,84485150,844851,"84 FR 43304 (August 20, 2019), Annex A only"
list4a,84485910,844859,"84 FR 43304 (August 20, 2019), Annex A only"
list4a,84485950,844859,"84 FR 43304 (August 20, 2019), Annex A only"
list4a,84490010,844900,"84 FR 43304 (August 20, 2019), Annex A only"
list4a,84490050,844900,"84 FR 43304 (August 20, 2019), Annex A only"
list4a,84501100,845011,"84 FR 43304 (August 20, 2019), Annex A only"
list4a,84502000,845020,"84 FR 43304 (August 20, 2019), Annex A only"
list4a,84509020,845090,"84 FR 43304 (August 20, 2019), Annex A only"
list4a,84509040,845090,"84 FR 43304 (August 20, 2019), Annex A only"
list4a,84509060,845090,"84 FR 43304 (August 20, 2019), Annex A only"
list4a,84521000,845210,"84 FR 43304 (August 20, 2019), Annex A only"
list4a,84522110,845221,"84 FR 43304 (August 20, 2019), Annex A only"
list4a,84522190,845221,"84 FR 43304 (August 20, 2019), Annex A only"
list4a,84522910,845229,"84 FR 43304 (August 20, 2019), Annex A only"
list4a,84523000,845230,"84 FR 43304 (August 20, 2019), Annex A only"
list4a,84529010,845290,"84 FR 43304 (August 20, 2019), Annex A only"
list4a,84529020,845290,"84 FR 43304 (August 20, 2019), Annex A only"
list4a,84531000,845310,"84 FR 43304 (August 20, 2019), Annex A only"
list4a,84532000,845320,"84 FR 43304 (August 20, 2019), Annex A only"
list4a,84538000,845380,"84 FR 43304 (August 20, 2019), Annex A only"
list4a,84539010,845390,"84 FR 43304 (August 20, 2019), Annex A only"
list4a,84539050,845390,"84 FR 43304 (August 20, 2019), Annex A only"
list4a,84659600,846596,"84 FR 43304 (August 20, 2019), Annex A only"
list4a,84671910,846719,"84 FR 43304 (August 20, 2019), Annex A only"
list4a,84672900,846729,"84 FR 43304 (August 20, 2019), Annex A only"
list4a,84678100,846781,"84 FR 43304 (August 20, 2019), Annex A only"
list4a,84678910,846789,"84 FR 43304 (August 20, 2019), Annex A only"
list4a,84678950,846789,"84 FR 43304 (August 20, 2019), Annex A only"
list4a,84679101,846791,"84 FR 43304 (August 20, 2019), Annex A only"
list4a,84679200,846792,"84 FR 43304 (August 20, 2019), Annex A only"
list4a,84681000,846810,"84 FR 43304 (August 20, 2019), Annex A only"
list4a,84705000,847050,"84 FR 43304 (August 20, 2019), Annex A only"
list4a,84714101,847141,"84 FR 43304 (August 20, 2019), Annex A only"
list4a,84714900,847149,"84 FR 43304 (August 20, 2019), Annex A only"
list4a,84716080,847160,"84 FR 43304 (August 20, 2019), Annex A only"
list4a,84729050,847290,"84 FR 43304 (August 20, 2019), Annex A only"
list4a,84768900,847689,"84 FR 43304 (August 20, 2019), Annex A only"
list4a,84781000,847810,"84 FR 43304 (August 20, 2019), Annex A only"
list4a,84789000,847890,"84 FR 43304 (August 20, 2019), Annex A only"
list4a,84797900,847979,"84 FR 43304 (August 20, 2019), Annex A only"
list4a,84798955,847989,"84 FR 43304 (August 20, 2019), Annex A only"
list4a,84798965,847989,"84 FR 43304 (August 20, 2019), Annex A only"
list4a,84799041,847990,"84 FR 43304 (August 20, 2019), Annex A only"
list4a,84799045,847990,"84 FR 43304 (August 20, 2019), Annex A only"
list4a,84799055,847990,"84 FR 43304 (August 20, 2019), Annex A only"
list4a,84799065,847990,"84 FR 43304 (August 20, 2019), Annex A only"
list4a,84799075,847990,"84 FR 43304 (August 20, 2019), Annex A only"
list4a,84799085,847990,"84 FR 43304 (August 20, 2019), Annex A only"
list4a,84806000,848060,"84 FR 43304 (August 20, 2019), Annex A only"
list4a,84819010,848190,"84 FR 43304 (August 20, 2019), Annex A only"
list4a,84819030,848190,"84 FR 43304 (August 20, 2019), Annex A only"
list4a,84819050,848190,"84 FR 43304 (August 20, 2019), Annex A only"
list4a,85041000,850410,"84 FR 43304 (August 20, 2019), Annex A only"
list4a,85073080,850730,"84 FR 43304 (August 20, 2019), Annex A only"
list4a,85076000,850760,"84 FR 43304 (August 20, 2019), Annex A only"
list4a,85079040,850790,"84 FR 43304 (August 20, 2019), Annex A only"
list4a,85101000,851010,"84 FR 43304 (August 20, 2019), Annex A only"
list4a,85121020,851210,"84 FR 43304 (August 20, 2019), Annex A only"
list4a,85121040,851210,"84 FR 43304 (August 20, 2019), Annex A only"
list4a,85161000,851610,"84 FR 43304 (August 20, 2019), Annex A only"
list4a,85163300,851633,"84 FR 43304 (August 20, 2019), Annex A only"
list4a,85167100,851671,"84 FR 43304 (August 20, 2019), Annex A only"
list4a,85171100,851711,"84 FR 43304 (August 20, 2019), Annex A only"
list4a,85176100,851761,"84 FR 43304 (August 20, 2019), Annex A only"
list4a,85176200,851762,"84 FR 43304 (August 20, 2019), Annex A only"
list4a,85177000,851770,"84 FR 43304 (August 20, 2019), Annex A only"
list4a,85181080,851810,"84 FR 43304 (August 20, 2019), Annex A only"
list4a,85182100,851821,"84 FR 43304 (August 20, 2019), Annex A only"
list4a,85182200,851822,"84 FR 43304 (August 20, 2019), Annex A only"
list4a,85182980,851829,"84 FR 43304 (August 20, 2019), Annex A only"
list4a,85183010,851830,"84 FR 43304 (August 20, 2019), Annex A only"
list4a,85192000,851920,"84 FR 43304 (August 20, 2019), Annex A only"
list4a,85193010,851930,"84 FR 43304 (August 20, 2019), Annex A only"
list4a,85198110,851981,"84 FR 43304 (August 20, 2019), Annex A only"
list4a,85198910,851989,"84 FR 43304 (August 20, 2019), Annex A only"
list4a,85198930,851989,"84 FR 43304 (August 20, 2019), Annex A only"
list4a,85211030,852110,"84 FR 43304 (August 20, 2019), Annex A only"
list4a,85211060,852110,"84 FR 43304 (August 20, 2019), Annex A only"
list4a,85211090,852110,"84 FR 43304 (August 20, 2019), Annex A only"
list4a,85219000,852190,"84 FR 43304 (August 20, 2019), Annex A only"
list4a,85232910,852329,"84 FR 43304 (August 20, 2019), Annex A only"
list4a,85232920,852329,"84 FR 43304 (August 20, 2019), Annex A only"
list4a,85232930,852329,"84 FR 43304 (August 20, 2019), Annex A only"
list4a,85232940,852329,"84 FR 43304 (August 20, 2019), Annex A only"
list4a,85232950,852329,"84 FR 43304 (August 20, 2019), Annex A only"
list4a,85232960,852329,"84 FR 43304 (August 20, 2019), Annex A only"
list4a,85232970,852329,"84 FR 43304 (August 20, 2019), Annex A only"
list4a,85232980,852329,"84 FR 43304 (August 20, 2019), Annex A only"
list4a,85232990,852329,"84 FR 43304 (August 20, 2019), Annex A only"
list4a,85234100,852341,"84 FR 43304 (August 20, 2019), Annex A only"
list4a,85234920,852349,"84 FR 43304 (August 20, 2019), Annex A only"
list4a,85234930,852349,"84 FR 43304 (August 20, 2019), Annex A only"
list4a,85234950,852349,"84 FR 43304 (August 20, 2019), Annex A only"
list4a,85235100,852351,"84 FR 43304 (August 20, 2019), Annex A only"
list4a,85238010,852380,"84 FR 43304 (August 20, 2019), Annex A only"
list4a,85238020,852380,"84 FR 43304 (August 20, 2019), Annex A only"
list4a,85258040,852580,"84 FR 43304 (August 20, 2019), Annex A only"
list4a,85279150,852791,"84 FR 43304 (August 20, 2019), Annex A only"
list4a,85279160,852791,"84 FR 43304 (August 20, 2019), Annex A only"
list4a,85284905,852849,"84 FR 43304 (August 20, 2019), Annex A only"
list4a,85284910,852849,"84 FR 43304 (August 20, 2019), Annex A only"
list4a,85284925,852849,"84 FR 43304 (August 20, 2019), Annex A only"
list4a,85284930,852849,"84 FR 43304 (August 20, 2019), Annex A only"
list4a,85284940,852849,"84 FR 43304 (August 20, 2019), Annex A only"
list4a,85284950,852849,"84 FR 43304 (August 20, 2019), Annex A only"
list4a,85284965,852849,"84 FR 43304 (August 20, 2019), Annex A only"
list4a,85284970,852849,"84 FR 43304 (August 20, 2019), Annex A only"
list4a,85284975,852849,"84 FR 43304 (August 20, 2019), Annex A only"
list4a,85285915,852859,"84 FR 43304 (August 20, 2019), Annex A only"
list4a,85285923,852859,"84 FR 43304 (August 20, 2019), Annex A only"
list4a,85285925,852859,"84 FR 43304 (August 20, 2019), Annex A only"
list4a,85285933,852859,"84 FR 43304 (August 20, 2019), Annex A only"
list4a,85285935,852859,"84 FR 43304 (August 20, 2019), Annex A only"
list4a,85285950,852859,"84 FR 43304 (August 20, 2019), Annex A only"
list4a,85285960,852859,"84 FR 43304 (August 20, 2019), Annex A only"
list4a,85286200,852862,"84 FR 43304 (August 20, 2019), Annex A only"
list4a,85286915,852869,"84 FR 43304 (August 20, 2019), Annex A only"
list4a,85286925,852869,"84 FR 43304 (August 20, 2019), Annex A only"
list4a,85286945,852869,"84 FR 43304 (August 20, 2019), Annex A only"
list4a,85286950,852869,"84 FR 43304 (August 20, 2019), Annex A only"
list4a,85286955,852869,"84 FR 43304 (August 20, 2019), Annex A only"
list4a,85286960,852869,"84 FR 43304 (August 20, 2019), Annex A only"
list4a,85286970,852869,"84 FR 43304 (August 20, 2019), Annex A only"
list4a,85287110,852871,"84 FR 43304 (August 20, 2019), Annex A only"
list4a,85287120,852871,"84 FR 43304 (August 20, 2019), Annex A only"
list4a,85287130,852871,"84 FR 43304 (August 20, 2019), Annex A only"
list4a,85287140,852871,"84 FR 43304 (August 20, 2019), Annex A only"
list4a,85287145,852871,"84 FR 43304 (August 20, 2019), Annex A only"
list4a,85287208,852872,"84 FR 43304 (August 20, 2019), Annex A only"
list4a,85287232,852872,"84 FR 43304 (August 20, 2019), Annex A only"
list4a,85287248,852872,"84 FR 43304 (August 20, 2019), Annex A only"
list4a,85287252,852872,"84 FR 43304 (August 20, 2019), Annex A only"
list4a,85287256,852872,"84 FR 43304 (August 20, 2019), Annex A only"
list4a,85287262,852872,"84 FR 43304 (August 20, 2019), Annex A only"
list4a,85287264,852872,"84 FR 43304 (August 20, 2019), Annex A only"
list4a,85287268,852872,"84 FR 43304 (August 20, 2019), Annex A only"
list4a,85287272,852872,"84 FR 43304 (August 20, 2019), Annex A only"
list4a,85287276,852872,"84 FR 43304 (August 20, 2019), Annex A only"
list4a,85287280,852872,"84 FR 43304 (August 20, 2019), Annex A only"
list4a,85287284,852872,"84 FR 43304 (August 20, 2019), Annex A only"
list4a,85287297,852872,"84 FR 43304 (August 20, 2019), Annex A only"
list4a,85299013,852990,"84 FR 43304 (August 20, 2019), Annex A only"
list4a,85318090,853180,"84 FR 43304 (August 20, 2019), Annex A only"
list4a,85369060,853690,"84 FR 43304 (August 20, 2019), Annex A only"
list4a,85392920,853929,"84 FR 43304 (August 20, 2019), Annex A only"
list4a,85392930,853929,"84 FR 43304 (August 20, 2019), Annex A only"
list4a,85392940,853929,"84 FR 43304 (August 20, 2019), Annex A only"
list4a,85437089,854370,"84 FR 43304 (August 20, 2019), Annex A only"
list4a,85481005,854810,"84 FR 43304 (August 20, 2019), Annex A only"
list4a,85481015,854810,"84 FR 43304 (August 20, 2019), Annex A only"
list4a,85481025,854810,"84 FR 43304 (August 20, 2019), Annex A only"
list4a,85481035,854810,"84 FR 43304 (August 20, 2019), Annex A only"
list4a,87031010,870310,"84 FR 43304 (August 20, 2019), Annex A only"
list4a,87031050,870310,"84 FR 43304 (August 20, 2019), Annex A only"
list4a,87100000,871000,"84 FR 43304 (August 20, 2019), Annex A only"
list4a,87112000,871120,"84 FR 43304 (August 20, 2019), Annex A only"
list4a,87113000,871130,"84 FR 43304 (August 20, 2019), Annex A only"
list4a,87114030,871140,"84 FR 43304 (August 20, 2019), Annex A only"
list4a,87114060,871140,"84 FR 43304 (August 20, 2019), Annex A only"
list4a,87141000,871410,"84 FR 43304 (August 20, 2019), Annex A only"
list4a,87149910,871499,"84 FR 43304 (August 20, 2019), Annex A only"
list4a,87149950,871499,"84 FR 43304 (August 20, 2019), Annex A only"
list4a,87149960,871499,"84 FR 43304 (August 20, 2019), Annex A only"
list4a,87149980,871499,"84 FR 43304 (August 20, 2019), Annex A only"
list4a,88010000,880100,"84 FR 43304 (August 20, 2019), Annex A only"
list4a,89061000,890610,"84 FR 43304 (August 20, 2019), Annex A only"
list4a,89079000,890790,"84 FR 43304 (August 20, 2019), Annex A only"
list4a,90013000,900130,"84 FR 43304 (August 20, 2019), Annex A only"
list4a,90014000,900140,"84 FR 43304 (August 20, 2019), Annex A only"
list4a,90015000,900150,"84 FR 43304 (August 20, 2019), Annex A only"
list4a,90031100,900311,"84 FR 43304 (August 20, 2019), Annex A only"
list4a,90031900,900319,"84 FR 43304 (August 20, 2019), Annex A only"
list4a,90039000,900390,"84 FR 43304 (August 20, 2019), Annex A only"
list4a,90041000,900410,"84 FR 43304 (August 20, 2019), Annex A only"
list4a,90049000,900490,"84 FR 43304 (August 20, 2019), Annex A only"
list4a,90051000,900510,"84 FR 43304 (August 20, 2019), Annex A only"
list4a,90058060,900580,"84 FR 43304 (August 20, 2019), Annex A only"
list4a,90059040,900590,"84 FR 43304 (August 20, 2019), Annex A only"
list4a,90059080,900590,"84 FR 43304 (August 20, 2019), Annex A only"
list4a,90064040,900640,"84 FR 43304 (August 20, 2019), Annex A only"
list4a,90065100,900651,"84 FR 43304 (August 20, 2019), Annex A only"
list4a,90065210,900652,"84 FR 43304 (August 20, 2019), Annex A only"
list4a,90065230,900652,"84 FR 43304 (August 20, 2019), Annex A only"
list4a,90065250,900652,"84 FR 43304 (August 20, 2019), Annex A only"
list4a,90065260,900652,"84 FR 43304 (August 20, 2019), Annex A only"
list4a,90065291,900652,"84 FR 43304 (August 20, 2019), Annex A only"
list4a,90065301,900653,"84 FR 43304 (August 20, 2019), Annex A only"
list4a,90065920,900659,"84 FR 43304 (August 20, 2019), Annex A only"
list4a,90065940,900659,"84 FR 43304 (August 20, 2019), Annex A only"
list4a,90065991,900659,"84 FR 43304 (August 20, 2019), Annex A only"
list4a,90066100,900661,"84 FR 43304 (August 20, 2019), Annex A only"
list4a,90069100,900691,"84 FR 43304 (August 20, 2019), Annex A only"
list4a,90069900,900699,"84 FR 43304 (August 20, 2019), Annex A only"
list4a,90079140,900791,"84 FR 43304 (August 20, 2019), Annex A only"
list4a,90079180,900791,"84 FR 43304 (August 20, 2019), Annex A only"
list4a,90085020,900850,"84 FR 43304 (August 20, 2019), Annex A only"
list4a,90085030,900850,"84 FR 43304 (August 20, 2019), Annex A only"
list4a,90131010,901310,"84 FR 43304 (August 20, 2019), Annex A only"
list4a,90131050,901310,"84 FR 43304 (August 20, 2019), Annex A only"
list4a,90138090,901380,"84 FR 43304 (August 20, 2019), Annex A only"
list4a,90139020,901390,"84 FR 43304 (August 20, 2019), Annex A only"
list4a,90141060,901410,"84 FR 43304 (August 20, 2019), Annex A only"
list4a,90230000,902300,"84 FR 43304 (August 20, 2019), Annex A only"
list4a,90258015,902580,"84 FR 43304 (August 20, 2019), Annex A only"
list4a,90258035,902580,"84 FR 43304 (August 20, 2019), Annex A only"
list4a,90258040,902580,"84 FR 43304 (August 20, 2019), Annex A only"
list4a,90258050,902580,"84 FR 43304 (August 20, 2019), Annex A only"
list4a,90261040,902610,"84 FR 43304 (August 20, 2019), Annex A only"
list4a,90261060,902610,"84 FR 43304 (August 20, 2019), Annex A only"
list4a,90262080,902620,"84 FR 43304 (August 20, 2019), Annex A only"
list4a,90268060,902680,"84 FR 43304 (August 20, 2019), Annex A only"
list4a,90279020,902790,"84 FR 43304 (August 20, 2019), Annex A only"
list4a,90299060,902990,"84 FR 43304 (August 20, 2019), Annex A only"
list4a,91011140,910111,"84 FR 43304 (August 20, 2019), Annex A only"
list4a,91011180,910111,"84 FR 43304 (August 20, 2019), Annex A only"
list4a,91011920,910119,"84 FR 43304 (August 20, 2019), Annex A only"
list4a,91011940,910119,"84 FR 43304 (August 20, 2019), Annex A only"
list4a,91011980,910119,"84 FR 43304 (August 20, 2019), Annex A only"
list4a,91012110,910121,"84 FR 43304 (August 20, 2019), Annex A only"
list4a,91012130,910121,"84 FR 43304 (August 20, 2019), Annex A only"
list4a,91012150,910121,"84 FR 43304 (August 20, 2019), Annex A only"
list4a,91012180,910121,"84 FR 43304 (August 20, 2019), Annex A only"
list4a,91012910,910129,"84 FR 43304 (August 20, 2019), Annex A only"
list4a,91012920,910129,"84 FR 43304 (August 20, 2019), Annex A only"
list4a,91012930,910129,"84 FR 43304 (August 20, 2019), Annex A only"
list4a,91012940,910129,"84 FR 43304 (August 20, 2019), Annex A only"
list4a,91012950,910129,"84 FR 43304 (August 20, 2019), Annex A only"
list4a,91012970,910129,"84 FR 43304 (August 20, 2019), Annex A only"
list4a,91012980,910129,"84 FR 43304 (August 20, 2019), Annex A only"
list4a,91012990,910129,"84 FR 43304 (August 20, 2019), Annex A only"
list4a,91019120,910191,"84 FR 43304 (August 20, 2019), Annex A only"
list4a,91019180,910191,"84 FR 43304 (August 20, 2019), Annex A only"
list4a,91019920,910199,"84 FR 43304 (August 20, 2019), Annex A only"
list4a,91019960,910199,"84 FR 43304 (August 20, 2019), Annex A only"
list4a,91019980,910199,"84 FR 43304 (August 20, 2019), Annex A only"
list4a,91021110,910211,"84 FR 43304 (August 20, 2019), Annex A only"
list4a,91021125,910211,"84 FR 43304 (August 20, 2019), Annex A only"
list4a,91021130,910211,"84 FR 43304 (August 20, 2019), Annex A only"
list4a,91021145,910211,"84 FR 43304 (August 20, 2019), Annex A only"
list4a,91021150,910211,"84 FR 43304 (August 20, 2019), Annex A only"
list4a,91021165,910211,"84 FR 43304 (August 20, 2019), Annex A only"
list4a,91021170,910211,"84 FR 43304 (August 20, 2019), Annex A only"
list4a,91021195,910211,"84 FR 43304 (August 20, 2019), Annex A only"
list4a,91021280,910212,"84 FR 43304 (August 20, 2019), Annex A only"
list4a,91021920,910219,"84 FR 43304 (August 20, 2019), Annex A only"
list4a,91021940,910219,"84 FR 43304 (August 20, 2019), Annex A only"
list4a,91021960,910219,"84 FR 43304 (August 20, 2019), Annex A only"
list4a,91021980,910219,"84 FR 43304 (August 20, 2019), Annex A only"
list4a,91022110,910221,"84 FR 43304 (August 20, 2019), Annex A only"
list4a,91022125,910221,"84 FR 43304 (August 20, 2019), Annex A only"
list4a,91022130,910221,"84 FR 43304 (August 20, 2019), Annex A only"
list4a,91022150,910221,"84 FR 43304 (August 20, 2019), Annex A only"
list4a,91022170,910221,"84 FR 43304 (August 20, 2019), Annex A only"
list4a,91022190,910221,"84 FR 43304 (August 20, 2019), Annex A only"
list4a,91022902,910229,"84 FR 43304 (August 20, 2019), Annex A only"
list4a,91022904,910229,"84 FR 43304 (August 20, 2019), Annex A only"
list4a,91022910,910229,"84 FR 43304 (August 20, 2019), Annex A only"
list4a,91022920,910229,"84 FR 43304 (August 20, 2019), Annex A only"
list4a,91022925,910229,"84 FR 43304 (August 20, 2019), Annex A only"
list4a,91022930,910229,"84 FR 43304 (August 20, 2019), Annex A only"
list4a,91022935,910229,"84 FR 43304 (August 20, 2019), Annex A only"
list4a,91022940,910229,"84 FR 43304 (August 20, 2019), Annex A only"
list4a,91022945,910229,"84 FR 43304 (August 20, 2019), Annex A only"
list4a,91022950,910229,"84 FR 43304 (August 20, 2019), Annex A only"
list4a,91022955,910229,"84 FR 43304 (August 20, 2019), Annex A only"
list4a,91022960,910229,"84 FR 43304 (August 20, 2019), Annex A only"
list4a,91029120,910291,"84 FR 43304 (August 20, 2019), Annex A only"
list4a,91029140,910291,"84 FR 43304 (August 20, 2019), Annex A only"
list4a,91029180,910291,"84 FR 43304 (August 20, 2019), Annex A only"
list4a,91029920,910299,"84 FR 43304 (August 20, 2019), Annex A only"
list4a,91029940,910299,"84 FR 43304 (August 20, 2019), Annex A only"
list4a,91029960,910299,"84 FR 43304 (August 20, 2019), Annex A only"
list4a,91029980,910299,"84 FR 43304 (August 20, 2019), Annex A only"
list4a,91031080,910310,"84 FR 43304 (August 20, 2019), Annex A only"
list4a,91039000,910390,"84 FR 43304 (August 20, 2019), Annex A only"
list4a,91040060,910400,"84 FR 43304 (August 20, 2019), Annex A only"
list4a,91051910,910519,"84 FR 43304 (August 20, 2019), Annex A only"
list4a,91051920,910519,"84 FR 43304 (August 20, 2019), Annex A only"
list4a,91051930,910519,"84 FR 43304 (August 20, 2019), Annex A only"
list4a,91051950,910519,"84 FR 43304 (August 20, 2019), Annex A only"
list4a,91052910,910529,"84 FR 43304 (August 20, 2019), Annex A only"
list4a,91052920,910529,"84 FR 43304 (August 20, 2019), Annex A only"
list4a,91052930,910529,"84 FR 43304 (August 20, 2019), Annex A only"
list4a,91052950,910529,"84 FR 43304 (August 20, 2019), Annex A only"
list4a,91059910,910599,"84 FR 43304 (August 20, 2019), Annex A only"
list4a,91059920,910599,"84 FR 43304 (August 20, 2019), Annex A only"
list4a,91059930,910599,"84 FR 43304 (August 20, 2019), Annex A only"
list4a,91059940,910599,"84 FR 43304 (August 20, 2019), Annex A only"
list4a,91059960,910599,"84 FR 43304 (August 20, 2019), Annex A only"
list4a,91081140,910811,"84 FR 43304 (August 20, 2019), Annex A only"
list4a,91081180,910811,"84 FR 43304 (August 20, 2019), Annex A only"
list4a,91081940,910819,"84 FR 43304 (August 20, 2019), Annex A only"
list4a,91081980,910819,"84 FR 43304 (August 20, 2019), Annex A only"
list4a,91082040,910820,"84 FR 43304 (August 20, 2019), Annex A only"
list4a,91082080,910820,"84 FR 43304 (August 20, 2019), Annex A only"
list4a,91089010,910890,"84 FR 43304 (August 20, 2019), Annex A only"
list4a,91089020,910890,"84 FR 43304 (August 20, 2019), Annex A only"
list4a,91089030,910890,"84 FR 43304 (August 20, 2019), Annex A only"
list4a,91089040,910890,"84 FR 43304 (August 20, 2019), Annex A only"
list4a,91089050,910890,"84 FR 43304 (August 20, 2019), Annex A only"
list4a,91089060,910890,"84 FR 43304 (August 20, 2019), Annex A only"
list4a,91089070,910890,"84 FR 43304 (August 20, 2019), Annex A only"
list4a,91089085,910890,"84 FR 43304 (August 20, 2019), Annex A only"
list4a,91089090,910890,"84 FR 43304 (August 20, 2019), Annex A only"
list4a,91089095,910890,"84 FR 43304 (August 20, 2019), Annex A only"
list4a,91091020,910910,"84 FR 43304 (August 20, 2019), Annex A only"
list4a,91091040,910910,"84 FR 43304 (August 20, 2019), Annex A only"
list4a,91091050,910910,"84 FR 43304 (August 20, 2019), Annex A only"
list4a,91091080,910910,"84 FR 43304 (August 20, 2019), Annex A only"
list4a,91099020,910990,"84 FR 43304 (August 20, 2019), Annex A only"
list4a,91099060,910990,"84 FR 43304 (August 20, 2019), Annex A only"
list4a,91101100,911011,"84 FR 43304 (August 20, 2019), Annex A only"
list4a,91101200,911012,"84 FR 43304 (August 20, 2019), Annex A only"
list4a,91101900,911019,"84 FR 43304 (August 20, 2019), Annex A only"
list4a,91109020,911090,"84 FR 43304 (August 20, 2019), Annex A only"
list4a,91109040,911090,"84 FR 43304 (August 20, 2019), Annex A only"
list4a,91109060,911090,"84 FR 43304 (August 20, 2019), Annex A only"
list4a,91111000,911110,"84 FR 43304 (August 20, 2019), Annex A only"
list4a,91112020,911120,"84 FR 43304 (August 20, 2019), Annex A only"
list4a,91112040,911120,"84 FR 43304 (August 20, 2019), Annex A only"
list4a,91118000,911180,"84 FR 43304 (August 20, 2019), Annex A only"
list4a,91119040,911190,"84 FR 43304 (August 20, 2019), Annex A only"
list4a,91119050,911190,"84 FR 43304 (August 20, 2019), Annex A only"
list4a,91119070,911190,"84 FR 43304 (August 20, 2019), Annex A only"
list4a,91122040,911220,"84 FR 43304 (August 20, 2019), Annex A only"
list4a,91122080,911220,"84 FR 43304 (August 20, 2019), Annex A only"
list4a,91129000,911290,"84 FR 43304 (August 20, 2019), Annex A only"
list4a,91131000,911310,"84 FR 43304 (August 20, 2019), Annex A only"
list4a,91132060,911320,"84 FR 43304 (August 20, 2019), Annex A only"
list4a,91132090,911320,"84 FR 43304 (August 20, 2019), Annex A only"
list4a,91139080,911390,"84 FR 43304 (August 20, 2019), Annex A only"
list4a,91141040,911410,"84 FR 43304 (August 20, 2019), Annex A only"
list4a,91141080,911410,"84 FR 43304 (August 20, 2019), Annex A only"
list4a,91143040,911430,"84 FR 43304 (August 20, 2019), Annex A only"
list4a,91143080,911430,"84 FR 43304 (August 20, 2019), Annex A only"
list4a,91144020,911440,"84 FR 43304 (August 20, 2019), Annex A only"
list4a,91144040,911440,"84 FR 43304 (August 20, 2019), Annex A only"
list4a,91144060,911440,"84 FR 43304 (August 20, 2019), Annex A only"
list4a,91144080,911440,"84 FR 43304 (August 20, 2019), Annex A only"
list4a,91149010,911490,"84 FR 43304 (August 20, 2019), Annex A only"
list4a,91149015,911490,"84 FR 43304 (August 20, 2019), Annex A only"
list4a,91149040,911490,"84 FR 43304 (August 20, 2019), Annex A only"
list4a,91149050,911490,"84 FR 43304 (August 20, 2019), Annex A only"
list4a,92011000,920110,"84 FR 43304 (August 20, 2019), Annex A only"
list4a,92012000,920120,"84 FR 43304 (August 20, 2019), Annex A only"
list4a,92019000,920190,"84 FR 43304 (August 20, 2019), Annex A only"
list4a,92029020,920290,"84 FR 43304 (August 20, 2019), Annex A only"
list4a,92029040,920290,"84 FR 43304 (August 20, 2019), Annex A only"
list4a,92051000,920510,"84 FR 43304 (August 20, 2019), Annex A only"
list4a,92059012,920590,"84 FR 43304 (August 20, 2019), Annex A only"
list4a,92059014,920590,"84 FR 43304 (August 20, 2019), Annex A only"
list4a,92059015,920590,"84 FR 43304 (August 20, 2019), Annex A only"
list4a,92059018,920590,"84 FR 43304 (August 20, 2019), Annex A only"
list4a,92059019,920590,"84 FR 43304 (August 20, 2019), Annex A only"
list4a,92059020,920590,"84 FR 43304 (August 20, 2019), Annex A only"
list4a,92059040,920590,"84 FR 43304 (August 20, 2019), Annex A only"
list4a,92059060,920590,"84 FR 43304 (August 20, 2019), Annex A only"
list4a,92060020,920600,"84 FR 43304 (August 20, 2019), Annex A only"
list4a,92060040,920600,"84 FR 43304 (August 20, 2019), Annex A only"
list4a,92060060,920600,"84 FR 43304 (August 20, 2019), Annex A only"
list4a,92060080,920600,"84 FR 43304 (August 20, 2019), Annex A only"
list4a,92071000,920710,"84 FR 43304 (August 20, 2019), Annex A only"
list4a,92079000,920790,"84 FR 43304 (August 20, 2019), Annex A only"
list4a,92089000,920890,"84 FR 43304 (August 20, 2019), Annex A only"
list4a,92093000,920930,"84 FR 43304 (August 20, 2019), Annex A only"
list4a,92099140,920991,"84 FR 43304 (August 20, 2019), Annex A only"
list4a,92099180,920991,"84 FR 43304 (August 20, 2019), Annex A only"
list4a,92099240,920992,"84 FR 43304 (August 20, 2019), Annex A only"
list4a,92099260,920992,"84 FR 43304 (August 20, 2019), Annex A only"
list4a,92099280,920992,"84 FR 43304 (August 20, 2019), Annex A only"
list4a,92099480,920994,"84 FR 43304 (August 20, 2019), Annex A only"
list4a,92099905,920999,"84 FR 43304 (August 20, 2019), Annex A only"
list4a,92099910,920999,"84 FR 43304 (August 20, 2019), Annex A only"
list4a,92099916,920999,"84 FR 43304 (August 20, 2019), Annex A only"
list4a,92099918,920999,"84 FR 43304 (August 20, 2019), Annex A only"
list4a,92099920,920999,"84 FR 43304 (August 20, 2019), Annex A only"
list4a,92099940,920999,"84 FR 43304 (August 20, 2019), Annex A only"
list4a,92099961,920999,"84 FR 43304 (August 20, 2019), Annex A only"
list4a,92099980,920999,"84 FR 43304 (August 20, 2019), Annex A only"
list4a,93011000,930110,"84 FR 43304 (August 20, 2019), Annex A only"
list4a,93012000,930120,"84 FR 43304 (August 20, 2019), Annex A only"
list4a,93019030,930190,"84 FR 43304 (August 20, 2019), Annex A only"
list4a,93019060,930190,"84 FR 43304 (August 20, 2019), Annex A only"
list4a,93019090,930190,"84 FR 43304 (August 20, 2019), Annex A only"
list4a,93020000,930200,"84 FR 43304 (August 20, 2019), Annex A only"
list4a,93031000,930310,"84 FR 43304 (August 20, 2019), Annex A only"
list4a,93032000,930320,"84 FR 43304 (August 20, 2019), Annex A only"
list4a,93033040,930330,"84 FR 43304 (August 20, 2019), Annex A only"
list4a,93033080,930330,"84 FR 43304 (August 20, 2019), Annex A only"
list4a,93039040,930390,"84 FR 43304 (August 20, 2019), Annex A only"
list4a,93039080,930390,"84 FR 43304 (August 20, 2019), Annex A only"
list4a,93040020,930400,"84 FR 43304 (August 20, 2019), Annex A only"
list4a,93040040,930400,"84 FR 43304 (August 20, 2019), Annex A only"
list4a,93040060,930400,"84 FR 43304 (August 20, 2019), Annex A only"
list4a,93051020,930510,"84 FR 43304 (August 20, 2019), Annex A only"
list4a,93051040,930510,"84 FR 43304 (August 20, 2019), Annex A only"
list4a,93051060,930510,"84 FR 43304 (August 20, 2019), Annex A only"
list4a,93051080,930510,"84 FR 43304 (August 20, 2019), Annex A only"
list4a,93052005,930520,"84 FR 43304 (August 20, 2019), Annex A only"
list4a,93052080,930520,"84 FR 43304 (August 20, 2019), Annex A only"
list4a,93059110,930591,"84 FR 43304 (August 20, 2019), Annex A only"
list4a,93059120,930591,"84 FR 43304 (August 20, 2019), Annex A only"
list4a,93059130,930591,"84 FR 43304 (August 20, 2019), Annex A only"
list4a,93059950,930599,"84 FR 43304 (August 20, 2019), Annex A only"
list4a,93059960,930599,"84 FR 43304 (August 20, 2019), Annex A only"
list4a,93062100,930621,"84 FR 43304 (August 20, 2019), Annex A only"
list4a,93062900,930629,"84 FR 43304 (August 20, 2019), Annex A only"
list4a,93063041,930630,"84 FR 43304 (August 20, 2019), Annex A only"
list4a,93063080,930630,"84 FR 43304 (August 20, 2019), Annex A only"
list4a,93069000,930690,"84 FR 43304 (August 20, 2019), Annex A only"
list4a,93070000,930700,"84 FR 43304 (August 20, 2019), Annex A only"
list4a,94011040,940110,"84 FR 43304 (August 20, 2019), Annex A only"
list4a,94011080,940110,"84 FR 43304 (August 20, 2019), Annex A only"
list4a,94016960,940169,"84 FR 43304 (August 20, 2019), Annex A only"
list4a,94017100,940171,"84 FR 43304 (August 20, 2019), Annex A only"
list4a,94019010,940190,"84 FR 43304 (August 20, 2019), Annex A only"
list4a,94019015,940190,"84 FR 43304 (August 20, 2019), Annex A only"
list4a,94019025,940190,"84 FR 43304 (August 20, 2019), Annex A only"
list4a,94049010,940490,"84 FR 43304 (August 20, 2019), Annex A only"
list4a,94049020,940490,"84 FR 43304 (August 20, 2019), Annex A only"
list4a,95042020,950420,"84 FR 43304 (August 20, 2019), Annex A only"
list4a,95042040,950420,"84 FR 43304 (August 20, 2019), Annex A only"
list4a,95042080,950420,"84 FR 43304 (August 20, 2019), Annex A only"
list4a,95043000,950430,"84 FR 43304 (August 20, 2019), Annex A only"
list4a,95049090,950490,"84 FR 43304 (August 20, 2019), Annex A only"
list4a,95051010,950510,"84 FR 43304 (August 20, 2019), Annex A only"
list4a,95061120,950611,"84 FR 43304 (August 20, 2019), Annex A only"
list4a,95061140,950611,"84 FR 43304 (August 20, 2019), Annex A only"
list4a,95061160,950611,"84 FR 43304 (August 20, 2019), Annex A only"
list4a,95061240,950612,"84 FR 43304 (August 20, 2019), Annex A only"
list4a,95061280,950612,"84 FR 43304 (August 20, 2019), Annex A only"
list4a,95061940,950619,"84 FR 43304 (August 20, 2019), Annex A only"
list4a,95061980,950619,"84 FR 43304 (August 20, 2019), Annex A only"
list4a,95062140,950621,"84 FR 43304 (August 20, 2019), Annex A only"
list4a,95062180,950621,"84 FR 43304 (August 20, 2019), Annex A only"
list4a,95062900,950629,"84 FR 43304 (August 20, 2019), Annex A only"
list4a,95063100,950631,"84 FR 43304 (August 20, 2019), Annex A only"
list4a,95063200,950632,"84 FR 43304 (August 20, 2019), Annex A only"
list4a,95063900,950639,"84 FR 43304 (August 20, 2019), Annex A only"
list4a,95065160,950651,"84 FR 43304 (August 20, 2019), Annex A only"
list4a,95065980,950659,"84 FR 43304 (August 20, 2019), Annex A only"
list4a,95066100,950661,"84 FR 43304 (August 20, 2019), Annex A only"
list4a,95066240,950662,"84 FR 43304 (August 20, 2019), Annex A only"
list4a,95066280,950662,"84 FR 43304 (August 20, 2019), Annex A only"
list4a,95066920,950669,"84 FR 43304 (August 20, 2019), Annex A only"
list4a,95066940,950669,"84 FR 43304 (August 20, 2019), Annex A only"
list4a,95066960,950669,"84 FR 43304 (August 20, 2019), Annex A only"
list4a,95067040,950670,"84 FR 43304 (August 20, 2019), Annex A only"
list4a,95067060,950670,"84 FR 43304 (August 20, 2019), Annex A only"
list4a,95069100,950691,"84 FR 43304 (August 20, 2019), Annex A only"
list4a,95069905,950699,"84 FR 43304 (August 20, 2019), Annex A only"
list4a,95069920,950699,"84 FR 43304 (August 20, 2019), Annex A only"
list4a,95069925,950699,"84 FR 43304 (August 20, 2019), Annex A only"
list4a,95069928,950699,"84 FR 43304 (August 20, 2019), Annex A only"
list4a,95069930,950699,"84 FR 43304 (August 20, 2019), Annex A only"
list4a,95069935,950699,"84 FR 43304 (August 20, 2019), Annex A only"
list4a,95069940,950699,"84 FR 43304 (August 20, 2019), Annex A only"
list4a,95069945,950699,"84 FR 43304 (August 20, 2019), Annex A only"
list4a,95069955,950699,"84 FR 43304 (August 20, 2019), Annex A only"
list4a,95069960,950699,"84 FR 43304 (August 20, 2019), Annex A only"
list4a,95072040,950720,"84 FR 43304 (August 20, 2019), Annex A only"
list4a,95072080,950720,"84 FR 43304 (August 20, 2019), Annex A only"
list4a,95073060,950730,"84 FR 43304 (August 20, 2019), Annex A only"
list4a,95073080,950730,"84 FR 43304 (August 20, 2019), Annex A only"
list4a,95079020,950790,"84 FR 43304 (August 20, 2019), Annex A only"
list4a,95079040,950790,"84 FR 43304 (August 20, 2019), Annex A only"
list4a,95079070,950790,"84 FR 43304 (August 20, 2019), Annex A only"
list4a,95081000,950810,"84 FR 43304 (August 20, 2019), Annex A only"
list4a,95089000,950890,"84 FR 43304 (August 20, 2019), Annex A only"
list4a,96011000,960110,"84 FR 43304 (August 20, 2019), Annex A only"
list4a,96019020,960190,"84 FR 43304 (August 20, 2019), Annex A only"
list4a,96019040,960190,"84 FR 43304 (August 20, 2019), Annex A only"
list4a,96019060,960190,"84 FR 43304 (August 20, 2019), Annex A only"
list4a,96019080,960190,"84 FR 43304 (August 20, 2019), Annex A only"
list4a,96020010,960200,"84 FR 43304 (August 20, 2019), Annex A only"
list4a,96020040,960200,"84 FR 43304 (August 20, 2019), Annex A only"
list4a,96020050,960200,"84 FR 43304 (August 20, 2019), Annex A only"
list4a,96031015,960310,"84 FR 43304 (August 20, 2019), Annex A only"
list4a,96031035,960310,"84 FR 43304 (August 20, 2019), Annex A only"
list4a,96031040,960310,"84 FR 43304 (August 20, 2019), Annex A only"
list4a,96031050,960310,"84 FR 43304 (August 20, 2019), Annex A only"
list4a,96031060,960310,"84 FR 43304 (August 20, 2019), Annex A only"
list4a,96031090,960310,"84 FR 43304 (August 20, 2019), Annex A only"
list4a,96032100,960321,"84 FR 43304 (August 20, 2019), Annex A only"
list4a,96033020,960330,"84 FR 43304 (August 20, 2019), Annex A only"
list4a,96033040,960330,"84 FR 43304 (August 20, 2019), Annex A only"
list4a,96035000,960350,"84 FR 43304 (August 20, 2019), Annex A only"
list4a,96039040,960390,"84 FR 43304 (August 20, 2019), Annex A only"
list4a,96039080,960390,"84 FR 43304 (August 20, 2019), Annex A only"
list4a,96040000,960400,"84 FR 43304 (August 20, 2019), Annex A only"
list4a,96081000,960810,"84 FR 43304 (August 20, 2019), Annex A only"
list4a,96082000,960820,"84 FR 43304 (August 20, 2019), Annex A only"
list4a,96083000,960830,"84 FR 43304 (August 20, 2019), Annex A only"
list4a,96084040,960840,"84 FR 43304 (August 20, 2019), Annex A only"
list4a,96084080,960840,"84 FR 43304 (August 20, 2019), Annex A only"
list4a,96085000,960850,"84 FR 43304 (August 20, 2019), Annex A only"
list4a,96086000,960860,"84 FR 43304 (August 20, 2019), Annex A only"
list4a,96089100,960891,"84 FR 43304 (August 20, 2019), Annex A only"
list4a,96089920,960899,"84 FR 43304 (August 20, 2019), Annex A only"
list4a,96089930,960899,"84 FR 43304 (August 20, 2019), Annex A only"
list4a,96089940,960899,"84 FR 43304 (August 20, 2019), Annex A only"
list4a,96089960,960899,"84 FR 43304 (August 20, 2019), Annex A only"
list4a,96091000,960910,"84 FR 43304 (August 20, 2019), Annex A only"
list4a,96092020,960920,"84 FR 43304 (August 20, 2019), Annex A only"
list4a,96092040,960920,"84 FR 43304 (August 20, 2019), Annex A only"
list4a,96099040,960990,"84 FR 43304 (August 20, 2019), Annex A only"
list4a,96099080,960990,"84 FR 43304 (August 20, 2019), Annex A only"
list4a,96110000,961100,"84 FR 43304 (August 20, 2019), Annex A only"
list4a,96121010,961210,"84 FR 43304 (August 20, 2019), Annex A only"
list4a,96121090,961210,"84 FR 43304 (August 20, 2019), Annex A only"
list4a,96122000,961220,"84 FR 43304 (August 20, 2019), Annex A only"
list4a,96131000,961310,"84 FR 43304 (August 20, 2019), Annex A only"
list4a,96138010,961380,"84 FR 43304 (August 20, 2019), Annex A only"
list4a,96138020,961380,"84 FR 43304 (August 20, 2019), Annex A only"
list4a,96138040,961380,"84 FR 43304 (August 20, 2019), Annex A only"
list4a,96138080,961380,"84 FR 43304 (August 20, 2019), Annex A only"
list4a,96139040,961390,"84 FR 43304 (August 20, 2019), Annex A only"
list4a,96139080,961390,"84 FR 43304 (August 20, 2019), Annex A only"
list4a,96140021,961400,"84 FR 43304 (August 20, 2019), Annex A only"
list4a,96140025,961400,"84 FR 43304 (August 20, 2019), Annex A only"
list4a,96140026,961400,"84 FR 43304 (August 20, 2019), Annex A only"
list4a,96140098,961400,"84 FR 43304 (August 20, 2019), Annex A only"
list4a,96161000,961610,"84 FR 43304 (August 20, 2019), Annex A only"
list4a,96170040,961700,"84 FR 43304 (August 20, 2019), Annex A only"
list4a,96180000,961800,"84 FR 43304 (August 20, 2019), Annex A only"
list4a,96190005,961900,"84 FR 43304 (August 20, 2019), Annex A only"
list4a,96190011,961900,"84 FR 43304 (August 20, 2019), Annex A only"
list4a,96190015,961900,"84 FR 43304 (August 20, 2019), Annex A only"
list4a,96190021,961900,"84 FR 43304 (August 20, 2019), Annex A only"
list4a,96190025,961900,"84 FR 43304 (August 20, 2019), Annex A only"
list4a,96190033,961900,"84 FR 43304 (August 20, 2019), Annex A only"
list4a,96190043,961900,"84 FR 43304 (August 20, 2019), Annex A only"
list4a,96190048,961900,"84 FR 43304 (August 20, 2019), Annex A only"
list4a,96190064,961900,"84 FR 43304 (August 20, 2019), Annex A only"
list4a,96190071,961900,"84 FR 43304 (August 20, 2019), Annex A only"
list4a,96190074,961900,"84 FR 43304 (August 20, 2019), Annex A only"
list4a,96190078,961900,"84 FR 43304 (August 20, 2019), Annex A only"
list4a,96190090,961900,"84 FR 43304 (August 20, 2019), Annex A only"
list4a,97011000,970110,"84 FR 43304 (August 20, 2019), Annex A only"
list4a,97019000,970190,"84 FR 43304 (August 20, 2019), Annex A only"
list4a,97020000,970200,"84 FR 43304 (August 20, 2019), Annex A only"
list4a,97030000,970300,"84 FR 43304 (August 20, 2019), Annex A only"
list4a,97040000,970400,"84 FR 43304 (August 20, 2019), Annex A only"
list4a,97050000,970500,"84 FR 43304 (August 20, 2019), Annex A only"
list4a,97060000,970600,"84 FR 43304 (August 20, 2019), Annex A only"
