hs6,list1,list2,list3,list4a,number_of_lists_at_hs6,multi_list_hs6,dominant_tariff_list
010121,0,0,0,1,1,0,list4a
010129,0,0,0,1,1,0,list4a
010130,0,0,0,1,1,0,list4a
010190,0,0,0,1,1,0,list4a
010221,0,0,0,1,1,0,list4a
010229,0,0,0,1,1,0,list4a
010231,0,0,0,1,1,0,list4a
010239,0,0,0,1,1,0,list4a
010290,0,0,0,1,1,0,list4a
010310,0,0,0,1,1,0,list4a
010391,0,0,0,1,1,0,list4a
010392,0,0,0,1,1,0,list4a
010410,0,0,0,1,1,0,list4a
010420,0,0,0,1,1,0,list4a
010511,0,0,0,1,1,0,list4a
010512,0,0,0,1,1,0,list4a
010513,0,0,0,1,1,0,list4a
010514,0,0,0,1,1,0,list4a
010515,0,0,0,1,1,0,list4a
010594,0,0,0,1,1,0,list4a
010599,0,0,0,1,1,0,list4a
010611,0,0,0,1,1,0,list4a
010612,0,0,0,1,1,0,list4a
010613,0,0,0,1,1,0,list4a
010614,0,0,0,1,1,0,list4a
010619,0,0,0,1,1,0,list4a
010620,0,0,0,1,1,0,list4a
010631,0,0,0,1,1,0,list4a
010632,0,0,0,1,1,0,list4a
010633,0,0,0,1,1,0,list4a
010639,0,0,0,1,1,0,list4a
010641,0,0,0,1,1,0,list4a
010649,0,0,0,1,1,0,list4a
010690,0,0,0,1,1,0,list4a
020110,0,0,0,1,1,0,list4a
020120,0,0,0,1,1,0,list4a
020130,0,0,0,1,1,0,list4a
020210,0,0,0,1,1,0,list4a
020220,0,0,0,1,1,0,list4a
020230,0,0,0,1,1,0,list4a
020311,0,0,0,1,1,0,list4a
020312,0,0,0,1,1,0,list4a
020319,0,0,0,1,1,0,list4a
020321,0,0,0,1,1,0,list4a
020322,0,0,0,1,1,0,list4a
020329,0,0,1,0,1,0,list3
020410,0,0,0,1,1,0,list4a
020421,0,0,0,1,1,0,list4a
020422,0,0,0,1,1,0,list4a
020423,0,0,0,1,1,0,list4a
020430,0,0,0,1,1,0,list4a
020441,0,0,0,1,1,0,list4a
020442,0,0,0,1,1,0,list4a
020443,0,0,0,1,1,0,list4a
020450,0,0,0,1,1,0,list4a
020500,0,0,0,1,1,0,list4a
020610,0,0,1,0,1,0,list3
020621,0,0,0,1,1,0,list4a
020622,0,0,0,1,1,0,list4a
020629,0,0,0,1,1,0,list4a
020630,0,0,0,1,1,0,list4a
020641,0,0,0,1,1,0,list4a
020649,0,0,0,1,1,0,list4a
020680,0,0,0,1,1,0,list4a
020690,0,0,0,1,1,0,list4a
020711,0,0,0,1,1,0,list4a
020712,0,0,0,1,1,0,list4a
020713,0,0,0,1,1,0,list4a
020714,0,0,0,1,1,0,list4a
020724,0,0,0,1,1,0,list4a
020725,0,0,0,1,1,0,list4a
020726,0,0,0,1,1,0,list4a
020727,0,0,0,1,1,0,list4a
020741,0,0,0,1,1,0,list4a
020742,0,0,0,1,1,0,list4a
020743,0,0,0,1,1,0,list4a
020744,0,0,0,1,1,0,list4a
020745,0,0,0,1,1,0,list4a
020751,0,0,0,1,1,0,list4a
020752,0,0,0,1,1,0,list4a
020753,0,0,0,1,1,0,list4a
020754,0,0,0,1,1,0,list4a
020755,0,0,0,1,1,0,list4a
020760,0,0,0,1,1,0,list4a
020810,0,0,1,0,1,0,list3
020830,0,0,0,1,1,0,list4a
020840,0,0,0,1,1,0,list4a
020850,0,0,0,1,1,0,list4a
020860,0,0,0,1,1,0,list4a
020890,0,0,1,1,2,1,list3
020910,0,0,0,1,1,0,list4a
020990,0,0,0,1,1,0,list4a
021011,0,0,0,1,1,0,list4a
021012,0,0,0,1,1,0,list4a
021019,0,0,1,0,1,0,list3
021020,0,0,0,1,1,0,list4a
021091,0,0,0,1,1,0,list4a
021092,0,0,0,1,1,0,list4a
021093,0,0,0,1,1,0,list4a
021099,0,0,0,1,1,0,list4a
030111,0,0,1,0,1,0,list3
030119,0,0,1,0,1,0,list3
030191,0,0,1,0,1,0,list3
030192,0,0,1,0,1,0,list3
030193,0,0,1,0,1,0,list3
030194,0,0,1,0,1,0,list3
030195,0,0,1,0,1,0,list3
030199,0,0,1,0,1,0,list3
030211,0,0,1,0,1,0,list3
030213,0,0,1,0,1,0,list3
030214,0,0,1,0,1,0,list3
030219,0,0,1,0,1,0,list3
030221,0,0,1,0,1,0,list3
030222,0,0,1,0,1,0,list3
030223,0,0,1,0,1,0,list3
030224,0,0,1,0,1,0,list3
030229,0,0,1,0,1,0,list3
030231,0,0,1,0,1,0,list3
030232,0,0,1,0,1,0,list3
030233,0,0,1,0,1,0,list3
030234,0,0,1,0,1,0,list3
030235,0,0,1,0,1,0,list3
030236,0,0,1,0,1,0,list3
030239,0,0,1,0,1,0,list3
030241,0,0,1,0,1,0,list3
030242,0,0,1,0,1,0,list3
030243,0,0,1,0,1,0,list3
030244,0,0,1,0,1,0,list3
030245,0,0,1,0,1,0,list3
030246,0,0,1,0,1,0,list3
030247,0,0,1,0,1,0,list3
030249,0,0,1,0,1,0,list3
030251,0,0,1,0,1,0,list3
030252,0,0,1,0,1,0,list3
030253,0,0,1,0,1,0,list3
030254,0,0,1,0,1,0,list3
030255,0,0,1,0,1,0,list3
030256,0,0,1,0,1,0,list3
030259,0,0,1,0,1,0,list3
030271,0,0,1,0,1,0,list3
030272,0,0,1,0,1,0,list3
030273,0,0,1,0,1,0,list3
030274,0,0,1,0,1,0,list3
030279,0,0,1,0,1,0,list3
030281,0,0,1,0,1,0,list3
030282,0,0,1,0,1,0,list3
030283,0,0,1,0,1,0,list3
030284,0,0,1,0,1,0,list3
030285,0,0,1,0,1,0,list3
030289,0,0,1,0,1,0,list3
030291,0,0,1,0,1,0,list3
030292,0,0,1,0,1,0,list3
030299,0,0,1,0,1,0,list3
030311,0,0,1,0,1,0,list3
030312,0,0,1,0,1,0,list3
030313,0,0,1,0,1,0,list3
030314,0,0,1,0,1,0,list3
030319,0,0,1,0,1,0,list3
030323,0,0,1,0,1,0,list3
030324,0,0,1,0,1,0,list3
030325,0,0,1,0,1,0,list3
030326,0,0,1,0,1,0,list3
030329,0,0,1,0,1,0,list3
030331,0,0,1,0,1,0,list3
030332,0,0,1,0,1,0,list3
030333,0,0,1,0,1,0,list3
030334,0,0,1,0,1,0,list3
030339,0,0,1,0,1,0,list3
030341,0,0,1,0,1,0,list3
030342,0,0,1,0,1,0,list3
030343,0,0,1,0,1,0,list3
030344,0,0,1,0,1,0,list3
030345,0,0,1,0,1,0,list3
030346,0,0,1,0,1,0,list3
030349,0,0,1,0,1,0,list3
030351,0,0,1,0,1,0,list3
030353,0,0,1,0,1,0,list3
030354,0,0,1,0,1,0,list3
030355,0,0,1,0,1,0,list3
030356,0,0,1,0,1,0,list3
030357,0,0,1,0,1,0,list3
030359,0,0,1,0,1,0,list3
030363,0,0,1,0,1,0,list3
030364,0,0,1,0,1,0,list3
030365,0,0,1,0,1,0,list3
030366,0,0,1,0,1,0,list3
030367,0,0,1,0,1,0,list3
030368,0,0,1,0,1,0,list3
030381,0,0,1,0,1,0,list3
030382,0,0,1,0,1,0,list3
030383,0,0,1,0,1,0,list3
030384,0,0,1,0,1,0,list3
030389,0,0,1,0,1,0,list3
030391,0,0,1,0,1,0,list3
030392,0,0,1,0,1,0,list3
030399,0,0,1,0,1,0,list3
030431,0,0,1,0,1,0,list3
030432,0,0,1,0,1,0,list3
030433,0,0,1,0,1,0,list3
030439,0,0,1,0,1,0,list3
030441,0,0,1,0,1,0,list3
030442,0,0,1,0,1,0,list3
030443,0,0,1,0,1,0,list3
030444,0,0,1,0,1,0,list3
030445,0,0,1,0,1,0,list3
030446,0,0,1,0,1,0,list3
030447,0,0,1,0,1,0,list3
030448,0,0,1,0,1,0,list3
030449,0,0,1,0,1,0,list3
030451,0,0,1,0,1,0,list3
030452,0,0,1,0,1,0,list3
030453,0,0,1,0,1,0,list3
030454,0,0,1,0,1,0,list3
030455,0,0,1,0,1,0,list3
030456,0,0,1,0,1,0,list3
030457,0,0,1,0,1,0,list3
030459,0,0,1,0,1,0,list3
030461,0,0,1,0,1,0,list3
030462,0,0,1,0,1,0,list3
030463,0,0,1,0,1,0,list3
030469,0,0,1,0,1,0,list3
030472,0,0,1,0,1,0,list3
030473,0,0,1,0,1,0,list3
030474,0,0,1,0,1,0,list3
030479,0,0,1,0,1,0,list3
030481,0,0,1,0,1,0,list3
030482,0,0,1,0,1,0,list3
030483,0,0,1,0,1,0,list3
030484,0,0,1,0,1,0,list3
030485,0,0,1,0,1,0,list3
030486,0,0,1,0,1,0,list3
030487,0,0,1,0,1,0,list3
030488,0,0,1,0,1,0,list3
030489,0,0,1,0,1,0,list3
030491,0,0,1,0,1,0,list3
030492,0,0,1,0,1,0,list3
030493,0,0,1,0,1,0,list3
030494,0,0,1,0,1,0,list3
030495,0,0,1,0,1,0,list3
030496,0,0,1,0,1,0,list3
030497,0,0,1,0,1,0,list3
030499,0,0,1,0,1,0,list3
030510,0,0,1,0,1,0,list3
030520,0,0,1,0,1,0,list3
030531,0,0,1,0,1,0,list3
030532,0,0,1,0,1,0,list3
030539,0,0,1,0,1,0,list3
030541,0,0,1,0,1,0,list3
030542,0,0,1,0,1,0,list3
030543,0,0,1,0,1,0,list3
030544,0,0,1,0,1,0,list3
030549,0,0,1,0,1,0,list3
030551,0,0,1,0,1,0,list3
030552,0,0,1,0,1,0,list3
030553,0,0,1,0,1,0,list3
030554,0,0,1,0,1,0,list3
030559,0,0,1,0,1,0,list3
030561,0,0,1,0,1,0,list3
030562,0,0,1,0,1,0,list3
030563,0,0,1,0,1,0,list3
030564,0,0,1,0,1,0,list3
030569,0,0,1,0,1,0,list3
030571,0,0,1,0,1,0,list3
030572,0,0,1,0,1,0,list3
030579,0,0,1,0,1,0,list3
030611,0,0,1,0,1,0,list3
030612,0,0,1,0,1,0,list3
030614,0,0,1,0,1,0,list3
030615,0,0,1,0,1,0,list3
030616,0,0,1,0,1,0,list3
030617,0,0,1,0,1,0,list3
030619,0,0,1,0,1,0,list3
030631,0,0,1,0,1,0,list3
030632,0,0,1,0,1,0,list3
030633,0,0,1,0,1,0,list3
030634,0,0,1,0,1,0,list3
030635,0,0,1,0,1,0,list3
030636,0,0,1,0,1,0,list3
030639,0,0,1,0,1,0,list3
030691,0,0,1,0,1,0,list3
030692,0,0,1,0,1,0,list3
030693,0,0,1,0,1,0,list3
030694,0,0,1,0,1,0,list3
030695,0,0,1,0,1,0,list3
030699,0,0,1,0,1,0,list3
030711,0,0,1,0,1,0,list3
030712,0,0,1,0,1,0,list3
030719,0,0,1,0,1,0,list3
030721,0,0,1,0,1,0,list3
030722,0,0,1,0,1,0,list3
030729,0,0,1,0,1,0,list3
030731,0,0,1,0,1,0,list3
030732,0,0,1,0,1,0,list3
030739,0,0,1,0,1,0,list3
030742,0,0,1,0,1,0,list3
030743,0,0,1,0,1,0,list3
030749,0,0,1,0,1,0,list3
030751,0,0,1,0,1,0,list3
030752,0,0,1,0,1,0,list3
030759,0,0,1,0,1,0,list3
030760,0,0,1,0,1,0,list3
030771,0,0,1,0,1,0,list3
030772,0,0,1,0,1,0,list3
030779,0,0,1,0,1,0,list3
030781,0,0,1,0,1,0,list3
030782,0,0,1,0,1,0,list3
030783,0,0,1,0,1,0,list3
030784,0,0,1,0,1,0,list3
030787,0,0,1,0,1,0,list3
030788,0,0,1,0,1,0,list3
030791,0,0,1,0,1,0,list3
030792,0,0,1,0,1,0,list3
030799,0,0,1,0,1,0,list3
030811,0,0,1,0,1,0,list3
030812,0,0,1,0,1,0,list3
030819,0,0,1,0,1,0,list3
030821,0,0,1,0,1,0,list3
030822,0,0,1,0,1,0,list3
030829,0,0,1,0,1,0,list3
030830,0,0,1,0,1,0,list3
030890,0,0,1,0,1,0,list3
040110,0,0,0,1,1,0,list4a
040120,0,0,0,1,1,0,list4a
040140,0,0,0,1,1,0,list4a
040150,0,0,0,1,1,0,list4a
040210,0,0,0,1,1,0,list4a
040221,0,0,0,1,1,0,list4a
040229,0,0,0,1,1,0,list4a
040291,0,0,0,1,1,0,list4a
040299,0,0,0,1,1,0,list4a
040310,0,0,0,1,1,0,list4a
040390,0,0,0,1,1,0,list4a
040410,0,0,1,0,1,0,list3
040490,0,0,0,1,1,0,list4a
040510,0,0,1,0,1,0,list3
040520,0,0,0,1,1,0,list4a
040590,0,0,0,1,1,0,list4a
040610,0,0,0,1,1,0,list4a
040620,0,0,0,1,1,0,list4a
040630,0,0,0,1,1,0,list4a
040640,0,0,0,1,1,0,list4a
040690,0,0,0,1,1,0,list4a
040711,0,0,0,1,1,0,list4a
040719,0,0,1,0,1,0,list3
040721,0,0,1,0,1,0,list3
040729,0,0,1,0,1,0,list3
040790,0,0,1,0,1,0,list3
040811,0,0,1,0,1,0,list3
040819,0,0,1,0,1,0,list3
040891,0,0,0,1,1,0,list4a
040899,0,0,1,0,1,0,list3
040900,0,0,1,0,1,0,list3
041000,0,0,1,0,1,0,list3
050100,0,0,0,1,1,0,list4a
050290,0,0,0,1,1,0,list4a
050400,0,0,0,1,1,0,list4a
050510,0,0,0,1,1,0,list4a
050590,0,0,1,0,1,0,list3
050610,0,0,1,0,1,0,list3
050690,0,0,1,0,1,0,list3
050710,0,0,0,1,1,0,list4a
050790,0,0,1,0,1,0,list3
050800,0,0,1,0,1,0,list3
051000,0,0,1,1,2,1,list3
051110,0,0,1,0,1,0,list3
051191,0,0,1,0,1,0,list3
051199,0,0,1,0,1,0,list3
060110,0,0,0,1,1,0,list4a
060120,0,0,0,1,1,0,list4a
060210,0,0,0,1,1,0,list4a
060220,0,0,0,1,1,0,list4a
060230,0,0,0,1,1,0,list4a
060240,0,0,0,1,1,0,list4a
060290,0,0,0,1,1,0,list4a
060311,0,0,0,1,1,0,list4a
060312,0,0,0,1,1,0,list4a
060313,0,0,0,1,1,0,list4a
060314,0,0,0,1,1,0,list4a
060315,0,0,0,1,1,0,list4a
060319,0,0,0,1,1,0,list4a
060390,0,0,0,1,1,0,list4a
060420,0,0,0,1,1,0,list4a
060490,0,0,0,1,1,0,list4a
070110,0,0,0,1,1,0,list4a
070190,0,0,0,1,1,0,list4a
070200,0,0,0,1,1,0,list4a
070310,0,0,1,0,1,0,list3
070320,0,0,1,0,1,0,list3
070390,0,0,1,0,1,0,list3
070410,0,0,1,0,1,0,list3
070420,0,0,0,1,1,0,list4a
070490,0,0,1,0,1,0,list3
070511,0,0,0,1,1,0,list4a
070519,0,0,0,1,1,0,list4a
070521,0,0,0,1,1,0,list4a
070529,0,0,0,1,1,0,list4a
070610,0,0,1,0,1,0,list3
070690,0,0,1,0,1,0,list3
070700,0,0,1,1,2,1,list3
070810,0,0,1,0,1,0,list3
070820,0,0,1,1,2,1,list3
070890,0,0,1,1,2,1,list3
070920,0,0,0,1,1,0,list4a
070930,0,0,0,1,1,0,list4a
070940,0,0,1,0,1,0,list3
070951,0,0,1,0,1,0,list3
070959,0,0,1,0,1,0,list3
070960,0,0,1,0,1,0,list3
070970,0,0,0,1,1,0,list4a
070991,0,0,0,1,1,0,list4a
070992,0,0,0,1,1,0,list4a
070993,0,0,1,1,2,1,list3
070999,0,0,1,0,1,0,list3
071010,0,0,1,0,1,0,list3
071021,0,0,1,0,1,0,list3
071022,0,0,1,0,1,0,list3
071029,0,0,1,1,2,1,list3
071030,0,0,1,0,1,0,list3
071040,0,0,1,0,1,0,list3
071080,0,0,1,1,2,1,list3
071090,0,0,1,0,1,0,list3
071120,0,0,0,1,1,0,list4a
071140,0,0,1,0,1,0,list3
071151,0,0,1,0,1,0,list3
071159,0,0,1,1,2,1,list3
071190,0,0,1,1,2,1,list3
071220,0,0,1,0,1,0,list3
071231,0,0,1,0,1,0,list3
071232,0,0,1,0,1,0,list3
071233,0,0,1,0,1,0,list3
071239,0,0,1,0,1,0,list3
071290,0,0,1,0,1,0,list3
071310,0,0,1,0,1,0,list3
071320,0,0,1,0,1,0,list3
071331,0,0,1,0,1,0,list3
071332,0,0,1,0,1,0,list3
071333,0,0,1,0,1,0,list3
071334,0,0,1,1,2,1,list3
071335,0,0,1,0,1,0,list3
071339,0,0,1,0,1,0,list3
071340,0,0,1,0,1,0,list3
071350,0,0,1,0,1,0,list3
071360,0,0,1,1,2,1,list3
071390,0,0,1,0,1,0,list3
071410,0,0,1,1,2,1,list3
071420,0,0,1,0,1,0,list3
071430,0,0,1,1,2,1,list3
071440,0,0,1,0,1,0,list3
071450,0,0,1,0,1,0,list3
071490,0,0,1,0,1,0,list3
080111,0,0,1,0,1,0,list3
080112,0,0,0,1,1,0,list4a
080119,0,0,1,0,1,0,list3
080121,0,0,0,1,1,0,list4a
080122,0,0,0,1,1,0,list4a
080131,0,0,1,0,1,0,list3
080132,0,0,1,0,1,0,list3
080211,0,0,1,0,1,0,list3
080212,0,0,1,0,1,0,list3
080221,0,0,0,1,1,0,list4a
080222,0,0,1,0,1,0,list3
080231,0,0,1,0,1,0,list3
080232,0,0,1,0,1,0,list3
080241,0,0,1,0,1,0,list3
080242,0,0,1,0,1,0,list3
080251,0,0,1,0,1,0,list3
080252,0,0,1,0,1,0,list3
080261,0,0,0,1,1,0,list4a
080262,0,0,1,0,1,0,list3
080270,0,0,0,1,1,0,list4a
080280,0,0,1,1,2,1,list3
080290,0,0,1,1,2,1,list3
080310,0,0,1,1,2,1,list3
080390,0,0,1,0,1,0,list3
080410,0,0,1,0,1,0,list3
080420,0,0,1,0,1,0,list3
080430,0,0,1,0,1,0,list3
080440,0,0,0,1,1,0,list4a
080450,0,0,1,0,1,0,list3
080510,0,0,1,0,1,0,list3
080521,0,0,1,0,1,0,list3
080522,0,0,1,0,1,0,list3
080529,0,0,1,0,1,0,list3
080540,0,0,0,1,1,0,list4a
080550,0,0,0,1,1,0,list4a
080590,0,0,0,1,1,0,list4a
080610,0,0,0,1,1,0,list4a
080620,0,0,1,0,1,0,list3
080711,0,0,0,1,1,0,list4a
080719,0,0,0,1,1,0,list4a
080720,0,0,0,1,1,0,list4a
080810,0,0,1,0,1,0,list3
080830,0,0,1,0,1,0,list3
080840,0,0,1,0,1,0,list3
080910,0,0,0,1,1,0,list4a
080921,0,0,0,1,1,0,list4a
080929,0,0,1,0,1,0,list3
080930,0,0,1,0,1,0,list3
080940,0,0,0,1,1,0,list4a
081010,0,0,1,0,1,0,list3
081020,0,0,1,1,2,1,list3
081030,0,0,1,0,1,0,list3
081040,0,0,1,0,1,0,list3
081050,0,0,0,1,1,0,list4a
081060,0,0,0,1,1,0,list4a
081070,0,0,1,0,1,0,list3
081090,0,0,1,0,1,0,list3
081110,0,0,1,0,1,0,list3
081120,0,0,1,0,1,0,list3
081190,0,0,1,0,1,0,list3
081210,0,0,0,1,1,0,list4a
081290,0,0,1,0,1,0,list3
081310,0,0,1,0,1,0,list3
081320,0,0,1,0,1,0,list3
081330,0,0,1,0,1,0,list3
081340,0,0,1,0,1,0,list3
081350,0,0,1,0,1,0,list3
081400,0,0,1,0,1,0,list3
090111,0,0,0,1,1,0,list4a
090112,0,0,0,1,1,0,list4a
090121,0,0,0,1,1,0,list4a
090122,0,0,0,1,1,0,list4a
090190,0,0,0,1,1,0,list4a
090210,0,0,0,1,1,0,list4a
090220,0,0,0,1,1,0,list4a
090230,0,0,0,1,1,0,list4a
090240,0,0,0,1,1,0,list4a
090300,0,0,0,1,1,0,list4a
090411,0,0,0,1,1,0,list4a
090412,0,0,0,1,1,0,list4a
090421,0,0,0,1,1,0,list4a
090422,0,0,0,1,1,0,list4a
090510,0,0,0,1,1,0,list4a
090520,0,0,0,1,1,0,list4a
090611,0,0,0,1,1,0,list4a
090619,0,0,0,1,1,0,list4a
090620,0,0,0,1,1,0,list4a
090710,0,0,0,1,1,0,list4a
090720,0,0,0,1,1,0,list4a
090811,0,0,0,1,1,0,list4a
090812,0,0,0,1,1,0,list4a
090821,0,0,0,1,1,0,list4a
090822,0,0,0,1,1,0,list4a
090831,0,0,0,1,1,0,list4a
090832,0,0,0,1,1,0,list4a
090921,0,0,0,1,1,0,list4a
090922,0,0,0,1,1,0,list4a
090931,0,0,0,1,1,0,list4a
090932,0,0,0,1,1,0,list4a
090961,0,0,0,1,1,0,list4a
090962,0,0,0,1,1,0,list4a
091011,0,0,0,1,1,0,list4a
091012,0,0,0,1,1,0,list4a
091020,0,0,0,1,1,0,list4a
091030,0,0,0,1,1,0,list4a
091091,0,0,0,1,1,0,list4a
091099,0,0,0,1,1,0,list4a
100111,0,0,1,0,1,0,list3
100119,0,0,0,1,1,0,list4a
100191,0,0,0,1,1,0,list4a
100199,0,0,1,0,1,0,list3
100210,0,0,0,1,1,0,list4a
100290,0,0,0,1,1,0,list4a
100310,0,0,1,0,1,0,list3
100390,0,0,1,0,1,0,list3
100410,0,0,1,0,1,0,list3
100490,0,0,1,0,1,0,list3
100510,0,0,0,1,1,0,list4a
100590,0,0,1,0,1,0,list3
100610,0,0,0,1,1,0,list4a
100620,0,0,1,0,1,0,list3
100630,0,0,1,0,1,0,list3
100640,0,0,1,0,1,0,list3
100710,0,0,1,0,1,0,list3
100790,0,0,1,0,1,0,list3
100810,0,0,1,0,1,0,list3
100821,0,0,1,0,1,0,list3
100829,0,0,1,0,1,0,list3
100830,0,0,1,0,1,0,list3
100840,0,0,0,1,1,0,list4a
100850,0,0,1,0,1,0,list3
100860,0,0,0,1,1,0,list4a
100890,0,0,1,0,1,0,list3
110100,0,0,1,0,1,0,list3
110220,0,0,1,0,1,0,list3
110290,0,0,1,0,1,0,list3
110311,0,0,1,0,1,0,list3
110313,0,0,1,0,1,0,list3
110319,0,0,1,0,1,0,list3
110320,0,0,1,0,1,0,list3
110412,0,0,1,0,1,0,list3
110419,0,0,1,0,1,0,list3
110422,0,0,1,0,1,0,list3
110423,0,0,1,0,1,0,list3
110429,0,0,1,0,1,0,list3
110430,0,0,1,0,1,0,list3
110510,0,0,1,0,1,0,list3
110520,0,0,1,0,1,0,list3
110610,0,0,1,0,1,0,list3
110620,0,0,1,0,1,0,list3
110630,0,0,1,0,1,0,list3
110710,0,0,1,0,1,0,list3
110720,0,0,1,0,1,0,list3
110811,0,0,1,0,1,0,list3
110812,0,0,1,0,1,0,list3
110813,0,0,1,0,1,0,list3
110814,0,0,1,0,1,0,list3
110819,0,0,1,0,1,0,list3
110820,0,0,1,0,1,0,list3
110900,0,0,1,0,1,0,list3
120110,0,0,1,0,1,0,list3
120190,0,0,1,0,1,0,list3
120230,0,0,1,1,2,1,list3
120241,0,0,0,1,1,0,list4a
120242,0,0,0,1,1,0,list4a
120300,0,0,0,1,1,0,list4a
120400,0,0,1,0,1,0,list3
120510,0,0,1,0,1,0,list3
120590,0,0,1,0,1,0,list3
120600,0,0,1,0,1,0,list3
120710,0,0,0,1,1,0,list4a
120721,0,0,0,1,1,0,list4a
120729,0,0,0,1,1,0,list4a
120730,0,0,0,1,1,0,list4a
120740,0,0,1,0,1,0,list3
120750,0,0,1,0,1,0,list3
120760,0,0,1,0,1,0,list3
120770,0,0,1,0,1,0,list3
120791,0,0,1,0,1,0,list3
120799,0,0,1,0,1,0,list3
120810,0,0,1,0,1,0,list3
120890,0,0,1,0,1,0,list3
120910,0,0,1,0,1,0,list3
120921,0,0,1,0,1,0,list3
120922,0,0,0,1,1,0,list4a
120923,0,0,0,1,1,0,list4a
120924,0,0,0,1,1,0,list4a
120925,0,0,1,0,1,0,list3
120929,0,0,1,0,1,0,list3
120930,0,0,1,0,1,0,list3
120991,0,0,1,0,1,0,list3
120999,0,0,1,0,1,0,list3
121010,0,0,1,0,1,0,list3
121020,0,0,0,1,1,0,list4a
121120,0,0,1,0,1,0,list3
121130,0,0,1,0,1,0,list3
121140,0,0,1,0,1,0,list3
121150,0,0,1,0,1,0,list3
121190,0,0,1,1,2,1,list3
121221,0,0,1,0,1,0,list3
121229,0,0,1,0,1,0,list3
121292,0,0,1,0,1,0,list3
121293,0,0,0,1,1,0,list4a
121294,0,0,0,1,1,0,list4a
121299,0,0,1,0,1,0,list3
121300,0,0,1,0,1,0,list3
121410,0,0,1,0,1,0,list3
121490,0,0,1,0,1,0,list3
130120,0,0,0,1,1,0,list4a
130190,0,0,0,1,1,0,list4a
130211,0,0,0,1,1,0,list4a
130212,0,0,0,1,1,0,list4a
130213,0,0,0,1,1,0,list4a
130214,0,0,0,1,1,0,list4a
130219,0,0,0,1,1,0,list4a
130220,0,0,0,1,1,0,list4a
130231,0,0,0,1,1,0,list4a
130232,0,0,0,1,1,0,list4a
130239,0,0,0,1,1,0,list4a
140110,0,0,1,0,1,0,list3
140120,0,0,0,1,1,0,list4a
140190,0,0,1,0,1,0,list3
140420,0,0,1,0,1,0,list3
140490,0,0,1,1,2,1,list3
150110,0,0,0,1,1,0,list4a
150120,0,0,0,1,1,0,list4a
150190,0,0,0,1,1,0,list4a
150210,0,0,0,1,1,0,list4a
150290,0,0,0,1,1,0,list4a
150300,0,0,0,1,1,0,list4a
150410,0,0,1,0,1,0,list3
150420,0,0,1,0,1,0,list3
150430,0,0,0,1,1,0,list4a
150500,0,0,1,0,1,0,list3
150600,0,0,1,0,1,0,list3
150710,0,0,0,1,1,0,list4a
150790,0,0,0,1,1,0,list4a
150810,0,0,0,1,1,0,list4a
150890,0,0,0,1,1,0,list4a
150910,0,0,0,1,1,0,list4a
150990,0,0,0,1,1,0,list4a
151000,0,0,0,1,1,0,list4a
151110,0,0,0,1,1,0,list4a
151190,0,0,0,1,1,0,list4a
151211,0,0,0,1,1,0,list4a
151219,0,0,0,1,1,0,list4a
151221,0,0,0,1,1,0,list4a
151229,0,0,0,1,1,0,list4a
151311,0,0,0,1,1,0,list4a
151319,0,0,0,1,1,0,list4a
151321,0,0,0,1,1,0,list4a
151329,0,0,0,1,1,0,list4a
151411,0,0,0,1,1,0,list4a
151419,0,0,0,1,1,0,list4a
151491,0,0,0,1,1,0,list4a
151499,0,0,0,1,1,0,list4a
151511,0,0,0,1,1,0,list4a
151519,0,0,0,1,1,0,list4a
151521,0,0,0,1,1,0,list4a
151529,0,0,0,1,1,0,list4a
151530,0,0,0,1,1,0,list4a
151550,0,0,0,1,1,0,list4a
151590,0,0,0,1,1,0,list4a
151610,0,0,0,1,1,0,list4a
151620,0,0,0,1,1,0,list4a
151710,0,0,0,1,1,0,list4a
151790,0,0,0,1,1,0,list4a
151800,0,0,0,1,1,0,list4a
152000,0,0,0,1,1,0,list4a
152110,0,0,0,1,1,0,list4a
152190,0,0,0,1,1,0,list4a
152200,0,0,0,1,1,0,list4a
160100,0,0,0,1,1,0,list4a
160210,0,0,0,1,1,0,list4a
160220,0,0,0,1,1,0,list4a
160231,0,0,0,1,1,0,list4a
160232,0,0,1,0,1,0,list3
160239,0,0,0,1,1,0,list4a
160241,0,0,0,1,1,0,list4a
160242,0,0,0,1,1,0,list4a
160249,0,0,0,1,1,0,list4a
160250,0,0,0,1,1,0,list4a
160290,0,0,0,1,1,0,list4a
160300,0,0,1,0,1,0,list3
160411,0,0,1,0,1,0,list3
160412,0,0,1,0,1,0,list3
160413,0,0,1,0,1,0,list3
160414,0,0,1,0,1,0,list3
160415,0,0,1,0,1,0,list3
160416,0,0,1,0,1,0,list3
160417,0,0,1,0,1,0,list3
160418,0,0,1,0,1,0,list3
160419,0,0,1,0,1,0,list3
160420,0,0,1,0,1,0,list3
160431,0,0,1,0,1,0,list3
160432,0,0,1,0,1,0,list3
160510,0,0,1,0,1,0,list3
160521,0,0,1,0,1,0,list3
160529,0,0,1,0,1,0,list3
160530,0,0,1,0,1,0,list3
160540,0,0,1,0,1,0,list3
160551,0,0,1,0,1,0,list3
160552,0,0,1,0,1,0,list3
160553,0,0,1,0,1,0,list3
160554,0,0,1,0,1,0,list3
160555,0,0,1,0,1,0,list3
160556,0,0,1,0,1,0,list3
160557,0,0,1,0,1,0,list3
160558,0,0,1,0,1,0,list3
160559,0,0,1,0,1,0,list3
160561,0,0,1,0,1,0,list3
160562,0,0,1,0,1,0,list3
160563,0,0,1,0,1,0,list3
160569,0,0,1,0,1,0,list3
170112,0,0,0,1,1,0,list4a
170113,0,0,0,1,1,0,list4a
170114,0,0,0,1,1,0,list4a
170191,0,0,0,1,1,0,list4a
170199,0,0,1,1,2,1,list3
170211,0,0,0,1,1,0,list4a
170219,0,0,0,1,1,0,list4a
170220,0,0,0,1,1,0,list4a
170230,0,0,0,1,1,0,list4a
170240,0,0,0,1,1,0,list4a
170250,0,0,0,1,1,0,list4a
170260,0,0,0,1,1,0,list4a
170290,0,0,1,1,2,1,list3
170310,0,0,0,1,1,0,list4a
170390,0,0,0,1,1,0,list4a
170410,0,0,0,1,1,0,list4a
170490,0,0,1,1,2,1,list3
180100,0,0,0,1,1,0,list4a
180200,0,0,0,1,1,0,list4a
180310,0,0,0,1,1,0,list4a
180320,0,0,0,1,1,0,list4a
180400,0,0,0,1,1,0,list4a
180500,0,0,0,1,1,0,list4a
180610,0,0,0,1,1,0,list4a
180620,0,0,0,1,1,0,list4a
180631,0,0,0,1,1,0,list4a
180632,0,0,0,1,1,0,list4a
180690,0,0,0,1,1,0,list4a
190110,0,0,0,1,1,0,list4a
190120,0,0,0,1,1,0,list4a
190190,0,0,1,1,2,1,list3
190211,0,0,0,1,1,0,list4a
190219,0,0,1,0,1,0,list3
190220,0,0,1,0,1,0,list3
190230,0,0,1,0,1,0,list3
190240,0,0,0,1,1,0,list4a
190300,0,0,0,1,1,0,list4a
190410,0,0,0,1,1,0,list4a
190420,0,0,0,1,1,0,list4a
190430,0,0,0,1,1,0,list4a
190490,0,0,0,1,1,0,list4a
190510,0,0,0,1,1,0,list4a
190520,0,0,0,1,1,0,list4a
190531,0,0,0,1,1,0,list4a
190532,0,0,0,1,1,0,list4a
190540,0,0,0,1,1,0,list4a
190590,0,0,1,1,2,1,list3
200110,0,0,1,0,1,0,list3
200190,0,0,1,1,2,1,list3
200210,0,0,1,0,1,0,list3
200290,0,0,1,0,1,0,list3
200310,0,0,1,0,1,0,list3
200390,0,0,1,0,1,0,list3
200410,0,0,1,1,2,1,list3
200490,0,0,1,1,2,1,list3
200510,0,0,0,1,1,0,list4a
200520,0,0,1,0,1,0,list3
200540,0,0,1,0,1,0,list3
200551,0,0,1,0,1,0,list3
200559,0,0,1,0,1,0,list3
200560,0,0,1,0,1,0,list3
200570,0,0,1,1,2,1,list3
200580,0,0,1,0,1,0,list3
200591,0,0,1,0,1,0,list3
200599,0,0,1,0,1,0,list3
200600,0,0,1,0,1,0,list3
200710,0,0,1,0,1,0,list3
200791,0,0,1,1,2,1,list3
200799,0,0,1,1,2,1,list3
200811,0,0,1,1,2,1,list3
200819,0,0,1,0,1,0,list3
200820,0,0,1,0,1,0,list3
200830,0,0,1,1,2,1,list3
200840,0,0,1,0,1,0,list3
200850,0,0,1,0,1,0,list3
200860,0,0,1,0,1,0,list3
200870,0,0,1,0,1,0,list3
200880,0,0,1,0,1,0,list3
200891,0,0,0,1,1,0,list4a
200893,0,0,1,0,1,0,list3
200897,0,0,1,0,1,0,list3
200899,0,0,1,1,2,1,list3
200911,0,0,1,0,1,0,list3
200912,0,0,0,1,1,0,list4a
200919,0,0,0,1,1,0,list4a
200921,0,0,0,1,1,0,list4a
200929,0,0,1,0,1,0,list3
200931,0,0,1,1,2,1,list3
200939,0,0,1,1,2,1,list3
200941,0,0,1,1,2,1,list3
200949,0,0,1,1,2,1,list3
200950,0,0,1,0,1,0,list3
200961,0,0,0,1,1,0,list4a
200969,0,0,1,0,1,0,list3
200971,0,0,1,0,1,0,list3
200979,0,0,1,0,1,0,list3
200981,0,0,0,1,1,0,list4a
200989,0,0,1,1,2,1,list3
200990,0,0,1,1,2,1,list3
210111,0,0,0,1,1,0,list4a
210112,0,0,0,1,1,0,list4a
210120,0,0,0,1,1,0,list4a
210130,0,0,0,1,1,0,list4a
210210,0,0,0,1,1,0,list4a
210220,0,0,0,1,1,0,list4a
210230,0,0,0,1,1,0,list4a
210310,0,0,1,0,1,0,list3
210320,0,0,0,1,1,0,list4a
210330,0,0,0,1,1,0,list4a
210390,0,0,1,1,2,1,list3
210410,0,0,0,1,1,0,list4a
210420,0,0,0,1,1,0,list4a
210500,0,0,0,1,1,0,list4a
210610,0,0,1,0,1,0,list3
210690,0,0,0,1,1,0,list4a
220110,0,0,1,0,1,0,list3
220190,0,0,1,0,1,0,list3
220210,0,0,1,0,1,0,list3
220291,0,0,0,1,1,0,list4a
220299,0,0,1,1,2,1,list3
220300,0,0,1,0,1,0,list3
220410,0,0,1,0,1,0,list3
220421,0,0,1,0,1,0,list3
220422,0,0,0,1,1,0,list4a
220429,0,0,0,1,1,0,list4a
220430,0,0,0,1,1,0,list4a
220510,0,0,0,1,1,0,list4a
220590,0,0,0,1,1,0,list4a
220600,0,0,1,1,2,1,list3
220710,0,0,1,0,1,0,list3
220720,0,0,0,1,1,0,list4a
220820,0,0,0,1,1,0,list4a
220830,0,0,0,1,1,0,list4a
220840,0,0,0,1,1,0,list4a
220850,0,0,0,1,1,0,list4a
220860,0,0,0,1,1,0,list4a
220870,0,0,0,1,1,0,list4a
220890,0,0,0,1,1,0,list4a
220900,0,0,1,0,1,0,list3
230110,0,0,1,0,1,0,list3
230120,0,0,1,0,1,0,list3
230210,0,0,0,1,1,0,list4a
230230,0,0,1,0,1,0,list3
230240,0,0,1,0,1,0,list3
230250,0,0,1,0,1,0,list3
230310,0,0,1,0,1,0,list3
230320,0,0,1,0,1,0,list3
230330,0,0,1,0,1,0,list3
230400,0,0,1,0,1,0,list3
230500,0,0,1,0,1,0,list3
230610,0,0,0,1,1,0,list4a
230620,0,0,1,0,1,0,list3
230630,0,0,1,0,1,0,list3
230641,0,0,1,0,1,0,list3
230649,0,0,1,0,1,0,list3
230650,0,0,0,1,1,0,list4a
230660,0,0,0,1,1,0,list4a
230690,0,0,1,0,1,0,list3
230700,0,0,0,1,1,0,list4a
230800,0,0,1,1,2,1,list3
230910,0,0,1,0,1,0,list3
230990,0,0,1,1,2,1,list3
240110,0,0,1,1,2,1,list3
240120,0,0,1,0,1,0,list3
240130,0,0,1,0,1,0,list3
240210,0,0,1,0,1,0,list3
240220,0,0,1,0,1,0,list3
240290,0,0,1,0,1,0,list3
240311,0,0,1,0,1,0,list3
240319,0,0,1,0,1,0,list3
240391,0,0,1,1,2,1,list3
240399,0,0,1,0,1,0,list3
250100,0,0,1,0,1,0,list3
250200,0,0,1,0,1,0,list3
250300,0,0,1,0,1,0,list3
250510,0,0,1,0,1,0,list3
250590,0,0,1,0,1,0,list3
250610,0,0,1,0,1,0,list3
250620,0,0,1,0,1,0,list3
250700,0,0,1,0,1,0,list3
250810,0,0,1,0,1,0,list3
250840,0,0,1,0,1,0,list3
250850,0,0,1,0,1,0,list3
250860,0,0,1,0,1,0,list3
250870,0,0,1,0,1,0,list3
250900,0,0,1,0,1,0,list3
251010,0,0,1,0,1,0,list3
251020,0,0,1,0,1,0,list3
251120,0,0,1,0,1,0,list3
251200,0,0,1,0,1,0,list3
251310,0,0,1,0,1,0,list3
251320,0,0,1,0,1,0,list3
251400,0,0,1,0,1,0,list3
251511,0,0,1,0,1,0,list3
251512,0,0,1,0,1,0,list3
251520,0,0,1,0,1,0,list3
251611,0,0,1,0,1,0,list3
251612,0,0,1,0,1,0,list3
251620,0,0,1,0,1,0,list3
251690,0,0,1,0,1,0,list3
251710,0,0,1,0,1,0,list3
251720,0,0,1,0,1,0,list3
251730,0,0,1,0,1,0,list3
251741,0,0,1,0,1,0,list3
251749,0,0,1,0,1,0,list3
251810,0,0,1,0,1,0,list3
251820,0,0,1,0,1,0,list3
251830,0,0,1,0,1,0,list3
252010,0,0,1,0,1,0,list3
252020,0,0,1,0,1,0,list3
252100,0,0,1,0,1,0,list3
252210,0,0,1,0,1,0,list3
252220,0,0,1,0,1,0,list3
252230,0,0,1,0,1,0,list3
252310,0,0,1,0,1,0,list3
252321,0,0,1,0,1,0,list3
252329,0,0,1,0,1,0,list3
252330,0,0,1,0,1,0,list3
252390,0,0,1,0,1,0,list3
252410,0,0,1,0,1,0,list3
252490,0,0,1,0,1,0,list3
252510,0,0,1,0,1,0,list3
252520,0,0,1,0,1,0,list3
252530,0,0,1,0,1,0,list3
252800,0,0,1,0,1,0,list3
252910,0,0,1,0,1,0,list3
252930,0,0,1,0,1,0,list3
253010,0,0,1,0,1,0,list3
253020,0,0,1,0,1,0,list3
253090,0,0,1,0,1,0,list3
260111,0,0,1,0,1,0,list3
260112,0,0,1,0,1,0,list3
260120,0,0,1,0,1,0,list3
260400,0,0,1,0,1,0,list3
260700,0,0,1,0,1,0,list3
261210,0,0,1,0,1,0,list3
261400,0,0,1,0,1,0,list3
261510,0,0,1,0,1,0,list3
261590,0,0,1,0,1,0,list3
261610,0,0,1,0,1,0,list3
261690,0,0,1,0,1,0,list3
261790,0,0,1,0,1,0,list3
261800,0,0,1,0,1,0,list3
261900,0,0,1,0,1,0,list3
262011,0,0,1,0,1,0,list3
262019,0,0,1,0,1,0,list3
262021,0,0,1,0,1,0,list3
262029,0,0,1,0,1,0,list3
262030,0,0,1,0,1,0,list3
262060,0,0,1,0,1,0,list3
262091,0,0,1,0,1,0,list3
262099,0,0,1,0,1,0,list3
262110,0,0,0,1,1,0,list4a
262190,0,0,1,0,1,0,list3
270111,0,0,1,0,1,0,list3
270112,0,0,1,0,1,0,list3
270119,0,0,1,0,1,0,list3
270120,0,0,1,0,1,0,list3
270210,0,0,1,0,1,0,list3
270220,0,0,1,0,1,0,list3
270300,0,0,1,0,1,0,list3
270500,0,0,1,0,1,0,list3
270600,0,0,1,0,1,0,list3
270710,0,0,1,0,1,0,list3
270720,0,0,1,0,1,0,list3
270730,0,0,1,0,1,0,list3
270740,0,0,1,0,1,0,list3
270750,0,0,1,0,1,0,list3
270791,0,0,1,0,1,0,list3
270799,0,0,1,1,2,1,list3
270810,0,0,1,0,1,0,list3
270820,0,0,1,0,1,0,list3
270900,0,0,1,0,1,0,list3
271012,0,0,1,0,1,0,list3
271019,0,1,1,0,2,1,list2
271020,0,0,1,0,1,0,list3
271091,0,0,0,1,1,0,list4a
271099,0,0,0,1,1,0,list4a
271111,0,0,1,0,1,0,list3
271112,0,0,1,0,1,0,list3
271113,0,0,1,0,1,0,list3
271114,0,0,1,0,1,0,list3
271119,0,0,1,0,1,0,list3
271121,0,0,1,0,1,0,list3
271129,0,0,1,0,1,0,list3
271210,0,0,1,0,1,0,list3
271220,0,0,0,1,1,0,list4a
271290,0,0,1,0,1,0,list3
271311,0,0,1,0,1,0,list3
271312,0,0,1,0,1,0,list3
271320,0,0,1,0,1,0,list3
271390,0,0,1,0,1,0,list3
271410,0,0,1,0,1,0,list3
271490,0,0,1,0,1,0,list3
271500,0,0,1,0,1,0,list3
280110,0,0,1,0,1,0,list3
280120,0,0,1,0,1,0,list3
280130,0,0,1,0,1,0,list3
280200,0,0,1,0,1,0,list3
280300,0,0,1,0,1,0,list3
280410,0,0,1,0,1,0,list3
280421,0,0,1,0,1,0,list3
280429,0,0,1,0,1,0,list3
280430,0,0,1,0,1,0,list3
280440,0,0,1,0,1,0,list3
280450,0,0,1,0,1,0,list3
280461,0,0,1,0,1,0,list3
280480,0,0,1,0,1,0,list3
280490,0,0,1,0,1,0,list3
280511,0,0,1,0,1,0,list3
280512,0,0,1,0,1,0,list3
280519,0,0,1,0,1,0,list3
280540,0,0,1,0,1,0,list3
280610,0,0,1,0,1,0,list3
280620,0,0,1,0,1,0,list3
280700,0,0,1,0,1,0,list3
280800,0,0,1,0,1,0,list3
280910,0,0,1,0,1,0,list3
280920,0,0,1,0,1,0,list3
281000,0,0,1,0,1,0,list3
281111,0,0,1,0,1,0,list3
281112,0,0,1,0,1,0,list3
281119,0,0,1,1,2,1,list3
281121,0,0,1,0,1,0,list3
281122,0,0,1,0,1,0,list3
281129,0,0,1,0,1,0,list3
281211,0,0,1,0,1,0,list3
281212,0,0,1,0,1,0,list3
281213,0,0,1,0,1,0,list3
281214,0,0,1,0,1,0,list3
281215,0,0,1,0,1,0,list3
281216,0,0,1,0,1,0,list3
281217,0,0,1,0,1,0,list3
281219,0,0,1,0,1,0,list3
281290,0,0,1,0,1,0,list3
281310,0,0,1,0,1,0,list3
281390,0,0,1,0,1,0,list3
281410,0,0,1,0,1,0,list3
281420,0,0,1,0,1,0,list3
281511,0,0,1,0,1,0,list3
281512,0,0,1,0,1,0,list3
281520,0,0,1,0,1,0,list3
281530,0,0,1,0,1,0,list3
281610,0,0,1,0,1,0,list3
281640,0,0,1,0,1,0,list3
281700,0,0,1,0,1,0,list3
281810,0,0,0,1,1,0,list4a
281830,0,0,1,0,1,0,list3
281910,0,0,1,0,1,0,list3
281990,0,0,1,0,1,0,list3
282010,0,0,1,0,1,0,list3
282090,0,0,1,0,1,0,list3
282110,0,0,1,0,1,0,list3
282120,0,0,1,0,1,0,list3
282200,0,0,1,0,1,0,list3
282300,0,0,1,0,1,0,list3
282410,0,0,1,0,1,0,list3
282490,0,0,1,0,1,0,list3
282510,0,0,1,0,1,0,list3
282520,0,0,1,0,1,0,list3
282530,0,0,1,0,1,0,list3
282540,0,0,1,0,1,0,list3
282550,0,0,1,0,1,0,list3
282560,0,0,1,0,1,0,list3
282590,0,0,1,0,1,0,list3
282612,0,0,1,0,1,0,list3
282619,0,0,1,0,1,0,list3
282630,0,0,1,0,1,0,list3
282690,0,0,1,0,1,0,list3
282710,0,0,1,0,1,0,list3
282720,0,0,1,0,1,0,list3
282731,0,0,1,0,1,0,list3
282732,0,0,1,0,1,0,list3
282735,0,0,1,0,1,0,list3
282739,0,0,1,1,2,1,list3
282741,0,0,1,0,1,0,list3
282749,0,0,1,0,1,0,list3
282751,0,0,1,0,1,0,list3
282759,0,0,1,0,1,0,list3
282760,0,0,1,0,1,0,list3
282810,0,0,1,0,1,0,list3
282890,0,0,1,0,1,0,list3
282911,0,0,1,0,1,0,list3
282919,0,0,1,0,1,0,list3
282990,0,0,1,0,1,0,list3
283010,0,0,1,0,1,0,list3
283090,0,0,1,0,1,0,list3
283110,0,0,1,0,1,0,list3
283190,0,0,1,0,1,0,list3
283210,0,0,1,0,1,0,list3
283220,0,0,1,0,1,0,list3
283230,0,0,1,0,1,0,list3
283311,0,0,1,0,1,0,list3
283319,0,0,1,0,1,0,list3
283321,0,0,1,0,1,0,list3
283322,0,0,1,0,1,0,list3
283324,0,0,1,0,1,0,list3
283325,0,0,1,0,1,0,list3
283327,0,0,1,0,1,0,list3
283329,0,0,1,0,1,0,list3
283330,0,0,1,0,1,0,list3
283340,0,0,1,0,1,0,list3
283410,0,0,1,0,1,0,list3
283421,0,0,1,0,1,0,list3
283429,0,0,1,0,1,0,list3
283510,0,0,1,0,1,0,list3
283522,0,0,1,0,1,0,list3
283524,0,0,1,0,1,0,list3
283525,0,0,1,0,1,0,list3
283526,0,0,1,0,1,0,list3
283529,0,0,1,0,1,0,list3
283531,0,0,1,0,1,0,list3
283539,0,0,1,0,1,0,list3
283620,0,0,1,0,1,0,list3
283630,0,0,1,0,1,0,list3
283640,0,0,1,0,1,0,list3
283650,0,0,1,0,1,0,list3
283660,0,0,1,0,1,0,list3
283691,0,0,1,0,1,0,list3
283692,0,0,1,0,1,0,list3
283699,0,0,1,0,1,0,list3
283711,0,0,1,0,1,0,list3
283719,0,0,0,1,1,0,list4a
283720,0,0,1,0,1,0,list3
283911,0,0,1,0,1,0,list3
283919,0,0,1,0,1,0,list3
283990,0,0,1,0,1,0,list3
284011,0,0,1,0,1,0,list3
284019,0,0,1,0,1,0,list3
284020,0,0,1,0,1,0,list3
284030,0,0,1,0,1,0,list3
284130,0,0,1,0,1,0,list3
284150,0,0,1,0,1,0,list3
284161,0,0,1,0,1,0,list3
284169,0,0,1,0,1,0,list3
284190,0,0,1,0,1,0,list3
284210,0,0,1,0,1,0,list3
284290,0,0,1,0,1,0,list3
284310,0,0,1,0,1,0,list3
284321,0,0,1,0,1,0,list3
284329,0,0,1,0,1,0,list3
284330,0,0,1,0,1,0,list3
284390,0,0,1,0,1,0,list3
284410,0,0,1,0,1,0,list3
284420,0,0,0,1,1,0,list4a
284450,0,0,0,1,1,0,list4a
284510,0,0,1,0,1,0,list3
284590,1,0,0,0,1,0,list1
284700,0,0,1,0,1,0,list3
284910,0,0,1,0,1,0,list3
284990,0,0,1,0,1,0,list3
285000,0,0,1,0,1,0,list3
285210,0,0,1,0,1,0,list3
285290,0,0,1,0,1,0,list3
285310,0,0,1,0,1,0,list3
285390,0,0,1,0,1,0,list3
290110,0,0,1,0,1,0,list3
290121,0,0,1,0,1,0,list3
290122,0,0,1,0,1,0,list3
290123,0,0,1,0,1,0,list3
290124,0,0,1,0,1,0,list3
290129,0,0,1,0,1,0,list3
290211,0,0,1,0,1,0,list3
290219,0,0,1,0,1,0,list3
290220,0,0,1,0,1,0,list3
290230,0,0,1,0,1,0,list3
290241,0,0,1,0,1,0,list3
290242,0,0,1,0,1,0,list3
290243,0,0,1,0,1,0,list3
290244,0,0,1,0,1,0,list3
290250,0,0,1,0,1,0,list3
290260,0,0,1,0,1,0,list3
290270,0,0,1,0,1,0,list3
290290,0,0,1,0,1,0,list3
290311,0,0,1,0,1,0,list3
290312,0,0,1,0,1,0,list3
290313,0,0,1,0,1,0,list3
290314,0,0,1,0,1,0,list3
290315,0,0,1,0,1,0,list3
290319,0,0,1,0,1,0,list3
290322,0,0,1,0,1,0,list3
290323,0,0,1,0,1,0,list3
290329,0,0,1,0,1,0,list3
290331,0,0,1,0,1,0,list3
290339,0,0,1,0,1,0,list3
290371,0,0,1,0,1,0,list3
290372,0,0,1,0,1,0,list3
290373,0,0,1,0,1,0,list3
290374,0,0,1,0,1,0,list3
290375,0,0,1,0,1,0,list3
290376,0,0,1,0,1,0,list3
290378,0,0,1,0,1,0,list3
290379,0,0,1,1,2,1,list3
290381,0,0,1,0,1,0,list3
290382,0,0,1,0,1,0,list3
290383,0,0,1,0,1,0,list3
290389,0,0,1,1,2,1,list3
290391,0,0,1,0,1,0,list3
290392,0,0,1,0,1,0,list3
290393,0,0,0,1,1,0,list4a
290394,0,0,1,0,1,0,list3
290399,0,0,1,1,2,1,list3
290410,0,0,1,0,1,0,list3
290420,0,0,1,0,1,0,list3
290431,0,0,1,0,1,0,list3
290432,0,0,1,0,1,0,list3
290433,0,0,1,0,1,0,list3
290434,0,0,1,0,1,0,list3
290435,0,0,1,0,1,0,list3
290436,0,0,1,0,1,0,list3
290491,0,0,1,0,1,0,list3
290499,0,0,1,0,1,0,list3
290511,0,0,1,0,1,0,list3
290512,0,0,1,0,1,0,list3
290513,0,0,1,0,1,0,list3
290514,0,0,1,0,1,0,list3
290516,0,0,1,0,1,0,list3
290517,0,0,1,0,1,0,list3
290519,0,0,1,0,1,0,list3
290522,0,0,1,0,1,0,list3
290529,0,0,1,0,1,0,list3
290531,0,0,1,0,1,0,list3
290532,0,0,1,0,1,0,list3
290539,0,0,1,0,1,0,list3
290541,0,0,1,0,1,0,list3
290542,0,0,1,0,1,0,list3
290543,0,0,0,1,1,0,list4a
290544,0,0,0,1,1,0,list4a
290545,0,0,0,1,1,0,list4a
290549,0,0,1,0,1,0,list3
290559,0,0,1,0,1,0,list3
290611,0,0,1,0,1,0,list3
290612,0,0,1,0,1,0,list3
290613,0,0,1,0,1,0,list3
290619,0,0,1,0,1,0,list3
290621,0,0,1,0,1,0,list3
290629,0,0,1,0,1,0,list3
290711,0,0,1,0,1,0,list3
290712,0,0,1,0,1,0,list3
290713,0,0,1,0,1,0,list3
290715,0,0,1,0,1,0,list3
290719,0,0,1,0,1,0,list3
290721,0,0,1,0,1,0,list3
290722,0,0,1,0,1,0,list3
290723,0,0,1,0,1,0,list3
290729,0,0,1,0,1,0,list3
290811,0,0,1,0,1,0,list3
290819,0,0,1,0,1,0,list3
290891,0,0,1,0,1,0,list3
290892,0,0,1,0,1,0,list3
290899,0,0,1,1,2,1,list3
290911,0,0,1,0,1,0,list3
290919,0,0,1,0,1,0,list3
290920,0,0,1,0,1,0,list3
290930,0,0,1,0,1,0,list3
290941,0,0,1,0,1,0,list3
290943,0,0,1,0,1,0,list3
290944,0,0,1,0,1,0,list3
290949,0,0,1,0,1,0,list3
290950,0,0,1,0,1,0,list3
290960,0,0,1,0,1,0,list3
291010,0,0,1,0,1,0,list3
291020,0,0,1,0,1,0,list3
291030,0,0,1,0,1,0,list3
291040,0,0,1,0,1,0,list3
291050,0,0,1,0,1,0,list3
291090,0,0,1,0,1,0,list3
291100,0,0,1,0,1,0,list3
291211,0,0,1,0,1,0,list3
291212,0,0,1,0,1,0,list3
291219,0,0,1,0,1,0,list3
291221,0,0,1,0,1,0,list3
291229,0,0,1,0,1,0,list3
291241,0,0,0,1,1,0,list4a
291242,0,0,1,0,1,0,list3
291249,0,0,1,0,1,0,list3
291250,0,0,1,0,1,0,list3
291260,0,0,1,0,1,0,list3
291300,0,0,1,0,1,0,list3
291411,0,0,1,0,1,0,list3
291412,0,0,1,0,1,0,list3
291413,0,0,1,0,1,0,list3
291419,0,0,1,0,1,0,list3
291422,0,0,1,0,1,0,list3
291423,0,0,1,0,1,0,list3
291429,0,0,1,0,1,0,list3
291431,0,0,1,0,1,0,list3
291439,0,0,1,0,1,0,list3
291440,0,0,1,0,1,0,list3
291450,0,0,1,0,1,0,list3
291461,0,0,1,0,1,0,list3
291469,0,0,1,0,1,0,list3
291471,0,0,1,0,1,0,list3
291479,0,0,1,1,2,1,list3
291511,0,0,1,0,1,0,list3
291512,0,0,1,0,1,0,list3
291513,0,0,1,0,1,0,list3
291521,0,0,1,0,1,0,list3
291524,0,0,1,0,1,0,list3
291529,0,0,1,0,1,0,list3
291531,0,0,1,0,1,0,list3
291532,0,0,1,0,1,0,list3
291533,0,0,1,0,1,0,list3
291536,0,0,1,0,1,0,list3
291539,0,0,1,0,1,0,list3
291540,0,0,1,1,2,1,list3
291550,0,0,1,0,1,0,list3
291560,0,0,1,0,1,0,list3
291570,0,0,1,0,1,0,list3
291590,0,0,1,0,1,0,list3
291611,0,0,1,0,1,0,list3
291612,0,0,1,0,1,0,list3
291613,0,0,1,0,1,0,list3
291614,0,0,1,0,1,0,list3
291615,0,0,1,0,1,0,list3
291616,0,0,1,0,1,0,list3
291619,0,0,1,0,1,0,list3
291620,0,0,1,0,1,0,list3
291631,0,0,1,0,1,0,list3
291632,0,0,1,0,1,0,list3
291634,0,0,1,1,2,1,list3
291639,0,0,1,1,2,1,list3
291711,0,0,1,0,1,0,list3
291712,0,0,1,0,1,0,list3
291713,0,0,1,0,1,0,list3
291714,0,0,1,0,1,0,list3
291719,0,0,1,0,1,0,list3
291720,0,0,1,0,1,0,list3
291732,0,0,1,0,1,0,list3
291733,0,0,1,0,1,0,list3
291734,0,0,1,0,1,0,list3
291735,0,0,1,0,1,0,list3
291736,0,0,1,0,1,0,list3
291737,0,0,1,0,1,0,list3
291739,0,0,1,0,1,0,list3
291811,0,0,1,0,1,0,list3
291812,0,0,1,0,1,0,list3
291813,0,0,1,0,1,0,list3
291814,0,0,1,0,1,0,list3
291815,0,0,1,0,1,0,list3
291816,0,0,1,0,1,0,list3
291817,0,0,1,0,1,0,list3
291818,0,0,1,0,1,0,list3
291819,0,0,1,1,2,1,list3
291821,0,0,1,0,1,0,list3
291823,0,0,1,0,1,0,list3
291829,0,0,1,0,1,0,list3
291830,0,0,1,0,1,0,list3
291891,0,0,1,0,1,0,list3
291899,0,0,1,1,2,1,list3
291910,0,0,1,0,1,0,list3
291990,0,0,1,0,1,0,list3
292011,0,0,1,0,1,0,list3
292019,0,0,1,0,1,0,list3
292021,0,0,1,0,1,0,list3
292023,0,0,1,0,1,0,list3
292024,0,0,1,0,1,0,list3
292029,0,0,1,0,1,0,list3
292030,0,0,1,0,1,0,list3
292090,0,0,1,1,2,1,list3
292111,0,0,1,0,1,0,list3
292112,0,0,0,1,1,0,list4a
292113,0,0,1,0,1,0,list3
292114,0,0,1,0,1,0,list3
292119,0,0,1,0,1,0,list3
292121,0,0,1,0,1,0,list3
292122,0,0,1,0,1,0,list3
292129,0,0,1,0,1,0,list3
292130,0,0,1,0,1,0,list3
292141,0,0,1,0,1,0,list3
292142,0,0,1,1,2,1,list3
292143,0,0,1,0,1,0,list3
292144,0,0,1,0,1,0,list3
292145,0,0,1,1,2,1,list3
292149,0,0,1,1,2,1,list3
292151,0,0,1,1,2,1,list3
292159,0,0,1,0,1,0,list3
292211,0,0,1,0,1,0,list3
292212,0,0,1,0,1,0,list3
292215,0,0,1,0,1,0,list3
292216,0,0,1,0,1,0,list3
292217,0,0,1,0,1,0,list3
292218,0,0,1,0,1,0,list3
292221,0,0,1,1,2,1,list3
292229,0,0,1,0,1,0,list3
292239,0,0,1,0,1,0,list3
292242,0,0,1,0,1,0,list3
292243,0,0,1,0,1,0,list3
292249,0,0,1,0,1,0,list3
292310,0,0,1,0,1,0,list3
292320,0,0,1,0,1,0,list3
292330,0,0,1,0,1,0,list3
292340,0,0,1,0,1,0,list3
292390,0,0,1,0,1,0,list3
292412,0,0,1,0,1,0,list3
292419,0,0,1,0,1,0,list3
292421,0,0,1,0,1,0,list3
292423,0,0,1,0,1,0,list3
292425,0,0,1,0,1,0,list3
292429,0,0,1,0,1,0,list3
292511,0,0,1,0,1,0,list3
292519,0,0,1,0,1,0,list3
292521,0,0,1,0,1,0,list3
292529,0,0,1,1,2,1,list3
292610,0,0,1,0,1,0,list3
292620,0,0,1,0,1,0,list3
292630,0,0,1,0,1,0,list3
292690,0,0,1,1,2,1,list3
292700,0,0,1,0,1,0,list3
292800,0,0,1,0,1,0,list3
292910,0,0,1,0,1,0,list3
292990,0,0,1,0,1,0,list3
293020,0,0,1,0,1,0,list3
293030,0,0,1,0,1,0,list3
293040,0,0,1,0,1,0,list3
293060,0,0,1,0,1,0,list3
293070,0,0,0,1,1,0,list4a
293090,0,0,1,1,2,1,list3
293110,0,0,1,0,1,0,list3
293120,0,0,1,0,1,0,list3
293131,0,0,1,0,1,0,list3
293132,0,0,1,0,1,0,list3
293133,0,0,0,1,1,0,list4a
293134,0,0,1,0,1,0,list3
293135,0,0,1,0,1,0,list3
293136,0,0,1,0,1,0,list3
293137,0,0,1,0,1,0,list3
293138,0,0,1,0,1,0,list3
293190,0,0,1,0,1,0,list3
293211,0,0,1,0,1,0,list3
293212,0,0,1,0,1,0,list3
293213,0,0,1,0,1,0,list3
293219,0,0,1,0,1,0,list3
293292,0,0,1,0,1,0,list3
293293,0,0,1,0,1,0,list3
293294,0,0,1,0,1,0,list3
293295,0,0,1,0,1,0,list3
293299,0,0,1,0,1,0,list3
293319,0,0,1,1,2,1,list3
293321,0,0,1,0,1,0,list3
293329,0,0,1,0,1,0,list3
293331,0,0,1,0,1,0,list3
293332,0,0,1,0,1,0,list3
293361,0,0,1,0,1,0,list3
293369,0,0,1,1,2,1,list3
293371,0,0,1,0,1,0,list3
293379,0,0,1,0,1,0,list3
293392,0,0,1,0,1,0,list3
293410,0,0,1,0,1,0,list3
293420,0,0,1,0,1,0,list3
293980,0,0,1,0,1,0,list3
294000,0,0,1,0,1,0,list3
294200,0,0,1,0,1,0,list3
310100,0,0,1,0,1,0,list3
310210,0,0,1,0,1,0,list3
310221,0,0,1,0,1,0,list3
310229,0,0,1,0,1,0,list3
310230,0,0,1,0,1,0,list3
310240,0,0,1,0,1,0,list3
310250,0,0,1,0,1,0,list3
310260,0,0,1,0,1,0,list3
310280,0,0,1,0,1,0,list3
310290,0,0,1,0,1,0,list3
310311,0,0,1,0,1,0,list3
310319,0,0,1,0,1,0,list3
310390,0,0,1,0,1,0,list3
310420,0,0,1,0,1,0,list3
310430,0,0,1,0,1,0,list3
310490,0,0,1,0,1,0,list3
310510,0,0,1,0,1,0,list3
310520,0,0,1,0,1,0,list3
310530,0,0,1,0,1,0,list3
310540,0,0,1,0,1,0,list3
310551,0,0,1,0,1,0,list3
310559,0,0,1,0,1,0,list3
310560,0,0,1,0,1,0,list3
310590,0,0,1,0,1,0,list3
320110,0,0,1,0,1,0,list3
320120,0,0,1,0,1,0,list3
320190,0,0,1,0,1,0,list3
320210,0,0,1,0,1,0,list3
320290,0,0,1,0,1,0,list3
320300,0,0,1,0,1,0,list3
320411,0,0,1,0,1,0,list3
320412,0,0,1,0,1,0,list3
320413,0,0,1,0,1,0,list3
320414,0,0,1,0,1,0,list3
320415,0,0,1,1,2,1,list3
320416,0,0,1,0,1,0,list3
320417,0,0,1,0,1,0,list3
320419,0,0,1,0,1,0,list3
320420,0,0,1,0,1,0,list3
320490,0,0,1,0,1,0,list3
320500,0,0,1,0,1,0,list3
320611,0,0,1,0,1,0,list3
320619,0,0,1,0,1,0,list3
320620,0,0,1,0,1,0,list3
320641,0,0,1,0,1,0,list3
320642,0,0,1,0,1,0,list3
320649,0,0,1,0,1,0,list3
320650,0,0,1,0,1,0,list3
320710,0,0,1,0,1,0,list3
320720,0,0,1,0,1,0,list3
320730,0,0,1,0,1,0,list3
320740,0,0,1,0,1,0,list3
320810,0,0,1,0,1,0,list3
320820,0,0,1,0,1,0,list3
320890,0,0,1,0,1,0,list3
320910,0,0,1,0,1,0,list3
320990,0,0,1,0,1,0,list3
321000,0,0,1,0,1,0,list3
321100,0,0,1,0,1,0,list3
321210,0,0,1,0,1,0,list3
321290,0,0,1,0,1,0,list3
321310,0,0,1,0,1,0,list3
321390,0,0,1,0,1,0,list3
321410,0,0,1,0,1,0,list3
321490,0,0,1,0,1,0,list3
321511,0,0,1,0,1,0,list3
321519,0,0,1,0,1,0,list3
321590,0,0,1,0,1,0,list3
330112,0,0,0,1,1,0,list4a
330113,0,0,1,0,1,0,list3
330119,0,0,0,1,1,0,list4a
330124,0,0,0,1,1,0,list4a
330125,0,0,0,1,1,0,list4a
330129,0,0,0,1,1,0,list4a
330130,0,0,0,1,1,0,list4a
330190,0,0,0,1,1,0,list4a
330210,0,0,0,1,1,0,list4a
330290,0,0,1,0,1,0,list3
330300,0,0,1,0,1,0,list3
330410,0,0,1,0,1,0,list3
330420,0,0,1,0,1,0,list3
330430,0,0,1,0,1,0,list3
330491,0,0,1,0,1,0,list3
330499,0,0,1,0,1,0,list3
330510,0,0,1,0,1,0,list3
330520,0,0,1,0,1,0,list3
330530,0,0,1,0,1,0,list3
330590,0,0,1,0,1,0,list3
330620,0,0,0,1,1,0,list4a
330690,0,0,1,0,1,0,list3
330710,0,0,1,0,1,0,list3
330720,0,0,1,0,1,0,list3
330730,0,0,1,0,1,0,list3
330741,0,0,1,0,1,0,list3
330749,0,0,1,0,1,0,list3
330790,0,0,1,0,1,0,list3
340111,0,0,1,0,1,0,list3
340119,0,0,0,1,1,0,list4a
340120,0,0,1,0,1,0,list3
340130,0,0,1,0,1,0,list3
340211,0,0,1,0,1,0,list3
340212,0,0,1,0,1,0,list3
340213,0,0,1,0,1,0,list3
340219,0,0,1,0,1,0,list3
340220,0,0,1,0,1,0,list3
340290,0,0,1,0,1,0,list3
340311,0,0,1,0,1,0,list3
340319,0,1,0,0,1,0,list2
340391,0,0,1,0,1,0,list3
340399,0,1,0,0,1,0,list2
340420,0,0,1,0,1,0,list3
340490,0,0,1,0,1,0,list3
340510,0,0,1,0,1,0,list3
340520,0,0,1,0,1,0,list3
340530,0,0,1,0,1,0,list3
340540,0,0,1,0,1,0,list3
340590,0,0,1,0,1,0,list3
340600,0,0,0,1,1,0,list4a
350110,0,0,0,1,1,0,list4a
350190,0,0,0,1,1,0,list4a
350211,0,0,1,0,1,0,list3
350219,0,0,0,1,1,0,list4a
350220,0,0,0,1,1,0,list4a
350290,0,0,1,0,1,0,list3
350300,0,0,0,1,1,0,list4a
350400,0,0,0,1,1,0,list4a
350510,0,0,0,1,1,0,list4a
350520,0,0,0,1,1,0,list4a
350610,0,0,1,0,1,0,list3
350691,0,0,1,0,1,0,list3
350699,0,0,1,0,1,0,list3
350710,0,0,1,0,1,0,list3
350790,0,0,1,0,1,0,list3
360100,0,0,0,1,1,0,list4a
360200,0,0,0,1,1,0,list4a
360300,0,0,0,1,1,0,list4a
360490,0,0,0,1,1,0,list4a
360500,0,0,0,1,1,0,list4a
360610,0,0,1,0,1,0,list3
360690,0,0,0,1,1,0,list4a
370110,0,0,1,0,1,0,list3
370120,0,0,1,0,1,0,list3
370130,0,0,1,0,1,0,list3
370191,0,0,1,0,1,0,list3
370199,0,0,1,0,1,0,list3
370210,0,0,1,0,1,0,list3
370231,0,0,1,0,1,0,list3
370232,0,0,1,0,1,0,list3
370239,0,0,1,0,1,0,list3
370241,0,0,1,0,1,0,list3
370242,0,0,1,0,1,0,list3
370243,0,0,1,0,1,0,list3
370244,0,0,1,0,1,0,list3
370252,0,0,1,0,1,0,list3
370253,0,0,1,0,1,0,list3
370254,0,0,1,0,1,0,list3
370255,0,0,1,0,1,0,list3
370256,0,0,1,0,1,0,list3
370296,0,0,1,0,1,0,list3
370297,0,0,1,0,1,0,list3
370298,0,0,1,0,1,0,list3
370310,0,0,1,0,1,0,list3
370320,0,0,1,0,1,0,list3
370390,0,0,1,0,1,0,list3
370400,0,0,1,0,1,0,list3
370500,0,0,1,0,1,0,list3
370610,0,0,1,0,1,0,list3
370690,0,0,1,0,1,0,list3
370710,0,0,1,0,1,0,list3
370790,0,0,1,0,1,0,list3
380110,0,0,1,0,1,0,list3
380120,0,0,1,0,1,0,list3
380130,0,0,1,0,1,0,list3
380190,0,0,1,0,1,0,list3
380210,0,0,1,0,1,0,list3
380290,0,0,1,0,1,0,list3
380300,0,0,1,0,1,0,list3
380400,0,0,1,0,1,0,list3
380510,0,0,1,0,1,0,list3
380590,0,0,1,0,1,0,list3
380610,0,0,1,0,1,0,list3
380620,0,0,1,0,1,0,list3
380630,0,0,1,0,1,0,list3
380690,0,0,1,0,1,0,list3
380700,0,0,1,0,1,0,list3
380852,0,0,0,1,1,0,list4a
380859,0,0,1,0,1,0,list3
380861,0,0,1,1,2,1,list3
380862,0,0,1,0,1,0,list3
380869,0,0,1,0,1,0,list3
380891,0,0,1,0,1,0,list3
380892,0,0,1,0,1,0,list3
380893,0,0,1,0,1,0,list3
380894,0,0,1,0,1,0,list3
380899,0,0,1,0,1,0,list3
380910,0,0,0,1,1,0,list4a
380991,0,0,1,0,1,0,list3
380992,0,0,1,0,1,0,list3
380993,0,0,1,0,1,0,list3
381010,0,0,1,0,1,0,list3
381090,0,0,1,0,1,0,list3
381111,0,0,1,0,1,0,list3
381119,0,0,1,0,1,0,list3
381121,0,1,0,0,1,0,list2
381129,0,1,0,0,1,0,list2
381190,0,0,1,0,1,0,list3
381210,0,0,1,0,1,0,list3
381220,0,0,1,0,1,0,list3
381231,0,0,1,0,1,0,list3
381239,0,0,1,0,1,0,list3
381300,0,0,1,0,1,0,list3
381400,0,0,1,0,1,0,list3
381511,0,0,1,0,1,0,list3
381512,0,0,1,0,1,0,list3
381519,0,0,1,0,1,0,list3
381590,0,0,1,0,1,0,list3
381600,0,0,1,0,1,0,list3
381700,0,0,1,0,1,0,list3
381800,0,0,1,0,1,0,list3
381900,0,0,1,0,1,0,list3
382000,0,0,0,1,1,0,list4a
382311,0,0,0,1,1,0,list4a
382312,0,0,0,1,1,0,list4a
382313,0,0,0,1,1,0,list4a
382319,0,0,0,1,1,0,list4a
382370,0,0,0,1,1,0,list4a
382410,0,0,1,0,1,0,list3
382430,0,0,1,0,1,0,list3
382440,0,0,1,0,1,0,list3
382450,0,0,1,0,1,0,list3
382460,0,0,0,1,1,0,list4a
382471,0,0,1,0,1,0,list3
382472,0,0,1,0,1,0,list3
382473,0,0,1,0,1,0,list3
382474,0,0,1,0,1,0,list3
382475,0,0,1,0,1,0,list3
382476,0,0,1,0,1,0,list3
382477,0,0,1,0,1,0,list3
382478,0,0,1,0,1,0,list3
382479,0,0,1,0,1,0,list3
382481,0,0,1,0,1,0,list3
382482,0,0,1,0,1,0,list3
382483,0,0,1,0,1,0,list3
382484,0,0,1,0,1,0,list3
382485,0,0,1,0,1,0,list3
382486,0,0,1,0,1,0,list3
382487,0,0,1,0,1,0,list3
382488,0,0,1,0,1,0,list3
382491,0,0,1,0,1,0,list3
382499,0,0,1,1,2,1,list3
382510,0,0,0,1,1,0,list4a
382520,0,0,0,1,1,0,list4a
382530,0,0,0,1,1,0,list4a
382541,0,0,1,0,1,0,list3
382549,0,0,1,0,1,0,list3
382550,0,0,1,0,1,0,list3
382561,0,0,1,0,1,0,list3
382569,0,0,1,0,1,0,list3
382590,0,0,1,0,1,0,list3
382600,0,0,1,0,1,0,list3
390110,0,1,0,0,1,0,list2
390120,0,1,0,0,1,0,list2
390130,0,1,0,0,1,0,list2
390140,0,0,1,0,1,0,list3
390190,0,1,0,0,1,0,list2
390210,0,1,0,0,1,0,list2
390220,0,1,0,0,1,0,list2
390230,0,1,0,0,1,0,list2
390290,0,1,0,0,1,0,list2
390311,0,1,0,0,1,0,list2
390319,0,1,0,0,1,0,list2
390320,0,1,0,0,1,0,list2
390330,0,1,0,0,1,0,list2
390390,0,1,0,0,1,0,list2
390410,0,1,0,0,1,0,list2
390421,0,1,0,0,1,0,list2
390422,0,1,0,0,1,0,list2
390430,0,1,0,0,1,0,list2
390440,0,1,0,0,1,0,list2
390450,0,1,0,0,1,0,list2
390461,0,1,0,0,1,0,list2
390469,0,1,0,0,1,0,list2
390490,0,1,0,0,1,0,list2
390512,0,1,0,0,1,0,list2
390519,0,1,0,0,1,0,list2
390521,0,1,0,0,1,0,list2
390529,0,1,0,0,1,0,list2
390530,0,1,0,0,1,0,list2
390591,0,1,0,0,1,0,list2
390599,0,1,1,0,2,1,list2
390610,0,1,0,0,1,0,list2
390690,0,1,0,0,1,0,list2
390710,0,1,0,0,1,0,list2
390720,0,1,0,0,1,0,list2
390730,0,1,0,0,1,0,list2
390740,0,1,0,0,1,0,list2
390750,0,1,0,0,1,0,list2
390761,0,1,0,0,1,0,list2
390769,0,1,0,0,1,0,list2
390770,0,1,0,0,1,0,list2
390791,0,1,0,0,1,0,list2
390799,0,1,0,0,1,0,list2
390810,0,1,0,0,1,0,list2
390890,0,1,0,0,1,0,list2
390910,0,1,0,0,1,0,list2
390920,0,1,0,0,1,0,list2
390931,0,0,1,0,1,0,list3
390939,0,0,1,0,1,0,list3
390940,0,1,0,0,1,0,list2
390950,0,1,0,0,1,0,list2
391000,0,1,0,0,1,0,list2
391110,0,1,0,0,1,0,list2
391190,0,1,0,0,1,0,list2
391211,0,0,1,0,1,0,list3
391212,0,1,0,0,1,0,list2
391220,0,1,0,0,1,0,list2
391231,0,0,1,0,1,0,list3
391239,0,1,0,0,1,0,list2
391290,0,1,0,0,1,0,list2
391310,0,0,0,1,1,0,list4a
391390,0,1,1,0,2,1,list2
391400,0,1,0,0,1,0,list2
391510,0,0,1,0,1,0,list3
391520,0,0,1,0,1,0,list3
391530,0,0,1,0,1,0,list3
391590,0,0,1,0,1,0,list3
391610,0,1,0,0,1,0,list2
391620,0,1,0,0,1,0,list2
391690,0,1,1,0,2,1,list2
391710,0,0,1,0,1,0,list3
391721,0,1,0,0,1,0,list2
391722,0,1,0,0,1,0,list2
391723,0,1,0,0,1,0,list2
391729,0,1,0,0,1,0,list2
391731,0,1,0,0,1,0,list2
391732,0,1,0,0,1,0,list2
391733,0,0,1,0,1,0,list3
391739,0,0,1,0,1,0,list3
391740,0,1,0,0,1,0,list2
391810,0,0,1,0,1,0,list3
391890,0,0,1,0,1,0,list3
391910,0,1,0,0,1,0,list2
391990,0,1,0,0,1,0,list2
392010,0,1,0,0,1,0,list2
392020,0,1,0,0,1,0,list2
392030,0,1,0,0,1,0,list2
392043,0,1,0,0,1,0,list2
392049,0,1,0,0,1,0,list2
392051,0,1,0,0,1,0,list2
392059,0,1,0,0,1,0,list2
392061,0,1,0,0,1,0,list2
392062,0,1,0,0,1,0,list2
392063,0,1,0,0,1,0,list2
392069,0,1,0,0,1,0,list2
392071,0,1,0,0,1,0,list2
392073,0,1,0,0,1,0,list2
392079,0,1,0,0,1,0,list2
392091,0,1,0,0,1,0,list2
392092,0,1,0,0,1,0,list2
392093,0,1,0,0,1,0,list2
392094,0,1,0,0,1,0,list2
392099,0,1,0,0,1,0,list2
392111,0,1,0,0,1,0,list2
392112,0,1,0,0,1,0,list2
392113,0,1,0,0,1,0,list2
392114,0,1,0,0,1,0,list2
392119,0,1,0,0,1,0,list2
392190,0,1,0,0,1,0,list2
392210,0,0,0,1,1,0,list4a
392220,0,0,0,1,1,0,list4a
392290,0,0,1,0,1,0,list3
392310,0,0,1,0,1,0,list3
392321,0,0,1,0,1,0,list3
392329,0,0,1,0,1,0,list3
392330,0,0,1,0,1,0,list3
392340,0,0,1,0,1,0,list3
392350,0,0,1,0,1,0,list3
392390,0,0,1,0,1,0,list3
392410,0,0,0,1,1,0,list4a
392490,0,0,0,1,1,0,list4a
392510,0,0,1,0,1,0,list3
392520,0,0,0,1,1,0,list4a
392530,0,0,0,1,1,0,list4a
392590,0,0,1,0,1,0,list3
392620,0,0,1,0,1,0,list3
392630,0,0,0,1,1,0,list4a
392690,0,0,1,1,2,1,list3
400110,0,0,1,0,1,0,list3
400121,0,0,1,0,1,0,list3
400122,0,0,1,0,1,0,list3
400129,0,0,1,0,1,0,list3
400130,0,0,1,0,1,0,list3
400211,0,0,1,0,1,0,list3
400219,0,0,1,0,1,0,list3
400220,0,0,1,0,1,0,list3
400231,0,0,1,0,1,0,list3
400239,0,0,1,0,1,0,list3
400241,0,0,1,0,1,0,list3
400249,0,0,1,0,1,0,list3
400251,0,0,1,0,1,0,list3
400259,0,0,1,0,1,0,list3
400260,0,0,1,0,1,0,list3
400270,0,0,1,0,1,0,list3
400280,0,0,1,0,1,0,list3
400291,0,0,1,0,1,0,list3
400299,0,0,1,0,1,0,list3
400300,0,0,1,0,1,0,list3
400400,0,0,1,0,1,0,list3
400510,0,0,1,0,1,0,list3
400520,0,0,1,0,1,0,list3
400591,0,0,1,0,1,0,list3
400599,0,0,1,0,1,0,list3
400610,0,0,0,1,1,0,list4a
400690,0,0,1,0,1,0,list3
400700,0,0,1,0,1,0,list3
400811,0,0,1,0,1,0,list3
400819,0,0,1,0,1,0,list3
400821,0,0,1,0,1,0,list3
400829,0,0,1,0,1,0,list3
400911,0,0,1,0,1,0,list3
400912,0,0,0,1,1,0,list4a
400921,0,0,1,0,1,0,list3
400922,0,0,1,0,1,0,list3
400931,0,0,1,0,1,0,list3
400932,0,0,1,0,1,0,list3
400941,0,0,1,0,1,0,list3
400942,0,0,0,1,1,0,list4a
401011,0,0,0,1,1,0,list4a
401012,0,0,1,0,1,0,list3
401019,0,0,1,0,1,0,list3
401031,0,0,1,0,1,0,list3
401032,0,0,1,0,1,0,list3
401033,0,0,1,0,1,0,list3
401034,0,0,1,0,1,0,list3
401035,0,0,1,0,1,0,list3
401036,0,0,1,0,1,0,list3
401039,0,0,1,0,1,0,list3
401110,0,0,1,0,1,0,list3
401120,0,0,1,0,1,0,list3
401130,1,0,0,0,1,0,list1
401140,0,0,1,0,1,0,list3
401150,0,0,1,0,1,0,list3
401170,0,0,1,0,1,0,list3
401180,0,0,1,0,1,0,list3
401190,0,0,1,0,1,0,list3
401211,0,0,1,0,1,0,list3
401212,0,0,1,0,1,0,list3
401213,1,0,0,0,1,0,list1
401219,0,0,1,1,2,1,list3
401220,0,0,1,0,1,0,list3
401290,0,0,1,0,1,0,list3
401310,0,0,1,0,1,0,list3
401320,0,0,1,0,1,0,list3
401390,0,0,1,0,1,0,list3
401519,0,0,1,1,2,1,list3
401590,0,0,1,0,1,0,list3
401610,0,0,1,0,1,0,list3
401691,0,0,1,0,1,0,list3
401693,0,0,1,0,1,0,list3
401694,0,0,1,0,1,0,list3
401695,0,0,0,1,1,0,list4a
401699,0,0,1,1,2,1,list3
401700,0,0,1,0,1,0,list3
410120,0,0,0,1,1,0,list4a
410150,0,0,0,1,1,0,list4a
410190,0,0,0,1,1,0,list4a
410210,0,0,0,1,1,0,list4a
410221,0,0,0,1,1,0,list4a
410229,0,0,0,1,1,0,list4a
410320,0,0,0,1,1,0,list4a
410330,0,0,0,1,1,0,list4a
410390,0,0,0,1,1,0,list4a
410411,0,0,1,0,1,0,list3
410419,0,0,1,0,1,0,list3
410441,0,0,1,0,1,0,list3
410449,0,0,1,0,1,0,list3
410510,0,0,1,0,1,0,list3
410530,0,0,1,0,1,0,list3
410621,0,0,1,0,1,0,list3
410622,0,0,1,0,1,0,list3
410631,0,0,1,0,1,0,list3
410632,0,0,1,0,1,0,list3
410640,0,0,1,0,1,0,list3
410691,0,0,1,0,1,0,list3
410692,0,0,1,0,1,0,list3
410711,0,0,1,0,1,0,list3
410712,0,0,1,0,1,0,list3
410719,0,0,1,0,1,0,list3
410791,0,0,1,0,1,0,list3
410792,0,0,1,0,1,0,list3
410799,0,0,1,0,1,0,list3
411200,0,0,1,0,1,0,list3
411310,0,0,1,0,1,0,list3
411320,0,0,1,0,1,0,list3
411330,0,0,1,0,1,0,list3
411390,0,0,1,0,1,0,list3
411410,0,0,1,0,1,0,list3
411420,0,0,1,0,1,0,list3
411510,0,0,1,0,1,0,list3
411520,0,0,0,1,1,0,list4a
420100,0,0,1,0,1,0,list3
420211,0,0,1,0,1,0,list3
420212,0,0,1,0,1,0,list3
420219,0,0,1,0,1,0,list3
420221,0,0,1,0,1,0,list3
420222,0,0,1,0,1,0,list3
420229,0,0,1,0,1,0,list3
420231,0,0,1,0,1,0,list3
420232,0,0,1,0,1,0,list3
420239,0,0,1,0,1,0,list3
420291,0,0,1,0,1,0,list3
420292,0,0,1,0,1,0,list3
420299,0,0,1,0,1,0,list3
420310,0,0,1,0,1,0,list3
420321,0,0,1,0,1,0,list3
420329,0,0,1,0,1,0,list3
420330,0,0,1,0,1,0,list3
420340,0,0,1,0,1,0,list3
420500,0,0,1,0,1,0,list3
430110,0,0,0,1,1,0,list4a
430160,0,0,0,1,1,0,list4a
430180,0,0,0,1,1,0,list4a
430211,0,0,1,0,1,0,list3
430219,0,0,1,0,1,0,list3
430220,0,0,1,0,1,0,list3
430230,0,0,1,0,1,0,list3
430310,0,0,1,0,1,0,list3
430390,0,0,1,0,1,0,list3
430400,0,0,1,0,1,0,list3
440110,0,0,1,0,1,0,list3
440121,0,0,1,0,1,0,list3
440122,0,0,1,0,1,0,list3
440131,0,0,1,0,1,0,list3
440139,0,0,1,0,1,0,list3
440210,0,0,1,0,1,0,list3
440290,0,0,1,0,1,0,list3
440310,0,0,1,0,1,0,list3
440320,0,0,1,0,1,0,list3
440341,0,0,1,0,1,0,list3
440349,0,0,1,0,1,0,list3
440391,0,0,1,0,1,0,list3
440392,0,0,1,0,1,0,list3
440399,0,0,1,0,1,0,list3
440410,0,0,1,0,1,0,list3
440420,0,0,1,0,1,0,list3
440500,0,0,1,0,1,0,list3
440610,0,0,1,0,1,0,list3
440690,0,0,1,0,1,0,list3
440710,0,0,1,0,1,0,list3
440721,0,0,1,0,1,0,list3
440722,0,0,1,0,1,0,list3
440725,0,0,1,0,1,0,list3
440726,0,0,1,0,1,0,list3
440727,0,0,1,0,1,0,list3
440728,0,0,1,0,1,0,list3
440729,0,0,1,0,1,0,list3
440791,0,0,1,0,1,0,list3
440792,0,0,1,0,1,0,list3
440793,0,0,1,0,1,0,list3
440794,0,0,1,0,1,0,list3
440795,0,0,1,0,1,0,list3
440799,0,0,1,0,1,0,list3
440810,0,0,1,0,1,0,list3
440831,0,0,1,0,1,0,list3
440839,0,0,1,0,1,0,list3
440890,0,0,1,0,1,0,list3
440910,0,0,1,0,1,0,list3
440921,0,0,1,0,1,0,list3
440922,0,0,1,0,1,0,list3
440929,0,0,1,0,1,0,list3
441011,0,0,1,0,1,0,list3
441012,0,0,1,0,1,0,list3
441019,0,0,1,0,1,0,list3
441090,0,0,1,0,1,0,list3
441112,0,0,1,0,1,0,list3
441113,0,0,1,0,1,0,list3
441114,0,0,1,0,1,0,list3
441192,0,0,1,0,1,0,list3
441193,0,0,1,0,1,0,list3
441194,0,0,1,0,1,0,list3
441210,0,0,1,0,1,0,list3
441231,0,0,1,0,1,0,list3
441232,0,0,1,0,1,0,list3
441239,0,0,1,0,1,0,list3
441294,0,0,1,0,1,0,list3
441299,0,0,1,0,1,0,list3
441300,0,0,1,0,1,0,list3
441400,0,0,0,1,1,0,list4a
441510,0,0,1,0,1,0,list3
441520,0,0,1,0,1,0,list3
441600,0,0,1,0,1,0,list3
441700,0,0,1,1,2,1,list3
441810,0,0,1,0,1,0,list3
441820,0,0,1,0,1,0,list3
441840,0,0,1,0,1,0,list3
441850,0,0,1,0,1,0,list3
441860,0,0,1,0,1,0,list3
441873,0,0,1,0,1,0,list3
441874,0,0,1,0,1,0,list3
441875,0,0,1,0,1,0,list3
441879,0,0,1,0,1,0,list3
441891,0,0,1,0,1,0,list3
441899,0,0,1,0,1,0,list3
441990,0,0,0,1,1,0,list4a
442090,0,0,1,1,2,1,list3
442191,0,0,1,1,2,1,list3
442199,0,0,1,1,2,1,list3
450110,0,0,1,0,1,0,list3
450190,0,0,1,0,1,0,list3
450200,0,0,1,0,1,0,list3
450310,0,0,1,0,1,0,list3
450390,0,0,1,0,1,0,list3
450410,0,0,1,0,1,0,list3
450490,0,0,1,0,1,0,list3
460121,0,0,1,0,1,0,list3
460122,0,0,1,0,1,0,list3
460129,0,0,1,0,1,0,list3
460192,0,0,1,0,1,0,list3
460193,0,0,1,0,1,0,list3
460194,0,0,1,0,1,0,list3
460199,0,0,1,0,1,0,list3
460211,0,0,1,0,1,0,list3
460212,0,0,1,0,1,0,list3
460219,0,0,1,0,1,0,list3
460290,0,0,1,0,1,0,list3
470100,0,0,1,0,1,0,list3
470200,0,0,1,0,1,0,list3
470311,0,0,1,0,1,0,list3
470319,0,0,1,0,1,0,list3
470321,0,0,1,0,1,0,list3
470329,0,0,1,0,1,0,list3
470411,0,0,1,0,1,0,list3
470419,0,0,1,0,1,0,list3
470421,0,0,1,0,1,0,list3
470429,0,0,1,0,1,0,list3
470500,0,0,1,0,1,0,list3
470610,0,0,1,0,1,0,list3
470620,0,0,1,0,1,0,list3
470630,0,0,1,0,1,0,list3
470691,0,0,1,0,1,0,list3
470692,0,0,1,0,1,0,list3
470693,0,0,1,0,1,0,list3
470710,0,0,1,0,1,0,list3
470720,0,0,1,0,1,0,list3
470730,0,0,1,0,1,0,list3
470790,0,0,1,0,1,0,list3
480100,0,0,1,0,1,0,list3
480210,0,0,1,0,1,0,list3
480220,0,0,1,0,1,0,list3
480240,0,0,1,0,1,0,list3
480254,0,0,1,0,1,0,list3
480255,0,0,1,0,1,0,list3
480256,0,0,1,0,1,0,list3
480257,0,0,1,0,1,0,list3
480258,0,0,1,0,1,0,list3
480261,0,0,1,0,1,0,list3
480262,0,0,1,0,1,0,list3
480269,0,0,1,0,1,0,list3
480300,0,0,1,0,1,0,list3
480411,0,0,1,0,1,0,list3
480419,0,0,1,0,1,0,list3
480421,0,0,1,0,1,0,list3
480429,0,0,1,0,1,0,list3
480431,0,0,1,0,1,0,list3
480439,0,0,1,0,1,0,list3
480441,0,0,1,0,1,0,list3
480442,0,0,1,0,1,0,list3
480449,0,0,1,0,1,0,list3
480451,0,0,1,0,1,0,list3
480452,0,0,1,0,1,0,list3
480459,0,0,1,0,1,0,list3
480511,0,0,1,0,1,0,list3
480512,0,0,1,0,1,0,list3
480519,0,0,1,0,1,0,list3
480524,0,0,1,0,1,0,list3
480525,0,0,1,0,1,0,list3
480530,0,0,1,0,1,0,list3
480540,0,0,1,0,1,0,list3
480550,0,0,1,0,1,0,list3
480591,0,0,1,0,1,0,list3
480592,0,0,1,0,1,0,list3
480593,0,0,1,0,1,0,list3
480610,0,0,1,0,1,0,list3
480620,0,0,1,0,1,0,list3
480630,0,0,1,0,1,0,list3
480640,0,0,1,0,1,0,list3
480700,0,0,1,0,1,0,list3
480810,0,0,1,0,1,0,list3
480840,0,0,1,0,1,0,list3
480890,0,0,1,0,1,0,list3
480920,0,0,1,0,1,0,list3
480990,0,0,1,0,1,0,list3
481013,0,0,1,0,1,0,list3
481014,0,0,1,0,1,0,list3
481019,0,0,1,0,1,0,list3
481022,0,0,1,0,1,0,list3
481029,0,0,1,0,1,0,list3
481031,0,0,1,0,1,0,list3
481032,0,0,1,0,1,0,list3
481039,0,0,1,0,1,0,list3
481092,0,0,1,0,1,0,list3
481099,0,0,1,0,1,0,list3
481110,0,0,1,0,1,0,list3
481141,0,0,1,0,1,0,list3
481149,0,0,1,0,1,0,list3
481151,0,0,1,0,1,0,list3
481159,0,0,1,0,1,0,list3
481160,0,0,1,0,1,0,list3
481190,0,0,1,0,1,0,list3
481200,0,0,1,0,1,0,list3
481310,0,0,1,0,1,0,list3
481320,0,0,1,0,1,0,list3
481390,0,0,1,0,1,0,list3
481420,0,0,0,1,1,0,list4a
481490,0,0,0,1,1,0,list4a
481620,0,0,1,0,1,0,list3
481690,0,0,1,0,1,0,list3
481710,0,0,1,0,1,0,list3
481720,0,0,1,0,1,0,list3
481730,0,0,1,0,1,0,list3
481810,0,0,1,0,1,0,list3
481820,0,0,1,0,1,0,list3
481830,0,0,1,0,1,0,list3
481850,0,0,1,0,1,0,list3
481890,0,0,0,1,1,0,list4a
481910,0,0,1,0,1,0,list3
481920,0,0,1,0,1,0,list3
481930,0,0,1,0,1,0,list3
481940,0,0,1,0,1,0,list3
481950,0,0,1,0,1,0,list3
481960,0,0,1,0,1,0,list3
482010,0,0,1,0,1,0,list3
482020,0,0,1,0,1,0,list3
482030,0,0,1,0,1,0,list3
482040,0,0,1,0,1,0,list3
482050,0,0,1,0,1,0,list3
482090,0,0,1,0,1,0,list3
482110,0,0,1,0,1,0,list3
482190,0,0,1,0,1,0,list3
482210,0,0,1,0,1,0,list3
482290,0,0,1,0,1,0,list3
482320,0,0,1,0,1,0,list3
482340,0,0,1,0,1,0,list3
482361,0,0,1,0,1,0,list3
482369,0,0,1,0,1,0,list3
482370,0,0,1,0,1,0,list3
482390,0,0,1,0,1,0,list3
490110,0,0,0,1,1,0,list4a
490191,0,0,0,1,1,0,list4a
490199,0,0,0,1,1,0,list4a
490210,0,0,0,1,1,0,list4a
490290,0,0,0,1,1,0,list4a
490400,0,0,0,1,1,0,list4a
490510,0,0,0,1,1,0,list4a
490591,0,0,0,1,1,0,list4a
490599,0,0,0,1,1,0,list4a
490600,0,0,0,1,1,0,list4a
490700,0,0,0,1,1,0,list4a
490810,0,0,0,1,1,0,list4a
490890,0,0,0,1,1,0,list4a
490900,0,0,0,1,1,0,list4a
491000,0,0,0,1,1,0,list4a
491110,0,0,0,1,1,0,list4a
491191,0,0,0,1,1,0,list4a
491199,0,0,0,1,1,0,list4a
500100,0,0,1,0,1,0,list3
500200,0,0,1,0,1,0,list3
500300,0,0,1,0,1,0,list3
500400,0,0,1,0,1,0,list3
500500,0,0,1,0,1,0,list3
500600,0,0,1,0,1,0,list3
500710,0,0,1,0,1,0,list3
500720,0,0,1,0,1,0,list3
500790,0,0,1,0,1,0,list3
510111,0,0,1,0,1,0,list3
510119,0,0,1,0,1,0,list3
510121,0,0,1,0,1,0,list3
510129,0,0,1,0,1,0,list3
510130,0,0,1,0,1,0,list3
510211,0,0,1,0,1,0,list3
510219,0,0,1,0,1,0,list3
510220,0,0,1,0,1,0,list3
510310,0,0,1,0,1,0,list3
510320,0,0,1,0,1,0,list3
510330,0,0,1,0,1,0,list3
510400,0,0,1,0,1,0,list3
510510,0,0,1,0,1,0,list3
510521,0,0,1,0,1,0,list3
510529,0,0,1,0,1,0,list3
510531,0,0,1,0,1,0,list3
510539,0,0,1,0,1,0,list3
510540,0,0,1,0,1,0,list3
510610,0,0,1,0,1,0,list3
510620,0,0,1,0,1,0,list3
510710,0,0,1,0,1,0,list3
510720,0,0,1,0,1,0,list3
510810,0,0,1,0,1,0,list3
510820,0,0,1,0,1,0,list3
510910,0,0,1,0,1,0,list3
510990,0,0,1,0,1,0,list3
511000,0,0,1,0,1,0,list3
511111,0,0,1,0,1,0,list3
511119,0,0,1,0,1,0,list3
511120,0,0,1,0,1,0,list3
511130,0,0,1,0,1,0,list3
511190,0,0,1,0,1,0,list3
511211,0,0,1,0,1,0,list3
511219,0,0,1,0,1,0,list3
511220,0,0,1,0,1,0,list3
511230,0,0,1,0,1,0,list3
511290,0,0,1,0,1,0,list3
511300,0,0,1,0,1,0,list3
520100,0,0,1,0,1,0,list3
520210,0,0,1,0,1,0,list3
520291,0,0,1,0,1,0,list3
520299,0,0,1,0,1,0,list3
520300,0,0,1,0,1,0,list3
520411,0,0,1,0,1,0,list3
520419,0,0,1,0,1,0,list3
520420,0,0,1,0,1,0,list3
520511,0,0,1,0,1,0,list3
520512,0,0,1,0,1,0,list3
520513,0,0,1,0,1,0,list3
520514,0,0,1,0,1,0,list3
520515,0,0,1,0,1,0,list3
520521,0,0,1,0,1,0,list3
520522,0,0,1,0,1,0,list3
520523,0,0,1,0,1,0,list3
520524,0,0,1,0,1,0,list3
520526,0,0,1,0,1,0,list3
520527,0,0,1,0,1,0,list3
520528,0,0,1,0,1,0,list3
520531,0,0,1,0,1,0,list3
520532,0,0,1,0,1,0,list3
520533,0,0,1,0,1,0,list3
520534,0,0,1,0,1,0,list3
520535,0,0,1,0,1,0,list3
520541,0,0,1,0,1,0,list3
520542,0,0,1,0,1,0,list3
520543,0,0,1,0,1,0,list3
520544,0,0,1,0,1,0,list3
520546,0,0,1,0,1,0,list3
520547,0,0,1,0,1,0,list3
520548,0,0,1,0,1,0,list3
520611,0,0,1,0,1,0,list3
520612,0,0,1,0,1,0,list3
520613,0,0,1,0,1,0,list3
520614,0,0,1,0,1,0,list3
520615,0,0,1,0,1,0,list3
520621,0,0,1,0,1,0,list3
520622,0,0,1,0,1,0,list3
520623,0,0,1,0,1,0,list3
520624,0,0,1,0,1,0,list3
520625,0,0,1,0,1,0,list3
520631,0,0,1,0,1,0,list3
520632,0,0,1,0,1,0,list3
520633,0,0,1,0,1,0,list3
520634,0,0,1,0,1,0,list3
520635,0,0,1,0,1,0,list3
520641,0,0,1,0,1,0,list3
520642,0,0,1,0,1,0,list3
520643,0,0,1,0,1,0,list3
520644,0,0,1,0,1,0,list3
520645,0,0,1,0,1,0,list3
520710,0,0,1,0,1,0,list3
520790,0,0,1,0,1,0,list3
520811,0,0,1,0,1,0,list3
520812,0,0,1,0,1,0,list3
520813,0,0,1,0,1,0,list3
520819,0,0,1,0,1,0,list3
520821,0,0,1,0,1,0,list3
520822,0,0,1,0,1,0,list3
520823,0,0,1,0,1,0,list3
520829,0,0,1,0,1,0,list3
520831,0,0,1,0,1,0,list3
520832,0,0,1,0,1,0,list3
520833,0,0,1,0,1,0,list3
520839,0,0,1,0,1,0,list3
520841,0,0,1,0,1,0,list3
520842,0,0,1,0,1,0,list3
520843,0,0,1,0,1,0,list3
520849,0,0,1,0,1,0,list3
520851,0,0,1,0,1,0,list3
520852,0,0,1,0,1,0,list3
520859,0,0,1,0,1,0,list3
520911,0,0,1,0,1,0,list3
520912,0,0,1,0,1,0,list3
520919,0,0,1,0,1,0,list3
520921,0,0,1,0,1,0,list3
520922,0,0,1,0,1,0,list3
520929,0,0,1,0,1,0,list3
520931,0,0,1,0,1,0,list3
520932,0,0,1,0,1,0,list3
520939,0,0,1,0,1,0,list3
520941,0,0,1,0,1,0,list3
520942,0,0,1,0,1,0,list3
520943,0,0,1,0,1,0,list3
520949,0,0,1,0,1,0,list3
520951,0,0,1,0,1,0,list3
520952,0,0,1,0,1,0,list3
520959,0,0,1,0,1,0,list3
521011,0,0,1,1,2,1,list3
521019,0,0,1,0,1,0,list3
521021,0,0,1,0,1,0,list3
521029,0,0,1,0,1,0,list3
521031,0,0,1,0,1,0,list3
521032,0,0,1,0,1,0,list3
521039,0,0,1,0,1,0,list3
521041,0,0,1,0,1,0,list3
521049,0,0,1,0,1,0,list3
521051,0,0,1,0,1,0,list3
521059,0,0,1,0,1,0,list3
521111,0,0,1,0,1,0,list3
521112,0,0,1,0,1,0,list3
521119,0,0,1,0,1,0,list3
521120,0,0,1,0,1,0,list3
521131,0,0,1,0,1,0,list3
521132,0,0,1,0,1,0,list3
521139,0,0,1,0,1,0,list3
521141,0,0,1,0,1,0,list3
521142,0,0,1,0,1,0,list3
521143,0,0,1,0,1,0,list3
521149,0,0,1,0,1,0,list3
521151,0,0,1,0,1,0,list3
521152,0,0,1,0,1,0,list3
521159,0,0,1,0,1,0,list3
521211,0,0,1,0,1,0,list3
521212,0,0,1,0,1,0,list3
521213,0,0,1,0,1,0,list3
521214,0,0,1,0,1,0,list3
521215,0,0,1,0,1,0,list3
521221,0,0,1,0,1,0,list3
521222,0,0,1,0,1,0,list3
521223,0,0,1,0,1,0,list3
521224,0,0,1,0,1,0,list3
521225,0,0,1,0,1,0,list3
530110,0,0,1,0,1,0,list3
530121,0,0,1,0,1,0,list3
530129,0,0,1,0,1,0,list3
530130,0,0,1,0,1,0,list3
530210,0,0,1,0,1,0,list3
530290,0,0,1,0,1,0,list3
530310,0,0,1,0,1,0,list3
530390,0,0,1,0,1,0,list3
530500,0,0,1,0,1,0,list3
530610,0,0,1,0,1,0,list3
530620,0,0,1,0,1,0,list3
530710,0,0,1,0,1,0,list3
530720,0,0,1,0,1,0,list3
530810,0,0,1,0,1,0,list3
530820,0,0,1,0,1,0,list3
530890,0,0,1,1,2,1,list3
530911,0,0,1,0,1,0,list3
530919,0,0,1,0,1,0,list3
530921,0,0,1,0,1,0,list3
530929,0,0,1,0,1,0,list3
531010,0,0,1,0,1,0,list3
531090,0,0,1,0,1,0,list3
531100,0,0,1,0,1,0,list3
540110,0,0,1,0,1,0,list3
540120,0,0,1,0,1,0,list3
540211,0,0,1,0,1,0,list3
540219,0,0,1,0,1,0,list3
540220,0,0,1,0,1,0,list3
540231,0,0,1,0,1,0,list3
540232,0,0,1,0,1,0,list3
540233,0,0,1,0,1,0,list3
540234,0,0,1,0,1,0,list3
540239,0,0,1,0,1,0,list3
540244,0,0,1,0,1,0,list3
540245,0,0,1,0,1,0,list3
540246,0,0,1,0,1,0,list3
540247,0,0,1,0,1,0,list3
540248,0,0,1,0,1,0,list3
540249,0,0,1,0,1,0,list3
540251,0,0,1,0,1,0,list3
540252,0,0,1,0,1,0,list3
540253,0,0,1,0,1,0,list3
540259,0,0,1,0,1,0,list3
540261,0,0,1,0,1,0,list3
540262,0,0,1,0,1,0,list3
540263,0,0,1,0,1,0,list3
540269,0,0,1,0,1,0,list3
540310,0,0,1,0,1,0,list3
540331,0,0,1,0,1,0,list3
540332,0,0,1,0,1,0,list3
540333,0,0,1,0,1,0,list3
540339,0,0,1,0,1,0,list3
540341,0,0,1,0,1,0,list3
540342,0,0,1,0,1,0,list3
540349,0,0,1,0,1,0,list3
540411,0,0,1,0,1,0,list3
540412,0,0,1,0,1,0,list3
540419,0,0,1,0,1,0,list3
540490,0,0,1,0,1,0,list3
540500,0,0,1,0,1,0,list3
540600,0,0,1,0,1,0,list3
540710,0,0,1,0,1,0,list3
540720,0,0,1,0,1,0,list3
540730,0,0,1,0,1,0,list3
540741,0,0,1,0,1,0,list3
540742,0,0,1,0,1,0,list3
540743,0,0,1,0,1,0,list3
540744,0,0,1,0,1,0,list3
540751,0,0,1,0,1,0,list3
540752,0,0,1,0,1,0,list3
540753,0,0,1,0,1,0,list3
540754,0,0,0,1,1,0,list4a
540761,0,0,1,0,1,0,list3
540769,0,0,1,0,1,0,list3
540771,0,0,1,0,1,0,list3
540772,0,0,1,0,1,0,list3
540773,0,0,1,0,1,0,list3
540774,0,0,1,0,1,0,list3
540781,0,0,1,0,1,0,list3
540782,0,0,1,0,1,0,list3
540783,0,0,1,0,1,0,list3
540784,0,0,1,0,1,0,list3
540791,0,0,1,0,1,0,list3
540792,0,0,1,0,1,0,list3
540793,0,0,1,0,1,0,list3
540794,0,0,1,0,1,0,list3
540810,0,0,1,0,1,0,list3
540821,0,0,1,0,1,0,list3
540822,0,0,1,0,1,0,list3
540823,0,0,1,0,1,0,list3
540824,0,0,1,0,1,0,list3
540831,0,0,1,0,1,0,list3
540832,0,0,1,0,1,0,list3
540833,0,0,1,0,1,0,list3
540834,0,0,1,0,1,0,list3
550110,0,0,1,0,1,0,list3
550120,0,0,1,0,1,0,list3
550130,0,0,1,0,1,0,list3
550140,0,0,1,0,1,0,list3
550190,0,0,1,0,1,0,list3
550210,0,0,1,0,1,0,list3
550290,0,0,1,0,1,0,list3
550311,0,0,1,0,1,0,list3
550319,0,0,1,0,1,0,list3
550320,0,0,1,0,1,0,list3
550330,0,0,1,0,1,0,list3
550340,0,0,1,0,1,0,list3
550390,0,0,1,0,1,0,list3
550410,0,0,0,1,1,0,list4a
550490,0,0,1,0,1,0,list3
550510,0,0,1,0,1,0,list3
550520,0,0,1,0,1,0,list3
550610,0,0,1,0,1,0,list3
550620,0,0,1,0,1,0,list3
550630,0,0,1,0,1,0,list3
550640,0,0,1,0,1,0,list3
550690,0,0,1,0,1,0,list3
550700,0,0,1,0,1,0,list3
550810,0,0,1,0,1,0,list3
550820,0,0,1,0,1,0,list3
550911,0,0,1,0,1,0,list3
550912,0,0,1,0,1,0,list3
550921,0,0,1,0,1,0,list3
550922,0,0,1,0,1,0,list3
550931,0,0,1,0,1,0,list3
550932,0,0,1,0,1,0,list3
550941,0,0,1,0,1,0,list3
550942,0,0,1,0,1,0,list3
550951,0,0,1,0,1,0,list3
550952,0,0,1,0,1,0,list3
550953,0,0,1,0,1,0,list3
550959,0,0,1,0,1,0,list3
550961,0,0,1,0,1,0,list3
550962,0,0,1,0,1,0,list3
550969,0,0,1,0,1,0,list3
550991,0,0,1,0,1,0,list3
550992,0,0,1,0,1,0,list3
550999,0,0,1,0,1,0,list3
551011,0,0,1,0,1,0,list3
551012,0,0,1,0,1,0,list3
551020,0,0,1,0,1,0,list3
551030,0,0,1,0,1,0,list3
551090,0,0,1,0,1,0,list3
551110,0,0,1,0,1,0,list3
551120,0,0,1,0,1,0,list3
551130,0,0,1,0,1,0,list3
551211,0,0,1,0,1,0,list3
551219,0,0,1,0,1,0,list3
551221,0,0,1,0,1,0,list3
551229,0,0,1,0,1,0,list3
551291,0,0,1,0,1,0,list3
551299,0,0,1,0,1,0,list3
551311,0,0,1,0,1,0,list3
551312,0,0,1,0,1,0,list3
551313,0,0,1,0,1,0,list3
551319,0,0,1,0,1,0,list3
551323,0,0,1,0,1,0,list3
551329,0,0,1,0,1,0,list3
551331,0,0,1,0,1,0,list3
551339,0,0,1,0,1,0,list3
551341,0,0,1,0,1,0,list3
551349,0,0,1,0,1,0,list3
551411,0,0,1,0,1,0,list3
551412,0,0,1,0,1,0,list3
551419,0,0,1,0,1,0,list3
551421,0,0,1,0,1,0,list3
551422,0,0,1,0,1,0,list3
551423,0,0,1,0,1,0,list3
551429,0,0,1,0,1,0,list3
551430,0,0,1,0,1,0,list3
551441,0,0,1,0,1,0,list3
551442,0,0,1,0,1,0,list3
551443,0,0,1,0,1,0,list3
551449,0,0,1,0,1,0,list3
551511,0,0,1,0,1,0,list3
551512,0,0,1,0,1,0,list3
551513,0,0,1,0,1,0,list3
551519,0,0,1,0,1,0,list3
551521,0,0,1,0,1,0,list3
551522,0,0,1,0,1,0,list3
551529,0,0,1,0,1,0,list3
551591,0,0,1,0,1,0,list3
551599,0,0,1,0,1,0,list3
551611,0,0,1,0,1,0,list3
551612,0,0,1,0,1,0,list3
551613,0,0,1,0,1,0,list3
551614,0,0,1,0,1,0,list3
551621,0,0,1,0,1,0,list3
551622,0,0,1,0,1,0,list3
551623,0,0,1,0,1,0,list3
551624,0,0,1,0,1,0,list3
551631,0,0,1,0,1,0,list3
551632,0,0,1,0,1,0,list3
551633,0,0,1,0,1,0,list3
551634,0,0,1,0,1,0,list3
551641,0,0,1,0,1,0,list3
551642,0,0,1,0,1,0,list3
551643,0,0,1,0,1,0,list3
551644,0,0,1,0,1,0,list3
551691,0,0,1,0,1,0,list3
551692,0,0,1,0,1,0,list3
551693,0,0,1,0,1,0,list3
551694,0,0,1,0,1,0,list3
560121,0,0,1,0,1,0,list3
560122,0,0,1,0,1,0,list3
560129,0,0,1,0,1,0,list3
560130,0,0,1,0,1,0,list3
560210,0,0,1,0,1,0,list3
560221,0,0,1,0,1,0,list3
560229,0,0,1,0,1,0,list3
560290,0,0,1,0,1,0,list3
560311,0,0,1,0,1,0,list3
560312,0,0,1,0,1,0,list3
560313,0,0,1,0,1,0,list3
560314,0,0,1,0,1,0,list3
560391,0,0,1,0,1,0,list3
560392,0,0,1,0,1,0,list3
560393,0,0,1,0,1,0,list3
560394,0,0,1,0,1,0,list3
560410,0,0,1,0,1,0,list3
560490,0,0,1,0,1,0,list3
560500,0,0,1,0,1,0,list3
560600,0,0,1,0,1,0,list3
560721,0,0,1,0,1,0,list3
560729,0,0,1,0,1,0,list3
560741,0,0,1,0,1,0,list3
560749,0,0,1,0,1,0,list3
560750,0,0,1,0,1,0,list3
560790,0,0,1,0,1,0,list3
560811,0,0,1,0,1,0,list3
560819,0,0,1,0,1,0,list3
560890,0,0,1,0,1,0,list3
560900,0,0,1,0,1,0,list3
570110,0,0,1,0,1,0,list3
570190,0,0,1,0,1,0,list3
570210,0,0,1,0,1,0,list3
570220,0,0,1,0,1,0,list3
570231,0,0,1,0,1,0,list3
570232,0,0,1,0,1,0,list3
570239,0,0,1,0,1,0,list3
570241,0,0,1,0,1,0,list3
570242,0,0,1,0,1,0,list3
570249,0,0,1,0,1,0,list3
570250,0,0,1,0,1,0,list3
570291,0,0,1,0,1,0,list3
570292,0,0,1,0,1,0,list3
570299,0,0,1,0,1,0,list3
570310,0,0,1,0,1,0,list3
570320,0,0,1,0,1,0,list3
570330,0,0,1,0,1,0,list3
570390,0,0,1,0,1,0,list3
570410,0,0,1,0,1,0,list3
570420,0,0,1,0,1,0,list3
570490,0,0,1,0,1,0,list3
570500,0,0,1,0,1,0,list3
580110,0,0,1,0,1,0,list3
580121,0,0,1,0,1,0,list3
580122,0,0,1,0,1,0,list3
580123,0,0,1,0,1,0,list3
580126,0,0,1,0,1,0,list3
580127,0,0,1,0,1,0,list3
580133,0,0,0,1,1,0,list4a
580136,0,0,0,1,1,0,list4a
580137,0,0,1,0,1,0,list3
580190,0,0,1,0,1,0,list3
580211,0,0,1,0,1,0,list3
580219,0,0,1,0,1,0,list3
580220,0,0,1,0,1,0,list3
580230,0,0,1,0,1,0,list3
580300,0,0,1,0,1,0,list3
580410,0,0,1,0,1,0,list3
580421,0,0,1,0,1,0,list3
580429,0,0,1,0,1,0,list3
580430,0,0,1,0,1,0,list3
580500,0,0,1,0,1,0,list3
580610,0,0,1,0,1,0,list3
580620,0,0,1,0,1,0,list3
580631,0,0,1,0,1,0,list3
580632,0,0,1,0,1,0,list3
580639,0,0,1,0,1,0,list3
580640,0,0,1,0,1,0,list3
580710,0,0,1,0,1,0,list3
580790,0,0,1,0,1,0,list3
580810,0,0,1,0,1,0,list3
580890,0,0,1,0,1,0,list3
580900,0,0,1,0,1,0,list3
581010,0,0,1,0,1,0,list3
581091,0,0,1,0,1,0,list3
581092,0,0,1,0,1,0,list3
581099,0,0,1,0,1,0,list3
581100,0,0,1,0,1,0,list3
590110,0,0,1,0,1,0,list3
590190,0,0,1,0,1,0,list3
590210,0,0,1,0,1,0,list3
590220,0,0,1,0,1,0,list3
590290,0,0,1,0,1,0,list3
590310,0,0,1,1,2,1,list3
590320,0,0,1,0,1,0,list3
590390,0,0,1,0,1,0,list3
590410,0,0,1,0,1,0,list3
590490,0,0,1,0,1,0,list3
590500,0,0,1,0,1,0,list3
590610,0,0,1,0,1,0,list3
590691,0,0,1,0,1,0,list3
590699,0,0,1,0,1,0,list3
590700,0,0,1,0,1,0,list3
590800,0,0,1,0,1,0,list3
590900,0,0,1,0,1,0,list3
591000,0,0,1,0,1,0,list3
591110,0,0,1,0,1,0,list3
591120,0,0,1,0,1,0,list3
591131,0,0,1,0,1,0,list3
591132,0,0,1,0,1,0,list3
591140,0,0,1,0,1,0,list3
591190,0,0,1,0,1,0,list3
600110,0,0,1,0,1,0,list3
600121,0,0,1,0,1,0,list3
600129,0,0,1,0,1,0,list3
600191,0,0,1,0,1,0,list3
600192,0,0,1,0,1,0,list3
600199,0,0,1,0,1,0,list3
600240,0,0,1,0,1,0,list3
600290,0,0,1,0,1,0,list3
600310,0,0,1,0,1,0,list3
600320,0,0,1,0,1,0,list3
600330,0,0,1,0,1,0,list3
600340,0,0,1,0,1,0,list3
600390,0,0,1,0,1,0,list3
600410,0,0,1,0,1,0,list3
600490,0,0,1,0,1,0,list3
600521,0,0,1,0,1,0,list3
600522,0,0,1,0,1,0,list3
600523,0,0,1,0,1,0,list3
600524,0,0,1,0,1,0,list3
600535,0,0,0,1,1,0,list4a
600536,0,0,1,0,1,0,list3
600537,0,0,1,0,1,0,list3
600538,0,0,1,0,1,0,list3
600539,0,0,1,0,1,0,list3
600542,0,0,1,0,1,0,list3
600543,0,0,1,0,1,0,list3
600544,0,0,1,0,1,0,list3
600590,0,0,1,0,1,0,list3
600610,0,0,1,0,1,0,list3
600621,0,0,1,0,1,0,list3
600622,0,0,1,0,1,0,list3
600623,0,0,1,0,1,0,list3
600624,0,0,1,0,1,0,list3
600631,0,0,1,0,1,0,list3
600632,0,0,1,0,1,0,list3
600633,0,0,1,0,1,0,list3
600634,0,0,1,0,1,0,list3
600642,0,0,1,0,1,0,list3
600643,0,0,1,0,1,0,list3
600644,0,0,1,0,1,0,list3
600690,0,0,1,0,1,0,list3
610120,0,0,0,1,1,0,list4a
610130,0,0,0,1,1,0,list4a
610190,0,0,0,1,1,0,list4a
610210,0,0,0,1,1,0,list4a
610220,0,0,0,1,1,0,list4a
610230,0,0,0,1,1,0,list4a
610290,0,0,0,1,1,0,list4a
610310,0,0,0,1,1,0,list4a
610322,0,0,0,1,1,0,list4a
610323,0,0,0,1,1,0,list4a
610329,0,0,0,1,1,0,list4a
610331,0,0,0,1,1,0,list4a
610332,0,0,0,1,1,0,list4a
610333,0,0,0,1,1,0,list4a
610339,0,0,0,1,1,0,list4a
610341,0,0,0,1,1,0,list4a
610342,0,0,0,1,1,0,list4a
610343,0,0,0,1,1,0,list4a
610349,0,0,0,1,1,0,list4a
610413,0,0,0,1,1,0,list4a
610419,0,0,0,1,1,0,list4a
610422,0,0,0,1,1,0,list4a
610423,0,0,0,1,1,0,list4a
610429,0,0,0,1,1,0,list4a
610431,0,0,0,1,1,0,list4a
610432,0,0,0,1,1,0,list4a
610433,0,0,0,1,1,0,list4a
610439,0,0,0,1,1,0,list4a
610441,0,0,0,1,1,0,list4a
610442,0,0,0,1,1,0,list4a
610443,0,0,0,1,1,0,list4a
610444,0,0,0,1,1,0,list4a
610449,0,0,0,1,1,0,list4a
610451,0,0,0,1,1,0,list4a
610452,0,0,0,1,1,0,list4a
610453,0,0,0,1,1,0,list4a
610459,0,0,0,1,1,0,list4a
610461,0,0,0,1,1,0,list4a
610462,0,0,0,1,1,0,list4a
610463,0,0,0,1,1,0,list4a
610469,0,0,0,1,1,0,list4a
610510,0,0,0,1,1,0,list4a
610520,0,0,0,1,1,0,list4a
610590,0,0,0,1,1,0,list4a
610610,0,0,0,1,1,0,list4a
610620,0,0,0,1,1,0,list4a
610690,0,0,0,1,1,0,list4a
610711,0,0,0,1,1,0,list4a
610712,0,0,0,1,1,0,list4a
610719,0,0,0,1,1,0,list4a
610721,0,0,0,1,1,0,list4a
610722,0,0,0,1,1,0,list4a
610729,0,0,0,1,1,0,list4a
610791,0,0,0,1,1,0,list4a
610799,0,0,0,1,1,0,list4a
610811,0,0,0,1,1,0,list4a
610819,0,0,0,1,1,0,list4a
610821,0,0,0,1,1,0,list4a
610822,0,0,0,1,1,0,list4a
610829,0,0,0,1,1,0,list4a
610831,0,0,0,1,1,0,list4a
610832,0,0,0,1,1,0,list4a
610891,0,0,0,1,1,0,list4a
610892,0,0,0,1,1,0,list4a
610899,0,0,0,1,1,0,list4a
610910,0,0,0,1,1,0,list4a
610990,0,0,0,1,1,0,list4a
611011,0,0,0,1,1,0,list4a
611012,0,0,0,1,1,0,list4a
611019,0,0,0,1,1,0,list4a
611020,0,0,0,1,1,0,list4a
611030,0,0,0,1,1,0,list4a
611090,0,0,0,1,1,0,list4a
611120,0,0,0,1,1,0,list4a
611130,0,0,0,1,1,0,list4a
611190,0,0,0,1,1,0,list4a
611211,0,0,0,1,1,0,list4a
611212,0,0,0,1,1,0,list4a
611219,0,0,0,1,1,0,list4a
611220,0,0,0,1,1,0,list4a
611231,0,0,0,1,1,0,list4a
611239,0,0,0,1,1,0,list4a
611241,0,0,0,1,1,0,list4a
611249,0,0,0,1,1,0,list4a
611300,0,0,0,1,1,0,list4a
611420,0,0,0,1,1,0,list4a
611430,0,0,0,1,1,0,list4a
611490,0,0,0,1,1,0,list4a
611510,0,0,0,1,1,0,list4a
611521,0,0,0,1,1,0,list4a
611529,0,0,0,1,1,0,list4a
611530,0,0,0,1,1,0,list4a
611594,0,0,0,1,1,0,list4a
611595,0,0,0,1,1,0,list4a
611596,0,0,0,1,1,0,list4a
611599,0,0,0,1,1,0,list4a
611610,0,0,0,1,1,0,list4a
611691,0,0,0,1,1,0,list4a
611692,0,0,0,1,1,0,list4a
611693,0,0,0,1,1,0,list4a
611699,0,0,0,1,1,0,list4a
611710,0,0,0,1,1,0,list4a
611780,0,0,0,1,1,0,list4a
611790,0,0,0,1,1,0,list4a
620111,0,0,0,1,1,0,list4a
620112,0,0,0,1,1,0,list4a
620113,0,0,0,1,1,0,list4a
620119,0,0,0,1,1,0,list4a
620191,0,0,0,1,1,0,list4a
620192,0,0,0,1,1,0,list4a
620193,0,0,0,1,1,0,list4a
620199,0,0,0,1,1,0,list4a
620211,0,0,0,1,1,0,list4a
620212,0,0,0,1,1,0,list4a
620213,0,0,0,1,1,0,list4a
620219,0,0,0,1,1,0,list4a
620291,0,0,0,1,1,0,list4a
620292,0,0,0,1,1,0,list4a
620293,0,0,0,1,1,0,list4a
620299,0,0,0,1,1,0,list4a
620311,0,0,0,1,1,0,list4a
620312,0,0,0,1,1,0,list4a
620319,0,0,0,1,1,0,list4a
620322,0,0,0,1,1,0,list4a
620329,0,0,0,1,1,0,list4a
620331,0,0,0,1,1,0,list4a
620332,0,0,0,1,1,0,list4a
620333,0,0,0,1,1,0,list4a
620339,0,0,0,1,1,0,list4a
620341,0,0,0,1,1,0,list4a
620342,0,0,0,1,1,0,list4a
620343,0,0,0,1,1,0,list4a
620349,0,0,0,1,1,0,list4a
620411,0,0,0,1,1,0,list4a
620412,0,0,0,1,1,0,list4a
620413,0,0,0,1,1,0,list4a
620419,0,0,0,1,1,0,list4a
620421,0,0,0,1,1,0,list4a
620422,0,0,0,1,1,0,list4a
620423,0,0,0,1,1,0,list4a
620429,0,0,0,1,1,0,list4a
620431,0,0,0,1,1,0,list4a
620432,0,0,0,1,1,0,list4a
620433,0,0,0,1,1,0,list4a
620439,0,0,0,1,1,0,list4a
620441,0,0,0,1,1,0,list4a
620442,0,0,0,1,1,0,list4a
620443,0,0,0,1,1,0,list4a
620444,0,0,0,1,1,0,list4a
620449,0,0,0,1,1,0,list4a
620451,0,0,0,1,1,0,list4a
620452,0,0,0,1,1,0,list4a
620453,0,0,0,1,1,0,list4a
620459,0,0,0,1,1,0,list4a
620461,0,0,0,1,1,0,list4a
620462,0,0,0,1,1,0,list4a
620463,0,0,0,1,1,0,list4a
620469,0,0,0,1,1,0,list4a
620520,0,0,0,1,1,0,list4a
620530,0,0,0,1,1,0,list4a
620590,0,0,0,1,1,0,list4a
620610,0,0,0,1,1,0,list4a
620620,0,0,0,1,1,0,list4a
620630,0,0,0,1,1,0,list4a
620640,0,0,0,1,1,0,list4a
620690,0,0,0,1,1,0,list4a
620711,0,0,0,1,1,0,list4a
620719,0,0,0,1,1,0,list4a
620721,0,0,0,1,1,0,list4a
620722,0,0,0,1,1,0,list4a
620729,0,0,0,1,1,0,list4a
620791,0,0,0,1,1,0,list4a
620799,0,0,0,1,1,0,list4a
620811,0,0,0,1,1,0,list4a
620819,0,0,0,1,1,0,list4a
620821,0,0,0,1,1,0,list4a
620822,0,0,0,1,1,0,list4a
620829,0,0,0,1,1,0,list4a
620891,0,0,0,1,1,0,list4a
620892,0,0,0,1,1,0,list4a
620899,0,0,0,1,1,0,list4a
620920,0,0,0,1,1,0,list4a
620930,0,0,0,1,1,0,list4a
620990,0,0,0,1,1,0,list4a
621010,0,0,0,1,1,0,list4a
621020,0,0,0,1,1,0,list4a
621030,0,0,0,1,1,0,list4a
621040,0,0,0,1,1,0,list4a
621050,0,0,0,1,1,0,list4a
621111,0,0,0,1,1,0,list4a
621112,0,0,0,1,1,0,list4a
621120,0,0,0,1,1,0,list4a
621132,0,0,0,1,1,0,list4a
621133,0,0,0,1,1,0,list4a
621139,0,0,0,1,1,0,list4a
621142,0,0,0,1,1,0,list4a
621143,0,0,0,1,1,0,list4a
621149,0,0,0,1,1,0,list4a
621210,0,0,0,1,1,0,list4a
621220,0,0,0,1,1,0,list4a
621230,0,0,0,1,1,0,list4a
621290,0,0,0,1,1,0,list4a
621320,0,0,0,1,1,0,list4a
621390,0,0,0,1,1,0,list4a
621410,0,0,0,1,1,0,list4a
621420,0,0,0,1,1,0,list4a
621440,0,0,0,1,1,0,list4a
621490,0,0,0,1,1,0,list4a
621510,0,0,0,1,1,0,list4a
621600,0,0,0,1,1,0,list4a
621710,0,0,0,1,1,0,list4a
621790,0,0,0,1,1,0,list4a
630120,0,0,0,1,1,0,list4a
630130,0,0,0,1,1,0,list4a
630210,0,0,0,1,1,0,list4a
630221,0,0,0,1,1,0,list4a
630229,0,0,0,1,1,0,list4a
630231,0,0,0,1,1,0,list4a
630239,0,0,0,1,1,0,list4a
630240,0,0,0,1,1,0,list4a
630251,0,0,0,1,1,0,list4a
630253,0,0,0,1,1,0,list4a
630259,0,0,0,1,1,0,list4a
630260,0,0,0,1,1,0,list4a
630291,0,0,0,1,1,0,list4a
630299,0,0,0,1,1,0,list4a
630312,0,0,0,1,1,0,list4a
630319,0,0,0,1,1,0,list4a
630391,0,0,0,1,1,0,list4a
630392,0,0,0,1,1,0,list4a
630399,0,0,0,1,1,0,list4a
630411,0,0,0,1,1,0,list4a
630419,0,0,0,1,1,0,list4a
630420,0,0,0,1,1,0,list4a
630491,0,0,0,1,1,0,list4a
630492,0,0,0,1,1,0,list4a
630499,0,0,0,1,1,0,list4a
630510,0,0,0,1,1,0,list4a
630520,0,0,0,1,1,0,list4a
630532,0,0,0,1,1,0,list4a
630533,0,0,0,1,1,0,list4a
630539,0,0,0,1,1,0,list4a
630590,0,0,0,1,1,0,list4a
630619,0,0,0,1,1,0,list4a
630622,0,0,0,1,1,0,list4a
630630,0,0,0,1,1,0,list4a
630640,0,0,0,1,1,0,list4a
630710,0,0,0,1,1,0,list4a
630790,0,0,0,1,1,0,list4a
630800,0,0,0,1,1,0,list4a
630900,0,0,0,1,1,0,list4a
631010,0,0,0,1,1,0,list4a
631090,0,0,0,1,1,0,list4a
640110,0,0,0,1,1,0,list4a
640192,0,0,0,1,1,0,list4a
640199,0,0,0,1,1,0,list4a
640212,0,0,0,1,1,0,list4a
640219,0,0,0,1,1,0,list4a
640291,0,0,0,1,1,0,list4a
640299,0,0,0,1,1,0,list4a
640312,0,0,0,1,1,0,list4a
640319,0,0,0,1,1,0,list4a
640320,0,0,0,1,1,0,list4a
640340,0,0,0,1,1,0,list4a
640351,0,0,0,1,1,0,list4a
640359,0,0,0,1,1,0,list4a
640391,0,0,0,1,1,0,list4a
640399,0,0,0,1,1,0,list4a
640411,0,0,0,1,1,0,list4a
640419,0,0,0,1,1,0,list4a
640420,0,0,0,1,1,0,list4a
640510,0,0,0,1,1,0,list4a
640520,0,0,0,1,1,0,list4a
640590,0,0,0,1,1,0,list4a
640610,0,0,0,1,1,0,list4a
640620,0,0,0,1,1,0,list4a
640690,0,0,0,1,1,0,list4a
650100,0,0,1,0,1,0,list3
650200,0,0,1,0,1,0,list3
650400,0,0,1,0,1,0,list3
650500,0,0,1,1,2,1,list3
650610,0,0,0,1,1,0,list4a
650691,0,0,1,0,1,0,list3
650699,0,0,1,0,1,0,list3
650700,0,0,1,0,1,0,list3
660200,0,0,0,1,1,0,list4a
660390,0,0,0,1,1,0,list4a
670100,0,0,1,0,1,0,list3
670290,0,0,0,1,1,0,list4a
670300,0,0,0,1,1,0,list4a
670411,0,0,0,1,1,0,list4a
670419,0,0,0,1,1,0,list4a
670490,0,0,0,1,1,0,list4a
680100,0,0,1,0,1,0,list3
680210,0,0,1,0,1,0,list3
680221,0,0,1,0,1,0,list3
680223,0,0,1,0,1,0,list3
680229,0,0,1,0,1,0,list3
680291,0,0,1,0,1,0,list3
680292,0,0,1,0,1,0,list3
680293,0,0,1,0,1,0,list3
680299,0,0,1,0,1,0,list3
680300,0,0,1,0,1,0,list3
680410,0,0,1,0,1,0,list3
680421,0,0,1,0,1,0,list3
680422,0,0,1,0,1,0,list3
680423,0,0,1,0,1,0,list3
680430,0,0,1,0,1,0,list3
680510,0,0,1,0,1,0,list3
680520,0,0,1,0,1,0,list3
680530,0,0,1,0,1,0,list3
680610,0,0,1,0,1,0,list3
680620,0,0,1,0,1,0,list3
680690,0,0,1,0,1,0,list3
680710,0,0,1,0,1,0,list3
680790,0,0,1,0,1,0,list3
680800,0,0,1,0,1,0,list3
680911,0,0,1,0,1,0,list3
680919,0,0,1,0,1,0,list3
680990,0,0,1,0,1,0,list3
681011,0,0,1,0,1,0,list3
681019,0,0,1,0,1,0,list3
681091,0,0,1,0,1,0,list3
681099,0,0,1,0,1,0,list3
681140,0,0,1,0,1,0,list3
681181,0,0,1,0,1,0,list3
681182,0,0,1,0,1,0,list3
681189,0,0,1,0,1,0,list3
681280,0,0,1,0,1,0,list3
681291,0,0,1,0,1,0,list3
681292,0,0,1,0,1,0,list3
681293,0,0,1,0,1,0,list3
681299,0,0,1,0,1,0,list3
681320,0,0,1,0,1,0,list3
681381,0,0,1,0,1,0,list3
681389,0,0,1,0,1,0,list3
681410,0,0,1,0,1,0,list3
681490,0,0,1,0,1,0,list3
681510,0,0,1,0,1,0,list3
681520,0,0,1,0,1,0,list3
681591,0,0,1,0,1,0,list3
681599,0,0,1,0,1,0,list3
690100,0,0,1,0,1,0,list3
690210,0,0,1,0,1,0,list3
690220,0,0,1,0,1,0,list3
690290,0,0,1,0,1,0,list3
690310,0,0,1,0,1,0,list3
690320,0,0,1,0,1,0,list3
690390,0,0,1,0,1,0,list3
690410,0,0,1,0,1,0,list3
690490,0,0,1,0,1,0,list3
690510,0,0,1,0,1,0,list3
690590,0,0,1,0,1,0,list3
690600,0,0,1,0,1,0,list3
690721,0,0,1,0,1,0,list3
690722,0,0,1,0,1,0,list3
690723,0,0,1,0,1,0,list3
690730,0,0,1,0,1,0,list3
690740,0,0,1,0,1,0,list3
690911,0,0,1,0,1,0,list3
690912,0,0,1,0,1,0,list3
690919,0,0,1,0,1,0,list3
690990,0,0,1,0,1,0,list3
691090,0,0,0,1,1,0,list4a
691110,0,0,0,1,1,0,list4a
691190,0,0,0,1,1,0,list4a
691200,0,0,0,1,1,0,list4a
691310,0,0,0,1,1,0,list4a
691390,0,0,0,1,1,0,list4a
691410,0,0,1,0,1,0,list3
691490,0,0,1,0,1,0,list3
700100,0,0,1,0,1,0,list3
700210,0,0,1,0,1,0,list3
700220,0,1,1,0,2,1,list2
700231,0,0,1,0,1,0,list3
700232,0,0,1,0,1,0,list3
700239,0,0,1,0,1,0,list3
700312,0,0,1,0,1,0,list3
700319,0,0,1,0,1,0,list3
700320,0,0,1,0,1,0,list3
700330,0,0,1,0,1,0,list3
700420,0,0,1,0,1,0,list3
700490,0,0,1,0,1,0,list3
700510,0,0,1,0,1,0,list3
700521,0,0,1,0,1,0,list3
700529,0,0,1,0,1,0,list3
700530,0,0,1,0,1,0,list3
700600,0,0,1,0,1,0,list3
700711,0,0,1,0,1,0,list3
700719,0,0,1,0,1,0,list3
700721,0,0,1,0,1,0,list3
700729,0,0,1,0,1,0,list3
700800,0,0,1,0,1,0,list3
700910,0,0,1,0,1,0,list3
700991,0,0,1,0,1,0,list3
700992,0,0,1,0,1,0,list3
701010,0,0,1,0,1,0,list3
701020,0,0,1,0,1,0,list3
701090,0,0,1,0,1,0,list3
701110,0,0,1,0,1,0,list3
701120,0,0,1,0,1,0,list3
701190,0,0,1,0,1,0,list3
701310,0,0,0,1,1,0,list4a
701322,0,0,0,1,1,0,list4a
701328,0,0,0,1,1,0,list4a
701333,0,0,0,1,1,0,list4a
701337,0,0,0,1,1,0,list4a
701341,0,0,0,1,1,0,list4a
701342,0,0,0,1,1,0,list4a
701349,0,0,0,1,1,0,list4a
701391,0,0,0,1,1,0,list4a
701399,0,0,0,1,1,0,list4a
701400,0,0,1,0,1,0,list3
701510,0,0,0,1,1,0,list4a
701590,0,0,0,1,1,0,list4a
701610,0,0,1,0,1,0,list3
701690,0,0,1,0,1,0,list3
701710,0,0,1,0,1,0,list3
701720,0,0,1,0,1,0,list3
701790,0,0,1,0,1,0,list3
701810,0,0,1,0,1,0,list3
701820,0,0,1,0,1,0,list3
701890,0,0,1,1,2,1,list3
701911,0,0,1,0,1,0,list3
701912,0,0,1,0,1,0,list3
701919,0,0,1,0,1,0,list3
701931,0,0,1,0,1,0,list3
701932,0,0,1,0,1,0,list3
701939,0,0,1,0,1,0,list3
701940,0,0,1,1,2,1,list3
701951,0,0,1,0,1,0,list3
701952,0,0,1,0,1,0,list3
701959,0,0,1,0,1,0,list3
701990,0,0,1,0,1,0,list3
702000,0,0,1,0,1,0,list3
710110,0,0,0,1,1,0,list4a
710121,0,0,0,1,1,0,list4a
710122,0,0,0,1,1,0,list4a
710210,0,0,0,1,1,0,list4a
710221,0,0,1,0,1,0,list3
710229,0,0,1,0,1,0,list3
710231,0,0,0,1,1,0,list4a
710239,0,0,0,1,1,0,list4a
710310,0,0,0,1,1,0,list4a
710391,0,0,0,1,1,0,list4a
710399,0,0,0,1,1,0,list4a
710410,0,0,0,1,1,0,list4a
710420,0,0,0,1,1,0,list4a
710490,0,0,0,1,1,0,list4a
710510,0,0,1,0,1,0,list3
710590,0,0,1,0,1,0,list3
710610,0,0,1,0,1,0,list3
710691,0,0,1,0,1,0,list3
710692,0,0,1,0,1,0,list3
710700,0,0,1,0,1,0,list3
710811,0,0,1,0,1,0,list3
710812,0,0,1,0,1,0,list3
710813,0,0,1,0,1,0,list3
710820,0,0,1,0,1,0,list3
710900,0,0,1,0,1,0,list3
711011,0,0,1,0,1,0,list3
711019,0,0,1,0,1,0,list3
711021,0,0,1,0,1,0,list3
711029,0,0,1,0,1,0,list3
711031,0,0,1,0,1,0,list3
711039,0,0,1,0,1,0,list3
711041,0,0,1,0,1,0,list3
711049,0,0,1,0,1,0,list3
711100,0,0,1,0,1,0,list3
711230,0,0,1,0,1,0,list3
711291,0,0,1,0,1,0,list3
711292,0,0,1,0,1,0,list3
711299,0,0,1,0,1,0,list3
711311,0,0,0,1,1,0,list4a
711319,0,0,0,1,1,0,list4a
711320,0,0,0,1,1,0,list4a
711411,0,0,1,0,1,0,list3
711419,0,0,1,0,1,0,list3
711420,0,0,1,0,1,0,list3
711510,0,0,1,0,1,0,list3
711590,0,0,1,0,1,0,list3
711610,0,0,0,1,1,0,list4a
711620,0,0,0,1,1,0,list4a
711711,0,0,0,1,1,0,list4a
711719,0,0,0,1,1,0,list4a
711790,0,0,0,1,1,0,list4a
711810,0,0,0,1,1,0,list4a
711890,0,0,0,1,1,0,list4a
720110,0,0,1,0,1,0,list3
720120,0,0,1,0,1,0,list3
720150,0,0,1,0,1,0,list3
720211,0,0,1,0,1,0,list3
720219,0,0,1,0,1,0,list3
720221,0,0,1,0,1,0,list3
720229,0,0,1,0,1,0,list3
720230,0,0,1,0,1,0,list3
720241,0,0,1,0,1,0,list3
720249,0,0,1,0,1,0,list3
720250,0,0,1,0,1,0,list3
720280,0,0,1,0,1,0,list3
720291,0,0,1,0,1,0,list3
720292,0,0,1,0,1,0,list3
720299,0,0,1,0,1,0,list3
720310,0,0,1,0,1,0,list3
720390,0,0,1,0,1,0,list3
720410,0,0,1,0,1,0,list3
720421,0,0,1,0,1,0,list3
720429,0,0,1,0,1,0,list3
720430,0,0,1,0,1,0,list3
720441,0,0,1,0,1,0,list3
720449,0,0,1,0,1,0,list3
720450,0,0,1,0,1,0,list3
720510,0,0,1,0,1,0,list3
720521,0,0,1,0,1,0,list3
720529,0,0,1,0,1,0,list3
720610,0,0,0,1,1,0,list4a
720690,0,0,0,1,1,0,list4a
720711,0,0,0,1,1,0,list4a
720712,0,0,0,1,1,0,list4a
720719,0,0,0,1,1,0,list4a
720720,0,0,0,1,1,0,list4a
720810,0,0,0,1,1,0,list4a
720825,0,0,0,1,1,0,list4a
720826,0,0,0,1,1,0,list4a
720827,0,0,0,1,1,0,list4a
720836,0,0,0,1,1,0,list4a
720837,0,0,0,1,1,0,list4a
720838,0,0,0,1,1,0,list4a
720839,0,0,0,1,1,0,list4a
720840,0,0,0,1,1,0,list4a
720851,0,0,0,1,1,0,list4a
720852,0,0,0,1,1,0,list4a
720853,0,0,0,1,1,0,list4a
720854,0,0,0,1,1,0,list4a
720890,0,0,0,1,1,0,list4a
720915,0,0,0,1,1,0,list4a
720916,0,0,0,1,1,0,list4a
720917,0,0,0,1,1,0,list4a
720918,0,0,0,1,1,0,list4a
720925,0,0,0,1,1,0,list4a
720926,0,0,0,1,1,0,list4a
720927,0,0,0,1,1,0,list4a
720928,0,0,0,1,1,0,list4a
720990,0,0,0,1,1,0,list4a
721011,0,0,0,1,1,0,list4a
721012,0,0,0,1,1,0,list4a
721030,0,0,0,1,1,0,list4a
721041,0,0,0,1,1,0,list4a
721049,0,0,0,1,1,0,list4a
721050,0,0,0,1,1,0,list4a
721061,0,0,0,1,1,0,list4a
721069,0,0,0,1,1,0,list4a
721070,0,0,0,1,1,0,list4a
721090,0,0,0,1,1,0,list4a
721113,0,0,0,1,1,0,list4a
721114,0,0,0,1,1,0,list4a
721119,0,0,0,1,1,0,list4a
721123,0,0,0,1,1,0,list4a
721129,0,0,0,1,1,0,list4a
721190,0,0,0,1,1,0,list4a
721210,0,0,0,1,1,0,list4a
721220,0,0,0,1,1,0,list4a
721230,0,0,0,1,1,0,list4a
721240,0,0,0,1,1,0,list4a
721250,0,0,0,1,1,0,list4a
721260,0,0,0,1,1,0,list4a
721310,0,0,0,1,1,0,list4a
721320,0,0,0,1,1,0,list4a
721391,0,0,0,1,1,0,list4a
721399,0,0,0,1,1,0,list4a
721420,0,0,0,1,1,0,list4a
721430,0,0,0,1,1,0,list4a
721491,0,0,0,1,1,0,list4a
721499,0,0,0,1,1,0,list4a
721510,0,0,0,1,1,0,list4a
721550,0,0,0,1,1,0,list4a
721590,0,0,0,1,1,0,list4a
721610,0,0,0,1,1,0,list4a
721621,0,0,0,1,1,0,list4a
721622,0,0,0,1,1,0,list4a
721631,0,0,0,1,1,0,list4a
721632,0,0,0,1,1,0,list4a
721633,0,0,0,1,1,0,list4a
721640,0,0,0,1,1,0,list4a
721650,0,0,0,1,1,0,list4a
721661,0,0,1,0,1,0,list3
721669,0,0,1,0,1,0,list3
721691,0,0,1,0,1,0,list3
721699,0,0,0,1,1,0,list4a
721710,0,0,0,1,1,0,list4a
721720,0,0,0,1,1,0,list4a
721730,0,0,0,1,1,0,list4a
721790,0,0,0,1,1,0,list4a
721810,0,0,0,1,1,0,list4a
721891,0,0,0,1,1,0,list4a
721899,0,0,0,1,1,0,list4a
721911,0,0,0,1,1,0,list4a
721912,0,0,0,1,1,0,list4a
721913,0,0,0,1,1,0,list4a
721914,0,0,0,1,1,0,list4a
721921,0,0,0,1,1,0,list4a
721922,0,0,0,1,1,0,list4a
721923,0,0,0,1,1,0,list4a
721924,0,0,0,1,1,0,list4a
721931,0,0,0,1,1,0,list4a
721932,0,0,0,1,1,0,list4a
721933,0,0,0,1,1,0,list4a
721934,0,0,0,1,1,0,list4a
721935,0,0,0,1,1,0,list4a
721990,0,0,0,1,1,0,list4a
722011,0,0,0,1,1,0,list4a
722012,0,0,0,1,1,0,list4a
722020,0,0,0,1,1,0,list4a
722090,0,0,0,1,1,0,list4a
722100,0,0,0,1,1,0,list4a
722211,0,0,0,1,1,0,list4a
722219,0,0,0,1,1,0,list4a
722220,0,0,0,1,1,0,list4a
722230,0,0,0,1,1,0,list4a
722240,0,0,0,1,1,0,list4a
722300,0,0,0,1,1,0,list4a
722410,0,0,0,1,1,0,list4a
722490,0,0,0,1,1,0,list4a
722511,0,0,0,1,1,0,list4a
722519,0,0,0,1,1,0,list4a
722530,0,0,0,1,1,0,list4a
722540,0,0,0,1,1,0,list4a
722550,0,0,0,1,1,0,list4a
722591,0,0,0,1,1,0,list4a
722592,0,0,0,1,1,0,list4a
722599,0,0,0,1,1,0,list4a
722611,0,0,0,1,1,0,list4a
722619,0,0,0,1,1,0,list4a
722620,0,0,0,1,1,0,list4a
722691,0,0,0,1,1,0,list4a
722692,0,0,0,1,1,0,list4a
722699,0,0,0,1,1,0,list4a
722710,0,0,0,1,1,0,list4a
722720,0,0,0,1,1,0,list4a
722790,0,0,0,1,1,0,list4a
722810,0,0,0,1,1,0,list4a
722820,0,0,0,1,1,0,list4a
722830,0,0,0,1,1,0,list4a
722840,0,0,0,1,1,0,list4a
722850,0,0,0,1,1,0,list4a
722860,0,0,0,1,1,0,list4a
722870,0,0,0,1,1,0,list4a
722880,0,0,0,1,1,0,list4a
722920,0,0,0,1,1,0,list4a
722990,0,0,0,1,1,0,list4a
730110,0,0,0,1,1,0,list4a
730120,0,0,1,0,1,0,list3
730210,0,0,0,1,1,0,list4a
730230,0,0,1,0,1,0,list3
730290,0,0,0,1,1,0,list4a
730300,0,0,1,0,1,0,list3
730411,0,0,0,1,1,0,list4a
730419,0,0,0,1,1,0,list4a
730422,0,0,0,1,1,0,list4a
730423,0,0,0,1,1,0,list4a
730424,0,0,0,1,1,0,list4a
730429,0,0,0,1,1,0,list4a
730431,0,0,0,1,1,0,list4a
730439,0,0,0,1,1,0,list4a
730441,0,0,0,1,1,0,list4a
730449,0,0,0,1,1,0,list4a
730451,0,0,0,1,1,0,list4a
730459,0,0,0,1,1,0,list4a
730490,0,0,0,1,1,0,list4a
730511,0,0,0,1,1,0,list4a
730512,0,0,0,1,1,0,list4a
730519,0,0,0,1,1,0,list4a
730520,0,0,0,1,1,0,list4a
730531,0,0,0,1,1,0,list4a
730539,0,0,0,1,1,0,list4a
730590,0,0,0,1,1,0,list4a
730611,0,0,0,1,1,0,list4a
730619,0,0,0,1,1,0,list4a
730621,0,0,0,1,1,0,list4a
730629,0,0,0,1,1,0,list4a
730630,0,0,0,1,1,0,list4a
730640,0,0,0,1,1,0,list4a
730650,0,0,0,1,1,0,list4a
730661,0,0,0,1,1,0,list4a
730669,0,0,0,1,1,0,list4a
730690,0,0,0,1,1,0,list4a
730711,0,0,1,0,1,0,list3
730719,0,0,1,0,1,0,list3
730721,0,0,1,0,1,0,list3
730722,0,0,1,0,1,0,list3
730723,0,0,1,0,1,0,list3
730729,0,0,1,0,1,0,list3
730791,0,0,1,0,1,0,list3
730792,0,0,1,0,1,0,list3
730793,0,0,1,0,1,0,list3
730799,0,0,1,0,1,0,list3
730810,0,1,0,0,1,0,list2
730820,0,1,0,0,1,0,list2
730830,0,0,1,0,1,0,list3
730840,0,0,1,0,1,0,list3
730890,0,1,0,0,1,0,list2
730900,0,0,1,0,1,0,list3
731010,0,0,1,0,1,0,list3
731021,0,0,1,0,1,0,list3
731029,0,0,1,0,1,0,list3
731100,0,0,1,0,1,0,list3
731210,0,0,1,0,1,0,list3
731290,0,0,1,0,1,0,list3
731300,0,0,1,0,1,0,list3
731412,0,0,1,0,1,0,list3
731414,0,0,1,0,1,0,list3
731419,0,0,1,0,1,0,list3
731420,0,0,1,0,1,0,list3
731431,0,0,1,0,1,0,list3
731439,0,0,1,0,1,0,list3
731441,0,0,1,0,1,0,list3
731442,0,0,1,0,1,0,list3
731449,0,0,1,0,1,0,list3
731450,0,0,1,0,1,0,list3
731511,0,0,1,0,1,0,list3
731512,0,0,1,0,1,0,list3
731519,0,0,1,0,1,0,list3
731520,0,0,1,0,1,0,list3
731581,0,0,1,0,1,0,list3
731582,0,0,1,0,1,0,list3
731589,0,0,1,0,1,0,list3
731590,0,0,1,0,1,0,list3
731600,0,0,1,0,1,0,list3
731700,0,0,1,1,2,1,list3
731811,0,0,1,0,1,0,list3
731812,0,0,1,0,1,0,list3
731813,0,0,1,0,1,0,list3
731814,0,0,1,0,1,0,list3
731815,0,0,1,0,1,0,list3
731816,0,0,0,1,1,0,list4a
731819,0,0,1,0,1,0,list3
731821,0,0,1,0,1,0,list3
731822,0,0,1,0,1,0,list3
731823,0,0,1,0,1,0,list3
731824,0,0,1,0,1,0,list3
731829,0,0,1,0,1,0,list3
731940,0,0,0,1,1,0,list4a
731990,0,0,0,1,1,0,list4a
732010,0,0,1,0,1,0,list3
732020,0,0,0,1,1,0,list4a
732090,0,0,1,0,1,0,list3
732111,0,0,1,0,1,0,list3
732181,0,0,0,1,1,0,list4a
732182,0,0,0,1,1,0,list4a
732189,0,0,0,1,1,0,list4a
732190,0,0,1,0,1,0,list3
732211,0,0,1,0,1,0,list3
732219,0,0,1,0,1,0,list3
732290,0,0,1,0,1,0,list3
732310,0,0,1,0,1,0,list3
732391,0,0,0,1,1,0,list4a
732392,0,0,0,1,1,0,list4a
732394,0,0,0,1,1,0,list4a
732399,0,0,1,1,2,1,list3
732410,0,0,1,0,1,0,list3
732421,0,0,1,0,1,0,list3
732429,0,0,0,1,1,0,list4a
732490,0,0,1,0,1,0,list3
732510,0,0,1,0,1,0,list3
732591,0,0,1,0,1,0,list3
732599,0,0,1,0,1,0,list3
732611,0,0,1,0,1,0,list3
732619,0,0,1,0,1,0,list3
732620,0,0,1,0,1,0,list3
732690,0,0,1,0,1,0,list3
740200,0,0,1,0,1,0,list3
740311,0,0,1,0,1,0,list3
740312,0,0,1,0,1,0,list3
740313,0,0,1,0,1,0,list3
740319,0,0,1,0,1,0,list3
740321,0,0,1,0,1,0,list3
740322,0,0,1,0,1,0,list3
740329,0,0,1,0,1,0,list3
740400,0,0,1,0,1,0,list3
740500,0,0,1,0,1,0,list3
740610,0,0,1,0,1,0,list3
740620,0,0,1,0,1,0,list3
740710,0,0,1,0,1,0,list3
740721,0,0,1,0,1,0,list3
740729,0,0,1,0,1,0,list3
740811,0,0,1,0,1,0,list3
740819,0,0,1,0,1,0,list3
740821,0,0,1,0,1,0,list3
740822,0,0,1,0,1,0,list3
740829,0,0,1,0,1,0,list3
740911,0,0,1,0,1,0,list3
740919,0,0,1,0,1,0,list3
740921,0,0,1,0,1,0,list3
740929,0,0,1,0,1,0,list3
740931,0,0,1,0,1,0,list3
740939,0,0,1,0,1,0,list3
740940,0,0,1,0,1,0,list3
740990,0,0,1,0,1,0,list3
741011,0,0,1,0,1,0,list3
741012,0,0,1,0,1,0,list3
741021,0,0,1,0,1,0,list3
741022,0,0,1,0,1,0,list3
741110,0,0,1,0,1,0,list3
741121,0,0,1,0,1,0,list3
741122,0,0,1,0,1,0,list3
741129,0,0,1,0,1,0,list3
741210,0,0,1,0,1,0,list3
741220,0,0,1,0,1,0,list3
741300,0,0,1,0,1,0,list3
741510,0,0,1,0,1,0,list3
741521,0,0,1,0,1,0,list3
741529,0,0,1,0,1,0,list3
741533,0,0,1,0,1,0,list3
741539,0,0,1,0,1,0,list3
741810,0,0,0,1,1,0,list4a
741820,0,0,1,0,1,0,list3
741910,0,0,1,0,1,0,list3
741991,0,0,1,0,1,0,list3
741999,0,0,1,0,1,0,list3
750110,0,0,1,0,1,0,list3
750120,0,0,1,0,1,0,list3
750210,0,0,1,0,1,0,list3
750220,0,0,1,0,1,0,list3
750300,0,0,1,0,1,0,list3
750400,0,0,1,0,1,0,list3
750511,0,0,1,0,1,0,list3
750512,0,0,1,0,1,0,list3
750521,0,0,1,0,1,0,list3
750522,0,0,1,0,1,0,list3
750610,0,0,1,0,1,0,list3
750620,0,0,1,0,1,0,list3
750711,0,0,1,0,1,0,list3
750712,0,0,1,0,1,0,list3
750720,0,0,1,0,1,0,list3
750810,0,0,1,0,1,0,list3
750890,0,0,1,0,1,0,list3
760110,0,0,0,1,1,0,list4a
760120,0,0,0,1,1,0,list4a
760200,0,0,1,0,1,0,list3
760310,0,0,1,0,1,0,list3
760320,0,0,1,0,1,0,list3
760410,0,0,0,1,1,0,list4a
760421,0,0,0,1,1,0,list4a
760429,0,0,0,1,1,0,list4a
760511,0,0,0,1,1,0,list4a
760519,0,0,0,1,1,0,list4a
760521,0,0,0,1,1,0,list4a
760529,0,0,0,1,1,0,list4a
760611,0,0,0,1,1,0,list4a
760612,0,0,0,1,1,0,list4a
760691,0,0,0,1,1,0,list4a
760692,0,0,0,1,1,0,list4a
760711,0,0,0,1,1,0,list4a
760719,0,0,0,1,1,0,list4a
760720,0,0,0,1,1,0,list4a
760810,0,0,0,1,1,0,list4a
760820,0,0,0,1,1,0,list4a
760900,0,0,0,1,1,0,list4a
761010,0,0,0,1,1,0,list4a
761090,0,0,1,0,1,0,list3
761100,0,0,1,0,1,0,list3
761210,0,0,1,0,1,0,list3
761290,0,0,1,0,1,0,list3
761300,0,0,1,0,1,0,list3
761410,0,1,1,0,2,1,list2
761490,0,1,1,0,2,1,list2
761510,0,0,0,1,1,0,list4a
761520,0,0,1,0,1,0,list3
761610,0,0,1,0,1,0,list3
761691,0,0,1,0,1,0,list3
761699,0,0,1,0,1,0,list3
780191,0,0,1,0,1,0,list3
780199,0,0,1,0,1,0,list3
780411,0,0,1,0,1,0,list3
780419,0,0,1,0,1,0,list3
780420,0,0,1,0,1,0,list3
780600,0,0,1,0,1,0,list3
790310,0,0,1,0,1,0,list3
790390,0,0,1,0,1,0,list3
790400,0,0,1,0,1,0,list3
790500,0,0,1,0,1,0,list3
790700,0,0,1,0,1,0,list3
800700,0,0,1,0,1,0,list3
810196,0,0,1,0,1,0,list3
810296,0,0,1,0,1,0,list3
810430,0,0,1,0,1,0,list3
810490,0,0,1,0,1,0,list3
810520,0,0,1,0,1,0,list3
810530,0,0,1,0,1,0,list3
810590,0,0,1,0,1,0,list3
810600,0,0,1,0,1,0,list3
810720,0,0,1,0,1,0,list3
810730,0,0,1,0,1,0,list3
810790,0,0,1,0,1,0,list3
810820,0,0,1,0,1,0,list3
810830,0,0,1,0,1,0,list3
810890,0,0,1,0,1,0,list3
810930,0,0,1,0,1,0,list3
810990,0,0,1,0,1,0,list3
811212,0,0,1,0,1,0,list3
811213,0,0,1,0,1,0,list3
811219,0,0,1,0,1,0,list3
811229,0,0,1,0,1,0,list3
811251,0,0,1,0,1,0,list3
811252,0,0,1,0,1,0,list3
811259,0,0,1,0,1,0,list3
811292,0,0,1,0,1,0,list3
811299,0,0,1,0,1,0,list3
811300,0,0,1,0,1,0,list3
820110,0,0,1,0,1,0,list3
820130,0,0,1,0,1,0,list3
820140,0,0,1,0,1,0,list3
820150,0,0,1,0,1,0,list3
820160,0,0,1,0,1,0,list3
820190,0,0,1,0,1,0,list3
820210,0,0,1,0,1,0,list3
820220,0,0,1,0,1,0,list3
820231,0,0,1,0,1,0,list3
820239,0,0,1,0,1,0,list3
820240,0,0,1,0,1,0,list3
820291,0,0,1,0,1,0,list3
820299,0,0,1,0,1,0,list3
820310,0,0,1,0,1,0,list3
820320,0,0,1,0,1,0,list3
820330,0,0,1,0,1,0,list3
820340,0,0,1,0,1,0,list3
820411,0,0,1,0,1,0,list3
820412,0,0,1,0,1,0,list3
820420,0,0,1,0,1,0,list3
820510,0,0,1,0,1,0,list3
820520,0,0,1,0,1,0,list3
820530,0,0,1,0,1,0,list3
820540,0,0,1,0,1,0,list3
820551,0,0,1,0,1,0,list3
820559,0,0,1,0,1,0,list3
820560,0,0,1,0,1,0,list3
820570,0,0,1,0,1,0,list3
820590,0,0,1,0,1,0,list3
820600,0,0,1,0,1,0,list3
820713,0,0,1,0,1,0,list3
820719,0,0,1,0,1,0,list3
820720,0,0,1,0,1,0,list3
820730,0,0,1,0,1,0,list3
820740,0,0,1,0,1,0,list3
820750,0,0,1,0,1,0,list3
820760,0,0,1,0,1,0,list3
820770,0,0,1,0,1,0,list3
820780,0,0,1,0,1,0,list3
820790,0,0,1,0,1,0,list3
820810,0,0,1,0,1,0,list3
820820,0,0,1,0,1,0,list3
820830,0,0,1,0,1,0,list3
820840,0,0,1,0,1,0,list3
820890,0,0,1,0,1,0,list3
820900,0,0,1,0,1,0,list3
821000,0,0,1,0,1,0,list3
821191,0,0,0,1,1,0,list4a
821192,0,0,0,1,1,0,list4a
821193,0,0,1,0,1,0,list3
821194,0,0,1,0,1,0,list3
821195,0,0,1,0,1,0,list3
821210,0,0,0,1,1,0,list4a
821220,0,0,0,1,1,0,list4a
821290,0,0,0,1,1,0,list4a
821420,0,0,0,1,1,0,list4a
821490,0,0,0,1,1,0,list4a
821510,0,0,0,1,1,0,list4a
821520,0,0,1,0,1,0,list3
821591,0,0,0,1,1,0,list4a
821599,0,0,1,1,2,1,list3
830110,0,0,0,1,1,0,list4a
830120,0,0,1,0,1,0,list3
830130,0,0,0,1,1,0,list4a
830140,0,0,0,1,1,0,list4a
830150,0,0,0,1,1,0,list4a
830160,0,0,0,1,1,0,list4a
830170,0,0,0,1,1,0,list4a
830210,0,0,1,1,2,1,list3
830220,0,0,1,0,1,0,list3
830230,0,0,1,0,1,0,list3
830241,0,0,1,0,1,0,list3
830242,0,0,0,1,1,0,list4a
830249,0,0,1,0,1,0,list3
830250,0,0,1,0,1,0,list3
830260,0,0,1,0,1,0,list3
830300,0,0,1,0,1,0,list3
830510,0,0,0,1,1,0,list4a
830520,0,0,0,1,1,0,list4a
830590,0,0,0,1,1,0,list4a
830621,0,0,0,1,1,0,list4a
830630,0,0,1,0,1,0,list3
830710,0,0,1,0,1,0,list3
830790,0,0,1,0,1,0,list3
830810,0,0,1,0,1,0,list3
830820,0,0,1,0,1,0,list3
830890,0,0,1,0,1,0,list3
830910,0,0,1,0,1,0,list3
830990,0,0,1,0,1,0,list3
831000,0,0,1,0,1,0,list3
831110,0,0,1,0,1,0,list3
831120,0,0,1,0,1,0,list3
831130,0,0,1,0,1,0,list3
831190,0,0,1,0,1,0,list3
840110,1,0,0,0,1,0,list1
840120,1,0,0,0,1,0,list1
840130,1,0,0,0,1,0,list1
840140,1,0,0,0,1,0,list1
840211,1,0,0,0,1,0,list1
840212,1,0,0,0,1,0,list1
840219,1,0,0,0,1,0,list1
840220,1,0,0,0,1,0,list1
840290,1,0,0,0,1,0,list1
840310,0,0,0,1,1,0,list4a
840390,0,0,0,1,1,0,list4a
840410,0,0,1,0,1,0,list3
840420,1,0,0,0,1,0,list1
840490,1,0,0,0,1,0,list1
840510,1,0,0,0,1,0,list1
840590,1,0,0,0,1,0,list1
840610,1,0,0,0,1,0,list1
840681,1,0,1,0,2,1,list1
840682,1,1,0,0,2,1,list1
840690,0,0,1,0,1,0,list3
840710,1,0,0,0,1,0,list1
840721,1,0,0,0,1,0,list1
840729,1,0,0,0,1,0,list1
840731,0,0,1,0,1,0,list3
840732,0,0,1,0,1,0,list3
840733,0,0,1,0,1,0,list3
840734,0,1,1,0,2,1,list2
840790,0,1,0,0,1,0,list2
840810,1,0,0,0,1,0,list1
840820,0,1,1,0,2,1,list2
840890,1,0,0,0,1,0,list1
840910,1,0,0,0,1,0,list1
840991,0,0,1,0,1,0,list3
840999,0,0,1,0,1,0,list3
841011,1,0,0,0,1,0,list1
841012,1,0,0,0,1,0,list1
841013,1,0,0,0,1,0,list1
841090,1,0,0,0,1,0,list1
841111,1,0,0,0,1,0,list1
841112,1,0,0,0,1,0,list1
841121,1,0,0,0,1,0,list1
841122,1,0,0,0,1,0,list1
841181,1,0,0,0,1,0,list1
841182,1,0,0,0,1,0,list1
841191,1,0,0,0,1,0,list1
841199,1,0,0,0,1,0,list1
841210,1,0,0,0,1,0,list1
841221,1,0,0,0,1,0,list1
841229,1,0,0,0,1,0,list1
841231,1,0,0,0,1,0,list1
841239,1,0,0,0,1,0,list1
841280,1,0,0,0,1,0,list1
841290,1,0,1,0,2,1,list1
841311,0,0,1,0,1,0,list3
841319,1,0,0,0,1,0,list1
841320,0,0,1,0,1,0,list3
841330,0,0,1,0,1,0,list3
841340,1,0,0,0,1,0,list1
841350,1,0,0,0,1,0,list1
841360,1,0,0,0,1,0,list1
841370,1,0,0,0,1,0,list1
841381,1,0,0,0,1,0,list1
841382,1,0,0,0,1,0,list1
841391,1,0,0,0,1,0,list1
841392,0,0,1,0,1,0,list3
841410,0,0,1,0,1,0,list3
841420,0,0,1,0,1,0,list3
841430,1,0,0,0,1,0,list1
841440,0,0,1,0,1,0,list3
841459,1,0,1,0,2,1,list1
841460,0,0,1,0,1,0,list3
841480,1,0,1,0,2,1,list1
841490,1,0,1,0,2,1,list1
841510,0,0,1,0,1,0,list3
841520,0,0,1,0,1,0,list3
841581,0,0,1,0,1,0,list3
841582,0,0,1,0,1,0,list3
841583,0,0,1,0,1,0,list3
841590,0,0,0,1,1,0,list4a
841610,0,0,0,1,1,0,list4a
841620,0,0,0,1,1,0,list4a
841630,0,0,1,0,1,0,list3
841690,1,0,0,0,1,0,list1
841710,1,0,0,0,1,0,list1
841720,0,0,0,1,1,0,list4a
841780,1,0,0,0,1,0,list1
841790,1,0,0,0,1,0,list1
841810,0,0,1,0,1,0,list3
841821,0,0,1,0,1,0,list3
841829,0,0,1,0,1,0,list3
841830,0,0,1,0,1,0,list3
841840,0,0,1,0,1,0,list3
841850,0,0,1,0,1,0,list3
841861,0,0,1,0,1,0,list3
841869,1,0,0,0,1,0,list1
841891,0,0,1,0,1,0,list3
841899,0,0,1,0,1,0,list3
841911,1,0,0,0,1,0,list1
841919,1,0,0,0,1,0,list1
841931,1,0,0,0,1,0,list1
841932,1,0,0,0,1,0,list1
841939,1,0,0,0,1,0,list1
841940,1,0,0,0,1,0,list1
841950,1,0,0,0,1,0,list1
841960,1,1,0,0,2,1,list1
841981,0,0,0,1,1,0,list4a
841989,1,1,0,0,2,1,list1
841990,1,0,0,0,1,0,list1
842010,1,1,0,1,3,1,list1
842091,1,0,0,0,1,0,list1
842099,1,1,0,0,2,1,list1
842111,0,0,1,0,1,0,list3
842112,0,0,0,1,1,0,list4a
842119,1,0,0,0,1,0,list1
842121,1,0,0,0,1,0,list1
842122,1,0,0,0,1,0,list1
842123,0,0,1,0,1,0,list3
842129,1,0,0,0,1,0,list1
842131,0,0,1,0,1,0,list3
842139,1,0,0,0,1,0,list1
842191,1,0,0,1,2,1,list1
842199,1,0,0,0,1,0,list1
842211,0,0,0,1,1,0,list4a
842219,1,0,0,0,1,0,list1
842220,1,0,0,0,1,0,list1
842230,1,0,0,0,1,0,list1
842240,1,0,0,0,1,0,list1
842290,1,0,1,1,3,1,list1
842320,1,0,0,0,1,0,list1
842330,1,0,0,0,1,0,list1
842381,0,0,1,0,1,0,list3
842382,1,0,0,0,1,0,list1
842389,1,0,0,0,1,0,list1
842390,1,0,0,0,1,0,list1
842410,0,0,0,1,1,0,list4a
842420,0,0,1,0,1,0,list3
842430,0,0,1,0,1,0,list3
842441,0,0,1,0,1,0,list3
842449,0,0,1,0,1,0,list3
842482,0,1,0,0,1,0,list2
842489,1,1,0,0,2,1,list1
842490,1,0,1,1,3,1,list1
842511,1,0,0,0,1,0,list1
842519,0,0,1,0,1,0,list3
842531,0,0,1,0,1,0,list3
842539,1,0,0,0,1,0,list1
842541,0,0,1,0,1,0,list3
842542,0,0,1,0,1,0,list3
842549,0,0,1,0,1,0,list3
842630,0,0,1,0,1,0,list3
842641,1,0,0,0,1,0,list1
842649,1,0,0,0,1,0,list1
842691,0,0,1,0,1,0,list3
842699,1,0,0,0,1,0,list1
842710,1,0,0,0,1,0,list1
842720,1,0,0,0,1,0,list1
842790,0,0,1,0,1,0,list3
842810,0,0,0,1,1,0,list4a
842820,1,0,0,0,1,0,list1
842831,1,0,0,0,1,0,list1
842832,1,0,0,0,1,0,list1
842833,1,0,0,0,1,0,list1
842839,1,0,0,0,1,0,list1
842840,0,0,1,0,1,0,list3
842860,0,0,0,1,1,0,list4a
842890,1,0,0,0,1,0,list1
842911,1,0,0,0,1,0,list1
842919,1,0,0,0,1,0,list1
842920,1,0,0,0,1,0,list1
842930,1,0,0,0,1,0,list1
842940,1,0,0,0,1,0,list1
842951,1,0,0,0,1,0,list1
842952,1,0,0,0,1,0,list1
842959,1,0,0,0,1,0,list1
843010,1,0,0,0,1,0,list1
843020,0,0,0,1,1,0,list4a
843031,1,0,0,0,1,0,list1
843039,1,0,0,0,1,0,list1
843041,1,0,0,0,1,0,list1
843049,1,0,1,0,2,1,list1
843050,1,0,1,0,2,1,list1
843061,1,0,0,0,1,0,list1
843069,1,0,0,0,1,0,list1
843110,1,0,0,0,1,0,list1
843120,1,0,0,0,1,0,list1
843131,1,0,0,0,1,0,list1
843139,1,0,0,0,1,0,list1
843141,1,0,0,0,1,0,list1
843142,1,0,0,0,1,0,list1
843143,1,0,0,0,1,0,list1
843149,1,0,0,0,1,0,list1
843210,1,0,0,0,1,0,list1
843221,1,0,0,0,1,0,list1
843229,0,1,0,0,1,0,list2
843231,0,1,0,0,1,0,list2
843239,0,1,0,0,1,0,list2
843241,0,0,1,0,1,0,list3
843242,0,1,0,0,1,0,list2
843280,1,0,0,0,1,0,list1
843290,1,0,0,0,1,0,list1
843311,0,0,0,1,1,0,list4a
843319,0,0,0,1,1,0,list4a
843320,1,0,0,0,1,0,list1
843330,1,0,0,0,1,0,list1
843340,1,0,0,0,1,0,list1
843351,1,0,0,0,1,0,list1
843352,1,0,0,0,1,0,list1
843353,1,0,0,0,1,0,list1
843359,1,0,0,0,1,0,list1
843360,1,0,0,0,1,0,list1
843390,1,0,1,0,2,1,list1
843410,0,0,0,1,1,0,list4a
843420,1,0,0,0,1,0,list1
843490,1,0,0,0,1,0,list1
843510,0,0,0,1,1,0,list4a
843590,0,0,0,1,1,0,list4a
843610,1,0,0,0,1,0,list1
843621,1,0,0,0,1,0,list1
843629,1,0,0,0,1,0,list1
843680,1,0,0,0,1,0,list1
843691,1,0,0,0,1,0,list1
843699,1,0,0,0,1,0,list1
843710,1,0,0,0,1,0,list1
843780,1,0,0,0,1,0,list1
843790,1,0,0,0,1,0,list1
843810,0,0,0,1,1,0,list4a
843820,0,0,0,1,1,0,list4a
843830,0,0,0,1,1,0,list4a
843840,0,0,0,1,1,0,list4a
843850,1,0,0,0,1,0,list1
843860,1,0,0,0,1,0,list1
843880,1,0,0,0,1,0,list1
843890,1,0,0,1,2,1,list1
843910,1,0,0,0,1,0,list1
843920,1,0,0,0,1,0,list1
843930,1,0,0,0,1,0,list1
843991,1,0,0,0,1,0,list1
843999,1,0,0,0,1,0,list1
844010,0,0,0,1,1,0,list4a
844090,0,0,0,1,1,0,list4a
844110,0,0,1,0,1,0,list3
844120,1,0,0,0,1,0,list1
844130,1,0,0,0,1,0,list1
844140,1,0,0,0,1,0,list1
844180,1,0,0,0,1,0,list1
844190,1,0,0,0,1,0,list1
844230,1,0,0,0,1,0,list1
844240,1,0,0,0,1,0,list1
844250,0,0,1,1,2,1,list3
844311,1,0,0,0,1,0,list1
844312,1,0,0,0,1,0,list1
844313,1,0,0,0,1,0,list1
844314,1,0,0,0,1,0,list1
844315,0,0,1,0,1,0,list3
844316,0,0,1,0,1,0,list3
844317,1,0,0,0,1,0,list1
844319,1,0,0,1,2,1,list1
844331,0,0,0,1,1,0,list4a
844332,0,0,0,1,1,0,list4a
844339,0,0,1,1,2,1,list3
844391,1,0,0,1,2,1,list1
844399,1,1,1,1,4,1,list1
844400,1,0,0,0,1,0,list1
844511,0,0,0,1,1,0,list4a
844512,0,0,0,1,1,0,list4a
844513,0,0,0,1,1,0,list4a
844519,0,0,0,1,1,0,list4a
844520,0,0,0,1,1,0,list4a
844530,0,0,0,1,1,0,list4a
844540,0,0,0,1,1,0,list4a
844590,0,0,0,1,1,0,list4a
844610,0,0,0,1,1,0,list4a
844621,0,0,0,1,1,0,list4a
844629,0,0,0,1,1,0,list4a
844630,0,0,1,1,2,1,list3
844711,0,0,0,1,1,0,list4a
844712,0,0,0,1,1,0,list4a
844720,0,0,0,1,1,0,list4a
844790,0,0,0,1,1,0,list4a
844811,0,0,0,1,1,0,list4a
844819,0,0,0,1,1,0,list4a
844820,0,0,0,1,1,0,list4a
844831,0,0,0,1,1,0,list4a
844832,0,0,0,1,1,0,list4a
844833,0,0,0,1,1,0,list4a
844839,0,0,0,1,1,0,list4a
844842,0,0,0,1,1,0,list4a
844849,0,0,0,1,1,0,list4a
844851,0,0,1,1,2,1,list3
844859,0,0,0,1,1,0,list4a
844900,0,0,0,1,1,0,list4a
845011,0,0,0,1,1,0,list4a
845020,0,0,0,1,1,0,list4a
845090,0,0,0,1,1,0,list4a
845110,0,0,1,0,1,0,list3
845121,0,0,1,0,1,0,list3
845129,0,0,1,0,1,0,list3
845130,0,0,1,0,1,0,list3
845140,0,0,1,0,1,0,list3
845150,0,0,1,0,1,0,list3
845180,0,0,1,0,1,0,list3
845190,0,0,1,0,1,0,list3
845210,0,0,0,1,1,0,list4a
845221,0,0,0,1,1,0,list4a
845229,0,0,1,1,2,1,list3
845230,0,0,0,1,1,0,list4a
845290,0,0,0,1,1,0,list4a
845310,0,0,0,1,1,0,list4a
845320,0,0,0,1,1,0,list4a
845380,0,0,0,1,1,0,list4a
845390,0,0,0,1,1,0,list4a
845410,1,0,0,0,1,0,list1
845420,0,0,1,0,1,0,list3
845430,1,0,0,0,1,0,list1
845490,1,0,0,0,1,0,list1
845510,1,0,0,0,1,0,list1
845521,1,0,0,0,1,0,list1
845522,1,0,0,0,1,0,list1
845530,1,0,0,0,1,0,list1
845590,1,1,0,0,2,1,list1
845611,1,0,0,0,1,0,list1
845612,1,0,0,0,1,0,list1
845620,1,0,0,0,1,0,list1
845630,1,0,0,0,1,0,list1
845640,1,0,0,0,1,0,list1
845650,1,0,0,0,1,0,list1
845690,1,0,0,0,1,0,list1
845710,1,0,0,0,1,0,list1
845720,1,0,0,0,1,0,list1
845730,1,0,0,0,1,0,list1
845811,1,0,0,0,1,0,list1
845819,1,0,0,0,1,0,list1
845891,1,0,0,0,1,0,list1
845899,1,0,0,0,1,0,list1
845910,1,0,0,0,1,0,list1
845921,1,0,0,0,1,0,list1
845929,0,0,1,0,1,0,list3
845931,1,0,0,0,1,0,list1
845939,1,0,0,0,1,0,list1
845941,1,0,0,0,1,0,list1
845949,1,0,0,0,1,0,list1
845951,1,0,0,0,1,0,list1
845959,0,0,1,0,1,0,list3
845961,1,0,0,0,1,0,list1
845969,1,0,0,0,1,0,list1
845970,1,0,0,0,1,0,list1
846012,1,0,0,0,1,0,list1
846019,1,0,0,0,1,0,list1
846022,1,0,0,0,1,0,list1
846023,1,0,0,0,1,0,list1
846024,1,0,0,0,1,0,list1
846029,1,0,0,0,1,0,list1
846031,1,0,0,0,1,0,list1
846039,0,0,1,0,1,0,list3
846040,1,0,0,0,1,0,list1
846090,1,0,0,0,1,0,list1
846120,1,0,0,0,1,0,list1
846130,1,0,0,0,1,0,list1
846140,1,0,0,0,1,0,list1
846150,1,0,1,0,2,1,list1
846190,1,0,0,0,1,0,list1
846210,1,0,0,0,1,0,list1
846221,1,0,0,0,1,0,list1
846229,1,0,0,0,1,0,list1
846231,1,0,0,0,1,0,list1
846239,1,0,0,0,1,0,list1
846241,1,0,0,0,1,0,list1
846249,1,0,0,0,1,0,list1
846291,1,0,0,0,1,0,list1
846299,1,0,0,0,1,0,list1
846310,1,0,0,0,1,0,list1
846320,1,0,0,0,1,0,list1
846330,1,0,0,0,1,0,list1
846390,1,0,0,0,1,0,list1
846410,0,1,0,0,1,0,list2
846420,1,0,0,0,1,0,list1
846490,1,0,0,0,1,0,list1
846510,1,0,0,0,1,0,list1
846520,0,0,1,0,1,0,list3
846591,0,0,1,0,1,0,list3
846592,1,0,0,0,1,0,list1
846593,1,0,0,0,1,0,list1
846594,1,0,0,0,1,0,list1
846595,0,1,0,0,1,0,list2
846596,0,0,0,1,1,0,list4a
846599,1,0,0,0,1,0,list1
846610,1,0,0,0,1,0,list1
846620,1,0,0,0,1,0,list1
846630,1,1,0,0,2,1,list1
846691,1,0,1,0,2,1,list1
846692,1,0,0,0,1,0,list1
846693,1,0,1,0,2,1,list1
846694,1,0,0,0,1,0,list1
846711,1,0,0,0,1,0,list1
846719,0,0,1,1,2,1,list3
846729,0,0,0,1,1,0,list4a
846781,0,0,0,1,1,0,list4a
846789,0,0,0,1,1,0,list4a
846791,0,0,0,1,1,0,list4a
846792,0,0,0,1,1,0,list4a
846799,0,0,1,0,1,0,list3
846810,0,0,0,1,1,0,list4a
846820,1,0,1,0,2,1,list1
846880,1,0,1,0,2,1,list1
846890,0,0,1,0,1,0,list3
847010,0,0,1,0,1,0,list3
847021,0,0,1,0,1,0,list3
847029,0,0,1,0,1,0,list3
847030,0,0,1,0,1,0,list3
847050,0,0,0,1,1,0,list4a
847090,0,0,1,0,1,0,list3
847141,0,0,0,1,1,0,list4a
847149,0,0,0,1,1,0,list4a
847150,0,0,1,0,1,0,list3
847160,0,0,1,1,2,1,list3
847170,1,0,1,0,2,1,list1
847180,0,0,1,0,1,0,list3
847190,0,0,1,0,1,0,list3
847210,0,0,1,0,1,0,list3
847230,0,0,1,0,1,0,list3
847290,0,0,1,1,2,1,list3
847321,0,0,1,0,1,0,list3
847329,0,0,1,0,1,0,list3
847330,1,0,1,0,2,1,list1
847340,1,0,1,0,2,1,list1
847350,1,1,0,0,2,1,list1
847410,1,0,0,0,1,0,list1
847420,1,0,0,0,1,0,list1
847431,1,0,0,0,1,0,list1
847432,1,0,0,0,1,0,list1
847439,1,0,0,0,1,0,list1
847480,1,0,0,0,1,0,list1
847490,1,0,0,0,1,0,list1
847510,1,0,0,0,1,0,list1
847521,1,0,0,0,1,0,list1
847529,0,1,0,0,1,0,list2
847590,1,0,0,0,1,0,list1
847621,0,0,1,0,1,0,list3
847629,0,0,1,0,1,0,list3
847681,0,0,1,0,1,0,list3
847689,0,0,0,1,1,0,list4a
847690,0,0,1,0,1,0,list3
847710,1,0,0,0,1,0,list1
847720,1,0,0,0,1,0,list1
847730,1,0,0,0,1,0,list1
847740,1,0,0,0,1,0,list1
847751,1,0,0,0,1,0,list1
847759,0,0,1,0,1,0,list3
847780,1,0,0,0,1,0,list1
847790,1,0,0,0,1,0,list1
847810,0,0,0,1,1,0,list4a
847890,0,0,0,1,1,0,list4a
847910,1,0,0,0,1,0,list1
847920,1,0,0,0,1,0,list1
847930,1,0,0,0,1,0,list1
847940,1,0,0,0,1,0,list1
847950,1,0,0,0,1,0,list1
847960,0,0,1,0,1,0,list3
847971,0,0,1,0,1,0,list3
847979,0,0,0,1,1,0,list4a
847981,1,0,0,0,1,0,list1
847982,1,0,0,0,1,0,list1
847989,1,0,1,1,3,1,list1
847990,1,0,0,1,2,1,list1
848010,0,0,1,0,1,0,list3
848020,1,0,0,0,1,0,list1
848030,1,0,0,0,1,0,list1
848041,1,0,0,0,1,0,list1
848049,1,0,0,0,1,0,list1
848050,1,0,0,0,1,0,list1
848060,0,0,0,1,1,0,list4a
848071,1,0,0,0,1,0,list1
848079,0,0,1,0,1,0,list3
848110,1,0,0,0,1,0,list1
848120,1,0,0,0,1,0,list1
848130,1,0,1,0,2,1,list1
848140,1,0,0,0,1,0,list1
848180,0,0,1,0,1,0,list3
848190,1,0,0,1,2,1,list1
848210,1,0,1,0,2,1,list1
848220,1,0,0,0,1,0,list1
848230,1,0,0,0,1,0,list1
848240,1,0,0,0,1,0,list1
848250,1,0,0,0,1,0,list1
848280,1,0,0,0,1,0,list1
848291,1,0,0,0,1,0,list1
848299,1,0,0,0,1,0,list1
848310,0,0,1,0,1,0,list3
848320,0,0,1,0,1,0,list3
848330,1,1,0,0,2,1,list1
848340,1,0,1,0,2,1,list1
848350,1,0,1,0,2,1,list1
848360,1,0,1,0,2,1,list1
848390,1,0,1,0,2,1,list1
848410,1,0,0,0,1,0,list1
848420,1,0,0,0,1,0,list1
848490,1,0,0,0,1,0,list1
848610,0,1,0,0,1,0,list2
848620,0,1,0,0,1,0,list2
848630,0,1,0,0,1,0,list2
848640,0,1,0,0,1,0,list2
848690,0,1,0,0,1,0,list2
848710,1,0,0,0,1,0,list1
848790,1,0,0,0,1,0,list1
850110,1,1,0,0,2,1,list1
850120,1,1,0,0,2,1,list1
850131,1,1,0,0,2,1,list1
850132,1,1,0,0,2,1,list1
850133,1,1,0,0,2,1,list1
850134,1,0,0,0,1,0,list1
850140,0,0,1,0,1,0,list3
850151,1,0,0,0,1,0,list1
850152,1,1,0,0,2,1,list1
850153,1,1,0,0,2,1,list1
850161,0,0,1,0,1,0,list3
850162,1,0,0,0,1,0,list1
850163,1,0,0,0,1,0,list1
850164,1,0,0,0,1,0,list1
850211,1,0,0,0,1,0,list1
850212,1,0,0,0,1,0,list1
850213,1,0,0,0,1,0,list1
850220,0,0,1,0,1,0,list3
850231,1,0,0,0,1,0,list1
850239,1,0,0,0,1,0,list1
850240,1,0,0,0,1,0,list1
850300,1,1,0,0,2,1,list1
850410,0,0,0,1,1,0,list4a
850421,1,0,0,0,1,0,list1
850422,1,0,0,0,1,0,list1
850423,1,0,0,0,1,0,list1
850431,0,0,1,0,1,0,list3
850432,1,0,0,0,1,0,list1
850433,1,0,0,0,1,0,list1
850434,1,0,0,0,1,0,list1
850440,1,0,1,0,2,1,list1
850450,0,0,1,0,1,0,list3
850490,1,0,1,0,2,1,list1
850519,1,0,1,0,2,1,list1
850520,1,0,0,0,1,0,list1
850590,1,0,0,0,1,0,list1
850610,0,0,1,0,1,0,list3
850630,0,0,1,0,1,0,list3
850640,1,0,0,0,1,0,list1
850650,1,0,0,0,1,0,list1
850660,1,0,0,0,1,0,list1
850680,0,0,1,0,1,0,list3
850690,1,0,0,0,1,0,list1
850710,0,0,1,0,1,0,list3
850720,0,0,1,0,1,0,list3
850730,0,0,1,1,2,1,list3
850740,0,0,1,0,1,0,list3
850750,0,0,1,0,1,0,list3
850760,0,0,0,1,1,0,list4a
850780,0,1,0,0,1,0,list2
850790,1,0,0,1,2,1,list1
850811,0,0,1,0,1,0,list3
850819,0,0,1,0,1,0,list3
850860,0,0,1,0,1,0,list3
850870,0,0,1,0,1,0,list3
850980,0,0,1,0,1,0,list3
850990,0,0,1,0,1,0,list3
851010,0,0,0,1,1,0,list4a
851020,0,0,1,0,1,0,list3
851090,0,0,1,0,1,0,list3
851110,0,0,1,0,1,0,list3
851120,0,0,1,0,1,0,list3
851130,0,0,1,0,1,0,list3
851140,0,0,1,0,1,0,list3
851150,0,0,1,0,1,0,list3
851180,0,1,1,0,2,1,list2
851190,0,1,1,0,2,1,list2
851210,0,0,0,1,1,0,list4a
851220,0,0,1,0,1,0,list3
851230,0,0,1,0,1,0,list3
851240,0,0,1,0,1,0,list3
851290,0,0,1,0,1,0,list3
851390,0,0,1,0,1,0,list3
851410,1,0,0,0,1,0,list1
851420,1,0,1,0,2,1,list1
851430,1,0,0,0,1,0,list1
851440,1,0,0,0,1,0,list1
851490,1,0,1,0,2,1,list1
851511,1,0,0,0,1,0,list1
851519,1,0,0,0,1,0,list1
851521,1,0,0,0,1,0,list1
851529,1,0,0,0,1,0,list1
851531,1,0,0,0,1,0,list1
851539,1,0,0,0,1,0,list1
851580,1,0,0,0,1,0,list1
851590,1,0,0,0,1,0,list1
851610,0,0,0,1,1,0,list4a
851621,0,0,1,0,1,0,list3
851629,0,0,1,0,1,0,list3
851633,0,0,0,1,1,0,list4a
851660,0,0,1,0,1,0,list3
851671,0,0,0,1,1,0,list4a
851680,0,0,1,0,1,0,list3
851690,0,0,1,0,1,0,list3
851711,0,0,0,1,1,0,list4a
851761,0,0,0,1,1,0,list4a
851762,0,0,1,1,2,1,list3
851769,0,0,1,0,1,0,list3
851770,0,0,0,1,1,0,list4a
851810,0,0,1,1,2,1,list3
851821,0,0,0,1,1,0,list4a
851822,0,0,0,1,1,0,list4a
851829,0,0,0,1,1,0,list4a
851830,0,0,0,1,1,0,list4a
851840,0,0,1,0,1,0,list3
851850,0,0,1,0,1,0,list3
851890,0,0,1,0,1,0,list3
851920,0,0,0,1,1,0,list4a
851930,0,0,0,1,1,0,list4a
851981,0,0,1,1,2,1,list3
851989,0,0,0,1,1,0,list4a
852110,0,0,0,1,1,0,list4a
852190,0,0,0,1,1,0,list4a
852210,0,0,1,0,1,0,list3
852290,0,0,1,0,1,0,list3
852321,0,0,1,0,1,0,list3
852329,0,0,0,1,1,0,list4a
852341,0,0,0,1,1,0,list4a
852349,0,0,1,1,2,1,list3
852351,0,0,0,1,1,0,list4a
852352,0,0,1,0,1,0,list3
852359,0,0,1,0,1,0,list3
852380,0,0,0,1,1,0,list4a
852550,1,0,1,0,2,1,list1
852560,1,0,0,0,1,0,list1
852580,1,0,1,1,3,1,list1
852610,1,0,0,0,1,0,list1
852691,1,0,0,0,1,0,list1
852692,1,0,0,0,1,0,list1
852721,0,0,1,0,1,0,list3
852729,0,0,1,0,1,0,list3
852791,0,0,0,1,1,0,list4a
852799,1,0,0,0,1,0,list1
852842,0,0,1,0,1,0,list3
852849,0,0,1,1,2,1,list3
852859,0,0,1,1,2,1,list3
852862,0,0,0,1,1,0,list4a
852869,0,0,1,1,2,1,list3
852871,0,0,0,1,1,0,list4a
852872,0,0,1,1,2,1,list3
852873,0,0,1,0,1,0,list3
852910,1,1,1,0,3,1,list1
852990,1,0,1,1,3,1,list1
853010,1,0,0,0,1,0,list1
853080,1,0,0,0,1,0,list1
853090,1,0,0,0,1,0,list1
853110,0,0,1,0,1,0,list3
853120,0,0,1,0,1,0,list3
853180,0,0,0,1,1,0,list4a
853190,0,0,1,0,1,0,list3
853210,1,0,0,0,1,0,list1
853221,1,0,0,0,1,0,list1
853222,1,0,0,0,1,0,list1
853223,1,0,0,0,1,0,list1
853224,1,0,0,0,1,0,list1
853225,1,0,0,0,1,0,list1
853229,1,0,0,0,1,0,list1
853230,1,0,0,0,1,0,list1
853290,1,0,0,0,1,0,list1
853310,1,0,0,0,1,0,list1
853321,1,0,0,0,1,0,list1
853329,1,0,0,0,1,0,list1
853331,1,0,0,0,1,0,list1
853339,0,0,1,0,1,0,list3
853340,1,0,0,0,1,0,list1
853390,1,1,0,0,2,1,list1
853400,0,0,1,0,1,0,list3
853510,1,0,0,0,1,0,list1
853521,1,0,0,0,1,0,list1
853529,1,0,0,0,1,0,list1
853530,1,0,0,0,1,0,list1
853540,0,0,1,0,1,0,list3
853590,1,0,0,0,1,0,list1
853610,1,0,0,0,1,0,list1
853620,1,0,0,0,1,0,list1
853630,1,1,0,0,2,1,list1
853641,1,0,0,0,1,0,list1
853649,1,0,0,0,1,0,list1
853650,1,1,0,0,2,1,list1
853661,0,0,1,0,1,0,list3
853669,1,0,1,0,2,1,list1
853670,0,1,0,0,1,0,list2
853690,1,0,0,1,2,1,list1
853710,1,1,1,0,3,1,list1
853720,1,0,0,0,1,0,list1
853810,1,0,0,0,1,0,list1
853890,1,0,1,0,2,1,list1
853910,0,0,1,0,1,0,list3
853921,0,0,1,0,1,0,list3
853929,0,0,0,1,1,0,list4a
853931,0,0,1,0,1,0,list3
853932,0,0,1,0,1,0,list3
853939,0,0,1,0,1,0,list3
853941,1,0,0,0,1,0,list1
853949,0,0,1,0,1,0,list3
853990,1,0,0,0,1,0,list1
854011,0,0,1,0,1,0,list3
854012,0,0,1,0,1,0,list3
854020,0,0,1,0,1,0,list3
854040,0,0,1,0,1,0,list3
854060,0,0,1,0,1,0,list3
854071,0,0,1,0,1,0,list3
854079,1,0,0,0,1,0,list1
854081,0,0,1,0,1,0,list3
854089,1,0,0,0,1,0,list1
854091,0,0,1,0,1,0,list3
854099,0,0,1,0,1,0,list3
854110,0,1,0,0,1,0,list2
854121,1,0,0,0,1,0,list1
854129,1,0,0,0,1,0,list1
854130,1,0,0,0,1,0,list1
854140,1,1,0,0,2,1,list1
854150,1,0,0,0,1,0,list1
854160,1,0,0,0,1,0,list1
854190,1,0,0,0,1,0,list1
854231,0,1,0,0,1,0,list2
854232,0,1,0,0,1,0,list2
854233,0,1,0,0,1,0,list2
854239,0,1,0,0,1,0,list2
854290,0,1,0,0,1,0,list2
854310,1,0,0,0,1,0,list1
854320,1,0,0,0,1,0,list1
854330,1,0,0,0,1,0,list1
854370,1,1,1,1,4,1,list1
854390,1,0,1,0,2,1,list1
854411,1,0,0,0,1,0,list1
854419,1,0,0,0,1,0,list1
854420,0,0,1,0,1,0,list3
854430,1,0,0,0,1,0,list1
854442,0,0,1,0,1,0,list3
854449,1,1,0,0,2,1,list1
854460,1,1,0,0,2,1,list1
854470,1,0,0,0,1,0,list1
854511,0,0,1,0,1,0,list3
854519,0,0,1,0,1,0,list3
854520,0,0,1,0,1,0,list3
854590,0,0,1,0,1,0,list3
854610,0,0,1,0,1,0,list3
854620,0,0,1,0,1,0,list3
854690,0,0,1,0,1,0,list3
854710,0,0,1,0,1,0,list3
854720,0,0,1,0,1,0,list3
854790,0,0,1,0,1,0,list3
854810,0,0,0,1,1,0,list4a
854890,0,0,1,0,1,0,list3
860110,1,0,0,0,1,0,list1
860120,0,1,0,0,1,0,list2
860210,0,1,0,0,1,0,list2
860290,0,0,1,0,1,0,list3
860310,1,0,0,0,1,0,list1
860390,1,0,0,0,1,0,list1
860400,1,0,0,0,1,0,list1
860500,0,1,0,0,1,0,list2
860610,0,1,0,0,1,0,list2
860630,0,1,0,0,1,0,list2
860691,0,1,0,0,1,0,list2
860692,0,1,0,0,1,0,list2
860699,0,1,0,0,1,0,list2
860711,0,1,0,0,1,0,list2
860712,1,0,0,0,1,0,list1
860719,1,1,0,0,2,1,list1
860721,1,0,0,0,1,0,list1
860729,1,0,0,0,1,0,list1
860730,0,1,0,0,1,0,list2
860791,1,0,0,0,1,0,list1
860799,1,0,0,0,1,0,list1
860800,1,0,0,0,1,0,list1
870110,1,0,0,0,1,0,list1
870120,0,1,0,0,1,0,list2
870130,1,1,0,0,2,1,list1
870191,0,1,0,0,1,0,list2
870192,0,1,0,0,1,0,list2
870193,0,1,0,0,1,0,list2
870194,0,1,0,0,1,0,list2
870195,0,1,0,0,1,0,list2
870210,1,0,0,0,1,0,list1
870220,1,0,0,0,1,0,list1
870230,1,0,0,0,1,0,list1
870240,1,0,0,0,1,0,list1
870290,1,0,0,0,1,0,list1
870310,0,0,0,1,1,0,list4a
870321,1,0,0,0,1,0,list1
870322,1,0,0,0,1,0,list1
870323,1,0,0,0,1,0,list1
870324,1,0,0,0,1,0,list1
870331,1,0,0,0,1,0,list1
870332,1,0,0,0,1,0,list1
870333,1,0,0,0,1,0,list1
870340,1,0,0,0,1,0,list1
870350,1,0,0,0,1,0,list1
870360,1,0,0,0,1,0,list1
870370,1,0,0,0,1,0,list1
870380,1,0,0,0,1,0,list1
870390,1,0,0,0,1,0,list1
870410,1,0,0,0,1,0,list1
870421,1,0,0,0,1,0,list1
870422,1,0,0,0,1,0,list1
870423,1,0,0,0,1,0,list1
870431,1,0,0,0,1,0,list1
870432,1,0,0,0,1,0,list1
870490,0,1,0,0,1,0,list2
870510,0,1,0,0,1,0,list2
870520,0,1,0,0,1,0,list2
870530,1,0,0,0,1,0,list1
870540,1,0,0,0,1,0,list1
870590,0,1,0,0,1,0,list2
870600,1,0,1,0,2,1,list1
870710,0,0,1,0,1,0,list3
870790,0,0,1,0,1,0,list3
870810,0,0,1,0,1,0,list3
870821,0,0,1,0,1,0,list3
870829,0,0,1,0,1,0,list3
870830,0,0,1,0,1,0,list3
870840,0,0,1,0,1,0,list3
870850,0,0,1,0,1,0,list3
870870,0,0,1,0,1,0,list3
870880,0,0,1,0,1,0,list3
870891,0,0,1,0,1,0,list3
870892,0,0,1,0,1,0,list3
870893,0,0,1,0,1,0,list3
870894,0,0,1,0,1,0,list3
870895,0,0,1,0,1,0,list3
870899,0,0,1,0,1,0,list3
870911,1,0,0,0,1,0,list1
870919,1,0,0,0,1,0,list1
870990,1,0,0,0,1,0,list1
871000,0,0,0,1,1,0,list4a
871110,0,1,0,0,1,0,list2
871120,0,0,0,1,1,0,list4a
871130,0,0,0,1,1,0,list4a
871140,0,0,0,1,1,0,list4a
871150,1,0,0,0,1,0,list1
871160,0,1,0,0,1,0,list2
871190,0,1,0,0,1,0,list2
871200,0,0,1,0,1,0,list3
871410,0,0,0,1,1,0,list4a
871491,0,0,1,0,1,0,list3
871492,0,0,1,0,1,0,list3
871493,0,0,1,0,1,0,list3
871494,0,0,1,0,1,0,list3
871495,0,0,1,0,1,0,list3
871496,0,0,1,0,1,0,list3
871499,0,0,0,1,1,0,list4a
871610,0,0,1,0,1,0,list3
871620,0,0,1,0,1,0,list3
871631,0,0,1,0,1,0,list3
871639,0,0,1,0,1,0,list3
871640,0,0,1,0,1,0,list3
871680,0,0,1,0,1,0,list3
871690,0,0,1,0,1,0,list3
880100,0,0,0,1,1,0,list4a
880211,1,0,0,0,1,0,list1
880212,1,0,0,0,1,0,list1
880220,1,0,0,0,1,0,list1
880230,1,0,0,0,1,0,list1
880240,1,0,0,0,1,0,list1
880260,1,0,0,0,1,0,list1
880310,1,0,0,0,1,0,list1
880320,1,0,0,0,1,0,list1
880330,1,0,0,0,1,0,list1
880390,1,0,0,0,1,0,list1
880400,0,0,1,0,1,0,list3
880510,1,0,0,0,1,0,list1
880521,1,0,0,0,1,0,list1
880529,1,0,0,0,1,0,list1
890110,1,0,0,0,1,0,list1
890120,1,0,0,0,1,0,list1
890130,0,1,0,0,1,0,list2
890190,1,0,0,0,1,0,list1
890200,1,0,0,0,1,0,list1
890310,0,0,1,0,1,0,list3
890391,0,0,1,0,1,0,list3
890392,0,0,1,0,1,0,list3
890399,0,0,1,0,1,0,list3
890400,1,0,0,0,1,0,list1
890510,1,0,0,0,1,0,list1
890520,1,0,0,0,1,0,list1
890590,1,0,0,0,1,0,list1
890610,0,0,0,1,1,0,list4a
890690,1,0,0,0,1,0,list1
890710,0,0,1,0,1,0,list3
890790,0,0,0,1,1,0,list4a
890800,1,0,0,0,1,0,list1
900110,0,1,0,0,1,0,list2
900120,0,1,0,0,1,0,list2
900130,0,0,0,1,1,0,list4a
900140,0,0,0,1,1,0,list4a
900150,0,0,0,1,1,0,list4a
900190,0,0,1,0,1,0,list3
900211,0,0,1,0,1,0,list3
900219,0,0,1,0,1,0,list3
900220,0,0,1,0,1,0,list3
900290,1,0,1,0,2,1,list1
900311,0,0,0,1,1,0,list4a
900319,0,0,0,1,1,0,list4a
900390,0,0,0,1,1,0,list4a
900410,0,0,0,1,1,0,list4a
900490,0,0,0,1,1,0,list4a
900510,0,0,0,1,1,0,list4a
900580,0,0,0,1,1,0,list4a
900590,0,0,0,1,1,0,list4a
900630,0,0,1,0,1,0,list3
900640,0,0,0,1,1,0,list4a
900651,0,0,0,1,1,0,list4a
900652,0,0,0,1,1,0,list4a
900653,0,0,0,1,1,0,list4a
900659,0,0,0,1,1,0,list4a
900661,0,0,0,1,1,0,list4a
900691,0,0,0,1,1,0,list4a
900699,0,0,0,1,1,0,list4a
900710,0,0,1,0,1,0,list3
900720,0,0,1,0,1,0,list3
900791,0,0,0,1,1,0,list4a
900792,0,0,1,0,1,0,list3
900850,0,0,1,1,2,1,list3
900890,0,0,1,0,1,0,list3
901010,0,0,1,0,1,0,list3
901050,0,0,1,0,1,0,list3
901060,0,0,1,0,1,0,list3
901090,0,0,1,0,1,0,list3
901110,1,0,0,0,1,0,list1
901120,1,0,1,0,2,1,list1
901180,0,0,1,0,1,0,list3
901190,1,0,0,0,1,0,list1
901210,1,0,0,0,1,0,list1
901290,1,0,0,0,1,0,list1
901310,1,0,1,1,3,1,list1
901320,1,0,0,0,1,0,list1
901380,1,0,1,1,3,1,list1
901390,0,0,1,1,2,1,list3
901410,1,1,1,1,4,1,list1
901420,1,0,0,0,1,0,list1
901480,1,0,0,0,1,0,list1
901490,1,0,0,0,1,0,list1
901510,1,0,1,0,2,1,list1
901520,1,0,0,0,1,0,list1
901530,0,0,1,0,1,0,list3
901540,1,0,0,0,1,0,list1
901580,1,0,0,0,1,0,list1
901590,0,0,1,0,1,0,list3
901600,0,0,1,0,1,0,list3
901710,0,0,1,0,1,0,list3
901720,0,0,1,0,1,0,list3
901730,0,0,1,0,1,0,list3
901780,0,0,1,0,1,0,list3
901790,0,0,1,0,1,0,list3
901811,1,0,0,0,1,0,list1
901812,1,0,0,0,1,0,list1
901813,1,0,0,0,1,0,list1
901814,1,0,0,0,1,0,list1
901819,1,0,0,0,1,0,list1
901820,1,0,0,0,1,0,list1
901890,1,0,0,0,1,0,list1
902150,1,0,0,0,1,0,list1
902212,1,0,0,0,1,0,list1
902213,1,0,0,0,1,0,list1
902214,1,0,0,0,1,0,list1
902219,1,0,0,0,1,0,list1
902221,1,0,0,0,1,0,list1
902229,1,0,0,0,1,0,list1
902230,1,0,0,0,1,0,list1
902290,1,0,0,0,1,0,list1
902300,0,0,0,1,1,0,list4a
902410,1,0,0,0,1,0,list1
902480,1,0,0,0,1,0,list1
902490,1,0,0,0,1,0,list1
902519,0,1,0,0,1,0,list2
902580,0,1,1,1,3,1,list2
902590,0,0,1,0,1,0,list3
902610,1,0,0,1,2,1,list1
902620,1,0,0,1,2,1,list1
902680,1,0,1,1,3,1,list1
902690,1,0,0,0,1,0,list1
902710,0,1,1,0,2,1,list2
902720,1,0,0,0,1,0,list1
902730,1,0,0,0,1,0,list1
902750,1,0,0,0,1,0,list1
902780,1,0,0,0,1,0,list1
902790,1,0,1,1,3,1,list1
902810,0,1,0,0,1,0,list2
902820,0,1,0,0,1,0,list2
902830,0,1,0,0,1,0,list2
902890,1,0,0,0,1,0,list1
902910,0,0,1,0,1,0,list3
902920,0,1,1,0,2,1,list2
902990,0,1,1,1,3,1,list2
903010,1,0,0,0,1,0,list1
903020,1,0,1,0,2,1,list1
903031,0,1,0,0,1,0,list2
903032,0,1,0,0,1,0,list2
903033,1,0,0,0,1,0,list1
903039,1,0,0,0,1,0,list1
903040,1,0,0,0,1,0,list1
903082,1,0,0,0,1,0,list1
903084,0,1,0,0,1,0,list2
903089,0,1,0,0,1,0,list2
903090,1,0,0,0,1,0,list1
903110,1,0,0,0,1,0,list1
903120,1,0,0,0,1,0,list1
903141,1,0,0,0,1,0,list1
903149,1,0,0,0,1,0,list1
903180,1,0,0,0,1,0,list1
903190,1,0,1,0,2,1,list1
903210,1,0,0,0,1,0,list1
903220,1,0,0,0,1,0,list1
903281,1,0,0,0,1,0,list1
903289,1,0,0,0,1,0,list1
903290,1,0,0,0,1,0,list1
903300,1,0,0,0,1,0,list1
910111,0,0,0,1,1,0,list4a
910119,0,0,0,1,1,0,list4a
910121,0,0,0,1,1,0,list4a
910129,0,0,0,1,1,0,list4a
910191,0,0,0,1,1,0,list4a
910199,0,0,0,1,1,0,list4a
910211,0,0,0,1,1,0,list4a
910212,0,0,0,1,1,0,list4a
910219,0,0,0,1,1,0,list4a
910221,0,0,0,1,1,0,list4a
910229,0,0,0,1,1,0,list4a
910291,0,0,0,1,1,0,list4a
910299,0,0,0,1,1,0,list4a
910310,0,0,0,1,1,0,list4a
910390,0,0,0,1,1,0,list4a
910400,0,0,1,1,2,1,list3
910519,0,0,0,1,1,0,list4a
910529,0,0,0,1,1,0,list4a
910599,0,0,0,1,1,0,list4a
910610,0,0,1,0,1,0,list3
910690,0,0,1,0,1,0,list3
910700,0,0,1,0,1,0,list3
910811,0,0,0,1,1,0,list4a
910819,0,0,0,1,1,0,list4a
910820,0,0,0,1,1,0,list4a
910890,0,0,0,1,1,0,list4a
910910,0,0,0,1,1,0,list4a
910990,0,0,0,1,1,0,list4a
911011,0,0,0,1,1,0,list4a
911012,0,0,0,1,1,0,list4a
911019,0,0,0,1,1,0,list4a
911090,0,0,0,1,1,0,list4a
911110,0,0,0,1,1,0,list4a
911120,0,0,0,1,1,0,list4a
911180,0,0,0,1,1,0,list4a
911190,0,0,0,1,1,0,list4a
911220,0,0,0,1,1,0,list4a
911290,0,0,0,1,1,0,list4a
911310,0,0,0,1,1,0,list4a
911320,0,0,0,1,1,0,list4a
911390,0,0,0,1,1,0,list4a
911410,0,0,0,1,1,0,list4a
911430,0,0,0,1,1,0,list4a
911440,0,0,0,1,1,0,list4a
911490,0,0,0,1,1,0,list4a
920110,0,0,0,1,1,0,list4a
920120,0,0,0,1,1,0,list4a
920190,0,0,0,1,1,0,list4a
920290,0,0,0,1,1,0,list4a
920510,0,0,0,1,1,0,list4a
920590,0,0,0,1,1,0,list4a
920600,0,0,0,1,1,0,list4a
920710,0,0,0,1,1,0,list4a
920790,0,0,0,1,1,0,list4a
920890,0,0,0,1,1,0,list4a
920930,0,0,0,1,1,0,list4a
920991,0,0,0,1,1,0,list4a
920992,0,0,0,1,1,0,list4a
920994,0,0,0,1,1,0,list4a
920999,0,0,0,1,1,0,list4a
930110,0,0,0,1,1,0,list4a
930120,0,0,0,1,1,0,list4a
930190,0,0,0,1,1,0,list4a
930200,0,0,0,1,1,0,list4a
930310,0,0,0,1,1,0,list4a
930320,0,0,0,1,1,0,list4a
930330,0,0,0,1,1,0,list4a
930390,0,0,0,1,1,0,list4a
930400,0,0,0,1,1,0,list4a
930510,0,0,0,1,1,0,list4a
930520,0,0,0,1,1,0,list4a
930591,0,0,0,1,1,0,list4a
930599,0,0,0,1,1,0,list4a
930621,0,0,0,1,1,0,list4a
930629,0,0,0,1,1,0,list4a
930630,0,0,0,1,1,0,list4a
930690,0,0,0,1,1,0,list4a
930700,0,0,0,1,1,0,list4a
940110,0,0,0,1,1,0,list4a
940120,0,0,1,0,1,0,list3
940130,0,0,1,0,1,0,list3
940140,0,0,1,0,1,0,list3
940152,0,0,1,0,1,0,list3
940153,0,0,1,0,1,0,list3
940159,0,0,1,0,1,0,list3
940161,0,0,1,0,1,0,list3
940169,0,0,1,1,2,1,list3
940171,0,0,1,1,2,1,list3
940179,0,0,1,0,1,0,list3
940180,0,0,1,0,1,0,list3
940190,0,0,1,1,2,1,list3
940310,0,0,1,0,1,0,list3
940320,0,0,1,0,1,0,list3
940330,0,0,1,0,1,0,list3
940340,0,0,1,0,1,0,list3
940350,0,0,1,0,1,0,list3
940360,0,0,1,0,1,0,list3
940382,0,0,1,0,1,0,list3
940383,0,0,1,0,1,0,list3
940389,0,0,1,0,1,0,list3
940390,0,0,1,0,1,0,list3
940410,0,0,1,0,1,0,list3
940421,0,0,1,0,1,0,list3
940429,0,0,1,0,1,0,list3
940490,0,0,0,1,1,0,list4a
940510,0,0,1,0,1,0,list3
940520,0,0,1,0,1,0,list3
940530,0,0,1,0,1,0,list3
940540,0,0,1,0,1,0,list3
940550,0,0,1,0,1,0,list3
940560,0,0,1,0,1,0,list3
940591,0,0,1,0,1,0,list3
940592,0,0,1,0,1,0,list3
940599,0,0,1,0,1,0,list3
940610,0,0,1,0,1,0,list3
940690,0,0,1,0,1,0,list3
950420,0,0,0,1,1,0,list4a
950430,0,0,0,1,1,0,list4a
950490,0,0,0,1,1,0,list4a
950510,0,0,0,1,1,0,list4a
950611,0,0,0,1,1,0,list4a
950612,0,0,0,1,1,0,list4a
950619,0,0,0,1,1,0,list4a
950621,0,0,0,1,1,0,list4a
950629,0,0,0,1,1,0,list4a
950631,0,0,0,1,1,0,list4a
950632,0,0,0,1,1,0,list4a
950639,0,0,0,1,1,0,list4a
950651,0,0,0,1,1,0,list4a
950659,0,0,0,1,1,0,list4a
950661,0,0,0,1,1,0,list4a
950662,0,0,0,1,1,0,list4a
950669,0,0,0,1,1,0,list4a
950670,0,0,0,1,1,0,list4a
950691,0,0,0,1,1,0,list4a
950699,0,0,0,1,1,0,list4a
950720,0,0,0,1,1,0,list4a
950730,0,0,0,1,1,0,list4a
950790,0,0,0,1,1,0,list4a
950810,0,0,0,1,1,0,list4a
950890,0,0,0,1,1,0,list4a
960110,0,0,0,1,1,0,list4a
960190,0,0,0,1,1,0,list4a
960200,0,0,0,1,1,0,list4a
960310,0,0,0,1,1,0,list4a
960321,0,0,0,1,1,0,list4a
960330,0,0,0,1,1,0,list4a
960350,0,0,0,1,1,0,list4a
960390,0,0,0,1,1,0,list4a
960400,0,0,0,1,1,0,list4a
960610,0,0,1,0,1,0,list3
960621,0,0,1,0,1,0,list3
960622,0,0,1,0,1,0,list3
960629,0,0,1,0,1,0,list3
960630,0,0,1,0,1,0,list3
960711,0,0,1,0,1,0,list3
960719,0,0,1,0,1,0,list3
960720,0,0,1,0,1,0,list3
960810,0,0,0,1,1,0,list4a
960820,0,0,0,1,1,0,list4a
960830,0,0,0,1,1,0,list4a
960840,0,0,0,1,1,0,list4a
960850,0,0,0,1,1,0,list4a
960860,0,0,0,1,1,0,list4a
960891,0,0,0,1,1,0,list4a
960899,0,0,0,1,1,0,list4a
960910,0,0,0,1,1,0,list4a
960920,0,0,0,1,1,0,list4a
960990,0,0,0,1,1,0,list4a
961100,0,0,0,1,1,0,list4a
961210,0,0,0,1,1,0,list4a
961220,0,0,0,1,1,0,list4a
961310,0,0,0,1,1,0,list4a
961380,0,0,0,1,1,0,list4a
961390,0,0,0,1,1,0,list4a
961400,0,0,0,1,1,0,list4a
961610,0,0,0,1,1,0,list4a
961700,0,0,0,1,1,0,list4a
961800,0,0,0,1,1,0,list4a
961900,0,0,0,1,1,0,list4a
962000,0,0,1,0,1,0,list3
970110,0,0,0,1,1,0,list4a
970190,0,0,0,1,1,0,list4a
970200,0,0,0,1,1,0,list4a
970300,0,0,0,1,1,0,list4a
970400,0,0,0,1,1,0,list4a
970500,0,0,0,1,1,0,list4a
970600,0,0,0,1,1,0,list4a
