country_iso3_code,year,design,incumbent_period,model_period,incumbent_partner_diversification,incumbent_partner_entropy,portfolio_reallocation,incumbent_retention_rate,continuing_export_share
ABW,2015,primary_2015_2022,2015-2017,2015-2022,0.8612118694047428,2.4105192875904153,0.22891713425223387,0.6351351351351351,1.0
ABW,2016,primary_2015_2022,2015-2017,2015-2022,0.8027755400607377,2.1602367875794135,0.2868881155315503,0.7432432432432432,1.0
ABW,2017,primary_2015_2022,2015-2017,2015-2022,0.8875593745650858,2.5586421401310515,0.3330069723647226,0.7297297297297297,1.0
ABW,2018,primary_2015_2022,2015-2017,2015-2022,0.7274259670662779,1.789657380362712,0.624888432947414,0.6081081081081081,0.9984198935197611
ABW,2019,primary_2015_2022,2015-2017,2015-2022,0.7844921755754136,2.0733887529033406,0.7054489894174967,0.5945945945945946,0.9974110248998591
ABW,2020,primary_2015_2022,2015-2017,2015-2022,0.5796722888334691,1.5517556135390504,0.7415557151030212,0.5135135135135135,0.9943549868044065
ABW,2021,primary_2015_2022,2015-2017,2015-2022,0.6096042285400901,1.6559576033618353,0.7763028491967204,0.527027027027027,0.9980607337502857
ABW,2022,primary_2015_2022,2015-2017,2015-2022,0.8520014085576137,2.2904240978552375,0.8423894439331223,0.5135135135135135,0.9962365190487072
AFG,2015,primary_2015_2022,2015-2017,2015-2022,0.6522170983439284,1.5538132146554011,0.0939853225047635,0.7747747747747747,1.0
AFG,2016,primary_2015_2022,2015-2017,2015-2022,0.7260550716563733,1.712323485747282,0.12041240623923971,0.8198198198198198,1.0
AFG,2017,primary_2015_2022,2015-2017,2015-2022,0.6742043383020719,1.5710019174181933,0.057012717167825445,0.7837837837837838,1.0
AFG,2018,primary_2015_2022,2015-2017,2015-2022,0.6636407873195986,1.5853750719488158,0.06145660391033036,0.8018018018018018,0.9987622174988302
AFG,2019,primary_2015_2022,2015-2017,2015-2022,0.7111039896378222,1.5524527733337836,0.28323547329601656,0.7207207207207207,0.9984290355865537
AFG,2020,primary_2015_2022,2015-2017,2015-2022,0.7140964068659963,1.507040562344678,0.2308940364633799,0.6936936936936937,0.9997036985109227
AFG,2021,primary_2015_2022,2015-2017,2015-2022,0.7276502304041114,1.6599896607808065,0.17737365867887966,0.7567567567567568,0.9990039674488776
AFG,2022,primary_2015_2022,2015-2017,2015-2022,0.5311896835567811,1.2606953833813368,0.23315159777491445,0.6396396396396397,0.9992210155901476
AGO,2015,primary_2015_2022,2015-2017,2015-2022,0.9193691036588051,2.8222581991061,0.16864660786187693,0.7687074829931972,1.0
AGO,2016,primary_2015_2022,2015-2017,2015-2022,0.9100167997747222,2.7850147774441303,0.10313045037705815,0.8027210884353742,1.0
AGO,2017,primary_2015_2022,2015-2017,2015-2022,0.8794162379752245,2.698059644824288,0.1679244511305043,0.8775510204081632,1.0
AGO,2018,primary_2015_2022,2015-2017,2015-2022,0.8893128700843831,2.736140857125579,0.24156876868725646,0.7414965986394558,0.9999587875535386
AGO,2019,primary_2015_2022,2015-2017,2015-2022,0.885659808099425,2.734519789770863,0.3058430454227155,0.7482993197278912,0.9966921184354793
AGO,2020,primary_2015_2022,2015-2017,2015-2022,0.9055326778597123,2.793873395462299,0.32701008900483863,0.7414965986394558,0.985391301656352
AGO,2021,primary_2015_2022,2015-2017,2015-2022,0.9134564763010878,2.918960830132133,0.4178769999201237,0.7278911564625851,0.9951337203601768
AGO,2022,primary_2015_2022,2015-2017,2015-2022,0.9132227140232788,2.792727072876349,0.3413290917749413,0.6870748299319728,0.9963926398039195
AIA,2015,primary_2015_2022,2015-2017,2015-2022,0.9159601477880233,2.868132559464865,0.5227645729278946,0.5625,1.0
AIA,2016,primary_2015_2022,2015-2017,2015-2022,0.8444490558410108,2.503868109527202,0.5182571252336909,0.578125,1.0
AIA,2017,primary_2015_2022,2015-2017,2015-2022,0.24373549009881235,0.7890248426710202,0.6070513610219889,0.703125,1.0
AIA,2018,primary_2015_2022,2015-2017,2015-2022,0.2071999792280913,0.5818840761551288,0.6287807587543962,0.546875,0.9893565895026138
AIA,2019,primary_2015_2022,2015-2017,2015-2022,0.335982304983782,0.9347873338206257,0.7666826770462208,0.453125,0.6988745257632486
AIA,2020,primary_2015_2022,2015-2017,2015-2022,0.37105083933614724,0.9409252489340624,0.9060156757275558,0.34375,0.9893690421191587
AIA,2021,primary_2015_2022,2015-2017,2015-2022,0.3039975045018055,0.9008757712009672,0.8875973557629926,0.453125,0.9871402041952303
AIA,2022,primary_2015_2022,2015-2017,2015-2022,0.36353539279589264,1.0396683612729933,0.8899672559888782,0.390625,0.9277678939648213
ALB,2015,primary_2015_2022,2015-2017,2015-2022,0.7262310020083116,2.217788170224647,0.06323838892507364,0.8410596026490066,1.0
ALB,2016,primary_2015_2022,2015-2017,2015-2022,0.6994581148904505,2.154420660065477,0.03673357576237063,0.8675496688741722,1.0
ALB,2017,primary_2015_2022,2015-2017,2015-2022,0.6996969890991839,2.1727918942293023,0.05918238095168053,0.8940397350993378,1.0
ALB,2018,primary_2015_2022,2015-2017,2015-2022,0.7228058038417964,2.2062472237645347,0.08633014444471156,0.8344370860927153,0.9999006326324721
ALB,2019,primary_2015_2022,2015-2017,2015-2022,0.7493470247388209,2.325504019162193,0.10883519866946174,0.8609271523178808,0.9999068461469145
ALB,2020,primary_2015_2022,2015-2017,2015-2022,0.7498286474306616,2.3128916400702026,0.12368246505442823,0.8145695364238411,0.999854779286806
ALB,2021,primary_2015_2022,2015-2017,2015-2022,0.7598907949625624,2.3671666505408706,0.13580687398474567,0.8410596026490066,0.9994260082725822
ALB,2022,primary_2015_2022,2015-2017,2015-2022,0.8137379244824865,2.460062685195597,0.22376219128830172,0.7814569536423841,0.9997617635751527
AND,2015,primary_2015_2022,2015-2017,2015-2022,0.8199496384556667,2.5466144717324295,0.2329965454504661,0.71875,1.0
AND,2016,primary_2015_2022,2015-2017,2015-2022,0.8636508471652096,2.6743358120891347,0.18916625243654256,0.78125,1.0
AND,2017,primary_2015_2022,2015-2017,2015-2022,0.8327794322726905,2.5042785888929155,0.24019593035671788,0.765625,1.0
AND,2018,primary_2015_2022,2015-2017,2015-2022,0.7497789941124412,2.1629899350749646,0.37863097308946203,0.703125,0.9946977083811561
AND,2019,primary_2015_2022,2015-2017,2015-2022,0.7412489353061172,2.161403024356674,0.353154782553288,0.671875,0.9924741534396924
AND,2020,primary_2015_2022,2015-2017,2015-2022,0.7791447765910103,2.3225852330686125,0.4016662990035092,0.65625,0.9898777139869701
AND,2021,primary_2015_2022,2015-2017,2015-2022,0.8321821896180572,2.528808788842238,0.4082426442564539,0.6953125,0.988756797254716
AND,2022,primary_2015_2022,2015-2017,2015-2022,0.8149423791221395,2.481530289121127,0.400516060681271,0.6875,0.9883449000402537
ANS,2016,primary_2015_2022,2015-2017,2015-2022,,,,,
ANS,2020,primary_2015_2022,2015-2017,2015-2022,,,,,
ANS,2021,primary_2015_2022,2015-2017,2015-2022,,,,,
ANS,2022,primary_2015_2022,2015-2017,2015-2022,,,,,
ARE,2015,primary_2015_2022,2015-2017,2015-2022,0.946710852784203,3.4704165348432037,0.06709925994157584,0.9481132075471698,1.0
ARE,2016,primary_2015_2022,2015-2017,2015-2022,0.9474995497421124,3.477754279001137,0.06634440070049684,0.9386792452830188,1.0
ARE,2017,primary_2015_2022,2015-2017,2015-2022,0.9521358506162718,3.5405665625493823,0.08278092764996059,0.9622641509433962,1.0
ARE,2018,primary_2015_2022,2015-2017,2015-2022,0.9513033679610887,3.561700152555486,0.1273691067242148,0.9622641509433962,0.9999990599252335
ARE,2019,primary_2015_2022,2015-2017,2015-2022,0.9478304679172211,3.5418162208867034,0.15486228733380591,0.9716981132075472,0.999974630415783
ARE,2020,primary_2015_2022,2015-2017,2015-2022,0.9493014143450358,3.559950726488288,0.21377174662388265,0.9575471698113207,0.9993359901084742
ARE,2021,primary_2015_2022,2015-2017,2015-2022,0.9443248054543504,3.555120223529695,0.19166154710046626,0.9622641509433962,0.9959288022049577
ARE,2022,primary_2015_2022,2015-2017,2015-2022,0.9469768977525101,3.5880577894461254,0.16537910248457396,0.9764150943396226,0.9946643463010576
ARG,2015,primary_2015_2022,2015-2017,2015-2022,0.9337293474875978,3.5852832213404255,0.05893329971771634,0.9788359788359788,1.0
ARG,2016,primary_2015_2022,2015-2017,2015-2022,0.9432123079901062,3.6241948798145303,0.050122460379070116,0.9682539682539683,1.0
ARG,2017,primary_2015_2022,2015-2017,2015-2022,0.9421540046379343,3.666751147940243,0.04969740572993327,0.9682539682539683,1.0
ARG,2018,primary_2015_2022,2015-2017,2015-2022,0.9337308329590099,3.6022660674846305,0.08502483401828453,0.9417989417989417,0.9999796889664136
ARG,2019,primary_2015_2022,2015-2017,2015-2022,0.9387524116383942,3.6231520931021337,0.09832253972563475,0.91005291005291,0.9999767027726816
ARG,2020,primary_2015_2022,2015-2017,2015-2022,0.9471089616472627,3.661079949321554,0.1313409313664206,0.9259259259259259,0.9999751828454825
ARG,2021,primary_2015_2022,2015-2017,2015-2022,0.9430295486406074,3.6264862801597912,0.1465474089530293,0.9047619047619048,0.9999878363186903
ARG,2022,primary_2015_2022,2015-2017,2015-2022,0.9464331005085354,3.6821500566226915,0.16843961112294314,0.9153439153439153,0.999965951030957
ARM,2015,primary_2015_2022,2015-2017,2015-2022,0.8976802842624692,2.7168812222872134,0.15605097865013817,0.8083333333333333,1.0
ARM,2016,primary_2015_2022,2015-2017,2015-2022,0.8859571178393268,2.6353625418852062,0.07691281249589153,0.8,1.0
ARM,2017,primary_2015_2022,2015-2017,2015-2022,0.8480296798721182,2.473089833409582,0.1720151762603212,0.875,1.0
ARM,2018,primary_2015_2022,2015-2017,2015-2022,0.8460099643719429,2.4985463052935137,0.2187438782140789,0.8416666666666667,0.999779222233124
ARM,2019,primary_2015_2022,2015-2017,2015-2022,0.8491068330145521,2.5182657652817624,0.2314999357353034,0.775,0.9998006838208525
ARM,2020,primary_2015_2022,2015-2017,2015-2022,0.8621529785176207,2.5674960840931806,0.23836676773416982,0.7583333333333333,0.9997541947222549
ARM,2021,primary_2015_2022,2015-2017,2015-2022,0.8297627207312973,2.5165082992299457,0.25824910487924463,0.8083333333333333,0.9983022380231875
ARM,2022,primary_2015_2022,2015-2017,2015-2022,0.710383988573859,2.0182846484772585,0.44469976814418966,0.8166666666666667,0.9966488221489018
ASM,2015,primary_2015_2022,2015-2017,2015-2022,0.8566696927360524,2.6536876295435126,0.300832613222263,0.6447368421052632,1.0
ASM,2016,primary_2015_2022,2015-2017,2015-2022,0.8887491654378067,2.6496637060923827,0.2989764601265397,0.631578947368421,1.0
ASM,2017,primary_2015_2022,2015-2017,2015-2022,0.8865432292538266,2.69339759499066,0.24545552307152513,0.7105263157894737,1.0
ASM,2018,primary_2015_2022,2015-2017,2015-2022,0.7055149661971022,1.945593723316111,0.5947054052015137,0.5394736842105263,0.9440844833318504
ASM,2019,primary_2015_2022,2015-2017,2015-2022,0.7720487826567586,2.1745278448538836,0.42636361725996696,0.4473684210526316,0.8806014471825995
ASM,2020,primary_2015_2022,2015-2017,2015-2022,0.7893190297401443,2.223475914452141,0.4944918022729472,0.40789473684210525,0.9370254511824898
ASM,2021,primary_2015_2022,2015-2017,2015-2022,0.8254898612136338,2.1788892548876038,0.6060914541451986,0.5394736842105263,0.9665314541054794
ASM,2022,primary_2015_2022,2015-2017,2015-2022,0.8047204208101819,2.3083896839299625,0.4481081496682598,0.47368421052631576,0.8756949293974767
ATA,2015,primary_2015_2022,2015-2017,2015-2022,0.7654646888500255,1.7950679505304443,0.2560376258461582,0.6451612903225806,1.0
ATA,2016,primary_2015_2022,2015-2017,2015-2022,0.6630525888333225,1.5160199304403725,0.25002515115381746,0.4838709677419355,1.0
ATA,2017,primary_2015_2022,2015-2017,2015-2022,0.7615502817488481,1.6759377029817342,0.33783218894016837,0.45161290322580644,1.0
ATA,2018,primary_2015_2022,2015-2017,2015-2022,0.7089186460911538,1.5555805191763503,0.7347901483619516,0.3870967741935484,0.9000768502267189
ATA,2019,primary_2015_2022,2015-2017,2015-2022,0.6749178786295235,1.5284924730360643,0.21818511170100094,0.45161290322580644,0.831885073580939
ATA,2020,primary_2015_2022,2015-2017,2015-2022,0.6616035111353544,1.454043156880335,0.3002626808494129,0.3548387096774194,0.8339002865216323
ATA,2021,primary_2015_2022,2015-2017,2015-2022,0.7988188772567021,1.8199333630682122,0.42431967517336483,0.2903225806451613,0.7681833246775841
ATA,2022,primary_2015_2022,2015-2017,2015-2022,0.6718775671803393,1.5322056366703414,0.31143700891528936,0.3548387096774194,0.6324116956619832
ATF,2015,primary_2015_2022,2015-2017,2015-2022,0.48451811678894374,1.2369482527641047,0.12801765601578366,0.7368421052631579,1.0
ATF,2016,primary_2015_2022,2015-2017,2015-2022,0.2371105299945686,0.6573642194996422,0.07748248435274911,0.5789473684210527,1.0
ATF,2017,primary_2015_2022,2015-2017,2015-2022,0.2400713216736875,0.5780436716766408,0.09116625363122444,0.47368421052631576,1.0
ATF,2018,primary_2015_2022,2015-2017,2015-2022,0.27719085072130223,0.7348488832589919,0.08043566948719563,0.631578947368421,0.9835233068867537
ATF,2019,primary_2015_2022,2015-2017,2015-2022,0.32782081289345555,0.7848553221117471,0.09561742244688883,0.6842105263157895,0.9889867561203678
ATF,2020,primary_2015_2022,2015-2017,2015-2022,0.33776145844199423,0.8069003244756322,0.10565751010336771,0.42105263157894735,0.9476354471665246
ATF,2021,primary_2015_2022,2015-2017,2015-2022,0.34646115037661374,0.8183226351356818,0.14215205805012368,0.631578947368421,0.9238549420583333
ATF,2022,primary_2015_2022,2015-2017,2015-2022,0.34064338538718897,0.8556154098629339,0.12147962478870014,0.6842105263157895,0.9798806826026225
ATG,2015,primary_2015_2022,2015-2017,2015-2022,0.6915535882046375,1.7331297976477482,0.3733891271107236,0.6610169491525424,1.0
ATG,2016,primary_2015_2022,2015-2017,2015-2022,0.6085785477647003,1.7393516570903673,0.2849300382030473,0.6694915254237288,1.0
ATG,2017,primary_2015_2022,2015-2017,2015-2022,0.7194901072179397,1.9553272531911299,0.25778975094032913,0.7203389830508474,1.0
ATG,2018,primary_2015_2022,2015-2017,2015-2022,0.669762531461611,1.9106540209858325,0.4406585298048883,0.6101694915254238,0.9991933201033039
ATG,2019,primary_2015_2022,2015-2017,2015-2022,0.7333610793416784,1.8766193595335001,0.4430867277630501,0.576271186440678,0.987078534433522
ATG,2020,primary_2015_2022,2015-2017,2015-2022,0.66851291009321,1.5917133873904077,0.4461361470676171,0.5932203389830508,0.9984855140584534
ATG,2021,primary_2015_2022,2015-2017,2015-2022,0.869902352484428,2.5483820769761785,0.6727811900393793,0.576271186440678,0.9765318227079279
ATG,2022,primary_2015_2022,2015-2017,2015-2022,0.8199355332335347,2.1953954620925433,0.6194143086025042,0.5508474576271186,0.9672126905214484
AUS,2015,primary_2015_2022,2015-2017,2015-2022,0.9038901734393124,3.0627610128587257,0.06795337919307218,0.9906103286384976,1.0
AUS,2016,primary_2015_2022,2015-2017,2015-2022,0.9173101422591079,3.0986622597112845,0.05379349896693533,0.9765258215962441,1.0
AUS,2017,primary_2015_2022,2015-2017,2015-2022,0.9088611711606593,3.0481876186741914,0.05164391686360349,0.9765258215962441,1.0
AUS,2018,primary_2015_2022,2015-2017,2015-2022,0.8973780971848593,2.959429735559879,0.06315231893735597,0.9812206572769953,1.0
AUS,2019,primary_2015_2022,2015-2017,2015-2022,0.900619580799178,2.954186375221714,0.0919364118999787,0.971830985915493,1.0
AUS,2020,primary_2015_2022,2015-2017,2015-2022,0.9072404950486486,2.9866128498973596,0.10615834494721656,0.9671361502347418,0.9999998105074087
AUS,2021,primary_2015_2022,2015-2017,2015-2022,0.9013686254294818,2.966508765881464,0.09348538677088614,0.9577464788732394,0.9999999312192406
AUS,2022,primary_2015_2022,2015-2017,2015-2022,0.8791213984827256,2.857835596574938,0.144361138528704,0.9812206572769953,0.9999999523768976
AUT,2015,primary_2015_2022,2015-2017,2015-2022,0.8691476411582507,3.043068552050782,0.015832214664342346,0.9674418604651163,1.0
AUT,2016,primary_2015_2022,2015-2017,2015-2022,0.862296468975065,2.997823127056553,0.021746156862976714,0.9674418604651163,1.0
AUT,2017,primary_2015_2022,2015-2017,2015-2022,0.8765535913795066,3.050070378153482,0.027435491804822673,0.9674418604651163,1.0
AUT,2018,primary_2015_2022,2015-2017,2015-2022,0.8680047745350569,3.0197612726820453,0.028462147901380096,0.9720930232558139,1.0
AUT,2019,primary_2015_2022,2015-2017,2015-2022,0.877157444352995,3.0650589238524235,0.04357885175774821,0.9395348837209302,0.999999843899415
AUT,2020,primary_2015_2022,2015-2017,2015-2022,0.8740735982709905,3.0347275652363574,0.040119899901583614,0.9674418604651163,0.9999994215557967
AUT,2021,primary_2015_2022,2015-2017,2015-2022,0.8708911732869071,3.0058833591054808,0.04026221691497803,0.9720930232558139,0.9999950015179995
AUT,2022,primary_2015_2022,2015-2017,2015-2022,0.8740715237278074,2.9975161084142252,0.05721019184830022,0.9720930232558139,0.9999984163218918
AZE,2015,primary_2015_2022,2015-2017,2015-2022,0.8821627559177024,2.7244021739929005,0.12956639629992875,0.8062015503875969,1.0
AZE,2016,primary_2015_2022,2015-2017,2015-2022,0.8815820378879559,2.74720145130806,0.10329764706807733,0.8294573643410853,1.0
AZE,2017,primary_2015_2022,2015-2017,2015-2022,0.8534337130222308,2.6580402271848578,0.1383146269197888,0.8449612403100775,1.0
AZE,2018,primary_2015_2022,2015-2017,2015-2022,0.8765227957491054,2.787279303069042,0.11943547516551159,0.813953488372093,0.9950611621385205
AZE,2019,primary_2015_2022,2015-2017,2015-2022,0.8447593770616527,2.5990692221689793,0.16554938197849373,0.813953488372093,0.9998496475758353
AZE,2020,primary_2015_2022,2015-2017,2015-2022,0.853617221956104,2.68661699006197,0.27964165275665626,0.7984496124031008,0.9999577074283429
AZE,2021,primary_2015_2022,2015-2017,2015-2022,0.7539703859763143,2.3298746992485446,0.3192996727322186,0.7984496124031008,0.9988982011263328
AZE,2022,primary_2015_2022,2015-2017,2015-2022,0.7227542558370478,2.232849990625542,0.3310886054462435,0.8217054263565892,0.9999301501989408
BDI,2015,primary_2015_2022,2015-2017,2015-2022,0.6534076766724648,1.9195320195006451,0.11557978669910327,0.7530864197530864,1.0
BDI,2016,primary_2015_2022,2015-2017,2015-2022,0.7050322476141588,2.0664971599341393,0.07091675097060267,0.7654320987654321,1.0
BDI,2017,primary_2015_2022,2015-2017,2015-2022,0.7879214078692822,2.3465696061817076,0.12777609291802716,0.7777777777777778,1.0
BDI,2018,primary_2015_2022,2015-2017,2015-2022,0.738598761318914,2.2305171004884263,0.12517632129659045,0.7037037037037037,0.9972368700078637
BDI,2019,primary_2015_2022,2015-2017,2015-2022,0.6561538597251725,2.012147651123042,0.14374370680342297,0.7283950617283951,0.9824859477417872
BDI,2020,primary_2015_2022,2015-2017,2015-2022,0.8076304448312023,2.3523880639701176,0.24983449915016878,0.6296296296296297,0.9981279728486582
BDI,2021,primary_2015_2022,2015-2017,2015-2022,0.8330858593187934,2.4922195826644304,0.24624713056441908,0.7283950617283951,0.9930168562322442
BDI,2022,primary_2015_2022,2015-2017,2015-2022,0.8165501097592593,2.4807003300557966,0.27076859559129446,0.6666666666666666,0.9933794548077692
BEL,2015,primary_2015_2022,2015-2017,2015-2022,0.9058677976023956,3.0480746587583156,0.019527169337163634,0.9863013698630136,1.0
BEL,2016,primary_2015_2022,2015-2017,2015-2022,0.9095191931363212,3.090556888016709,0.013919689152725704,0.9726027397260274,1.0
BEL,2017,primary_2015_2022,2015-2017,2015-2022,0.9090091851750577,3.1013241801035507,0.0225814137454727,0.9771689497716894,1.0
BEL,2018,primary_2015_2022,2015-2017,2015-2022,0.9050193760416989,3.0667127032206345,0.04111801451604936,0.9726027397260274,1.0
BEL,2019,primary_2015_2022,2015-2017,2015-2022,0.9083002900239983,3.0939437994470955,0.035648481511495876,0.9771689497716894,0.9999997961630924
BEL,2020,primary_2015_2022,2015-2017,2015-2022,0.9009685079897249,3.0404366575705453,0.0681222880281346,0.9726027397260274,0.9999997836635962
BEL,2021,primary_2015_2022,2015-2017,2015-2022,0.8986027702130803,3.0539946546226266,0.08531020996456021,0.9634703196347032,0.9999995800940482
BEL,2022,primary_2015_2022,2015-2017,2015-2022,0.8933612939006128,3.039231133501847,0.11858865923249357,0.9680365296803652,0.9999998462757422
BEN,2015,primary_2015_2022,2015-2017,2015-2022,0.8755503851616112,2.656821672213677,0.18242436769065087,0.725,1.0
BEN,2016,primary_2015_2022,2015-2017,2015-2022,0.8535535271588186,2.5399454532694703,0.1340312555673601,0.7166666666666667,1.0
BEN,2017,primary_2015_2022,2015-2017,2015-2022,0.8589660482516643,2.51140960488028,0.1282630887279557,0.8083333333333333,1.0
BEN,2018,primary_2015_2022,2015-2017,2015-2022,0.8594757153754604,2.405467129623477,0.2541339144696174,0.6666666666666666,0.9995761860202258
BEN,2019,primary_2015_2022,2015-2017,2015-2022,0.8461336483990188,2.225583154600245,0.28406554423268593,0.6166666666666667,0.9985306738761209
BEN,2020,primary_2015_2022,2015-2017,2015-2022,0.7697076121329007,1.8831982272246344,0.3334635568167982,0.6166666666666667,0.9992284930212457
BEN,2021,primary_2015_2022,2015-2017,2015-2022,0.7720777989259873,1.9466042653192905,0.34764116850163274,0.65,0.9995821028464794
BEN,2022,primary_2015_2022,2015-2017,2015-2022,0.7953634708457316,2.1043052087190715,0.4022463288345549,0.6166666666666667,0.9982306381173461
BES,2015,primary_2015_2022,2015-2017,2015-2022,0.5167067480780505,0.9936650956089743,0.48406678092764865,0.4666666666666667,1.0
BES,2016,primary_2015_2022,2015-2017,2015-2022,0.7089263039180443,1.3537794841007056,0.43963828175972425,0.4666666666666667,1.0
BES,2017,primary_2015_2022,2015-2017,2015-2022,0.3721956962585661,0.8004937778783827,0.6081494087206115,0.8,1.0
BES,2018,primary_2015_2022,2015-2017,2015-2022,0.1608362047944636,0.3690951274081083,0.6580106599892274,0.5333333333333333,1.0
BES,2019,primary_2015_2022,2015-2017,2015-2022,0.6275814299857019,1.2190853261267507,0.5349842184374116,0.7333333333333333,0.7973204273432554
BES,2020,primary_2015_2022,2015-2017,2015-2022,0.38643791499657754,0.8155226678318923,0.5476308217331234,0.6,0.9946522278308193
BES,2021,primary_2015_2022,2015-2017,2015-2022,0.6226519029717245,1.1830462567466915,0.5380356033215532,0.5333333333333333,0.8421341125484478
BES,2022,primary_2015_2022,2015-2017,2015-2022,0.7047155156913963,1.3747095379943133,0.40739866576661377,0.5333333333333333,0.9837418157317128
BFA,2015,primary_2015_2022,2015-2017,2015-2022,0.6599500822123507,1.950549655358104,0.06638553297983577,0.8807339449541285,1.0
BFA,2016,primary_2015_2022,2015-2017,2015-2022,0.5346380738948446,1.613022204714097,0.11474432896482456,0.8256880733944955,1.0
BFA,2017,primary_2015_2022,2015-2017,2015-2022,0.6719851861840855,1.802216403892497,0.11680773646422116,0.7614678899082569,1.0
BFA,2018,primary_2015_2022,2015-2017,2015-2022,0.6436833652085359,1.7117961822522654,0.12362484215321148,0.7614678899082569,0.9996881670558808
BFA,2019,primary_2015_2022,2015-2017,2015-2022,0.6258128453647536,1.679992018703639,0.12959826214200842,0.8256880733944955,0.999254679482907
BFA,2020,primary_2015_2022,2015-2017,2015-2022,0.3875202832438531,1.1382527303315955,0.2394095157140594,0.7522935779816514,0.9998748712563699
BFA,2021,primary_2015_2022,2015-2017,2015-2022,0.400190123532739,1.1193771559085168,0.20424245791797058,0.8348623853211009,0.9998682849764118
BFA,2022,primary_2015_2022,2015-2017,2015-2022,0.48915162035534376,1.385098915362208,0.2536145914362097,0.7798165137614679,0.9997302482461269
BGD,2015,primary_2015_2022,2015-2017,2015-2022,0.925309151429003,3.1769820143258007,0.047782000284806045,0.9698492462311558,1.0
BGD,2016,primary_2015_2022,2015-2017,2015-2022,0.9290278408985873,3.220889095626695,0.042355708157513064,0.7989949748743719,1.0
BGD,2017,primary_2015_2022,2015-2017,2015-2022,0.9229846680365263,3.1878990788517236,0.04472532416427415,0.9346733668341709,1.0
BGD,2018,primary_2015_2022,2015-2017,2015-2022,0.9313618439438051,3.253967387208034,0.058262087312512756,0.9346733668341709,0.9999996103489049
BGD,2019,primary_2015_2022,2015-2017,2015-2022,0.9330950301867855,3.2562998793190974,0.09064846933942478,0.8140703517587939,0.9999995228399787
BGD,2020,primary_2015_2022,2015-2017,2015-2022,0.9304075181890671,3.253066625077831,0.1162663626214289,0.7939698492462312,1.0
BGD,2021,primary_2015_2022,2015-2017,2015-2022,0.9309411877295393,3.273303737206633,0.14602302988359794,0.8090452261306532,1.0
BGD,2022,primary_2015_2022,2015-2017,2015-2022,0.9268393282705807,3.2103392871814473,0.13746428252623305,0.7989949748743719,1.0
BGR,2015,primary_2015_2022,2015-2017,2015-2022,0.9409375868403148,3.4094925845978192,0.03347094317121589,0.9747474747474747,1.0
BGR,2016,primary_2015_2022,2015-2017,2015-2022,0.9375277612203676,3.364430902768209,0.03926594207049273,0.9494949494949495,1.0
BGR,2017,primary_2015_2022,2015-2017,2015-2022,0.9381445006055306,3.372030161950465,0.03918733958384967,0.9494949494949495,1.0
BGR,2018,primary_2015_2022,2015-2017,2015-2022,0.93304813064055,3.3243315588936317,0.06051543429903232,0.9696969696969697,0.9999996423373867
BGR,2019,primary_2015_2022,2015-2017,2015-2022,0.9427971746559213,3.4391383766765946,0.07873759270213368,0.9494949494949495,1.0
BGR,2020,primary_2015_2022,2015-2017,2015-2022,0.9336080013478661,3.3711259495677828,0.10707768567968223,0.9545454545454546,0.9999902427142007
BGR,2021,primary_2015_2022,2015-2017,2015-2022,0.9347672988295799,3.3646255072763296,0.11695435907082163,0.9545454545454546,0.9999791319615668
BGR,2022,primary_2015_2022,2015-2017,2015-2022,0.9382486445197575,3.404229732982829,0.1379041976891959,0.9545454545454546,0.9999980116571516
BHR,2015,primary_2015_2022,2015-2017,2015-2022,0.6996497887054052,2.2857925812423923,0.21919187174227836,0.8461538461538461,1.0
BHR,2016,primary_2015_2022,2015-2017,2015-2022,0.8909289720236768,3.038757712688791,0.10308016774550943,0.8402366863905325,1.0
BHR,2017,primary_2015_2022,2015-2017,2015-2022,0.9023064205723808,3.054848507059358,0.18447503247727948,0.8816568047337278,1.0
BHR,2018,primary_2015_2022,2015-2017,2015-2022,0.9078561270889938,2.9892053741133635,0.26414199465061927,0.8047337278106509,0.9978869506497782
BHR,2019,primary_2015_2022,2015-2017,2015-2022,0.8885308587884448,2.910074447104501,0.28300351242497157,0.8284023668639053,0.9986736943631164
BHR,2020,primary_2015_2022,2015-2017,2015-2022,0.9001888357377885,3.0082793169006923,0.24262708356660379,0.8106508875739645,0.9999465473747069
BHR,2021,primary_2015_2022,2015-2017,2015-2022,0.920946068131873,3.1910808144938128,0.2698391939284712,0.8698224852071006,0.999771085592717
BHR,2022,primary_2015_2022,2015-2017,2015-2022,0.9315034744743012,3.301392308168947,0.27594029424297034,0.8106508875739645,0.999233037117233
BHS,2015,primary_2015_2022,2015-2017,2015-2022,0.8095387010472967,2.2489881810316508,0.3082382908767116,0.8264462809917356,1.0
BHS,2016,primary_2015_2022,2015-2017,2015-2022,0.853208527792982,2.472571400667207,0.30288759736109355,0.7933884297520661,1.0
BHS,2017,primary_2015_2022,2015-2017,2015-2022,0.8650483849683992,2.6928320906507173,0.32007707492445014,0.8016528925619835,1.0
BHS,2018,primary_2015_2022,2015-2017,2015-2022,0.8144734433905954,2.2820275939826176,0.4816328644172879,0.6859504132231405,0.9853987801863255
BHS,2019,primary_2015_2022,2015-2017,2015-2022,0.8383411903538589,2.463775084072989,0.43469829957807665,0.628099173553719,0.9950833305848095
BHS,2020,primary_2015_2022,2015-2017,2015-2022,0.8937530330687238,2.6483571089337867,0.6134849896112418,0.6033057851239669,0.9980715545385311
BHS,2021,primary_2015_2022,2015-2017,2015-2022,0.8757614780559599,2.4303055969848137,0.6322561625311331,0.5785123966942148,0.9995167949828558
BHS,2022,primary_2015_2022,2015-2017,2015-2022,0.708277871315518,1.8512192415425655,0.7979050581897125,0.5537190082644629,0.9998393270370124
BIH,2015,primary_2015_2022,2015-2017,2015-2022,0.9156920031564714,2.9006670788468485,0.03190378391988226,0.8625,1.0
BIH,2016,primary_2015_2022,2015-2017,2015-2022,0.9146907023427819,2.878312872543863,0.025090588843774058,0.8625,1.0
BIH,2017,primary_2015_2022,2015-2017,2015-2022,0.9176612991660241,2.9279382669059926,0.03905925488664168,0.9,1.0
BIH,2018,primary_2015_2022,2015-2017,2015-2022,0.9133275274305557,2.8816734443026246,0.04988851295009645,0.875,0.9996612544341082
BIH,2019,primary_2015_2022,2015-2017,2015-2022,0.9136483885986046,2.8810073389894573,0.0552057821772928,0.84375,0.9999797641295032
BIH,2020,primary_2015_2022,2015-2017,2015-2022,0.9119851925489356,2.8692033358924554,0.07720290721534395,0.8625,0.9999634766526009
BIH,2021,primary_2015_2022,2015-2017,2015-2022,0.9064899581476302,2.8130411671663706,0.08085115838456025,0.8375,0.9999299012386743
BIH,2022,primary_2015_2022,2015-2017,2015-2022,0.8992892623391056,2.763966823560075,0.13208373511221183,0.8375,0.9997871454465281
BLM,2015,primary_2015_2022,2015-2017,2015-2022,0.5564409432721453,1.207341874933687,0.24053156276698218,0.5185185185185185,1.0
BLM,2016,primary_2015_2022,2015-2017,2015-2022,0.8087304552147521,1.8966118826022065,0.3101636493709741,0.5925925925925926,1.0
BLM,2017,primary_2015_2022,2015-2017,2015-2022,0.7203517006321246,1.6365578343263114,0.18611694193918427,0.7037037037037037,1.0
BLM,2018,primary_2015_2022,2015-2017,2015-2022,0.6693797098348059,1.4592425378095433,0.5923330283597306,0.5185185185185185,0.9898394736781911
BLM,2019,primary_2015_2022,2015-2017,2015-2022,0.44993244272060584,0.8917403950826704,0.28820537509290944,0.48148148148148145,0.980298023192724
BLM,2020,primary_2015_2022,2015-2017,2015-2022,0.11289512939703761,0.3447095878484788,0.5110768632264543,0.5925925925925926,0.9879477664702934
BLM,2021,primary_2015_2022,2015-2017,2015-2022,0.23582626904300652,0.643400520034593,0.4461722543470539,0.5185185185185185,0.977337420492309
BLM,2022,primary_2015_2022,2015-2017,2015-2022,0.8811156716481308,2.2975519534697884,0.49487670917748244,0.5925925925925926,0.010623877804809013
BLR,2015,primary_2015_2022,2015-2017,2015-2022,0.767337990224372,2.4284851720911944,0.07688435610378253,0.8823529411764706,1.0
BLR,2016,primary_2015_2022,2015-2017,2015-2022,0.6798738429304615,2.053084256497411,0.03916789873671704,0.8823529411764706,1.0
BLR,2017,primary_2015_2022,2015-2017,2015-2022,0.6629683926201326,2.029441640539635,0.05270251887909612,0.9352941176470588,1.0
BLR,2018,primary_2015_2022,2015-2017,2015-2022,0.7273284681397616,2.267445028963178,0.06200826126365432,0.9058823529411765,0.9999831672223363
BLR,2019,primary_2015_2022,2015-2017,2015-2022,0.7018842333681067,2.181071055689498,0.04792331672592265,0.9,0.9999698214817396
BLR,2020,primary_2015_2022,2015-2017,2015-2022,0.6962543440489044,2.1833857110543113,0.06311371793249809,0.9,0.9999814383132737
BLR,2021,primary_2015_2022,2015-2017,2015-2022,0.70626798007602,2.109922788715382,0.0632287290182903,0.888235294117647,0.9999921977166184
BLR,2022,primary_2015_2022,2015-2017,2015-2022,0.924686976598684,3.201282496455889,0.5417756992606338,0.7294117647058823,0.9998719461009672
BLZ,2015,primary_2015_2022,2015-2017,2015-2022,0.8720392080420871,2.8936200108898817,0.23461207203564896,0.872,1.0
BLZ,2016,primary_2015_2022,2015-2017,2015-2022,0.8536988935489539,2.6995924586322886,0.23150323323206673,0.792,1.0
BLZ,2017,primary_2015_2022,2015-2017,2015-2022,0.8937406466347138,3.032517173994799,0.21529539123781083,0.832,1.0
BLZ,2018,primary_2015_2022,2015-2017,2015-2022,0.8114668834336273,2.574216876820186,0.332268504109476,0.736,0.9984331545642984
BLZ,2019,primary_2015_2022,2015-2017,2015-2022,0.8399094179175004,2.7150026979097146,0.3390792253861391,0.712,0.9954256252101966
BLZ,2020,primary_2015_2022,2015-2017,2015-2022,0.85864649033776,2.5265189291347663,0.5011215693323796,0.656,0.9976804803430326
BLZ,2021,primary_2015_2022,2015-2017,2015-2022,0.9047852339096104,3.024556469051192,0.33598651438983357,0.712,0.8995942221541673
BLZ,2022,primary_2015_2022,2015-2017,2015-2022,0.9204172951313614,3.1033467238479147,0.3943748401370939,0.72,0.9960749164830472
BMU,2015,primary_2015_2022,2015-2017,2015-2022,0.4411842152425727,1.1726487359824518,0.6383530407112862,0.6794871794871795,1.0
BMU,2016,primary_2015_2022,2015-2017,2015-2022,0.5232288529682213,1.1161356357484054,0.620830065939122,0.6666666666666666,1.0
BMU,2017,primary_2015_2022,2015-2017,2015-2022,0.6435481792420662,1.4646461616133364,0.5910740933919382,0.7051282051282052,1.0
BMU,2018,primary_2015_2022,2015-2017,2015-2022,0.6999493999340787,1.4956894902412743,0.7545672676826131,0.5897435897435898,0.858864951657446
BMU,2019,primary_2015_2022,2015-2017,2015-2022,0.37674280954609085,0.9833028028260451,0.9171730431980015,0.5128205128205128,0.9969283276878962
BMU,2020,primary_2015_2022,2015-2017,2015-2022,0.1182887474551656,0.3651469164317002,0.8979846461004665,0.41025641025641024,0.8769557205718622
BMU,2021,primary_2015_2022,2015-2017,2015-2022,0.6294810935476376,1.3418461850515329,0.9307590700241697,0.5256410256410257,0.9761485218936073
BMU,2022,primary_2015_2022,2015-2017,2015-2022,0.7745488398293192,2.034976235076205,0.7839673519504475,0.5512820512820513,0.7928150298418324
BOL,2015,primary_2015_2022,2015-2017,2015-2022,0.7944362441551656,2.2459208214351154,0.12803386599692465,0.8549618320610687,1.0
BOL,2016,primary_2015_2022,2015-2017,2015-2022,0.876062464322035,2.6278925603100225,0.08779143628825835,0.8549618320610687,1.0
BOL,2017,primary_2015_2022,2015-2017,2015-2022,0.8833936779015925,2.5973814886908126,0.1098953703661695,0.8244274809160306,1.0
BOL,2018,primary_2015_2022,2015-2017,2015-2022,0.8778431182861264,2.5386877120876212,0.12420009652968668,0.8320610687022901,0.9953247591665529
BOL,2019,primary_2015_2022,2015-2017,2015-2022,0.8865436680537411,2.614077687930474,0.1524779169973898,0.8854961832061069,0.9969985278685486
BOL,2020,primary_2015_2022,2015-2017,2015-2022,0.8958610220729393,2.665311962579883,0.20543814864490118,0.8396946564885496,0.9982425625193958
BOL,2021,primary_2015_2022,2015-2017,2015-2022,0.9008951152921912,2.672839936681956,0.25152302206746024,0.8931297709923665,0.9996832703478664
BOL,2022,primary_2015_2022,2015-2017,2015-2022,0.8850989268506467,2.555870556166897,0.2324105802054488,0.8473282442748091,0.9998358788530088
BRA,2015,primary_2015_2022,2015-2017,2015-2022,0.9695404957905002,3.972032631568082,0.047500976801036016,0.9537037037037037,1.0
BRA,2016,primary_2015_2022,2015-2017,2015-2022,0.9676175382021475,3.960544633056964,0.027449677696549366,0.9722222222222222,1.0
BRA,2017,primary_2015_2022,2015-2017,2015-2022,0.9647282658569735,3.926079082408026,0.05219400474177636,0.9768518518518519,1.0
BRA,2018,primary_2015_2022,2015-2017,2015-2022,0.9679462209850644,3.9579076425983564,0.07692203276273743,0.9907407407407407,0.9999936865484463
BRA,2019,primary_2015_2022,2015-2017,2015-2022,0.9731747278413597,4.02238606240191,0.1044972910493902,0.9722222222222222,0.9999926077772039
BRA,2020,primary_2015_2022,2015-2017,2015-2022,0.9743194814014237,4.04270230683356,0.1346003371869031,0.9861111111111112,0.9999703025865451
BRA,2021,primary_2015_2022,2015-2017,2015-2022,0.9732297585153786,4.004348385913867,0.1563997372957838,0.9722222222222222,0.999985741883766
BRA,2022,primary_2015_2022,2015-2017,2015-2022,0.9726429837505527,3.995523733688772,0.15692603456747856,0.9861111111111112,0.9999822292434792
BRB,2015,primary_2015_2022,2015-2017,2015-2022,0.9300896969287276,3.173323123091502,0.13449371599155963,0.7651515151515151,1.0
BRB,2016,primary_2015_2022,2015-2017,2015-2022,0.943314431337845,3.3173929398165973,0.11474408112733099,0.8333333333333334,1.0
BRB,2017,primary_2015_2022,2015-2017,2015-2022,0.9484619791669203,3.3615989979573375,0.16290871459201017,0.8409090909090909,1.0
BRB,2018,primary_2015_2022,2015-2017,2015-2022,0.9524924693767356,3.4376955106742124,0.22817797042809285,0.7954545454545454,0.9979609879113143
BRB,2019,primary_2015_2022,2015-2017,2015-2022,0.9250317247367651,3.1427130901199587,0.27531748977095627,0.7803030303030303,0.9996403671374638
BRB,2020,primary_2015_2022,2015-2017,2015-2022,0.939040354052644,3.278907584744672,0.24238475181911107,0.7878787878787878,0.9931609956955582
BRB,2021,primary_2015_2022,2015-2017,2015-2022,0.9387990567932988,3.2571276476497415,0.2695116270726979,0.7651515151515151,0.9980732190964796
BRB,2022,primary_2015_2022,2015-2017,2015-2022,0.9355215099900291,3.1923402514460957,0.21727239429361428,0.7424242424242424,0.9982218054944174
BRN,2015,primary_2015_2022,2015-2017,2015-2022,0.7807821094091731,1.9339804320959162,0.08594687928220335,0.6574074074074074,1.0
BRN,2016,primary_2015_2022,2015-2017,2015-2022,0.7845553502110207,1.9647930763731618,0.0677900039614582,0.7222222222222222,1.0
BRN,2017,primary_2015_2022,2015-2017,2015-2022,0.8328409031661028,2.034624769695183,0.1253938803586113,0.7592592592592593,1.0
BRN,2018,primary_2015_2022,2015-2017,2015-2022,0.8004550984207498,1.9455444501215553,0.14756347304172418,0.6296296296296297,0.9999515466835963
BRN,2019,primary_2015_2022,2015-2017,2015-2022,0.8195677073689227,2.056967035818143,0.2005908339499635,0.6111111111111112,0.9998900362858372
BRN,2020,primary_2015_2022,2015-2017,2015-2022,0.8296969608066923,2.120898718129529,0.31578722383704205,0.5370370370370371,0.9999934539880175
BRN,2021,primary_2015_2022,2015-2017,2015-2022,0.829554681626411,2.0908198719768016,0.3609761848189544,0.5462962962962963,0.9999750726472626
BRN,2022,primary_2015_2022,2015-2017,2015-2022,0.8409529579943318,2.1226432565551465,0.5029821713375003,0.6666666666666666,0.9999875918060782
BTN,2015,primary_2015_2022,2015-2017,2015-2022,0.39336289285520676,0.9050135718025273,0.062180373212221196,0.6071428571428571,1.0
BTN,2016,primary_2015_2022,2015-2017,2015-2022,0.15874166506339582,0.47658052742824086,0.14095094009780498,0.5892857142857143,1.0
BTN,2017,primary_2015_2022,2015-2017,2015-2022,0.4506287027534265,1.026191810130416,0.10024645112008745,0.75,1.0
BTN,2018,primary_2015_2022,2015-2017,2015-2022,0.5384596215715125,1.212482463447896,0.17626354153293844,0.625,0.9987552498903686
BTN,2019,primary_2015_2022,2015-2017,2015-2022,0.46492279868275765,0.9345580901801326,0.15107569934761292,0.5892857142857143,0.9990592154956209
BTN,2020,primary_2015_2022,2015-2017,2015-2022,0.42554774614432744,0.8498198291278901,0.12072381916333622,0.5357142857142857,0.9993462449179651
BTN,2021,primary_2015_2022,2015-2017,2015-2022,0.10252910461485043,0.28757847330933556,0.15708542463366287,0.44642857142857145,0.9957977572751231
BTN,2022,primary_2015_2022,2015-2017,2015-2022,0.3849547417870849,0.8587399292819565,0.08837152386865844,0.5357142857142857,0.9919313025662009
BVT,2015,primary_2015_2022,2015-2017,2015-2022,0.2349986884920432,0.5340096593790165,0.6401933973514382,0.2631578947368421,1.0
BVT,2016,primary_2015_2022,2015-2017,2015-2022,0.7958695890888394,1.7326866867432371,0.6084902923325094,0.42105263157894735,1.0
BVT,2017,primary_2015_2022,2015-2017,2015-2022,0.47895728706773555,1.0290510814262266,0.565820832088489,0.42105263157894735,1.0
BVT,2018,primary_2015_2022,2015-2017,2015-2022,0.5011876226673921,0.79883514598377,0.4181888786488458,0.15789473684210525,0.1657212036370449
BVT,2019,primary_2015_2022,2015-2017,2015-2022,0.28874624698151896,0.46372196333293214,0.42971393927939117,0.10526315789473684,0.3609551816272488
BVT,2020,primary_2015_2022,2015-2017,2015-2022,0.7784039782179948,1.6299949472500053,0.6276633539156821,0.3157894736842105,0.7350901292601881
BVT,2021,primary_2015_2022,2015-2017,2015-2022,0.49680888400990075,0.8631376143897981,0.7359305936719686,0.15789473684210525,0.6332591493570722
BVT,2022,primary_2015_2022,2015-2017,2015-2022,0.458467919939775,0.7867052767107576,0.6564081095971508,0.15789473684210525,0.4334385946261416
BWA,2015,primary_2015_2022,2015-2017,2015-2022,0.8381333018043642,2.2073397106804675,0.12839888817836242,0.7064220183486238,1.0
BWA,2016,primary_2015_2022,2015-2017,2015-2022,0.8401683576623835,2.147042809717617,0.05584107974799913,0.7706422018348624,1.0
BWA,2017,primary_2015_2022,2015-2017,2015-2022,0.821578316517803,2.0105637303485135,0.14632817628667838,0.7522935779816514,1.0
BWA,2018,primary_2015_2022,2015-2017,2015-2022,0.8357799330110419,2.122138518870929,0.08756574763717904,0.6330275229357798,0.9999462936518764
BWA,2019,primary_2015_2022,2015-2017,2015-2022,0.842459985606913,2.1647390786509293,0.1730836925955844,0.6422018348623854,0.999745992101517
BWA,2020,primary_2015_2022,2015-2017,2015-2022,0.8180680580241325,1.9914496316169399,0.18741793282347952,0.6605504587155964,0.9998575256767105
BWA,2021,primary_2015_2022,2015-2017,2015-2022,0.7970687362264488,1.916086970369727,0.248414491841168,0.6238532110091743,0.9976785970611873
BWA,2022,primary_2015_2022,2015-2017,2015-2022,0.7959031518158534,1.9679803653726429,0.2925799980903634,0.6513761467889908,0.9917208564290269
CAF,2015,primary_2015_2022,2015-2017,2015-2022,0.9056159822967729,2.8715542339269406,0.41776594965649283,0.6538461538461539,1.0
CAF,2016,primary_2015_2022,2015-2017,2015-2022,0.8644998543088904,2.590193624680866,0.2962763488574317,0.6826923076923077,1.0
CAF,2017,primary_2015_2022,2015-2017,2015-2022,0.8548415170877879,2.7303121246100863,0.3417884395933493,0.7211538461538461,1.0
CAF,2018,primary_2015_2022,2015-2017,2015-2022,0.9232079108124195,2.9922125628091227,0.5725665634880955,0.6442307692307693,0.9908203257256749
CAF,2019,primary_2015_2022,2015-2017,2015-2022,0.8217323376307003,2.376042437787373,0.6770980366950128,0.5096153846153846,0.9948057106424406
CAF,2020,primary_2015_2022,2015-2017,2015-2022,0.7794031072219283,2.256679608314813,0.6651514061327732,0.5288461538461539,0.9376821856075298
CAF,2021,primary_2015_2022,2015-2017,2015-2022,0.7836857422257544,2.2384941274962413,0.6978491958501502,0.5576923076923077,0.9881222433941763
CAF,2022,primary_2015_2022,2015-2017,2015-2022,0.7335825021360223,2.031244969248858,0.7123798469686744,0.5192307692307693,0.9899282998476331
CAN,2015,primary_2015_2022,2015-2017,2015-2022,0.9518462452064453,3.688866725523181,0.054503034298340275,0.981651376146789,1.0
CAN,2016,primary_2015_2022,2015-2017,2015-2022,0.9402258725854914,3.5764967832994206,0.0397629736160726,0.9862385321100917,1.0
CAN,2017,primary_2015_2022,2015-2017,2015-2022,0.9483411297032005,3.6358513966052675,0.05100717786594377,0.9908256880733946,1.0
CAN,2018,primary_2015_2022,2015-2017,2015-2022,0.9529243168154093,3.6863356326463124,0.07465011305183274,0.9862385321100917,1.0
CAN,2019,primary_2015_2022,2015-2017,2015-2022,0.9488383828651931,3.636646248851017,0.07279616976274728,0.9770642201834863,1.0
CAN,2020,primary_2015_2022,2015-2017,2015-2022,0.939672697256246,3.5683657463898144,0.09073840658670852,0.9862385321100917,0.9999940324169233
CAN,2021,primary_2015_2022,2015-2017,2015-2022,0.9539351504405528,3.689980026711078,0.1109780611221104,0.9862385321100917,0.9999883955395592
CAN,2022,primary_2015_2022,2015-2017,2015-2022,0.9478608385862128,3.5831263195174836,0.12212870674924897,0.9724770642201835,0.9999869745224989
CCK,2015,primary_2015_2022,2015-2017,2015-2022,0.7042773524186512,1.8845931675898209,0.4674498664295812,0.575,1.0
CCK,2016,primary_2015_2022,2015-2017,2015-2022,0.815799054811631,2.208712086473208,0.4651475319495528,0.525,1.0
CCK,2017,primary_2015_2022,2015-2017,2015-2022,0.8457922637689884,2.4791723740014473,0.4083201068139829,0.625,1.0
CCK,2018,primary_2015_2022,2015-2017,2015-2022,0.9160994998351984,2.8000531352658236,0.6089629423169082,0.6,0.9298400596706119
CCK,2019,primary_2015_2022,2015-2017,2015-2022,0.903008454659182,2.677374036512135,0.4964864579272156,0.55,0.5484221582808666
CCK,2020,primary_2015_2022,2015-2017,2015-2022,0.8601675553661592,2.4010398898378145,0.6392348737394745,0.525,0.8349168267034981
CCK,2021,primary_2015_2022,2015-2017,2015-2022,0.8836184153022932,2.4897921516096093,0.5832331107114703,0.5,0.6271107261090124
CCK,2022,primary_2015_2022,2015-2017,2015-2022,0.8805696640795755,2.4235762254165665,0.6358622982841298,0.45,0.8070654379196156
CHE,2015,primary_2015_2022,2015-2017,2015-2022,0.9183556024311441,3.2148084892036666,0.05627239150077882,0.9727272727272728,1.0
CHE,2016,primary_2015_2022,2015-2017,2015-2022,0.9138963610766575,3.1637555950637832,0.05232037769916391,0.9727272727272728,1.0
CHE,2017,primary_2015_2022,2015-2017,2015-2022,0.9178099334516092,3.2311491377384276,0.052714367208978284,0.9727272727272728,1.0
CHE,2018,primary_2015_2022,2015-2017,2015-2022,0.9135738168604497,3.237581930963783,0.07987490646979503,0.9681818181818181,0.999999710687186
CHE,2019,primary_2015_2022,2015-2017,2015-2022,0.9163386466960473,3.2320721846704776,0.10098140082358385,0.9590909090909091,1.0
CHE,2020,primary_2015_2022,2015-2017,2015-2022,0.914957376566508,3.2840301337890145,0.14583690794621432,0.9545454545454546,0.9999985758821355
CHE,2021,primary_2015_2022,2015-2017,2015-2022,0.9194668317002805,3.2503760314386323,0.12864796711707957,0.9545454545454546,0.9999996647409553
CHE,2022,primary_2015_2022,2015-2017,2015-2022,0.9267096187516273,3.331037831339126,0.15019837684481016,0.9545454545454546,1.0
CHL,2015,primary_2015_2022,2015-2017,2015-2022,0.9465906236681267,3.4122406676279775,0.04360851161592352,0.9375,1.0
CHL,2016,primary_2015_2022,2015-2017,2015-2022,0.9382251138636424,3.3328838310166966,0.030369751442170745,0.953125,1.0
CHL,2017,primary_2015_2022,2015-2017,2015-2022,0.9359240567267253,3.30898144152307,0.044166067729483095,0.9739583333333334,1.0
CHL,2018,primary_2015_2022,2015-2017,2015-2022,0.9382890203924641,3.345467200368873,0.06446450648508512,0.953125,0.9999984107667388
CHL,2019,primary_2015_2022,2015-2017,2015-2022,0.9375373801372611,3.3604230186501094,0.08543712926117168,0.9322916666666666,0.9999940979551408
CHL,2020,primary_2015_2022,2015-2017,2015-2022,0.927941637881488,3.291900703370997,0.10400220993991366,0.9427083333333334,0.9999993494087734
CHL,2021,primary_2015_2022,2015-2017,2015-2022,0.9348775667714486,3.315952425662475,0.10149848036318318,0.921875,1.0
CHL,2022,primary_2015_2022,2015-2017,2015-2022,0.9317695587672331,3.3014626872633865,0.10312482094848824,0.9322916666666666,1.0
CHN,2015,primary_2015_2022,2015-2017,2015-2022,0.9481497318681614,3.768595300405808,0.031029609165423508,0.9952380952380953,1.0
CHN,2016,primary_2015_2022,2015-2017,2015-2022,0.951118885123848,3.7720716413453985,0.013996229890354882,0.9952380952380953,1.0
CHN,2017,primary_2015_2022,2015-2017,2015-2022,0.9551618899029367,3.7931033169447805,0.02960319628712827,1.0,1.0
CHN,2018,primary_2015_2022,2015-2017,2015-2022,0.9555541916965149,3.800348736711477,0.04479412848039539,0.9952380952380953,1.0
CHN,2019,primary_2015_2022,2015-2017,2015-2022,0.9596397420696479,3.840373221832211,0.06578009409810956,1.0,1.0
CHN,2020,primary_2015_2022,2015-2017,2015-2022,0.960274462920766,3.8315014186446477,0.09074252714982213,0.9952380952380953,1.0
CHN,2021,primary_2015_2022,2015-2017,2015-2022,0.9612507690244939,3.8534844435877647,0.09417312753255856,0.9952380952380953,1.0
CHN,2022,primary_2015_2022,2015-2017,2015-2022,0.9670489283499791,3.925922972470648,0.1206822033630647,0.9952380952380953,1.0
CIV,2015,primary_2015_2022,2015-2017,2015-2022,0.9547100910397995,3.49419258780995,0.12200332129101682,0.92,1.0
CIV,2016,primary_2015_2022,2015-2017,2015-2022,0.9492286504736789,3.4201759831836376,0.08254023037465286,0.8742857142857143,1.0
CIV,2017,primary_2015_2022,2015-2017,2015-2022,0.9509367971360907,3.4377606794408564,0.10316117523990101,0.9085714285714286,1.0
CIV,2018,primary_2015_2022,2015-2017,2015-2022,0.9453850412706816,3.3527194907222855,0.13516458568558162,0.8857142857142857,0.9999910512172504
CIV,2019,primary_2015_2022,2015-2017,2015-2022,0.9527586280893021,3.466997448535177,0.15419655878658156,0.84,0.996775739233034
CIV,2020,primary_2015_2022,2015-2017,2015-2022,0.9516541970664713,3.428829455344149,0.17873149888465195,0.8114285714285714,0.9999814489128016
CIV,2021,primary_2015_2022,2015-2017,2015-2022,0.954698896111763,3.485901962392421,0.20262010320813884,0.8171428571428572,0.999995898650277
CIV,2022,primary_2015_2022,2015-2017,2015-2022,0.9513502182822423,3.4454094278489045,0.22699921987590083,0.84,0.9999717966577352
CMR,2015,primary_2015_2022,2015-2017,2015-2022,0.9261330340578068,3.1228106887271068,0.14621068549261954,0.8679245283018868,1.0
CMR,2016,primary_2015_2022,2015-2017,2015-2022,0.9243588169100001,3.025039390809983,0.0869774461602677,0.8427672955974843,1.0
CMR,2017,primary_2015_2022,2015-2017,2015-2022,0.9312267902603475,3.1188354706020736,0.12966912138172365,0.89937106918239,1.0
CMR,2018,primary_2015_2022,2015-2017,2015-2022,0.919983141203914,2.9853453663512246,0.1558036280789385,0.8176100628930818,0.999804594678401
CMR,2019,primary_2015_2022,2015-2017,2015-2022,0.9225693829652315,3.039343348021813,0.15225135870558595,0.8050314465408805,0.999524999446473
CMR,2020,primary_2015_2022,2015-2017,2015-2022,0.9264074189973597,3.094478949028212,0.21461676046936046,0.8301886792452831,0.9996816586941529
CMR,2021,primary_2015_2022,2015-2017,2015-2022,0.9261881142713541,3.0785808275237936,0.2086951427236796,0.8364779874213837,0.9998084996563555
CMR,2022,primary_2015_2022,2015-2017,2015-2022,0.8852860080992581,2.685579694279258,0.276666023981087,0.8553459119496856,0.9997227218016529
COD,2015,primary_2015_2022,2015-2017,2015-2022,0.9026232723767633,2.7590000240811485,0.17920539688343357,0.762962962962963,1.0
COD,2016,primary_2015_2022,2015-2017,2015-2022,0.9074669178645307,2.800238178864703,0.1226496838087136,0.8518518518518519,1.0
COD,2017,primary_2015_2022,2015-2017,2015-2022,0.9172907698094337,2.900690764150011,0.1494709345772369,0.7703703703703704,1.0
COD,2018,primary_2015_2022,2015-2017,2015-2022,0.902840492332826,2.802481968235695,0.22338722637019892,0.762962962962963,0.999867352782396
COD,2019,primary_2015_2022,2015-2017,2015-2022,0.9185868773776288,2.944029084744415,0.34357297854352065,0.725925925925926,0.9998147447089277
COD,2020,primary_2015_2022,2015-2017,2015-2022,0.9204204462460783,2.9428280772508986,0.3462128369760282,0.6666666666666666,0.9945515767416168
COD,2021,primary_2015_2022,2015-2017,2015-2022,0.9268042495557882,2.964719822485544,0.386032274294709,0.725925925925926,0.9994187453293548
COD,2022,primary_2015_2022,2015-2017,2015-2022,0.9410863017300334,3.1021329013981513,0.4839138674946427,0.6814814814814815,0.9996382155194091
COG,2015,primary_2015_2022,2015-2017,2015-2022,0.9341780247319587,3.164998935101261,0.22421219732284325,0.7602739726027398,1.0
COG,2016,primary_2015_2022,2015-2017,2015-2022,0.9220524337358407,3.0018201582095174,0.19097835938311353,0.8013698630136986,1.0
COG,2017,primary_2015_2022,2015-2017,2015-2022,0.9328378846838128,3.085377103338718,0.22261187962061635,0.8698630136986302,1.0
COG,2018,primary_2015_2022,2015-2017,2015-2022,0.9137011325893192,2.9029379468286782,0.32230089991660005,0.8013698630136986,0.9999476047758087
COG,2019,primary_2015_2022,2015-2017,2015-2022,0.8516597502360609,2.4456922862103783,0.5036485077875725,0.8082191780821918,0.9994763185347536
COG,2020,primary_2015_2022,2015-2017,2015-2022,0.8597732059100321,2.621524224950817,0.49390264025518793,0.7054794520547946,0.9892091816019791
COG,2021,primary_2015_2022,2015-2017,2015-2022,0.8802114288456401,2.6808635057494943,0.5030999023004995,0.7054794520547946,0.9999371720009189
COG,2022,primary_2015_2022,2015-2017,2015-2022,0.8575158223567526,2.4944507123100603,0.5506274524012782,0.7123287671232876,0.9999722259672923
COK,2015,primary_2015_2022,2015-2017,2015-2022,0.7167149088365871,1.8092627302695752,0.17771139345281367,0.5952380952380952,1.0
COK,2016,primary_2015_2022,2015-2017,2015-2022,0.8079347666590014,2.100963406025943,0.12101782960417916,0.5476190476190477,1.0
COK,2017,primary_2015_2022,2015-2017,2015-2022,0.7545774701671419,1.9922264451851948,0.14484366516728409,0.8095238095238095,1.0
COK,2018,primary_2015_2022,2015-2017,2015-2022,0.7101080335838712,1.5038912291103625,0.393228846941534,0.42857142857142855,0.9763630962136912
COK,2019,primary_2015_2022,2015-2017,2015-2022,0.7506506212893426,1.779228423427671,0.33429246106605537,0.4523809523809524,0.9749078019759285
COK,2020,primary_2015_2022,2015-2017,2015-2022,0.585512809208292,1.3153503873941945,0.33699350928476407,0.5,0.9733802909057319
COK,2021,primary_2015_2022,2015-2017,2015-2022,0.6867295545560101,1.5074950679968544,0.28820580437240617,0.5238095238095238,0.9886245953644334
COK,2022,primary_2015_2022,2015-2017,2015-2022,0.6835101883844821,1.4578847431842108,0.3480678091087457,0.38095238095238093,0.9942657924166848
COL,2015,primary_2015_2022,2015-2017,2015-2022,0.9595966242108921,3.541002710677592,0.07611481827421931,0.921875,1.0
COL,2016,primary_2015_2022,2015-2017,2015-2022,0.961154694234781,3.6245185071038755,0.0597594561893911,0.9375,1.0
COL,2017,primary_2015_2022,2015-2017,2015-2022,0.9596786084563228,3.580392949370342,0.08872005008204822,0.9322916666666666,1.0
COL,2018,primary_2015_2022,2015-2017,2015-2022,0.9581383953464407,3.574957565627462,0.1370733114301434,0.90625,0.9999975920164849
COL,2019,primary_2015_2022,2015-2017,2015-2022,0.9565574983516548,3.5516059915931124,0.17177697383435625,0.921875,0.999986110376915
COL,2020,primary_2015_2022,2015-2017,2015-2022,0.9592198998834636,3.5890668028376385,0.20033687675599077,0.9479166666666666,0.9999994213226933
COL,2021,primary_2015_2022,2015-2017,2015-2022,0.955857763913171,3.5397700196013355,0.20310997238531647,0.9010416666666666,0.9999931143152577
COL,2022,primary_2015_2022,2015-2017,2015-2022,0.9520143182020583,3.4969870798978757,0.21053518212938804,0.921875,0.9999987305163996
COM,2015,primary_2015_2022,2015-2017,2015-2022,0.8518488465958407,2.4075235262131,0.16431873480199533,0.7,1.0
COM,2016,primary_2015_2022,2015-2017,2015-2022,0.8822837651217375,2.7214886356673196,0.14842971432699256,0.8,1.0
COM,2017,primary_2015_2022,2015-2017,2015-2022,0.8193283658504987,2.2395499038549334,0.20398657784684934,0.725,1.0
COM,2018,primary_2015_2022,2015-2017,2015-2022,0.7592348649248323,2.0231722021199583,0.3014608429784656,0.6875,0.9925524205041933
COM,2019,primary_2015_2022,2015-2017,2015-2022,0.8203505814282167,2.188072467926904,0.33860930622671803,0.5625,0.9928359430678414
COM,2020,primary_2015_2022,2015-2017,2015-2022,0.8139852068011475,2.1100473249209384,0.3825718559240488,0.525,0.9900628471454234
COM,2021,primary_2015_2022,2015-2017,2015-2022,0.8678557058998879,2.448569176520825,0.3601674626745038,0.5,0.9866961453690343
COM,2022,primary_2015_2022,2015-2017,2015-2022,0.8728866715624607,2.506694027429979,0.39729754768947956,0.6375,0.979690063145383
CPV,2015,primary_2015_2022,2015-2017,2015-2022,0.5902133907140168,1.5905675465664637,0.11773906968102985,0.6575342465753424,1.0
CPV,2016,primary_2015_2022,2015-2017,2015-2022,0.625811777785955,1.6306194007197679,0.1018214680343812,0.684931506849315,1.0
CPV,2017,primary_2015_2022,2015-2017,2015-2022,0.6895599348852188,1.814093338110495,0.1377203936882922,0.684931506849315,1.0
CPV,2018,primary_2015_2022,2015-2017,2015-2022,0.5295431515083837,1.2227620753787811,0.1514519736502887,0.5616438356164384,0.981571387204924
CPV,2019,primary_2015_2022,2015-2017,2015-2022,0.5630442092286236,1.435137194395062,0.1706514727291502,0.6712328767123288,0.9797776657567627
CPV,2020,primary_2015_2022,2015-2017,2015-2022,0.45264871309400556,1.0861208703513936,0.2051790183480762,0.3972602739726027,0.9838381136604023
CPV,2021,primary_2015_2022,2015-2017,2015-2022,0.5576486418898621,1.400544087539373,0.15356056680245936,0.5205479452054794,0.8579731129349228
CPV,2022,primary_2015_2022,2015-2017,2015-2022,0.6804820441344575,1.7732041545396893,0.23031689080309517,0.5616438356164384,0.816653082285921
CRI,2015,primary_2015_2022,2015-2017,2015-2022,0.9581744942923616,3.5318710235949107,0.04701185478123325,0.8953488372093024,1.0
CRI,2016,primary_2015_2022,2015-2017,2015-2022,0.9560441803432949,3.4898653537523296,0.023287847080247767,0.9186046511627907,1.0
CRI,2017,primary_2015_2022,2015-2017,2015-2022,0.9559479223548439,3.502572338701629,0.041173743814620425,0.9476744186046512,1.0
CRI,2018,primary_2015_2022,2015-2017,2015-2022,0.9565205402203574,3.498644378130364,0.06775445119270523,0.8895348837209303,0.9999473728043944
CRI,2019,primary_2015_2022,2015-2017,2015-2022,0.9550442901066585,3.4712782501974573,0.08272319720116159,0.877906976744186,0.9999774482327604
CRI,2020,primary_2015_2022,2015-2017,2015-2022,0.9477864451940186,3.4211132108875795,0.1154395504658225,0.872093023255814,0.9999886804443413
CRI,2021,primary_2015_2022,2015-2017,2015-2022,0.9325564837554977,3.323246450820937,0.1749920402235995,0.9069767441860465,0.9999733944852329
CRI,2022,primary_2015_2022,2015-2017,2015-2022,0.952665587727159,3.4817470163337028,0.13818744585985104,0.8953488372093024,0.999977248630264
CUB,2015,primary_2015_2022,2015-2017,2015-2022,0.9086522807601027,3.206779068983934,0.21192008514335095,0.8471337579617835,1.0
CUB,2016,primary_2015_2022,2015-2017,2015-2022,0.9054362055564625,3.1455241302602737,0.1399315113497495,0.89171974522293,1.0
CUB,2017,primary_2015_2022,2015-2017,2015-2022,0.9040497858804891,3.1484316657691567,0.14198529211782046,0.89171974522293,1.0
CUB,2018,primary_2015_2022,2015-2017,2015-2022,0.825966147352677,2.5996982585472397,0.2539249344940268,0.8598726114649682,0.999978860260745
CUB,2019,primary_2015_2022,2015-2017,2015-2022,0.8583195890548053,2.7420263077836085,0.2097970697552457,0.8343949044585988,0.9938355686468461
CUB,2020,primary_2015_2022,2015-2017,2015-2022,0.8526414041750363,2.80100353596394,0.2636905459713616,0.7961783439490446,0.9993404603227068
CUB,2021,primary_2015_2022,2015-2017,2015-2022,0.8297630952821808,2.736679602007058,0.32845979836976724,0.8280254777070064,0.9763211706819165
CUB,2022,primary_2015_2022,2015-2017,2015-2022,0.7594260066733481,2.4481162909749568,0.3723178835219112,0.7834394904458599,0.9989645553629029
CUW,2015,primary_2015_2022,2015-2017,2015-2022,0.8346197946174925,2.3710835512452713,0.24395374687771518,0.7058823529411765,1.0
CUW,2016,primary_2015_2022,2015-2017,2015-2022,0.8087407484560855,2.3606610921839306,0.18380990197593858,0.680672268907563,1.0
CUW,2017,primary_2015_2022,2015-2017,2015-2022,0.8292640909266973,2.4693709935664714,0.24582326153845416,0.8151260504201681,1.0
CUW,2018,primary_2015_2022,2015-2017,2015-2022,0.9041406623716189,2.7893670290265304,0.41455846742986585,0.7310924369747899,0.9928614375791358
CUW,2019,primary_2015_2022,2015-2017,2015-2022,0.8717398206020016,2.661203157936936,0.5339330690798758,0.6722689075630253,0.9722820107243828
CUW,2020,primary_2015_2022,2015-2017,2015-2022,0.893868408751097,2.803987703084303,0.7006386602018516,0.6554621848739496,0.9820457389951918
CUW,2021,primary_2015_2022,2015-2017,2015-2022,0.9137792457636881,2.845255150798809,0.6907715668484329,0.5462184873949579,0.9946783285700489
CUW,2022,primary_2015_2022,2015-2017,2015-2022,0.9100384576287823,2.8779210097851187,0.6066948960837194,0.5378151260504201,0.6143388519251418
CXR,2015,primary_2015_2022,2015-2017,2015-2022,0.6110820330623253,1.250705482570961,0.1390406537461251,0.5757575757575758,1.0
CXR,2016,primary_2015_2022,2015-2017,2015-2022,0.6376669529444151,1.4796588658908334,0.10000803581507905,0.696969696969697,1.0
CXR,2017,primary_2015_2022,2015-2017,2015-2022,0.49687115490615796,1.295321444830563,0.15567621936300557,0.8181818181818182,1.0
CXR,2018,primary_2015_2022,2015-2017,2015-2022,0.7011643241423651,1.521259173779595,0.20377202813716075,0.48484848484848486,0.9944970496783418
CXR,2019,primary_2015_2022,2015-2017,2015-2022,0.7627582712624934,1.7223543908880978,0.2882073159586653,0.5454545454545454,0.9561187613391388
CXR,2020,primary_2015_2022,2015-2017,2015-2022,0.7298641088461909,1.7721291164230175,0.29191772478350253,0.6060606060606061,0.9694536977484918
CXR,2021,primary_2015_2022,2015-2017,2015-2022,0.8169243239585666,2.016554448050719,0.49924841652131674,0.5757575757575758,0.9404897657413345
CXR,2022,primary_2015_2022,2015-2017,2015-2022,0.8321330357759336,2.1009721982733476,0.6407847362184337,0.6060606060606061,0.9705160204074306
CYM,2015,primary_2015_2022,2015-2017,2015-2022,0.7992218587198683,2.1580118757048634,0.5358127845830376,0.7037037037037037,1.0
CYM,2016,primary_2015_2022,2015-2017,2015-2022,0.7086552571304714,1.4293132468824972,0.3551865663048551,0.691358024691358,1.0
CYM,2017,primary_2015_2022,2015-2017,2015-2022,0.44516213265646887,0.9337043217356077,0.43041622039875893,0.6790123456790124,1.0
CYM,2018,primary_2015_2022,2015-2017,2015-2022,0.6435484887931635,1.3361123366881513,0.541575646698376,0.6172839506172839,0.9970544066770483
CYM,2019,primary_2015_2022,2015-2017,2015-2022,0.33228182178276333,0.7970777154832129,0.7796241857218424,0.6296296296296297,0.999394045442989
CYM,2020,primary_2015_2022,2015-2017,2015-2022,0.5376122014181295,1.3056116262434876,0.516494290893661,0.5802469135802469,0.9995029989558047
CYM,2021,primary_2015_2022,2015-2017,2015-2022,0.34273537865341064,0.8904527480065264,0.6958131775274936,0.5308641975308642,0.9938807611632512
CYM,2022,primary_2015_2022,2015-2017,2015-2022,0.48762443464941685,1.1910935781594505,0.6302838529616901,0.5679012345679012,0.9894501925977246
CYP,2015,primary_2015_2022,2015-2017,2015-2022,0.9605746071756096,3.682029528558366,0.19921641971570264,0.9538461538461539,1.0
CYP,2016,primary_2015_2022,2015-2017,2015-2022,0.9574023914428345,3.6932529627752393,0.147531177256354,0.9487179487179487,1.0
CYP,2017,primary_2015_2022,2015-2017,2015-2022,0.9567252483578008,3.6869326955869623,0.1587986311923107,0.9435897435897436,1.0
CYP,2018,primary_2015_2022,2015-2017,2015-2022,0.9406311950724464,3.50452235940614,0.3074955140240227,0.9384615384615385,0.9989508384354367
CYP,2019,primary_2015_2022,2015-2017,2015-2022,0.9552902249224083,3.6591267489421924,0.29145333648388433,0.9384615384615385,0.9999251424871635
CYP,2020,primary_2015_2022,2015-2017,2015-2022,0.9617344262183329,3.7294379549099252,0.23616324180371634,0.9282051282051282,0.9999938394478803
CYP,2021,primary_2015_2022,2015-2017,2015-2022,0.9568901511908373,3.641586187328654,0.2759781881951244,0.9487179487179487,0.999824474955065
CYP,2022,primary_2015_2022,2015-2017,2015-2022,0.9531619376711963,3.5827136505063755,0.3158890073525029,0.9435897435897436,0.999961365887203
CZE,2015,primary_2015_2022,2015-2017,2015-2022,0.868853618928507,2.9158051712415904,0.015740655189335477,0.9466019417475728,1.0
CZE,2016,primary_2015_2022,2015-2017,2015-2022,0.8624166616746316,2.8848250389311083,0.01517446359951814,0.9660194174757282,1.0
CZE,2017,primary_2015_2022,2015-2017,2015-2022,0.8715984331519437,2.9311231700916682,0.018438514735545593,0.9660194174757282,1.0
CZE,2018,primary_2015_2022,2015-2017,2015-2022,0.865954337409204,2.9048059847453027,0.028356751581502457,0.9514563106796117,0.9999974883451196
CZE,2019,primary_2015_2022,2015-2017,2015-2022,0.8706734026909013,2.9321862411196014,0.030592089079963112,0.9368932038834952,0.9999954624655601
CZE,2020,primary_2015_2022,2015-2017,2015-2022,0.8709403974835958,2.941786759958853,0.03720068990192167,0.9466019417475728,0.999991049912582
CZE,2021,primary_2015_2022,2015-2017,2015-2022,0.8721101146202709,2.9423517537947443,0.04962313339743081,0.9320388349514563,0.9999897646568947
CZE,2022,primary_2015_2022,2015-2017,2015-2022,0.8726363083740802,2.937295315769946,0.06116997729705505,0.941747572815534,0.9999912413284044
DEU,2015,primary_2015_2022,2015-2017,2015-2022,0.9570331175889846,3.623227054295897,0.019700172062691437,0.9954954954954955,1.0
DEU,2016,primary_2015_2022,2015-2017,2015-2022,0.9579660810012952,3.6279109143638193,0.009947596787876455,1.0,1.0
DEU,2017,primary_2015_2022,2015-2017,2015-2022,0.9584516621835122,3.6326660770546484,0.01980775901189303,0.9819819819819819,1.0
DEU,2018,primary_2015_2022,2015-2017,2015-2022,0.9585589810654217,3.6286739797704035,0.03897915530984586,0.9864864864864865,0.9999999469663658
DEU,2019,primary_2015_2022,2015-2017,2015-2022,0.9588743385215084,3.6348750968562316,0.04035185338238396,0.9954954954954955,0.9999996986273825
DEU,2020,primary_2015_2022,2015-2017,2015-2022,0.9573017017135091,3.603231905217923,0.04621884256558147,0.9864864864864865,0.9999999835131099
DEU,2021,primary_2015_2022,2015-2017,2015-2022,0.9567674659406876,3.5921990297118684,0.06512599860720247,0.990990990990991,0.9999999901162453
DEU,2022,primary_2015_2022,2015-2017,2015-2022,0.9566647023672866,3.5966923761831464,0.07734100080870333,0.9864864864864865,0.9999999714405449
DJI,2015,primary_2015_2022,2015-2017,2015-2022,0.8150414465837367,2.3262637777981627,0.24730707446969807,0.6666666666666666,1.0
DJI,2016,primary_2015_2022,2015-2017,2015-2022,0.8498528361485872,2.669843538162554,0.15968538390202816,0.6896551724137931,1.0
DJI,2017,primary_2015_2022,2015-2017,2015-2022,0.7824958642866966,2.5257376379571297,0.25727312328156615,0.7241379310344828,1.0
DJI,2018,primary_2015_2022,2015-2017,2015-2022,0.8018974003286125,2.2166806491912823,0.3942674587444409,0.632183908045977,0.9931840819624241
DJI,2019,primary_2015_2022,2015-2017,2015-2022,0.781367503265106,2.070232780376637,0.4101240592031352,0.5862068965517241,0.9984495388048971
DJI,2020,primary_2015_2022,2015-2017,2015-2022,0.7872579345217259,2.060772464568814,0.7156669794316906,0.47126436781609193,0.9941864400830736
DJI,2021,primary_2015_2022,2015-2017,2015-2022,0.2931278953899813,0.8586749634445321,0.8685308036460808,0.7011494252873564,0.9643625943823985
DJI,2022,primary_2015_2022,2015-2017,2015-2022,0.20954097396067828,0.6701069056587745,0.8789167366039632,0.7816091954022989,0.9498883908033551
DMA,2015,primary_2015_2022,2015-2017,2015-2022,0.7442589607002379,2.2941830661657736,0.39002995040242866,0.6176470588235294,1.0
DMA,2016,primary_2015_2022,2015-2017,2015-2022,0.8518485183477698,2.8311520534456536,0.3717018914357059,0.7549019607843137,1.0
DMA,2017,primary_2015_2022,2015-2017,2015-2022,0.88203664473653,2.8191598062940453,0.2902222367083281,0.8137254901960784,1.0
DMA,2018,primary_2015_2022,2015-2017,2015-2022,0.7551944271840181,2.1014723178680907,0.5816503460127322,0.6470588235294118,0.9953557485468244
DMA,2019,primary_2015_2022,2015-2017,2015-2022,0.8134544294755426,2.481902680148751,0.522624773012774,0.6666666666666666,0.98222267564078
DMA,2020,primary_2015_2022,2015-2017,2015-2022,0.9108153834097759,3.041492434606937,0.4181874358864955,0.6666666666666666,0.8971849749364098
DMA,2021,primary_2015_2022,2015-2017,2015-2022,0.9052587421249391,3.1140167482152092,0.5239742316070881,0.5980392156862745,0.9603063301395327
DMA,2022,primary_2015_2022,2015-2017,2015-2022,0.9235920319452391,3.1519156761052516,0.5573229017931196,0.6078431372549019,0.9774167173518012
DNK,2015,primary_2015_2022,2015-2017,2015-2022,0.9250202850164443,3.3239959922950453,0.028017986067255737,0.9863013698630136,1.0
DNK,2016,primary_2015_2022,2015-2017,2015-2022,0.9239448077787179,3.302285918849546,0.022149295009021838,0.9680365296803652,1.0
DNK,2017,primary_2015_2022,2015-2017,2015-2022,0.9270891992853219,3.3222826879686114,0.030723652590889747,0.9680365296803652,1.0
DNK,2018,primary_2015_2022,2015-2017,2015-2022,0.925476665870196,3.3089330999889377,0.05898191009208959,0.9863013698630136,0.9999995975291839
DNK,2019,primary_2015_2022,2015-2017,2015-2022,0.9278261446484333,3.3167402583662264,0.05534554930406979,0.9726027397260274,1.0
DNK,2020,primary_2015_2022,2015-2017,2015-2022,0.930681330102505,3.341464350709809,0.0755304423839643,0.9726027397260274,1.0
DNK,2021,primary_2015_2022,2015-2017,2015-2022,0.9315799679157497,3.360863396833885,0.07216809831461408,0.9634703196347032,0.999999649750047
DNK,2022,primary_2015_2022,2015-2017,2015-2022,0.9262013314195722,3.330903773585035,0.10582331680160574,0.9863013698630136,0.9999998665307475
DOM,2015,primary_2015_2022,2015-2017,2015-2022,0.8639540632683624,2.8347079923546703,0.06881952076082457,0.9074074074074074,1.0
DOM,2016,primary_2015_2022,2015-2017,2015-2022,0.8933686025108732,2.9464133649081408,0.05603818357173837,0.9012345679012346,1.0
DOM,2017,primary_2015_2022,2015-2017,2015-2022,0.88826976476052,2.980805639228455,0.04880894602301275,0.8950617283950617,1.0
DOM,2018,primary_2015_2022,2015-2017,2015-2022,0.8976734429614736,3.0757399620696724,0.08457549060863895,0.8765432098765432,0.9999089073172157
DOM,2019,primary_2015_2022,2015-2017,2015-2022,0.8965181852063521,3.0299722037479047,0.1740493748539755,0.8518518518518519,0.9998904129152264
DOM,2020,primary_2015_2022,2015-2017,2015-2022,0.8882519952206333,2.9878892995683493,0.31184780777163307,0.8518518518518519,0.9997374444966838
DOM,2021,primary_2015_2022,2015-2017,2015-2022,0.9080431695919717,3.122342909347706,0.27285801243835445,0.8641975308641975,0.9997814760384149
DOM,2022,primary_2015_2022,2015-2017,2015-2022,0.9057599433693018,3.145731743383767,0.29451036530018027,0.8641975308641975,0.9998719896446929
DZA,2015,primary_2015_2022,2015-2017,2015-2022,0.899982663638894,2.789230022597625,0.12044695479511412,0.9090909090909091,1.0
DZA,2016,primary_2015_2022,2015-2017,2015-2022,0.8932128623951764,2.7316438359545954,0.0677062199106015,0.8391608391608392,1.0
DZA,2017,primary_2015_2022,2015-2017,2015-2022,0.9017430317215319,2.8362294187654893,0.08949069721561523,0.8671328671328671,1.0
DZA,2018,primary_2015_2022,2015-2017,2015-2022,0.9037718128267325,2.7700768315638205,0.14279453273272819,0.7902097902097902,0.9997397997975068
DZA,2019,primary_2015_2022,2015-2017,2015-2022,0.9165388872356711,2.889235393638975,0.18052285018229822,0.7622377622377622,0.9986695175937312
DZA,2020,primary_2015_2022,2015-2017,2015-2022,0.9134561181371773,2.941445161971441,0.17498681630989257,0.7552447552447552,0.9995197714489963
DZA,2021,primary_2015_2022,2015-2017,2015-2022,0.8990241545961183,2.821779067679523,0.1650935774962648,0.7902097902097902,0.9996172713887683
DZA,2022,primary_2015_2022,2015-2017,2015-2022,0.8595874273916995,2.645280386844733,0.24814573986944044,0.7902097902097902,0.9991382093391245
ECU,2015,primary_2015_2022,2015-2017,2015-2022,0.9536748740269058,3.5024131802690546,0.09989591137805211,0.8729281767955801,1.0
ECU,2016,primary_2015_2022,2015-2017,2015-2022,0.9500143703863514,3.4607838889343303,0.049592496453363534,0.9005524861878453,1.0
ECU,2017,primary_2015_2022,2015-2017,2015-2022,0.9451571699347141,3.363225630537894,0.0791012979440194,0.9060773480662984,1.0
ECU,2018,primary_2015_2022,2015-2017,2015-2022,0.9422127137969936,3.348298423830326,0.13102192894961662,0.8950276243093923,0.9999780665341313
ECU,2019,primary_2015_2022,2015-2017,2015-2022,0.9436061826082731,3.398652851729529,0.1703015807198051,0.850828729281768,0.9998193845840664
ECU,2020,primary_2015_2022,2015-2017,2015-2022,0.939716059327331,3.452616903204194,0.2506160233952729,0.8674033149171271,0.999973544006158
ECU,2021,primary_2015_2022,2015-2017,2015-2022,0.9315528008379275,3.376607288104858,0.26797627703312993,0.8784530386740331,0.9999940354770063
ECU,2022,primary_2015_2022,2015-2017,2015-2022,0.922874685525751,3.2956714053146126,0.30691557704487227,0.8453038674033149,0.9999937073200007
EGY,2015,primary_2015_2022,2015-2017,2015-2022,0.9597993815853416,3.7092961364073487,0.10402987372837452,0.9308510638297872,1.0
EGY,2016,primary_2015_2022,2015-2017,2015-2022,0.9579235696805952,3.6838213026408404,0.06886491967971245,0.9574468085106383,1.0
EGY,2017,primary_2015_2022,2015-2017,2015-2022,0.9597243388343006,3.7394943933214138,0.07592505266555555,0.9680851063829787,1.0
EGY,2018,primary_2015_2022,2015-2017,2015-2022,0.9658943984015776,3.818866984529936,0.12341587662312432,0.973404255319149,1.0
EGY,2019,primary_2015_2022,2015-2017,2015-2022,0.9662866770782212,3.808370947142415,0.14799214566154154,0.9468085106382979,0.9991660156035536
EGY,2020,primary_2015_2022,2015-2017,2015-2022,0.9622098063369932,3.796436180450679,0.14142322290002168,0.9361702127659575,0.9999791788321098
EGY,2021,primary_2015_2022,2015-2017,2015-2022,0.9679335688549326,3.859804030731599,0.21457328072933307,0.9361702127659575,0.9994236061589253
EGY,2022,primary_2015_2022,2015-2017,2015-2022,0.9651180849770278,3.8031340077883744,0.22478081356583748,0.9521276595744681,0.9999036532774935
ERI,2015,primary_2015_2022,2015-2017,2015-2022,0.6004824829123346,1.4201092628523764,0.4241293549510045,0.6101694915254238,1.0
ERI,2016,primary_2015_2022,2015-2017,2015-2022,0.6881986434613265,1.5338345644373097,0.17571200950745605,0.576271186440678,1.0
ERI,2017,primary_2015_2022,2015-2017,2015-2022,0.6107422563535252,1.2209276036416763,0.4376528243087184,0.576271186440678,1.0
ERI,2018,primary_2015_2022,2015-2017,2015-2022,0.42962379426656283,0.7193294186951135,0.49165256493916176,0.4915254237288136,0.991499655053391
ERI,2019,primary_2015_2022,2015-2017,2015-2022,0.5020574623006913,0.7825137709902633,0.5004230522123977,0.423728813559322,0.995094859286149
ERI,2020,primary_2015_2022,2015-2017,2015-2022,0.3542345994988494,0.7007162416784601,0.50392502259859,0.3728813559322034,0.9978758639591571
ERI,2021,primary_2015_2022,2015-2017,2015-2022,0.487727297637343,0.7777534334099462,0.49259041349354143,0.3898305084745763,0.9853204387943661
ERI,2022,primary_2015_2022,2015-2017,2015-2022,0.48951245036941793,0.9572348487448181,0.4931545219470457,0.4576271186440678,0.9895203579533293
ESP,2015,primary_2015_2022,2015-2017,2015-2022,0.9357411420838654,3.4592035560937067,0.021729126367708927,0.9727272727272728,1.0
ESP,2016,primary_2015_2022,2015-2017,2015-2022,0.9334708879407669,3.412052457316605,0.019106052413102745,0.990909090909091,1.0
ESP,2017,primary_2015_2022,2015-2017,2015-2022,0.9347759876402768,3.436578559830621,0.020337660852993232,0.9772727272727273,1.0
ESP,2018,primary_2015_2022,2015-2017,2015-2022,0.9365914560332124,3.459687818376905,0.04350558228307787,0.9545454545454546,1.0
ESP,2019,primary_2015_2022,2015-2017,2015-2022,0.9353541713509131,3.4411009649016844,0.04877017417379039,0.9818181818181818,1.0
ESP,2020,primary_2015_2022,2015-2017,2015-2022,0.927927802254244,3.3553582901193133,0.06840845136061767,0.9727272727272728,1.0
ESP,2021,primary_2015_2022,2015-2017,2015-2022,0.9290490706338771,3.364065602033937,0.08454320670232146,0.9818181818181818,0.9999999115157929
ESP,2022,primary_2015_2022,2015-2017,2015-2022,0.9256626305720795,3.3166093374008074,0.09199865670551642,0.9727272727272728,0.9999999475052522
EST,2015,primary_2015_2022,2015-2017,2015-2022,0.9136944019611247,3.049674426858193,0.043891093834911674,0.9184782608695652,1.0
EST,2016,primary_2015_2022,2015-2017,2015-2022,0.9143571246587381,3.0502108755359387,0.038721210371124304,0.9239130434782609,1.0
EST,2017,primary_2015_2022,2015-2017,2015-2022,0.9209939882286666,3.104862486092518,0.04616865613907756,0.9565217391304348,1.0
EST,2018,primary_2015_2022,2015-2017,2015-2022,0.9240007391778775,3.1481540861083985,0.09758271200695295,0.9239130434782609,0.9999918674831357
EST,2019,primary_2015_2022,2015-2017,2015-2022,0.9239933084966171,3.1446562929793407,0.11693783756084217,0.9239130434782609,0.9999875827481033
EST,2020,primary_2015_2022,2015-2017,2015-2022,0.9217050014363731,3.1363392805458163,0.1305925974313669,0.9510869565217391,0.9999956522392757
EST,2021,primary_2015_2022,2015-2017,2015-2022,0.922503984382242,3.13755839921386,0.14450124327840713,0.9510869565217391,0.9999887831544039
EST,2022,primary_2015_2022,2015-2017,2015-2022,0.917507686394026,3.101537845088102,0.14499276499109445,0.9510869565217391,0.9999866448994076
ETH,2015,primary_2015_2022,2015-2017,2015-2022,0.9297232063590543,3.237106496882097,0.09787391630956924,0.9192546583850931,1.0
ETH,2016,primary_2015_2022,2015-2017,2015-2022,0.940074593932963,3.343650733209746,0.09351273216641295,0.9254658385093167,1.0
ETH,2017,primary_2015_2022,2015-2017,2015-2022,0.9492565873465098,3.4372562732264824,0.09856852910297823,0.9440993788819876,1.0
ETH,2018,primary_2015_2022,2015-2017,2015-2022,0.9577039048143606,3.546126569236853,0.18545737917424202,0.9130434782608695,0.9995238599836991
ETH,2019,primary_2015_2022,2015-2017,2015-2022,0.9504217201689973,3.430974599789826,0.25984997517375275,0.8819875776397516,0.9990367797152417
ETH,2020,primary_2015_2022,2015-2017,2015-2022,0.9497461088630135,3.4417196744209506,0.2680473874154805,0.8881987577639752,0.9998393656937524
ETH,2021,primary_2015_2022,2015-2017,2015-2022,0.9171559503024203,3.1705560738453356,0.358313136804504,0.9192546583850931,0.9997724266402529
ETH,2022,primary_2015_2022,2015-2017,2015-2022,0.9372387892883411,3.286926144044435,0.287234849098617,0.8757763975155279,0.9999015813405429
FIN,2015,primary_2015_2022,2015-2017,2015-2022,0.9375753965341017,3.431051491164359,0.030821639103772027,0.9666666666666667,1.0
FIN,2016,primary_2015_2022,2015-2017,2015-2022,0.9383817740577152,3.429683054008563,0.026324240419996384,0.9571428571428572,1.0
FIN,2017,primary_2015_2022,2015-2017,2015-2022,0.9361955062191125,3.390036697171838,0.03438399751745835,0.9619047619047619,1.0
FIN,2018,primary_2015_2022,2015-2017,2015-2022,0.9348917531027352,3.383376396854611,0.047015502321522185,0.9333333333333333,1.0
FIN,2019,primary_2015_2022,2015-2017,2015-2022,0.9328817957979241,3.377372812256614,0.05972478266116784,0.9333333333333333,0.9999893093080761
FIN,2020,primary_2015_2022,2015-2017,2015-2022,0.9348852600288051,3.3930321114798803,0.04903455191040693,0.9523809523809523,0.9999990910965889
FIN,2021,primary_2015_2022,2015-2017,2015-2022,0.9393921050137379,3.4107498112727583,0.08220421883021563,0.9380952380952381,0.9999936150677339
FIN,2022,primary_2015_2022,2015-2017,2015-2022,0.9448159937711177,3.475876684489771,0.10119676727088463,0.919047619047619,0.9999947330541595
FJI,2015,primary_2015_2022,2015-2017,2015-2022,0.9186290762092865,3.066516756258785,0.09501572746512099,0.768,1.0
FJI,2016,primary_2015_2022,2015-2017,2015-2022,0.9015251622035678,2.9444869617279457,0.09065178904684228,0.832,1.0
FJI,2017,primary_2015_2022,2015-2017,2015-2022,0.9150001341742198,3.0792658386520775,0.08122849848476407,0.816,1.0
FJI,2018,primary_2015_2022,2015-2017,2015-2022,0.9108974928181649,2.9944388586103217,0.16473641935766317,0.776,0.9837389126583895
FJI,2019,primary_2015_2022,2015-2017,2015-2022,0.909665332126949,2.9912149132156043,0.14573905591264166,0.728,0.984773142812029
FJI,2020,primary_2015_2022,2015-2017,2015-2022,0.9225854398199195,3.0622718272262386,0.15742471099193997,0.672,0.9992446186824254
FJI,2021,primary_2015_2022,2015-2017,2015-2022,0.9111452148587651,2.982871453343725,0.18855850361565202,0.688,0.9988151442581515
FJI,2022,primary_2015_2022,2015-2017,2015-2022,0.9272746702742106,3.0639132533921454,0.22485166394335515,0.672,0.9989087915309266
FLK,2015,primary_2015_2022,2015-2017,2015-2022,0.4135876856354902,1.1850183419973606,0.07264559552636786,0.625,1.0
FLK,2016,primary_2015_2022,2015-2017,2015-2022,0.3724653798247398,0.9789512481791742,0.05302707784838433,0.75,1.0
FLK,2017,primary_2015_2022,2015-2017,2015-2022,0.3086552334134516,0.905989400803896,0.07083046527729182,0.7142857142857143,1.0
FLK,2018,primary_2015_2022,2015-2017,2015-2022,0.3369514314893083,0.9656331266144524,0.06665869994830814,0.6785714285714286,0.9959640201499101
FLK,2019,primary_2015_2022,2015-2017,2015-2022,0.32218596945414846,0.9373037727957851,0.09233956242235175,0.6607142857142857,0.9945812412890006
FLK,2020,primary_2015_2022,2015-2017,2015-2022,0.5419153037693925,1.0868827302394268,0.32352630583652975,0.5535714285714286,0.9661995146472392
FLK,2021,primary_2015_2022,2015-2017,2015-2022,0.3516313603217691,0.9517435291093548,0.09715010062419902,0.5535714285714286,0.9855036714589873
FLK,2022,primary_2015_2022,2015-2017,2015-2022,0.39639487619411695,0.9841359015342035,0.11562049192110405,0.48214285714285715,0.9862595947046912
FRA,2015,primary_2015_2022,2015-2017,2015-2022,0.9376422381445011,3.5331021634892914,0.032883074597061274,0.990990990990991,1.0
FRA,2016,primary_2015_2022,2015-2017,2015-2022,0.9373404490707576,3.5034792875340224,0.018236792938390575,0.9954954954954955,1.0
FRA,2017,primary_2015_2022,2015-2017,2015-2022,0.9416249721974083,3.5345801387490825,0.031388722884223764,0.990990990990991,1.0
FRA,2018,primary_2015_2022,2015-2017,2015-2022,0.9394425778861051,3.5069546053815444,0.040088746367958915,0.9819819819819819,0.9999998428756868
FRA,2019,primary_2015_2022,2015-2017,2015-2022,0.941641332302525,3.533524145578828,0.04770766779143899,0.9774774774774775,1.0
FRA,2020,primary_2015_2022,2015-2017,2015-2022,0.9401512655905055,3.5041615823823866,0.05632529362598934,0.963963963963964,0.9999997519256195
FRA,2021,primary_2015_2022,2015-2017,2015-2022,0.9403667284105217,3.4888797756005685,0.07547608362168225,0.9684684684684685,0.999999899009488
FRA,2022,primary_2015_2022,2015-2017,2015-2022,0.9394576355018818,3.4653289605408064,0.09273646470082303,0.9774774774774775,1.0
FRO,2015,primary_2015_2022,2015-2017,2015-2022,0.8411315621513207,2.2392349260682405,0.048343510869291666,0.75,1.0
FRO,2016,primary_2015_2022,2015-2017,2015-2022,0.8307825986770947,2.19690376376185,0.06762594749910555,0.7763157894736842,1.0
FRO,2017,primary_2015_2022,2015-2017,2015-2022,0.832622801589852,2.191839940694852,0.050778994074732124,0.7894736842105263,1.0
FRO,2018,primary_2015_2022,2015-2017,2015-2022,0.8399139063933561,2.255953567735016,0.06176133268969671,0.7631578947368421,0.9967443113104782
FRO,2019,primary_2015_2022,2015-2017,2015-2022,0.829766825686974,2.1679636535358395,0.06798380231256439,0.7236842105263158,0.9887977421164992
FRO,2020,primary_2015_2022,2015-2017,2015-2022,0.8346657201674617,2.175144840597941,0.08974519938918456,0.6447368421052632,0.9844222720147219
FRO,2021,primary_2015_2022,2015-2017,2015-2022,0.8201692478800348,2.1257328584121873,0.12121351531511948,0.7368421052631579,0.9858911797963231
FRO,2022,primary_2015_2022,2015-2017,2015-2022,0.8052809041499066,2.1260994703809093,0.3384347626276652,0.6052631578947368,0.991489478799217
FSM,2015,primary_2015_2022,2015-2017,2015-2022,0.6419803481439658,1.5175424250529375,0.15719338074489148,0.8275862068965517,1.0
FSM,2016,primary_2015_2022,2015-2017,2015-2022,0.5192662756761852,1.0733935360476823,0.0928627197828993,0.6206896551724138,1.0
FSM,2017,primary_2015_2022,2015-2017,2015-2022,0.37088648731829976,0.8183057015527031,0.17791723242904603,0.6896551724137931,1.0
FSM,2018,primary_2015_2022,2015-2017,2015-2022,0.4955946889248529,0.9922033402498955,0.12743103376369402,0.5517241379310345,0.9865503900010902
FSM,2019,primary_2015_2022,2015-2017,2015-2022,0.2833397404076421,0.6309589249406239,0.14786223420101252,0.4827586206896552,0.9198867253595442
FSM,2020,primary_2015_2022,2015-2017,2015-2022,0.29088548239312806,0.5957000890285097,0.24647899891369474,0.3793103448275862,0.9916530189882676
FSM,2021,primary_2015_2022,2015-2017,2015-2022,0.22755715007799404,0.49164427104541125,0.21060329641771255,0.5172413793103449,0.9873000817958687
FSM,2022,primary_2015_2022,2015-2017,2015-2022,0.3161793316574337,0.66617189206041,0.2347495760002829,0.5172413793103449,0.9708318397340139
GAB,2015,primary_2015_2022,2015-2017,2015-2022,0.9244743065711976,3.0156428468495964,0.2285463030989272,0.84,1.0
GAB,2016,primary_2015_2022,2015-2017,2015-2022,0.8804200209723138,2.826479469746764,0.20409566432833232,0.8933333333333333,1.0
GAB,2017,primary_2015_2022,2015-2017,2015-2022,0.9395870133300628,3.191650682244818,0.23850481405321866,0.8533333333333334,1.0
GAB,2018,primary_2015_2022,2015-2017,2015-2022,0.9447231475237506,3.268063650803045,0.3337788357741743,0.84,0.9775595981204893
GAB,2019,primary_2015_2022,2015-2017,2015-2022,0.9458372886744029,3.3075420776874447,0.43220525754859074,0.8266666666666667,0.9870615203548389
GAB,2020,primary_2015_2022,2015-2017,2015-2022,0.9443727884139977,3.301684387611512,0.4794214968767403,0.8066666666666666,0.9570284933446839
GAB,2021,primary_2015_2022,2015-2017,2015-2022,0.9338646396151389,3.145304049717235,0.4771073129080658,0.78,0.9934731901483187
GAB,2022,primary_2015_2022,2015-2017,2015-2022,0.9443658922240021,3.220807192508502,0.48387380357953724,0.7933333333333333,0.9605203393717512
GBR,2015,primary_2015_2022,2015-2017,2015-2022,0.950436694110712,3.5635385635379135,0.04351294197565732,1.0,1.0
GBR,2016,primary_2015_2022,2015-2017,2015-2022,0.9520522157799396,3.5903944291442746,0.026719626100798227,0.9866071428571429,1.0
GBR,2017,primary_2015_2022,2015-2017,2015-2022,0.9516233478801894,3.5783917842571156,0.04013753805901607,0.9866071428571429,1.0
GBR,2018,primary_2015_2022,2015-2017,2015-2022,0.9508895332117895,3.5651301664219357,0.041224852124666894,0.9910714285714286,1.0
GBR,2019,primary_2015_2022,2015-2017,2015-2022,0.9511119008360923,3.594717460842177,0.0702118004895906,0.9910714285714286,1.0
GBR,2020,primary_2015_2022,2015-2017,2015-2022,0.9481755671610446,3.5418838587451136,0.07758349682060817,0.9910714285714286,1.0
GBR,2021,primary_2015_2022,2015-2017,2015-2022,0.9442041900298624,3.47906599026824,0.0987728412739884,0.9955357142857143,1.0
GBR,2022,primary_2015_2022,2015-2017,2015-2022,0.9464322286610404,3.466345106238342,0.11874972579520922,0.9955357142857143,1.0
GEO,2015,primary_2015_2022,2015-2017,2015-2022,0.9399997561624681,3.3119103240177834,0.11251505408999968,0.8598726114649682,1.0
GEO,2016,primary_2015_2022,2015-2017,2015-2022,0.9453214917228685,3.378256283531918,0.07958364678347302,0.8535031847133758,1.0
GEO,2017,primary_2015_2022,2015-2017,2015-2022,0.9330616445561578,3.266478136878176,0.10882321078027651,0.8726114649681529,1.0
GEO,2018,primary_2015_2022,2015-2017,2015-2022,0.9243884122556613,3.1185882649023107,0.1719297577523019,0.8662420382165605,0.9994104000058467
GEO,2019,primary_2015_2022,2015-2017,2015-2022,0.9244834623658602,3.0990981392228534,0.1910606099912427,0.8853503184713376,0.9988552339166891
GEO,2020,primary_2015_2022,2015-2017,2015-2022,0.9149788743190392,3.0362959530045295,0.20942789051128763,0.8598726114649682,0.9950561027083379
GEO,2021,primary_2015_2022,2015-2017,2015-2022,0.9219089897904532,3.1157630520015194,0.18976008117464788,0.8662420382165605,0.9995279438466801
GEO,2022,primary_2015_2022,2015-2017,2015-2022,0.9216454193081637,3.080764392608235,0.23978903910488475,0.8726114649681529,0.9996282089106416
GHA,2015,primary_2015_2022,2015-2017,2015-2022,0.8935100199556341,2.967468537135823,0.13262530677204576,0.9285714285714286,1.0
GHA,2016,primary_2015_2022,2015-2017,2015-2022,0.8974693323169396,2.8633025173722406,0.1454664931703697,0.8571428571428571,1.0
GHA,2017,primary_2015_2022,2015-2017,2015-2022,0.8795928267671439,2.8474399989413675,0.10172765904225485,0.9047619047619048,1.0
GHA,2018,primary_2015_2022,2015-2017,2015-2022,0.8763286784191209,2.7940409356741736,0.19487667832312938,0.8511904761904762,0.9999938276895894
GHA,2019,primary_2015_2022,2015-2017,2015-2022,0.8884405242761586,2.825927895184904,0.1595703749684374,0.8511904761904762,0.9999886126484885
GHA,2020,primary_2015_2022,2015-2017,2015-2022,0.8881130867782008,2.8657437738358364,0.266510497746136,0.7202380952380952,0.9999902518393012
GHA,2021,primary_2015_2022,2015-2017,2015-2022,0.9163707077280301,3.0859726174095305,0.2636783756063566,0.875,0.9999404798262985
GHA,2022,primary_2015_2022,2015-2017,2015-2022,0.8953830738981139,2.8365035666693217,0.2527088310868243,0.8452380952380952,0.9998709280901047
GIB,2015,primary_2015_2022,2015-2017,2015-2022,0.7184821022694876,2.0276207918260623,0.40403504354484093,0.6868686868686869,1.0
GIB,2016,primary_2015_2022,2015-2017,2015-2022,0.8324088250091207,2.277698990860884,0.32331344511510207,0.6868686868686869,1.0
GIB,2017,primary_2015_2022,2015-2017,2015-2022,0.8418310053599739,2.21856821526912,0.4051077354845244,0.6262626262626263,1.0
GIB,2018,primary_2015_2022,2015-2017,2015-2022,0.8487514271832244,2.282687069387289,0.5543483709350827,0.5656565656565656,0.9841402780980503
GIB,2019,primary_2015_2022,2015-2017,2015-2022,0.8008852625814858,2.077688398823392,0.6006542609093938,0.5454545454545454,0.9903112256854384
GIB,2020,primary_2015_2022,2015-2017,2015-2022,0.8205911534785122,2.212764893321324,0.5872104906214369,0.5454545454545454,0.8797483975552872
GIB,2021,primary_2015_2022,2015-2017,2015-2022,0.8522870480528923,2.3382250188384632,0.5190090672814232,0.47474747474747475,0.9957400763183096
GIB,2022,primary_2015_2022,2015-2017,2015-2022,0.8700760017640419,2.412506102214526,0.6731527856825816,0.5151515151515151,0.8321788261352919
GIN,2015,primary_2015_2022,2015-2017,2015-2022,0.8979013017174426,2.69803055553226,0.33140963767469905,0.788135593220339,1.0
GIN,2016,primary_2015_2022,2015-2017,2015-2022,0.8535374416516393,2.545517498553216,0.12209827544819783,0.8135593220338984,1.0
GIN,2017,primary_2015_2022,2015-2017,2015-2022,0.6376000656775993,1.794697717562516,0.2815679346268991,0.6779661016949152,1.0
GIN,2018,primary_2015_2022,2015-2017,2015-2022,0.6513747617830998,1.8631923307034788,0.2902581604698958,0.576271186440678,0.9978029496005291
GIN,2019,primary_2015_2022,2015-2017,2015-2022,0.6627503876811067,1.8314821385346345,0.3108179379908144,0.5677966101694916,0.9983811333422596
GIN,2020,primary_2015_2022,2015-2017,2015-2022,0.48893891064140893,1.3138280021967448,0.39654483224381293,0.6101694915254238,0.9999881461890562
GIN,2021,primary_2015_2022,2015-2017,2015-2022,0.6570237322694046,1.5411619180080487,0.36181513121353887,0.6186440677966102,0.9999475769458849
GIN,2022,primary_2015_2022,2015-2017,2015-2022,0.6944887045047277,1.6495243293184765,0.36080749734687767,0.5508474576271186,0.9994596237869778
GMB,2015,primary_2015_2022,2015-2017,2015-2022,0.7886371687055296,2.0988212646957387,0.29468607935526553,0.648936170212766,1.0
GMB,2016,primary_2015_2022,2015-2017,2015-2022,0.7359138897327231,2.064904323533208,0.17078729291700745,0.6063829787234043,1.0
GMB,2017,primary_2015_2022,2015-2017,2015-2022,0.6958004242624642,1.9314338600013246,0.21392587716165654,0.6702127659574468,1.0
GMB,2018,primary_2015_2022,2015-2017,2015-2022,0.7757920748249918,2.3076653565634366,0.35071292056265024,0.6063829787234043,0.9919561599637275
GMB,2019,primary_2015_2022,2015-2017,2015-2022,0.7933536021184062,2.1879294099488056,0.509226393356657,0.5425531914893617,0.991267599441046
GMB,2020,primary_2015_2022,2015-2017,2015-2022,0.5502547857734545,1.4481793618615908,0.7463232377381145,0.5,0.9938879727122416
GMB,2021,primary_2015_2022,2015-2017,2015-2022,0.6482791168595994,1.7195329000627204,0.6312056549852766,0.5425531914893617,0.9885627290548729
GMB,2022,primary_2015_2022,2015-2017,2015-2022,0.8562710640639195,2.4952394597955956,0.39646823801411957,0.5638297872340425,0.9678556255080547
GNB,2015,primary_2015_2022,2015-2017,2015-2022,0.5018781831759176,1.2661148489786453,0.1188104043351705,0.7,1.0
GNB,2016,primary_2015_2022,2015-2017,2015-2022,0.5944565235920514,1.3751793893027,0.11590286562920836,0.7,1.0
GNB,2017,primary_2015_2022,2015-2017,2015-2022,0.5429773299662843,1.1870621603470544,0.08604436502591636,0.52,1.0
GNB,2018,primary_2015_2022,2015-2017,2015-2022,0.4459347338733698,1.140882002673471,0.15805209045392432,0.58,0.9972836324806931
GNB,2019,primary_2015_2022,2015-2017,2015-2022,0.6435534077278757,1.4010442167625559,0.40885443842709307,0.56,0.9970035652624518
GNB,2020,primary_2015_2022,2015-2017,2015-2022,0.43754751734599184,1.0461600834966733,0.2927944225508477,0.38,0.9631310987065062
GNB,2021,primary_2015_2022,2015-2017,2015-2022,0.4873148801427176,1.1581319664762566,0.27730273279618267,0.48,0.9955635984938459
GNB,2022,primary_2015_2022,2015-2017,2015-2022,0.18461489070748904,0.5230206720348838,0.2811586111791805,0.44,0.9933599410231775
GNQ,2015,primary_2015_2022,2015-2017,2015-2022,0.9107396863976485,2.704603568314316,0.15749428043124797,0.6875,1.0
GNQ,2016,primary_2015_2022,2015-2017,2015-2022,0.879938822389364,2.5688634816078126,0.16757002491068498,0.65,1.0
GNQ,2017,primary_2015_2022,2015-2017,2015-2022,0.9094154084973197,2.739606781918234,0.16752615642024002,0.7375,1.0
GNQ,2018,primary_2015_2022,2015-2017,2015-2022,0.899345551352886,2.6139785597997314,0.3247263153240191,0.65,0.9998452471769571
GNQ,2019,primary_2015_2022,2015-2017,2015-2022,0.8422658411179499,2.4198975896509713,0.37039120377842605,0.6,0.9703994422198269
GNQ,2020,primary_2015_2022,2015-2017,2015-2022,0.8462861272668516,2.20200929104225,0.3870652357627937,0.55,0.9899833950045505
GNQ,2021,primary_2015_2022,2015-2017,2015-2022,0.8676300149350658,2.403413293222979,0.31575255734253793,0.55,0.9638823116860167
GNQ,2022,primary_2015_2022,2015-2017,2015-2022,0.891357841774984,2.5696417981512707,0.3621939551311129,0.5125,0.9995826804706325
GRC,2015,primary_2015_2022,2015-2017,2015-2022,0.9568796221703962,3.67476590184945,0.04851481702716448,0.9577464788732394,1.0
GRC,2016,primary_2015_2022,2015-2017,2015-2022,0.9572650351273424,3.6928519495364327,0.04016221558941842,0.9530516431924883,1.0
GRC,2017,primary_2015_2022,2015-2017,2015-2022,0.9595977604722575,3.7084620670531594,0.04599265417656924,0.9436619718309859,1.0
GRC,2018,primary_2015_2022,2015-2017,2015-2022,0.9619501057748677,3.7397387429434086,0.0708588190577174,0.9342723004694836,0.9999984285995026
GRC,2019,primary_2015_2022,2015-2017,2015-2022,0.9610847539867492,3.744009988061012,0.07272640198503236,0.9248826291079812,0.9999983129561094
GRC,2020,primary_2015_2022,2015-2017,2015-2022,0.9595116366387721,3.6940869311226567,0.14496887734363406,0.9389671361502347,0.9999942368851795
GRC,2021,primary_2015_2022,2015-2017,2015-2022,0.9615654185297453,3.7212183730540627,0.13202680720175813,0.9389671361502347,0.9999924276028931
GRC,2022,primary_2015_2022,2015-2017,2015-2022,0.9569339483120191,3.668866229986845,0.1518465632695351,0.9342723004694836,0.9999988394898572
GRD,2015,primary_2015_2022,2015-2017,2015-2022,0.9415313966387607,3.136683490045427,0.2226588587913587,0.7272727272727273,1.0
GRD,2016,primary_2015_2022,2015-2017,2015-2022,0.9375963246552846,3.0899083706460977,0.17101211672236125,0.7142857142857143,1.0
GRD,2017,primary_2015_2022,2015-2017,2015-2022,0.9458298727469477,3.2283552194721934,0.19585803865934506,0.6493506493506493,1.0
GRD,2018,primary_2015_2022,2015-2017,2015-2022,0.9264607635289769,2.912113884150974,0.24507658639001897,0.5714285714285714,0.9667622349678482
GRD,2019,primary_2015_2022,2015-2017,2015-2022,0.9299717299982534,2.9443987090392283,0.3003951557032772,0.5714285714285714,0.9780404486157098
GRD,2020,primary_2015_2022,2015-2017,2015-2022,0.9376411895089146,3.0454884666159616,0.30903974555399566,0.5324675324675324,0.945770607091538
GRD,2021,primary_2015_2022,2015-2017,2015-2022,0.9320533458617946,2.9881639816087437,0.34114659975402084,0.5454545454545454,0.891379201384048
GRD,2022,primary_2015_2022,2015-2017,2015-2022,0.9520875361478935,3.2430599772584565,0.304931414761234,0.5454545454545454,0.9184917955092804
GRL,2015,primary_2015_2022,2015-2017,2015-2022,0.6146210036520359,1.6041663288428338,0.04934592585761008,0.7457627118644068,1.0
GRL,2016,primary_2015_2022,2015-2017,2015-2022,0.5775627298521171,1.5241997596046915,0.04076573949934362,0.7627118644067796,1.0
GRL,2017,primary_2015_2022,2015-2017,2015-2022,0.6029872575788278,1.568195753111675,0.0486287483776633,0.7457627118644068,1.0
GRL,2018,primary_2015_2022,2015-2017,2015-2022,0.5008848514386885,1.3304536591940959,0.10817083606049553,0.6610169491525424,0.9995009187994496
GRL,2019,primary_2015_2022,2015-2017,2015-2022,0.4851871885953517,1.2766494550249985,0.11330685936592692,0.6271186440677966,0.9995963371948619
GRL,2020,primary_2015_2022,2015-2017,2015-2022,0.5417441812131789,1.418080277479741,0.0981446335370529,0.5084745762711864,0.9996544299771676
GRL,2021,primary_2015_2022,2015-2017,2015-2022,0.5833856377636747,1.547501531512634,0.07761125343847738,0.6610169491525424,0.9993981443968373
GRL,2022,primary_2015_2022,2015-2017,2015-2022,0.5539353805528392,1.4276979840005244,0.1578751046777965,0.6101694915254238,0.9964844070570389
GTM,2015,primary_2015_2022,2015-2017,2015-2022,0.9311518609732418,3.301649881813158,0.05362217064993903,0.8806818181818182,1.0
GTM,2016,primary_2015_2022,2015-2017,2015-2022,0.9287630073205972,3.2691659541292206,0.039481367784708066,0.8579545454545454,1.0
GTM,2017,primary_2015_2022,2015-2017,2015-2022,0.9322507359954932,3.3271968970593124,0.05698186278256513,0.9147727272727273,1.0
GTM,2018,primary_2015_2022,2015-2017,2015-2022,0.9242594326843472,3.2261991038017106,0.08972884448117635,0.8977272727272727,0.9999798482996693
GTM,2019,primary_2015_2022,2015-2017,2015-2022,0.925054926834915,3.2361840413169203,0.11432246099369375,0.875,0.999056992561928
GTM,2020,primary_2015_2022,2015-2017,2015-2022,0.9297979011661748,3.2423799183145054,0.11554008836576084,0.8693181818181818,0.9999140598185376
GTM,2021,primary_2015_2022,2015-2017,2015-2022,0.9187539203564015,3.1284200460745337,0.12171219817465793,0.8352272727272727,0.99996190227842
GTM,2022,primary_2015_2022,2015-2017,2015-2022,0.9169292852062726,3.0815003121924276,0.13185754674683833,0.8295454545454546,0.99997526892556
GUM,2015,primary_2015_2022,2015-2017,2015-2022,0.769641829300971,1.8198759723321132,0.1934438380165709,0.5652173913043478,1.0
GUM,2016,primary_2015_2022,2015-2017,2015-2022,0.8215911490149652,2.0056621706941273,0.1355972740544705,0.6304347826086957,1.0
GUM,2017,primary_2015_2022,2015-2017,2015-2022,0.8676504552497467,2.354210194432253,0.17646966093907124,0.7391304347826086,1.0
GUM,2018,primary_2015_2022,2015-2017,2015-2022,0.8469739679327104,2.1410332948720967,0.20402118981741815,0.5869565217391305,0.9979476630390178
GUM,2019,primary_2015_2022,2015-2017,2015-2022,0.8188117668618005,1.9869312739504044,0.41166454467156655,0.43478260869565216,0.9876372818724801
GUM,2020,primary_2015_2022,2015-2017,2015-2022,0.5609814711002081,1.3891130263345142,0.5525674713615288,0.45652173913043476,0.982675970356022
GUM,2021,primary_2015_2022,2015-2017,2015-2022,0.7926077373855609,1.8640144724203025,0.5685774060427048,0.391304347826087,0.9279499790204117
GUM,2022,primary_2015_2022,2015-2017,2015-2022,0.817073425611622,2.006903193119032,0.6064707610270624,0.43478260869565216,0.9782819785927617
GUY,2015,primary_2015_2022,2015-2017,2015-2022,0.9009571336917377,3.028919216362987,0.16927215959347466,0.8467741935483871,1.0
GUY,2016,primary_2015_2022,2015-2017,2015-2022,0.8160961586750533,2.641359641794424,0.1420646545440551,0.8306451612903226,1.0
GUY,2017,primary_2015_2022,2015-2017,2015-2022,0.8681601022357878,2.778002930484967,0.12581338737646988,0.8467741935483871,1.0
GUY,2018,primary_2015_2022,2015-2017,2015-2022,0.8256345678455501,2.560845982206211,0.25564753902493753,0.8306451612903226,0.9995724916523061
GUY,2019,primary_2015_2022,2015-2017,2015-2022,0.8540994265606381,2.581190832715367,0.2830716278017091,0.7661290322580645,0.9995610789980992
GUY,2020,primary_2015_2022,2015-2017,2015-2022,0.8617088481094537,2.62971987844989,0.47954832183366647,0.7338709677419355,0.9943492048290734
GUY,2021,primary_2015_2022,2015-2017,2015-2022,0.8553171843726899,2.4934212481316758,0.649944538838974,0.7258064516129032,0.9987059729934898
GUY,2022,primary_2015_2022,2015-2017,2015-2022,0.8418680781167218,2.3181644921108777,0.7299729947179077,0.7338709677419355,0.9994173930496306
HKG,2015,primary_2015_2022,2015-2017,2015-2022,0.9607587312513299,3.686704710222674,0.08713708896030106,0.9853658536585366,1.0
HKG,2016,primary_2015_2022,2015-2017,2015-2022,0.9553610505168779,3.5601047288256042,0.050213481655996,0.9804878048780488,1.0
HKG,2017,primary_2015_2022,2015-2017,2015-2022,0.9508461300698448,3.4995105797077697,0.0697776988928055,0.9804878048780488,1.0
HKG,2018,primary_2015_2022,2015-2017,2015-2022,0.9479521762324723,3.5197352027237505,0.11669222706726452,0.9853658536585366,1.0
HKG,2019,primary_2015_2022,2015-2017,2015-2022,0.9522800335236475,3.5337706810828475,0.1071662753263121,0.975609756097561,1.0
HKG,2020,primary_2015_2022,2015-2017,2015-2022,0.941570565068788,3.3802016241928445,0.15846115466215566,0.9804878048780488,1.0
HKG,2021,primary_2015_2022,2015-2017,2015-2022,0.9488136331104882,3.474479490869151,0.14160129528419355,0.9658536585365853,1.0
HKG,2022,primary_2015_2022,2015-2017,2015-2022,0.9416369405445638,3.3719742966451625,0.19070008269260574,0.9707317073170731,1.0
HMD,2015,primary_2015_2022,2015-2017,2015-2022,0.5541175935222018,0.8897756674649882,0.6566515089240256,0.3333333333333333,1.0
HMD,2016,primary_2015_2022,2015-2017,2015-2022,0.3499765968518058,0.5345421716834807,0.6666666666666667,0.2222222222222222,1.0
HMD,2017,primary_2015_2022,2015-2017,2015-2022,0.20760868702556157,0.5213980989022642,0.6466363511813844,0.6666666666666666,1.0
HMD,2018,primary_2015_2022,2015-2017,2015-2022,0.0,-0.0,0.4273368370291383,0.1111111111111111,0.20936920938851142
HMD,2019,primary_2015_2022,2015-2017,2015-2022,0.43297234545209684,0.624535357627972,0.4604547158306135,0.2222222222222222,0.33391865719819236
HMD,2020,primary_2015_2022,2015-2017,2015-2022,0.45009980435474795,0.6423819513725473,0.6090009666517481,0.2222222222222222,0.7312862801161655
HMD,2021,primary_2015_2022,2015-2017,2015-2022,0.0,-0.0,0.5260238027371662,0.1111111111111111,0.11036129568106312
HMD,2022,primary_2015_2022,2015-2017,2015-2022,0.3138851317322484,0.49331694160039574,0.4201521948582464,0.2222222222222222,0.15969561028350707
HND,2015,primary_2015_2022,2015-2017,2015-2022,0.9303377798900825,3.117892438210064,0.07168146937601953,0.9054054054054054,1.0
HND,2016,primary_2015_2022,2015-2017,2015-2022,0.9264954954584919,3.046932955266042,0.04388058188208309,0.8918918918918919,1.0
HND,2017,primary_2015_2022,2015-2017,2015-2022,0.9320375642101085,3.1275479536305326,0.060171204582011126,0.9256756756756757,1.0
HND,2018,primary_2015_2022,2015-2017,2015-2022,0.9291124419792515,3.0792389074935897,0.08397732953530673,0.9121621621621622,0.9999424510748878
HND,2019,primary_2015_2022,2015-2017,2015-2022,0.9304694411915658,3.0767660209148096,0.10289251602636736,0.9121621621621622,0.9997529911313424
HND,2020,primary_2015_2022,2015-2017,2015-2022,0.9301360749594407,3.0544274611393005,0.10355855165185474,0.8445945945945946,0.997407356034909
HND,2021,primary_2015_2022,2015-2017,2015-2022,0.925139622990432,3.00726521351105,0.10928463545735961,0.8783783783783784,0.9977809575005372
HND,2022,primary_2015_2022,2015-2017,2015-2022,0.9048741053559286,2.8219344759495395,0.2155720982268648,0.7972972972972973,0.999979029434743
HRV,2015,primary_2015_2022,2015-2017,2015-2022,0.9263788350550678,3.2031102560120726,0.04740453164733087,0.9135135135135135,1.0
HRV,2016,primary_2015_2022,2015-2017,2015-2022,0.9244020191555646,3.167254269967701,0.04266241089060721,0.8972972972972973,1.0
HRV,2017,primary_2015_2022,2015-2017,2015-2022,0.9293168122501055,3.2300612594173757,0.04467869135170251,0.8972972972972973,1.0
HRV,2018,primary_2015_2022,2015-2017,2015-2022,0.9240170147858031,3.1668203123723897,0.07363062724611903,0.9567567567567568,0.9999844475106291
HRV,2019,primary_2015_2022,2015-2017,2015-2022,0.9240328067676512,3.142758717683578,0.08115768157801437,0.9081081081081082,0.9999913003141927
HRV,2020,primary_2015_2022,2015-2017,2015-2022,0.9303035024167643,3.1782973454185646,0.10076712568516573,0.9243243243243243,0.9999585964351482
HRV,2021,primary_2015_2022,2015-2017,2015-2022,0.9244984752930532,3.095947075996099,0.09845241922638187,0.9135135135135135,0.9999958891686318
HRV,2022,primary_2015_2022,2015-2017,2015-2022,0.9114833239205047,2.984988150442042,0.1206056496136971,0.8864864864864865,0.9998959128583049
HTI,2015,primary_2015_2022,2015-2017,2015-2022,0.8205929306107209,2.4535295430165465,0.08452946414945119,0.7837837837837838,1.0
HTI,2016,primary_2015_2022,2015-2017,2015-2022,0.8358089055648348,2.5153085326964724,0.0936661720833194,0.7657657657657657,1.0
HTI,2017,primary_2015_2022,2015-2017,2015-2022,0.8825470896337833,2.7856791467143465,0.1296090424918326,0.8198198198198198,1.0
HTI,2018,primary_2015_2022,2015-2017,2015-2022,0.9093198466225909,2.913736384478606,0.3085694525568285,0.7027027027027027,0.9985170462068029
HTI,2019,primary_2015_2022,2015-2017,2015-2022,0.8431002494366872,2.6685991836776974,0.40950681635285624,0.7297297297297297,0.9988662287958178
HTI,2020,primary_2015_2022,2015-2017,2015-2022,0.8662114216047574,2.7012342674545256,0.3637144293701468,0.6936936936936937,0.9989607083014989
HTI,2021,primary_2015_2022,2015-2017,2015-2022,0.878046279848079,2.6763797000242446,0.4092132042671774,0.6396396396396397,0.9986926549447414
HTI,2022,primary_2015_2022,2015-2017,2015-2022,0.8827570903344172,2.674315529200331,0.3510023621494039,0.5675675675675675,0.9989832545173231
HUN,2015,primary_2015_2022,2015-2017,2015-2022,0.8887734859137266,3.065706365464518,0.02199440805296709,0.9512195121951219,1.0
HUN,2016,primary_2015_2022,2015-2017,2015-2022,0.883607613366808,3.0350455493378012,0.01881980818672675,0.9707317073170731,1.0
HUN,2017,primary_2015_2022,2015-2017,2015-2022,0.8929533050691058,3.0719254872599056,0.026434474007209274,0.9658536585365853,1.0
HUN,2018,primary_2015_2022,2015-2017,2015-2022,0.8876209592869166,3.037047668832999,0.03335866156908138,0.9512195121951219,0.999999067967063
HUN,2019,primary_2015_2022,2015-2017,2015-2022,0.8892067812289325,3.0423654520635237,0.03481579269522579,0.9463414634146341,0.9999958063364509
HUN,2020,primary_2015_2022,2015-2017,2015-2022,0.8875000996137081,3.0391473148301795,0.04283498454533162,0.9609756097560975,0.9999988875914887
HUN,2021,primary_2015_2022,2015-2017,2015-2022,0.8929759332613895,3.0743021417802048,0.057233704658361834,0.9463414634146341,0.9999993794488722
HUN,2022,primary_2015_2022,2015-2017,2015-2022,0.9017708365111089,3.124491562450449,0.07299671732791699,0.9560975609756097,0.9999978420344451
IDN,2015,primary_2015_2022,2015-2017,2015-2022,0.9407422198454554,3.393747258893725,0.03508670953791364,0.9905660377358491,1.0
IDN,2016,primary_2015_2022,2015-2017,2015-2022,0.9436558129198063,3.4223072677981343,0.02338390336548784,0.9905660377358491,1.0
IDN,2017,primary_2015_2022,2015-2017,2015-2022,0.9422310785169823,3.397119571754244,0.03469056838643387,0.9669811320754716,1.0
IDN,2018,primary_2015_2022,2015-2017,2015-2022,0.9417877846559845,3.3932155019645496,0.05012677012110813,0.9716981132075472,1.0
IDN,2019,primary_2015_2022,2015-2017,2015-2022,0.9433482307350438,3.4232468458812635,0.06008705134678975,0.9764150943396226,1.0
IDN,2020,primary_2015_2022,2015-2017,2015-2022,0.9481789980530085,3.479816152787774,0.07351228291757289,0.9716981132075472,0.9999998817961999
IDN,2021,primary_2015_2022,2015-2017,2015-2022,0.9498934924583889,3.4985758829551132,0.10616193364668101,0.9764150943396226,0.9999996669935582
IDN,2022,primary_2015_2022,2015-2017,2015-2022,0.9433418929030526,3.413085755987346,0.11888598651890994,0.9764150943396226,0.9999998788628331
IND,2015,primary_2015_2022,2015-2017,2015-2022,0.963048860410617,3.9694696453733753,0.041661871560246845,0.9726027397260274,1.0
IND,2016,primary_2015_2022,2015-2017,2015-2022,0.9613234684219705,3.944422275775292,0.02905218601767052,0.9771689497716894,1.0
IND,2017,primary_2015_2022,2015-2017,2015-2022,0.9653972132173118,3.965287571495468,0.04372936970503982,0.9680365296803652,1.0
IND,2018,primary_2015_2022,2015-2017,2015-2022,0.9682686156617104,4.007626722714717,0.06918286774860741,0.9726027397260274,0.9999993436840581
IND,2019,primary_2015_2022,2015-2017,2015-2022,0.9680002861144764,4.040038713021577,0.08569108555205902,0.9726027397260274,0.9999994362752304
IND,2020,primary_2015_2022,2015-2017,2015-2022,0.9737039505126542,4.116005728402971,0.11678238178792362,0.9680365296803652,1.0
IND,2021,primary_2015_2022,2015-2017,2015-2022,0.9736278663505828,4.089018148215484,0.1408742251601965,0.9634703196347032,0.9999963270297311
IND,2022,primary_2015_2022,2015-2017,2015-2022,0.9739379761088657,4.0940118692650564,0.1587578397786512,0.9726027397260274,0.9999995562160212
IRL,2015,primary_2015_2022,2015-2017,2015-2022,0.9127526783088699,3.105057252619691,0.07469062290851494,0.9282296650717703,1.0
IRL,2016,primary_2015_2022,2015-2017,2015-2022,0.9171042490913629,3.0891535055395165,0.033482559756321806,0.9569377990430622,1.0
IRL,2017,primary_2015_2022,2015-2017,2015-2022,0.9131770993711086,3.0772348140223373,0.06025382114435504,0.9521531100478469,1.0
IRL,2018,primary_2015_2022,2015-2017,2015-2022,0.911493337737925,3.034760004297078,0.10279165283874128,0.9617224880382775,0.9999975684593864
IRL,2019,primary_2015_2022,2015-2017,2015-2022,0.9137050326483148,3.0502449442423405,0.11551387054775321,0.9425837320574163,0.99998979095602
IRL,2020,primary_2015_2022,2015-2017,2015-2022,0.9114951217832827,3.040062626901676,0.15348182002208027,0.9617224880382775,0.9999968597193833
IRL,2021,primary_2015_2022,2015-2017,2015-2022,0.9160460526012498,3.11362447751095,0.1520722705013043,0.9521531100478469,0.9999621037566357
IRL,2022,primary_2015_2022,2015-2017,2015-2022,0.9117364536146532,3.0565929086999795,0.16660046808310297,0.9665071770334929,0.9999967463142035
IRN,2015,primary_2015_2022,2015-2017,2015-2022,0.8905081871831884,2.697229975494272,0.1362835041968387,0.9117647058823529,1.0
IRN,2016,primary_2015_2022,2015-2017,2015-2022,0.9169116183794598,2.936580405054962,0.06415227429913137,0.9235294117647059,1.0
IRN,2017,primary_2015_2022,2015-2017,2015-2022,0.9160964301339616,2.909647987751534,0.10347225386586933,0.9352941176470588,1.0
IRN,2018,primary_2015_2022,2015-2017,2015-2022,0.9039368873298792,2.8299227092657024,0.13382697357849258,0.9235294117647059,0.9999976361612654
IRN,2019,primary_2015_2022,2015-2017,2015-2022,0.8862939182355388,2.7573027142312743,0.20949905536546917,0.9,0.9999848177149383
IRN,2020,primary_2015_2022,2015-2017,2015-2022,0.8424027600684529,2.731705710737867,0.4766516967135972,0.8764705882352941,0.9999850433089252
IRN,2021,primary_2015_2022,2015-2017,2015-2022,0.8270446489406531,2.631350818718602,0.4151376413034961,0.9117647058823529,0.9999834858763446
IRN,2022,primary_2015_2022,2015-2017,2015-2022,0.869092656915229,2.792060984776794,0.3704385828907417,0.9,0.9999948989104478
IRQ,2015,primary_2015_2022,2015-2017,2015-2022,0.8558543334729553,2.450191425987331,0.07820154814402444,0.7741935483870968,1.0
IRQ,2016,primary_2015_2022,2015-2017,2015-2022,0.8566047812790123,2.4304065757649944,0.05199389796121066,0.7956989247311828,1.0
IRQ,2017,primary_2015_2022,2015-2017,2015-2022,0.8404254760130416,2.4082534205636215,0.0872332887224031,0.8064516129032258,1.0
IRQ,2018,primary_2015_2022,2015-2017,2015-2022,0.8240137781383128,2.3216345254264055,0.10143085604872934,0.7526881720430108,0.9999872894784345
IRQ,2019,primary_2015_2022,2015-2017,2015-2022,0.8255474551854528,2.2834114031406894,0.1282531112991635,0.7849462365591398,0.9989982767683674
IRQ,2020,primary_2015_2022,2015-2017,2015-2022,0.7946714388816751,2.092252436754779,0.2798789438753936,0.6881720430107527,0.9984541987519203
IRQ,2021,primary_2015_2022,2015-2017,2015-2022,0.7604978850100368,2.119373907197998,0.22513262185307675,0.7419354838709677,0.9988600489716952
IRQ,2022,primary_2015_2022,2015-2017,2015-2022,0.75489040255683,2.051339583221497,0.20902130192557342,0.7634408602150538,0.9971704042989024
ISL,2015,primary_2015_2022,2015-2017,2015-2022,0.871228877600546,2.8129660881495906,0.07827583405595732,0.875,1.0
ISL,2016,primary_2015_2022,2015-2017,2015-2022,0.8975853022274208,2.8947558856853997,0.07444354347702212,0.9226190476190477,1.0
ISL,2017,primary_2015_2022,2015-2017,2015-2022,0.882871441994352,2.826053151038992,0.06042332067644453,0.875,1.0
ISL,2018,primary_2015_2022,2015-2017,2015-2022,0.8882793444070178,2.84217814577332,0.0911963609257213,0.8928571428571429,0.9998802346651071
ISL,2019,primary_2015_2022,2015-2017,2015-2022,0.8817754745020078,2.7888887949115064,0.08071757424465847,0.8392857142857143,0.9997478929318168
ISL,2020,primary_2015_2022,2015-2017,2015-2022,0.8813522588465263,2.805560150701859,0.13536133824883217,0.7857142857142857,0.9996581251723682
ISL,2021,primary_2015_2022,2015-2017,2015-2022,0.8540159380925354,2.6721587041799166,0.16699233244868306,0.8690476190476191,0.9998781401842316
ISL,2022,primary_2015_2022,2015-2017,2015-2022,0.8417938116600208,2.544671182759031,0.16082001603718044,0.8214285714285714,0.9996980398440491
ISR,2015,primary_2015_2022,2015-2017,2015-2022,0.953761697343099,3.5502045632140016,0.06225620648189173,0.953125,1.0
ISR,2016,primary_2015_2022,2015-2017,2015-2022,0.9547347954511815,3.551777239019792,0.027617065585826606,0.953125,1.0
ISR,2017,primary_2015_2022,2015-2017,2015-2022,0.9552144585553726,3.535916491646419,0.05800581482451758,0.9322916666666666,1.0
ISR,2018,primary_2015_2022,2015-2017,2015-2022,0.9540223598100203,3.504044461595199,0.09100260019773276,0.8333333333333334,0.999998110800228
ISR,2019,primary_2015_2022,2015-2017,2015-2022,0.95652645238079,3.52718834495204,0.11351247736049494,0.796875,0.9999921020345377
ISR,2020,primary_2015_2022,2015-2017,2015-2022,0.959067087387727,3.591466691787319,0.16048304877059405,0.9166666666666666,0.9979491895238382
ISR,2021,primary_2015_2022,2015-2017,2015-2022,0.9592636149921555,3.5654083861784143,0.1875012777844111,0.9270833333333334,0.9907591775948498
ISR,2022,primary_2015_2022,2015-2017,2015-2022,0.9595818461145439,3.565772327694717,0.2336516185115623,0.9114583333333334,0.9864202197147638
ITA,2015,primary_2015_2022,2015-2017,2015-2022,0.9503383643379568,3.6900739770612945,0.02073628946150159,0.9732142857142857,1.0
ITA,2016,primary_2015_2022,2015-2017,2015-2022,0.9484064626623554,3.6739988048316574,0.012669702604888306,0.9821428571428571,1.0
ITA,2017,primary_2015_2022,2015-2017,2015-2022,0.9507536016902096,3.6924601975850337,0.02198521822643895,0.9776785714285714,1.0
ITA,2018,primary_2015_2022,2015-2017,2015-2022,0.9469775717397259,3.657936488051863,0.03851334606905764,0.9642857142857143,1.0
ITA,2019,primary_2015_2022,2015-2017,2015-2022,0.9484067628806309,3.6627507897282694,0.042348732372938236,0.9821428571428571,1.0
ITA,2020,primary_2015_2022,2015-2017,2015-2022,0.945334669459219,3.607203223325163,0.05770588753515565,0.96875,1.0
ITA,2021,primary_2015_2022,2015-2017,2015-2022,0.9460198775630521,3.621701864734378,0.06134032743775881,0.9598214285714286,1.0
ITA,2022,primary_2015_2022,2015-2017,2015-2022,0.9485678507403508,3.647306243956873,0.06771889888282512,0.96875,1.0
JAM,2015,primary_2015_2022,2015-2017,2015-2022,0.9031958363819655,3.000846641872018,0.18054459414009208,0.8111888111888111,1.0
JAM,2016,primary_2015_2022,2015-2017,2015-2022,0.9112523579019134,3.1313273300264335,0.13323891911122673,0.8531468531468531,1.0
JAM,2017,primary_2015_2022,2015-2017,2015-2022,0.9284569507102755,3.292264407175262,0.13376633506002023,0.8741258741258742,1.0
JAM,2018,primary_2015_2022,2015-2017,2015-2022,0.922061795773787,3.098300424445712,0.3289766705804069,0.8461538461538461,0.9998962597171475
JAM,2019,primary_2015_2022,2015-2017,2015-2022,0.9306140451691302,3.2000850575017665,0.2961101443317228,0.7972027972027972,0.9997702913707418
JAM,2020,primary_2015_2022,2015-2017,2015-2022,0.9338430871577084,3.2398370138549444,0.3030835366309038,0.7762237762237763,0.9989589309162631
JAM,2021,primary_2015_2022,2015-2017,2015-2022,0.9534968910849767,3.503126918273001,0.34459989366177646,0.7902097902097902,0.9996087628032257
JAM,2022,primary_2015_2022,2015-2017,2015-2022,0.9438099371227551,3.4074409065542874,0.4110626236444578,0.8111888111888111,0.9865858301633292
JOR,2015,primary_2015_2022,2015-2017,2015-2022,0.9153531911679422,3.0949280061051674,0.06586722315697333,0.9107142857142857,1.0
JOR,2016,primary_2015_2022,2015-2017,2015-2022,0.9192378700647432,3.123029748683547,0.04396097354110094,0.9464285714285714,1.0
JOR,2017,primary_2015_2022,2015-2017,2015-2022,0.9269691725115847,3.2037554393861982,0.04686299840572811,0.9464285714285714,1.0
JOR,2018,primary_2015_2022,2015-2017,2015-2022,0.9199816635119813,3.172746326155665,0.11858732771586472,0.9285714285714286,0.9999672508339522
JOR,2019,primary_2015_2022,2015-2017,2015-2022,0.9209820200216932,3.177998188535473,0.10846756576946487,0.9345238095238095,0.9999810404131807
JOR,2020,primary_2015_2022,2015-2017,2015-2022,0.9239595363671274,3.2152583904096264,0.13960828789208757,0.9107142857142857,0.9999583446580137
JOR,2021,primary_2015_2022,2015-2017,2015-2022,0.9160047616099695,3.191748745231223,0.16039006613114687,0.9226190476190477,0.9999417992726046
JOR,2022,primary_2015_2022,2015-2017,2015-2022,0.9180403618069118,3.232233617677223,0.22333522801033628,0.9345238095238095,0.999953812987285
JPN,2015,primary_2015_2022,2015-2017,2015-2022,0.9505930453824865,3.541822883343736,0.030367552923791813,0.9952380952380953,1.0
JPN,2016,primary_2015_2022,2015-2017,2015-2022,0.9508444021804642,3.538616249394468,0.01702802247496117,0.9952380952380953,1.0
JPN,2017,primary_2015_2022,2015-2017,2015-2022,0.9493432185511347,3.505157166167449,0.02694631469379213,0.9952380952380953,1.0
JPN,2018,primary_2015_2022,2015-2017,2015-2022,0.951260189421745,3.5311158812309267,0.03358868438727162,0.9952380952380953,1.0
JPN,2019,primary_2015_2022,2015-2017,2015-2022,0.9523893996969377,3.542028606039173,0.048375569953059305,0.9904761904761905,0.9999954178169975
JPN,2020,primary_2015_2022,2015-2017,2015-2022,0.9463569930580317,3.4617824711814436,0.06635636733659463,0.9952380952380953,0.9999953123834932
JPN,2021,primary_2015_2022,2015-2017,2015-2022,0.9463506586284107,3.465034390964716,0.0719136319871186,0.9904761904761905,0.9999969596964695
JPN,2022,primary_2015_2022,2015-2017,2015-2022,0.9486641821317362,3.497876884855648,0.07629140064644158,0.9904761904761905,0.9999963083008959
KAZ,2015,primary_2015_2022,2015-2017,2015-2022,0.9335708975500988,3.1466358789367233,0.07144668621660405,0.8721804511278195,1.0
KAZ,2016,primary_2015_2022,2015-2017,2015-2022,0.9333542421166037,3.1792529257944473,0.05746531466875145,0.8571428571428571,1.0
KAZ,2017,primary_2015_2022,2015-2017,2015-2022,0.9362411439607461,3.21891903537423,0.07490452667418161,0.8571428571428571,1.0
KAZ,2018,primary_2015_2022,2015-2017,2015-2022,0.9433929008468218,3.2656122444266424,0.13194571266338448,0.8195488721804511,0.999869224232594
KAZ,2019,primary_2015_2022,2015-2017,2015-2022,0.9385303368275473,3.208112676360796,0.13845245534026823,0.8421052631578947,0.9997143326251879
KAZ,2020,primary_2015_2022,2015-2017,2015-2022,0.9328621842586025,3.1452980836372015,0.17410057219395902,0.7969924812030075,0.9997832304403275
KAZ,2021,primary_2015_2022,2015-2017,2015-2022,0.9332206999438495,3.1765996009676205,0.2225276650857872,0.8421052631578947,0.9999791153988719
KAZ,2022,primary_2015_2022,2015-2017,2015-2022,0.9367727207139129,3.1721476720006865,0.21458881946201624,0.8721804511278195,0.9991650850940621
KEN,2015,primary_2015_2022,2015-2017,2015-2022,0.9509523546728322,3.5539798476510596,0.05942884825601176,0.946524064171123,1.0
KEN,2016,primary_2015_2022,2015-2017,2015-2022,0.9531131600124494,3.543308294790385,0.04150984541617179,0.9090909090909091,1.0
KEN,2017,primary_2015_2022,2015-2017,2015-2022,0.9496078896819103,3.512062413586964,0.06157598658703846,0.8983957219251337,1.0
KEN,2018,primary_2015_2022,2015-2017,2015-2022,0.9506160813425135,3.540640158339452,0.08442170411072174,0.8877005347593583,0.9999886871971363
KEN,2019,primary_2015_2022,2015-2017,2015-2022,0.9478868955754876,3.5008510102130526,0.10275059781088347,0.8877005347593583,0.9998926517616629
KEN,2020,primary_2015_2022,2015-2017,2015-2022,0.944698626657074,3.4403187603490126,0.11409892299899396,0.8556149732620321,0.9998333307032043
KEN,2021,primary_2015_2022,2015-2017,2015-2022,0.9460266615388685,3.4719066253491437,0.10511927218667191,0.8716577540106952,0.9997821568592868
KEN,2022,primary_2015_2022,2015-2017,2015-2022,0.9486081214328469,3.5218995602724807,0.12159522590942712,0.8663101604278075,0.9998798448789369
KGZ,2015,primary_2015_2022,2015-2017,2015-2022,0.7987232040456859,2.1569698906054438,0.2032671203733179,0.8425925925925926,1.0
KGZ,2016,primary_2015_2022,2015-2017,2015-2022,0.8612550180696795,2.378200482662813,0.18713028293074707,0.8148148148148148,1.0
KGZ,2017,primary_2015_2022,2015-2017,2015-2022,0.8543782114250071,2.2873856665260184,0.10201244147358614,0.8055555555555556,1.0
KGZ,2018,primary_2015_2022,2015-2017,2015-2022,0.7705104588678025,1.9825462023190328,0.44331103915303754,0.7870370370370371,0.9998792356910889
KGZ,2019,primary_2015_2022,2015-2017,2015-2022,0.7420185351658262,1.8457141885674122,0.4353090421787504,0.7592592592592593,0.9998758897743243
KGZ,2020,primary_2015_2022,2015-2017,2015-2022,0.7155180278529414,1.8125843377428723,0.4608863875888532,0.75,0.9997592607262081
KGZ,2021,primary_2015_2022,2015-2017,2015-2022,0.8011309183079184,2.08141913371828,0.21953710329596704,0.7592592592592593,0.9994224049328825
KGZ,2022,primary_2015_2022,2015-2017,2015-2022,0.7333704493028008,1.9446266440535647,0.38506035198581345,0.8148148148148148,0.9979768522365442
KHM,2015,primary_2015_2022,2015-2017,2015-2022,0.9298702272790274,3.096135838174642,0.06553544793855853,0.8693181818181818,1.0
KHM,2016,primary_2015_2022,2015-2017,2015-2022,0.9370971020270883,3.145612091471408,0.06053675672922279,0.8693181818181818,1.0
KHM,2017,primary_2015_2022,2015-2017,2015-2022,0.935835264459633,3.152794442257889,0.04425117359182611,0.9431818181818182,1.0
KHM,2018,primary_2015_2022,2015-2017,2015-2022,0.9353613929189843,3.15828915546754,0.10026832956169529,0.8920454545454546,0.9999840377748427
KHM,2019,primary_2015_2022,2015-2017,2015-2022,0.9313283853868997,3.09944920615171,0.1447190066118892,0.875,0.9999812604191025
KHM,2020,primary_2015_2022,2015-2017,2015-2022,0.9210561647775055,3.0192437106837113,0.19671532687132492,0.8409090909090909,0.9999612302325642
KHM,2021,primary_2015_2022,2015-2017,2015-2022,0.9219144897834771,3.058689083302882,0.17977088820791778,0.875,0.9999297199718777
KHM,2022,primary_2015_2022,2015-2017,2015-2022,0.9282633969955014,3.069546477329758,0.16026901873782187,0.875,0.9998827129356187
KIR,2015,primary_2015_2022,2015-2017,2015-2022,0.5018832109542267,1.2009430832567631,0.07045072598910776,0.6888888888888889,1.0
KIR,2016,primary_2015_2022,2015-2017,2015-2022,0.4087418971222879,0.9956872634976008,0.06050402526144521,0.7111111111111111,1.0
KIR,2017,primary_2015_2022,2015-2017,2015-2022,0.47113342143180026,1.1526164374905357,0.05687084731831095,0.6222222222222222,1.0
KIR,2018,primary_2015_2022,2015-2017,2015-2022,0.41398029555111815,0.9986962309777343,0.11012502115994657,0.5333333333333333,0.9977217283378292
KIR,2019,primary_2015_2022,2015-2017,2015-2022,0.5026919342903706,1.1172496820374922,0.1485878846599437,0.35555555555555557,0.9923991171524739
KIR,2020,primary_2015_2022,2015-2017,2015-2022,0.4388715320023552,1.0454943287897158,0.13083280258340502,0.5333333333333333,0.9477444752958173
KIR,2021,primary_2015_2022,2015-2017,2015-2022,0.5929962157026125,1.3941685379856652,0.22871914811000296,0.4,0.9590244418472218
KIR,2022,primary_2015_2022,2015-2017,2015-2022,0.6374048741771551,1.4308490477934666,0.26542879744702014,0.35555555555555557,0.9987288701147399
KNA,2015,primary_2015_2022,2015-2017,2015-2022,0.7932582953760621,2.4790300839696875,0.3010716733234371,0.7402597402597403,1.0
KNA,2016,primary_2015_2022,2015-2017,2015-2022,0.8755505750802239,2.6428039786621844,0.1222111981356396,0.6883116883116883,1.0
KNA,2017,primary_2015_2022,2015-2017,2015-2022,0.9026809330200107,2.880879724404012,0.28229448845855054,0.7012987012987013,1.0
KNA,2018,primary_2015_2022,2015-2017,2015-2022,0.8635719385183196,2.572142491575042,0.39541511486933256,0.5584415584415584,0.9679131867319989
KNA,2019,primary_2015_2022,2015-2017,2015-2022,0.908926890915648,2.7979635787376775,0.48640350810634564,0.4805194805194805,0.9851580115768034
KNA,2020,primary_2015_2022,2015-2017,2015-2022,0.9080311393303676,2.748870540135865,0.4146774859646557,0.4805194805194805,0.9837265252156039
KNA,2021,primary_2015_2022,2015-2017,2015-2022,0.832072296687686,2.549526665035847,0.5896034884491581,0.5714285714285714,0.966343453489757
KNA,2022,primary_2015_2022,2015-2017,2015-2022,0.9256109496164884,2.932279809648281,0.5456313846598029,0.4805194805194805,0.9648494699286901
KOR,2015,primary_2015_2022,2015-2017,2015-2022,0.9605927539426016,3.7820148547372687,0.05868823773453122,0.9769585253456221,1.0
KOR,2016,primary_2015_2022,2015-2017,2015-2022,0.956267379147351,3.731032339303079,0.038976808881908756,0.9815668202764977,1.0
KOR,2017,primary_2015_2022,2015-2017,2015-2022,0.9498356317340054,3.621290416182376,0.06833834934212471,0.9815668202764977,1.0
KOR,2018,primary_2015_2022,2015-2017,2015-2022,0.9465397846296435,3.5805631179669213,0.11793772110016423,0.9815668202764977,1.0
KOR,2019,primary_2015_2022,2015-2017,2015-2022,0.9472722950642108,3.594938014347731,0.12202049904042071,0.9723502304147466,0.9999996150015927
KOR,2020,primary_2015_2022,2015-2017,2015-2022,0.9442627691495238,3.548914865718123,0.13927787292623967,0.9723502304147466,0.9999761978730367
KOR,2021,primary_2015_2022,2015-2017,2015-2022,0.9465470414730293,3.5649781336877373,0.14269948252442885,0.9585253456221198,0.9999997686213388
KOR,2022,primary_2015_2022,2015-2017,2015-2022,0.9505526922121075,3.5961143607838446,0.16875231443110572,0.9723502304147466,0.9999996638206229
KWT,2015,primary_2015_2022,2015-2017,2015-2022,0.8949363518329372,2.75758641890551,0.06999432303202988,0.8957055214723927,1.0
KWT,2016,primary_2015_2022,2015-2017,2015-2022,0.8981073899621672,2.7979023061036674,0.052452762632936314,0.8282208588957055,1.0
KWT,2017,primary_2015_2022,2015-2017,2015-2022,0.8933853284749633,2.7526133638409913,0.05615513370125466,0.8220858895705522,1.0
KWT,2018,primary_2015_2022,2015-2017,2015-2022,0.8807092311545515,2.661887623423511,0.0959933232929569,0.8282208588957055,0.9999988151891394
KWT,2019,primary_2015_2022,2015-2017,2015-2022,0.8799917991550491,2.6006713784400306,0.124816722514384,0.852760736196319,0.9999938537480243
KWT,2020,primary_2015_2022,2015-2017,2015-2022,0.8858713484392037,2.6237258457401094,0.1765855832086435,0.8404907975460123,0.9999952876120948
KWT,2021,primary_2015_2022,2015-2017,2015-2022,0.8664059866960709,2.5021478709421863,0.20637015214385654,0.8588957055214724,0.9999967286831933
KWT,2022,primary_2015_2022,2015-2017,2015-2022,0.880732906149971,2.6149642294621422,0.2099353027624321,0.8588957055214724,0.9999959137871742
LAO,2015,primary_2015_2022,2015-2017,2015-2022,0.6189948739522291,1.553621494661024,0.08559451637143169,0.7698412698412699,1.0
LAO,2016,primary_2015_2022,2015-2017,2015-2022,0.5681290088190954,1.5717461504223056,0.04731434229795748,0.7777777777777778,1.0
LAO,2017,primary_2015_2022,2015-2017,2015-2022,0.5404505112502955,1.4438018469363132,0.06360134894982548,0.8412698412698413,1.0
LAO,2018,primary_2015_2022,2015-2017,2015-2022,0.5159656358189151,1.3706262085841066,0.07867609126188817,0.8015873015873016,0.9976652476390444
LAO,2019,primary_2015_2022,2015-2017,2015-2022,0.5638750763539941,1.5123704923699068,0.07479402277639179,0.8253968253968254,0.9998753533804028
LAO,2020,primary_2015_2022,2015-2017,2015-2022,0.5461382632206803,1.5189515155301745,0.11193854716473675,0.8412698412698413,0.9991721969087689
LAO,2021,primary_2015_2022,2015-2017,2015-2022,0.6307117120475912,1.6959041948447362,0.14640782742835956,0.7857142857142857,0.9993973850434126
LAO,2022,primary_2015_2022,2015-2017,2015-2022,0.6965408131691959,1.8809349373169746,0.21039455214034927,0.7777777777777778,0.9996672927739632
LBN,2015,primary_2015_2022,2015-2017,2015-2022,0.949111562451198,3.5720887997083963,0.07429811867760297,0.9217877094972067,1.0
LBN,2016,primary_2015_2022,2015-2017,2015-2022,0.9540507067979219,3.620454026287616,0.053677715254786054,0.9050279329608939,1.0
LBN,2017,primary_2015_2022,2015-2017,2015-2022,0.950912887208785,3.560922896388875,0.07137180810599283,0.9106145251396648,1.0
LBN,2018,primary_2015_2022,2015-2017,2015-2022,0.9472673916793344,3.5805922473904186,0.14191337137254706,0.9050279329608939,0.9999199562491814
LBN,2019,primary_2015_2022,2015-2017,2015-2022,0.8937330501490139,3.0981226552259855,0.3100893678564267,0.9050279329608939,0.9999706708293892
LBN,2020,primary_2015_2022,2015-2017,2015-2022,0.8754907709349933,3.015331137475603,0.3182608175002866,0.8994413407821229,0.9999824148978746
LBN,2021,primary_2015_2022,2015-2017,2015-2022,0.9123547565740202,3.289503154183836,0.3209669431797906,0.9217877094972067,0.9993543534533201
LBN,2022,primary_2015_2022,2015-2017,2015-2022,0.9136863148465006,3.3107052079423642,0.27746442459970333,0.9162011173184358,0.9993307143105006
LBR,2015,primary_2015_2022,2015-2017,2015-2022,0.8307437905044934,2.3550773721668725,0.3875716692302923,0.7184466019417476,1.0
LBR,2016,primary_2015_2022,2015-2017,2015-2022,0.9046291476003543,2.788807896291039,0.3174358012169969,0.6796116504854369,1.0
LBR,2017,primary_2015_2022,2015-2017,2015-2022,0.8238653748568813,2.4606435347201523,0.3838611140229719,0.7378640776699029,1.0
LBR,2018,primary_2015_2022,2015-2017,2015-2022,0.9272639518905689,3.0291774252504853,0.478033202443378,0.6893203883495146,0.9971527947277813
LBR,2019,primary_2015_2022,2015-2017,2015-2022,0.9256601003540776,2.9772196419164287,0.4528722148386015,0.6601941747572816,0.9895196793837131
LBR,2020,primary_2015_2022,2015-2017,2015-2022,0.9166574177570814,2.830855893471202,0.44674882182653836,0.6796116504854369,0.9872489752974846
LBR,2021,primary_2015_2022,2015-2017,2015-2022,0.9028545200289134,2.741268971132627,0.4694928057112648,0.6893203883495146,0.9970638961374987
LBR,2022,primary_2015_2022,2015-2017,2015-2022,0.8981130321088996,2.8753383255110374,0.5061484979170138,0.6796116504854369,0.991958845845306
LBY,2015,primary_2015_2022,2015-2017,2015-2022,0.8183102490647485,2.216638015932228,0.16323751636150877,0.6947368421052632,1.0
LBY,2016,primary_2015_2022,2015-2017,2015-2022,0.8908638066600845,2.654425046423155,0.12847171121159698,0.8631578947368421,1.0
LBY,2017,primary_2015_2022,2015-2017,2015-2022,0.8897264334401079,2.577252763459923,0.12115135492624503,0.8105263157894737,1.0
LBY,2018,primary_2015_2022,2015-2017,2015-2022,0.8822469848807467,2.5665270709389323,0.22492293725270163,0.6947368421052632,0.9997740152544948
LBY,2019,primary_2015_2022,2015-2017,2015-2022,0.8290571427827153,2.320439393619265,0.24414136109997436,0.6421052631578947,0.9998628372533812
LBY,2020,primary_2015_2022,2015-2017,2015-2022,0.8637831534019764,2.392030061844252,0.26587803923697784,0.5894736842105263,0.9998859359877679
LBY,2021,primary_2015_2022,2015-2017,2015-2022,0.8714662104665782,2.494976533194381,0.20110249192242255,0.6736842105263158,0.9968044573862436
LBY,2022,primary_2015_2022,2015-2017,2015-2022,0.8637175329182252,2.463747805031329,0.20655670271650423,0.631578947368421,0.9999829332371315
LCA,2015,primary_2015_2022,2015-2017,2015-2022,0.8898157682912168,2.688847843178091,0.281765129021952,0.7195121951219512,1.0
LCA,2016,primary_2015_2022,2015-2017,2015-2022,0.8285408376639634,2.33278446145301,0.2581516658436445,0.6951219512195121,1.0
LCA,2017,primary_2015_2022,2015-2017,2015-2022,0.8705818338914403,2.66571981022127,0.30042885976796124,0.8048780487804879,1.0
LCA,2018,primary_2015_2022,2015-2017,2015-2022,0.9075880713422821,2.690514721606682,0.35926828166850844,0.6463414634146342,0.7789843986688404
LCA,2019,primary_2015_2022,2015-2017,2015-2022,0.8934305450636626,2.620074889148982,0.41381873165655897,0.6097560975609756,0.9880024482575862
LCA,2020,primary_2015_2022,2015-2017,2015-2022,0.9047682159519848,2.6476138143605263,0.35747166101936617,0.5853658536585366,0.9809899798396201
LCA,2021,primary_2015_2022,2015-2017,2015-2022,0.903748201813321,2.575779519519423,0.3654829517990837,0.4634146341463415,0.9915558750776742
LCA,2022,primary_2015_2022,2015-2017,2015-2022,0.9099264413727339,2.6830550775418196,0.3699132944095636,0.3902439024390244,0.9969428009880743
LKA,2015,primary_2015_2022,2015-2017,2015-2022,0.955061982208879,3.6916089685611118,0.04137917723280747,0.9384615384615385,1.0
LKA,2016,primary_2015_2022,2015-2017,2015-2022,0.9556921864835182,3.7034107796275557,0.02540543854023736,0.9641025641025641,1.0
LKA,2017,primary_2015_2022,2015-2017,2015-2022,0.9597865209578046,3.750595189418755,0.04210939939999879,0.958974358974359,1.0
LKA,2018,primary_2015_2022,2015-2017,2015-2022,0.9488873079430634,3.575421993870291,0.14118952242487026,0.841025641025641,0.9999670020881248
LKA,2019,primary_2015_2022,2015-2017,2015-2022,0.9585646230392397,3.730374201374265,0.07462788112348398,0.9333333333333333,0.9999219149691286
LKA,2020,primary_2015_2022,2015-2017,2015-2022,0.9588449341738507,3.7693251891105968,0.0984054220650851,0.9384615384615385,0.9999900921708041
LKA,2021,primary_2015_2022,2015-2017,2015-2022,0.9610273650474025,3.7705455677453923,0.12252844715633472,0.9538461538461539,0.9999867274978146
LKA,2022,primary_2015_2022,2015-2017,2015-2022,0.9575805708760952,3.7184064794111737,0.12402718109518213,0.9282051282051282,0.9999774991916548
LSO,2015,primary_2015_2022,2015-2017,2015-2022,0.5720978614665125,1.113778066683581,0.05771245843090581,0.6704545454545454,1.0
LSO,2016,primary_2015_2022,2015-2017,2015-2022,0.5796491155865314,1.2263290181491684,0.060658117694708275,0.8068181818181818,1.0
LSO,2017,primary_2015_2022,2015-2017,2015-2022,0.6633937018483269,1.4133223094319578,0.07763751610780065,0.8068181818181818,1.0
LSO,2018,primary_2015_2022,2015-2017,2015-2022,0.6192179010173389,1.2928091169963787,0.11404371598541155,0.7272727272727273,0.9989129526079202
LSO,2019,primary_2015_2022,2015-2017,2015-2022,0.6919010951115981,1.569967330941313,0.15516504782114618,0.7045454545454546,0.9994057194512483
LSO,2020,primary_2015_2022,2015-2017,2015-2022,0.6245784631044617,1.3182005512373416,0.11593115284864038,0.6818181818181818,0.9992099382521953
LSO,2021,primary_2015_2022,2015-2017,2015-2022,0.6190107182049522,1.3292935492437539,0.09702923699036198,0.6590909090909091,0.9984278246875324
LSO,2022,primary_2015_2022,2015-2017,2015-2022,0.6382678282313151,1.342905482024937,0.0910266345586001,0.5568181818181818,0.9988172064206976
LTU,2015,primary_2015_2022,2015-2017,2015-2022,0.9454239144489729,3.343970302255086,0.05696975553176502,0.9479166666666666,1.0
LTU,2016,primary_2015_2022,2015-2017,2015-2022,0.9476556508649897,3.3975128555357537,0.03958290261461368,0.953125,1.0
LTU,2017,primary_2015_2022,2015-2017,2015-2022,0.9484956973379505,3.4101450449033734,0.049203279747590596,0.9427083333333334,1.0
LTU,2018,primary_2015_2022,2015-2017,2015-2022,0.9478970831882496,3.403607056495307,0.06709223483508372,0.9427083333333334,0.9999900737618448
LTU,2019,primary_2015_2022,2015-2017,2015-2022,0.9484582765429321,3.404888251678897,0.07546283590188169,0.9583333333333334,0.9999893853069906
LTU,2020,primary_2015_2022,2015-2017,2015-2022,0.9490672974266735,3.425527539297151,0.07865531512155936,0.9635416666666666,0.9999917375226836
LTU,2021,primary_2015_2022,2015-2017,2015-2022,0.9485291971276142,3.4231286920067214,0.10787534532236663,0.953125,0.9999829814972365
LTU,2022,primary_2015_2022,2015-2017,2015-2022,0.9417292953472417,3.3800632953340335,0.12298449372428774,0.9635416666666666,0.9999851214996218
LUX,2015,primary_2015_2022,2015-2017,2015-2022,0.877319060202781,2.813671486771529,0.04285688394272528,0.9430051813471503,1.0
LUX,2016,primary_2015_2022,2015-2017,2015-2022,0.8765447479086469,2.7998581501323248,0.02421508770484278,0.9378238341968912,1.0
LUX,2017,primary_2015_2022,2015-2017,2015-2022,0.8775086667500958,2.7767066341347544,0.047640998061180564,0.7564766839378239,1.0
LUX,2018,primary_2015_2022,2015-2017,2015-2022,0.8773239695768373,2.8495367435246157,0.09350959504360686,0.9689119170984456,0.9999976013662921
LUX,2019,primary_2015_2022,2015-2017,2015-2022,0.8852213815366611,2.899359668885089,0.12268929607934262,0.9378238341968912,0.9970767202942198
LUX,2020,primary_2015_2022,2015-2017,2015-2022,0.8797922152532238,2.8575655788951893,0.133521800450238,0.9119170984455959,0.9998795289264066
LUX,2021,primary_2015_2022,2015-2017,2015-2022,0.8787684841179239,2.835879074269383,0.13939238233759485,0.917098445595855,0.9999117053541543
LUX,2022,primary_2015_2022,2015-2017,2015-2022,0.8837984055003649,2.8722613972016764,0.1477877054669378,0.9119170984455959,0.999987388393818
LVA,2015,primary_2015_2022,2015-2017,2015-2022,0.9136168700860807,3.1709232146216695,0.046867491367128235,0.9585492227979274,1.0
LVA,2016,primary_2015_2022,2015-2017,2015-2022,0.91674863283739,3.1740050917080715,0.03540839583074373,0.9378238341968912,1.0
LVA,2017,primary_2015_2022,2015-2017,2015-2022,0.9210728679282918,3.200838676274704,0.045297468715966197,0.9585492227979274,1.0
LVA,2018,primary_2015_2022,2015-2017,2015-2022,0.925631680967766,3.2393539065971106,0.08820105088756977,0.9533678756476683,0.9997604384566663
LVA,2019,primary_2015_2022,2015-2017,2015-2022,0.922452081161523,3.2095751717489387,0.06513175371743214,0.9481865284974094,0.9999877996077473
LVA,2020,primary_2015_2022,2015-2017,2015-2022,0.9264269014489311,3.2521787788698817,0.07582386895599214,0.9326424870466321,0.9999779589588421
LVA,2021,primary_2015_2022,2015-2017,2015-2022,0.9156327360834053,3.103888528018266,0.08063378663726417,0.9481865284974094,0.9998531662081721
LVA,2022,primary_2015_2022,2015-2017,2015-2022,0.918480836757594,3.1802947668691384,0.08198039831185172,0.9326424870466321,0.9999181238503859
MAC,2015,primary_2015_2022,2015-2017,2015-2022,0.45124789316563385,1.4227702644692164,0.0379105332903805,0.8130841121495327,1.0
MAC,2016,primary_2015_2022,2015-2017,2015-2022,0.454943265687619,1.4487446188651065,0.03790707148423256,0.7289719626168224,1.0
MAC,2017,primary_2015_2022,2015-2017,2015-2022,0.4717190116467572,1.4502474486027603,0.035667643064884035,0.8411214953271028,1.0
MAC,2018,primary_2015_2022,2015-2017,2015-2022,0.4642891204976767,1.421265830941661,0.05588611185172418,0.7663551401869159,0.9995670661586068
MAC,2019,primary_2015_2022,2015-2017,2015-2022,0.33816943959643553,1.071811692553574,0.1165608795697705,0.7476635514018691,0.9940945025589288
MAC,2020,primary_2015_2022,2015-2017,2015-2022,0.3949595035307416,1.2513473897184002,0.11634843965703691,0.7476635514018691,0.9994661009570142
MAC,2021,primary_2015_2022,2015-2017,2015-2022,0.37467332248804286,1.228729727070344,0.11725044565114194,0.8037383177570093,0.9986485742696664
MAC,2022,primary_2015_2022,2015-2017,2015-2022,0.39519089387528117,1.24950025305279,0.12651946829456118,0.7570093457943925,0.9912158858802009
MAR,2015,primary_2015_2022,2015-2017,2015-2022,0.8927458844523508,3.1337746644874507,0.04709867126338812,0.9726775956284153,1.0
MAR,2016,primary_2015_2022,2015-2017,2015-2022,0.8836786683150634,3.0926628937754073,0.03215773679036944,0.9617486338797814,1.0
MAR,2017,primary_2015_2022,2015-2017,2015-2022,0.8758309904024141,3.0361683905970915,0.043251082533356425,0.9672131147540983,1.0
MAR,2018,primary_2015_2022,2015-2017,2015-2022,0.876350403074777,3.0322211915932376,0.05596823955653259,0.9617486338797814,0.9999948334906174
MAR,2019,primary_2015_2022,2015-2017,2015-2022,0.8749450949035372,3.013700314441623,0.07011157237724851,0.9781420765027322,0.9999862279543597
MAR,2020,primary_2015_2022,2015-2017,2015-2022,0.887498459704083,3.082965891920999,0.09825923900925987,0.9508196721311475,0.9999446384827956
MAR,2021,primary_2015_2022,2015-2017,2015-2022,0.9009517483531735,3.154164831685919,0.1199913141458876,0.9562841530054644,0.9999811199307458
MAR,2022,primary_2015_2022,2015-2017,2015-2022,0.9159143692139871,3.274537424591042,0.16716004408783758,0.9398907103825137,0.9999984379287611
MDA,2015,primary_2015_2022,2015-2017,2015-2022,0.9110836547218477,3.008046208258566,0.0713633280898619,0.8068965517241379,1.0
MDA,2016,primary_2015_2022,2015-2017,2015-2022,0.9070965480783681,2.9931052546815935,0.04077627700209056,0.8620689655172413,1.0
MDA,2017,primary_2015_2022,2015-2017,2015-2022,0.9056869073394471,2.963783347861174,0.057982546341129135,0.896551724137931,1.0
MDA,2018,primary_2015_2022,2015-2017,2015-2022,0.8929652772205167,2.9006813620730134,0.11094074292644955,0.8758620689655172,0.9985712140979912
MDA,2019,primary_2015_2022,2015-2017,2015-2022,0.8984043609637822,2.9457410608912022,0.10013441115178123,0.8896551724137931,0.9993441670530756
MDA,2020,primary_2015_2022,2015-2017,2015-2022,0.8930486407258547,2.8922119454145294,0.14293688703306012,0.8344827586206897,0.997926825652681
MDA,2021,primary_2015_2022,2015-2017,2015-2022,0.9049779686224542,2.974874819103884,0.14402159580398818,0.8413793103448276,0.9988685969717098
MDA,2022,primary_2015_2022,2015-2017,2015-2022,0.8752184961339384,2.884020124417743,0.20471427991877972,0.8551724137931035,0.9990593506581461
MDG,2015,primary_2015_2022,2015-2017,2015-2022,0.8990644384638155,2.9620435226751427,0.0810479539061855,0.8323353293413174,1.0
MDG,2016,primary_2015_2022,2015-2017,2015-2022,0.8889476219329611,2.9210850460094058,0.04605755251145764,0.8383233532934131,1.0
MDG,2017,primary_2015_2022,2015-2017,2015-2022,0.9010520551343357,3.0079432480263657,0.06153506879109588,0.8922155688622755,1.0
MDG,2018,primary_2015_2022,2015-2017,2015-2022,0.8976969453393271,2.934279418164125,0.10272981904853687,0.874251497005988,0.9957238709712116
MDG,2019,primary_2015_2022,2015-2017,2015-2022,0.9040022255725796,2.9622208370315573,0.14974585628136683,0.8682634730538922,0.9999028451092113
MDG,2020,primary_2015_2022,2015-2017,2015-2022,0.8909406497974711,2.9385533392409684,0.12167829173204923,0.8323353293413174,0.9998920043378164
MDG,2021,primary_2015_2022,2015-2017,2015-2022,0.88986745909769,2.889421875053988,0.14320534596700807,0.844311377245509,0.9995623096130186
MDG,2022,primary_2015_2022,2015-2017,2015-2022,0.9031769986690011,2.9239740220583554,0.22495308766125982,0.8383233532934131,0.9997726758765706
MDV,2015,primary_2015_2022,2015-2017,2015-2022,0.9094046631675163,2.7851958234386105,0.2214400744704426,0.7746478873239436,1.0
MDV,2016,primary_2015_2022,2015-2017,2015-2022,0.8307806457944207,2.373083732941999,0.09788302012885695,0.7887323943661971,1.0
MDV,2017,primary_2015_2022,2015-2017,2015-2022,0.7782984215516638,2.1282501800692133,0.19408241094570994,0.8028169014084507,1.0
MDV,2018,primary_2015_2022,2015-2017,2015-2022,0.8628887604566342,2.4546181477731555,0.3310181157396412,0.7464788732394366,0.9015036764443427
MDV,2019,primary_2015_2022,2015-2017,2015-2022,0.8598978883980736,2.5201256951796283,0.31625030978805424,0.6619718309859155,0.994778858166731
MDV,2020,primary_2015_2022,2015-2017,2015-2022,0.817893560383727,2.371148979064426,0.33734697722018875,0.7183098591549296,0.9951697543059301
MDV,2021,primary_2015_2022,2015-2017,2015-2022,0.8365605860068166,2.4047687846237644,0.37557679429842156,0.7323943661971831,0.981718701509729
MDV,2022,primary_2015_2022,2015-2017,2015-2022,0.47099947424246014,1.2407202301862486,0.7053418370136412,0.676056338028169,0.960692441929176
MEX,2015,primary_2015_2022,2015-2017,2015-2022,0.919939282674336,3.3521153006633755,0.04441796539849023,0.9414893617021277,1.0
MEX,2016,primary_2015_2022,2015-2017,2015-2022,0.9153456846512369,3.3194601238980685,0.036784718402177605,0.9468085106382979,1.0
MEX,2017,primary_2015_2022,2015-2017,2015-2022,0.9174386865035767,3.3133524697369143,0.04292283777028892,0.9521276595744681,1.0
MEX,2018,primary_2015_2022,2015-2017,2015-2022,0.9205691520233746,3.3205507753440062,0.061710339394074804,0.9521276595744681,0.9999970186584572
MEX,2019,primary_2015_2022,2015-2017,2015-2022,0.9208964690618576,3.3247032945352513,0.08650238005318649,0.9521276595744681,0.999983665721552
MEX,2020,primary_2015_2022,2015-2017,2015-2022,0.927041132579718,3.368799133241206,0.10997112018660121,0.9148936170212766,0.9999985477155084
MEX,2021,primary_2015_2022,2015-2017,2015-2022,0.9281408890081808,3.3587998022242385,0.11315307998588015,0.9042553191489362,0.9999911104682461
MEX,2022,primary_2015_2022,2015-2017,2015-2022,0.9232895400854736,3.3241189403441966,0.10896937662531579,0.898936170212766,0.9999932672436646
MHL,2015,primary_2015_2022,2015-2017,2015-2022,0.7912539893692395,2.041903013170666,0.35815794160698405,0.7088607594936709,1.0
MHL,2016,primary_2015_2022,2015-2017,2015-2022,0.8541928177377826,2.3861483227886016,0.3579293493682815,0.6329113924050633,1.0
MHL,2017,primary_2015_2022,2015-2017,2015-2022,0.8725342066201254,2.521667770180446,0.4236291394509054,0.6962025316455697,1.0
MHL,2018,primary_2015_2022,2015-2017,2015-2022,0.8871164212573678,2.5404929889431394,0.3956015219764215,0.5949367088607594,0.9892106658838141
MHL,2019,primary_2015_2022,2015-2017,2015-2022,0.8459061211126258,2.2471837237853025,0.40323449515407295,0.5949367088607594,0.9736028541783217
MHL,2020,primary_2015_2022,2015-2017,2015-2022,0.862762517752075,2.404085283796406,0.5176334193427113,0.569620253164557,0.9928595786682562
MHL,2021,primary_2015_2022,2015-2017,2015-2022,0.8390489215657473,2.2243096476860567,0.5112573873965135,0.5949367088607594,0.9848146691835981
MHL,2022,primary_2015_2022,2015-2017,2015-2022,0.8490045603532562,2.2983850694982277,0.6408112401815037,0.5443037974683544,0.9893640400722602
MKD,2015,primary_2015_2022,2015-2017,2015-2022,0.7884664623285478,2.476881527207001,0.05454045902013692,0.8714285714285714,1.0
MKD,2016,primary_2015_2022,2015-2017,2015-2022,0.7818579488316317,2.4211932470438184,0.03594063171391792,0.8714285714285714,1.0
MKD,2017,primary_2015_2022,2015-2017,2015-2022,0.776726915414764,2.416742488594128,0.04847982839884067,0.7785714285714286,1.0
MKD,2018,primary_2015_2022,2015-2017,2015-2022,0.8011640774720483,2.540611967243052,0.07117792481865046,0.8357142857142857,0.9998542900547199
MKD,2019,primary_2015_2022,2015-2017,2015-2022,0.7401113228887521,2.329457517668614,0.10538517906114919,0.8428571428571429,0.9999567692035007
MKD,2020,primary_2015_2022,2015-2017,2015-2022,0.7672899823485717,2.4249929114058246,0.11765656051779254,0.8571428571428571,0.9994887481592998
MKD,2021,primary_2015_2022,2015-2017,2015-2022,0.7940143598215146,2.5067060246762116,0.11316904518503151,0.8642857142857143,0.9998155044043455
MKD,2022,primary_2015_2022,2015-2017,2015-2022,0.7822057147390016,2.42985371050629,0.12030725033349562,0.8642857142857143,0.9997648166774474
MLI,2015,primary_2015_2022,2015-2017,2015-2022,0.4717878519730365,1.2020702100805543,0.24943684040970268,0.7016129032258065,1.0
MLI,2016,primary_2015_2022,2015-2017,2015-2022,0.7072210965780041,1.8823561866129048,0.052788392238329894,0.8629032258064516,1.0
MLI,2017,primary_2015_2022,2015-2017,2015-2022,0.8162979957982224,2.298020802661838,0.273581387012749,0.8145161290322581,1.0
MLI,2018,primary_2015_2022,2015-2017,2015-2022,0.7075351691563765,1.8022820725227304,0.2970640499067071,0.7741935483870968,0.9991905958790873
MLI,2019,primary_2015_2022,2015-2017,2015-2022,0.6545232336829025,1.5511624170230964,0.1544663548747571,0.8225806451612904,0.999780016494461
MLI,2020,primary_2015_2022,2015-2017,2015-2022,0.6592801011562637,1.498592618239762,0.2051828478535287,0.7258064516129032,0.9997171033882987
MLI,2021,primary_2015_2022,2015-2017,2015-2022,0.5016690545060707,1.1838818396947965,0.26389159977281135,0.7338709677419355,0.9996208356562668
MLI,2022,primary_2015_2022,2015-2017,2015-2022,0.5734301310684797,1.3838254568316484,0.23481346942232664,0.75,0.9996932688438057
MLT,2015,primary_2015_2022,2015-2017,2015-2022,0.9304036861700148,3.2854846672068065,0.15918186811820367,0.9184782608695652,1.0
MLT,2016,primary_2015_2022,2015-2017,2015-2022,0.9393413673226394,3.3677518602973766,0.09628457927979425,0.8967391304347826,1.0
MLT,2017,primary_2015_2022,2015-2017,2015-2022,0.9431004400459733,3.418792393911075,0.16002036189382904,0.9184782608695652,1.0
MLT,2018,primary_2015_2022,2015-2017,2015-2022,0.9493171454492613,3.4788065818717993,0.22161593766327745,0.8804347826086957,0.9998767250877518
MLT,2019,primary_2015_2022,2015-2017,2015-2022,0.9509079297063028,3.5975554775252636,0.24412499074638058,0.9130434782608695,0.9999385143444054
MLT,2020,primary_2015_2022,2015-2017,2015-2022,0.9543766464185859,3.6556294598222427,0.3038939294196449,0.8804347826086957,0.9999256439002788
MLT,2021,primary_2015_2022,2015-2017,2015-2022,0.9574798827726456,3.706950448290752,0.27706255494284526,0.875,0.9996756917031675
MLT,2022,primary_2015_2022,2015-2017,2015-2022,0.9530849256012901,3.603285047184751,0.2648603541367255,0.8478260869565217,0.999290183757111
MMR,2015,primary_2015_2022,2015-2017,2015-2022,0.738626248568391,2.1242396655695286,0.1195201592358071,0.7611111111111111,1.0
MMR,2016,primary_2015_2022,2015-2017,2015-2022,0.8356126381317514,2.5341484553902416,0.061284402789639335,0.8944444444444445,1.0
MMR,2017,primary_2015_2022,2015-2017,2015-2022,0.8705670117958451,2.833834374110309,0.12304432018876968,0.8222222222222222,1.0
MMR,2018,primary_2015_2022,2015-2017,2015-2022,0.8831438698663854,2.9079223527080953,0.21153523273117916,0.7833333333333333,0.9999683731501574
MMR,2019,primary_2015_2022,2015-2017,2015-2022,0.8888390327309625,2.9610797417968007,0.23328135953928744,0.8222222222222222,0.9998022084393665
MMR,2020,primary_2015_2022,2015-2017,2015-2022,0.8960410083099616,3.0014367243099023,0.2440297440561894,0.8055555555555556,0.9985385514943388
MMR,2021,primary_2015_2022,2015-2017,2015-2022,0.8958132734080801,2.977374841053103,0.25995977661846015,0.7611111111111111,0.9999357252652756
MMR,2022,primary_2015_2022,2015-2017,2015-2022,0.9011430346081024,2.988032010340323,0.290241147432973,0.75,0.9998755193295332
MNE,2015,primary_2015_2022,2015-2017,2015-2022,0.9145174375767356,2.9450438687967355,0.16580779964693135,0.7766990291262136,1.0
MNE,2016,primary_2015_2022,2015-2017,2015-2022,0.9161103065012969,2.9482943937621306,0.12331210064964955,0.7669902912621359,1.0
MNE,2017,primary_2015_2022,2015-2017,2015-2022,0.9245656888347642,2.9848634875755,0.18073877938062438,0.7864077669902912,1.0
MNE,2018,primary_2015_2022,2015-2017,2015-2022,0.9126357212817757,2.9079842459279033,0.24212059590475432,0.7281553398058253,0.9997395725036309
MNE,2019,primary_2015_2022,2015-2017,2015-2022,0.8991311931558496,2.8191824898578797,0.26438517057887606,0.7087378640776699,0.9944390785788125
MNE,2020,primary_2015_2022,2015-2017,2015-2022,0.9080994584152201,2.8856131765765993,0.2380921199664962,0.6990291262135923,0.9911238169873113
MNE,2021,primary_2015_2022,2015-2017,2015-2022,0.9223842617349142,2.9491395297259717,0.33675030626631286,0.7184466019417476,0.9958647253554038
MNE,2022,primary_2015_2022,2015-2017,2015-2022,0.6757774052389955,1.8139059064731209,0.6408041281934219,0.7669902912621359,0.9981087036480776
MNG,2015,primary_2015_2022,2015-2017,2015-2022,0.7143378546378116,2.0137225535711054,0.14810392959754465,0.7326732673267327,1.0
MNG,2016,primary_2015_2022,2015-2017,2015-2022,0.4540703400316318,1.3345616346596283,0.12258938959638255,0.7722772277227723,1.0
MNG,2017,primary_2015_2022,2015-2017,2015-2022,0.5918055618155804,1.7105594043183563,0.059971408550265407,0.8415841584158416,1.0
MNG,2018,primary_2015_2022,2015-2017,2015-2022,0.5767301282898538,1.631209921767641,0.09248790790039729,0.6732673267326733,0.9978643969756557
MNG,2019,primary_2015_2022,2015-2017,2015-2022,0.6145180453393873,1.7754869494136791,0.10525408700658902,0.6534653465346535,0.9981998993886191
MNG,2020,primary_2015_2022,2015-2017,2015-2022,0.3243875435958211,0.9557411257808817,0.216421935136073,0.6534653465346535,0.9988894123145078
MNG,2021,primary_2015_2022,2015-2017,2015-2022,0.42194177095999164,1.2071852963431984,0.18557606659164383,0.6336633663366337,0.999315182956783
MNG,2022,primary_2015_2022,2015-2017,2015-2022,0.53064827197283,1.464292008949998,0.13694759301286316,0.7029702970297029,0.9987004059817581
MNP,2015,primary_2015_2022,2015-2017,2015-2022,0.7949917090303786,1.9344135444974153,0.2910619026008699,0.5909090909090909,1.0
MNP,2016,primary_2015_2022,2015-2017,2015-2022,0.8132819831971491,1.871775304983556,0.19867554145515606,0.5454545454545454,1.0
MNP,2017,primary_2015_2022,2015-2017,2015-2022,0.7423005549333239,1.6816030326672888,0.24820780284298555,0.6363636363636364,1.0
MNP,2018,primary_2015_2022,2015-2017,2015-2022,0.35353156574835654,0.8765182556634381,0.5742971246811585,0.4090909090909091,0.8044492558040427
MNP,2019,primary_2015_2022,2015-2017,2015-2022,0.3797528628619762,0.9579837338004872,0.6262522257181528,0.45454545454545453,0.90686819184437
MNP,2020,primary_2015_2022,2015-2017,2015-2022,0.4177213279285238,0.9049534014553966,0.49906098632550383,0.45454545454545453,0.9815444774228801
MNP,2021,primary_2015_2022,2015-2017,2015-2022,0.6318176063102234,1.354970715114632,0.4885282148256225,0.36363636363636365,0.6688734899013201
MNP,2022,primary_2015_2022,2015-2017,2015-2022,0.6567496366806762,1.5556451052126432,0.5357856071644016,0.45454545454545453,0.802324692925822
MOZ,2015,primary_2015_2022,2015-2017,2015-2022,0.9058718172740035,3.1428256851073115,0.13068538184264356,0.8421052631578947,1.0
MOZ,2016,primary_2015_2022,2015-2017,2015-2022,0.9120666883364232,3.0863497243984366,0.06598486867369423,0.8026315789473685,1.0
MOZ,2017,primary_2015_2022,2015-2017,2015-2022,0.899707862699656,2.9611940088072357,0.13703324385910992,0.8092105263157895,1.0
MOZ,2018,primary_2015_2022,2015-2017,2015-2022,0.9060119370609477,3.043545874198231,0.16950112641052173,0.7894736842105263,0.9999200271599539
MOZ,2019,primary_2015_2022,2015-2017,2015-2022,0.9151287459711687,3.106480829414362,0.15927133682914935,0.8223684210526315,0.9998239954252726
MOZ,2020,primary_2015_2022,2015-2017,2015-2022,0.9155734063174681,3.0677440895724954,0.1964644486379819,0.7960526315789473,0.999712931260489
MOZ,2021,primary_2015_2022,2015-2017,2015-2022,0.9039468934913754,2.9604542428164846,0.2637751143650261,0.7828947368421053,0.9963815276035526
MOZ,2022,primary_2015_2022,2015-2017,2015-2022,0.9000978128624731,2.9874325093076197,0.3119788103696579,0.7631578947368421,0.9997686512699338
MRT,2015,primary_2015_2022,2015-2017,2015-2022,0.9100659428350342,2.8573054864613505,0.09344395785430502,0.8307692307692308,1.0
MRT,2016,primary_2015_2022,2015-2017,2015-2022,0.9155867860615895,2.926215162722908,0.0776766540789788,0.7615384615384615,1.0
MRT,2017,primary_2015_2022,2015-2017,2015-2022,0.8996820669419129,2.8080715032504435,0.10766958686202939,0.7769230769230769,1.0
MRT,2018,primary_2015_2022,2015-2017,2015-2022,0.9117145851463478,2.905797555539471,0.1384424081763492,0.6846153846153846,0.9773755009930529
MRT,2019,primary_2015_2022,2015-2017,2015-2022,0.8955311228064542,2.806198368215591,0.1638175795497714,0.6846153846153846,0.9994655977633657
MRT,2020,primary_2015_2022,2015-2017,2015-2022,0.8907800686942848,2.773899763523534,0.3547165496658832,0.7307692307692307,0.9994190608262238
MRT,2021,primary_2015_2022,2015-2017,2015-2022,0.9084564173425904,2.7470451820853725,0.39503560077043065,0.7076923076923077,0.99810940607204
MRT,2022,primary_2015_2022,2015-2017,2015-2022,0.9111253943424168,2.859442807612714,0.4563082286352581,0.7538461538461538,0.9892024990012199
MSR,2015,primary_2015_2022,2015-2017,2015-2022,0.9033226247680756,2.6777696387354757,0.3782740525745744,0.627906976744186,1.0
MSR,2016,primary_2015_2022,2015-2017,2015-2022,0.8486543107549347,2.2666588302951585,0.4027304113100068,0.4883720930232558,1.0
MSR,2017,primary_2015_2022,2015-2017,2015-2022,0.5674175913959305,1.498474497304128,0.5199885492479807,0.7209302325581395,1.0
MSR,2018,primary_2015_2022,2015-2017,2015-2022,0.8777510543779744,2.3220517283337587,0.37923949669082424,0.3953488372093023,0.792732340510149
MSR,2019,primary_2015_2022,2015-2017,2015-2022,0.7957609497897229,1.9785622475337674,0.4338959230640019,0.3953488372093023,0.7287832088016244
MSR,2020,primary_2015_2022,2015-2017,2015-2022,0.8130542363958961,1.9242370982641148,0.5212612379579594,0.3023255813953488,0.902300494150666
MSR,2021,primary_2015_2022,2015-2017,2015-2022,0.7018010508358723,1.5443667897852142,0.7124989551296669,0.3488372093023256,0.9262951944831187
MSR,2022,primary_2015_2022,2015-2017,2015-2022,0.7860165127213768,1.7948108325524363,0.659796753515261,0.27906976744186046,0.9137923899045711
MUS,2015,primary_2015_2022,2015-2017,2015-2022,0.9274173554433468,3.1538601704189486,0.10214892412910025,0.8994082840236687,1.0
MUS,2016,primary_2015_2022,2015-2017,2015-2022,0.9259887035896701,3.164605300283433,0.054862319446763105,0.9230769230769231,1.0
MUS,2017,primary_2015_2022,2015-2017,2015-2022,0.9208951942896307,3.137141811774316,0.08489273778238435,0.863905325443787,1.0
MUS,2018,primary_2015_2022,2015-2017,2015-2022,0.933253747098038,3.260637023172301,0.1553680527624196,0.8579881656804734,0.9999143047181773
MUS,2019,primary_2015_2022,2015-2017,2015-2022,0.9345215743279993,3.2595102871536366,0.15403539083322915,0.834319526627219,0.9996740477235703
MUS,2020,primary_2015_2022,2015-2017,2015-2022,0.9353039107416907,3.2466918426024995,0.17919354405133037,0.8284023668639053,0.9999062831003132
MUS,2021,primary_2015_2022,2015-2017,2015-2022,0.9276982007196394,3.2105327307298577,0.19111374407492793,0.8520710059171598,0.9999188362776168
MUS,2022,primary_2015_2022,2015-2017,2015-2022,0.9299818499615188,3.187031796470462,0.2191175644532687,0.8520710059171598,0.9996691194745373
MWI,2015,primary_2015_2022,2015-2017,2015-2022,0.9414261416696191,3.286155318464988,0.12136895176179896,0.7956204379562044,1.0
MWI,2016,primary_2015_2022,2015-2017,2015-2022,0.9489086421627736,3.4050684031051213,0.08554741894236538,0.8175182481751825,1.0
MWI,2017,primary_2015_2022,2015-2017,2015-2022,0.9482023175854257,3.455431602668748,0.12726908816044494,0.8540145985401459,1.0
MWI,2018,primary_2015_2022,2015-2017,2015-2022,0.9429126226723707,3.3738546854391336,0.19343046428856184,0.781021897810219,0.9993701316389251
MWI,2019,primary_2015_2022,2015-2017,2015-2022,0.9497112234847309,3.393426362778286,0.22897755368224393,0.8029197080291971,0.9994742210093008
MWI,2020,primary_2015_2022,2015-2017,2015-2022,0.9516306555992524,3.4302281947227113,0.23275568676063785,0.7737226277372263,0.9997541036492978
MWI,2021,primary_2015_2022,2015-2017,2015-2022,0.9490764827641954,3.366800939215574,0.24691807820687928,0.7883211678832117,0.999627848320124
MWI,2022,primary_2015_2022,2015-2017,2015-2022,0.9330218815888491,3.288671739331384,0.2961401451334065,0.7737226277372263,0.9988720086366006
MYS,2015,primary_2015_2022,2015-2017,2015-2022,0.9290617683901936,3.264324729631414,0.03704204621340968,0.9773755656108597,1.0
MYS,2016,primary_2015_2022,2015-2017,2015-2022,0.92941498675353,3.2836184184310575,0.020378400952656597,0.9457013574660633,1.0
MYS,2017,primary_2015_2022,2015-2017,2015-2022,0.9292274607541017,3.2905941338860085,0.028138750829520345,0.9638009049773756,1.0
MYS,2018,primary_2015_2022,2015-2017,2015-2022,0.9283016754039172,3.251130851245199,0.06345177561338274,0.9592760180995475,1.0
MYS,2019,primary_2015_2022,2015-2017,2015-2022,0.9294885468921148,3.263353827307144,0.07201377449703453,0.9457013574660633,1.0
MYS,2020,primary_2015_2022,2015-2017,2015-2022,0.925714809972883,3.2465336467396804,0.09073552673319674,0.9547511312217195,1.0
MYS,2021,primary_2015_2022,2015-2017,2015-2022,0.9290745110086537,3.312730940194222,0.0971926538421777,0.9638009049773756,1.0
MYS,2022,primary_2015_2022,2015-2017,2015-2022,0.927288350463377,3.279768573811487,0.0948463140402348,0.9502262443438914,1.0
NAM,2015,primary_2015_2022,2015-2017,2015-2022,0.857168393694618,2.636009583505933,0.152072973928366,0.8294117647058824,1.0
NAM,2016,primary_2015_2022,2015-2017,2015-2022,0.9024739854655395,2.845068859558455,0.0725938178551232,0.8470588235294118,1.0
NAM,2017,primary_2015_2022,2015-2017,2015-2022,0.9011494413637782,2.8710599072810497,0.1595312556450833,0.8823529411764706,1.0
NAM,2018,primary_2015_2022,2015-2017,2015-2022,0.9084786504347065,2.856214408083358,0.25946681744346856,0.8294117647058824,0.9996344290137721
NAM,2019,primary_2015_2022,2015-2017,2015-2022,0.8882074631783643,2.777895335087748,0.18709035715250547,0.7823529411764706,0.9998457496852753
NAM,2020,primary_2015_2022,2015-2017,2015-2022,0.8956231545646083,2.8183128937612287,0.21485921067420655,0.7705882352941177,0.9999328898619694
NAM,2021,primary_2015_2022,2015-2017,2015-2022,0.8795902185450314,2.7079063965363246,0.22376301333172458,0.7647058823529411,0.9999140275009591
NAM,2022,primary_2015_2022,2015-2017,2015-2022,0.8586406504335002,2.6362207671925835,0.21437309076689876,0.8176470588235294,0.9997789049792783
NCL,2015,primary_2015_2022,2015-2017,2015-2022,0.8647970718173249,2.2416968466622738,0.13879572499906073,0.8125,1.0
NCL,2016,primary_2015_2022,2015-2017,2015-2022,0.8271460063068784,2.0642074574623006,0.06786961111986647,0.5104166666666666,1.0
NCL,2017,primary_2015_2022,2015-2017,2015-2022,0.7913113409580057,1.9358145094202186,0.11813031606516256,0.5104166666666666,1.0
NCL,2018,primary_2015_2022,2015-2017,2015-2022,0.7918811140497444,1.930185154400861,0.14475938797334464,0.4166666666666667,0.9990042617397458
NCL,2019,primary_2015_2022,2015-2017,2015-2022,0.7722401090344996,1.8850717525740406,0.23060014394013886,0.5,0.9990778799879848
NCL,2020,primary_2015_2022,2015-2017,2015-2022,0.7537753960558833,1.7809197614169106,0.24339786408419445,0.4166666666666667,0.9983351327534972
NCL,2021,primary_2015_2022,2015-2017,2015-2022,0.7618421233781814,1.794178971701435,0.2167492046957569,0.40625,0.999599606937812
NCL,2022,primary_2015_2022,2015-2017,2015-2022,0.7297764393668695,1.7672501666200633,0.3070798117728018,0.4166666666666667,0.9992366427495586
NER,2015,primary_2015_2022,2015-2017,2015-2022,0.637346394977089,1.6411573049865513,0.19267958640792573,0.7209302325581395,1.0
NER,2016,primary_2015_2022,2015-2017,2015-2022,0.7849748908113393,1.9795171777455578,0.1279299536891767,0.7364341085271318,1.0
NER,2017,primary_2015_2022,2015-2017,2015-2022,0.8089456903240303,2.185122420226883,0.15504505897066623,0.7209302325581395,1.0
NER,2018,primary_2015_2022,2015-2017,2015-2022,0.7732844911505807,2.032662488275646,0.5411866496181779,0.6821705426356589,0.9989108148653046
NER,2019,primary_2015_2022,2015-2017,2015-2022,0.7678548849455171,1.9892368649444496,0.5137283129370961,0.6976744186046512,0.9938281190491952
NER,2020,primary_2015_2022,2015-2017,2015-2022,0.48624098028791807,1.2719325049717207,0.6700343995806772,0.689922480620155,0.998421584831768
NER,2021,primary_2015_2022,2015-2017,2015-2022,0.41738308027017534,1.0814783860216943,0.6395787127991183,0.6046511627906976,0.999609427677309
NER,2022,primary_2015_2022,2015-2017,2015-2022,0.3869074108345115,1.0212002381169445,0.6778353745352869,0.6046511627906976,0.9994506622022327
NFK,2015,primary_2015_2022,2015-2017,2015-2022,0.8572212882764823,2.2497689859853254,0.4541471724803983,0.6666666666666666,1.0
NFK,2016,primary_2015_2022,2015-2017,2015-2022,0.871723778098916,2.3182078103702994,0.3701741562759172,0.5555555555555556,1.0
NFK,2017,primary_2015_2022,2015-2017,2015-2022,0.9027039944246689,2.4745836345698375,0.3722377212625029,0.5555555555555556,1.0
NFK,2018,primary_2015_2022,2015-2017,2015-2022,0.8430898446970543,2.150575306185578,0.5287500610038258,0.5925925925925926,0.897359499044305
NFK,2019,primary_2015_2022,2015-2017,2015-2022,0.8186976499384533,2.0740062021619203,0.5717844235353158,0.5925925925925926,0.9558325991346562
NFK,2020,primary_2015_2022,2015-2017,2015-2022,0.866496301436678,2.1559070308336787,0.5401452376672985,0.4074074074074074,0.8719368115457848
NFK,2021,primary_2015_2022,2015-2017,2015-2022,0.8880510195973937,2.344179731640596,0.4310279586327785,0.48148148148148145,0.8417845653496223
NFK,2022,primary_2015_2022,2015-2017,2015-2022,0.8364275748822407,1.966413592239658,0.550607645330851,0.37037037037037035,0.8433863997617599
NGA,2015,primary_2015_2022,2015-2017,2015-2022,0.9217502213700339,3.019149621029797,0.12539067434112647,0.8816568047337278,1.0
NGA,2016,primary_2015_2022,2015-2017,2015-2022,0.9202686759465196,3.081390546474835,0.0689715968333976,0.8757396449704142,1.0
NGA,2017,primary_2015_2022,2015-2017,2015-2022,0.9117580016740437,3.087844118690221,0.10123268135448339,0.893491124260355,1.0
NGA,2018,primary_2015_2022,2015-2017,2015-2022,0.9252251721840332,3.0641290152723153,0.14875820458436828,0.8698224852071006,0.9999962226753355
NGA,2019,primary_2015_2022,2015-2017,2015-2022,0.9223167616463153,3.0665658855539406,0.18073174400524655,0.8698224852071006,0.9935081959827283
NGA,2020,primary_2015_2022,2015-2017,2015-2022,0.9359228325764282,3.2359100944368224,0.21445832105610316,0.8579881656804734,0.995156856961438
NGA,2021,primary_2015_2022,2015-2017,2015-2022,0.9303887136279249,3.181958882350064,0.2049361902601739,0.8875739644970414,0.9982784048427534
NGA,2022,primary_2015_2022,2015-2017,2015-2022,0.9364380090121908,3.1928211079284012,0.2316249824455331,0.8757396449704142,0.9999041577790155
NIC,2015,primary_2015_2022,2015-2017,2015-2022,0.8957103583058226,2.785359323678865,0.08260851970384131,0.8051948051948052,1.0
NIC,2016,primary_2015_2022,2015-2017,2015-2022,0.8710030291487108,2.774035679415242,0.10104164826818264,0.8246753246753247,1.0
NIC,2017,primary_2015_2022,2015-2017,2015-2022,0.9294897371774861,3.1144941319884665,0.12194218017852244,0.8441558441558441,1.0
NIC,2018,primary_2015_2022,2015-2017,2015-2022,0.9270793904000563,3.090824647055255,0.18767840345623332,0.7792207792207793,0.9997662306666353
NIC,2019,primary_2015_2022,2015-2017,2015-2022,0.9272731697031587,3.1172525124565107,0.20351994122042638,0.7857142857142857,0.9999308795963694
NIC,2020,primary_2015_2022,2015-2017,2015-2022,0.9149600439767632,2.999095103399893,0.17929144400324928,0.7532467532467533,0.9998980386940818
NIC,2021,primary_2015_2022,2015-2017,2015-2022,0.8875159284165662,2.8447586936925227,0.16533223842148248,0.8246753246753247,0.9995287979655237
NIC,2022,primary_2015_2022,2015-2017,2015-2022,0.889625334723183,2.820312098753424,0.19671914310238436,0.8051948051948052,0.9992978262961275
NIU,2015,primary_2015_2022,2015-2017,2015-2022,0.9047685776352875,2.5841163695056046,0.41615833692062915,0.5882352941176471,1.0
NIU,2016,primary_2015_2022,2015-2017,2015-2022,0.8889508355966996,2.4128999923633825,0.4220059128081696,0.4411764705882353,1.0
NIU,2017,primary_2015_2022,2015-2017,2015-2022,0.052241315537748356,0.19310682234143692,0.6512225621421879,0.7058823529411765,1.0
NIU,2018,primary_2015_2022,2015-2017,2015-2022,0.12620064953902732,0.3012565264606089,0.6295387825336909,0.4411764705882353,0.9863905007607193
NIU,2019,primary_2015_2022,2015-2017,2015-2022,0.1325216644249011,0.3425211808715779,0.6027282660344933,0.4411764705882353,0.9864005864802345
NIU,2020,primary_2015_2022,2015-2017,2015-2022,0.021478862670010535,0.08270667505155813,0.6632500984274187,0.35294117647058826,0.9967526101700751
NIU,2021,primary_2015_2022,2015-2017,2015-2022,0.5280688702363685,1.3842087478187262,0.3928298326531165,0.4117647058823529,0.8674813865839525
NIU,2022,primary_2015_2022,2015-2017,2015-2022,0.8634389715637892,2.209037121849259,0.6393269681111238,0.38235294117647056,0.8368369993143912
NLD,2015,primary_2015_2022,2015-2017,2015-2022,0.9037777702595748,3.192409579361362,0.020920404445024986,0.9777777777777777,1.0
NLD,2016,primary_2015_2022,2015-2017,2015-2022,0.9042201977361798,3.185255722492338,0.015525810653066787,0.9866666666666667,1.0
NLD,2017,primary_2015_2022,2015-2017,2015-2022,0.9108451869661653,3.240558059368873,0.02496041144499305,0.9955555555555555,1.0
NLD,2018,primary_2015_2022,2015-2017,2015-2022,0.9049925815705644,3.2084307073743084,0.03588650254274511,0.9822222222222222,1.0
NLD,2019,primary_2015_2022,2015-2017,2015-2022,0.9111243260101386,3.26191901076821,0.04292078247916916,0.9955555555555555,1.0
NLD,2020,primary_2015_2022,2015-2017,2015-2022,0.9179449341853536,3.291061960307065,0.08068873002669717,0.9733333333333334,1.0
NLD,2021,primary_2015_2022,2015-2017,2015-2022,0.9165435272284806,3.2617757817658077,0.08721050881192441,0.9866666666666667,0.9999997581381193
NLD,2022,primary_2015_2022,2015-2017,2015-2022,0.9119111034905191,3.2347203613887863,0.11191417574847602,0.9911111111111112,0.9999999634171505
NOR,2015,primary_2015_2022,2015-2017,2015-2022,0.8980830209924693,2.9221546249192203,0.0412630320296225,0.9617224880382775,1.0
NOR,2016,primary_2015_2022,2015-2017,2015-2022,0.8981148777342151,2.9500570555394603,0.030336309981111656,0.9425837320574163,1.0
NOR,2017,primary_2015_2022,2015-2017,2015-2022,0.8995025441310285,2.920530418898815,0.03922306207451441,0.9473684210526315,1.0
NOR,2018,primary_2015_2022,2015-2017,2015-2022,0.8847969342629176,2.80078148249485,0.07014643875769433,0.9473684210526315,0.9999998453715992
NOR,2019,primary_2015_2022,2015-2017,2015-2022,0.8906607625994782,2.8520654003116475,0.06566720831517191,0.9425837320574163,0.9999909856717679
NOR,2020,primary_2015_2022,2015-2017,2015-2022,0.8932259568590158,2.9000819547879013,0.10837623885659245,0.9330143540669856,0.9999992353475845
NOR,2021,primary_2015_2022,2015-2017,2015-2022,0.8622153416539193,2.694226937663475,0.14343206536984993,0.937799043062201,0.999999866491318
NOR,2022,primary_2015_2022,2015-2017,2015-2022,0.8628763033467044,2.5996302781153773,0.17776217229217706,0.9234449760765551,0.9999994026783262
NPL,2015,primary_2015_2022,2015-2017,2015-2022,0.4434442051566344,1.3629060079863047,0.06153632590087087,0.7669172932330827,1.0
NPL,2016,primary_2015_2022,2015-2017,2015-2022,0.5460928602748224,1.6633609482422345,0.03476399191941752,0.8421052631578947,1.0
NPL,2017,primary_2015_2022,2015-2017,2015-2022,0.5451177069445589,1.648300206119163,0.04586491870516897,0.7593984962406015,1.0
NPL,2018,primary_2015_2022,2015-2017,2015-2022,0.5693687129518828,1.7231428909025388,0.06538821510178552,0.7368421052631579,0.9998871152191311
NPL,2019,primary_2015_2022,2015-2017,2015-2022,0.3831414637096068,1.1930335437445028,0.09783161167130094,0.7593984962406015,0.9985166974281532
NPL,2020,primary_2015_2022,2015-2017,2015-2022,0.3436810116098453,1.100502339008976,0.13335123778076147,0.6842105263157895,0.9982560297884571
NPL,2021,primary_2015_2022,2015-2017,2015-2022,0.22683139205242753,0.7574085002567277,0.19019539310176475,0.7443609022556391,0.9993163193796919
NPL,2022,primary_2015_2022,2015-2017,2015-2022,0.3725501190435643,1.1841249364497755,0.1159043717985815,0.7218045112781954,0.9990360420067937
NRU,2015,primary_2015_2022,2015-2017,2015-2022,0.7410777056498179,1.764910297090536,0.34873025171284383,0.6833333333333333,1.0
NRU,2016,primary_2015_2022,2015-2017,2015-2022,0.8244857234035304,2.0478096200044753,0.22474074056148563,0.55,1.0
NRU,2017,primary_2015_2022,2015-2017,2015-2022,0.8296719068178956,2.1549936386644823,0.17557151835500107,0.7166666666666667,1.0
NRU,2018,primary_2015_2022,2015-2017,2015-2022,0.8389464763369356,2.150755006858577,0.32188408057004253,0.5,0.9290451807209693
NRU,2019,primary_2015_2022,2015-2017,2015-2022,0.711777243280398,1.7329180022052963,0.5828073569766281,0.5166666666666667,0.9890913408168602
NRU,2020,primary_2015_2022,2015-2017,2015-2022,0.46031820609986107,0.9363873346009559,0.906072642005471,0.4,0.9849518495186711
NRU,2021,primary_2015_2022,2015-2017,2015-2022,0.6998597240110682,1.6290364889737892,0.7803966078474691,0.5,0.9958493415246195
NRU,2022,primary_2015_2022,2015-2017,2015-2022,0.5891675464674222,1.2770836327906314,0.8012580781457677,0.5,0.996854908318624
NZL,2015,primary_2015_2022,2015-2017,2015-2022,0.9175446998628839,3.43217625100426,0.031934654925870554,0.9811320754716981,1.0
NZL,2016,primary_2015_2022,2015-2017,2015-2022,0.9158110903194758,3.417797472338528,0.026092214657136535,0.9716981132075472,1.0
NZL,2017,primary_2015_2022,2015-2017,2015-2022,0.9179332759621756,3.41700663868364,0.032774010913618756,0.9764150943396226,1.0
NZL,2018,primary_2015_2022,2015-2017,2015-2022,0.9173177590730022,3.402542515438974,0.0456737585021921,0.9575471698113207,0.9999845399503683
NZL,2019,primary_2015_2022,2015-2017,2015-2022,0.92043208546842,3.410649111303801,0.06104017106582358,0.9622641509433962,0.9999987691828855
NZL,2020,primary_2015_2022,2015-2017,2015-2022,0.9248993793481026,3.4382102970385704,0.08260354800285491,0.9481132075471698,0.999991464756143
NZL,2021,primary_2015_2022,2015-2017,2015-2022,0.927252782975127,3.4189004491597856,0.0946728942429147,0.9716981132075472,0.9999998368779643
NZL,2022,primary_2015_2022,2015-2017,2015-2022,0.9332746568869608,3.443509109219121,0.11410063579518091,0.9528301886792453,0.9999985735186819
OMN,2015,primary_2015_2022,2015-2017,2015-2022,0.9113489419706956,2.9576314815389653,0.12867824640801226,0.9425287356321839,1.0
OMN,2016,primary_2015_2022,2015-2017,2015-2022,0.9131728393530207,2.9246153720888293,0.1263912189305988,0.8793103448275862,1.0
OMN,2017,primary_2015_2022,2015-2017,2015-2022,0.921429182559286,3.012365581427414,0.13625636996517745,0.896551724137931,1.0
OMN,2018,primary_2015_2022,2015-2017,2015-2022,0.9260052880708713,3.061684043445609,0.16264785425595427,0.8908045977011494,0.999993832715175
OMN,2019,primary_2015_2022,2015-2017,2015-2022,0.9230866653146246,3.045595321008075,0.1749854626116234,0.8793103448275862,0.9999981721160242
OMN,2020,primary_2015_2022,2015-2017,2015-2022,0.928856464107877,3.1637112422480866,0.19822884753012376,0.9022988505747126,0.9995292418586053
OMN,2021,primary_2015_2022,2015-2017,2015-2022,0.9299389084626247,3.240256780238228,0.2720740444200385,0.896551724137931,0.9996586717786319
OMN,2022,primary_2015_2022,2015-2017,2015-2022,0.9333436453063295,3.275035640368411,0.2885886299685371,0.8850574712643678,0.9996849867998483
PAK,2015,primary_2015_2022,2015-2017,2015-2022,0.9614470481504019,3.837553456631526,0.05373885217424855,0.9948979591836735,1.0
PAK,2016,primary_2015_2022,2015-2017,2015-2022,0.9596139324350779,3.796950122812636,0.032092316695904316,0.9795918367346939,1.0
PAK,2017,primary_2015_2022,2015-2017,2015-2022,0.9603468702740986,3.794500199684446,0.04995783139103038,0.9744897959183674,1.0
PAK,2018,primary_2015_2022,2015-2017,2015-2022,0.9622378957821334,3.8275766877859834,0.06746268202692714,0.9795918367346939,1.0
PAK,2019,primary_2015_2022,2015-2017,2015-2022,0.9614887842054585,3.8124609854244778,0.09943928151745313,0.9693877551020408,0.9999967491897946
PAK,2020,primary_2015_2022,2015-2017,2015-2022,0.9584650177997296,3.7711270759932503,0.14167821651204351,0.9693877551020408,0.9999963865459734
PAK,2021,primary_2015_2022,2015-2017,2015-2022,0.9603241366715544,3.80138771286943,0.15884329015295542,0.9591836734693877,0.9999974493036174
PAK,2022,primary_2015_2022,2015-2017,2015-2022,0.9586577492776874,3.7515043980296454,0.1753555895298015,0.9693877551020408,0.999993746559049
PAN,2015,primary_2015_2022,2015-2017,2015-2022,0.9551483839308412,3.5390747955077426,0.10414870065685095,0.8950617283950617,1.0
PAN,2016,primary_2015_2022,2015-2017,2015-2022,0.9539008023017475,3.474730287080975,0.09691242746501441,0.8765432098765432,1.0
PAN,2017,primary_2015_2022,2015-2017,2015-2022,0.9533152165449141,3.490512347540657,0.12808372255076617,0.8827160493827161,1.0
PAN,2018,primary_2015_2022,2015-2017,2015-2022,0.9564008995742079,3.52891370095408,0.1577846253806761,0.8641975308641975,0.9999564253786084
PAN,2019,primary_2015_2022,2015-2017,2015-2022,0.9558874892703006,3.5432996126215817,0.18959577173923436,0.8580246913580247,0.9999420939141749
PAN,2020,primary_2015_2022,2015-2017,2015-2022,0.9578458804871186,3.5546701891494656,0.2005270596494124,0.8765432098765432,0.9999645473157769
PAN,2021,primary_2015_2022,2015-2017,2015-2022,0.9343245941474246,3.297634391509754,0.5363716810560397,0.8148148148148148,0.9998762452604764
PAN,2022,primary_2015_2022,2015-2017,2015-2022,0.925235369102543,3.2269691555956905,0.6104227495866803,0.8333333333333334,0.999481075490714
PCN,2015,primary_2015_2022,2015-2017,2015-2022,0.7477440399733175,1.8029715692492188,0.6233110273719881,0.3888888888888889,1.0
PCN,2016,primary_2015_2022,2015-2017,2015-2022,0.6346105653380358,1.6663508599155545,0.5307822371086418,0.5,1.0
PCN,2017,primary_2015_2022,2015-2017,2015-2022,0.8515040728275544,2.2243202448500825,0.5598814341509851,0.4722222222222222,1.0
PCN,2018,primary_2015_2022,2015-2017,2015-2022,0.8749685231413085,2.4637273423378385,0.6262714108043117,0.5,0.9177406180199186
PCN,2019,primary_2015_2022,2015-2017,2015-2022,0.8642880535993533,2.3285725969539435,0.6514248705172421,0.4722222222222222,0.82178709880808
PCN,2020,primary_2015_2022,2015-2017,2015-2022,0.5160900567647403,1.1925737948523656,0.6680151244975415,0.25,0.7654385087727374
PCN,2021,primary_2015_2022,2015-2017,2015-2022,0.2969478308229143,0.7843922911548195,0.7496100109415055,0.3055555555555556,0.8352519894303649
PCN,2022,primary_2015_2022,2015-2017,2015-2022,0.6606668187601723,1.5150853618407094,0.6591021388495621,0.3333333333333333,0.8835136928748288
PER,2015,primary_2015_2022,2015-2017,2015-2022,0.9452310839703685,3.348522773609357,0.11269974160659771,0.9226804123711341,1.0
PER,2016,primary_2015_2022,2015-2017,2015-2022,0.9497485097307633,3.356584304625107,0.044251798411212934,0.9123711340206185,1.0
PER,2017,primary_2015_2022,2015-2017,2015-2022,0.9487294318245636,3.322154223009143,0.11206812803458957,0.9278350515463918,1.0
PER,2018,primary_2015_2022,2015-2017,2015-2022,0.946588292961997,3.306738167113428,0.13685870804153338,0.8865979381443299,0.9999744654205555
PER,2019,primary_2015_2022,2015-2017,2015-2022,0.9491974881586865,3.337580912165596,0.11426303126035416,0.8711340206185567,0.9983460884846128
PER,2020,primary_2015_2022,2015-2017,2015-2022,0.9475689867371578,3.3350703978522436,0.1753192066944809,0.8762886597938144,0.9999960702678099
PER,2021,primary_2015_2022,2015-2017,2015-2022,0.9472465487053181,3.3061643373468783,0.18335050450404256,0.8711340206185567,0.9999949188968165
PER,2022,primary_2015_2022,2015-2017,2015-2022,0.9497142548973624,3.3152615414397344,0.16135397908363994,0.8711340206185567,0.9999938159406877
PHL,2015,primary_2015_2022,2015-2017,2015-2022,0.9018317949860708,2.9302182239800825,0.035236555682336725,0.9558823529411765,1.0
PHL,2016,primary_2015_2022,2015-2017,2015-2022,0.8963135765604189,2.8654590046811093,0.028927786871049622,0.9558823529411765,1.0
PHL,2017,primary_2015_2022,2015-2017,2015-2022,0.902743454352426,2.892331881680901,0.04685322902596542,0.9705882352941176,1.0
PHL,2018,primary_2015_2022,2015-2017,2015-2022,0.9062345546371513,2.906204821010924,0.08240121961435264,0.9166666666666666,0.9999997689782764
PHL,2019,primary_2015_2022,2015-2017,2015-2022,0.8963704918515115,2.842333199550194,0.05505819244570648,0.946078431372549,0.9999911685874813
PHL,2020,primary_2015_2022,2015-2017,2015-2022,0.8928368573091637,2.7928384702019584,0.0785495238048551,0.9264705882352942,0.9999905591921433
PHL,2021,primary_2015_2022,2015-2017,2015-2022,0.901475464509261,2.8674570812397366,0.07445254011158411,0.9264705882352942,0.9999648339530961
PHL,2022,primary_2015_2022,2015-2017,2015-2022,0.9165998318216209,2.9503936912953925,0.11505453769572413,0.9166666666666666,0.9999852239783443
PLW,2015,primary_2015_2022,2015-2017,2015-2022,0.6854564233985334,1.4392094320562248,0.27911961178617434,0.5,1.0
PLW,2016,primary_2015_2022,2015-2017,2015-2022,0.5115225991184629,0.9523651103819264,0.22268653894513835,0.5625,1.0
PLW,2017,primary_2015_2022,2015-2017,2015-2022,0.34532908767311987,0.8892663568315781,0.20175647276748582,0.5625,1.0
PLW,2018,primary_2015_2022,2015-2017,2015-2022,0.37586782895367377,0.8668723795611738,0.1710842549906769,0.46875,0.9524825747311534
PLW,2019,primary_2015_2022,2015-2017,2015-2022,0.3959850359313869,0.8678275812197864,0.29633472568835917,0.4375,0.9885418593097847
PLW,2020,primary_2015_2022,2015-2017,2015-2022,0.5189436576066294,0.9297778798102495,0.5847777428558009,0.25,0.9846102516731832
PLW,2021,primary_2015_2022,2015-2017,2015-2022,0.7580144540369252,1.623151374927565,0.5160781744113158,0.28125,0.96512663177222
PLW,2022,primary_2015_2022,2015-2017,2015-2022,0.7668429261490504,1.6704873962344342,0.564948966389194,0.3125,0.978668649833559
PNG,2015,primary_2015_2022,2015-2017,2015-2022,0.7815422437896563,2.0167378531365867,0.07899794595876873,0.7976190476190477,1.0
PNG,2016,primary_2015_2022,2015-2017,2015-2022,0.7655676079229848,1.9872964979104568,0.06793806525873776,0.7619047619047619,1.0
PNG,2017,primary_2015_2022,2015-2017,2015-2022,0.8047002784391807,2.1211539046358734,0.05686131774336388,0.7976190476190477,1.0
PNG,2018,primary_2015_2022,2015-2017,2015-2022,0.7986221433530134,2.1071093601181135,0.05344438898070134,0.7738095238095238,0.9952483281162915
PNG,2019,primary_2015_2022,2015-2017,2015-2022,0.7701758224556889,1.9899632799527918,0.08758490302556803,0.8214285714285714,0.9348548282818985
PNG,2020,primary_2015_2022,2015-2017,2015-2022,0.8075444869221672,2.12540055522486,0.11911495084995957,0.7857142857142857,0.9278896410333652
PNG,2021,primary_2015_2022,2015-2017,2015-2022,0.8323744367277052,2.265883080338365,0.16623396757898015,0.8333333333333334,0.9445607911728383
PNG,2022,primary_2015_2022,2015-2017,2015-2022,0.8217618719160036,2.1992132724641245,0.20553874041391645,0.7857142857142857,0.9218888892255053
POL,2015,primary_2015_2022,2015-2017,2015-2022,0.8965704887375179,3.1357740612689367,0.01794160382550688,0.9812206572769953,1.0
POL,2016,primary_2015_2022,2015-2017,2015-2022,0.8952041027756592,3.119954673701745,0.015018372976677134,0.9624413145539906,1.0
POL,2017,primary_2015_2022,2015-2017,2015-2022,0.9022082133219572,3.149238652677681,0.023028009247810177,0.971830985915493,1.0
POL,2018,primary_2015_2022,2015-2017,2015-2022,0.8939145401827405,3.1047497838174634,0.03458824498506081,0.9671361502347418,0.9999998690945336
POL,2019,primary_2015_2022,2015-2017,2015-2022,0.895205769909049,3.1144226028011164,0.03656525324266431,0.971830985915493,0.9999997038762192
POL,2020,primary_2015_2022,2015-2017,2015-2022,0.8911162877221285,3.098318519192995,0.04901204429546216,0.9624413145539906,0.9999960963973854
POL,2021,primary_2015_2022,2015-2017,2015-2022,0.893160544019131,3.1133353800163603,0.0570438054075536,0.9671361502347418,0.9999997717254623
POL,2022,primary_2015_2022,2015-2017,2015-2022,0.902756046347897,3.169574205590127,0.05899641084130551,0.9859154929577465,0.9999997444224464
PRK,2015,primary_2015_2022,2015-2017,2015-2022,0.9379836154728132,3.4349185934264286,0.28687433830051573,0.8787878787878788,1.0
PRK,2016,primary_2015_2022,2015-2017,2015-2022,0.6680213083435811,2.1442284518249735,0.43145733839232225,0.8409090909090909,1.0
PRK,2017,primary_2015_2022,2015-2017,2015-2022,0.9441196902247224,3.506285679912146,0.30385521746139366,0.8484848484848485,1.0
PRK,2018,primary_2015_2022,2015-2017,2015-2022,0.9565930261598773,3.6223575733958997,0.5529057067069039,0.7424242424242424,0.9997403343290663
PRK,2019,primary_2015_2022,2015-2017,2015-2022,0.9499523315450636,3.5152690196788647,0.565074215653458,0.7272727272727273,0.7657247267526699
PRK,2020,primary_2015_2022,2015-2017,2015-2022,0.9252450811274233,3.2270852780401262,0.63537798163643,0.6439393939393939,0.7291164401585198
PRK,2021,primary_2015_2022,2015-2017,2015-2022,0.9003490467728895,3.031494904754258,0.7011346720096472,0.6136363636363636,0.783800963355993
PRK,2022,primary_2015_2022,2015-2017,2015-2022,0.8771378862718735,2.8444417197081697,0.48517374696747795,0.5454545454545454,0.674459982786468
PRT,2015,primary_2015_2022,2015-2017,2015-2022,0.8901540350007177,2.979833679428586,0.025680092674696578,0.9603960396039604,1.0
PRT,2016,primary_2015_2022,2015-2017,2015-2022,0.8879949764906452,2.969201787103932,0.01936220357219052,0.9702970297029703,1.0
PRT,2017,primary_2015_2022,2015-2017,2015-2022,0.8947106425620799,3.019388698556512,0.023889834810120972,0.9851485148514851,1.0
PRT,2018,primary_2015_2022,2015-2017,2015-2022,0.8954648522917107,3.0260584489353235,0.04772198648558677,0.9851485148514851,0.9999976351223229
PRT,2019,primary_2015_2022,2015-2017,2015-2022,0.8945646786022883,2.9998633764959877,0.0717439357643401,0.9653465346534653,0.9999959215528977
PRT,2020,primary_2015_2022,2015-2017,2015-2022,0.8930271713350197,3.009911136756996,0.07293228848488573,0.9702970297029703,0.9999951626406063
PRT,2021,primary_2015_2022,2015-2017,2015-2022,0.8881842448776789,2.9884216494517464,0.0676705235399699,0.9702970297029703,0.9999962092593351
PRT,2022,primary_2015_2022,2015-2017,2015-2022,0.8919016725732314,3.012267407877939,0.07884539697810791,0.9653465346534653,0.9999946962394569
PRY,2015,primary_2015_2022,2015-2017,2015-2022,0.848277313818641,2.841205385639829,0.0839876639075692,0.8766233766233766,1.0
PRY,2016,primary_2015_2022,2015-2017,2015-2022,0.8253110018847132,2.701047314241471,0.0660327795346631,0.8896103896103896,1.0
PRY,2017,primary_2015_2022,2015-2017,2015-2022,0.8435035497635965,2.703252985414325,0.07512137146844658,0.8896103896103896,1.0
PRY,2018,primary_2015_2022,2015-2017,2015-2022,0.8098813978834275,2.420367870999366,0.18068119624496026,0.8376623376623377,0.9998943318918943
PRY,2019,primary_2015_2022,2015-2017,2015-2022,0.7914713582811072,2.338686856262449,0.1764862455109353,0.8571428571428571,0.9997927034325075
PRY,2020,primary_2015_2022,2015-2017,2015-2022,0.7756879013887976,2.234724220197097,0.223208621926052,0.8831168831168831,0.9998242839832368
PRY,2021,primary_2015_2022,2015-2017,2015-2022,0.7794075066789014,2.1978848525085035,0.22686238135071551,0.8701298701298701,0.9998154101456435
PRY,2022,primary_2015_2022,2015-2017,2015-2022,0.7884427443375353,2.344516287695603,0.2343387486989897,0.8896103896103896,0.9996580907422488
PSE,2015,primary_2015_2022,2015-2017,2015-2022,0.2475367346068622,0.6865201906178381,0.010218999740498306,0.7,1.0
PSE,2016,primary_2015_2022,2015-2017,2015-2022,0.2530097712783198,0.7297712570702324,0.008136524809961517,0.7625,1.0
PSE,2017,primary_2015_2022,2015-2017,2015-2022,0.24799402965833306,0.7036970067305192,0.00976354087353798,0.8875,1.0
PSE,2018,primary_2015_2022,2015-2017,2015-2022,0.22988820281352484,0.6706614820517117,0.02137876827792608,0.7875,0.9994741376816079
PSE,2019,primary_2015_2022,2015-2017,2015-2022,0.27659391214005913,0.8020134576403181,0.03570370404279971,0.8125,0.9996826611696903
PSE,2020,primary_2015_2022,2015-2017,2015-2022,0.2885798783639496,0.8315829011865606,0.04308838436790369,0.775,0.9996292731401888
PSE,2021,primary_2015_2022,2015-2017,2015-2022,0.2388078370799691,0.708317543379618,0.0305716110687787,0.775,0.9996381363276137
PSE,2022,primary_2015_2022,2015-2017,2015-2022,0.22750853764823975,0.6498879233183837,0.02961830416156834,0.775,0.9993931614981229
PYF,2015,primary_2015_2022,2015-2017,2015-2022,0.7473165231719523,1.9201312711779963,0.09485721677550571,0.8088235294117647,1.0
PYF,2016,primary_2015_2022,2015-2017,2015-2022,0.7705017717178595,1.9482846372751284,0.10172234426308263,0.7647058823529411,1.0
PYF,2017,primary_2015_2022,2015-2017,2015-2022,0.7011552322492864,1.6621703084271355,0.09570605015519386,0.7941176470588235,1.0
PYF,2018,primary_2015_2022,2015-2017,2015-2022,0.715775587183874,1.6948970826737024,0.0949454498302806,0.7205882352941176,0.9881465933972587
PYF,2019,primary_2015_2022,2015-2017,2015-2022,0.7368220353032683,1.8498302809131593,0.10531553564662675,0.7205882352941176,0.9924430316819958
PYF,2020,primary_2015_2022,2015-2017,2015-2022,0.8215393579634374,2.191647298032314,0.38828927642444383,0.6764705882352942,0.9986818982248125
PYF,2021,primary_2015_2022,2015-2017,2015-2022,0.819263622217919,2.151258372958737,0.33220012738926624,0.6764705882352942,0.9944210171913315
PYF,2022,primary_2015_2022,2015-2017,2015-2022,0.8258557036508314,2.1520800041848758,0.28974621650252685,0.6911764705882353,0.9989586761192074
QAT,2015,primary_2015_2022,2015-2017,2015-2022,0.8710237396493119,2.6424194223349486,0.07345839229527742,0.9421965317919075,1.0
QAT,2016,primary_2015_2022,2015-2017,2015-2022,0.8864529624292424,2.780470592846406,0.039229218390269306,0.930635838150289,1.0
QAT,2017,primary_2015_2022,2015-2017,2015-2022,0.8901912826939699,2.7648386956618136,0.07162328702726278,0.9132947976878613,1.0
QAT,2018,primary_2015_2022,2015-2017,2015-2022,0.879834624191379,2.696702288395203,0.11215022771288463,0.8786127167630058,0.9999990813974334
QAT,2019,primary_2015_2022,2015-2017,2015-2022,0.8831087646099013,2.713386758563045,0.12125978868482865,0.9017341040462428,0.9999988783507237
QAT,2020,primary_2015_2022,2015-2017,2015-2022,0.901486759117714,2.8638273519869792,0.15492405119609381,0.861271676300578,0.9999987525441281
QAT,2021,primary_2015_2022,2015-2017,2015-2022,0.9006883686029955,2.8442138840234796,0.13572693155477114,0.884393063583815,0.9999962229051381
QAT,2022,primary_2015_2022,2015-2017,2015-2022,0.9271818571818446,3.005612385097571,0.26758716920162784,0.8439306358381503,0.9997492321200547
ROU,2015,primary_2015_2022,2015-2017,2015-2022,0.92208567747461,3.2761878745572184,0.038829757342598636,0.9282051282051282,1.0
ROU,2016,primary_2015_2022,2015-2017,2015-2022,0.9154281952690105,3.250037540843762,0.023446779246775316,0.9641025641025641,1.0
ROU,2017,primary_2015_2022,2015-2017,2015-2022,0.9110280819136893,3.200869387688133,0.035516547572489426,0.9435897435897436,1.0
ROU,2018,primary_2015_2022,2015-2017,2015-2022,0.9075846033972875,3.167835510258076,0.04890639279474866,0.9230769230769231,0.9999850615033973
ROU,2019,primary_2015_2022,2015-2017,2015-2022,0.9107139727846447,3.1825331682230553,0.06074533825905064,0.9282051282051282,0.9999985888060218
ROU,2020,primary_2015_2022,2015-2017,2015-2022,0.91443700700027,3.197372160227605,0.07691020899391572,0.9076923076923077,0.9999947377868444
ROU,2021,primary_2015_2022,2015-2017,2015-2022,0.9239593009754621,3.2703505969163804,0.0833591538272257,0.9487179487179487,0.9999968716022549
ROU,2022,primary_2015_2022,2015-2017,2015-2022,0.9254531122879601,3.262081121459582,0.10197093622152495,0.9333333333333333,0.9999979947214169
RUS,2015,primary_2015_2022,2015-2017,2015-2022,0.9626579066386848,3.733628126044917,0.05769968479868318,0.916256157635468,1.0
RUS,2016,primary_2015_2022,2015-2017,2015-2022,0.9645633327268266,3.805563963567885,0.0355291058771513,0.9261083743842364,1.0
RUS,2017,primary_2015_2022,2015-2017,2015-2022,0.963997379406859,3.775504415472943,0.04009914779727064,0.9408866995073891,1.0
RUS,2018,primary_2015_2022,2015-2017,2015-2022,0.9642034079435645,3.787147242825597,0.07143268474011048,0.916256157635468,0.9999999669007109
RUS,2019,primary_2015_2022,2015-2017,2015-2022,0.9649544095068917,3.7977028377749713,0.0723616423291363,0.9261083743842364,0.9999989945243644
RUS,2020,primary_2015_2022,2015-2017,2015-2022,0.9645227107451728,3.806052371622117,0.13327765644603917,0.9211822660098522,0.9999999527195036
RUS,2021,primary_2015_2022,2015-2017,2015-2022,0.9652037169107723,3.803339578373244,0.11952650417349275,0.9261083743842364,0.9999976757501444
RUS,2022,primary_2015_2022,2015-2017,2015-2022,0.9527184399035746,3.5540359631717937,0.2728616960075192,0.7536945812807881,0.9999999328366349
RWA,2015,primary_2015_2022,2015-2017,2015-2022,0.8989144540187932,2.833720411836459,0.17501243987242693,0.672,1.0
RWA,2016,primary_2015_2022,2015-2017,2015-2022,0.8381825537495959,2.4681859824284595,0.09186354555501403,0.72,1.0
RWA,2017,primary_2015_2022,2015-2017,2015-2022,0.8306442638315858,2.463451169890774,0.15207731123303556,0.8,1.0
RWA,2018,primary_2015_2022,2015-2017,2015-2022,0.7731566734854429,2.296463384220099,0.21742984595009257,0.784,0.9992253341438302
RWA,2019,primary_2015_2022,2015-2017,2015-2022,0.7498238932057862,2.1906209423273295,0.24077795973659885,0.752,0.9988890633620848
RWA,2020,primary_2015_2022,2015-2017,2015-2022,0.6503452923321189,1.8295603256211421,0.37316777459083517,0.736,0.9991665336571938
RWA,2021,primary_2015_2022,2015-2017,2015-2022,0.7859798860462911,2.274433994776568,0.23028084214781672,0.768,0.9994164698758906
RWA,2022,primary_2015_2022,2015-2017,2015-2022,0.7691165705713205,2.203299237030885,0.2638468673750883,0.768,0.9994067040689917
SAU,2015,primary_2015_2022,2015-2017,2015-2022,0.9201686398803202,3.177553201769505,0.10019481536515473,0.9375,1.0
SAU,2016,primary_2015_2022,2015-2017,2015-2022,0.920494887483596,3.129626150816144,0.07321572734325525,0.921875,1.0
SAU,2017,primary_2015_2022,2015-2017,2015-2022,0.9269943264560475,3.202479073637032,0.10382209262346037,0.9427083333333334,1.0
SAU,2018,primary_2015_2022,2015-2017,2015-2022,0.9264792166500289,3.1861685566813254,0.13122352503845713,0.9322916666666666,0.9999993205357167
SAU,2019,primary_2015_2022,2015-2017,2015-2022,0.9285109130333319,3.212665113533123,0.12869832264590686,0.9375,0.9999997427658395
SAU,2020,primary_2015_2022,2015-2017,2015-2022,0.9321486519635448,3.268506599991077,0.14863315391633675,0.9010416666666666,0.9999971927592942
SAU,2021,primary_2015_2022,2015-2017,2015-2022,0.9293362096866643,3.260314143884588,0.15684445073932785,0.9114583333333334,0.9999992784881203
SAU,2022,primary_2015_2022,2015-2017,2015-2022,0.9214296892161123,3.17820525194904,0.1883989086211763,0.90625,0.999994637217916
SDN,2015,primary_2015_2022,2015-2017,2015-2022,0.7620315519443123,2.1166848655925823,0.15316497375422028,0.7746478873239436,1.0
SDN,2016,primary_2015_2022,2015-2017,2015-2022,0.6969831169464682,1.9740067059203583,0.08377362720786612,0.8098591549295775,1.0
SDN,2017,primary_2015_2022,2015-2017,2015-2022,0.6921253461035057,1.9339141625029965,0.11673006224106286,0.8450704225352113,1.0
SDN,2018,primary_2015_2022,2015-2017,2015-2022,0.8365287734811422,2.3308907743273584,0.2693236909076539,0.7887323943661971,0.9997769045779413
SDN,2019,primary_2015_2022,2015-2017,2015-2022,0.8149209063039378,2.247441505357703,0.22622743550602498,0.6056338028169014,0.9998504550365253
SDN,2020,primary_2015_2022,2015-2017,2015-2022,0.6750983883393696,1.8596870340161253,0.22424059804626162,0.5633802816901409,0.9999417955262478
SDN,2021,primary_2015_2022,2015-2017,2015-2022,0.6251686020600664,1.7084692570673243,0.2747216309127827,0.5845070422535211,0.9848135998550854
SDN,2022,primary_2015_2022,2015-2017,2015-2022,0.7555080850016008,2.039873160660989,0.2954573123175241,0.5492957746478874,0.9998669372988439
SEN,2015,primary_2015_2022,2015-2017,2015-2022,0.9285523974995314,3.2582874848762042,0.08913579135269364,0.8353658536585366,1.0
SEN,2016,primary_2015_2022,2015-2017,2015-2022,0.9084161629506933,3.1215496062101495,0.05432056453623693,0.8841463414634146,1.0
SEN,2017,primary_2015_2022,2015-2017,2015-2022,0.8966181615908129,2.9806014150839504,0.08991175687516055,0.8292682926829268,1.0
SEN,2018,primary_2015_2022,2015-2017,2015-2022,0.8917894806728958,2.940724002627542,0.1264146116913607,0.8414634146341463,0.997778137941611
SEN,2019,primary_2015_2022,2015-2017,2015-2022,0.8728377659800511,2.826582757513563,0.15207674022191753,0.8292682926829268,0.9997071510971682
SEN,2020,primary_2015_2022,2015-2017,2015-2022,0.8853869482818056,2.8805640357591984,0.18453728958706095,0.8414634146341463,0.9997774922129875
SEN,2021,primary_2015_2022,2015-2017,2015-2022,0.891653874170548,2.880351432985308,0.16320121870284393,0.7865853658536586,0.999698414611216
SEN,2022,primary_2015_2022,2015-2017,2015-2022,0.8732876780554939,2.739702276902948,0.20391304888565243,0.8170731707317073,0.9997242218248956
SGP,2015,primary_2015_2022,2015-2017,2015-2022,0.9242832079955756,3.2334177053377595,0.04973712901869898,0.9907407407407407,1.0
SGP,2016,primary_2015_2022,2015-2017,2015-2022,0.9204084058167864,3.207135497511226,0.034461707122796156,0.9814814814814815,1.0
SGP,2017,primary_2015_2022,2015-2017,2015-2022,0.9238387756236802,3.229416425214713,0.03171927056648293,0.9768518518518519,1.0
SGP,2018,primary_2015_2022,2015-2017,2015-2022,0.9268465479474327,3.250480761288393,0.055553613992546005,0.9861111111111112,0.9999998117770154
SGP,2019,primary_2015_2022,2015-2017,2015-2022,0.9279912597937024,3.2689211161609557,0.0682604361060653,0.9768518518518519,0.9999961972419645
SGP,2020,primary_2015_2022,2015-2017,2015-2022,0.9225140938647444,3.2301927414712344,0.0841369762815645,0.9768518518518519,0.9999991863244797
SGP,2021,primary_2015_2022,2015-2017,2015-2022,0.9174914453332891,3.1856923579106704,0.101451411084763,0.9537037037037037,1.0
SGP,2022,primary_2015_2022,2015-2017,2015-2022,0.9309413885434706,3.2771165120706347,0.10002561061249178,0.9675925925925926,0.9999874507274562
SGS,2015,primary_2015_2022,2015-2017,2015-2022,0.1666468518891434,0.44367141328311144,0.6330139406206922,0.4444444444444444,1.0
SGS,2016,primary_2015_2022,2015-2017,2015-2022,0.8182905372988672,1.7437316994878462,0.6259534084778438,0.3333333333333333,1.0
SGS,2017,primary_2015_2022,2015-2017,2015-2022,0.7080933979676742,1.5930517150718226,0.6167033814064135,0.4444444444444444,1.0
SGS,2018,primary_2015_2022,2015-2017,2015-2022,0.5474710334983872,1.065636246258474,0.8453494500932183,0.4444444444444444,0.9656658685510927
SGS,2019,primary_2015_2022,2015-2017,2015-2022,0.8129072368384888,1.7293960485388884,0.5607733447780068,0.3333333333333333,0.3379858909788028
SGS,2020,primary_2015_2022,2015-2017,2015-2022,0.0,-0.0,0.49152596700949985,0.05555555555555555,0.1188877461837353
SGS,2021,primary_2015_2022,2015-2017,2015-2022,0.554168132694167,0.9382617230795249,0.5616426171594797,0.16666666666666666,0.23447219581209255
SGS,2022,primary_2015_2022,2015-2017,2015-2022,0.45727011563040254,0.8734221238513306,0.7235496784414578,0.2777777777777778,0.8085669457086334
SHN,2015,primary_2015_2022,2015-2017,2015-2022,0.8310473206381507,2.2141098809404323,0.38567023962504676,0.6428571428571429,1.0
SHN,2016,primary_2015_2022,2015-2017,2015-2022,0.8090208828663974,2.31783636224191,0.33064437338776576,0.5892857142857143,1.0
SHN,2017,primary_2015_2022,2015-2017,2015-2022,0.8620047936050178,2.444146046001601,0.31384991535977697,0.625,1.0
SHN,2018,primary_2015_2022,2015-2017,2015-2022,0.8297759227351537,2.353072355263789,0.3567748179014546,0.44642857142857145,0.9333450728047149
SHN,2019,primary_2015_2022,2015-2017,2015-2022,0.8611001962731518,2.29390624066189,0.504313827198392,0.4107142857142857,0.9757549953344382
SHN,2020,primary_2015_2022,2015-2017,2015-2022,0.7287973739894575,1.870014138679465,0.45882289281535354,0.375,0.9766250723422575
SHN,2021,primary_2015_2022,2015-2017,2015-2022,0.8171277104050437,2.1453650672233358,0.4518234999518504,0.39285714285714285,0.8413925750443446
SHN,2022,primary_2015_2022,2015-2017,2015-2022,0.760096505366502,1.7928694861855516,0.6980473979797456,0.375,0.9782416119350554
SLB,2015,primary_2015_2022,2015-2017,2015-2022,0.8810263459562643,2.6372826756091023,0.14138948843344917,0.68,1.0
SLB,2016,primary_2015_2022,2015-2017,2015-2022,0.8971707189603743,2.7041774210595615,0.06874932636600956,0.68,1.0
SLB,2017,primary_2015_2022,2015-2017,2015-2022,0.9092992126622206,2.737994417584769,0.15476566129383373,0.72,1.0
SLB,2018,primary_2015_2022,2015-2017,2015-2022,0.8904178942159799,2.642796403583148,0.12869620817815378,0.6533333333333333,0.9986141338719096
SLB,2019,primary_2015_2022,2015-2017,2015-2022,0.8751753161414824,2.442288873473469,0.22705679818966734,0.4,0.9998010727532662
SLB,2020,primary_2015_2022,2015-2017,2015-2022,0.8873164996828566,2.5347273773533816,0.29655322076557317,0.44,0.9967316952433821
SLB,2021,primary_2015_2022,2015-2017,2015-2022,0.9026871963380837,2.6527891089430824,0.309946452023309,0.5066666666666667,0.9989668316462056
SLB,2022,primary_2015_2022,2015-2017,2015-2022,0.9014627520772986,2.59785624185457,0.29530236091528367,0.4666666666666667,0.9935516555218346
SLE,2015,primary_2015_2022,2015-2017,2015-2022,0.8512163616511861,2.6146493475654693,0.19589804783834663,0.8257575757575758,1.0
SLE,2016,primary_2015_2022,2015-2017,2015-2022,0.8822413869721937,2.727800308581179,0.15928490760445926,0.7954545454545454,1.0
SLE,2017,primary_2015_2022,2015-2017,2015-2022,0.8977495870911042,2.8910426387438366,0.18881251896973872,0.8333333333333334,1.0
SLE,2018,primary_2015_2022,2015-2017,2015-2022,0.8966718220154455,2.8616485792269137,0.2338053481097015,0.7272727272727273,0.9463841286400603
SLE,2019,primary_2015_2022,2015-2017,2015-2022,0.8662327265388138,2.632040528120624,0.27451381309509315,0.696969696969697,0.9987825541189778
SLE,2020,primary_2015_2022,2015-2017,2015-2022,0.8670071892121773,2.5640745170400847,0.2903088361183505,0.6515151515151515,0.9997663659798929
SLE,2021,primary_2015_2022,2015-2017,2015-2022,0.8654583687508878,2.604276884859284,0.3017456516022099,0.6666666666666666,0.9996493872322215
SLE,2022,primary_2015_2022,2015-2017,2015-2022,0.8890074824882331,2.8046617908621325,0.3922437824696492,0.6439393939393939,0.9992476794917129
SLV,2015,primary_2015_2022,2015-2017,2015-2022,0.8422824294311744,2.43393561505232,0.03796368161975295,0.875,1.0
SLV,2016,primary_2015_2022,2015-2017,2015-2022,0.8388826073574643,2.4075200668856813,0.030079222970399135,0.875,1.0
SLV,2017,primary_2015_2022,2015-2017,2015-2022,0.8536891649345253,2.546123703392153,0.04398668664683374,0.8402777777777778,1.0
SLV,2018,primary_2015_2022,2015-2017,2015-2022,0.8399957532895067,2.430418179454688,0.06450084743924853,0.8194444444444444,0.9999667507600902
SLV,2019,primary_2015_2022,2015-2017,2015-2022,0.8308340567153581,2.3536510430363213,0.0852483288812519,0.8194444444444444,0.9999507684629185
SLV,2020,primary_2015_2022,2015-2017,2015-2022,0.8290690758916298,2.3548726177990447,0.08448358038709058,0.7638888888888888,0.9999779131185299
SLV,2021,primary_2015_2022,2015-2017,2015-2022,0.824788486050609,2.3370716444623008,0.09129993736409095,0.7986111111111112,0.9997299193000697
SLV,2022,primary_2015_2022,2015-2017,2015-2022,0.8293602800537453,2.362626735799424,0.1220860099491821,0.8055555555555556,0.9998841763101508
SMR,2015,primary_2015_2022,2015-2017,2015-2022,0.9421592384058278,3.2452911264035835,0.08243429638351181,0.7717391304347826,1.0
SMR,2016,primary_2015_2022,2015-2017,2015-2022,0.9392481945325737,3.213087375683991,0.0625564750958258,0.8369565217391305,1.0
SMR,2017,primary_2015_2022,2015-2017,2015-2022,0.9451095486317544,3.3012518633130155,0.09614290246304484,0.8695652173913043,1.0
SMR,2018,primary_2015_2022,2015-2017,2015-2022,0.9474879759307299,3.3245101862298307,0.16496615794349442,0.782608695652174,0.993703799557868
SMR,2019,primary_2015_2022,2015-2017,2015-2022,0.9465895119849269,3.3169655251486176,0.1580877360162891,0.8043478260869565,0.9550556457889188
SMR,2020,primary_2015_2022,2015-2017,2015-2022,0.9467999948610408,3.3061808729070834,0.19434059441430476,0.8369565217391305,0.9867485845792192
SMR,2021,primary_2015_2022,2015-2017,2015-2022,0.9452315692612369,3.2595580534524258,0.22017126770906872,0.8043478260869565,0.9954678920826365
SMR,2022,primary_2015_2022,2015-2017,2015-2022,0.9330151193756742,3.1369961498798467,0.22089436071096402,0.8152173913043478,0.9903595369676821
SOM,2015,primary_2015_2022,2015-2017,2015-2022,0.6911739596985612,1.5781956564171211,0.12285427351531834,0.7941176470588235,1.0
SOM,2016,primary_2015_2022,2015-2017,2015-2022,0.6810703132270031,1.6012647360103036,0.13019868099897966,0.6911764705882353,1.0
SOM,2017,primary_2015_2022,2015-2017,2015-2022,0.7541112037208333,1.7861716093406401,0.22480091051002882,0.7647058823529411,1.0
SOM,2018,primary_2015_2022,2015-2017,2015-2022,0.7839192737414896,2.0119048862812634,0.25968900744654355,0.6764705882352942,0.9989925452450338
SOM,2019,primary_2015_2022,2015-2017,2015-2022,0.7796195702601948,1.9925303912507633,0.28316292930454484,0.6911764705882353,0.9962218169143587
SOM,2020,primary_2015_2022,2015-2017,2015-2022,0.733263255961262,1.8433055552901323,0.3487549596856577,0.6617647058823529,0.9896028094889622
SOM,2021,primary_2015_2022,2015-2017,2015-2022,0.7595499994061965,2.003646262506154,0.32484505933114965,0.75,0.9673354636043221
SOM,2022,primary_2015_2022,2015-2017,2015-2022,0.7245709801854187,1.6817668197177227,0.2680768232109121,0.7058823529411765,0.9453080781328568
SPM,2015,primary_2015_2022,2015-2017,2015-2022,0.6446654272706961,1.386952937185721,0.21619205525604618,0.5294117647058824,1.0
SPM,2016,primary_2015_2022,2015-2017,2015-2022,0.8177202461785914,1.9369893360347712,0.23657953650970082,0.7647058823529411,1.0
SPM,2017,primary_2015_2022,2015-2017,2015-2022,0.7824407771414931,1.7258728555985907,0.16708058114373894,0.5882352941176471,1.0
SPM,2018,primary_2015_2022,2015-2017,2015-2022,0.31415129283940135,0.6916775706355143,0.43044676396326903,0.35294117647058826,0.9372046349399638
SPM,2019,primary_2015_2022,2015-2017,2015-2022,0.2860396787695175,0.6585689967773755,0.45370808356439374,0.47058823529411764,0.9840719486802708
SPM,2020,primary_2015_2022,2015-2017,2015-2022,0.49963248497679746,0.9751090691952942,0.33688644718780003,0.4117647058823529,0.9469455587856277
SPM,2021,primary_2015_2022,2015-2017,2015-2022,0.277544298052255,0.577298641165308,0.45369937562330537,0.29411764705882354,0.9737630780633263
SPM,2022,primary_2015_2022,2015-2017,2015-2022,0.25678125894027626,0.5268383731996846,0.46265360287725094,0.29411764705882354,0.9964726483445302
SRB,2015,primary_2015_2022,2015-2017,2015-2022,0.9335928422640959,3.237434797096764,0.04627372806586222,0.8901734104046243,1.0
SRB,2016,primary_2015_2022,2015-2017,2015-2022,0.9367925219876121,3.2703613323959764,0.023552759850034438,0.930635838150289,1.0
SRB,2017,primary_2015_2022,2015-2017,2015-2022,0.9413879047615807,3.292463013288071,0.04384229711062097,0.9190751445086706,1.0
SRB,2018,primary_2015_2022,2015-2017,2015-2022,0.9423755496067989,3.289032115763512,0.07528223447760293,0.9132947976878613,0.9999837009973777
SRB,2019,primary_2015_2022,2015-2017,2015-2022,0.9453624912085938,3.328593131725804,0.09715002873066962,0.9190751445086706,0.9999425312336314
SRB,2020,primary_2015_2022,2015-2017,2015-2022,0.9476751546609041,3.3611252826947697,0.1266075582084026,0.9132947976878613,0.9999320925980405
SRB,2021,primary_2015_2022,2015-2017,2015-2022,0.9468781318948186,3.3559395790417,0.14525515689494872,0.9132947976878613,0.9999171384619747
SRB,2022,primary_2015_2022,2015-2017,2015-2022,0.9488800001893517,3.367248578866067,0.14420151559578662,0.9364161849710982,0.9998350954996515
SSD,2015,primary_2015_2022,2015-2017,2015-2022,0.45721227025956357,1.1411324670623326,0.40002555243213916,0.4857142857142857,1.0
SSD,2016,primary_2015_2022,2015-2017,2015-2022,0.7298191834180182,1.6952446863301285,0.3098296391405621,0.7142857142857143,1.0
SSD,2017,primary_2015_2022,2015-2017,2015-2022,0.21818443106796026,0.5278614542844167,0.590154979113385,0.5428571428571428,1.0
SSD,2018,primary_2015_2022,2015-2017,2015-2022,0.48872796626979365,0.8563102827741749,0.3351557843251265,0.5142857142857142,0.6245637251068059
SSD,2019,primary_2015_2022,2015-2017,2015-2022,0.24524637162147667,0.5066541584539423,0.3488297391257019,0.4857142857142857,0.4003082624771693
SSD,2020,primary_2015_2022,2015-2017,2015-2022,0.087089335299124,0.2461674188622331,0.6488890750969624,0.34285714285714286,0.5222256490835238
SSD,2021,primary_2015_2022,2015-2017,2015-2022,0.5549015711828015,0.9477617425219798,0.743259519082743,0.4,0.5904215350129898
SSD,2022,primary_2015_2022,2015-2017,2015-2022,0.6138798914761374,1.105661699678247,0.6361765352821315,0.4857142857142857,0.42242378952625775
STP,2015,primary_2015_2022,2015-2017,2015-2022,0.8721863168925819,2.5418023572271844,0.24003841091048805,0.6833333333333333,1.0
STP,2016,primary_2015_2022,2015-2017,2015-2022,0.8351880659728617,2.3207731310761637,0.2506976054888174,0.65,1.0
STP,2017,primary_2015_2022,2015-2017,2015-2022,0.8756856712134478,2.4754070023342396,0.21941655230602086,0.55,1.0
STP,2018,primary_2015_2022,2015-2017,2015-2022,0.8693442002424884,2.3527691357683187,0.38252902492184643,0.5166666666666667,0.9484071145279694
STP,2019,primary_2015_2022,2015-2017,2015-2022,0.7975601807566828,1.969534873751579,0.5952841462774902,0.4166666666666667,0.9591081866050827
STP,2020,primary_2015_2022,2015-2017,2015-2022,0.8367824693687773,2.262524209918872,0.6357937453704746,0.48333333333333334,0.9499983942226573
STP,2021,primary_2015_2022,2015-2017,2015-2022,0.8643945691030558,2.2843392204467263,0.5499516963752583,0.4666666666666667,0.9303071707289171
STP,2022,primary_2015_2022,2015-2017,2015-2022,0.8869470024342403,2.4456116677138464,0.49648889539602237,0.4166666666666667,0.9717696817069127
SUR,2015,primary_2015_2022,2015-2017,2015-2022,0.8377929822077397,2.227908395600196,0.2404612312112968,0.7753623188405797,1.0
SUR,2016,primary_2015_2022,2015-2017,2015-2022,0.7533013580124206,1.9185357254759947,0.13419996617056112,0.7753623188405797,1.0
SUR,2017,primary_2015_2022,2015-2017,2015-2022,0.6872359507101511,1.804763381644721,0.29821584705983806,0.7753623188405797,1.0
SUR,2018,primary_2015_2022,2015-2017,2015-2022,0.6651822248001931,1.6685498825631648,0.24793775456169156,0.6811594202898551,0.9999676954804378
SUR,2019,primary_2015_2022,2015-2017,2015-2022,0.6860585981476975,1.637002728224277,0.2247511407213151,0.6811594202898551,0.9998616005891112
SUR,2020,primary_2015_2022,2015-2017,2015-2022,0.6533324631001594,1.576131999800899,0.2662817941923758,0.6376811594202898,0.9998065902122792
SUR,2021,primary_2015_2022,2015-2017,2015-2022,0.646116280260003,1.5779466954141337,0.24517713755235518,0.7028985507246377,0.9958242009921426
SUR,2022,primary_2015_2022,2015-2017,2015-2022,0.6928151827404516,1.7519483050559295,0.22925918042792598,0.6811594202898551,0.9942656354631901
SVK,2015,primary_2015_2022,2015-2017,2015-2022,0.901337697074673,2.940740746350902,0.022918981670547182,0.9353233830845771,1.0
SVK,2016,primary_2015_2022,2015-2017,2015-2022,0.9025011131537956,2.9337367615863017,0.018394997910601056,0.9303482587064676,1.0
SVK,2017,primary_2015_2022,2015-2017,2015-2022,0.9069135634128511,2.9410635341735984,0.029061756352237487,0.8955223880597015,1.0
SVK,2018,primary_2015_2022,2015-2017,2015-2022,0.9065500340904838,2.9483053606675345,0.044886504079717136,0.9054726368159204,0.9999989029198721
SVK,2019,primary_2015_2022,2015-2017,2015-2022,0.8951575495735976,2.9185500288751154,0.058362721691457994,0.9154228855721394,0.999998995441115
SVK,2020,primary_2015_2022,2015-2017,2015-2022,0.9009263243234742,2.9545899736765544,0.0693906569718421,0.8805970149253731,0.999999560473182
SVK,2021,primary_2015_2022,2015-2017,2015-2022,0.9034399827033012,2.953010479495675,0.06964661155850596,0.8855721393034826,0.9999998619148227
SVK,2022,primary_2015_2022,2015-2017,2015-2022,0.9031439606936372,2.9482427761128034,0.08678680772630606,0.9104477611940298,0.999990222009243
SVN,2015,primary_2015_2022,2015-2017,2015-2022,0.9098601312176899,3.091445662496116,0.028032594255738234,0.95,1.0
SVN,2016,primary_2015_2022,2015-2017,2015-2022,0.9210871329025458,3.1731477911720734,0.026657395342384753,0.94,1.0
SVN,2017,primary_2015_2022,2015-2017,2015-2022,0.9165960333099841,3.1438341544796202,0.02162702316825863,0.935,1.0
SVN,2018,primary_2015_2022,2015-2017,2015-2022,0.9124217667431718,3.107739615635346,0.03384719874876137,0.93,0.9999987689826525
SVN,2019,primary_2015_2022,2015-2017,2015-2022,0.9173361463644855,3.144645589889987,0.044122317190479605,0.94,0.999986789990859
SVN,2020,primary_2015_2022,2015-2017,2015-2022,0.9223336223444003,3.165196006337867,0.06897951159304702,0.915,0.9999757697203199
SVN,2021,primary_2015_2022,2015-2017,2015-2022,0.9197996421096193,3.1288792996304244,0.09079783410872494,0.925,0.99998642070911
SVN,2022,primary_2015_2022,2015-2017,2015-2022,0.9113767898947102,3.001012504462009,0.17349196183843685,0.92,0.9999928033200546
SWE,2015,primary_2015_2022,2015-2017,2015-2022,0.9437241517841642,3.430869110918838,0.023106999490832385,0.9678899082568807,1.0
SWE,2016,primary_2015_2022,2015-2017,2015-2022,0.9440115109197494,3.4205976661863544,0.02183348714907202,0.981651376146789,1.0
SWE,2017,primary_2015_2022,2015-2017,2015-2022,0.9408404252015738,3.379255157198456,0.025426115674844756,0.9724770642201835,1.0
SWE,2018,primary_2015_2022,2015-2017,2015-2022,0.9429167644306479,3.380514957446113,0.03754426983923671,0.9678899082568807,1.0
SWE,2019,primary_2015_2022,2015-2017,2015-2022,0.9402668866969612,3.362763894793914,0.04508209075839332,0.9541284403669725,0.9999987343009683
SWE,2020,primary_2015_2022,2015-2017,2015-2022,0.9369564957540559,3.320763247139288,0.059293772202754946,0.9541284403669725,0.999998535219604
SWE,2021,primary_2015_2022,2015-2017,2015-2022,0.938092968896386,3.323102452261298,0.06742634542293727,0.9495412844036697,0.9999996462910934
SWE,2022,primary_2015_2022,2015-2017,2015-2022,0.9384845814758557,3.3227769913134138,0.07578297097029295,0.9541284403669725,0.9999996679984566
SWZ,2015,primary_2015_2022,2015-2017,2015-2022,0.6285511622114306,2.040268738663081,0.051023210797055636,0.8552631578947368,1.0
SWZ,2016,primary_2015_2022,2015-2017,2015-2022,0.6034990434099619,1.950096798442265,0.03499558455923342,0.8486842105263158,1.0
SWZ,2017,primary_2015_2022,2015-2017,2015-2022,0.5848504415631638,1.8967775547140113,0.06277008225217295,0.868421052631579,1.0
SWZ,2018,primary_2015_2022,2015-2017,2015-2022,0.6016893815322353,1.9114791946833554,0.08482143056794982,0.881578947368421,0.9999011225980624
SWZ,2019,primary_2015_2022,2015-2017,2015-2022,0.6794603900232639,1.829395395798174,0.25494487561184026,0.8223684210526315,0.9997077030720136
SWZ,2020,primary_2015_2022,2015-2017,2015-2022,0.6071600629430376,1.8590007444790937,0.11631435434832677,0.7763157894736842,0.9990636220999023
SWZ,2021,primary_2015_2022,2015-2017,2015-2022,0.6164937317218706,1.8437385567121516,0.13499059048112388,0.7894736842105263,0.9992074469337701
SWZ,2022,primary_2015_2022,2015-2017,2015-2022,0.5519493467294327,1.7452907151092167,0.11196152683543828,0.8026315789473685,0.9990993195210485
SXM,2015,primary_2015_2022,2015-2017,2015-2022,0.6198794816164859,1.300147020018863,0.2783668137269335,0.625,1.0
SXM,2016,primary_2015_2022,2015-2017,2015-2022,0.24811783881452498,0.7092154134965474,0.1582494074065034,0.71875,1.0
SXM,2017,primary_2015_2022,2015-2017,2015-2022,0.25866896840232567,0.7110493027796259,0.16290228568042142,0.75,1.0
SXM,2018,primary_2015_2022,2015-2017,2015-2022,0.810595125152336,2.017308316172156,0.8805515825329027,0.65625,0.9987534623029882
SXM,2019,primary_2015_2022,2015-2017,2015-2022,0.7829620957209693,1.8282462297065327,0.8809748684332892,0.65625,0.9747874029719226
SXM,2020,primary_2015_2022,2015-2017,2015-2022,0.706821310379455,1.614232100422846,0.8200939908485253,0.53125,0.8248446804860268
SXM,2021,primary_2015_2022,2015-2017,2015-2022,0.6314130898579966,1.366243909598537,0.8598622110898481,0.5,0.8904714213548653
SXM,2022,primary_2015_2022,2015-2017,2015-2022,0.6338158835435685,1.399939709657665,0.8408661229629015,0.46875,0.843851665256505
SYC,2015,primary_2015_2022,2015-2017,2015-2022,0.884450717127629,2.7108347470083953,0.30594438693533654,0.8059701492537313,1.0
SYC,2016,primary_2015_2022,2015-2017,2015-2022,0.901999080308703,2.8104287173035822,0.2898235347645826,0.8582089552238806,1.0
SYC,2017,primary_2015_2022,2015-2017,2015-2022,0.6142538845391909,1.5613841749813075,0.5281339916231578,0.7985074626865671,1.0
SYC,2018,primary_2015_2022,2015-2017,2015-2022,0.9107955880450996,2.901794620265088,0.19762891602247373,0.753731343283582,0.9242430296998728
SYC,2019,primary_2015_2022,2015-2017,2015-2022,0.905134893255449,2.859903408625678,0.292980840277804,0.7686567164179104,0.9982066606006746
SYC,2020,primary_2015_2022,2015-2017,2015-2022,0.889543939103196,2.6946449546342133,0.20999875349618763,0.7313432835820896,0.7029142029087565
SYC,2021,primary_2015_2022,2015-2017,2015-2022,0.9190748188215397,3.011880267299327,0.30440767506749344,0.6865671641791045,0.9980701780677196
SYC,2022,primary_2015_2022,2015-2017,2015-2022,0.8946855269537458,2.850345170987815,0.3280269018571093,0.6940298507462687,0.9824765871839782
SYR,2015,primary_2015_2022,2015-2017,2015-2022,0.8955776757607183,2.7230416292654804,0.09289707539150041,0.824,1.0
SYR,2016,primary_2015_2022,2015-2017,2015-2022,0.8979277506994261,2.713664913273287,0.04492020554824754,0.792,1.0
SYR,2017,primary_2015_2022,2015-2017,2015-2022,0.8989160152372719,2.7215975561656,0.08661937848666923,0.808,1.0
SYR,2018,primary_2015_2022,2015-2017,2015-2022,0.9047349628284369,2.7403694390110207,0.1637836560544409,0.704,0.9998889009488885
SYR,2019,primary_2015_2022,2015-2017,2015-2022,0.8782146407536271,2.5567071459970396,0.23193335894796357,0.72,0.9997759895468938
SYR,2020,primary_2015_2022,2015-2017,2015-2022,0.8455479423080254,2.4038777297434404,0.3136671225320683,0.744,0.9996507615662679
SYR,2021,primary_2015_2022,2015-2017,2015-2022,0.8560242154423405,2.449442124761095,0.3073085828130605,0.72,0.9994214403715735
SYR,2022,primary_2015_2022,2015-2017,2015-2022,0.8390126074408384,2.322297997671515,0.3355882394266535,0.672,0.9984590161189784
TCA,2015,primary_2015_2022,2015-2017,2015-2022,0.7874984741921492,2.137001147637703,0.2824857219206005,0.6282051282051282,1.0
TCA,2016,primary_2015_2022,2015-2017,2015-2022,0.8375407172568086,2.238738620053386,0.24957232289022555,0.6538461538461539,1.0
TCA,2017,primary_2015_2022,2015-2017,2015-2022,0.7842506974854855,2.3323534135916657,0.32651994072751955,0.6666666666666666,1.0
TCA,2018,primary_2015_2022,2015-2017,2015-2022,0.7847341413902172,2.211099480276596,0.4557789355877362,0.5769230769230769,0.9489261192255162
TCA,2019,primary_2015_2022,2015-2017,2015-2022,0.28318545992723476,0.7262581735556366,0.6859141644965506,0.5769230769230769,0.9935789812306258
TCA,2020,primary_2015_2022,2015-2017,2015-2022,0.4630491279362622,1.0297425960257163,0.4953944104406146,0.44871794871794873,0.738031280071654
TCA,2021,primary_2015_2022,2015-2017,2015-2022,0.45792249828436504,1.2286157702172509,0.6059860212906903,0.47435897435897434,0.9639622736688629
TCA,2022,primary_2015_2022,2015-2017,2015-2022,0.808887978429705,2.3937176386253474,0.3867496190759603,0.5512820512820513,0.36750702574894356
TCD,2015,primary_2015_2022,2015-2017,2015-2022,0.7615566522572211,1.848294152108833,0.33734605656544375,0.7341772151898734,1.0
TCD,2016,primary_2015_2022,2015-2017,2015-2022,0.8248997062371556,2.0538523044393973,0.22255365298212335,0.6075949367088608,1.0
TCD,2017,primary_2015_2022,2015-2017,2015-2022,0.7904107189434599,1.9440711976088296,0.33312883573176016,0.6962025316455697,1.0
TCD,2018,primary_2015_2022,2015-2017,2015-2022,0.6744925479743333,1.4146137641212686,0.38626012930207565,0.620253164556962,0.9982743182242853
TCD,2019,primary_2015_2022,2015-2017,2015-2022,0.7404232787632217,1.6279527138248038,0.3976249292938026,0.5569620253164557,0.9967404732118521
TCD,2020,primary_2015_2022,2015-2017,2015-2022,0.8167308897369344,1.8561544453637249,0.5498953149352297,0.5189873417721519,0.994306853359582
TCD,2021,primary_2015_2022,2015-2017,2015-2022,0.7431950530472751,1.588260214136924,0.5924312255668387,0.620253164556962,0.9991366116051289
TCD,2022,primary_2015_2022,2015-2017,2015-2022,0.776596668680385,1.670916759391356,0.5201842291625824,0.46835443037974683,0.9995271127613595
TGO,2015,primary_2015_2022,2015-2017,2015-2022,0.9275109458152396,2.9675992988665447,0.1475500465415555,0.8130081300813008,1.0
TGO,2016,primary_2015_2022,2015-2017,2015-2022,0.9239934828359209,3.030330560353415,0.12238204630947003,0.8292682926829268,1.0
TGO,2017,primary_2015_2022,2015-2017,2015-2022,0.9223493512022792,2.9970584722921947,0.1396020528015683,0.8048780487804879,1.0
TGO,2018,primary_2015_2022,2015-2017,2015-2022,0.9027235962747292,2.869411743505294,0.2375276445524877,0.7235772357723578,0.9985500279864382
TGO,2019,primary_2015_2022,2015-2017,2015-2022,0.9289830437464293,3.061608892965989,0.32680791057995695,0.7723577235772358,0.9912389218296894
TGO,2020,primary_2015_2022,2015-2017,2015-2022,0.9396621038282267,3.203820779081426,0.31181012578670775,0.7317073170731707,0.9942707339482884
TGO,2021,primary_2015_2022,2015-2017,2015-2022,0.9113749349117609,2.9035510253542607,0.3156677795621229,0.7723577235772358,0.9866972724278357
TGO,2022,primary_2015_2022,2015-2017,2015-2022,0.9005734496124108,2.8957970301530773,0.37141997859803105,0.7560975609756098,0.9866493258865296
THA,2015,primary_2015_2022,2015-2017,2015-2022,0.9550795702770738,3.6138952114497913,0.03237583463642847,0.9954545454545455,1.0
THA,2016,primary_2015_2022,2015-2017,2015-2022,0.9554333823766961,3.598567109422924,0.019690176053870054,0.9772727272727273,1.0
THA,2017,primary_2015_2022,2015-2017,2015-2022,0.9546680137069866,3.58758619951611,0.03361945852023006,0.9772727272727273,1.0
THA,2018,primary_2015_2022,2015-2017,2015-2022,0.9528638061575949,3.5572091733949422,0.04993038127448304,0.9818181818181818,0.9999999082355397
THA,2019,primary_2015_2022,2015-2017,2015-2022,0.952708901541868,3.5586374816238413,0.05508190676694555,0.9818181818181818,0.9999990961286179
THA,2020,primary_2015_2022,2015-2017,2015-2022,0.9498721113838389,3.5090312276457034,0.08241821921219393,0.9636363636363636,0.9999996081968779
THA,2021,primary_2015_2022,2015-2017,2015-2022,0.956794882677817,3.5942964205485044,0.08242806494047908,0.9681818181818181,0.9999999387801247
THA,2022,primary_2015_2022,2015-2017,2015-2022,0.9583759559646069,3.6095914789412773,0.08805112724794625,0.9545454545454546,0.9999996939379073
TJK,2015,primary_2015_2022,2015-2017,2015-2022,0.854697558444648,2.2482815253288515,0.11895396770558304,0.5747126436781609,1.0
TJK,2016,primary_2015_2022,2015-2017,2015-2022,0.8712552683849901,2.444454432770357,0.0808787619503145,0.7931034482758621,1.0
TJK,2017,primary_2015_2022,2015-2017,2015-2022,0.8385191413680851,2.2698917070792177,0.10112837474378761,0.8275862068965517,1.0
TJK,2018,primary_2015_2022,2015-2017,2015-2022,0.8412449616356422,2.199192013822027,0.17175328634473874,0.6896551724137931,0.9999466339502411
TJK,2019,primary_2015_2022,2015-2017,2015-2022,0.8563836064258391,2.254180348670015,0.23708002705568348,0.6781609195402298,0.9971355543092026
TJK,2020,primary_2015_2022,2015-2017,2015-2022,0.7258102318705772,1.8955174964623713,0.4462830137478367,0.6551724137931034,0.9909971842579757
TJK,2021,primary_2015_2022,2015-2017,2015-2022,0.8657838420122754,2.37840268763056,0.24657582244168832,0.6551724137931034,0.9959182632671496
TJK,2022,primary_2015_2022,2015-2017,2015-2022,0.8448073460024583,2.2516394996621956,0.339339405661046,0.7011494252873564,0.9963472643219518
TKL,2015,primary_2015_2022,2015-2017,2015-2022,0.8547847718322332,2.521172542552043,0.39829733792253685,0.5581395348837209,1.0
TKL,2016,primary_2015_2022,2015-2017,2015-2022,0.8628144057719016,2.6146994969241724,0.37899200112238746,0.6162790697674418,1.0
TKL,2017,primary_2015_2022,2015-2017,2015-2022,0.4929870386085897,1.3748189628541565,0.5299027177743303,0.7558139534883721,1.0
TKL,2018,primary_2015_2022,2015-2017,2015-2022,0.6969173268380524,2.079648177228094,0.6522155349957414,0.6976744186046512,0.989882392898963
TKL,2019,primary_2015_2022,2015-2017,2015-2022,0.8776779762943273,2.7265200538393937,0.5478003617977466,0.6511627906976745,0.9668026414736919
TKL,2020,primary_2015_2022,2015-2017,2015-2022,0.7029195819082765,1.7316148693184936,0.832100912043154,0.5232558139534884,0.9792419591405409
TKL,2021,primary_2015_2022,2015-2017,2015-2022,0.8182503319897306,2.464260061434995,0.7288335307302777,0.6395348837209303,0.9812796847155041
TKL,2022,primary_2015_2022,2015-2017,2015-2022,0.08005741876058503,0.3003247964479375,0.9593238079674651,0.6744186046511628,0.9978722663590592
TKM,2015,primary_2015_2022,2015-2017,2015-2022,0.807479956973216,2.2123648204903463,0.18008860361808754,0.7978723404255319,1.0
TKM,2016,primary_2015_2022,2015-2017,2015-2022,0.8767260425765668,2.4379889939855985,0.22081967831049754,0.8297872340425532,1.0
TKM,2017,primary_2015_2022,2015-2017,2015-2022,0.8621250715896485,2.5036570273645156,0.13143079243841455,0.8085106382978723,1.0
TKM,2018,primary_2015_2022,2015-2017,2015-2022,0.8891671778152195,2.5934841585714854,0.31045635475858613,0.6914893617021277,0.9892166036094645
TKM,2019,primary_2015_2022,2015-2017,2015-2022,0.8465836082965839,2.3526396250764527,0.330028217740966,0.6914893617021277,0.9841778468799892
TKM,2020,primary_2015_2022,2015-2017,2015-2022,0.8548905288541173,2.3613837280680827,0.4676957418827758,0.574468085106383,0.9950067299244058
TKM,2021,primary_2015_2022,2015-2017,2015-2022,0.8266117564594664,2.3530224469029575,0.48938349934097447,0.6702127659574468,0.9997278701235428
TKM,2022,primary_2015_2022,2015-2017,2015-2022,0.8651747441921279,2.514626183523981,0.5195619998244245,0.6595744680851063,0.9840450116926198
TLS,2015,primary_2015_2022,2015-2017,2015-2022,0.2077827675165418,0.5476888414210388,0.32853700738877556,0.5471698113207547,1.0
TLS,2016,primary_2015_2022,2015-2017,2015-2022,0.5223822837631011,1.3859184581131756,0.5107085950002542,0.5660377358490566,1.0
TLS,2017,primary_2015_2022,2015-2017,2015-2022,0.46573652117735476,1.311620119269119,0.25961989636916644,0.6981132075471698,1.0
TLS,2018,primary_2015_2022,2015-2017,2015-2022,0.5902375518200573,1.5583117989464443,0.25738034461312564,0.5283018867924528,0.9841562181714953
TLS,2019,primary_2015_2022,2015-2017,2015-2022,0.5463036472042131,1.309560531488205,0.3021849077931446,0.4716981132075472,0.9912498060449038
TLS,2020,primary_2015_2022,2015-2017,2015-2022,0.7048123961764623,1.549890766448246,0.4561425852027573,0.5283018867924528,0.9958128768332992
TLS,2021,primary_2015_2022,2015-2017,2015-2022,0.6298950778639592,1.286616714271797,0.4087309385576332,0.5094339622641509,0.9956649680139917
TLS,2022,primary_2015_2022,2015-2017,2015-2022,0.78152564333904,1.8278500308235488,0.6790529618244667,0.6226415094339622,0.9885351248246723
TON,2015,primary_2015_2022,2015-2017,2015-2022,0.8078958016101514,1.952854999542492,0.10553940598808764,0.5714285714285714,1.0
TON,2016,primary_2015_2022,2015-2017,2015-2022,0.8290914886196531,2.0593102160366605,0.1320922403645018,0.6,1.0
TON,2017,primary_2015_2022,2015-2017,2015-2022,0.79323061163875,1.866422168048573,0.14000794772762704,0.6857142857142857,1.0
TON,2018,primary_2015_2022,2015-2017,2015-2022,0.83588564579912,2.069116330167353,0.22226962636129324,0.5714285714285714,0.9303034017205508
TON,2019,primary_2015_2022,2015-2017,2015-2022,0.8312380203283289,1.9613820324327422,0.24229238588974697,0.42857142857142855,0.8898618286298985
TON,2020,primary_2015_2022,2015-2017,2015-2022,0.7807354576179333,1.7506708636492552,0.28491349868469124,0.34285714285714286,0.7860524573664988
TON,2021,primary_2015_2022,2015-2017,2015-2022,0.7841091695347233,1.7405532097183292,0.2807010043577315,0.45714285714285713,0.6588739893111956
TON,2022,primary_2015_2022,2015-2017,2015-2022,0.8299215661474856,2.1049820858687753,0.4246598423557596,0.6,0.9410413883634782
TTO,2015,primary_2015_2022,2015-2017,2015-2022,0.9456681221569955,3.3688428925590763,0.1688523828380345,0.8373493975903614,1.0
TTO,2016,primary_2015_2022,2015-2017,2015-2022,0.9614046281110253,3.6288027535523697,0.10489348924384491,0.8072289156626506,1.0
TTO,2017,primary_2015_2022,2015-2017,2015-2022,0.9639045111475447,3.68748136603282,0.15643707209911867,0.8313253012048193,1.0
TTO,2018,primary_2015_2022,2015-2017,2015-2022,0.9619033877829783,3.5954457474551713,0.2353922391310394,0.7771084337349398,0.999949190969032
TTO,2019,primary_2015_2022,2015-2017,2015-2022,0.9560766084386662,3.494690386408636,0.3033716707363899,0.7771084337349398,0.9997259267904924
TTO,2020,primary_2015_2022,2015-2017,2015-2022,0.9504923551007067,3.4369251989748326,0.3353295191208443,0.7289156626506024,0.9998924977055971
TTO,2021,primary_2015_2022,2015-2017,2015-2022,0.9547824613263906,3.42630251468007,0.3361815224910913,0.7530120481927711,0.9905140996128343
TTO,2022,primary_2015_2022,2015-2017,2015-2022,0.9512814863026856,3.3234100877001285,0.44514602688802185,0.7530120481927711,0.9979121756053545
TUN,2015,primary_2015_2022,2015-2017,2015-2022,0.8511817384798939,2.646849249502073,0.04109579506114741,0.9243243243243243,1.0
TUN,2016,primary_2015_2022,2015-2017,2015-2022,0.8441314866744267,2.6204306906283343,0.027442763894543545,0.9405405405405406,1.0
TUN,2017,primary_2015_2022,2015-2017,2015-2022,0.8503344122408948,2.7260993485919185,0.04858898526010794,0.9243243243243243,1.0
TUN,2018,primary_2015_2022,2015-2017,2015-2022,0.853982112683059,2.753304761762944,0.05356640112905289,0.9297297297297298,0.9999893774101516
TUN,2019,primary_2015_2022,2015-2017,2015-2022,0.8532910806583629,2.7466258552231455,0.0546816222031485,0.9081081081081082,0.999783579607296
TUN,2020,primary_2015_2022,2015-2017,2015-2022,0.867712039032818,2.816900103930598,0.07709667698913353,0.8756756756756757,0.9998548244479987
TUN,2021,primary_2015_2022,2015-2017,2015-2022,0.8711312929970112,2.84958874426946,0.09434081712773432,0.9027027027027027,0.9999927777810985
TUN,2022,primary_2015_2022,2015-2017,2015-2022,0.8887231482854396,2.974305498181367,0.1362276581574285,0.8702702702702703,0.9999762656655549
TUR,2015,primary_2015_2022,2015-2017,2015-2022,0.963821209403344,3.8879687963294183,0.05663744334018907,0.990521327014218,1.0
TUR,2016,primary_2015_2022,2015-2017,2015-2022,0.962463964278087,3.877143723759673,0.0384438640538214,0.981042654028436,1.0
TUR,2017,primary_2015_2022,2015-2017,2015-2022,0.9633971154765001,3.900561900983062,0.05483926285434988,0.985781990521327,1.0
TUR,2018,primary_2015_2022,2015-2017,2015-2022,0.9666486611988158,3.981529797628105,0.096572622797287,0.981042654028436,0.9999810161820867
TUR,2019,primary_2015_2022,2015-2017,2015-2022,0.9690071839271128,4.021714474908441,0.1152663132458326,0.985781990521327,0.9999984597603293
TUR,2020,primary_2015_2022,2015-2017,2015-2022,0.9680785773206296,4.023996023506184,0.11349158300575282,0.981042654028436,0.9999612251855401
TUR,2021,primary_2015_2022,2015-2017,2015-2022,0.9691830165838603,4.030839162368936,0.14287814230843196,0.981042654028436,0.9999947764926945
TUR,2022,primary_2015_2022,2015-2017,2015-2022,0.9694126994702666,4.044599779699926,0.14960805753169718,0.990521327014218,0.999995776215473
TUV,2015,primary_2015_2022,2015-2017,2015-2022,0.18490447041185165,0.49218968850649497,0.12251217079513488,0.5357142857142857,1.0
TUV,2016,primary_2015_2022,2015-2017,2015-2022,0.16909767424691335,0.4549976254235263,0.13075994282069253,0.6071428571428571,1.0
TUV,2017,primary_2015_2022,2015-2017,2015-2022,0.6151803043382067,1.432034752995801,0.2362215146199752,0.75,1.0
TUV,2018,primary_2015_2022,2015-2017,2015-2022,0.2769181659899034,0.6307954448825657,0.17065604503741513,0.5714285714285714,0.6879291213805149
TUV,2019,primary_2015_2022,2015-2017,2015-2022,0.25718951346756225,0.6595807063288831,0.20374554125609276,0.6071428571428571,0.613269904713291
TUV,2020,primary_2015_2022,2015-2017,2015-2022,0.2058486518354633,0.5179576741856926,0.2267260657728317,0.39285714285714285,0.5701113194664775
TUV,2021,primary_2015_2022,2015-2017,2015-2022,0.03146573740038239,0.10664749884842743,0.153188197261875,0.42857142857142855,0.9158745230001358
TUV,2022,primary_2015_2022,2015-2017,2015-2022,0.11334944592736373,0.3376554734495297,0.13554971109991346,0.5357142857142857,0.7630050552077204
TWN,2015,primary_2015_2022,2015-2017,2015-2022,0.9157168069952479,3.1293000167274556,0.022400064378853463,0.9714285714285714,1.0
TWN,2016,primary_2015_2022,2015-2017,2015-2022,0.9131765632917646,3.1025076204952278,0.01259845495803889,0.9904761904761905,1.0
TWN,2017,primary_2015_2022,2015-2017,2015-2022,0.9150832401328635,3.104276771911911,0.01674316663662054,0.9904761904761905,1.0
TWN,2018,primary_2015_2022,2015-2017,2015-2022,0.917744142477855,3.1114857535332012,0.040311802944419176,0.9809523809523809,0.9999973178021692
TWN,2019,primary_2015_2022,2015-2017,2015-2022,0.9157330044265606,3.0874100626772565,0.048825831336965914,0.9714285714285714,0.9999968336573316
TWN,2020,primary_2015_2022,2015-2017,2015-2022,0.9016644551824602,2.978985352533334,0.06365395622627935,0.9666666666666667,0.9999989004051136
TWN,2021,primary_2015_2022,2015-2017,2015-2022,0.9033784854017398,2.988142450868614,0.0729720215208923,0.9571428571428572,0.9999971471802686
TWN,2022,primary_2015_2022,2015-2017,2015-2022,0.9123040920342288,3.042245929428935,0.0755833663729474,0.9571428571428572,0.9999961105519369
TZA,2015,primary_2015_2022,2015-2017,2015-2022,0.9160961119078165,3.1546125560718705,0.14184437267053054,0.9085365853658537,1.0
TZA,2016,primary_2015_2022,2015-2017,2015-2022,0.9192220102032135,3.0924029793265273,0.13799739899734803,0.9024390243902439,1.0
TZA,2017,primary_2015_2022,2015-2017,2015-2022,0.9069017284417972,3.1060686055166236,0.13003600494071252,0.9146341463414634,1.0
TZA,2018,primary_2015_2022,2015-2017,2015-2022,0.9261925877261562,3.256651758233491,0.3146841044769927,0.8658536585365854,0.9990407260377085
TZA,2019,primary_2015_2022,2015-2017,2015-2022,0.9189332164088383,3.1118135393944977,0.1889124775490572,0.8780487804878049,0.9974700175268909
TZA,2020,primary_2015_2022,2015-2017,2015-2022,0.9199394850810841,3.024771362453202,0.32149541176125823,0.8475609756097561,0.9997292862129389
TZA,2021,primary_2015_2022,2015-2017,2015-2022,0.8890525569459056,2.831104018063856,0.2665778717390972,0.8170731707317073,0.9999779570770017
TZA,2022,primary_2015_2022,2015-2017,2015-2022,0.8751951624170133,2.9020954514843256,0.2615514045286519,0.8414634146341463,0.9994534128846155
UGA,2015,primary_2015_2022,2015-2017,2015-2022,0.9186336609867748,3.0511643557314487,0.11151361275120243,0.8648648648648649,1.0
UGA,2016,primary_2015_2022,2015-2017,2015-2022,0.9110888461334402,2.957449636686298,0.0822884259653873,0.8648648648648649,1.0
UGA,2017,primary_2015_2022,2015-2017,2015-2022,0.9077608320542191,2.970647689540148,0.08917240401092372,0.8851351351351351,1.0
UGA,2018,primary_2015_2022,2015-2017,2015-2022,0.8822666647310324,2.7888243720056387,0.15341195868683302,0.8918918918918919,0.9999452100553651
UGA,2019,primary_2015_2022,2015-2017,2015-2022,0.792632918009391,2.4220163369671113,0.30474035467574445,0.8581081081081081,0.9994171889078962
UGA,2020,primary_2015_2022,2015-2017,2015-2022,0.741058558760554,2.229718767431198,0.3664000203268398,0.8648648648648649,0.9997262966397438
UGA,2021,primary_2015_2022,2015-2017,2015-2022,0.8208183681339682,2.509993761041702,0.2899438641702409,0.8783783783783784,0.9997069798738248
UGA,2022,primary_2015_2022,2015-2017,2015-2022,0.9149108840873263,2.99165191067019,0.22395145626024843,0.8581081081081081,0.9998983561583219
UKR,2015,primary_2015_2022,2015-2017,2015-2022,0.9521979412174091,3.6657579041716835,0.06815314761486832,0.914572864321608,1.0
UKR,2016,primary_2015_2022,2015-2017,2015-2022,0.9587934067679899,3.7201672544164985,0.0496601373656289,0.9296482412060302,1.0
UKR,2017,primary_2015_2022,2015-2017,2015-2022,0.9590290956806836,3.7408332017471677,0.06313389050407545,0.9849246231155779,1.0
UKR,2018,primary_2015_2022,2015-2017,2015-2022,0.961920585417369,3.793416654158884,0.10103786548258163,0.9396984924623115,0.9999916554083089
UKR,2019,primary_2015_2022,2015-2017,2015-2022,0.9645646674660546,3.817680003591007,0.10874395054030514,0.9396984924623115,0.9999889043703911
UKR,2020,primary_2015_2022,2015-2017,2015-2022,0.9667212961084353,3.8714792407119307,0.14919731978165654,0.9447236180904522,0.9999926586614948
UKR,2021,primary_2015_2022,2015-2017,2015-2022,0.9652812797203174,3.862817531960701,0.15863035523250965,0.9296482412060302,0.9999934011847111
UKR,2022,primary_2015_2022,2015-2017,2015-2022,0.9472143223903894,3.539048358189867,0.3315841852777014,0.9195979899497487,0.9999980768192953
URY,2015,primary_2015_2022,2015-2017,2015-2022,0.9267228162378008,3.3962641873793418,0.06845315756237097,0.9273743016759777,1.0
URY,2016,primary_2015_2022,2015-2017,2015-2022,0.9146550656720862,3.292471068803869,0.05688664181831307,0.9050279329608939,1.0
URY,2017,primary_2015_2022,2015-2017,2015-2022,0.9203440351915464,3.3595733826604732,0.05513992291235506,0.9385474860335196,1.0
URY,2018,primary_2015_2022,2015-2017,2015-2022,0.9320748215356943,3.380007958745625,0.12339308852393517,0.88268156424581,0.9999607544989206
URY,2019,primary_2015_2022,2015-2017,2015-2022,0.929375530341952,3.4004614036493344,0.12316849894263132,0.8715083798882681,0.9999615180578608
URY,2020,primary_2015_2022,2015-2017,2015-2022,0.9228791775720525,3.378837137292744,0.1391664433527022,0.8715083798882681,0.9999384443664816
URY,2021,primary_2015_2022,2015-2017,2015-2022,0.9022657501115229,3.2446806019995496,0.15593297052063637,0.8715083798882681,0.9999487052100577
URY,2022,primary_2015_2022,2015-2017,2015-2022,0.9136882319677061,3.2705573846457567,0.196322407418888,0.8659217877094972,0.9999660381947573
USA,2015,primary_2015_2022,2015-2017,2015-2022,0.9210590461177208,3.374335505240017,0.0205364832373843,1.0,1.0
USA,2016,primary_2015_2022,2015-2017,2015-2022,0.9216294649536918,3.3724363789177736,0.013534831562112144,1.0,1.0
USA,2017,primary_2015_2022,2015-2017,2015-2022,0.9227193976288853,3.3847659379562773,0.021389352162641047,0.990909090909091,1.0
USA,2018,primary_2015_2022,2015-2017,2015-2022,0.9238400331914218,3.3922953454274416,0.035464097027348575,0.9954545454545455,1.0
USA,2019,primary_2015_2022,2015-2017,2015-2022,0.9255355208969498,3.403566091938554,0.049715237388679646,0.990909090909091,1.0
USA,2020,primary_2015_2022,2015-2017,2015-2022,0.9256276726803739,3.3804705748566795,0.06237799811354821,0.990909090909091,1.0
USA,2021,primary_2015_2022,2015-2017,2015-2022,0.922910208412965,3.3670276168218543,0.06046251383706292,0.9863636363636363,1.0
USA,2022,primary_2015_2022,2015-2017,2015-2022,0.9266943415228507,3.3992555395729713,0.07686808396150346,0.9954545454545455,1.0
UZB,2015,primary_2015_2022,2015-2017,2015-2022,0.8163737880314255,2.151376168510334,0.10023686452606272,0.7264957264957265,1.0
UZB,2016,primary_2015_2022,2015-2017,2015-2022,0.7451005146506428,1.9050360783438054,0.07158173770836633,0.8034188034188035,1.0
UZB,2017,primary_2015_2022,2015-2017,2015-2022,0.801804224107245,2.1837569659625173,0.06648532113834206,0.9487179487179487,1.0
UZB,2018,primary_2015_2022,2015-2017,2015-2022,0.8430557041634114,2.2905505538053648,0.15744308827782205,0.8290598290598291,0.9994916887778719
UZB,2019,primary_2015_2022,2015-2017,2015-2022,0.8664493552190599,2.363070031367621,0.2721249389195293,0.8034188034188035,0.9998703859480944
UZB,2020,primary_2015_2022,2015-2017,2015-2022,0.7365670752681588,1.9857139719284693,0.563716378327601,0.7948717948717948,0.9997357057270152
UZB,2021,primary_2015_2022,2015-2017,2015-2022,0.8946638813482818,2.6722309369312414,0.3539979156315731,0.8461538461538461,0.9996833681948546
UZB,2022,primary_2015_2022,2015-2017,2015-2022,0.8693727528010573,2.5859765743577237,0.293646600914202,0.8888888888888888,0.9995935697041014
VAT,2015,primary_2015_2022,2015-2017,2015-2022,0.6830907693912669,1.6164269466128105,0.5164372515970811,0.5333333333333333,1.0
VAT,2016,primary_2015_2022,2015-2017,2015-2022,0.8240802478944764,2.160372326152747,0.33457587239572384,0.5111111111111111,1.0
VAT,2017,primary_2015_2022,2015-2017,2015-2022,0.7352522892607423,2.0595840064580795,0.3736027627524073,0.5555555555555556,1.0
VAT,2018,primary_2015_2022,2015-2017,2015-2022,0.13853318540963966,0.4381219267660308,0.6100525996047009,0.4444444444444444,0.99112989853677
VAT,2019,primary_2015_2022,2015-2017,2015-2022,0.7745207935969086,1.9526920045994232,0.6039199423753668,0.4444444444444444,0.6538732500120018
VAT,2020,primary_2015_2022,2015-2017,2015-2022,0.24961102711733607,0.6956713766312163,0.8188860268003042,0.3333333333333333,0.8530958877425886
VAT,2021,primary_2015_2022,2015-2017,2015-2022,0.6650298021289618,1.4797066278054471,0.7993816463795264,0.35555555555555557,0.9054626411380643
VAT,2022,primary_2015_2022,2015-2017,2015-2022,0.8307436918955895,2.1717921687162103,0.5953747236760112,0.35555555555555557,0.7782303013039799
VCT,2015,primary_2015_2022,2015-2017,2015-2022,0.8510910706047379,2.3154575075252333,0.2820906590615751,0.6133333333333333,1.0
VCT,2016,primary_2015_2022,2015-2017,2015-2022,0.8438175959388496,2.433202671766523,0.24251051162055948,0.8133333333333334,1.0
VCT,2017,primary_2015_2022,2015-2017,2015-2022,0.7916222146677067,2.1261337881896933,0.22871995155744038,0.68,1.0
VCT,2018,primary_2015_2022,2015-2017,2015-2022,0.775009760461818,2.259742594573535,0.5248520105813705,0.64,0.9852361871486645
VCT,2019,primary_2015_2022,2015-2017,2015-2022,0.7449631476126237,2.146014749728254,0.46643545319907775,0.5733333333333334,0.8193895246968528
VCT,2020,primary_2015_2022,2015-2017,2015-2022,0.6485914914903723,1.6166890650072618,0.5222461548826255,0.49333333333333335,0.9989066009014107
VCT,2021,primary_2015_2022,2015-2017,2015-2022,0.7726477762086166,1.9963681101243258,0.6755630670173834,0.5066666666666667,0.89919743254145
VCT,2022,primary_2015_2022,2015-2017,2015-2022,0.8073002328823236,2.337358893713871,0.5703786470326104,0.5733333333333334,0.7791545565585938
VEN,2015,primary_2015_2022,2015-2017,2015-2022,0.7887710210471751,2.3892387288992514,0.15242344111235892,0.8518518518518519,1.0
VEN,2016,primary_2015_2022,2015-2017,2015-2022,0.8074926361686436,2.279994255051929,0.1623015459076047,0.8148148148148148,1.0
VEN,2017,primary_2015_2022,2015-2017,2015-2022,0.7912584385432541,2.3266889288350288,0.14266442686241,0.837037037037037,1.0
VEN,2018,primary_2015_2022,2015-2017,2015-2022,0.761446071549772,2.0939652643468873,0.28073117839759715,0.7777777777777778,0.998074236820908
VEN,2019,primary_2015_2022,2015-2017,2015-2022,0.7341957732477018,2.0355092996507747,0.2992950264187801,0.837037037037037,0.9999755407462712
VEN,2020,primary_2015_2022,2015-2017,2015-2022,0.7463187961315645,2.0331106071685294,0.37458209251042335,0.725925925925926,1.0840400126320928
VEN,2021,primary_2015_2022,2015-2017,2015-2022,0.8423706856727735,2.6051461627276327,0.4663825026669617,0.7333333333333333,0.3288768666455135
VEN,2022,primary_2015_2022,2015-2017,2015-2022,0.9081525521137312,2.9266952375751694,0.45879539532586466,0.7555555555555555,0.21618379496134693
VGB,2015,primary_2015_2022,2015-2017,2015-2022,0.8006811255223454,2.241910185120028,0.3763380574588369,0.7017543859649122,1.0
VGB,2016,primary_2015_2022,2015-2017,2015-2022,0.8405106631252648,2.431577046447592,0.34504446856915083,0.7719298245614035,1.0
VGB,2017,primary_2015_2022,2015-2017,2015-2022,0.652659682317241,1.8124518781356336,0.4920811629049825,0.8245614035087719,1.0
VGB,2018,primary_2015_2022,2015-2017,2015-2022,0.883698137049099,2.7399581272365,0.5099488144571489,0.6754385964912281,0.9983055776347546
VGB,2019,primary_2015_2022,2015-2017,2015-2022,0.834190909875864,2.3079750358917535,0.40184907328284225,0.5964912280701754,0.9991333969300866
VGB,2020,primary_2015_2022,2015-2017,2015-2022,0.5819553887353706,1.3353899780846372,0.5993421048206266,0.5789473684210527,0.9513844644909734
VGB,2021,primary_2015_2022,2015-2017,2015-2022,0.8474674970650978,2.3145500272560486,0.6090066090521313,0.5,0.8759646520228651
VGB,2022,primary_2015_2022,2015-2017,2015-2022,0.8032276457247214,2.292076727535078,0.6396654296082583,0.5175438596491229,0.9946039211886298
VNM,2015,primary_2015_2022,2015-2017,2015-2022,0.9578739792776844,3.6242998490149714,0.03797108410653448,0.9521276595744681,1.0
VNM,2016,primary_2015_2022,2015-2017,2015-2022,0.9565818288521479,3.6111347712138917,0.026325956555478265,0.9521276595744681,1.0
VNM,2017,primary_2015_2022,2015-2017,2015-2022,0.9566222459622951,3.601570568662524,0.03967714987175329,0.973404255319149,1.0
VNM,2018,primary_2015_2022,2015-2017,2015-2022,0.9550153023452754,3.5765284559389645,0.07088900278900614,0.9202127659574468,0.9974853009896607
VNM,2019,primary_2015_2022,2015-2017,2015-2022,0.9556777913184703,3.5973685098695727,0.09193418649447661,0.8936170212765957,0.9976022226143572
VNM,2020,primary_2015_2022,2015-2017,2015-2022,0.9538163516887473,3.5678715901314995,0.11042715665712295,0.8882978723404256,0.9980800233985415
VNM,2021,primary_2015_2022,2015-2017,2015-2022,0.9568820967978645,3.6151436957860437,0.12272568969755193,0.8829787234042553,0.9984381573923343
VNM,2022,primary_2015_2022,2015-2017,2015-2022,0.9558710553238042,3.5882451658190195,0.11856184730874303,0.8776595744680851,0.9988017104159899
VUT,2015,primary_2015_2022,2015-2017,2015-2022,0.5059358431861749,1.203060550157275,0.27283268255388604,0.7857142857142857,1.0
VUT,2016,primary_2015_2022,2015-2017,2015-2022,0.6304259957477512,1.5345579734596622,0.17568594207490565,0.7678571428571429,1.0
VUT,2017,primary_2015_2022,2015-2017,2015-2022,0.8168283990829183,2.117394842998518,0.4323142241297312,0.5714285714285714,1.0
VUT,2018,primary_2015_2022,2015-2017,2015-2022,0.7865322854957528,2.1312660129575365,0.6383755536766229,0.5535714285714286,0.9705152595113511
VUT,2019,primary_2015_2022,2015-2017,2015-2022,0.7897798930479615,1.8926361096691626,0.5735746419868422,0.5357142857142857,0.9721658290923572
VUT,2020,primary_2015_2022,2015-2017,2015-2022,0.7188145272500794,1.722445581305546,0.6458045619807391,0.5178571428571429,0.8569385449371707
VUT,2021,primary_2015_2022,2015-2017,2015-2022,0.6557580430893031,1.5648723510427258,0.6339757628536057,0.5535714285714286,0.9363279154727059
VUT,2022,primary_2015_2022,2015-2017,2015-2022,0.6789827712276334,1.513161470290936,0.7049766418621555,0.48214285714285715,0.9908724662475151
WSM,2015,primary_2015_2022,2015-2017,2015-2022,0.7606004546745003,2.115780176631624,0.17029315058039565,0.589041095890411,1.0
WSM,2016,primary_2015_2022,2015-2017,2015-2022,0.8225228810689497,2.2282781829262657,0.1505269113619797,0.684931506849315,1.0
WSM,2017,primary_2015_2022,2015-2017,2015-2022,0.8309710025741583,2.2847545796463122,0.19183784834248876,0.6712328767123288,1.0
WSM,2018,primary_2015_2022,2015-2017,2015-2022,0.8619723732963251,2.4630726649683745,0.3498622597577797,0.5205479452054794,0.9748558850713979
WSM,2019,primary_2015_2022,2015-2017,2015-2022,0.849244420768422,2.443809494482055,0.41641505417083874,0.589041095890411,0.9702232981559279
WSM,2020,primary_2015_2022,2015-2017,2015-2022,0.8574854390473952,2.274458117261186,0.5347157972657122,0.3972602739726027,0.5568036908712961
WSM,2021,primary_2015_2022,2015-2017,2015-2022,0.9017469292474132,2.644866611063278,0.5055912578358236,0.5068493150684932,0.9644510043627885
WSM,2022,primary_2015_2022,2015-2017,2015-2022,0.8948433568852356,2.6332151262091332,0.4891600547378518,0.5753424657534246,0.9917787847784405
YEM,2015,primary_2015_2022,2015-2017,2015-2022,0.8443362741433864,2.3281840613399973,0.44867593926882066,0.8315789473684211,1.0
YEM,2016,primary_2015_2022,2015-2017,2015-2022,0.7212624691905398,1.7869918236524573,0.2801419550270882,0.6210526315789474,1.0
YEM,2017,primary_2015_2022,2015-2017,2015-2022,0.7495641863617424,1.9098562214405457,0.22514187556796184,0.7052631578947368,1.0
YEM,2018,primary_2015_2022,2015-2017,2015-2022,0.8929588229224951,2.568660783805066,0.30940552601023635,0.631578947368421,0.9997058394453467
YEM,2019,primary_2015_2022,2015-2017,2015-2022,0.903113956453032,2.7376210565168697,0.4948249404748639,0.5684210526315789,0.9996429592394642
YEM,2020,primary_2015_2022,2015-2017,2015-2022,0.8397953629728349,2.3480422268644303,0.28013384292592797,0.49473684210526314,0.9996263848961023
YEM,2021,primary_2015_2022,2015-2017,2015-2022,0.8667836401923991,2.4422759629044943,0.47871407332358346,0.6105263157894737,0.9984996088162855
YEM,2022,primary_2015_2022,2015-2017,2015-2022,0.8735131017851792,2.4629505600547636,0.4788082194190328,0.6210526315789474,0.9989609365970739
ZAF,2015,primary_2015_2022,2015-2017,2015-2022,0.9606062600736766,3.6931511595318494,0.06262656425541394,0.9539170506912442,1.0
ZAF,2016,primary_2015_2022,2015-2017,2015-2022,0.9550745101185916,3.645586376230652,0.03809114587720054,0.9631336405529954,1.0
ZAF,2017,primary_2015_2022,2015-2017,2015-2022,0.9594667982889574,3.6928195968153728,0.04832583969022656,0.9723502304147466,1.0
ZAF,2018,primary_2015_2022,2015-2017,2015-2022,0.9610632051368,3.721283404766644,0.07326868756656757,0.9723502304147466,0.999998594800076
ZAF,2019,primary_2015_2022,2015-2017,2015-2022,0.9561429748812231,3.638555215212606,0.08914536358532607,0.9400921658986175,0.9999924337354568
ZAF,2020,primary_2015_2022,2015-2017,2015-2022,0.9555449137085172,3.617924362645246,0.11359767560180409,0.9400921658986175,0.9999952928020658
ZAF,2021,primary_2015_2022,2015-2017,2015-2022,0.9508355540931643,3.533814129504117,0.13437574043275413,0.9400921658986175,0.9999983013011966
ZAF,2022,primary_2015_2022,2015-2017,2015-2022,0.9553102814009646,3.60173062460031,0.15780709363426124,0.9539170506912442,0.9999974296973516
ZMB,2015,primary_2015_2022,2015-2017,2015-2022,0.9382729864138841,3.167919429809815,0.13794642639721527,0.8062015503875969,1.0
ZMB,2016,primary_2015_2022,2015-2017,2015-2022,0.9317271165461078,3.0894100845884394,0.08872368577920278,0.8294573643410853,1.0
ZMB,2017,primary_2015_2022,2015-2017,2015-2022,0.927174290527458,3.1144956573632485,0.12916407712990952,0.7829457364341085,1.0
ZMB,2018,primary_2015_2022,2015-2017,2015-2022,0.9205832219166443,2.9633139479536643,0.2341399314963702,0.751937984496124,0.9995700924919901
ZMB,2019,primary_2015_2022,2015-2017,2015-2022,0.9178377117908031,3.053495795670107,0.24245047673791545,0.751937984496124,0.9995176731791472
ZMB,2020,primary_2015_2022,2015-2017,2015-2022,0.9098073498839792,2.9752715161382204,0.31028141961433514,0.751937984496124,0.9996695300077141
ZMB,2021,primary_2015_2022,2015-2017,2015-2022,0.9251388992673755,3.1019624274224107,0.3249977530442686,0.7906976744186046,0.9993828988596265
ZMB,2022,primary_2015_2022,2015-2017,2015-2022,0.9064851934751059,2.9547477918539036,0.3578255556009425,0.8217054263565892,0.9996016500212068
ZWE,2015,primary_2015_2022,2015-2017,2015-2022,0.8725273761784086,2.8052160767072296,0.11371453646823691,0.8602941176470589,1.0
ZWE,2016,primary_2015_2022,2015-2017,2015-2022,0.8637069164614176,2.79758749607444,0.12098948448803273,0.8308823529411765,1.0
ZWE,2017,primary_2015_2022,2015-2017,2015-2022,0.9098209324641792,2.985761908787836,0.15538161133775708,0.8823529411764706,1.0
ZWE,2018,primary_2015_2022,2015-2017,2015-2022,0.8280212507990456,2.5035540518201858,0.2904401658343276,0.8235294117647058,0.9999164349735368
ZWE,2019,primary_2015_2022,2015-2017,2015-2022,0.8285825419760868,2.567991925529836,0.29844122108283466,0.8014705882352942,0.9998969554660526
ZWE,2020,primary_2015_2022,2015-2017,2015-2022,0.7846554410040656,2.3502441656674984,0.4160867279149858,0.7426470588235294,0.9998633653868498
ZWE,2021,primary_2015_2022,2015-2017,2015-2022,0.7131525861888905,2.1307803675942294,0.45799757109658,0.8161764705882353,0.9998271659400771
ZWE,2022,primary_2015_2022,2015-2017,2015-2022,0.6564945922186811,2.002735823389499,0.5122706568021915,0.8161764705882353,0.9990115996365797
