country_iso3_code,year,design,incumbent_period,model_period,incumbent_partner_diversification,incumbent_partner_entropy,portfolio_reallocation,incumbent_retention_rate,continuing_export_share
ABW,2012,sensitivity_2012_2022,2012-2017,2012-2022,0.8771478903821928,2.4280531668193026,0.6255599117327066,0.6086956521739131,1.0
ABW,2013,sensitivity_2012_2022,2012-2017,2012-2022,0.9040044667142965,2.64495124092771,0.6237868798353858,0.5543478260869565,1.0
ABW,2014,sensitivity_2012_2022,2012-2017,2012-2022,0.8697416593563565,2.456280908311989,0.5612377640177744,0.6195652173913043,1.0
ABW,2015,sensitivity_2012_2022,2012-2017,2012-2022,0.8612118694047429,2.4105192875904145,0.48846847460318626,0.5108695652173914,1.0
ABW,2016,sensitivity_2012_2022,2012-2017,2012-2022,0.8027755400607377,2.1602367875794135,0.6613413988296126,0.5978260869565217,1.0
ABW,2017,sensitivity_2012_2022,2012-2017,2012-2022,0.8875593745650858,2.5586421401310515,0.3784583137382421,0.5869565217391305,1.0
ABW,2018,sensitivity_2012_2022,2012-2017,2012-2022,0.7278460471095605,1.7952670080350388,0.8651815249899172,0.5217391304347826,0.9991906463167443
ABW,2019,sensitivity_2012_2022,2012-2017,2012-2022,0.784841272195613,2.0787575522474966,0.9175673436276576,0.5,0.9982207865514334
ABW,2020,sensitivity_2012_2022,2012-2017,2012-2022,0.5839784995521651,1.577268699791205,0.9692080872444884,0.43478260869565216,0.9995163682911828
ABW,2021,sensitivity_2012_2022,2012-2017,2012-2022,0.6106361873487682,1.6654111078803384,0.9955544037713994,0.4673913043478261,0.9993832669436562
ABW,2022,sensitivity_2012_2022,2012-2017,2012-2022,0.8530073162302187,2.3055065718047243,1.0907864190906882,0.42391304347826086,0.9996797977753261
AFG,2012,sensitivity_2012_2022,2012-2017,2012-2022,0.7313865155454277,1.804656022071792,0.25453605100578547,0.6428571428571429,1.0
AFG,2013,sensitivity_2012_2022,2012-2017,2012-2022,0.7206091121105107,1.9050293457402343,0.08957636808356385,0.6984126984126984,1.0
AFG,2014,sensitivity_2012_2022,2012-2017,2012-2022,0.6565417256099592,1.6238416471660295,0.127832535901147,0.7063492063492064,1.0
AFG,2015,sensitivity_2012_2022,2012-2017,2012-2022,0.6522170983439284,1.5538132146554013,0.1317084535817166,0.6825396825396826,1.0
AFG,2016,sensitivity_2012_2022,2012-2017,2012-2022,0.7260550716563732,1.7123234857472824,0.11296905982481091,0.7222222222222222,1.0
AFG,2017,sensitivity_2012_2022,2012-2017,2012-2022,0.6742043383020719,1.571001917418194,0.10961032362264962,0.6904761904761905,1.0
AFG,2018,sensitivity_2012_2022,2012-2017,2012-2022,0.6639849442517833,1.589904829874461,0.11113783932284156,0.7777777777777778,0.9992736475170428
AFG,2019,sensitivity_2012_2022,2012-2017,2012-2022,0.7116345088647786,1.5596401136942601,0.27466912093095713,0.6904761904761905,0.9993475169141129
AFG,2020,sensitivity_2012_2022,2012-2017,2012-2022,0.7141928940022519,1.50858896379196,0.2281092956986462,0.6428571428571429,0.9998724552931327
AFG,2021,sensitivity_2012_2022,2012-2017,2012-2022,0.7280522561611973,1.6656289791926042,0.1698561203597781,0.6984126984126984,0.9997425266417905
AFG,2022,sensitivity_2012_2022,2012-2017,2012-2022,0.5316277874093425,1.2644373693939115,0.2336065036492241,0.6031746031746031,0.9996884024182633
AGO,2012,sensitivity_2012_2022,2012-2017,2012-2022,0.8983200438783674,2.6550042888205816,0.17461936558816693,0.4675324675324675,1.0
AGO,2013,sensitivity_2012_2022,2012-2017,2012-2022,0.9008548312603586,2.7397445825037146,0.17782619620519524,0.538961038961039,1.0
AGO,2014,sensitivity_2012_2022,2012-2017,2012-2022,0.9119964476325972,2.7457381329183956,0.15505455787212624,0.4805194805194805,1.0
AGO,2015,sensitivity_2012_2022,2012-2017,2012-2022,0.9193691036588051,2.8222581991060993,0.1662105355523076,0.7337662337662337,1.0
AGO,2016,sensitivity_2012_2022,2012-2017,2012-2022,0.9100167997747222,2.7850147774441307,0.15658571951364825,0.7662337662337663,1.0
AGO,2017,sensitivity_2012_2022,2012-2017,2012-2022,0.8794162379752245,2.698059644824288,0.2138979697822287,0.8376623376623377,1.0
AGO,2018,sensitivity_2012_2022,2012-2017,2012-2022,0.8893191454303977,2.736407804612896,0.27146947979067565,0.7272727272727273,0.999987136960412
AGO,2019,sensitivity_2012_2022,2012-2017,2012-2022,0.8856677906140279,2.734817530323647,0.3211112339737083,0.7207792207792207,0.9967269169646102
AGO,2020,sensitivity_2012_2022,2012-2017,2012-2022,0.9055862787928344,2.7957082329002665,0.3480703550775122,0.7207792207792207,0.985671384677506
AGO,2021,sensitivity_2012_2022,2012-2017,2012-2022,0.9134631961743942,2.9192911917310065,0.445693423160224,0.7142857142857143,0.9951723650099602
AGO,2022,sensitivity_2012_2022,2012-2017,2012-2022,0.9132289500161181,2.7930618862955927,0.3769215543255162,0.6818181818181818,0.9964284470357431
AIA,2012,sensitivity_2012_2022,2012-2017,2012-2022,0.8908645157369305,2.6554052275888327,1.0435945060427887,0.4444444444444444,1.0
AIA,2013,sensitivity_2012_2022,2012-2017,2012-2022,0.6886207854279351,2.018342898427448,1.0420927129882944,0.3950617283950617,1.0
AIA,2014,sensitivity_2012_2022,2012-2017,2012-2022,0.7697621649629413,1.915029097940609,1.0177327087329033,0.4074074074074074,1.0
AIA,2015,sensitivity_2012_2022,2012-2017,2012-2022,0.9159601477880233,2.8681325594648643,0.9712042901527786,0.4444444444444444,1.0
AIA,2016,sensitivity_2012_2022,2012-2017,2012-2022,0.8444490558410107,2.503868109527202,1.1290363382205666,0.4567901234567901,1.0
AIA,2017,sensitivity_2012_2022,2012-2017,2012-2022,0.24373549009881235,0.7890248426710201,0.6377734410284203,0.5555555555555556,1.0
AIA,2018,sensitivity_2012_2022,2012-2017,2012-2022,0.21114330516901603,0.5999274443603622,0.676250360409922,0.49382716049382713,0.9918287220957289
AIA,2019,sensitivity_2012_2022,2012-2017,2012-2022,0.33978761742976427,0.9543871603589632,1.387298599606795,0.3950617283950617,0.7008877634008012
AIA,2020,sensitivity_2012_2022,2012-2017,2012-2022,0.38324986164155694,1.0013884418618662,1.5002256467067774,0.3333333333333333,0.9991242560275837
AIA,2021,sensitivity_2012_2022,2012-2017,2012-2022,0.31209349598102243,0.9386316080027608,1.4901552097353676,0.4074074074074074,0.9929400124403627
AIA,2022,sensitivity_2012_2022,2012-2017,2012-2022,0.3664351352712659,1.05478718697757,1.4792761703049493,0.3333333333333333,0.9298909321840728
ALB,2012,sensitivity_2012_2022,2012-2017,2012-2022,0.7215005228684808,2.073613067335871,0.08660848673187196,0.727810650887574,1.0
ALB,2013,sensitivity_2012_2022,2012-2017,2012-2022,0.7596564469986384,2.21810782340546,0.11569910245142934,0.7159763313609467,1.0
ALB,2014,sensitivity_2012_2022,2012-2017,2012-2022,0.734972163684485,2.2176187679990376,0.07151676203749618,0.7455621301775148,1.0
ALB,2015,sensitivity_2012_2022,2012-2017,2012-2022,0.7262310020083117,2.2177881702246474,0.04736922926184156,0.7514792899408284,1.0
ALB,2016,sensitivity_2012_2022,2012-2017,2012-2022,0.6994581148904505,2.154420660065477,0.08704265752692783,0.7751479289940828,1.0
ALB,2017,sensitivity_2012_2022,2012-2017,2012-2022,0.6996969890991839,2.1727918942293023,0.10586154305389638,0.7988165680473372,1.0
ALB,2018,sensitivity_2012_2022,2012-2017,2012-2022,0.7228284842382564,2.206674865099437,0.10193665648407968,0.7751479289940828,0.9999415424095571
ALB,2019,sensitivity_2012_2022,2012-2017,2012-2022,0.7493762588827171,2.3260811280515123,0.11188222913277471,0.7988165680473372,0.9999651635408163
ALB,2020,sensitivity_2012_2022,2012-2017,2012-2022,0.7498730154531746,2.3136939615330254,0.15102975443784045,0.7514792899408284,0.9999434604318226
ALB,2021,sensitivity_2012_2022,2012-2017,2012-2022,0.7601168273160827,2.370356904172626,0.14961813872084959,0.7633136094674556,0.9998970802467074
ALB,2022,sensitivity_2012_2022,2012-2017,2012-2022,0.8137693968071715,2.460865988165825,0.23182440048434344,0.7337278106508875,0.9998462425474962
AND,2012,sensitivity_2012_2022,2012-2017,2012-2022,0.6748325110846616,1.7921044820553844,0.632114879527933,0.6556291390728477,1.0
AND,2013,sensitivity_2012_2022,2012-2017,2012-2022,0.5375503884399595,1.4805641909944671,0.5245490428631477,0.6423841059602649,1.0
AND,2014,sensitivity_2012_2022,2012-2017,2012-2022,0.447920145448756,1.24597587516259,0.5774253632226528,0.6688741721854304,1.0
AND,2015,sensitivity_2012_2022,2012-2017,2012-2022,0.8199496384556667,2.5466144717324295,0.48476225971268877,0.609271523178808,1.0
AND,2016,sensitivity_2012_2022,2012-2017,2012-2022,0.8636508471652097,2.6743358120891356,0.4460240157239056,0.6622516556291391,1.0
AND,2017,sensitivity_2012_2022,2012-2017,2012-2022,0.8327794322726905,2.504278588892916,0.48490389475764095,0.6490066225165563,1.0
AND,2018,sensitivity_2012_2022,2012-2017,2012-2022,0.7505448801393566,2.1736278810604164,0.6010342351778337,0.6357615894039735,0.9962245954973483
AND,2019,sensitivity_2012_2022,2012-2017,2012-2022,0.7432676704013155,2.1857717869788136,0.5587081673407714,0.6225165562913907,0.9963739861279324
AND,2020,sensitivity_2012_2022,2012-2017,2012-2022,0.7809616219721742,2.344135564463479,0.5865605528961453,0.5894039735099338,0.9939938672324672
AND,2021,sensitivity_2012_2022,2012-2017,2012-2022,0.8348285112674261,2.568777996344565,0.5389585335554024,0.6490066225165563,0.9966873439582832
AND,2022,sensitivity_2012_2022,2012-2017,2012-2022,0.8183747262335435,2.52516913759442,0.582934333970933,0.6423841059602649,0.9977133690598854
ANS,2016,sensitivity_2012_2022,2012-2017,2012-2022,,,,,
ANS,2020,sensitivity_2012_2022,2012-2017,2012-2022,,,,,
ANS,2021,sensitivity_2012_2022,2012-2017,2012-2022,,,,,
ANS,2022,sensitivity_2012_2022,2012-2017,2012-2022,,,,,
ARE,2012,sensitivity_2012_2022,2012-2017,2012-2022,0.935984022447077,3.275634929629666,0.11239872803219386,0.9174311926605505,1.0
ARE,2013,sensitivity_2012_2022,2012-2017,2012-2022,0.927459662010417,3.2404968266998813,0.13866060024785842,0.8944954128440367,1.0
ARE,2014,sensitivity_2012_2022,2012-2017,2012-2022,0.9317329568469953,3.326224572345141,0.09654120327498542,0.9174311926605505,1.0
ARE,2015,sensitivity_2012_2022,2012-2017,2012-2022,0.946710852784203,3.4704165348432037,0.06578046708784063,0.9220183486238532,1.0
ARE,2016,sensitivity_2012_2022,2012-2017,2012-2022,0.9474995497421124,3.477754279001137,0.10626534767632265,0.9128440366972477,1.0
ARE,2017,sensitivity_2012_2022,2012-2017,2012-2022,0.9521358506162718,3.5405665625493823,0.14322586552769578,0.9357798165137615,1.0
ARE,2018,sensitivity_2012_2022,2012-2017,2012-2022,0.9513034490390495,3.5617100343444683,0.17646278846372063,0.944954128440367,0.9999998924108997
ARE,2019,sensitivity_2012_2022,2012-2017,2012-2022,0.9478331144791958,3.542033877368244,0.21136292790231426,0.9587155963302753,1.0
ARE,2020,sensitivity_2012_2022,2012-2017,2012-2022,0.9493682089592692,3.5631078530698335,0.2755029719175146,0.9403669724770642,0.9999992894900883
ARE,2021,sensitivity_2012_2022,2012-2017,2012-2022,0.9447604483062131,3.567115128730595,0.2357366699116598,0.944954128440367,0.9999981365592922
ARE,2022,sensitivity_2012_2022,2012-2017,2012-2022,0.9475126348272398,3.602166221378482,0.1918340569617672,0.9724770642201835,0.9999987253480475
ARG,2012,sensitivity_2012_2022,2012-2017,2012-2022,0.9218618207787982,3.4824222799804394,0.10613196113308611,0.958974358974359,1.0
ARG,2013,sensitivity_2012_2022,2012-2017,2012-2022,0.916909660104344,3.4714109254649204,0.08352549530645968,0.9692307692307692,1.0
ARG,2014,sensitivity_2012_2022,2012-2017,2012-2022,0.9225463144479997,3.5320143323088438,0.06844161893509497,0.9435897435897436,1.0
ARG,2015,sensitivity_2012_2022,2012-2017,2012-2022,0.9337293474875978,3.5852832213404255,0.05953887644359589,0.9487179487179487,1.0
ARG,2016,sensitivity_2012_2022,2012-2017,2012-2022,0.9432123079901062,3.6241948798145303,0.09707010682408698,0.9384615384615385,1.0
ARG,2017,sensitivity_2012_2022,2012-2017,2012-2022,0.9421540046379343,3.666751147940243,0.09318782320221539,0.9384615384615385,1.0
ARG,2018,sensitivity_2012_2022,2012-2017,2012-2022,0.9337308329590099,3.6022660674846305,0.08308643581942243,0.9128205128205128,0.9999796889664136
ARG,2019,sensitivity_2012_2022,2012-2017,2012-2022,0.9387524116383942,3.623152093102134,0.12179009023368534,0.882051282051282,0.9999767027726816
ARG,2020,sensitivity_2012_2022,2012-2017,2012-2022,0.9471089616472627,3.661079949321554,0.1640493027498372,0.8974358974358975,0.9999751828454825
ARG,2021,sensitivity_2012_2022,2012-2017,2012-2022,0.9430295486406074,3.6264862801597912,0.16108309744230753,0.8769230769230769,0.9999878363186903
ARG,2022,sensitivity_2012_2022,2012-2017,2012-2022,0.9464331005085354,3.6821500566226915,0.18316237335366164,0.8871794871794871,0.999965951030957
ARM,2012,sensitivity_2012_2022,2012-2017,2012-2022,0.8870363901615107,2.6276754439980694,0.2371666100828702,0.7028985507246377,1.0
ARM,2013,sensitivity_2012_2022,2012-2017,2012-2022,0.8627769229149174,2.539870238303805,0.16438088815384708,0.6956521739130435,1.0
ARM,2014,sensitivity_2012_2022,2012-2017,2012-2022,0.8675314091400386,2.569583933545908,0.09343385568771832,0.6956521739130435,1.0
ARM,2015,sensitivity_2012_2022,2012-2017,2012-2022,0.8976802842624692,2.716881222287213,0.19179475105251512,0.7028985507246377,1.0
ARM,2016,sensitivity_2012_2022,2012-2017,2012-2022,0.8859571178393268,2.635362541885206,0.15575306967308383,0.6956521739130435,1.0
ARM,2017,sensitivity_2012_2022,2012-2017,2012-2022,0.8480296798721183,2.473089833409582,0.22331139270888237,0.7608695652173914,1.0
ARM,2018,sensitivity_2012_2022,2012-2017,2012-2022,0.846027647216989,2.4990444681526975,0.2535914312031977,0.7463768115942029,0.9998366381491981
ARM,2019,sensitivity_2012_2022,2012-2017,2012-2022,0.8491471586754834,2.519391117911141,0.27034988023687195,0.6956521739130435,0.9999343297403787
ARM,2020,sensitivity_2012_2022,2012-2017,2012-2022,0.8622034814570159,2.569024521286858,0.28460461233656364,0.6884057971014492,0.9999374193507033
ARM,2021,sensitivity_2012_2022,2012-2017,2012-2022,0.8298108937755466,2.5177229037704434,0.2862577606253759,0.7318840579710145,0.9984435351157843
ARM,2022,sensitivity_2012_2022,2012-2017,2012-2022,0.7105816266250291,2.021123810299896,0.4404682916663757,0.7753623188405797,0.9969891435276859
ASM,2012,sensitivity_2012_2022,2012-2017,2012-2022,0.772124197257979,1.936283725685248,0.6592279271505779,0.48936170212765956,1.0
ASM,2013,sensitivity_2012_2022,2012-2017,2012-2022,0.7595489697024147,2.071805338574698,0.6473792425844244,0.5425531914893617,1.0
ASM,2014,sensitivity_2012_2022,2012-2017,2012-2022,0.8391773161105303,2.2950059119159416,0.4389799863194177,0.5106382978723404,1.0
ASM,2015,sensitivity_2012_2022,2012-2017,2012-2022,0.8566696927360524,2.6536876295435126,0.5356777192571129,0.5212765957446809,1.0
ASM,2016,sensitivity_2012_2022,2012-2017,2012-2022,0.8887491654378067,2.6496637060923827,0.5194855683759587,0.5106382978723404,1.0
ASM,2017,sensitivity_2012_2022,2012-2017,2012-2022,0.8865432292538266,2.69339759499066,0.30838406838701193,0.574468085106383,1.0
ASM,2018,sensitivity_2012_2022,2012-2017,2012-2022,0.7326410321385676,2.0695629241687254,0.7386163270287815,0.5,0.9948904114498641
ASM,2019,sensitivity_2012_2022,2012-2017,2012-2022,0.7861386359656003,2.2951191846237013,0.6404194836885893,0.43617021276595747,0.9097815626162439
ASM,2020,sensitivity_2012_2022,2012-2017,2012-2022,0.8024362706531663,2.3476792446226535,0.7315907474902625,0.39361702127659576,0.9681703209825434
ASM,2021,sensitivity_2012_2022,2012-2017,2012-2022,0.8318602177526241,2.2586891631031554,0.7865722940928355,0.5212765957446809,0.9849798416330335
ASM,2022,sensitivity_2012_2022,2012-2017,2012-2022,0.8305161728516779,2.486896328370491,0.720487841054306,0.44680851063829785,0.9471656562876829
ATA,2012,sensitivity_2012_2022,2012-2017,2012-2022,0.5865836627988567,1.4179496184376905,0.9059364777377409,0.45454545454545453,1.0
ATA,2013,sensitivity_2012_2022,2012-2017,2012-2022,0.5368076597304285,1.0751946241973351,0.6647131840931879,0.2727272727272727,1.0
ATA,2014,sensitivity_2012_2022,2012-2017,2012-2022,0.6560100877884204,1.4202378523620411,0.5548876165191515,0.45454545454545453,1.0
ATA,2015,sensitivity_2012_2022,2012-2017,2012-2022,0.7654646888500255,1.7950679505304443,0.4845805536041047,0.45454545454545453,1.0
ATA,2016,sensitivity_2012_2022,2012-2017,2012-2022,0.6630525888333225,1.5160199304403725,0.49500192421820693,0.3409090909090909,1.0
ATA,2017,sensitivity_2012_2022,2012-2017,2012-2022,0.7615502817488481,1.6759377029817342,0.5896646762283678,0.3181818181818182,1.0
ATA,2018,sensitivity_2012_2022,2012-2017,2012-2022,0.726281025252814,1.6657130452934574,0.9221118422336315,0.3409090909090909,0.9292928428311217
ATA,2019,sensitivity_2012_2022,2012-2017,2012-2022,0.7456381916518251,1.8373906569820309,0.5246112788499934,0.4090909090909091,0.953564790835136
ATA,2020,sensitivity_2012_2022,2012-2017,2012-2022,0.6897123182048541,1.6051055999575707,0.43271589469179195,0.3181818181818182,0.8723938073799381
ATA,2021,sensitivity_2012_2022,2012-2017,2012-2022,0.8002068856912631,1.8367959814761117,0.5959974762708222,0.22727272727272727,0.7708705218621191
ATA,2022,sensitivity_2012_2022,2012-2017,2012-2022,0.6859907321839209,1.6054214929742954,0.4506878695858798,0.2727272727272727,0.6469907006905449
ATF,2012,sensitivity_2012_2022,2012-2017,2012-2022,0.39690469720594856,1.0831606773575464,0.19437786336816842,0.5483870967741935,1.0
ATF,2013,sensitivity_2012_2022,2012-2017,2012-2022,0.3594262209423228,0.7828626139756752,0.24025391688840966,0.3225806451612903,1.0
ATF,2014,sensitivity_2012_2022,2012-2017,2012-2022,0.4158178040733367,1.0350066370850752,0.17717704898139838,0.41935483870967744,1.0
ATF,2015,sensitivity_2012_2022,2012-2017,2012-2022,0.48451811678894374,1.2369482527641045,0.20404948039445367,0.45161290322580644,1.0
ATF,2016,sensitivity_2012_2022,2012-2017,2012-2022,0.23711052999456872,0.6573642194996422,0.23254685951534504,0.3548387096774194,1.0
ATF,2017,sensitivity_2012_2022,2012-2017,2012-2022,0.2400713216736874,0.5780436716766408,0.24235121778919158,0.2903225806451613,1.0
ATF,2018,sensitivity_2012_2022,2012-2017,2012-2022,0.27719085072130223,0.734848883258992,0.23418393562781625,0.3870967741935484,0.9835233068867537
ATF,2019,sensitivity_2012_2022,2012-2017,2012-2022,0.330918949956561,0.7993788020902467,0.2356342337415189,0.45161290322580644,0.9912777885770572
ATF,2020,sensitivity_2012_2022,2012-2017,2012-2022,0.3401853274864164,0.8188108275216158,0.2076208195615084,0.2903225806451613,0.9493768701431872
ATF,2021,sensitivity_2012_2022,2012-2017,2012-2022,0.34802911870370556,0.8266188598592743,0.27861135469384973,0.41935483870967744,0.9249662190704572
ATF,2022,sensitivity_2012_2022,2012-2017,2012-2022,0.3430617143805903,0.8674573820908927,0.24237184415610863,0.45161290322580644,0.9816851244079827
ATG,2012,sensitivity_2012_2022,2012-2017,2012-2022,0.5391397398579685,1.387262745191583,0.6169013208708123,0.5928571428571429,1.0
ATG,2013,sensitivity_2012_2022,2012-2017,2012-2022,0.7891622578321693,2.1411353802987727,0.39043510598658515,0.6,1.0
ATG,2014,sensitivity_2012_2022,2012-2017,2012-2022,0.6398676939496871,1.5142956578811395,0.44535417329323856,0.6,1.0
ATG,2015,sensitivity_2012_2022,2012-2017,2012-2022,0.6915535882046375,1.7331297976477482,0.41030667026654016,0.5571428571428572,1.0
ATG,2016,sensitivity_2012_2022,2012-2017,2012-2022,0.6085785477647003,1.739351657090367,0.4028263850255572,0.5642857142857143,1.0
ATG,2017,sensitivity_2012_2022,2012-2017,2012-2022,0.7194901072179396,1.9553272531911299,0.41234667258246405,0.6071428571428571,1.0
ATG,2018,sensitivity_2012_2022,2012-2017,2012-2022,0.6699952022246054,1.913505814138984,0.5656454971746088,0.5357142857142857,0.9995455686710268
ATG,2019,sensitivity_2012_2022,2012-2017,2012-2022,0.7392086943815044,1.9180033643483119,0.482361232630928,0.5071428571428571,0.998320815612825
ATG,2020,sensitivity_2012_2022,2012-2017,2012-2022,0.6687777315170382,1.595023900381567,0.540448591753118,0.5214285714285715,0.9988846801157476
ATG,2021,sensitivity_2012_2022,2012-2017,2012-2022,0.8746569162715702,2.5995075968394104,0.6813698196813793,0.5142857142857142,0.9963199820733198
ATG,2022,sensitivity_2012_2022,2012-2017,2012-2022,0.8301745711188728,2.271910432162024,0.6679042245484244,0.5,0.998678985536724
AUS,2012,sensitivity_2012_2022,2012-2017,2012-2022,0.8829571941935523,2.927027584974101,0.062288733023020966,0.9719626168224299,1.0
AUS,2013,sensitivity_2012_2022,2012-2017,2012-2022,0.881775781654047,2.9490487556279703,0.0625230380897311,0.9719626168224299,1.0
AUS,2014,sensitivity_2012_2022,2012-2017,2012-2022,0.8909918759497748,2.9587834679946536,0.05940974604353118,0.9766355140186916,1.0
AUS,2015,sensitivity_2012_2022,2012-2017,2012-2022,0.9038901734393125,3.0627610128587253,0.05368711948729675,0.985981308411215,1.0
AUS,2016,sensitivity_2012_2022,2012-2017,2012-2022,0.9173101422591079,3.0986622597112845,0.0942439483935897,0.9719626168224299,1.0
AUS,2017,sensitivity_2012_2022,2012-2017,2012-2022,0.9088611711606593,3.0481876186741914,0.0894849315924015,0.9719626168224299,1.0
AUS,2018,sensitivity_2012_2022,2012-2017,2012-2022,0.8973780971848593,2.959429735559879,0.06162458697885323,0.9766355140186916,1.0
AUS,2019,sensitivity_2012_2022,2012-2017,2012-2022,0.900619580799178,2.954186375221714,0.08372198603548901,0.9672897196261683,1.0
AUS,2020,sensitivity_2012_2022,2012-2017,2012-2022,0.9072405302030871,2.98661540658881,0.11233295261612926,0.9672897196261683,1.0
AUS,2021,sensitivity_2012_2022,2012-2017,2012-2022,0.9013686389973583,2.966509764979288,0.10217528576930723,0.9579439252336449,1.0
AUS,2022,sensitivity_2012_2022,2012-2017,2012-2022,0.879121409995951,2.857836311022064,0.1312329342156469,0.9813084112149533,1.0
AUT,2012,sensitivity_2012_2022,2012-2017,2012-2022,0.8635169647539093,3.0041384178845068,0.03192002541279082,0.918552036199095,1.0
AUT,2013,sensitivity_2012_2022,2012-2017,2012-2022,0.8687507570619084,3.0372982881884663,0.024930608621203557,0.918552036199095,1.0
AUT,2014,sensitivity_2012_2022,2012-2017,2012-2022,0.8718075172410026,3.0405028353162376,0.02588010026405059,0.918552036199095,1.0
AUT,2015,sensitivity_2012_2022,2012-2017,2012-2022,0.8691476411582507,3.043068552050782,0.019547311826900025,0.9411764705882353,1.0
AUT,2016,sensitivity_2012_2022,2012-2017,2012-2022,0.862296468975065,2.997823127056553,0.02986991569079757,0.9411764705882353,1.0
AUT,2017,sensitivity_2012_2022,2012-2017,2012-2022,0.8765535913795066,3.0500703781534817,0.03725462192906677,0.9411764705882353,1.0
AUT,2018,sensitivity_2012_2022,2012-2017,2012-2022,0.8680047745350569,3.019761272682045,0.036370003557238545,0.9457013574660633,1.0
AUT,2019,sensitivity_2012_2022,2012-2017,2012-2022,0.8771574827045693,3.065061155189303,0.046416695515311746,0.9230769230769231,1.0
AUT,2020,sensitivity_2012_2022,2012-2017,2012-2022,0.8740737439534081,3.034734696409809,0.043976035854913914,0.9457013574660633,1.0
AUT,2021,sensitivity_2012_2022,2012-2017,2012-2022,0.870892463959577,3.005936232217401,0.044769467225823804,0.9592760180995475,1.0
AUT,2022,sensitivity_2012_2022,2012-2017,2012-2022,0.8740719225865775,2.9975351925881073,0.06264430198713153,0.9547511312217195,1.0
AZE,2012,sensitivity_2012_2022,2012-2017,2012-2022,0.879278701261796,2.778604687419399,0.138848845258998,0.75,1.0
AZE,2013,sensitivity_2012_2022,2012-2017,2012-2022,0.874821462402557,2.7118447186299903,0.11268693619694534,0.6944444444444444,1.0
AZE,2014,sensitivity_2012_2022,2012-2017,2012-2022,0.8892725538347126,2.775795221937611,0.12071455563079436,0.7083333333333334,1.0
AZE,2015,sensitivity_2012_2022,2012-2017,2012-2022,0.8821627559177024,2.7244021739929,0.1219228665721218,0.7222222222222222,1.0
AZE,2016,sensitivity_2012_2022,2012-2017,2012-2022,0.8815820378879559,2.7472014513080594,0.15341959397200947,0.7430555555555556,1.0
AZE,2017,sensitivity_2012_2022,2012-2017,2012-2022,0.8534337130222308,2.6580402271848573,0.17757314704385854,0.7569444444444444,1.0
AZE,2018,sensitivity_2012_2022,2012-2017,2012-2022,0.8765244465030615,2.7873552697970756,0.16070037333092385,0.7569444444444444,0.9950678136972457
AZE,2019,sensitivity_2012_2022,2012-2017,2012-2022,0.844764743509387,2.5992457934052258,0.20203871749035393,0.7569444444444444,0.9998669302648978
AZE,2020,sensitivity_2012_2022,2012-2017,2012-2022,0.8536259459220248,2.6868900907454267,0.3087737665243,0.7361111111111112,0.999987508379174
AZE,2021,sensitivity_2012_2022,2012-2017,2012-2022,0.7544974153473373,2.3360280611994204,0.341850873635169,0.7569444444444444,0.9999719433296032
AZE,2022,sensitivity_2012_2022,2012-2017,2012-2022,0.722781258445946,2.233319718812332,0.3384286489864752,0.7916666666666666,0.9999788507493915
BDI,2012,sensitivity_2012_2022,2012-2017,2012-2022,0.6145544957486699,1.7061850368061517,0.18308599571702028,0.5555555555555556,1.0
BDI,2013,sensitivity_2012_2022,2012-2017,2012-2022,0.5024328239384647,1.4565722702702215,0.1671768634433474,0.5353535353535354,1.0
BDI,2014,sensitivity_2012_2022,2012-2017,2012-2022,0.620943982845496,1.7560817148639882,0.15962324228780558,0.6565656565656566,1.0
BDI,2015,sensitivity_2012_2022,2012-2017,2012-2022,0.6534076766724649,1.9195320195006451,0.09559728126698068,0.6161616161616161,1.0
BDI,2016,sensitivity_2012_2022,2012-2017,2012-2022,0.7050322476141587,2.0664971599341397,0.09567516557198825,0.6262626262626263,1.0
BDI,2017,sensitivity_2012_2022,2012-2017,2012-2022,0.7879214078692822,2.3465696061817076,0.20540745584557937,0.6363636363636364,1.0
BDI,2018,sensitivity_2012_2022,2012-2017,2012-2022,0.7398408754478902,2.245575167194649,0.17739474647125048,0.6363636363636364,0.9996175012676943
BDI,2019,sensitivity_2012_2022,2012-2017,2012-2022,0.6572085292171863,2.021544656804562,0.11214753019271302,0.6262626262626263,0.9839983439283576
BDI,2020,sensitivity_2012_2022,2012-2017,2012-2022,0.8077860359024845,2.355418804149559,0.290243462627686,0.5454545454545454,0.9985320289742365
BDI,2021,sensitivity_2012_2022,2012-2017,2012-2022,0.8340974976605762,2.509657398816748,0.299323890684946,0.6565656565656566,0.9960480885534321
BDI,2022,sensitivity_2012_2022,2012-2017,2012-2022,0.8173811129633766,2.4937984816071284,0.3102454946070701,0.5858585858585859,0.9956419129503261
BEL,2012,sensitivity_2012_2022,2012-2017,2012-2022,0.904465209597472,3.055657817099623,0.04080080151492475,0.9377777777777778,1.0
BEL,2013,sensitivity_2012_2022,2012-2017,2012-2022,0.9047620535475374,3.064513610289394,0.028961789340042808,0.9511111111111111,1.0
BEL,2014,sensitivity_2012_2022,2012-2017,2012-2022,0.9042731881163764,3.0443471327369442,0.026118341457726763,0.9866666666666667,1.0
BEL,2015,sensitivity_2012_2022,2012-2017,2012-2022,0.9058677976023956,3.0480746587583156,0.023647041534774153,0.96,1.0
BEL,2016,sensitivity_2012_2022,2012-2017,2012-2022,0.9095191931363212,3.0905568880167094,0.03224188811332215,0.9466666666666667,1.0
BEL,2017,sensitivity_2012_2022,2012-2017,2012-2022,0.9090091851750577,3.1013241801035507,0.03697712887434864,0.9511111111111111,1.0
BEL,2018,sensitivity_2012_2022,2012-2017,2012-2022,0.9050193760416989,3.0667127032206345,0.04709294328098922,0.9466666666666667,1.0
BEL,2019,sensitivity_2012_2022,2012-2017,2012-2022,0.9083003274075436,3.093946650595477,0.04479634378438,0.96,1.0
BEL,2020,sensitivity_2012_2022,2012-2017,2012-2022,0.9009685508379073,3.040439536141533,0.07078745576048287,0.9511111111111111,1.0
BEL,2021,sensitivity_2012_2022,2012-2017,2012-2022,0.8986028553675899,3.054000371099135,0.08233045717950728,0.9511111111111111,1.0
BEL,2022,sensitivity_2012_2022,2012-2017,2012-2022,0.8933613266865102,3.039233337127094,0.11827615494799845,0.9511111111111111,1.0
BEN,2012,sensitivity_2012_2022,2012-2017,2012-2022,0.8862605863267774,2.6324189266876235,0.26271151517845814,0.5815602836879432,1.0
BEN,2013,sensitivity_2012_2022,2012-2017,2012-2022,0.9018916389397419,2.7414211201526473,0.2626641261624454,0.6666666666666666,1.0
BEN,2014,sensitivity_2012_2022,2012-2017,2012-2022,0.8783529201071968,2.5938845144087694,0.28170056803699767,0.6312056737588653,1.0
BEN,2015,sensitivity_2012_2022,2012-2017,2012-2022,0.8755503851616111,2.6568216722136775,0.19241019581579288,0.6170212765957447,1.0
BEN,2016,sensitivity_2012_2022,2012-2017,2012-2022,0.8535535271588186,2.5399454532694707,0.2129856208987414,0.6099290780141844,1.0
BEN,2017,sensitivity_2012_2022,2012-2017,2012-2022,0.8589660482516643,2.5114096048802805,0.23917012988659242,0.6879432624113475,1.0
BEN,2018,sensitivity_2012_2022,2012-2017,2012-2022,0.8595510458931007,2.407548602128639,0.3214862269766718,0.5957446808510638,0.999844335480579
BEN,2019,sensitivity_2012_2022,2012-2017,2012-2022,0.8462550555564976,2.2288530437789187,0.32018212386447353,0.5673758865248227,0.9989249566105285
BEN,2020,sensitivity_2012_2022,2012-2017,2012-2022,0.7698572018678,1.8857628199834449,0.41510285318059476,0.5460992907801419,0.9995533161004129
BEN,2021,sensitivity_2012_2022,2012-2017,2012-2022,0.7721981592613396,1.9489276272944396,0.40799029319519486,0.5886524822695035,0.9998461730329432
BEN,2022,sensitivity_2012_2022,2012-2017,2012-2022,0.7960007244124468,2.1142319652407355,0.4403345517715642,0.5673758865248227,0.9997917080700344
BES,2012,sensitivity_2012_2022,2012-2017,2012-2022,0.0,-0.0,1.1834037674216358,0.058823529411764705,1.0
BES,2013,sensitivity_2012_2022,2012-2017,2012-2022,0.6615491403851549,1.2660280748222648,1.6241867701023018,0.29411764705882354,1.0
BES,2014,sensitivity_2012_2022,2012-2017,2012-2022,0.3843857066947636,0.7897418974832425,1.5737200746737674,0.4117647058823529,1.0
BES,2015,sensitivity_2012_2022,2012-2017,2012-2022,0.5167067480780505,0.9936650956089744,1.7030882867672106,0.4117647058823529,1.0
BES,2016,sensitivity_2012_2022,2012-2017,2012-2022,0.7089263039180443,1.3537794841007056,1.439849518274038,0.4117647058823529,1.0
BES,2017,sensitivity_2012_2022,2012-2017,2012-2022,0.3721956962585661,0.8004937778783827,1.1834037674216358,0.7058823529411765,1.0
BES,2018,sensitivity_2012_2022,2012-2017,2012-2022,0.1608362047944636,0.3690951274081083,1.3175627397602967,0.47058823529411764,1.0
BES,2019,sensitivity_2012_2022,2012-2017,2012-2022,0.6275814299857019,1.2190853261267507,1.5960876553091499,0.6470588235294118,0.7973204273432554
BES,2020,sensitivity_2012_2022,2012-2017,2012-2022,0.38643791499657765,0.8155226678318923,1.2206094683127464,0.5294117647058824,0.9946522278308193
BES,2021,sensitivity_2012_2022,2012-2017,2012-2022,0.6230546501686339,1.186973233345476,1.8174634220755819,0.5294117647058824,0.8425842003820475
BES,2022,sensitivity_2012_2022,2012-2017,2012-2022,0.7047155156913963,1.3747095379943133,1.6561249069368773,0.47058823529411764,0.9837418157317128
BFA,2012,sensitivity_2012_2022,2012-2017,2012-2022,0.4958427744137752,1.4626509105552357,0.18237616915008054,0.7028985507246377,1.0
BFA,2013,sensitivity_2012_2022,2012-2017,2012-2022,0.5145972180759043,1.5876741546142006,0.14363578845666808,0.6739130434782609,1.0
BFA,2014,sensitivity_2012_2022,2012-2017,2012-2022,0.6172778768455605,1.9234429405655524,0.12055296355511814,0.7681159420289855,1.0
BFA,2015,sensitivity_2012_2022,2012-2017,2012-2022,0.6599500822123507,1.9505496553581039,0.11413844523281691,0.6956521739130435,1.0
BFA,2016,sensitivity_2012_2022,2012-2017,2012-2022,0.5346380738948446,1.6130222047140967,0.09702627846497036,0.6521739130434783,1.0
BFA,2017,sensitivity_2012_2022,2012-2017,2012-2022,0.6719851861840856,1.8022164038924973,0.20555194016847086,0.6014492753623188,1.0
BFA,2018,sensitivity_2012_2022,2012-2017,2012-2022,0.6438800302166776,1.7142106391068692,0.2034195979686323,0.6594202898550725,0.9999642102807818
BFA,2019,sensitivity_2012_2022,2012-2017,2012-2022,0.626216939110338,1.6844181282895556,0.20420353207528705,0.717391304347826,0.9997948207869387
BFA,2020,sensitivity_2012_2022,2012-2017,2012-2022,0.38764333909716064,1.1393161249586417,0.2046431887489491,0.644927536231884,0.9999753331079831
BFA,2021,sensitivity_2012_2022,2012-2017,2012-2022,0.40024824647342716,1.1199315074620109,0.18914194821114366,0.7028985507246377,0.9999167336996876
BFA,2022,sensitivity_2012_2022,2012-2017,2012-2022,0.48931669773484854,1.3866778668369881,0.20424963106452748,0.6594202898550725,0.9998918228615076
BGD,2012,sensitivity_2012_2022,2012-2017,2012-2022,0.9289763612933756,3.233282206128086,0.05434819979796082,0.9170731707317074,1.0
BGD,2013,sensitivity_2012_2022,2012-2017,2012-2022,0.9266918612861325,3.209284648749531,0.03995344134482629,0.9170731707317074,1.0
BGD,2014,sensitivity_2012_2022,2012-2017,2012-2022,0.9276476055056209,3.2024243823912686,0.03939622233160353,0.7560975609756098,1.0
BGD,2015,sensitivity_2012_2022,2012-2017,2012-2022,0.925309151429003,3.1769820143258007,0.04714980281779216,0.9414634146341463,1.0
BGD,2016,sensitivity_2012_2022,2012-2017,2012-2022,0.9290278408985873,3.220889095626695,0.05531772167109868,0.775609756097561,1.0
BGD,2017,sensitivity_2012_2022,2012-2017,2012-2022,0.9229846680365263,3.1878990788517236,0.05375437216048855,0.9073170731707317,1.0
BGD,2018,sensitivity_2012_2022,2012-2017,2012-2022,0.9313618974335082,3.2539722594234624,0.0719677654286852,0.9121951219512195,1.0
BGD,2019,sensitivity_2012_2022,2012-2017,2012-2022,0.9330950301867855,3.2562998793190974,0.10134838913670019,0.7902439024390244,0.9999995228399787
BGD,2020,sensitivity_2012_2022,2012-2017,2012-2022,0.9304075181890671,3.253066625077831,0.12624747527316588,0.7707317073170732,1.0
BGD,2021,sensitivity_2012_2022,2012-2017,2012-2022,0.9309411877295393,3.273303737206633,0.1539904347908886,0.7853658536585366,1.0
BGD,2022,sensitivity_2012_2022,2012-2017,2012-2022,0.9268393282705807,3.2103392871814473,0.1445396855886476,0.775609756097561,1.0
BGR,2012,sensitivity_2012_2022,2012-2017,2012-2022,0.9427052515154319,3.399093381774098,0.09339217361061458,0.9207920792079208,1.0
BGR,2013,sensitivity_2012_2022,2012-2017,2012-2022,0.9420662844522538,3.4236063044295006,0.049689459980515355,0.9257425742574258,1.0
BGR,2014,sensitivity_2012_2022,2012-2017,2012-2022,0.9422684733843927,3.4082360761205264,0.047634030877386886,0.9257425742574258,1.0
BGR,2015,sensitivity_2012_2022,2012-2017,2012-2022,0.9409375868403148,3.4094925845978192,0.04433727233947864,0.9554455445544554,1.0
BGR,2016,sensitivity_2012_2022,2012-2017,2012-2022,0.9375277612203676,3.3644309027682087,0.07024381847685433,0.9306930693069307,1.0
BGR,2017,sensitivity_2012_2022,2012-2017,2012-2022,0.9381445006055306,3.3720301619504656,0.05665391044181439,0.9306930693069307,1.0
BGR,2018,sensitivity_2012_2022,2012-2017,2012-2022,0.9330481785327747,3.324336036594916,0.08005472562980108,0.9554455445544554,1.0
BGR,2019,sensitivity_2012_2022,2012-2017,2012-2022,0.9427971746559213,3.4391383766765946,0.09706832223638642,0.9306930693069307,1.0
BGR,2020,sensitivity_2012_2022,2012-2017,2012-2022,0.9336080424137662,3.3711298519042883,0.12877317243791617,0.9405940594059405,0.9999905519804889
BGR,2021,sensitivity_2012_2022,2012-2017,2012-2022,0.9347696787135971,3.36478541555935,0.138607583143739,0.9455445544554455,0.9999973758533633
BGR,2022,sensitivity_2012_2022,2012-2017,2012-2022,0.9382487603521954,3.404240495768474,0.15236761876689942,0.9405940594059405,0.9999989495576179
BHR,2012,sensitivity_2012_2022,2012-2017,2012-2022,0.9370816621972935,3.311560820427259,0.22724517183219747,0.7808988764044944,1.0
BHR,2013,sensitivity_2012_2022,2012-2017,2012-2022,0.8938785410578344,3.065602834965004,0.0973937471105472,0.7584269662921348,1.0
BHR,2014,sensitivity_2012_2022,2012-2017,2012-2022,0.9176686976632616,3.110081114370526,0.19406197613356974,0.7808988764044944,1.0
BHR,2015,sensitivity_2012_2022,2012-2017,2012-2022,0.6996497887054052,2.2857925812423923,0.26853921106726797,0.8033707865168539,1.0
BHR,2016,sensitivity_2012_2022,2012-2017,2012-2022,0.8909289720236768,3.038757712688791,0.1138063326537781,0.797752808988764,1.0
BHR,2017,sensitivity_2012_2022,2012-2017,2012-2022,0.9023064205723808,3.054848507059358,0.1750748759927221,0.8370786516853933,1.0
BHR,2018,sensitivity_2012_2022,2012-2017,2012-2022,0.9078599307987532,2.9893983240629254,0.2652462199740728,0.7752808988764045,0.997907549202787
BHR,2019,sensitivity_2012_2022,2012-2017,2012-2022,0.8885330656231485,2.9101696091626623,0.278657863730624,0.7921348314606742,0.9986835806793528
BHR,2020,sensitivity_2012_2022,2012-2017,2012-2022,0.9001948745797246,3.008556373701384,0.2406890892020995,0.7865168539325843,0.9999768009968641
BHR,2021,sensitivity_2012_2022,2012-2017,2012-2022,0.9209782010284416,3.1924573312538067,0.254791031116556,0.848314606741573,0.9999745424566554
BHR,2022,sensitivity_2012_2022,2012-2017,2012-2022,0.9316069465171254,3.3051451352599024,0.2500067962842389,0.7921348314606742,0.999992768528205
BHS,2012,sensitivity_2012_2022,2012-2017,2012-2022,0.8585295950645913,2.4590390400518807,0.6010816538989179,0.75,1.0
BHS,2013,sensitivity_2012_2022,2012-2017,2012-2022,0.7791536546131057,2.2103486494589832,0.5977490120026256,0.7222222222222222,1.0
BHS,2014,sensitivity_2012_2022,2012-2017,2012-2022,0.8981500978759746,2.686249313670255,0.3448927288629686,0.7083333333333334,1.0
BHS,2015,sensitivity_2012_2022,2012-2017,2012-2022,0.8095387010472967,2.248988181031651,0.44206724515799256,0.6944444444444444,1.0
BHS,2016,sensitivity_2012_2022,2012-2017,2012-2022,0.853208527792982,2.4725714006672073,0.5541095762136746,0.6666666666666666,1.0
BHS,2017,sensitivity_2012_2022,2012-2017,2012-2022,0.8650483849683992,2.6928320906507173,0.556250042373701,0.6736111111111112,1.0
BHS,2018,sensitivity_2012_2022,2012-2017,2012-2022,0.8196048160996587,2.327841866220121,0.6769067020707822,0.6041666666666666,0.9998326886706632
BHS,2019,sensitivity_2012_2022,2012-2017,2012-2022,0.8398811140934628,2.4873845819030884,0.6088960754372293,0.5694444444444444,0.9998863972188914
BHS,2020,sensitivity_2012_2022,2012-2017,2012-2022,0.8941429227797815,2.6582441203761595,0.6779517609810899,0.5486111111111112,0.9999188634874053
BHS,2021,sensitivity_2012_2022,2012-2017,2012-2022,0.8758575540309749,2.4331845875937193,0.6051167938788681,0.5208333333333334,0.9999037673701248
BHS,2022,sensitivity_2012_2022,2012-2017,2012-2022,0.7083304231109611,1.8520651724209167,0.7677812841517273,0.4861111111111111,0.9999294026132824
BIH,2012,sensitivity_2012_2022,2012-2017,2012-2022,0.9071086914992021,2.8305623423510644,0.056822097008282065,0.751412429378531,1.0
BIH,2013,sensitivity_2012_2022,2012-2017,2012-2022,0.9097200772275417,2.852989034098444,0.04666840660905959,0.768361581920904,1.0
BIH,2014,sensitivity_2012_2022,2012-2017,2012-2022,0.9122600238133106,2.8731090882316535,0.0494323070885362,0.768361581920904,1.0
BIH,2015,sensitivity_2012_2022,2012-2017,2012-2022,0.9156920031564714,2.900667078846849,0.044361872853488186,0.7796610169491526,1.0
BIH,2016,sensitivity_2012_2022,2012-2017,2012-2022,0.9146907023427819,2.878312872543863,0.039992985983737,0.7796610169491526,1.0
BIH,2017,sensitivity_2012_2022,2012-2017,2012-2022,0.9176612991660241,2.9279382669059926,0.047844458674252494,0.8135593220338984,1.0
BIH,2018,sensitivity_2012_2022,2012-2017,2012-2022,0.9133748272834084,2.88357196913444,0.05075400303286298,0.8361581920903954,0.9999344663574852
BIH,2019,sensitivity_2012_2022,2012-2017,2012-2022,0.9136502033543009,2.881122009504725,0.059561514438455934,0.7853107344632768,0.9999902722040377
BIH,2020,sensitivity_2012_2022,2012-2017,2012-2022,0.9119890453450309,2.8694326028917088,0.07178497042093829,0.8135593220338984,0.999985364383114
BIH,2021,sensitivity_2012_2022,2012-2017,2012-2022,0.9065004602876313,2.813553383238799,0.07142438612912538,0.7853107344632768,0.9999860641626164
BIH,2022,sensitivity_2012_2022,2012-2017,2012-2022,0.8993230454743205,2.7652814655426803,0.1294552343254749,0.7909604519774012,0.9999549529523736
BLM,2013,sensitivity_2012_2022,2012-2017,2012-2022,0.5745850949035438,1.0151929853287953,0.6515145369590931,0.21875,1.0
BLM,2014,sensitivity_2012_2022,2012-2017,2012-2022,0.7150918788041848,1.5971036511873429,0.38357422886939757,0.40625,1.0
BLM,2015,sensitivity_2012_2022,2012-2017,2012-2022,0.5564409432721454,1.2073418749336868,0.459163373474326,0.4375,1.0
BLM,2016,sensitivity_2012_2022,2012-2017,2012-2022,0.8087304552147521,1.8966118826022065,0.4060169503266711,0.5,1.0
BLM,2017,sensitivity_2012_2022,2012-2017,2012-2022,0.7203517006321246,1.6365578343263114,0.2759662660011074,0.59375,1.0
BLM,2018,sensitivity_2012_2022,2012-2017,2012-2022,0.6693797098348059,1.4592425378095435,0.5383559646425465,0.4375,0.9898394736781911
BLM,2019,sensitivity_2012_2022,2012-2017,2012-2022,0.44993244272060584,0.8917403950826703,0.4858245399872254,0.40625,0.980298023192724
BLM,2020,sensitivity_2012_2022,2012-2017,2012-2022,0.11575054135313112,0.35613122319758517,0.705791782368945,0.53125,0.9895430719667184
BLM,2021,sensitivity_2012_2022,2012-2017,2012-2022,0.23582626904300652,0.643400520034593,0.6383472458176651,0.4375,0.977337420492309
BLM,2022,sensitivity_2012_2022,2012-2017,2012-2022,0.8811156716481308,2.2975519534697884,0.6815945312046475,0.5,0.010623877804809013
BLR,2012,sensitivity_2012_2022,2012-2017,2012-2022,0.772191824487639,2.4332789650506372,0.1079565456793258,0.8620689655172413,1.0
BLR,2013,sensitivity_2012_2022,2012-2017,2012-2022,0.6840394020031416,2.1250056626931015,0.060599926863895495,0.8735632183908046,1.0
BLR,2014,sensitivity_2012_2022,2012-2017,2012-2022,0.7123364319419563,2.2075138494134467,0.038380510539100826,0.8735632183908046,1.0
BLR,2015,sensitivity_2012_2022,2012-2017,2012-2022,0.767337990224372,2.4284851720911944,0.08335208263962644,0.8620689655172413,1.0
BLR,2016,sensitivity_2012_2022,2012-2017,2012-2022,0.6798738429304614,2.053084256497411,0.05841201718588303,0.8620689655172413,1.0
BLR,2017,sensitivity_2012_2022,2012-2017,2012-2022,0.6629683926201326,2.029441640539635,0.07250927139950275,0.9137931034482759,1.0
BLR,2018,sensitivity_2012_2022,2012-2017,2012-2022,0.7273326543322929,2.2675257071748027,0.06233789919571242,0.8908045977011494,0.9999908435447709
BLR,2019,sensitivity_2012_2022,2012-2017,2012-2022,0.7018986795166275,2.1812999556475514,0.057227456513144086,0.8850574712643678,0.9999940517076138
BLR,2020,sensitivity_2012_2022,2012-2017,2012-2022,0.6962573707477882,2.1834435219000246,0.0756317393308378,0.8908045977011494,0.9999864205746597
BLR,2021,sensitivity_2012_2022,2012-2017,2012-2022,0.7062682844425466,2.10992971221303,0.06651734146158331,0.8735632183908046,0.9999927158158316
BLR,2022,sensitivity_2012_2022,2012-2017,2012-2022,0.924686976598684,3.201282496455889,0.5413077489115189,0.7126436781609196,0.9998719461009672
BLZ,2012,sensitivity_2012_2022,2012-2017,2012-2022,0.8806927445433245,2.9582997736969343,0.3242795006438365,0.7013888888888888,1.0
BLZ,2013,sensitivity_2012_2022,2012-2017,2012-2022,0.8899644097208161,2.95222150864517,0.2696104426894927,0.75,1.0
BLZ,2014,sensitivity_2012_2022,2012-2017,2012-2022,0.9160136928501896,3.1333744103088454,0.27167818915203923,0.7361111111111112,1.0
BLZ,2015,sensitivity_2012_2022,2012-2017,2012-2022,0.8720392080420871,2.8936200108898817,0.29150140286778714,0.7569444444444444,1.0
BLZ,2016,sensitivity_2012_2022,2012-2017,2012-2022,0.8536988935489539,2.699592458632289,0.38071800617776674,0.6875,1.0
BLZ,2017,sensitivity_2012_2022,2012-2017,2012-2022,0.8937406466347138,3.0325171739947994,0.3197121380601309,0.7222222222222222,1.0
BLZ,2018,sensitivity_2012_2022,2012-2017,2012-2022,0.8116714448798696,2.578215326302861,0.42836163558832,0.6736111111111112,0.998975482205637
BLZ,2019,sensitivity_2012_2022,2012-2017,2012-2022,0.8405395275255598,2.7245974973993015,0.4142905380236158,0.6388888888888888,0.9974007716609004
BLZ,2020,sensitivity_2012_2022,2012-2017,2012-2022,0.8590297126938659,2.533430710138486,0.5912483913420057,0.5763888888888888,0.9990422215563576
BLZ,2021,sensitivity_2012_2022,2012-2017,2012-2022,0.9133396515736991,3.0607137029099327,0.4621119357965478,0.6458333333333334,0.9987408693338945
BLZ,2022,sensitivity_2012_2022,2012-2017,2012-2022,0.9204671803313531,3.10540624887466,0.46782489652732157,0.6388888888888888,0.9963876149860168
BMU,2012,sensitivity_2012_2022,2012-2017,2012-2022,0.715505435049927,1.6469041556729322,0.9907184783018175,0.5346534653465347,1.0
BMU,2013,sensitivity_2012_2022,2012-2017,2012-2022,0.4152573835169606,1.1402612561100547,1.0757628128529093,0.5247524752475248,1.0
BMU,2014,sensitivity_2012_2022,2012-2017,2012-2022,0.7795304674668302,2.2072665610069486,0.8935141354049263,0.48514851485148514,1.0
BMU,2015,sensitivity_2012_2022,2012-2017,2012-2022,0.4411842152425727,1.1726487359824518,0.8788160159604108,0.5247524752475248,1.0
BMU,2016,sensitivity_2012_2022,2012-2017,2012-2022,0.5232288529682213,1.1161356357484054,1.0218310757177589,0.5148514851485149,1.0
BMU,2017,sensitivity_2012_2022,2012-2017,2012-2022,0.6435481792420661,1.4646461616133362,1.0312282481053956,0.5445544554455446,1.0
BMU,2018,sensitivity_2012_2022,2012-2017,2012-2022,0.700099390272453,1.4979121327203726,1.1947128537982232,0.48514851485148514,0.8590797286004146
BMU,2019,sensitivity_2012_2022,2012-2017,2012-2022,0.37930532073497003,0.997778082680268,1.3461043268807962,0.44554455445544555,0.998985958550437
BMU,2020,sensitivity_2012_2022,2012-2017,2012-2022,0.3018791443858404,0.7561204691220675,1.3765315715399078,0.3564356435643564,0.990651026400557
BMU,2021,sensitivity_2012_2022,2012-2017,2012-2022,0.637604568695932,1.4003785852032866,1.3760865762451935,0.44554455445544555,0.9870869509319737
BMU,2022,sensitivity_2012_2022,2012-2017,2012-2022,0.8348161815464304,2.2624411924537076,1.2729351448362252,0.44554455445544555,0.9911219047857344
BOL,2012,sensitivity_2012_2022,2012-2017,2012-2022,0.7673724107845843,2.1527506340997076,0.16370249347430427,0.7552447552447552,1.0
BOL,2013,sensitivity_2012_2022,2012-2017,2012-2022,0.7624204910092653,2.0418044956726256,0.11838955467217907,0.7412587412587412,1.0
BOL,2014,sensitivity_2012_2022,2012-2017,2012-2022,0.7656962192336003,2.072511019348587,0.10465150454387681,0.7762237762237763,1.0
BOL,2015,sensitivity_2012_2022,2012-2017,2012-2022,0.7944362441551657,2.2459208214351154,0.06130590279580002,0.7832167832167832,1.0
BOL,2016,sensitivity_2012_2022,2012-2017,2012-2022,0.876062464322035,2.6278925603100225,0.16194254027404897,0.7832167832167832,1.0
BOL,2017,sensitivity_2012_2022,2012-2017,2012-2022,0.8833936779015925,2.5973814886908126,0.18280354798436302,0.7552447552447552,1.0
BOL,2018,sensitivity_2012_2022,2012-2017,2012-2022,0.877847348461506,2.538860856952311,0.2001798338452806,0.7762237762237763,0.995341993934093
BOL,2019,sensitivity_2012_2022,2012-2017,2012-2022,0.8865470466975636,2.6142191599202147,0.22175126427657127,0.8181818181818182,0.9970133741057422
BOL,2020,sensitivity_2012_2022,2012-2017,2012-2022,0.8958653810505558,2.665502621977945,0.2581655934142748,0.7762237762237763,0.9982634571500204
BOL,2021,sensitivity_2012_2022,2012-2017,2012-2022,0.9009538888482893,2.674765984955399,0.3239042871154754,0.8321678321678322,0.9999802704236528
BOL,2022,sensitivity_2012_2022,2012-2017,2012-2022,0.8851165515271029,2.556533239346964,0.2900604054941146,0.7972027972027972,0.999912584460418
BRA,2012,sensitivity_2012_2022,2012-2017,2012-2022,0.9668244017382644,3.93456220412595,0.07130236306142373,0.9539170506912442,1.0
BRA,2013,sensitivity_2012_2022,2012-2017,2012-2022,0.9630167205588543,3.8832417086004503,0.06950471173376162,0.9631336405529954,1.0
BRA,2014,sensitivity_2012_2022,2012-2017,2012-2022,0.968912022488745,3.9482725007559907,0.061850554386593176,0.9493087557603687,1.0
BRA,2015,sensitivity_2012_2022,2012-2017,2012-2022,0.9695404957905002,3.972032631568082,0.043485999644091076,0.9493087557603687,1.0
BRA,2016,sensitivity_2012_2022,2012-2017,2012-2022,0.9676175382021475,3.960544633056964,0.05675452426040329,0.967741935483871,1.0
BRA,2017,sensitivity_2012_2022,2012-2017,2012-2022,0.9647282658569735,3.926079082408026,0.08468379694357352,0.9723502304147466,1.0
BRA,2018,sensitivity_2012_2022,2012-2017,2012-2022,0.9679463764532168,3.957931826015558,0.10009257116568235,0.9907834101382489,0.9999961117479529
BRA,2019,sensitivity_2012_2022,2012-2017,2012-2022,0.9731750389643825,4.022438464595514,0.12252718572954324,0.9723502304147466,0.9999984074772837
BRA,2020,sensitivity_2012_2022,2012-2017,2012-2022,0.9743194985706302,4.042706274338791,0.14548376982759292,0.9861751152073732,0.9999706368636152
BRA,2021,sensitivity_2012_2022,2012-2017,2012-2022,0.9732299950664645,4.004389590405651,0.16731929598894607,0.9723502304147466,0.9999901603871328
BRA,2022,sensitivity_2012_2022,2012-2017,2012-2022,0.9726435120395627,3.995606324814882,0.18053035930374622,0.9861751152073732,0.9999918863736842
BRB,2012,sensitivity_2012_2022,2012-2017,2012-2022,0.7356316191987942,2.2164626379905745,0.3815780885728921,0.7066666666666667,1.0
BRB,2013,sensitivity_2012_2022,2012-2017,2012-2022,0.9030091061770079,2.960160100993835,0.30077194910157334,0.72,1.0
BRB,2014,sensitivity_2012_2022,2012-2017,2012-2022,0.8956562871772727,2.9385476157969985,0.3219515524250033,0.6866666666666666,1.0
BRB,2015,sensitivity_2012_2022,2012-2017,2012-2022,0.9300896969287276,3.173323123091502,0.2649586841513379,0.6733333333333333,1.0
BRB,2016,sensitivity_2012_2022,2012-2017,2012-2022,0.943314431337845,3.3173929398165978,0.32044117213362433,0.7333333333333333,1.0
BRB,2017,sensitivity_2012_2022,2012-2017,2012-2022,0.9484619791669203,3.361598997957338,0.2996200365461391,0.74,1.0
BRB,2018,sensitivity_2012_2022,2012-2017,2012-2022,0.9525314101595221,3.4403611045482405,0.3818313535693446,0.7266666666666667,0.9983709511318429
BRB,2019,sensitivity_2012_2022,2012-2017,2012-2022,0.9250626163479426,3.1443321261123396,0.4124886367413231,0.72,0.9998464553765319
BRB,2020,sensitivity_2012_2022,2012-2017,2012-2022,0.939126961797414,3.282920536203378,0.4132528558239956,0.7133333333333334,0.9938699338341017
BRB,2021,sensitivity_2012_2022,2012-2017,2012-2022,0.9389837325171244,3.2650704830697714,0.43650629715163913,0.7,0.9995907242157933
BRB,2022,sensitivity_2012_2022,2012-2017,2012-2022,0.9356569680382822,3.198786237071059,0.36386845559004494,0.6866666666666666,0.9992742184893042
BRN,2012,sensitivity_2012_2022,2012-2017,2012-2022,0.7222263769901531,1.746075949146015,0.14083388385729118,0.48739495798319327,1.0
BRN,2013,sensitivity_2012_2022,2012-2017,2012-2022,0.7575202862500934,1.8413253428646605,0.12265951253453142,0.5462184873949579,1.0
BRN,2014,sensitivity_2012_2022,2012-2017,2012-2022,0.7808920940170619,1.9941282675150003,0.10251830185765544,0.5462184873949579,1.0
BRN,2015,sensitivity_2012_2022,2012-2017,2012-2022,0.7807821094091733,1.9339804320959157,0.07739705433145455,0.5966386554621849,1.0
BRN,2016,sensitivity_2012_2022,2012-2017,2012-2022,0.7845553502110206,1.9647930763731618,0.05777005807360218,0.6554621848739496,1.0
BRN,2017,sensitivity_2012_2022,2012-2017,2012-2022,0.8328409031661029,2.0346247696951827,0.2182414345645197,0.6890756302521008,1.0
BRN,2018,sensitivity_2012_2022,2012-2017,2012-2022,0.8004561651380478,1.9455762223167128,0.196294544126218,0.5798319327731093,0.9999542194580555
BRN,2019,sensitivity_2012_2022,2012-2017,2012-2022,0.8195802154025793,2.057295782183778,0.2336080013596297,0.5714285714285714,0.9999246984287553
BRN,2020,sensitivity_2012_2022,2012-2017,2012-2022,0.8296985304246046,2.120950178694968,0.32106822919693845,0.4957983193277311,0.9999980623606347
BRN,2021,sensitivity_2012_2022,2012-2017,2012-2022,0.8295582268713776,2.090931917290815,0.360165458793422,0.5126050420168067,0.9999854727429812
BRN,2022,sensitivity_2012_2022,2012-2017,2012-2022,0.8409545450446108,2.122701363842604,0.4914750646588545,0.6218487394957983,0.9999925810785505
BTN,2012,sensitivity_2012_2022,2012-2017,2012-2022,0.3540547042865523,0.8537884634388734,0.0710522559075086,0.47368421052631576,1.0
BTN,2013,sensitivity_2012_2022,2012-2017,2012-2022,0.19241062543631038,0.5439146025083351,0.16252038329425783,0.3684210526315789,1.0
BTN,2014,sensitivity_2012_2022,2012-2017,2012-2022,0.2809613428697064,0.7556343448671932,0.15194726404854628,0.4605263157894737,1.0
BTN,2015,sensitivity_2012_2022,2012-2017,2012-2022,0.39336289285520676,0.9050135718025272,0.09281648906458963,0.4473684210526316,1.0
BTN,2016,sensitivity_2012_2022,2012-2017,2012-2022,0.15874166506339593,0.476580527428241,0.17889849488328588,0.4342105263157895,1.0
BTN,2017,sensitivity_2012_2022,2012-2017,2012-2022,0.4506287027534265,1.0261918101304162,0.12567212392013943,0.5526315789473685,1.0
BTN,2018,sensitivity_2012_2022,2012-2017,2012-2022,0.5390180903266464,1.2174360728194065,0.20190816393896238,0.5,0.9993602137807053
BTN,2019,sensitivity_2012_2022,2012-2017,2012-2022,0.46500670713489023,0.9353583733705535,0.17599211088763478,0.4605263157894737,0.9991375616508523
BTN,2020,sensitivity_2012_2022,2012-2017,2012-2022,0.4257535729819144,0.8513926426001488,0.14601169891799923,0.40789473684210525,0.9995253543862725
BTN,2021,sensitivity_2012_2022,2012-2017,2012-2022,0.10992227888328998,0.3149421972269475,0.1968324821706217,0.3684210526315789,0.9999325467744316
BTN,2022,sensitivity_2012_2022,2012-2017,2012-2022,0.3945714423161898,0.9044188336122936,0.12264610768395567,0.4473684210526316,0.9998032753707656
BVT,2012,sensitivity_2012_2022,2012-2017,2012-2022,0.1723485594255214,0.4044115142289555,1.2932499989446622,0.34782608695652173,1.0
BVT,2013,sensitivity_2012_2022,2012-2017,2012-2022,0.4488854372368307,0.9062768975727984,0.8680083792064173,0.2608695652173913,1.0
BVT,2014,sensitivity_2012_2022,2012-2017,2012-2022,0.31813998329633464,0.7791779448345549,1.431454116191272,0.30434782608695654,1.0
BVT,2015,sensitivity_2012_2022,2012-2017,2012-2022,0.2349986884920432,0.5340096593790165,0.9233072041648873,0.21739130434782608,1.0
BVT,2016,sensitivity_2012_2022,2012-2017,2012-2022,0.7958695890888393,1.732686686743237,1.1064912040586636,0.34782608695652173,1.0
BVT,2017,sensitivity_2012_2022,2012-2017,2012-2022,0.47895728706773555,1.0290510814262266,1.431056862033938,0.34782608695652173,1.0
BVT,2018,sensitivity_2012_2022,2012-2017,2012-2022,0.5558130058716619,0.9782630531713773,1.2595396560604863,0.17391304347826086,0.1763367008618375
BVT,2019,sensitivity_2012_2022,2012-2017,2012-2022,0.33399954108377095,0.5938269148266486,1.3269874037390146,0.13043478260869565,0.373324531906731
BVT,2020,sensitivity_2012_2022,2012-2017,2012-2022,0.7784039782179948,1.6299949472500053,1.3396190936393197,0.2608695652173913,0.7350901292601881
BVT,2021,sensitivity_2012_2022,2012-2017,2012-2022,0.49680888400990075,0.8631376143897981,1.5204482309017395,0.13043478260869565,0.6332591493570722
BVT,2022,sensitivity_2012_2022,2012-2017,2012-2022,0.5339476310606868,0.9999566328712185,1.2391691954638437,0.17391304347826086,0.47033681805706673
BWA,2012,sensitivity_2012_2022,2012-2017,2012-2022,0.5130713774416176,1.31833276322513,0.5315127349444098,0.6412213740458015,1.0
BWA,2013,sensitivity_2012_2022,2012-2017,2012-2022,0.7087373870125147,1.77773556493806,0.34367567323402864,0.5419847328244275,1.0
BWA,2014,sensitivity_2012_2022,2012-2017,2012-2022,0.8288025077076947,2.170865521352774,0.23018896181974874,0.5725190839694656,1.0
BWA,2015,sensitivity_2012_2022,2012-2017,2012-2022,0.8381333018043642,2.207339710680468,0.20430925299168112,0.5877862595419847,1.0
BWA,2016,sensitivity_2012_2022,2012-2017,2012-2022,0.8401683576623834,2.1470428097176173,0.2388637062725495,0.6412213740458015,1.0
BWA,2017,sensitivity_2012_2022,2012-2017,2012-2022,0.821578316517803,2.010563730348513,0.3051723150248437,0.6259541984732825,1.0
BWA,2018,sensitivity_2012_2022,2012-2017,2012-2022,0.8357934159446707,2.1225583802147003,0.28611650633893665,0.5572519083969466,0.9999873470833173
BWA,2019,sensitivity_2012_2022,2012-2017,2012-2022,0.8425314519377576,2.1665914849554215,0.30438417419375985,0.5801526717557252,0.9999729182931265
BWA,2020,sensitivity_2012_2022,2012-2017,2012-2022,0.818088021193721,1.991990814708362,0.3277487131164954,0.5801526717557252,0.9999123904155081
BWA,2021,sensitivity_2012_2022,2012-2017,2012-2022,0.7971055296450003,1.91698244989949,0.3561375133729566,0.5801526717557252,0.9977690603776993
BWA,2022,sensitivity_2012_2022,2012-2017,2012-2022,0.7959214116704787,1.9684417641741696,0.3853569927495036,0.5725190839694656,0.9917652238823439
CAF,2012,sensitivity_2012_2022,2012-2017,2012-2022,0.8116146647774264,2.5427638486576365,0.4815042414065443,0.5897435897435898,1.0
CAF,2013,sensitivity_2012_2022,2012-2017,2012-2022,0.882691005092108,2.714415896072615,0.358134754531714,0.6068376068376068,1.0
CAF,2014,sensitivity_2012_2022,2012-2017,2012-2022,0.8409789924280875,2.4522111823662347,0.5211866262014946,0.48717948717948717,1.0
CAF,2015,sensitivity_2012_2022,2012-2017,2012-2022,0.9056159822967729,2.8715542339269415,0.4412283116779789,0.5811965811965812,1.0
CAF,2016,sensitivity_2012_2022,2012-2017,2012-2022,0.8644998543088904,2.5901936246808663,0.475509133296497,0.6068376068376068,1.0
CAF,2017,sensitivity_2012_2022,2012-2017,2012-2022,0.8548415170877879,2.7303121246100868,0.4894747149285955,0.6410256410256411,1.0
CAF,2018,sensitivity_2012_2022,2012-2017,2012-2022,0.9232976644533945,2.9957865292906845,0.5823869556695673,0.5897435897435898,0.9914010635416736
CAF,2019,sensitivity_2012_2022,2012-2017,2012-2022,0.8230071523066737,2.3968207769807344,0.6898013474594276,0.49572649572649574,0.998390168274179
CAF,2020,sensitivity_2012_2022,2012-2017,2012-2022,0.7797231857654251,2.2615001350464805,0.6351145103544193,0.48717948717948717,0.9383637913170088
CAF,2021,sensitivity_2012_2022,2012-2017,2012-2022,0.7851332185544181,2.2549569936026406,0.6910228955526244,0.5128205128205128,0.9914643035572162
CAF,2022,sensitivity_2012_2022,2012-2017,2012-2022,0.7342044530913968,2.0391408590794486,0.7042643696303533,0.49572649572649574,0.9910869847441375
CAN,2012,sensitivity_2012_2022,2012-2017,2012-2022,0.9336405267368423,3.533498889124037,0.09121816496610366,0.981651376146789,1.0
CAN,2013,sensitivity_2012_2022,2012-2017,2012-2022,0.9510598065495874,3.6573951583093036,0.07188387373072906,0.9587155963302753,1.0
CAN,2014,sensitivity_2012_2022,2012-2017,2012-2022,0.9494760888085539,3.6535415794208035,0.05686930282211714,0.9908256880733946,1.0
CAN,2015,sensitivity_2012_2022,2012-2017,2012-2022,0.9518462452064453,3.688866725523181,0.057479941981274596,0.981651376146789,1.0
CAN,2016,sensitivity_2012_2022,2012-2017,2012-2022,0.9402258725854914,3.5764967832994206,0.06103571127788101,0.9862385321100917,1.0
CAN,2017,sensitivity_2012_2022,2012-2017,2012-2022,0.9483411297032005,3.6358513966052675,0.0735860146966836,0.9908256880733946,1.0
CAN,2018,sensitivity_2012_2022,2012-2017,2012-2022,0.9529243168154093,3.6863356326463124,0.08202232519933274,0.9862385321100917,1.0
CAN,2019,sensitivity_2012_2022,2012-2017,2012-2022,0.9488383828651931,3.636646248851017,0.07084089702496013,0.9770642201834863,1.0
CAN,2020,sensitivity_2012_2022,2012-2017,2012-2022,0.939672697256246,3.5683657463898144,0.08871032691568151,0.9862385321100917,0.9999940324169233
CAN,2021,sensitivity_2012_2022,2012-2017,2012-2022,0.9539351504405528,3.689980026711078,0.109478074876663,0.9862385321100917,0.9999883955395592
CAN,2022,sensitivity_2012_2022,2012-2017,2012-2022,0.9478608385862128,3.5831263195174836,0.12124995366872596,0.9724770642201835,0.9999869745224989
CCK,2012,sensitivity_2012_2022,2012-2017,2012-2022,0.7369654281692992,2.093392135522718,0.6586335808349085,0.5283018867924528,1.0
CCK,2013,sensitivity_2012_2022,2012-2017,2012-2022,0.6938434428435012,1.871910790537577,0.6569513126656715,0.4716981132075472,1.0
CCK,2014,sensitivity_2012_2022,2012-2017,2012-2022,0.7955547545011844,2.0985161738702955,0.886256986519173,0.4716981132075472,1.0
CCK,2015,sensitivity_2012_2022,2012-2017,2012-2022,0.7042773524186511,1.8845931675898209,0.8121462105218016,0.4339622641509434,1.0
CCK,2016,sensitivity_2012_2022,2012-2017,2012-2022,0.815799054811631,2.208712086473208,0.8818658657563769,0.39622641509433965,1.0
CCK,2017,sensitivity_2012_2022,2012-2017,2012-2022,0.8457922637689884,2.4791723740014473,0.8561166202672379,0.4716981132075472,1.0
CCK,2018,sensitivity_2012_2022,2012-2017,2012-2022,0.9211127023295302,2.873247231873563,0.9489927837670493,0.49056603773584906,0.9637431990555926
CCK,2019,sensitivity_2012_2022,2012-2017,2012-2022,0.8260899679083596,2.3711543348590887,0.9950078717245077,0.4528301886792453,0.883058747462336
CCK,2020,sensitivity_2012_2022,2012-2017,2012-2022,0.8676832277101088,2.4645163042148255,0.9287240231990727,0.41509433962264153,0.8613785728566529
CCK,2021,sensitivity_2012_2022,2012-2017,2012-2022,0.8888127214391709,2.5668560124490334,0.8636813344505003,0.4339622641509434,0.6421853733246701
CCK,2022,sensitivity_2012_2022,2012-2017,2012-2022,0.8897155574822895,2.526317415955177,0.9160343805786437,0.37735849056603776,0.8435336708462209
CHE,2012,sensitivity_2012_2022,2012-2017,2012-2022,0.9198518311972026,3.1914997586752354,0.0849773672596895,0.9508928571428571,1.0
CHE,2013,sensitivity_2012_2022,2012-2017,2012-2022,0.9149827912478393,3.154715636444946,0.11976086966561211,0.9642857142857143,1.0
CHE,2014,sensitivity_2012_2022,2012-2017,2012-2022,0.9200857499603429,3.2481363232205624,0.041032253858297715,0.9642857142857143,1.0
CHE,2015,sensitivity_2012_2022,2012-2017,2012-2022,0.9183556024311441,3.2148084892036666,0.043527443122171515,0.9553571428571429,1.0
CHE,2016,sensitivity_2012_2022,2012-2017,2012-2022,0.9138963610766575,3.1637555950637832,0.07821069442871216,0.9553571428571429,1.0
CHE,2017,sensitivity_2012_2022,2012-2017,2012-2022,0.9178099334516092,3.2311491377384276,0.07088129011300799,0.9553571428571429,1.0
CHE,2018,sensitivity_2012_2022,2012-2017,2012-2022,0.9135738442068542,3.2375841508675665,0.10110624383584743,0.9598214285714286,0.9999998688939734
CHE,2019,sensitivity_2012_2022,2012-2017,2012-2022,0.9163386466960473,3.2320721846704776,0.12852777861776638,0.9419642857142857,1.0
CHE,2020,sensitivity_2012_2022,2012-2017,2012-2022,0.914957618785746,3.2840460524747317,0.1686211200176757,0.9419642857142857,1.0
CHE,2021,sensitivity_2012_2022,2012-2017,2012-2022,0.9194668594668136,3.250378328239047,0.145275252992477,0.9419642857142857,0.9999998371330346
CHE,2022,sensitivity_2012_2022,2012-2017,2012-2022,0.9267096187516273,3.331037831339126,0.16203535492646692,0.9375,1.0
CHL,2012,sensitivity_2012_2022,2012-2017,2012-2022,0.9399989900044915,3.315600958159844,0.05407651390979625,0.925,1.0
CHL,2013,sensitivity_2012_2022,2012-2017,2012-2022,0.9444752768993442,3.372641654255788,0.05020003752702208,0.92,1.0
CHL,2014,sensitivity_2012_2022,2012-2017,2012-2022,0.9423008674617456,3.3507826916579715,0.038113995222749004,0.905,1.0
CHL,2015,sensitivity_2012_2022,2012-2017,2012-2022,0.9465906236681267,3.4122406676279775,0.04299047128313424,0.9,1.0
CHL,2016,sensitivity_2012_2022,2012-2017,2012-2022,0.9382251138636424,3.3328838310166966,0.054823127846226075,0.915,1.0
CHL,2017,sensitivity_2012_2022,2012-2017,2012-2022,0.9359240567267253,3.30898144152307,0.06146584664580324,0.935,1.0
CHL,2018,sensitivity_2012_2022,2012-2017,2012-2022,0.9382892165370212,3.3454855924959492,0.08901382756837303,0.925,1.0
CHL,2019,sensitivity_2012_2022,2012-2017,2012-2022,0.9375381174292482,3.3604837541311676,0.10581413181928141,0.905,1.0
CHL,2020,sensitivity_2012_2022,2012-2017,2012-2022,0.9279417316421106,3.2919084802023453,0.11707396810668488,0.91,1.0
CHL,2021,sensitivity_2012_2022,2012-2017,2012-2022,0.9348775667714486,3.3159524256624744,0.11291724456427318,0.885,1.0
CHL,2022,sensitivity_2012_2022,2012-2017,2012-2022,0.9317695587672331,3.3014626872633865,0.11542937881064079,0.895,1.0
CHN,2012,sensitivity_2012_2022,2012-2017,2012-2022,0.9426499384448608,3.7002448950519535,0.05019657816552128,0.9904761904761905,1.0
CHN,2013,sensitivity_2012_2022,2012-2017,2012-2022,0.9372146038702583,3.665409484157161,0.046329783740544424,0.9904761904761905,1.0
CHN,2014,sensitivity_2012_2022,2012-2017,2012-2022,0.9451706193655135,3.7300224009479637,0.026479122101246446,0.9904761904761905,1.0
CHN,2015,sensitivity_2012_2022,2012-2017,2012-2022,0.9481497318681614,3.768595300405808,0.030218054394744693,0.9952380952380953,1.0
CHN,2016,sensitivity_2012_2022,2012-2017,2012-2022,0.951118885123848,3.7720716413453985,0.040175590526680516,0.9952380952380953,1.0
CHN,2017,sensitivity_2012_2022,2012-2017,2012-2022,0.9551618899029367,3.7931033169447805,0.05131571649763152,1.0,1.0
CHN,2018,sensitivity_2012_2022,2012-2017,2012-2022,0.9555541916965149,3.800348736711477,0.06531814499297994,0.9952380952380953,1.0
CHN,2019,sensitivity_2012_2022,2012-2017,2012-2022,0.9596397420696479,3.840373221832211,0.08372149554325542,1.0,1.0
CHN,2020,sensitivity_2012_2022,2012-2017,2012-2022,0.960274462920766,3.8315014186446477,0.10775641493419688,0.9952380952380953,1.0
CHN,2021,sensitivity_2012_2022,2012-2017,2012-2022,0.9612507690244939,3.8534844435877647,0.11246353166445108,0.9952380952380953,1.0
CHN,2022,sensitivity_2012_2022,2012-2017,2012-2022,0.9670489283499791,3.925922972470648,0.14078746028841926,0.9952380952380953,1.0
CIV,2012,sensitivity_2012_2022,2012-2017,2012-2022,0.9521951640363073,3.4930398117367494,0.15692907085047988,0.8131868131868132,1.0
CIV,2013,sensitivity_2012_2022,2012-2017,2012-2022,0.9430896803545223,3.326251896786168,0.18656322289021499,0.8241758241758241,1.0
CIV,2014,sensitivity_2012_2022,2012-2017,2012-2022,0.9566109627682015,3.5396995724183644,0.10378190141183075,0.8461538461538461,1.0
CIV,2015,sensitivity_2012_2022,2012-2017,2012-2022,0.9547100910397995,3.49419258780995,0.1293166563033336,0.8846153846153846,1.0
CIV,2016,sensitivity_2012_2022,2012-2017,2012-2022,0.9492286504736789,3.4201759831836376,0.1381960878338594,0.8406593406593407,1.0
CIV,2017,sensitivity_2012_2022,2012-2017,2012-2022,0.9509367971360907,3.4377606794408564,0.16892587270155646,0.8736263736263736,1.0
CIV,2018,sensitivity_2012_2022,2012-2017,2012-2022,0.9453854321286708,3.3527559472743995,0.15969297021447948,0.8571428571428571,0.9999946296269366
CIV,2019,sensitivity_2012_2022,2012-2017,2012-2022,0.9527589628501427,3.467033176587769,0.18403747935775422,0.8131868131868132,0.996779271050151
CIV,2020,sensitivity_2012_2022,2012-2017,2012-2022,0.9516541970664713,3.428829455344149,0.22244878088671735,0.7802197802197802,0.9999814489128016
CIV,2021,sensitivity_2012_2022,2012-2017,2012-2022,0.9546992676855196,3.485942640770105,0.24995166523516216,0.7912087912087912,1.0
CIV,2022,sensitivity_2012_2022,2012-2017,2012-2022,0.9513505347898707,3.44544482890798,0.24883981899754815,0.8186813186813187,0.9999750495556574
CMR,2012,sensitivity_2012_2022,2012-2017,2012-2022,0.9294324381346831,3.0671056804758887,0.13815179928754623,0.7916666666666666,1.0
CMR,2013,sensitivity_2012_2022,2012-2017,2012-2022,0.8916089256143882,2.9061750181824686,0.23593576976766856,0.8154761904761905,1.0
CMR,2014,sensitivity_2012_2022,2012-2017,2012-2022,0.9178904864547698,3.002420869579042,0.179242942409928,0.7916666666666666,1.0
CMR,2015,sensitivity_2012_2022,2012-2017,2012-2022,0.9261330340578068,3.1228106887271068,0.13895162397103542,0.8214285714285714,1.0
CMR,2016,sensitivity_2012_2022,2012-2017,2012-2022,0.9243588169100001,3.025039390809983,0.18607548264296644,0.7976190476190477,1.0
CMR,2017,sensitivity_2012_2022,2012-2017,2012-2022,0.9312267902603475,3.1188354706020736,0.21639618244476533,0.8511904761904762,1.0
CMR,2018,sensitivity_2012_2022,2012-2017,2012-2022,0.919990085388295,2.98573792184701,0.25429065174670024,0.7916666666666666,0.9998479857437621
CMR,2019,sensitivity_2012_2022,2012-2017,2012-2022,0.9226338529061219,3.04176963182808,0.23168152285130367,0.7738095238095238,0.9999424667588279
CMR,2020,sensitivity_2012_2022,2012-2017,2012-2022,0.9264074189973597,3.0944789490282116,0.2692159418538794,0.7857142857142857,0.9996816586941529
CMR,2021,sensitivity_2012_2022,2012-2017,2012-2022,0.9261927291874288,3.0788758724720893,0.2591387348125911,0.8154761904761905,0.9998397590560056
CMR,2022,sensitivity_2012_2022,2012-2017,2012-2022,0.8853007634312934,2.686100729719065,0.3251566659113998,0.8214285714285714,0.999787040741681
COD,2012,sensitivity_2012_2022,2012-2017,2012-2022,0.8179230694086054,2.2581147753308484,0.26922054748877156,0.5633802816901409,1.0
COD,2013,sensitivity_2012_2022,2012-2017,2012-2022,0.7999931119147938,2.1867033578350914,0.27661308295905573,0.5985915492957746,1.0
COD,2014,sensitivity_2012_2022,2012-2017,2012-2022,0.835976515222931,2.355990197986009,0.2407119572278148,0.5633802816901409,1.0
COD,2015,sensitivity_2012_2022,2012-2017,2012-2022,0.9026232723767633,2.7590000240811485,0.28149852449283563,0.7253521126760564,1.0
COD,2016,sensitivity_2012_2022,2012-2017,2012-2022,0.9074669178645307,2.800238178864702,0.211453011383003,0.8098591549295775,1.0
COD,2017,sensitivity_2012_2022,2012-2017,2012-2022,0.9172907698094337,2.9006907641500104,0.24112836184724976,0.7323943661971831,1.0
COD,2018,sensitivity_2012_2022,2012-2017,2012-2022,0.9028411180658383,2.80251688665701,0.33490670268532857,0.7323943661971831,0.9998705725568474
COD,2019,sensitivity_2012_2022,2012-2017,2012-2022,0.9186087837722561,2.945012505674404,0.42484418937561197,0.7112676056338029,0.9999493799639508
COD,2020,sensitivity_2012_2022,2012-2017,2012-2022,0.9204204462460783,2.942828077250899,0.41795731874530984,0.6338028169014085,0.9945515767416168
COD,2021,sensitivity_2012_2022,2012-2017,2012-2022,0.9268062253567024,2.96484465548584,0.441797240974162,0.6971830985915493,0.9994322356927619
COD,2022,sensitivity_2012_2022,2012-2017,2012-2022,0.9410863987759048,3.102142708737236,0.5040887390049845,0.6549295774647887,0.9996390388555988
COG,2012,sensitivity_2012_2022,2012-2017,2012-2022,0.8981463380399064,2.7350544642857924,0.49965317998796516,0.7115384615384616,1.0
COG,2013,sensitivity_2012_2022,2012-2017,2012-2022,0.9083612077314117,2.777518322790856,0.3827203854822565,0.75,1.0
COG,2014,sensitivity_2012_2022,2012-2017,2012-2022,0.9305269417647856,3.0309975578802266,0.28321825253129274,0.7051282051282052,1.0
COG,2015,sensitivity_2012_2022,2012-2017,2012-2022,0.9341780247319587,3.1649989351012615,0.3545260093567101,0.7115384615384616,1.0
COG,2016,sensitivity_2012_2022,2012-2017,2012-2022,0.9220524337358407,3.001820158209517,0.39898999458505613,0.75,1.0
COG,2017,sensitivity_2012_2022,2012-2017,2012-2022,0.9328378846838128,3.085377103338718,0.2562856163354211,0.8141025641025641,1.0
COG,2018,sensitivity_2012_2022,2012-2017,2012-2022,0.9137065984365895,2.903205819070545,0.38155636058588915,0.7564102564102564,0.9999792785625163
COG,2019,sensitivity_2012_2022,2012-2017,2012-2022,0.8516597502360609,2.4456922862103783,0.5886937691329933,0.7564102564102564,0.9994763185347536
COG,2020,sensitivity_2012_2022,2012-2017,2012-2022,0.8599137246714826,2.6245472610968275,0.55731110756515,0.6730769230769231,0.9897060651717706
COG,2021,sensitivity_2012_2022,2012-2017,2012-2022,0.8802176655233538,2.681116765010504,0.6004310204939971,0.6794871794871795,0.9999632048280729
COG,2022,sensitivity_2012_2022,2012-2017,2012-2022,0.8575195392654178,2.4945882822039653,0.6536088502046696,0.6858974358974359,0.9999852694223337
COK,2012,sensitivity_2012_2022,2012-2017,2012-2022,0.7071986858766354,1.5812001250201824,0.44662748278414865,0.4098360655737705,1.0
COK,2013,sensitivity_2012_2022,2012-2017,2012-2022,0.7594277068643254,2.1150168965556344,0.25044758228151287,0.47540983606557374,1.0
COK,2014,sensitivity_2012_2022,2012-2017,2012-2022,0.6515237829165488,1.732440031500743,0.3036795940127397,0.4918032786885246,1.0
COK,2015,sensitivity_2012_2022,2012-2017,2012-2022,0.7167149088365871,1.8092627302695754,0.307166538857663,0.4098360655737705,1.0
COK,2016,sensitivity_2012_2022,2012-2017,2012-2022,0.8079347666590014,2.100963406025943,0.21083901449245973,0.3770491803278688,1.0
COK,2017,sensitivity_2012_2022,2012-2017,2012-2022,0.7545774701671419,1.9922264451851948,0.22823264966478285,0.5573770491803278,1.0
COK,2018,sensitivity_2012_2022,2012-2017,2012-2022,0.7211225382981171,1.5860412566258266,0.48733721929755497,0.36065573770491804,0.9958789416257181
COK,2019,sensitivity_2012_2022,2012-2017,2012-2022,0.7532264811924059,1.8084561510161175,0.4037862547128292,0.3770491803278688,0.9800036185118514
COK,2020,sensitivity_2012_2022,2012-2017,2012-2022,0.5874014869227739,1.3300782417311183,0.39856512510954917,0.3770491803278688,0.9756087299944576
COK,2021,sensitivity_2012_2022,2012-2017,2012-2022,0.6882006733515069,1.523028126427934,0.3594796709090061,0.4098360655737705,0.9909572956608991
COK,2022,sensitivity_2012_2022,2012-2017,2012-2022,0.6854114160001084,1.4760890166616778,0.4248930112862629,0.29508196721311475,0.9972729220687928
COL,2012,sensitivity_2012_2022,2012-2017,2012-2022,0.958845348044503,3.5120962648576692,0.1416719668966526,0.864321608040201,1.0
COL,2013,sensitivity_2012_2022,2012-2017,2012-2022,0.9532489892440322,3.416862970130799,0.13830922643430016,0.8542713567839196,1.0
COL,2014,sensitivity_2012_2022,2012-2017,2012-2022,0.9519951059642675,3.409722365356,0.11222565149256547,0.8844221105527639,1.0
COL,2015,sensitivity_2012_2022,2012-2017,2012-2022,0.9595966242108921,3.541002710677592,0.08506505634173561,0.8894472361809045,1.0
COL,2016,sensitivity_2012_2022,2012-2017,2012-2022,0.961154694234781,3.6245185071038755,0.11155024987453599,0.9045226130653267,1.0
COL,2017,sensitivity_2012_2022,2012-2017,2012-2022,0.9596786084563228,3.580392949370342,0.15887574518043118,0.8994974874371859,1.0
COL,2018,sensitivity_2012_2022,2012-2017,2012-2022,0.9581385295327944,3.5749758140216583,0.1790707803088319,0.8844221105527639,0.9999991947719197
COL,2019,sensitivity_2012_2022,2012-2017,2012-2022,0.9565586522807364,3.5517331168312998,0.2314073163255796,0.9045226130653267,0.9999993924633163
COL,2020,sensitivity_2012_2022,2012-2017,2012-2022,0.9592199470801521,3.589073615868146,0.2264032460642576,0.9195979899497487,1.0
COL,2021,sensitivity_2012_2022,2012-2017,2012-2022,0.9558583319109665,3.539838532991002,0.22361556374427027,0.8894472361809045,0.999999548211649
COL,2022,sensitivity_2012_2022,2012-2017,2012-2022,0.9520144075547775,3.4969976844698163,0.2291943164557052,0.8944723618090452,0.9999996615607658
COM,2012,sensitivity_2012_2022,2012-2017,2012-2022,0.8783810473904058,2.5246527240468826,0.3257740847144825,0.5858585858585859,1.0
COM,2013,sensitivity_2012_2022,2012-2017,2012-2022,0.9034722824363545,2.6741668515306656,0.26490493293468087,0.5555555555555556,1.0
COM,2014,sensitivity_2012_2022,2012-2017,2012-2022,0.8975777000401337,2.6980846168171313,0.21015465952863246,0.6161616161616161,1.0
COM,2015,sensitivity_2012_2022,2012-2017,2012-2022,0.8518488465958406,2.4075235262131,0.2333844660145651,0.5656565656565656,1.0
COM,2016,sensitivity_2012_2022,2012-2017,2012-2022,0.8822837651217373,2.7214886356673196,0.23321900286179262,0.6464646464646465,1.0
COM,2017,sensitivity_2012_2022,2012-2017,2012-2022,0.8193283658504987,2.239549903854933,0.3172556896377644,0.5858585858585859,1.0
COM,2018,sensitivity_2012_2022,2012-2017,2012-2022,0.7600330247037995,2.0342691126513204,0.38395708096714215,0.6060606060606061,0.9942037010681413
COM,2019,sensitivity_2012_2022,2012-2017,2012-2022,0.8207645149682149,2.1953032799181753,0.38785524836281526,0.47474747474747475,0.9939835992895679
COM,2020,sensitivity_2012_2022,2012-2017,2012-2022,0.8158867931976094,2.1370034956238078,0.44178859105360085,0.47474747474747475,0.9951974548475263
COM,2021,sensitivity_2012_2022,2012-2017,2012-2022,0.8706317609608725,2.493818302902813,0.4038524930886007,0.4444444444444444,0.9973982781427144
COM,2022,sensitivity_2012_2022,2012-2017,2012-2022,0.8752571591848433,2.5448658218206575,0.35190491386286343,0.5555555555555556,0.9891420552549475
CPV,2012,sensitivity_2012_2022,2012-2017,2012-2022,0.6694184707118873,1.7323134378437048,0.3538902432002766,0.55,1.0
CPV,2013,sensitivity_2012_2022,2012-2017,2012-2022,0.7026561486466738,1.6039039743155419,0.2925943561726164,0.5,1.0
CPV,2014,sensitivity_2012_2022,2012-2017,2012-2022,0.6414308473551502,1.7506254790388018,0.3988325721996412,0.52,1.0
CPV,2015,sensitivity_2012_2022,2012-2017,2012-2022,0.5902133907140168,1.5905675465664637,0.44641381334569963,0.48,1.0
CPV,2016,sensitivity_2012_2022,2012-2017,2012-2022,0.6258117777859549,1.6306194007197676,0.3995679443686049,0.5,1.0
CPV,2017,sensitivity_2012_2022,2012-2017,2012-2022,0.6895599348852188,1.8140933381104951,0.4567170232302432,0.5,1.0
CPV,2018,sensitivity_2012_2022,2012-2017,2012-2022,0.5438550780169228,1.2987139961396257,0.4826045652587885,0.47,0.9969711629321776
CPV,2019,sensitivity_2012_2022,2012-2017,2012-2022,0.5711893500076072,1.4874358089279047,0.50367092075943,0.58,0.9890786561255639
CPV,2020,sensitivity_2012_2022,2012-2017,2012-2022,0.4610481383137498,1.1315459428636117,0.5372616261064909,0.34,0.991496585869431
CPV,2021,sensitivity_2012_2022,2012-2017,2012-2022,0.5890027959274848,1.5432806499474776,0.46984762362611093,0.48,0.8907959103153691
CPV,2022,sensitivity_2012_2022,2012-2017,2012-2022,0.7037481380297714,1.9175519717723928,0.5234810280308944,0.5,0.8488742935334475
CRI,2012,sensitivity_2012_2022,2012-2017,2012-2022,0.9140977824338704,3.1422386325397205,0.22004431977273253,0.8351063829787234,1.0
CRI,2013,sensitivity_2012_2022,2012-2017,2012-2022,0.929283654343591,3.240624704741836,0.20043392438374433,0.8670212765957447,1.0
CRI,2014,sensitivity_2012_2022,2012-2017,2012-2022,0.9260558693054093,3.230716622830559,0.1768843685995649,0.8563829787234043,1.0
CRI,2015,sensitivity_2012_2022,2012-2017,2012-2022,0.9581744942923616,3.531871023594911,0.1878649898440079,0.8191489361702128,1.0
CRI,2016,sensitivity_2012_2022,2012-2017,2012-2022,0.9560441803432949,3.489865353752329,0.19794082595877688,0.8404255319148937,1.0
CRI,2017,sensitivity_2012_2022,2012-2017,2012-2022,0.9559479223548439,3.502572338701629,0.20196812429875188,0.8670212765957447,1.0
CRI,2018,sensitivity_2012_2022,2012-2017,2012-2022,0.9565210056521602,3.498699436301892,0.20117067751516465,0.824468085106383,0.9999527250634822
CRI,2019,sensitivity_2012_2022,2012-2017,2012-2022,0.9550463175163616,3.471483878864446,0.20325845875247628,0.8191489361702128,1.0
CRI,2020,sensitivity_2012_2022,2012-2017,2012-2022,0.9477869542199473,3.421164359903973,0.1555854434343356,0.8085106382978723,0.9999935550024938
CRI,2021,sensitivity_2012_2022,2012-2017,2012-2022,0.9325581889334413,3.3233723616916007,0.1802372590589389,0.851063829787234,0.9999860364524863
CRI,2022,sensitivity_2012_2022,2012-2017,2012-2022,0.9526671324592126,3.4819058237600276,0.16214282521077863,0.8404255319148937,0.9999935667887757
CUB,2012,sensitivity_2012_2022,2012-2017,2012-2022,0.8963399279048043,2.950285031399134,0.1581768362976825,0.7515527950310559,1.0
CUB,2013,sensitivity_2012_2022,2012-2017,2012-2022,0.917195815592713,3.086090813026736,0.19177393694744943,0.7639751552795031,1.0
CUB,2014,sensitivity_2012_2022,2012-2017,2012-2022,0.9111421204601582,3.265753870669625,0.253500751752647,0.7639751552795031,1.0
CUB,2015,sensitivity_2012_2022,2012-2017,2012-2022,0.9086522807601027,3.206779068983934,0.2447107921507817,0.8260869565217391,1.0
CUB,2016,sensitivity_2012_2022,2012-2017,2012-2022,0.9054362055564625,3.1455241302602737,0.1508331708714215,0.8695652173913043,1.0
CUB,2017,sensitivity_2012_2022,2012-2017,2012-2022,0.9040497858804892,3.1484316657691567,0.177847323209158,0.8695652173913043,1.0
CUB,2018,sensitivity_2012_2022,2012-2017,2012-2022,0.8259735051006473,2.599906108456428,0.2545300692715654,0.8509316770186336,1.0
CUB,2019,sensitivity_2012_2022,2012-2017,2012-2022,0.8583290056596963,2.742333598268626,0.21309475714778603,0.8260869565217391,0.9938685992919444
CUB,2020,sensitivity_2012_2022,2012-2017,2012-2022,0.8526492980824305,2.801254535373219,0.31773393464966115,0.7888198757763976,0.9993672297531003
CUB,2021,sensitivity_2012_2022,2012-2017,2012-2022,0.8297722139610119,2.7369150666255053,0.36964269847488873,0.8136645962732919,0.9763473219367527
CUB,2022,sensitivity_2012_2022,2012-2017,2012-2022,0.7594260066733481,2.4481162909749568,0.41605317893901894,0.7639751552795031,0.9989645553629029
CUW,2012,sensitivity_2012_2022,2012-2017,2012-2022,0.8748108503914136,2.487222090313004,0.2893543370883368,0.6691176470588235,1.0
CUW,2013,sensitivity_2012_2022,2012-2017,2012-2022,0.870025061723831,2.4295987309485763,0.28496440755933855,0.625,1.0
CUW,2014,sensitivity_2012_2022,2012-2017,2012-2022,0.8359195372463261,2.30992880725736,0.2844807009312258,0.6397058823529411,1.0
CUW,2015,sensitivity_2012_2022,2012-2017,2012-2022,0.8346197946174925,2.3710835512452717,0.27775112294522886,0.6176470588235294,1.0
CUW,2016,sensitivity_2012_2022,2012-2017,2012-2022,0.8087407484560856,2.3606610921839306,0.34193506212495184,0.5955882352941176,1.0
CUW,2017,sensitivity_2012_2022,2012-2017,2012-2022,0.8292640909266974,2.469370993566472,0.33986505340910855,0.7132352941176471,1.0
CUW,2018,sensitivity_2012_2022,2012-2017,2012-2022,0.9053596872208763,2.8154601730840385,0.4241386265093774,0.6617647058823529,0.9993467649257859
CUW,2019,sensitivity_2012_2022,2012-2017,2012-2022,0.8744368361421502,2.7005479159453083,0.6002342348561442,0.6102941176470589,0.9828990673985148
CUW,2020,sensitivity_2012_2022,2012-2017,2012-2022,0.8949808915170048,2.8254413879986515,0.7236897687378244,0.6029411764705882,0.9873220358565591
CUW,2021,sensitivity_2012_2022,2012-2017,2012-2022,0.9141703297540834,2.8563379761099474,0.7255406145721552,0.5147058823529411,0.9969644713346796
CUW,2022,sensitivity_2012_2022,2012-2017,2012-2022,0.9106931895216545,2.89509893865134,0.663617962352784,0.5073529411764706,0.6166126888576394
CXR,2012,sensitivity_2012_2022,2012-2017,2012-2022,0.6675847065341901,1.4020547977694537,0.11548711378177921,0.4883720930232558,1.0
CXR,2013,sensitivity_2012_2022,2012-2017,2012-2022,0.529875521176682,1.1167276173602927,0.15658123776818939,0.5116279069767442,1.0
CXR,2014,sensitivity_2012_2022,2012-2017,2012-2022,0.7148599913602139,1.4783847235140752,0.3271159540326197,0.5581395348837209,1.0
CXR,2015,sensitivity_2012_2022,2012-2017,2012-2022,0.6110820330623253,1.250705482570961,0.13375604331661622,0.4418604651162791,1.0
CXR,2016,sensitivity_2012_2022,2012-2017,2012-2022,0.6376669529444151,1.4796588658908334,0.08725780655083043,0.5348837209302325,1.0
CXR,2017,sensitivity_2012_2022,2012-2017,2012-2022,0.49687115490615796,1.295321444830563,0.23755186576377435,0.627906976744186,1.0
CXR,2018,sensitivity_2012_2022,2012-2017,2012-2022,0.7040670939173009,1.5500090104342796,0.17276956686581135,0.4418604651162791,0.999376232079102
CXR,2019,sensitivity_2012_2022,2012-2017,2012-2022,0.7685492799422878,1.7781318334332903,0.22529569967307445,0.5116279069767442,0.9682002978930722
CXR,2020,sensitivity_2012_2022,2012-2017,2012-2022,0.7335583410631163,1.806308678258113,0.24686774364657463,0.5348837209302325,0.9762027296167384
CXR,2021,sensitivity_2012_2022,2012-2017,2012-2022,0.8176352765082238,2.0267551173450458,0.5357385332535258,0.46511627906976744,0.9423311066008272
CXR,2022,sensitivity_2012_2022,2012-2017,2012-2022,0.8342228640790506,2.1286976245554827,0.5817306654244104,0.5116279069767442,0.9767025024573521
CYM,2012,sensitivity_2012_2022,2012-2017,2012-2022,0.8133830671786075,2.046111608166219,0.7619639169715888,0.5543478260869565,1.0
CYM,2013,sensitivity_2012_2022,2012-2017,2012-2022,0.7721557712205018,1.7216292144233605,1.0037705027484205,0.5108695652173914,1.0
CYM,2014,sensitivity_2012_2022,2012-2017,2012-2022,0.6081701359223934,1.5286408966974694,0.6790024813133636,0.4782608695652174,1.0
CYM,2015,sensitivity_2012_2022,2012-2017,2012-2022,0.7992218587198683,2.1580118757048634,0.6450014319422828,0.6195652173913043,1.0
CYM,2016,sensitivity_2012_2022,2012-2017,2012-2022,0.7086552571304714,1.429313246882497,0.8636679672724458,0.6086956521739131,1.0
CYM,2017,sensitivity_2012_2022,2012-2017,2012-2022,0.44516213265646887,0.933704321735608,0.9713506234508404,0.5978260869565217,1.0
CYM,2018,sensitivity_2012_2022,2012-2017,2012-2022,0.6454301620716046,1.3524414181043936,0.7718136480057599,0.5869565217391305,0.9997033795634083
CYM,2019,sensitivity_2012_2022,2012-2017,2012-2022,0.3328921247922453,0.8006868988045744,1.2031332238751262,0.5652173913043478,0.9998512449780004
CYM,2020,sensitivity_2012_2022,2012-2017,2012-2022,0.537900842154121,1.3080367027130315,0.9850921831559214,0.5217391304347826,0.9998152152155082
CYM,2021,sensitivity_2012_2022,2012-2017,2012-2022,0.3503405901872394,0.9212971273121892,1.1625863708292286,0.4891304347826087,0.9997070272491073
CYM,2022,sensitivity_2012_2022,2012-2017,2012-2022,0.49697006538433597,1.2327956910565883,1.0936701820050896,0.5217391304347826,0.9986835148753389
CYP,2012,sensitivity_2012_2022,2012-2017,2012-2022,0.905810730408233,3.075167123668347,0.26412567555151634,0.8542713567839196,1.0
CYP,2013,sensitivity_2012_2022,2012-2017,2012-2022,0.9101757913316247,3.21328577701241,0.2545963358653843,0.8492462311557789,1.0
CYP,2014,sensitivity_2012_2022,2012-2017,2012-2022,0.9533900015382315,3.6396324197179464,0.16829767035581822,0.9095477386934674,1.0
CYP,2015,sensitivity_2012_2022,2012-2017,2012-2022,0.9605746071756096,3.6820295285583664,0.24880939662164853,0.9346733668341709,1.0
CYP,2016,sensitivity_2012_2022,2012-2017,2012-2022,0.9574023914428345,3.6932529627752393,0.21084590407206966,0.9296482412060302,1.0
CYP,2017,sensitivity_2012_2022,2012-2017,2012-2022,0.9567252483578008,3.686932695586963,0.2031651701707368,0.9246231155778895,1.0
CYP,2018,sensitivity_2012_2022,2012-2017,2012-2022,0.9406321785731016,3.5046072811925093,0.3638510872766979,0.9346733668341709,0.9989591130320967
CYP,2019,sensitivity_2012_2022,2012-2017,2012-2022,0.9552965706414226,3.659644248528683,0.3449769354832499,0.9296482412060302,0.9999961537130198
CYP,2020,sensitivity_2012_2022,2012-2017,2012-2022,0.9617348976530516,3.729495050310132,0.28355872104775975,0.914572864321608,1.0
CYP,2021,sensitivity_2012_2022,2012-2017,2012-2022,0.9568988024887881,3.642245630848123,0.3310120200789176,0.9346733668341709,0.9999249296736853
CYP,2022,sensitivity_2012_2022,2012-2017,2012-2022,0.9531629669404997,3.582810747236106,0.36270185377969427,0.9296482412060302,0.9999723544636464
CZE,2012,sensitivity_2012_2022,2012-2017,2012-2022,0.8756851692207552,2.929686421938358,0.03826702707727905,0.8976744186046511,1.0
CZE,2013,sensitivity_2012_2022,2012-2017,2012-2022,0.877005693628725,2.9401084034783027,0.03186322181945985,0.9069767441860465,1.0
CZE,2014,sensitivity_2012_2022,2012-2017,2012-2022,0.8694273644636731,2.9128245500055945,0.016397724500410552,0.9209302325581395,1.0
CZE,2015,sensitivity_2012_2022,2012-2017,2012-2022,0.868853618928507,2.9158051712415904,0.024462462216919348,0.9069767441860465,1.0
CZE,2016,sensitivity_2012_2022,2012-2017,2012-2022,0.8624166616746316,2.8848250389311083,0.03293800173675831,0.9255813953488372,1.0
CZE,2017,sensitivity_2012_2022,2012-2017,2012-2022,0.8715984331519437,2.9311231700916682,0.025507516963285168,0.9255813953488372,1.0
CZE,2018,sensitivity_2012_2022,2012-2017,2012-2022,0.865954337409204,2.9048059847453027,0.03760499476568955,0.9116279069767442,0.9999974883451196
CZE,2019,sensitivity_2012_2022,2012-2017,2012-2022,0.8706734026909013,2.9321862411196014,0.03565721213804052,0.8976744186046511,0.9999954624655601
CZE,2020,sensitivity_2012_2022,2012-2017,2012-2022,0.8709408406697142,2.9418074357547095,0.038273086248530416,0.9255813953488372,0.9999927668914755
CZE,2021,sensitivity_2012_2022,2012-2017,2012-2022,0.8721101341242339,2.9423528554106735,0.05204410653774212,0.8976744186046511,0.9999898409090994
CZE,2022,sensitivity_2012_2022,2012-2017,2012-2022,0.8726364024217134,2.93730027568563,0.062499868453436865,0.9116279069767442,0.9999916105346743
DEU,2012,sensitivity_2012_2022,2012-2017,2012-2022,0.9569553233709329,3.6207351571441433,0.04351958452420718,0.968609865470852,1.0
DEU,2013,sensitivity_2012_2022,2012-2017,2012-2022,0.9575846886005277,3.6282057671002947,0.03313898923133404,0.9820627802690582,1.0
DEU,2014,sensitivity_2012_2022,2012-2017,2012-2022,0.9573696484760064,3.6250117037767353,0.016003925063556815,0.9820627802690582,1.0
DEU,2015,sensitivity_2012_2022,2012-2017,2012-2022,0.9570331175889846,3.623227054295897,0.027692321405030855,0.9910313901345291,1.0
DEU,2016,sensitivity_2012_2022,2012-2017,2012-2022,0.9579660810012952,3.6279109143638193,0.02817095866252466,0.9955156950672646,1.0
DEU,2017,sensitivity_2012_2022,2012-2017,2012-2022,0.9584516621835122,3.6326660770546484,0.03351701445842137,0.9775784753363229,1.0
DEU,2018,sensitivity_2012_2022,2012-2017,2012-2022,0.9585589810654217,3.6286739797704035,0.054259936169174294,0.9820627802690582,0.9999999469663658
DEU,2019,sensitivity_2012_2022,2012-2017,2012-2022,0.9588743385215084,3.6348750968562316,0.05173761337785079,0.9910313901345291,0.9999996986273825
DEU,2020,sensitivity_2012_2022,2012-2017,2012-2022,0.9573017017135091,3.603231905217923,0.05510816264370175,0.9820627802690582,0.9999999835131099
DEU,2021,sensitivity_2012_2022,2012-2017,2012-2022,0.9567674659406876,3.5921990297118684,0.07217756476831139,0.9865470852017937,0.9999999901162453
DEU,2022,sensitivity_2012_2022,2012-2017,2012-2022,0.9566647023672866,3.5966923761831464,0.08389520139603861,0.9820627802690582,0.9999999714405449
DJI,2012,sensitivity_2012_2022,2012-2017,2012-2022,0.8051875503720671,2.29483963948335,0.31404325561393504,0.5148514851485149,1.0
DJI,2013,sensitivity_2012_2022,2012-2017,2012-2022,0.8560729121712762,2.600645483955729,0.22301064451525932,0.5643564356435643,1.0
DJI,2014,sensitivity_2012_2022,2012-2017,2012-2022,0.7219044038424196,2.0173362360161025,0.360668424156567,0.5247524752475248,1.0
DJI,2015,sensitivity_2012_2022,2012-2017,2012-2022,0.8150414465837366,2.3262637777981627,0.20731391599284477,0.5742574257425742,1.0
DJI,2016,sensitivity_2012_2022,2012-2017,2012-2022,0.8498528361485872,2.6698435381625534,0.30386030400176994,0.594059405940594,1.0
DJI,2017,sensitivity_2012_2022,2012-2017,2012-2022,0.7824958642866966,2.5257376379571297,0.37863192656868344,0.6237623762376238,1.0
DJI,2018,sensitivity_2012_2022,2012-2017,2012-2022,0.8035473797669019,2.2350514168703333,0.48379411232194197,0.5643564356435643,0.9973893251852262
DJI,2019,sensitivity_2012_2022,2012-2017,2012-2022,0.7818641229698214,2.07789912621588,0.5498179935816576,0.5346534653465347,0.9995865788754426
DJI,2020,sensitivity_2012_2022,2012-2017,2012-2022,0.7880300182547799,2.0719280087765477,0.7901111568557084,0.43564356435643564,0.9959991606695676
DJI,2021,sensitivity_2012_2022,2012-2017,2012-2022,0.3020359902798748,0.8973605074407818,0.9272706129405763,0.6732673267326733,0.9705132055931158
DJI,2022,sensitivity_2012_2022,2012-2017,2012-2022,0.2189801855825655,0.7073080587756675,0.9410020324535333,0.7326732673267327,0.9556249243602705
DMA,2012,sensitivity_2012_2022,2012-2017,2012-2022,0.9157670438922707,3.118245276604738,0.39022047937872445,0.632,1.0
DMA,2013,sensitivity_2012_2022,2012-2017,2012-2022,0.9419063549565748,3.307352848474054,0.3598120735405845,0.656,1.0
DMA,2014,sensitivity_2012_2022,2012-2017,2012-2022,0.8380381819989904,2.704112480429943,0.41758723339451964,0.584,1.0
DMA,2015,sensitivity_2012_2022,2012-2017,2012-2022,0.7442589607002379,2.2941830661657736,0.4825624491366315,0.504,1.0
DMA,2016,sensitivity_2012_2022,2012-2017,2012-2022,0.8518485183477698,2.8311520534456536,0.5111574087348051,0.616,1.0
DMA,2017,sensitivity_2012_2022,2012-2017,2012-2022,0.88203664473653,2.819159806294045,0.4456076015359336,0.664,1.0
DMA,2018,sensitivity_2012_2022,2012-2017,2012-2022,0.7553420667964239,2.1037887232481367,0.699149723671504,0.544,0.995656124736836
DMA,2019,sensitivity_2012_2022,2012-2017,2012-2022,0.8173766362739057,2.5256318777580065,0.5989821131684073,0.592,0.9928787969723368
DMA,2020,sensitivity_2012_2022,2012-2017,2012-2022,0.9141691968672562,3.087064897077518,0.5011101608130057,0.568,0.9165455469445161
DMA,2021,sensitivity_2012_2022,2012-2017,2012-2022,0.9053690018216779,3.1171296588849566,0.542045144958038,0.496,0.9608673504429197
DMA,2022,sensitivity_2012_2022,2012-2017,2012-2022,0.9240239468647777,3.1651072897904546,0.583920796415465,0.52,0.9802155238461415
DNK,2012,sensitivity_2012_2022,2012-2017,2012-2022,0.9183198412779667,3.2116736650910163,0.050082405203853014,0.9327354260089686,1.0
DNK,2013,sensitivity_2012_2022,2012-2017,2012-2022,0.9231332338637136,3.260699933316456,0.0410258754082398,0.9596412556053812,1.0
DNK,2014,sensitivity_2012_2022,2012-2017,2012-2022,0.9245514994817481,3.291541408123649,0.03482969744308841,0.9372197309417041,1.0
DNK,2015,sensitivity_2012_2022,2012-2017,2012-2022,0.9250202850164443,3.3239959922950453,0.02914911266893587,0.968609865470852,1.0
DNK,2016,sensitivity_2012_2022,2012-2017,2012-2022,0.9239448077787179,3.302285918849546,0.03932418585564392,0.9506726457399103,1.0
DNK,2017,sensitivity_2012_2022,2012-2017,2012-2022,0.9270891992853219,3.3222826879686114,0.039474553599003315,0.9506726457399103,1.0
DNK,2018,sensitivity_2012_2022,2012-2017,2012-2022,0.925476665870196,3.3089330999889377,0.0631927457407623,0.968609865470852,0.9999995975291839
DNK,2019,sensitivity_2012_2022,2012-2017,2012-2022,0.9278261446484333,3.3167402583662264,0.05717779420383363,0.9551569506726457,1.0
DNK,2020,sensitivity_2012_2022,2012-2017,2012-2022,0.930681330102505,3.341464350709809,0.08405137369853627,0.9551569506726457,1.0
DNK,2021,sensitivity_2012_2022,2012-2017,2012-2022,0.9315799679157497,3.360863396833885,0.08429393591267895,0.9461883408071748,0.999999649750047
DNK,2022,sensitivity_2012_2022,2012-2017,2012-2022,0.9262013511192593,3.3309055752185204,0.11786689146562263,0.9730941704035875,1.0
DOM,2012,sensitivity_2012_2022,2012-2017,2012-2022,0.8943223938248621,3.1983836610971985,0.20337232834221827,0.8351648351648352,1.0
DOM,2013,sensitivity_2012_2022,2012-2017,2012-2022,0.8744989902135591,2.9470829598851394,0.1336326573368333,0.8406593406593407,1.0
DOM,2014,sensitivity_2012_2022,2012-2017,2012-2022,0.8522390697442377,2.760792077381159,0.12751357958304863,0.8571428571428571,1.0
DOM,2015,sensitivity_2012_2022,2012-2017,2012-2022,0.8639540632683624,2.8347079923546703,0.10408652426908087,0.8076923076923077,1.0
DOM,2016,sensitivity_2012_2022,2012-2017,2012-2022,0.8933686025108732,2.946413364908141,0.11982209250588621,0.8021978021978022,1.0
DOM,2017,sensitivity_2012_2022,2012-2017,2012-2022,0.8882697647605201,2.980805639228456,0.10476121808527944,0.7967032967032966,1.0
DOM,2018,sensitivity_2012_2022,2012-2017,2012-2022,0.8976816287392628,3.0761086494606205,0.13156176859821528,0.8021978021978022,0.9999489071772983
DOM,2019,sensitivity_2012_2022,2012-2017,2012-2022,0.8965206920865613,3.0300930581403516,0.18735735275769588,0.7692307692307693,0.9999025248280837
DOM,2020,sensitivity_2012_2022,2012-2017,2012-2022,0.8883060273762493,2.9895153458521024,0.30920763994000183,0.7802197802197802,0.9999794474413204
DOM,2021,sensitivity_2012_2022,2012-2017,2012-2022,0.9080752623495401,3.1235635792683536,0.3215774532424515,0.7967032967032966,0.9999561168117573
DOM,2022,sensitivity_2012_2022,2012-2017,2012-2022,0.9057624528359889,3.14587391133158,0.2838854933287142,0.7967032967032966,0.9998853026244102
DZA,2012,sensitivity_2012_2022,2012-2017,2012-2022,0.9008866032513728,2.7561077623109753,0.17379687069557198,0.7707006369426752,1.0
DZA,2013,sensitivity_2012_2022,2012-2017,2012-2022,0.8970917038512729,2.7038670128980264,0.0962844672242868,0.802547770700637,1.0
DZA,2014,sensitivity_2012_2022,2012-2017,2012-2022,0.9045525225243141,2.809092393470377,0.13030835929514714,0.8535031847133758,1.0
DZA,2015,sensitivity_2012_2022,2012-2017,2012-2022,0.899982663638894,2.789230022597625,0.12932964223842291,0.8280254777070064,1.0
DZA,2016,sensitivity_2012_2022,2012-2017,2012-2022,0.8932128623951764,2.7316438359545954,0.10026368516243837,0.7643312101910829,1.0
DZA,2017,sensitivity_2012_2022,2012-2017,2012-2022,0.9017430317215319,2.8362294187654893,0.1409985749686895,0.7898089171974523,1.0
DZA,2018,sensitivity_2012_2022,2012-2017,2012-2022,0.9038084029780102,2.771485671634125,0.16603104907140326,0.7388535031847133,0.9999300471252219
DZA,2019,sensitivity_2012_2022,2012-2017,2012-2022,0.9165871842292271,2.8911359950118176,0.1993459848567997,0.7261146496815286,0.9989590368021948
DZA,2020,sensitivity_2012_2022,2012-2017,2012-2022,0.9135214461840865,2.9438029812172397,0.2201446687499854,0.7197452229299363,0.999897964851423
DZA,2021,sensitivity_2012_2022,2012-2017,2012-2022,0.8991005953177205,2.82442517936477,0.20052189136378004,0.7643312101910829,0.999996262052321
DZA,2022,sensitivity_2012_2022,2012-2017,2012-2022,0.8597835580556407,2.649852413396579,0.26377075063999944,0.7770700636942676,0.9998376764014226
ECU,2012,sensitivity_2012_2022,2012-2017,2012-2022,0.9342216159935898,3.1991794405696052,0.1339049486580479,0.8359788359788359,1.0
ECU,2013,sensitivity_2012_2022,2012-2017,2012-2022,0.9279727709413793,3.205958132784234,0.1205166821629946,0.8359788359788359,1.0
ECU,2014,sensitivity_2012_2022,2012-2017,2012-2022,0.9369493706513761,3.284100922744919,0.11039694005009912,0.8412698412698413,1.0
ECU,2015,sensitivity_2012_2022,2012-2017,2012-2022,0.9536748740269058,3.502413180269055,0.11298555928944487,0.8359788359788359,1.0
ECU,2016,sensitivity_2012_2022,2012-2017,2012-2022,0.9500143703863514,3.4607838889343303,0.12574350870279616,0.8624338624338624,1.0
ECU,2017,sensitivity_2012_2022,2012-2017,2012-2022,0.9451571699347141,3.363225630537894,0.12496694677638635,0.8677248677248677,1.0
ECU,2018,sensitivity_2012_2022,2012-2017,2012-2022,0.9422147967243383,3.3484654786279515,0.14098314237705956,0.8677248677248677,0.9999960903988167
ECU,2019,sensitivity_2012_2022,2012-2017,2012-2022,0.943607628521553,3.398773218302523,0.17597358830164223,0.8253968253968254,0.9998322032631886
ECU,2020,sensitivity_2012_2022,2012-2017,2012-2022,0.9397167078644434,3.452668976401187,0.2725541641758623,0.8359788359788359,0.9999789231678088
ECU,2021,sensitivity_2012_2022,2012-2017,2012-2022,0.9315529431027023,3.3766191358545115,0.27342776897359866,0.8465608465608465,0.999995074710385
ECU,2022,sensitivity_2012_2022,2012-2017,2012-2022,0.9228750962446434,3.295701048123002,0.3092352392550754,0.8201058201058201,0.9999963700137475
EGY,2012,sensitivity_2012_2022,2012-2017,2012-2022,0.9607215446134145,3.682765338806396,0.13751820746702276,0.9166666666666666,1.0
EGY,2013,sensitivity_2012_2022,2012-2017,2012-2022,0.9602122155347168,3.6739396650177456,0.09942323252942288,0.9114583333333334,1.0
EGY,2014,sensitivity_2012_2022,2012-2017,2012-2022,0.9595517513299738,3.675142513792762,0.09679764074577593,0.921875,1.0
EGY,2015,sensitivity_2012_2022,2012-2017,2012-2022,0.9597993815853416,3.7092961364073487,0.09659316167498444,0.9114583333333334,1.0
EGY,2016,sensitivity_2012_2022,2012-2017,2012-2022,0.9579235696805952,3.6838213026408404,0.13479770111059838,0.9375,1.0
EGY,2017,sensitivity_2012_2022,2012-2017,2012-2022,0.9597243388343006,3.739494393321414,0.1305022237910361,0.9479166666666666,1.0
EGY,2018,sensitivity_2012_2022,2012-2017,2012-2022,0.9658943984015776,3.8188669845299357,0.12806318571810954,0.953125,1.0
EGY,2019,sensitivity_2012_2022,2012-2017,2012-2022,0.9662866770782212,3.808370947142415,0.1508899976908455,0.9270833333333334,0.9991660156035536
EGY,2020,sensitivity_2012_2022,2012-2017,2012-2022,0.9622099384197998,3.7964544620090654,0.16669278145588567,0.921875,0.999980926421156
EGY,2021,sensitivity_2012_2022,2012-2017,2012-2022,0.9679336119605197,3.859811661499843,0.18654439756845745,0.921875,0.9994242779087069
EGY,2022,sensitivity_2012_2022,2012-2017,2012-2022,0.9651180849770278,3.8031340077883744,0.19534563431036156,0.9322916666666666,0.9999036532774935
ERI,2012,sensitivity_2012_2022,2012-2017,2012-2022,0.5036718102393849,0.9418258722527523,0.6971741642836631,0.5476190476190477,1.0
ERI,2013,sensitivity_2012_2022,2012-2017,2012-2022,0.6269028332333342,1.4056326875402887,0.43762043753589097,0.4880952380952381,1.0
ERI,2014,sensitivity_2012_2022,2012-2017,2012-2022,0.4217385870980166,1.0203477258744706,0.5829208902415108,0.47619047619047616,1.0
ERI,2015,sensitivity_2012_2022,2012-2017,2012-2022,0.6004824829123346,1.4201092628523766,0.5249680709816946,0.42857142857142855,1.0
ERI,2016,sensitivity_2012_2022,2012-2017,2012-2022,0.6881986434613263,1.5338345644373095,0.3928821921979942,0.40476190476190477,1.0
ERI,2017,sensitivity_2012_2022,2012-2017,2012-2022,0.6107422563535251,1.2209276036416763,0.6946143063054426,0.40476190476190477,1.0
ERI,2018,sensitivity_2012_2022,2012-2017,2012-2022,0.43639435467946774,0.7566274752747689,0.7381111246077754,0.4166666666666667,0.9974568196717126
ERI,2019,sensitivity_2012_2022,2012-2017,2012-2022,0.5064831555738055,0.8092961678423319,0.7471071009110202,0.3333333333333333,0.9995635254677074
ERI,2020,sensitivity_2012_2022,2012-2017,2012-2022,0.3552708521937905,0.7077413395223099,0.7481612261437308,0.32142857142857145,0.9986776386079841
ERI,2021,sensitivity_2012_2022,2012-2017,2012-2022,0.4888835809961013,0.7875641318108327,0.7365519177822735,0.34523809523809523,0.9864345912017131
ERI,2022,sensitivity_2012_2022,2012-2017,2012-2022,0.49006468879005105,0.9622674643880527,0.7372066438853562,0.39285714285714285,0.9900560697812456
ESP,2012,sensitivity_2012_2022,2012-2017,2012-2022,0.9348156282701509,3.4394835230968943,0.04257274903559584,0.9502262443438914,1.0
ESP,2013,sensitivity_2012_2022,2012-2017,2012-2022,0.9375382920149749,3.477996222164204,0.03706825287789047,0.9773755656108597,1.0
ESP,2014,sensitivity_2012_2022,2012-2017,2012-2022,0.9370976458981279,3.4697458105678556,0.02710382343515817,0.9638009049773756,1.0
ESP,2015,sensitivity_2012_2022,2012-2017,2012-2022,0.9357411420838654,3.4592035560937067,0.02377635614349847,0.9683257918552036,1.0
ESP,2016,sensitivity_2012_2022,2012-2017,2012-2022,0.9334708879407669,3.412052457316605,0.03823505688593356,0.9864253393665159,1.0
ESP,2017,sensitivity_2012_2022,2012-2017,2012-2022,0.9347759876402768,3.436578559830621,0.03534820833832828,0.9728506787330317,1.0
ESP,2018,sensitivity_2012_2022,2012-2017,2012-2022,0.9365914560332124,3.459687818376905,0.04857657157556056,0.9502262443438914,1.0
ESP,2019,sensitivity_2012_2022,2012-2017,2012-2022,0.9353541713509131,3.4411009649016844,0.05359093233938135,0.9773755656108597,1.0
ESP,2020,sensitivity_2012_2022,2012-2017,2012-2022,0.927927802254244,3.3553582901193133,0.07494007552907653,0.9683257918552036,1.0
ESP,2021,sensitivity_2012_2022,2012-2017,2012-2022,0.9290490706338771,3.364065602033937,0.09192527583357926,0.9773755656108597,0.9999999115157929
ESP,2022,sensitivity_2012_2022,2012-2017,2012-2022,0.9256626305720795,3.3166093374008074,0.0970448521678315,0.9683257918552036,0.9999999475052522
EST,2012,sensitivity_2012_2022,2012-2017,2012-2022,0.9142540636100213,3.030020404274782,0.09466844789903497,0.8473684210526315,1.0
EST,2013,sensitivity_2012_2022,2012-2017,2012-2022,0.9036615737658215,2.9040622780296714,0.06823374812484909,0.8947368421052632,1.0
EST,2014,sensitivity_2012_2022,2012-2017,2012-2022,0.912317600387642,2.9557507630967392,0.08513186076563635,0.8842105263157894,1.0
EST,2015,sensitivity_2012_2022,2012-2017,2012-2022,0.9136944019611247,3.049674426858193,0.06426640160380785,0.8894736842105263,1.0
EST,2016,sensitivity_2012_2022,2012-2017,2012-2022,0.9143571246587381,3.0502108755359387,0.07476169830884737,0.8947368421052632,1.0
EST,2017,sensitivity_2012_2022,2012-2017,2012-2022,0.9209939882286666,3.104862486092518,0.08505654797342083,0.9263157894736842,1.0
EST,2018,sensitivity_2012_2022,2012-2017,2012-2022,0.9240010176701934,3.1481756179865927,0.13623512921919337,0.9052631578947369,0.9999936996884915
EST,2019,sensitivity_2012_2022,2012-2017,2012-2022,0.9239933084966171,3.1446562929793407,0.15381801954619967,0.8947368421052632,0.9999875827481033
EST,2020,sensitivity_2012_2022,2012-2017,2012-2022,0.9217050014363731,3.1363392805458163,0.1626816809886808,0.9210526315789473,0.9999956522392757
EST,2021,sensitivity_2012_2022,2012-2017,2012-2022,0.9225041124858593,3.137568208776179,0.17700861518037403,0.9263157894736842,0.9999896096680082
EST,2022,sensitivity_2012_2022,2012-2017,2012-2022,0.917508278092851,3.10157715057614,0.1642661799478466,0.9315789473684211,0.999990231309926
ETH,2012,sensitivity_2012_2022,2012-2017,2012-2022,0.9437058870057438,3.354488902957803,0.1402746227666758,0.8176470588235294,1.0
ETH,2013,sensitivity_2012_2022,2012-2017,2012-2022,0.9516153643313324,3.433722449657973,0.115717763093767,0.8294117647058824,1.0
ETH,2014,sensitivity_2012_2022,2012-2017,2012-2022,0.9492497075154087,3.450617368730221,0.11016505087284159,0.8352941176470589,1.0
ETH,2015,sensitivity_2012_2022,2012-2017,2012-2022,0.9297232063590541,3.237106496882097,0.13005487568157686,0.8705882352941177,1.0
ETH,2016,sensitivity_2012_2022,2012-2017,2012-2022,0.9400745939329631,3.3436507332097465,0.1548909183349098,0.8764705882352941,1.0
ETH,2017,sensitivity_2012_2022,2012-2017,2012-2022,0.9492565873465098,3.4372562732264824,0.14005504933012736,0.8941176470588236,1.0
ETH,2018,sensitivity_2012_2022,2012-2017,2012-2022,0.9577204705983954,3.5473330613582856,0.1811486448073334,0.8764705882352941,0.9997200786576427
ETH,2019,sensitivity_2012_2022,2012-2017,2012-2022,0.9504274695446555,3.43144994620772,0.2559731635736255,0.8529411764705882,0.9990947285539644
ETH,2020,sensitivity_2012_2022,2012-2017,2012-2022,0.9497475495348802,3.44184455608368,0.27597720966589345,0.8470588235294118,0.9998536996774823
ETH,2021,sensitivity_2012_2022,2012-2017,2012-2022,0.9171664277573508,3.1711125077142355,0.3672621810886685,0.8941176470588236,0.9998356612069352
ETH,2022,sensitivity_2012_2022,2012-2017,2012-2022,0.9372503117734716,3.287690441754199,0.27748679300789175,0.8529411764705882,0.9999934001063926
FIN,2012,sensitivity_2012_2022,2012-2017,2012-2022,0.9429382101369808,3.462029118322388,0.06670155460511999,0.9255813953488372,1.0
FIN,2013,sensitivity_2012_2022,2012-2017,2012-2022,0.9418397017707315,3.437276832669629,0.061381451816637525,0.9162790697674419,1.0
FIN,2014,sensitivity_2012_2022,2012-2017,2012-2022,0.9408602331945519,3.4170715666553066,0.04343147868841454,0.9488372093023256,1.0
FIN,2015,sensitivity_2012_2022,2012-2017,2012-2022,0.9375753965341017,3.431051491164359,0.05600032431655415,0.9441860465116279,1.0
FIN,2016,sensitivity_2012_2022,2012-2017,2012-2022,0.9383817740577152,3.429683054008563,0.05069800710275203,0.9348837209302325,1.0
FIN,2017,sensitivity_2012_2022,2012-2017,2012-2022,0.9361955062191125,3.390036697171838,0.054633461374158386,0.9395348837209302,1.0
FIN,2018,sensitivity_2012_2022,2012-2017,2012-2022,0.9348917531027352,3.3833763968546107,0.07250731640926385,0.9116279069767442,1.0
FIN,2019,sensitivity_2012_2022,2012-2017,2012-2022,0.9328832307578673,3.377470262572932,0.08602164263046212,0.9209302325581395,1.0
FIN,2020,sensitivity_2012_2022,2012-2017,2012-2022,0.9348853157336744,3.3930373606456716,0.0736176195050233,0.9348837209302325,0.9999995188418077
FIN,2021,sensitivity_2012_2022,2012-2017,2012-2022,0.9393928348477149,3.410808624089844,0.10059482907346573,0.9255813953488372,0.9999996363095609
FIN,2022,sensitivity_2012_2022,2012-2017,2012-2022,0.9448165440769128,3.4759252161519854,0.09927032950165843,0.9023255813953488,0.9999997193890954
FJI,2012,sensitivity_2012_2022,2012-2017,2012-2022,0.9000903372487884,2.864105070454184,0.15507049295450864,0.631578947368421,1.0
FJI,2013,sensitivity_2012_2022,2012-2017,2012-2022,0.9120809374290979,2.957407016502279,0.11365184882831897,0.6447368421052632,1.0
FJI,2014,sensitivity_2012_2022,2012-2017,2012-2022,0.9300027607209822,3.0703211606770164,0.15386868870975512,0.7236842105263158,1.0
FJI,2015,sensitivity_2012_2022,2012-2017,2012-2022,0.9186290762092865,3.0665167562587845,0.07947079062197698,0.631578947368421,1.0
FJI,2016,sensitivity_2012_2022,2012-2017,2012-2022,0.9015251622035678,2.9444869617279457,0.1420963943621863,0.6842105263157895,1.0
FJI,2017,sensitivity_2012_2022,2012-2017,2012-2022,0.9150001341742198,3.0792658386520775,0.14457690299048465,0.6710526315789473,1.0
FJI,2018,sensitivity_2012_2022,2012-2017,2012-2022,0.9134818437893049,3.0296042218473813,0.1821296557062077,0.6710526315789473,0.9997874550389908
FJI,2019,sensitivity_2012_2022,2012-2017,2012-2022,0.9121049073954117,3.025887287644608,0.18333409627056715,0.6381578947368421,0.9995352882244877
FJI,2020,sensitivity_2012_2022,2012-2017,2012-2022,0.9226848623724868,3.0664175573952632,0.17668647797254858,0.5921052631578947,0.9998879921613805
FJI,2021,sensitivity_2012_2022,2012-2017,2012-2022,0.9112767690578656,2.98835860325437,0.21838886291478055,0.631578947368421,0.9995557483128578
FJI,2022,sensitivity_2012_2022,2012-2017,2012-2022,0.9273403536198506,3.0669706543008126,0.2533880970973649,0.5921052631578947,0.9993608786862792
FLK,2012,sensitivity_2012_2022,2012-2017,2012-2022,0.3948394196774311,1.1324835334922914,0.10450621553286932,0.5675675675675675,1.0
FLK,2013,sensitivity_2012_2022,2012-2017,2012-2022,0.4434276828897131,1.2415926733729978,0.08558054198740289,0.5405405405405406,1.0
FLK,2014,sensitivity_2012_2022,2012-2017,2012-2022,0.3491429740181866,0.9990517774573119,0.07626457994750357,0.4864864864864865,1.0
FLK,2015,sensitivity_2012_2022,2012-2017,2012-2022,0.4135876856354901,1.1850183419973603,0.07945600489765169,0.47297297297297297,1.0
FLK,2016,sensitivity_2012_2022,2012-2017,2012-2022,0.37246537982474004,0.9789512481791742,0.08845024631156327,0.5675675675675675,1.0
FLK,2017,sensitivity_2012_2022,2012-2017,2012-2022,0.30865523341345147,0.9059894008038959,0.10500082772356964,0.5405405405405406,1.0
FLK,2018,sensitivity_2012_2022,2012-2017,2012-2022,0.340725939235479,0.9852573900287148,0.09946569206194482,0.5675675675675675,0.9988136222048034
FLK,2019,sensitivity_2012_2022,2012-2017,2012-2022,0.3235072001888982,0.9443619589993036,0.12202777638515268,0.527027027027027,0.9955526216679031
FLK,2020,sensitivity_2012_2022,2012-2017,2012-2022,0.5667528817235128,1.1921779477849914,0.34584830667929173,0.47297297297297297,0.9943147862278251
FLK,2021,sensitivity_2012_2022,2012-2017,2012-2022,0.3542868602635435,0.9649615915477174,0.13368293385354987,0.44594594594594594,0.9875309451981809
FLK,2022,sensitivity_2012_2022,2012-2017,2012-2022,0.39692172774050294,0.9875209850100624,0.14378704759961286,0.3783783783783784,0.9866904567739098
FRA,2012,sensitivity_2012_2022,2012-2017,2012-2022,0.9396553284068574,3.5309310174051842,0.03771309862055329,0.972972972972973,1.0
FRA,2013,sensitivity_2012_2022,2012-2017,2012-2022,0.9390003600940712,3.5404169079496266,0.030760924609864293,0.9864864864864865,1.0
FRA,2014,sensitivity_2012_2022,2012-2017,2012-2022,0.9362831136802454,3.5077619103764945,0.030753054256315297,0.9819819819819819,1.0
FRA,2015,sensitivity_2012_2022,2012-2017,2012-2022,0.9376422381445011,3.5331021634892914,0.030315474863587565,0.990990990990991,1.0
FRA,2016,sensitivity_2012_2022,2012-2017,2012-2022,0.9373404490707576,3.5034792875340224,0.03160919506149211,0.9954954954954955,1.0
FRA,2017,sensitivity_2012_2022,2012-2017,2012-2022,0.9416249721974083,3.5345801387490825,0.045542560893093456,0.990990990990991,1.0
FRA,2018,sensitivity_2012_2022,2012-2017,2012-2022,0.9394425778861051,3.5069546053815444,0.04852791283673265,0.9819819819819819,0.9999998428756868
FRA,2019,sensitivity_2012_2022,2012-2017,2012-2022,0.941641332302525,3.533524145578828,0.05553131374260016,0.9774774774774775,1.0
FRA,2020,sensitivity_2012_2022,2012-2017,2012-2022,0.9401512655905055,3.5041615823823866,0.060915681234152246,0.963963963963964,0.9999997519256195
FRA,2021,sensitivity_2012_2022,2012-2017,2012-2022,0.9403667284105217,3.4888797756005685,0.07930403967013216,0.9684684684684685,0.999999899009488
FRA,2022,sensitivity_2012_2022,2012-2017,2012-2022,0.9394576355018818,3.4653289605408064,0.10023543864104117,0.9774774774774775,1.0
FRO,2012,sensitivity_2012_2022,2012-2017,2012-2022,0.8618937254958701,2.404646182155568,0.12700022255065246,0.5903614457831325,1.0
FRO,2013,sensitivity_2012_2022,2012-2017,2012-2022,0.8444545072714438,2.334246208697946,0.12485220042803793,0.6506024096385542,1.0
FRO,2014,sensitivity_2012_2022,2012-2017,2012-2022,0.8522167683019903,2.3486114641437648,0.07880702391979882,0.6506024096385542,1.0
FRO,2015,sensitivity_2012_2022,2012-2017,2012-2022,0.8411315621513207,2.2392349260682405,0.1061206211773387,0.6867469879518072,1.0
FRO,2016,sensitivity_2012_2022,2012-2017,2012-2022,0.8307825986770947,2.1969037637618505,0.10410397428144344,0.7108433734939759,1.0
FRO,2017,sensitivity_2012_2022,2012-2017,2012-2022,0.832622801589852,2.191839940694852,0.13911116816209187,0.7228915662650602,1.0
FRO,2018,sensitivity_2012_2022,2012-2017,2012-2022,0.8402579982957568,2.261968902947246,0.12524747108612921,0.7108433734939759,0.9978208869616259
FRO,2019,sensitivity_2012_2022,2012-2017,2012-2022,0.8298640528256992,2.169962306648652,0.1205465429028555,0.6746987951807228,0.9890804720879879
FRO,2020,sensitivity_2012_2022,2012-2017,2012-2022,0.8351020311733591,2.1823698023701046,0.14311253070959357,0.6024096385542169,0.9857290281578027
FRO,2021,sensitivity_2012_2022,2012-2017,2012-2022,0.8202961572389463,2.128142979978702,0.19092926880417546,0.6867469879518072,0.9862395858563594
FRO,2022,sensitivity_2012_2022,2012-2017,2012-2022,0.8054628368228057,2.129159627050309,0.3042032481071359,0.5662650602409639,0.9919535528232228
FSM,2012,sensitivity_2012_2022,2012-2017,2012-2022,0.6129770531323706,1.4039139382895567,0.18647488477471202,0.5208333333333334,1.0
FSM,2013,sensitivity_2012_2022,2012-2017,2012-2022,0.6985542698911573,1.8332888667691956,0.16699990214422036,0.6041666666666666,1.0
FSM,2014,sensitivity_2012_2022,2012-2017,2012-2022,0.7226010164684031,1.6920641355871346,0.3319113889639105,0.4375,1.0
FSM,2015,sensitivity_2012_2022,2012-2017,2012-2022,0.6419803481439658,1.5175424250529375,0.21420099006233867,0.5,1.0
FSM,2016,sensitivity_2012_2022,2012-2017,2012-2022,0.5192662756761852,1.0733935360476825,0.26278281930751135,0.375,1.0
FSM,2017,sensitivity_2012_2022,2012-2017,2012-2022,0.37088648731829976,0.818305701552703,0.35677635927561324,0.4166666666666667,1.0
FSM,2018,sensitivity_2012_2022,2012-2017,2012-2022,0.5014817439223866,1.0266668988142438,0.2835756783853691,0.3958333333333333,0.9923790588148421
FSM,2019,sensitivity_2012_2022,2012-2017,2012-2022,0.3855823417295329,0.8579328796339077,0.36389601056311605,0.3333333333333333,0.9985146713653322
FSM,2020,sensitivity_2012_2022,2012-2017,2012-2022,0.3019072267684142,0.6368753955578258,0.43003269686861734,0.25,0.9994947183469127
FSM,2021,sensitivity_2012_2022,2012-2017,2012-2022,0.2466989961780156,0.5557438427790556,0.39575122846477206,0.3958333333333333,0.9998612182817374
FSM,2022,sensitivity_2012_2022,2012-2017,2012-2022,0.3539745836644541,0.7961937631103707,0.40916074023021687,0.375,0.9991578887422644
GAB,2012,sensitivity_2012_2022,2012-2017,2012-2022,0.8944209221747763,2.7835507785112936,0.28274755928820694,0.793939393939394,1.0
GAB,2013,sensitivity_2012_2022,2012-2017,2012-2022,0.9106253774997691,2.820798067839929,0.20907223247474754,0.7575757575757576,1.0
GAB,2014,sensitivity_2012_2022,2012-2017,2012-2022,0.9173123026272266,2.910274867178398,0.2101560439660099,0.7818181818181819,1.0
GAB,2015,sensitivity_2012_2022,2012-2017,2012-2022,0.9244743065711976,3.0156428468495964,0.30097320751752743,0.7636363636363637,1.0
GAB,2016,sensitivity_2012_2022,2012-2017,2012-2022,0.8804200209723136,2.8264794697467637,0.30505827353136483,0.8121212121212121,1.0
GAB,2017,sensitivity_2012_2022,2012-2017,2012-2022,0.9395870133300628,3.1916506822448185,0.273561385992356,0.7757575757575758,1.0
GAB,2018,sensitivity_2012_2022,2012-2017,2012-2022,0.9466671191136068,3.302237902053885,0.3749920511290205,0.7878787878787878,0.9998975088050708
GAB,2019,sensitivity_2012_2022,2012-2017,2012-2022,0.9469764225970696,3.3329011329440554,0.46518592658759095,0.7696969696969697,0.9989346460896564
GAB,2020,sensitivity_2012_2022,2012-2017,2012-2022,0.9471590290629294,3.338041094861979,0.494636235622618,0.7575757575757576,0.9976799075286441
GAB,2021,sensitivity_2012_2022,2012-2017,2012-2022,0.934523677754539,3.161642771689726,0.503713771015987,0.7333333333333333,0.9986648541675515
GAB,2022,sensitivity_2012_2022,2012-2017,2012-2022,0.9470599148727391,3.2601864078756844,0.5618896145944153,0.7393939393939394,0.9980680784345382
GBR,2012,sensitivity_2012_2022,2012-2017,2012-2022,0.9500371902126046,3.6068599025625145,0.0889724814747318,0.9646017699115044,1.0
GBR,2013,sensitivity_2012_2022,2012-2017,2012-2022,0.9405018397885946,3.4726406797296674,0.09980393609150166,0.9778761061946902,1.0
GBR,2014,sensitivity_2012_2022,2012-2017,2012-2022,0.948794568966954,3.5469616335283884,0.030723827748436076,0.9867256637168141,1.0
GBR,2015,sensitivity_2012_2022,2012-2017,2012-2022,0.950436694110712,3.5635385635379135,0.041058254142409774,0.9911504424778761,1.0
GBR,2016,sensitivity_2012_2022,2012-2017,2012-2022,0.9520522157799396,3.5903944291442746,0.05280508592326988,0.9778761061946902,1.0
GBR,2017,sensitivity_2012_2022,2012-2017,2012-2022,0.9516233478801894,3.5783917842571156,0.064631859234304,0.9778761061946902,1.0
GBR,2018,sensitivity_2012_2022,2012-2017,2012-2022,0.9508895332117895,3.5651301664219357,0.05320494146621123,0.9823008849557522,1.0
GBR,2019,sensitivity_2012_2022,2012-2017,2012-2022,0.9511119008360923,3.594717460842177,0.08146185757236178,0.9823008849557522,1.0
GBR,2020,sensitivity_2012_2022,2012-2017,2012-2022,0.9481755671610446,3.5418838587451136,0.08817527249705882,0.9823008849557522,1.0
GBR,2021,sensitivity_2012_2022,2012-2017,2012-2022,0.9442041900298624,3.47906599026824,0.09241355352826824,0.9867256637168141,1.0
GBR,2022,sensitivity_2012_2022,2012-2017,2012-2022,0.9464322286610404,3.466345106238342,0.12215692305007135,0.9867256637168141,1.0
GEO,2012,sensitivity_2012_2022,2012-2017,2012-2022,0.9185483084444366,3.189338102830609,0.25857564161800056,0.783625730994152,1.0
GEO,2013,sensitivity_2012_2022,2012-2017,2012-2022,0.9188431417238474,3.0969675267312224,0.16116653810482956,0.7719298245614035,1.0
GEO,2014,sensitivity_2012_2022,2012-2017,2012-2022,0.9248988162489445,3.1140198692893284,0.10445188064724796,0.7777777777777778,1.0
GEO,2015,sensitivity_2012_2022,2012-2017,2012-2022,0.9399997561624681,3.3119103240177834,0.1569190635365763,0.7894736842105263,1.0
GEO,2016,sensitivity_2012_2022,2012-2017,2012-2022,0.9453214917228685,3.3782562835319183,0.1465278280723848,0.783625730994152,1.0
GEO,2017,sensitivity_2012_2022,2012-2017,2012-2022,0.9330616445561578,3.2664781368781757,0.18713062445447928,0.8011695906432749,1.0
GEO,2018,sensitivity_2012_2022,2012-2017,2012-2022,0.9244577491276267,3.1212025734313245,0.16155464225546934,0.8128654970760234,0.9998702930782898
GEO,2019,sensitivity_2012_2022,2012-2017,2012-2022,0.9245323109363681,3.101232993927629,0.19866422704230213,0.8362573099415205,0.9991789211607536
GEO,2020,sensitivity_2012_2022,2012-2017,2012-2022,0.9150807167934767,3.039967856099288,0.2332823778124437,0.8187134502923976,0.9956539922007053
GEO,2021,sensitivity_2012_2022,2012-2017,2012-2022,0.921972871350399,3.1186855457571205,0.2090845045603934,0.8304093567251462,0.9999373139649915
GEO,2022,sensitivity_2012_2022,2012-2017,2012-2022,0.921687330306339,3.0827529106054063,0.2605959973444283,0.8362573099415205,0.9998958290378404
GHA,2012,sensitivity_2012_2022,2012-2017,2012-2022,0.9216640047149764,2.98442682395085,0.24199728320859928,0.8097826086956522,1.0
GHA,2013,sensitivity_2012_2022,2012-2017,2012-2022,0.9257762628313285,3.1029002065094353,0.21063882601190742,0.8152173913043478,1.0
GHA,2014,sensitivity_2012_2022,2012-2017,2012-2022,0.9395051731586332,3.22833550371487,0.18809277409290076,0.8586956521739131,1.0
GHA,2015,sensitivity_2012_2022,2012-2017,2012-2022,0.8935100199556341,2.967468537135823,0.19313237950942763,0.8478260869565217,1.0
GHA,2016,sensitivity_2012_2022,2012-2017,2012-2022,0.8974693323169396,2.86330251737224,0.19316151207141455,0.782608695652174,1.0
GHA,2017,sensitivity_2012_2022,2012-2017,2012-2022,0.8795928267671439,2.8474399989413675,0.22888908768146887,0.8260869565217391,1.0
GHA,2018,sensitivity_2012_2022,2012-2017,2012-2022,0.8763291954290063,2.794064522725864,0.26039036047870145,0.782608695652174,0.9999959179586916
GHA,2019,sensitivity_2012_2022,2012-2017,2012-2022,0.8884412746262523,2.8259664685492947,0.22166520142272392,0.7880434782608695,0.9999919756572578
GHA,2020,sensitivity_2012_2022,2012-2017,2012-2022,0.8881144692323855,2.865806350265733,0.23589034341240317,0.6630434782608695,0.9999964299152203
GHA,2021,sensitivity_2012_2022,2012-2017,2012-2022,0.9163766485901681,3.086262491735895,0.24296405518848863,0.8043478260869565,0.9999760061779959
GHA,2022,sensitivity_2012_2022,2012-2017,2012-2022,0.8953889843054587,2.8367830916900685,0.202379384139997,0.7989130434782609,0.9998991748895746
GIB,2012,sensitivity_2012_2022,2012-2017,2012-2022,0.8941851089803021,2.471231836896314,0.6551412396660099,0.44642857142857145,1.0
GIB,2013,sensitivity_2012_2022,2012-2017,2012-2022,0.893485403859843,2.512263893657844,0.5847942230288181,0.5625,1.0
GIB,2014,sensitivity_2012_2022,2012-2017,2012-2022,0.5918663147235763,1.5522820760748743,0.5223322918267328,0.5178571428571429,1.0
GIB,2015,sensitivity_2012_2022,2012-2017,2012-2022,0.7184821022694876,2.0276207918260614,0.4674815810625528,0.6071428571428571,1.0
GIB,2016,sensitivity_2012_2022,2012-2017,2012-2022,0.8324088250091207,2.277698990860884,0.4570443469172381,0.6071428571428571,1.0
GIB,2017,sensitivity_2012_2022,2012-2017,2012-2022,0.8418310053599739,2.2185682152691206,0.5745627271971983,0.5535714285714286,1.0
GIB,2018,sensitivity_2012_2022,2012-2017,2012-2022,0.8488396130456164,2.2848832865593436,0.7176019458698857,0.5178571428571429,0.9844274507977121
GIB,2019,sensitivity_2012_2022,2012-2017,2012-2022,0.8043437849793629,2.1182507030029045,0.7623259949667309,0.5267857142857143,0.9991310548925096
GIB,2020,sensitivity_2012_2022,2012-2017,2012-2022,0.8473215585759082,2.334016390497377,0.7455959422762046,0.5178571428571429,0.9970677353394788
GIB,2021,sensitivity_2012_2022,2012-2017,2012-2022,0.8529384168407664,2.3496244174345233,0.6799893430279605,0.4375,0.997956065183178
GIB,2022,sensitivity_2012_2022,2012-2017,2012-2022,0.8820724152450639,2.464218257288718,0.8405603526829152,0.48214285714285715,0.9996884096449398
GIN,2012,sensitivity_2012_2022,2012-2017,2012-2022,0.9196691768928525,2.826860366671701,0.3708778704321306,0.56,1.0
GIN,2013,sensitivity_2012_2022,2012-2017,2012-2022,0.8882801209504236,2.662491324576217,0.2454921009040963,0.7066666666666667,1.0
GIN,2014,sensitivity_2012_2022,2012-2017,2012-2022,0.8560330544650991,2.3339823345044253,0.2681714064441154,0.6866666666666666,1.0
GIN,2015,sensitivity_2012_2022,2012-2017,2012-2022,0.8979013017174426,2.6980305555322603,0.3129036922194757,0.62,1.0
GIN,2016,sensitivity_2012_2022,2012-2017,2012-2022,0.8535374416516393,2.5455174985532154,0.25122909883246236,0.64,1.0
GIN,2017,sensitivity_2012_2022,2012-2017,2012-2022,0.6376000656775993,1.794697717562516,0.4377284719257847,0.5333333333333333,1.0
GIN,2018,sensitivity_2012_2022,2012-2017,2012-2022,0.6528883020504488,1.8751099411654035,0.41688943499685743,0.49333333333333335,0.9999823276506822
GIN,2019,sensitivity_2012_2022,2012-2017,2012-2022,0.6638308003893408,1.8413933882785456,0.4369596679985601,0.5,0.9999871424326757
GIN,2020,sensitivity_2012_2022,2012-2017,2012-2022,0.4889510265217084,1.313965110401095,0.5237304699928268,0.49333333333333335,1.0
GIN,2021,sensitivity_2012_2022,2012-2017,2012-2022,0.6570535268510527,1.541634422286794,0.46212843306736445,0.52,0.9999910136404292
GIN,2022,sensitivity_2012_2022,2012-2017,2012-2022,0.6946106938161298,1.6512753391678126,0.4496619363745147,0.46,0.9996592559588502
GMB,2012,sensitivity_2012_2022,2012-2017,2012-2022,0.8591930741644346,2.450200189175216,0.33827355695901845,0.5462184873949579,1.0
GMB,2013,sensitivity_2012_2022,2012-2017,2012-2022,0.801920432492433,2.180310678739707,0.2441909162127913,0.6302521008403361,1.0
GMB,2014,sensitivity_2012_2022,2012-2017,2012-2022,0.8229881019396383,2.2820242646745426,0.20432366865272195,0.4957983193277311,1.0
GMB,2015,sensitivity_2012_2022,2012-2017,2012-2022,0.7886371687055296,2.0988212646957387,0.22168377791043414,0.5126050420168067,1.0
GMB,2016,sensitivity_2012_2022,2012-2017,2012-2022,0.7359138897327231,2.0649043235332076,0.33970070193604945,0.4789915966386555,1.0
GMB,2017,sensitivity_2012_2022,2012-2017,2012-2022,0.6958004242624642,1.9314338600013248,0.3830156867398882,0.5294117647058824,1.0
GMB,2018,sensitivity_2012_2022,2012-2017,2012-2022,0.7782678772207626,2.3353960282441917,0.4547095937149214,0.5126050420168067,0.9975077246019847
GMB,2019,sensitivity_2012_2022,2012-2017,2012-2022,0.7964624691887813,2.2276290228497846,0.542172199367335,0.48739495798319327,0.998846903433745
GMB,2020,sensitivity_2012_2022,2012-2017,2012-2022,0.5548779162931263,1.4752193112532157,0.7640960640914938,0.42016806722689076,0.9990591051462602
GMB,2021,sensitivity_2012_2022,2012-2017,2012-2022,0.6485168023624012,1.7222989281968295,0.6551348890585639,0.453781512605042,0.988896998690443
GMB,2022,sensitivity_2012_2022,2012-2017,2012-2022,0.856671182233155,2.504131644403757,0.41022650778463393,0.4789915966386555,0.9692075941259728
GNB,2012,sensitivity_2012_2022,2012-2017,2012-2022,0.4720212736432434,1.1062444584278783,0.17452315370380211,0.4492753623188406,1.0
GNB,2013,sensitivity_2012_2022,2012-2017,2012-2022,0.6886601652929625,1.476361133634976,0.28001813259729375,0.4927536231884058,1.0
GNB,2014,sensitivity_2012_2022,2012-2017,2012-2022,0.4924029884862571,1.2110459854677023,0.15748492941651188,0.5362318840579711,1.0
GNB,2015,sensitivity_2012_2022,2012-2017,2012-2022,0.5018781831759176,1.2661148489786453,0.1441657569880934,0.5072463768115942,1.0
GNB,2016,sensitivity_2012_2022,2012-2017,2012-2022,0.5944565235920514,1.3751793893026996,0.14860172645691552,0.5072463768115942,1.0
GNB,2017,sensitivity_2012_2022,2012-2017,2012-2022,0.5429773299662843,1.1870621603470541,0.1508630685579302,0.37681159420289856,1.0
GNB,2018,sensitivity_2012_2022,2012-2017,2012-2022,0.4481366289268326,1.1543593687757472,0.20715816721296978,0.4492753623188406,0.9992729933698947
GNB,2019,sensitivity_2012_2022,2012-2017,2012-2022,0.6442106941529839,1.4079627644538575,0.453537558724658,0.4492753623188406,0.9979245976758918
GNB,2020,sensitivity_2012_2022,2012-2017,2012-2022,0.43851037363041045,1.0526305745714666,0.34493454204376894,0.30434782608695654,0.9639569538190421
GNB,2021,sensitivity_2012_2022,2012-2017,2012-2022,0.48847862576838796,1.1665431376156852,0.32977749404713635,0.391304347826087,0.9966961233962434
GNB,2022,sensitivity_2012_2022,2012-2017,2012-2022,0.18897580203847564,0.54186346767103,0.34061978287126227,0.34782608695652173,0.9960294957271593
GNQ,2012,sensitivity_2012_2022,2012-2017,2012-2022,0.8694821969339097,2.409487952396286,0.38202572320679884,0.5604395604395604,1.0
GNQ,2013,sensitivity_2012_2022,2012-2017,2012-2022,0.8958055772743083,2.5338082031794062,0.3081806417459034,0.5824175824175825,1.0
GNQ,2014,sensitivity_2012_2022,2012-2017,2012-2022,0.8941629650628419,2.4987298305418792,0.2957605258738104,0.4945054945054945,1.0
GNQ,2015,sensitivity_2012_2022,2012-2017,2012-2022,0.9107396863976485,2.704603568314316,0.20054493970677192,0.6043956043956044,1.0
GNQ,2016,sensitivity_2012_2022,2012-2017,2012-2022,0.879938822389364,2.5688634816078126,0.33691418595309297,0.5714285714285714,1.0
GNQ,2017,sensitivity_2012_2022,2012-2017,2012-2022,0.9094154084973197,2.7396067819182335,0.30862403799559923,0.6483516483516484,1.0
GNQ,2018,sensitivity_2012_2022,2012-2017,2012-2022,0.8993741122892791,2.6150945043453304,0.4406959031002646,0.5934065934065934,0.9999871891857577
GNQ,2019,sensitivity_2012_2022,2012-2017,2012-2022,0.8423257393902752,2.421385804686423,0.47309541679391637,0.5604395604395604,0.9705838149701383
GNQ,2020,sensitivity_2012_2022,2012-2017,2012-2022,0.8469291336096404,2.2126351629390153,0.48151708795958825,0.5054945054945055,0.9920744753338838
GNQ,2021,sensitivity_2012_2022,2012-2017,2012-2022,0.8676850063117054,2.4048841926836064,0.3957885765440964,0.4945054945054945,0.9640827477018238
GNQ,2022,sensitivity_2012_2022,2012-2017,2012-2022,0.8914136331631317,2.5713634333975923,0.43378229472760355,0.46153846153846156,0.9998397432921335
GRC,2012,sensitivity_2012_2022,2012-2017,2012-2022,0.9543764179439777,3.590950025745722,0.09817132237586969,0.8604651162790697,1.0
GRC,2013,sensitivity_2012_2022,2012-2017,2012-2022,0.9512640986049729,3.5624947185419122,0.0995312060535384,0.8651162790697674,1.0
GRC,2014,sensitivity_2012_2022,2012-2017,2012-2022,0.9490096574327012,3.56287473753174,0.08104350359252847,0.8976744186046511,1.0
GRC,2015,sensitivity_2012_2022,2012-2017,2012-2022,0.9568796221703962,3.67476590184945,0.08037294807950807,0.9488372093023256,1.0
GRC,2016,sensitivity_2012_2022,2012-2017,2012-2022,0.9572650351273424,3.6928519495364327,0.09447807379271594,0.9441860465116279,1.0
GRC,2017,sensitivity_2012_2022,2012-2017,2012-2022,0.9595977604722575,3.7084620670531594,0.08463598717457096,0.9348837209302325,1.0
GRC,2018,sensitivity_2012_2022,2012-2017,2012-2022,0.9619502253565774,3.739756390576394,0.0998257776714568,0.9348837209302325,1.0
GRC,2019,sensitivity_2012_2022,2012-2017,2012-2022,0.9610847539867492,3.744009988061012,0.11129977744270243,0.9162790697674419,0.9999983129561094
GRC,2020,sensitivity_2012_2022,2012-2017,2012-2022,0.959511670068875,3.69409188770804,0.16765006720563025,0.9348837209302325,0.9999946497210978
GRC,2021,sensitivity_2012_2022,2012-2017,2012-2022,0.9615658721168575,3.7212744602581744,0.15148027907678063,0.9395348837209302,0.9999983287922717
GRC,2022,sensitivity_2012_2022,2012-2017,2012-2022,0.9569339932933416,3.668872390469148,0.16610434263148105,0.9302325581395349,0.9999993617292613
GRD,2012,sensitivity_2012_2022,2012-2017,2012-2022,0.9293793384372189,3.0154249709238754,0.3655705819113011,0.5555555555555556,1.0
GRD,2013,sensitivity_2012_2022,2012-2017,2012-2022,0.9188570810938177,2.9168269439613512,0.30739928068873357,0.6060606060606061,1.0
GRD,2014,sensitivity_2012_2022,2012-2017,2012-2022,0.9470327019822035,3.21356832474907,0.30991342135738015,0.5555555555555556,1.0
GRD,2015,sensitivity_2012_2022,2012-2017,2012-2022,0.9415313966387607,3.136683490045427,0.2742647935748174,0.5656565656565656,1.0
GRD,2016,sensitivity_2012_2022,2012-2017,2012-2022,0.9375963246552846,3.0899083706460977,0.2895229561710505,0.5555555555555556,1.0
GRD,2017,sensitivity_2012_2022,2012-2017,2012-2022,0.9458298727469477,3.228355219472193,0.3042170210150165,0.5050505050505051,1.0
GRD,2018,sensitivity_2012_2022,2012-2017,2012-2022,0.9278802862388686,2.9504846578165376,0.3467038931240283,0.48484848484848486,0.9764789774427525
GRD,2019,sensitivity_2012_2022,2012-2017,2012-2022,0.9310447505130237,2.9726052489311265,0.417480527111569,0.47474747474747475,0.9859190199084757
GRD,2020,sensitivity_2012_2022,2012-2017,2012-2022,0.9406025425260665,3.118928580258772,0.4401115356520302,0.45454545454545453,0.970782480104968
GRD,2021,sensitivity_2012_2022,2012-2017,2012-2022,0.9388414486832617,3.1057939339854657,0.45734425132811934,0.47474747474747475,0.956471694593444
GRD,2022,sensitivity_2012_2022,2012-2017,2012-2022,0.9551439537259259,3.312991430315197,0.4134707226454366,0.46464646464646464,0.966288316406003
GRL,2012,sensitivity_2012_2022,2012-2017,2012-2022,0.49934703906396405,1.2831473250478873,0.1289623352924273,0.4358974358974359,1.0
GRL,2013,sensitivity_2012_2022,2012-2017,2012-2022,0.5644904751819987,1.505036235949342,0.08758534234855148,0.6025641025641025,1.0
GRL,2014,sensitivity_2012_2022,2012-2017,2012-2022,0.5993897527351867,1.6190569467467437,0.07238004312366243,0.5641025641025641,1.0
GRL,2015,sensitivity_2012_2022,2012-2017,2012-2022,0.6146210036520359,1.6041663288428338,0.07941782831238711,0.5641025641025641,1.0
GRL,2016,sensitivity_2012_2022,2012-2017,2012-2022,0.5775627298521171,1.5241997596046915,0.08256114266737423,0.5769230769230769,1.0
GRL,2017,sensitivity_2012_2022,2012-2017,2012-2022,0.6029872575788278,1.568195753111675,0.10842048483094287,0.5641025641025641,1.0
GRL,2018,sensitivity_2012_2022,2012-2017,2012-2022,0.5012037907910603,1.3331585595947504,0.12013005106195844,0.5384615384615384,0.9998204773288022
GRL,2019,sensitivity_2012_2022,2012-2017,2012-2022,0.48532215060640405,1.2778393240267674,0.1188030521840175,0.5,0.9997274013364373
GRL,2020,sensitivity_2012_2022,2012-2017,2012-2022,0.5419439776359776,1.4201064036750173,0.09146042367561145,0.4358974358974359,0.9998724379794379
GRL,2021,sensitivity_2012_2022,2012-2017,2012-2022,0.5837808756959315,1.551342110652526,0.10261794650090494,0.5641025641025641,0.9998726812945733
GRL,2022,sensitivity_2012_2022,2012-2017,2012-2022,0.555979963709107,1.4418381503217081,0.14747616695403348,0.5128205128205128,0.9987805424848297
GTM,2012,sensitivity_2012_2022,2012-2017,2012-2022,0.9239760048878589,3.1581441696897636,0.09007689404985175,0.8216216216216217,1.0
GTM,2013,sensitivity_2012_2022,2012-2017,2012-2022,0.9266654233826613,3.2249721787539736,0.06735787034992002,0.8216216216216217,1.0
GTM,2014,sensitivity_2012_2022,2012-2017,2012-2022,0.9294208256870283,3.2514415215730788,0.07105631742381299,0.8216216216216217,1.0
GTM,2015,sensitivity_2012_2022,2012-2017,2012-2022,0.9311518609732418,3.301649881813158,0.0608258676862862,0.8378378378378378,1.0
GTM,2016,sensitivity_2012_2022,2012-2017,2012-2022,0.9287630073205972,3.26916595412922,0.06732935849705128,0.8162162162162162,1.0
GTM,2017,sensitivity_2012_2022,2012-2017,2012-2022,0.9322507359954932,3.327196897059313,0.07911379681546787,0.8702702702702703,1.0
GTM,2018,sensitivity_2012_2022,2012-2017,2012-2022,0.924262485085512,3.2263917501481023,0.0893826041058868,0.8702702702702703,1.0
GTM,2019,sensitivity_2012_2022,2012-2017,2012-2022,0.925149529608511,3.23957279729028,0.11037793460227112,0.8486486486486486,0.9996905576101545
GTM,2020,sensitivity_2012_2022,2012-2017,2012-2022,0.9297981377223727,3.2423985382999367,0.12655016086836796,0.8324324324324325,0.9999157445210496
GTM,2021,sensitivity_2012_2022,2012-2017,2012-2022,0.9187573335732747,3.1286188031857796,0.13384587893581165,0.8108108108108109,0.9999829089412339
GTM,2022,sensitivity_2012_2022,2012-2017,2012-2022,0.9169325305489975,3.0816839623821854,0.1396526823148489,0.8054054054054054,0.9999948041292543
GUM,2012,sensitivity_2012_2022,2012-2017,2012-2022,0.7502871487653735,1.6535651092653938,0.22409185383812938,0.5370370370370371,1.0
GUM,2013,sensitivity_2012_2022,2012-2017,2012-2022,0.7764230094004405,1.8324103236615679,0.15249948136558242,0.5185185185185185,1.0
GUM,2014,sensitivity_2012_2022,2012-2017,2012-2022,0.7685735318712226,1.7909060688933953,0.34188113547838483,0.46296296296296297,1.0
GUM,2015,sensitivity_2012_2022,2012-2017,2012-2022,0.769641829300971,1.8198759723321136,0.41555812874804016,0.48148148148148145,1.0
GUM,2016,sensitivity_2012_2022,2012-2017,2012-2022,0.8215911490149652,2.0056621706941273,0.3385498040130236,0.5370370370370371,1.0
GUM,2017,sensitivity_2012_2022,2012-2017,2012-2022,0.8676504552497467,2.354210194432253,0.3080127246469115,0.6296296296296297,1.0
GUM,2018,sensitivity_2012_2022,2012-2017,2012-2022,0.8469739679327104,2.141033294872097,0.3614653545646268,0.5,0.9979476630390178
GUM,2019,sensitivity_2012_2022,2012-2017,2012-2022,0.8190053589473054,1.9904343104259725,0.5862848273747635,0.3888888888888889,0.9881661115404816
GUM,2020,sensitivity_2012_2022,2012-2017,2012-2022,0.5619881828976505,1.396441143395442,0.7424512944890592,0.4074074074074074,0.9838060790058882
GUM,2021,sensitivity_2012_2022,2012-2017,2012-2022,0.7941922164223296,1.8821350179390826,0.7232882576958389,0.35185185185185186,0.9315489755783278
GUM,2022,sensitivity_2012_2022,2012-2017,2012-2022,0.8172829450454521,2.010607404722176,0.7567960706305629,0.3888888888888889,0.9788435917046068
GUY,2012,sensitivity_2012_2022,2012-2017,2012-2022,0.789169567786903,2.3551162620765047,0.18567450489984794,0.7816901408450704,1.0
GUY,2013,sensitivity_2012_2022,2012-2017,2012-2022,0.8153442475221392,2.4080520770943292,0.16116917933381247,0.7112676056338029,1.0
GUY,2014,sensitivity_2012_2022,2012-2017,2012-2022,0.8836151635163931,2.819623710714263,0.13451490476947697,0.704225352112676,1.0
GUY,2015,sensitivity_2012_2022,2012-2017,2012-2022,0.9009571336917377,3.028919216362987,0.1522707722431581,0.7394366197183099,1.0
GUY,2016,sensitivity_2012_2022,2012-2017,2012-2022,0.816096158675053,2.6413596417944243,0.19791297774825523,0.7253521126760564,1.0
GUY,2017,sensitivity_2012_2022,2012-2017,2012-2022,0.8681601022357878,2.778002930484967,0.20108053892037625,0.7394366197183099,1.0
GUY,2018,sensitivity_2012_2022,2012-2017,2012-2022,0.8256378556173285,2.5609403667611343,0.2673200280240592,0.7323943661971831,0.9995819158297865
GUY,2019,sensitivity_2012_2022,2012-2017,2012-2022,0.854123030876988,2.5818533450989642,0.26252701033032844,0.6830985915492958,0.9996419631234915
GUY,2020,sensitivity_2012_2022,2012-2017,2012-2022,0.8617189386496974,2.630033269493699,0.46501280517623883,0.647887323943662,0.9943854884006179
GUY,2021,sensitivity_2012_2022,2012-2017,2012-2022,0.8553206649565954,2.4935395495894683,0.6587388142439604,0.6408450704225352,0.9987179864698371
GUY,2022,sensitivity_2012_2022,2012-2017,2012-2022,0.8418680781167219,2.318164492110878,0.7478439630128153,0.6408450704225352,0.9994173930496306
HKG,2012,sensitivity_2012_2022,2012-2017,2012-2022,0.9605217358556213,3.6518029734746422,0.09036342260272615,0.9805825242718447,1.0
HKG,2013,sensitivity_2012_2022,2012-2017,2012-2022,0.960020927470701,3.6680819696484424,0.0662355563371553,0.9902912621359223,1.0
HKG,2014,sensitivity_2012_2022,2012-2017,2012-2022,0.9623716107517196,3.7103881223884083,0.06543884377189722,0.970873786407767,1.0
HKG,2015,sensitivity_2012_2022,2012-2017,2012-2022,0.9607587312513299,3.686704710222674,0.07775761561569941,0.9805825242718447,1.0
HKG,2016,sensitivity_2012_2022,2012-2017,2012-2022,0.9553610505168779,3.5601047288256042,0.09031695671066109,0.9757281553398058,1.0
HKG,2017,sensitivity_2012_2022,2012-2017,2012-2022,0.9508461300698448,3.4995105797077697,0.10828274727802782,0.9757281553398058,1.0
HKG,2018,sensitivity_2012_2022,2012-2017,2012-2022,0.9479521762324723,3.5197352027237505,0.12910068807541514,0.9805825242718447,1.0
HKG,2019,sensitivity_2012_2022,2012-2017,2012-2022,0.9522800335236475,3.5337706810828475,0.11914560136883456,0.970873786407767,1.0
HKG,2020,sensitivity_2012_2022,2012-2017,2012-2022,0.941570565068788,3.3802016241928445,0.18934340351572224,0.9757281553398058,1.0
HKG,2021,sensitivity_2012_2022,2012-2017,2012-2022,0.9488136331104882,3.474479490869151,0.13506963597289467,0.9611650485436893,1.0
HKG,2022,sensitivity_2012_2022,2012-2017,2012-2022,0.9416369405445638,3.3719742966451625,0.1895202690371844,0.9660194174757282,1.0
HMD,2012,sensitivity_2012_2022,2012-2017,2012-2022,0.0016591484868513362,0.007795304292602429,1.4449410496740926,0.2857142857142857,1.0
HMD,2013,sensitivity_2012_2022,2012-2017,2012-2022,0.01410124344106356,0.05299100516727334,1.4418142724714176,0.5238095238095238,1.0
HMD,2014,sensitivity_2012_2022,2012-2017,2012-2022,0.6740138534804445,1.4598948642909102,1.9512406710127659,0.3333333333333333,1.0
HMD,2015,sensitivity_2012_2022,2012-2017,2012-2022,0.5541175935222018,0.8897756674649882,1.7470201215528272,0.14285714285714285,1.0
HMD,2016,sensitivity_2012_2022,2012-2017,2012-2022,0.3499765968518058,0.5345421716834807,1.5924967746230934,0.09523809523809523,1.0
HMD,2017,sensitivity_2012_2022,2012-2017,2012-2022,0.20760868702556157,0.5213980989022642,1.4418142724714176,0.2857142857142857,1.0
HMD,2018,sensitivity_2012_2022,2012-2017,2012-2022,0.4742710275351747,0.6671928768428947,1.983010021949154,0.09523809523809523,0.5415958925262507
HMD,2019,sensitivity_2012_2022,2012-2017,2012-2022,0.6362743172121252,1.1721638334976778,2.1063660126734156,0.19047619047619047,0.8761846352485475
HMD,2020,sensitivity_2012_2022,2012-2017,2012-2022,0.5045141769787995,0.8167359811945678,2.017122517625169,0.14285714285714285,0.7726313681208066
HMD,2021,sensitivity_2012_2022,2012-2017,2012-2022,0.4463035726495118,0.6384458183050106,2.0255030145460973,0.09523809523809523,0.328313816582089
HMD,2022,sensitivity_2012_2022,2012-2017,2012-2022,0.5408453041007502,0.9197802316073849,1.858755078095016,0.14285714285714285,0.2076428761384097
HND,2012,sensitivity_2012_2022,2012-2017,2012-2022,0.9283878077702824,3.1322593020024816,0.12483632094890729,0.8,1.0
HND,2013,sensitivity_2012_2022,2012-2017,2012-2022,0.9161137796136432,3.0101476726858154,0.1389616803365018,0.7818181818181819,1.0
HND,2014,sensitivity_2012_2022,2012-2017,2012-2022,0.9322285274971928,3.1503280285942283,0.06308839737161819,0.8121212121212121,1.0
HND,2015,sensitivity_2012_2022,2012-2017,2012-2022,0.9303377798900825,3.117892438210064,0.05116455432935356,0.8121212121212121,1.0
HND,2016,sensitivity_2012_2022,2012-2017,2012-2022,0.9264954954584919,3.046932955266042,0.08071096609627411,0.8,1.0
HND,2017,sensitivity_2012_2022,2012-2017,2012-2022,0.9320375642101085,3.127547953630533,0.10643811930707359,0.8303030303030303,1.0
HND,2018,sensitivity_2012_2022,2012-2017,2012-2022,0.929118351673679,3.0796080400843735,0.11642704635578015,0.8363636363636363,0.9999841410353963
HND,2019,sensitivity_2012_2022,2012-2017,2012-2022,0.9304815312707386,3.0774610925036887,0.12033267715449802,0.8363636363636363,0.9998399540120502
HND,2020,sensitivity_2012_2022,2012-2017,2012-2022,0.9304803356827874,3.0643024467561917,0.12286033016002539,0.7636363636363637,0.9999192675469943
HND,2021,sensitivity_2012_2022,2012-2017,2012-2022,0.9254609449677565,3.0162478122288423,0.13504882935091106,0.793939393939394,0.9999611409904353
HND,2022,sensitivity_2012_2022,2012-2017,2012-2022,0.9048741053559286,2.8219344759495395,0.2066331173433658,0.7151515151515152,0.999979029434743
HRV,2012,sensitivity_2012_2022,2012-2017,2012-2022,0.9270611005045213,3.215556206328615,0.09626657611078857,0.8316326530612245,1.0
HRV,2013,sensitivity_2012_2022,2012-2017,2012-2022,0.9238567223056525,3.1781866472356475,0.07242637198310242,0.8469387755102041,1.0
HRV,2014,sensitivity_2012_2022,2012-2017,2012-2022,0.9224568899314411,3.1563766508686126,0.06439165321109078,0.8775510204081632,1.0
HRV,2015,sensitivity_2012_2022,2012-2017,2012-2022,0.9263788350550678,3.2031102560120726,0.060874432755922095,0.8622448979591837,1.0
HRV,2016,sensitivity_2012_2022,2012-2017,2012-2022,0.9244020191555646,3.167254269967701,0.07694313867694537,0.8469387755102041,1.0
HRV,2017,sensitivity_2012_2022,2012-2017,2012-2022,0.9293168122501055,3.2300612594173757,0.07000837895388486,0.8469387755102041,1.0
HRV,2018,sensitivity_2012_2022,2012-2017,2012-2022,0.9240182434095565,3.166897597037674,0.09022866933541882,0.9081632653061225,0.9999925327741566
HRV,2019,sensitivity_2012_2022,2012-2017,2012-2022,0.9240329830311746,3.1427720873682436,0.09164215901868157,0.8622448979591837,0.9999924604442116
HRV,2020,sensitivity_2012_2022,2012-2017,2012-2022,0.930308629923619,3.178605942060601,0.12321190073938718,0.8877551020408163,0.9999953896141415
HRV,2021,sensitivity_2012_2022,2012-2017,2012-2022,0.9244987367899316,3.0959664204271173,0.12220540700316934,0.8673469387755102,0.9999976209183064
HRV,2022,sensitivity_2012_2022,2012-2017,2012-2022,0.911494106734413,2.985462263285104,0.12856120761474413,0.8520408163265306,0.9999568410061107
HTI,2012,sensitivity_2012_2022,2012-2017,2012-2022,0.9127005292756596,2.9041030722697867,0.27602101150789937,0.6190476190476191,1.0
HTI,2013,sensitivity_2012_2022,2012-2017,2012-2022,0.9139845552244686,2.932380415672596,0.2503568546535921,0.626984126984127,1.0
HTI,2014,sensitivity_2012_2022,2012-2017,2012-2022,0.8997280286937244,2.87150424361054,0.21469553782486808,0.6587301587301587,1.0
HTI,2015,sensitivity_2012_2022,2012-2017,2012-2022,0.8205929306107209,2.4535295430165465,0.23049779304291096,0.6904761904761905,1.0
HTI,2016,sensitivity_2012_2022,2012-2017,2012-2022,0.8358089055648348,2.5153085326964733,0.25739695260882745,0.6746031746031746,1.0
HTI,2017,sensitivity_2012_2022,2012-2017,2012-2022,0.8825470896337833,2.7856791467143465,0.1905377721268269,0.7222222222222222,1.0
HTI,2018,sensitivity_2012_2022,2012-2017,2012-2022,0.9093405610850833,2.9146339865755433,0.27082402500836894,0.6349206349206349,0.9986311495431194
HTI,2019,sensitivity_2012_2022,2012-2017,2012-2022,0.8431002494366872,2.668599183677697,0.3756426522618349,0.6428571428571429,0.9988662287958178
HTI,2020,sensitivity_2012_2022,2012-2017,2012-2022,0.8663202530764645,2.7037213168064285,0.3141723822777377,0.6190476190476191,0.9993678834518795
HTI,2021,sensitivity_2012_2022,2012-2017,2012-2022,0.8781552185155892,2.6790807717661447,0.3647426606402286,0.5714285714285714,0.9991398307572583
HTI,2022,sensitivity_2012_2022,2012-2017,2012-2022,0.8827887959214702,2.675294242599674,0.3111857114132908,0.5079365079365079,0.9991184357026431
HUN,2012,sensitivity_2012_2022,2012-2017,2012-2022,0.9060117398315579,3.133105990246409,0.056700670533474856,0.9,1.0
HUN,2013,sensitivity_2012_2022,2012-2017,2012-2022,0.9012130103392498,3.108366915058907,0.039946550902514644,0.8761904761904762,1.0
HUN,2014,sensitivity_2012_2022,2012-2017,2012-2022,0.8879887758249395,3.047767587561079,0.026257042820290143,0.9142857142857143,1.0
HUN,2015,sensitivity_2012_2022,2012-2017,2012-2022,0.8887734859137266,3.065706365464518,0.03312137141608361,0.9285714285714286,1.0
HUN,2016,sensitivity_2012_2022,2012-2017,2012-2022,0.883607613366808,3.0350455493378012,0.04430604131071464,0.9476190476190476,1.0
HUN,2017,sensitivity_2012_2022,2012-2017,2012-2022,0.8929533050691058,3.0719254872599056,0.039222783360801386,0.9428571428571428,1.0
HUN,2018,sensitivity_2012_2022,2012-2017,2012-2022,0.8876210409717782,3.0370523173939725,0.0495501661130743,0.9333333333333333,0.9999994314021018
HUN,2019,sensitivity_2012_2022,2012-2017,2012-2022,0.8892073391322233,3.042393498467167,0.052021652807737004,0.9333333333333333,0.9999983241278074
HUN,2020,sensitivity_2012_2022,2012-2017,2012-2022,0.8875002432705531,3.0391551202373055,0.05876493663516574,0.9428571428571428,0.9999995260686332
HUN,2021,sensitivity_2012_2022,2012-2017,2012-2022,0.8929759587220164,3.0743037916246543,0.06509983428511737,0.9285714285714286,0.9999994983970235
HUN,2022,sensitivity_2012_2022,2012-2017,2012-2022,0.9017710487469901,3.1245048573963046,0.07776691500241642,0.9428571428571428,0.999998922346765
IDN,2012,sensitivity_2012_2022,2012-2017,2012-2022,0.9237218106494128,3.1870478791166805,0.07907799356296416,0.9812206572769953,1.0
IDN,2013,sensitivity_2012_2022,2012-2017,2012-2022,0.9290307922086285,3.2608975817062573,0.049237661085175105,0.9765258215962441,1.0
IDN,2014,sensitivity_2012_2022,2012-2017,2012-2022,0.935117308358798,3.326060757380602,0.03759029352417628,0.9765258215962441,1.0
IDN,2015,sensitivity_2012_2022,2012-2017,2012-2022,0.9407422198454554,3.393747258893725,0.03777559084488474,0.9859154929577465,1.0
IDN,2016,sensitivity_2012_2022,2012-2017,2012-2022,0.9436558129198063,3.4223072677981343,0.05835410839269365,0.9859154929577465,1.0
IDN,2017,sensitivity_2012_2022,2012-2017,2012-2022,0.9422310785169823,3.397119571754244,0.07544139548093953,0.9624413145539906,1.0
IDN,2018,sensitivity_2012_2022,2012-2017,2012-2022,0.9417877846559845,3.3932155019645496,0.07660256210656757,0.9671361502347418,1.0
IDN,2019,sensitivity_2012_2022,2012-2017,2012-2022,0.9433482307350438,3.4232468458812635,0.08909881048351853,0.971830985915493,1.0
IDN,2020,sensitivity_2012_2022,2012-2017,2012-2022,0.9481790103038725,3.4798177451158194,0.10614292661554242,0.971830985915493,1.0
IDN,2021,sensitivity_2012_2022,2012-2017,2012-2022,0.9498934924583889,3.4985758829551132,0.13069725433095777,0.971830985915493,0.9999996669935582
IDN,2022,sensitivity_2012_2022,2012-2017,2012-2022,0.9433419066298422,3.413087392944955,0.14418857718711356,0.9765258215962441,1.0
IND,2012,sensitivity_2012_2022,2012-2017,2012-2022,0.957940645652345,3.8734836638905152,0.09125745820650946,0.963963963963964,1.0
IND,2013,sensitivity_2012_2022,2012-2017,2012-2022,0.9642330455087164,3.938396620943297,0.06652279734217265,0.9684684684684685,1.0
IND,2014,sensitivity_2012_2022,2012-2017,2012-2022,0.9654002342311587,3.968758857644218,0.06121963547719944,0.9594594594594594,1.0
IND,2015,sensitivity_2012_2022,2012-2017,2012-2022,0.963048860410617,3.969469645373375,0.044965015590232346,0.9594594594594594,1.0
IND,2016,sensitivity_2012_2022,2012-2017,2012-2022,0.9613234684219705,3.9444222757752923,0.06815178715044876,0.963963963963964,1.0
IND,2017,sensitivity_2012_2022,2012-2017,2012-2022,0.9653972132173118,3.965287571495468,0.07916723643140836,0.954954954954955,1.0
IND,2018,sensitivity_2012_2022,2012-2017,2012-2022,0.9682686573130974,4.007634530874304,0.08687607334957759,0.9684684684684685,1.0
IND,2019,sensitivity_2012_2022,2012-2017,2012-2022,0.9680003131124055,4.040043838919882,0.09290862391194223,0.9684684684684685,0.9999998581235354
IND,2020,sensitivity_2012_2022,2012-2017,2012-2022,0.9737039505126542,4.11600572840297,0.1256177940250826,0.954954954954955,1.0
IND,2021,sensitivity_2012_2022,2012-2017,2012-2022,0.9736280600648619,4.089052767759661,0.1451867229484567,0.954954954954955,1.0
IND,2022,sensitivity_2012_2022,2012-2017,2012-2022,0.9739379856812926,4.094014149478004,0.15929452634600727,0.963963963963964,0.9999997398636749
IRL,2012,sensitivity_2012_2022,2012-2017,2012-2022,0.9067455419580239,3.061188182908109,0.05774605390267229,0.897196261682243,1.0
IRL,2013,sensitivity_2012_2022,2012-2017,2012-2022,0.9137591834382732,3.1204437453135947,0.0589169513317874,0.9158878504672897,1.0
IRL,2014,sensitivity_2012_2022,2012-2017,2012-2022,0.911002693187722,3.116178857730987,0.056427786030553574,0.9485981308411215,1.0
IRL,2015,sensitivity_2012_2022,2012-2017,2012-2022,0.9127526783088699,3.105057252619691,0.05799608217350237,0.9065420560747663,1.0
IRL,2016,sensitivity_2012_2022,2012-2017,2012-2022,0.9171042490913629,3.0891535055395165,0.07616410635208863,0.9345794392523364,1.0
IRL,2017,sensitivity_2012_2022,2012-2017,2012-2022,0.9131770993711086,3.0772348140223373,0.09349347841512912,0.9299065420560748,1.0
IRL,2018,sensitivity_2012_2022,2012-2017,2012-2022,0.9114937267165171,3.0347841621919907,0.13306654777509735,0.9439252336448598,0.9999997659423067
IRL,2019,sensitivity_2012_2022,2012-2017,2012-2022,0.9137067682607769,3.050348608905715,0.1456142260351365,0.9345794392523364,0.999999847566309
IRL,2020,sensitivity_2012_2022,2012-2017,2012-2022,0.9114953523749559,3.0400781095023306,0.17968779337800475,0.9485981308411215,0.9999981624313573
IRL,2021,sensitivity_2012_2022,2012-2017,2012-2022,0.9160460713030901,3.1136260253456007,0.17634900546999127,0.9345794392523364,0.9999622151340497
IRL,2022,sensitivity_2012_2022,2012-2017,2012-2022,0.9117369566321838,3.056623540064863,0.1954826165120057,0.9532710280373832,0.9999995958828225
IRN,2012,sensitivity_2012_2022,2012-2017,2012-2022,0.8696771480486802,2.5174501689310365,0.2679312193600961,0.7861271676300579,1.0
IRN,2013,sensitivity_2012_2022,2012-2017,2012-2022,0.876257975019558,2.5104446252550057,0.1064627362072762,0.9190751445086706,1.0
IRN,2014,sensitivity_2012_2022,2012-2017,2012-2022,0.8794865361852627,2.569257177985763,0.11929617103362627,0.8901734104046243,1.0
IRN,2015,sensitivity_2012_2022,2012-2017,2012-2022,0.8905081871831882,2.697229975494272,0.13121507212604067,0.8959537572254336,1.0
IRN,2016,sensitivity_2012_2022,2012-2017,2012-2022,0.9169116183794598,2.936580405054962,0.13413421669190576,0.9075144508670521,1.0
IRN,2017,sensitivity_2012_2022,2012-2017,2012-2022,0.9160964301339616,2.909647987751534,0.1403624970262788,0.9190751445086706,1.0
IRN,2018,sensitivity_2012_2022,2012-2017,2012-2022,0.9039372739141175,2.8299454192626197,0.17991671377711704,0.9132947976878613,0.999999648320404
IRN,2019,sensitivity_2012_2022,2012-2017,2012-2022,0.8862939182355388,2.7573027142312743,0.24651935083165172,0.884393063583815,0.9999848177149383
IRN,2020,sensitivity_2012_2022,2012-2017,2012-2022,0.8424027600684529,2.7317057107378666,0.5265539449892109,0.861271676300578,0.9999850433089252
IRN,2021,sensitivity_2012_2022,2012-2017,2012-2022,0.8270484728544744,2.6314617450085227,0.4721697300011334,0.9075144508670521,0.9999945408117092
IRN,2022,sensitivity_2012_2022,2012-2017,2012-2022,0.8690937153427227,2.79210394495367,0.4258704108827793,0.8901734104046243,0.9999989416357515
IRQ,2012,sensitivity_2012_2022,2012-2017,2012-2022,0.8542080976751656,2.395764354618294,0.13797490168921497,0.6422018348623854,1.0
IRQ,2013,sensitivity_2012_2022,2012-2017,2012-2022,0.8330357263802954,2.321509844520506,0.1187707749951471,0.6513761467889908,1.0
IRQ,2014,sensitivity_2012_2022,2012-2017,2012-2022,0.8578549750206732,2.459132371095474,0.10334606115700444,0.6330275229357798,1.0
IRQ,2015,sensitivity_2012_2022,2012-2017,2012-2022,0.8558543334729554,2.450191425987331,0.08916684288387178,0.6605504587155964,1.0
IRQ,2016,sensitivity_2012_2022,2012-2017,2012-2022,0.8566047812790123,2.4304065757649944,0.10232924638263936,0.6788990825688074,1.0
IRQ,2017,sensitivity_2012_2022,2012-2017,2012-2022,0.8404254760130417,2.4082534205636215,0.12300316819528345,0.6880733944954128,1.0
IRQ,2018,sensitivity_2012_2022,2012-2017,2012-2022,0.8240172004761025,2.3217364849444095,0.12312297145536616,0.6605504587155964,0.999997013039728
IRQ,2019,sensitivity_2012_2022,2012-2017,2012-2022,0.8255561537581668,2.283666999649229,0.14247187804357886,0.6972477064220184,0.9990231845392404
IRQ,2020,sensitivity_2012_2022,2012-2017,2012-2022,0.7947511334698975,2.0937320804801773,0.28953640644851725,0.6146788990825688,0.9986481070470489
IRQ,2021,sensitivity_2012_2022,2012-2017,2012-2022,0.7605122675638771,2.119674753974593,0.24361325922531896,0.6788990825688074,0.9988900432781711
IRQ,2022,sensitivity_2012_2022,2012-2017,2012-2022,0.7548978130877065,2.051508611879202,0.22266971854326326,0.6972477064220184,0.9971854788111821
ISL,2012,sensitivity_2012_2022,2012-2017,2012-2022,0.8714309276140615,2.7756819532678763,0.09394080037808455,0.8206521739130435,1.0
ISL,2013,sensitivity_2012_2022,2012-2017,2012-2022,0.8818210078787713,2.79243338781412,0.12325467820607866,0.8206521739130435,1.0
ISL,2014,sensitivity_2012_2022,2012-2017,2012-2022,0.8794476001644606,2.7430560020470147,0.13272112729843757,0.8369565217391305,1.0
ISL,2015,sensitivity_2012_2022,2012-2017,2012-2022,0.871228877600546,2.81296608814959,0.07398892383175555,0.7989130434782609,1.0
ISL,2016,sensitivity_2012_2022,2012-2017,2012-2022,0.8975853022274208,2.8947558856853997,0.12452881725447433,0.842391304347826,1.0
ISL,2017,sensitivity_2012_2022,2012-2017,2012-2022,0.882871441994352,2.826053151038992,0.11048397256584001,0.7989130434782609,1.0
ISL,2018,sensitivity_2012_2022,2012-2017,2012-2022,0.8882973976041577,2.842895078938927,0.13499055884604833,0.842391304347826,0.9999610403932886
ISL,2019,sensitivity_2012_2022,2012-2017,2012-2022,0.8818277707402922,2.7906108552136777,0.12344091484305293,0.7989130434782609,0.9999691714470864
ISL,2020,sensitivity_2012_2022,2012-2017,2012-2022,0.8814247953390356,2.807782980766477,0.1623879374354228,0.7445652173913043,0.9999640309658402
ISL,2021,sensitivity_2012_2022,2012-2017,2012-2022,0.8540370054391568,2.6728259156897787,0.1904558898553897,0.8206521739130435,0.9999503005392268
ISL,2022,sensitivity_2012_2022,2012-2017,2012-2022,0.8418555359158373,2.5462229528176836,0.19011104809231175,0.782608695652174,0.999893169384792
ISR,2012,sensitivity_2012_2022,2012-2017,2012-2022,0.9547273421560434,3.5601704232683677,0.07902991940338096,0.9186602870813397,1.0
ISR,2013,sensitivity_2012_2022,2012-2017,2012-2022,0.956438951679929,3.5758258139610843,0.07107569706701172,0.9186602870813397,1.0
ISR,2014,sensitivity_2012_2022,2012-2017,2012-2022,0.95315623568984,3.540420315076396,0.06439635538160207,0.8708133971291866,1.0
ISR,2015,sensitivity_2012_2022,2012-2017,2012-2022,0.953761697343099,3.5502045632140016,0.06440352777596368,0.8755980861244019,1.0
ISR,2016,sensitivity_2012_2022,2012-2017,2012-2022,0.9547347954511815,3.551777239019792,0.061938147782409664,0.8755980861244019,1.0
ISR,2017,sensitivity_2012_2022,2012-2017,2012-2022,0.9552144585553726,3.5359164916464194,0.0865570166077725,0.8564593301435407,1.0
ISR,2018,sensitivity_2012_2022,2012-2017,2012-2022,0.9540225335281818,3.5040646293918423,0.10483982285251349,0.7703349282296651,1.0
ISR,2019,sensitivity_2012_2022,2012-2017,2012-2022,0.9565271114526032,3.527259978340865,0.12254965839000816,0.7416267942583732,0.9999996828113582
ISR,2020,sensitivity_2012_2022,2012-2017,2012-2022,0.9592303923543309,3.5988365415429806,0.16762992604528285,0.84688995215311,0.9999973095981938
ISR,2021,sensitivity_2012_2022,2012-2017,2012-2022,0.9599307252960237,3.5862413366209527,0.18917008372919708,0.8708133971291866,0.9999681800509601
ISR,2022,sensitivity_2012_2022,2012-2017,2012-2022,0.9604877336122071,3.58922922998579,0.2285187145055672,0.8516746411483254,0.9999997451223244
ITA,2012,sensitivity_2012_2022,2012-2017,2012-2022,0.949127770968135,3.678039929278164,0.040087072349069046,0.9424778761061947,1.0
ITA,2013,sensitivity_2012_2022,2012-2017,2012-2022,0.951083134912347,3.7054312457931795,0.031863739582504554,0.9778761061946902,1.0
ITA,2014,sensitivity_2012_2022,2012-2017,2012-2022,0.9505406497008356,3.6993304893832386,0.022650699749114184,0.9690265486725663,1.0
ITA,2015,sensitivity_2012_2022,2012-2017,2012-2022,0.9503383643379568,3.6900739770612945,0.024908391757068542,0.9646017699115044,1.0
ITA,2016,sensitivity_2012_2022,2012-2017,2012-2022,0.9484064626623554,3.6739988048316574,0.03100873767206827,0.9734513274336283,1.0
ITA,2017,sensitivity_2012_2022,2012-2017,2012-2022,0.9507536016902096,3.6924601975850337,0.03550048899830155,0.9690265486725663,1.0
ITA,2018,sensitivity_2012_2022,2012-2017,2012-2022,0.9469775717397259,3.657936488051863,0.04869372868400661,0.9557522123893806,1.0
ITA,2019,sensitivity_2012_2022,2012-2017,2012-2022,0.9484067628806309,3.6627507897282694,0.048812883446818014,0.9734513274336283,1.0
ITA,2020,sensitivity_2012_2022,2012-2017,2012-2022,0.945334669459219,3.607203223325163,0.06498196918303506,0.9601769911504425,1.0
ITA,2021,sensitivity_2012_2022,2012-2017,2012-2022,0.9460198775630521,3.621701864734378,0.0716506220578858,0.9513274336283186,1.0
ITA,2022,sensitivity_2012_2022,2012-2017,2012-2022,0.9485678507403508,3.647306243956873,0.0778459080116959,0.9601769911504425,1.0
JAM,2012,sensitivity_2012_2022,2012-2017,2012-2022,0.948278694744624,3.3958492306793753,0.3228718396367448,0.7547169811320755,1.0
JAM,2013,sensitivity_2012_2022,2012-2017,2012-2022,0.9054980426649806,3.0642045426480116,0.22133663871051076,0.779874213836478,1.0
JAM,2014,sensitivity_2012_2022,2012-2017,2012-2022,0.9190104259589851,3.143232992766757,0.21014902957260942,0.7672955974842768,1.0
JAM,2015,sensitivity_2012_2022,2012-2017,2012-2022,0.9031958363819655,3.0008466418720183,0.2114718879709162,0.7295597484276729,1.0
JAM,2016,sensitivity_2012_2022,2012-2017,2012-2022,0.9112523579019134,3.131327330026433,0.22369242669677775,0.7672955974842768,1.0
JAM,2017,sensitivity_2012_2022,2012-2017,2012-2022,0.9284569507102755,3.292264407175262,0.19288816948473175,0.7861635220125787,1.0
JAM,2018,sensitivity_2012_2022,2012-2017,2012-2022,0.9220659047455424,3.098541098724326,0.3861088506698793,0.7735849056603774,0.9999226207414624
JAM,2019,sensitivity_2012_2022,2012-2017,2012-2022,0.9306282889819822,3.2009358345718546,0.3636200234451486,0.7421383647798742,0.9998729476717539
JAM,2020,sensitivity_2012_2022,2012-2017,2012-2022,0.9338503444176853,3.2402524374225,0.35717841405018513,0.7044025157232704,0.9990137499010494
JAM,2021,sensitivity_2012_2022,2012-2017,2012-2022,0.9535043654582199,3.5037690526934555,0.3603622281604579,0.7295597484276729,0.9996891300868824
JAM,2022,sensitivity_2012_2022,2012-2017,2012-2022,0.9451154984356103,3.4349791428568737,0.45766805558187984,0.7547169811320755,0.9996968157768744
JOR,2012,sensitivity_2012_2022,2012-2017,2012-2022,0.9083027484405225,3.037353129547011,0.14859908212172845,0.8735632183908046,1.0
JOR,2013,sensitivity_2012_2022,2012-2017,2012-2022,0.8996804385698267,3.027920727688996,0.12010828614199226,0.8735632183908046,1.0
JOR,2014,sensitivity_2012_2022,2012-2017,2012-2022,0.9101254421213096,3.0978297783457274,0.0907733570331879,0.8793103448275862,1.0
JOR,2015,sensitivity_2012_2022,2012-2017,2012-2022,0.9153531911679422,3.0949280061051665,0.08500425475420056,0.8793103448275862,1.0
JOR,2016,sensitivity_2012_2022,2012-2017,2012-2022,0.9192378700647432,3.123029748683547,0.11748363401946098,0.9137931034482759,1.0
JOR,2017,sensitivity_2012_2022,2012-2017,2012-2022,0.9269691725115847,3.2037554393861982,0.10640236859054658,0.9137931034482759,1.0
JOR,2018,sensitivity_2012_2022,2012-2017,2012-2022,0.9199842172815887,3.172887927061895,0.1157364770318717,0.9022988505747126,0.9999832096873232
JOR,2019,sensitivity_2012_2022,2012-2017,2012-2022,0.9209847723567935,3.1781670628035124,0.1373158844408997,0.9195402298850575,0.9999984572804966
JOR,2020,sensitivity_2012_2022,2012-2017,2012-2022,0.9239634853227903,3.2154927522016035,0.15269863412849594,0.896551724137931,0.9999843135278805
JOR,2021,sensitivity_2012_2022,2012-2017,2012-2022,0.9160107833422104,3.1920691932127667,0.17533456883751952,0.9137931034482759,0.9999776488140333
JOR,2022,sensitivity_2012_2022,2012-2017,2012-2022,0.9180479318179882,3.232640770551104,0.233739207584532,0.9195402298850575,1.0
JPN,2012,sensitivity_2012_2022,2012-2017,2012-2022,0.9491923724647305,3.496324745771534,0.052693747593944094,0.985781990521327,1.0
JPN,2013,sensitivity_2012_2022,2012-2017,2012-2022,0.950713613430935,3.5189239816533036,0.040321444616810406,0.981042654028436,1.0
JPN,2014,sensitivity_2012_2022,2012-2017,2012-2022,0.9502399260570658,3.534346491257002,0.028297899076766032,0.995260663507109,1.0
JPN,2015,sensitivity_2012_2022,2012-2017,2012-2022,0.9505930453824865,3.541822883343736,0.03590660813548582,0.990521327014218,1.0
JPN,2016,sensitivity_2012_2022,2012-2017,2012-2022,0.9508444021804642,3.538616249394468,0.04239814992332486,0.990521327014218,1.0
JPN,2017,sensitivity_2012_2022,2012-2017,2012-2022,0.9493432185511347,3.505157166167449,0.04992949689251778,0.990521327014218,1.0
JPN,2018,sensitivity_2012_2022,2012-2017,2012-2022,0.951260189421745,3.5311158812309267,0.04947500360183968,0.990521327014218,1.0
JPN,2019,sensitivity_2012_2022,2012-2017,2012-2022,0.9523894142634597,3.542030617818317,0.05748381575778787,0.990521327014218,0.9999955707921951
JPN,2020,sensitivity_2012_2022,2012-2017,2012-2022,0.9463569930580317,3.4617824711814436,0.07434384743139012,0.990521327014218,0.9999953123834932
JPN,2021,sensitivity_2012_2022,2012-2017,2012-2022,0.9463506586284107,3.465034390964716,0.07947249169685404,0.985781990521327,0.9999969596964695
JPN,2022,sensitivity_2012_2022,2012-2017,2012-2022,0.9486641821317362,3.497876884855648,0.0838051490422953,0.985781990521327,0.9999963083008959
KAZ,2012,sensitivity_2012_2022,2012-2017,2012-2022,0.9262447849543463,3.061978605063626,0.1472012490459665,0.8082191780821918,1.0
KAZ,2013,sensitivity_2012_2022,2012-2017,2012-2022,0.9331530318806442,3.0958176602768743,0.13102404064769244,0.7876712328767124,1.0
KAZ,2014,sensitivity_2012_2022,2012-2017,2012-2022,0.9319110003170162,3.101759467771147,0.11318447232782644,0.8013698630136986,1.0
KAZ,2015,sensitivity_2012_2022,2012-2017,2012-2022,0.9335708975500988,3.146635878936724,0.0840227432087872,0.7945205479452054,1.0
KAZ,2016,sensitivity_2012_2022,2012-2017,2012-2022,0.9333542421166037,3.1792529257944473,0.09991476566973798,0.7808219178082192,1.0
KAZ,2017,sensitivity_2012_2022,2012-2017,2012-2022,0.9362411439607461,3.2189190353742303,0.12824617086394724,0.7808219178082192,1.0
KAZ,2018,sensitivity_2012_2022,2012-2017,2012-2022,0.9433930576412901,3.265629267726716,0.15644455606498725,0.7671232876712328,0.9998706089967676
KAZ,2019,sensitivity_2012_2022,2012-2017,2012-2022,0.9385366674565208,3.2085249929814648,0.15702020201008052,0.8082191780821918,0.9997658346631244
KAZ,2020,sensitivity_2012_2022,2012-2017,2012-2022,0.9328623398278545,3.145311434101203,0.21291879335013303,0.7328767123287672,0.9997843887826119
KAZ,2021,sensitivity_2012_2022,2012-2017,2012-2022,0.9332215417700658,3.176661360229458,0.25329130005736833,0.773972602739726,0.9999854186719351
KAZ,2022,sensitivity_2012_2022,2012-2017,2012-2022,0.9367728690571085,3.172161917758552,0.23025944255756703,0.8082191780821918,0.9991662572173664
KEN,2012,sensitivity_2012_2022,2012-2017,2012-2022,0.9340390083801895,3.208950688428952,0.18526769644529506,0.7291666666666666,1.0
KEN,2013,sensitivity_2012_2022,2012-2017,2012-2022,0.9496474980619676,3.472145354113171,0.10461340387537225,0.8489583333333334,1.0
KEN,2014,sensitivity_2012_2022,2012-2017,2012-2022,0.9295583295652636,3.1851761047066893,0.20458013528806912,0.7291666666666666,1.0
KEN,2015,sensitivity_2012_2022,2012-2017,2012-2022,0.9509523546728322,3.55397984765106,0.07339629674655808,0.921875,1.0
KEN,2016,sensitivity_2012_2022,2012-2017,2012-2022,0.9531131600124494,3.5433082947903842,0.0909139433919721,0.8854166666666666,1.0
KEN,2017,sensitivity_2012_2022,2012-2017,2012-2022,0.9496078896819103,3.512062413586964,0.12070161257173329,0.875,1.0
KEN,2018,sensitivity_2012_2022,2012-2017,2012-2022,0.9506160813425135,3.540640158339452,0.13824788903939747,0.8645833333333334,0.9999886871971363
KEN,2019,sensitivity_2012_2022,2012-2017,2012-2022,0.9478970782141928,3.5015212111093232,0.14662966400873267,0.875,0.9999904401419888
KEN,2020,sensitivity_2012_2022,2012-2017,2012-2022,0.9447137137180998,3.441233554330343,0.16073470256631173,0.84375,0.9999698917210924
KEN,2021,sensitivity_2012_2022,2012-2017,2012-2022,0.9460283676617267,3.4720573431449955,0.13117188224600956,0.8645833333333334,0.9997979599929957
KEN,2022,sensitivity_2012_2022,2012-2017,2012-2022,0.9486098245041671,3.5220401904254004,0.16092267705002827,0.8489583333333334,0.9998964154313293
KGZ,2012,sensitivity_2012_2022,2012-2017,2012-2022,0.8178144031445389,2.123662093859449,0.15086338168142938,0.75,1.0
KGZ,2013,sensitivity_2012_2022,2012-2017,2012-2022,0.8444012995074142,2.2656265116682945,0.1233076095171887,0.7083333333333334,1.0
KGZ,2014,sensitivity_2012_2022,2012-2017,2012-2022,0.8313766009741266,2.290867654734847,0.1290710316992105,0.7166666666666667,1.0
KGZ,2015,sensitivity_2012_2022,2012-2017,2012-2022,0.7987232040456858,2.1569698906054438,0.18951527087157277,0.7583333333333333,1.0
KGZ,2016,sensitivity_2012_2022,2012-2017,2012-2022,0.8612550180696795,2.378200482662813,0.22612722726305678,0.7333333333333333,1.0
KGZ,2017,sensitivity_2012_2022,2012-2017,2012-2022,0.8543782114250071,2.2873856665260184,0.16274615075356114,0.725,1.0
KGZ,2018,sensitivity_2012_2022,2012-2017,2012-2022,0.7705148149398017,1.9826466421803794,0.4887784657661658,0.7166666666666667,0.9998887256617393
KGZ,2019,sensitivity_2012_2022,2012-2017,2012-2022,0.7420185351658259,1.845714188567412,0.4835388191356113,0.6833333333333333,0.9998758897743243
KGZ,2020,sensitivity_2012_2022,2012-2017,2012-2022,0.7156088573536368,1.813850671146996,0.48887302117807824,0.6833333333333333,0.9999189455277372
KGZ,2021,sensitivity_2012_2022,2012-2017,2012-2022,0.8012352787325563,2.083381658922424,0.2600944011288251,0.7,0.9996848852948643
KGZ,2022,sensitivity_2012_2022,2012-2017,2012-2022,0.7343314845650435,1.9550229731912645,0.40411600396771663,0.7583333333333333,0.9997853504838209
KHM,2012,sensitivity_2012_2022,2012-2017,2012-2022,0.9311122103225133,3.0848906894454036,0.1185326858218851,0.8288770053475936,1.0
KHM,2013,sensitivity_2012_2022,2012-2017,2012-2022,0.9275908316538028,3.1272534252497426,0.08619210733995691,0.8342245989304813,1.0
KHM,2014,sensitivity_2012_2022,2012-2017,2012-2022,0.9290986249666956,3.0847454862573334,0.05127366418950478,0.8235294117647058,1.0
KHM,2015,sensitivity_2012_2022,2012-2017,2012-2022,0.9298702272790274,3.096135838174642,0.05369276600880866,0.8181818181818182,1.0
KHM,2016,sensitivity_2012_2022,2012-2017,2012-2022,0.9370971020270884,3.145612091471408,0.1012914392156691,0.8181818181818182,1.0
KHM,2017,sensitivity_2012_2022,2012-2017,2012-2022,0.935835264459633,3.1527944422578895,0.086745263919403,0.8877005347593583,1.0
KHM,2018,sensitivity_2012_2022,2012-2017,2012-2022,0.9353618752269954,3.158327735278946,0.1170424362272777,0.8449197860962567,0.9999877686483318
KHM,2019,sensitivity_2012_2022,2012-2017,2012-2022,0.9313290201542875,3.099496281610458,0.18345503715118988,0.8288770053475936,0.9999858822796694
KHM,2020,sensitivity_2012_2022,2012-2017,2012-2022,0.9210570288824876,3.0192989695262327,0.21668185699428716,0.7967914438502673,0.9999667031648479
KHM,2021,sensitivity_2012_2022,2012-2017,2012-2022,0.921923576191564,3.059136849368479,0.1956124059128183,0.8288770053475936,0.999987925077813
KHM,2022,sensitivity_2012_2022,2012-2017,2012-2022,0.9282761823144792,3.0702300248409595,0.1778391024991354,0.8342245989304813,0.9999718691326925
KIR,2012,sensitivity_2012_2022,2012-2017,2012-2022,0.6934391426972193,1.7255673183160338,0.29682426104352183,0.5,1.0
KIR,2013,sensitivity_2012_2022,2012-2017,2012-2022,0.566860363124488,1.4992704825250944,0.15313558044443015,0.53125,1.0
KIR,2014,sensitivity_2012_2022,2012-2017,2012-2022,0.6867022479156106,1.642668342950447,0.27770642491572384,0.40625,1.0
KIR,2015,sensitivity_2012_2022,2012-2017,2012-2022,0.5018832109542267,1.2009430832567634,0.2065071804442984,0.484375,1.0
KIR,2016,sensitivity_2012_2022,2012-2017,2012-2022,0.4087418971222879,0.9956872634976007,0.24383274225857376,0.5,1.0
KIR,2017,sensitivity_2012_2022,2012-2017,2012-2022,0.47113342143180026,1.1526164374905357,0.2220089805377375,0.4375,1.0
KIR,2018,sensitivity_2012_2022,2012-2017,2012-2022,0.41630963514248054,1.0110884910096125,0.2678498105882963,0.390625,0.9997139565446267
KIR,2019,sensitivity_2012_2022,2012-2017,2012-2022,0.5026919342903706,1.1172496820374922,0.269837145527574,0.25,0.9923991171524739
KIR,2020,sensitivity_2012_2022,2012-2017,2012-2022,0.44321705553425805,1.066911195152161,0.2616550506501078,0.390625,0.951448667988522
KIR,2021,sensitivity_2012_2022,2012-2017,2012-2022,0.5958505407806511,1.4158129396459092,0.3040964192960556,0.328125,0.962411968596605
KIR,2022,sensitivity_2012_2022,2012-2017,2012-2022,0.6374048741771551,1.4308490477934668,0.30311574601215846,0.25,0.9987288701147399
KNA,2012,sensitivity_2012_2022,2012-2017,2012-2022,0.9009479769117247,3.016259771743849,0.37154459910452226,0.6190476190476191,1.0
KNA,2013,sensitivity_2012_2022,2012-2017,2012-2022,0.900654564075574,2.857545762344823,0.23205221952870508,0.5333333333333333,1.0
KNA,2014,sensitivity_2012_2022,2012-2017,2012-2022,0.8234286630237808,2.4938083320462776,0.33357041716860913,0.5428571428571428,1.0
KNA,2015,sensitivity_2012_2022,2012-2017,2012-2022,0.7932582953760621,2.479030083969687,0.37054763950843794,0.5428571428571428,1.0
KNA,2016,sensitivity_2012_2022,2012-2017,2012-2022,0.8755505750802239,2.642803978662185,0.2845566631384502,0.5047619047619047,1.0
KNA,2017,sensitivity_2012_2022,2012-2017,2012-2022,0.9026809330200107,2.8808797244040125,0.44735170232244614,0.5142857142857142,1.0
KNA,2018,sensitivity_2012_2022,2012-2017,2012-2022,0.8675538845104178,2.6142772133978327,0.4842522199891151,0.42857142857142855,0.9832059581044136
KNA,2019,sensitivity_2012_2022,2012-2017,2012-2022,0.9113276430120874,2.8391652047644613,0.5709953554769761,0.38095238095238093,0.9992736880711203
KNA,2020,sensitivity_2012_2022,2012-2017,2012-2022,0.9098373354313412,2.7845593908779334,0.5154372870051731,0.38095238095238093,0.9938992783367568
KNA,2021,sensitivity_2012_2022,2012-2017,2012-2022,0.8331354414834751,2.56294935633332,0.6775605463094899,0.42857142857142855,0.9694467668260898
KNA,2022,sensitivity_2012_2022,2012-2017,2012-2022,0.9273235416635187,2.9716850959935774,0.6359942034192657,0.38095238095238093,0.9767095909344365
KOR,2012,sensitivity_2012_2022,2012-2017,2012-2022,0.9594653776504302,3.771139513724342,0.10319909699498754,0.9774774774774775,1.0
KOR,2013,sensitivity_2012_2022,2012-2017,2012-2022,0.9623664756155073,3.7990904382320463,0.07807012973983982,0.972972972972973,1.0
KOR,2014,sensitivity_2012_2022,2012-2017,2012-2022,0.9636945867357588,3.825512084592494,0.06463548778449307,0.9684684684684685,1.0
KOR,2015,sensitivity_2012_2022,2012-2017,2012-2022,0.9605927539426016,3.7820148547372687,0.06304776414337582,0.954954954954955,1.0
KOR,2016,sensitivity_2012_2022,2012-2017,2012-2022,0.956267379147351,3.731032339303079,0.08233279376035547,0.9594594594594594,1.0
KOR,2017,sensitivity_2012_2022,2012-2017,2012-2022,0.9498356317340054,3.6212904161823753,0.12076874631891567,0.9594594594594594,1.0
KOR,2018,sensitivity_2012_2022,2012-2017,2012-2022,0.9465397846296435,3.5805631179669213,0.15088972695638841,0.9594594594594594,1.0
KOR,2019,sensitivity_2012_2022,2012-2017,2012-2022,0.9472723241917774,3.594941468931183,0.14015652454870145,0.954954954954955,0.9999998912097434
KOR,2020,sensitivity_2012_2022,2012-2017,2012-2022,0.944265371858709,3.549107726706407,0.16570002684754265,0.9594594594594594,0.999999550752492
KOR,2021,sensitivity_2012_2022,2012-2017,2012-2022,0.9465470414730293,3.564978133687737,0.1677138198724188,0.9369369369369369,0.9999997686213388
KOR,2022,sensitivity_2012_2022,2012-2017,2012-2022,0.9505526965198058,3.596114985980911,0.18945931495366666,0.954954954954955,0.9999997073791016
KWT,2012,sensitivity_2012_2022,2012-2017,2012-2022,0.8774684765415973,2.5693990193204552,0.09715924637586223,0.6726190476190477,1.0
KWT,2013,sensitivity_2012_2022,2012-2017,2012-2022,0.8671016589764065,2.529618914889044,0.08505860334649923,0.8214285714285714,1.0
KWT,2014,sensitivity_2012_2022,2012-2017,2012-2022,0.8710761409964723,2.5505090404859825,0.08294307423597407,0.8392857142857143,1.0
KWT,2015,sensitivity_2012_2022,2012-2017,2012-2022,0.8949363518329372,2.75758641890551,0.06536444016485154,0.8690476190476191,1.0
KWT,2016,sensitivity_2012_2022,2012-2017,2012-2022,0.8981073899621672,2.7979023061036674,0.10122802744265624,0.8035714285714286,1.0
KWT,2017,sensitivity_2012_2022,2012-2017,2012-2022,0.8933853284749633,2.7526133638409918,0.09804430878193651,0.7976190476190477,1.0
KWT,2018,sensitivity_2012_2022,2012-2017,2012-2022,0.8807095138269773,2.6619018222432995,0.11236158411698621,0.8095238095238095,1.0
KWT,2019,sensitivity_2012_2022,2012-2017,2012-2022,0.8799930807792051,2.6007303758244724,0.11356970183463758,0.8392857142857143,0.999999193573611
KWT,2020,sensitivity_2012_2022,2012-2017,2012-2022,0.8858722848359075,2.6237720515428253,0.159046019552899,0.8273809523809523,0.9999993900427256
KWT,2021,sensitivity_2012_2022,2012-2017,2012-2022,0.8664065812868447,2.502174470933824,0.1772360274818508,0.8452380952380952,0.9999989540614874
KWT,2022,sensitivity_2012_2022,2012-2017,2012-2022,0.8807338808403784,2.615010987756531,0.17194485208043114,0.8452380952380952,1.0
LAO,2012,sensitivity_2012_2022,2012-2017,2012-2022,0.660744173711559,1.7027510832761168,0.07203081689763625,0.610738255033557,1.0
LAO,2013,sensitivity_2012_2022,2012-2017,2012-2022,0.6900757767218875,1.791640815017816,0.11083069886639571,0.6644295302013423,1.0
LAO,2014,sensitivity_2012_2022,2012-2017,2012-2022,0.6473787466513196,1.599284946593607,0.11413053772591428,0.6845637583892618,1.0
LAO,2015,sensitivity_2012_2022,2012-2017,2012-2022,0.6189948739522292,1.5536214946610243,0.0493944441405066,0.6510067114093959,1.0
LAO,2016,sensitivity_2012_2022,2012-2017,2012-2022,0.5681290088190954,1.5717461504223058,0.11609049553852717,0.6577181208053692,1.0
LAO,2017,sensitivity_2012_2022,2012-2017,2012-2022,0.5404505112502956,1.4438018469363134,0.12725965296696048,0.7114093959731543,1.0
LAO,2018,sensitivity_2012_2022,2012-2017,2012-2022,0.5161684658314158,1.3727321661183465,0.13722364932822367,0.7449664429530202,0.9978743522243778
LAO,2019,sensitivity_2012_2022,2012-2017,2012-2022,0.5639169943265026,1.5129251367894598,0.11467805657496839,0.7583892617449665,0.9999234085043401
LAO,2020,sensitivity_2012_2022,2012-2017,2012-2022,0.5462317790497864,1.5200072874273514,0.16343344895159162,0.7785234899328859,0.9992751540134759
LAO,2021,sensitivity_2012_2022,2012-2017,2012-2022,0.6309126248965362,1.6982697080653153,0.14165123631096266,0.7114093959731543,0.9996694051228031
LAO,2022,sensitivity_2012_2022,2012-2017,2012-2022,0.6966607617455509,1.8826736895169747,0.16877342117489805,0.7181208053691275,0.9998649532806365
LBN,2012,sensitivity_2012_2022,2012-2017,2012-2022,0.9316137739627874,3.3011315323482364,0.14240294997641229,0.8978494623655914,1.0
LBN,2013,sensitivity_2012_2022,2012-2017,2012-2022,0.9410206385321529,3.411044752265961,0.10329480752483419,0.8494623655913979,1.0
LBN,2014,sensitivity_2012_2022,2012-2017,2012-2022,0.9500947886734228,3.54068396531274,0.07263826892212208,0.8494623655913979,1.0
LBN,2015,sensitivity_2012_2022,2012-2017,2012-2022,0.949111562451198,3.5720887997083968,0.09560225400047928,0.8870967741935484,1.0
LBN,2016,sensitivity_2012_2022,2012-2017,2012-2022,0.9540507067979219,3.620454026287616,0.08363817376515752,0.8709677419354839,1.0
LBN,2017,sensitivity_2012_2022,2012-2017,2012-2022,0.950912887208785,3.560922896388875,0.0956872096896369,0.8763440860215054,1.0
LBN,2018,sensitivity_2012_2022,2012-2017,2012-2022,0.9472709002865767,3.5808710725357606,0.16936121126176723,0.8817204301075269,0.9999532288560076
LBN,2019,sensitivity_2012_2022,2012-2017,2012-2022,0.8937375790445754,3.0983338494089234,0.3019512283338843,0.8924731182795699,0.9999919806083792
LBN,2020,sensitivity_2012_2022,2012-2017,2012-2022,0.8754942234039866,3.0154628649486295,0.3156280247182139,0.8763440860215054,0.9999962798823084
LBN,2021,sensitivity_2012_2022,2012-2017,2012-2022,0.9124391871272605,3.2923789447904843,0.32194715900969306,0.9086021505376344,0.9998368983822017
LBN,2022,sensitivity_2012_2022,2012-2017,2012-2022,0.913704087031236,3.3114948981803423,0.29754668163301756,0.8978494623655914,0.9994336427160959
LBR,2012,sensitivity_2012_2022,2012-2017,2012-2022,0.920353579135121,2.9853541476346277,0.3658722760748947,0.6046511627906976,1.0
LBR,2013,sensitivity_2012_2022,2012-2017,2012-2022,0.8427584512204362,2.5486576567619226,0.3907076153832242,0.6511627906976745,1.0
LBR,2014,sensitivity_2012_2022,2012-2017,2012-2022,0.9051925651657856,2.7265911483177994,0.3624320461797453,0.5581395348837209,1.0
LBR,2015,sensitivity_2012_2022,2012-2017,2012-2022,0.8307437905044934,2.355077372166873,0.41963940591610893,0.5736434108527132,1.0
LBR,2016,sensitivity_2012_2022,2012-2017,2012-2022,0.9046291476003543,2.788807896291039,0.3707622251342656,0.5426356589147286,1.0
LBR,2017,sensitivity_2012_2022,2012-2017,2012-2022,0.8238653748568813,2.4606435347201523,0.5451837837280112,0.5891472868217055,1.0
LBR,2018,sensitivity_2012_2022,2012-2017,2012-2022,0.9274060054645158,3.03477597470702,0.5572642960656052,0.5891472868217055,0.9981320980952653
LBR,2019,sensitivity_2012_2022,2012-2017,2012-2022,0.9270065113490853,3.0098342513247007,0.49298976488513085,0.5891472868217055,0.9989734124108962
LBR,2020,sensitivity_2012_2022,2012-2017,2012-2022,0.9185220556413692,2.870348886937016,0.46094129054767896,0.5736434108527132,0.9989757955742592
LBR,2021,sensitivity_2012_2022,2012-2017,2012-2022,0.9032140501138788,2.7512761048735777,0.511237501235964,0.6046511627906976,0.9989247441600986
LBR,2022,sensitivity_2012_2022,2012-2017,2012-2022,0.8986381848265386,2.8871064697195945,0.5598760681337439,0.5736434108527132,0.9945513595304923
LBY,2012,sensitivity_2012_2022,2012-2017,2012-2022,0.8400238963368157,2.3734084660367216,0.15426441972376465,0.5964912280701754,1.0
LBY,2013,sensitivity_2012_2022,2012-2017,2012-2022,0.8643202249135892,2.545698842265636,0.1456005427039435,0.7192982456140351,1.0
LBY,2014,sensitivity_2012_2022,2012-2017,2012-2022,0.8563938517065284,2.4031717670356714,0.1692440999316219,0.6666666666666666,1.0
LBY,2015,sensitivity_2012_2022,2012-2017,2012-2022,0.8183102490647485,2.216638015932228,0.16853663129381502,0.5789473684210527,1.0
LBY,2016,sensitivity_2012_2022,2012-2017,2012-2022,0.8908638066600845,2.654425046423155,0.22759142145554997,0.7192982456140351,1.0
LBY,2017,sensitivity_2012_2022,2012-2017,2012-2022,0.8897264334401079,2.577252763459923,0.17480930561394994,0.6754385964912281,1.0
LBY,2018,sensitivity_2012_2022,2012-2017,2012-2022,0.8822547239061742,2.566834131133766,0.20928390574376696,0.5964912280701754,0.9998068734738094
LBY,2019,sensitivity_2012_2022,2012-2017,2012-2022,0.8291038595334929,2.3214752537555494,0.24473009461983916,0.543859649122807,0.9999995455495169
LBY,2020,sensitivity_2012_2022,2012-2017,2012-2022,0.8637867458552602,2.3921742643483754,0.29881730078551366,0.5175438596491229,0.9998991214839322
LBY,2021,sensitivity_2012_2022,2012-2017,2012-2022,0.8715412354430416,2.4969441660562564,0.17306357152029336,0.5877192982456141,0.997095822111632
LBY,2022,sensitivity_2012_2022,2012-2017,2012-2022,0.8637175329182252,2.4637478050313284,0.1797396454568056,0.5263157894736842,0.9999829332371315
LCA,2012,sensitivity_2012_2022,2012-2017,2012-2022,0.8342885501931503,2.247878362165811,0.3774197925543788,0.4897959183673469,1.0
LCA,2013,sensitivity_2012_2022,2012-2017,2012-2022,0.7706486866021356,1.987432364655783,0.4923073297056289,0.5918367346938775,1.0
LCA,2014,sensitivity_2012_2022,2012-2017,2012-2022,0.8536120262629157,2.4788641476453717,0.4028238610798596,0.6122448979591837,1.0
LCA,2015,sensitivity_2012_2022,2012-2017,2012-2022,0.8898157682912168,2.688847843178091,0.3203277179848551,0.6020408163265306,1.0
LCA,2016,sensitivity_2012_2022,2012-2017,2012-2022,0.8285408376639634,2.33278446145301,0.41428193658991497,0.5816326530612245,1.0
LCA,2017,sensitivity_2012_2022,2012-2017,2012-2022,0.8705818338914403,2.6657198102212702,0.3563340797678169,0.673469387755102,1.0
LCA,2018,sensitivity_2012_2022,2012-2017,2012-2022,0.9076575923936043,2.6928492532024086,0.3422349937669008,0.5510204081632653,0.7792781768875058
LCA,2019,sensitivity_2012_2022,2012-2017,2012-2022,0.8940726908257471,2.6349315593720863,0.4096673063831382,0.5408163265306123,0.991017486953619
LCA,2020,sensitivity_2012_2022,2012-2017,2012-2022,0.9058223231745748,2.6721219372372382,0.4481931605804921,0.5306122448979592,0.9865647186376856
LCA,2021,sensitivity_2012_2022,2012-2017,2012-2022,0.9040537369272097,2.583564251554852,0.46728487888269926,0.3979591836734694,0.9931466741712097
LCA,2022,sensitivity_2012_2022,2012-2017,2012-2022,0.9101215673088682,2.68865688536332,0.4733681191702189,0.336734693877551,0.9980309955229415
LKA,2012,sensitivity_2012_2022,2012-2017,2012-2022,0.9530404301519949,3.625102065273505,0.07743547936857827,0.9447236180904522,1.0
LKA,2013,sensitivity_2012_2022,2012-2017,2012-2022,0.9503351490002806,3.6346227301738336,0.06611818079557144,0.9246231155778895,1.0
LKA,2014,sensitivity_2012_2022,2012-2017,2012-2022,0.9568128388000205,3.7046821541587307,0.04779288584310378,0.9195979899497487,1.0
LKA,2015,sensitivity_2012_2022,2012-2017,2012-2022,0.955061982208879,3.6916089685611118,0.050320225305755556,0.9195979899497487,1.0
LKA,2016,sensitivity_2012_2022,2012-2017,2012-2022,0.9556921864835182,3.7034107796275557,0.0487197050302103,0.9447236180904522,1.0
LKA,2017,sensitivity_2012_2022,2012-2017,2012-2022,0.9597865209578046,3.750595189418755,0.07092079032440865,0.9396984924623115,1.0
LKA,2018,sensitivity_2012_2022,2012-2017,2012-2022,0.9488906800227629,3.5756775174174353,0.16351276019612532,0.8291457286432161,1.0
LKA,2019,sensitivity_2012_2022,2012-2017,2012-2022,0.9585708454270621,3.7308826742622383,0.0987128259087482,0.9195979899497487,0.999997071183149
LKA,2020,sensitivity_2012_2022,2012-2017,2012-2022,0.9588450663672969,3.7693421691507583,0.12141354328165557,0.9246231155778895,0.9999916982311006
LKA,2021,sensitivity_2012_2022,2012-2017,2012-2022,0.9610273650474025,3.770545567745392,0.1381963455948565,0.9346733668341709,0.9999867274978146
LKA,2022,sensitivity_2012_2022,2012-2017,2012-2022,0.9575805708760952,3.7184064794111737,0.14080051152734846,0.9095477386934674,0.9999774991916548
LSO,2012,sensitivity_2012_2022,2012-2017,2012-2022,0.5839537115369482,1.190360888913367,0.03642568823606534,0.6538461538461539,1.0
LSO,2013,sensitivity_2012_2022,2012-2017,2012-2022,0.5834512292825889,1.2191467707709283,0.042579410044030756,0.5769230769230769,1.0
LSO,2014,sensitivity_2012_2022,2012-2017,2012-2022,0.5490173459661796,1.0315154531769362,0.1283440754399436,0.5384615384615384,1.0
LSO,2015,sensitivity_2012_2022,2012-2017,2012-2022,0.5720978614665126,1.113778066683581,0.03294069963482811,0.5673076923076923,1.0
LSO,2016,sensitivity_2012_2022,2012-2017,2012-2022,0.5796491155865314,1.2263290181491686,0.0842823567722961,0.6826923076923077,1.0
LSO,2017,sensitivity_2012_2022,2012-2017,2012-2022,0.6633937018483269,1.4133223094319578,0.11274486721079482,0.6826923076923077,1.0
LSO,2018,sensitivity_2012_2022,2012-2017,2012-2022,0.6199601323711174,1.2993715576864808,0.09396232646962221,0.6346153846153846,0.9998891466996332
LSO,2019,sensitivity_2012_2022,2012-2017,2012-2022,0.6919586905237829,1.570908285973759,0.16574960011020928,0.6346153846153846,0.9994991497633545
LSO,2020,sensitivity_2012_2022,2012-2017,2012-2022,0.6247379968791285,1.3200276769938728,0.08117970121547932,0.5961538461538461,0.9994223539741653
LSO,2021,sensitivity_2012_2022,2012-2017,2012-2022,0.6191509462655662,1.3310192076250194,0.12971565658697293,0.5961538461538461,0.9986116360280664
LSO,2022,sensitivity_2012_2022,2012-2017,2012-2022,0.638267828231315,1.342905482024937,0.10484839485468395,0.47115384615384615,0.9988172064206976
LTU,2012,sensitivity_2012_2022,2012-2017,2012-2022,0.9316419241771495,3.147116558269614,0.11059614234787282,0.8737373737373737,1.0
LTU,2013,sensitivity_2012_2022,2012-2017,2012-2022,0.9351127745168615,3.2178447680696713,0.07769674222785122,0.8686868686868687,1.0
LTU,2014,sensitivity_2012_2022,2012-2017,2012-2022,0.9365875862399933,3.213140397068603,0.0863768211670628,0.9040404040404041,1.0
LTU,2015,sensitivity_2012_2022,2012-2017,2012-2022,0.9454239144489729,3.343970302255086,0.054647251638287486,0.9191919191919192,1.0
LTU,2016,sensitivity_2012_2022,2012-2017,2012-2022,0.9476556508649897,3.3975128555357537,0.08917861571179511,0.9242424242424242,1.0
LTU,2017,sensitivity_2012_2022,2012-2017,2012-2022,0.9484956973379505,3.4101450449033734,0.10261910930868341,0.9141414141414141,1.0
LTU,2018,sensitivity_2012_2022,2012-2017,2012-2022,0.947897942490497,3.403690152342543,0.10352627183554969,0.9292929292929293,0.9999983203525132
LTU,2019,sensitivity_2012_2022,2012-2017,2012-2022,0.9484590216950072,3.4049606778072063,0.09233162693140098,0.9393939393939394,0.9999966142440853
LTU,2020,sensitivity_2012_2022,2012-2017,2012-2022,0.9490675413474614,3.4255527227361497,0.11747429916316751,0.9393939393939394,0.9999941321077966
LTU,2021,sensitivity_2012_2022,2012-2017,2012-2022,0.948530318216124,3.423232343128649,0.13909989552544158,0.9343434343434344,0.9999938727900299
LTU,2022,sensitivity_2012_2022,2012-2017,2012-2022,0.9417296424298953,3.3800941028868587,0.14302416005286883,0.9393939393939394,0.9999880997363898
LUX,2012,sensitivity_2012_2022,2012-2017,2012-2022,0.8842994372734951,2.807124158865165,0.06143146598391934,0.9086294416243654,1.0
LUX,2013,sensitivity_2012_2022,2012-2017,2012-2022,0.8793627853601643,2.8153165430380924,0.051379901319010046,0.8984771573604061,1.0
LUX,2014,sensitivity_2012_2022,2012-2017,2012-2022,0.8829859059669849,2.8251051890036276,0.03399177125356104,0.8883248730964467,1.0
LUX,2015,sensitivity_2012_2022,2012-2017,2012-2022,0.877319060202781,2.8136714867715296,0.04391761748445272,0.9238578680203046,1.0
LUX,2016,sensitivity_2012_2022,2012-2017,2012-2022,0.8765447479086469,2.7998581501323248,0.03891146640114436,0.9187817258883249,1.0
LUX,2017,sensitivity_2012_2022,2012-2017,2012-2022,0.8775086667500958,2.7767066341347544,0.06311370947312804,0.7411167512690355,1.0
LUX,2018,sensitivity_2012_2022,2012-2017,2012-2022,0.8773241884828551,2.849547521506544,0.1004599484844523,0.9543147208121827,0.9999984935804477
LUX,2019,sensitivity_2012_2022,2012-2017,2012-2022,0.8852236901107053,2.8994590932871116,0.12238936438993417,0.9289340101522843,0.9970867480600178
LUX,2020,sensitivity_2012_2022,2012-2017,2012-2022,0.8797930308930944,2.857602003790525,0.13645518846911556,0.8984771573604061,0.9998829212078234
LUX,2021,sensitivity_2012_2022,2012-2017,2012-2022,0.8787699910866044,2.8359479238971783,0.14389186275975363,0.9137055837563451,0.9999179201877048
LUX,2022,sensitivity_2012_2022,2012-2017,2012-2022,0.8838000798029256,2.8723405739481676,0.1561217043763053,0.9086294416243654,0.9999945927665934
LVA,2012,sensitivity_2012_2022,2012-2017,2012-2022,0.928855934460792,3.2098707176564476,0.1154685614926714,0.8673469387755102,1.0
LVA,2013,sensitivity_2012_2022,2012-2017,2012-2022,0.9223032091774285,3.142834939381966,0.07140872495007033,0.923469387755102,1.0
LVA,2014,sensitivity_2012_2022,2012-2017,2012-2022,0.9230378513770425,3.1641415740178847,0.07642556017424902,0.9336734693877551,1.0
LVA,2015,sensitivity_2012_2022,2012-2017,2012-2022,0.9136168700860807,3.1709232146216695,0.07196304932952496,0.9438775510204082,1.0
LVA,2016,sensitivity_2012_2022,2012-2017,2012-2022,0.91674863283739,3.1740050917080715,0.07919398976744862,0.923469387755102,1.0
LVA,2017,sensitivity_2012_2022,2012-2017,2012-2022,0.9210728679282918,3.200838676274704,0.06561070988641282,0.9438775510204082,1.0
LVA,2018,sensitivity_2012_2022,2012-2017,2012-2022,0.9256325035224204,3.23940846979494,0.11155440817185543,0.9438775510204082,0.9997659676592493
LVA,2019,sensitivity_2012_2022,2012-2017,2012-2022,0.922452081161523,3.2095751717489387,0.09053713504765784,0.9336734693877551,0.9999877996077473
LVA,2020,sensitivity_2012_2022,2012-2017,2012-2022,0.9264269014489311,3.2521787788698817,0.09243237520762178,0.9183673469387755,0.9999779589588421
LVA,2021,sensitivity_2012_2022,2012-2017,2012-2022,0.9156327360834053,3.103888528018266,0.1078787442951202,0.9336734693877551,0.9998531662081721
LVA,2022,sensitivity_2012_2022,2012-2017,2012-2022,0.918480836757594,3.1802947668691384,0.09653092141189602,0.9183673469387755,0.9999181238503859
MAC,2012,sensitivity_2012_2022,2012-2017,2012-2022,0.5639012253095644,1.7901699159228428,0.11393245955168647,0.6929133858267716,1.0
MAC,2013,sensitivity_2012_2022,2012-2017,2012-2022,0.5078711559541715,1.6561136367026057,0.07235910723303852,0.7637795275590551,1.0
MAC,2014,sensitivity_2012_2022,2012-2017,2012-2022,0.4681666386597281,1.518082494441203,0.07586927100958858,0.7480314960629921,1.0
MAC,2015,sensitivity_2012_2022,2012-2017,2012-2022,0.4512478931656341,1.4227702644692164,0.06274618180562849,0.6850393700787402,1.0
MAC,2016,sensitivity_2012_2022,2012-2017,2012-2022,0.4549432656876191,1.4487446188651065,0.07863874810642563,0.6141732283464567,1.0
MAC,2017,sensitivity_2012_2022,2012-2017,2012-2022,0.4717190116467571,1.4502474486027603,0.07394015236336711,0.7086614173228346,1.0
MAC,2018,sensitivity_2012_2022,2012-2017,2012-2022,0.4644384553031935,1.4226173751985538,0.08568640023688695,0.6771653543307087,0.9997064206593219
MAC,2019,sensitivity_2012_2022,2012-2017,2012-2022,0.3384071664237128,1.0735677513430377,0.14139816369667918,0.6692913385826772,0.994273097505954
MAC,2020,sensitivity_2012_2022,2012-2017,2012-2022,0.3953263961083211,1.2542076555249015,0.1359502378392932,0.6771653543307087,0.9997692912048011
MAC,2021,sensitivity_2012_2022,2012-2017,2012-2022,0.3757083502116497,1.235494600005353,0.14295791009365763,0.7480314960629921,0.9994763188692135
MAC,2022,sensitivity_2012_2022,2012-2017,2012-2022,0.39598865690216944,1.254995917757273,0.14506267648332397,0.6850393700787402,0.9918703806491742
MAR,2012,sensitivity_2012_2022,2012-2017,2012-2022,0.9077067587562981,3.2349731657427045,0.100130118660358,0.9,1.0
MAR,2013,sensitivity_2012_2022,2012-2017,2012-2022,0.8986756115798856,3.1539221787762237,0.06440288321036805,0.9157894736842105,1.0
MAR,2014,sensitivity_2012_2022,2012-2017,2012-2022,0.8845204573041021,3.065922844081971,0.04853886602017794,0.9157894736842105,1.0
MAR,2015,sensitivity_2012_2022,2012-2017,2012-2022,0.8927458844523508,3.1337746644874507,0.046754535426223764,0.9368421052631579,1.0
MAR,2016,sensitivity_2012_2022,2012-2017,2012-2022,0.8836786683150634,3.0926628937754073,0.0640206586410906,0.9263157894736842,1.0
MAR,2017,sensitivity_2012_2022,2012-2017,2012-2022,0.8758309904024141,3.0361683905970915,0.07962328389566668,0.9315789473684211,1.0
MAR,2018,sensitivity_2012_2022,2012-2017,2012-2022,0.876350541326473,3.032228104111666,0.07908665976966378,0.9315789473684211,0.9999953925357485
MAR,2019,sensitivity_2012_2022,2012-2017,2012-2022,0.874946736744005,3.0137696037096693,0.09073872568219818,0.9526315789473684,0.9999927925030702
MAR,2020,sensitivity_2012_2022,2012-2017,2012-2022,0.887510337633736,3.08339739472758,0.09542080780960431,0.9263157894736842,0.9999974392112801
MAR,2021,sensitivity_2012_2022,2012-2017,2012-2022,0.9009554880674773,3.1543329675981573,0.1037310977513083,0.9315789473684211,1.0
MAR,2022,sensitivity_2012_2022,2012-2017,2012-2022,0.9159144177888291,3.274541116815183,0.1491762350821465,0.9105263157894737,0.9999987267704469
MDA,2012,sensitivity_2012_2022,2012-2017,2012-2022,0.8885980777217205,2.831640047440011,0.15353393169892582,0.7467532467532467,1.0
MDA,2013,sensitivity_2012_2022,2012-2017,2012-2022,0.9057395601446627,2.936546299710537,0.10624908959982508,0.7467532467532467,1.0
MDA,2014,sensitivity_2012_2022,2012-2017,2012-2022,0.9161902908850313,3.005971808020822,0.08861112104756161,0.7662337662337663,1.0
MDA,2015,sensitivity_2012_2022,2012-2017,2012-2022,0.9110836547218477,3.008046208258566,0.10736719876943046,0.7597402597402597,1.0
MDA,2016,sensitivity_2012_2022,2012-2017,2012-2022,0.9070965480783683,2.993105254681593,0.10398551123432061,0.8116883116883117,1.0
MDA,2017,sensitivity_2012_2022,2012-2017,2012-2022,0.9056869073394471,2.963783347861174,0.10094113148982065,0.8441558441558441,1.0
MDA,2018,sensitivity_2012_2022,2012-2017,2012-2022,0.8931028521622669,2.904243180466275,0.15122762797680178,0.8376623376623377,0.9992154649968256
MDA,2019,sensitivity_2012_2022,2012-2017,2012-2022,0.8984155039000344,2.946243688816868,0.1444821920994343,0.8636363636363636,0.99939897955286
MDA,2020,sensitivity_2012_2022,2012-2017,2012-2022,0.8930521213323276,2.892371802542077,0.1815950696925243,0.7987012987012987,0.9979430648495172
MDA,2021,sensitivity_2012_2022,2012-2017,2012-2022,0.9050400530411349,2.9771524287520412,0.17887134321192694,0.8116883116883117,0.9991953144627554
MDA,2022,sensitivity_2012_2022,2012-2017,2012-2022,0.8752285997161076,2.884374022824831,0.23700708411393878,0.8181818181818182,0.9990998045369014
MDG,2012,sensitivity_2012_2022,2012-2017,2012-2022,0.8868691187844018,2.8548055016994907,0.18003293173846668,0.76,1.0
MDG,2013,sensitivity_2012_2022,2012-2017,2012-2022,0.8908712632859266,2.919737100183707,0.09737143172807006,0.7714285714285715,1.0
MDG,2014,sensitivity_2012_2022,2012-2017,2012-2022,0.8970923052067356,2.948235672359761,0.11762150215854848,0.7885714285714286,1.0
MDG,2015,sensitivity_2012_2022,2012-2017,2012-2022,0.8990644384638156,2.962043522675143,0.09208811500513266,0.7942857142857143,1.0
MDG,2016,sensitivity_2012_2022,2012-2017,2012-2022,0.8889476219329611,2.9210850460094067,0.07447470598007723,0.8,1.0
MDG,2017,sensitivity_2012_2022,2012-2017,2012-2022,0.9010520551343357,3.0079432480263657,0.10084102505972839,0.8514285714285714,1.0
MDG,2018,sensitivity_2012_2022,2012-2017,2012-2022,0.8985507397066042,2.94936852042057,0.12755351802371323,0.8457142857142858,0.9999946512581219
MDG,2019,sensitivity_2012_2022,2012-2017,2012-2022,0.9040159191144469,2.9627880241829647,0.17080532946742602,0.84,0.9999741889661059
MDG,2020,sensitivity_2012_2022,2012-2017,2012-2022,0.8909435208014784,2.938675752890868,0.12757717129305846,0.8,0.9999051665466991
MDG,2021,sensitivity_2012_2022,2012-2017,2012-2022,0.8898882386204852,2.890141924885903,0.14933163675843508,0.8171428571428572,0.9996566556220317
MDG,2022,sensitivity_2012_2022,2012-2017,2012-2022,0.9031942425976898,2.924725515743454,0.22835906647915938,0.8228571428571428,0.9998617342344363
MDV,2012,sensitivity_2012_2022,2012-2017,2012-2022,0.888776326516975,2.6070333717552887,0.2183512878165469,0.6046511627906976,1.0
MDV,2013,sensitivity_2012_2022,2012-2017,2012-2022,0.8528562706580067,2.4220853272880256,0.20844478540608458,0.6627906976744186,1.0
MDV,2014,sensitivity_2012_2022,2012-2017,2012-2022,0.8784866936135407,2.567873975694366,0.18743017962441647,0.6511627906976745,1.0
MDV,2015,sensitivity_2012_2022,2012-2017,2012-2022,0.9094046631675162,2.7851958234386105,0.17950620077701274,0.6395348837209303,1.0
MDV,2016,sensitivity_2012_2022,2012-2017,2012-2022,0.8307806457944207,2.373083732941999,0.23619573856292322,0.6511627906976745,1.0
MDV,2017,sensitivity_2012_2022,2012-2017,2012-2022,0.7782984215516638,2.1282501800692133,0.2940013258699,0.6627906976744186,1.0
MDV,2018,sensitivity_2012_2022,2012-2017,2012-2022,0.8788828556670127,2.5356694670688023,0.37365950913467294,0.6395348837209303,0.9997779543422526
MDV,2019,sensitivity_2012_2022,2012-2017,2012-2022,0.8608572310503141,2.5385287688364437,0.2550187948899901,0.5930232558139535,0.9982175934435655
MDV,2020,sensitivity_2012_2022,2012-2017,2012-2022,0.8192009695903189,2.388390618544056,0.31948427489517883,0.627906976744186,0.9987875600457734
MDV,2021,sensitivity_2012_2022,2012-2017,2012-2022,0.8419178941769008,2.4643809283894855,0.3888729538974368,0.6511627906976745,0.9986749611350381
MDV,2022,sensitivity_2012_2022,2012-2017,2012-2022,0.508139375318379,1.3801228044911031,0.7264989680093104,0.6162790697674418,0.9969631527167776
MEX,2012,sensitivity_2012_2022,2012-2017,2012-2022,0.9224829990181783,3.3133005097404604,0.07706033618219849,0.975,1.0
MEX,2013,sensitivity_2012_2022,2012-2017,2012-2022,0.9221776543462749,3.3353996590683863,0.07840170179567016,0.95,1.0
MEX,2014,sensitivity_2012_2022,2012-2017,2012-2022,0.9196834610834672,3.32189335744126,0.043467228419706856,0.9,1.0
MEX,2015,sensitivity_2012_2022,2012-2017,2012-2022,0.9199392826743361,3.352115300663376,0.04821085490312018,0.885,1.0
MEX,2016,sensitivity_2012_2022,2012-2017,2012-2022,0.9153456846512368,3.319460123898068,0.07940034037132251,0.89,1.0
MEX,2017,sensitivity_2012_2022,2012-2017,2012-2022,0.9174386865035767,3.3133524697369143,0.07662319246634511,0.895,1.0
MEX,2018,sensitivity_2012_2022,2012-2017,2012-2022,0.9205695632351637,3.3205795193324557,0.08017241475793399,0.905,0.9999996071764508
MEX,2019,sensitivity_2012_2022,2012-2017,2012-2022,0.9208990531026306,3.324857525504502,0.1054995137068685,0.91,1.0
MEX,2020,sensitivity_2012_2022,2012-2017,2012-2022,0.9270413444927817,3.368816635864672,0.1418744296642291,0.875,1.0
MEX,2021,sensitivity_2012_2022,2012-2017,2012-2022,0.9281421031601684,3.3588877419758028,0.13302463843728707,0.865,0.9999995588122093
MEX,2022,sensitivity_2012_2022,2012-2017,2012-2022,0.9232905730047986,3.324188106426852,0.13255923046627888,0.855,1.0
MHL,2012,sensitivity_2012_2022,2012-2017,2012-2022,0.664079671885238,1.5648667527638964,0.49553336600255576,0.47368421052631576,1.0
MHL,2013,sensitivity_2012_2022,2012-2017,2012-2022,0.730010582568968,1.6015590762395346,0.5906918032070821,0.5473684210526316,1.0
MHL,2014,sensitivity_2012_2022,2012-2017,2012-2022,0.7992506038259721,1.96889020559543,0.42061737016851686,0.47368421052631576,1.0
MHL,2015,sensitivity_2012_2022,2012-2017,2012-2022,0.7912539893692395,2.041903013170666,0.5017217279600374,0.5894736842105263,1.0
MHL,2016,sensitivity_2012_2022,2012-2017,2012-2022,0.8541928177377827,2.3861483227886016,0.4656144756007614,0.5263157894736842,1.0
MHL,2017,sensitivity_2012_2022,2012-2017,2012-2022,0.8725342066201254,2.5216677701804464,0.6341813318594729,0.5789473684210527,1.0
MHL,2018,sensitivity_2012_2022,2012-2017,2012-2022,0.8872119833816681,2.5432607983847157,0.544267344613898,0.5157894736842106,0.9896303021093809
MHL,2019,sensitivity_2012_2022,2012-2017,2012-2022,0.8514591912653429,2.302441210550285,0.5141167333374458,0.5263157894736842,0.9928036166630705
MHL,2020,sensitivity_2012_2022,2012-2017,2012-2022,0.8646615532943083,2.43326530381984,0.7012069669240147,0.5157894736842106,0.9999320775119839
MHL,2021,sensitivity_2012_2022,2012-2017,2012-2022,0.843666613128273,2.277879257565059,0.6504453678594382,0.5578947368421052,0.9997300219787036
MHL,2022,sensitivity_2012_2022,2012-2017,2012-2022,0.8513624573896028,2.3289895684288338,0.8257270859686633,0.5157894736842106,0.9973738910088108
MKD,2012,sensitivity_2012_2022,2012-2017,2012-2022,0.8796808846268358,2.7677668919460494,0.17121938199836312,0.7006369426751592,1.0
MKD,2013,sensitivity_2012_2022,2012-2017,2012-2022,0.8329746786566817,2.578797601390063,0.0877680106748554,0.8152866242038217,1.0
MKD,2014,sensitivity_2012_2022,2012-2017,2012-2022,0.8036368257996268,2.501297618863665,0.041045845094633646,0.7643312101910829,1.0
MKD,2015,sensitivity_2012_2022,2012-2017,2012-2022,0.7884664623285479,2.476881527207001,0.0774393605777482,0.7770700636942676,1.0
MKD,2016,sensitivity_2012_2022,2012-2017,2012-2022,0.7818579488316317,2.4211932470438184,0.09897068208705932,0.7770700636942676,1.0
MKD,2017,sensitivity_2012_2022,2012-2017,2012-2022,0.776726915414764,2.416742488594128,0.1121876622799603,0.6942675159235668,1.0
MKD,2018,sensitivity_2012_2022,2012-2017,2012-2022,0.801212100017885,2.54165581354071,0.10690322080912881,0.7961783439490446,0.9999750712667392
MKD,2019,sensitivity_2012_2022,2012-2017,2012-2022,0.7401212505061601,2.3296678148588787,0.15925178146518532,0.7834394904458599,0.9999758688586852
MKD,2020,sensitivity_2012_2022,2012-2017,2012-2022,0.7673187370626061,2.425583974640365,0.16101179214228023,0.802547770700637,0.9995505073540274
MKD,2021,sensitivity_2012_2022,2012-2017,2012-2022,0.7940618694681193,2.5077280992772017,0.1284137259226092,0.8152866242038217,0.9999308372767436
MKD,2022,sensitivity_2012_2022,2012-2017,2012-2022,0.7822514501393244,2.4308107410553665,0.14497117220822583,0.821656050955414,0.9998698147611131
MLI,2012,sensitivity_2012_2022,2012-2017,2012-2022,0.7122162360917734,1.9110382534269523,0.1656976814437315,0.7638888888888888,1.0
MLI,2013,sensitivity_2012_2022,2012-2017,2012-2022,0.42601467031803175,1.162292627298221,0.20232584899839964,0.6527777777777778,1.0
MLI,2014,sensitivity_2012_2022,2012-2017,2012-2022,0.433876735226396,1.1916636712538398,0.22642902542666843,0.5902777777777778,1.0
MLI,2015,sensitivity_2012_2022,2012-2017,2012-2022,0.4717878519730364,1.2020702100805543,0.16346541031415993,0.6041666666666666,1.0
MLI,2016,sensitivity_2012_2022,2012-2017,2012-2022,0.7072210965780041,1.882356186612905,0.09826566756085088,0.7430555555555556,1.0
MLI,2017,sensitivity_2012_2022,2012-2017,2012-2022,0.8162979957982224,2.298020802661838,0.3850344182475492,0.7013888888888888,1.0
MLI,2018,sensitivity_2012_2022,2012-2017,2012-2022,0.7078502864705551,1.8062346722707978,0.3642147745486601,0.7013888888888888,0.9997296649105795
MLI,2019,sensitivity_2012_2022,2012-2017,2012-2022,0.654593158194122,1.5522135926329785,0.19049596136013297,0.7569444444444444,0.9998812125531499
MLI,2020,sensitivity_2012_2022,2012-2017,2012-2022,0.65932541540212,1.4992757242163914,0.25346627505905994,0.6527777777777778,0.9997835913548931
MLI,2021,sensitivity_2012_2022,2012-2017,2012-2022,0.5017535761592589,1.1847729936405038,0.1792811419431072,0.6736111111111112,0.9997056215300439
MLI,2022,sensitivity_2012_2022,2012-2017,2012-2022,0.5735588814875074,1.385298091510864,0.1593772137878406,0.6944444444444444,0.999844180540995
MLT,2012,sensitivity_2012_2022,2012-2017,2012-2022,0.9534405185577284,3.5001714863634374,0.19536379551350103,0.8704663212435233,1.0
MLT,2013,sensitivity_2012_2022,2012-2017,2012-2022,0.9485020923321982,3.441789360977774,0.19552521106183057,0.8290155440414507,1.0
MLT,2014,sensitivity_2012_2022,2012-2017,2012-2022,0.9399995361055238,3.384952404522077,0.15362812007752807,0.8393782383419689,1.0
MLT,2015,sensitivity_2012_2022,2012-2017,2012-2022,0.9304036861700148,3.2854846672068057,0.16993198763249143,0.8756476683937824,1.0
MLT,2016,sensitivity_2012_2022,2012-2017,2012-2022,0.9393413673226394,3.3677518602973766,0.17140869101720463,0.8549222797927462,1.0
MLT,2017,sensitivity_2012_2022,2012-2017,2012-2022,0.9431004400459733,3.418792393911075,0.19383282311994635,0.8756476683937824,1.0
MLT,2018,sensitivity_2012_2022,2012-2017,2012-2022,0.949328894633889,3.4796447773290238,0.23674480338323317,0.8497409326424871,0.9999927126916893
MLT,2019,sensitivity_2012_2022,2012-2017,2012-2022,0.9509098761490127,3.597718683242885,0.2854306987771499,0.8756476683937824,0.9999583421299515
MLT,2020,sensitivity_2012_2022,2012-2017,2012-2022,0.9543778406023907,3.6557418723884263,0.30722938792173266,0.844559585492228,0.9999387324797456
MLT,2021,sensitivity_2012_2022,2012-2017,2012-2022,0.9574865780063332,3.707533455550264,0.2876333039615746,0.8497409326424871,0.9997544505217139
MLT,2022,sensitivity_2012_2022,2012-2017,2012-2022,0.9530987435262385,3.604383812056104,0.2902200116989071,0.8341968911917098,0.9994374579856241
MMR,2012,sensitivity_2012_2022,2012-2017,2012-2022,0.6896291014083773,1.8678382571584153,0.1454383696466644,0.6559139784946236,1.0
MMR,2013,sensitivity_2012_2022,2012-2017,2012-2022,0.7074929049956454,1.9108799540002563,0.09314960356459469,0.7096774193548387,1.0
MMR,2014,sensitivity_2012_2022,2012-2017,2012-2022,0.7304329335841147,2.040265176971017,0.07741158034675587,0.7419354838709677,1.0
MMR,2015,sensitivity_2012_2022,2012-2017,2012-2022,0.738626248568391,2.1242396655695286,0.06610066318043394,0.7365591397849462,1.0
MMR,2016,sensitivity_2012_2022,2012-2017,2012-2022,0.8356126381317514,2.534148455390242,0.11368811582248639,0.8655913978494624,1.0
MMR,2017,sensitivity_2012_2022,2012-2017,2012-2022,0.8705670117958451,2.8338343741103094,0.20793294971082124,0.7956989247311828,1.0
MMR,2018,sensitivity_2012_2022,2012-2017,2012-2022,0.88314610184247,2.908018811534581,0.28499952593176536,0.7688172043010753,0.9999779233699901
MMR,2019,sensitivity_2012_2022,2012-2017,2012-2022,0.8888639497537292,2.961967804473204,0.3099442515969486,0.8118279569892473,0.9999143086812691
MMR,2020,sensitivity_2012_2022,2012-2017,2012-2022,0.8960809280790062,3.0028232665921877,0.3219275307092301,0.7903225806451613,0.9987304180285277
MMR,2021,sensitivity_2012_2022,2012-2017,2012-2022,0.8958231143982494,2.977751948275267,0.3238625730170152,0.7419354838709677,0.9999829639436856
MMR,2022,sensitivity_2012_2022,2012-2017,2012-2022,0.9011631097771455,2.9887989761159366,0.35597080596611996,0.7419354838709677,0.9999771020173694
MNE,2012,sensitivity_2012_2022,2012-2017,2012-2022,0.9049365214518768,2.7014720231554032,0.25812221433798366,0.5423728813559322,1.0
MNE,2013,sensitivity_2012_2022,2012-2017,2012-2022,0.8664429463702179,2.6435444492019395,0.22852179302409653,0.635593220338983,1.0
MNE,2014,sensitivity_2012_2022,2012-2017,2012-2022,0.9235970580715142,2.914024179751077,0.19260589195818692,0.6271186440677966,1.0
MNE,2015,sensitivity_2012_2022,2012-2017,2012-2022,0.9145174375767356,2.9450438687967355,0.18406215236113288,0.6779661016949152,1.0
MNE,2016,sensitivity_2012_2022,2012-2017,2012-2022,0.9161103065012969,2.9482943937621306,0.1892261603272572,0.6694915254237288,1.0
MNE,2017,sensitivity_2012_2022,2012-2017,2012-2022,0.9245656888347642,2.9848634875755002,0.2903901046656761,0.6864406779661016,1.0
MNE,2018,sensitivity_2012_2022,2012-2017,2012-2022,0.9126357212817757,2.9079842459279033,0.27216054477398566,0.635593220338983,0.9997395725036309
MNE,2019,sensitivity_2012_2022,2012-2017,2012-2022,0.8994959983595203,2.827374884132015,0.28811387209523354,0.6271186440677966,0.9962587656879948
MNE,2020,sensitivity_2012_2022,2012-2017,2012-2022,0.9085106702882482,2.8953001230056468,0.2553877451473837,0.6271186440677966,0.9933758677936741
MNE,2021,sensitivity_2012_2022,2012-2017,2012-2022,0.9226300518627398,2.957398146442322,0.3417713734505183,0.652542372881356,0.9974542801751274
MNE,2022,sensitivity_2012_2022,2012-2017,2012-2022,0.6763307381118138,1.8193807000648003,0.6499505194643284,0.6949152542372882,0.9989625636395674
MNG,2012,sensitivity_2012_2022,2012-2017,2012-2022,0.8489007152365848,2.3429128153312235,0.48129567353781516,0.5128205128205128,1.0
MNG,2013,sensitivity_2012_2022,2012-2017,2012-2022,0.7841572114565063,2.1357647192931926,0.18219084551670736,0.6153846153846154,1.0
MNG,2014,sensitivity_2012_2022,2012-2017,2012-2022,0.6491365065460434,1.8404131349424624,0.1688042328313472,0.6068376068376068,1.0
MNG,2015,sensitivity_2012_2022,2012-2017,2012-2022,0.7143378546378119,2.013722553571106,0.13227821432114314,0.6324786324786325,1.0
MNG,2016,sensitivity_2012_2022,2012-2017,2012-2022,0.45407034003163194,1.3345616346596285,0.2838831603084575,0.6666666666666666,1.0
MNG,2017,sensitivity_2012_2022,2012-2017,2012-2022,0.5918055618155803,1.710559404318356,0.2175714438315154,0.7264957264957265,1.0
MNG,2018,sensitivity_2012_2022,2012-2017,2012-2022,0.5769257657591063,1.633135367164271,0.23021237470695352,0.5982905982905983,0.9980951238244443
MNG,2019,sensitivity_2012_2022,2012-2017,2012-2022,0.614548611846061,1.7758834898667855,0.23335907024772343,0.5811965811965812,0.9982394786254581
MNG,2020,sensitivity_2012_2022,2012-2017,2012-2022,0.32451802030684096,0.956725235348697,0.36616889427580557,0.5897435897435898,0.9989858839785299
MNG,2021,sensitivity_2012_2022,2012-2017,2012-2022,0.42201008654149275,1.20778847950481,0.3341065163775155,0.5641025641025641,0.9993742398507891
MNG,2022,sensitivity_2012_2022,2012-2017,2012-2022,0.530873821019517,1.4664603978836184,0.25563776416022,0.6495726495726496,0.9989404806063015
MNP,2012,sensitivity_2012_2022,2012-2017,2012-2022,0.8376089785590904,2.091159422034038,0.5159441579928792,0.45454545454545453,1.0
MNP,2013,sensitivity_2012_2022,2012-2017,2012-2022,0.8571291679369488,2.321600914528277,0.4756673234357533,0.5757575757575758,1.0
MNP,2014,sensitivity_2012_2022,2012-2017,2012-2022,0.8529356528009743,2.253283875213421,0.6849137919357736,0.5151515151515151,1.0
MNP,2015,sensitivity_2012_2022,2012-2017,2012-2022,0.7949917090303787,1.934413544497415,0.6445577382761332,0.3939393939393939,1.0
MNP,2016,sensitivity_2012_2022,2012-2017,2012-2022,0.8132819831971491,1.871775304983556,0.5841600289128233,0.36363636363636365,1.0
MNP,2017,sensitivity_2012_2022,2012-2017,2012-2022,0.7423005549333238,1.6816030326672888,0.7348267721438415,0.42424242424242425,1.0
MNP,2018,sensitivity_2012_2022,2012-2017,2012-2022,0.36960360105965184,0.9332256428970849,0.9527934656055206,0.30303030303030304,0.814742634053766
MNP,2019,sensitivity_2012_2022,2012-2017,2012-2022,0.43318021886261526,1.1000875729623996,0.9795191178244365,0.3333333333333333,0.9504067541429115
MNP,2020,sensitivity_2012_2022,2012-2017,2012-2022,0.4209249318399355,0.9214816631333453,0.9060605874143488,0.3333333333333333,0.9842623006805424
MNP,2021,sensitivity_2012_2022,2012-2017,2012-2022,0.6608807526177136,1.4937114722826974,0.826147959351921,0.30303030303030304,0.6981601843100542
MNP,2022,sensitivity_2012_2022,2012-2017,2012-2022,0.6567496366806762,1.5556451052126434,0.8891967315252456,0.30303030303030304,0.802324692925822
MOZ,2012,sensitivity_2012_2022,2012-2017,2012-2022,0.8566412358715412,2.8318188091044565,0.19043072627164304,0.6705882352941176,1.0
MOZ,2013,sensitivity_2012_2022,2012-2017,2012-2022,0.8772375840494423,2.9190484393785274,0.1516064787868848,0.7058823529411765,1.0
MOZ,2014,sensitivity_2012_2022,2012-2017,2012-2022,0.9007862132832263,3.0630548524483308,0.11012750977904098,0.7,1.0
MOZ,2015,sensitivity_2012_2022,2012-2017,2012-2022,0.9058718172740035,3.1428256851073115,0.09482720195320118,0.7529411764705882,1.0
MOZ,2016,sensitivity_2012_2022,2012-2017,2012-2022,0.9120666883364232,3.0863497243984366,0.14231821598295086,0.7176470588235294,1.0
MOZ,2017,sensitivity_2012_2022,2012-2017,2012-2022,0.899707862699656,2.9611940088072357,0.22540121622076217,0.7235294117647059,1.0
MOZ,2018,sensitivity_2012_2022,2012-2017,2012-2022,0.9060160635163812,3.043744223362532,0.2403047049048739,0.7176470588235294,0.9999419801981005
MOZ,2019,sensitivity_2012_2022,2012-2017,2012-2022,0.9151321338694042,3.10666852585039,0.23212884122459396,0.7470588235294118,0.9998439527392836
MOZ,2020,sensitivity_2012_2022,2012-2017,2012-2022,0.9155759687618924,3.0678905664965472,0.23842635413583374,0.7235294117647059,0.9997281036002136
MOZ,2021,sensitivity_2012_2022,2012-2017,2012-2022,0.9039477016652341,2.9604980727417454,0.32618217476155414,0.7058823529411765,0.9963857194108233
MOZ,2022,sensitivity_2012_2022,2012-2017,2012-2022,0.9001103011574294,2.9879659309608186,0.37026964656193306,0.711764705882353,0.9998311567946426
MRT,2012,sensitivity_2012_2022,2012-2017,2012-2022,0.9107669175301061,2.8151172325157243,0.16138185140291328,0.6838709677419355,1.0
MRT,2013,sensitivity_2012_2022,2012-2017,2012-2022,0.879198846810376,2.629159977409666,0.17051076690972028,0.6580645161290323,1.0
MRT,2014,sensitivity_2012_2022,2012-2017,2012-2022,0.9134073810256236,2.904360613044973,0.14262875445615664,0.6516129032258065,1.0
MRT,2015,sensitivity_2012_2022,2012-2017,2012-2022,0.9100659428350342,2.8573054864613496,0.1269523915251919,0.6967741935483871,1.0
MRT,2016,sensitivity_2012_2022,2012-2017,2012-2022,0.9155867860615895,2.926215162722908,0.14398301515969045,0.6387096774193548,1.0
MRT,2017,sensitivity_2012_2022,2012-2017,2012-2022,0.8996820669419129,2.8080715032504435,0.16060788131581755,0.6516129032258065,1.0
MRT,2018,sensitivity_2012_2022,2012-2017,2012-2022,0.9117223935235949,2.906196407243391,0.20406068723701296,0.5935483870967742,0.9774187308624767
MRT,2019,sensitivity_2012_2022,2012-2017,2012-2022,0.8956267969702421,2.8093370735722796,0.20520828136291186,0.6129032258064516,0.9999241035583121
MRT,2020,sensitivity_2012_2022,2012-2017,2012-2022,0.8908745491093406,2.7766795718518678,0.37619921414338625,0.6387096774193548,0.9998523043931555
MRT,2021,sensitivity_2012_2022,2012-2017,2012-2022,0.9086995959110175,2.754264226456612,0.4256103732429853,0.6258064516129033,0.9994445657234362
MRT,2022,sensitivity_2012_2022,2012-2017,2012-2022,0.9129198336894225,2.891890939101897,0.49670936094770024,0.6645161290322581,0.999902871459007
MSR,2012,sensitivity_2012_2022,2012-2017,2012-2022,0.9057225232251507,2.729773468776708,0.6208885842077109,0.4057971014492754,1.0
MSR,2013,sensitivity_2012_2022,2012-2017,2012-2022,0.6053662929203281,1.6793312712867645,0.7027104048717233,0.34782608695652173,1.0
MSR,2014,sensitivity_2012_2022,2012-2017,2012-2022,0.9211667679981059,2.9448110035052504,0.6547265583008378,0.4782608695652174,1.0
MSR,2015,sensitivity_2012_2022,2012-2017,2012-2022,0.9033226247680756,2.6777696387354752,0.6425362781957109,0.391304347826087,1.0
MSR,2016,sensitivity_2012_2022,2012-2017,2012-2022,0.8486543107549347,2.2666588302951585,0.7711768220227874,0.30434782608695654,1.0
MSR,2017,sensitivity_2012_2022,2012-2017,2012-2022,0.5674175913959305,1.4984744973041277,0.9492837848145876,0.4492753623188406,1.0
MSR,2018,sensitivity_2012_2022,2012-2017,2012-2022,0.9090313247103744,2.62829363233908,0.8276189657029049,0.3188405797101449,0.9694627161790146
MSR,2019,sensitivity_2012_2022,2012-2017,2012-2022,0.8486088965903809,2.2493875007258164,0.9032853136787286,0.30434782608695654,0.921461235302845
MSR,2020,sensitivity_2012_2022,2012-2017,2012-2022,0.8202834709212055,2.0098605229449427,0.902854573046867,0.2463768115942029,0.9205466662486196
MSR,2021,sensitivity_2012_2022,2012-2017,2012-2022,0.7236954410444845,1.681092034439425,1.043470558405863,0.2898550724637681,0.9639346354296157
MSR,2022,sensitivity_2012_2022,2012-2017,2012-2022,0.8102385462335177,1.9914936083846206,1.0360823628484646,0.2463768115942029,0.9737340539112632
MUS,2012,sensitivity_2012_2022,2012-2017,2012-2022,0.8937476436460315,2.862511734737665,0.13205536201139428,0.8089887640449438,1.0
MUS,2013,sensitivity_2012_2022,2012-2017,2012-2022,0.9135921689721537,3.0459825210631877,0.0906916459624144,0.8314606741573034,1.0
MUS,2014,sensitivity_2012_2022,2012-2017,2012-2022,0.9157210508505651,3.0425512160343087,0.07941365995774008,0.848314606741573,1.0
MUS,2015,sensitivity_2012_2022,2012-2017,2012-2022,0.9274173554433468,3.153860170418948,0.11047374307066846,0.8539325842696629,1.0
MUS,2016,sensitivity_2012_2022,2012-2017,2012-2022,0.9259887035896701,3.1646053002834336,0.09231869290908162,0.8764044943820225,1.0
MUS,2017,sensitivity_2012_2022,2012-2017,2012-2022,0.9208951942896307,3.137141811774316,0.1053090854123484,0.8202247191011236,1.0
MUS,2018,sensitivity_2012_2022,2012-2017,2012-2022,0.933253747098038,3.2606370231723014,0.18606173133105075,0.8146067415730337,0.9999143047181773
MUS,2019,sensitivity_2012_2022,2012-2017,2012-2022,0.934526586430751,3.2598131558574543,0.18355880473814318,0.797752808988764,0.9997123215678266
MUS,2020,sensitivity_2012_2022,2012-2017,2012-2022,0.9353056054866121,3.246809686028257,0.19197479842122236,0.7921348314606742,0.9999193811947004
MUS,2021,sensitivity_2012_2022,2012-2017,2012-2022,0.9277004431747958,3.210670198558868,0.21215765211260962,0.8146067415730337,0.9999343446457717
MUS,2022,sensitivity_2012_2022,2012-2017,2012-2022,0.9299895506677788,3.187451050076114,0.23373104969555047,0.8146067415730337,0.9997241182092963
MWI,2012,sensitivity_2012_2022,2012-2017,2012-2022,0.9537680279142616,3.5180746404672227,0.178493718193086,0.7468354430379747,1.0
MWI,2013,sensitivity_2012_2022,2012-2017,2012-2022,0.9481738670811917,3.4474519868187166,0.19864085794938963,0.7215189873417721,1.0
MWI,2014,sensitivity_2012_2022,2012-2017,2012-2022,0.9566436172206965,3.54088398888977,0.13426603091836778,0.7341772151898734,1.0
MWI,2015,sensitivity_2012_2022,2012-2017,2012-2022,0.9414261416696191,3.286155318464988,0.19492113718228612,0.689873417721519,1.0
MWI,2016,sensitivity_2012_2022,2012-2017,2012-2022,0.9489086421627736,3.4050684031051217,0.16021900991264995,0.7088607594936709,1.0
MWI,2017,sensitivity_2012_2022,2012-2017,2012-2022,0.9482023175854257,3.4554316026687477,0.18314067333782186,0.740506329113924,1.0
MWI,2018,sensitivity_2012_2022,2012-2017,2012-2022,0.9429221424012473,3.3744402428178413,0.23444774647336428,0.6835443037974683,0.9994535290839605
MWI,2019,sensitivity_2012_2022,2012-2017,2012-2022,0.9497539953293402,3.395717987223397,0.2458294463949518,0.7025316455696202,0.9999013466797311
MWI,2020,sensitivity_2012_2022,2012-2017,2012-2022,0.9516517390695561,3.4315936229606803,0.2576829661353966,0.6835443037974683,0.999972492960855
MWI,2021,sensitivity_2012_2022,2012-2017,2012-2022,0.9490960725987072,3.368037776791217,0.286562894270019,0.6962025316455697,0.9998205003510816
MWI,2022,sensitivity_2012_2022,2012-2017,2012-2022,0.9330501886878456,3.2902335476189664,0.3273485089362569,0.6962025316455697,0.9990832685259835
MYS,2012,sensitivity_2012_2022,2012-2017,2012-2022,0.9235399190223622,3.1927303145825534,0.05960883187173292,0.9551569506726457,1.0
MYS,2013,sensitivity_2012_2022,2012-2017,2012-2022,0.9233670072815181,3.2002609092964587,0.04757149378562546,0.9641255605381166,1.0
MYS,2014,sensitivity_2012_2022,2012-2017,2012-2022,0.9256912477867969,3.220859069400468,0.0358524188697234,0.9596412556053812,1.0
MYS,2015,sensitivity_2012_2022,2012-2017,2012-2022,0.9290617683901936,3.264324729631414,0.026700441409694936,0.968609865470852,1.0
MYS,2016,sensitivity_2012_2022,2012-2017,2012-2022,0.92941498675353,3.2836184184310575,0.05449798131696405,0.9372197309417041,1.0
MYS,2017,sensitivity_2012_2022,2012-2017,2012-2022,0.9292274607541017,3.2905941338860085,0.06135868085881894,0.9551569506726457,1.0
MYS,2018,sensitivity_2012_2022,2012-2017,2012-2022,0.9283016754039172,3.251130851245199,0.08515061951536755,0.9506726457399103,1.0
MYS,2019,sensitivity_2012_2022,2012-2017,2012-2022,0.9294885468921148,3.263353827307144,0.09478202430304655,0.9372197309417041,1.0
MYS,2020,sensitivity_2012_2022,2012-2017,2012-2022,0.925714809972883,3.2465336467396804,0.11715408179977449,0.9461883408071748,1.0
MYS,2021,sensitivity_2012_2022,2012-2017,2012-2022,0.9290745110086537,3.312730940194222,0.1234037594468903,0.9551569506726457,1.0
MYS,2022,sensitivity_2012_2022,2012-2017,2012-2022,0.927288350463377,3.279768573811487,0.11629464086751162,0.9417040358744395,1.0
NAM,2012,sensitivity_2012_2022,2012-2017,2012-2022,0.9075853792797803,2.798857128620413,0.22761430208999173,0.7567567567567568,1.0
NAM,2013,sensitivity_2012_2022,2012-2017,2012-2022,0.8842203321492167,2.7610175882461103,0.12178149929265172,0.8,1.0
NAM,2014,sensitivity_2012_2022,2012-2017,2012-2022,0.8952584125622348,2.861778577160185,0.1491907960602636,0.8108108108108109,1.0
NAM,2015,sensitivity_2012_2022,2012-2017,2012-2022,0.857168393694618,2.6360095835059325,0.1515987989601095,0.7621621621621621,1.0
NAM,2016,sensitivity_2012_2022,2012-2017,2012-2022,0.9024739854655395,2.845068859558455,0.13990560643993383,0.7783783783783784,1.0
NAM,2017,sensitivity_2012_2022,2012-2017,2012-2022,0.9011494413637782,2.87105990728105,0.2209555190412228,0.8108108108108109,1.0
NAM,2018,sensitivity_2012_2022,2012-2017,2012-2022,0.9085368737182663,2.8582618612382857,0.29826781099876676,0.7783783783783784,0.9999530519739641
NAM,2019,sensitivity_2012_2022,2012-2017,2012-2022,0.8882315941162655,2.7788428509719876,0.21537325296089746,0.745945945945946,0.9999536926350682
NAM,2020,sensitivity_2012_2022,2012-2017,2012-2022,0.8956338481169045,2.818771668678979,0.24160897596387798,0.7243243243243244,0.9999841220902389
NAM,2021,sensitivity_2012_2022,2012-2017,2012-2022,0.8795983900953747,2.7082407622878724,0.26316334267966723,0.7243243243243244,0.9999479600039058
NAM,2022,sensitivity_2012_2022,2012-2017,2012-2022,0.8586773777569504,2.6372947665497977,0.24924004410822514,0.7783783783783784,0.9999088383769844
NCL,2012,sensitivity_2012_2022,2012-2017,2012-2022,0.8578536569519317,2.2009036525061214,0.14280295323571118,0.576271186440678,1.0
NCL,2013,sensitivity_2012_2022,2012-2017,2012-2022,0.8712326782854082,2.298685108182315,0.11941520987758557,0.5677966101694916,1.0
NCL,2014,sensitivity_2012_2022,2012-2017,2012-2022,0.8643565523421302,2.235661172072428,0.11895074799219987,0.576271186440678,1.0
NCL,2015,sensitivity_2012_2022,2012-2017,2012-2022,0.8647970718173248,2.2416968466622738,0.09015349982334014,0.6610169491525424,1.0
NCL,2016,sensitivity_2012_2022,2012-2017,2012-2022,0.8271460063068784,2.064207457462301,0.15570924063312228,0.4152542372881356,1.0
NCL,2017,sensitivity_2012_2022,2012-2017,2012-2022,0.7913113409580056,1.9358145094202186,0.21346345165567404,0.4152542372881356,1.0
NCL,2018,sensitivity_2012_2022,2012-2017,2012-2022,0.7922269324293086,1.93531546615497,0.2289676215261755,0.3474576271186441,0.9998369584503208
NCL,2019,sensitivity_2012_2022,2012-2017,2012-2022,0.7723045425154572,1.8862801545471959,0.31625810861254167,0.423728813559322,0.9992192574476351
NCL,2020,sensitivity_2012_2022,2012-2017,2012-2022,0.7540402684688856,1.7850885399569014,0.32902157910959434,0.3644067796610169,0.9988727757652074
NCL,2021,sensitivity_2012_2022,2012-2017,2012-2022,0.7618912508273681,1.7951050678228808,0.29605590742029103,0.3474576271186441,0.9997027354484004
NCL,2022,sensitivity_2012_2022,2012-2017,2012-2022,0.7298691556771115,1.7687715843372285,0.391795150906808,0.3728813559322034,0.9994081380998922
NER,2012,sensitivity_2012_2022,2012-2017,2012-2022,0.7185186114991476,1.9138563654644747,0.2782869933328436,0.5974842767295597,1.0
NER,2013,sensitivity_2012_2022,2012-2017,2012-2022,0.6303453977893381,1.378659058333882,0.38487152470036456,0.5660377358490566,1.0
NER,2014,sensitivity_2012_2022,2012-2017,2012-2022,0.6447029260248898,1.5858053775422651,0.24266643992474457,0.6226415094339622,1.0
NER,2015,sensitivity_2012_2022,2012-2017,2012-2022,0.6373463949770891,1.6411573049865513,0.25883912568220324,0.5849056603773585,1.0
NER,2016,sensitivity_2012_2022,2012-2017,2012-2022,0.7849748908113393,1.9795171777455578,0.19891676183484905,0.5974842767295597,1.0
NER,2017,sensitivity_2012_2022,2012-2017,2012-2022,0.8089456903240303,2.185122420226883,0.19315668309485856,0.5849056603773585,1.0
NER,2018,sensitivity_2012_2022,2012-2017,2012-2022,0.773651337282909,2.038873271495195,0.536557685108186,0.6037735849056604,0.9997203365378068
NER,2019,sensitivity_2012_2022,2012-2017,2012-2022,0.7703618091523733,2.018929321137465,0.5561088457541703,0.6352201257861635,0.9992653773587108
NER,2020,sensitivity_2012_2022,2012-2017,2012-2022,0.4878436762005556,1.2836853484722197,0.7349633173124435,0.6226415094339622,0.9999835345560244
NER,2021,sensitivity_2012_2022,2012-2017,2012-2022,0.41765411327274693,1.083891642171625,0.7022591060457309,0.5660377358490566,0.9998420255424307
NER,2022,sensitivity_2012_2022,2012-2017,2012-2022,0.38711408498450284,1.022983867010286,0.7333132129585292,0.5408805031446541,0.9996191666111287
NFK,2012,sensitivity_2012_2022,2012-2017,2012-2022,0.8694404779405323,2.30602760334137,0.7139495769889335,0.5294117647058824,1.0
NFK,2013,sensitivity_2012_2022,2012-2017,2012-2022,0.8065694413611282,2.1267265404232316,0.6880065094715947,0.6176470588235294,1.0
NFK,2014,sensitivity_2012_2022,2012-2017,2012-2022,0.6512523952604672,1.623689751477187,0.8805406187552802,0.5,1.0
NFK,2015,sensitivity_2012_2022,2012-2017,2012-2022,0.8572212882764823,2.2497689859853254,0.6273438038342679,0.5294117647058824,1.0
NFK,2016,sensitivity_2012_2022,2012-2017,2012-2022,0.871723778098916,2.3182078103703,0.718347239501109,0.4411764705882353,1.0
NFK,2017,sensitivity_2012_2022,2012-2017,2012-2022,0.9027039944246689,2.4745836345698375,0.6222319513254878,0.4411764705882353,1.0
NFK,2018,sensitivity_2012_2022,2012-2017,2012-2022,0.8430898446970543,2.150575306185578,0.6684595730913283,0.47058823529411764,0.897359499044305
NFK,2019,sensitivity_2012_2022,2012-2017,2012-2022,0.8257764298820316,2.1442107221409823,0.7392212029272682,0.5294117647058824,0.975700996251128
NFK,2020,sensitivity_2012_2022,2012-2017,2012-2022,0.8684575479035823,2.18415058749608,0.7514756498769223,0.35294117647058826,0.8786052825496977
NFK,2021,sensitivity_2012_2022,2012-2017,2012-2022,0.8967384079994597,2.444959731708556,0.7568962141912174,0.4411764705882353,0.8832930343016479
NFK,2022,sensitivity_2012_2022,2012-2017,2012-2022,0.8415534578898158,2.018381823803073,0.7456781059742176,0.3235294117647059,0.8576710531546933
NGA,2012,sensitivity_2012_2022,2012-2017,2012-2022,0.9371933086968387,3.1919728905884535,0.15586934895233306,0.8157894736842105,1.0
NGA,2013,sensitivity_2012_2022,2012-2017,2012-2022,0.9359189629397666,3.136097028960865,0.1305939323350026,0.7894736842105263,1.0
NGA,2014,sensitivity_2012_2022,2012-2017,2012-2022,0.9232805706403596,3.0218260530740144,0.1015646953538791,0.8157894736842105,1.0
NGA,2015,sensitivity_2012_2022,2012-2017,2012-2022,0.9217502213700339,3.0191496210297966,0.11165146850251421,0.7842105263157895,1.0
NGA,2016,sensitivity_2012_2022,2012-2017,2012-2022,0.9202686759465195,3.081390546474835,0.146789006190076,0.7789473684210526,1.0
NGA,2017,sensitivity_2012_2022,2012-2017,2012-2022,0.9117580016740437,3.087844118690221,0.16700582285759508,0.7947368421052632,1.0
NGA,2018,sensitivity_2012_2022,2012-2017,2012-2022,0.9252256382409287,3.064165212778941,0.1718900203236552,0.7947368421052632,0.9999993391117372
NGA,2019,sensitivity_2012_2022,2012-2017,2012-2022,0.923294262491559,3.089282998345257,0.20506442301572014,0.7894736842105263,1.0
NGA,2020,sensitivity_2012_2022,2012-2017,2012-2022,0.9365172222916152,3.2509395918198347,0.22799871533872298,0.7736842105263158,0.9999877970386231
NGA,2021,sensitivity_2012_2022,2012-2017,2012-2022,0.9306005192292383,3.1885952025158617,0.2314261132472713,0.8052631578947368,0.9998176010910264
NGA,2022,sensitivity_2012_2022,2012-2017,2012-2022,0.936448232262,3.1934634150996386,0.26406411902015603,0.8052631578947368,0.9999846086919779
NIC,2012,sensitivity_2012_2022,2012-2017,2012-2022,0.9038869567917693,2.8508376858357023,0.20472009629136784,0.7239263803680982,1.0
NIC,2013,sensitivity_2012_2022,2012-2017,2012-2022,0.8837478855057677,2.7125582015017997,0.12258099535578688,0.7730061349693251,1.0
NIC,2014,sensitivity_2012_2022,2012-2017,2012-2022,0.8842251147954375,2.7155734370032354,0.10576330122910049,0.7361963190184049,1.0
NIC,2015,sensitivity_2012_2022,2012-2017,2012-2022,0.8957103583058226,2.7853593236788656,0.09388477300450528,0.7607361963190185,1.0
NIC,2016,sensitivity_2012_2022,2012-2017,2012-2022,0.8710030291487108,2.774035679415242,0.15779013154112356,0.7791411042944786,1.0
NIC,2017,sensitivity_2012_2022,2012-2017,2012-2022,0.9294897371774861,3.1144941319884665,0.2039774876978844,0.7975460122699386,1.0
NIC,2018,sensitivity_2012_2022,2012-2017,2012-2022,0.9270966974277846,3.0917244887800157,0.2542574156364545,0.7484662576687117,0.9998849486092934
NIC,2019,sensitivity_2012_2022,2012-2017,2012-2022,0.9272776853489297,3.1175090847191895,0.26379835303197563,0.7484662576687117,0.999961930779147
NIC,2020,sensitivity_2012_2022,2012-2017,2012-2022,0.9149612782378094,2.9991664744768345,0.25019214859218986,0.7177914110429447,0.9999052952905997
NIC,2021,sensitivity_2012_2022,2012-2017,2012-2022,0.8875388556802566,2.845583563767611,0.23494211603155118,0.7975460122699386,0.9996307057577581
NIC,2022,sensitivity_2012_2022,2012-2017,2012-2022,0.8896426364251762,2.820971705418207,0.24848376003742734,0.7852760736196319,0.9993761743249829
NIU,2012,sensitivity_2012_2022,2012-2017,2012-2022,0.535322507199643,1.3669556557404803,1.133129037082875,0.2916666666666667,1.0
NIU,2013,sensitivity_2012_2022,2012-2017,2012-2022,0.8878476550585035,2.486075234929144,1.0825150300529183,0.3958333333333333,1.0
NIU,2014,sensitivity_2012_2022,2012-2017,2012-2022,0.7741909999214348,2.0590891652041243,0.9667632939278014,0.4166666666666667,1.0
NIU,2015,sensitivity_2012_2022,2012-2017,2012-2022,0.9047685776352875,2.5841163695056046,1.1712916419667763,0.4166666666666667,1.0
NIU,2016,sensitivity_2012_2022,2012-2017,2012-2022,0.8889508355966996,2.4128999923633825,1.253688086705727,0.3125,1.0
NIU,2017,sensitivity_2012_2022,2012-2017,2012-2022,0.052241315537748356,0.19310682234143692,0.8534348460326356,0.5,1.0
NIU,2018,sensitivity_2012_2022,2012-2017,2012-2022,0.12689610027435183,0.3049121703342556,0.878611289554284,0.3541666666666667,0.9867833139114396
NIU,2019,sensitivity_2012_2022,2012-2017,2012-2022,0.13719628293045993,0.36392358243165546,0.8615088662011638,0.4166666666666667,0.9890704480746392
NIU,2020,sensitivity_2012_2022,2012-2017,2012-2022,0.02185019430934243,0.08450706831994136,0.8674497777123664,0.2708333333333333,0.9969418074501231
NIU,2021,sensitivity_2012_2022,2012-2017,2012-2022,0.603908296648721,1.6106538198776934,0.9930542754114583,0.3541666666666667,0.9541274081584085
NIU,2022,sensitivity_2012_2022,2012-2017,2012-2022,0.8764348348636596,2.306121999806931,1.4889867785650392,0.2916666666666667,0.8953569114261041
NLD,2012,sensitivity_2012_2022,2012-2017,2012-2022,0.9011234084015312,3.1515309449910474,0.045370663327434495,0.960352422907489,1.0
NLD,2013,sensitivity_2012_2022,2012-2017,2012-2022,0.8993370812784682,3.13866277337008,0.03224633551276082,0.9823788546255506,1.0
NLD,2014,sensitivity_2012_2022,2012-2017,2012-2022,0.8990701232768807,3.1453407346349866,0.025749505942779,0.9647577092511013,1.0
NLD,2015,sensitivity_2012_2022,2012-2017,2012-2022,0.9037777702595748,3.192409579361362,0.030761983541705343,0.9691629955947136,1.0
NLD,2016,sensitivity_2012_2022,2012-2017,2012-2022,0.9042201977361798,3.185255722492338,0.03617398698916506,0.9779735682819384,1.0
NLD,2017,sensitivity_2012_2022,2012-2017,2012-2022,0.9108451869661653,3.240558059368873,0.04127260366549411,0.986784140969163,1.0
NLD,2018,sensitivity_2012_2022,2012-2017,2012-2022,0.9049925815705644,3.2084307073743084,0.03831928025099304,0.973568281938326,1.0
NLD,2019,sensitivity_2012_2022,2012-2017,2012-2022,0.9111243260101386,3.2619190107682097,0.05275775475454099,0.986784140969163,1.0
NLD,2020,sensitivity_2012_2022,2012-2017,2012-2022,0.9179449341853536,3.291061960307065,0.09141466208507305,0.9647577092511013,1.0
NLD,2021,sensitivity_2012_2022,2012-2017,2012-2022,0.9165435675982962,3.261778919469763,0.09520824783567823,0.9823788546255506,1.0
NLD,2022,sensitivity_2012_2022,2012-2017,2012-2022,0.9119111099356033,3.234720906069586,0.10913716618095334,0.986784140969163,1.0
NOR,2012,sensitivity_2012_2022,2012-2017,2012-2022,0.8859365390075327,2.816694155391806,0.07656599381951512,0.9205607476635514,1.0
NOR,2013,sensitivity_2012_2022,2012-2017,2012-2022,0.9005947878067011,2.878380855345556,0.055056277275113315,0.9299065420560748,1.0
NOR,2014,sensitivity_2012_2022,2012-2017,2012-2022,0.8865613260798718,2.795872777453008,0.06303050452465737,0.9345794392523364,1.0
NOR,2015,sensitivity_2012_2022,2012-2017,2012-2022,0.8980830209924693,2.9221546249192203,0.03768403052400296,0.9392523364485982,1.0
NOR,2016,sensitivity_2012_2022,2012-2017,2012-2022,0.8981148777342151,2.9500570555394603,0.0594076451321907,0.9205607476635514,1.0
NOR,2017,sensitivity_2012_2022,2012-2017,2012-2022,0.8995025441310285,2.920530418898815,0.06065220360783219,0.9252336448598131,1.0
NOR,2018,sensitivity_2012_2022,2012-2017,2012-2022,0.8847969698902226,2.800783628962726,0.07201599408094471,0.9299065420560748,1.0
NOR,2019,sensitivity_2012_2022,2012-2017,2012-2022,0.8906627337662104,2.852157254741833,0.06811788553834194,0.9345794392523364,1.0
NOR,2020,sensitivity_2012_2022,2012-2017,2012-2022,0.8932261201484287,2.900091271131042,0.12992993739444758,0.9158878504672897,1.0
NOR,2021,sensitivity_2012_2022,2012-2017,2012-2022,0.8622153416539193,2.694226937663475,0.15207080793440841,0.9158878504672897,0.999999866491318
NOR,2022,sensitivity_2012_2022,2012-2017,2012-2022,0.862876467160338,2.5996382065661603,0.17862385812088064,0.9112149532710281,1.0
NPL,2012,sensitivity_2012_2022,2012-2017,2012-2022,0.5997816400805801,1.8694840873337026,0.08351919913109122,0.6967741935483871,1.0
NPL,2013,sensitivity_2012_2022,2012-2017,2012-2022,0.5406522063709742,1.6757226130586365,0.04677913237597874,0.7290322580645161,1.0
NPL,2014,sensitivity_2012_2022,2012-2017,2012-2022,0.47817503601710676,1.4892316751683474,0.064927737416685,0.7096774193548387,1.0
NPL,2015,sensitivity_2012_2022,2012-2017,2012-2022,0.44344420515663463,1.362906007986305,0.06916615371030098,0.6580645161290323,1.0
NPL,2016,sensitivity_2012_2022,2012-2017,2012-2022,0.5460928602748223,1.6633609482422345,0.046310283086108586,0.7225806451612903,1.0
NPL,2017,sensitivity_2012_2022,2012-2017,2012-2022,0.545117706944559,1.648300206119163,0.05956472200041915,0.6516129032258065,1.0
NPL,2018,sensitivity_2012_2022,2012-2017,2012-2022,0.5694292435216668,1.7238099239078188,0.08113009162067132,0.6451612903225806,0.9999573990075588
NPL,2019,sensitivity_2012_2022,2012-2017,2012-2022,0.38463849746870904,1.202038504505584,0.11017908164396033,0.6967741935483871,0.9997312674935694
NPL,2020,sensitivity_2012_2022,2012-2017,2012-2022,0.34485339455019437,1.1069302500747038,0.1471306344634361,0.6064516129032258,0.9991493566537921
NPL,2021,sensitivity_2012_2022,2012-2017,2012-2022,0.2277877583498622,0.763007954319768,0.20247007606856438,0.6967741935483871,0.9999350369266309
NPL,2022,sensitivity_2012_2022,2012-2017,2012-2022,0.37339462118270117,1.1895549257842433,0.12823296490774308,0.6645161290322581,0.9997092514900051
NRU,2012,sensitivity_2012_2022,2012-2017,2012-2022,0.7159574489858767,1.5627723605150161,0.4766998667853221,0.40789473684210525,1.0
NRU,2013,sensitivity_2012_2022,2012-2017,2012-2022,0.7685348362578943,1.7725353836154116,0.33249440099348426,0.47368421052631576,1.0
NRU,2014,sensitivity_2012_2022,2012-2017,2012-2022,0.8646911981141178,2.319720584037922,0.2277610414264706,0.5,1.0
NRU,2015,sensitivity_2012_2022,2012-2017,2012-2022,0.7410777056498179,1.764910297090536,0.5065043694877235,0.5394736842105263,1.0
NRU,2016,sensitivity_2012_2022,2012-2017,2012-2022,0.8244857234035304,2.0478096200044753,0.3091246834110681,0.4342105263157895,1.0
NRU,2017,sensitivity_2012_2022,2012-2017,2012-2022,0.8296719068178956,2.1549936386644823,0.37478363618253474,0.5657894736842105,1.0
NRU,2018,sensitivity_2012_2022,2012-2017,2012-2022,0.8394724974427772,2.160513426505817,0.42960472991978293,0.42105263157894735,0.9305699883065467
NRU,2019,sensitivity_2012_2022,2012-2017,2012-2022,0.7134584865978545,1.7506844870125686,0.6985869546481134,0.4473684210526316,0.99199479736857
NRU,2020,sensitivity_2012_2022,2012-2017,2012-2022,0.47470739078371427,1.0003945572733013,1.0121834205527784,0.3815789473684211,0.9985008891955215
NRU,2021,sensitivity_2012_2022,2012-2017,2012-2022,0.700854790893157,1.6407645221393052,0.8922126261629665,0.4473684210526316,0.9975056095562757
NRU,2022,sensitivity_2012_2022,2012-2017,2012-2022,0.5900327686697304,1.2854551925316142,0.9140998748857241,0.4473684210526316,0.997906619536867
NZL,2012,sensitivity_2012_2022,2012-2017,2012-2022,0.9001727220272798,3.314618613662316,0.058069195099927556,0.9493087557603687,1.0
NZL,2013,sensitivity_2012_2022,2012-2017,2012-2022,0.907875393449156,3.3622834823236536,0.044064248385779034,0.9447004608294931,1.0
NZL,2014,sensitivity_2012_2022,2012-2017,2012-2022,0.9156571872405233,3.4086706121733292,0.04075723167879826,0.9585253456221198,1.0
NZL,2015,sensitivity_2012_2022,2012-2017,2012-2022,0.9175446998628839,3.43217625100426,0.033965111023830125,0.9585253456221198,1.0
NZL,2016,sensitivity_2012_2022,2012-2017,2012-2022,0.9158110903194758,3.4177974723385276,0.038886765791499134,0.9493087557603687,1.0
NZL,2017,sensitivity_2012_2022,2012-2017,2012-2022,0.9179332759621756,3.41700663868364,0.050320134477351154,0.9539170506912442,1.0
NZL,2018,sensitivity_2012_2022,2012-2017,2012-2022,0.9173203153573237,3.4026766267478865,0.0558356839999823,0.9400921658986175,1.0
NZL,2019,sensitivity_2012_2022,2012-2017,2012-2022,0.9204322813338865,3.410662892987732,0.06725674167187737,0.9447004608294931,1.0
NZL,2020,sensitivity_2012_2022,2012-2017,2012-2022,0.9249006612740032,3.4382891037309085,0.09318502891637873,0.9308755760368663,1.0
NZL,2021,sensitivity_2012_2022,2012-2017,2012-2022,0.9272528067084468,3.4189026039801327,0.103048903964753,0.9539170506912442,1.0
NZL,2022,sensitivity_2012_2022,2012-2017,2012-2022,0.9332747478575989,3.4435171225390517,0.12442523639575016,0.9354838709677419,0.9999992552016971
OMN,2012,sensitivity_2012_2022,2012-2017,2012-2022,0.8980614671444173,2.7808204771131697,0.2201329919444432,0.8287292817679558,1.0
OMN,2013,sensitivity_2012_2022,2012-2017,2012-2022,0.9167905199824161,2.93745927250594,0.10662784673628789,0.8839779005524862,1.0
OMN,2014,sensitivity_2012_2022,2012-2017,2012-2022,0.9120434040446866,2.9001661830756613,0.14060501237497774,0.8232044198895028,1.0
OMN,2015,sensitivity_2012_2022,2012-2017,2012-2022,0.9113489419706956,2.9576314815389644,0.13018956440102306,0.9060773480662984,1.0
OMN,2016,sensitivity_2012_2022,2012-2017,2012-2022,0.9131728393530207,2.9246153720888293,0.19022360344531092,0.8453038674033149,1.0
OMN,2017,sensitivity_2012_2022,2012-2017,2012-2022,0.921429182559286,3.012365581427414,0.19410450558375872,0.861878453038674,1.0
OMN,2018,sensitivity_2012_2022,2012-2017,2012-2022,0.9260059895594528,3.061732383618939,0.1894069022059785,0.861878453038674,0.9999985729979277
OMN,2019,sensitivity_2012_2022,2012-2017,2012-2022,0.9230869464896974,3.0456168279622773,0.19356747590932646,0.856353591160221,1.0
OMN,2020,sensitivity_2012_2022,2012-2017,2012-2022,0.9288568532185085,3.1637417735085607,0.25774445803263857,0.8784530386740331,0.9995319753045195
OMN,2021,sensitivity_2012_2022,2012-2017,2012-2022,0.9299394788095425,3.2402981830949438,0.28635173661851154,0.8674033149171271,0.9996627408865654
OMN,2022,sensitivity_2012_2022,2012-2017,2012-2022,0.9333461545078524,3.275212211347058,0.303554156298842,0.8674033149171271,0.9997038046831936
PAK,2012,sensitivity_2012_2022,2012-2017,2012-2022,0.9478567682939941,3.6700479488186737,0.13482569193472438,0.9264705882352942,1.0
PAK,2013,sensitivity_2012_2022,2012-2017,2012-2022,0.9605264396610984,3.830690191006176,0.06821459345973382,0.9411764705882353,1.0
PAK,2014,sensitivity_2012_2022,2012-2017,2012-2022,0.9624584458778336,3.8400641198701213,0.05271836324576572,0.9411764705882353,1.0
PAK,2015,sensitivity_2012_2022,2012-2017,2012-2022,0.9614470481504019,3.8375534566315257,0.053149726589767306,0.9558823529411765,1.0
PAK,2016,sensitivity_2012_2022,2012-2017,2012-2022,0.9596139324350779,3.7969501228126354,0.08551195114335795,0.9411764705882353,1.0
PAK,2017,sensitivity_2012_2022,2012-2017,2012-2022,0.9603468702740986,3.794500199684446,0.10357294550939561,0.9362745098039216,1.0
PAK,2018,sensitivity_2012_2022,2012-2017,2012-2022,0.9622378957821334,3.8275766877859825,0.12086030851073093,0.9411764705882353,1.0
PAK,2019,sensitivity_2012_2022,2012-2017,2012-2022,0.9614887842054585,3.8124609854244786,0.1335039706932961,0.9313725490196079,0.9999967491897946
PAK,2020,sensitivity_2012_2022,2012-2017,2012-2022,0.9584650177997296,3.77112707599325,0.17020814714558521,0.9313725490196079,0.9999963865459734
PAK,2021,sensitivity_2012_2022,2012-2017,2012-2022,0.9603242946932177,3.801408275199024,0.1977880969152151,0.9264705882352942,0.999999440762465
PAK,2022,sensitivity_2012_2022,2012-2017,2012-2022,0.9586578893552814,3.7515222490635276,0.18768226552535383,0.9362745098039216,0.9999954407090016
PAN,2012,sensitivity_2012_2022,2012-2017,2012-2022,0.8968954310972138,3.07488422529869,0.20768362950456998,0.8418079096045198,1.0
PAN,2013,sensitivity_2012_2022,2012-2017,2012-2022,0.9430409899945223,3.4021864866483504,0.1491936990080088,0.8192090395480226,1.0
PAN,2014,sensitivity_2012_2022,2012-2017,2012-2022,0.9375211748961357,3.4059169719081797,0.12366829222154355,0.8192090395480226,1.0
PAN,2015,sensitivity_2012_2022,2012-2017,2012-2022,0.9551483839308412,3.5390747955077426,0.09998632376646135,0.8192090395480226,1.0
PAN,2016,sensitivity_2012_2022,2012-2017,2012-2022,0.9539008023017475,3.474730287080975,0.1694164653915389,0.8022598870056498,1.0
PAN,2017,sensitivity_2012_2022,2012-2017,2012-2022,0.9533152165449141,3.4905123475406565,0.204871046260163,0.807909604519774,1.0
PAN,2018,sensitivity_2012_2022,2012-2017,2012-2022,0.9564044094950985,3.529254155519901,0.2219248147530045,0.8192090395480226,0.9999966894108255
PAN,2019,sensitivity_2012_2022,2012-2017,2012-2022,0.955892455577298,3.543793303293725,0.24062095048139914,0.8192090395480226,0.9999983956341605
PAN,2020,sensitivity_2012_2022,2012-2017,2012-2022,0.9578485516000272,3.5549334014393774,0.2764820750166508,0.8135593220338984,0.999996238499196
PAN,2021,sensitivity_2012_2022,2012-2017,2012-2022,0.9343345738398645,3.298258256413713,0.564193929534133,0.7627118644067796,0.9999522385588787
PAN,2022,sensitivity_2012_2022,2012-2017,2012-2022,0.9252376273023112,3.2271031796902117,0.6294672319785312,0.768361581920904,0.9994961715799311
PCN,2012,sensitivity_2012_2022,2012-2017,2012-2022,0.6640518701394608,1.4715195568613184,1.4894205495277517,0.29411764705882354,1.0
PCN,2013,sensitivity_2012_2022,2012-2017,2012-2022,0.8831609492378184,2.5979946525755775,1.3408516015742566,0.4117647058823529,1.0
PCN,2014,sensitivity_2012_2022,2012-2017,2012-2022,0.8554490678934253,2.2424781118925337,1.3417995918267938,0.27450980392156865,1.0
PCN,2015,sensitivity_2012_2022,2012-2017,2012-2022,0.7477440399733174,1.8029715692492185,1.2680582050247386,0.27450980392156865,1.0
PCN,2016,sensitivity_2012_2022,2012-2017,2012-2022,0.6346105653380358,1.6663508599155545,1.1183718782814398,0.35294117647058826,1.0
PCN,2017,sensitivity_2012_2022,2012-2017,2012-2022,0.8515040728275544,2.2243202448500825,1.456366028391754,0.3333333333333333,1.0
PCN,2018,sensitivity_2012_2022,2012-2017,2012-2022,0.8768622162628963,2.490257305913578,1.4600457523734767,0.37254901960784315,0.9250019878549016
PCN,2019,sensitivity_2012_2022,2012-2017,2012-2022,0.8642880535993533,2.3285725969539435,1.530866301463684,0.3333333333333333,0.82178709880808
PCN,2020,sensitivity_2012_2022,2012-2017,2012-2022,0.5555147366652655,1.3458336048686927,1.5941737306191976,0.21568627450980393,0.7995486830985944
PCN,2021,sensitivity_2012_2022,2012-2017,2012-2022,0.3262480186978832,0.8929733883596604,1.7352042458234107,0.27450980392156865,0.8533211555849665
PCN,2022,sensitivity_2012_2022,2012-2017,2012-2022,0.6837819790123616,1.6168289531331703,1.6180438818463432,0.2549019607843137,0.9171937303420125
PER,2012,sensitivity_2012_2022,2012-2017,2012-2022,0.9395377080694673,3.2187896819599344,0.13299135057567013,0.8578431372549019,1.0
PER,2013,sensitivity_2012_2022,2012-2017,2012-2022,0.948014217875721,3.2919117957345345,0.07944651242170084,0.8578431372549019,1.0
PER,2014,sensitivity_2012_2022,2012-2017,2012-2022,0.9502387920551476,3.3641311716853153,0.07302146739402042,0.8676470588235294,1.0
PER,2015,sensitivity_2012_2022,2012-2017,2012-2022,0.9452310839703685,3.348522773609357,0.09276131492092463,0.8774509803921569,1.0
PER,2016,sensitivity_2012_2022,2012-2017,2012-2022,0.9497485097307633,3.356584304625107,0.07418944002953973,0.8676470588235294,1.0
PER,2017,sensitivity_2012_2022,2012-2017,2012-2022,0.9487294318245636,3.322154223009143,0.16100680897978747,0.8823529411764706,1.0
PER,2018,sensitivity_2012_2022,2012-2017,2012-2022,0.946590479096644,3.306926975552245,0.18171264396534004,0.8676470588235294,0.9999949330908038
PER,2019,sensitivity_2012_2022,2012-2017,2012-2022,0.9491977587763357,3.337610552679706,0.14725293088223193,0.8382352941176471,0.9983487475571516
PER,2020,sensitivity_2012_2022,2012-2017,2012-2022,0.9475690902244545,3.3350817409107423,0.19860629605885863,0.8382352941176471,0.9999970571647887
PER,2021,sensitivity_2012_2022,2012-2017,2012-2022,0.9472466051958743,3.3061708341969642,0.20544963886577272,0.8333333333333334,0.9999954543177211
PER,2022,sensitivity_2012_2022,2012-2017,2012-2022,0.9497145107473722,3.315289847405769,0.18714209311796168,0.8382352941176471,0.9999963599366261
PHL,2012,sensitivity_2012_2022,2012-2017,2012-2022,0.8966922118118308,2.846648348385082,0.05590619468021528,0.8995215311004785,1.0
PHL,2013,sensitivity_2012_2022,2012-2017,2012-2022,0.9006015008254665,2.9002048044152886,0.045083000375736024,0.937799043062201,1.0
PHL,2014,sensitivity_2012_2022,2012-2017,2012-2022,0.8956696025132539,2.8704986086582167,0.045754072314102404,0.9330143540669856,1.0
PHL,2015,sensitivity_2012_2022,2012-2017,2012-2022,0.9018317949860708,2.9302182239800825,0.039079787317744155,0.9330143540669856,1.0
PHL,2016,sensitivity_2012_2022,2012-2017,2012-2022,0.8963135765604189,2.8654590046811093,0.03391533935467349,0.9330143540669856,1.0
PHL,2017,sensitivity_2012_2022,2012-2017,2012-2022,0.902743454352426,2.892331881680901,0.07720125387453255,0.9473684210526315,1.0
PHL,2018,sensitivity_2012_2022,2012-2017,2012-2022,0.9062345546371513,2.906204821010924,0.0944158930577049,0.8947368421052632,0.9999997689782764
PHL,2019,sensitivity_2012_2022,2012-2017,2012-2022,0.8963720399639085,2.8424087867161907,0.07932239388476015,0.9330143540669856,0.9999986383128827
PHL,2020,sensitivity_2012_2022,2012-2017,2012-2022,0.8928376402233865,2.792881980088065,0.10101185601897546,0.9234449760765551,0.9999942121085605
PHL,2021,sensitivity_2012_2022,2012-2017,2012-2022,0.9014821260964091,2.8677591137966507,0.0931450553935962,0.9138755980861244,0.9999986451397226
PHL,2022,sensitivity_2012_2022,2012-2017,2012-2022,0.9166022475882813,2.950527984310343,0.13077492501296145,0.9043062200956937,0.9999997082829681
PLW,2012,sensitivity_2012_2022,2012-2017,2012-2022,0.17495222808627586,0.5310213470685712,0.29819871540620113,0.4166666666666667,1.0
PLW,2013,sensitivity_2012_2022,2012-2017,2012-2022,0.1617662388703227,0.45473039431274126,0.32575588055471477,0.25,1.0
PLW,2014,sensitivity_2012_2022,2012-2017,2012-2022,0.40143389811805663,0.9313787573675376,0.208879696372911,0.4583333333333333,1.0
PLW,2015,sensitivity_2012_2022,2012-2017,2012-2022,0.6854564233985334,1.4392094320562248,0.3868666133017441,0.3333333333333333,1.0
PLW,2016,sensitivity_2012_2022,2012-2017,2012-2022,0.511522599118463,0.9523651103819263,0.28566707569365746,0.375,1.0
PLW,2017,sensitivity_2012_2022,2012-2017,2012-2022,0.34532908767311987,0.889266356831578,0.21056212495419502,0.375,1.0
PLW,2018,sensitivity_2012_2022,2012-2017,2012-2022,0.3781719885483442,0.8798753621625919,0.18049602089201044,0.3541666666666667,0.9542471692928091
PLW,2019,sensitivity_2012_2022,2012-2017,2012-2022,0.3985812195555738,0.8827853523188386,0.29747109483039685,0.3333333333333333,0.9906751944283356
PLW,2020,sensitivity_2012_2022,2012-2017,2012-2022,0.521275332372297,0.9445870803063354,0.6859163173903617,0.1875,0.9870112590479818
PLW,2021,sensitivity_2012_2022,2012-2017,2012-2022,0.7620500351030458,1.6640302436079686,0.6177165916456586,0.22916666666666666,0.9733494839397536
PLW,2022,sensitivity_2012_2022,2012-2017,2012-2022,0.7687934410124765,1.6907621543734361,0.6267812383395637,0.22916666666666666,0.9828261570600867
PNG,2012,sensitivity_2012_2022,2012-2017,2012-2022,0.7254646549046039,1.981815108903972,0.15349748324447618,0.7950819672131147,1.0
PNG,2013,sensitivity_2012_2022,2012-2017,2012-2022,0.7237728470004936,1.9476542033673387,0.19910320942810256,0.5409836065573771,1.0
PNG,2014,sensitivity_2012_2022,2012-2017,2012-2022,0.7432034848077042,1.8420380723425334,0.09089789348378916,0.5081967213114754,1.0
PNG,2015,sensitivity_2012_2022,2012-2017,2012-2022,0.7815422437896563,2.0167378531365867,0.1611018388912468,0.5491803278688525,1.0
PNG,2016,sensitivity_2012_2022,2012-2017,2012-2022,0.7655676079229847,1.9872964979104568,0.07908001801762533,0.5245901639344263,1.0
PNG,2017,sensitivity_2012_2022,2012-2017,2012-2022,0.8047002784391807,2.1211539046358734,0.14593190147608717,0.5491803278688525,1.0
PNG,2018,sensitivity_2012_2022,2012-2017,2012-2022,0.800496890877138,2.1274344620953496,0.1256580630618034,0.5737704918032787,0.999968462043548
PNG,2019,sensitivity_2012_2022,2012-2017,2012-2022,0.7955331438494996,2.135778514654162,0.131250206498531,0.7131147540983607,0.9977807526098571
PNG,2020,sensitivity_2012_2022,2012-2017,2012-2022,0.8304385887627422,2.27320829451272,0.2282733639154091,0.6721311475409836,0.997413141724144
PNG,2021,sensitivity_2012_2022,2012-2017,2012-2022,0.8481553052639632,2.3821092127296106,0.26500684765784316,0.7213114754098361,0.9998952797122929
PNG,2022,sensitivity_2012_2022,2012-2017,2012-2022,0.8366498009510867,2.297068462231905,0.3158473188053934,0.6721311475409836,0.9698339517854034
POL,2012,sensitivity_2012_2022,2012-2017,2012-2022,0.9070674901517393,3.1476673945914113,0.04288017844776869,0.9259259259259259,1.0
POL,2013,sensitivity_2012_2022,2012-2017,2012-2022,0.9060650587906512,3.1746618931956254,0.037281179273080695,0.9444444444444444,1.0
POL,2014,sensitivity_2012_2022,2012-2017,2012-2022,0.9023366500706513,3.173931827476804,0.0230270510131915,0.9444444444444444,1.0
POL,2015,sensitivity_2012_2022,2012-2017,2012-2022,0.8965704887375179,3.1357740612689367,0.03187508021475651,0.9675925925925926,1.0
POL,2016,sensitivity_2012_2022,2012-2017,2012-2022,0.8952041027756592,3.119954673701745,0.036417448286686374,0.9490740740740741,1.0
POL,2017,sensitivity_2012_2022,2012-2017,2012-2022,0.9022082133219572,3.1492386526776817,0.0326284764280003,0.9583333333333334,1.0
POL,2018,sensitivity_2012_2022,2012-2017,2012-2022,0.8939145401827405,3.1047497838174634,0.050493038864843964,0.9537037037037037,0.9999998690945336
POL,2019,sensitivity_2012_2022,2012-2017,2012-2022,0.8952057812125819,3.1144233913480543,0.0473935255421324,0.9629629629629629,0.9999997578082602
POL,2020,sensitivity_2012_2022,2012-2017,2012-2022,0.8911162877221285,3.098318519192995,0.06034235683217678,0.9490740740740741,0.9999960963973854
POL,2021,sensitivity_2012_2022,2012-2017,2012-2022,0.893160544019131,3.1133353800163603,0.0669273810196111,0.9537037037037037,0.9999997717254623
POL,2022,sensitivity_2012_2022,2012-2017,2012-2022,0.902756046347897,3.169574205590127,0.061886135883480395,0.9722222222222222,0.9999997444224464
PRK,2012,sensitivity_2012_2022,2012-2017,2012-2022,0.9579137904987621,3.614757223142499,0.468057146205375,0.7987012987012987,1.0
PRK,2013,sensitivity_2012_2022,2012-2017,2012-2022,0.9321697486085305,3.3398159096962567,0.41331204457662374,0.7792207792207793,1.0
PRK,2014,sensitivity_2012_2022,2012-2017,2012-2022,0.6792114616276655,2.227173350625704,0.47040667742116066,0.7597402597402597,1.0
PRK,2015,sensitivity_2012_2022,2012-2017,2012-2022,0.9379836154728132,3.4349185934264295,0.44306591173323007,0.7532467532467533,1.0
PRK,2016,sensitivity_2012_2022,2012-2017,2012-2022,0.6680213083435809,2.144228451824974,0.5010559859216542,0.7207792207792207,1.0
PRK,2017,sensitivity_2012_2022,2012-2017,2012-2022,0.9441196902247224,3.5062856799121462,0.45301836851733135,0.7272727272727273,1.0
PRK,2018,sensitivity_2012_2022,2012-2017,2012-2022,0.9566155321111031,3.624000378008005,0.5996471199587774,0.6493506493506493,1.0
PRK,2019,sensitivity_2012_2022,2012-2017,2012-2022,0.9163029409795357,3.243286862879779,0.7435018437459949,0.6493506493506493,0.9994728298596609
PRK,2020,sensitivity_2012_2022,2012-2017,2012-2022,0.8998442140334387,3.0293176994196385,0.8265656500339171,0.5974025974025974,0.9970666200517717
PRK,2021,sensitivity_2012_2022,2012-2017,2012-2022,0.8942354613652781,2.9194475517152094,0.8516984979117,0.5714285714285714,0.9926222997350219
PRK,2022,sensitivity_2012_2022,2012-2017,2012-2022,0.8396065812515636,2.561478452636151,0.6831996280545942,0.4935064935064935,0.9979623389416722
PRT,2012,sensitivity_2012_2022,2012-2017,2012-2022,0.8988554156250013,3.0017135806830835,0.0566055765460881,0.912621359223301,1.0
PRT,2013,sensitivity_2012_2022,2012-2017,2012-2022,0.8968586529989933,3.0135502816497133,0.04186035897911338,0.9368932038834952,1.0
PRT,2014,sensitivity_2012_2022,2012-2017,2012-2022,0.8948687815712026,2.9936955401746617,0.031028874071145303,0.9466019417475728,1.0
PRT,2015,sensitivity_2012_2022,2012-2017,2012-2022,0.8901540350007177,2.979833679428586,0.032428642402378506,0.941747572815534,1.0
PRT,2016,sensitivity_2012_2022,2012-2017,2012-2022,0.8879949764906452,2.9692017871039313,0.05075430216736648,0.9514563106796117,1.0
PRT,2017,sensitivity_2012_2022,2012-2017,2012-2022,0.8947106425620799,3.0193886985565124,0.047498641269896565,0.9660194174757282,1.0
PRT,2018,sensitivity_2012_2022,2012-2017,2012-2022,0.8954648522917107,3.026058448935324,0.0645304278580944,0.9660194174757282,0.9999976351223229
PRT,2019,sensitivity_2012_2022,2012-2017,2012-2022,0.8945646786022883,2.999863376495988,0.0901848925409054,0.9466019417475728,0.9999959215528977
PRT,2020,sensitivity_2012_2022,2012-2017,2012-2022,0.8930272604581411,3.009916419404538,0.08628117444007,0.9563106796116505,0.9999955792086286
PRT,2021,sensitivity_2012_2022,2012-2017,2012-2022,0.8881843992004171,2.9884300670543675,0.08575890011758408,0.9563106796116505,0.9999968993355633
PRT,2022,sensitivity_2012_2022,2012-2017,2012-2022,0.8919024456802831,3.0123050596568905,0.09317975708299184,0.9514563106796117,0.9999982722424557
PRY,2012,sensitivity_2012_2022,2012-2017,2012-2022,0.8106523767957265,2.6240501357228823,0.15463298796872002,0.7926829268292683,1.0
PRY,2013,sensitivity_2012_2022,2012-2017,2012-2022,0.8627460310054911,2.850443225882503,0.11578420427679964,0.774390243902439,1.0
PRY,2014,sensitivity_2012_2022,2012-2017,2012-2022,0.8590957386006854,2.8457060573458337,0.10855271827780524,0.7560975609756098,1.0
PRY,2015,sensitivity_2012_2022,2012-2017,2012-2022,0.848277313818641,2.841205385639829,0.08544853845676233,0.823170731707317,1.0
PRY,2016,sensitivity_2012_2022,2012-2017,2012-2022,0.8253110018847132,2.701047314241471,0.10678921811184716,0.8353658536585366,1.0
PRY,2017,sensitivity_2012_2022,2012-2017,2012-2022,0.8435035497635965,2.703252985414325,0.1320070877242524,0.8353658536585366,1.0
PRY,2018,sensitivity_2012_2022,2012-2017,2012-2022,0.8099148711001758,2.421145610777926,0.2117104811459351,0.8048780487804879,0.9999823759626016
PRY,2019,sensitivity_2012_2022,2012-2017,2012-2022,0.7915517966436146,2.340245637941353,0.21696234991765612,0.823170731707317,0.9999856347182512
PRY,2020,sensitivity_2012_2022,2012-2017,2012-2022,0.7757271626113617,2.235515859355447,0.2631538592168822,0.8475609756097561,0.9999118025010353
PRY,2021,sensitivity_2012_2022,2012-2017,2012-2022,0.7794472391948943,2.198719500449452,0.2691915014493482,0.8414634146341463,0.9999054707334861
PRY,2022,sensitivity_2012_2022,2012-2017,2012-2022,0.7885384186525235,2.346359985589686,0.27380605750824805,0.8597560975609756,0.9998842551249821
PSE,2012,sensitivity_2012_2022,2012-2017,2012-2022,0.2789160364880652,0.7724600717113677,0.03024281969104435,0.6666666666666666,1.0
PSE,2013,sensitivity_2012_2022,2012-2017,2012-2022,0.2032094810389935,0.5760217003543623,0.02892003011758347,0.6444444444444445,1.0
PSE,2014,sensitivity_2012_2022,2012-2017,2012-2022,0.24221296256394487,0.6750221636632129,0.013567955529147524,0.6777777777777778,1.0
PSE,2015,sensitivity_2012_2022,2012-2017,2012-2022,0.2475367346068622,0.686520190617838,0.008969345044874904,0.6222222222222222,1.0
PSE,2016,sensitivity_2012_2022,2012-2017,2012-2022,0.2530097712783198,0.7297712570702326,0.015720676308760055,0.6777777777777778,1.0
PSE,2017,sensitivity_2012_2022,2012-2017,2012-2022,0.24799402965833295,0.7036970067305192,0.01645130186359695,0.7888888888888889,1.0
PSE,2018,sensitivity_2012_2022,2012-2017,2012-2022,0.2302533174974023,0.6728121904334446,0.026187691329379034,0.7333333333333333,0.9997111800046456
PSE,2019,sensitivity_2012_2022,2012-2017,2012-2022,0.2766735062596326,0.8026014909551945,0.043024009528868715,0.7444444444444445,0.9997376627616954
PSE,2020,sensitivity_2012_2022,2012-2017,2012-2022,0.28877809300888013,0.8329694942463703,0.04773425251201731,0.7222222222222222,0.999768565718331
PSE,2021,sensitivity_2012_2022,2012-2017,2012-2022,0.23900678969864686,0.7096331133384394,0.0315860590475902,0.7222222222222222,0.9997688050377627
PSE,2022,sensitivity_2012_2022,2012-2017,2012-2022,0.22768405466942532,0.6509596616361476,0.030631333495424854,0.7,0.9995067247683733
PYF,2012,sensitivity_2012_2022,2012-2017,2012-2022,0.72343072408303,1.7312020645468067,0.0949365645618773,0.5822784810126582,1.0
PYF,2013,sensitivity_2012_2022,2012-2017,2012-2022,0.7172777960430204,1.7706589658519742,0.07008885659043275,0.6455696202531646,1.0
PYF,2014,sensitivity_2012_2022,2012-2017,2012-2022,0.709590448824686,1.7215159344330044,0.09562079728461506,0.6708860759493671,1.0
PYF,2015,sensitivity_2012_2022,2012-2017,2012-2022,0.7473165231719523,1.9201312711779965,0.09817357542724664,0.6962025316455697,1.0
PYF,2016,sensitivity_2012_2022,2012-2017,2012-2022,0.7705017717178595,1.9482846372751284,0.13307733209932207,0.6582278481012658,1.0
PYF,2017,sensitivity_2012_2022,2012-2017,2012-2022,0.7011552322492864,1.6621703084271355,0.08495643865443549,0.6835443037974683,1.0
PYF,2018,sensitivity_2012_2022,2012-2017,2012-2022,0.715775587183874,1.6948970826737022,0.09327471805449272,0.620253164556962,0.9881465933972587
PYF,2019,sensitivity_2012_2022,2012-2017,2012-2022,0.7370772302457831,1.8536254757196944,0.11286300046352148,0.6708860759493671,0.9929247308413313
PYF,2020,sensitivity_2012_2022,2012-2017,2012-2022,0.8216520754479582,2.194036468750519,0.3797051367539634,0.6075949367088608,0.9989975762482486
PYF,2021,sensitivity_2012_2022,2012-2017,2012-2022,0.8199914634420393,2.1620119283407537,0.3137345276737584,0.6075949367088608,0.9964392263130679
PYF,2022,sensitivity_2012_2022,2012-2017,2012-2022,0.8259450723383188,2.154081233510584,0.2751852473684372,0.620253164556962,0.9992151984784187
QAT,2012,sensitivity_2012_2022,2012-2017,2012-2022,0.837167793909602,2.4297326191945725,0.08475465368842447,0.9044943820224719,1.0
QAT,2013,sensitivity_2012_2022,2012-2017,2012-2022,0.8311592649205918,2.4298676429530133,0.08820994312364899,0.8764044943820225,1.0
QAT,2014,sensitivity_2012_2022,2012-2017,2012-2022,0.835469584691876,2.391345518763309,0.07186386562261382,0.8707865168539326,1.0
QAT,2015,sensitivity_2012_2022,2012-2017,2012-2022,0.8710237396493119,2.6424194223349486,0.06453431550821613,0.9157303370786517,1.0
QAT,2016,sensitivity_2012_2022,2012-2017,2012-2022,0.8864529624292424,2.780470592846406,0.0890612414704214,0.9044943820224719,1.0
QAT,2017,sensitivity_2012_2022,2012-2017,2012-2022,0.8901912826939699,2.7648386956618136,0.12106587370494026,0.8876404494382022,1.0
QAT,2018,sensitivity_2012_2022,2012-2017,2012-2022,0.8798346241913789,2.696702288395203,0.14059475060962248,0.8539325842696629,0.9999990813974334
QAT,2019,sensitivity_2012_2022,2012-2017,2012-2022,0.8831087646099013,2.7133867585630456,0.14100877824685257,0.8764044943820225,0.9999988783507237
QAT,2020,sensitivity_2012_2022,2012-2017,2012-2022,0.901486759117714,2.8638273519869792,0.19921280988205706,0.8370786516853933,0.9999987525441281
QAT,2021,sensitivity_2012_2022,2012-2017,2012-2022,0.9006883686029955,2.8442138840234796,0.18101655499927688,0.8595505617977528,0.9999962229051381
QAT,2022,sensitivity_2012_2022,2012-2017,2012-2022,0.9271818571818446,3.005612385097571,0.2959595472218397,0.8202247191011236,0.9997492321200547
ROU,2012,sensitivity_2012_2022,2012-2017,2012-2022,0.9254076783972723,3.298160124675495,0.05883922272875708,0.8960396039603961,1.0
ROU,2013,sensitivity_2012_2022,2012-2017,2012-2022,0.9281091157410924,3.341909710338673,0.0519491888059361,0.905940594059406,1.0
ROU,2014,sensitivity_2012_2022,2012-2017,2012-2022,0.9252011591601563,3.317778152493613,0.03481972070498529,0.9108910891089109,1.0
ROU,2015,sensitivity_2012_2022,2012-2017,2012-2022,0.92208567747461,3.276187874557219,0.0392962859962941,0.8960396039603961,1.0
ROU,2016,sensitivity_2012_2022,2012-2017,2012-2022,0.9154281952690105,3.250037540843762,0.05236168273293834,0.9306930693069307,1.0
ROU,2017,sensitivity_2012_2022,2012-2017,2012-2022,0.9110280819136893,3.2008693876881336,0.0616237610796631,0.9108910891089109,1.0
ROU,2018,sensitivity_2012_2022,2012-2017,2012-2022,0.9075871861225637,3.1679711055364437,0.0712078878635064,0.900990099009901,0.9999990355738286
ROU,2019,sensitivity_2012_2022,2012-2017,2012-2022,0.9107139767421957,3.1825335104595305,0.0793838271517433,0.900990099009901,0.9999986109682012
ROU,2020,sensitivity_2012_2022,2012-2017,2012-2022,0.9144378086763721,3.1974193544983307,0.09081110188871745,0.8811881188118812,0.9999994226361992
ROU,2021,sensitivity_2012_2022,2012-2017,2012-2022,0.9239595891552737,3.2703729335795084,0.0870743771641469,0.9306930693069307,0.9999987665174604
ROU,2022,sensitivity_2012_2022,2012-2017,2012-2022,0.9254532486752267,3.262091771797892,0.10345959320652298,0.905940594059406,0.9999989095015054
RUS,2012,sensitivity_2012_2022,2012-2017,2012-2022,0.9602799416510072,3.647794690140105,0.07956488885925014,0.9,1.0
RUS,2013,sensitivity_2012_2022,2012-2017,2012-2022,0.9618843618189921,3.68619108652548,0.07839053068210035,0.8857142857142857,1.0
RUS,2014,sensitivity_2012_2022,2012-2017,2012-2022,0.9616108444186151,3.6832405018556837,0.06090394120167743,0.8904761904761904,1.0
RUS,2015,sensitivity_2012_2022,2012-2017,2012-2022,0.9626579066386848,3.7336281260449176,0.056940398543183945,0.8857142857142857,1.0
RUS,2016,sensitivity_2012_2022,2012-2017,2012-2022,0.9645633327268266,3.8055639635678844,0.07973740941378733,0.8952380952380953,1.0
RUS,2017,sensitivity_2012_2022,2012-2017,2012-2022,0.963997379406859,3.775504415472943,0.08555075925021638,0.9095238095238095,1.0
RUS,2018,sensitivity_2012_2022,2012-2017,2012-2022,0.964203410313247,3.7871477206670177,0.09833008391885567,0.8904761904761904,1.0
RUS,2019,sensitivity_2012_2022,2012-2017,2012-2022,0.9649544753482147,3.7977132464245837,0.10482966130236698,0.9,0.9999999339040567
RUS,2020,sensitivity_2012_2022,2012-2017,2012-2022,0.9645227107451728,3.806052371622117,0.1710057782925612,0.8904761904761904,0.9999999527195036
RUS,2021,sensitivity_2012_2022,2012-2017,2012-2022,0.9652038181740338,3.8033555748641543,0.13888166793691875,0.9095238095238095,0.9999991308627088
RUS,2022,sensitivity_2012_2022,2012-2017,2012-2022,0.9527184462547472,3.55403690091354,0.2755484324397718,0.7333333333333333,1.0
RWA,2012,sensitivity_2012_2022,2012-2017,2012-2022,0.8453897719907909,2.5683729313237227,0.4249909024654841,0.5797101449275363,1.0
RWA,2013,sensitivity_2012_2022,2012-2017,2012-2022,0.7978530944221373,2.383391195030387,0.3299891538969995,0.5942028985507246,1.0
RWA,2014,sensitivity_2012_2022,2012-2017,2012-2022,0.8070099978888334,2.3304028401604553,0.2646244257818246,0.572463768115942,1.0
RWA,2015,sensitivity_2012_2022,2012-2017,2012-2022,0.8989144540187932,2.833720411836459,0.14032686174450806,0.6086956521739131,1.0
RWA,2016,sensitivity_2012_2022,2012-2017,2012-2022,0.8381825537495959,2.4681859824284595,0.26382955696596433,0.6521739130434783,1.0
RWA,2017,sensitivity_2012_2022,2012-2017,2012-2022,0.8306442638315858,2.4634511698907744,0.32743896061994254,0.7246376811594203,1.0
RWA,2018,sensitivity_2012_2022,2012-2017,2012-2022,0.7732808370399278,2.2986950294270923,0.3602797487044295,0.7391304347826086,0.9994989637387639
RWA,2019,sensitivity_2012_2022,2012-2017,2012-2022,0.7498544637375735,2.191178824104102,0.3828089205103278,0.6956521739130435,0.9989501033799015
RWA,2020,sensitivity_2012_2022,2012-2017,2012-2022,0.650627298734441,1.832491140266768,0.5194159379370975,0.6884057971014492,0.9995699089918261
RWA,2021,sensitivity_2012_2022,2012-2017,2012-2022,0.785979886046291,2.2744339947765684,0.353850556689894,0.6956521739130435,0.9994164698758906
RWA,2022,sensitivity_2012_2022,2012-2017,2012-2022,0.7692127499133253,2.205132682067663,0.3823210246247152,0.7318840579710145,0.9996149529341587
SAU,2012,sensitivity_2012_2022,2012-2017,2012-2022,0.8917137711947026,2.8417251707520874,0.11554332606551661,0.905,1.0
SAU,2013,sensitivity_2012_2022,2012-2017,2012-2022,0.9036462387708541,2.9187359677716467,0.06652320089112884,0.905,1.0
SAU,2014,sensitivity_2012_2022,2012-2017,2012-2022,0.8896769010260426,2.8422013566512616,0.09042177129720662,0.92,1.0
SAU,2015,sensitivity_2012_2022,2012-2017,2012-2022,0.9201686398803202,3.1775532017695047,0.1178997509447396,0.9,1.0
SAU,2016,sensitivity_2012_2022,2012-2017,2012-2022,0.920494887483596,3.1296261508161445,0.05681230266004014,0.885,1.0
SAU,2017,sensitivity_2012_2022,2012-2017,2012-2022,0.9269943264560475,3.202479073637031,0.14343349602600758,0.905,1.0
SAU,2018,sensitivity_2012_2022,2012-2017,2012-2022,0.9264793165592858,3.186177358025311,0.1504307376190009,0.91,1.0
SAU,2019,sensitivity_2012_2022,2012-2017,2012-2022,0.9285109498121316,3.2126684474457328,0.16280488698755766,0.905,1.0
SAU,2020,sensitivity_2012_2022,2012-2017,2012-2022,0.9321489031503559,3.268527843265476,0.1817406336805562,0.875,0.999999043783667
SAU,2021,sensitivity_2012_2022,2012-2017,2012-2022,0.9293362355359324,3.260316568085827,0.18031096493409424,0.88,0.9999994613914849
SAU,2022,sensitivity_2012_2022,2012-2017,2012-2022,0.9214304760196644,3.178255456043393,0.1975494763949181,0.875,0.9999996443911484
SDN,2012,sensitivity_2012_2022,2012-2017,2012-2022,0.5424413190510893,1.5275714991974683,0.19349586427535834,0.7006369426751592,1.0
SDN,2013,sensitivity_2012_2022,2012-2017,2012-2022,0.30175429202265014,0.9070889439453671,0.2827687009746602,0.732484076433121,1.0
SDN,2014,sensitivity_2012_2022,2012-2017,2012-2022,0.7569031403018813,2.1384718021862836,0.15396062470120417,0.7261146496815286,1.0
SDN,2015,sensitivity_2012_2022,2012-2017,2012-2022,0.7620315519443122,2.1166848655925823,0.21604521708419328,0.7006369426751592,1.0
SDN,2016,sensitivity_2012_2022,2012-2017,2012-2022,0.6969831169464682,1.974006705920358,0.1281955504686617,0.732484076433121,1.0
SDN,2017,sensitivity_2012_2022,2012-2017,2012-2022,0.692125346103506,1.9339141625029965,0.11708821156327101,0.7643312101910829,1.0
SDN,2018,sensitivity_2012_2022,2012-2017,2012-2022,0.8365464318067402,2.3313764619522246,0.3469416253999289,0.7261146496815286,0.9998309135073599
SDN,2019,sensitivity_2012_2022,2012-2017,2012-2022,0.8149609671890177,2.2484249055105145,0.2883006306129216,0.5732484076433121,0.9999586934015962
SDN,2020,sensitivity_2012_2022,2012-2017,2012-2022,0.6751086388086083,1.8598572514868288,0.1807235481082095,0.5222929936305732,0.9999575699381246
SDN,2021,sensitivity_2012_2022,2012-2017,2012-2022,0.6252125621788842,1.7090564236379868,0.214334237690692,0.554140127388535,0.9848713564516749
SDN,2022,sensitivity_2012_2022,2012-2017,2012-2022,0.7555459583774438,2.0405860743135382,0.32218954701316993,0.5159235668789809,0.9999443954911548
SEN,2012,sensitivity_2012_2022,2012-2017,2012-2022,0.9074051002469885,3.0298204852656188,0.11083648661725196,0.7833333333333333,1.0
SEN,2013,sensitivity_2012_2022,2012-2017,2012-2022,0.9311990563976766,3.2894142999579286,0.10271464946846139,0.8,1.0
SEN,2014,sensitivity_2012_2022,2012-2017,2012-2022,0.9265745258968012,3.2404744981355273,0.08747717642181477,0.8333333333333334,1.0
SEN,2015,sensitivity_2012_2022,2012-2017,2012-2022,0.9285523974995314,3.2582874848762042,0.09243884090905972,0.7611111111111111,1.0
SEN,2016,sensitivity_2012_2022,2012-2017,2012-2022,0.9084161629506932,3.1215496062101495,0.08162885065731312,0.8055555555555556,1.0
SEN,2017,sensitivity_2012_2022,2012-2017,2012-2022,0.8966181615908129,2.9806014150839504,0.12671453698737353,0.7555555555555555,1.0
SEN,2018,sensitivity_2012_2022,2012-2017,2012-2022,0.8922609272466347,2.9503860231214363,0.14879028321446094,0.8,0.999979423216477
SEN,2019,sensitivity_2012_2022,2012-2017,2012-2022,0.8728722301564711,2.8276665404422454,0.16124464033512634,0.7722222222222223,0.9998426851807255
SEN,2020,sensitivity_2012_2022,2012-2017,2012-2022,0.8854140152113626,2.881465579109354,0.19676340358566208,0.7833333333333333,0.9998956124376112
SEN,2021,sensitivity_2012_2022,2012-2017,2012-2022,0.891717221739294,2.882424812805365,0.18153509725361192,0.7333333333333333,0.999991001749848
SEN,2022,sensitivity_2012_2022,2012-2017,2012-2022,0.8733125815433308,2.740536460544101,0.22329580489720302,0.7666666666666667,0.9998224951256725
SGP,2012,sensitivity_2012_2022,2012-2017,2012-2022,0.9283130521357299,3.2524134810491114,0.0792573154182572,0.9541284403669725,1.0
SGP,2013,sensitivity_2012_2022,2012-2017,2012-2022,0.9287375491918314,3.2699501817056014,0.06510666131050041,0.9678899082568807,1.0
SGP,2014,sensitivity_2012_2022,2012-2017,2012-2022,0.9276949202989176,3.260837909353834,0.048324887921622525,0.9954128440366973,1.0
SGP,2015,sensitivity_2012_2022,2012-2017,2012-2022,0.9242832079955756,3.2334177053377595,0.04733525557609894,0.981651376146789,1.0
SGP,2016,sensitivity_2012_2022,2012-2017,2012-2022,0.9204084058167864,3.207135497511226,0.08181129206156398,0.9724770642201835,1.0
SGP,2017,sensitivity_2012_2022,2012-2017,2012-2022,0.9238387756236802,3.229416425214713,0.07354774792774495,0.9678899082568807,1.0
SGP,2018,sensitivity_2012_2022,2012-2017,2012-2022,0.9268465693491523,3.2504827342024614,0.06496531209609105,0.981651376146789,0.9999999580567949
SGP,2019,sensitivity_2012_2022,2012-2017,2012-2022,0.9279918074432355,3.2689607136829837,0.07759784829312298,0.9770642201834863,1.0
SGP,2020,sensitivity_2012_2022,2012-2017,2012-2022,0.9225142034481234,3.2302011787544522,0.12293214581983461,0.9724770642201835,0.9999998934460176
SGP,2021,sensitivity_2012_2022,2012-2017,2012-2022,0.9174914453332891,3.1856923579106704,0.1292608084415134,0.944954128440367,1.0
SGP,2022,sensitivity_2012_2022,2012-2017,2012-2022,0.9309414691181773,3.2771235577515485,0.10701350871323592,0.963302752293578,0.9999880341022499
SGS,2012,sensitivity_2012_2022,2012-2017,2012-2022,0.2385825369098875,0.6504834172113265,1.5061188258945972,0.35714285714285715,1.0
SGS,2013,sensitivity_2012_2022,2012-2017,2012-2022,0.7294751143536993,1.5375801708787595,1.760455494301211,0.25,1.0
SGS,2014,sensitivity_2012_2022,2012-2017,2012-2022,0.6484721351241505,1.2755925698375956,1.9906064075081926,0.17857142857142858,1.0
SGS,2015,sensitivity_2012_2022,2012-2017,2012-2022,0.1666468518891434,0.44367141328311144,1.7557857724973502,0.2857142857142857,1.0
SGS,2016,sensitivity_2012_2022,2012-2017,2012-2022,0.8182905372988672,1.7437316994878462,1.6171965737252465,0.21428571428571427,1.0
SGS,2017,sensitivity_2012_2022,2012-2017,2012-2022,0.7080933979676742,1.5930517150718226,1.5132064849514393,0.2857142857142857,1.0
SGS,2018,sensitivity_2012_2022,2012-2017,2012-2022,0.5561915506789397,1.1102348093432088,2.20253139447641,0.32142857142857145,0.97521232542738
SGS,2019,sensitivity_2012_2022,2012-2017,2012-2022,0.8407492020645747,1.8856087821960321,1.9595021483773194,0.25,0.4197700066985619
SGS,2020,sensitivity_2012_2022,2012-2017,2012-2022,0.0,-0.0,1.9466749528027296,0.03571428571428571,0.1188877461837353
SGS,2021,sensitivity_2012_2022,2012-2017,2012-2022,0.602140971789279,1.10209671094609,2.1204350245232058,0.14285714285714285,0.5294753271701285
SGS,2022,sensitivity_2012_2022,2012-2017,2012-2022,0.6224195574756393,1.3275401244465432,2.1102441805280727,0.2857142857142857,0.9959856938204711
SHN,2012,sensitivity_2012_2022,2012-2017,2012-2022,0.8146336986421624,2.4340825150732637,0.49116856518604196,0.46153846153846156,1.0
SHN,2013,sensitivity_2012_2022,2012-2017,2012-2022,0.7641422863661026,2.0208619570764683,0.5094687768733713,0.41025641025641024,1.0
SHN,2014,sensitivity_2012_2022,2012-2017,2012-2022,0.8744727666699675,2.561483355463848,0.40031477410004584,0.46153846153846156,1.0
SHN,2015,sensitivity_2012_2022,2012-2017,2012-2022,0.8310473206381507,2.2141098809404323,0.516965304877672,0.46153846153846156,1.0
SHN,2016,sensitivity_2012_2022,2012-2017,2012-2022,0.8090208828663974,2.31783636224191,0.5166017146858454,0.4230769230769231,1.0
SHN,2017,sensitivity_2012_2022,2012-2017,2012-2022,0.8620047936050178,2.444146046001601,0.4886563340762759,0.44871794871794873,1.0
SHN,2018,sensitivity_2012_2022,2012-2017,2012-2022,0.8382356085114531,2.4409064887105894,0.5300745906612603,0.3717948717948718,0.9582172381182236
SHN,2019,sensitivity_2012_2022,2012-2017,2012-2022,0.8640081092821924,2.3419199797932913,0.6390945606182867,0.34615384615384615,0.9862590749653316
SHN,2020,sensitivity_2012_2022,2012-2017,2012-2022,0.7327419467250174,1.9046835318674755,0.6206371408448804,0.2948717948717949,0.9838571915002492
SHN,2021,sensitivity_2012_2022,2012-2017,2012-2022,0.821313625786877,2.191601283866775,0.6070688363788879,0.3076923076923077,0.851368034580303
SHN,2022,sensitivity_2012_2022,2012-2017,2012-2022,0.7626792161074928,1.819122399414748,0.8361143331041324,0.2948717948717949,0.9835968741138306
SLB,2012,sensitivity_2012_2022,2012-2017,2012-2022,0.8042596362607377,2.305059995218051,0.3100842903996967,0.45652173913043476,1.0
SLB,2013,sensitivity_2012_2022,2012-2017,2012-2022,0.8247613613377222,2.4564992262029697,0.2886289518824264,0.5652173913043478,1.0
SLB,2014,sensitivity_2012_2022,2012-2017,2012-2022,0.8988147475545736,2.705163959194801,0.23828022658226447,0.4891304347826087,1.0
SLB,2015,sensitivity_2012_2022,2012-2017,2012-2022,0.8810263459562643,2.637282675609102,0.25101577095379196,0.5543478260869565,1.0
SLB,2016,sensitivity_2012_2022,2012-2017,2012-2022,0.8971707189603743,2.704177421059561,0.23802138166325823,0.5543478260869565,1.0
SLB,2017,sensitivity_2012_2022,2012-2017,2012-2022,0.9092992126622206,2.737994417584769,0.26612438365808616,0.5869565217391305,1.0
SLB,2018,sensitivity_2012_2022,2012-2017,2012-2022,0.8906897900723886,2.6490918089035107,0.2661588750382976,0.5434782608695652,0.9998624570755777
SLB,2019,sensitivity_2012_2022,2012-2017,2012-2022,0.8752249336912331,2.4436973147941146,0.2849866475779737,0.33695652173913043,1.0
SLB,2020,sensitivity_2012_2022,2012-2017,2012-2022,0.8873164996828566,2.5347273773533816,0.34382899509886256,0.358695652173913,0.9967316952433821
SLB,2021,sensitivity_2012_2022,2012-2017,2012-2022,0.9026871963380837,2.6527891089430824,0.351682848006271,0.41304347826086957,0.9989668316462056
SLB,2022,sensitivity_2012_2022,2012-2017,2012-2022,0.9017267483755469,2.604617474979649,0.31327519805705994,0.391304347826087,0.9948944956090435
SLE,2012,sensitivity_2012_2022,2012-2017,2012-2022,0.8382700078960754,2.495277251701197,0.2658832410698718,0.6344827586206897,1.0
SLE,2013,sensitivity_2012_2022,2012-2017,2012-2022,0.8405326617225756,2.7362997681252925,0.24541045196219394,0.6689655172413793,1.0
SLE,2014,sensitivity_2012_2022,2012-2017,2012-2022,0.8463997736513214,2.6456016271226015,0.21096192623051552,0.7448275862068966,1.0
SLE,2015,sensitivity_2012_2022,2012-2017,2012-2022,0.8512163616511861,2.6146493475654693,0.20206776675475718,0.7517241379310344,1.0
SLE,2016,sensitivity_2012_2022,2012-2017,2012-2022,0.8822413869721937,2.727800308581179,0.2431110875370724,0.7241379310344828,1.0
SLE,2017,sensitivity_2012_2022,2012-2017,2012-2022,0.8977495870911042,2.891042638743836,0.261476938976949,0.7586206896551724,1.0
SLE,2018,sensitivity_2012_2022,2012-2017,2012-2022,0.8967822305131623,2.864843555892308,0.28257961464169823,0.6758620689655173,0.9468912575506921
SLE,2019,sensitivity_2012_2022,2012-2017,2012-2022,0.8664931723449583,2.6373697625435377,0.2892254928259688,0.6482758620689655,0.9997596229224648
SLE,2020,sensitivity_2012_2022,2012-2017,2012-2022,0.8670465551539205,2.56525091244289,0.31665137141246064,0.6068965517241379,0.9999144058281132
SLE,2021,sensitivity_2012_2022,2012-2017,2012-2022,0.865505264510133,2.6056893184915935,0.30902198974706074,0.6275862068965518,0.9998236926594111
SLE,2022,sensitivity_2012_2022,2012-2017,2012-2022,0.8890468631687984,2.8059793586335884,0.39241017718037996,0.6,0.9994250805698593
SLV,2012,sensitivity_2012_2022,2012-2017,2012-2022,0.8550212264566331,2.5062060281051957,0.050798693096585815,0.7215189873417721,1.0
SLV,2013,sensitivity_2012_2022,2012-2017,2012-2022,0.8489796414426682,2.490609013813005,0.07709649903938451,0.7215189873417721,1.0
SLV,2014,sensitivity_2012_2022,2012-2017,2012-2022,0.8514641796014661,2.497011944196381,0.04082162313846191,0.7974683544303798,1.0
SLV,2015,sensitivity_2012_2022,2012-2017,2012-2022,0.8422824294311745,2.43393561505232,0.04154693772226662,0.7974683544303798,1.0
SLV,2016,sensitivity_2012_2022,2012-2017,2012-2022,0.8388826073574643,2.4075200668856813,0.04929748750246496,0.7974683544303798,1.0
SLV,2017,sensitivity_2012_2022,2012-2017,2012-2022,0.8536891649345254,2.5461237033921527,0.060147326817526464,0.7658227848101266,1.0
SLV,2018,sensitivity_2012_2022,2012-2017,2012-2022,0.8399984327684759,2.4305131281013934,0.0666437359177749,0.7658227848101266,0.9999751238122498
SLV,2019,sensitivity_2012_2022,2012-2017,2012-2022,0.8308462589331232,2.354013061901692,0.08317460565696594,0.7784810126582279,0.9999868361071594
SLV,2020,sensitivity_2012_2022,2012-2017,2012-2022,0.829069715609674,2.354894762645424,0.09249856813554924,0.7025316455696202,0.999979784369199
SLV,2021,sensitivity_2012_2022,2012-2017,2012-2022,0.8248309519430208,2.338088310196132,0.09363648803922395,0.7531645569620253,0.9998511183966103
SLV,2022,sensitivity_2012_2022,2012-2017,2012-2022,0.8293682238760591,2.3628656184576355,0.11058764477956065,0.759493670886076,0.9999074518258537
SMR,2012,sensitivity_2012_2022,2012-2017,2012-2022,0.931679682169154,3.1060514268568404,0.13321527809290176,0.6428571428571429,1.0
SMR,2013,sensitivity_2012_2022,2012-2017,2012-2022,0.9268372593053312,3.075199115949967,0.13713505333506254,0.6938775510204082,1.0
SMR,2014,sensitivity_2012_2022,2012-2017,2012-2022,0.9362173692171472,3.173668342482996,0.11200408318630943,0.7346938775510204,1.0
SMR,2015,sensitivity_2012_2022,2012-2017,2012-2022,0.9421592384058278,3.2452911264035835,0.11454956721863592,0.7244897959183674,1.0
SMR,2016,sensitivity_2012_2022,2012-2017,2012-2022,0.9392481945325737,3.213087375683991,0.09307316237952037,0.7857142857142857,1.0
SMR,2017,sensitivity_2012_2022,2012-2017,2012-2022,0.9451095486317544,3.3012518633130155,0.13264705792832415,0.8163265306122449,1.0
SMR,2018,sensitivity_2012_2022,2012-2017,2012-2022,0.9474879759307299,3.3245101862298307,0.18133071193286354,0.7346938775510204,0.993703799557868
SMR,2019,sensitivity_2012_2022,2012-2017,2012-2022,0.9465895119849269,3.3169655251486176,0.17419602075336643,0.7551020408163265,0.9550556457889188
SMR,2020,sensitivity_2012_2022,2012-2017,2012-2022,0.9468789302488416,3.310190855992389,0.21469888772865633,0.8061224489795918,0.9874850388697922
SMR,2021,sensitivity_2012_2022,2012-2017,2012-2022,0.9452746000448073,3.2621632322742524,0.2382446267858596,0.7857142857142857,0.9958597121950407
SMR,2022,sensitivity_2012_2022,2012-2017,2012-2022,0.9331539781492718,3.1426415995857453,0.24324668010620476,0.7857142857142857,0.9913916591558618
SOM,2012,sensitivity_2012_2022,2012-2017,2012-2022,0.7180271376854506,1.6666056207019821,0.149424550528234,0.5903614457831325,1.0
SOM,2013,sensitivity_2012_2022,2012-2017,2012-2022,0.7055426963299686,1.6468053062148558,0.1740474055089601,0.6144578313253012,1.0
SOM,2014,sensitivity_2012_2022,2012-2017,2012-2022,0.7525574619000979,1.746724964397276,0.14614225025055239,0.6024096385542169,1.0
SOM,2015,sensitivity_2012_2022,2012-2017,2012-2022,0.6911739596985613,1.578195656417121,0.12189295121649486,0.6506024096385542,1.0
SOM,2016,sensitivity_2012_2022,2012-2017,2012-2022,0.6810703132270031,1.6012647360103038,0.1541979687805921,0.5662650602409639,1.0
SOM,2017,sensitivity_2012_2022,2012-2017,2012-2022,0.7541112037208333,1.7861716093406401,0.3412041973904338,0.6265060240963856,1.0
SOM,2018,sensitivity_2012_2022,2012-2017,2012-2022,0.7840457619585716,2.0144360836397217,0.37355881240973066,0.6144578313253012,0.9992851130527233
SOM,2019,sensitivity_2012_2022,2012-2017,2012-2022,0.779825354844933,1.9956510592483905,0.358779844143221,0.5783132530120482,0.9966877584766092
SOM,2020,sensitivity_2012_2022,2012-2017,2012-2022,0.7340182472645673,1.8517329615596303,0.4562899549629011,0.5662650602409639,0.9910096520625478
SOM,2021,sensitivity_2012_2022,2012-2017,2012-2022,0.7618498977672552,2.0276681451510816,0.42051792193570886,0.6385542168674698,0.972020690140712
SOM,2022,sensitivity_2012_2022,2012-2017,2012-2022,0.7256356909519556,1.6938744683238856,0.3520884543892593,0.6385542168674698,0.9471446351396919
SPM,2012,sensitivity_2012_2022,2012-2017,2012-2022,0.6703268733657151,1.4383473148999697,0.4010681221511166,0.4642857142857143,1.0
SPM,2013,sensitivity_2012_2022,2012-2017,2012-2022,0.7417866916508079,1.6576879690257675,0.24850714715217448,0.39285714285714285,1.0
SPM,2014,sensitivity_2012_2022,2012-2017,2012-2022,0.6455055502333775,1.3935701013837807,0.42985494412917974,0.35714285714285715,1.0
SPM,2015,sensitivity_2012_2022,2012-2017,2012-2022,0.6446654272706962,1.386952937185721,0.34449973669159206,0.32142857142857145,1.0
SPM,2016,sensitivity_2012_2022,2012-2017,2012-2022,0.8177202461785914,1.9369893360347712,0.4114688047066795,0.4642857142857143,1.0
SPM,2017,sensitivity_2012_2022,2012-2017,2012-2022,0.7824407771414931,1.7258728555985907,0.3956074739381933,0.35714285714285715,1.0
SPM,2018,sensitivity_2012_2022,2012-2017,2012-2022,0.33448016215977705,0.7668047123798167,0.5831873160104307,0.2857142857142857,0.9515215419421788
SPM,2019,sensitivity_2012_2022,2012-2017,2012-2022,0.29845778729599415,0.7031419464529011,0.6085911925363192,0.32142857142857145,0.9927980137015028
SPM,2020,sensitivity_2012_2022,2012-2017,2012-2022,0.49963248497679735,0.9751090691952942,0.47520729050538335,0.25,0.9469455587856277
SPM,2021,sensitivity_2012_2022,2012-2017,2012-2022,0.28563333746633035,0.608852301497637,0.6077048389140612,0.21428571428571427,0.9792824732406019
SPM,2022,sensitivity_2012_2022,2012-2017,2012-2022,0.25678125894027626,0.5268383731996846,0.6249171358293054,0.17857142857142858,0.9964726483445302
SRB,2012,sensitivity_2012_2022,2012-2017,2012-2022,0.9393275335969238,3.2375610117242344,0.08841303933794425,0.8324324324324325,1.0
SRB,2013,sensitivity_2012_2022,2012-2017,2012-2022,0.9283132523241977,3.1462222549533676,0.05902097194643331,0.827027027027027,1.0
SRB,2014,sensitivity_2012_2022,2012-2017,2012-2022,0.9277509860169195,3.1622379245618224,0.048738188694926514,0.8540540540540541,1.0
SRB,2015,sensitivity_2012_2022,2012-2017,2012-2022,0.9335928422640959,3.2374347970967636,0.041944323588466656,0.8324324324324325,1.0
SRB,2016,sensitivity_2012_2022,2012-2017,2012-2022,0.9367925219876121,3.270361332395976,0.051323609678360554,0.8702702702702703,1.0
SRB,2017,sensitivity_2012_2022,2012-2017,2012-2022,0.9413879047615807,3.292463013288071,0.07448008400596957,0.8594594594594595,1.0
SRB,2018,sensitivity_2012_2022,2012-2017,2012-2022,0.9423758375376871,3.289060054116754,0.10154773038052983,0.8648648648648649,0.9999861993389628
SRB,2019,sensitivity_2012_2022,2012-2017,2012-2022,0.9453631692473219,3.3286585709057213,0.11966254400763066,0.8756756756756757,0.9999487359766848
SRB,2020,sensitivity_2012_2022,2012-2017,2012-2022,0.94767574316752,3.3611857245056553,0.14825726062344996,0.8756756756756757,0.9999377159725494
SRB,2021,sensitivity_2012_2022,2012-2017,2012-2022,0.9468822670447579,3.35627344064987,0.1652851802373051,0.8864864864864865,0.9999560682008223
SRB,2022,sensitivity_2012_2022,2012-2017,2012-2022,0.9488808517866665,3.367337602327323,0.16929380447078826,0.9027027027027027,0.9998434238254951
SSD,2012,sensitivity_2012_2022,2012-2017,2012-2022,0.03632859200400085,0.09216951792176703,0.9958863587561388,0.05128205128205128,1.0
SSD,2013,sensitivity_2012_2022,2012-2017,2012-2022,0.3172535707440518,0.6851363225961469,1.082164204177597,0.23076923076923078,1.0
SSD,2014,sensitivity_2012_2022,2012-2017,2012-2022,0.19536525226944268,0.5030056158347314,0.8167433645057213,0.41025641025641024,1.0
SSD,2015,sensitivity_2012_2022,2012-2017,2012-2022,0.4572122702595637,1.1411324670623324,0.8962001495921403,0.4358974358974359,1.0
SSD,2016,sensitivity_2012_2022,2012-2017,2012-2022,0.7298191834180183,1.6952446863301285,0.7238738177196524,0.6410256410256411,1.0
SSD,2017,sensitivity_2012_2022,2012-2017,2012-2022,0.21818443106796026,0.5278614542844167,0.8110515769248717,0.48717948717948717,1.0
SSD,2018,sensitivity_2012_2022,2012-2017,2012-2022,0.4889033982279267,0.8578228166826948,0.7031412883662552,0.48717948717948717,0.6246709234645506
SSD,2019,sensitivity_2012_2022,2012-2017,2012-2022,0.24524637162147656,0.5066541584539425,0.8153226188599458,0.4358974358974359,0.4003082624771693
SSD,2020,sensitivity_2012_2022,2012-2017,2012-2022,0.087089335299124,0.2461674188622331,1.1879273721371681,0.3076923076923077,0.5222256490835238
SSD,2021,sensitivity_2012_2022,2012-2017,2012-2022,0.5549015711828015,0.9477617425219799,1.0214312004729338,0.358974358974359,0.5904215350129898
SSD,2022,sensitivity_2012_2022,2012-2017,2012-2022,0.6138798914761374,1.105661699678247,1.0027405200658703,0.4358974358974359,0.42242378952625775
STP,2012,sensitivity_2012_2022,2012-2017,2012-2022,0.8729953867816602,2.6129687473330634,0.4911077033832811,0.5128205128205128,1.0
STP,2013,sensitivity_2012_2022,2012-2017,2012-2022,0.9111986499495288,2.7832806172886544,0.4532020031502507,0.5128205128205128,1.0
STP,2014,sensitivity_2012_2022,2012-2017,2012-2022,0.890118323038604,2.5408788726553837,0.5593378045567831,0.5,1.0
STP,2015,sensitivity_2012_2022,2012-2017,2012-2022,0.8721863168925819,2.5418023572271844,0.6079233928737998,0.5256410256410257,1.0
STP,2016,sensitivity_2012_2022,2012-2017,2012-2022,0.8351880659728617,2.3207731310761637,0.6034421843062299,0.5,1.0
STP,2017,sensitivity_2012_2022,2012-2017,2012-2022,0.8756856712134478,2.4754070023342396,0.5066149695322132,0.4230769230769231,1.0
STP,2018,sensitivity_2012_2022,2012-2017,2012-2022,0.8702200943080295,2.369640914767035,0.7311413792134803,0.4230769230769231,0.9516247083830424
STP,2019,sensitivity_2012_2022,2012-2017,2012-2022,0.7983204999604556,1.9795466613547263,0.9129389037787298,0.3333333333333333,0.9609228712693025
STP,2020,sensitivity_2012_2022,2012-2017,2012-2022,0.8377647386088154,2.2773817050995544,0.9370950357159561,0.3974358974358974,0.952891469735135
STP,2021,sensitivity_2012_2022,2012-2017,2012-2022,0.8645425959772564,2.287745365178073,0.8374371391116227,0.3717948717948718,0.9308163766472317
STP,2022,sensitivity_2012_2022,2012-2017,2012-2022,0.8910139515860291,2.497876902261723,0.7784314941704954,0.34615384615384615,0.9913696725262184
SUR,2012,sensitivity_2012_2022,2012-2017,2012-2022,0.7771950206084536,2.047564562900513,0.1674365293354118,0.6303030303030303,1.0
SUR,2013,sensitivity_2012_2022,2012-2017,2012-2022,0.7866780458258212,2.1121380742433318,0.15586000709794448,0.6121212121212121,1.0
SUR,2014,sensitivity_2012_2022,2012-2017,2012-2022,0.8398865306753539,2.322331160815531,0.13721513802221083,0.6606060606060606,1.0
SUR,2015,sensitivity_2012_2022,2012-2017,2012-2022,0.8377929822077397,2.2279083956001964,0.18730682423629263,0.6484848484848484,1.0
SUR,2016,sensitivity_2012_2022,2012-2017,2012-2022,0.7533013580124206,1.9185357254759945,0.1319285410161999,0.6484848484848484,1.0
SUR,2017,sensitivity_2012_2022,2012-2017,2012-2022,0.6872359507101511,1.8047633816447213,0.3802417491729647,0.6484848484848484,1.0
SUR,2018,sensitivity_2012_2022,2012-2017,2012-2022,0.6651897896245146,1.6686787230209077,0.3412066899470479,0.5818181818181818,0.9999789923318562
SUR,2019,sensitivity_2012_2022,2012-2017,2012-2022,0.6860712135455012,1.6372282969554248,0.22920845627790068,0.5878787878787879,0.9998816906134628
SUR,2020,sensitivity_2012_2022,2012-2017,2012-2022,0.6534023421380921,1.5771572140130323,0.26919778373535913,0.5636363636363636,0.999907376083952
SUR,2021,sensitivity_2012_2022,2012-2017,2012-2022,0.6463424956373445,1.5807930890388344,0.2711712397836433,0.6424242424242425,0.9961426854472332
SUR,2022,sensitivity_2012_2022,2012-2017,2012-2022,0.6947695129635069,1.770032394280939,0.264822700594165,0.6060606060606061,0.9974544692435391
SVK,2012,sensitivity_2012_2022,2012-2017,2012-2022,0.8998436955962498,2.871936253446192,0.04589687621464784,0.8786407766990292,1.0
SVK,2013,sensitivity_2012_2022,2012-2017,2012-2022,0.9038046583101464,2.9240206106599445,0.03308427767621317,0.8786407766990292,1.0
SVK,2014,sensitivity_2012_2022,2012-2017,2012-2022,0.9000544808399544,2.9174209015899275,0.020107779483575276,0.883495145631068,1.0
SVK,2015,sensitivity_2012_2022,2012-2017,2012-2022,0.901337697074673,2.940740746350902,0.029140466246270223,0.912621359223301,1.0
SVK,2016,sensitivity_2012_2022,2012-2017,2012-2022,0.9025011131537956,2.9337367615863013,0.03462164415925287,0.9077669902912622,1.0
SVK,2017,sensitivity_2012_2022,2012-2017,2012-2022,0.9069135634128511,2.9410635341735984,0.044882980705532635,0.8737864077669902,1.0
SVK,2018,sensitivity_2012_2022,2012-2017,2012-2022,0.906550205806947,2.9483163416980127,0.052178328887032825,0.8883495145631068,0.9999998216861549
SVK,2019,sensitivity_2012_2022,2012-2017,2012-2022,0.8951575495735976,2.9185500288751154,0.06752132860387575,0.8932038834951457,0.999998995441115
SVK,2020,sensitivity_2012_2022,2012-2017,2012-2022,0.9009264114144324,2.9545958508268972,0.07537909005181698,0.8689320388349514,1.0
SVK,2021,sensitivity_2012_2022,2012-2017,2012-2022,0.9034400093702946,2.953012390923802,0.07475012163428585,0.8689320388349514,1.0
SVK,2022,sensitivity_2012_2022,2012-2017,2012-2022,0.9031442624504968,2.9482615248883226,0.08659016739862116,0.8980582524271845,0.9999917797645566
SVN,2012,sensitivity_2012_2022,2012-2017,2012-2022,0.9091051034244253,3.0920815864492397,0.06000309231260604,0.8780487804878049,1.0
SVN,2013,sensitivity_2012_2022,2012-2017,2012-2022,0.9113818364704686,3.0987384817119077,0.028070012118462412,0.8780487804878049,1.0
SVN,2014,sensitivity_2012_2022,2012-2017,2012-2022,0.9115706251469107,3.087336712058903,0.023518232811615962,0.8682926829268293,1.0
SVN,2015,sensitivity_2012_2022,2012-2017,2012-2022,0.9098601312176899,3.0914456624961164,0.030960037610296837,0.926829268292683,1.0
SVN,2016,sensitivity_2012_2022,2012-2017,2012-2022,0.9210871329025458,3.173147791172073,0.049735025640715684,0.9170731707317074,1.0
SVN,2017,sensitivity_2012_2022,2012-2017,2012-2022,0.9165960333099841,3.1438341544796202,0.040787922888759084,0.9121951219512195,1.0
SVN,2018,sensitivity_2012_2022,2012-2017,2012-2022,0.9124219090236857,3.107749294824601,0.04645428137141222,0.9121951219512195,0.99999958129164
SVN,2019,sensitivity_2012_2022,2012-2017,2012-2022,0.9173379278292841,3.1447457380175967,0.058903029686949576,0.9219512195121952,0.9999975660804563
SVN,2020,sensitivity_2012_2022,2012-2017,2012-2022,0.9223371376890496,3.1654021248031388,0.08180742171661746,0.9024390243902439,0.9999984030186714
SVN,2021,sensitivity_2012_2022,2012-2017,2012-2022,0.9198013104996896,3.128976503423682,0.09575463085091032,0.9073170731707317,0.9999968227926861
SVN,2022,sensitivity_2012_2022,2012-2017,2012-2022,0.9113773477530765,3.001047866907928,0.17875342636515903,0.9073170731707317,0.9999959507073419
SWE,2012,sensitivity_2012_2022,2012-2017,2012-2022,0.944470970011119,3.4385479432338455,0.048566997903599744,0.9369369369369369,1.0
SWE,2013,sensitivity_2012_2022,2012-2017,2012-2022,0.9436219573632292,3.419224628008807,0.030380399819507187,0.9504504504504504,1.0
SWE,2014,sensitivity_2012_2022,2012-2017,2012-2022,0.9432796095100001,3.41321390879755,0.023822166154149796,0.963963963963964,1.0
SWE,2015,sensitivity_2012_2022,2012-2017,2012-2022,0.9437241517841642,3.4308691109188385,0.023184793117842554,0.9504504504504504,1.0
SWE,2016,sensitivity_2012_2022,2012-2017,2012-2022,0.9440115109197494,3.420597666186354,0.028302241673863776,0.963963963963964,1.0
SWE,2017,sensitivity_2012_2022,2012-2017,2012-2022,0.9408404252015738,3.379255157198456,0.04119719828805544,0.954954954954955,1.0
SWE,2018,sensitivity_2012_2022,2012-2017,2012-2022,0.9429167644306479,3.380514957446113,0.04691894041774903,0.9504504504504504,1.0
SWE,2019,sensitivity_2012_2022,2012-2017,2012-2022,0.9402670205897914,3.3627775862439244,0.05403793155026736,0.9504504504504504,0.9999998550653758
SWE,2020,sensitivity_2012_2022,2012-2017,2012-2022,0.9369566534584001,3.3207779896694074,0.06748675199250387,0.9504504504504504,0.9999997859873068
SWE,2021,sensitivity_2012_2022,2012-2017,2012-2022,0.9380929951160977,3.3231053614452337,0.07787547940555056,0.9414414414414415,0.9999998580580982
SWE,2022,sensitivity_2012_2022,2012-2017,2012-2022,0.9384846223222179,3.3227813917854174,0.08472424761189709,0.9459459459459459,1.0
SWZ,2012,sensitivity_2012_2022,2012-2017,2012-2022,0.6059217394167574,1.9962114992376514,0.11680431568779898,0.7090909090909091,1.0
SWZ,2013,sensitivity_2012_2022,2012-2017,2012-2022,0.6513648570234397,2.167871468390323,0.0921291480729827,0.8,1.0
SWZ,2014,sensitivity_2012_2022,2012-2017,2012-2022,0.6814623232642046,2.2334456844544426,0.10034263806606034,0.7696969696969697,1.0
SWZ,2015,sensitivity_2012_2022,2012-2017,2012-2022,0.6285511622114306,2.0402687386630816,0.06814625840184094,0.7878787878787878,1.0
SWZ,2016,sensitivity_2012_2022,2012-2017,2012-2022,0.6034990434099619,1.9500967984422652,0.08561410553210502,0.7818181818181819,1.0
SWZ,2017,sensitivity_2012_2022,2012-2017,2012-2022,0.5848504415631638,1.896777554714011,0.10859123571133816,0.8,1.0
SWZ,2018,sensitivity_2012_2022,2012-2017,2012-2022,0.6017623901383528,1.9123330376958512,0.1209007938775429,0.8303030303030303,0.9999927784412691
SWZ,2019,sensitivity_2012_2022,2012-2017,2012-2022,0.6796141283849094,1.8312825999128317,0.2732476200280044,0.7757575757575758,0.9999476057475059
SWZ,2020,sensitivity_2012_2022,2012-2017,2012-2022,0.6076632218230542,1.8633673325912883,0.15373093204010718,0.7333333333333333,0.9997044953332275
SWZ,2021,sensitivity_2012_2022,2012-2017,2012-2022,0.6166262372031057,1.8452262509069737,0.15018560407356138,0.7515151515151515,0.9993801328566624
SWZ,2022,sensitivity_2012_2022,2012-2017,2012-2022,0.5523782551866676,1.7487623036605684,0.15187195970211612,0.7696969696969697,0.999578091132169
SXM,2012,sensitivity_2012_2022,2012-2017,2012-2022,0.7993376271113095,1.6829403147392457,0.8844505415894895,0.16666666666666666,1.0
SXM,2013,sensitivity_2012_2022,2012-2017,2012-2022,0.7495607748672588,1.6065879139050208,0.8968379513379466,0.3888888888888889,1.0
SXM,2014,sensitivity_2012_2022,2012-2017,2012-2022,0.4690392583104337,1.1882095883822752,1.059446102623581,0.5833333333333334,1.0
SXM,2015,sensitivity_2012_2022,2012-2017,2012-2022,0.6198794816164859,1.300147020018863,0.492085397323129,0.5555555555555556,1.0
SXM,2016,sensitivity_2012_2022,2012-2017,2012-2022,0.24811783881452487,0.7092154134965474,0.8290074582285537,0.6388888888888888,1.0
SXM,2017,sensitivity_2012_2022,2012-2017,2012-2022,0.25866896840232567,0.7110493027796259,0.8149991871918617,0.6666666666666666,1.0
SXM,2018,sensitivity_2012_2022,2012-2017,2012-2022,0.810595125152336,2.017308316172156,1.2001350831024833,0.5833333333333334,0.9987534623029882
SXM,2019,sensitivity_2012_2022,2012-2017,2012-2022,0.7915663416438852,1.8918922037061658,1.1868402472482775,0.6111111111111112,0.9957644303086687
SXM,2020,sensitivity_2012_2022,2012-2017,2012-2022,0.7076145317528941,1.6223565091787633,1.1734080750420277,0.5,0.8259653961112666
SXM,2021,sensitivity_2012_2022,2012-2017,2012-2022,0.6332577258603671,1.3820053269057315,1.2387159435241721,0.5,0.8927121432657332
SXM,2022,sensitivity_2012_2022,2012-2017,2012-2022,0.6355106168596325,1.4131019317067466,1.1261936120322715,0.4444444444444444,0.8458174478410839
SYC,2012,sensitivity_2012_2022,2012-2017,2012-2022,0.8559214548340333,2.5376516472629564,0.5197718556076174,0.7114093959731543,1.0
SYC,2013,sensitivity_2012_2022,2012-2017,2012-2022,0.8529370656089194,2.470113300668666,0.4816064876252708,0.697986577181208,1.0
SYC,2014,sensitivity_2012_2022,2012-2017,2012-2022,0.8599313378668829,2.5148834211814397,0.46923654502455653,0.6510067114093959,1.0
SYC,2015,sensitivity_2012_2022,2012-2017,2012-2022,0.884450717127629,2.7108347470083953,0.4709528140619398,0.7248322147651006,1.0
SYC,2016,sensitivity_2012_2022,2012-2017,2012-2022,0.901999080308703,2.8104287173035822,0.5118297856958631,0.7718120805369127,1.0
SYC,2017,sensitivity_2012_2022,2012-2017,2012-2022,0.6142538845391907,1.5613841749813075,0.39405032290096365,0.7181208053691275,1.0
SYC,2018,sensitivity_2012_2022,2012-2017,2012-2022,0.9108628457139457,2.9042113053144236,0.4771323646395954,0.6912751677852349,0.9245922066435058
SYC,2019,sensitivity_2012_2022,2012-2017,2012-2022,0.9051486700907316,2.8605385480827312,0.5367277526429273,0.7114093959731543,0.9982791607028029
SYC,2020,sensitivity_2012_2022,2012-2017,2012-2022,0.9003634595308253,2.743983405916321,0.5408078414483627,0.6778523489932886,0.7919007493787497
SYC,2021,sensitivity_2012_2022,2012-2017,2012-2022,0.9191049394180189,3.013341295443531,0.5624395398798372,0.6442953020134228,0.9982560361342718
SYC,2022,sensitivity_2012_2022,2012-2017,2012-2022,0.8951375949857274,2.8613038996858573,0.5669686351692048,0.6442953020134228,0.984604314307425
SYR,2012,sensitivity_2012_2022,2012-2017,2012-2022,0.9097198266354787,2.8955308171392993,0.2235767205912783,0.8424657534246576,1.0
SYR,2013,sensitivity_2012_2022,2012-2017,2012-2022,0.8835569377454378,2.681730721647053,0.17997436076068113,0.7602739726027398,1.0
SYR,2014,sensitivity_2012_2022,2012-2017,2012-2022,0.9121704278342517,2.837461802314874,0.14218545337121352,0.7054794520547946,1.0
SYR,2015,sensitivity_2012_2022,2012-2017,2012-2022,0.8955776757607183,2.72304162926548,0.11579424838399263,0.7054794520547946,1.0
SYR,2016,sensitivity_2012_2022,2012-2017,2012-2022,0.8979277506994261,2.7136649132732864,0.13838149442104725,0.678082191780822,1.0
SYR,2017,sensitivity_2012_2022,2012-2017,2012-2022,0.8989160152372719,2.7215975561655994,0.1969552757581735,0.6917808219178082,1.0
SYR,2018,sensitivity_2012_2022,2012-2017,2012-2022,0.9047561170200491,2.7411876461278064,0.22652527058358624,0.6095890410958904,1.0
SYR,2019,sensitivity_2012_2022,2012-2017,2012-2022,0.8782298889800859,2.557250288085181,0.28285115076865425,0.6301369863013698,0.9998385944758625
SYR,2020,sensitivity_2012_2022,2012-2017,2012-2022,0.8456096130996572,2.4055575710190946,0.3641536619074173,0.6643835616438356,0.9998504333387489
SYR,2021,sensitivity_2012_2022,2012-2017,2012-2022,0.8561235456951645,2.452148785840436,0.3574042415747169,0.6506849315068494,0.9997665028289827
SYR,2022,sensitivity_2012_2022,2012-2017,2012-2022,0.8394538086725629,2.3308500326944244,0.38975749955788896,0.6164383561643836,0.9998332101552997
TCA,2012,sensitivity_2012_2022,2012-2017,2012-2022,0.6066734486891958,1.5999485411990422,0.6511397174320949,0.4845360824742268,1.0
TCA,2013,sensitivity_2012_2022,2012-2017,2012-2022,0.781374160029296,2.381118449105115,0.35881275054077155,0.5876288659793815,1.0
TCA,2014,sensitivity_2012_2022,2012-2017,2012-2022,0.8943248337187545,2.7573044207257125,0.3356535056740966,0.5051546391752577,1.0
TCA,2015,sensitivity_2012_2022,2012-2017,2012-2022,0.7874984741921494,2.137001147637703,0.39226174291799265,0.5051546391752577,1.0
TCA,2016,sensitivity_2012_2022,2012-2017,2012-2022,0.8375407172568086,2.2387386200533856,0.38515602604952603,0.5257731958762887,1.0
TCA,2017,sensitivity_2012_2022,2012-2017,2012-2022,0.7842506974854856,2.332353413591666,0.417497008512984,0.5360824742268041,1.0
TCA,2018,sensitivity_2012_2022,2012-2017,2012-2022,0.7858709997206976,2.2267689578429617,0.5358497391004855,0.5051546391752577,0.9514474843592112
TCA,2019,sensitivity_2012_2022,2012-2017,2012-2022,0.2836132340124825,0.7287626301164687,0.7959044681256473,0.4742268041237113,0.9938756453246526
TCA,2020,sensitivity_2012_2022,2012-2017,2012-2022,0.4644056583082308,1.0393905062856355,0.6101381666514549,0.3917525773195876,0.7389657721969791
TCA,2021,sensitivity_2012_2022,2012-2017,2012-2022,0.45836727105887676,1.231722894589242,0.7162907811204409,0.3917525773195876,0.9643581311059437
TCA,2022,sensitivity_2012_2022,2012-2017,2012-2022,0.5858274018425309,1.5716927748971738,0.7374516101105976,0.4742268041237113,0.9743129520586791
TCD,2012,sensitivity_2012_2022,2012-2017,2012-2022,0.8200769030077576,2.169871266410514,0.48743339535727426,0.6,1.0
TCD,2013,sensitivity_2012_2022,2012-2017,2012-2022,0.8258056846706142,2.1427834634628327,0.2753146173936971,0.5368421052631579,1.0
TCD,2014,sensitivity_2012_2022,2012-2017,2012-2022,0.7173830426348853,1.626840726032333,0.4127736766639927,0.5789473684210527,1.0
TCD,2015,sensitivity_2012_2022,2012-2017,2012-2022,0.7615566522572211,1.8482941521088327,0.35500575874994644,0.6105263157894737,1.0
TCD,2016,sensitivity_2012_2022,2012-2017,2012-2022,0.8248997062371556,2.0538523044393973,0.3420143663642073,0.5052631578947369,1.0
TCD,2017,sensitivity_2012_2022,2012-2017,2012-2022,0.7904107189434599,1.9440711976088296,0.4429527711063941,0.5789473684210527,1.0
TCD,2018,sensitivity_2012_2022,2012-2017,2012-2022,0.6745747487758977,1.4157714917300686,0.5546119116490736,0.5368421052631579,0.9984004041526563
TCD,2019,sensitivity_2012_2022,2012-2017,2012-2022,0.7420051738003403,1.6446198799424663,0.5510096935833746,0.49473684210526314,0.99980752027712
TCD,2020,sensitivity_2012_2022,2012-2017,2012-2022,0.8184363154009716,1.8790912933601724,0.5321201987391797,0.4842105263157895,0.9990173146603812
TCD,2021,sensitivity_2012_2022,2012-2017,2012-2022,0.7431950530472751,1.5882602141369244,0.5792375328485175,0.5157894736842106,0.9991366116051289
TCD,2022,sensitivity_2012_2022,2012-2017,2012-2022,0.7766145382002589,1.6713379051651553,0.5640261043683786,0.42105263157894735,0.9995670913499692
TGO,2012,sensitivity_2012_2022,2012-2017,2012-2022,0.9036954472306218,2.833813053059191,0.24249001738270873,0.6285714285714286,1.0
TGO,2013,sensitivity_2012_2022,2012-2017,2012-2022,0.8994900959471399,2.8356397496904955,0.2637214625367021,0.6571428571428571,1.0
TGO,2014,sensitivity_2012_2022,2012-2017,2012-2022,0.9281567806177172,2.940211811664295,0.152497502100617,0.6285714285714286,1.0
TGO,2015,sensitivity_2012_2022,2012-2017,2012-2022,0.9275109458152395,2.9675992988665447,0.19982049306540345,0.7142857142857143,1.0
TGO,2016,sensitivity_2012_2022,2012-2017,2012-2022,0.9239934828359209,3.030330560353415,0.22754094516295306,0.7285714285714285,1.0
TGO,2017,sensitivity_2012_2022,2012-2017,2012-2022,0.9223493512022792,2.9970584722921942,0.3052186450761609,0.7071428571428572,1.0
TGO,2018,sensitivity_2012_2022,2012-2017,2012-2022,0.9027235962747292,2.8694117435052946,0.3157922541475402,0.6357142857142857,0.9985500279864382
TGO,2019,sensitivity_2012_2022,2012-2017,2012-2022,0.9289855384696852,3.061774627400981,0.4086736194149393,0.6928571428571428,0.9912563340609087
TGO,2020,sensitivity_2012_2022,2012-2017,2012-2022,0.9398170533480199,3.2103569536014196,0.3433932133865948,0.6714285714285714,0.9955596558494586
TGO,2021,sensitivity_2012_2022,2012-2017,2012-2022,0.9115858007094266,2.909583337722779,0.442295439364282,0.7071428571428572,0.9878805566955033
TGO,2022,sensitivity_2012_2022,2012-2017,2012-2022,0.9005846275367573,2.8962785725849844,0.4929614261652461,0.6857142857142857,0.9867048019479071
THA,2012,sensitivity_2012_2022,2012-2017,2012-2022,0.9524962568437922,3.6064543816608503,0.05591501266586059,0.9508928571428571,1.0
THA,2013,sensitivity_2012_2022,2012-2017,2012-2022,0.9531742778432434,3.613935302414614,0.04597774482058763,0.9508928571428571,1.0
THA,2014,sensitivity_2012_2022,2012-2017,2012-2022,0.9554724450675988,3.6395807042144104,0.03398228457549216,0.9821428571428571,1.0
THA,2015,sensitivity_2012_2022,2012-2017,2012-2022,0.9550795702770738,3.6138952114497913,0.033713334833390694,0.9776785714285714,1.0
THA,2016,sensitivity_2012_2022,2012-2017,2012-2022,0.9554333823766961,3.598567109422924,0.049733283474159576,0.9598214285714286,1.0
THA,2017,sensitivity_2012_2022,2012-2017,2012-2022,0.9546680137069866,3.58758619951611,0.055868308965112315,0.9598214285714286,1.0
THA,2018,sensitivity_2012_2022,2012-2017,2012-2022,0.9528638148084408,3.557210425689073,0.06895525494425125,0.96875,1.0
THA,2019,sensitivity_2012_2022,2012-2017,2012-2022,0.9527089870311535,3.5586477477415164,0.07408320942234328,0.96875,1.0
THA,2020,sensitivity_2012_2022,2012-2017,2012-2022,0.9498721113838389,3.5090312276457034,0.09168966070198584,0.9464285714285714,0.9999996081968779
THA,2021,sensitivity_2012_2022,2012-2017,2012-2022,0.9567948879678368,3.5942972785142935,0.0989719882578323,0.9553571428571429,1.0
THA,2022,sensitivity_2012_2022,2012-2017,2012-2022,0.9583759814435934,3.6095952710157775,0.10178532850358922,0.9419642857142857,1.0
TJK,2012,sensitivity_2012_2022,2012-2017,2012-2022,0.846478757587991,2.4850907406265677,0.3572694036147461,0.5392156862745098,1.0
TJK,2013,sensitivity_2012_2022,2012-2017,2012-2022,0.7342717613000164,2.0194939639167533,0.3641116350795506,0.5294117647058824,1.0
TJK,2014,sensitivity_2012_2022,2012-2017,2012-2022,0.8110824233706548,2.026542319258934,0.23831536869940773,0.5098039215686274,1.0
TJK,2015,sensitivity_2012_2022,2012-2017,2012-2022,0.854697558444648,2.2482815253288515,0.16780801482492821,0.49019607843137253,1.0
TJK,2016,sensitivity_2012_2022,2012-2017,2012-2022,0.8712552683849901,2.444454432770357,0.19247639514601259,0.6764705882352942,1.0
TJK,2017,sensitivity_2012_2022,2012-2017,2012-2022,0.8385191413680851,2.2698917070792173,0.24143221776233312,0.7058823529411765,1.0
TJK,2018,sensitivity_2012_2022,2012-2017,2012-2022,0.8412555824775295,2.1995178908119923,0.2772264314045983,0.6078431372549019,0.9999800862150692
TJK,2019,sensitivity_2012_2022,2012-2017,2012-2022,0.8569758164826407,2.265008604023971,0.2906879648903195,0.6274509803921569,0.9992111333710888
TJK,2020,sensitivity_2012_2022,2012-2017,2012-2022,0.7302164404172156,1.9327306618467777,0.5083688610374717,0.5784313725490197,0.9991218568518287
TJK,2021,sensitivity_2012_2022,2012-2017,2012-2022,0.866856074542284,2.3957667012970645,0.3580502386794639,0.5980392156862745,0.9999787862017615
TJK,2022,sensitivity_2012_2022,2012-2017,2012-2022,0.8456117161137521,2.2652544060201025,0.4553881928111495,0.6372549019607843,0.9989552971430877
TKL,2012,sensitivity_2012_2022,2012-2017,2012-2022,0.6524681804071739,1.8469548359087988,0.5016347191714723,0.4891304347826087,1.0
TKL,2013,sensitivity_2012_2022,2012-2017,2012-2022,0.7077626458548627,2.0236736545034666,0.39832395708420915,0.4782608695652174,1.0
TKL,2014,sensitivity_2012_2022,2012-2017,2012-2022,0.883003058664494,2.8039091105400744,0.603439436401395,0.5760869565217391,1.0
TKL,2015,sensitivity_2012_2022,2012-2017,2012-2022,0.8547847718322332,2.521172542552043,0.4213447845979707,0.5217391304347826,1.0
TKL,2016,sensitivity_2012_2022,2012-2017,2012-2022,0.8628144057719016,2.6146994969241724,0.5750736121767376,0.5760869565217391,1.0
TKL,2017,sensitivity_2012_2022,2012-2017,2012-2022,0.4929870386085897,1.3748189628541565,0.7996240641210236,0.7065217391304348,1.0
TKL,2018,sensitivity_2012_2022,2012-2017,2012-2022,0.6980340821737772,2.0892890337925034,0.7785157103150234,0.6630434782608695,0.9917167543085268
TKL,2019,sensitivity_2012_2022,2012-2017,2012-2022,0.8781467242517443,2.7352601763004833,0.6413191352620272,0.6195652173913043,0.9686752703844217
TKL,2020,sensitivity_2012_2022,2012-2017,2012-2022,0.7033485579302878,1.7363151630679188,0.9256688282395203,0.5,0.9799505887613883
TKL,2021,sensitivity_2012_2022,2012-2017,2012-2022,0.8182503319897306,2.464260061434995,0.8485612937674187,0.5978260869565217,0.9812796847155041
TKL,2022,sensitivity_2012_2022,2012-2017,2012-2022,0.08005741876058503,0.3003247964479375,1.105295794168821,0.6304347826086957,0.9978722663590592
TKM,2012,sensitivity_2012_2022,2012-2017,2012-2022,0.8763421875674258,2.5251976759933124,0.4243186445206402,0.6448598130841121,1.0
TKM,2013,sensitivity_2012_2022,2012-2017,2012-2022,0.8502450970600672,2.358649698135881,0.35493373879417356,0.6542056074766355,1.0
TKM,2014,sensitivity_2012_2022,2012-2017,2012-2022,0.8343594538110832,2.336544176369096,0.3700307676445404,0.7102803738317757,1.0
TKM,2015,sensitivity_2012_2022,2012-2017,2012-2022,0.807479956973216,2.2123648204903468,0.29600113720272897,0.7009345794392523,1.0
TKM,2016,sensitivity_2012_2022,2012-2017,2012-2022,0.8767260425765668,2.4379889939855985,0.24862133647725587,0.7289719626168224,1.0
TKM,2017,sensitivity_2012_2022,2012-2017,2012-2022,0.8621250715896485,2.5036570273645156,0.20501458065447875,0.7102803738317757,1.0
TKM,2018,sensitivity_2012_2022,2012-2017,2012-2022,0.8891671778152195,2.593484158571486,0.3936647692489799,0.6074766355140186,0.9892166036094645
TKM,2019,sensitivity_2012_2022,2012-2017,2012-2022,0.8506931544428531,2.393975615922462,0.4208052371319907,0.6355140186915887,0.9982943274837571
TKM,2020,sensitivity_2012_2022,2012-2017,2012-2022,0.8548905288541173,2.3613837280680827,0.5586838169655124,0.5046728971962616,0.9950067299244058
TKM,2021,sensitivity_2012_2022,2012-2017,2012-2022,0.8266393293567826,2.353665575686411,0.5421903003062664,0.5981308411214953,0.9998073882235076
TKM,2022,sensitivity_2012_2022,2012-2017,2012-2022,0.8659458296414209,2.528604329847508,0.5938098069087491,0.6261682242990654,0.9868949288425232
TLS,2012,sensitivity_2012_2022,2012-2017,2012-2022,0.5213247087813038,1.0378617260452856,0.5051626932744183,0.4473684210526316,1.0
TLS,2013,sensitivity_2012_2022,2012-2017,2012-2022,0.7524273403437167,1.568456124276169,0.2442249490038581,0.5789473684210527,1.0
TLS,2014,sensitivity_2012_2022,2012-2017,2012-2022,0.5172406845875668,1.2394553945574762,0.8452795096927946,0.34210526315789475,1.0
TLS,2015,sensitivity_2012_2022,2012-2017,2012-2022,0.20778276751654168,0.5476888414210388,0.6561127981529853,0.3815789473684211,1.0
TLS,2016,sensitivity_2012_2022,2012-2017,2012-2022,0.5223822837631011,1.3859184581131758,0.7788372755310033,0.39473684210526316,1.0
TLS,2017,sensitivity_2012_2022,2012-2017,2012-2022,0.46573652117735476,1.311620119269119,0.6048352626432916,0.4868421052631579,1.0
TLS,2018,sensitivity_2012_2022,2012-2017,2012-2022,0.5976902017351458,1.6061990340567776,0.6065243663682531,0.42105263157894735,0.9932696191288922
TLS,2019,sensitivity_2012_2022,2012-2017,2012-2022,0.549887532791906,1.3322469013357727,0.6278283294977641,0.3684210526315789,0.995201064778396
TLS,2020,sensitivity_2012_2022,2012-2017,2012-2022,0.7061699269230526,1.5631792664456472,0.4654774890089733,0.39473684210526316,0.9981186210169708
TLS,2021,sensitivity_2012_2022,2012-2017,2012-2022,0.6299809748538625,1.2876351795662846,0.6542024265454244,0.3684210526315789,0.9957805473088117
TLS,2022,sensitivity_2012_2022,2012-2017,2012-2022,0.7816328341955052,1.82968731364768,0.684730697982084,0.4473684210526316,0.9887778547985425
TON,2012,sensitivity_2012_2022,2012-2017,2012-2022,0.8457823353357913,2.2710398974068413,0.1916475486225692,0.5172413793103449,1.0
TON,2013,sensitivity_2012_2022,2012-2017,2012-2022,0.8550016532719401,2.3286288231475374,0.1682433822673388,0.5344827586206896,1.0
TON,2014,sensitivity_2012_2022,2012-2017,2012-2022,0.849010602026428,2.3244937343300136,0.19315919764381329,0.5517241379310345,1.0
TON,2015,sensitivity_2012_2022,2012-2017,2012-2022,0.8078958016101513,1.9528549995424922,0.17359667410319363,0.3448275862068966,1.0
TON,2016,sensitivity_2012_2022,2012-2017,2012-2022,0.8290914886196531,2.0593102160366605,0.24993928356800246,0.3620689655172414,1.0
TON,2017,sensitivity_2012_2022,2012-2017,2012-2022,0.79323061163875,1.8664221680485733,0.20426573166195752,0.41379310344827586,1.0
TON,2018,sensitivity_2012_2022,2012-2017,2012-2022,0.839088965908297,2.1147604309582624,0.2846930165025801,0.41379310344827586,0.9396308320361207
TON,2019,sensitivity_2012_2022,2012-2017,2012-2022,0.8592192312838014,2.201638744573354,0.3186683664959462,0.41379310344827586,0.993926255056827
TON,2020,sensitivity_2012_2022,2012-2017,2012-2022,0.8416611463226762,2.1344952299036835,0.3636117298630077,0.3448275862068966,0.9785431392704701
TON,2021,sensitivity_2012_2022,2012-2017,2012-2022,0.8604308487614314,2.1859051075263594,0.4649513738495097,0.3793103448275862,0.984529872768041
TON,2022,sensitivity_2012_2022,2012-2017,2012-2022,0.8470795877423699,2.262446950313065,0.4719308984465153,0.43103448275862066,0.9966811753478712
TTO,2012,sensitivity_2012_2022,2012-2017,2012-2022,0.9379493685573888,3.2658417768446606,0.19545417111074764,0.7243243243243244,1.0
TTO,2013,sensitivity_2012_2022,2012-2017,2012-2022,0.949651170322814,3.396564261442035,0.19224542700138958,0.772972972972973,1.0
TTO,2014,sensitivity_2012_2022,2012-2017,2012-2022,0.9455121898630482,3.391572110047707,0.15232923571973256,0.7405405405405405,1.0
TTO,2015,sensitivity_2012_2022,2012-2017,2012-2022,0.9456681221569954,3.368842892559077,0.14115726517220717,0.7513513513513513,1.0
TTO,2016,sensitivity_2012_2022,2012-2017,2012-2022,0.9614046281110252,3.62880275355237,0.18346447480206904,0.7243243243243244,1.0
TTO,2017,sensitivity_2012_2022,2012-2017,2012-2022,0.9639045111475447,3.68748136603282,0.21919729409311722,0.745945945945946,1.0
TTO,2018,sensitivity_2012_2022,2012-2017,2012-2022,0.9619067724770385,3.595826194533383,0.2875163282752958,0.7297297297297297,0.9999936255936978
TTO,2019,sensitivity_2012_2022,2012-2017,2012-2022,0.9560967128907556,3.496408288067118,0.34350260389368714,0.7351351351351352,0.9999549444721397
TTO,2020,sensitivity_2012_2022,2012-2017,2012-2022,0.9505026438554943,3.4377211507243532,0.36505359311629104,0.6702702702702703,0.9999964622539836
TTO,2021,sensitivity_2012_2022,2012-2017,2012-2022,0.9555306881284544,3.447417505440792,0.35847048024908545,0.7027027027027027,0.9997682846346795
TTO,2022,sensitivity_2012_2022,2012-2017,2012-2022,0.9514789272865787,3.3315466391605657,0.45781519020238315,0.7135135135135136,0.9999837991496939
TUN,2012,sensitivity_2012_2022,2012-2017,2012-2022,0.8672633731964657,2.7419336507144956,0.06993557641376613,0.875,1.0
TUN,2013,sensitivity_2012_2022,2012-2017,2012-2022,0.8672637451764116,2.727346611697882,0.07292987026302022,0.8854166666666666,1.0
TUN,2014,sensitivity_2012_2022,2012-2017,2012-2022,0.8503803180365614,2.6545768657158306,0.03608887260043777,0.90625,1.0
TUN,2015,sensitivity_2012_2022,2012-2017,2012-2022,0.8511817384798939,2.646849249502073,0.04534153690639134,0.890625,1.0
TUN,2016,sensitivity_2012_2022,2012-2017,2012-2022,0.8441314866744267,2.620430690628334,0.051704781014507144,0.90625,1.0
TUN,2017,sensitivity_2012_2022,2012-2017,2012-2022,0.8503344122408948,2.7260993485919185,0.07654597040382036,0.890625,1.0
TUN,2018,sensitivity_2012_2022,2012-2017,2012-2022,0.8539852147974958,2.7534182386862547,0.07479919061506102,0.9114583333333334,1.0
TUN,2019,sensitivity_2012_2022,2012-2017,2012-2022,0.8533545519218995,2.748223824328912,0.0738605150216686,0.8854166666666666,1.0
TUN,2020,sensitivity_2012_2022,2012-2017,2012-2022,0.8677445253822624,2.817813493935688,0.08526310060066258,0.859375,0.9999776668606304
TUN,2021,sensitivity_2012_2022,2012-2017,2012-2022,0.8711331543973126,2.8496654791550835,0.09348950362537217,0.8802083333333334,1.0
TUN,2022,sensitivity_2012_2022,2012-2017,2012-2022,0.8887284300788865,2.974529204651818,0.12822625806952492,0.8541666666666666,1.0
TUR,2012,sensitivity_2012_2022,2012-2017,2012-2022,0.9618559317114223,3.8214447051615235,0.09709504990918004,0.9485981308411215,1.0
TUR,2013,sensitivity_2012_2022,2012-2017,2012-2022,0.9644132826630167,3.904802046218442,0.07236768322911769,0.9672897196261683,1.0
TUR,2014,sensitivity_2012_2022,2012-2017,2012-2022,0.9642390952200568,3.908244116022349,0.049207461133674156,0.9813084112149533,1.0
TUR,2015,sensitivity_2012_2022,2012-2017,2012-2022,0.963821209403344,3.8879687963294183,0.0561272886745629,0.9766355140186916,1.0
TUR,2016,sensitivity_2012_2022,2012-2017,2012-2022,0.962463964278087,3.8771437237596733,0.06865704643709569,0.9672897196261683,1.0
TUR,2017,sensitivity_2012_2022,2012-2017,2012-2022,0.9633971154765001,3.900561900983062,0.08554858052605929,0.9719626168224299,1.0
TUR,2018,sensitivity_2012_2022,2012-2017,2012-2022,0.9666486611988158,3.981529797628105,0.11742378468753893,0.9672897196261683,0.9999810161820867
TUR,2019,sensitivity_2012_2022,2012-2017,2012-2022,0.9690071839271128,4.021714474908441,0.12496854219267686,0.9719626168224299,0.9999984597603293
TUR,2020,sensitivity_2012_2022,2012-2017,2012-2022,0.9680785816181742,4.023996931571678,0.12371618523903843,0.9719626168224299,0.9999612924974358
TUR,2021,sensitivity_2012_2022,2012-2017,2012-2022,0.9691830165838603,4.030839162368936,0.15059955576248352,0.9672897196261683,0.9999947764926945
TUR,2022,sensitivity_2012_2022,2012-2017,2012-2022,0.969412761387699,4.044610669351473,0.14885041968585555,0.9813084112149533,0.999996788372288
TUV,2012,sensitivity_2012_2022,2012-2017,2012-2022,0.7480367310781488,1.6881965887623898,0.6235918471878239,0.45652173913043476,1.0
TUV,2013,sensitivity_2012_2022,2012-2017,2012-2022,0.4222534234008236,0.8640641947602221,0.5140009180280578,0.32608695652173914,1.0
TUV,2014,sensitivity_2012_2022,2012-2017,2012-2022,0.7347469456394258,1.634275258454922,0.47843074934626467,0.34782608695652173,1.0
TUV,2015,sensitivity_2012_2022,2012-2017,2012-2022,0.18490447041185165,0.49218968850649497,0.6753379511874321,0.32608695652173914,1.0
TUV,2016,sensitivity_2012_2022,2012-2017,2012-2022,0.16909767424691347,0.4549976254235263,0.690792951983177,0.3695652173913043,1.0
TUV,2017,sensitivity_2012_2022,2012-2017,2012-2022,0.6151803043382067,1.432034752995801,0.47931444647575533,0.45652173913043476,1.0
TUV,2018,sensitivity_2012_2022,2012-2017,2012-2022,0.3225281588904906,0.7751510633204012,0.5298632464912225,0.43478260869565216,0.7110843818787798
TUV,2019,sensitivity_2012_2022,2012-2017,2012-2022,0.5678082283624009,1.080161047526091,0.6474641980809523,0.41304347826086957,0.9660620067538546
TUV,2020,sensitivity_2012_2022,2012-2017,2012-2022,0.23013370097365127,0.6025909232858543,0.5745946433805912,0.30434782608695654,0.5790811316667674
TUV,2021,sensitivity_2012_2022,2012-2017,2012-2022,0.1244548319916624,0.3050447152584558,0.7366649443637634,0.30434782608695654,0.9646560214203703
TUV,2022,sensitivity_2012_2022,2012-2017,2012-2022,0.11547251544374393,0.3465122329504608,0.6068764594703859,0.34782608695652173,0.7639208208107462
TWN,2012,sensitivity_2012_2022,2012-2017,2012-2022,0.9219098685438297,3.207656823616067,0.04145354624954201,0.9767441860465116,1.0
TWN,2013,sensitivity_2012_2022,2012-2017,2012-2022,0.9201575306971899,3.1906170929170226,0.0313640243126248,0.9767441860465116,1.0
TWN,2014,sensitivity_2012_2022,2012-2017,2012-2022,0.9149904983818674,3.1404013124486396,0.021352064077062305,0.9767441860465116,1.0
TWN,2015,sensitivity_2012_2022,2012-2017,2012-2022,0.9157168069952479,3.1293000167274556,0.02191122552366226,0.9488372093023256,1.0
TWN,2016,sensitivity_2012_2022,2012-2017,2012-2022,0.9131765632917646,3.102507620495228,0.03340461160631851,0.9674418604651163,1.0
TWN,2017,sensitivity_2012_2022,2012-2017,2012-2022,0.9150832401328635,3.104276771911911,0.03534328202359263,0.9674418604651163,1.0
TWN,2018,sensitivity_2012_2022,2012-2017,2012-2022,0.917744142477855,3.1114857535332012,0.055692929179851164,0.958139534883721,0.9999973178021692
TWN,2019,sensitivity_2012_2022,2012-2017,2012-2022,0.9157330044265607,3.0874100626772565,0.05857554512353374,0.9488372093023256,0.9999968336573316
TWN,2020,sensitivity_2012_2022,2012-2017,2012-2022,0.9016644551824602,2.978985352533334,0.07502906576159847,0.9441860465116279,0.9999989004051136
TWN,2021,sensitivity_2012_2022,2012-2017,2012-2022,0.9033784949795284,2.988143185987244,0.08129113901003868,0.9395348837209302,0.9999971967435796
TWN,2022,sensitivity_2012_2022,2012-2017,2012-2022,0.9123040920342288,3.042245929428935,0.0818456605480035,0.9348837209302325,0.9999961105519369
TZA,2012,sensitivity_2012_2022,2012-2017,2012-2022,0.9135208185882993,3.0362171704376983,0.19386691394751088,0.8087431693989071,1.0
TZA,2013,sensitivity_2012_2022,2012-2017,2012-2022,0.929796650554656,3.2399227221179068,0.11928618257421851,0.8087431693989071,1.0
TZA,2014,sensitivity_2012_2022,2012-2017,2012-2022,0.9207395675554557,3.1814460764335206,0.1588670401435626,0.8087431693989071,1.0
TZA,2015,sensitivity_2012_2022,2012-2017,2012-2022,0.9160961119078165,3.1546125560718705,0.17308022770145273,0.8142076502732241,1.0
TZA,2016,sensitivity_2012_2022,2012-2017,2012-2022,0.9192220102032135,3.0924029793265273,0.1515635522026984,0.8087431693989071,1.0
TZA,2017,sensitivity_2012_2022,2012-2017,2012-2022,0.9069017284417972,3.106068605516623,0.1635527565453295,0.819672131147541,1.0
TZA,2018,sensitivity_2012_2022,2012-2017,2012-2022,0.926319725553525,3.261543872858723,0.29442897783769967,0.7978142076502732,0.9999046697925436
TZA,2019,sensitivity_2012_2022,2012-2017,2012-2022,0.9193360458488572,3.121896184104176,0.2093678803192489,0.8032786885245902,0.9999953040097238
TZA,2020,sensitivity_2012_2022,2012-2017,2012-2022,0.9199419852328563,3.0249291945570427,0.30281504425588884,0.7759562841530054,0.9997448970303723
TZA,2021,sensitivity_2012_2022,2012-2017,2012-2022,0.8890566685569701,2.8312918015708655,0.27070381530119425,0.7486338797814208,0.9999964872723676
TZA,2022,sensitivity_2012_2022,2012-2017,2012-2022,0.8753294953974393,2.9052020503228935,0.26431828687683817,0.7814207650273224,0.999992839860581
UGA,2012,sensitivity_2012_2022,2012-2017,2012-2022,0.9240936798715794,3.0930456378762985,0.1791337518904312,0.8083832335329342,1.0
UGA,2013,sensitivity_2012_2022,2012-2017,2012-2022,0.9285576281165089,3.1364632783905337,0.1304764733788192,0.8143712574850299,1.0
UGA,2014,sensitivity_2012_2022,2012-2017,2012-2022,0.9157015966487826,3.0315719051310897,0.12137762881290959,0.8083832335329342,1.0
UGA,2015,sensitivity_2012_2022,2012-2017,2012-2022,0.9186336609867748,3.0511643557314487,0.11579341728020559,0.7664670658682635,1.0
UGA,2016,sensitivity_2012_2022,2012-2017,2012-2022,0.9110888461334402,2.9574496366862983,0.1420863348057124,0.7664670658682635,1.0
UGA,2017,sensitivity_2012_2022,2012-2017,2012-2022,0.9077608320542191,2.970647689540148,0.17392677945134288,0.7844311377245509,1.0
UGA,2018,sensitivity_2012_2022,2012-2017,2012-2022,0.8822782764236776,2.7892816735432095,0.22737804706099607,0.8143712574850299,0.9999945280263046
UGA,2019,sensitivity_2012_2022,2012-2017,2012-2022,0.7926607274518498,2.422565464255794,0.3575791053663513,0.7664670658682635,0.9994842210678274
UGA,2020,sensitivity_2012_2022,2012-2017,2012-2022,0.7411022231963977,2.2304875542132034,0.4136165842208316,0.7904191616766467,0.999810603484765
UGA,2021,sensitivity_2012_2022,2012-2017,2012-2022,0.8208257093293283,2.5101941478298677,0.3589435408554358,0.7904191616766467,0.999727460647177
UGA,2022,sensitivity_2012_2022,2012-2017,2012-2022,0.9149137477167948,2.9918205145174066,0.29082867394489453,0.7784431137724551,0.9999151827456266
UKR,2012,sensitivity_2012_2022,2012-2017,2012-2022,0.9097771365109352,3.4367082109705125,0.14538050272040867,0.9014778325123153,1.0
UKR,2013,sensitivity_2012_2022,2012-2017,2012-2022,0.915097465281579,3.4633796888364987,0.1183583192639722,0.9113300492610837,1.0
UKR,2014,sensitivity_2012_2022,2012-2017,2012-2022,0.936699132528583,3.566444541221043,0.05873161976011189,0.916256157635468,1.0
UKR,2015,sensitivity_2012_2022,2012-2017,2012-2022,0.9521979412174091,3.6657579041716835,0.0767167314392769,0.896551724137931,1.0
UKR,2016,sensitivity_2012_2022,2012-2017,2012-2022,0.9587934067679899,3.720167254416498,0.12200303845047009,0.9113300492610837,1.0
UKR,2017,sensitivity_2012_2022,2012-2017,2012-2022,0.9590290956806836,3.7408332017471677,0.13296894800681125,0.9655172413793104,1.0
UKR,2018,sensitivity_2012_2022,2012-2017,2012-2022,0.9619212208594183,3.793490924997829,0.1653649637822397,0.9261083743842364,1.0
UKR,2019,sensitivity_2012_2022,2012-2017,2012-2022,0.9645654536932289,3.8177753291819028,0.16598074058140813,0.9261083743842364,1.0
UKR,2020,sensitivity_2012_2022,2012-2017,2012-2022,0.9667216576449611,3.8715294994312597,0.19653407504784642,0.9310344827586207,0.9999980910594912
UKR,2021,sensitivity_2012_2022,2012-2017,2012-2022,0.9652815788893794,3.8628584307644043,0.21205739839801102,0.916256157635468,0.9999977099205205
UKR,2022,sensitivity_2012_2022,2012-2017,2012-2022,0.9472145254210831,3.539070091410635,0.37896723278147426,0.9113300492610837,1.0
URY,2012,sensitivity_2012_2022,2012-2017,2012-2022,0.9092089380634292,3.3201445071326994,0.1254375932250027,0.8983957219251337,1.0
URY,2013,sensitivity_2012_2022,2012-2017,2012-2022,0.9081391381280496,3.2880298517968827,0.09818096964799973,0.9197860962566845,1.0
URY,2014,sensitivity_2012_2022,2012-2017,2012-2022,0.8938287843212644,3.195801763793148,0.11696977587477886,0.9197860962566845,1.0
URY,2015,sensitivity_2012_2022,2012-2017,2012-2022,0.9267228162378008,3.3962641873793413,0.08195796097793265,0.8877005347593583,1.0
URY,2016,sensitivity_2012_2022,2012-2017,2012-2022,0.9146550656720862,3.292471068803869,0.10990987864042703,0.8663101604278075,1.0
URY,2017,sensitivity_2012_2022,2012-2017,2012-2022,0.9203440351915464,3.3595733826604732,0.1277659921138387,0.8983957219251337,1.0
URY,2018,sensitivity_2012_2022,2012-2017,2012-2022,0.9320794120320456,3.380298791831822,0.16787143727752846,0.8556149732620321,0.9999945499420824
URY,2019,sensitivity_2012_2022,2012-2017,2012-2022,0.92938035825297,3.4007309200366107,0.16906898561432226,0.839572192513369,0.9999957069285923
URY,2020,sensitivity_2012_2022,2012-2017,2012-2022,0.9228842057152489,3.3790964292926624,0.17326504753843597,0.839572192513369,0.9999710499755846
URY,2021,sensitivity_2012_2022,2012-2017,2012-2022,0.9022675687133459,3.244767507375207,0.16360392397476245,0.839572192513369,0.9999580091157364
URY,2022,sensitivity_2012_2022,2012-2017,2012-2022,0.9136901779702664,3.270666008432716,0.2173341811679152,0.839572192513369,0.9999773115963146
USA,2012,sensitivity_2012_2022,2012-2017,2012-2022,0.9258839179557803,3.430224383592078,0.036851825851101964,1.0,1.0
USA,2013,sensitivity_2012_2022,2012-2017,2012-2022,0.9225379730913678,3.4152786552523624,0.038919584203749094,0.9954545454545455,1.0
USA,2014,sensitivity_2012_2022,2012-2017,2012-2022,0.9220595523748405,3.418820032460852,0.024888238297328953,0.9954545454545455,1.0
USA,2015,sensitivity_2012_2022,2012-2017,2012-2022,0.9210590461177208,3.374335505240017,0.022220033663984767,1.0,1.0
USA,2016,sensitivity_2012_2022,2012-2017,2012-2022,0.9216294649536918,3.3724363789177736,0.03700508545072148,1.0,1.0
USA,2017,sensitivity_2012_2022,2012-2017,2012-2022,0.9227193976288853,3.3847659379562773,0.04242823303507855,0.990909090909091,1.0
USA,2018,sensitivity_2012_2022,2012-2017,2012-2022,0.9238400331914218,3.3922953454274416,0.05565924779881455,0.9954545454545455,1.0
USA,2019,sensitivity_2012_2022,2012-2017,2012-2022,0.9255355208969498,3.403566091938554,0.06513990139582775,0.990909090909091,1.0
USA,2020,sensitivity_2012_2022,2012-2017,2012-2022,0.9256276726803739,3.3804705748566795,0.07324435273199659,0.990909090909091,1.0
USA,2021,sensitivity_2012_2022,2012-2017,2012-2022,0.922910208412965,3.3670276168218543,0.07411215494812579,0.9863636363636363,1.0
USA,2022,sensitivity_2012_2022,2012-2017,2012-2022,0.9266943415228507,3.3992555395729713,0.08753984716840199,0.9954545454545455,1.0
UZB,2012,sensitivity_2012_2022,2012-2017,2012-2022,0.8311021015272169,2.2065480920130254,0.28683227854502025,0.6535433070866141,1.0
UZB,2013,sensitivity_2012_2022,2012-2017,2012-2022,0.8447500936973318,2.2947978571509844,0.13680552496868228,0.6850393700787402,1.0
UZB,2014,sensitivity_2012_2022,2012-2017,2012-2022,0.8193853578905375,2.1212282828037172,0.1686483097257802,0.6220472440944882,1.0
UZB,2015,sensitivity_2012_2022,2012-2017,2012-2022,0.8163737880314255,2.151376168510334,0.10981305506609784,0.6692913385826772,1.0
UZB,2016,sensitivity_2012_2022,2012-2017,2012-2022,0.7451005146506428,1.9050360783438054,0.20310691087626456,0.7401574803149606,1.0
UZB,2017,sensitivity_2012_2022,2012-2017,2012-2022,0.801804224107245,2.183756965962517,0.14842747737132397,0.8740157480314961,1.0
UZB,2018,sensitivity_2012_2022,2012-2017,2012-2022,0.8431507693689511,2.2927491468206567,0.0951638191908587,0.7874015748031497,0.9997947656243324
UZB,2019,sensitivity_2012_2022,2012-2017,2012-2022,0.8664506860105847,2.3631267002275633,0.2928342671603521,0.7559055118110236,0.9998753677483616
UZB,2020,sensitivity_2012_2022,2012-2017,2012-2022,0.7365705960553784,1.9857870148453267,0.5855429706526344,0.7401574803149606,0.9997423866243034
UZB,2021,sensitivity_2012_2022,2012-2017,2012-2022,0.8946695074672808,2.672485016551132,0.3217823153734966,0.7952755905511811,0.9997100681833397
UZB,2022,sensitivity_2012_2022,2012-2017,2012-2022,0.8694005630508445,2.5868381357390926,0.26315141892500965,0.8503937007874016,0.9997000252259337
VAT,2012,sensitivity_2012_2022,2012-2017,2012-2022,0.7681571212818783,1.9704207656458608,0.9208585833477901,0.35384615384615387,1.0
VAT,2013,sensitivity_2012_2022,2012-2017,2012-2022,0.7369195974761013,1.9617117161263902,0.6981619095639481,0.38461538461538464,1.0
VAT,2014,sensitivity_2012_2022,2012-2017,2012-2022,0.5921336045284612,1.6562690450689346,0.7590154802183225,0.4307692307692308,1.0
VAT,2015,sensitivity_2012_2022,2012-2017,2012-2022,0.6830907693912668,1.6164269466128105,0.5218750285797112,0.36923076923076925,1.0
VAT,2016,sensitivity_2012_2022,2012-2017,2012-2022,0.8240802478944764,2.160372326152747,0.7485508943346644,0.35384615384615387,1.0
VAT,2017,sensitivity_2012_2022,2012-2017,2012-2022,0.7352522892607424,2.0595840064580795,0.655195399997015,0.38461538461538464,1.0
VAT,2018,sensitivity_2012_2022,2012-2017,2012-2022,0.14582501605656173,0.46757229615845697,1.0014168231177112,0.35384615384615387,0.9953561702308023
VAT,2019,sensitivity_2012_2022,2012-2017,2012-2022,0.8189298322525396,2.2046341471872903,0.9487521105916478,0.4,0.749765935151444
VAT,2020,sensitivity_2012_2022,2012-2017,2012-2022,0.27521491697889344,0.7872590136419797,1.2243473599192316,0.27692307692307694,0.8681128525145066
VAT,2021,sensitivity_2012_2022,2012-2017,2012-2022,0.680105172155855,1.584829146010584,1.1990455065220942,0.3230769230769231,0.9268165728083679
VAT,2022,sensitivity_2012_2022,2012-2017,2012-2022,0.8565956776918977,2.4052277917840343,0.8459418915734517,0.3230769230769231,0.8506098112091325
VCT,2012,sensitivity_2012_2022,2012-2017,2012-2022,0.9262631044797961,2.9720210999747727,0.5653788649701045,0.5588235294117647,1.0
VCT,2013,sensitivity_2012_2022,2012-2017,2012-2022,0.9274142303012914,2.8741376977688367,0.587266228336888,0.5294117647058824,1.0
VCT,2014,sensitivity_2012_2022,2012-2017,2012-2022,0.8428708085211511,2.444852596109369,0.35480930986028003,0.5196078431372549,1.0
VCT,2015,sensitivity_2012_2022,2012-2017,2012-2022,0.8510910706047379,2.315457507525233,0.33093538384788174,0.45098039215686275,1.0
VCT,2016,sensitivity_2012_2022,2012-2017,2012-2022,0.8438175959388496,2.433202671766523,0.4068786142018581,0.5980392156862745,1.0
VCT,2017,sensitivity_2012_2022,2012-2017,2012-2022,0.7916222146677067,2.1261337881896942,0.4835831457606196,0.5,1.0
VCT,2018,sensitivity_2012_2022,2012-2017,2012-2022,0.7752731348993873,2.263893451998034,0.6135537205306038,0.5,0.9858137049764835
VCT,2019,sensitivity_2012_2022,2012-2017,2012-2022,0.7924347307582109,2.267060592622959,0.5932212877529723,0.47058823529411764,0.9517812471627034
VCT,2020,sensitivity_2012_2022,2012-2017,2012-2022,0.649236768920646,1.6240558175961173,0.683846155752615,0.4215686274509804,0.9998252502381464
VCT,2021,sensitivity_2012_2022,2012-2017,2012-2022,0.8059058691472053,2.133388742356407,0.8726335661698789,0.4411764705882353,0.9975108599240062
VCT,2022,sensitivity_2012_2022,2012-2017,2012-2022,0.8367434528361872,2.37828739160726,0.7525012724693095,0.5,0.984853157260449
VEN,2012,sensitivity_2012_2022,2012-2017,2012-2022,0.8201455029623239,2.6145095036750283,0.15497730443641694,0.7615894039735099,1.0
VEN,2013,sensitivity_2012_2022,2012-2017,2012-2022,0.7448634514508385,2.162614874288801,0.16480201938433017,0.7615894039735099,1.0
VEN,2014,sensitivity_2012_2022,2012-2017,2012-2022,0.7731721980492237,2.268584362336351,0.16301573885174012,0.7682119205298014,1.0
VEN,2015,sensitivity_2012_2022,2012-2017,2012-2022,0.788771021047175,2.3892387288992514,0.11870125244115898,0.7615894039735099,1.0
VEN,2016,sensitivity_2012_2022,2012-2017,2012-2022,0.8074926361686436,2.279994255051929,0.23890338394896682,0.7284768211920529,1.0
VEN,2017,sensitivity_2012_2022,2012-2017,2012-2022,0.7912584385432542,2.326688928835029,0.17600768060016786,0.7483443708609272,1.0
VEN,2018,sensitivity_2012_2022,2012-2017,2012-2022,0.761491493008785,2.0947924091284436,0.3025073474455385,0.7152317880794702,0.9981692820878489
VEN,2019,sensitivity_2012_2022,2012-2017,2012-2022,0.73420757324334,2.0357449320712218,0.29556093192169436,0.7682119205298014,0.9999977381289438
VEN,2020,sensitivity_2012_2022,2012-2017,2012-2022,0.7463325988755403,2.0333857223894567,0.37055897015202033,0.6622516556291391,1.0840695059201326
VEN,2021,sensitivity_2012_2022,2012-2017,2012-2022,0.8424447040464855,2.6069684922884466,0.49040963624565437,0.6887417218543046,0.3289541358894131
VEN,2022,sensitivity_2012_2022,2012-2017,2012-2022,0.9082282643659715,2.929678254087555,0.4707130629107634,0.7086092715231788,0.21627301489220396
VGB,2012,sensitivity_2012_2022,2012-2017,2012-2022,0.47098429378523476,1.3576863121192033,0.6795918266463606,0.632,1.0
VGB,2013,sensitivity_2012_2022,2012-2017,2012-2022,0.7716784776710384,2.1013506364663286,0.47015249227322636,0.68,1.0
VGB,2014,sensitivity_2012_2022,2012-2017,2012-2022,0.8114868585350513,2.424752077969828,0.45357642720001407,0.672,1.0
VGB,2015,sensitivity_2012_2022,2012-2017,2012-2022,0.8006811255223454,2.241910185120028,0.4352178872185388,0.64,1.0
VGB,2016,sensitivity_2012_2022,2012-2017,2012-2022,0.8405106631252648,2.431577046447592,0.46720138889196927,0.704,1.0
VGB,2017,sensitivity_2012_2022,2012-2017,2012-2022,0.652659682317241,1.8124518781356336,0.6463870316643278,0.752,1.0
VGB,2018,sensitivity_2012_2022,2012-2017,2012-2022,0.8838485414301085,2.7435906979029876,0.5575736049471348,0.624,0.9989535300633883
VGB,2019,sensitivity_2012_2022,2012-2017,2012-2022,0.8343212678999733,2.3105462619249253,0.5730891919233104,0.552,0.9995268521569737
VGB,2020,sensitivity_2012_2022,2012-2017,2012-2022,0.6189163317004701,1.4649128477917184,0.7803505310954569,0.544,0.9994799284115861
VGB,2021,sensitivity_2012_2022,2012-2017,2012-2022,0.8675907289845325,2.403315082554597,0.7446750926597575,0.472,0.9994989460423319
VGB,2022,sensitivity_2012_2022,2012-2017,2012-2022,0.804404282862836,2.3063823548374285,0.7199770446757823,0.488,0.9976114855470933
VNM,2012,sensitivity_2012_2022,2012-2017,2012-2022,0.949164821571673,3.5100738646073535,0.08296766796834154,0.9329896907216495,1.0
VNM,2013,sensitivity_2012_2022,2012-2017,2012-2022,0.9508059268687861,3.547112450303107,0.06837045026614869,0.9432989690721649,1.0
VNM,2014,sensitivity_2012_2022,2012-2017,2012-2022,0.9524098823385594,3.591860682967914,0.04957135346234355,0.9329896907216495,1.0
VNM,2015,sensitivity_2012_2022,2012-2017,2012-2022,0.9578739792776844,3.6242998490149714,0.05639152351969731,0.9226804123711341,1.0
VNM,2016,sensitivity_2012_2022,2012-2017,2012-2022,0.9565818288521479,3.6111347712138917,0.06895459771000069,0.9226804123711341,1.0
VNM,2017,sensitivity_2012_2022,2012-2017,2012-2022,0.9566222459622951,3.601570568662524,0.08337426873804181,0.9432989690721649,1.0
VNM,2018,sensitivity_2012_2022,2012-2017,2012-2022,0.9552349628956288,3.5851312882302926,0.09548729993155808,0.9020618556701031,1.0
VNM,2019,sensitivity_2012_2022,2012-2017,2012-2022,0.9558843642763084,3.605644494435401,0.11588116967020268,0.8762886597938144,1.0
VNM,2020,sensitivity_2012_2022,2012-2017,2012-2022,0.9539898722332419,3.575006554806202,0.14179215477630266,0.8711340206185567,1.0
VNM,2021,sensitivity_2012_2022,2012-2017,2012-2022,0.9570142568239615,3.6211882818169356,0.15327292069344267,0.865979381443299,1.0
VNM,2022,sensitivity_2012_2022,2012-2017,2012-2022,0.9559753265936294,3.5932362995481766,0.14182796214037202,0.8608247422680413,1.0
VUT,2012,sensitivity_2012_2022,2012-2017,2012-2022,0.770607925758219,1.9117490511708313,0.5741852808649379,0.625,1.0
VUT,2013,sensitivity_2012_2022,2012-2017,2012-2022,0.5419206064736797,1.3874752001887347,0.6911737320129846,0.5277777777777778,1.0
VUT,2014,sensitivity_2012_2022,2012-2017,2012-2022,0.7000399875979026,1.701143774363878,0.3583460222017587,0.5972222222222222,1.0
VUT,2015,sensitivity_2012_2022,2012-2017,2012-2022,0.5059358431861749,1.203060550157275,0.44993784796041325,0.6111111111111112,1.0
VUT,2016,sensitivity_2012_2022,2012-2017,2012-2022,0.6304259957477512,1.5345579734596624,0.37625477311589295,0.5972222222222222,1.0
VUT,2017,sensitivity_2012_2022,2012-2017,2012-2022,0.8168283990829183,2.117394842998518,0.7038885954833898,0.4444444444444444,1.0
VUT,2018,sensitivity_2012_2022,2012-2017,2012-2022,0.7957542178211061,2.1943420627894534,0.8086983478471885,0.4722222222222222,0.9934262391265121
VUT,2019,sensitivity_2012_2022,2012-2017,2012-2022,0.7970737679993881,1.975505222388569,0.6400373704635542,0.5138888888888888,0.9896828869714154
VUT,2020,sensitivity_2012_2022,2012-2017,2012-2022,0.7735931279940079,1.902807793173007,0.7485321186658127,0.4583333333333333,0.9984295084289462
VUT,2021,sensitivity_2012_2022,2012-2017,2012-2022,0.6579805166571766,1.582840474273279,0.6925365861100797,0.4722222222222222,0.9393770380865482
VUT,2022,sensitivity_2012_2022,2012-2017,2012-2022,0.6830886751402313,1.544434830922236,0.7458391943470832,0.4166666666666667,0.9973273743635888
WSM,2012,sensitivity_2012_2022,2012-2017,2012-2022,0.8263585078605146,2.296813736385914,0.26885799382207193,0.5434782608695652,1.0
WSM,2013,sensitivity_2012_2022,2012-2017,2012-2022,0.6258794621991355,1.6990167500247564,0.6322296774209514,0.4782608695652174,1.0
WSM,2014,sensitivity_2012_2022,2012-2017,2012-2022,0.8501706242962045,2.5619206470756835,0.36255843948028765,0.4782608695652174,1.0
WSM,2015,sensitivity_2012_2022,2012-2017,2012-2022,0.7606004546745003,2.115780176631624,0.33451927455667496,0.4673913043478261,1.0
WSM,2016,sensitivity_2012_2022,2012-2017,2012-2022,0.8225228810689497,2.2282781829262652,0.33861059669596755,0.5434782608695652,1.0
WSM,2017,sensitivity_2012_2022,2012-2017,2012-2022,0.8309710025741585,2.284754579646312,0.3841301774635899,0.532608695652174,1.0
WSM,2018,sensitivity_2012_2022,2012-2017,2012-2022,0.8648863760138347,2.500588945847905,0.5398240982293414,0.44565217391304346,0.9856737782303856
WSM,2019,sensitivity_2012_2022,2012-2017,2012-2022,0.8564816820612547,2.5265039082098557,0.6058540940323527,0.532608695652174,0.9953250694909515
WSM,2020,sensitivity_2012_2022,2012-2017,2012-2022,0.8583403368693775,2.28818560842865,0.6472945718864311,0.32608695652173914,0.5584994564957003
WSM,2021,sensitivity_2012_2022,2012-2017,2012-2022,0.9028708917857129,2.6729561879959554,0.6232241227846971,0.44565217391304346,0.9700599475313024
WSM,2022,sensitivity_2012_2022,2012-2017,2012-2022,0.8949205643147635,2.635523007138773,0.6372234050953244,0.4673913043478261,0.9921437127817697
YEM,2012,sensitivity_2012_2022,2012-2017,2012-2022,0.8293139854191978,2.26938063010908,0.32193963416357757,0.7709923664122137,1.0
YEM,2013,sensitivity_2012_2022,2012-2017,2012-2022,0.8745615028591017,2.6007763408869478,0.3204522242140001,0.7633587786259542,1.0
YEM,2014,sensitivity_2012_2022,2012-2017,2012-2022,0.8102931177818965,2.149316508035632,0.372375277370656,0.6412213740458015,1.0
YEM,2015,sensitivity_2012_2022,2012-2017,2012-2022,0.8443362741433864,2.3281840613399973,0.3589530007469558,0.6030534351145038,1.0
YEM,2016,sensitivity_2012_2022,2012-2017,2012-2022,0.7212624691905397,1.7869918236524573,0.547883995136927,0.45038167938931295,1.0
YEM,2017,sensitivity_2012_2022,2012-2017,2012-2022,0.7495641863617424,1.9098562214405455,0.4563038237482032,0.5114503816793893,1.0
YEM,2018,sensitivity_2012_2022,2012-2017,2012-2022,0.8930027899106451,2.570221874761168,0.32242942662397267,0.4732824427480916,0.999911318638845
YEM,2019,sensitivity_2012_2022,2012-2017,2012-2022,0.9031669463906965,2.739472969704506,0.5603620697719699,0.42748091603053434,0.9999167640834629
YEM,2020,sensitivity_2012_2022,2012-2017,2012-2022,0.8398869260110501,2.350105922604942,0.4798820560434883,0.3816793893129771,0.9999123763333133
YEM,2021,sensitivity_2012_2022,2012-2017,2012-2022,0.8671314976754593,2.449654974598653,0.44348914773981984,0.48091603053435117,0.9998111359181425
YEM,2022,sensitivity_2012_2022,2012-2017,2012-2022,0.873625317468008,2.4662924499467334,0.41371790770420197,0.48854961832061067,0.9994046125239936
ZAF,2012,sensitivity_2012_2022,2012-2017,2012-2022,0.9596654542137298,3.6866766715375436,0.0677922584555535,0.954337899543379,1.0
ZAF,2013,sensitivity_2012_2022,2012-2017,2012-2022,0.9636612920902363,3.7356786760573018,0.07486799800458688,0.954337899543379,1.0
ZAF,2014,sensitivity_2012_2022,2012-2017,2012-2022,0.9635599484366685,3.7281855986933596,0.05458476710207501,0.958904109589041,1.0
ZAF,2015,sensitivity_2012_2022,2012-2017,2012-2022,0.9606062600736766,3.6931511595318494,0.04686502405423447,0.9452054794520548,1.0
ZAF,2016,sensitivity_2012_2022,2012-2017,2012-2022,0.9550745101185916,3.6455863762306526,0.07502287708632202,0.954337899543379,1.0
ZAF,2017,sensitivity_2012_2022,2012-2017,2012-2022,0.9594667982889574,3.6928195968153728,0.07970920375740605,0.9634703196347032,1.0
ZAF,2018,sensitivity_2012_2022,2012-2017,2012-2022,0.9610632051368,3.721283404766643,0.0878330580901808,0.9634703196347032,0.999998594800076
ZAF,2019,sensitivity_2012_2022,2012-2017,2012-2022,0.9561429748812231,3.638555215212606,0.11001384653922883,0.9315068493150684,0.9999924337354568
ZAF,2020,sensitivity_2012_2022,2012-2017,2012-2022,0.9555449509836783,3.6179297121079195,0.12758499760791953,0.9406392694063926,0.9999957120465216
ZAF,2021,sensitivity_2012_2022,2012-2017,2012-2022,0.9508355540931643,3.533814129504117,0.14941625140566603,0.9315068493150684,0.9999983013011966
ZAF,2022,sensitivity_2012_2022,2012-2017,2012-2022,0.9553102814009646,3.60173062460031,0.16238659474975753,0.9452054794520548,0.9999974296973516
ZMB,2012,sensitivity_2012_2022,2012-2017,2012-2022,0.9152644485355251,2.968224825543396,0.14991871692737163,0.7032258064516129,1.0
ZMB,2013,sensitivity_2012_2022,2012-2017,2012-2022,0.891887116559902,2.8177630910155824,0.18745266089138365,0.7483870967741936,1.0
ZMB,2014,sensitivity_2012_2022,2012-2017,2012-2022,0.914188851822063,2.9929519994718574,0.15507120587563775,0.6709677419354839,1.0
ZMB,2015,sensitivity_2012_2022,2012-2017,2012-2022,0.9382729864138841,3.167919429809815,0.12107914549370051,0.6709677419354839,1.0
ZMB,2016,sensitivity_2012_2022,2012-2017,2012-2022,0.9317271165461078,3.0894100845884394,0.1976996905205736,0.6903225806451613,1.0
ZMB,2017,sensitivity_2012_2022,2012-2017,2012-2022,0.927174290527458,3.1144956573632485,0.22798804415927676,0.6516129032258065,1.0
ZMB,2018,sensitivity_2012_2022,2012-2017,2012-2022,0.9206185267382102,2.9649636121484324,0.2496072676832476,0.6516129032258065,0.9997924817692556
ZMB,2019,sensitivity_2012_2022,2012-2017,2012-2022,0.9178766330479308,3.0552017501179645,0.2759147748429053,0.6516129032258065,0.9997546767596174
ZMB,2020,sensitivity_2012_2022,2012-2017,2012-2022,0.9098122984146038,2.975532938861286,0.24568163951485103,0.6451612903225806,0.9996969568213879
ZMB,2021,sensitivity_2012_2022,2012-2017,2012-2022,0.9251924744110367,3.104316192518481,0.2616773760015805,0.7032258064516129,0.9997412920828447
ZMB,2022,sensitivity_2012_2022,2012-2017,2012-2022,0.9065067067592419,2.955728664020662,0.2960552238432633,0.7161290322580646,0.9997166686199629
ZWE,2012,sensitivity_2012_2022,2012-2017,2012-2022,0.8696716151419419,2.7411197233186355,0.1664696871996549,0.7905405405405406,1.0
ZWE,2013,sensitivity_2012_2022,2012-2017,2012-2022,0.8874175770566397,2.9101500590252787,0.09841650218052928,0.7837837837837838,1.0
ZWE,2014,sensitivity_2012_2022,2012-2017,2012-2022,0.9116737009636977,2.976285041186224,0.15780692688146505,0.75,1.0
ZWE,2015,sensitivity_2012_2022,2012-2017,2012-2022,0.8725273761784087,2.8052160767072287,0.13316680419635618,0.7905405405405406,1.0
ZWE,2016,sensitivity_2012_2022,2012-2017,2012-2022,0.8637069164614175,2.7975874960744394,0.15946937786179896,0.7635135135135135,1.0
ZWE,2017,sensitivity_2012_2022,2012-2017,2012-2022,0.9098209324641792,2.985761908787836,0.17749745771331615,0.8108108108108109,1.0
ZWE,2018,sensitivity_2012_2022,2012-2017,2012-2022,0.828023663487527,2.5036267514448314,0.29111020676373245,0.7635135135135135,0.999923449100173
ZWE,2019,sensitivity_2012_2022,2012-2017,2012-2022,0.8286016295220541,2.568492523251721,0.29784804433837736,0.7567567567567568,0.9999526351728495
ZWE,2020,sensitivity_2012_2022,2012-2017,2012-2022,0.7846915781929817,2.3509619715361048,0.39335446434390464,0.6959459459459459,0.999947280858018
ZWE,2021,sensitivity_2012_2022,2012-2017,2012-2022,0.7132020872597067,2.1315572776769782,0.4314181379592207,0.7702702702702703,0.9999134542036916
ZWE,2022,sensitivity_2012_2022,2012-2017,2012-2022,0.656646654929117,2.004518051466295,0.48641735061615576,0.7635135135135135,0.9992328335160967
