country_iso3_code,year,indicator,value
AFE,2017,NV.IND.MANF.ZS,10.5726460213838
AFE,2016,NV.IND.MANF.ZS,10.5331716441802
AFE,2015,NV.IND.MANF.ZS,10.2441306960853
AFE,2014,NV.IND.MANF.ZS,9.93206964807728
AFE,2013,NV.IND.MANF.ZS,10.0741607297415
AFE,2012,NV.IND.MANF.ZS,10.5077235385771
AFW,2017,NV.IND.MANF.ZS,10.1256610799631
AFW,2016,NV.IND.MANF.ZS,10.0100555553058
AFW,2015,NV.IND.MANF.ZS,10.2514476169946
AFW,2014,NV.IND.MANF.ZS,10.4841379472421
AFW,2013,NV.IND.MANF.ZS,10.0463053926782
AFW,2012,NV.IND.MANF.ZS,8.80974856362803
ARB,2017,NV.IND.MANF.ZS,10.6374667606036
ARB,2016,NV.IND.MANF.ZS,10.9498650897006
ARB,2015,NV.IND.MANF.ZS,10.7245826434345
ARB,2014,NV.IND.MANF.ZS,9.89370654717061
ARB,2013,NV.IND.MANF.ZS,9.36350103066339
ARB,2012,NV.IND.MANF.ZS,9.27024754746887
CSS,2017,NV.IND.MANF.ZS,10.0296974676359
CSS,2016,NV.IND.MANF.ZS,10.0413389484803
CSS,2015,NV.IND.MANF.ZS,9.05256519595283
CSS,2014,NV.IND.MANF.ZS,9.9069867755365
CSS,2013,NV.IND.MANF.ZS,9.96925682616879
CSS,2012,NV.IND.MANF.ZS,11.6697404820427
CEB,2017,NV.IND.MANF.ZS,18.0881846743222
CEB,2016,NV.IND.MANF.ZS,18.7845180174361
CEB,2015,NV.IND.MANF.ZS,18.7163218522733
CEB,2014,NV.IND.MANF.ZS,18.4516078834701
CEB,2013,NV.IND.MANF.ZS,17.309048462297
CEB,2012,NV.IND.MANF.ZS,17.9188228120922
EAR,2017,NV.IND.MANF.ZS,16.9351189890366
EAR,2016,NV.IND.MANF.ZS,17.0768980715591
EAR,2015,NV.IND.MANF.ZS,17.1459613872578
EAR,2014,NV.IND.MANF.ZS,16.7136086006629
EAR,2013,NV.IND.MANF.ZS,16.5072061192392
EAR,2012,NV.IND.MANF.ZS,16.5809961819196
EAS,2017,NV.IND.MANF.ZS,23.7043783019205
EAS,2016,NV.IND.MANF.ZS,23.5009319081513
EAS,2015,NV.IND.MANF.ZS,23.9685668946526
EAS,2014,NV.IND.MANF.ZS,24.2442895430469
EAS,2013,NV.IND.MANF.ZS,23.9358334742465
EAS,2012,NV.IND.MANF.ZS,24.0122221647289
EAP,2017,NV.IND.MANF.ZS,26.5654226084453
EAP,2016,NV.IND.MANF.ZS,26.4868257499659
EAP,2015,NV.IND.MANF.ZS,27.2767915272976
EAP,2014,NV.IND.MANF.ZS,28.413252964579
EAP,2013,NV.IND.MANF.ZS,28.5705626200176
EAP,2012,NV.IND.MANF.ZS,29.2351375196249
TEA,2017,NV.IND.MANF.ZS,26.5741987553319
TEA,2016,NV.IND.MANF.ZS,26.4955103333809
TEA,2015,NV.IND.MANF.ZS,27.2857826614218
TEA,2014,NV.IND.MANF.ZS,28.4226360630622
TEA,2013,NV.IND.MANF.ZS,28.5799947194606
TEA,2012,NV.IND.MANF.ZS,29.2447193350418
EMU,2017,NV.IND.MANF.ZS,14.9933847876983
EMU,2016,NV.IND.MANF.ZS,15.0181705680704
EMU,2015,NV.IND.MANF.ZS,14.9591036460031
EMU,2014,NV.IND.MANF.ZS,14.3624220782035
EMU,2013,NV.IND.MANF.ZS,14.1714498838663
EMU,2012,NV.IND.MANF.ZS,14.2666454535341
ECS,2017,NV.IND.MANF.ZS,14.1867087381733
ECS,2016,NV.IND.MANF.ZS,14.2071493389353
ECS,2015,NV.IND.MANF.ZS,14.1190386364075
ECS,2014,NV.IND.MANF.ZS,13.6492142276415
ECS,2013,NV.IND.MANF.ZS,13.4558274004621
ECS,2012,NV.IND.MANF.ZS,13.5388458928543
ECA,2017,NV.IND.MANF.ZS,15.7461893829633
ECA,2016,NV.IND.MANF.ZS,15.9410125486302
ECA,2015,NV.IND.MANF.ZS,15.4866433577789
ECA,2014,NV.IND.MANF.ZS,15.3859848082692
ECA,2013,NV.IND.MANF.ZS,15.0103406701469
ECA,2012,NV.IND.MANF.ZS,14.9099241624768
TEC,2017,NV.IND.MANF.ZS,14.6734004068092
TEC,2016,NV.IND.MANF.ZS,14.8133958169614
TEC,2015,NV.IND.MANF.ZS,14.7737572843462
TEC,2014,NV.IND.MANF.ZS,14.0155984864302
TEC,2013,NV.IND.MANF.ZS,13.4240965271207
TEC,2012,NV.IND.MANF.ZS,13.7026567098921
EUU,2017,NV.IND.MANF.ZS,15.1873962194017
EUU,2016,NV.IND.MANF.ZS,15.2601459869414
EUU,2015,NV.IND.MANF.ZS,15.1936356344791
EUU,2014,NV.IND.MANF.ZS,14.6027260190265
EUU,2013,NV.IND.MANF.ZS,14.3536544381506
EUU,2012,NV.IND.MANF.ZS,14.4975616492626
HPC,2017,NV.IND.MANF.ZS,10.3298282157436
HPC,2016,NV.IND.MANF.ZS,10.6088063349306
HPC,2015,NV.IND.MANF.ZS,10.5665423299064
HPC,2014,NV.IND.MANF.ZS,10.4583776760014
HPC,2013,NV.IND.MANF.ZS,10.4460463116238
HPC,2012,NV.IND.MANF.ZS,10.1881522394536
IBD,2017,NV.IND.MANF.ZS,21.0198689511696
IBD,2016,NV.IND.MANF.ZS,21.1014031490823
IBD,2015,NV.IND.MANF.ZS,21.4769701751041
IBD,2014,NV.IND.MANF.ZS,20.9836388156474
IBD,2013,NV.IND.MANF.ZS,20.566832264344
IBD,2012,NV.IND.MANF.ZS,20.6514716379604
IBT,2017,NV.IND.MANF.ZS,20.3482313707122
IBT,2016,NV.IND.MANF.ZS,20.4180357008791
IBT,2015,NV.IND.MANF.ZS,20.7071301528463
IBT,2014,NV.IND.MANF.ZS,20.2702713008622
IBT,2013,NV.IND.MANF.ZS,19.8978855714168
IBT,2012,NV.IND.MANF.ZS,19.9699808232092
IDB,2017,NV.IND.MANF.ZS,9.68733384363009
IDB,2016,NV.IND.MANF.ZS,10.3445822427021
IDB,2015,NV.IND.MANF.ZS,10.7277588637523
IDB,2014,NV.IND.MANF.ZS,10.9456154729528
IDB,2013,NV.IND.MANF.ZS,10.6174318389726
IDB,2012,NV.IND.MANF.ZS,10.0981074133465
IDX,2017,NV.IND.MANF.ZS,13.8611823087089
IDX,2016,NV.IND.MANF.ZS,14.0020663575501
IDX,2015,NV.IND.MANF.ZS,12.3856060274554
IDX,2014,NV.IND.MANF.ZS,12.0633695940949
IDX,2013,NV.IND.MANF.ZS,11.9840947084586
IDX,2012,NV.IND.MANF.ZS,11.7295254214677
IDA,2017,NV.IND.MANF.ZS,11.8193979945889
IDA,2016,NV.IND.MANF.ZS,12.1733266119834
IDA,2015,NV.IND.MANF.ZS,11.5373995221468
IDA,2014,NV.IND.MANF.ZS,11.4976546626941
IDA,2013,NV.IND.MANF.ZS,11.2856205147281
IDA,2012,NV.IND.MANF.ZS,10.8886675710408
LTE,2017,NV.IND.MANF.ZS,22.4157199667595
LTE,2016,NV.IND.MANF.ZS,22.5419224590965
LTE,2015,NV.IND.MANF.ZS,22.9685767716787
LTE,2014,NV.IND.MANF.ZS,22.1527309383712
LTE,2013,NV.IND.MANF.ZS,21.7387218175387
LTE,2012,NV.IND.MANF.ZS,21.9650022072804
LCN,2017,NV.IND.MANF.ZS,16.612628795688
LCN,2016,NV.IND.MANF.ZS,16.9801918671071
LCN,2015,NV.IND.MANF.ZS,17.140747169759
LCN,2014,NV.IND.MANF.ZS,16.0438075096558
LCN,2013,NV.IND.MANF.ZS,15.9987753159428
LCN,2012,NV.IND.MANF.ZS,16.0689037922577
LAC,2017,NV.IND.MANF.ZS,16.8508479927992
LAC,2016,NV.IND.MANF.ZS,17.0994358182171
LAC,2015,NV.IND.MANF.ZS,17.2390130870149
LAC,2014,NV.IND.MANF.ZS,16.1221577072405
LAC,2013,NV.IND.MANF.ZS,16.0870324803721
LAC,2012,NV.IND.MANF.ZS,16.1290811662694
TLA,2017,NV.IND.MANF.ZS,16.1971398198816
TLA,2016,NV.IND.MANF.ZS,16.4582275139463
TLA,2015,NV.IND.MANF.ZS,16.6522428617849
TLA,2014,NV.IND.MANF.ZS,15.6465114138265
TLA,2013,NV.IND.MANF.ZS,15.598726513438
TLA,2012,NV.IND.MANF.ZS,15.6750313640887
LDC,2017,NV.IND.MANF.ZS,13.5011698667959
LDC,2016,NV.IND.MANF.ZS,13.6134937200599
LDC,2015,NV.IND.MANF.ZS,11.3934744670086
LDC,2014,NV.IND.MANF.ZS,10.6904439212549
LDC,2013,NV.IND.MANF.ZS,10.4284380908502
LDC,2012,NV.IND.MANF.ZS,10.5414242597347
LMY,2017,NV.IND.MANF.ZS,21.0611514381912
LMY,2016,NV.IND.MANF.ZS,21.0824935932448
LMY,2015,NV.IND.MANF.ZS,21.3956787472071
LMY,2014,NV.IND.MANF.ZS,21.2053669918095
LMY,2013,NV.IND.MANF.ZS,20.9714948300366
LMY,2012,NV.IND.MANF.ZS,20.9989782831786
MEA,2017,NV.IND.MANF.ZS,11.2435041441153
MEA,2016,NV.IND.MANF.ZS,11.3897098442914
MEA,2015,NV.IND.MANF.ZS,11.4203855795962
MEA,2014,NV.IND.MANF.ZS,11.0517571861683
MEA,2013,NV.IND.MANF.ZS,10.7522524359553
MEA,2012,NV.IND.MANF.ZS,11.0513480776422
MNA,2017,NV.IND.MANF.ZS,11.3036687908394
MNA,2016,NV.IND.MANF.ZS,11.4827708677815
MNA,2015,NV.IND.MANF.ZS,11.5907826239902
MNA,2014,NV.IND.MANF.ZS,12.1667781731114
MNA,2013,NV.IND.MANF.ZS,11.8444088712075
MNA,2012,NV.IND.MANF.ZS,12.2751869363111
TMN,2017,NV.IND.MANF.ZS,11.3000952348147
TMN,2016,NV.IND.MANF.ZS,11.4947314023987
TMN,2015,NV.IND.MANF.ZS,11.6086209318589
TMN,2014,NV.IND.MANF.ZS,12.1770509930272
TMN,2013,NV.IND.MANF.ZS,11.8438132107046
TMN,2012,NV.IND.MANF.ZS,12.2701126732374
MIC,2017,NV.IND.MANF.ZS,21.2247782557478
MIC,2016,NV.IND.MANF.ZS,21.2522499552393
MIC,2015,NV.IND.MANF.ZS,21.5962038180357
MIC,2014,NV.IND.MANF.ZS,21.4070495041425
MIC,2013,NV.IND.MANF.ZS,21.1663544303674
MIC,2012,NV.IND.MANF.ZS,21.1976174913831
NAC,2017,NV.IND.MANF.ZS,11.0864443701213
NAC,2016,NV.IND.MANF.ZS,11.0860092642329
NAC,2015,NV.IND.MANF.ZS,11.5005124420824
NAC,2014,NV.IND.MANF.ZS,11.4406662253574
NAC,2013,NV.IND.MANF.ZS,11.5859428227851
NAC,2012,NV.IND.MANF.ZS,11.7016099150968
OED,2017,NV.IND.MANF.ZS,13.8385401437902
OED,2016,NV.IND.MANF.ZS,13.8538477567626
OED,2015,NV.IND.MANF.ZS,13.9494491428868
OED,2014,NV.IND.MANF.ZS,13.7532132683646
OED,2013,NV.IND.MANF.ZS,13.7614770620873
OED,2012,NV.IND.MANF.ZS,14.0419061519156
OSS,2017,NV.IND.MANF.ZS,8.58972338682632
OSS,2016,NV.IND.MANF.ZS,8.77920504385744
OSS,2015,NV.IND.MANF.ZS,8.94667683237645
OSS,2014,NV.IND.MANF.ZS,9.12112115987185
OSS,2013,NV.IND.MANF.ZS,8.83446500145304
OSS,2012,NV.IND.MANF.ZS,9.1663477175978
PSS,2017,NV.IND.MANF.ZS,8.60709967331445
PSS,2016,NV.IND.MANF.ZS,8.52999390530754
PSS,2015,NV.IND.MANF.ZS,8.30450086803807
PSS,2014,NV.IND.MANF.ZS,8.88615309061847
PSS,2013,NV.IND.MANF.ZS,9.04168023167383
PSS,2012,NV.IND.MANF.ZS,8.94436458799607
PST,2017,NV.IND.MANF.ZS,13.4338733124239
PST,2016,NV.IND.MANF.ZS,13.4451379403442
PST,2015,NV.IND.MANF.ZS,13.5158138722289
PST,2014,NV.IND.MANF.ZS,13.4682849740902
PST,2013,NV.IND.MANF.ZS,13.5065609015762
PST,2012,NV.IND.MANF.ZS,13.805077520754
PRE,2017,NV.IND.MANF.ZS,8.2646675894298
PRE,2016,NV.IND.MANF.ZS,8.51277938843672
PRE,2015,NV.IND.MANF.ZS,8.73939933374441
PRE,2014,NV.IND.MANF.ZS,8.49056549674966
PRE,2013,NV.IND.MANF.ZS,8.16493767985281
PRE,2012,NV.IND.MANF.ZS,7.78704918482717
SST,2017,NV.IND.MANF.ZS,8.99203463764545
SST,2016,NV.IND.MANF.ZS,9.13912931237845
SST,2015,NV.IND.MANF.ZS,8.9490345732487
SST,2014,NV.IND.MANF.ZS,9.34954152116945
SST,2013,NV.IND.MANF.ZS,9.19331400752107
SST,2012,NV.IND.MANF.ZS,9.94584963980586
SAS,2017,NV.IND.MANF.ZS,15.3745900479891
SAS,2016,NV.IND.MANF.ZS,15.5807747717997
SAS,2015,NV.IND.MANF.ZS,15.5680899662719
SAS,2014,NV.IND.MANF.ZS,15.1347852048418
SAS,2013,NV.IND.MANF.ZS,15.3126276093693
SAS,2012,NV.IND.MANF.ZS,15.8256183437642
TSA,2017,NV.IND.MANF.ZS,15.3745900479891
TSA,2016,NV.IND.MANF.ZS,15.5807747717997
TSA,2015,NV.IND.MANF.ZS,15.5680899662719
TSA,2014,NV.IND.MANF.ZS,15.1347852048418
TSA,2013,NV.IND.MANF.ZS,15.3126276093693
TSA,2012,NV.IND.MANF.ZS,15.8256183437642
SSF,2017,NV.IND.MANF.ZS,10.3463187442025
SSF,2016,NV.IND.MANF.ZS,10.279440552609
SSF,2015,NV.IND.MANF.ZS,10.2437197592267
SSF,2014,NV.IND.MANF.ZS,10.2069009386513
SSF,2013,NV.IND.MANF.ZS,10.0579524765781
SSF,2012,NV.IND.MANF.ZS,9.72576308665126
SSA,2017,NV.IND.MANF.ZS,10.3509769491413
SSA,2016,NV.IND.MANF.ZS,10.2836138262871
SSA,2015,NV.IND.MANF.ZS,10.2474501282955
SSA,2014,NV.IND.MANF.ZS,10.2090398509875
SSA,2013,NV.IND.MANF.ZS,10.0600078792869
SSA,2012,NV.IND.MANF.ZS,9.72672470279321
TSS,2017,NV.IND.MANF.ZS,10.3463187442025
TSS,2016,NV.IND.MANF.ZS,10.279440552609
TSS,2015,NV.IND.MANF.ZS,10.2437197592267
TSS,2014,NV.IND.MANF.ZS,10.2069009386513
TSS,2013,NV.IND.MANF.ZS,10.0579524765781
TSS,2012,NV.IND.MANF.ZS,9.72576308665126
WLD,2017,NV.IND.MANF.ZS,16.2514915858743
WLD,2016,NV.IND.MANF.ZS,16.2042384591368
WLD,2015,NV.IND.MANF.ZS,16.3769271539914
WLD,2014,NV.IND.MANF.ZS,16.0753032239983
WLD,2013,NV.IND.MANF.ZS,15.925858241262
WLD,2012,NV.IND.MANF.ZS,16.0726179892082
AFG,2017,NV.IND.MANF.ZS,3.53042246146676
AFG,2016,NV.IND.MANF.ZS,4.1141966128347
AFG,2015,NV.IND.MANF.ZS,11.4200060049012
AFG,2014,NV.IND.MANF.ZS,11.477587555803
AFG,2013,NV.IND.MANF.ZS,11.4998672561905
AFG,2012,NV.IND.MANF.ZS,12.4860851363953
ALB,2017,NV.IND.MANF.ZS,6.51640113307682
ALB,2016,NV.IND.MANF.ZS,6.30340554104145
ALB,2015,NV.IND.MANF.ZS,6.2759154301457
ALB,2014,NV.IND.MANF.ZS,5.90710171744016
ALB,2013,NV.IND.MANF.ZS,5.74765422818215
ALB,2012,NV.IND.MANF.ZS,5.37937812993245
DZA,2017,NV.IND.MANF.ZS,7.33456829401543
DZA,2016,NV.IND.MANF.ZS,6.89853876611083
DZA,2015,NV.IND.MANF.ZS,7.11001759889613
DZA,2014,NV.IND.MANF.ZS,9.87797970942307
DZA,2013,NV.IND.MANF.ZS,8.02018645677549
DZA,2012,NV.IND.MANF.ZS,8.5589556099004
AND,2017,NV.IND.MANF.ZS,3.74883272584872
AND,2016,NV.IND.MANF.ZS,3.74112485956452
AND,2015,NV.IND.MANF.ZS,3.70608985448457
AND,2014,NV.IND.MANF.ZS,3.67687366253974
AND,2013,NV.IND.MANF.ZS,3.83815615460753
AND,2012,NV.IND.MANF.ZS,3.72383504240788
AGO,2017,NV.IND.MANF.ZS,5.72896944472047
AGO,2016,NV.IND.MANF.ZS,5.78278899499157
AGO,2015,NV.IND.MANF.ZS,5.24051559648007
AGO,2014,NV.IND.MANF.ZS,4.72618092401216
AGO,2013,NV.IND.MANF.ZS,4.77964373360143
AGO,2012,NV.IND.MANF.ZS,4.36191802502351
ATG,2017,NV.IND.MANF.ZS,2.95986351713637
ATG,2016,NV.IND.MANF.ZS,2.87573378949907
ATG,2015,NV.IND.MANF.ZS,2.80170359243638
ATG,2014,NV.IND.MANF.ZS,2.76963661615415
ATG,2013,NV.IND.MANF.ZS,2.73356730113668
ATG,2012,NV.IND.MANF.ZS,2.05521647212716
ARG,2017,NV.IND.MANF.ZS,12.8351683415363
ARG,2016,NV.IND.MANF.ZS,13.4880259708051
ARG,2015,NV.IND.MANF.ZS,14.1815854549835
ARG,2014,NV.IND.MANF.ZS,14.7727785491821
ARG,2013,NV.IND.MANF.ZS,15.0110542553443
ARG,2012,NV.IND.MANF.ZS,15.2168009115954
ARM,2017,NV.IND.MANF.ZS,10.631126108104
ARM,2016,NV.IND.MANF.ZS,10.2846499812967
ARM,2015,NV.IND.MANF.ZS,9.20617105938632
ARM,2014,NV.IND.MANF.ZS,9.66640553649803
ARM,2013,NV.IND.MANF.ZS,9.68257531952384
ARM,2012,NV.IND.MANF.ZS,9.42475853227752
ABW,2017,NV.IND.MANF.ZS,3.73375514818499
ABW,2016,NV.IND.MANF.ZS,3.68902192985166
ABW,2015,NV.IND.MANF.ZS,3.58527966742609
ABW,2014,NV.IND.MANF.ZS,3.43935218464331
ABW,2013,NV.IND.MANF.ZS,3.26264374289606
ABW,2012,NV.IND.MANF.ZS,1.99163765537339
AUS,2017,NV.IND.MANF.ZS,5.6370711506194
AUS,2016,NV.IND.MANF.ZS,5.93628731808457
AUS,2015,NV.IND.MANF.ZS,6.16187153809786
AUS,2014,NV.IND.MANF.ZS,6.23700054223419
AUS,2013,NV.IND.MANF.ZS,6.47475769538219
AUS,2012,NV.IND.MANF.ZS,6.9087255284149
AUT,2017,NV.IND.MANF.ZS,17.4427051605451
AUT,2016,NV.IND.MANF.ZS,17.6682251530651
AUT,2015,NV.IND.MANF.ZS,17.242928730216
AUT,2014,NV.IND.MANF.ZS,17.1867790689422
AUT,2013,NV.IND.MANF.ZS,17.1063898788247
AUT,2012,NV.IND.MANF.ZS,17.2564830895639
AZE,2017,NV.IND.MANF.ZS,4.69946458376577
AZE,2016,NV.IND.MANF.ZS,4.93006229189146
AZE,2015,NV.IND.MANF.ZS,4.99080544317764
AZE,2014,NV.IND.MANF.ZS,4.70701069744349
AZE,2013,NV.IND.MANF.ZS,4.21573682582242
AZE,2012,NV.IND.MANF.ZS,4.23610388044652
BHS,2017,NV.IND.MANF.ZS,2.6078782668777
BHS,2016,NV.IND.MANF.ZS,3.07215783316079
BHS,2015,NV.IND.MANF.ZS,2.4827667770494
BHS,2014,NV.IND.MANF.ZS,2.65012433679561
BHS,2013,NV.IND.MANF.ZS,2.60517598541331
BHS,2012,NV.IND.MANF.ZS,2.94578560501474
BHR,2017,NV.IND.MANF.ZS,18.1844891096654
BHR,2016,NV.IND.MANF.ZS,17.8416468874405
BHR,2015,NV.IND.MANF.ZS,17.1732865801602
BHR,2014,NV.IND.MANF.ZS,14.8385364760484
BHR,2013,NV.IND.MANF.ZS,14.6994276422304
BHR,2012,NV.IND.MANF.ZS,14.7645578720345
BGD,2017,NV.IND.MANF.ZS,20.0750615064997
BGD,2016,NV.IND.MANF.ZS,20.3479480962979
BGD,2015,NV.IND.MANF.ZS,16.7886735625088
BGD,2014,NV.IND.MANF.ZS,16.6127076619157
BGD,2013,NV.IND.MANF.ZS,16.4420194729911
BGD,2012,NV.IND.MANF.ZS,15.9142206710142
BRB,2017,NV.IND.MANF.ZS,5.55597055612037
BRB,2016,NV.IND.MANF.ZS,5.58941193728094
BRB,2015,NV.IND.MANF.ZS,5.581706279445
BRB,2014,NV.IND.MANF.ZS,5.21196675192761
BRB,2013,NV.IND.MANF.ZS,5.48202963300899
BRB,2012,NV.IND.MANF.ZS,5.3811204428032
BLR,2017,NV.IND.MANF.ZS,21.6291152000696
BLR,2016,NV.IND.MANF.ZS,20.1521869635278
BLR,2015,NV.IND.MANF.ZS,20.6442989925126
BLR,2014,NV.IND.MANF.ZS,21.0875452209979
BLR,2013,NV.IND.MANF.ZS,21.9956507380103
BLR,2012,NV.IND.MANF.ZS,24.7810923224219
BEL,2017,NV.IND.MANF.ZS,12.4458285747277
BEL,2016,NV.IND.MANF.ZS,12.2484083375363
BEL,2015,NV.IND.MANF.ZS,12.5677314710087
BEL,2014,NV.IND.MANF.ZS,12.5837894914118
BEL,2013,NV.IND.MANF.ZS,12.6643780300003
BEL,2012,NV.IND.MANF.ZS,12.6215764552248
BLZ,2017,NV.IND.MANF.ZS,6.64534080720309
BLZ,2016,NV.IND.MANF.ZS,6.81637402167735
BLZ,2015,NV.IND.MANF.ZS,6.96229937857461
BLZ,2014,NV.IND.MANF.ZS,7.05642700345171
BLZ,2013,NV.IND.MANF.ZS,7.36889396818172
BLZ,2012,NV.IND.MANF.ZS,7.44862965019521
BEN,2017,NV.IND.MANF.ZS,9.62006825024772
BEN,2016,NV.IND.MANF.ZS,9.93126564010032
BEN,2015,NV.IND.MANF.ZS,10.0356700779199
BEN,2014,NV.IND.MANF.ZS,10.3866281769808
BEN,2013,NV.IND.MANF.ZS,10.9217698965752
BEN,2012,NV.IND.MANF.ZS,10.7121556949179
BMU,2017,NV.IND.MANF.ZS,0.463659126815448
BMU,2016,NV.IND.MANF.ZS,0.431063531109314
BMU,2015,NV.IND.MANF.ZS,0.5141752075763
BMU,2014,NV.IND.MANF.ZS,0.480075734472843
BMU,2013,NV.IND.MANF.ZS,0.51712437029792
BMU,2012,NV.IND.MANF.ZS,0.597959796732238
BTN,2017,NV.IND.MANF.ZS,6.90939675932641
BTN,2016,NV.IND.MANF.ZS,6.8108295975252
BTN,2015,NV.IND.MANF.ZS,7.31166063328875
BTN,2014,NV.IND.MANF.ZS,7.40898619356801
BTN,2013,NV.IND.MANF.ZS,7.50187955590297
BTN,2012,NV.IND.MANF.ZS,7.95902922340763
BOL,2017,NV.IND.MANF.ZS,11.56848905963
BOL,2016,NV.IND.MANF.ZS,10.9842215418371
BOL,2015,NV.IND.MANF.ZS,10.1911908480799
BOL,2014,NV.IND.MANF.ZS,9.73832796276455
BOL,2013,NV.IND.MANF.ZS,9.92781122691066
BOL,2012,NV.IND.MANF.ZS,10.2142087811062
BIH,2017,NV.IND.MANF.ZS,12.563982485703
BIH,2016,NV.IND.MANF.ZS,11.8138263612325
BIH,2015,NV.IND.MANF.ZS,11.1177921569749
BIH,2014,NV.IND.MANF.ZS,10.9401950797352
BIH,2013,NV.IND.MANF.ZS,10.9371163819976
BIH,2012,NV.IND.MANF.ZS,10.545110406553
BWA,2017,NV.IND.MANF.ZS,6.17360420564063
BWA,2016,NV.IND.MANF.ZS,6.50323631121373
BWA,2015,NV.IND.MANF.ZS,7.24202388476034
BWA,2014,NV.IND.MANF.ZS,7.84878664502911
BWA,2013,NV.IND.MANF.ZS,7.99324227477702
BWA,2012,NV.IND.MANF.ZS,8.07371084190363
BRA,2017,NV.IND.MANF.ZS,10.7214980093214
BRA,2016,NV.IND.MANF.ZS,10.7864511144495
BRA,2015,NV.IND.MANF.ZS,10.5209374571105
BRA,2014,NV.IND.MANF.ZS,10.3370973963623
BRA,2013,NV.IND.MANF.ZS,10.4796122911618
BRA,2012,NV.IND.MANF.ZS,10.6759423074609
BRN,2017,NV.IND.MANF.ZS,1.76286645967957
BRN,2016,NV.IND.MANF.ZS,1.80933265445425
BRN,2015,NV.IND.MANF.ZS,1.61783260366963
BRN,2014,NV.IND.MANF.ZS,1.5867584699661
BRN,2013,NV.IND.MANF.ZS,1.14519230625247
BRN,2012,NV.IND.MANF.ZS,1.45830406971237
BFA,2017,NV.IND.MANF.ZS,10.2593862096842
BFA,2016,NV.IND.MANF.ZS,11.120438157279
BFA,2015,NV.IND.MANF.ZS,11.6602964471487
BFA,2014,NV.IND.MANF.ZS,10.9960425440905
BFA,2013,NV.IND.MANF.ZS,10.1697715451051
BFA,2012,NV.IND.MANF.ZS,10.3423290173696
BDI,2017,NV.IND.MANF.ZS,12.3453951671993
BDI,2016,NV.IND.MANF.ZS,12.2780862183938
BDI,2015,NV.IND.MANF.ZS,10.926889688067
BDI,2014,NV.IND.MANF.ZS,10.9548809982925
BDI,2013,NV.IND.MANF.ZS,10.7472815074837
BDI,2012,NV.IND.MANF.ZS,10.537573299425
CPV,2017,NV.IND.MANF.ZS,4.70095840974587
CPV,2016,NV.IND.MANF.ZS,5.10374951041088
CPV,2015,NV.IND.MANF.ZS,4.94193017807392
CPV,2014,NV.IND.MANF.ZS,5.18841665051269
CPV,2013,NV.IND.MANF.ZS,4.83628033255732
CPV,2012,NV.IND.MANF.ZS,4.6413002429543
KHM,2017,NV.IND.MANF.ZS,23.1551231795313
KHM,2016,NV.IND.MANF.ZS,22.7340356176555
KHM,2015,NV.IND.MANF.ZS,22.4571002060738
KHM,2014,NV.IND.MANF.ZS,21.7999725120974
KHM,2013,NV.IND.MANF.ZS,21.6035358243074
KHM,2012,NV.IND.MANF.ZS,20.9212544909796
CMR,2017,NV.IND.MANF.ZS,13.7129455296811
CMR,2016,NV.IND.MANF.ZS,13.8415343692757
CMR,2015,NV.IND.MANF.ZS,14.3500581853268
CMR,2014,NV.IND.MANF.ZS,14.5140212331135
CMR,2013,NV.IND.MANF.ZS,15.2287357474586
CMR,2012,NV.IND.MANF.ZS,15.532770064592
CAN,2017,NV.IND.MANF.ZS,10.0022142848467
CAN,2016,NV.IND.MANF.ZS,10.2468730483551
CAN,2015,NV.IND.MANF.ZS,10.3125232360217
CAN,2014,NV.IND.MANF.ZS,9.75583225015402
CAN,2013,NV.IND.MANF.ZS,9.92464127723441
CAN,2012,NV.IND.MANF.ZS,10.3539408427549
CYM,2017,NV.IND.MANF.ZS,0.849127890690393
CYM,2016,NV.IND.MANF.ZS,0.859683817412274
CYM,2015,NV.IND.MANF.ZS,0.831096148116317
CYM,2014,NV.IND.MANF.ZS,0.826451910375307
CYM,2013,NV.IND.MANF.ZS,0.793861988156281
CYM,2012,NV.IND.MANF.ZS,0.782351407346024
CAF,2017,NV.IND.MANF.ZS,18.4404200364989
CAF,2016,NV.IND.MANF.ZS,19.4541735859664
CAF,2015,NV.IND.MANF.ZS,19.744921164342
CAF,2014,NV.IND.MANF.ZS,17.4432276090289
CAF,2013,NV.IND.MANF.ZS,21.0613882528401
CAF,2012,NV.IND.MANF.ZS,23.6514687946965
TCD,2017,NV.IND.MANF.ZS,10.1271530345387
TCD,2016,NV.IND.MANF.ZS,8.95389084216371
TCD,2015,NV.IND.MANF.ZS,6.90651696275599
TCD,2014,NV.IND.MANF.ZS,5.80454204831159
TCD,2013,NV.IND.MANF.ZS,5.97295728900177
TCD,2012,NV.IND.MANF.ZS,6.99150747782119
CHI,2017,NV.IND.MANF.ZS,0.797519817155903
CHI,2016,NV.IND.MANF.ZS,0.864740264848418
CHL,2017,NV.IND.MANF.ZS,9.16084501298879
CHL,2016,NV.IND.MANF.ZS,9.70592438632348
CHL,2015,NV.IND.MANF.ZS,10.3988646679795
CHL,2014,NV.IND.MANF.ZS,9.92046571303201
CHL,2013,NV.IND.MANF.ZS,9.98503290205937
CHL,2012,NV.IND.MANF.ZS,9.82773289412941
CHN,2017,NV.IND.MANF.ZS,27.5998559245177
CHN,2016,NV.IND.MANF.ZS,27.5237594259275
CHN,2015,NV.IND.MANF.ZS,28.3889960582852
CHN,2014,NV.IND.MANF.ZS,29.8300397890826
CHN,2013,NV.IND.MANF.ZS,30.1275021518721
CHN,2012,NV.IND.MANF.ZS,31.0143036500115
COL,2017,NV.IND.MANF.ZS,11.4095935667718
COL,2016,NV.IND.MANF.ZS,12.297778837716
COL,2015,NV.IND.MANF.ZS,12.4008937581087
COL,2014,NV.IND.MANF.ZS,12.2693186420816
COL,2013,NV.IND.MANF.ZS,12.6623563037307
COL,2012,NV.IND.MANF.ZS,13.0892848837297
COM,2017,NV.IND.MANF.ZS,6.93730193066321
COM,2016,NV.IND.MANF.ZS,7.20500978543137
COM,2015,NV.IND.MANF.ZS,7.25254817367269
COM,2014,NV.IND.MANF.ZS,7.6967553622608
COM,2013,NV.IND.MANF.ZS,7.45623354044825
COM,2012,NV.IND.MANF.ZS,6.99768131568035
COD,2017,NV.IND.MANF.ZS,13.8219778041361
COD,2016,NV.IND.MANF.ZS,16.3700223244065
COD,2015,NV.IND.MANF.ZS,16.825427556868
COD,2014,NV.IND.MANF.ZS,15.0815603659497
COD,2013,NV.IND.MANF.ZS,14.3921788875029
COD,2012,NV.IND.MANF.ZS,16.1921118341111
COG,2017,NV.IND.MANF.ZS,12.3763983593463
COG,2016,NV.IND.MANF.ZS,11.4670700612109
COG,2015,NV.IND.MANF.ZS,8.36764019343637
COG,2014,NV.IND.MANF.ZS,6.05990720251214
COG,2013,NV.IND.MANF.ZS,5.92085614812511
COG,2012,NV.IND.MANF.ZS,4.25728211443351
CRI,2017,NV.IND.MANF.ZS,11.6822332281392
CRI,2016,NV.IND.MANF.ZS,11.4271629863872
CRI,2015,NV.IND.MANF.ZS,11.4331024534207
CRI,2014,NV.IND.MANF.ZS,12.0871511820747
CRI,2013,NV.IND.MANF.ZS,12.6254397830172
CRI,2012,NV.IND.MANF.ZS,13.6641723349575
CIV,2017,NV.IND.MANF.ZS,11.2836181003932
CIV,2016,NV.IND.MANF.ZS,12.5430342990523
CIV,2015,NV.IND.MANF.ZS,11.4305990168412
CIV,2014,NV.IND.MANF.ZS,12.2006998127999
CIV,2013,NV.IND.MANF.ZS,11.8501855603565
CIV,2012,NV.IND.MANF.ZS,10.3182515272799
HRV,2017,NV.IND.MANF.ZS,12.7603957210649
HRV,2016,NV.IND.MANF.ZS,12.8768448051129
HRV,2015,NV.IND.MANF.ZS,12.7376756733238
HRV,2014,NV.IND.MANF.ZS,12.7329054114291
HRV,2013,NV.IND.MANF.ZS,12.6092938617904
HRV,2012,NV.IND.MANF.ZS,13.5161081467259
CUB,2017,NV.IND.MANF.ZS,13.5004773230757
CUB,2016,NV.IND.MANF.ZS,13.85020630952
CUB,2015,NV.IND.MANF.ZS,14.9087370083367
CUB,2014,NV.IND.MANF.ZS,15.0875135296648
CUB,2013,NV.IND.MANF.ZS,15.7333955514077
CUB,2012,NV.IND.MANF.ZS,16.1031432438714
CUW,2017,NV.IND.MANF.ZS,8.78261453295494
CUW,2016,NV.IND.MANF.ZS,9.26839101521899
CUW,2015,NV.IND.MANF.ZS,8.59755675704266
CUW,2014,NV.IND.MANF.ZS,8.10526595461548
CUW,2013,NV.IND.MANF.ZS,8.07271845585996
CUW,2012,NV.IND.MANF.ZS,7.52814646767725
CYP,2017,NV.IND.MANF.ZS,4.89209027649162
CYP,2016,NV.IND.MANF.ZS,4.57051335723455
CYP,2015,NV.IND.MANF.ZS,4.26012306069838
CYP,2014,NV.IND.MANF.ZS,4.07749354093701
CYP,2013,NV.IND.MANF.ZS,3.88480353979907
CYP,2012,NV.IND.MANF.ZS,4.18997390765357
CZE,2017,NV.IND.MANF.ZS,23.1824532218752
CZE,2016,NV.IND.MANF.ZS,23.7610958428917
CZE,2015,NV.IND.MANF.ZS,23.7339506123741
CZE,2014,NV.IND.MANF.ZS,23.4691665652122
CZE,2013,NV.IND.MANF.ZS,21.7617319791193
CZE,2012,NV.IND.MANF.ZS,21.7136033387837
DNK,2017,NV.IND.MANF.ZS,13.0145483841175
DNK,2016,NV.IND.MANF.ZS,12.9401692109791
DNK,2015,NV.IND.MANF.ZS,12.484534308925
DNK,2014,NV.IND.MANF.ZS,11.8293905304366
DNK,2013,NV.IND.MANF.ZS,11.7998537089519
DNK,2012,NV.IND.MANF.ZS,11.208563455152
DJI,2017,NV.IND.MANF.ZS,3.10152709601158
DJI,2016,NV.IND.MANF.ZS,2.83557314687334
DJI,2015,NV.IND.MANF.ZS,2.73555807602599
DJI,2014,NV.IND.MANF.ZS,2.7748356788478
DJI,2013,NV.IND.MANF.ZS,1.95656960422745
DMA,2017,NV.IND.MANF.ZS,3.5080798916545
DMA,2016,NV.IND.MANF.ZS,3.87651723971178
DMA,2015,NV.IND.MANF.ZS,4.44435976577881
DMA,2014,NV.IND.MANF.ZS,4.96087606547191
DMA,2013,NV.IND.MANF.ZS,5.26087015580217
DMA,2012,NV.IND.MANF.ZS,5.97383555403713
DOM,2017,NV.IND.MANF.ZS,12.2960770251777
DOM,2016,NV.IND.MANF.ZS,12.6815911037548
DOM,2015,NV.IND.MANF.ZS,13.1172780500833
DOM,2014,NV.IND.MANF.ZS,13.1566722596838
DOM,2013,NV.IND.MANF.ZS,13.3938704070421
DOM,2012,NV.IND.MANF.ZS,13.9624713634847
ECU,2017,NV.IND.MANF.ZS,13.9316523803397
ECU,2016,NV.IND.MANF.ZS,14.5926588381272
ECU,2015,NV.IND.MANF.ZS,14.2997317197965
ECU,2014,NV.IND.MANF.ZS,13.1351000392395
ECU,2013,NV.IND.MANF.ZS,12.2611805401854
ECU,2012,NV.IND.MANF.ZS,12.5996773832049
EGY,2017,NV.IND.MANF.ZS,16.59352061052
EGY,2016,NV.IND.MANF.ZS,16.8413264929505
EGY,2015,NV.IND.MANF.ZS,16.6974467040386
EGY,2014,NV.IND.MANF.ZS,16.7744460093897
EGY,2013,NV.IND.MANF.ZS,16.608374543109
EGY,2012,NV.IND.MANF.ZS,16.1654744133278
SLV,2017,NV.IND.MANF.ZS,16.0846288450506
SLV,2016,NV.IND.MANF.ZS,16.2856846412139
SLV,2015,NV.IND.MANF.ZS,16.3874932588795
SLV,2014,NV.IND.MANF.ZS,16.0762379572505
SLV,2013,NV.IND.MANF.ZS,15.9772924874585
SLV,2012,NV.IND.MANF.ZS,16.1734112965634
GNQ,2017,NV.IND.MANF.ZS,25.7505953453878
GNQ,2016,NV.IND.MANF.ZS,18.5043115557231
GNQ,2015,NV.IND.MANF.ZS,17.8446575040216
GNQ,2014,NV.IND.MANF.ZS,20.1256330691071
GNQ,2013,NV.IND.MANF.ZS,19.2857889394799
GNQ,2012,NV.IND.MANF.ZS,17.0897521554373
EST,2017,NV.IND.MANF.ZS,13.3408912828564
EST,2016,NV.IND.MANF.ZS,13.6104762733574
EST,2015,NV.IND.MANF.ZS,13.6547460994623
EST,2014,NV.IND.MANF.ZS,13.9610951419012
EST,2013,NV.IND.MANF.ZS,13.5540034976357
EST,2012,NV.IND.MANF.ZS,13.8770730242275
SWZ,2017,NV.IND.MANF.ZS,28.6458021897982
SWZ,2016,NV.IND.MANF.ZS,31.0882206536821
SWZ,2015,NV.IND.MANF.ZS,31.7176270961474
SWZ,2014,NV.IND.MANF.ZS,30.4155023058964
SWZ,2013,NV.IND.MANF.ZS,29.9101627041266
SWZ,2012,NV.IND.MANF.ZS,31.2739621292408
ETH,2017,NV.IND.MANF.ZS,6.18658862115693
ETH,2016,NV.IND.MANF.ZS,5.69139715520615
ETH,2015,NV.IND.MANF.ZS,4.4046191387627
ETH,2014,NV.IND.MANF.ZS,3.99132524576571
ETH,2013,NV.IND.MANF.ZS,3.702189003056
ETH,2012,NV.IND.MANF.ZS,3.42006071889612
FRO,2017,NV.IND.MANF.ZS,9.23514763429385
FRO,2016,NV.IND.MANF.ZS,8.27850587701049
FRO,2015,NV.IND.MANF.ZS,9.32147600623665
FRO,2014,NV.IND.MANF.ZS,9.08479467801502
FRO,2013,NV.IND.MANF.ZS,7.70228679220306
FRO,2012,NV.IND.MANF.ZS,8.27483196415235
FJI,2017,NV.IND.MANF.ZS,10.4461315492785
FJI,2016,NV.IND.MANF.ZS,10.9318101651131
FJI,2015,NV.IND.MANF.ZS,10.4961598730977
FJI,2014,NV.IND.MANF.ZS,10.6541141929421
FJI,2013,NV.IND.MANF.ZS,11.5664406958165
FJI,2012,NV.IND.MANF.ZS,11.5622714283651
FIN,2017,NV.IND.MANF.ZS,15.3743113223501
FIN,2016,NV.IND.MANF.ZS,14.7475627790114
FIN,2015,NV.IND.MANF.ZS,14.8411928141889
FIN,2014,NV.IND.MANF.ZS,14.6025114765247
FIN,2013,NV.IND.MANF.ZS,14.6434591173334
FIN,2012,NV.IND.MANF.ZS,14.5954146662807
FRA,2017,NV.IND.MANF.ZS,10.0100515756887
FRA,2016,NV.IND.MANF.ZS,10.1652320223789
FRA,2015,NV.IND.MANF.ZS,10.3199116417468
FRA,2014,NV.IND.MANF.ZS,10.1814983481472
FRA,2013,NV.IND.MANF.ZS,10.2533499274342
FRA,2012,NV.IND.MANF.ZS,10.2470795796382
PYF,2017,NV.IND.MANF.ZS,4.76115515380683
PYF,2016,NV.IND.MANF.ZS,5.16926586772592
PYF,2015,NV.IND.MANF.ZS,5.09730941390893
PYF,2014,NV.IND.MANF.ZS,4.68060926639389
PYF,2013,NV.IND.MANF.ZS,4.85034901035314
PYF,2012,NV.IND.MANF.ZS,4.91853504931395
GAB,2017,NV.IND.MANF.ZS,17.6224186689537
GAB,2016,NV.IND.MANF.ZS,17.456006771994
GAB,2015,NV.IND.MANF.ZS,16.6870330418249
GAB,2014,NV.IND.MANF.ZS,17.393405866881
GAB,2013,NV.IND.MANF.ZS,17.1624139596913
GAB,2012,NV.IND.MANF.ZS,16.5014056434654
GMB,2017,NV.IND.MANF.ZS,4.46929213423085
GMB,2016,NV.IND.MANF.ZS,5.58625701329089
GMB,2015,NV.IND.MANF.ZS,6.34925434673243
GMB,2014,NV.IND.MANF.ZS,6.51178104456846
GMB,2013,NV.IND.MANF.ZS,5.61120256265393
GMB,2012,NV.IND.MANF.ZS,5.74815979853717
GEO,2017,NV.IND.MANF.ZS,8.77075350749879
GEO,2016,NV.IND.MANF.ZS,7.78368506004979
GEO,2015,NV.IND.MANF.ZS,9.23868791246961
GEO,2014,NV.IND.MANF.ZS,9.21055324380556
GEO,2013,NV.IND.MANF.ZS,9.22261068021141
GEO,2012,NV.IND.MANF.ZS,9.54490769616805
DEU,2017,NV.IND.MANF.ZS,20.092676209306
DEU,2016,NV.IND.MANF.ZS,20.4130244960425
DEU,2015,NV.IND.MANF.ZS,20.1379643216943
DEU,2014,NV.IND.MANF.ZS,20.1102373285709
DEU,2013,NV.IND.MANF.ZS,19.7600541430605
DEU,2012,NV.IND.MANF.ZS,20.0472978765968
GHA,2017,NV.IND.MANF.ZS,10.1522230921101
GHA,2016,NV.IND.MANF.ZS,10.8204245904679
GHA,2015,NV.IND.MANF.ZS,11.0982995618487
GHA,2014,NV.IND.MANF.ZS,11.0199488260173
GHA,2013,NV.IND.MANF.ZS,11.5885474629749
GHA,2012,NV.IND.MANF.ZS,5.66058649920669
GRC,2017,NV.IND.MANF.ZS,8.01771265830777
GRC,2016,NV.IND.MANF.ZS,8.1077472947053
GRC,2015,NV.IND.MANF.ZS,8.2939794133625
GRC,2014,NV.IND.MANF.ZS,7.79323131183445
GRC,2013,NV.IND.MANF.ZS,7.78048722385766
GRC,2012,NV.IND.MANF.ZS,8.13642389483796
GRL,2017,NV.IND.MANF.ZS,2.53599519886982
GRL,2016,NV.IND.MANF.ZS,4.57426318475392
GRL,2015,NV.IND.MANF.ZS,4.05976043488087
GRL,2014,NV.IND.MANF.ZS,4.36398971851295
GRL,2013,NV.IND.MANF.ZS,5.0691335919626
GRL,2012,NV.IND.MANF.ZS,5.18837032381834
GRD,2017,NV.IND.MANF.ZS,3.08059288992712
GRD,2016,NV.IND.MANF.ZS,3.35330009803135
GRD,2015,NV.IND.MANF.ZS,3.41912092484175
GRD,2014,NV.IND.MANF.ZS,3.42091148457563
GRD,2013,NV.IND.MANF.ZS,3.38055532357246
GRD,2012,NV.IND.MANF.ZS,3.24677730034079
GTM,2017,NV.IND.MANF.ZS,14.1404368305332
GTM,2016,NV.IND.MANF.ZS,14.1905995899723
GTM,2015,NV.IND.MANF.ZS,14.3263282737266
GTM,2014,NV.IND.MANF.ZS,14.076647566675
GTM,2013,NV.IND.MANF.ZS,14.4164299919476
GTM,2012,NV.IND.MANF.ZS,19.4267259519628
GIN,2017,NV.IND.MANF.ZS,10.021586832517
GIN,2016,NV.IND.MANF.ZS,10.9266759656277
GIN,2015,NV.IND.MANF.ZS,12.1187356683819
GIN,2014,NV.IND.MANF.ZS,11.0824935422383
GIN,2013,NV.IND.MANF.ZS,10.8007785486665
GIN,2012,NV.IND.MANF.ZS,10.5298592048946
GNB,2017,NV.IND.MANF.ZS,8.13997490489753
GNB,2016,NV.IND.MANF.ZS,8.65569406834563
GNB,2015,NV.IND.MANF.ZS,8.85890712355589
GNB,2014,NV.IND.MANF.ZS,9.34358994488158
GNB,2013,NV.IND.MANF.ZS,8.72465651267683
GNB,2012,NV.IND.MANF.ZS,8.89294919275182
GUY,2017,NV.IND.MANF.ZS,4.78930094706975
GUY,2016,NV.IND.MANF.ZS,4.96674325925782
GUY,2015,NV.IND.MANF.ZS,5.9391007109179
GUY,2014,NV.IND.MANF.ZS,6.04622180080549
GUY,2013,NV.IND.MANF.ZS,6.3459503155219
GUY,2012,NV.IND.MANF.ZS,6.01570949241623
HTI,2017,NV.IND.MANF.ZS,16.3846226379273
HTI,2016,NV.IND.MANF.ZS,16.3668351199332
HTI,2015,NV.IND.MANF.ZS,16.9685346386874
HTI,2014,NV.IND.MANF.ZS,16.6212186395581
HTI,2013,NV.IND.MANF.ZS,15.7667416258762
HTI,2012,NV.IND.MANF.ZS,16.126593068017
HND,2017,NV.IND.MANF.ZS,17.1266629002784
HND,2016,NV.IND.MANF.ZS,17.1467725059127
HND,2015,NV.IND.MANF.ZS,17.5431120239302
HND,2014,NV.IND.MANF.ZS,17.2545874850923
HND,2013,NV.IND.MANF.ZS,17.2942592461772
HND,2012,NV.IND.MANF.ZS,17.6861395577953
HKG,2017,NV.IND.MANF.ZS,1.02642830098086
HKG,2016,NV.IND.MANF.ZS,1.07781344078812
HKG,2015,NV.IND.MANF.ZS,1.11396500825592
HKG,2014,NV.IND.MANF.ZS,1.2338468277725
HKG,2013,NV.IND.MANF.ZS,1.41027589609527
HKG,2012,NV.IND.MANF.ZS,1.5021656221052
HUN,2017,NV.IND.MANF.ZS,19.1033927278036
HUN,2016,NV.IND.MANF.ZS,19.5575596990539
HUN,2015,NV.IND.MANF.ZS,20.2076761720927
HUN,2014,NV.IND.MANF.ZS,19.4234614005581
HUN,2013,NV.IND.MANF.ZS,18.7073217770592
HUN,2012,NV.IND.MANF.ZS,18.4937179955194
ISL,2017,NV.IND.MANF.ZS,8.7560800924576
ISL,2016,NV.IND.MANF.ZS,9.46751855144686
ISL,2015,NV.IND.MANF.ZS,10.7018863415539
ISL,2014,NV.IND.MANF.ZS,11.4359773183703
ISL,2013,NV.IND.MANF.ZS,11.125472953448
ISL,2012,NV.IND.MANF.ZS,11.6113892298717
IND,2017,NV.IND.MANF.ZS,15.0182387501718
IND,2016,NV.IND.MANF.ZS,15.1622371332529
IND,2015,NV.IND.MANF.ZS,15.5838545863713
IND,2014,NV.IND.MANF.ZS,15.0655701107589
IND,2013,NV.IND.MANF.ZS,15.253022692586
IND,2012,NV.IND.MANF.ZS,15.8169230071066
IDN,2017,NV.IND.MANF.ZS,20.1600223614347
IDN,2016,NV.IND.MANF.ZS,20.5229746805052
IDN,2015,NV.IND.MANF.ZS,20.9857874310206
IDN,2014,NV.IND.MANF.ZS,21.0751760505565
IDN,2013,NV.IND.MANF.ZS,21.0286886817218
IDN,2012,NV.IND.MANF.ZS,21.4509550553875
IRN,2017,NV.IND.MANF.ZS,14.1352502087451
IRN,2016,NV.IND.MANF.ZS,13.3188366338022
IRN,2015,NV.IND.MANF.ZS,13.4507444091979
IRN,2014,NV.IND.MANF.ZS,15.5847556165887
IRN,2013,NV.IND.MANF.ZS,15.7296956213052
IRN,2012,NV.IND.MANF.ZS,16.3771989024111
IRQ,2017,NV.IND.MANF.ZS,2.17439874253532
IRQ,2016,NV.IND.MANF.ZS,2.25286887717333
IRQ,2015,NV.IND.MANF.ZS,2.1752084247609
IRQ,2014,NV.IND.MANF.ZS,1.87706381634762
IRQ,2013,NV.IND.MANF.ZS,2.29763484409581
IRQ,2012,NV.IND.MANF.ZS,2.72177631792452
IRL,2017,NV.IND.MANF.ZS,32.1593567756814
IRL,2016,NV.IND.MANF.ZS,32.6267738894039
IRL,2015,NV.IND.MANF.ZS,34.8913217286457
IRL,2014,NV.IND.MANF.ZS,19.58634485518
IRL,2013,NV.IND.MANF.ZS,19.0761287551304
IRL,2012,NV.IND.MANF.ZS,19.6054663863926
IMN,2017,NV.IND.MANF.ZS,2.08077062437133
IMN,2016,NV.IND.MANF.ZS,2.41021878808676
IMN,2015,NV.IND.MANF.ZS,2.67986624173742
IMN,2014,NV.IND.MANF.ZS,2.65466493932643
IMN,2013,NV.IND.MANF.ZS,3.19856805330679
IMN,2012,NV.IND.MANF.ZS,3.59071492946426
ISR,2017,NV.IND.MANF.ZS,11.5023862456544
ISR,2016,NV.IND.MANF.ZS,12.0961436457446
ISR,2015,NV.IND.MANF.ZS,12.9237212257425
ISR,2014,NV.IND.MANF.ZS,12.5092649781181
ISR,2013,NV.IND.MANF.ZS,12.9828311268844
ISR,2012,NV.IND.MANF.ZS,13.7690007635811
ITA,2017,NV.IND.MANF.ZS,14.8167748451842
ITA,2016,NV.IND.MANF.ZS,14.6638600182643
ITA,2015,NV.IND.MANF.ZS,14.2623447666015
ITA,2014,NV.IND.MANF.ZS,13.8362218969996
ITA,2013,NV.IND.MANF.ZS,13.7593478951288
ITA,2012,NV.IND.MANF.ZS,13.7582342074538
JAM,2017,NV.IND.MANF.ZS,7.01803549864611
JAM,2016,NV.IND.MANF.ZS,6.96022247129641
JAM,2015,NV.IND.MANF.ZS,7.05392483979779
JAM,2014,NV.IND.MANF.ZS,8.1287214565378
JAM,2013,NV.IND.MANF.ZS,8.16879594664045
JAM,2012,NV.IND.MANF.ZS,8.0855260454477
JPN,2017,NV.IND.MANF.ZS,20.1439342864069
JPN,2016,NV.IND.MANF.ZS,20.02776765534
JPN,2015,NV.IND.MANF.ZS,20.0740179719411
JPN,2014,NV.IND.MANF.ZS,19.4077759157435
JPN,2013,NV.IND.MANF.ZS,19.1807146120723
JPN,2012,NV.IND.MANF.ZS,19.7322355919965
JOR,2017,NV.IND.MANF.ZS,16.640481827841
JOR,2016,NV.IND.MANF.ZS,16.6342767215741
JOR,2015,NV.IND.MANF.ZS,16.8941877472506
JOR,2014,NV.IND.MANF.ZS,17.303213490517
JOR,2013,NV.IND.MANF.ZS,17.714415635766
JOR,2012,NV.IND.MANF.ZS,17.0397122805091
KAZ,2017,NV.IND.MANF.ZS,11.2801569362864
KAZ,2016,NV.IND.MANF.ZS,11.3301396708405
KAZ,2015,NV.IND.MANF.ZS,10.2754093827734
KAZ,2014,NV.IND.MANF.ZS,10.3182436278483
KAZ,2013,NV.IND.MANF.ZS,10.6349738343331
KAZ,2012,NV.IND.MANF.ZS,11.0807990431371
KEN,2017,NV.IND.MANF.ZS,8.7391417305051
KEN,2016,NV.IND.MANF.ZS,9.32149110147083
KEN,2015,NV.IND.MANF.ZS,9.97517981812866
KEN,2014,NV.IND.MANF.ZS,10.0650334327975
KEN,2013,NV.IND.MANF.ZS,10.9090166252394
KEN,2012,NV.IND.MANF.ZS,11.0833402731294
KIR,2017,NV.IND.MANF.ZS,5.17422680412371
KIR,2016,NV.IND.MANF.ZS,4.90992765264629
KIR,2015,NV.IND.MANF.ZS,4.55983697723925
KIR,2014,NV.IND.MANF.ZS,5.15857281540726
KIR,2013,NV.IND.MANF.ZS,5.01077949765866
KIR,2012,NV.IND.MANF.ZS,5.2885045840309
KOR,2017,NV.IND.MANF.ZS,28.0322405682167
KOR,2016,NV.IND.MANF.ZS,27.5129940831191
KOR,2015,NV.IND.MANF.ZS,27.8215922094514
KOR,2014,NV.IND.MANF.ZS,28.2760755546832
KOR,2013,NV.IND.MANF.ZS,28.8654766941182
KOR,2012,NV.IND.MANF.ZS,28.7408682052811
XKX,2017,NV.IND.MANF.ZS,12.784844259128
XKX,2016,NV.IND.MANF.ZS,13.0552529445837
XKX,2015,NV.IND.MANF.ZS,13.2641680043945
XKX,2014,NV.IND.MANF.ZS,13.471064835463
XKX,2013,NV.IND.MANF.ZS,13.5121699782227
XKX,2012,NV.IND.MANF.ZS,13.2527973178101
KWT,2017,NV.IND.MANF.ZS,7.50147665024303
KWT,2016,NV.IND.MANF.ZS,7.20205740085411
KWT,2015,NV.IND.MANF.ZS,6.97750997601227
KWT,2014,NV.IND.MANF.ZS,5.54227898196232
KWT,2013,NV.IND.MANF.ZS,5.87984162345434
KWT,2012,NV.IND.MANF.ZS,5.96446653129308
KGZ,2017,NV.IND.MANF.ZS,14.9908280435843
KGZ,2016,NV.IND.MANF.ZS,15.4342608672285
KGZ,2015,NV.IND.MANF.ZS,14.0507756985422
KGZ,2014,NV.IND.MANF.ZS,13.6761967985545
KGZ,2013,NV.IND.MANF.ZS,15.7680889222133
KGZ,2012,NV.IND.MANF.ZS,12.0717438294619
LAO,2017,NV.IND.MANF.ZS,7.48353451889534
LAO,2016,NV.IND.MANF.ZS,7.77156382707168
LAO,2015,NV.IND.MANF.ZS,8.19005219527172
LAO,2014,NV.IND.MANF.ZS,8.42769528413766
LAO,2013,NV.IND.MANF.ZS,8.43540228331074
LAO,2012,NV.IND.MANF.ZS,8.98377274194291
LVA,2017,NV.IND.MANF.ZS,10.8745823136205
LVA,2016,NV.IND.MANF.ZS,10.5392671306849
LVA,2015,NV.IND.MANF.ZS,10.8460810091263
LVA,2014,NV.IND.MANF.ZS,10.8995654111219
LVA,2013,NV.IND.MANF.ZS,11.5075095213455
LVA,2012,NV.IND.MANF.ZS,11.8129666874934
LBN,2017,NV.IND.MANF.ZS,8.28789155701475
LBN,2016,NV.IND.MANF.ZS,8.35641017095378
LBN,2015,NV.IND.MANF.ZS,8.04853930548165
LBN,2014,NV.IND.MANF.ZS,7.53256666556356
LBN,2013,NV.IND.MANF.ZS,7.52441395625991
LBN,2012,NV.IND.MANF.ZS,7.3880328196001
LSO,2017,NV.IND.MANF.ZS,15.2367098583169
LSO,2016,NV.IND.MANF.ZS,16.6630766961045
LSO,2015,NV.IND.MANF.ZS,15.1330287921212
LSO,2014,NV.IND.MANF.ZS,12.250538441436
LSO,2013,NV.IND.MANF.ZS,10.9395682131417
LSO,2012,NV.IND.MANF.ZS,11.4515114166879
LBY,2017,NV.IND.MANF.ZS,2.80678251468398
LBY,2016,NV.IND.MANF.ZS,3.65524337067447
LBY,2015,NV.IND.MANF.ZS,4.14078951865904
LBY,2014,NV.IND.MANF.ZS,4.56529868891668
LBY,2013,NV.IND.MANF.ZS,2.96399418096206
LBY,2012,NV.IND.MANF.ZS,2.31116044510223
LIE,2017,NV.IND.MANF.ZS,38.7329024971766
LIE,2016,NV.IND.MANF.ZS,36.8666818522014
LTU,2017,NV.IND.MANF.ZS,16.7118510614104
LTU,2016,NV.IND.MANF.ZS,16.8071638901065
LTU,2015,NV.IND.MANF.ZS,17.2400398133433
LTU,2014,NV.IND.MANF.ZS,17.4023635016509
LTU,2013,NV.IND.MANF.ZS,17.663818979093
LTU,2012,NV.IND.MANF.ZS,18.6694480586007
LUX,2017,NV.IND.MANF.ZS,4.77590351553507
LUX,2016,NV.IND.MANF.ZS,5.79495456061575
LUX,2015,NV.IND.MANF.ZS,5.47955070401141
LUX,2014,NV.IND.MANF.ZS,4.7281297539333
LUX,2013,NV.IND.MANF.ZS,4.55439306028829
LUX,2012,NV.IND.MANF.ZS,4.55662028810496
MAC,2017,NV.IND.MANF.ZS,0.573468356437213
MAC,2016,NV.IND.MANF.ZS,0.596667009738607
MAC,2015,NV.IND.MANF.ZS,0.572106930770324
MAC,2014,NV.IND.MANF.ZS,0.41528295995095
MAC,2013,NV.IND.MANF.ZS,0.396679929792022
MAC,2012,NV.IND.MANF.ZS,0.461593293713001
MDG,2017,NV.IND.MANF.ZS,9.18815731963744
MDG,2016,NV.IND.MANF.ZS,10.1953106769595
MDG,2015,NV.IND.MANF.ZS,8.50771119517862
MDG,2014,NV.IND.MANF.ZS,9.03893525393852
MDG,2013,NV.IND.MANF.ZS,8.62986885227877
MDG,2012,NV.IND.MANF.ZS,8.66520369091448
MWI,2017,NV.IND.MANF.ZS,11.2970614757279
MYS,2017,NV.IND.MANF.ZS,21.8461950799461
MYS,2016,NV.IND.MANF.ZS,21.7969397965457
MYS,2015,NV.IND.MANF.ZS,22.2933324025137
MYS,2014,NV.IND.MANF.ZS,22.8739302431305
MYS,2013,NV.IND.MANF.ZS,22.8407424205833
MYS,2012,NV.IND.MANF.ZS,23.1381762920437
MDV,2017,NV.IND.MANF.ZS,2.18421103604745
MDV,2016,NV.IND.MANF.ZS,2.07833683806784
MDV,2015,NV.IND.MANF.ZS,1.92794348282613
MDV,2014,NV.IND.MANF.ZS,1.98497323914953
MDV,2013,NV.IND.MANF.ZS,2.11838215713654
MDV,2012,NV.IND.MANF.ZS,2.62452727488947
MLI,2017,NV.IND.MANF.ZS,8.25970658668328
MLI,2016,NV.IND.MANF.ZS,8.21316833674848
MLI,2015,NV.IND.MANF.ZS,8.9191214245065
MLI,2014,NV.IND.MANF.ZS,9.95859136216064
MLI,2013,NV.IND.MANF.ZS,8.17093004225246
MLI,2012,NV.IND.MANF.ZS,8.24735982194434
MLT,2017,NV.IND.MANF.ZS,6.62713868333506
MLT,2016,NV.IND.MANF.ZS,6.99691894903777
MLT,2015,NV.IND.MANF.ZS,7.16094815538814
MLT,2014,NV.IND.MANF.ZS,8.35715196964946
MLT,2013,NV.IND.MANF.ZS,9.42755376222564
MLT,2012,NV.IND.MANF.ZS,10.8189544063585
MHL,2017,NV.IND.MANF.ZS,4.13743565746373
MHL,2016,NV.IND.MANF.ZS,4.54306243805748
MHL,2015,NV.IND.MANF.ZS,3.17131192161132
MHL,2014,NV.IND.MANF.ZS,6.13822580645161
MHL,2013,NV.IND.MANF.ZS,5.23336909871245
MHL,2012,NV.IND.MANF.ZS,3.74825677919203
MRT,2017,NV.IND.MANF.ZS,6.41366370468545
MRT,2016,NV.IND.MANF.ZS,6.11114757762785
MRT,2015,NV.IND.MANF.ZS,7.43834550490809
MRT,2014,NV.IND.MANF.ZS,7.41409391870427
MRT,2013,NV.IND.MANF.ZS,6.40698414824321
MRT,2012,NV.IND.MANF.ZS,6.52113211769316
MUS,2017,NV.IND.MANF.ZS,11.6831460017613
MUS,2016,NV.IND.MANF.ZS,12.2243247057993
MUS,2015,NV.IND.MANF.ZS,12.8429263990881
MUS,2014,NV.IND.MANF.ZS,13.3643021284053
MUS,2013,NV.IND.MANF.ZS,13.565364536265
MUS,2012,NV.IND.MANF.ZS,13.4590126588687
MEX,2017,NV.IND.MANF.ZS,20.1618224119644
MEX,2016,NV.IND.MANF.ZS,19.8687757882998
MEX,2015,NV.IND.MANF.ZS,19.8234213947421
MEX,2014,NV.IND.MANF.ZS,18.2289217370442
MEX,2013,NV.IND.MANF.ZS,18.1028096283966
MEX,2012,NV.IND.MANF.ZS,18.8000354494769
FSM,2017,NV.IND.MANF.ZS,0.525180055401662
FSM,2016,NV.IND.MANF.ZS,0.553730886850153
FSM,2015,NV.IND.MANF.ZS,0.371442307692308
FSM,2014,NV.IND.MANF.ZS,0.328449367088608
FSM,2013,NV.IND.MANF.ZS,0.332738853503185
FSM,2012,NV.IND.MANF.ZS,0.367283950617284
MDA,2017,NV.IND.MANF.ZS,9.97007323439153
MDA,2016,NV.IND.MANF.ZS,10.0336311861214
MDA,2015,NV.IND.MANF.ZS,10.01582216678
MDA,2014,NV.IND.MANF.ZS,10.0691324765555
MDA,2013,NV.IND.MANF.ZS,11.193852554233
MDA,2012,NV.IND.MANF.ZS,10.6544375298534
MNG,2017,NV.IND.MANF.ZS,6.89823821479702
MNG,2016,NV.IND.MANF.ZS,6.66750559995597
MNG,2015,NV.IND.MANF.ZS,7.01550583710279
MNG,2014,NV.IND.MANF.ZS,8.77729309296388
MNG,2013,NV.IND.MANF.ZS,8.72166390590704
MNG,2012,NV.IND.MANF.ZS,7.48223219076914
MNE,2017,NV.IND.MANF.ZS,3.50658295739726
MNE,2016,NV.IND.MANF.ZS,3.4688127734049
MNE,2015,NV.IND.MANF.ZS,3.55279003805122
MNE,2014,NV.IND.MANF.ZS,3.55931954110162
MNE,2013,NV.IND.MANF.ZS,3.47422288178831
MNE,2012,NV.IND.MANF.ZS,3.87014052114885
MAR,2017,NV.IND.MANF.ZS,14.5941970328011
MAR,2016,NV.IND.MANF.ZS,14.7595291382492
MAR,2015,NV.IND.MANF.ZS,14.984152955286
MAR,2014,NV.IND.MANF.ZS,15.3452879513188
MAR,2013,NV.IND.MANF.ZS,14.5581548719729
MAR,2012,NV.IND.MANF.ZS,14.3615270032686
MOZ,2017,NV.IND.MANF.ZS,7.81988703506551
MOZ,2016,NV.IND.MANF.ZS,8.1178325868925
MOZ,2015,NV.IND.MANF.ZS,8.30864034953938
MOZ,2014,NV.IND.MANF.ZS,8.22056509258821
MOZ,2013,NV.IND.MANF.ZS,8.32603551504896
MOZ,2012,NV.IND.MANF.ZS,8.62619404009544
MMR,2017,NV.IND.MANF.ZS,24.0940353438783
MMR,2016,NV.IND.MANF.ZS,22.7953506749618
MMR,2015,NV.IND.MANF.ZS,20.8081418827878
MMR,2014,NV.IND.MANF.ZS,19.9307583033707
MMR,2013,NV.IND.MANF.ZS,19.9159137514953
MMR,2012,NV.IND.MANF.ZS,20.0923540449082
NAM,2017,NV.IND.MANF.ZS,12.2200432439665
NAM,2016,NV.IND.MANF.ZS,11.6787885338894
NAM,2015,NV.IND.MANF.ZS,11.4171848223968
NAM,2014,NV.IND.MANF.ZS,9.90856529052312
NAM,2013,NV.IND.MANF.ZS,10.3182587782274
NAM,2012,NV.IND.MANF.ZS,12.1900058944767
NPL,2017,NV.IND.MANF.ZS,4.85567399386538
NPL,2016,NV.IND.MANF.ZS,4.88818962559367
NPL,2015,NV.IND.MANF.ZS,5.3560555553661
NPL,2014,NV.IND.MANF.ZS,5.61219115976027
NPL,2013,NV.IND.MANF.ZS,5.75041430553108
NPL,2012,NV.IND.MANF.ZS,5.78522283353524
NLD,2017,NV.IND.MANF.ZS,10.5500219081827
NLD,2016,NV.IND.MANF.ZS,10.2669490054501
NLD,2015,NV.IND.MANF.ZS,10.1488182500805
NLD,2014,NV.IND.MANF.ZS,9.66230344504418
NLD,2013,NV.IND.MANF.ZS,9.64816464758619
NLD,2012,NV.IND.MANF.ZS,10.0607384630343
NCL,2017,NV.IND.MANF.ZS,5.60354479440873
NCL,2016,NV.IND.MANF.ZS,5.909088976023
NCL,2015,NV.IND.MANF.ZS,5.86483397920032
NCL,2014,NV.IND.MANF.ZS,5.62837268459151
NCL,2013,NV.IND.MANF.ZS,5.94504574039803
NCL,2012,NV.IND.MANF.ZS,5.49386610429072
NZL,2017,NV.IND.MANF.ZS,10.1999539070643
NZL,2016,NV.IND.MANF.ZS,10.0904318998066
NZL,2015,NV.IND.MANF.ZS,11.2800879984655
NZL,2014,NV.IND.MANF.ZS,11.0659467829682
NZL,2013,NV.IND.MANF.ZS,10.2341542188131
NZL,2012,NV.IND.MANF.ZS,10.5897797219328
NIC,2017,NV.IND.MANF.ZS,13.6425294956269
NIC,2016,NV.IND.MANF.ZS,14.1447505442673
NIC,2015,NV.IND.MANF.ZS,14.1979344513185
NIC,2014,NV.IND.MANF.ZS,14.7329134994098
NIC,2013,NV.IND.MANF.ZS,14.4945318926133
NIC,2012,NV.IND.MANF.ZS,14.2067627147124
NER,2017,NV.IND.MANF.ZS,8.25380996272984
NER,2016,NV.IND.MANF.ZS,8.08395708603598
NER,2015,NV.IND.MANF.ZS,7.62575595401117
NER,2014,NV.IND.MANF.ZS,8.48320463944569
NER,2013,NV.IND.MANF.ZS,8.014047553372
NER,2012,NV.IND.MANF.ZS,7.51657609334777
NGA,2017,NV.IND.MANF.ZS,8.74199349233524
NGA,2016,NV.IND.MANF.ZS,8.67969778226601
NGA,2015,NV.IND.MANF.ZS,9.42843732193195
NGA,2014,NV.IND.MANF.ZS,9.63581160269249
NGA,2013,NV.IND.MANF.ZS,8.92892932163337
NGA,2012,NV.IND.MANF.ZS,7.72454667174331
MKD,2017,NV.IND.MANF.ZS,12.6025309574733
MKD,2016,NV.IND.MANF.ZS,12.2889398868518
MKD,2015,NV.IND.MANF.ZS,11.7603595286911
MKD,2014,NV.IND.MANF.ZS,10.9514035376996
MKD,2013,NV.IND.MANF.ZS,9.91410485543674
MKD,2012,NV.IND.MANF.ZS,10.2386314208394
NOR,2017,NV.IND.MANF.ZS,6.36964089916267
NOR,2016,NV.IND.MANF.ZS,6.53860465289637
NOR,2015,NV.IND.MANF.ZS,6.86959678594939
NOR,2014,NV.IND.MANF.ZS,6.77145597747606
NOR,2013,NV.IND.MANF.ZS,6.61997045955963
NOR,2012,NV.IND.MANF.ZS,6.64241963943732
OMN,2017,NV.IND.MANF.ZS,8.4951784209409
OMN,2016,NV.IND.MANF.ZS,7.91428670336137
OMN,2015,NV.IND.MANF.ZS,8.91611568746014
OMN,2014,NV.IND.MANF.ZS,8.63119620231856
OMN,2013,NV.IND.MANF.ZS,9.40793050398492
OMN,2012,NV.IND.MANF.ZS,9.93224968534933
PAK,2017,NV.IND.MANF.ZS,11.2993459112201
PAK,2016,NV.IND.MANF.ZS,11.2109167506518
PAK,2015,NV.IND.MANF.ZS,12.3014420948153
PAK,2014,NV.IND.MANF.ZS,13.4140262892618
PAK,2013,NV.IND.MANF.ZS,13.3207628541452
PAK,2012,NV.IND.MANF.ZS,13.7390762104055
PLW,2017,NV.IND.MANF.ZS,0.977365426952403
PLW,2016,NV.IND.MANF.ZS,0.930714424944439
PLW,2015,NV.IND.MANF.ZS,0.941337224236229
PLW,2014,NV.IND.MANF.ZS,0.995084078184923
PLW,2013,NV.IND.MANF.ZS,1.02798653168147
PLW,2012,NV.IND.MANF.ZS,0.973766614461756
PAN,2017,NV.IND.MANF.ZS,5.93031938682056
PAN,2016,NV.IND.MANF.ZS,6.05024388647213
PAN,2015,NV.IND.MANF.ZS,6.26013276143563
PAN,2014,NV.IND.MANF.ZS,6.46788654828594
PAN,2013,NV.IND.MANF.ZS,6.48855584638698
PAN,2012,NV.IND.MANF.ZS,6.09446496607175
PNG,2017,NV.IND.MANF.ZS,1.94533670409889
PNG,2016,NV.IND.MANF.ZS,1.93140262947308
PNG,2015,NV.IND.MANF.ZS,1.77710948034908
PNG,2014,NV.IND.MANF.ZS,2.12822917470014
PNG,2013,NV.IND.MANF.ZS,2.44051659136033
PNG,2012,NV.IND.MANF.ZS,2.46626540852598
PRY,2017,NV.IND.MANF.ZS,19.4527698175799
PRY,2016,NV.IND.MANF.ZS,19.0612407979676
PRY,2015,NV.IND.MANF.ZS,19.4164870545878
PRY,2014,NV.IND.MANF.ZS,18.7675100760167
PRY,2013,NV.IND.MANF.ZS,18.3165913482112
PRY,2012,NV.IND.MANF.ZS,18.5216187131733
PER,2017,NV.IND.MANF.ZS,12.9708469176106
PER,2016,NV.IND.MANF.ZS,13.3440281131691
PER,2015,NV.IND.MANF.ZS,13.7880201715375
PER,2014,NV.IND.MANF.ZS,13.9596976357841
PER,2013,NV.IND.MANF.ZS,14.831406515612
PER,2012,NV.IND.MANF.ZS,15.164396582771
PHL,2017,NV.IND.MANF.ZS,19.5002020558133
PHL,2016,NV.IND.MANF.ZS,19.5903031993868
PHL,2015,NV.IND.MANF.ZS,19.9280223742627
PHL,2014,NV.IND.MANF.ZS,20.5750839907396
PHL,2013,NV.IND.MANF.ZS,20.434498765772
PHL,2012,NV.IND.MANF.ZS,21.3285712092783
POL,2017,NV.IND.MANF.ZS,16.8858634359557
POL,2016,NV.IND.MANF.ZS,18.2752041844413
POL,2015,NV.IND.MANF.ZS,17.6693391336256
POL,2014,NV.IND.MANF.ZS,16.9081122802504
POL,2013,NV.IND.MANF.ZS,15.5581865074907
POL,2012,NV.IND.MANF.ZS,16.5564693800308
PRT,2017,NV.IND.MANF.ZS,12.4309295704729
PRT,2016,NV.IND.MANF.ZS,12.2435166305722
PRT,2015,NV.IND.MANF.ZS,12.2513540948869
PRT,2014,NV.IND.MANF.ZS,11.8414875390346
PRT,2013,NV.IND.MANF.ZS,11.5651993214334
PRT,2012,NV.IND.MANF.ZS,11.3753199190097
PRI,2017,NV.IND.MANF.ZS,47.3351314082456
PRI,2016,NV.IND.MANF.ZS,48.4428777218371
PRI,2015,NV.IND.MANF.ZS,47.9026461782531
PRI,2014,NV.IND.MANF.ZS,46.7331994088581
PRI,2013,NV.IND.MANF.ZS,46.4430453879941
PRI,2012,NV.IND.MANF.ZS,46.2477157440373
QAT,2017,NV.IND.MANF.ZS,8.04717029814568
QAT,2016,NV.IND.MANF.ZS,8.47608042005157
QAT,2015,NV.IND.MANF.ZS,8.91552530998815
QAT,2014,NV.IND.MANF.ZS,10.1421524949587
QAT,2013,NV.IND.MANF.ZS,10.2049904181882
QAT,2012,NV.IND.MANF.ZS,10.5240057860378
ROU,2017,NV.IND.MANF.ZS,19.8307791051555
ROU,2016,NV.IND.MANF.ZS,20.1242845144537
ROU,2015,NV.IND.MANF.ZS,20.2080251087435
ROU,2014,NV.IND.MANF.ZS,21.5132642153968
ROU,2013,NV.IND.MANF.ZS,20.2152670692205
ROU,2012,NV.IND.MANF.ZS,21.2783438640457
RUS,2017,NV.IND.MANF.ZS,12.3127721301087
RUS,2016,NV.IND.MANF.ZS,11.700279102879
RUS,2015,NV.IND.MANF.ZS,12.3830188656764
RUS,2014,NV.IND.MANF.ZS,11.3355804143996
RUS,2013,NV.IND.MANF.ZS,11.0573063367208
RUS,2012,NV.IND.MANF.ZS,11.4152854387593
RWA,2017,NV.IND.MANF.ZS,7.75200634084875
RWA,2016,NV.IND.MANF.ZS,6.78206077593307
RWA,2015,NV.IND.MANF.ZS,6.9117718224902
RWA,2014,NV.IND.MANF.ZS,6.90861755922836
RWA,2013,NV.IND.MANF.ZS,6.91956424679743
RWA,2012,NV.IND.MANF.ZS,8.39219860144914
WSM,2017,NV.IND.MANF.ZS,6.19206874965597
WSM,2016,NV.IND.MANF.ZS,6.25592619459729
WSM,2015,NV.IND.MANF.ZS,6.4439291450999
WSM,2014,NV.IND.MANF.ZS,6.89993046951613
WSM,2013,NV.IND.MANF.ZS,7.68041260302814
WSM,2012,NV.IND.MANF.ZS,8.13921455071746
SMR,2017,NV.IND.MANF.ZS,28.6522298182773
SMR,2016,NV.IND.MANF.ZS,28.5925254724349
SMR,2015,NV.IND.MANF.ZS,28.4845351033631
STP,2017,NV.IND.MANF.ZS,2.19251364104976
STP,2016,NV.IND.MANF.ZS,2.31862386843945
STP,2015,NV.IND.MANF.ZS,2.74449627561178
STP,2014,NV.IND.MANF.ZS,2.52655211733207
STP,2013,NV.IND.MANF.ZS,3.02979207945376
STP,2012,NV.IND.MANF.ZS,2.73910329053107
SAU,2017,NV.IND.MANF.ZS,13.4207489311981
SAU,2016,NV.IND.MANF.ZS,13.5336300941118
SAU,2015,NV.IND.MANF.ZS,13.0972378614193
SAU,2014,NV.IND.MANF.ZS,10.9905942901745
SAU,2013,NV.IND.MANF.ZS,10.0246519761767
SAU,2012,NV.IND.MANF.ZS,9.75495663553457
SEN,2017,NV.IND.MANF.ZS,15.8290512161897
SEN,2016,NV.IND.MANF.ZS,16.4126562605797
SEN,2015,NV.IND.MANF.ZS,17.0430550070656
SEN,2014,NV.IND.MANF.ZS,16.9974155601834
SEN,2013,NV.IND.MANF.ZS,17.3800241394178
SEN,2012,NV.IND.MANF.ZS,16.9951058363143
SRB,2017,NV.IND.MANF.ZS,17.6965113987748
SRB,2016,NV.IND.MANF.ZS,17.7523192064361
SRB,2015,NV.IND.MANF.ZS,17.808446227027
SRB,2014,NV.IND.MANF.ZS,18.2206993895186
SRB,2013,NV.IND.MANF.ZS,19.1832086363947
SRB,2012,NV.IND.MANF.ZS,17.3944698729184
SYC,2017,NV.IND.MANF.ZS,5.68102116851509
SYC,2016,NV.IND.MANF.ZS,6.16692105113208
SYC,2015,NV.IND.MANF.ZS,5.85840609143849
SYC,2014,NV.IND.MANF.ZS,7.26865319905086
SYC,2013,NV.IND.MANF.ZS,7.23589892008202
SYC,2012,NV.IND.MANF.ZS,8.19556132878971
SLE,2017,NV.IND.MANF.ZS,6.68856342167286
SLE,2016,NV.IND.MANF.ZS,6.41412567952553
SLE,2015,NV.IND.MANF.ZS,5.69338045126701
SLE,2014,NV.IND.MANF.ZS,5.23858699050427
SLE,2013,NV.IND.MANF.ZS,5.63693625962841
SLE,2012,NV.IND.MANF.ZS,6.54113502844438
SGP,2017,NV.IND.MANF.ZS,18.4782631524341
SGP,2016,NV.IND.MANF.ZS,17.3698773941449
SGP,2015,NV.IND.MANF.ZS,18.0893298548734
SGP,2014,NV.IND.MANF.ZS,17.9997688921285
SGP,2013,NV.IND.MANF.ZS,17.6384096148755
SGP,2012,NV.IND.MANF.ZS,19.1168219800662
SXM,2017,NV.IND.MANF.ZS,2.21094051533993
SXM,2016,NV.IND.MANF.ZS,2.31840388405585
SXM,2015,NV.IND.MANF.ZS,2.28717983713924
SXM,2014,NV.IND.MANF.ZS,2.2684006260803
SXM,2013,NV.IND.MANF.ZS,0.939377389404697
SXM,2012,NV.IND.MANF.ZS,1.15600385334618
SVK,2017,NV.IND.MANF.ZS,17.1198654148987
SVK,2016,NV.IND.MANF.ZS,17.7674522396181
SVK,2015,NV.IND.MANF.ZS,18.8287638047366
SVK,2014,NV.IND.MANF.ZS,18.5341754362134
SVK,2013,NV.IND.MANF.ZS,16.6679619490037
SVK,2012,NV.IND.MANF.ZS,17.2745943049528
SVN,2017,NV.IND.MANF.ZS,20.6408219046834
SVN,2016,NV.IND.MANF.ZS,20.2309490466323
SVN,2015,NV.IND.MANF.ZS,19.9837917138592
SVN,2014,NV.IND.MANF.ZS,19.6425391528278
SVN,2013,NV.IND.MANF.ZS,19.1692650538617
SVN,2012,NV.IND.MANF.ZS,18.7169143022718
SLB,2017,NV.IND.MANF.ZS,10.3359538050266
SLB,2016,NV.IND.MANF.ZS,7.85633692834519
SLB,2015,NV.IND.MANF.ZS,7.87879835870302
SLB,2014,NV.IND.MANF.ZS,9.87489730556898
SLB,2013,NV.IND.MANF.ZS,8.64338866689467
SLB,2012,NV.IND.MANF.ZS,9.26841169198617
ZAF,2017,NV.IND.MANF.ZS,12.5127045016941
ZAF,2016,NV.IND.MANF.ZS,12.4836443520042
ZAF,2015,NV.IND.MANF.ZS,12.5179444713924
ZAF,2014,NV.IND.MANF.ZS,12.4807113856549
ZAF,2013,NV.IND.MANF.ZS,12.3667757766351
ZAF,2012,NV.IND.MANF.ZS,12.4825918463265
SSD,2015,NV.IND.MANF.ZS,3.53427701123526
SSD,2014,NV.IND.MANF.ZS,2.67583561781046
SSD,2013,NV.IND.MANF.ZS,4.01725107910169
SSD,2012,NV.IND.MANF.ZS,2.71597155176802
ESP,2017,NV.IND.MANF.ZS,11.1145583338461
ESP,2016,NV.IND.MANF.ZS,10.9527706513192
ESP,2015,NV.IND.MANF.ZS,11.0137685905408
ESP,2014,NV.IND.MANF.ZS,10.9975561841823
ESP,2013,NV.IND.MANF.ZS,10.8662587310316
ESP,2012,NV.IND.MANF.ZS,10.8118621882614
LKA,2017,NV.IND.MANF.ZS,14.891296047659
LKA,2016,NV.IND.MANF.ZS,16.018659247464
LKA,2015,NV.IND.MANF.ZS,16.1769598771991
LKA,2014,NV.IND.MANF.ZS,17.1564291875524
LKA,2013,NV.IND.MANF.ZS,18.0646306474511
LKA,2012,NV.IND.MANF.ZS,19.7379423600008
KNA,2017,NV.IND.MANF.ZS,5.39133238023155
KNA,2016,NV.IND.MANF.ZS,5.72871641878892
KNA,2015,NV.IND.MANF.ZS,6.54942928999807
KNA,2014,NV.IND.MANF.ZS,6.86700120589723
KNA,2013,NV.IND.MANF.ZS,7.14273614310882
KNA,2012,NV.IND.MANF.ZS,7.47087199849082
LCA,2017,NV.IND.MANF.ZS,3.00280209638322
LCA,2016,NV.IND.MANF.ZS,3.14088803525025
LCA,2015,NV.IND.MANF.ZS,2.90618219369221
LCA,2014,NV.IND.MANF.ZS,2.53959515541628
LCA,2013,NV.IND.MANF.ZS,2.71778651189143
LCA,2012,NV.IND.MANF.ZS,2.93731866257566
VCT,2017,NV.IND.MANF.ZS,4.95324519178028
VCT,2016,NV.IND.MANF.ZS,4.99131273253222
VCT,2015,NV.IND.MANF.ZS,4.79493337100344
VCT,2014,NV.IND.MANF.ZS,4.68524043566202
VCT,2013,NV.IND.MANF.ZS,4.29264838447634
VCT,2012,NV.IND.MANF.ZS,4.1822942456146
SUR,2017,NV.IND.MANF.ZS,23.6101426534913
SUR,2016,NV.IND.MANF.ZS,13.3991911723143
SUR,2015,NV.IND.MANF.ZS,11.4946632952408
SUR,2014,NV.IND.MANF.ZS,16.3524921938244
SUR,2013,NV.IND.MANF.ZS,18.7857016665685
SUR,2012,NV.IND.MANF.ZS,21.291225508093
SWE,2017,NV.IND.MANF.ZS,13.3499842845446
SWE,2016,NV.IND.MANF.ZS,13.5121304151952
SWE,2015,NV.IND.MANF.ZS,13.7574995225643
SWE,2014,NV.IND.MANF.ZS,13.0439345797552
SWE,2013,NV.IND.MANF.ZS,13.3620553717027
SWE,2012,NV.IND.MANF.ZS,14.075787455749
CHE,2017,NV.IND.MANF.ZS,18.432255769318
CHE,2016,NV.IND.MANF.ZS,18.2447554804173
CHE,2015,NV.IND.MANF.ZS,17.8568423587127
CHE,2014,NV.IND.MANF.ZS,18.2576883092773
CHE,2013,NV.IND.MANF.ZS,18.4192868942775
CHE,2012,NV.IND.MANF.ZS,18.3426070483841
TJK,2017,NV.IND.MANF.ZS,12.8052915915902
TJK,2016,NV.IND.MANF.ZS,11.3777438707216
TJK,2015,NV.IND.MANF.ZS,10.7329072655156
TJK,2014,NV.IND.MANF.ZS,7.61766542724491
TJK,2013,NV.IND.MANF.ZS,9.22604111283919
TJK,2012,NV.IND.MANF.ZS,9.47098008743719
TZA,2017,NV.IND.MANF.ZS,7.6655871547421
TZA,2016,NV.IND.MANF.ZS,7.81371783783383
TZA,2015,NV.IND.MANF.ZS,7.85556496098664
TZA,2014,NV.IND.MANF.ZS,9.12010900018828
TZA,2013,NV.IND.MANF.ZS,9.11089516632175
TZA,2012,NV.IND.MANF.ZS,9.43823326401605
THA,2017,NV.IND.MANF.ZS,27.0148154805347
THA,2016,NV.IND.MANF.ZS,27.1442393688371
THA,2015,NV.IND.MANF.ZS,27.3740711959416
THA,2014,NV.IND.MANF.ZS,27.5735009565918
THA,2013,NV.IND.MANF.ZS,27.5886907461759
THA,2012,NV.IND.MANF.ZS,27.9727873518431
TLS,2017,NV.IND.MANF.ZS,1.56222079876917
TLS,2016,NV.IND.MANF.ZS,1.10067599142341
TLS,2015,NV.IND.MANF.ZS,0.973751580222481
TLS,2014,NV.IND.MANF.ZS,0.776623601277537
TLS,2013,NV.IND.MANF.ZS,0.723328925118186
TLS,2012,NV.IND.MANF.ZS,0.793999422690006
TGO,2017,NV.IND.MANF.ZS,13.0097567985773
TGO,2016,NV.IND.MANF.ZS,13.3433190431507
TGO,2015,NV.IND.MANF.ZS,14.8812969958509
TGO,2014,NV.IND.MANF.ZS,16.176499471291
TGO,2013,NV.IND.MANF.ZS,14.5441187843168
TGO,2012,NV.IND.MANF.ZS,11.9533213358718
TON,2017,NV.IND.MANF.ZS,5.97996989347056
TON,2016,NV.IND.MANF.ZS,6.04796477705228
TON,2015,NV.IND.MANF.ZS,6.03420289309567
TON,2014,NV.IND.MANF.ZS,6.23582372065648
TON,2013,NV.IND.MANF.ZS,6.18138393437906
TON,2012,NV.IND.MANF.ZS,5.85593573321892
TTO,2017,NV.IND.MANF.ZS,16.2355998390368
TTO,2016,NV.IND.MANF.ZS,17.2294150011087
TTO,2015,NV.IND.MANF.ZS,14.1599712462756
TTO,2014,NV.IND.MANF.ZS,14.4590377440512
TTO,2013,NV.IND.MANF.ZS,13.9652925076318
TTO,2012,NV.IND.MANF.ZS,17.4487199334489
TUN,2017,NV.IND.MANF.ZS,14.2010459605045
TUN,2016,NV.IND.MANF.ZS,13.8091385069721
TUN,2015,NV.IND.MANF.ZS,14.0105698969513
TUN,2014,NV.IND.MANF.ZS,14.5464536962829
TUN,2013,NV.IND.MANF.ZS,15.008243022509
TUN,2012,NV.IND.MANF.ZS,15.4349464715618
TUR,2017,NV.IND.MANF.ZS,17.5741769956451
TUR,2016,NV.IND.MANF.ZS,16.8380121277676
TUR,2015,NV.IND.MANF.ZS,16.7689719715354
TUR,2014,NV.IND.MANF.ZS,16.9058575089632
TUR,2013,NV.IND.MANF.ZS,16.4008846890319
TUR,2012,NV.IND.MANF.ZS,15.9402307745547
TCA,2017,NV.IND.MANF.ZS,0.521387227265063
TCA,2016,NV.IND.MANF.ZS,0.52991569598645
TCA,2015,NV.IND.MANF.ZS,0.589553304633145
TCA,2014,NV.IND.MANF.ZS,0.633281239383026
TCA,2013,NV.IND.MANF.ZS,0.648073501612365
TCA,2012,NV.IND.MANF.ZS,0.596747545770657
UGA,2017,NV.IND.MANF.ZS,15.5229960881974
UGA,2016,NV.IND.MANF.ZS,16.2297475967432
UGA,2015,NV.IND.MANF.ZS,17.6085476770624
UGA,2014,NV.IND.MANF.ZS,15.6338628298848
UGA,2013,NV.IND.MANF.ZS,16.5485616173407
UGA,2012,NV.IND.MANF.ZS,18.6700067419467
UKR,2017,NV.IND.MANF.ZS,11.980302070255
UKR,2016,NV.IND.MANF.ZS,12.2191260296634
UKR,2015,NV.IND.MANF.ZS,11.9027791187924
UKR,2014,NV.IND.MANF.ZS,12.2281281606135
UKR,2013,NV.IND.MANF.ZS,11.1405917419353
UKR,2012,NV.IND.MANF.ZS,12.2296271115814
ARE,2017,NV.IND.MANF.ZS,9.13505350559625
ARE,2016,NV.IND.MANF.ZS,9.0412591716862
ARE,2015,NV.IND.MANF.ZS,8.8850255543667
ARE,2014,NV.IND.MANF.ZS,7.87819425408936
ARE,2013,NV.IND.MANF.ZS,7.69050880047885
ARE,2012,NV.IND.MANF.ZS,7.83235383214612
GBR,2017,NV.IND.MANF.ZS,9.04234267998333
GBR,2016,NV.IND.MANF.ZS,9.13168940843145
GBR,2015,NV.IND.MANF.ZS,9.38451755587091
GBR,2014,NV.IND.MANF.ZS,9.44084101572958
GBR,2013,NV.IND.MANF.ZS,9.5981044921613
GBR,2012,NV.IND.MANF.ZS,9.37476041233473
USA,2017,NV.IND.MANF.ZS,11.1814907295506
USA,2016,NV.IND.MANF.ZS,11.1581029329942
USA,2015,NV.IND.MANF.ZS,11.6055807430427
USA,2014,NV.IND.MANF.ZS,11.6174420373125
USA,2013,NV.IND.MANF.ZS,11.7719128367022
USA,2012,NV.IND.MANF.ZS,11.8575622570978
URY,2017,NV.IND.MANF.ZS,10.2732540037783
URY,2016,NV.IND.MANF.ZS,10.9867750624362
URY,2015,NV.IND.MANF.ZS,13.2426613311807
URY,2014,NV.IND.MANF.ZS,12.143302174234
URY,2013,NV.IND.MANF.ZS,11.2662277882598
URY,2012,NV.IND.MANF.ZS,12.1731568219705
UZB,2017,NV.IND.MANF.ZS,2.75764792882454
UZB,2016,NV.IND.MANF.ZS,14.0457302204119
UZB,2015,NV.IND.MANF.ZS,13.3088494736044
UZB,2014,NV.IND.MANF.ZS,12.7584120798368
UZB,2013,NV.IND.MANF.ZS,11.7541947252751
UZB,2012,NV.IND.MANF.ZS,10.7500772389192
VUT,2017,NV.IND.MANF.ZS,4.55681153228129
VUT,2016,NV.IND.MANF.ZS,4.97697161523323
VUT,2015,NV.IND.MANF.ZS,5.18959506570126
VUT,2014,NV.IND.MANF.ZS,5.47197225346832
VUT,2013,NV.IND.MANF.ZS,5.34163164794237
VUT,2012,NV.IND.MANF.ZS,3.75876901758134
VNM,2017,NV.IND.MANF.ZS,22.6271239749306
VNM,2016,NV.IND.MANF.ZS,21.4882532002034
VNM,2015,NV.IND.MANF.ZS,20.9600916821922
VNM,2014,NV.IND.MANF.ZS,20.371229229791
VNM,2013,NV.IND.MANF.ZS,20.6874536915425
VNM,2012,NV.IND.MANF.ZS,20.2740924828827
PSE,2017,NV.IND.MANF.ZS,11.655505952381
PSE,2016,NV.IND.MANF.ZS,10.0263543952121
PSE,2015,NV.IND.MANF.ZS,9.32123328848301
PSE,2014,NV.IND.MANF.ZS,10.7507666354532
PSE,2013,NV.IND.MANF.ZS,11.898930857164
PSE,2012,NV.IND.MANF.ZS,13.1106451295829
ZMB,2017,NV.IND.MANF.ZS,8.12723823562854
ZMB,2016,NV.IND.MANF.ZS,7.68612523021962
ZMB,2015,NV.IND.MANF.ZS,7.52231130815079
ZMB,2014,NV.IND.MANF.ZS,6.81998335857482
ZMB,2013,NV.IND.MANF.ZS,6.02373452894648
ZMB,2012,NV.IND.MANF.ZS,7.07581325081866
ZWE,2017,NV.IND.MANF.ZS,14.0269868344529
ZWE,2016,NV.IND.MANF.ZS,11.5957537361528
ZWE,2015,NV.IND.MANF.ZS,11.8884007359844
ZWE,2014,NV.IND.MANF.ZS,12.5913203968112
ZWE,2013,NV.IND.MANF.ZS,12.9196497519731
ZWE,2012,NV.IND.MANF.ZS,14.0435658597833
AFE,2017,SP.POP.TOTL,640058741.0
AFE,2016,SP.POP.TOTL,623369401.0
AFE,2015,SP.POP.TOTL,607123269.0
AFE,2014,SP.POP.TOTL,590968990.0
AFE,2013,SP.POP.TOTL,575202699.0
AFE,2012,SP.POP.TOTL,559609961.0
AFW,2017,SP.POP.TOTL,440150152.0
AFW,2016,SP.POP.TOTL,428797338.0
AFW,2015,SP.POP.TOTL,417536152.0
AFW,2014,SP.POP.TOTL,406457241.0
AFW,2013,SP.POP.TOTL,395543613.0
AFW,2012,SP.POP.TOTL,384913331.0
ARB,2017,SP.POP.TOTL,428315886.0
ARB,2016,SP.POP.TOTL,419808341.0
ARB,2015,SP.POP.TOTL,410190679.0
ARB,2014,SP.POP.TOTL,400231008.0
ARB,2013,SP.POP.TOTL,390954281.0
ARB,2012,SP.POP.TOTL,381030177.0
CSS,2017,SP.POP.TOTL,4366140.0
CSS,2016,SP.POP.TOTL,4341333.0
CSS,2015,SP.POP.TOTL,4314191.0
CSS,2014,SP.POP.TOTL,4286546.0
CSS,2013,SP.POP.TOTL,4257682.0
CSS,2012,SP.POP.TOTL,4228445.0
CEB,2017,SP.POP.TOTL,102337501.0
CEB,2016,SP.POP.TOTL,102647939.0
CEB,2015,SP.POP.TOTL,102973167.0
CEB,2014,SP.POP.TOTL,103280478.0
CEB,2013,SP.POP.TOTL,103570062.0
CEB,2012,SP.POP.TOTL,103929494.0
EAR,2017,SP.POP.TOTL,3274060446.0
EAR,2016,SP.POP.TOTL,3233033717.0
EAR,2015,SP.POP.TOTL,3190318707.0
EAR,2014,SP.POP.TOTL,3146800078.0
EAR,2013,SP.POP.TOTL,3103677284.0
EAR,2012,SP.POP.TOTL,3058869436.0
EAS,2017,SP.POP.TOTL,2333475520.0
EAS,2016,SP.POP.TOTL,2317076058.0
EAS,2015,SP.POP.TOTL,2300844269.0
EAS,2014,SP.POP.TOTL,2284385542.0
EAS,2013,SP.POP.TOTL,2267072102.0
EAS,2012,SP.POP.TOTL,2249081393.0
EAP,2017,SP.POP.TOTL,2087238522.0
EAP,2016,SP.POP.TOTL,2071486140.0
EAP,2015,SP.POP.TOTL,2056050896.0
EAP,2014,SP.POP.TOTL,2040383789.0
EAP,2013,SP.POP.TOTL,2023850158.0
EAP,2012,SP.POP.TOTL,2006566431.0
TEA,2017,SP.POP.TOTL,2061449949.0
TEA,2016,SP.POP.TOTL,2045816761.0
TEA,2015,SP.POP.TOTL,2030504270.0
TEA,2014,SP.POP.TOTL,2014960984.0
TEA,2013,SP.POP.TOTL,1998548872.0
TEA,2012,SP.POP.TOTL,1981382735.0
EMU,2017,SP.POP.TOTL,351613647.0
EMU,2016,SP.POP.TOTL,351027116.0
EMU,2015,SP.POP.TOTL,350164707.0
EMU,2014,SP.POP.TOTL,349302135.0
EMU,2013,SP.POP.TOTL,348799535.0
EMU,2012,SP.POP.TOTL,348406547.0
ECS,2017,SP.POP.TOTL,915063823.0
ECS,2016,SP.POP.TOTL,911578015.0
ECS,2015,SP.POP.TOTL,907526485.0
ECS,2014,SP.POP.TOTL,903560070.0
ECS,2013,SP.POP.TOTL,899906171.0
ECS,2012,SP.POP.TOTL,896514509.0
ECA,2017,SP.POP.TOTL,244308649.0
ECA,2016,SP.POP.TOTL,242224182.0
ECA,2015,SP.POP.TOTL,240083379.0
ECA,2014,SP.POP.TOTL,237999321.0
ECA,2013,SP.POP.TOTL,235905150.0
ECA,2012,SP.POP.TOTL,233875199.0
TEC,2017,SP.POP.TOTL,458010325.0
TEC,2016,SP.POP.TOTL,455913002.0
TEC,2015,SP.POP.TOTL,453662073.0
TEC,2014,SP.POP.TOTL,451432428.0
TEC,2013,SP.POP.TOTL,449128604.0
TEC,2012,SP.POP.TOTL,446941101.0
EUU,2017,SP.POP.TOTL,445321060.0
EUU,2016,SP.POP.TOTL,444676652.0
EUU,2015,SP.POP.TOTL,443793218.0
EUU,2014,SP.POP.TOTL,442920819.0
EUU,2013,SP.POP.TOTL,442425741.0
EUU,2012,SP.POP.TOTL,442069839.0
HPC,2017,SP.POP.TOTL,778657210.0
HPC,2016,SP.POP.TOTL,756237630.0
HPC,2015,SP.POP.TOTL,734837721.0
HPC,2014,SP.POP.TOTL,714234635.0
HPC,2013,SP.POP.TOTL,694136340.0
HPC,2012,SP.POP.TOTL,674950539.0
IBD,2017,SP.POP.TOTL,4765773411.0
IBD,2016,SP.POP.TOTL,4721566970.0
IBD,2015,SP.POP.TOTL,4676773551.0
IBD,2014,SP.POP.TOTL,4630607878.0
IBD,2013,SP.POP.TOTL,4581958556.0
IBD,2012,SP.POP.TOTL,4532100585.0
IBT,2017,SP.POP.TOTL,6439279067.0
IBT,2016,SP.POP.TOTL,6359496256.0
IBT,2015,SP.POP.TOTL,6280370137.0
IBT,2014,SP.POP.TOTL,6201072972.0
IBT,2013,SP.POP.TOTL,6119970296.0
IBT,2012,SP.POP.TOTL,6038511525.0
IDB,2017,SP.POP.TOTL,590024074.0
IDB,2016,SP.POP.TOTL,578463670.0
IDB,2015,SP.POP.TOTL,567234056.0
IDB,2014,SP.POP.TOTL,555868551.0
IDB,2013,SP.POP.TOTL,544442648.0
IDB,2012,SP.POP.TOTL,532980174.0
IDX,2017,SP.POP.TOTL,1083481582.0
IDX,2016,SP.POP.TOTL,1059465616.0
IDX,2015,SP.POP.TOTL,1036362530.0
IDX,2014,SP.POP.TOTL,1014596543.0
IDX,2013,SP.POP.TOTL,993569092.0
IDX,2012,SP.POP.TOTL,973430766.0
IDA,2017,SP.POP.TOTL,1673505656.0
IDA,2016,SP.POP.TOTL,1637929286.0
IDA,2015,SP.POP.TOTL,1603596586.0
IDA,2014,SP.POP.TOTL,1570465094.0
IDA,2013,SP.POP.TOTL,1538011740.0
IDA,2012,SP.POP.TOTL,1506410940.0
LTE,2017,SP.POP.TOTL,2285870134.0
LTE,2016,SP.POP.TOTL,2270841806.0
LTE,2015,SP.POP.TOTL,2256126712.0
LTE,2014,SP.POP.TOTL,2241122152.0
LTE,2013,SP.POP.TOTL,2225005187.0
LTE,2012,SP.POP.TOTL,2209319631.0
LCN,2017,SP.POP.TOTL,630414986.0
LCN,2016,SP.POP.TOTL,624737786.0
LCN,2015,SP.POP.TOTL,618868462.0
LCN,2014,SP.POP.TOTL,612849401.0
LCN,2013,SP.POP.TOTL,606683307.0
LCN,2012,SP.POP.TOTL,600420316.0
LAC,2017,SP.POP.TOTL,592522502.0
LAC,2016,SP.POP.TOTL,587206002.0
LAC,2015,SP.POP.TOTL,581649117.0
LAC,2014,SP.POP.TOTL,575915671.0
LAC,2013,SP.POP.TOTL,570030910.0
LAC,2012,SP.POP.TOTL,564057086.0
TLA,2017,SP.POP.TOTL,614776664.0
TLA,2016,SP.POP.TOTL,609017063.0
TLA,2015,SP.POP.TOTL,603091701.0
TLA,2014,SP.POP.TOTL,597023419.0
TLA,2013,SP.POP.TOTL,590809938.0
TLA,2012,SP.POP.TOTL,584524334.0
LDC,2017,SP.POP.TOTL,1008260714.0
LDC,2016,SP.POP.TOTL,984757534.0
LDC,2015,SP.POP.TOTL,961916563.0
LDC,2014,SP.POP.TOTL,939749332.0
LDC,2013,SP.POP.TOTL,917783039.0
LDC,2012,SP.POP.TOTL,896237933.0
LMY,2017,SP.POP.TOTL,6233470764.0
LMY,2016,SP.POP.TOTL,6153938165.0
LMY,2015,SP.POP.TOTL,6075072158.0
LMY,2014,SP.POP.TOTL,5996036961.0
LMY,2013,SP.POP.TOTL,5915255859.0
LMY,2012,SP.POP.TOTL,5834053766.0
MEA,2017,SP.POP.TOTL,718887744.0
MEA,2016,SP.POP.TOTL,707023525.0
MEA,2015,SP.POP.TOTL,694232973.0
MEA,2014,SP.POP.TOTL,680716578.0
MEA,2013,SP.POP.TOTL,667464006.0
MEA,2012,SP.POP.TOTL,653273442.0
MNA,2017,SP.POP.TOTL,656767614.0
MNA,2016,SP.POP.TOTL,645837915.0
MNA,2015,SP.POP.TOTL,635352686.0
MNA,2014,SP.POP.TOTL,624564062.0
MNA,2013,SP.POP.TOTL,613151287.0
MNA,2012,SP.POP.TOTL,601566988.0
TMN,2017,SP.POP.TOTL,652312809.0
TMN,2016,SP.POP.TOTL,641470827.0
TMN,2015,SP.POP.TOTL,631082594.0
TMN,2014,SP.POP.TOTL,620390664.0
TMN,2013,SP.POP.TOTL,609074579.0
TMN,2012,SP.POP.TOTL,597586990.0
MIC,2017,SP.POP.TOTL,5616970904.0
MIC,2016,SP.POP.TOTL,5553928978.0
MIC,2015,SP.POP.TOTL,5490559951.0
MIC,2014,SP.POP.TOTL,5425923034.0
MIC,2013,SP.POP.TOTL,5359014668.0
MIC,2012,SP.POP.TOTL,5291702846.0
NAC,2017,SP.POP.TOTL,363217262.0
NAC,2016,SP.POP.TOTL,360527592.0
NAC,2015,SP.POP.TOTL,357583083.0
NAC,2014,SP.POP.TOTL,354755155.0
NAC,2013,SP.POP.TOTL,351870848.0
NAC,2012,SP.POP.TOTL,349116140.0
OED,2017,SP.POP.TOTL,1348125258.0
OED,2016,SP.POP.TOTL,1340141055.0
OED,2015,SP.POP.TOTL,1331674197.0
OED,2014,SP.POP.TOTL,1323458714.0
OED,2013,SP.POP.TOTL,1315426979.0
OED,2012,SP.POP.TOTL,1307733583.0
OSS,2017,SP.POP.TOTL,11989367.0
OSS,2016,SP.POP.TOTL,11851918.0
OSS,2015,SP.POP.TOTL,11722398.0
OSS,2014,SP.POP.TOTL,11591200.0
OSS,2013,SP.POP.TOTL,11466589.0
OSS,2012,SP.POP.TOTL,11346082.0
PSS,2017,SP.POP.TOTL,2509999.0
PSS,2016,SP.POP.TOTL,2477794.0
PSS,2015,SP.POP.TOTL,2445989.0
PSS,2014,SP.POP.TOTL,2414338.0
PSS,2013,SP.POP.TOTL,2382931.0
PSS,2012,SP.POP.TOTL,2351924.0
PST,2017,SP.POP.TOTL,1107159559.0
PST,2016,SP.POP.TOTL,1102965925.0
PST,2015,SP.POP.TOTL,1097889139.0
PST,2014,SP.POP.TOTL,1093024476.0
PST,2013,SP.POP.TOTL,1088423167.0
PST,2012,SP.POP.TOTL,1084193277.0
PRE,2017,SP.POP.TOTL,919835947.0
PRE,2016,SP.POP.TOTL,894582467.0
PRE,2015,SP.POP.TOTL,869996107.0
PRE,2014,SP.POP.TOTL,845885930.0
PRE,2013,SP.POP.TOTL,821651825.0
PRE,2012,SP.POP.TOTL,797555707.0
SST,2017,SP.POP.TOTL,18865506.0
SST,2016,SP.POP.TOTL,18671045.0
SST,2015,SP.POP.TOTL,18482578.0
SST,2014,SP.POP.TOTL,18292084.0
SST,2013,SP.POP.TOTL,18107202.0
SST,2012,SP.POP.TOTL,17926451.0
SAS,2017,SP.POP.TOTL,1572520427.0
SAS,2016,SP.POP.TOTL,1555111864.0
SAS,2015,SP.POP.TOTL,1537370078.0
SAS,2014,SP.POP.TOTL,1519839246.0
SAS,2013,SP.POP.TOTL,1501661991.0
SAS,2012,SP.POP.TOTL,1483553073.0
TSA,2017,SP.POP.TOTL,1572520427.0
TSA,2016,SP.POP.TOTL,1555111864.0
TSA,2015,SP.POP.TOTL,1537370078.0
TSA,2014,SP.POP.TOTL,1519839246.0
TSA,2013,SP.POP.TOTL,1501661991.0
TSA,2012,SP.POP.TOTL,1483553073.0
SSF,2017,SP.POP.TOTL,1080208893.0
SSF,2016,SP.POP.TOTL,1052166739.0
SSF,2015,SP.POP.TOTL,1024659421.0
SSF,2014,SP.POP.TOTL,997426231.0
SSF,2013,SP.POP.TOTL,970746312.0
SSF,2012,SP.POP.TOTL,944523292.0
SSA,2017,SP.POP.TOTL,1080113050.0
SSA,2016,SP.POP.TOTL,1052072062.0
SSA,2015,SP.POP.TOTL,1024566002.0
SSA,2014,SP.POP.TOTL,997334872.0
SSA,2013,SP.POP.TOTL,970656363.0
SSA,2012,SP.POP.TOTL,944434989.0
TSS,2017,SP.POP.TOTL,1080208893.0
TSS,2016,SP.POP.TOTL,1052166739.0
TSS,2015,SP.POP.TOTL,1024659421.0
TSS,2014,SP.POP.TOTL,997426231.0
TSS,2013,SP.POP.TOTL,970746312.0
TSS,2012,SP.POP.TOTL,944523292.0
WLD,2017,SP.POP.TOTL,7613788655.0
WLD,2016,SP.POP.TOTL,7528221579.0
WLD,2015,SP.POP.TOTL,7441084771.0
WLD,2014,SP.POP.TOTL,7353532223.0
WLD,2013,SP.POP.TOTL,7265404737.0
WLD,2012,SP.POP.TOTL,7176482165.0
AFG,2017,SP.POP.TOTL,35688935.0
AFG,2016,SP.POP.TOTL,34700612.0
AFG,2015,SP.POP.TOTL,33831764.0
AFG,2014,SP.POP.TOTL,32792523.0
AFG,2013,SP.POP.TOTL,31622704.0
AFG,2012,SP.POP.TOTL,30560034.0
ALB,2017,SP.POP.TOTL,2648285.0
ALB,2016,SP.POP.TOTL,2689469.0
ALB,2015,SP.POP.TOTL,2731293.0
ALB,2014,SP.POP.TOTL,2773767.0
ALB,2013,SP.POP.TOTL,2816902.0
ALB,2012,SP.POP.TOTL,2860708.0
DZA,2017,SP.POP.TOTL,41689299.0
DZA,2016,SP.POP.TOTL,40850721.0
DZA,2015,SP.POP.TOTL,40019529.0
DZA,2014,SP.POP.TOTL,39205031.0
DZA,2013,SP.POP.TOTL,38414171.0
DZA,2012,SP.POP.TOTL,37646166.0
ASM,2017,SP.POP.TOTL,51586.0
ASM,2016,SP.POP.TOTL,52245.0
ASM,2015,SP.POP.TOTL,52878.0
ASM,2014,SP.POP.TOTL,53466.0
ASM,2013,SP.POP.TOTL,54006.0
ASM,2012,SP.POP.TOTL,54489.0
AND,2017,SP.POP.TOTL,73763.0
AND,2016,SP.POP.TOTL,72181.0
AND,2015,SP.POP.TOTL,72174.0
AND,2014,SP.POP.TOTL,73737.0
AND,2013,SP.POP.TOTL,75194.0
AND,2012,SP.POP.TOTL,76834.0
AGO,2017,SP.POP.TOTL,30234839.0
AGO,2016,SP.POP.TOTL,29183070.0
AGO,2015,SP.POP.TOTL,28157798.0
AGO,2014,SP.POP.TOTL,27160769.0
AGO,2013,SP.POP.TOTL,26165620.0
AGO,2012,SP.POP.TOTL,25177394.0
ATG,2017,SP.POP.TOTL,90468.0
ATG,2016,SP.POP.TOTL,89969.0
ATG,2015,SP.POP.TOTL,89409.0
ATG,2014,SP.POP.TOTL,88765.0
ATG,2013,SP.POP.TOTL,88064.0
ATG,2012,SP.POP.TOTL,87260.0
ARG,2017,SP.POP.TOTL,44288894.0
ARG,2016,SP.POP.TOTL,43900313.0
ARG,2015,SP.POP.TOTL,43477012.0
ARG,2014,SP.POP.TOTL,43024071.0
ARG,2013,SP.POP.TOTL,42582455.0
ARG,2012,SP.POP.TOTL,42161721.0
ARM,2017,SP.POP.TOTL,2979400.0
ARM,2016,SP.POP.TOTL,2992300.0
ARM,2015,SP.POP.TOTL,3004600.0
ARM,2014,SP.POP.TOTL,3013800.0
ARM,2013,SP.POP.TOTL,3022000.0
ARM,2012,SP.POP.TOTL,3024100.0
ABW,2017,SP.POP.TOTL,108735.0
ABW,2016,SP.POP.TOTL,108727.0
ABW,2015,SP.POP.TOTL,107906.0
ABW,2014,SP.POP.TOTL,106807.0
ABW,2013,SP.POP.TOTL,105675.0
ABW,2012,SP.POP.TOTL,104110.0
AUS,2017,SP.POP.TOTL,24592588.0
AUS,2016,SP.POP.TOTL,24190907.0
AUS,2015,SP.POP.TOTL,23815995.0
AUS,2014,SP.POP.TOTL,23475686.0
AUS,2013,SP.POP.TOTL,23128129.0
AUS,2012,SP.POP.TOTL,22733465.0
AUT,2017,SP.POP.TOTL,8797566.0
AUT,2016,SP.POP.TOTL,8736668.0
AUT,2015,SP.POP.TOTL,8642699.0
AUT,2014,SP.POP.TOTL,8546356.0
AUT,2013,SP.POP.TOTL,8479823.0
AUT,2012,SP.POP.TOTL,8429991.0
AZE,2017,SP.POP.TOTL,9854033.0
AZE,2016,SP.POP.TOTL,9757812.0
AZE,2015,SP.POP.TOTL,9649341.0
AZE,2014,SP.POP.TOTL,9535079.0
AZE,2013,SP.POP.TOTL,9416801.0
AZE,2012,SP.POP.TOTL,9295784.0
BHS,2017,SP.POP.TOTL,390485.0
BHS,2016,SP.POP.TOTL,388055.0
BHS,2015,SP.POP.TOTL,385346.0
BHS,2014,SP.POP.TOTL,382298.0
BHS,2013,SP.POP.TOTL,378953.0
BHS,2012,SP.POP.TOTL,375469.0
BHR,2017,SP.POP.TOTL,1501116.0
BHR,2016,SP.POP.TOTL,1423726.0
BHR,2015,SP.POP.TOTL,1370322.0
BHR,2014,SP.POP.TOTL,1314562.0
BHR,2013,SP.POP.TOTL,1253191.0
BHR,2012,SP.POP.TOTL,1208964.0
BGD,2017,SP.POP.TOTL,162186147.0
BGD,2016,SP.POP.TOTL,160811932.0
BGD,2015,SP.POP.TOTL,159383179.0
BGD,2014,SP.POP.TOTL,157964929.0
BGD,2013,SP.POP.TOTL,156532141.0
BGD,2012,SP.POP.TOTL,155070101.0
BRB,2017,SP.POP.TOTL,280171.0
BRB,2016,SP.POP.TOTL,279598.0
BRB,2015,SP.POP.TOTL,278990.0
BRB,2014,SP.POP.TOTL,278348.0
BRB,2013,SP.POP.TOTL,277665.0
BRB,2012,SP.POP.TOTL,276938.0
BLR,2017,SP.POP.TOTL,9458989.0
BLR,2016,SP.POP.TOTL,9469379.0
BLR,2015,SP.POP.TOTL,9461076.0
BLR,2014,SP.POP.TOTL,9448515.0
BLR,2013,SP.POP.TOTL,9443211.0
BLR,2012,SP.POP.TOTL,9446836.0
BEL,2017,SP.POP.TOTL,11375158.0
BEL,2016,SP.POP.TOTL,11331422.0
BEL,2015,SP.POP.TOTL,11274196.0
BEL,2014,SP.POP.TOTL,11209057.0
BEL,2013,SP.POP.TOTL,11159407.0
BEL,2012,SP.POP.TOTL,11106932.0
BLZ,2017,SP.POP.TOTL,373202.0
BLZ,2016,SP.POP.TOTL,364705.0
BLZ,2015,SP.POP.TOTL,356333.0
BLZ,2014,SP.POP.TOTL,348923.0
BLZ,2013,SP.POP.TOTL,341627.0
BLZ,2012,SP.POP.TOTL,334414.0
BEN,2017,SP.POP.TOTL,12039780.0
BEN,2016,SP.POP.TOTL,11697842.0
BEN,2015,SP.POP.TOTL,11360681.0
BEN,2014,SP.POP.TOTL,11030004.0
BEN,2013,SP.POP.TOTL,10708834.0
BEN,2012,SP.POP.TOTL,10397657.0
BMU,2017,SP.POP.TOTL,63578.0
BMU,2016,SP.POP.TOTL,63449.0
BMU,2015,SP.POP.TOTL,63464.0
BMU,2014,SP.POP.TOTL,63529.0
BMU,2013,SP.POP.TOTL,63574.0
BMU,2012,SP.POP.TOTL,63646.0
BTN,2017,SP.POP.TOTL,754335.0
BTN,2016,SP.POP.TOTL,747866.0
BTN,2015,SP.POP.TOTL,740618.0
BTN,2014,SP.POP.TOTL,733139.0
BTN,2013,SP.POP.TOTL,725273.0
BTN,2012,SP.POP.TOTL,717279.0
BOL,2017,SP.POP.TOTL,11344587.0
BOL,2016,SP.POP.TOTL,11180020.0
BOL,2015,SP.POP.TOTL,11014705.0
BOL,2014,SP.POP.TOTL,10848888.0
BOL,2013,SP.POP.TOTL,10682608.0
BOL,2012,SP.POP.TOTL,10515807.0
BIH,2017,SP.POP.TOTL,3428682.0
BIH,2016,SP.POP.TOTL,3473003.0
BIH,2015,SP.POP.TOTL,3518541.0
BIH,2014,SP.POP.TOTL,3564829.0
BIH,2013,SP.POP.TOTL,3610859.0
BIH,2012,SP.POP.TOTL,3670113.0
BWA,2017,SP.POP.TOTL,2266747.0
BWA,2016,SP.POP.TOTL,2234776.0
BWA,2015,SP.POP.TOTL,2203273.0
BWA,2014,SP.POP.TOTL,2172044.0
BWA,2013,SP.POP.TOTL,2140682.0
BWA,2012,SP.POP.TOTL,2108617.0
BRA,2017,SP.POP.TOTL,204703445.0
BRA,2016,SP.POP.TOTL,203218114.0
BRA,2015,SP.POP.TOTL,201675532.0
BRA,2014,SP.POP.TOTL,200085127.0
BRA,2013,SP.POP.TOTL,198478299.0
BRA,2012,SP.POP.TOTL,196876111.0
VGB,2017,SP.POP.TOTL,32699.0
VGB,2016,SP.POP.TOTL,33878.0
VGB,2015,SP.POP.TOTL,34498.0
VGB,2014,SP.POP.TOTL,32962.0
VGB,2013,SP.POP.TOTL,31703.0
VGB,2012,SP.POP.TOTL,30345.0
BRN,2017,SP.POP.TOTL,432772.0
BRN,2016,SP.POP.TOTL,427564.0
BRN,2015,SP.POP.TOTL,422212.0
BRN,2014,SP.POP.TOTL,416750.0
BRN,2013,SP.POP.TOTL,411202.0
BRN,2012,SP.POP.TOTL,405557.0
BGR,2017,SP.POP.TOTL,6803468.0
BGR,2016,SP.POP.TOTL,6894139.0
BGR,2015,SP.POP.TOTL,6984225.0
BGR,2014,SP.POP.TOTL,7073572.0
BGR,2013,SP.POP.TOTL,7160005.0
BGR,2012,SP.POP.TOTL,7305888.0
BFA,2017,SP.POP.TOTL,19894407.0
BFA,2016,SP.POP.TOTL,19334856.0
BFA,2015,SP.POP.TOTL,18777487.0
BFA,2014,SP.POP.TOTL,18229461.0
BFA,2013,SP.POP.TOTL,17695409.0
BFA,2012,SP.POP.TOTL,17172287.0
BDI,2017,SP.POP.TOTL,11506762.0
BDI,2016,SP.POP.TOTL,11239451.0
BDI,2015,SP.POP.TOTL,11047580.0
BDI,2014,SP.POP.TOTL,10799785.0
BDI,2013,SP.POP.TOTL,10439341.0
BDI,2012,SP.POP.TOTL,10071028.0
CPV,2017,SP.POP.TOTL,512893.0
CPV,2016,SP.POP.TOTL,512554.0
CPV,2015,SP.POP.TOTL,512394.0
CPV,2014,SP.POP.TOTL,512326.0
CPV,2013,SP.POP.TOTL,512225.0
CPV,2012,SP.POP.TOTL,511955.0
KHM,2017,SP.POP.TOTL,16073372.0
KHM,2016,SP.POP.TOTL,15852803.0
KHM,2015,SP.POP.TOTL,15623251.0
KHM,2014,SP.POP.TOTL,15396772.0
KHM,2013,SP.POP.TOTL,15170208.0
KHM,2012,SP.POP.TOTL,14945085.0
CMR,2017,SP.POP.TOTL,24128601.0
CMR,2016,SP.POP.TOTL,23454161.0
CMR,2015,SP.POP.TOTL,22763414.0
CMR,2014,SP.POP.TOTL,22059893.0
CMR,2013,SP.POP.TOTL,21402376.0
CMR,2012,SP.POP.TOTL,20809529.0
CAN,2017,SP.POP.TOTL,36545075.0
CAN,2016,SP.POP.TOTL,36110803.0
CAN,2015,SP.POP.TOTL,35704498.0
CAN,2014,SP.POP.TOTL,35434066.0
CAN,2013,SP.POP.TOTL,35080992.0
CAN,2012,SP.POP.TOTL,34713395.0
CYM,2017,SP.POP.TOTL,64535.0
CYM,2016,SP.POP.TOTL,63100.0
CYM,2015,SP.POP.TOTL,61642.0
CYM,2014,SP.POP.TOTL,60160.0
CYM,2013,SP.POP.TOTL,58655.0
CYM,2012,SP.POP.TOTL,57136.0
CAF,2017,SP.POP.TOTL,4793511.0
CAF,2016,SP.POP.TOTL,4713663.0
CAF,2015,SP.POP.TOTL,4629320.0
CAF,2014,SP.POP.TOTL,4623182.0
CAF,2013,SP.POP.TOTL,4642419.0
CAF,2012,SP.POP.TOTL,4610848.0
TCD,2017,SP.POP.TOTL,15622759.0
TCD,2016,SP.POP.TOTL,15114655.0
TCD,2015,SP.POP.TOTL,14647621.0
TCD,2014,SP.POP.TOTL,14188678.0
TCD,2013,SP.POP.TOTL,13691079.0
TCD,2012,SP.POP.TOTL,13210998.0
CHI,2017,SP.POP.TOTL,164319.0
CHI,2016,SP.POP.TOTL,163883.0
CHI,2015,SP.POP.TOTL,163454.0
CHI,2014,SP.POP.TOTL,162726.0
CHI,2013,SP.POP.TOTL,161777.0
CHI,2012,SP.POP.TOTL,160767.0
CHL,2017,SP.POP.TOTL,18558868.0
CHL,2016,SP.POP.TOTL,18267221.0
CHL,2015,SP.POP.TOTL,18047625.0
CHL,2014,SP.POP.TOTL,17864195.0
CHL,2013,SP.POP.TOTL,17687006.0
CHL,2012,SP.POP.TOTL,17519119.0
CHN,2017,SP.POP.TOTL,1396215000.0
CHN,2016,SP.POP.TOTL,1387790000.0
CHN,2015,SP.POP.TOTL,1379860000.0
CHN,2014,SP.POP.TOTL,1371860000.0
CHN,2013,SP.POP.TOTL,1363240000.0
CHN,2012,SP.POP.TOTL,1354190000.0
COL,2017,SP.POP.TOTL,48131078.0
COL,2016,SP.POP.TOTL,47437512.0
COL,2015,SP.POP.TOTL,46969940.0
COL,2014,SP.POP.TOTL,46565429.0
COL,2013,SP.POP.TOTL,46151584.0
COL,2012,SP.POP.TOTL,45715810.0
COM,2017,SP.POP.TOTL,756669.0
COM,2016,SP.POP.TOTL,741741.0
COM,2015,SP.POP.TOTL,726682.0
COM,2014,SP.POP.TOTL,711503.0
COM,2013,SP.POP.TOTL,696192.0
COM,2012,SP.POP.TOTL,681630.0
COD,2017,SP.POP.TOTL,87083398.0
COD,2016,SP.POP.TOTL,83956415.0
COD,2015,SP.POP.TOTL,81035531.0
COD,2014,SP.POP.TOTL,78403242.0
COD,2013,SP.POP.TOTL,75789395.0
COD,2012,SP.POP.TOTL,73254618.0
COG,2017,SP.POP.TOTL,5351011.0
COG,2016,SP.POP.TOTL,5222536.0
COG,2015,SP.POP.TOTL,5097581.0
COG,2014,SP.POP.TOTL,4975880.0
COG,2013,SP.POP.TOTL,4857099.0
COG,2012,SP.POP.TOTL,4740450.0
CRI,2017,SP.POP.TOTL,4913177.0
CRI,2016,SP.POP.TOTL,4866998.0
CRI,2015,SP.POP.TOTL,4818038.0
CRI,2014,SP.POP.TOTL,4767119.0
CRI,2013,SP.POP.TOTL,4716147.0
CRI,2012,SP.POP.TOTL,4663934.0
CIV,2017,SP.POP.TOTL,26733372.0
CIV,2016,SP.POP.TOTL,25989405.0
CIV,2015,SP.POP.TOTL,25246342.0
CIV,2014,SP.POP.TOTL,24527395.0
CIV,2013,SP.POP.TOTL,23939775.0
CIV,2012,SP.POP.TOTL,23467078.0
HRV,2017,SP.POP.TOTL,4041407.0
HRV,2016,SP.POP.TOTL,4106867.0
HRV,2015,SP.POP.TOTL,4151725.0
HRV,2014,SP.POP.TOTL,4201598.0
HRV,2013,SP.POP.TOTL,4233922.0
HRV,2012,SP.POP.TOTL,4260368.0
CUB,2017,SP.POP.TOTL,11247829.0
CUB,2016,SP.POP.TOTL,11265612.0
CUB,2015,SP.POP.TOTL,11275065.0
CUB,2014,SP.POP.TOTL,11285775.0
CUB,2013,SP.POP.TOTL,11298167.0
CUB,2012,SP.POP.TOTL,11303175.0
CUW,2017,SP.POP.TOTL,160175.0
CUW,2016,SP.POP.TOTL,159664.0
CUW,2015,SP.POP.TOTL,157980.0
CUW,2014,SP.POP.TOTL,155909.0
CUW,2013,SP.POP.TOTL,153822.0
CUW,2012,SP.POP.TOTL,152088.0
CYP,2017,SP.POP.TOTL,1254275.0
CYP,2016,SP.POP.TOTL,1237112.0
CYP,2015,SP.POP.TOTL,1219502.0
CYP,2014,SP.POP.TOTL,1201801.0
CYP,2013,SP.POP.TOTL,1183895.0
CYP,2012,SP.POP.TOTL,1165397.0
CZE,2017,SP.POP.TOTL,10594438.0
CZE,2016,SP.POP.TOTL,10566332.0
CZE,2015,SP.POP.TOTL,10546059.0
CZE,2014,SP.POP.TOTL,10525347.0
CZE,2013,SP.POP.TOTL,10514272.0
CZE,2012,SP.POP.TOTL,10510785.0
DNK,2017,SP.POP.TOTL,5764980.0
DNK,2016,SP.POP.TOTL,5728010.0
DNK,2015,SP.POP.TOTL,5683483.0
DNK,2014,SP.POP.TOTL,5643475.0
DNK,2013,SP.POP.TOTL,5614932.0
DNK,2012,SP.POP.TOTL,5591572.0
DJI,2017,SP.POP.TOTL,1054841.0
DJI,2016,SP.POP.TOTL,1037653.0
DJI,2015,SP.POP.TOTL,1020313.0
DJI,2014,SP.POP.TOTL,1002717.0
DJI,2013,SP.POP.TOTL,984824.0
DJI,2012,SP.POP.TOTL,966747.0
DMA,2017,SP.POP.TOTL,68496.0
DMA,2016,SP.POP.TOTL,69606.0
DMA,2015,SP.POP.TOTL,70410.0
DMA,2014,SP.POP.TOTL,70373.0
DMA,2013,SP.POP.TOTL,69715.0
DMA,2012,SP.POP.TOTL,69118.0
DOM,2017,SP.POP.TOTL,10666843.0
DOM,2016,SP.POP.TOTL,10551430.0
DOM,2015,SP.POP.TOTL,10434829.0
DOM,2014,SP.POP.TOTL,10315528.0
DOM,2013,SP.POP.TOTL,10193833.0
DOM,2012,SP.POP.TOTL,10070411.0
ECU,2017,SP.POP.TOTL,16759519.0
ECU,2016,SP.POP.TOTL,16505139.0
ECU,2015,SP.POP.TOTL,16266225.0
ECU,2014,SP.POP.TOTL,16035124.0
ECU,2013,SP.POP.TOTL,15807128.0
ECU,2012,SP.POP.TOTL,15572194.0
EGY,2017,SP.POP.TOTL,103696057.0
EGY,2016,SP.POP.TOTL,101644589.0
EGY,2015,SP.POP.TOTL,99597342.0
EGY,2014,SP.POP.TOTL,97528654.0
EGY,2013,SP.POP.TOTL,95333553.0
EGY,2012,SP.POP.TOTL,93161001.0
SLV,2017,SP.POP.TOTL,6213533.0
SLV,2016,SP.POP.TOTL,6200800.0
SLV,2015,SP.POP.TOTL,6183676.0
SLV,2014,SP.POP.TOTL,6162955.0
SLV,2013,SP.POP.TOTL,6138839.0
SLV,2012,SP.POP.TOTL,6113975.0
GNQ,2017,SP.POP.TOTL,1562396.0
GNQ,2016,SP.POP.TOTL,1508186.0
GNQ,2015,SP.POP.TOTL,1453923.0
GNQ,2014,SP.POP.TOTL,1399828.0
GNQ,2013,SP.POP.TOTL,1346218.0
GNQ,2012,SP.POP.TOTL,1293483.0
ERI,2017,SP.POP.TOTL,3150347.0
ERI,2016,SP.POP.TOTL,3124698.0
ERI,2015,SP.POP.TOTL,3105546.0
ERI,2014,SP.POP.TOTL,3095173.0
ERI,2013,SP.POP.TOTL,3074360.0
ERI,2012,SP.POP.TOTL,3036988.0
EST,2017,SP.POP.TOTL,1317384.0
EST,2016,SP.POP.TOTL,1315790.0
EST,2015,SP.POP.TOTL,1315407.0
EST,2014,SP.POP.TOTL,1314545.0
EST,2013,SP.POP.TOTL,1317997.0
EST,2012,SP.POP.TOTL,1322696.0
SWZ,2017,SP.POP.TOTL,1158195.0
SWZ,2016,SP.POP.TOTL,1149507.0
SWZ,2015,SP.POP.TOTL,1142813.0
SWZ,2014,SP.POP.TOTL,1136299.0
SWZ,2013,SP.POP.TOTL,1129990.0
SWZ,2012,SP.POP.TOTL,1123863.0
ETH,2017,SP.POP.TOTL,109666481.0
ETH,2016,SP.POP.TOTL,106718162.0
ETH,2015,SP.POP.TOTL,103867135.0
ETH,2014,SP.POP.TOTL,101115610.0
ETH,2013,SP.POP.TOTL,98438751.0
ETH,2012,SP.POP.TOTL,95798767.0
FRO,2017,SP.POP.TOTL,50179.0
FRO,2016,SP.POP.TOTL,49463.0
FRO,2015,SP.POP.TOTL,48898.0
FRO,2014,SP.POP.TOTL,48427.0
FRO,2013,SP.POP.TOTL,48245.0
FRO,2012,SP.POP.TOTL,48290.0
FJI,2017,SP.POP.TOTL,918759.0
FJI,2016,SP.POP.TOTL,919166.0
FJI,2015,SP.POP.TOTL,918578.0
FJI,2014,SP.POP.TOTL,917585.0
FJI,2013,SP.POP.TOTL,916352.0
FJI,2012,SP.POP.TOTL,914918.0
FIN,2017,SP.POP.TOTL,5508214.0
FIN,2016,SP.POP.TOTL,5495303.0
FIN,2015,SP.POP.TOTL,5479531.0
FIN,2014,SP.POP.TOTL,5461512.0
FIN,2013,SP.POP.TOTL,5438972.0
FIN,2012,SP.POP.TOTL,5413971.0
FRA,2017,SP.POP.TOTL,66918020.0
FRA,2016,SP.POP.TOTL,66724104.0
FRA,2015,SP.POP.TOTL,66548272.0
FRA,2014,SP.POP.TOTL,66312067.0
FRA,2013,SP.POP.TOTL,65997932.0
FRA,2012,SP.POP.TOTL,65657659.0
PYF,2017,SP.POP.TOTL,280087.0
PYF,2016,SP.POP.TOTL,279178.0
PYF,2015,SP.POP.TOTL,277866.0
PYF,2014,SP.POP.TOTL,276387.0
PYF,2013,SP.POP.TOTL,274728.0
PYF,2012,SP.POP.TOTL,273084.0
GAB,2017,SP.POP.TOTL,2156900.0
GAB,2016,SP.POP.TOTL,2100306.0
GAB,2015,SP.POP.TOTL,2040989.0
GAB,2014,SP.POP.TOTL,1978399.0
GAB,2013,SP.POP.TOTL,1913059.0
GAB,2012,SP.POP.TOTL,1846889.0
GMB,2017,SP.POP.TOTL,2342189.0
GMB,2016,SP.POP.TOTL,2283769.0
GMB,2015,SP.POP.TOTL,2224529.0
GMB,2014,SP.POP.TOTL,2164528.0
GMB,2013,SP.POP.TOTL,2103820.0
GMB,2012,SP.POP.TOTL,2043094.0
GEO,2017,SP.POP.TOTL,3728004.0
GEO,2016,SP.POP.TOTL,3727505.0
GEO,2015,SP.POP.TOTL,3725276.0
GEO,2014,SP.POP.TOTL,3719414.0
GEO,2013,SP.POP.TOTL,3717668.0
GEO,2012,SP.POP.TOTL,3728874.0
DEU,2017,SP.POP.TOTL,82657002.0
DEU,2016,SP.POP.TOTL,82348669.0
DEU,2015,SP.POP.TOTL,81686611.0
DEU,2014,SP.POP.TOTL,80982500.0
DEU,2013,SP.POP.TOTL,80645605.0
DEU,2012,SP.POP.TOTL,80425823.0
GHA,2017,SP.POP.TOTL,30008354.0
GHA,2016,SP.POP.TOTL,29356742.0
GHA,2015,SP.POP.TOTL,28696068.0
GHA,2014,SP.POP.TOTL,28041592.0
GHA,2013,SP.POP.TOTL,27386193.0
GHA,2012,SP.POP.TOTL,26734268.0
GIB,2017,SP.POP.TOTL,34245.0
GIB,2016,SP.POP.TOTL,33658.0
GIB,2015,SP.POP.TOTL,33193.0
GIB,2014,SP.POP.TOTL,32813.0
GIB,2013,SP.POP.TOTL,32407.0
GIB,2012,SP.POP.TOTL,32029.0
GRC,2017,SP.POP.TOTL,10754679.0
GRC,2016,SP.POP.TOTL,10775971.0
GRC,2015,SP.POP.TOTL,10820883.0
GRC,2014,SP.POP.TOTL,10892413.0
GRC,2013,SP.POP.TOTL,10965211.0
GRC,2012,SP.POP.TOTL,11045011.0
GRL,2017,SP.POP.TOTL,56172.0
GRL,2016,SP.POP.TOTL,56186.0
GRL,2015,SP.POP.TOTL,56114.0
GRL,2014,SP.POP.TOTL,56295.0
GRL,2013,SP.POP.TOTL,56483.0
GRL,2012,SP.POP.TOTL,56810.0
GRD,2017,SP.POP.TOTL,115438.0
GRD,2016,SP.POP.TOTL,115130.0
GRD,2015,SP.POP.TOTL,114676.0
GRD,2014,SP.POP.TOTL,114132.0
GRD,2013,SP.POP.TOTL,113487.0
GRD,2012,SP.POP.TOTL,112775.0
GUM,2017,SP.POP.TOTL,163490.0
GUM,2016,SP.POP.TOTL,164233.0
GUM,2015,SP.POP.TOTL,164905.0
GUM,2014,SP.POP.TOTL,165486.0
GUM,2013,SP.POP.TOTL,165966.0
GUM,2012,SP.POP.TOTL,166331.0
GTM,2017,SP.POP.TOTL,16567357.0
GTM,2016,SP.POP.TOTL,16268760.0
GTM,2015,SP.POP.TOTL,15971743.0
GTM,2014,SP.POP.TOTL,15681725.0
GTM,2013,SP.POP.TOTL,15387337.0
GTM,2012,SP.POP.TOTL,15089647.0
GIN,2017,SP.POP.TOTL,12385659.0
GIN,2016,SP.POP.TOTL,12073030.0
GIN,2015,SP.POP.TOTL,11767070.0
GIN,2014,SP.POP.TOTL,11472924.0
GIN,2013,SP.POP.TOTL,11191873.0
GIN,2012,SP.POP.TOTL,10921581.0
GNB,2017,SP.POP.TOTL,1877072.0
GNB,2016,SP.POP.TOTL,1831893.0
GNB,2015,SP.POP.TOTL,1786457.0
GNB,2014,SP.POP.TOTL,1741122.0
GNB,2013,SP.POP.TOTL,1695973.0
GNB,2012,SP.POP.TOTL,1651417.0
GUY,2017,SP.POP.TOTL,768479.0
GUY,2016,SP.POP.TOTL,763548.0
GUY,2015,SP.POP.TOTL,758781.0
GUY,2014,SP.POP.TOTL,754229.0
GUY,2013,SP.POP.TOTL,750021.0
GUY,2012,SP.POP.TOTL,746288.0
HTI,2017,SP.POP.TOTL,10817754.0
HTI,2016,SP.POP.TOTL,10671457.0
HTI,2015,SP.POP.TOTL,10523242.0
HTI,2014,SP.POP.TOTL,10373235.0
HTI,2013,SP.POP.TOTL,10222362.0
HTI,2012,SP.POP.TOTL,10069771.0
HND,2017,SP.POP.TOTL,9588137.0
HND,2016,SP.POP.TOTL,9412380.0
HND,2015,SP.POP.TOTL,9237305.0
HND,2014,SP.POP.TOTL,9063122.0
HND,2013,SP.POP.TOTL,8889278.0
HND,2012,SP.POP.TOTL,8715076.0
HKG,2017,SP.POP.TOTL,7393200.0
HKG,2016,SP.POP.TOTL,7336600.0
HKG,2015,SP.POP.TOTL,7291300.0
HKG,2014,SP.POP.TOTL,7229500.0
HKG,2013,SP.POP.TOTL,7178900.0
HKG,2012,SP.POP.TOTL,7150100.0
HUN,2017,SP.POP.TOTL,9726756.0
HUN,2016,SP.POP.TOTL,9759755.0
HUN,2015,SP.POP.TOTL,9797755.0
HUN,2014,SP.POP.TOTL,9833038.0
HUN,2013,SP.POP.TOTL,9872734.0
HUN,2012,SP.POP.TOTL,9920362.0
ISL,2017,SP.POP.TOTL,343400.0
ISL,2016,SP.POP.TOTL,335439.0
ISL,2015,SP.POP.TOTL,330815.0
ISL,2014,SP.POP.TOTL,327386.0
ISL,2013,SP.POP.TOTL,323764.0
ISL,2012,SP.POP.TOTL,320716.0
IND,2017,SP.POP.TOTL,1359657400.0
IND,2016,SP.POP.TOTL,1343944296.0
IND,2015,SP.POP.TOTL,1328024498.0
IND,2014,SP.POP.TOTL,1312277191.0
IND,2013,SP.POP.TOTL,1295829511.0
IND,2012,SP.POP.TOTL,1278674502.0
IDN,2017,SP.POP.TOTL,267346658.0
IDN,2016,SP.POP.TOTL,264627418.0
IDN,2015,SP.POP.TOTL,261799249.0
IDN,2014,SP.POP.TOTL,258877399.0
IDN,2013,SP.POP.TOTL,255852467.0
IDN,2012,SP.POP.TOTL,252698525.0
IRN,2017,SP.POP.TOTL,85026754.0
IRN,2016,SP.POP.TOTL,83812228.0
IRN,2015,SP.POP.TOTL,82619362.0
IRN,2014,SP.POP.TOTL,81502045.0
IRN,2013,SP.POP.TOTL,80414686.0
IRN,2012,SP.POP.TOTL,79370580.0
IRQ,2017,SP.POP.TOTL,39337353.0
IRQ,2016,SP.POP.TOTL,38469627.0
IRQ,2015,SP.POP.TOTL,37560535.0
IRQ,2014,SP.POP.TOTL,36550059.0
IRQ,2013,SP.POP.TOTL,35281989.0
IRQ,2012,SP.POP.TOTL,33654842.0
IRL,2017,SP.POP.TOTL,4827445.0
IRL,2016,SP.POP.TOTL,4762722.0
IRL,2015,SP.POP.TOTL,4701957.0
IRL,2014,SP.POP.TOTL,4657740.0
IRL,2013,SP.POP.TOTL,4623816.0
IRL,2012,SP.POP.TOTL,4599533.0
IMN,2017,SP.POP.TOTL,83609.0
IMN,2016,SP.POP.TOTL,83466.0
IMN,2015,SP.POP.TOTL,83593.0
IMN,2014,SP.POP.TOTL,83892.0
IMN,2013,SP.POP.TOTL,84141.0
IMN,2012,SP.POP.TOTL,84335.0
ISR,2017,SP.POP.TOTL,8713300.0
ISR,2016,SP.POP.TOTL,8546000.0
ISR,2015,SP.POP.TOTL,8380100.0
ISR,2014,SP.POP.TOTL,8215700.0
ISR,2013,SP.POP.TOTL,8059500.0
ISR,2012,SP.POP.TOTL,7910500.0
ITA,2017,SP.POP.TOTL,60002252.0
ITA,2016,SP.POP.TOTL,60115223.0
ITA,2015,SP.POP.TOTL,60229605.0
ITA,2014,SP.POP.TOTL,60320707.0
ITA,2013,SP.POP.TOTL,60311613.0
ITA,2012,SP.POP.TOTL,60191247.0
JAM,2017,SP.POP.TOTL,2815764.0
JAM,2016,SP.POP.TOTL,2809915.0
JAM,2015,SP.POP.TOTL,2802534.0
JAM,2014,SP.POP.TOTL,2793749.0
JAM,2013,SP.POP.TOTL,2783687.0
JAM,2012,SP.POP.TOTL,2772430.0
JPN,2017,SP.POP.TOTL,126972000.0
JPN,2016,SP.POP.TOTL,127076000.0
JPN,2015,SP.POP.TOTL,127141000.0
JPN,2014,SP.POP.TOTL,127276000.0
JPN,2013,SP.POP.TOTL,127445000.0
JPN,2012,SP.POP.TOTL,127629000.0
JOR,2017,SP.POP.TOTL,10234226.0
JOR,2016,SP.POP.TOTL,10006367.0
JOR,2015,SP.POP.TOTL,9544729.0
JOR,2014,SP.POP.TOTL,8791710.0
JOR,2013,SP.POP.TOTL,7991809.0
JOR,2012,SP.POP.TOTL,7587127.0
KAZ,2017,SP.POP.TOTL,18651931.0
KAZ,2016,SP.POP.TOTL,18363600.0
KAZ,2015,SP.POP.TOTL,18084169.0
KAZ,2014,SP.POP.TOTL,17816285.0
KAZ,2013,SP.POP.TOTL,17556502.0
KAZ,2012,SP.POP.TOTL,17306106.0
KEN,2017,SP.POP.TOTL,49197766.0
KEN,2016,SP.POP.TOTL,48139687.0
KEN,2015,SP.POP.TOTL,47088526.0
KEN,2014,SP.POP.TOTL,46051440.0
KEN,2013,SP.POP.TOTL,44986791.0
KEN,2012,SP.POP.TOTL,43888303.0
KIR,2017,SP.POP.TOTL,120275.0
KIR,2016,SP.POP.TOTL,118478.0
KIR,2015,SP.POP.TOTL,116815.0
KIR,2014,SP.POP.TOTL,115326.0
KIR,2013,SP.POP.TOTL,113838.0
KIR,2012,SP.POP.TOTL,112284.0
PRK,2017,SP.POP.TOTL,25817709.0
PRK,2016,SP.POP.TOTL,25698326.0
PRK,2015,SP.POP.TOTL,25575350.0
PRK,2014,SP.POP.TOTL,25451262.0
PRK,2013,SP.POP.TOTL,25329451.0
PRK,2012,SP.POP.TOTL,25211728.0
KOR,2017,SP.POP.TOTL,51361911.0
KOR,2016,SP.POP.TOTL,51217803.0
KOR,2015,SP.POP.TOTL,51014947.0
KOR,2014,SP.POP.TOTL,50746659.0
KOR,2013,SP.POP.TOTL,50428893.0
KOR,2012,SP.POP.TOTL,50199853.0
XKX,2017,SP.POP.TOTL,1791019.0
XKX,2016,SP.POP.TOTL,1777568.0
XKX,2015,SP.POP.TOTL,1788274.0
XKX,2014,SP.POP.TOTL,1812788.0
XKX,2013,SP.POP.TOTL,1818119.0
XKX,2012,SP.POP.TOTL,1807126.0
KWT,2017,SP.POP.TOTL,4154812.0
KWT,2016,SP.POP.TOTL,4004096.0
KWT,2015,SP.POP.TOTL,3834574.0
KWT,2014,SP.POP.TOTL,3665876.0
KWT,2013,SP.POP.TOTL,3507844.0
KWT,2012,SP.POP.TOTL,3337109.0
KGZ,2017,SP.POP.TOTL,6306696.0
KGZ,2016,SP.POP.TOTL,6175338.0
KGZ,2015,SP.POP.TOTL,6040036.0
KGZ,2014,SP.POP.TOTL,5905848.0
KGZ,2013,SP.POP.TOTL,5777150.0
KGZ,2012,SP.POP.TOTL,5652076.0
LAO,2017,SP.POP.TOTL,7018147.0
LAO,2016,SP.POP.TOTL,6908802.0
LAO,2015,SP.POP.TOTL,6801645.0
LAO,2014,SP.POP.TOTL,6703172.0
LAO,2013,SP.POP.TOTL,6611385.0
LAO,2012,SP.POP.TOTL,6518978.0
LVA,2017,SP.POP.TOTL,1942248.0
LVA,2016,SP.POP.TOTL,1959537.0
LVA,2015,SP.POP.TOTL,1977527.0
LVA,2014,SP.POP.TOTL,1993782.0
LVA,2013,SP.POP.TOTL,2012647.0
LVA,2012,SP.POP.TOTL,2034319.0
LBN,2017,SP.POP.TOTL,6160128.0
LBN,2016,SP.POP.TOTL,6323060.0
LBN,2015,SP.POP.TOTL,6472469.0
LBN,2014,SP.POP.TOTL,6346990.0
LBN,2013,SP.POP.TOTL,5743436.0
LBN,2012,SP.POP.TOTL,5235742.0
LSO,2017,SP.POP.TOTL,2157110.0
LSO,2016,SP.POP.TOTL,2130422.0
LSO,2015,SP.POP.TOTL,2104611.0
LSO,2014,SP.POP.TOTL,2080089.0
LSO,2013,SP.POP.TOTL,2056504.0
LSO,2012,SP.POP.TOTL,2034354.0
LBR,2017,SP.POP.TOTL,4848925.0
LBR,2016,SP.POP.TOTL,4755608.0
LBR,2015,SP.POP.TOTL,4659431.0
LBR,2014,SP.POP.TOTL,4564293.0
LBR,2013,SP.POP.TOTL,4470239.0
LBR,2012,SP.POP.TOTL,4373043.0
LBY,2017,SP.POP.TOTL,6738770.0
LBY,2016,SP.POP.TOTL,6632126.0
LBY,2015,SP.POP.TOTL,6531819.0
LBY,2014,SP.POP.TOTL,6427252.0
LBY,2013,SP.POP.TOTL,6304628.0
LBY,2012,SP.POP.TOTL,6179328.0
LIE,2017,SP.POP.TOTL,37962.0
LIE,2016,SP.POP.TOTL,37716.0
LIE,2015,SP.POP.TOTL,37494.0
LIE,2014,SP.POP.TOTL,37248.0
LIE,2013,SP.POP.TOTL,36984.0
LIE,2012,SP.POP.TOTL,36657.0
LTU,2017,SP.POP.TOTL,2842639.0
LTU,2016,SP.POP.TOTL,2877325.0
LTU,2015,SP.POP.TOTL,2911109.0
LTU,2014,SP.POP.TOTL,2937253.0
LTU,2013,SP.POP.TOTL,2961250.0
LTU,2012,SP.POP.TOTL,2989139.0
LUX,2017,SP.POP.TOTL,596336.0
LUX,2016,SP.POP.TOTL,582014.0
LUX,2015,SP.POP.TOTL,569604.0
LUX,2014,SP.POP.TOTL,556319.0
LUX,2013,SP.POP.TOTL,543360.0
LUX,2012,SP.POP.TOTL,530946.0
MAC,2017,SP.POP.TOTL,648400.0
MAC,2016,SP.POP.TOTL,652500.0
MAC,2015,SP.POP.TOTL,642900.0
MAC,2014,SP.POP.TOTL,621700.0
MAC,2013,SP.POP.TOTL,591900.0
MAC,2012,SP.POP.TOTL,567900.0
MDG,2017,SP.POP.TOTL,26788375.0
MDG,2016,SP.POP.TOTL,26099952.0
MDG,2015,SP.POP.TOTL,25426702.0
MDG,2014,SP.POP.TOTL,24764348.0
MDG,2013,SP.POP.TOTL,24109290.0
MDG,2012,SP.POP.TOTL,23462438.0
MWI,2017,SP.POP.TOTL,18039715.0
MWI,2016,SP.POP.TOTL,17557739.0
MWI,2015,SP.POP.TOTL,17085587.0
MWI,2014,SP.POP.TOTL,16621538.0
MWI,2013,SP.POP.TOTL,16161816.0
MWI,2012,SP.POP.TOTL,15709577.0
MYS,2017,SP.POP.TOTL,32355644.0
MYS,2016,SP.POP.TOTL,31789685.0
MYS,2015,SP.POP.TOTL,31232798.0
MYS,2014,SP.POP.TOTL,30696137.0
MYS,2013,SP.POP.TOTL,30174265.0
MYS,2012,SP.POP.TOTL,29662831.0
MDV,2017,SP.POP.TOTL,458287.0
MDV,2016,SP.POP.TOTL,443308.0
MDV,2015,SP.POP.TOTL,428154.0
MDV,2014,SP.POP.TOTL,413617.0
MDV,2013,SP.POP.TOTL,400070.0
MDV,2012,SP.POP.TOTL,386818.0
MLI,2017,SP.POP.TOTL,19813011.0
MLI,2016,SP.POP.TOTL,19191289.0
MLI,2015,SP.POP.TOTL,18593022.0
MLI,2014,SP.POP.TOTL,18020267.0
MLI,2013,SP.POP.TOTL,17459615.0
MLI,2012,SP.POP.TOTL,16957033.0
MLT,2017,SP.POP.TOTL,467106.0
MLT,2016,SP.POP.TOTL,454505.0
MLT,2015,SP.POP.TOTL,444220.0
MLT,2014,SP.POP.TOTL,433481.0
MLT,2013,SP.POP.TOTL,424810.0
MLT,2012,SP.POP.TOTL,420028.0
MHL,2017,SP.POP.TOTL,46529.0
MHL,2016,SP.POP.TOTL,47709.0
MHL,2015,SP.POP.TOTL,48800.0
MHL,2014,SP.POP.TOTL,49796.0
MHL,2013,SP.POP.TOTL,50681.0
MHL,2012,SP.POP.TOTL,51419.0
MRT,2017,SP.POP.TOTL,4210600.0
MRT,2016,SP.POP.TOTL,4086657.0
MRT,2015,SP.POP.TOTL,3965959.0
MRT,2014,SP.POP.TOTL,3848514.0
MRT,2013,SP.POP.TOTL,3734318.0
MRT,2012,SP.POP.TOTL,3619034.0
MUS,2017,SP.POP.TOTL,1264887.0
MUS,2016,SP.POP.TOTL,1263747.0
MUS,2015,SP.POP.TOTL,1262879.0
MUS,2014,SP.POP.TOTL,1261208.0
MUS,2013,SP.POP.TOTL,1258927.0
MUS,2012,SP.POP.TOTL,1255882.0
MEX,2017,SP.POP.TOTL,123400057.0
MEX,2016,SP.POP.TOTL,122251351.0
MEX,2015,SP.POP.TOTL,121072306.0
MEX,2014,SP.POP.TOTL,119784261.0
MEX,2013,SP.POP.TOTL,118343573.0
MEX,2012,SP.POP.TOTL,116818208.0
FSM,2017,SP.POP.TOTL,109481.0
FSM,2016,SP.POP.TOTL,109075.0
FSM,2015,SP.POP.TOTL,108716.0
FSM,2014,SP.POP.TOTL,108396.0
FSM,2013,SP.POP.TOTL,108121.0
FSM,2012,SP.POP.TOTL,107890.0
MDA,2017,SP.POP.TOTL,2755189.0
MDA,2016,SP.POP.TOTL,2803186.0
MDA,2015,SP.POP.TOTL,2835978.0
MDA,2014,SP.POP.TOTL,2857815.0
MDA,2013,SP.POP.TOTL,2859558.0
MDA,2012,SP.POP.TOTL,2860324.0
MCO,2017,SP.POP.TOTL,37678.0
MCO,2016,SP.POP.TOTL,37276.0
MCO,2015,SP.POP.TOTL,36757.0
MCO,2014,SP.POP.TOTL,36128.0
MCO,2013,SP.POP.TOTL,35447.0
MCO,2012,SP.POP.TOTL,34711.0
MNG,2017,SP.POP.TOTL,3148917.0
MNG,2016,SP.POP.TOTL,3088856.0
MNG,2015,SP.POP.TOTL,3026864.0
MNG,2014,SP.POP.TOTL,2963113.0
MNG,2013,SP.POP.TOTL,2899011.0
MNG,2012,SP.POP.TOTL,2839705.0
MNE,2017,SP.POP.TOTL,625982.0
MNE,2016,SP.POP.TOTL,625353.0
MNE,2015,SP.POP.TOTL,624651.0
MNE,2014,SP.POP.TOTL,623744.0
MNE,2013,SP.POP.TOTL,622587.0
MNE,2012,SP.POP.TOTL,621418.0
MAR,2017,SP.POP.TOTL,35446392.0
MAR,2016,SP.POP.TOTL,35023457.0
MAR,2015,SP.POP.TOTL,34607588.0
MAR,2014,SP.POP.TOTL,34204780.0
MAR,2013,SP.POP.TOTL,33787571.0
MAR,2012,SP.POP.TOTL,33355241.0
MOZ,2017,SP.POP.TOTL,28166393.0
MOZ,2016,SP.POP.TOTL,27337105.0
MOZ,2015,SP.POP.TOTL,26547572.0
MOZ,2014,SP.POP.TOTL,25788475.0
MOZ,2013,SP.POP.TOTL,25051611.0
MOZ,2012,SP.POP.TOTL,24337846.0
MMR,2017,SP.POP.TOTL,51894938.0
MMR,2016,SP.POP.TOTL,51495696.0
MMR,2015,SP.POP.TOTL,51089056.0
MMR,2014,SP.POP.TOTL,50681634.0
MMR,2013,SP.POP.TOTL,50262658.0
MMR,2012,SP.POP.TOTL,49837446.0
NAM,2017,SP.POP.TOTL,2506853.0
NAM,2016,SP.POP.TOTL,2439213.0
NAM,2015,SP.POP.TOTL,2374300.0
NAM,2014,SP.POP.TOTL,2312139.0
NAM,2013,SP.POP.TOTL,2252508.0
NAM,2012,SP.POP.TOTL,2194654.0
NRU,2017,SP.POP.TOTL,11324.0
NRU,2016,SP.POP.TOTL,11150.0
NRU,2015,SP.POP.TOTL,10954.0
NRU,2014,SP.POP.TOTL,10742.0
NRU,2013,SP.POP.TOTL,10517.0
NRU,2012,SP.POP.TOTL,10267.0
NPL,2017,SP.POP.TOTL,28011258.0
NPL,2016,SP.POP.TOTL,27955462.0
NPL,2015,SP.POP.TOTL,27823629.0
NPL,2014,SP.POP.TOTL,27672370.0
NPL,2013,SP.POP.TOTL,27589996.0
NPL,2012,SP.POP.TOTL,27534915.0
NLD,2017,SP.POP.TOTL,17131296.0
NLD,2016,SP.POP.TOTL,17030314.0
NLD,2015,SP.POP.TOTL,16939923.0
NLD,2014,SP.POP.TOTL,16865008.0
NLD,2013,SP.POP.TOTL,16804432.0
NLD,2012,SP.POP.TOTL,16754962.0
NCL,2017,SP.POP.TOTL,283546.0
NCL,2016,SP.POP.TOTL,283423.0
NCL,2015,SP.POP.TOTL,283168.0
NCL,2014,SP.POP.TOTL,281224.0
NCL,2013,SP.POP.TOTL,276822.0
NCL,2012,SP.POP.TOTL,271633.0
NZL,2017,SP.POP.TOTL,4813600.0
NZL,2016,SP.POP.TOTL,4714100.0
NZL,2015,SP.POP.TOTL,4609400.0
NZL,2014,SP.POP.TOTL,4516500.0
NZL,2013,SP.POP.TOTL,4442100.0
NZL,2012,SP.POP.TOTL,4408100.0
NIC,2017,SP.POP.TOTL,6316231.0
NIC,2016,SP.POP.TOTL,6232666.0
NIC,2015,SP.POP.TOTL,6149417.0
NIC,2014,SP.POP.TOTL,6066492.0
NIC,2013,SP.POP.TOTL,5983845.0
NIC,2012,SP.POP.TOTL,5901287.0
NER,2017,SP.POP.TOTL,21435446.0
NER,2016,SP.POP.TOTL,20685753.0
NER,2015,SP.POP.TOTL,19939498.0
NER,2014,SP.POP.TOTL,19215909.0
NER,2013,SP.POP.TOTL,18519898.0
NER,2012,SP.POP.TOTL,17836769.0
NGA,2017,SP.POP.TOTL,200254579.0
NGA,2016,SP.POP.TOTL,195443700.0
NGA,2015,SP.POP.TOTL,190671878.0
NGA,2014,SP.POP.TOTL,185896915.0
NGA,2013,SP.POP.TOTL,181049443.0
NGA,2012,SP.POP.TOTL,176200625.0
MKD,2017,SP.POP.TOTL,1898657.0
MKD,2016,SP.POP.TOTL,1906313.0
MKD,2015,SP.POP.TOTL,1912430.0
MKD,2014,SP.POP.TOTL,1917557.0
MKD,2013,SP.POP.TOTL,1922716.0
MKD,2012,SP.POP.TOTL,1929821.0
MNP,2017,SP.POP.TOTL,49959.0
MNP,2016,SP.POP.TOTL,50773.0
MNP,2015,SP.POP.TOTL,51514.0
MNP,2014,SP.POP.TOTL,52178.0
MNP,2013,SP.POP.TOTL,52758.0
MNP,2012,SP.POP.TOTL,53234.0
NOR,2017,SP.POP.TOTL,5276968.0
NOR,2016,SP.POP.TOTL,5234519.0
NOR,2015,SP.POP.TOTL,5188607.0
NOR,2014,SP.POP.TOTL,5137232.0
NOR,2013,SP.POP.TOTL,5079623.0
NOR,2012,SP.POP.TOTL,5018573.0
OMN,2017,SP.POP.TOTL,4537396.0
OMN,2016,SP.POP.TOTL,4390877.0
OMN,2015,SP.POP.TOTL,4184895.0
OMN,2014,SP.POP.TOTL,4002439.0
OMN,2013,SP.POP.TOTL,3833913.0
OMN,2012,SP.POP.TOTL,3547106.0
PAK,2017,SP.POP.TOTL,223273967.0
PAK,2016,SP.POP.TOTL,220138869.0
PAK,2015,SP.POP.TOTL,217290883.0
PAK,2014,SP.POP.TOTL,214264647.0
PAK,2013,SP.POP.TOTL,211073978.0
PAK,2012,SP.POP.TOTL,207667125.0
PLW,2017,SP.POP.TOTL,17812.0
PLW,2016,SP.POP.TOTL,17797.0
PLW,2015,SP.POP.TOTL,17770.0
PLW,2014,SP.POP.TOTL,17715.0
PLW,2013,SP.POP.TOTL,17648.0
PLW,2012,SP.POP.TOTL,17765.0
PAN,2017,SP.POP.TOTL,4098707.0
PAN,2016,SP.POP.TOTL,4029086.0
PAN,2015,SP.POP.TOTL,3960035.0
PAN,2014,SP.POP.TOTL,3892101.0
PAN,2013,SP.POP.TOTL,3825329.0
PAN,2012,SP.POP.TOTL,3759256.0
PNG,2017,SP.POP.TOTL,9178714.0
PNG,2016,SP.POP.TOTL,8961718.0
PNG,2015,SP.POP.TOTL,8743246.0
PNG,2014,SP.POP.TOTL,8523441.0
PNG,2013,SP.POP.TOTL,8302698.0
PNG,2012,SP.POP.TOTL,8081390.0
PRY,2017,SP.POP.TOTL,6338660.0
PRY,2016,SP.POP.TOTL,6249126.0
PRY,2015,SP.POP.TOTL,6159103.0
PRY,2014,SP.POP.TOTL,6069811.0
PRY,2013,SP.POP.TOTL,5982445.0
PRY,2012,SP.POP.TOTL,5897008.0
PER,2017,SP.POP.TOTL,31324637.0
PER,2016,SP.POP.TOTL,30866494.0
PER,2015,SP.POP.TOTL,30457600.0
PER,2014,SP.POP.TOTL,30115826.0
PER,2013,SP.POP.TOTL,29817919.0
PER,2012,SP.POP.TOTL,29550366.0
PHL,2017,SP.POP.TOTL,108119693.0
PHL,2016,SP.POP.TOTL,106735719.0
PHL,2015,SP.POP.TOTL,105312992.0
PHL,2014,SP.POP.TOTL,103767130.0
PHL,2013,SP.POP.TOTL,102076336.0
PHL,2012,SP.POP.TOTL,100175512.0
POL,2017,SP.POP.TOTL,37974826.0
POL,2016,SP.POP.TOTL,37970087.0
POL,2015,SP.POP.TOTL,37986412.0
POL,2014,SP.POP.TOTL,38011735.0
POL,2013,SP.POP.TOTL,38040196.0
POL,2012,SP.POP.TOTL,38063164.0
PRT,2017,SP.POP.TOTL,10300300.0
PRT,2016,SP.POP.TOTL,10325452.0
PRT,2015,SP.POP.TOTL,10358076.0
PRT,2014,SP.POP.TOTL,10401062.0
PRT,2013,SP.POP.TOTL,10457295.0
PRT,2012,SP.POP.TOTL,10514844.0
PRI,2017,SP.POP.TOTL,3410837.0
PRI,2016,SP.POP.TOTL,3480432.0
PRI,2015,SP.POP.TOTL,3535167.0
PRI,2014,SP.POP.TOTL,3585017.0
PRI,2013,SP.POP.TOTL,3631427.0
PRI,2012,SP.POP.TOTL,3661045.0
QAT,2017,SP.POP.TOTL,2545820.0
QAT,2016,SP.POP.TOTL,2477113.0
QAT,2015,SP.POP.TOTL,2344557.0
QAT,2014,SP.POP.TOTL,2151745.0
QAT,2013,SP.POP.TOTL,1916426.0
QAT,2012,SP.POP.TOTL,1722438.0
ROU,2017,SP.POP.TOTL,19588715.0
ROU,2016,SP.POP.TOTL,19702267.0
ROU,2015,SP.POP.TOTL,19815616.0
ROU,2014,SP.POP.TOTL,19908979.0
ROU,2013,SP.POP.TOTL,19983693.0
ROU,2012,SP.POP.TOTL,20058035.0
RUS,2017,SP.POP.TOTL,145293260.0
RUS,2016,SP.POP.TOTL,145015460.0
RUS,2015,SP.POP.TOTL,144640716.0
RUS,2014,SP.POP.TOTL,144237223.0
RUS,2013,SP.POP.TOTL,143805638.0
RUS,2012,SP.POP.TOTL,143378447.0
RWA,2017,SP.POP.TOTL,12202060.0
RWA,2016,SP.POP.TOTL,11919183.0
RWA,2015,SP.POP.TOTL,11640022.0
RWA,2014,SP.POP.TOTL,11364757.0
RWA,2013,SP.POP.TOTL,11093340.0
RWA,2012,SP.POP.TOTL,10829901.0
WSM,2017,SP.POP.TOTL,205415.0
WSM,2016,SP.POP.TOTL,203499.0
WSM,2015,SP.POP.TOTL,201782.0
WSM,2014,SP.POP.TOTL,200037.0
WSM,2013,SP.POP.TOTL,198268.0
WSM,2012,SP.POP.TOTL,196498.0
SMR,2017,SP.POP.TOTL,33825.0
SMR,2016,SP.POP.TOTL,33101.0
SMR,2015,SP.POP.TOTL,32897.0
SMR,2014,SP.POP.TOTL,32655.0
SMR,2013,SP.POP.TOTL,33041.0
SMR,2012,SP.POP.TOTL,33469.0
STP,2017,SP.POP.TOTL,206970.0
STP,2016,SP.POP.TOTL,203689.0
STP,2015,SP.POP.TOTL,200291.0
STP,2014,SP.POP.TOTL,196767.0
STP,2013,SP.POP.TOTL,193148.0
STP,2012,SP.POP.TOTL,189439.0
SAU,2017,SP.POP.TOTL,30977355.0
SAU,2016,SP.POP.TOTL,30954198.0
SAU,2015,SP.POP.TOTL,29816382.0
SAU,2014,SP.POP.TOTL,28309273.0
SAU,2013,SP.POP.TOTL,27624004.0
SAU,2012,SP.POP.TOTL,26168861.0
SEN,2017,SP.POP.TOTL,15475002.0
SEN,2016,SP.POP.TOTL,15034521.0
SEN,2015,SP.POP.TOTL,14593331.0
SEN,2014,SP.POP.TOTL,14152102.0
SEN,2013,SP.POP.TOTL,13710849.0
SEN,2012,SP.POP.TOTL,13310495.0
SRB,2017,SP.POP.TOTL,7020858.0
SRB,2016,SP.POP.TOTL,7058322.0
SRB,2015,SP.POP.TOTL,7095383.0
SRB,2014,SP.POP.TOTL,7131787.0
SRB,2013,SP.POP.TOTL,7166553.0
SRB,2012,SP.POP.TOTL,7201497.0
SYC,2017,SP.POP.TOTL,95843.0
SYC,2016,SP.POP.TOTL,94677.0
SYC,2015,SP.POP.TOTL,93419.0
SYC,2014,SP.POP.TOTL,91359.0
SYC,2013,SP.POP.TOTL,89949.0
SYC,2012,SP.POP.TOTL,88303.0
SLE,2017,SP.POP.TOTL,7379299.0
SLE,2016,SP.POP.TOTL,7205328.0
SLE,2015,SP.POP.TOTL,7037655.0
SLE,2014,SP.POP.TOTL,6876385.0
SLE,2013,SP.POP.TOTL,6714051.0
SLE,2012,SP.POP.TOTL,6551080.0
SGP,2017,SP.POP.TOTL,5612253.0
SGP,2016,SP.POP.TOTL,5607283.0
SGP,2015,SP.POP.TOTL,5535002.0
SGP,2014,SP.POP.TOTL,5469724.0
SGP,2013,SP.POP.TOTL,5399162.0
SGP,2012,SP.POP.TOTL,5312437.0
SXM,2017,SP.POP.TOTL,38996.0
SXM,2016,SP.POP.TOTL,38249.0
SXM,2015,SP.POP.TOTL,37471.0
SXM,2014,SP.POP.TOTL,36672.0
SXM,2013,SP.POP.TOTL,35854.0
SXM,2012,SP.POP.TOTL,35023.0
SVK,2017,SP.POP.TOTL,5439232.0
SVK,2016,SP.POP.TOTL,5430798.0
SVK,2015,SP.POP.TOTL,5423801.0
SVK,2014,SP.POP.TOTL,5418649.0
SVK,2013,SP.POP.TOTL,5413393.0
SVK,2012,SP.POP.TOTL,5407579.0
SVN,2017,SP.POP.TOTL,2066388.0
SVN,2016,SP.POP.TOTL,2065042.0
SVN,2015,SP.POP.TOTL,2063531.0
SVN,2014,SP.POP.TOTL,2061980.0
SVN,2013,SP.POP.TOTL,2059953.0
SVN,2012,SP.POP.TOTL,2057159.0
SLB,2017,SP.POP.TOTL,685672.0
SLB,2016,SP.POP.TOTL,662379.0
SLB,2015,SP.POP.TOTL,639415.0
SLB,2014,SP.POP.TOTL,616908.0
SLB,2013,SP.POP.TOTL,594945.0
SLB,2012,SP.POP.TOTL,573606.0
SOM,2017,SP.POP.TOTL,14916629.0
SOM,2016,SP.POP.TOTL,14348740.0
SOM,2015,SP.POP.TOTL,13806963.0
SOM,2014,SP.POP.TOTL,13339491.0
SOM,2013,SP.POP.TOTL,12869594.0
SOM,2012,SP.POP.TOTL,12461160.0
ZAF,2017,SP.POP.TOTL,57635162.0
ZAF,2016,SP.POP.TOTL,57259551.0
ZAF,2015,SP.POP.TOTL,56723537.0
ZAF,2014,SP.POP.TOTL,55594838.0
ZAF,2013,SP.POP.TOTL,54678791.0
ZAF,2012,SP.POP.TOTL,53782567.0
SSD,2017,SP.POP.TOTL,10259154.0
SSD,2016,SP.POP.TOTL,10830102.0
SSD,2015,SP.POP.TOTL,11107561.0
SSD,2014,SP.POP.TOTL,11235073.0
SSD,2013,SP.POP.TOTL,11166275.0
SSD,2012,SP.POP.TOTL,10756240.0
ESP,2017,SP.POP.TOTL,46571232.0
ESP,2016,SP.POP.TOTL,46458139.0
ESP,2015,SP.POP.TOTL,46422303.0
ESP,2014,SP.POP.TOTL,46460733.0
ESP,2013,SP.POP.TOTL,46604197.0
ESP,2012,SP.POP.TOTL,46773055.0
LKA,2017,SP.POP.TOTL,21453000.0
LKA,2016,SP.POP.TOTL,21209000.0
LKA,2015,SP.POP.TOTL,20970000.0
LKA,2014,SP.POP.TOTL,20778000.0
LKA,2013,SP.POP.TOTL,20585000.0
LKA,2012,SP.POP.TOTL,21169458.0
KNA,2017,SP.POP.TOTL,47050.0
KNA,2016,SP.POP.TOTL,47075.0
KNA,2015,SP.POP.TOTL,47087.0
KNA,2014,SP.POP.TOTL,47089.0
KNA,2013,SP.POP.TOTL,47069.0
KNA,2012,SP.POP.TOTL,47033.0
LCA,2017,SP.POP.TOTL,176342.0
LCA,2016,SP.POP.TOTL,175646.0
LCA,2015,SP.POP.TOTL,174905.0
LCA,2014,SP.POP.TOTL,174138.0
LCA,2013,SP.POP.TOTL,173369.0
LCA,2012,SP.POP.TOTL,172587.0
MAF,2017,SP.POP.TOTL,36837.0
MAF,2016,SP.POP.TOTL,37175.0
MAF,2015,SP.POP.TOTL,37369.0
MAF,2014,SP.POP.TOTL,37450.0
MAF,2013,SP.POP.TOTL,37419.0
MAF,2012,SP.POP.TOTL,37276.0
VCT,2017,SP.POP.TOTL,105663.0
VCT,2016,SP.POP.TOTL,106349.0
VCT,2015,SP.POP.TOTL,106960.0
VCT,2014,SP.POP.TOTL,107535.0
VCT,2013,SP.POP.TOTL,108135.0
VCT,2012,SP.POP.TOTL,108736.0
SDN,2017,SP.POP.TOTL,42714306.0
SDN,2016,SP.POP.TOTL,41259892.0
SDN,2015,SP.POP.TOTL,40024431.0
SDN,2014,SP.POP.TOTL,38823318.0
SDN,2013,SP.POP.TOTL,37785849.0
SDN,2012,SP.POP.TOTL,36923178.0
SUR,2017,SP.POP.TOTL,593713.0
SUR,2016,SP.POP.TOTL,587757.0
SUR,2015,SP.POP.TOTL,581627.0
SUR,2014,SP.POP.TOTL,575373.0
SUR,2013,SP.POP.TOTL,569020.0
SUR,2012,SP.POP.TOTL,562633.0
SWE,2017,SP.POP.TOTL,10057698.0
SWE,2016,SP.POP.TOTL,9923085.0
SWE,2015,SP.POP.TOTL,9799186.0
SWE,2014,SP.POP.TOTL,9696110.0
SWE,2013,SP.POP.TOTL,9600379.0
SWE,2012,SP.POP.TOTL,9519374.0
CHE,2017,SP.POP.TOTL,8451840.0
CHE,2016,SP.POP.TOTL,8373338.0
CHE,2015,SP.POP.TOTL,8282396.0
CHE,2014,SP.POP.TOTL,8188649.0
CHE,2013,SP.POP.TOTL,8089346.0
CHE,2012,SP.POP.TOTL,7996861.0
SYR,2017,SP.POP.TOTL,19224668.0
SYR,2016,SP.POP.TOTL,19193834.0
SYR,2015,SP.POP.TOTL,19424618.0
SYR,2014,SP.POP.TOTL,20273659.0
SYR,2013,SP.POP.TOTL,21666917.0
SYR,2012,SP.POP.TOTL,22759763.0
TJK,2017,SP.POP.TOTL,9085946.0
TJK,2016,SP.POP.TOTL,8865631.0
TJK,2015,SP.POP.TOTL,8643840.0
TJK,2014,SP.POP.TOTL,8425552.0
TJK,2013,SP.POP.TOTL,8216724.0
TJK,2012,SP.POP.TOTL,8014084.0
TZA,2017,SP.POP.TOTL,55652890.0
TZA,2016,SP.POP.TOTL,53824013.0
TZA,2015,SP.POP.TOTL,52020962.0
TZA,2014,SP.POP.TOTL,50351512.0
TZA,2013,SP.POP.TOTL,48824128.0
TZA,2012,SP.POP.TOTL,47374260.0
THA,2017,SP.POP.TOTL,71160187.0
THA,2016,SP.POP.TOTL,70859841.0
THA,2015,SP.POP.TOTL,70540795.0
THA,2014,SP.POP.TOTL,70216367.0
THA,2013,SP.POP.TOTL,69845114.0
THA,2012,SP.POP.TOTL,69436098.0
TLS,2017,SP.POP.TOTL,1251703.0
TLS,2016,SP.POP.TOTL,1228312.0
TLS,2015,SP.POP.TOTL,1205131.0
TLS,2014,SP.POP.TOTL,1181903.0
TLS,2013,SP.POP.TOTL,1158695.0
TLS,2012,SP.POP.TOTL,1134885.0
TGO,2017,SP.POP.TOTL,7324386.0
TGO,2016,SP.POP.TOTL,7200884.0
TGO,2015,SP.POP.TOTL,7071502.0
TGO,2014,SP.POP.TOTL,6937644.0
TGO,2013,SP.POP.TOTL,6798848.0
TGO,2012,SP.POP.TOTL,6653718.0
TON,2017,SP.POP.TOTL,105356.0
TON,2016,SP.POP.TOTL,105524.0
TON,2015,SP.POP.TOTL,106095.0
TON,2014,SP.POP.TOTL,106609.0
TON,2013,SP.POP.TOTL,107078.0
TON,2012,SP.POP.TOTL,107460.0
TTO,2017,SP.POP.TOTL,1356633.0
TTO,2016,SP.POP.TOTL,1353895.0
TTO,2015,SP.POP.TOTL,1349667.0
TTO,2014,SP.POP.TOTL,1345343.0
TTO,2013,SP.POP.TOTL,1340557.0
TTO,2012,SP.POP.TOTL,1335194.0
TUN,2017,SP.POP.TOTL,11650498.0
TUN,2016,SP.POP.TOTL,11528674.0
TUN,2015,SP.POP.TOTL,11402264.0
TUN,2014,SP.POP.TOTL,11274288.0
TUN,2013,SP.POP.TOTL,11141361.0
TUN,2012,SP.POP.TOTL,11009647.0
TUR,2017,SP.POP.TOTL,80312698.0
TUR,2016,SP.POP.TOTL,79277962.0
TUR,2015,SP.POP.TOTL,78218479.0
TUR,2014,SP.POP.TOTL,77181884.0
TUR,2013,SP.POP.TOTL,76147624.0
TUR,2012,SP.POP.TOTL,75175827.0
TKM,2017,SP.POP.TOTL,6507061.0
TKM,2016,SP.POP.TOTL,6360041.0
TKM,2015,SP.POP.TOTL,6215770.0
TKM,2014,SP.POP.TOTL,6075283.0
TKM,2013,SP.POP.TOTL,5939341.0
TKM,2012,SP.POP.TOTL,5808546.0
TCA,2017,SP.POP.TOTL,39913.0
TCA,2016,SP.POP.TOTL,38315.0
TCA,2015,SP.POP.TOTL,36605.0
TCA,2014,SP.POP.TOTL,35050.0
TCA,2013,SP.POP.TOTL,33653.0
TCA,2012,SP.POP.TOTL,32127.0
TUV,2017,SP.POP.TOTL,10869.0
TUV,2016,SP.POP.TOTL,10930.0
TUV,2015,SP.POP.TOTL,10963.0
TUV,2014,SP.POP.TOTL,10984.0
TUV,2013,SP.POP.TOTL,11001.0
TUV,2012,SP.POP.TOTL,10934.0
UGA,2017,SP.POP.TOTL,40177388.0
UGA,2016,SP.POP.TOTL,38799152.0
UGA,2015,SP.POP.TOTL,37531446.0
UGA,2014,SP.POP.TOTL,36395539.0
UGA,2013,SP.POP.TOTL,35337042.0
UGA,2012,SP.POP.TOTL,34337438.0
UKR,2017,SP.POP.TOTL,45436041.0
UKR,2016,SP.POP.TOTL,45616832.0
UKR,2015,SP.POP.TOTL,45784896.0
UKR,2014,SP.POP.TOTL,45972380.0
UKR,2013,SP.POP.TOTL,46126770.0
UKR,2012,SP.POP.TOTL,46210056.0
ARE,2017,SP.POP.TOTL,9223225.0
ARE,2016,SP.POP.TOTL,8935095.0
ARE,2015,SP.POP.TOTL,8505237.0
ARE,2014,SP.POP.TOTL,8059440.0
ARE,2013,SP.POP.TOTL,7693031.0
ARE,2012,SP.POP.TOTL,7391448.0
GBR,2017,SP.POP.TOTL,65964000.0
GBR,2016,SP.POP.TOTL,65606000.0
GBR,2015,SP.POP.TOTL,65087000.0
GBR,2014,SP.POP.TOTL,64619000.0
GBR,2013,SP.POP.TOTL,64138000.0
GBR,2012,SP.POP.TOTL,63711000.0
USA,2017,SP.POP.TOTL,326608609.0
USA,2016,SP.POP.TOTL,324353340.0
USA,2015,SP.POP.TOTL,321815121.0
USA,2014,SP.POP.TOTL,319257560.0
USA,2013,SP.POP.TOTL,316726282.0
USA,2012,SP.POP.TOTL,314339099.0
URY,2017,SP.POP.TOTL,3388438.0
URY,2016,SP.POP.TOTL,3379283.0
URY,2015,SP.POP.TOTL,3368017.0
URY,2014,SP.POP.TOTL,3356334.0
URY,2013,SP.POP.TOTL,3345337.0
URY,2012,SP.POP.TOTL,3335401.0
UZB,2017,SP.POP.TOTL,31819178.0
UZB,2016,SP.POP.TOTL,31284568.0
UZB,2015,SP.POP.TOTL,30749346.0
UZB,2014,SP.POP.TOTL,30222994.0
UZB,2013,SP.POP.TOTL,29724065.0
UZB,2012,SP.POP.TOTL,29261903.0
VUT,2017,SP.POP.TOTL,278507.0
VUT,2016,SP.POP.TOTL,272087.0
VUT,2015,SP.POP.TOTL,266101.0
VUT,2014,SP.POP.TOTL,260240.0
VUT,2013,SP.POP.TOTL,254482.0
VUT,2012,SP.POP.TOTL,248883.0
VEN,2017,SP.POP.TOTL,30565323.0
VEN,2016,SP.POP.TOTL,30765720.0
VEN,2015,SP.POP.TOTL,30573972.0
VEN,2014,SP.POP.TOTL,30254079.0
VEN,2013,SP.POP.TOTL,29912198.0
VEN,2012,SP.POP.TOTL,29553826.0
VNM,2017,SP.POP.TOTL,95176977.0
VNM,2016,SP.POP.TOTL,94000117.0
VNM,2015,SP.POP.TOTL,92823254.0
VNM,2014,SP.POP.TOTL,91679578.0
VNM,2013,SP.POP.TOTL,90573104.0
VNM,2012,SP.POP.TOTL,89510356.0
VIR,2017,SP.POP.TOTL,107281.0
VIR,2016,SP.POP.TOTL,107516.0
VIR,2015,SP.POP.TOTL,107712.0
VIR,2014,SP.POP.TOTL,107882.0
VIR,2013,SP.POP.TOTL,108041.0
VIR,2012,SP.POP.TOTL,108188.0
PSE,2017,SP.POP.TOTL,4454805.0
PSE,2016,SP.POP.TOTL,4367088.0
PSE,2015,SP.POP.TOTL,4270092.0
PSE,2014,SP.POP.TOTL,4173398.0
PSE,2013,SP.POP.TOTL,4076708.0
PSE,2012,SP.POP.TOTL,3979998.0
YEM,2017,SP.POP.TOTL,33090921.0
YEM,2016,SP.POP.TOTL,32109010.0
YEM,2015,SP.POP.TOTL,31159379.0
YEM,2014,SP.POP.TOTL,30226309.0
YEM,2013,SP.POP.TOTL,29312952.0
YEM,2012,SP.POP.TOTL,28433647.0
ZMB,2017,SP.POP.TOTL,17441320.0
ZMB,2016,SP.POP.TOTL,16914423.0
ZMB,2015,SP.POP.TOTL,16399089.0
ZMB,2014,SP.POP.TOTL,15895315.0
ZMB,2013,SP.POP.TOTL,15398997.0
ZMB,2012,SP.POP.TOTL,14913629.0
ZWE,2017,SP.POP.TOTL,14812482.0
ZWE,2016,SP.POP.TOTL,14600294.0
ZWE,2015,SP.POP.TOTL,14399013.0
ZWE,2014,SP.POP.TOTL,14207359.0
ZWE,2013,SP.POP.TOTL,14013808.0
ZWE,2012,SP.POP.TOTL,13817887.0
