country_left,country_right,co_clustering_probability
ABW,ABW,1.0
ABW,AFG,0.0
ABW,AGO,0.0
ABW,ALB,1.0
ABW,AND,1.0
ABW,ARE,1.0
ABW,ARG,0.0
ABW,ARM,0.0
ABW,ASM,1.0
ABW,ATG,1.0
ABW,AUS,1.0
ABW,AUT,1.0
ABW,AZE,0.0
ABW,BDI,0.0
ABW,BEL,1.0
ABW,BEN,0.0
ABW,BFA,0.0
ABW,BGD,0.0
ABW,BGR,1.0
ABW,BHR,1.0
ABW,BHS,1.0
ABW,BIH,0.0
ABW,BLR,0.0
ABW,BLZ,1.0
ABW,BMU,1.0
ABW,BOL,0.0
ABW,BRA,0.0
ABW,BRB,1.0
ABW,BRN,1.0
ABW,BTN,1.0
ABW,BWA,1.0
ABW,CAF,0.0
ABW,CAN,1.0
ABW,CHE,1.0
ABW,CHL,1.0
ABW,CIV,0.0
ABW,CMR,0.0
ABW,COD,0.0
ABW,COG,0.0
ABW,COL,0.0
ABW,COM,0.0
ABW,CPV,1.0
ABW,CRI,1.0
ABW,CUB,0.0
ABW,CUW,1.0
ABW,CYM,1.0
ABW,CYP,1.0
ABW,CZE,1.0
ABW,DEU,1.0
ABW,DJI,1.0
ABW,DMA,1.0
ABW,DNK,1.0
ABW,DOM,0.0
ABW,DZA,0.0
ABW,ECU,0.0
ABW,EGY,0.0
ABW,ESP,1.0
ABW,EST,1.0
ABW,ETH,0.0
ABW,FIN,1.0
ABW,FJI,0.0
ABW,FRA,1.0
ABW,FRO,1.0
ABW,FSM,1.0
ABW,GAB,0.0
ABW,GBR,1.0
ABW,GEO,1.0
ABW,GHA,0.0
ABW,GIN,0.0
ABW,GMB,0.0
ABW,GNB,0.0
ABW,GNQ,0.0
ABW,GRC,1.0
ABW,GRD,1.0
ABW,GRL,1.0
ABW,GTM,0.0
ABW,GUM,1.0
ABW,GUY,0.0
ABW,HKG,1.0
ABW,HND,0.0
ABW,HRV,1.0
ABW,HTI,0.0
ABW,HUN,1.0
ABW,IDN,0.0
ABW,IND,0.0
ABW,IRL,1.0
ABW,IRN,0.0
ABW,IRQ,0.0
ABW,ISL,1.0
ABW,ISR,1.0
ABW,ITA,1.0
ABW,JAM,1.0
ABW,JOR,0.0
ABW,JPN,1.0
ABW,KAZ,0.0
ABW,KEN,0.0
ABW,KGZ,0.0
ABW,KHM,0.0
ABW,KIR,1.0
ABW,KNA,1.0
ABW,KOR,1.0
ABW,KWT,0.0
ABW,LAO,0.0
ABW,LBN,0.0
ABW,LBR,0.0
ABW,LBY,0.0
ABW,LCA,1.0
ABW,LKA,0.0
ABW,LSO,0.0
ABW,LTU,1.0
ABW,LUX,1.0
ABW,LVA,1.0
ABW,MAC,1.0
ABW,MAR,0.0
ABW,MDA,0.0
ABW,MDG,0.0
ABW,MDV,1.0
ABW,MEX,0.0
ABW,MHL,1.0
ABW,MKD,1.0
ABW,MLI,0.0
ABW,MLT,1.0
ABW,MMR,0.0
ABW,MNE,1.0
ABW,MNG,0.0
ABW,MNP,1.0
ABW,MOZ,0.0
ABW,MRT,0.0
ABW,MUS,1.0
ABW,MWI,0.0
ABW,MYS,0.0
ABW,NAM,1.0
ABW,NER,0.0
ABW,NGA,0.0
ABW,NIC,0.0
ABW,NLD,1.0
ABW,NOR,1.0
ABW,NPL,0.0
ABW,NRU,1.0
ABW,NZL,1.0
ABW,OMN,0.0
ABW,PAK,0.0
ABW,PAN,1.0
ABW,PER,0.0
ABW,PHL,0.0
ABW,PLW,1.0
ABW,PNG,0.0
ABW,POL,1.0
ABW,PRT,1.0
ABW,PRY,0.0
ABW,PSE,0.0
ABW,PYF,1.0
ABW,QAT,1.0
ABW,ROU,0.0
ABW,RUS,0.0
ABW,RWA,0.0
ABW,SAU,0.0
ABW,SDN,0.0
ABW,SEN,0.0
ABW,SGP,1.0
ABW,SLB,0.0
ABW,SLE,0.0
ABW,SLV,0.0
ABW,SMR,1.0
ABW,SOM,0.0
ABW,SRB,0.0
ABW,SSD,0.0
ABW,STP,1.0
ABW,SUR,0.0
ABW,SVK,1.0
ABW,SVN,1.0
ABW,SWE,1.0
ABW,SWZ,0.0
ABW,SXM,1.0
ABW,SYC,1.0
ABW,SYR,0.0
ABW,TCA,1.0
ABW,TCD,0.0
ABW,TGO,0.0
ABW,THA,0.0
ABW,TJK,0.0
ABW,TKM,0.0
ABW,TLS,0.0
ABW,TON,1.0
ABW,TTO,0.0
ABW,TUN,0.0
ABW,TUR,0.0
ABW,TUV,1.0
ABW,TZA,0.0
ABW,UGA,0.0
ABW,UKR,0.0
ABW,URY,1.0
ABW,UZB,0.0
ABW,VCT,1.0
ABW,VEN,0.0
ABW,VNM,0.0
ABW,VUT,1.0
ABW,WSM,1.0
ABW,YEM,0.0
ABW,ZAF,0.0
ABW,ZMB,0.0
ABW,ZWE,0.0
AFG,ABW,0.0
AFG,AFG,1.0
AFG,AGO,1.0
AFG,ALB,0.0
AFG,AND,0.0
AFG,ARE,0.0
AFG,ARG,1.0
AFG,ARM,1.0
AFG,ASM,0.0
AFG,ATG,0.0
AFG,AUS,0.0
AFG,AUT,0.0
AFG,AZE,1.0
AFG,BDI,1.0
AFG,BEL,0.0
AFG,BEN,1.0
AFG,BFA,1.0
AFG,BGD,1.0
AFG,BGR,0.0
AFG,BHR,0.0
AFG,BHS,0.0
AFG,BIH,1.0
AFG,BLR,1.0
AFG,BLZ,0.0
AFG,BMU,0.0
AFG,BOL,1.0
AFG,BRA,1.0
AFG,BRB,0.0
AFG,BRN,0.0
AFG,BTN,0.0
AFG,BWA,0.0
AFG,CAF,1.0
AFG,CAN,0.0
AFG,CHE,0.0
AFG,CHL,0.0
AFG,CIV,1.0
AFG,CMR,1.0
AFG,COD,1.0
AFG,COG,1.0
AFG,COL,1.0
AFG,COM,1.0
AFG,CPV,0.0
AFG,CRI,0.0
AFG,CUB,1.0
AFG,CUW,0.0
AFG,CYM,0.0
AFG,CYP,0.0
AFG,CZE,0.0
AFG,DEU,0.0
AFG,DJI,0.0
AFG,DMA,0.0
AFG,DNK,0.0
AFG,DOM,1.0
AFG,DZA,1.0
AFG,ECU,1.0
AFG,EGY,1.0
AFG,ESP,0.0
AFG,EST,0.0
AFG,ETH,1.0
AFG,FIN,0.0
AFG,FJI,1.0
AFG,FRA,0.0
AFG,FRO,0.0
AFG,FSM,0.0
AFG,GAB,1.0
AFG,GBR,0.0
AFG,GEO,0.0
AFG,GHA,1.0
AFG,GIN,1.0
AFG,GMB,1.0
AFG,GNB,1.0
AFG,GNQ,1.0
AFG,GRC,0.0
AFG,GRD,0.0
AFG,GRL,0.0
AFG,GTM,1.0
AFG,GUM,0.0
AFG,GUY,1.0
AFG,HKG,0.0
AFG,HND,1.0
AFG,HRV,0.0
AFG,HTI,1.0
AFG,HUN,0.0
AFG,IDN,1.0
AFG,IND,1.0
AFG,IRL,0.0
AFG,IRN,1.0
AFG,IRQ,1.0
AFG,ISL,0.0
AFG,ISR,0.0
AFG,ITA,0.0
AFG,JAM,0.0
AFG,JOR,1.0
AFG,JPN,0.0
AFG,KAZ,1.0
AFG,KEN,1.0
AFG,KGZ,1.0
AFG,KHM,1.0
AFG,KIR,0.0
AFG,KNA,0.0
AFG,KOR,0.0
AFG,KWT,1.0
AFG,LAO,1.0
AFG,LBN,1.0
AFG,LBR,1.0
AFG,LBY,1.0
AFG,LCA,0.0
AFG,LKA,1.0
AFG,LSO,1.0
AFG,LTU,0.0
AFG,LUX,0.0
AFG,LVA,0.0
AFG,MAC,0.0
AFG,MAR,1.0
AFG,MDA,1.0
AFG,MDG,1.0
AFG,MDV,0.0
AFG,MEX,1.0
AFG,MHL,0.0
AFG,MKD,0.0
AFG,MLI,1.0
AFG,MLT,0.0
AFG,MMR,1.0
AFG,MNE,0.0
AFG,MNG,1.0
AFG,MNP,0.0
AFG,MOZ,1.0
AFG,MRT,1.0
AFG,MUS,0.0
AFG,MWI,1.0
AFG,MYS,1.0
AFG,NAM,0.0
AFG,NER,1.0
AFG,NGA,1.0
AFG,NIC,1.0
AFG,NLD,0.0
AFG,NOR,0.0
AFG,NPL,1.0
AFG,NRU,0.0
AFG,NZL,0.0
AFG,OMN,1.0
AFG,PAK,1.0
AFG,PAN,0.0
AFG,PER,1.0
AFG,PHL,1.0
AFG,PLW,0.0
AFG,PNG,1.0
AFG,POL,0.0
AFG,PRT,0.0
AFG,PRY,1.0
AFG,PSE,1.0
AFG,PYF,0.0
AFG,QAT,0.0
AFG,ROU,1.0
AFG,RUS,1.0
AFG,RWA,1.0
AFG,SAU,1.0
AFG,SDN,1.0
AFG,SEN,1.0
AFG,SGP,0.0
AFG,SLB,1.0
AFG,SLE,1.0
AFG,SLV,1.0
AFG,SMR,0.0
AFG,SOM,1.0
AFG,SRB,1.0
AFG,SSD,1.0
AFG,STP,0.0
AFG,SUR,1.0
AFG,SVK,0.0
AFG,SVN,0.0
AFG,SWE,0.0
AFG,SWZ,1.0
AFG,SXM,0.0
AFG,SYC,0.0
AFG,SYR,1.0
AFG,TCA,0.0
AFG,TCD,1.0
AFG,TGO,1.0
AFG,THA,1.0
AFG,TJK,1.0
AFG,TKM,1.0
AFG,TLS,1.0
AFG,TON,0.0
AFG,TTO,1.0
AFG,TUN,1.0
AFG,TUR,1.0
AFG,TUV,0.0
AFG,TZA,1.0
AFG,UGA,1.0
AFG,UKR,1.0
AFG,URY,0.0
AFG,UZB,1.0
AFG,VCT,0.0
AFG,VEN,1.0
AFG,VNM,1.0
AFG,VUT,0.0
AFG,WSM,0.0
AFG,YEM,1.0
AFG,ZAF,1.0
AFG,ZMB,1.0
AFG,ZWE,1.0
AGO,ABW,0.0
AGO,AFG,1.0
AGO,AGO,1.0
AGO,ALB,0.0
AGO,AND,0.0
AGO,ARE,0.0
AGO,ARG,1.0
AGO,ARM,1.0
AGO,ASM,0.0
AGO,ATG,0.0
AGO,AUS,0.0
AGO,AUT,0.0
AGO,AZE,1.0
AGO,BDI,1.0
AGO,BEL,0.0
AGO,BEN,1.0
AGO,BFA,1.0
AGO,BGD,1.0
AGO,BGR,0.0
AGO,BHR,0.0
AGO,BHS,0.0
AGO,BIH,1.0
AGO,BLR,1.0
AGO,BLZ,0.0
AGO,BMU,0.0
AGO,BOL,1.0
AGO,BRA,1.0
AGO,BRB,0.0
AGO,BRN,0.0
AGO,BTN,0.0
AGO,BWA,0.0
AGO,CAF,1.0
AGO,CAN,0.0
AGO,CHE,0.0
AGO,CHL,0.0
AGO,CIV,1.0
AGO,CMR,1.0
AGO,COD,1.0
AGO,COG,1.0
AGO,COL,1.0
AGO,COM,1.0
AGO,CPV,0.0
AGO,CRI,0.0
AGO,CUB,1.0
AGO,CUW,0.0
AGO,CYM,0.0
AGO,CYP,0.0
AGO,CZE,0.0
AGO,DEU,0.0
AGO,DJI,0.0
AGO,DMA,0.0
AGO,DNK,0.0
AGO,DOM,1.0
AGO,DZA,1.0
AGO,ECU,1.0
AGO,EGY,1.0
AGO,ESP,0.0
AGO,EST,0.0
AGO,ETH,1.0
AGO,FIN,0.0
AGO,FJI,1.0
AGO,FRA,0.0
AGO,FRO,0.0
AGO,FSM,0.0
AGO,GAB,1.0
AGO,GBR,0.0
AGO,GEO,0.0
AGO,GHA,1.0
AGO,GIN,1.0
AGO,GMB,1.0
AGO,GNB,1.0
AGO,GNQ,1.0
AGO,GRC,0.0
AGO,GRD,0.0
AGO,GRL,0.0
AGO,GTM,1.0
AGO,GUM,0.0
AGO,GUY,1.0
AGO,HKG,0.0
AGO,HND,1.0
AGO,HRV,0.0
AGO,HTI,1.0
AGO,HUN,0.0
AGO,IDN,1.0
AGO,IND,1.0
AGO,IRL,0.0
AGO,IRN,1.0
AGO,IRQ,1.0
AGO,ISL,0.0
AGO,ISR,0.0
AGO,ITA,0.0
AGO,JAM,0.0
AGO,JOR,1.0
AGO,JPN,0.0
AGO,KAZ,1.0
AGO,KEN,1.0
AGO,KGZ,1.0
AGO,KHM,1.0
AGO,KIR,0.0
AGO,KNA,0.0
AGO,KOR,0.0
AGO,KWT,1.0
AGO,LAO,1.0
AGO,LBN,1.0
AGO,LBR,1.0
AGO,LBY,1.0
AGO,LCA,0.0
AGO,LKA,1.0
AGO,LSO,1.0
AGO,LTU,0.0
AGO,LUX,0.0
AGO,LVA,0.0
AGO,MAC,0.0
AGO,MAR,1.0
AGO,MDA,1.0
AGO,MDG,1.0
AGO,MDV,0.0
AGO,MEX,1.0
AGO,MHL,0.0
AGO,MKD,0.0
AGO,MLI,1.0
AGO,MLT,0.0
AGO,MMR,1.0
AGO,MNE,0.0
AGO,MNG,1.0
AGO,MNP,0.0
AGO,MOZ,1.0
AGO,MRT,1.0
AGO,MUS,0.0
AGO,MWI,1.0
AGO,MYS,1.0
AGO,NAM,0.0
AGO,NER,1.0
AGO,NGA,1.0
AGO,NIC,1.0
AGO,NLD,0.0
AGO,NOR,0.0
AGO,NPL,1.0
AGO,NRU,0.0
AGO,NZL,0.0
AGO,OMN,1.0
AGO,PAK,1.0
AGO,PAN,0.0
AGO,PER,1.0
AGO,PHL,1.0
AGO,PLW,0.0
AGO,PNG,1.0
AGO,POL,0.0
AGO,PRT,0.0
AGO,PRY,1.0
AGO,PSE,1.0
AGO,PYF,0.0
AGO,QAT,0.0
AGO,ROU,1.0
AGO,RUS,1.0
AGO,RWA,1.0
AGO,SAU,1.0
AGO,SDN,1.0
AGO,SEN,1.0
AGO,SGP,0.0
AGO,SLB,1.0
AGO,SLE,1.0
AGO,SLV,1.0
AGO,SMR,0.0
AGO,SOM,1.0
AGO,SRB,1.0
AGO,SSD,1.0
AGO,STP,0.0
AGO,SUR,1.0
AGO,SVK,0.0
AGO,SVN,0.0
AGO,SWE,0.0
AGO,SWZ,1.0
AGO,SXM,0.0
AGO,SYC,0.0
AGO,SYR,1.0
AGO,TCA,0.0
AGO,TCD,1.0
AGO,TGO,1.0
AGO,THA,1.0
AGO,TJK,1.0
AGO,TKM,1.0
AGO,TLS,1.0
AGO,TON,0.0
AGO,TTO,1.0
AGO,TUN,1.0
AGO,TUR,1.0
AGO,TUV,0.0
AGO,TZA,1.0
AGO,UGA,1.0
AGO,UKR,1.0
AGO,URY,0.0
AGO,UZB,1.0
AGO,VCT,0.0
AGO,VEN,1.0
AGO,VNM,1.0
AGO,VUT,0.0
AGO,WSM,0.0
AGO,YEM,1.0
AGO,ZAF,1.0
AGO,ZMB,1.0
AGO,ZWE,1.0
ALB,ABW,1.0
ALB,AFG,0.0
ALB,AGO,0.0
ALB,ALB,1.0
ALB,AND,1.0
ALB,ARE,1.0
ALB,ARG,0.0
ALB,ARM,0.0
ALB,ASM,1.0
ALB,ATG,1.0
ALB,AUS,1.0
ALB,AUT,1.0
ALB,AZE,0.0
ALB,BDI,0.0
ALB,BEL,1.0
ALB,BEN,0.0
ALB,BFA,0.0
ALB,BGD,0.0
ALB,BGR,1.0
ALB,BHR,1.0
ALB,BHS,1.0
ALB,BIH,0.0
ALB,BLR,0.0
ALB,BLZ,1.0
ALB,BMU,1.0
ALB,BOL,0.0
ALB,BRA,0.0
ALB,BRB,1.0
ALB,BRN,1.0
ALB,BTN,1.0
ALB,BWA,1.0
ALB,CAF,0.0
ALB,CAN,1.0
ALB,CHE,1.0
ALB,CHL,1.0
ALB,CIV,0.0
ALB,CMR,0.0
ALB,COD,0.0
ALB,COG,0.0
ALB,COL,0.0
ALB,COM,0.0
ALB,CPV,1.0
ALB,CRI,1.0
ALB,CUB,0.0
ALB,CUW,1.0
ALB,CYM,1.0
ALB,CYP,1.0
ALB,CZE,1.0
ALB,DEU,1.0
ALB,DJI,1.0
ALB,DMA,1.0
ALB,DNK,1.0
ALB,DOM,0.0
ALB,DZA,0.0
ALB,ECU,0.0
ALB,EGY,0.0
ALB,ESP,1.0
ALB,EST,1.0
ALB,ETH,0.0
ALB,FIN,1.0
ALB,FJI,0.0
ALB,FRA,1.0
ALB,FRO,1.0
ALB,FSM,1.0
ALB,GAB,0.0
ALB,GBR,1.0
ALB,GEO,1.0
ALB,GHA,0.0
ALB,GIN,0.0
ALB,GMB,0.0
ALB,GNB,0.0
ALB,GNQ,0.0
ALB,GRC,1.0
ALB,GRD,1.0
ALB,GRL,1.0
ALB,GTM,0.0
ALB,GUM,1.0
ALB,GUY,0.0
ALB,HKG,1.0
ALB,HND,0.0
ALB,HRV,1.0
ALB,HTI,0.0
ALB,HUN,1.0
ALB,IDN,0.0
ALB,IND,0.0
ALB,IRL,1.0
ALB,IRN,0.0
ALB,IRQ,0.0
ALB,ISL,1.0
ALB,ISR,1.0
ALB,ITA,1.0
ALB,JAM,1.0
ALB,JOR,0.0
ALB,JPN,1.0
ALB,KAZ,0.0
ALB,KEN,0.0
ALB,KGZ,0.0
ALB,KHM,0.0
ALB,KIR,1.0
ALB,KNA,1.0
ALB,KOR,1.0
ALB,KWT,0.0
ALB,LAO,0.0
ALB,LBN,0.0
ALB,LBR,0.0
ALB,LBY,0.0
ALB,LCA,1.0
ALB,LKA,0.0
ALB,LSO,0.0
ALB,LTU,1.0
ALB,LUX,1.0
ALB,LVA,1.0
ALB,MAC,1.0
ALB,MAR,0.0
ALB,MDA,0.0
ALB,MDG,0.0
ALB,MDV,1.0
ALB,MEX,0.0
ALB,MHL,1.0
ALB,MKD,1.0
ALB,MLI,0.0
ALB,MLT,1.0
ALB,MMR,0.0
ALB,MNE,1.0
ALB,MNG,0.0
ALB,MNP,1.0
ALB,MOZ,0.0
ALB,MRT,0.0
ALB,MUS,1.0
ALB,MWI,0.0
ALB,MYS,0.0
ALB,NAM,1.0
ALB,NER,0.0
ALB,NGA,0.0
ALB,NIC,0.0
ALB,NLD,1.0
ALB,NOR,1.0
ALB,NPL,0.0
ALB,NRU,1.0
ALB,NZL,1.0
ALB,OMN,0.0
ALB,PAK,0.0
ALB,PAN,1.0
ALB,PER,0.0
ALB,PHL,0.0
ALB,PLW,1.0
ALB,PNG,0.0
ALB,POL,1.0
ALB,PRT,1.0
ALB,PRY,0.0
ALB,PSE,0.0
ALB,PYF,1.0
ALB,QAT,1.0
ALB,ROU,0.0
ALB,RUS,0.0
ALB,RWA,0.0
ALB,SAU,0.0
ALB,SDN,0.0
ALB,SEN,0.0
ALB,SGP,1.0
ALB,SLB,0.0
ALB,SLE,0.0
ALB,SLV,0.0
ALB,SMR,1.0
ALB,SOM,0.0
ALB,SRB,0.0
ALB,SSD,0.0
ALB,STP,1.0
ALB,SUR,0.0
ALB,SVK,1.0
ALB,SVN,1.0
ALB,SWE,1.0
ALB,SWZ,0.0
ALB,SXM,1.0
ALB,SYC,1.0
ALB,SYR,0.0
ALB,TCA,1.0
ALB,TCD,0.0
ALB,TGO,0.0
ALB,THA,0.0
ALB,TJK,0.0
ALB,TKM,0.0
ALB,TLS,0.0
ALB,TON,1.0
ALB,TTO,0.0
ALB,TUN,0.0
ALB,TUR,0.0
ALB,TUV,1.0
ALB,TZA,0.0
ALB,UGA,0.0
ALB,UKR,0.0
ALB,URY,1.0
ALB,UZB,0.0
ALB,VCT,1.0
ALB,VEN,0.0
ALB,VNM,0.0
ALB,VUT,1.0
ALB,WSM,1.0
ALB,YEM,0.0
ALB,ZAF,0.0
ALB,ZMB,0.0
ALB,ZWE,0.0
AND,ABW,1.0
AND,AFG,0.0
AND,AGO,0.0
AND,ALB,1.0
AND,AND,1.0
AND,ARE,1.0
AND,ARG,0.0
AND,ARM,0.0
AND,ASM,1.0
AND,ATG,1.0
AND,AUS,1.0
AND,AUT,1.0
AND,AZE,0.0
AND,BDI,0.0
AND,BEL,1.0
AND,BEN,0.0
AND,BFA,0.0
AND,BGD,0.0
AND,BGR,1.0
AND,BHR,1.0
AND,BHS,1.0
AND,BIH,0.0
AND,BLR,0.0
AND,BLZ,1.0
AND,BMU,1.0
AND,BOL,0.0
AND,BRA,0.0
AND,BRB,1.0
AND,BRN,1.0
AND,BTN,1.0
AND,BWA,1.0
AND,CAF,0.0
AND,CAN,1.0
AND,CHE,1.0
AND,CHL,1.0
AND,CIV,0.0
AND,CMR,0.0
AND,COD,0.0
AND,COG,0.0
AND,COL,0.0
AND,COM,0.0
AND,CPV,1.0
AND,CRI,1.0
AND,CUB,0.0
AND,CUW,1.0
AND,CYM,1.0
AND,CYP,1.0
AND,CZE,1.0
AND,DEU,1.0
AND,DJI,1.0
AND,DMA,1.0
AND,DNK,1.0
AND,DOM,0.0
AND,DZA,0.0
AND,ECU,0.0
AND,EGY,0.0
AND,ESP,1.0
AND,EST,1.0
AND,ETH,0.0
AND,FIN,1.0
AND,FJI,0.0
AND,FRA,1.0
AND,FRO,1.0
AND,FSM,1.0
AND,GAB,0.0
AND,GBR,1.0
AND,GEO,1.0
AND,GHA,0.0
AND,GIN,0.0
AND,GMB,0.0
AND,GNB,0.0
AND,GNQ,0.0
AND,GRC,1.0
AND,GRD,1.0
AND,GRL,1.0
AND,GTM,0.0
AND,GUM,1.0
AND,GUY,0.0
AND,HKG,1.0
AND,HND,0.0
AND,HRV,1.0
AND,HTI,0.0
AND,HUN,1.0
AND,IDN,0.0
AND,IND,0.0
AND,IRL,1.0
AND,IRN,0.0
AND,IRQ,0.0
AND,ISL,1.0
AND,ISR,1.0
AND,ITA,1.0
AND,JAM,1.0
AND,JOR,0.0
AND,JPN,1.0
AND,KAZ,0.0
AND,KEN,0.0
AND,KGZ,0.0
AND,KHM,0.0
AND,KIR,1.0
AND,KNA,1.0
AND,KOR,1.0
AND,KWT,0.0
AND,LAO,0.0
AND,LBN,0.0
AND,LBR,0.0
AND,LBY,0.0
AND,LCA,1.0
AND,LKA,0.0
AND,LSO,0.0
AND,LTU,1.0
AND,LUX,1.0
AND,LVA,1.0
AND,MAC,1.0
AND,MAR,0.0
AND,MDA,0.0
AND,MDG,0.0
AND,MDV,1.0
AND,MEX,0.0
AND,MHL,1.0
AND,MKD,1.0
AND,MLI,0.0
AND,MLT,1.0
AND,MMR,0.0
AND,MNE,1.0
AND,MNG,0.0
AND,MNP,1.0
AND,MOZ,0.0
AND,MRT,0.0
AND,MUS,1.0
AND,MWI,0.0
AND,MYS,0.0
AND,NAM,1.0
AND,NER,0.0
AND,NGA,0.0
AND,NIC,0.0
AND,NLD,1.0
AND,NOR,1.0
AND,NPL,0.0
AND,NRU,1.0
AND,NZL,1.0
AND,OMN,0.0
AND,PAK,0.0
AND,PAN,1.0
AND,PER,0.0
AND,PHL,0.0
AND,PLW,1.0
AND,PNG,0.0
AND,POL,1.0
AND,PRT,1.0
AND,PRY,0.0
AND,PSE,0.0
AND,PYF,1.0
AND,QAT,1.0
AND,ROU,0.0
AND,RUS,0.0
AND,RWA,0.0
AND,SAU,0.0
AND,SDN,0.0
AND,SEN,0.0
AND,SGP,1.0
AND,SLB,0.0
AND,SLE,0.0
AND,SLV,0.0
AND,SMR,1.0
AND,SOM,0.0
AND,SRB,0.0
AND,SSD,0.0
AND,STP,1.0
AND,SUR,0.0
AND,SVK,1.0
AND,SVN,1.0
AND,SWE,1.0
AND,SWZ,0.0
AND,SXM,1.0
AND,SYC,1.0
AND,SYR,0.0
AND,TCA,1.0
AND,TCD,0.0
AND,TGO,0.0
AND,THA,0.0
AND,TJK,0.0
AND,TKM,0.0
AND,TLS,0.0
AND,TON,1.0
AND,TTO,0.0
AND,TUN,0.0
AND,TUR,0.0
AND,TUV,1.0
AND,TZA,0.0
AND,UGA,0.0
AND,UKR,0.0
AND,URY,1.0
AND,UZB,0.0
AND,VCT,1.0
AND,VEN,0.0
AND,VNM,0.0
AND,VUT,1.0
AND,WSM,1.0
AND,YEM,0.0
AND,ZAF,0.0
AND,ZMB,0.0
AND,ZWE,0.0
ARE,ABW,1.0
ARE,AFG,0.0
ARE,AGO,0.0
ARE,ALB,1.0
ARE,AND,1.0
ARE,ARE,1.0
ARE,ARG,0.0
ARE,ARM,0.0
ARE,ASM,1.0
ARE,ATG,1.0
ARE,AUS,1.0
ARE,AUT,1.0
ARE,AZE,0.0
ARE,BDI,0.0
ARE,BEL,1.0
ARE,BEN,0.0
ARE,BFA,0.0
ARE,BGD,0.0
ARE,BGR,1.0
ARE,BHR,1.0
ARE,BHS,1.0
ARE,BIH,0.0
ARE,BLR,0.0
ARE,BLZ,1.0
ARE,BMU,1.0
ARE,BOL,0.0
ARE,BRA,0.0
ARE,BRB,1.0
ARE,BRN,1.0
ARE,BTN,1.0
ARE,BWA,1.0
ARE,CAF,0.0
ARE,CAN,1.0
ARE,CHE,1.0
ARE,CHL,1.0
ARE,CIV,0.0
ARE,CMR,0.0
ARE,COD,0.0
ARE,COG,0.0
ARE,COL,0.0
ARE,COM,0.0
ARE,CPV,1.0
ARE,CRI,1.0
ARE,CUB,0.0
ARE,CUW,1.0
ARE,CYM,1.0
ARE,CYP,1.0
ARE,CZE,1.0
ARE,DEU,1.0
ARE,DJI,1.0
ARE,DMA,1.0
ARE,DNK,1.0
ARE,DOM,0.0
ARE,DZA,0.0
ARE,ECU,0.0
ARE,EGY,0.0
ARE,ESP,1.0
ARE,EST,1.0
ARE,ETH,0.0
ARE,FIN,1.0
ARE,FJI,0.0
ARE,FRA,1.0
ARE,FRO,1.0
ARE,FSM,1.0
ARE,GAB,0.0
ARE,GBR,1.0
ARE,GEO,1.0
ARE,GHA,0.0
ARE,GIN,0.0
ARE,GMB,0.0
ARE,GNB,0.0
ARE,GNQ,0.0
ARE,GRC,1.0
ARE,GRD,1.0
ARE,GRL,1.0
ARE,GTM,0.0
ARE,GUM,1.0
ARE,GUY,0.0
ARE,HKG,1.0
ARE,HND,0.0
ARE,HRV,1.0
ARE,HTI,0.0
ARE,HUN,1.0
ARE,IDN,0.0
ARE,IND,0.0
ARE,IRL,1.0
ARE,IRN,0.0
ARE,IRQ,0.0
ARE,ISL,1.0
ARE,ISR,1.0
ARE,ITA,1.0
ARE,JAM,1.0
ARE,JOR,0.0
ARE,JPN,1.0
ARE,KAZ,0.0
ARE,KEN,0.0
ARE,KGZ,0.0
ARE,KHM,0.0
ARE,KIR,1.0
ARE,KNA,1.0
ARE,KOR,1.0
ARE,KWT,0.0
ARE,LAO,0.0
ARE,LBN,0.0
ARE,LBR,0.0
ARE,LBY,0.0
ARE,LCA,1.0
ARE,LKA,0.0
ARE,LSO,0.0
ARE,LTU,1.0
ARE,LUX,1.0
ARE,LVA,1.0
ARE,MAC,1.0
ARE,MAR,0.0
ARE,MDA,0.0
ARE,MDG,0.0
ARE,MDV,1.0
ARE,MEX,0.0
ARE,MHL,1.0
ARE,MKD,1.0
ARE,MLI,0.0
ARE,MLT,1.0
ARE,MMR,0.0
ARE,MNE,1.0
ARE,MNG,0.0
ARE,MNP,1.0
ARE,MOZ,0.0
ARE,MRT,0.0
ARE,MUS,1.0
ARE,MWI,0.0
ARE,MYS,0.0
ARE,NAM,1.0
ARE,NER,0.0
ARE,NGA,0.0
ARE,NIC,0.0
ARE,NLD,1.0
ARE,NOR,1.0
ARE,NPL,0.0
ARE,NRU,1.0
ARE,NZL,1.0
ARE,OMN,0.0
ARE,PAK,0.0
ARE,PAN,1.0
ARE,PER,0.0
ARE,PHL,0.0
ARE,PLW,1.0
ARE,PNG,0.0
ARE,POL,1.0
ARE,PRT,1.0
ARE,PRY,0.0
ARE,PSE,0.0
ARE,PYF,1.0
ARE,QAT,1.0
ARE,ROU,0.0
ARE,RUS,0.0
ARE,RWA,0.0
ARE,SAU,0.0
ARE,SDN,0.0
ARE,SEN,0.0
ARE,SGP,1.0
ARE,SLB,0.0
ARE,SLE,0.0
ARE,SLV,0.0
ARE,SMR,1.0
ARE,SOM,0.0
ARE,SRB,0.0
ARE,SSD,0.0
ARE,STP,1.0
ARE,SUR,0.0
ARE,SVK,1.0
ARE,SVN,1.0
ARE,SWE,1.0
ARE,SWZ,0.0
ARE,SXM,1.0
ARE,SYC,1.0
ARE,SYR,0.0
ARE,TCA,1.0
ARE,TCD,0.0
ARE,TGO,0.0
ARE,THA,0.0
ARE,TJK,0.0
ARE,TKM,0.0
ARE,TLS,0.0
ARE,TON,1.0
ARE,TTO,0.0
ARE,TUN,0.0
ARE,TUR,0.0
ARE,TUV,1.0
ARE,TZA,0.0
ARE,UGA,0.0
ARE,UKR,0.0
ARE,URY,1.0
ARE,UZB,0.0
ARE,VCT,1.0
ARE,VEN,0.0
ARE,VNM,0.0
ARE,VUT,1.0
ARE,WSM,1.0
ARE,YEM,0.0
ARE,ZAF,0.0
ARE,ZMB,0.0
ARE,ZWE,0.0
ARG,ABW,0.0
ARG,AFG,1.0
ARG,AGO,1.0
ARG,ALB,0.0
ARG,AND,0.0
ARG,ARE,0.0
ARG,ARG,1.0
ARG,ARM,1.0
ARG,ASM,0.0
ARG,ATG,0.0
ARG,AUS,0.0
ARG,AUT,0.0
ARG,AZE,1.0
ARG,BDI,1.0
ARG,BEL,0.0
ARG,BEN,1.0
ARG,BFA,1.0
ARG,BGD,1.0
ARG,BGR,0.0
ARG,BHR,0.0
ARG,BHS,0.0
ARG,BIH,1.0
ARG,BLR,1.0
ARG,BLZ,0.0
ARG,BMU,0.0
ARG,BOL,1.0
ARG,BRA,1.0
ARG,BRB,0.0
ARG,BRN,0.0
ARG,BTN,0.0
ARG,BWA,0.0
ARG,CAF,1.0
ARG,CAN,0.0
ARG,CHE,0.0
ARG,CHL,0.0
ARG,CIV,1.0
ARG,CMR,1.0
ARG,COD,1.0
ARG,COG,1.0
ARG,COL,1.0
ARG,COM,1.0
ARG,CPV,0.0
ARG,CRI,0.0
ARG,CUB,1.0
ARG,CUW,0.0
ARG,CYM,0.0
ARG,CYP,0.0
ARG,CZE,0.0
ARG,DEU,0.0
ARG,DJI,0.0
ARG,DMA,0.0
ARG,DNK,0.0
ARG,DOM,1.0
ARG,DZA,1.0
ARG,ECU,1.0
ARG,EGY,1.0
ARG,ESP,0.0
ARG,EST,0.0
ARG,ETH,1.0
ARG,FIN,0.0
ARG,FJI,1.0
ARG,FRA,0.0
ARG,FRO,0.0
ARG,FSM,0.0
ARG,GAB,1.0
ARG,GBR,0.0
ARG,GEO,0.0
ARG,GHA,1.0
ARG,GIN,1.0
ARG,GMB,1.0
ARG,GNB,1.0
ARG,GNQ,1.0
ARG,GRC,0.0
ARG,GRD,0.0
ARG,GRL,0.0
ARG,GTM,1.0
ARG,GUM,0.0
ARG,GUY,1.0
ARG,HKG,0.0
ARG,HND,1.0
ARG,HRV,0.0
ARG,HTI,1.0
ARG,HUN,0.0
ARG,IDN,1.0
ARG,IND,1.0
ARG,IRL,0.0
ARG,IRN,1.0
ARG,IRQ,1.0
ARG,ISL,0.0
ARG,ISR,0.0
ARG,ITA,0.0
ARG,JAM,0.0
ARG,JOR,1.0
ARG,JPN,0.0
ARG,KAZ,1.0
ARG,KEN,1.0
ARG,KGZ,1.0
ARG,KHM,1.0
ARG,KIR,0.0
ARG,KNA,0.0
ARG,KOR,0.0
ARG,KWT,1.0
ARG,LAO,1.0
ARG,LBN,1.0
ARG,LBR,1.0
ARG,LBY,1.0
ARG,LCA,0.0
ARG,LKA,1.0
ARG,LSO,1.0
ARG,LTU,0.0
ARG,LUX,0.0
ARG,LVA,0.0
ARG,MAC,0.0
ARG,MAR,1.0
ARG,MDA,1.0
ARG,MDG,1.0
ARG,MDV,0.0
ARG,MEX,1.0
ARG,MHL,0.0
ARG,MKD,0.0
ARG,MLI,1.0
ARG,MLT,0.0
ARG,MMR,1.0
ARG,MNE,0.0
ARG,MNG,1.0
ARG,MNP,0.0
ARG,MOZ,1.0
ARG,MRT,1.0
ARG,MUS,0.0
ARG,MWI,1.0
ARG,MYS,1.0
ARG,NAM,0.0
ARG,NER,1.0
ARG,NGA,1.0
ARG,NIC,1.0
ARG,NLD,0.0
ARG,NOR,0.0
ARG,NPL,1.0
ARG,NRU,0.0
ARG,NZL,0.0
ARG,OMN,1.0
ARG,PAK,1.0
ARG,PAN,0.0
ARG,PER,1.0
ARG,PHL,1.0
ARG,PLW,0.0
ARG,PNG,1.0
ARG,POL,0.0
ARG,PRT,0.0
ARG,PRY,1.0
ARG,PSE,1.0
ARG,PYF,0.0
ARG,QAT,0.0
ARG,ROU,1.0
ARG,RUS,1.0
ARG,RWA,1.0
ARG,SAU,1.0
ARG,SDN,1.0
ARG,SEN,1.0
ARG,SGP,0.0
ARG,SLB,1.0
ARG,SLE,1.0
ARG,SLV,1.0
ARG,SMR,0.0
ARG,SOM,1.0
ARG,SRB,1.0
ARG,SSD,1.0
ARG,STP,0.0
ARG,SUR,1.0
ARG,SVK,0.0
ARG,SVN,0.0
ARG,SWE,0.0
ARG,SWZ,1.0
ARG,SXM,0.0
ARG,SYC,0.0
ARG,SYR,1.0
ARG,TCA,0.0
ARG,TCD,1.0
ARG,TGO,1.0
ARG,THA,1.0
ARG,TJK,1.0
ARG,TKM,1.0
ARG,TLS,1.0
ARG,TON,0.0
ARG,TTO,1.0
ARG,TUN,1.0
ARG,TUR,1.0
ARG,TUV,0.0
ARG,TZA,1.0
ARG,UGA,1.0
ARG,UKR,1.0
ARG,URY,0.0
ARG,UZB,1.0
ARG,VCT,0.0
ARG,VEN,1.0
ARG,VNM,1.0
ARG,VUT,0.0
ARG,WSM,0.0
ARG,YEM,1.0
ARG,ZAF,1.0
ARG,ZMB,1.0
ARG,ZWE,1.0
ARM,ABW,0.0
ARM,AFG,1.0
ARM,AGO,1.0
ARM,ALB,0.0
ARM,AND,0.0
ARM,ARE,0.0
ARM,ARG,1.0
ARM,ARM,1.0
ARM,ASM,0.0
ARM,ATG,0.0
ARM,AUS,0.0
ARM,AUT,0.0
ARM,AZE,1.0
ARM,BDI,1.0
ARM,BEL,0.0
ARM,BEN,1.0
ARM,BFA,1.0
ARM,BGD,1.0
ARM,BGR,0.0
ARM,BHR,0.0
ARM,BHS,0.0
ARM,BIH,1.0
ARM,BLR,1.0
ARM,BLZ,0.0
ARM,BMU,0.0
ARM,BOL,1.0
ARM,BRA,1.0
ARM,BRB,0.0
ARM,BRN,0.0
ARM,BTN,0.0
ARM,BWA,0.0
ARM,CAF,1.0
ARM,CAN,0.0
ARM,CHE,0.0
ARM,CHL,0.0
ARM,CIV,1.0
ARM,CMR,1.0
ARM,COD,1.0
ARM,COG,1.0
ARM,COL,1.0
ARM,COM,1.0
ARM,CPV,0.0
ARM,CRI,0.0
ARM,CUB,1.0
ARM,CUW,0.0
ARM,CYM,0.0
ARM,CYP,0.0
ARM,CZE,0.0
ARM,DEU,0.0
ARM,DJI,0.0
ARM,DMA,0.0
ARM,DNK,0.0
ARM,DOM,1.0
ARM,DZA,1.0
ARM,ECU,1.0
ARM,EGY,1.0
ARM,ESP,0.0
ARM,EST,0.0
ARM,ETH,1.0
ARM,FIN,0.0
ARM,FJI,1.0
ARM,FRA,0.0
ARM,FRO,0.0
ARM,FSM,0.0
ARM,GAB,1.0
ARM,GBR,0.0
ARM,GEO,0.0
ARM,GHA,1.0
ARM,GIN,1.0
ARM,GMB,1.0
ARM,GNB,1.0
ARM,GNQ,1.0
ARM,GRC,0.0
ARM,GRD,0.0
ARM,GRL,0.0
ARM,GTM,1.0
ARM,GUM,0.0
ARM,GUY,1.0
ARM,HKG,0.0
ARM,HND,1.0
ARM,HRV,0.0
ARM,HTI,1.0
ARM,HUN,0.0
ARM,IDN,1.0
ARM,IND,1.0
ARM,IRL,0.0
ARM,IRN,1.0
ARM,IRQ,1.0
ARM,ISL,0.0
ARM,ISR,0.0
ARM,ITA,0.0
ARM,JAM,0.0
ARM,JOR,1.0
ARM,JPN,0.0
ARM,KAZ,1.0
ARM,KEN,1.0
ARM,KGZ,1.0
ARM,KHM,1.0
ARM,KIR,0.0
ARM,KNA,0.0
ARM,KOR,0.0
ARM,KWT,1.0
ARM,LAO,1.0
ARM,LBN,1.0
ARM,LBR,1.0
ARM,LBY,1.0
ARM,LCA,0.0
ARM,LKA,1.0
ARM,LSO,1.0
ARM,LTU,0.0
ARM,LUX,0.0
ARM,LVA,0.0
ARM,MAC,0.0
ARM,MAR,1.0
ARM,MDA,1.0
ARM,MDG,1.0
ARM,MDV,0.0
ARM,MEX,1.0
ARM,MHL,0.0
ARM,MKD,0.0
ARM,MLI,1.0
ARM,MLT,0.0
ARM,MMR,1.0
ARM,MNE,0.0
ARM,MNG,1.0
ARM,MNP,0.0
ARM,MOZ,1.0
ARM,MRT,1.0
ARM,MUS,0.0
ARM,MWI,1.0
ARM,MYS,1.0
ARM,NAM,0.0
ARM,NER,1.0
ARM,NGA,1.0
ARM,NIC,1.0
ARM,NLD,0.0
ARM,NOR,0.0
ARM,NPL,1.0
ARM,NRU,0.0
ARM,NZL,0.0
ARM,OMN,1.0
ARM,PAK,1.0
ARM,PAN,0.0
ARM,PER,1.0
ARM,PHL,1.0
ARM,PLW,0.0
ARM,PNG,1.0
ARM,POL,0.0
ARM,PRT,0.0
ARM,PRY,1.0
ARM,PSE,1.0
ARM,PYF,0.0
ARM,QAT,0.0
ARM,ROU,1.0
ARM,RUS,1.0
ARM,RWA,1.0
ARM,SAU,1.0
ARM,SDN,1.0
ARM,SEN,1.0
ARM,SGP,0.0
ARM,SLB,1.0
ARM,SLE,1.0
ARM,SLV,1.0
ARM,SMR,0.0
ARM,SOM,1.0
ARM,SRB,1.0
ARM,SSD,1.0
ARM,STP,0.0
ARM,SUR,1.0
ARM,SVK,0.0
ARM,SVN,0.0
ARM,SWE,0.0
ARM,SWZ,1.0
ARM,SXM,0.0
ARM,SYC,0.0
ARM,SYR,1.0
ARM,TCA,0.0
ARM,TCD,1.0
ARM,TGO,1.0
ARM,THA,1.0
ARM,TJK,1.0
ARM,TKM,1.0
ARM,TLS,1.0
ARM,TON,0.0
ARM,TTO,1.0
ARM,TUN,1.0
ARM,TUR,1.0
ARM,TUV,0.0
ARM,TZA,1.0
ARM,UGA,1.0
ARM,UKR,1.0
ARM,URY,0.0
ARM,UZB,1.0
ARM,VCT,0.0
ARM,VEN,1.0
ARM,VNM,1.0
ARM,VUT,0.0
ARM,WSM,0.0
ARM,YEM,1.0
ARM,ZAF,1.0
ARM,ZMB,1.0
ARM,ZWE,1.0
ASM,ABW,1.0
ASM,AFG,0.0
ASM,AGO,0.0
ASM,ALB,1.0
ASM,AND,1.0
ASM,ARE,1.0
ASM,ARG,0.0
ASM,ARM,0.0
ASM,ASM,1.0
ASM,ATG,1.0
ASM,AUS,1.0
ASM,AUT,1.0
ASM,AZE,0.0
ASM,BDI,0.0
ASM,BEL,1.0
ASM,BEN,0.0
ASM,BFA,0.0
ASM,BGD,0.0
ASM,BGR,1.0
ASM,BHR,1.0
ASM,BHS,1.0
ASM,BIH,0.0
ASM,BLR,0.0
ASM,BLZ,1.0
ASM,BMU,1.0
ASM,BOL,0.0
ASM,BRA,0.0
ASM,BRB,1.0
ASM,BRN,1.0
ASM,BTN,1.0
ASM,BWA,1.0
ASM,CAF,0.0
ASM,CAN,1.0
ASM,CHE,1.0
ASM,CHL,1.0
ASM,CIV,0.0
ASM,CMR,0.0
ASM,COD,0.0
ASM,COG,0.0
ASM,COL,0.0
ASM,COM,0.0
ASM,CPV,1.0
ASM,CRI,1.0
ASM,CUB,0.0
ASM,CUW,1.0
ASM,CYM,1.0
ASM,CYP,1.0
ASM,CZE,1.0
ASM,DEU,1.0
ASM,DJI,1.0
ASM,DMA,1.0
ASM,DNK,1.0
ASM,DOM,0.0
ASM,DZA,0.0
ASM,ECU,0.0
ASM,EGY,0.0
ASM,ESP,1.0
ASM,EST,1.0
ASM,ETH,0.0
ASM,FIN,1.0
ASM,FJI,0.0
ASM,FRA,1.0
ASM,FRO,1.0
ASM,FSM,1.0
ASM,GAB,0.0
ASM,GBR,1.0
ASM,GEO,1.0
ASM,GHA,0.0
ASM,GIN,0.0
ASM,GMB,0.0
ASM,GNB,0.0
ASM,GNQ,0.0
ASM,GRC,1.0
ASM,GRD,1.0
ASM,GRL,1.0
ASM,GTM,0.0
ASM,GUM,1.0
ASM,GUY,0.0
ASM,HKG,1.0
ASM,HND,0.0
ASM,HRV,1.0
ASM,HTI,0.0
ASM,HUN,1.0
ASM,IDN,0.0
ASM,IND,0.0
ASM,IRL,1.0
ASM,IRN,0.0
ASM,IRQ,0.0
ASM,ISL,1.0
ASM,ISR,1.0
ASM,ITA,1.0
ASM,JAM,1.0
ASM,JOR,0.0
ASM,JPN,1.0
ASM,KAZ,0.0
ASM,KEN,0.0
ASM,KGZ,0.0
ASM,KHM,0.0
ASM,KIR,1.0
ASM,KNA,1.0
ASM,KOR,1.0
ASM,KWT,0.0
ASM,LAO,0.0
ASM,LBN,0.0
ASM,LBR,0.0
ASM,LBY,0.0
ASM,LCA,1.0
ASM,LKA,0.0
ASM,LSO,0.0
ASM,LTU,1.0
ASM,LUX,1.0
ASM,LVA,1.0
ASM,MAC,1.0
ASM,MAR,0.0
ASM,MDA,0.0
ASM,MDG,0.0
ASM,MDV,1.0
ASM,MEX,0.0
ASM,MHL,1.0
ASM,MKD,1.0
ASM,MLI,0.0
ASM,MLT,1.0
ASM,MMR,0.0
ASM,MNE,1.0
ASM,MNG,0.0
ASM,MNP,1.0
ASM,MOZ,0.0
ASM,MRT,0.0
ASM,MUS,1.0
ASM,MWI,0.0
ASM,MYS,0.0
ASM,NAM,1.0
ASM,NER,0.0
ASM,NGA,0.0
ASM,NIC,0.0
ASM,NLD,1.0
ASM,NOR,1.0
ASM,NPL,0.0
ASM,NRU,1.0
ASM,NZL,1.0
ASM,OMN,0.0
ASM,PAK,0.0
ASM,PAN,1.0
ASM,PER,0.0
ASM,PHL,0.0
ASM,PLW,1.0
ASM,PNG,0.0
ASM,POL,1.0
ASM,PRT,1.0
ASM,PRY,0.0
ASM,PSE,0.0
ASM,PYF,1.0
ASM,QAT,1.0
ASM,ROU,0.0
ASM,RUS,0.0
ASM,RWA,0.0
ASM,SAU,0.0
ASM,SDN,0.0
ASM,SEN,0.0
ASM,SGP,1.0
ASM,SLB,0.0
ASM,SLE,0.0
ASM,SLV,0.0
ASM,SMR,1.0
ASM,SOM,0.0
ASM,SRB,0.0
ASM,SSD,0.0
ASM,STP,1.0
ASM,SUR,0.0
ASM,SVK,1.0
ASM,SVN,1.0
ASM,SWE,1.0
ASM,SWZ,0.0
ASM,SXM,1.0
ASM,SYC,1.0
ASM,SYR,0.0
ASM,TCA,1.0
ASM,TCD,0.0
ASM,TGO,0.0
ASM,THA,0.0
ASM,TJK,0.0
ASM,TKM,0.0
ASM,TLS,0.0
ASM,TON,1.0
ASM,TTO,0.0
ASM,TUN,0.0
ASM,TUR,0.0
ASM,TUV,1.0
ASM,TZA,0.0
ASM,UGA,0.0
ASM,UKR,0.0
ASM,URY,1.0
ASM,UZB,0.0
ASM,VCT,1.0
ASM,VEN,0.0
ASM,VNM,0.0
ASM,VUT,1.0
ASM,WSM,1.0
ASM,YEM,0.0
ASM,ZAF,0.0
ASM,ZMB,0.0
ASM,ZWE,0.0
ATG,ABW,1.0
ATG,AFG,0.0
ATG,AGO,0.0
ATG,ALB,1.0
ATG,AND,1.0
ATG,ARE,1.0
ATG,ARG,0.0
ATG,ARM,0.0
ATG,ASM,1.0
ATG,ATG,1.0
ATG,AUS,1.0
ATG,AUT,1.0
ATG,AZE,0.0
ATG,BDI,0.0
ATG,BEL,1.0
ATG,BEN,0.0
ATG,BFA,0.0
ATG,BGD,0.0
ATG,BGR,1.0
ATG,BHR,1.0
ATG,BHS,1.0
ATG,BIH,0.0
ATG,BLR,0.0
ATG,BLZ,1.0
ATG,BMU,1.0
ATG,BOL,0.0
ATG,BRA,0.0
ATG,BRB,1.0
ATG,BRN,1.0
ATG,BTN,1.0
ATG,BWA,1.0
ATG,CAF,0.0
ATG,CAN,1.0
ATG,CHE,1.0
ATG,CHL,1.0
ATG,CIV,0.0
ATG,CMR,0.0
ATG,COD,0.0
ATG,COG,0.0
ATG,COL,0.0
ATG,COM,0.0
ATG,CPV,1.0
ATG,CRI,1.0
ATG,CUB,0.0
ATG,CUW,1.0
ATG,CYM,1.0
ATG,CYP,1.0
ATG,CZE,1.0
ATG,DEU,1.0
ATG,DJI,1.0
ATG,DMA,1.0
ATG,DNK,1.0
ATG,DOM,0.0
ATG,DZA,0.0
ATG,ECU,0.0
ATG,EGY,0.0
ATG,ESP,1.0
ATG,EST,1.0
ATG,ETH,0.0
ATG,FIN,1.0
ATG,FJI,0.0
ATG,FRA,1.0
ATG,FRO,1.0
ATG,FSM,1.0
ATG,GAB,0.0
ATG,GBR,1.0
ATG,GEO,1.0
ATG,GHA,0.0
ATG,GIN,0.0
ATG,GMB,0.0
ATG,GNB,0.0
ATG,GNQ,0.0
ATG,GRC,1.0
ATG,GRD,1.0
ATG,GRL,1.0
ATG,GTM,0.0
ATG,GUM,1.0
ATG,GUY,0.0
ATG,HKG,1.0
ATG,HND,0.0
ATG,HRV,1.0
ATG,HTI,0.0
ATG,HUN,1.0
ATG,IDN,0.0
ATG,IND,0.0
ATG,IRL,1.0
ATG,IRN,0.0
ATG,IRQ,0.0
ATG,ISL,1.0
ATG,ISR,1.0
ATG,ITA,1.0
ATG,JAM,1.0
ATG,JOR,0.0
ATG,JPN,1.0
ATG,KAZ,0.0
ATG,KEN,0.0
ATG,KGZ,0.0
ATG,KHM,0.0
ATG,KIR,1.0
ATG,KNA,1.0
ATG,KOR,1.0
ATG,KWT,0.0
ATG,LAO,0.0
ATG,LBN,0.0
ATG,LBR,0.0
ATG,LBY,0.0
ATG,LCA,1.0
ATG,LKA,0.0
ATG,LSO,0.0
ATG,LTU,1.0
ATG,LUX,1.0
ATG,LVA,1.0
ATG,MAC,1.0
ATG,MAR,0.0
ATG,MDA,0.0
ATG,MDG,0.0
ATG,MDV,1.0
ATG,MEX,0.0
ATG,MHL,1.0
ATG,MKD,1.0
ATG,MLI,0.0
ATG,MLT,1.0
ATG,MMR,0.0
ATG,MNE,1.0
ATG,MNG,0.0
ATG,MNP,1.0
ATG,MOZ,0.0
ATG,MRT,0.0
ATG,MUS,1.0
ATG,MWI,0.0
ATG,MYS,0.0
ATG,NAM,1.0
ATG,NER,0.0
ATG,NGA,0.0
ATG,NIC,0.0
ATG,NLD,1.0
ATG,NOR,1.0
ATG,NPL,0.0
ATG,NRU,1.0
ATG,NZL,1.0
ATG,OMN,0.0
ATG,PAK,0.0
ATG,PAN,1.0
ATG,PER,0.0
ATG,PHL,0.0
ATG,PLW,1.0
ATG,PNG,0.0
ATG,POL,1.0
ATG,PRT,1.0
ATG,PRY,0.0
ATG,PSE,0.0
ATG,PYF,1.0
ATG,QAT,1.0
ATG,ROU,0.0
ATG,RUS,0.0
ATG,RWA,0.0
ATG,SAU,0.0
ATG,SDN,0.0
ATG,SEN,0.0
ATG,SGP,1.0
ATG,SLB,0.0
ATG,SLE,0.0
ATG,SLV,0.0
ATG,SMR,1.0
ATG,SOM,0.0
ATG,SRB,0.0
ATG,SSD,0.0
ATG,STP,1.0
ATG,SUR,0.0
ATG,SVK,1.0
ATG,SVN,1.0
ATG,SWE,1.0
ATG,SWZ,0.0
ATG,SXM,1.0
ATG,SYC,1.0
ATG,SYR,0.0
ATG,TCA,1.0
ATG,TCD,0.0
ATG,TGO,0.0
ATG,THA,0.0
ATG,TJK,0.0
ATG,TKM,0.0
ATG,TLS,0.0
ATG,TON,1.0
ATG,TTO,0.0
ATG,TUN,0.0
ATG,TUR,0.0
ATG,TUV,1.0
ATG,TZA,0.0
ATG,UGA,0.0
ATG,UKR,0.0
ATG,URY,1.0
ATG,UZB,0.0
ATG,VCT,1.0
ATG,VEN,0.0
ATG,VNM,0.0
ATG,VUT,1.0
ATG,WSM,1.0
ATG,YEM,0.0
ATG,ZAF,0.0
ATG,ZMB,0.0
ATG,ZWE,0.0
AUS,ABW,1.0
AUS,AFG,0.0
AUS,AGO,0.0
AUS,ALB,1.0
AUS,AND,1.0
AUS,ARE,1.0
AUS,ARG,0.0
AUS,ARM,0.0
AUS,ASM,1.0
AUS,ATG,1.0
AUS,AUS,1.0
AUS,AUT,1.0
AUS,AZE,0.0
AUS,BDI,0.0
AUS,BEL,1.0
AUS,BEN,0.0
AUS,BFA,0.0
AUS,BGD,0.0
AUS,BGR,1.0
AUS,BHR,1.0
AUS,BHS,1.0
AUS,BIH,0.0
AUS,BLR,0.0
AUS,BLZ,1.0
AUS,BMU,1.0
AUS,BOL,0.0
AUS,BRA,0.0
AUS,BRB,1.0
AUS,BRN,1.0
AUS,BTN,1.0
AUS,BWA,1.0
AUS,CAF,0.0
AUS,CAN,1.0
AUS,CHE,1.0
AUS,CHL,1.0
AUS,CIV,0.0
AUS,CMR,0.0
AUS,COD,0.0
AUS,COG,0.0
AUS,COL,0.0
AUS,COM,0.0
AUS,CPV,1.0
AUS,CRI,1.0
AUS,CUB,0.0
AUS,CUW,1.0
AUS,CYM,1.0
AUS,CYP,1.0
AUS,CZE,1.0
AUS,DEU,1.0
AUS,DJI,1.0
AUS,DMA,1.0
AUS,DNK,1.0
AUS,DOM,0.0
AUS,DZA,0.0
AUS,ECU,0.0
AUS,EGY,0.0
AUS,ESP,1.0
AUS,EST,1.0
AUS,ETH,0.0
AUS,FIN,1.0
AUS,FJI,0.0
AUS,FRA,1.0
AUS,FRO,1.0
AUS,FSM,1.0
AUS,GAB,0.0
AUS,GBR,1.0
AUS,GEO,1.0
AUS,GHA,0.0
AUS,GIN,0.0
AUS,GMB,0.0
AUS,GNB,0.0
AUS,GNQ,0.0
AUS,GRC,1.0
AUS,GRD,1.0
AUS,GRL,1.0
AUS,GTM,0.0
AUS,GUM,1.0
AUS,GUY,0.0
AUS,HKG,1.0
AUS,HND,0.0
AUS,HRV,1.0
AUS,HTI,0.0
AUS,HUN,1.0
AUS,IDN,0.0
AUS,IND,0.0
AUS,IRL,1.0
AUS,IRN,0.0
AUS,IRQ,0.0
AUS,ISL,1.0
AUS,ISR,1.0
AUS,ITA,1.0
AUS,JAM,1.0
AUS,JOR,0.0
AUS,JPN,1.0
AUS,KAZ,0.0
AUS,KEN,0.0
AUS,KGZ,0.0
AUS,KHM,0.0
AUS,KIR,1.0
AUS,KNA,1.0
AUS,KOR,1.0
AUS,KWT,0.0
AUS,LAO,0.0
AUS,LBN,0.0
AUS,LBR,0.0
AUS,LBY,0.0
AUS,LCA,1.0
AUS,LKA,0.0
AUS,LSO,0.0
AUS,LTU,1.0
AUS,LUX,1.0
AUS,LVA,1.0
AUS,MAC,1.0
AUS,MAR,0.0
AUS,MDA,0.0
AUS,MDG,0.0
AUS,MDV,1.0
AUS,MEX,0.0
AUS,MHL,1.0
AUS,MKD,1.0
AUS,MLI,0.0
AUS,MLT,1.0
AUS,MMR,0.0
AUS,MNE,1.0
AUS,MNG,0.0
AUS,MNP,1.0
AUS,MOZ,0.0
AUS,MRT,0.0
AUS,MUS,1.0
AUS,MWI,0.0
AUS,MYS,0.0
AUS,NAM,1.0
AUS,NER,0.0
AUS,NGA,0.0
AUS,NIC,0.0
AUS,NLD,1.0
AUS,NOR,1.0
AUS,NPL,0.0
AUS,NRU,1.0
AUS,NZL,1.0
AUS,OMN,0.0
AUS,PAK,0.0
AUS,PAN,1.0
AUS,PER,0.0
AUS,PHL,0.0
AUS,PLW,1.0
AUS,PNG,0.0
AUS,POL,1.0
AUS,PRT,1.0
AUS,PRY,0.0
AUS,PSE,0.0
AUS,PYF,1.0
AUS,QAT,1.0
AUS,ROU,0.0
AUS,RUS,0.0
AUS,RWA,0.0
AUS,SAU,0.0
AUS,SDN,0.0
AUS,SEN,0.0
AUS,SGP,1.0
AUS,SLB,0.0
AUS,SLE,0.0
AUS,SLV,0.0
AUS,SMR,1.0
AUS,SOM,0.0
AUS,SRB,0.0
AUS,SSD,0.0
AUS,STP,1.0
AUS,SUR,0.0
AUS,SVK,1.0
AUS,SVN,1.0
AUS,SWE,1.0
AUS,SWZ,0.0
AUS,SXM,1.0
AUS,SYC,1.0
AUS,SYR,0.0
AUS,TCA,1.0
AUS,TCD,0.0
AUS,TGO,0.0
AUS,THA,0.0
AUS,TJK,0.0
AUS,TKM,0.0
AUS,TLS,0.0
AUS,TON,1.0
AUS,TTO,0.0
AUS,TUN,0.0
AUS,TUR,0.0
AUS,TUV,1.0
AUS,TZA,0.0
AUS,UGA,0.0
AUS,UKR,0.0
AUS,URY,1.0
AUS,UZB,0.0
AUS,VCT,1.0
AUS,VEN,0.0
AUS,VNM,0.0
AUS,VUT,1.0
AUS,WSM,1.0
AUS,YEM,0.0
AUS,ZAF,0.0
AUS,ZMB,0.0
AUS,ZWE,0.0
AUT,ABW,1.0
AUT,AFG,0.0
AUT,AGO,0.0
AUT,ALB,1.0
AUT,AND,1.0
AUT,ARE,1.0
AUT,ARG,0.0
AUT,ARM,0.0
AUT,ASM,1.0
AUT,ATG,1.0
AUT,AUS,1.0
AUT,AUT,1.0
AUT,AZE,0.0
AUT,BDI,0.0
AUT,BEL,1.0
AUT,BEN,0.0
AUT,BFA,0.0
AUT,BGD,0.0
AUT,BGR,1.0
AUT,BHR,1.0
AUT,BHS,1.0
AUT,BIH,0.0
AUT,BLR,0.0
AUT,BLZ,1.0
AUT,BMU,1.0
AUT,BOL,0.0
AUT,BRA,0.0
AUT,BRB,1.0
AUT,BRN,1.0
AUT,BTN,1.0
AUT,BWA,1.0
AUT,CAF,0.0
AUT,CAN,1.0
AUT,CHE,1.0
AUT,CHL,1.0
AUT,CIV,0.0
AUT,CMR,0.0
AUT,COD,0.0
AUT,COG,0.0
AUT,COL,0.0
AUT,COM,0.0
AUT,CPV,1.0
AUT,CRI,1.0
AUT,CUB,0.0
AUT,CUW,1.0
AUT,CYM,1.0
AUT,CYP,1.0
AUT,CZE,1.0
AUT,DEU,1.0
AUT,DJI,1.0
AUT,DMA,1.0
AUT,DNK,1.0
AUT,DOM,0.0
AUT,DZA,0.0
AUT,ECU,0.0
AUT,EGY,0.0
AUT,ESP,1.0
AUT,EST,1.0
AUT,ETH,0.0
AUT,FIN,1.0
AUT,FJI,0.0
AUT,FRA,1.0
AUT,FRO,1.0
AUT,FSM,1.0
AUT,GAB,0.0
AUT,GBR,1.0
AUT,GEO,1.0
AUT,GHA,0.0
AUT,GIN,0.0
AUT,GMB,0.0
AUT,GNB,0.0
AUT,GNQ,0.0
AUT,GRC,1.0
AUT,GRD,1.0
AUT,GRL,1.0
AUT,GTM,0.0
AUT,GUM,1.0
AUT,GUY,0.0
AUT,HKG,1.0
AUT,HND,0.0
AUT,HRV,1.0
AUT,HTI,0.0
AUT,HUN,1.0
AUT,IDN,0.0
AUT,IND,0.0
AUT,IRL,1.0
AUT,IRN,0.0
AUT,IRQ,0.0
AUT,ISL,1.0
AUT,ISR,1.0
AUT,ITA,1.0
AUT,JAM,1.0
AUT,JOR,0.0
AUT,JPN,1.0
AUT,KAZ,0.0
AUT,KEN,0.0
AUT,KGZ,0.0
AUT,KHM,0.0
AUT,KIR,1.0
AUT,KNA,1.0
AUT,KOR,1.0
AUT,KWT,0.0
AUT,LAO,0.0
AUT,LBN,0.0
AUT,LBR,0.0
AUT,LBY,0.0
AUT,LCA,1.0
AUT,LKA,0.0
AUT,LSO,0.0
AUT,LTU,1.0
AUT,LUX,1.0
AUT,LVA,1.0
AUT,MAC,1.0
AUT,MAR,0.0
AUT,MDA,0.0
AUT,MDG,0.0
AUT,MDV,1.0
AUT,MEX,0.0
AUT,MHL,1.0
AUT,MKD,1.0
AUT,MLI,0.0
AUT,MLT,1.0
AUT,MMR,0.0
AUT,MNE,1.0
AUT,MNG,0.0
AUT,MNP,1.0
AUT,MOZ,0.0
AUT,MRT,0.0
AUT,MUS,1.0
AUT,MWI,0.0
AUT,MYS,0.0
AUT,NAM,1.0
AUT,NER,0.0
AUT,NGA,0.0
AUT,NIC,0.0
AUT,NLD,1.0
AUT,NOR,1.0
AUT,NPL,0.0
AUT,NRU,1.0
AUT,NZL,1.0
AUT,OMN,0.0
AUT,PAK,0.0
AUT,PAN,1.0
AUT,PER,0.0
AUT,PHL,0.0
AUT,PLW,1.0
AUT,PNG,0.0
AUT,POL,1.0
AUT,PRT,1.0
AUT,PRY,0.0
AUT,PSE,0.0
AUT,PYF,1.0
AUT,QAT,1.0
AUT,ROU,0.0
AUT,RUS,0.0
AUT,RWA,0.0
AUT,SAU,0.0
AUT,SDN,0.0
AUT,SEN,0.0
AUT,SGP,1.0
AUT,SLB,0.0
AUT,SLE,0.0
AUT,SLV,0.0
AUT,SMR,1.0
AUT,SOM,0.0
AUT,SRB,0.0
AUT,SSD,0.0
AUT,STP,1.0
AUT,SUR,0.0
AUT,SVK,1.0
AUT,SVN,1.0
AUT,SWE,1.0
AUT,SWZ,0.0
AUT,SXM,1.0
AUT,SYC,1.0
AUT,SYR,0.0
AUT,TCA,1.0
AUT,TCD,0.0
AUT,TGO,0.0
AUT,THA,0.0
AUT,TJK,0.0
AUT,TKM,0.0
AUT,TLS,0.0
AUT,TON,1.0
AUT,TTO,0.0
AUT,TUN,0.0
AUT,TUR,0.0
AUT,TUV,1.0
AUT,TZA,0.0
AUT,UGA,0.0
AUT,UKR,0.0
AUT,URY,1.0
AUT,UZB,0.0
AUT,VCT,1.0
AUT,VEN,0.0
AUT,VNM,0.0
AUT,VUT,1.0
AUT,WSM,1.0
AUT,YEM,0.0
AUT,ZAF,0.0
AUT,ZMB,0.0
AUT,ZWE,0.0
AZE,ABW,0.0
AZE,AFG,1.0
AZE,AGO,1.0
AZE,ALB,0.0
AZE,AND,0.0
AZE,ARE,0.0
AZE,ARG,1.0
AZE,ARM,1.0
AZE,ASM,0.0
AZE,ATG,0.0
AZE,AUS,0.0
AZE,AUT,0.0
AZE,AZE,1.0
AZE,BDI,1.0
AZE,BEL,0.0
AZE,BEN,1.0
AZE,BFA,1.0
AZE,BGD,1.0
AZE,BGR,0.0
AZE,BHR,0.0
AZE,BHS,0.0
AZE,BIH,1.0
AZE,BLR,1.0
AZE,BLZ,0.0
AZE,BMU,0.0
AZE,BOL,1.0
AZE,BRA,1.0
AZE,BRB,0.0
AZE,BRN,0.0
AZE,BTN,0.0
AZE,BWA,0.0
AZE,CAF,1.0
AZE,CAN,0.0
AZE,CHE,0.0
AZE,CHL,0.0
AZE,CIV,1.0
AZE,CMR,1.0
AZE,COD,1.0
AZE,COG,1.0
AZE,COL,1.0
AZE,COM,1.0
AZE,CPV,0.0
AZE,CRI,0.0
AZE,CUB,1.0
AZE,CUW,0.0
AZE,CYM,0.0
AZE,CYP,0.0
AZE,CZE,0.0
AZE,DEU,0.0
AZE,DJI,0.0
AZE,DMA,0.0
AZE,DNK,0.0
AZE,DOM,1.0
AZE,DZA,1.0
AZE,ECU,1.0
AZE,EGY,1.0
AZE,ESP,0.0
AZE,EST,0.0
AZE,ETH,1.0
AZE,FIN,0.0
AZE,FJI,1.0
AZE,FRA,0.0
AZE,FRO,0.0
AZE,FSM,0.0
AZE,GAB,1.0
AZE,GBR,0.0
AZE,GEO,0.0
AZE,GHA,1.0
AZE,GIN,1.0
AZE,GMB,1.0
AZE,GNB,1.0
AZE,GNQ,1.0
AZE,GRC,0.0
AZE,GRD,0.0
AZE,GRL,0.0
AZE,GTM,1.0
AZE,GUM,0.0
AZE,GUY,1.0
AZE,HKG,0.0
AZE,HND,1.0
AZE,HRV,0.0
AZE,HTI,1.0
AZE,HUN,0.0
AZE,IDN,1.0
AZE,IND,1.0
AZE,IRL,0.0
AZE,IRN,1.0
AZE,IRQ,1.0
AZE,ISL,0.0
AZE,ISR,0.0
AZE,ITA,0.0
AZE,JAM,0.0
AZE,JOR,1.0
AZE,JPN,0.0
AZE,KAZ,1.0
AZE,KEN,1.0
AZE,KGZ,1.0
AZE,KHM,1.0
AZE,KIR,0.0
AZE,KNA,0.0
AZE,KOR,0.0
AZE,KWT,1.0
AZE,LAO,1.0
AZE,LBN,1.0
AZE,LBR,1.0
AZE,LBY,1.0
AZE,LCA,0.0
AZE,LKA,1.0
AZE,LSO,1.0
AZE,LTU,0.0
AZE,LUX,0.0
AZE,LVA,0.0
AZE,MAC,0.0
AZE,MAR,1.0
AZE,MDA,1.0
AZE,MDG,1.0
AZE,MDV,0.0
AZE,MEX,1.0
AZE,MHL,0.0
AZE,MKD,0.0
AZE,MLI,1.0
AZE,MLT,0.0
AZE,MMR,1.0
AZE,MNE,0.0
AZE,MNG,1.0
AZE,MNP,0.0
AZE,MOZ,1.0
AZE,MRT,1.0
AZE,MUS,0.0
AZE,MWI,1.0
AZE,MYS,1.0
AZE,NAM,0.0
AZE,NER,1.0
AZE,NGA,1.0
AZE,NIC,1.0
AZE,NLD,0.0
AZE,NOR,0.0
AZE,NPL,1.0
AZE,NRU,0.0
AZE,NZL,0.0
AZE,OMN,1.0
AZE,PAK,1.0
AZE,PAN,0.0
AZE,PER,1.0
AZE,PHL,1.0
AZE,PLW,0.0
AZE,PNG,1.0
AZE,POL,0.0
AZE,PRT,0.0
AZE,PRY,1.0
AZE,PSE,1.0
AZE,PYF,0.0
AZE,QAT,0.0
AZE,ROU,1.0
AZE,RUS,1.0
AZE,RWA,1.0
AZE,SAU,1.0
AZE,SDN,1.0
AZE,SEN,1.0
AZE,SGP,0.0
AZE,SLB,1.0
AZE,SLE,1.0
AZE,SLV,1.0
AZE,SMR,0.0
AZE,SOM,1.0
AZE,SRB,1.0
AZE,SSD,1.0
AZE,STP,0.0
AZE,SUR,1.0
AZE,SVK,0.0
AZE,SVN,0.0
AZE,SWE,0.0
AZE,SWZ,1.0
AZE,SXM,0.0
AZE,SYC,0.0
AZE,SYR,1.0
AZE,TCA,0.0
AZE,TCD,1.0
AZE,TGO,1.0
AZE,THA,1.0
AZE,TJK,1.0
AZE,TKM,1.0
AZE,TLS,1.0
AZE,TON,0.0
AZE,TTO,1.0
AZE,TUN,1.0
AZE,TUR,1.0
AZE,TUV,0.0
AZE,TZA,1.0
AZE,UGA,1.0
AZE,UKR,1.0
AZE,URY,0.0
AZE,UZB,1.0
AZE,VCT,0.0
AZE,VEN,1.0
AZE,VNM,1.0
AZE,VUT,0.0
AZE,WSM,0.0
AZE,YEM,1.0
AZE,ZAF,1.0
AZE,ZMB,1.0
AZE,ZWE,1.0
BDI,ABW,0.0
BDI,AFG,1.0
BDI,AGO,1.0
BDI,ALB,0.0
BDI,AND,0.0
BDI,ARE,0.0
BDI,ARG,1.0
BDI,ARM,1.0
BDI,ASM,0.0
BDI,ATG,0.0
BDI,AUS,0.0
BDI,AUT,0.0
BDI,AZE,1.0
BDI,BDI,1.0
BDI,BEL,0.0
BDI,BEN,1.0
BDI,BFA,1.0
BDI,BGD,1.0
BDI,BGR,0.0
BDI,BHR,0.0
BDI,BHS,0.0
BDI,BIH,1.0
BDI,BLR,1.0
BDI,BLZ,0.0
BDI,BMU,0.0
BDI,BOL,1.0
BDI,BRA,1.0
BDI,BRB,0.0
BDI,BRN,0.0
BDI,BTN,0.0
BDI,BWA,0.0
BDI,CAF,1.0
BDI,CAN,0.0
BDI,CHE,0.0
BDI,CHL,0.0
BDI,CIV,1.0
BDI,CMR,1.0
BDI,COD,1.0
BDI,COG,1.0
BDI,COL,1.0
BDI,COM,1.0
BDI,CPV,0.0
BDI,CRI,0.0
BDI,CUB,1.0
BDI,CUW,0.0
BDI,CYM,0.0
BDI,CYP,0.0
BDI,CZE,0.0
BDI,DEU,0.0
BDI,DJI,0.0
BDI,DMA,0.0
BDI,DNK,0.0
BDI,DOM,1.0
BDI,DZA,1.0
BDI,ECU,1.0
BDI,EGY,1.0
BDI,ESP,0.0
BDI,EST,0.0
BDI,ETH,1.0
BDI,FIN,0.0
BDI,FJI,1.0
BDI,FRA,0.0
BDI,FRO,0.0
BDI,FSM,0.0
BDI,GAB,1.0
BDI,GBR,0.0
BDI,GEO,0.0
BDI,GHA,1.0
BDI,GIN,1.0
BDI,GMB,1.0
BDI,GNB,1.0
BDI,GNQ,1.0
BDI,GRC,0.0
BDI,GRD,0.0
BDI,GRL,0.0
BDI,GTM,1.0
BDI,GUM,0.0
BDI,GUY,1.0
BDI,HKG,0.0
BDI,HND,1.0
BDI,HRV,0.0
BDI,HTI,1.0
BDI,HUN,0.0
BDI,IDN,1.0
BDI,IND,1.0
BDI,IRL,0.0
BDI,IRN,1.0
BDI,IRQ,1.0
BDI,ISL,0.0
BDI,ISR,0.0
BDI,ITA,0.0
BDI,JAM,0.0
BDI,JOR,1.0
BDI,JPN,0.0
BDI,KAZ,1.0
BDI,KEN,1.0
BDI,KGZ,1.0
BDI,KHM,1.0
BDI,KIR,0.0
BDI,KNA,0.0
BDI,KOR,0.0
BDI,KWT,1.0
BDI,LAO,1.0
BDI,LBN,1.0
BDI,LBR,1.0
BDI,LBY,1.0
BDI,LCA,0.0
BDI,LKA,1.0
BDI,LSO,1.0
BDI,LTU,0.0
BDI,LUX,0.0
BDI,LVA,0.0
BDI,MAC,0.0
BDI,MAR,1.0
BDI,MDA,1.0
BDI,MDG,1.0
BDI,MDV,0.0
BDI,MEX,1.0
BDI,MHL,0.0
BDI,MKD,0.0
BDI,MLI,1.0
BDI,MLT,0.0
BDI,MMR,1.0
BDI,MNE,0.0
BDI,MNG,1.0
BDI,MNP,0.0
BDI,MOZ,1.0
BDI,MRT,1.0
BDI,MUS,0.0
BDI,MWI,1.0
BDI,MYS,1.0
BDI,NAM,0.0
BDI,NER,1.0
BDI,NGA,1.0
BDI,NIC,1.0
BDI,NLD,0.0
BDI,NOR,0.0
BDI,NPL,1.0
BDI,NRU,0.0
BDI,NZL,0.0
BDI,OMN,1.0
BDI,PAK,1.0
BDI,PAN,0.0
BDI,PER,1.0
BDI,PHL,1.0
BDI,PLW,0.0
BDI,PNG,1.0
BDI,POL,0.0
BDI,PRT,0.0
BDI,PRY,1.0
BDI,PSE,1.0
BDI,PYF,0.0
BDI,QAT,0.0
BDI,ROU,1.0
BDI,RUS,1.0
BDI,RWA,1.0
BDI,SAU,1.0
BDI,SDN,1.0
BDI,SEN,1.0
BDI,SGP,0.0
BDI,SLB,1.0
BDI,SLE,1.0
BDI,SLV,1.0
BDI,SMR,0.0
BDI,SOM,1.0
BDI,SRB,1.0
BDI,SSD,1.0
BDI,STP,0.0
BDI,SUR,1.0
BDI,SVK,0.0
BDI,SVN,0.0
BDI,SWE,0.0
BDI,SWZ,1.0
BDI,SXM,0.0
BDI,SYC,0.0
BDI,SYR,1.0
BDI,TCA,0.0
BDI,TCD,1.0
BDI,TGO,1.0
BDI,THA,1.0
BDI,TJK,1.0
BDI,TKM,1.0
BDI,TLS,1.0
BDI,TON,0.0
BDI,TTO,1.0
BDI,TUN,1.0
BDI,TUR,1.0
BDI,TUV,0.0
BDI,TZA,1.0
BDI,UGA,1.0
BDI,UKR,1.0
BDI,URY,0.0
BDI,UZB,1.0
BDI,VCT,0.0
BDI,VEN,1.0
BDI,VNM,1.0
BDI,VUT,0.0
BDI,WSM,0.0
BDI,YEM,1.0
BDI,ZAF,1.0
BDI,ZMB,1.0
BDI,ZWE,1.0
BEL,ABW,1.0
BEL,AFG,0.0
BEL,AGO,0.0
BEL,ALB,1.0
BEL,AND,1.0
BEL,ARE,1.0
BEL,ARG,0.0
BEL,ARM,0.0
BEL,ASM,1.0
BEL,ATG,1.0
BEL,AUS,1.0
BEL,AUT,1.0
BEL,AZE,0.0
BEL,BDI,0.0
BEL,BEL,1.0
BEL,BEN,0.0
BEL,BFA,0.0
BEL,BGD,0.0
BEL,BGR,1.0
BEL,BHR,1.0
BEL,BHS,1.0
BEL,BIH,0.0
BEL,BLR,0.0
BEL,BLZ,1.0
BEL,BMU,1.0
BEL,BOL,0.0
BEL,BRA,0.0
BEL,BRB,1.0
BEL,BRN,1.0
BEL,BTN,1.0
BEL,BWA,1.0
BEL,CAF,0.0
BEL,CAN,1.0
BEL,CHE,1.0
BEL,CHL,1.0
BEL,CIV,0.0
BEL,CMR,0.0
BEL,COD,0.0
BEL,COG,0.0
BEL,COL,0.0
BEL,COM,0.0
BEL,CPV,1.0
BEL,CRI,1.0
BEL,CUB,0.0
BEL,CUW,1.0
BEL,CYM,1.0
BEL,CYP,1.0
BEL,CZE,1.0
BEL,DEU,1.0
BEL,DJI,1.0
BEL,DMA,1.0
BEL,DNK,1.0
BEL,DOM,0.0
BEL,DZA,0.0
BEL,ECU,0.0
BEL,EGY,0.0
BEL,ESP,1.0
BEL,EST,1.0
BEL,ETH,0.0
BEL,FIN,1.0
BEL,FJI,0.0
BEL,FRA,1.0
BEL,FRO,1.0
BEL,FSM,1.0
BEL,GAB,0.0
BEL,GBR,1.0
BEL,GEO,1.0
BEL,GHA,0.0
BEL,GIN,0.0
BEL,GMB,0.0
BEL,GNB,0.0
BEL,GNQ,0.0
BEL,GRC,1.0
BEL,GRD,1.0
BEL,GRL,1.0
BEL,GTM,0.0
BEL,GUM,1.0
BEL,GUY,0.0
BEL,HKG,1.0
BEL,HND,0.0
BEL,HRV,1.0
BEL,HTI,0.0
BEL,HUN,1.0
BEL,IDN,0.0
BEL,IND,0.0
BEL,IRL,1.0
BEL,IRN,0.0
BEL,IRQ,0.0
BEL,ISL,1.0
BEL,ISR,1.0
BEL,ITA,1.0
BEL,JAM,1.0
BEL,JOR,0.0
BEL,JPN,1.0
BEL,KAZ,0.0
BEL,KEN,0.0
BEL,KGZ,0.0
BEL,KHM,0.0
BEL,KIR,1.0
BEL,KNA,1.0
BEL,KOR,1.0
BEL,KWT,0.0
BEL,LAO,0.0
BEL,LBN,0.0
BEL,LBR,0.0
BEL,LBY,0.0
BEL,LCA,1.0
BEL,LKA,0.0
BEL,LSO,0.0
BEL,LTU,1.0
BEL,LUX,1.0
BEL,LVA,1.0
BEL,MAC,1.0
BEL,MAR,0.0
BEL,MDA,0.0
BEL,MDG,0.0
BEL,MDV,1.0
BEL,MEX,0.0
BEL,MHL,1.0
BEL,MKD,1.0
BEL,MLI,0.0
BEL,MLT,1.0
BEL,MMR,0.0
BEL,MNE,1.0
BEL,MNG,0.0
BEL,MNP,1.0
BEL,MOZ,0.0
BEL,MRT,0.0
BEL,MUS,1.0
BEL,MWI,0.0
BEL,MYS,0.0
BEL,NAM,1.0
BEL,NER,0.0
BEL,NGA,0.0
BEL,NIC,0.0
BEL,NLD,1.0
BEL,NOR,1.0
BEL,NPL,0.0
BEL,NRU,1.0
BEL,NZL,1.0
BEL,OMN,0.0
BEL,PAK,0.0
BEL,PAN,1.0
BEL,PER,0.0
BEL,PHL,0.0
BEL,PLW,1.0
BEL,PNG,0.0
BEL,POL,1.0
BEL,PRT,1.0
BEL,PRY,0.0
BEL,PSE,0.0
BEL,PYF,1.0
BEL,QAT,1.0
BEL,ROU,0.0
BEL,RUS,0.0
BEL,RWA,0.0
BEL,SAU,0.0
BEL,SDN,0.0
BEL,SEN,0.0
BEL,SGP,1.0
BEL,SLB,0.0
BEL,SLE,0.0
BEL,SLV,0.0
BEL,SMR,1.0
BEL,SOM,0.0
BEL,SRB,0.0
BEL,SSD,0.0
BEL,STP,1.0
BEL,SUR,0.0
BEL,SVK,1.0
BEL,SVN,1.0
BEL,SWE,1.0
BEL,SWZ,0.0
BEL,SXM,1.0
BEL,SYC,1.0
BEL,SYR,0.0
BEL,TCA,1.0
BEL,TCD,0.0
BEL,TGO,0.0
BEL,THA,0.0
BEL,TJK,0.0
BEL,TKM,0.0
BEL,TLS,0.0
BEL,TON,1.0
BEL,TTO,0.0
BEL,TUN,0.0
BEL,TUR,0.0
BEL,TUV,1.0
BEL,TZA,0.0
BEL,UGA,0.0
BEL,UKR,0.0
BEL,URY,1.0
BEL,UZB,0.0
BEL,VCT,1.0
BEL,VEN,0.0
BEL,VNM,0.0
BEL,VUT,1.0
BEL,WSM,1.0
BEL,YEM,0.0
BEL,ZAF,0.0
BEL,ZMB,0.0
BEL,ZWE,0.0
BEN,ABW,0.0
BEN,AFG,1.0
BEN,AGO,1.0
BEN,ALB,0.0
BEN,AND,0.0
BEN,ARE,0.0
BEN,ARG,1.0
BEN,ARM,1.0
BEN,ASM,0.0
BEN,ATG,0.0
BEN,AUS,0.0
BEN,AUT,0.0
BEN,AZE,1.0
BEN,BDI,1.0
BEN,BEL,0.0
BEN,BEN,1.0
BEN,BFA,1.0
BEN,BGD,1.0
BEN,BGR,0.0
BEN,BHR,0.0
BEN,BHS,0.0
BEN,BIH,1.0
BEN,BLR,1.0
BEN,BLZ,0.0
BEN,BMU,0.0
BEN,BOL,1.0
BEN,BRA,1.0
BEN,BRB,0.0
BEN,BRN,0.0
BEN,BTN,0.0
BEN,BWA,0.0
BEN,CAF,1.0
BEN,CAN,0.0
BEN,CHE,0.0
BEN,CHL,0.0
BEN,CIV,1.0
BEN,CMR,1.0
BEN,COD,1.0
BEN,COG,1.0
BEN,COL,1.0
BEN,COM,1.0
BEN,CPV,0.0
BEN,CRI,0.0
BEN,CUB,1.0
BEN,CUW,0.0
BEN,CYM,0.0
BEN,CYP,0.0
BEN,CZE,0.0
BEN,DEU,0.0
BEN,DJI,0.0
BEN,DMA,0.0
BEN,DNK,0.0
BEN,DOM,1.0
BEN,DZA,1.0
BEN,ECU,1.0
BEN,EGY,1.0
BEN,ESP,0.0
BEN,EST,0.0
BEN,ETH,1.0
BEN,FIN,0.0
BEN,FJI,1.0
BEN,FRA,0.0
BEN,FRO,0.0
BEN,FSM,0.0
BEN,GAB,1.0
BEN,GBR,0.0
BEN,GEO,0.0
BEN,GHA,1.0
BEN,GIN,1.0
BEN,GMB,1.0
BEN,GNB,1.0
BEN,GNQ,1.0
BEN,GRC,0.0
BEN,GRD,0.0
BEN,GRL,0.0
BEN,GTM,1.0
BEN,GUM,0.0
BEN,GUY,1.0
BEN,HKG,0.0
BEN,HND,1.0
BEN,HRV,0.0
BEN,HTI,1.0
BEN,HUN,0.0
BEN,IDN,1.0
BEN,IND,1.0
BEN,IRL,0.0
BEN,IRN,1.0
BEN,IRQ,1.0
BEN,ISL,0.0
BEN,ISR,0.0
BEN,ITA,0.0
BEN,JAM,0.0
BEN,JOR,1.0
BEN,JPN,0.0
BEN,KAZ,1.0
BEN,KEN,1.0
BEN,KGZ,1.0
BEN,KHM,1.0
BEN,KIR,0.0
BEN,KNA,0.0
BEN,KOR,0.0
BEN,KWT,1.0
BEN,LAO,1.0
BEN,LBN,1.0
BEN,LBR,1.0
BEN,LBY,1.0
BEN,LCA,0.0
BEN,LKA,1.0
BEN,LSO,1.0
BEN,LTU,0.0
BEN,LUX,0.0
BEN,LVA,0.0
BEN,MAC,0.0
BEN,MAR,1.0
BEN,MDA,1.0
BEN,MDG,1.0
BEN,MDV,0.0
BEN,MEX,1.0
BEN,MHL,0.0
BEN,MKD,0.0
BEN,MLI,1.0
BEN,MLT,0.0
BEN,MMR,1.0
BEN,MNE,0.0
BEN,MNG,1.0
BEN,MNP,0.0
BEN,MOZ,1.0
BEN,MRT,1.0
BEN,MUS,0.0
BEN,MWI,1.0
BEN,MYS,1.0
BEN,NAM,0.0
BEN,NER,1.0
BEN,NGA,1.0
BEN,NIC,1.0
BEN,NLD,0.0
BEN,NOR,0.0
BEN,NPL,1.0
BEN,NRU,0.0
BEN,NZL,0.0
BEN,OMN,1.0
BEN,PAK,1.0
BEN,PAN,0.0
BEN,PER,1.0
BEN,PHL,1.0
BEN,PLW,0.0
BEN,PNG,1.0
BEN,POL,0.0
BEN,PRT,0.0
BEN,PRY,1.0
BEN,PSE,1.0
BEN,PYF,0.0
BEN,QAT,0.0
BEN,ROU,1.0
BEN,RUS,1.0
BEN,RWA,1.0
BEN,SAU,1.0
BEN,SDN,1.0
BEN,SEN,1.0
BEN,SGP,0.0
BEN,SLB,1.0
BEN,SLE,1.0
BEN,SLV,1.0
BEN,SMR,0.0
BEN,SOM,1.0
BEN,SRB,1.0
BEN,SSD,1.0
BEN,STP,0.0
BEN,SUR,1.0
BEN,SVK,0.0
BEN,SVN,0.0
BEN,SWE,0.0
BEN,SWZ,1.0
BEN,SXM,0.0
BEN,SYC,0.0
BEN,SYR,1.0
BEN,TCA,0.0
BEN,TCD,1.0
BEN,TGO,1.0
BEN,THA,1.0
BEN,TJK,1.0
BEN,TKM,1.0
BEN,TLS,1.0
BEN,TON,0.0
BEN,TTO,1.0
BEN,TUN,1.0
BEN,TUR,1.0
BEN,TUV,0.0
BEN,TZA,1.0
BEN,UGA,1.0
BEN,UKR,1.0
BEN,URY,0.0
BEN,UZB,1.0
BEN,VCT,0.0
BEN,VEN,1.0
BEN,VNM,1.0
BEN,VUT,0.0
BEN,WSM,0.0
BEN,YEM,1.0
BEN,ZAF,1.0
BEN,ZMB,1.0
BEN,ZWE,1.0
BFA,ABW,0.0
BFA,AFG,1.0
BFA,AGO,1.0
BFA,ALB,0.0
BFA,AND,0.0
BFA,ARE,0.0
BFA,ARG,1.0
BFA,ARM,1.0
BFA,ASM,0.0
BFA,ATG,0.0
BFA,AUS,0.0
BFA,AUT,0.0
BFA,AZE,1.0
BFA,BDI,1.0
BFA,BEL,0.0
BFA,BEN,1.0
BFA,BFA,1.0
BFA,BGD,1.0
BFA,BGR,0.0
BFA,BHR,0.0
BFA,BHS,0.0
BFA,BIH,1.0
BFA,BLR,1.0
BFA,BLZ,0.0
BFA,BMU,0.0
BFA,BOL,1.0
BFA,BRA,1.0
BFA,BRB,0.0
BFA,BRN,0.0
BFA,BTN,0.0
BFA,BWA,0.0
BFA,CAF,1.0
BFA,CAN,0.0
BFA,CHE,0.0
BFA,CHL,0.0
BFA,CIV,1.0
BFA,CMR,1.0
BFA,COD,1.0
BFA,COG,1.0
BFA,COL,1.0
BFA,COM,1.0
BFA,CPV,0.0
BFA,CRI,0.0
BFA,CUB,1.0
BFA,CUW,0.0
BFA,CYM,0.0
BFA,CYP,0.0
BFA,CZE,0.0
BFA,DEU,0.0
BFA,DJI,0.0
BFA,DMA,0.0
BFA,DNK,0.0
BFA,DOM,1.0
BFA,DZA,1.0
BFA,ECU,1.0
BFA,EGY,1.0
BFA,ESP,0.0
BFA,EST,0.0
BFA,ETH,1.0
BFA,FIN,0.0
BFA,FJI,1.0
BFA,FRA,0.0
BFA,FRO,0.0
BFA,FSM,0.0
BFA,GAB,1.0
BFA,GBR,0.0
BFA,GEO,0.0
BFA,GHA,1.0
BFA,GIN,1.0
BFA,GMB,1.0
BFA,GNB,1.0
BFA,GNQ,1.0
BFA,GRC,0.0
BFA,GRD,0.0
BFA,GRL,0.0
BFA,GTM,1.0
BFA,GUM,0.0
BFA,GUY,1.0
BFA,HKG,0.0
BFA,HND,1.0
BFA,HRV,0.0
BFA,HTI,1.0
BFA,HUN,0.0
BFA,IDN,1.0
BFA,IND,1.0
BFA,IRL,0.0
BFA,IRN,1.0
BFA,IRQ,1.0
BFA,ISL,0.0
BFA,ISR,0.0
BFA,ITA,0.0
BFA,JAM,0.0
BFA,JOR,1.0
BFA,JPN,0.0
BFA,KAZ,1.0
BFA,KEN,1.0
BFA,KGZ,1.0
BFA,KHM,1.0
BFA,KIR,0.0
BFA,KNA,0.0
BFA,KOR,0.0
BFA,KWT,1.0
BFA,LAO,1.0
BFA,LBN,1.0
BFA,LBR,1.0
BFA,LBY,1.0
BFA,LCA,0.0
BFA,LKA,1.0
BFA,LSO,1.0
BFA,LTU,0.0
BFA,LUX,0.0
BFA,LVA,0.0
BFA,MAC,0.0
BFA,MAR,1.0
BFA,MDA,1.0
BFA,MDG,1.0
BFA,MDV,0.0
BFA,MEX,1.0
BFA,MHL,0.0
BFA,MKD,0.0
BFA,MLI,1.0
BFA,MLT,0.0
BFA,MMR,1.0
BFA,MNE,0.0
BFA,MNG,1.0
BFA,MNP,0.0
BFA,MOZ,1.0
BFA,MRT,1.0
BFA,MUS,0.0
BFA,MWI,1.0
BFA,MYS,1.0
BFA,NAM,0.0
BFA,NER,1.0
BFA,NGA,1.0
BFA,NIC,1.0
BFA,NLD,0.0
BFA,NOR,0.0
BFA,NPL,1.0
BFA,NRU,0.0
BFA,NZL,0.0
BFA,OMN,1.0
BFA,PAK,1.0
BFA,PAN,0.0
BFA,PER,1.0
BFA,PHL,1.0
BFA,PLW,0.0
BFA,PNG,1.0
BFA,POL,0.0
BFA,PRT,0.0
BFA,PRY,1.0
BFA,PSE,1.0
BFA,PYF,0.0
BFA,QAT,0.0
BFA,ROU,1.0
BFA,RUS,1.0
BFA,RWA,1.0
BFA,SAU,1.0
BFA,SDN,1.0
BFA,SEN,1.0
BFA,SGP,0.0
BFA,SLB,1.0
BFA,SLE,1.0
BFA,SLV,1.0
BFA,SMR,0.0
BFA,SOM,1.0
BFA,SRB,1.0
BFA,SSD,1.0
BFA,STP,0.0
BFA,SUR,1.0
BFA,SVK,0.0
BFA,SVN,0.0
BFA,SWE,0.0
BFA,SWZ,1.0
BFA,SXM,0.0
BFA,SYC,0.0
BFA,SYR,1.0
BFA,TCA,0.0
BFA,TCD,1.0
BFA,TGO,1.0
BFA,THA,1.0
BFA,TJK,1.0
BFA,TKM,1.0
BFA,TLS,1.0
BFA,TON,0.0
BFA,TTO,1.0
BFA,TUN,1.0
BFA,TUR,1.0
BFA,TUV,0.0
BFA,TZA,1.0
BFA,UGA,1.0
BFA,UKR,1.0
BFA,URY,0.0
BFA,UZB,1.0
BFA,VCT,0.0
BFA,VEN,1.0
BFA,VNM,1.0
BFA,VUT,0.0
BFA,WSM,0.0
BFA,YEM,1.0
BFA,ZAF,1.0
BFA,ZMB,1.0
BFA,ZWE,1.0
BGD,ABW,0.0
BGD,AFG,1.0
BGD,AGO,1.0
BGD,ALB,0.0
BGD,AND,0.0
BGD,ARE,0.0
BGD,ARG,1.0
BGD,ARM,1.0
BGD,ASM,0.0
BGD,ATG,0.0
BGD,AUS,0.0
BGD,AUT,0.0
BGD,AZE,1.0
BGD,BDI,1.0
BGD,BEL,0.0
BGD,BEN,1.0
BGD,BFA,1.0
BGD,BGD,1.0
BGD,BGR,0.0
BGD,BHR,0.0
BGD,BHS,0.0
BGD,BIH,1.0
BGD,BLR,1.0
BGD,BLZ,0.0
BGD,BMU,0.0
BGD,BOL,1.0
BGD,BRA,1.0
BGD,BRB,0.0
BGD,BRN,0.0
BGD,BTN,0.0
BGD,BWA,0.0
BGD,CAF,1.0
BGD,CAN,0.0
BGD,CHE,0.0
BGD,CHL,0.0
BGD,CIV,1.0
BGD,CMR,1.0
BGD,COD,1.0
BGD,COG,1.0
BGD,COL,1.0
BGD,COM,1.0
BGD,CPV,0.0
BGD,CRI,0.0
BGD,CUB,1.0
BGD,CUW,0.0
BGD,CYM,0.0
BGD,CYP,0.0
BGD,CZE,0.0
BGD,DEU,0.0
BGD,DJI,0.0
BGD,DMA,0.0
BGD,DNK,0.0
BGD,DOM,1.0
BGD,DZA,1.0
BGD,ECU,1.0
BGD,EGY,1.0
BGD,ESP,0.0
BGD,EST,0.0
BGD,ETH,1.0
BGD,FIN,0.0
BGD,FJI,1.0
BGD,FRA,0.0
BGD,FRO,0.0
BGD,FSM,0.0
BGD,GAB,1.0
BGD,GBR,0.0
BGD,GEO,0.0
BGD,GHA,1.0
BGD,GIN,1.0
BGD,GMB,1.0
BGD,GNB,1.0
BGD,GNQ,1.0
BGD,GRC,0.0
BGD,GRD,0.0
BGD,GRL,0.0
BGD,GTM,1.0
BGD,GUM,0.0
BGD,GUY,1.0
BGD,HKG,0.0
BGD,HND,1.0
BGD,HRV,0.0
BGD,HTI,1.0
BGD,HUN,0.0
BGD,IDN,1.0
BGD,IND,1.0
BGD,IRL,0.0
BGD,IRN,1.0
BGD,IRQ,1.0
BGD,ISL,0.0
BGD,ISR,0.0
BGD,ITA,0.0
BGD,JAM,0.0
BGD,JOR,1.0
BGD,JPN,0.0
BGD,KAZ,1.0
BGD,KEN,1.0
BGD,KGZ,1.0
BGD,KHM,1.0
BGD,KIR,0.0
BGD,KNA,0.0
BGD,KOR,0.0
BGD,KWT,1.0
BGD,LAO,1.0
BGD,LBN,1.0
BGD,LBR,1.0
BGD,LBY,1.0
BGD,LCA,0.0
BGD,LKA,1.0
BGD,LSO,1.0
BGD,LTU,0.0
BGD,LUX,0.0
BGD,LVA,0.0
BGD,MAC,0.0
BGD,MAR,1.0
BGD,MDA,1.0
BGD,MDG,1.0
BGD,MDV,0.0
BGD,MEX,1.0
BGD,MHL,0.0
BGD,MKD,0.0
BGD,MLI,1.0
BGD,MLT,0.0
BGD,MMR,1.0
BGD,MNE,0.0
BGD,MNG,1.0
BGD,MNP,0.0
BGD,MOZ,1.0
BGD,MRT,1.0
BGD,MUS,0.0
BGD,MWI,1.0
BGD,MYS,1.0
BGD,NAM,0.0
BGD,NER,1.0
BGD,NGA,1.0
BGD,NIC,1.0
BGD,NLD,0.0
BGD,NOR,0.0
BGD,NPL,1.0
BGD,NRU,0.0
BGD,NZL,0.0
BGD,OMN,1.0
BGD,PAK,1.0
BGD,PAN,0.0
BGD,PER,1.0
BGD,PHL,1.0
BGD,PLW,0.0
BGD,PNG,1.0
BGD,POL,0.0
BGD,PRT,0.0
BGD,PRY,1.0
BGD,PSE,1.0
BGD,PYF,0.0
BGD,QAT,0.0
BGD,ROU,1.0
BGD,RUS,1.0
BGD,RWA,1.0
BGD,SAU,1.0
BGD,SDN,1.0
BGD,SEN,1.0
BGD,SGP,0.0
BGD,SLB,1.0
BGD,SLE,1.0
BGD,SLV,1.0
BGD,SMR,0.0
BGD,SOM,1.0
BGD,SRB,1.0
BGD,SSD,1.0
BGD,STP,0.0
BGD,SUR,1.0
BGD,SVK,0.0
BGD,SVN,0.0
BGD,SWE,0.0
BGD,SWZ,1.0
BGD,SXM,0.0
BGD,SYC,0.0
BGD,SYR,1.0
BGD,TCA,0.0
BGD,TCD,1.0
BGD,TGO,1.0
BGD,THA,1.0
BGD,TJK,1.0
BGD,TKM,1.0
BGD,TLS,1.0
BGD,TON,0.0
BGD,TTO,1.0
BGD,TUN,1.0
BGD,TUR,1.0
BGD,TUV,0.0
BGD,TZA,1.0
BGD,UGA,1.0
BGD,UKR,1.0
BGD,URY,0.0
BGD,UZB,1.0
BGD,VCT,0.0
BGD,VEN,1.0
BGD,VNM,1.0
BGD,VUT,0.0
BGD,WSM,0.0
BGD,YEM,1.0
BGD,ZAF,1.0
BGD,ZMB,1.0
BGD,ZWE,1.0
BGR,ABW,1.0
BGR,AFG,0.0
BGR,AGO,0.0
BGR,ALB,1.0
BGR,AND,1.0
BGR,ARE,1.0
BGR,ARG,0.0
BGR,ARM,0.0
BGR,ASM,1.0
BGR,ATG,1.0
BGR,AUS,1.0
BGR,AUT,1.0
BGR,AZE,0.0
BGR,BDI,0.0
BGR,BEL,1.0
BGR,BEN,0.0
BGR,BFA,0.0
BGR,BGD,0.0
BGR,BGR,1.0
BGR,BHR,1.0
BGR,BHS,1.0
BGR,BIH,0.0
BGR,BLR,0.0
BGR,BLZ,1.0
BGR,BMU,1.0
BGR,BOL,0.0
BGR,BRA,0.0
BGR,BRB,1.0
BGR,BRN,1.0
BGR,BTN,1.0
BGR,BWA,1.0
BGR,CAF,0.0
BGR,CAN,1.0
BGR,CHE,1.0
BGR,CHL,1.0
BGR,CIV,0.0
BGR,CMR,0.0
BGR,COD,0.0
BGR,COG,0.0
BGR,COL,0.0
BGR,COM,0.0
BGR,CPV,1.0
BGR,CRI,1.0
BGR,CUB,0.0
BGR,CUW,1.0
BGR,CYM,1.0
BGR,CYP,1.0
BGR,CZE,1.0
BGR,DEU,1.0
BGR,DJI,1.0
BGR,DMA,1.0
BGR,DNK,1.0
BGR,DOM,0.0
BGR,DZA,0.0
BGR,ECU,0.0
BGR,EGY,0.0
BGR,ESP,1.0
BGR,EST,1.0
BGR,ETH,0.0
BGR,FIN,1.0
BGR,FJI,0.0
BGR,FRA,1.0
BGR,FRO,1.0
BGR,FSM,1.0
BGR,GAB,0.0
BGR,GBR,1.0
BGR,GEO,1.0
BGR,GHA,0.0
BGR,GIN,0.0
BGR,GMB,0.0
BGR,GNB,0.0
BGR,GNQ,0.0
BGR,GRC,1.0
BGR,GRD,1.0
BGR,GRL,1.0
BGR,GTM,0.0
BGR,GUM,1.0
BGR,GUY,0.0
BGR,HKG,1.0
BGR,HND,0.0
BGR,HRV,1.0
BGR,HTI,0.0
BGR,HUN,1.0
BGR,IDN,0.0
BGR,IND,0.0
BGR,IRL,1.0
BGR,IRN,0.0
BGR,IRQ,0.0
BGR,ISL,1.0
BGR,ISR,1.0
BGR,ITA,1.0
BGR,JAM,1.0
BGR,JOR,0.0
BGR,JPN,1.0
BGR,KAZ,0.0
BGR,KEN,0.0
BGR,KGZ,0.0
BGR,KHM,0.0
BGR,KIR,1.0
BGR,KNA,1.0
BGR,KOR,1.0
BGR,KWT,0.0
BGR,LAO,0.0
BGR,LBN,0.0
BGR,LBR,0.0
BGR,LBY,0.0
BGR,LCA,1.0
BGR,LKA,0.0
BGR,LSO,0.0
BGR,LTU,1.0
BGR,LUX,1.0
BGR,LVA,1.0
BGR,MAC,1.0
BGR,MAR,0.0
BGR,MDA,0.0
BGR,MDG,0.0
BGR,MDV,1.0
BGR,MEX,0.0
BGR,MHL,1.0
BGR,MKD,1.0
BGR,MLI,0.0
BGR,MLT,1.0
BGR,MMR,0.0
BGR,MNE,1.0
BGR,MNG,0.0
BGR,MNP,1.0
BGR,MOZ,0.0
BGR,MRT,0.0
BGR,MUS,1.0
BGR,MWI,0.0
BGR,MYS,0.0
BGR,NAM,1.0
BGR,NER,0.0
BGR,NGA,0.0
BGR,NIC,0.0
BGR,NLD,1.0
BGR,NOR,1.0
BGR,NPL,0.0
BGR,NRU,1.0
BGR,NZL,1.0
BGR,OMN,0.0
BGR,PAK,0.0
BGR,PAN,1.0
BGR,PER,0.0
BGR,PHL,0.0
BGR,PLW,1.0
BGR,PNG,0.0
BGR,POL,1.0
BGR,PRT,1.0
BGR,PRY,0.0
BGR,PSE,0.0
BGR,PYF,1.0
BGR,QAT,1.0
BGR,ROU,0.0
BGR,RUS,0.0
BGR,RWA,0.0
BGR,SAU,0.0
BGR,SDN,0.0
BGR,SEN,0.0
BGR,SGP,1.0
BGR,SLB,0.0
BGR,SLE,0.0
BGR,SLV,0.0
BGR,SMR,1.0
BGR,SOM,0.0
BGR,SRB,0.0
BGR,SSD,0.0
BGR,STP,1.0
BGR,SUR,0.0
BGR,SVK,1.0
BGR,SVN,1.0
BGR,SWE,1.0
BGR,SWZ,0.0
BGR,SXM,1.0
BGR,SYC,1.0
BGR,SYR,0.0
BGR,TCA,1.0
BGR,TCD,0.0
BGR,TGO,0.0
BGR,THA,0.0
BGR,TJK,0.0
BGR,TKM,0.0
BGR,TLS,0.0
BGR,TON,1.0
BGR,TTO,0.0
BGR,TUN,0.0
BGR,TUR,0.0
BGR,TUV,1.0
BGR,TZA,0.0
BGR,UGA,0.0
BGR,UKR,0.0
BGR,URY,1.0
BGR,UZB,0.0
BGR,VCT,1.0
BGR,VEN,0.0
BGR,VNM,0.0
BGR,VUT,1.0
BGR,WSM,1.0
BGR,YEM,0.0
BGR,ZAF,0.0
BGR,ZMB,0.0
BGR,ZWE,0.0
BHR,ABW,1.0
BHR,AFG,0.0
BHR,AGO,0.0
BHR,ALB,1.0
BHR,AND,1.0
BHR,ARE,1.0
BHR,ARG,0.0
BHR,ARM,0.0
BHR,ASM,1.0
BHR,ATG,1.0
BHR,AUS,1.0
BHR,AUT,1.0
BHR,AZE,0.0
BHR,BDI,0.0
BHR,BEL,1.0
BHR,BEN,0.0
BHR,BFA,0.0
BHR,BGD,0.0
BHR,BGR,1.0
BHR,BHR,1.0
BHR,BHS,1.0
BHR,BIH,0.0
BHR,BLR,0.0
BHR,BLZ,1.0
BHR,BMU,1.0
BHR,BOL,0.0
BHR,BRA,0.0
BHR,BRB,1.0
BHR,BRN,1.0
BHR,BTN,1.0
BHR,BWA,1.0
BHR,CAF,0.0
BHR,CAN,1.0
BHR,CHE,1.0
BHR,CHL,1.0
BHR,CIV,0.0
BHR,CMR,0.0
BHR,COD,0.0
BHR,COG,0.0
BHR,COL,0.0
BHR,COM,0.0
BHR,CPV,1.0
BHR,CRI,1.0
BHR,CUB,0.0
BHR,CUW,1.0
BHR,CYM,1.0
BHR,CYP,1.0
BHR,CZE,1.0
BHR,DEU,1.0
BHR,DJI,1.0
BHR,DMA,1.0
BHR,DNK,1.0
BHR,DOM,0.0
BHR,DZA,0.0
BHR,ECU,0.0
BHR,EGY,0.0
BHR,ESP,1.0
BHR,EST,1.0
BHR,ETH,0.0
BHR,FIN,1.0
BHR,FJI,0.0
BHR,FRA,1.0
BHR,FRO,1.0
BHR,FSM,1.0
BHR,GAB,0.0
BHR,GBR,1.0
BHR,GEO,1.0
BHR,GHA,0.0
BHR,GIN,0.0
BHR,GMB,0.0
BHR,GNB,0.0
BHR,GNQ,0.0
BHR,GRC,1.0
BHR,GRD,1.0
BHR,GRL,1.0
BHR,GTM,0.0
BHR,GUM,1.0
BHR,GUY,0.0
BHR,HKG,1.0
BHR,HND,0.0
BHR,HRV,1.0
BHR,HTI,0.0
BHR,HUN,1.0
BHR,IDN,0.0
BHR,IND,0.0
BHR,IRL,1.0
BHR,IRN,0.0
BHR,IRQ,0.0
BHR,ISL,1.0
BHR,ISR,1.0
BHR,ITA,1.0
BHR,JAM,1.0
BHR,JOR,0.0
BHR,JPN,1.0
BHR,KAZ,0.0
BHR,KEN,0.0
BHR,KGZ,0.0
BHR,KHM,0.0
BHR,KIR,1.0
BHR,KNA,1.0
BHR,KOR,1.0
BHR,KWT,0.0
BHR,LAO,0.0
BHR,LBN,0.0
BHR,LBR,0.0
BHR,LBY,0.0
BHR,LCA,1.0
BHR,LKA,0.0
BHR,LSO,0.0
BHR,LTU,1.0
BHR,LUX,1.0
BHR,LVA,1.0
BHR,MAC,1.0
BHR,MAR,0.0
BHR,MDA,0.0
BHR,MDG,0.0
BHR,MDV,1.0
BHR,MEX,0.0
BHR,MHL,1.0
BHR,MKD,1.0
BHR,MLI,0.0
BHR,MLT,1.0
BHR,MMR,0.0
BHR,MNE,1.0
BHR,MNG,0.0
BHR,MNP,1.0
BHR,MOZ,0.0
BHR,MRT,0.0
BHR,MUS,1.0
BHR,MWI,0.0
BHR,MYS,0.0
BHR,NAM,1.0
BHR,NER,0.0
BHR,NGA,0.0
BHR,NIC,0.0
BHR,NLD,1.0
BHR,NOR,1.0
BHR,NPL,0.0
BHR,NRU,1.0
BHR,NZL,1.0
BHR,OMN,0.0
BHR,PAK,0.0
BHR,PAN,1.0
BHR,PER,0.0
BHR,PHL,0.0
BHR,PLW,1.0
BHR,PNG,0.0
BHR,POL,1.0
BHR,PRT,1.0
BHR,PRY,0.0
BHR,PSE,0.0
BHR,PYF,1.0
BHR,QAT,1.0
BHR,ROU,0.0
BHR,RUS,0.0
BHR,RWA,0.0
BHR,SAU,0.0
BHR,SDN,0.0
BHR,SEN,0.0
BHR,SGP,1.0
BHR,SLB,0.0
BHR,SLE,0.0
BHR,SLV,0.0
BHR,SMR,1.0
BHR,SOM,0.0
BHR,SRB,0.0
BHR,SSD,0.0
BHR,STP,1.0
BHR,SUR,0.0
BHR,SVK,1.0
BHR,SVN,1.0
BHR,SWE,1.0
BHR,SWZ,0.0
BHR,SXM,1.0
BHR,SYC,1.0
BHR,SYR,0.0
BHR,TCA,1.0
BHR,TCD,0.0
BHR,TGO,0.0
BHR,THA,0.0
BHR,TJK,0.0
BHR,TKM,0.0
BHR,TLS,0.0
BHR,TON,1.0
BHR,TTO,0.0
BHR,TUN,0.0
BHR,TUR,0.0
BHR,TUV,1.0
BHR,TZA,0.0
BHR,UGA,0.0
BHR,UKR,0.0
BHR,URY,1.0
BHR,UZB,0.0
BHR,VCT,1.0
BHR,VEN,0.0
BHR,VNM,0.0
BHR,VUT,1.0
BHR,WSM,1.0
BHR,YEM,0.0
BHR,ZAF,0.0
BHR,ZMB,0.0
BHR,ZWE,0.0
BHS,ABW,1.0
BHS,AFG,0.0
BHS,AGO,0.0
BHS,ALB,1.0
BHS,AND,1.0
BHS,ARE,1.0
BHS,ARG,0.0
BHS,ARM,0.0
BHS,ASM,1.0
BHS,ATG,1.0
BHS,AUS,1.0
BHS,AUT,1.0
BHS,AZE,0.0
BHS,BDI,0.0
BHS,BEL,1.0
BHS,BEN,0.0
BHS,BFA,0.0
BHS,BGD,0.0
BHS,BGR,1.0
BHS,BHR,1.0
BHS,BHS,1.0
BHS,BIH,0.0
BHS,BLR,0.0
BHS,BLZ,1.0
BHS,BMU,1.0
BHS,BOL,0.0
BHS,BRA,0.0
BHS,BRB,1.0
BHS,BRN,1.0
BHS,BTN,1.0
BHS,BWA,1.0
BHS,CAF,0.0
BHS,CAN,1.0
BHS,CHE,1.0
BHS,CHL,1.0
BHS,CIV,0.0
BHS,CMR,0.0
BHS,COD,0.0
BHS,COG,0.0
BHS,COL,0.0
BHS,COM,0.0
BHS,CPV,1.0
BHS,CRI,1.0
BHS,CUB,0.0
BHS,CUW,1.0
BHS,CYM,1.0
BHS,CYP,1.0
BHS,CZE,1.0
BHS,DEU,1.0
BHS,DJI,1.0
BHS,DMA,1.0
BHS,DNK,1.0
BHS,DOM,0.0
BHS,DZA,0.0
BHS,ECU,0.0
BHS,EGY,0.0
BHS,ESP,1.0
BHS,EST,1.0
BHS,ETH,0.0
BHS,FIN,1.0
BHS,FJI,0.0
BHS,FRA,1.0
BHS,FRO,1.0
BHS,FSM,1.0
BHS,GAB,0.0
BHS,GBR,1.0
BHS,GEO,1.0
BHS,GHA,0.0
BHS,GIN,0.0
BHS,GMB,0.0
BHS,GNB,0.0
BHS,GNQ,0.0
BHS,GRC,1.0
BHS,GRD,1.0
BHS,GRL,1.0
BHS,GTM,0.0
BHS,GUM,1.0
BHS,GUY,0.0
BHS,HKG,1.0
BHS,HND,0.0
BHS,HRV,1.0
BHS,HTI,0.0
BHS,HUN,1.0
BHS,IDN,0.0
BHS,IND,0.0
BHS,IRL,1.0
BHS,IRN,0.0
BHS,IRQ,0.0
BHS,ISL,1.0
BHS,ISR,1.0
BHS,ITA,1.0
BHS,JAM,1.0
BHS,JOR,0.0
BHS,JPN,1.0
BHS,KAZ,0.0
BHS,KEN,0.0
BHS,KGZ,0.0
BHS,KHM,0.0
BHS,KIR,1.0
BHS,KNA,1.0
BHS,KOR,1.0
BHS,KWT,0.0
BHS,LAO,0.0
BHS,LBN,0.0
BHS,LBR,0.0
BHS,LBY,0.0
BHS,LCA,1.0
BHS,LKA,0.0
BHS,LSO,0.0
BHS,LTU,1.0
BHS,LUX,1.0
BHS,LVA,1.0
BHS,MAC,1.0
BHS,MAR,0.0
BHS,MDA,0.0
BHS,MDG,0.0
BHS,MDV,1.0
BHS,MEX,0.0
BHS,MHL,1.0
BHS,MKD,1.0
BHS,MLI,0.0
BHS,MLT,1.0
BHS,MMR,0.0
BHS,MNE,1.0
BHS,MNG,0.0
BHS,MNP,1.0
BHS,MOZ,0.0
BHS,MRT,0.0
BHS,MUS,1.0
BHS,MWI,0.0
BHS,MYS,0.0
BHS,NAM,1.0
BHS,NER,0.0
BHS,NGA,0.0
BHS,NIC,0.0
BHS,NLD,1.0
BHS,NOR,1.0
BHS,NPL,0.0
BHS,NRU,1.0
BHS,NZL,1.0
BHS,OMN,0.0
BHS,PAK,0.0
BHS,PAN,1.0
BHS,PER,0.0
BHS,PHL,0.0
BHS,PLW,1.0
BHS,PNG,0.0
BHS,POL,1.0
BHS,PRT,1.0
BHS,PRY,0.0
BHS,PSE,0.0
BHS,PYF,1.0
BHS,QAT,1.0
BHS,ROU,0.0
BHS,RUS,0.0
BHS,RWA,0.0
BHS,SAU,0.0
BHS,SDN,0.0
BHS,SEN,0.0
BHS,SGP,1.0
BHS,SLB,0.0
BHS,SLE,0.0
BHS,SLV,0.0
BHS,SMR,1.0
BHS,SOM,0.0
BHS,SRB,0.0
BHS,SSD,0.0
BHS,STP,1.0
BHS,SUR,0.0
BHS,SVK,1.0
BHS,SVN,1.0
BHS,SWE,1.0
BHS,SWZ,0.0
BHS,SXM,1.0
BHS,SYC,1.0
BHS,SYR,0.0
BHS,TCA,1.0
BHS,TCD,0.0
BHS,TGO,0.0
BHS,THA,0.0
BHS,TJK,0.0
BHS,TKM,0.0
BHS,TLS,0.0
BHS,TON,1.0
BHS,TTO,0.0
BHS,TUN,0.0
BHS,TUR,0.0
BHS,TUV,1.0
BHS,TZA,0.0
BHS,UGA,0.0
BHS,UKR,0.0
BHS,URY,1.0
BHS,UZB,0.0
BHS,VCT,1.0
BHS,VEN,0.0
BHS,VNM,0.0
BHS,VUT,1.0
BHS,WSM,1.0
BHS,YEM,0.0
BHS,ZAF,0.0
BHS,ZMB,0.0
BHS,ZWE,0.0
BIH,ABW,0.0
BIH,AFG,1.0
BIH,AGO,1.0
BIH,ALB,0.0
BIH,AND,0.0
BIH,ARE,0.0
BIH,ARG,1.0
BIH,ARM,1.0
BIH,ASM,0.0
BIH,ATG,0.0
BIH,AUS,0.0
BIH,AUT,0.0
BIH,AZE,1.0
BIH,BDI,1.0
BIH,BEL,0.0
BIH,BEN,1.0
BIH,BFA,1.0
BIH,BGD,1.0
BIH,BGR,0.0
BIH,BHR,0.0
BIH,BHS,0.0
BIH,BIH,1.0
BIH,BLR,1.0
BIH,BLZ,0.0
BIH,BMU,0.0
BIH,BOL,1.0
BIH,BRA,1.0
BIH,BRB,0.0
BIH,BRN,0.0
BIH,BTN,0.0
BIH,BWA,0.0
BIH,CAF,1.0
BIH,CAN,0.0
BIH,CHE,0.0
BIH,CHL,0.0
BIH,CIV,1.0
BIH,CMR,1.0
BIH,COD,1.0
BIH,COG,1.0
BIH,COL,1.0
BIH,COM,1.0
BIH,CPV,0.0
BIH,CRI,0.0
BIH,CUB,1.0
BIH,CUW,0.0
BIH,CYM,0.0
BIH,CYP,0.0
BIH,CZE,0.0
BIH,DEU,0.0
BIH,DJI,0.0
BIH,DMA,0.0
BIH,DNK,0.0
BIH,DOM,1.0
BIH,DZA,1.0
BIH,ECU,1.0
BIH,EGY,1.0
BIH,ESP,0.0
BIH,EST,0.0
BIH,ETH,1.0
BIH,FIN,0.0
BIH,FJI,1.0
BIH,FRA,0.0
BIH,FRO,0.0
BIH,FSM,0.0
BIH,GAB,1.0
BIH,GBR,0.0
BIH,GEO,0.0
BIH,GHA,1.0
BIH,GIN,1.0
BIH,GMB,1.0
BIH,GNB,1.0
BIH,GNQ,1.0
BIH,GRC,0.0
BIH,GRD,0.0
BIH,GRL,0.0
BIH,GTM,1.0
BIH,GUM,0.0
BIH,GUY,1.0
BIH,HKG,0.0
BIH,HND,1.0
BIH,HRV,0.0
BIH,HTI,1.0
BIH,HUN,0.0
BIH,IDN,1.0
BIH,IND,1.0
BIH,IRL,0.0
BIH,IRN,1.0
BIH,IRQ,1.0
BIH,ISL,0.0
BIH,ISR,0.0
BIH,ITA,0.0
BIH,JAM,0.0
BIH,JOR,1.0
BIH,JPN,0.0
BIH,KAZ,1.0
BIH,KEN,1.0
BIH,KGZ,1.0
BIH,KHM,1.0
BIH,KIR,0.0
BIH,KNA,0.0
BIH,KOR,0.0
BIH,KWT,1.0
BIH,LAO,1.0
BIH,LBN,1.0
BIH,LBR,1.0
BIH,LBY,1.0
BIH,LCA,0.0
BIH,LKA,1.0
BIH,LSO,1.0
BIH,LTU,0.0
BIH,LUX,0.0
BIH,LVA,0.0
BIH,MAC,0.0
BIH,MAR,1.0
BIH,MDA,1.0
BIH,MDG,1.0
BIH,MDV,0.0
BIH,MEX,1.0
BIH,MHL,0.0
BIH,MKD,0.0
BIH,MLI,1.0
BIH,MLT,0.0
BIH,MMR,1.0
BIH,MNE,0.0
BIH,MNG,1.0
BIH,MNP,0.0
BIH,MOZ,1.0
BIH,MRT,1.0
BIH,MUS,0.0
BIH,MWI,1.0
BIH,MYS,1.0
BIH,NAM,0.0
BIH,NER,1.0
BIH,NGA,1.0
BIH,NIC,1.0
BIH,NLD,0.0
BIH,NOR,0.0
BIH,NPL,1.0
BIH,NRU,0.0
BIH,NZL,0.0
BIH,OMN,1.0
BIH,PAK,1.0
BIH,PAN,0.0
BIH,PER,1.0
BIH,PHL,1.0
BIH,PLW,0.0
BIH,PNG,1.0
BIH,POL,0.0
BIH,PRT,0.0
BIH,PRY,1.0
BIH,PSE,1.0
BIH,PYF,0.0
BIH,QAT,0.0
BIH,ROU,1.0
BIH,RUS,1.0
BIH,RWA,1.0
BIH,SAU,1.0
BIH,SDN,1.0
BIH,SEN,1.0
BIH,SGP,0.0
BIH,SLB,1.0
BIH,SLE,1.0
BIH,SLV,1.0
BIH,SMR,0.0
BIH,SOM,1.0
BIH,SRB,1.0
BIH,SSD,1.0
BIH,STP,0.0
BIH,SUR,1.0
BIH,SVK,0.0
BIH,SVN,0.0
BIH,SWE,0.0
BIH,SWZ,1.0
BIH,SXM,0.0
BIH,SYC,0.0
BIH,SYR,1.0
BIH,TCA,0.0
BIH,TCD,1.0
BIH,TGO,1.0
BIH,THA,1.0
BIH,TJK,1.0
BIH,TKM,1.0
BIH,TLS,1.0
BIH,TON,0.0
BIH,TTO,1.0
BIH,TUN,1.0
BIH,TUR,1.0
BIH,TUV,0.0
BIH,TZA,1.0
BIH,UGA,1.0
BIH,UKR,1.0
BIH,URY,0.0
BIH,UZB,1.0
BIH,VCT,0.0
BIH,VEN,1.0
BIH,VNM,1.0
BIH,VUT,0.0
BIH,WSM,0.0
BIH,YEM,1.0
BIH,ZAF,1.0
BIH,ZMB,1.0
BIH,ZWE,1.0
BLR,ABW,0.0
BLR,AFG,1.0
BLR,AGO,1.0
BLR,ALB,0.0
BLR,AND,0.0
BLR,ARE,0.0
BLR,ARG,1.0
BLR,ARM,1.0
BLR,ASM,0.0
BLR,ATG,0.0
BLR,AUS,0.0
BLR,AUT,0.0
BLR,AZE,1.0
BLR,BDI,1.0
BLR,BEL,0.0
BLR,BEN,1.0
BLR,BFA,1.0
BLR,BGD,1.0
BLR,BGR,0.0
BLR,BHR,0.0
BLR,BHS,0.0
BLR,BIH,1.0
BLR,BLR,1.0
BLR,BLZ,0.0
BLR,BMU,0.0
BLR,BOL,1.0
BLR,BRA,1.0
BLR,BRB,0.0
BLR,BRN,0.0
BLR,BTN,0.0
BLR,BWA,0.0
BLR,CAF,1.0
BLR,CAN,0.0
BLR,CHE,0.0
BLR,CHL,0.0
BLR,CIV,1.0
BLR,CMR,1.0
BLR,COD,1.0
BLR,COG,1.0
BLR,COL,1.0
BLR,COM,1.0
BLR,CPV,0.0
BLR,CRI,0.0
BLR,CUB,1.0
BLR,CUW,0.0
BLR,CYM,0.0
BLR,CYP,0.0
BLR,CZE,0.0
BLR,DEU,0.0
BLR,DJI,0.0
BLR,DMA,0.0
BLR,DNK,0.0
BLR,DOM,1.0
BLR,DZA,1.0
BLR,ECU,1.0
BLR,EGY,1.0
BLR,ESP,0.0
BLR,EST,0.0
BLR,ETH,1.0
BLR,FIN,0.0
BLR,FJI,1.0
BLR,FRA,0.0
BLR,FRO,0.0
BLR,FSM,0.0
BLR,GAB,1.0
BLR,GBR,0.0
BLR,GEO,0.0
BLR,GHA,1.0
BLR,GIN,1.0
BLR,GMB,1.0
BLR,GNB,1.0
BLR,GNQ,1.0
BLR,GRC,0.0
BLR,GRD,0.0
BLR,GRL,0.0
BLR,GTM,1.0
BLR,GUM,0.0
BLR,GUY,1.0
BLR,HKG,0.0
BLR,HND,1.0
BLR,HRV,0.0
BLR,HTI,1.0
BLR,HUN,0.0
BLR,IDN,1.0
BLR,IND,1.0
BLR,IRL,0.0
BLR,IRN,1.0
BLR,IRQ,1.0
BLR,ISL,0.0
BLR,ISR,0.0
BLR,ITA,0.0
BLR,JAM,0.0
BLR,JOR,1.0
BLR,JPN,0.0
BLR,KAZ,1.0
BLR,KEN,1.0
BLR,KGZ,1.0
BLR,KHM,1.0
BLR,KIR,0.0
BLR,KNA,0.0
BLR,KOR,0.0
BLR,KWT,1.0
BLR,LAO,1.0
BLR,LBN,1.0
BLR,LBR,1.0
BLR,LBY,1.0
BLR,LCA,0.0
BLR,LKA,1.0
BLR,LSO,1.0
BLR,LTU,0.0
BLR,LUX,0.0
BLR,LVA,0.0
BLR,MAC,0.0
BLR,MAR,1.0
BLR,MDA,1.0
BLR,MDG,1.0
BLR,MDV,0.0
BLR,MEX,1.0
BLR,MHL,0.0
BLR,MKD,0.0
BLR,MLI,1.0
BLR,MLT,0.0
BLR,MMR,1.0
BLR,MNE,0.0
BLR,MNG,1.0
BLR,MNP,0.0
BLR,MOZ,1.0
BLR,MRT,1.0
BLR,MUS,0.0
BLR,MWI,1.0
BLR,MYS,1.0
BLR,NAM,0.0
BLR,NER,1.0
BLR,NGA,1.0
BLR,NIC,1.0
BLR,NLD,0.0
BLR,NOR,0.0
BLR,NPL,1.0
BLR,NRU,0.0
BLR,NZL,0.0
BLR,OMN,1.0
BLR,PAK,1.0
BLR,PAN,0.0
BLR,PER,1.0
BLR,PHL,1.0
BLR,PLW,0.0
BLR,PNG,1.0
BLR,POL,0.0
BLR,PRT,0.0
BLR,PRY,1.0
BLR,PSE,1.0
BLR,PYF,0.0
BLR,QAT,0.0
BLR,ROU,1.0
BLR,RUS,1.0
BLR,RWA,1.0
BLR,SAU,1.0
BLR,SDN,1.0
BLR,SEN,1.0
BLR,SGP,0.0
BLR,SLB,1.0
BLR,SLE,1.0
BLR,SLV,1.0
BLR,SMR,0.0
BLR,SOM,1.0
BLR,SRB,1.0
BLR,SSD,1.0
BLR,STP,0.0
BLR,SUR,1.0
BLR,SVK,0.0
BLR,SVN,0.0
BLR,SWE,0.0
BLR,SWZ,1.0
BLR,SXM,0.0
BLR,SYC,0.0
BLR,SYR,1.0
BLR,TCA,0.0
BLR,TCD,1.0
BLR,TGO,1.0
BLR,THA,1.0
BLR,TJK,1.0
BLR,TKM,1.0
BLR,TLS,1.0
BLR,TON,0.0
BLR,TTO,1.0
BLR,TUN,1.0
BLR,TUR,1.0
BLR,TUV,0.0
BLR,TZA,1.0
BLR,UGA,1.0
BLR,UKR,1.0
BLR,URY,0.0
BLR,UZB,1.0
BLR,VCT,0.0
BLR,VEN,1.0
BLR,VNM,1.0
BLR,VUT,0.0
BLR,WSM,0.0
BLR,YEM,1.0
BLR,ZAF,1.0
BLR,ZMB,1.0
BLR,ZWE,1.0
BLZ,ABW,1.0
BLZ,AFG,0.0
BLZ,AGO,0.0
BLZ,ALB,1.0
BLZ,AND,1.0
BLZ,ARE,1.0
BLZ,ARG,0.0
BLZ,ARM,0.0
BLZ,ASM,1.0
BLZ,ATG,1.0
BLZ,AUS,1.0
BLZ,AUT,1.0
BLZ,AZE,0.0
BLZ,BDI,0.0
BLZ,BEL,1.0
BLZ,BEN,0.0
BLZ,BFA,0.0
BLZ,BGD,0.0
BLZ,BGR,1.0
BLZ,BHR,1.0
BLZ,BHS,1.0
BLZ,BIH,0.0
BLZ,BLR,0.0
BLZ,BLZ,1.0
BLZ,BMU,1.0
BLZ,BOL,0.0
BLZ,BRA,0.0
BLZ,BRB,1.0
BLZ,BRN,1.0
BLZ,BTN,1.0
BLZ,BWA,1.0
BLZ,CAF,0.0
BLZ,CAN,1.0
BLZ,CHE,1.0
BLZ,CHL,1.0
BLZ,CIV,0.0
BLZ,CMR,0.0
BLZ,COD,0.0
BLZ,COG,0.0
BLZ,COL,0.0
BLZ,COM,0.0
BLZ,CPV,1.0
BLZ,CRI,1.0
BLZ,CUB,0.0
BLZ,CUW,1.0
BLZ,CYM,1.0
BLZ,CYP,1.0
BLZ,CZE,1.0
BLZ,DEU,1.0
BLZ,DJI,1.0
BLZ,DMA,1.0
BLZ,DNK,1.0
BLZ,DOM,0.0
BLZ,DZA,0.0
BLZ,ECU,0.0
BLZ,EGY,0.0
BLZ,ESP,1.0
BLZ,EST,1.0
BLZ,ETH,0.0
BLZ,FIN,1.0
BLZ,FJI,0.0
BLZ,FRA,1.0
BLZ,FRO,1.0
BLZ,FSM,1.0
BLZ,GAB,0.0
BLZ,GBR,1.0
BLZ,GEO,1.0
BLZ,GHA,0.0
BLZ,GIN,0.0
BLZ,GMB,0.0
BLZ,GNB,0.0
BLZ,GNQ,0.0
BLZ,GRC,1.0
BLZ,GRD,1.0
BLZ,GRL,1.0
BLZ,GTM,0.0
BLZ,GUM,1.0
BLZ,GUY,0.0
BLZ,HKG,1.0
BLZ,HND,0.0
BLZ,HRV,1.0
BLZ,HTI,0.0
BLZ,HUN,1.0
BLZ,IDN,0.0
BLZ,IND,0.0
BLZ,IRL,1.0
BLZ,IRN,0.0
BLZ,IRQ,0.0
BLZ,ISL,1.0
BLZ,ISR,1.0
BLZ,ITA,1.0
BLZ,JAM,1.0
BLZ,JOR,0.0
BLZ,JPN,1.0
BLZ,KAZ,0.0
BLZ,KEN,0.0
BLZ,KGZ,0.0
BLZ,KHM,0.0
BLZ,KIR,1.0
BLZ,KNA,1.0
BLZ,KOR,1.0
BLZ,KWT,0.0
BLZ,LAO,0.0
BLZ,LBN,0.0
BLZ,LBR,0.0
BLZ,LBY,0.0
BLZ,LCA,1.0
BLZ,LKA,0.0
BLZ,LSO,0.0
BLZ,LTU,1.0
BLZ,LUX,1.0
BLZ,LVA,1.0
BLZ,MAC,1.0
BLZ,MAR,0.0
BLZ,MDA,0.0
BLZ,MDG,0.0
BLZ,MDV,1.0
BLZ,MEX,0.0
BLZ,MHL,1.0
BLZ,MKD,1.0
BLZ,MLI,0.0
BLZ,MLT,1.0
BLZ,MMR,0.0
BLZ,MNE,1.0
BLZ,MNG,0.0
BLZ,MNP,1.0
BLZ,MOZ,0.0
BLZ,MRT,0.0
BLZ,MUS,1.0
BLZ,MWI,0.0
BLZ,MYS,0.0
BLZ,NAM,1.0
BLZ,NER,0.0
BLZ,NGA,0.0
BLZ,NIC,0.0
BLZ,NLD,1.0
BLZ,NOR,1.0
BLZ,NPL,0.0
BLZ,NRU,1.0
BLZ,NZL,1.0
BLZ,OMN,0.0
BLZ,PAK,0.0
BLZ,PAN,1.0
BLZ,PER,0.0
BLZ,PHL,0.0
BLZ,PLW,1.0
BLZ,PNG,0.0
BLZ,POL,1.0
BLZ,PRT,1.0
BLZ,PRY,0.0
BLZ,PSE,0.0
BLZ,PYF,1.0
BLZ,QAT,1.0
BLZ,ROU,0.0
BLZ,RUS,0.0
BLZ,RWA,0.0
BLZ,SAU,0.0
BLZ,SDN,0.0
BLZ,SEN,0.0
BLZ,SGP,1.0
BLZ,SLB,0.0
BLZ,SLE,0.0
BLZ,SLV,0.0
BLZ,SMR,1.0
BLZ,SOM,0.0
BLZ,SRB,0.0
BLZ,SSD,0.0
BLZ,STP,1.0
BLZ,SUR,0.0
BLZ,SVK,1.0
BLZ,SVN,1.0
BLZ,SWE,1.0
BLZ,SWZ,0.0
BLZ,SXM,1.0
BLZ,SYC,1.0
BLZ,SYR,0.0
BLZ,TCA,1.0
BLZ,TCD,0.0
BLZ,TGO,0.0
BLZ,THA,0.0
BLZ,TJK,0.0
BLZ,TKM,0.0
BLZ,TLS,0.0
BLZ,TON,1.0
BLZ,TTO,0.0
BLZ,TUN,0.0
BLZ,TUR,0.0
BLZ,TUV,1.0
BLZ,TZA,0.0
BLZ,UGA,0.0
BLZ,UKR,0.0
BLZ,URY,1.0
BLZ,UZB,0.0
BLZ,VCT,1.0
BLZ,VEN,0.0
BLZ,VNM,0.0
BLZ,VUT,1.0
BLZ,WSM,1.0
BLZ,YEM,0.0
BLZ,ZAF,0.0
BLZ,ZMB,0.0
BLZ,ZWE,0.0
BMU,ABW,1.0
BMU,AFG,0.0
BMU,AGO,0.0
BMU,ALB,1.0
BMU,AND,1.0
BMU,ARE,1.0
BMU,ARG,0.0
BMU,ARM,0.0
BMU,ASM,1.0
BMU,ATG,1.0
BMU,AUS,1.0
BMU,AUT,1.0
BMU,AZE,0.0
BMU,BDI,0.0
BMU,BEL,1.0
BMU,BEN,0.0
BMU,BFA,0.0
BMU,BGD,0.0
BMU,BGR,1.0
BMU,BHR,1.0
BMU,BHS,1.0
BMU,BIH,0.0
BMU,BLR,0.0
BMU,BLZ,1.0
BMU,BMU,1.0
BMU,BOL,0.0
BMU,BRA,0.0
BMU,BRB,1.0
BMU,BRN,1.0
BMU,BTN,1.0
BMU,BWA,1.0
BMU,CAF,0.0
BMU,CAN,1.0
BMU,CHE,1.0
BMU,CHL,1.0
BMU,CIV,0.0
BMU,CMR,0.0
BMU,COD,0.0
BMU,COG,0.0
BMU,COL,0.0
BMU,COM,0.0
BMU,CPV,1.0
BMU,CRI,1.0
BMU,CUB,0.0
BMU,CUW,1.0
BMU,CYM,1.0
BMU,CYP,1.0
BMU,CZE,1.0
BMU,DEU,1.0
BMU,DJI,1.0
BMU,DMA,1.0
BMU,DNK,1.0
BMU,DOM,0.0
BMU,DZA,0.0
BMU,ECU,0.0
BMU,EGY,0.0
BMU,ESP,1.0
BMU,EST,1.0
BMU,ETH,0.0
BMU,FIN,1.0
BMU,FJI,0.0
BMU,FRA,1.0
BMU,FRO,1.0
BMU,FSM,1.0
BMU,GAB,0.0
BMU,GBR,1.0
BMU,GEO,1.0
BMU,GHA,0.0
BMU,GIN,0.0
BMU,GMB,0.0
BMU,GNB,0.0
BMU,GNQ,0.0
BMU,GRC,1.0
BMU,GRD,1.0
BMU,GRL,1.0
BMU,GTM,0.0
BMU,GUM,1.0
BMU,GUY,0.0
BMU,HKG,1.0
BMU,HND,0.0
BMU,HRV,1.0
BMU,HTI,0.0
BMU,HUN,1.0
BMU,IDN,0.0
BMU,IND,0.0
BMU,IRL,1.0
BMU,IRN,0.0
BMU,IRQ,0.0
BMU,ISL,1.0
BMU,ISR,1.0
BMU,ITA,1.0
BMU,JAM,1.0
BMU,JOR,0.0
BMU,JPN,1.0
BMU,KAZ,0.0
BMU,KEN,0.0
BMU,KGZ,0.0
BMU,KHM,0.0
BMU,KIR,1.0
BMU,KNA,1.0
BMU,KOR,1.0
BMU,KWT,0.0
BMU,LAO,0.0
BMU,LBN,0.0
BMU,LBR,0.0
BMU,LBY,0.0
BMU,LCA,1.0
BMU,LKA,0.0
BMU,LSO,0.0
BMU,LTU,1.0
BMU,LUX,1.0
BMU,LVA,1.0
BMU,MAC,1.0
BMU,MAR,0.0
BMU,MDA,0.0
BMU,MDG,0.0
BMU,MDV,1.0
BMU,MEX,0.0
BMU,MHL,1.0
BMU,MKD,1.0
BMU,MLI,0.0
BMU,MLT,1.0
BMU,MMR,0.0
BMU,MNE,1.0
BMU,MNG,0.0
BMU,MNP,1.0
BMU,MOZ,0.0
BMU,MRT,0.0
BMU,MUS,1.0
BMU,MWI,0.0
BMU,MYS,0.0
BMU,NAM,1.0
BMU,NER,0.0
BMU,NGA,0.0
BMU,NIC,0.0
BMU,NLD,1.0
BMU,NOR,1.0
BMU,NPL,0.0
BMU,NRU,1.0
BMU,NZL,1.0
BMU,OMN,0.0
BMU,PAK,0.0
BMU,PAN,1.0
BMU,PER,0.0
BMU,PHL,0.0
BMU,PLW,1.0
BMU,PNG,0.0
BMU,POL,1.0
BMU,PRT,1.0
BMU,PRY,0.0
BMU,PSE,0.0
BMU,PYF,1.0
BMU,QAT,1.0
BMU,ROU,0.0
BMU,RUS,0.0
BMU,RWA,0.0
BMU,SAU,0.0
BMU,SDN,0.0
BMU,SEN,0.0
BMU,SGP,1.0
BMU,SLB,0.0
BMU,SLE,0.0
BMU,SLV,0.0
BMU,SMR,1.0
BMU,SOM,0.0
BMU,SRB,0.0
BMU,SSD,0.0
BMU,STP,1.0
BMU,SUR,0.0
BMU,SVK,1.0
BMU,SVN,1.0
BMU,SWE,1.0
BMU,SWZ,0.0
BMU,SXM,1.0
BMU,SYC,1.0
BMU,SYR,0.0
BMU,TCA,1.0
BMU,TCD,0.0
BMU,TGO,0.0
BMU,THA,0.0
BMU,TJK,0.0
BMU,TKM,0.0
BMU,TLS,0.0
BMU,TON,1.0
BMU,TTO,0.0
BMU,TUN,0.0
BMU,TUR,0.0
BMU,TUV,1.0
BMU,TZA,0.0
BMU,UGA,0.0
BMU,UKR,0.0
BMU,URY,1.0
BMU,UZB,0.0
BMU,VCT,1.0
BMU,VEN,0.0
BMU,VNM,0.0
BMU,VUT,1.0
BMU,WSM,1.0
BMU,YEM,0.0
BMU,ZAF,0.0
BMU,ZMB,0.0
BMU,ZWE,0.0
BOL,ABW,0.0
BOL,AFG,1.0
BOL,AGO,1.0
BOL,ALB,0.0
BOL,AND,0.0
BOL,ARE,0.0
BOL,ARG,1.0
BOL,ARM,1.0
BOL,ASM,0.0
BOL,ATG,0.0
BOL,AUS,0.0
BOL,AUT,0.0
BOL,AZE,1.0
BOL,BDI,1.0
BOL,BEL,0.0
BOL,BEN,1.0
BOL,BFA,1.0
BOL,BGD,1.0
BOL,BGR,0.0
BOL,BHR,0.0
BOL,BHS,0.0
BOL,BIH,1.0
BOL,BLR,1.0
BOL,BLZ,0.0
BOL,BMU,0.0
BOL,BOL,1.0
BOL,BRA,1.0
BOL,BRB,0.0
BOL,BRN,0.0
BOL,BTN,0.0
BOL,BWA,0.0
BOL,CAF,1.0
BOL,CAN,0.0
BOL,CHE,0.0
BOL,CHL,0.0
BOL,CIV,1.0
BOL,CMR,1.0
BOL,COD,1.0
BOL,COG,1.0
BOL,COL,1.0
BOL,COM,1.0
BOL,CPV,0.0
BOL,CRI,0.0
BOL,CUB,1.0
BOL,CUW,0.0
BOL,CYM,0.0
BOL,CYP,0.0
BOL,CZE,0.0
BOL,DEU,0.0
BOL,DJI,0.0
BOL,DMA,0.0
BOL,DNK,0.0
BOL,DOM,1.0
BOL,DZA,1.0
BOL,ECU,1.0
BOL,EGY,1.0
BOL,ESP,0.0
BOL,EST,0.0
BOL,ETH,1.0
BOL,FIN,0.0
BOL,FJI,1.0
BOL,FRA,0.0
BOL,FRO,0.0
BOL,FSM,0.0
BOL,GAB,1.0
BOL,GBR,0.0
BOL,GEO,0.0
BOL,GHA,1.0
BOL,GIN,1.0
BOL,GMB,1.0
BOL,GNB,1.0
BOL,GNQ,1.0
BOL,GRC,0.0
BOL,GRD,0.0
BOL,GRL,0.0
BOL,GTM,1.0
BOL,GUM,0.0
BOL,GUY,1.0
BOL,HKG,0.0
BOL,HND,1.0
BOL,HRV,0.0
BOL,HTI,1.0
BOL,HUN,0.0
BOL,IDN,1.0
BOL,IND,1.0
BOL,IRL,0.0
BOL,IRN,1.0
BOL,IRQ,1.0
BOL,ISL,0.0
BOL,ISR,0.0
BOL,ITA,0.0
BOL,JAM,0.0
BOL,JOR,1.0
BOL,JPN,0.0
BOL,KAZ,1.0
BOL,KEN,1.0
BOL,KGZ,1.0
BOL,KHM,1.0
BOL,KIR,0.0
BOL,KNA,0.0
BOL,KOR,0.0
BOL,KWT,1.0
BOL,LAO,1.0
BOL,LBN,1.0
BOL,LBR,1.0
BOL,LBY,1.0
BOL,LCA,0.0
BOL,LKA,1.0
BOL,LSO,1.0
BOL,LTU,0.0
BOL,LUX,0.0
BOL,LVA,0.0
BOL,MAC,0.0
BOL,MAR,1.0
BOL,MDA,1.0
BOL,MDG,1.0
BOL,MDV,0.0
BOL,MEX,1.0
BOL,MHL,0.0
BOL,MKD,0.0
BOL,MLI,1.0
BOL,MLT,0.0
BOL,MMR,1.0
BOL,MNE,0.0
BOL,MNG,1.0
BOL,MNP,0.0
BOL,MOZ,1.0
BOL,MRT,1.0
BOL,MUS,0.0
BOL,MWI,1.0
BOL,MYS,1.0
BOL,NAM,0.0
BOL,NER,1.0
BOL,NGA,1.0
BOL,NIC,1.0
BOL,NLD,0.0
BOL,NOR,0.0
BOL,NPL,1.0
BOL,NRU,0.0
BOL,NZL,0.0
BOL,OMN,1.0
BOL,PAK,1.0
BOL,PAN,0.0
BOL,PER,1.0
BOL,PHL,1.0
BOL,PLW,0.0
BOL,PNG,1.0
BOL,POL,0.0
BOL,PRT,0.0
BOL,PRY,1.0
BOL,PSE,1.0
BOL,PYF,0.0
BOL,QAT,0.0
BOL,ROU,1.0
BOL,RUS,1.0
BOL,RWA,1.0
BOL,SAU,1.0
BOL,SDN,1.0
BOL,SEN,1.0
BOL,SGP,0.0
BOL,SLB,1.0
BOL,SLE,1.0
BOL,SLV,1.0
BOL,SMR,0.0
BOL,SOM,1.0
BOL,SRB,1.0
BOL,SSD,1.0
BOL,STP,0.0
BOL,SUR,1.0
BOL,SVK,0.0
BOL,SVN,0.0
BOL,SWE,0.0
BOL,SWZ,1.0
BOL,SXM,0.0
BOL,SYC,0.0
BOL,SYR,1.0
BOL,TCA,0.0
BOL,TCD,1.0
BOL,TGO,1.0
BOL,THA,1.0
BOL,TJK,1.0
BOL,TKM,1.0
BOL,TLS,1.0
BOL,TON,0.0
BOL,TTO,1.0
BOL,TUN,1.0
BOL,TUR,1.0
BOL,TUV,0.0
BOL,TZA,1.0
BOL,UGA,1.0
BOL,UKR,1.0
BOL,URY,0.0
BOL,UZB,1.0
BOL,VCT,0.0
BOL,VEN,1.0
BOL,VNM,1.0
BOL,VUT,0.0
BOL,WSM,0.0
BOL,YEM,1.0
BOL,ZAF,1.0
BOL,ZMB,1.0
BOL,ZWE,1.0
BRA,ABW,0.0
BRA,AFG,1.0
BRA,AGO,1.0
BRA,ALB,0.0
BRA,AND,0.0
BRA,ARE,0.0
BRA,ARG,1.0
BRA,ARM,1.0
BRA,ASM,0.0
BRA,ATG,0.0
BRA,AUS,0.0
BRA,AUT,0.0
BRA,AZE,1.0
BRA,BDI,1.0
BRA,BEL,0.0
BRA,BEN,1.0
BRA,BFA,1.0
BRA,BGD,1.0
BRA,BGR,0.0
BRA,BHR,0.0
BRA,BHS,0.0
BRA,BIH,1.0
BRA,BLR,1.0
BRA,BLZ,0.0
BRA,BMU,0.0
BRA,BOL,1.0
BRA,BRA,1.0
BRA,BRB,0.0
BRA,BRN,0.0
BRA,BTN,0.0
BRA,BWA,0.0
BRA,CAF,1.0
BRA,CAN,0.0
BRA,CHE,0.0
BRA,CHL,0.0
BRA,CIV,1.0
BRA,CMR,1.0
BRA,COD,1.0
BRA,COG,1.0
BRA,COL,1.0
BRA,COM,1.0
BRA,CPV,0.0
BRA,CRI,0.0
BRA,CUB,1.0
BRA,CUW,0.0
BRA,CYM,0.0
BRA,CYP,0.0
BRA,CZE,0.0
BRA,DEU,0.0
BRA,DJI,0.0
BRA,DMA,0.0
BRA,DNK,0.0
BRA,DOM,1.0
BRA,DZA,1.0
BRA,ECU,1.0
BRA,EGY,1.0
BRA,ESP,0.0
BRA,EST,0.0
BRA,ETH,1.0
BRA,FIN,0.0
BRA,FJI,1.0
BRA,FRA,0.0
BRA,FRO,0.0
BRA,FSM,0.0
BRA,GAB,1.0
BRA,GBR,0.0
BRA,GEO,0.0
BRA,GHA,1.0
BRA,GIN,1.0
BRA,GMB,1.0
BRA,GNB,1.0
BRA,GNQ,1.0
BRA,GRC,0.0
BRA,GRD,0.0
BRA,GRL,0.0
BRA,GTM,1.0
BRA,GUM,0.0
BRA,GUY,1.0
BRA,HKG,0.0
BRA,HND,1.0
BRA,HRV,0.0
BRA,HTI,1.0
BRA,HUN,0.0
BRA,IDN,1.0
BRA,IND,1.0
BRA,IRL,0.0
BRA,IRN,1.0
BRA,IRQ,1.0
BRA,ISL,0.0
BRA,ISR,0.0
BRA,ITA,0.0
BRA,JAM,0.0
BRA,JOR,1.0
BRA,JPN,0.0
BRA,KAZ,1.0
BRA,KEN,1.0
BRA,KGZ,1.0
BRA,KHM,1.0
BRA,KIR,0.0
BRA,KNA,0.0
BRA,KOR,0.0
BRA,KWT,1.0
BRA,LAO,1.0
BRA,LBN,1.0
BRA,LBR,1.0
BRA,LBY,1.0
BRA,LCA,0.0
BRA,LKA,1.0
BRA,LSO,1.0
BRA,LTU,0.0
BRA,LUX,0.0
BRA,LVA,0.0
BRA,MAC,0.0
BRA,MAR,1.0
BRA,MDA,1.0
BRA,MDG,1.0
BRA,MDV,0.0
BRA,MEX,1.0
BRA,MHL,0.0
BRA,MKD,0.0
BRA,MLI,1.0
BRA,MLT,0.0
BRA,MMR,1.0
BRA,MNE,0.0
BRA,MNG,1.0
BRA,MNP,0.0
BRA,MOZ,1.0
BRA,MRT,1.0
BRA,MUS,0.0
BRA,MWI,1.0
BRA,MYS,1.0
BRA,NAM,0.0
BRA,NER,1.0
BRA,NGA,1.0
BRA,NIC,1.0
BRA,NLD,0.0
BRA,NOR,0.0
BRA,NPL,1.0
BRA,NRU,0.0
BRA,NZL,0.0
BRA,OMN,1.0
BRA,PAK,1.0
BRA,PAN,0.0
BRA,PER,1.0
BRA,PHL,1.0
BRA,PLW,0.0
BRA,PNG,1.0
BRA,POL,0.0
BRA,PRT,0.0
BRA,PRY,1.0
BRA,PSE,1.0
BRA,PYF,0.0
BRA,QAT,0.0
BRA,ROU,1.0
BRA,RUS,1.0
BRA,RWA,1.0
BRA,SAU,1.0
BRA,SDN,1.0
BRA,SEN,1.0
BRA,SGP,0.0
BRA,SLB,1.0
BRA,SLE,1.0
BRA,SLV,1.0
BRA,SMR,0.0
BRA,SOM,1.0
BRA,SRB,1.0
BRA,SSD,1.0
BRA,STP,0.0
BRA,SUR,1.0
BRA,SVK,0.0
BRA,SVN,0.0
BRA,SWE,0.0
BRA,SWZ,1.0
BRA,SXM,0.0
BRA,SYC,0.0
BRA,SYR,1.0
BRA,TCA,0.0
BRA,TCD,1.0
BRA,TGO,1.0
BRA,THA,1.0
BRA,TJK,1.0
BRA,TKM,1.0
BRA,TLS,1.0
BRA,TON,0.0
BRA,TTO,1.0
BRA,TUN,1.0
BRA,TUR,1.0
BRA,TUV,0.0
BRA,TZA,1.0
BRA,UGA,1.0
BRA,UKR,1.0
BRA,URY,0.0
BRA,UZB,1.0
BRA,VCT,0.0
BRA,VEN,1.0
BRA,VNM,1.0
BRA,VUT,0.0
BRA,WSM,0.0
BRA,YEM,1.0
BRA,ZAF,1.0
BRA,ZMB,1.0
BRA,ZWE,1.0
BRB,ABW,1.0
BRB,AFG,0.0
BRB,AGO,0.0
BRB,ALB,1.0
BRB,AND,1.0
BRB,ARE,1.0
BRB,ARG,0.0
BRB,ARM,0.0
BRB,ASM,1.0
BRB,ATG,1.0
BRB,AUS,1.0
BRB,AUT,1.0
BRB,AZE,0.0
BRB,BDI,0.0
BRB,BEL,1.0
BRB,BEN,0.0
BRB,BFA,0.0
BRB,BGD,0.0
BRB,BGR,1.0
BRB,BHR,1.0
BRB,BHS,1.0
BRB,BIH,0.0
BRB,BLR,0.0
BRB,BLZ,1.0
BRB,BMU,1.0
BRB,BOL,0.0
BRB,BRA,0.0
BRB,BRB,1.0
BRB,BRN,1.0
BRB,BTN,1.0
BRB,BWA,1.0
BRB,CAF,0.0
BRB,CAN,1.0
BRB,CHE,1.0
BRB,CHL,1.0
BRB,CIV,0.0
BRB,CMR,0.0
BRB,COD,0.0
BRB,COG,0.0
BRB,COL,0.0
BRB,COM,0.0
BRB,CPV,1.0
BRB,CRI,1.0
BRB,CUB,0.0
BRB,CUW,1.0
BRB,CYM,1.0
BRB,CYP,1.0
BRB,CZE,1.0
BRB,DEU,1.0
BRB,DJI,1.0
BRB,DMA,1.0
BRB,DNK,1.0
BRB,DOM,0.0
BRB,DZA,0.0
BRB,ECU,0.0
BRB,EGY,0.0
BRB,ESP,1.0
BRB,EST,1.0
BRB,ETH,0.0
BRB,FIN,1.0
BRB,FJI,0.0
BRB,FRA,1.0
BRB,FRO,1.0
BRB,FSM,1.0
BRB,GAB,0.0
BRB,GBR,1.0
BRB,GEO,1.0
BRB,GHA,0.0
BRB,GIN,0.0
BRB,GMB,0.0
BRB,GNB,0.0
BRB,GNQ,0.0
BRB,GRC,1.0
BRB,GRD,1.0
BRB,GRL,1.0
BRB,GTM,0.0
BRB,GUM,1.0
BRB,GUY,0.0
BRB,HKG,1.0
BRB,HND,0.0
BRB,HRV,1.0
BRB,HTI,0.0
BRB,HUN,1.0
BRB,IDN,0.0
BRB,IND,0.0
BRB,IRL,1.0
BRB,IRN,0.0
BRB,IRQ,0.0
BRB,ISL,1.0
BRB,ISR,1.0
BRB,ITA,1.0
BRB,JAM,1.0
BRB,JOR,0.0
BRB,JPN,1.0
BRB,KAZ,0.0
BRB,KEN,0.0
BRB,KGZ,0.0
BRB,KHM,0.0
BRB,KIR,1.0
BRB,KNA,1.0
BRB,KOR,1.0
BRB,KWT,0.0
BRB,LAO,0.0
BRB,LBN,0.0
BRB,LBR,0.0
BRB,LBY,0.0
BRB,LCA,1.0
BRB,LKA,0.0
BRB,LSO,0.0
BRB,LTU,1.0
BRB,LUX,1.0
BRB,LVA,1.0
BRB,MAC,1.0
BRB,MAR,0.0
BRB,MDA,0.0
BRB,MDG,0.0
BRB,MDV,1.0
BRB,MEX,0.0
BRB,MHL,1.0
BRB,MKD,1.0
BRB,MLI,0.0
BRB,MLT,1.0
BRB,MMR,0.0
BRB,MNE,1.0
BRB,MNG,0.0
BRB,MNP,1.0
BRB,MOZ,0.0
BRB,MRT,0.0
BRB,MUS,1.0
BRB,MWI,0.0
BRB,MYS,0.0
BRB,NAM,1.0
BRB,NER,0.0
BRB,NGA,0.0
BRB,NIC,0.0
BRB,NLD,1.0
BRB,NOR,1.0
BRB,NPL,0.0
BRB,NRU,1.0
BRB,NZL,1.0
BRB,OMN,0.0
BRB,PAK,0.0
BRB,PAN,1.0
BRB,PER,0.0
BRB,PHL,0.0
BRB,PLW,1.0
BRB,PNG,0.0
BRB,POL,1.0
BRB,PRT,1.0
BRB,PRY,0.0
BRB,PSE,0.0
BRB,PYF,1.0
BRB,QAT,1.0
BRB,ROU,0.0
BRB,RUS,0.0
BRB,RWA,0.0
BRB,SAU,0.0
BRB,SDN,0.0
BRB,SEN,0.0
BRB,SGP,1.0
BRB,SLB,0.0
BRB,SLE,0.0
BRB,SLV,0.0
BRB,SMR,1.0
BRB,SOM,0.0
BRB,SRB,0.0
BRB,SSD,0.0
BRB,STP,1.0
BRB,SUR,0.0
BRB,SVK,1.0
BRB,SVN,1.0
BRB,SWE,1.0
BRB,SWZ,0.0
BRB,SXM,1.0
BRB,SYC,1.0
BRB,SYR,0.0
BRB,TCA,1.0
BRB,TCD,0.0
BRB,TGO,0.0
BRB,THA,0.0
BRB,TJK,0.0
BRB,TKM,0.0
BRB,TLS,0.0
BRB,TON,1.0
BRB,TTO,0.0
BRB,TUN,0.0
BRB,TUR,0.0
BRB,TUV,1.0
BRB,TZA,0.0
BRB,UGA,0.0
BRB,UKR,0.0
BRB,URY,1.0
BRB,UZB,0.0
BRB,VCT,1.0
BRB,VEN,0.0
BRB,VNM,0.0
BRB,VUT,1.0
BRB,WSM,1.0
BRB,YEM,0.0
BRB,ZAF,0.0
BRB,ZMB,0.0
BRB,ZWE,0.0
BRN,ABW,1.0
BRN,AFG,0.0
BRN,AGO,0.0
BRN,ALB,1.0
BRN,AND,1.0
BRN,ARE,1.0
BRN,ARG,0.0
BRN,ARM,0.0
BRN,ASM,1.0
BRN,ATG,1.0
BRN,AUS,1.0
BRN,AUT,1.0
BRN,AZE,0.0
BRN,BDI,0.0
BRN,BEL,1.0
BRN,BEN,0.0
BRN,BFA,0.0
BRN,BGD,0.0
BRN,BGR,1.0
BRN,BHR,1.0
BRN,BHS,1.0
BRN,BIH,0.0
BRN,BLR,0.0
BRN,BLZ,1.0
BRN,BMU,1.0
BRN,BOL,0.0
BRN,BRA,0.0
BRN,BRB,1.0
BRN,BRN,1.0
BRN,BTN,1.0
BRN,BWA,1.0
BRN,CAF,0.0
BRN,CAN,1.0
BRN,CHE,1.0
BRN,CHL,1.0
BRN,CIV,0.0
BRN,CMR,0.0
BRN,COD,0.0
BRN,COG,0.0
BRN,COL,0.0
BRN,COM,0.0
BRN,CPV,1.0
BRN,CRI,1.0
BRN,CUB,0.0
BRN,CUW,1.0
BRN,CYM,1.0
BRN,CYP,1.0
BRN,CZE,1.0
BRN,DEU,1.0
BRN,DJI,1.0
BRN,DMA,1.0
BRN,DNK,1.0
BRN,DOM,0.0
BRN,DZA,0.0
BRN,ECU,0.0
BRN,EGY,0.0
BRN,ESP,1.0
BRN,EST,1.0
BRN,ETH,0.0
BRN,FIN,1.0
BRN,FJI,0.0
BRN,FRA,1.0
BRN,FRO,1.0
BRN,FSM,1.0
BRN,GAB,0.0
BRN,GBR,1.0
BRN,GEO,1.0
BRN,GHA,0.0
BRN,GIN,0.0
BRN,GMB,0.0
BRN,GNB,0.0
BRN,GNQ,0.0
BRN,GRC,1.0
BRN,GRD,1.0
BRN,GRL,1.0
BRN,GTM,0.0
BRN,GUM,1.0
BRN,GUY,0.0
BRN,HKG,1.0
BRN,HND,0.0
BRN,HRV,1.0
BRN,HTI,0.0
BRN,HUN,1.0
BRN,IDN,0.0
BRN,IND,0.0
BRN,IRL,1.0
BRN,IRN,0.0
BRN,IRQ,0.0
BRN,ISL,1.0
BRN,ISR,1.0
BRN,ITA,1.0
BRN,JAM,1.0
BRN,JOR,0.0
BRN,JPN,1.0
BRN,KAZ,0.0
BRN,KEN,0.0
BRN,KGZ,0.0
BRN,KHM,0.0
BRN,KIR,1.0
BRN,KNA,1.0
BRN,KOR,1.0
BRN,KWT,0.0
BRN,LAO,0.0
BRN,LBN,0.0
BRN,LBR,0.0
BRN,LBY,0.0
BRN,LCA,1.0
BRN,LKA,0.0
BRN,LSO,0.0
BRN,LTU,1.0
BRN,LUX,1.0
BRN,LVA,1.0
BRN,MAC,1.0
BRN,MAR,0.0
BRN,MDA,0.0
BRN,MDG,0.0
BRN,MDV,1.0
BRN,MEX,0.0
BRN,MHL,1.0
BRN,MKD,1.0
BRN,MLI,0.0
BRN,MLT,1.0
BRN,MMR,0.0
BRN,MNE,1.0
BRN,MNG,0.0
BRN,MNP,1.0
BRN,MOZ,0.0
BRN,MRT,0.0
BRN,MUS,1.0
BRN,MWI,0.0
BRN,MYS,0.0
BRN,NAM,1.0
BRN,NER,0.0
BRN,NGA,0.0
BRN,NIC,0.0
BRN,NLD,1.0
BRN,NOR,1.0
BRN,NPL,0.0
BRN,NRU,1.0
BRN,NZL,1.0
BRN,OMN,0.0
BRN,PAK,0.0
BRN,PAN,1.0
BRN,PER,0.0
BRN,PHL,0.0
BRN,PLW,1.0
BRN,PNG,0.0
BRN,POL,1.0
BRN,PRT,1.0
BRN,PRY,0.0
BRN,PSE,0.0
BRN,PYF,1.0
BRN,QAT,1.0
BRN,ROU,0.0
BRN,RUS,0.0
BRN,RWA,0.0
BRN,SAU,0.0
BRN,SDN,0.0
BRN,SEN,0.0
BRN,SGP,1.0
BRN,SLB,0.0
BRN,SLE,0.0
BRN,SLV,0.0
BRN,SMR,1.0
BRN,SOM,0.0
BRN,SRB,0.0
BRN,SSD,0.0
BRN,STP,1.0
BRN,SUR,0.0
BRN,SVK,1.0
BRN,SVN,1.0
BRN,SWE,1.0
BRN,SWZ,0.0
BRN,SXM,1.0
BRN,SYC,1.0
BRN,SYR,0.0
BRN,TCA,1.0
BRN,TCD,0.0
BRN,TGO,0.0
BRN,THA,0.0
BRN,TJK,0.0
BRN,TKM,0.0
BRN,TLS,0.0
BRN,TON,1.0
BRN,TTO,0.0
BRN,TUN,0.0
BRN,TUR,0.0
BRN,TUV,1.0
BRN,TZA,0.0
BRN,UGA,0.0
BRN,UKR,0.0
BRN,URY,1.0
BRN,UZB,0.0
BRN,VCT,1.0
BRN,VEN,0.0
BRN,VNM,0.0
BRN,VUT,1.0
BRN,WSM,1.0
BRN,YEM,0.0
BRN,ZAF,0.0
BRN,ZMB,0.0
BRN,ZWE,0.0
BTN,ABW,1.0
BTN,AFG,0.0
BTN,AGO,0.0
BTN,ALB,1.0
BTN,AND,1.0
BTN,ARE,1.0
BTN,ARG,0.0
BTN,ARM,0.0
BTN,ASM,1.0
BTN,ATG,1.0
BTN,AUS,1.0
BTN,AUT,1.0
BTN,AZE,0.0
BTN,BDI,0.0
BTN,BEL,1.0
BTN,BEN,0.0
BTN,BFA,0.0
BTN,BGD,0.0
BTN,BGR,1.0
BTN,BHR,1.0
BTN,BHS,1.0
BTN,BIH,0.0
BTN,BLR,0.0
BTN,BLZ,1.0
BTN,BMU,1.0
BTN,BOL,0.0
BTN,BRA,0.0
BTN,BRB,1.0
BTN,BRN,1.0
BTN,BTN,1.0
BTN,BWA,1.0
BTN,CAF,0.0
BTN,CAN,1.0
BTN,CHE,1.0
BTN,CHL,1.0
BTN,CIV,0.0
BTN,CMR,0.0
BTN,COD,0.0
BTN,COG,0.0
BTN,COL,0.0
BTN,COM,0.0
BTN,CPV,1.0
BTN,CRI,1.0
BTN,CUB,0.0
BTN,CUW,1.0
BTN,CYM,1.0
BTN,CYP,1.0
BTN,CZE,1.0
BTN,DEU,1.0
BTN,DJI,1.0
BTN,DMA,1.0
BTN,DNK,1.0
BTN,DOM,0.0
BTN,DZA,0.0
BTN,ECU,0.0
BTN,EGY,0.0
BTN,ESP,1.0
BTN,EST,1.0
BTN,ETH,0.0
BTN,FIN,1.0
BTN,FJI,0.0
BTN,FRA,1.0
BTN,FRO,1.0
BTN,FSM,1.0
BTN,GAB,0.0
BTN,GBR,1.0
BTN,GEO,1.0
BTN,GHA,0.0
BTN,GIN,0.0
BTN,GMB,0.0
BTN,GNB,0.0
BTN,GNQ,0.0
BTN,GRC,1.0
BTN,GRD,1.0
BTN,GRL,1.0
BTN,GTM,0.0
BTN,GUM,1.0
BTN,GUY,0.0
BTN,HKG,1.0
BTN,HND,0.0
BTN,HRV,1.0
BTN,HTI,0.0
BTN,HUN,1.0
BTN,IDN,0.0
BTN,IND,0.0
BTN,IRL,1.0
BTN,IRN,0.0
BTN,IRQ,0.0
BTN,ISL,1.0
BTN,ISR,1.0
BTN,ITA,1.0
BTN,JAM,1.0
BTN,JOR,0.0
BTN,JPN,1.0
BTN,KAZ,0.0
BTN,KEN,0.0
BTN,KGZ,0.0
BTN,KHM,0.0
BTN,KIR,1.0
BTN,KNA,1.0
BTN,KOR,1.0
BTN,KWT,0.0
BTN,LAO,0.0
BTN,LBN,0.0
BTN,LBR,0.0
BTN,LBY,0.0
BTN,LCA,1.0
BTN,LKA,0.0
BTN,LSO,0.0
BTN,LTU,1.0
BTN,LUX,1.0
BTN,LVA,1.0
BTN,MAC,1.0
BTN,MAR,0.0
BTN,MDA,0.0
BTN,MDG,0.0
BTN,MDV,1.0
BTN,MEX,0.0
BTN,MHL,1.0
BTN,MKD,1.0
BTN,MLI,0.0
BTN,MLT,1.0
BTN,MMR,0.0
BTN,MNE,1.0
BTN,MNG,0.0
BTN,MNP,1.0
BTN,MOZ,0.0
BTN,MRT,0.0
BTN,MUS,1.0
BTN,MWI,0.0
BTN,MYS,0.0
BTN,NAM,1.0
BTN,NER,0.0
BTN,NGA,0.0
BTN,NIC,0.0
BTN,NLD,1.0
BTN,NOR,1.0
BTN,NPL,0.0
BTN,NRU,1.0
BTN,NZL,1.0
BTN,OMN,0.0
BTN,PAK,0.0
BTN,PAN,1.0
BTN,PER,0.0
BTN,PHL,0.0
BTN,PLW,1.0
BTN,PNG,0.0
BTN,POL,1.0
BTN,PRT,1.0
BTN,PRY,0.0
BTN,PSE,0.0
BTN,PYF,1.0
BTN,QAT,1.0
BTN,ROU,0.0
BTN,RUS,0.0
BTN,RWA,0.0
BTN,SAU,0.0
BTN,SDN,0.0
BTN,SEN,0.0
BTN,SGP,1.0
BTN,SLB,0.0
BTN,SLE,0.0
BTN,SLV,0.0
BTN,SMR,1.0
BTN,SOM,0.0
BTN,SRB,0.0
BTN,SSD,0.0
BTN,STP,1.0
BTN,SUR,0.0
BTN,SVK,1.0
BTN,SVN,1.0
BTN,SWE,1.0
BTN,SWZ,0.0
BTN,SXM,1.0
BTN,SYC,1.0
BTN,SYR,0.0
BTN,TCA,1.0
BTN,TCD,0.0
BTN,TGO,0.0
BTN,THA,0.0
BTN,TJK,0.0
BTN,TKM,0.0
BTN,TLS,0.0
BTN,TON,1.0
BTN,TTO,0.0
BTN,TUN,0.0
BTN,TUR,0.0
BTN,TUV,1.0
BTN,TZA,0.0
BTN,UGA,0.0
BTN,UKR,0.0
BTN,URY,1.0
BTN,UZB,0.0
BTN,VCT,1.0
BTN,VEN,0.0
BTN,VNM,0.0
BTN,VUT,1.0
BTN,WSM,1.0
BTN,YEM,0.0
BTN,ZAF,0.0
BTN,ZMB,0.0
BTN,ZWE,0.0
BWA,ABW,1.0
BWA,AFG,0.0
BWA,AGO,0.0
BWA,ALB,1.0
BWA,AND,1.0
BWA,ARE,1.0
BWA,ARG,0.0
BWA,ARM,0.0
BWA,ASM,1.0
BWA,ATG,1.0
BWA,AUS,1.0
BWA,AUT,1.0
BWA,AZE,0.0
BWA,BDI,0.0
BWA,BEL,1.0
BWA,BEN,0.0
BWA,BFA,0.0
BWA,BGD,0.0
BWA,BGR,1.0
BWA,BHR,1.0
BWA,BHS,1.0
BWA,BIH,0.0
BWA,BLR,0.0
BWA,BLZ,1.0
BWA,BMU,1.0
BWA,BOL,0.0
BWA,BRA,0.0
BWA,BRB,1.0
BWA,BRN,1.0
BWA,BTN,1.0
BWA,BWA,1.0
BWA,CAF,0.0
BWA,CAN,1.0
BWA,CHE,1.0
BWA,CHL,1.0
BWA,CIV,0.0
BWA,CMR,0.0
BWA,COD,0.0
BWA,COG,0.0
BWA,COL,0.0
BWA,COM,0.0
BWA,CPV,1.0
BWA,CRI,1.0
BWA,CUB,0.0
BWA,CUW,1.0
BWA,CYM,1.0
BWA,CYP,1.0
BWA,CZE,1.0
BWA,DEU,1.0
BWA,DJI,1.0
BWA,DMA,1.0
BWA,DNK,1.0
BWA,DOM,0.0
BWA,DZA,0.0
BWA,ECU,0.0
BWA,EGY,0.0
BWA,ESP,1.0
BWA,EST,1.0
BWA,ETH,0.0
BWA,FIN,1.0
BWA,FJI,0.0
BWA,FRA,1.0
BWA,FRO,1.0
BWA,FSM,1.0
BWA,GAB,0.0
BWA,GBR,1.0
BWA,GEO,1.0
BWA,GHA,0.0
BWA,GIN,0.0
BWA,GMB,0.0
BWA,GNB,0.0
BWA,GNQ,0.0
BWA,GRC,1.0
BWA,GRD,1.0
BWA,GRL,1.0
BWA,GTM,0.0
BWA,GUM,1.0
BWA,GUY,0.0
BWA,HKG,1.0
BWA,HND,0.0
BWA,HRV,1.0
BWA,HTI,0.0
BWA,HUN,1.0
BWA,IDN,0.0
BWA,IND,0.0
BWA,IRL,1.0
BWA,IRN,0.0
BWA,IRQ,0.0
BWA,ISL,1.0
BWA,ISR,1.0
BWA,ITA,1.0
BWA,JAM,1.0
BWA,JOR,0.0
BWA,JPN,1.0
BWA,KAZ,0.0
BWA,KEN,0.0
BWA,KGZ,0.0
BWA,KHM,0.0
BWA,KIR,1.0
BWA,KNA,1.0
BWA,KOR,1.0
BWA,KWT,0.0
BWA,LAO,0.0
BWA,LBN,0.0
BWA,LBR,0.0
BWA,LBY,0.0
BWA,LCA,1.0
BWA,LKA,0.0
BWA,LSO,0.0
BWA,LTU,1.0
BWA,LUX,1.0
BWA,LVA,1.0
BWA,MAC,1.0
BWA,MAR,0.0
BWA,MDA,0.0
BWA,MDG,0.0
BWA,MDV,1.0
BWA,MEX,0.0
BWA,MHL,1.0
BWA,MKD,1.0
BWA,MLI,0.0
BWA,MLT,1.0
BWA,MMR,0.0
BWA,MNE,1.0
BWA,MNG,0.0
BWA,MNP,1.0
BWA,MOZ,0.0
BWA,MRT,0.0
BWA,MUS,1.0
BWA,MWI,0.0
BWA,MYS,0.0
BWA,NAM,1.0
BWA,NER,0.0
BWA,NGA,0.0
BWA,NIC,0.0
BWA,NLD,1.0
BWA,NOR,1.0
BWA,NPL,0.0
BWA,NRU,1.0
BWA,NZL,1.0
BWA,OMN,0.0
BWA,PAK,0.0
BWA,PAN,1.0
BWA,PER,0.0
BWA,PHL,0.0
BWA,PLW,1.0
BWA,PNG,0.0
BWA,POL,1.0
BWA,PRT,1.0
BWA,PRY,0.0
BWA,PSE,0.0
BWA,PYF,1.0
BWA,QAT,1.0
BWA,ROU,0.0
BWA,RUS,0.0
BWA,RWA,0.0
BWA,SAU,0.0
BWA,SDN,0.0
BWA,SEN,0.0
BWA,SGP,1.0
BWA,SLB,0.0
BWA,SLE,0.0
BWA,SLV,0.0
BWA,SMR,1.0
BWA,SOM,0.0
BWA,SRB,0.0
BWA,SSD,0.0
BWA,STP,1.0
BWA,SUR,0.0
BWA,SVK,1.0
BWA,SVN,1.0
BWA,SWE,1.0
BWA,SWZ,0.0
BWA,SXM,1.0
BWA,SYC,1.0
BWA,SYR,0.0
BWA,TCA,1.0
BWA,TCD,0.0
BWA,TGO,0.0
BWA,THA,0.0
BWA,TJK,0.0
BWA,TKM,0.0
BWA,TLS,0.0
BWA,TON,1.0
BWA,TTO,0.0
BWA,TUN,0.0
BWA,TUR,0.0
BWA,TUV,1.0
BWA,TZA,0.0
BWA,UGA,0.0
BWA,UKR,0.0
BWA,URY,1.0
BWA,UZB,0.0
BWA,VCT,1.0
BWA,VEN,0.0
BWA,VNM,0.0
BWA,VUT,1.0
BWA,WSM,1.0
BWA,YEM,0.0
BWA,ZAF,0.0
BWA,ZMB,0.0
BWA,ZWE,0.0
CAF,ABW,0.0
CAF,AFG,1.0
CAF,AGO,1.0
CAF,ALB,0.0
CAF,AND,0.0
CAF,ARE,0.0
CAF,ARG,1.0
CAF,ARM,1.0
CAF,ASM,0.0
CAF,ATG,0.0
CAF,AUS,0.0
CAF,AUT,0.0
CAF,AZE,1.0
CAF,BDI,1.0
CAF,BEL,0.0
CAF,BEN,1.0
CAF,BFA,1.0
CAF,BGD,1.0
CAF,BGR,0.0
CAF,BHR,0.0
CAF,BHS,0.0
CAF,BIH,1.0
CAF,BLR,1.0
CAF,BLZ,0.0
CAF,BMU,0.0
CAF,BOL,1.0
CAF,BRA,1.0
CAF,BRB,0.0
CAF,BRN,0.0
CAF,BTN,0.0
CAF,BWA,0.0
CAF,CAF,1.0
CAF,CAN,0.0
CAF,CHE,0.0
CAF,CHL,0.0
CAF,CIV,1.0
CAF,CMR,1.0
CAF,COD,1.0
CAF,COG,1.0
CAF,COL,1.0
CAF,COM,1.0
CAF,CPV,0.0
CAF,CRI,0.0
CAF,CUB,1.0
CAF,CUW,0.0
CAF,CYM,0.0
CAF,CYP,0.0
CAF,CZE,0.0
CAF,DEU,0.0
CAF,DJI,0.0
CAF,DMA,0.0
CAF,DNK,0.0
CAF,DOM,1.0
CAF,DZA,1.0
CAF,ECU,1.0
CAF,EGY,1.0
CAF,ESP,0.0
CAF,EST,0.0
CAF,ETH,1.0
CAF,FIN,0.0
CAF,FJI,1.0
CAF,FRA,0.0
CAF,FRO,0.0
CAF,FSM,0.0
CAF,GAB,1.0
CAF,GBR,0.0
CAF,GEO,0.0
CAF,GHA,1.0
CAF,GIN,1.0
CAF,GMB,1.0
CAF,GNB,1.0
CAF,GNQ,1.0
CAF,GRC,0.0
CAF,GRD,0.0
CAF,GRL,0.0
CAF,GTM,1.0
CAF,GUM,0.0
CAF,GUY,1.0
CAF,HKG,0.0
CAF,HND,1.0
CAF,HRV,0.0
CAF,HTI,1.0
CAF,HUN,0.0
CAF,IDN,1.0
CAF,IND,1.0
CAF,IRL,0.0
CAF,IRN,1.0
CAF,IRQ,1.0
CAF,ISL,0.0
CAF,ISR,0.0
CAF,ITA,0.0
CAF,JAM,0.0
CAF,JOR,1.0
CAF,JPN,0.0
CAF,KAZ,1.0
CAF,KEN,1.0
CAF,KGZ,1.0
CAF,KHM,1.0
CAF,KIR,0.0
CAF,KNA,0.0
CAF,KOR,0.0
CAF,KWT,1.0
CAF,LAO,1.0
CAF,LBN,1.0
CAF,LBR,1.0
CAF,LBY,1.0
CAF,LCA,0.0
CAF,LKA,1.0
CAF,LSO,1.0
CAF,LTU,0.0
CAF,LUX,0.0
CAF,LVA,0.0
CAF,MAC,0.0
CAF,MAR,1.0
CAF,MDA,1.0
CAF,MDG,1.0
CAF,MDV,0.0
CAF,MEX,1.0
CAF,MHL,0.0
CAF,MKD,0.0
CAF,MLI,1.0
CAF,MLT,0.0
CAF,MMR,1.0
CAF,MNE,0.0
CAF,MNG,1.0
CAF,MNP,0.0
CAF,MOZ,1.0
CAF,MRT,1.0
CAF,MUS,0.0
CAF,MWI,1.0
CAF,MYS,1.0
CAF,NAM,0.0
CAF,NER,1.0
CAF,NGA,1.0
CAF,NIC,1.0
CAF,NLD,0.0
CAF,NOR,0.0
CAF,NPL,1.0
CAF,NRU,0.0
CAF,NZL,0.0
CAF,OMN,1.0
CAF,PAK,1.0
CAF,PAN,0.0
CAF,PER,1.0
CAF,PHL,1.0
CAF,PLW,0.0
CAF,PNG,1.0
CAF,POL,0.0
CAF,PRT,0.0
CAF,PRY,1.0
CAF,PSE,1.0
CAF,PYF,0.0
CAF,QAT,0.0
CAF,ROU,1.0
CAF,RUS,1.0
CAF,RWA,1.0
CAF,SAU,1.0
CAF,SDN,1.0
CAF,SEN,1.0
CAF,SGP,0.0
CAF,SLB,1.0
CAF,SLE,1.0
CAF,SLV,1.0
CAF,SMR,0.0
CAF,SOM,1.0
CAF,SRB,1.0
CAF,SSD,1.0
CAF,STP,0.0
CAF,SUR,1.0
CAF,SVK,0.0
CAF,SVN,0.0
CAF,SWE,0.0
CAF,SWZ,1.0
CAF,SXM,0.0
CAF,SYC,0.0
CAF,SYR,1.0
CAF,TCA,0.0
CAF,TCD,1.0
CAF,TGO,1.0
CAF,THA,1.0
CAF,TJK,1.0
CAF,TKM,1.0
CAF,TLS,1.0
CAF,TON,0.0
CAF,TTO,1.0
CAF,TUN,1.0
CAF,TUR,1.0
CAF,TUV,0.0
CAF,TZA,1.0
CAF,UGA,1.0
CAF,UKR,1.0
CAF,URY,0.0
CAF,UZB,1.0
CAF,VCT,0.0
CAF,VEN,1.0
CAF,VNM,1.0
CAF,VUT,0.0
CAF,WSM,0.0
CAF,YEM,1.0
CAF,ZAF,1.0
CAF,ZMB,1.0
CAF,ZWE,1.0
CAN,ABW,1.0
CAN,AFG,0.0
CAN,AGO,0.0
CAN,ALB,1.0
CAN,AND,1.0
CAN,ARE,1.0
CAN,ARG,0.0
CAN,ARM,0.0
CAN,ASM,1.0
CAN,ATG,1.0
CAN,AUS,1.0
CAN,AUT,1.0
CAN,AZE,0.0
CAN,BDI,0.0
CAN,BEL,1.0
CAN,BEN,0.0
CAN,BFA,0.0
CAN,BGD,0.0
CAN,BGR,1.0
CAN,BHR,1.0
CAN,BHS,1.0
CAN,BIH,0.0
CAN,BLR,0.0
CAN,BLZ,1.0
CAN,BMU,1.0
CAN,BOL,0.0
CAN,BRA,0.0
CAN,BRB,1.0
CAN,BRN,1.0
CAN,BTN,1.0
CAN,BWA,1.0
CAN,CAF,0.0
CAN,CAN,1.0
CAN,CHE,1.0
CAN,CHL,1.0
CAN,CIV,0.0
CAN,CMR,0.0
CAN,COD,0.0
CAN,COG,0.0
CAN,COL,0.0
CAN,COM,0.0
CAN,CPV,1.0
CAN,CRI,1.0
CAN,CUB,0.0
CAN,CUW,1.0
CAN,CYM,1.0
CAN,CYP,1.0
CAN,CZE,1.0
CAN,DEU,1.0
CAN,DJI,1.0
CAN,DMA,1.0
CAN,DNK,1.0
CAN,DOM,0.0
CAN,DZA,0.0
CAN,ECU,0.0
CAN,EGY,0.0
CAN,ESP,1.0
CAN,EST,1.0
CAN,ETH,0.0
CAN,FIN,1.0
CAN,FJI,0.0
CAN,FRA,1.0
CAN,FRO,1.0
CAN,FSM,1.0
CAN,GAB,0.0
CAN,GBR,1.0
CAN,GEO,1.0
CAN,GHA,0.0
CAN,GIN,0.0
CAN,GMB,0.0
CAN,GNB,0.0
CAN,GNQ,0.0
CAN,GRC,1.0
CAN,GRD,1.0
CAN,GRL,1.0
CAN,GTM,0.0
CAN,GUM,1.0
CAN,GUY,0.0
CAN,HKG,1.0
CAN,HND,0.0
CAN,HRV,1.0
CAN,HTI,0.0
CAN,HUN,1.0
CAN,IDN,0.0
CAN,IND,0.0
CAN,IRL,1.0
CAN,IRN,0.0
CAN,IRQ,0.0
CAN,ISL,1.0
CAN,ISR,1.0
CAN,ITA,1.0
CAN,JAM,1.0
CAN,JOR,0.0
CAN,JPN,1.0
CAN,KAZ,0.0
CAN,KEN,0.0
CAN,KGZ,0.0
CAN,KHM,0.0
CAN,KIR,1.0
CAN,KNA,1.0
CAN,KOR,1.0
CAN,KWT,0.0
CAN,LAO,0.0
CAN,LBN,0.0
CAN,LBR,0.0
CAN,LBY,0.0
CAN,LCA,1.0
CAN,LKA,0.0
CAN,LSO,0.0
CAN,LTU,1.0
CAN,LUX,1.0
CAN,LVA,1.0
CAN,MAC,1.0
CAN,MAR,0.0
CAN,MDA,0.0
CAN,MDG,0.0
CAN,MDV,1.0
CAN,MEX,0.0
CAN,MHL,1.0
CAN,MKD,1.0
CAN,MLI,0.0
CAN,MLT,1.0
CAN,MMR,0.0
CAN,MNE,1.0
CAN,MNG,0.0
CAN,MNP,1.0
CAN,MOZ,0.0
CAN,MRT,0.0
CAN,MUS,1.0
CAN,MWI,0.0
CAN,MYS,0.0
CAN,NAM,1.0
CAN,NER,0.0
CAN,NGA,0.0
CAN,NIC,0.0
CAN,NLD,1.0
CAN,NOR,1.0
CAN,NPL,0.0
CAN,NRU,1.0
CAN,NZL,1.0
CAN,OMN,0.0
CAN,PAK,0.0
CAN,PAN,1.0
CAN,PER,0.0
CAN,PHL,0.0
CAN,PLW,1.0
CAN,PNG,0.0
CAN,POL,1.0
CAN,PRT,1.0
CAN,PRY,0.0
CAN,PSE,0.0
CAN,PYF,1.0
CAN,QAT,1.0
CAN,ROU,0.0
CAN,RUS,0.0
CAN,RWA,0.0
CAN,SAU,0.0
CAN,SDN,0.0
CAN,SEN,0.0
CAN,SGP,1.0
CAN,SLB,0.0
CAN,SLE,0.0
CAN,SLV,0.0
CAN,SMR,1.0
CAN,SOM,0.0
CAN,SRB,0.0
CAN,SSD,0.0
CAN,STP,1.0
CAN,SUR,0.0
CAN,SVK,1.0
CAN,SVN,1.0
CAN,SWE,1.0
CAN,SWZ,0.0
CAN,SXM,1.0
CAN,SYC,1.0
CAN,SYR,0.0
CAN,TCA,1.0
CAN,TCD,0.0
CAN,TGO,0.0
CAN,THA,0.0
CAN,TJK,0.0
CAN,TKM,0.0
CAN,TLS,0.0
CAN,TON,1.0
CAN,TTO,0.0
CAN,TUN,0.0
CAN,TUR,0.0
CAN,TUV,1.0
CAN,TZA,0.0
CAN,UGA,0.0
CAN,UKR,0.0
CAN,URY,1.0
CAN,UZB,0.0
CAN,VCT,1.0
CAN,VEN,0.0
CAN,VNM,0.0
CAN,VUT,1.0
CAN,WSM,1.0
CAN,YEM,0.0
CAN,ZAF,0.0
CAN,ZMB,0.0
CAN,ZWE,0.0
CHE,ABW,1.0
CHE,AFG,0.0
CHE,AGO,0.0
CHE,ALB,1.0
CHE,AND,1.0
CHE,ARE,1.0
CHE,ARG,0.0
CHE,ARM,0.0
CHE,ASM,1.0
CHE,ATG,1.0
CHE,AUS,1.0
CHE,AUT,1.0
CHE,AZE,0.0
CHE,BDI,0.0
CHE,BEL,1.0
CHE,BEN,0.0
CHE,BFA,0.0
CHE,BGD,0.0
CHE,BGR,1.0
CHE,BHR,1.0
CHE,BHS,1.0
CHE,BIH,0.0
CHE,BLR,0.0
CHE,BLZ,1.0
CHE,BMU,1.0
CHE,BOL,0.0
CHE,BRA,0.0
CHE,BRB,1.0
CHE,BRN,1.0
CHE,BTN,1.0
CHE,BWA,1.0
CHE,CAF,0.0
CHE,CAN,1.0
CHE,CHE,1.0
CHE,CHL,1.0
CHE,CIV,0.0
CHE,CMR,0.0
CHE,COD,0.0
CHE,COG,0.0
CHE,COL,0.0
CHE,COM,0.0
CHE,CPV,1.0
CHE,CRI,1.0
CHE,CUB,0.0
CHE,CUW,1.0
CHE,CYM,1.0
CHE,CYP,1.0
CHE,CZE,1.0
CHE,DEU,1.0
CHE,DJI,1.0
CHE,DMA,1.0
CHE,DNK,1.0
CHE,DOM,0.0
CHE,DZA,0.0
CHE,ECU,0.0
CHE,EGY,0.0
CHE,ESP,1.0
CHE,EST,1.0
CHE,ETH,0.0
CHE,FIN,1.0
CHE,FJI,0.0
CHE,FRA,1.0
CHE,FRO,1.0
CHE,FSM,1.0
CHE,GAB,0.0
CHE,GBR,1.0
CHE,GEO,1.0
CHE,GHA,0.0
CHE,GIN,0.0
CHE,GMB,0.0
CHE,GNB,0.0
CHE,GNQ,0.0
CHE,GRC,1.0
CHE,GRD,1.0
CHE,GRL,1.0
CHE,GTM,0.0
CHE,GUM,1.0
CHE,GUY,0.0
CHE,HKG,1.0
CHE,HND,0.0
CHE,HRV,1.0
CHE,HTI,0.0
CHE,HUN,1.0
CHE,IDN,0.0
CHE,IND,0.0
CHE,IRL,1.0
CHE,IRN,0.0
CHE,IRQ,0.0
CHE,ISL,1.0
CHE,ISR,1.0
CHE,ITA,1.0
CHE,JAM,1.0
CHE,JOR,0.0
CHE,JPN,1.0
CHE,KAZ,0.0
CHE,KEN,0.0
CHE,KGZ,0.0
CHE,KHM,0.0
CHE,KIR,1.0
CHE,KNA,1.0
CHE,KOR,1.0
CHE,KWT,0.0
CHE,LAO,0.0
CHE,LBN,0.0
CHE,LBR,0.0
CHE,LBY,0.0
CHE,LCA,1.0
CHE,LKA,0.0
CHE,LSO,0.0
CHE,LTU,1.0
CHE,LUX,1.0
CHE,LVA,1.0
CHE,MAC,1.0
CHE,MAR,0.0
CHE,MDA,0.0
CHE,MDG,0.0
CHE,MDV,1.0
CHE,MEX,0.0
CHE,MHL,1.0
CHE,MKD,1.0
CHE,MLI,0.0
CHE,MLT,1.0
CHE,MMR,0.0
CHE,MNE,1.0
CHE,MNG,0.0
CHE,MNP,1.0
CHE,MOZ,0.0
CHE,MRT,0.0
CHE,MUS,1.0
CHE,MWI,0.0
CHE,MYS,0.0
CHE,NAM,1.0
CHE,NER,0.0
CHE,NGA,0.0
CHE,NIC,0.0
CHE,NLD,1.0
CHE,NOR,1.0
CHE,NPL,0.0
CHE,NRU,1.0
CHE,NZL,1.0
CHE,OMN,0.0
CHE,PAK,0.0
CHE,PAN,1.0
CHE,PER,0.0
CHE,PHL,0.0
CHE,PLW,1.0
CHE,PNG,0.0
CHE,POL,1.0
CHE,PRT,1.0
CHE,PRY,0.0
CHE,PSE,0.0
CHE,PYF,1.0
CHE,QAT,1.0
CHE,ROU,0.0
CHE,RUS,0.0
CHE,RWA,0.0
CHE,SAU,0.0
CHE,SDN,0.0
CHE,SEN,0.0
CHE,SGP,1.0
CHE,SLB,0.0
CHE,SLE,0.0
CHE,SLV,0.0
CHE,SMR,1.0
CHE,SOM,0.0
CHE,SRB,0.0
CHE,SSD,0.0
CHE,STP,1.0
CHE,SUR,0.0
CHE,SVK,1.0
CHE,SVN,1.0
CHE,SWE,1.0
CHE,SWZ,0.0
CHE,SXM,1.0
CHE,SYC,1.0
CHE,SYR,0.0
CHE,TCA,1.0
CHE,TCD,0.0
CHE,TGO,0.0
CHE,THA,0.0
CHE,TJK,0.0
CHE,TKM,0.0
CHE,TLS,0.0
CHE,TON,1.0
CHE,TTO,0.0
CHE,TUN,0.0
CHE,TUR,0.0
CHE,TUV,1.0
CHE,TZA,0.0
CHE,UGA,0.0
CHE,UKR,0.0
CHE,URY,1.0
CHE,UZB,0.0
CHE,VCT,1.0
CHE,VEN,0.0
CHE,VNM,0.0
CHE,VUT,1.0
CHE,WSM,1.0
CHE,YEM,0.0
CHE,ZAF,0.0
CHE,ZMB,0.0
CHE,ZWE,0.0
CHL,ABW,1.0
CHL,AFG,0.0
CHL,AGO,0.0
CHL,ALB,1.0
CHL,AND,1.0
CHL,ARE,1.0
CHL,ARG,0.0
CHL,ARM,0.0
CHL,ASM,1.0
CHL,ATG,1.0
CHL,AUS,1.0
CHL,AUT,1.0
CHL,AZE,0.0
CHL,BDI,0.0
CHL,BEL,1.0
CHL,BEN,0.0
CHL,BFA,0.0
CHL,BGD,0.0
CHL,BGR,1.0
CHL,BHR,1.0
CHL,BHS,1.0
CHL,BIH,0.0
CHL,BLR,0.0
CHL,BLZ,1.0
CHL,BMU,1.0
CHL,BOL,0.0
CHL,BRA,0.0
CHL,BRB,1.0
CHL,BRN,1.0
CHL,BTN,1.0
CHL,BWA,1.0
CHL,CAF,0.0
CHL,CAN,1.0
CHL,CHE,1.0
CHL,CHL,1.0
CHL,CIV,0.0
CHL,CMR,0.0
CHL,COD,0.0
CHL,COG,0.0
CHL,COL,0.0
CHL,COM,0.0
CHL,CPV,1.0
CHL,CRI,1.0
CHL,CUB,0.0
CHL,CUW,1.0
CHL,CYM,1.0
CHL,CYP,1.0
CHL,CZE,1.0
CHL,DEU,1.0
CHL,DJI,1.0
CHL,DMA,1.0
CHL,DNK,1.0
CHL,DOM,0.0
CHL,DZA,0.0
CHL,ECU,0.0
CHL,EGY,0.0
CHL,ESP,1.0
CHL,EST,1.0
CHL,ETH,0.0
CHL,FIN,1.0
CHL,FJI,0.0
CHL,FRA,1.0
CHL,FRO,1.0
CHL,FSM,1.0
CHL,GAB,0.0
CHL,GBR,1.0
CHL,GEO,1.0
CHL,GHA,0.0
CHL,GIN,0.0
CHL,GMB,0.0
CHL,GNB,0.0
CHL,GNQ,0.0
CHL,GRC,1.0
CHL,GRD,1.0
CHL,GRL,1.0
CHL,GTM,0.0
CHL,GUM,1.0
CHL,GUY,0.0
CHL,HKG,1.0
CHL,HND,0.0
CHL,HRV,1.0
CHL,HTI,0.0
CHL,HUN,1.0
CHL,IDN,0.0
CHL,IND,0.0
CHL,IRL,1.0
CHL,IRN,0.0
CHL,IRQ,0.0
CHL,ISL,1.0
CHL,ISR,1.0
CHL,ITA,1.0
CHL,JAM,1.0
CHL,JOR,0.0
CHL,JPN,1.0
CHL,KAZ,0.0
CHL,KEN,0.0
CHL,KGZ,0.0
CHL,KHM,0.0
CHL,KIR,1.0
CHL,KNA,1.0
CHL,KOR,1.0
CHL,KWT,0.0
CHL,LAO,0.0
CHL,LBN,0.0
CHL,LBR,0.0
CHL,LBY,0.0
CHL,LCA,1.0
CHL,LKA,0.0
CHL,LSO,0.0
CHL,LTU,1.0
CHL,LUX,1.0
CHL,LVA,1.0
CHL,MAC,1.0
CHL,MAR,0.0
CHL,MDA,0.0
CHL,MDG,0.0
CHL,MDV,1.0
CHL,MEX,0.0
CHL,MHL,1.0
CHL,MKD,1.0
CHL,MLI,0.0
CHL,MLT,1.0
CHL,MMR,0.0
CHL,MNE,1.0
CHL,MNG,0.0
CHL,MNP,1.0
CHL,MOZ,0.0
CHL,MRT,0.0
CHL,MUS,1.0
CHL,MWI,0.0
CHL,MYS,0.0
CHL,NAM,1.0
CHL,NER,0.0
CHL,NGA,0.0
CHL,NIC,0.0
CHL,NLD,1.0
CHL,NOR,1.0
CHL,NPL,0.0
CHL,NRU,1.0
CHL,NZL,1.0
CHL,OMN,0.0
CHL,PAK,0.0
CHL,PAN,1.0
CHL,PER,0.0
CHL,PHL,0.0
CHL,PLW,1.0
CHL,PNG,0.0
CHL,POL,1.0
CHL,PRT,1.0
CHL,PRY,0.0
CHL,PSE,0.0
CHL,PYF,1.0
CHL,QAT,1.0
CHL,ROU,0.0
CHL,RUS,0.0
CHL,RWA,0.0
CHL,SAU,0.0
CHL,SDN,0.0
CHL,SEN,0.0
CHL,SGP,1.0
CHL,SLB,0.0
CHL,SLE,0.0
CHL,SLV,0.0
CHL,SMR,1.0
CHL,SOM,0.0
CHL,SRB,0.0
CHL,SSD,0.0
CHL,STP,1.0
CHL,SUR,0.0
CHL,SVK,1.0
CHL,SVN,1.0
CHL,SWE,1.0
CHL,SWZ,0.0
CHL,SXM,1.0
CHL,SYC,1.0
CHL,SYR,0.0
CHL,TCA,1.0
CHL,TCD,0.0
CHL,TGO,0.0
CHL,THA,0.0
CHL,TJK,0.0
CHL,TKM,0.0
CHL,TLS,0.0
CHL,TON,1.0
CHL,TTO,0.0
CHL,TUN,0.0
CHL,TUR,0.0
CHL,TUV,1.0
CHL,TZA,0.0
CHL,UGA,0.0
CHL,UKR,0.0
CHL,URY,1.0
CHL,UZB,0.0
CHL,VCT,1.0
CHL,VEN,0.0
CHL,VNM,0.0
CHL,VUT,1.0
CHL,WSM,1.0
CHL,YEM,0.0
CHL,ZAF,0.0
CHL,ZMB,0.0
CHL,ZWE,0.0
CIV,ABW,0.0
CIV,AFG,1.0
CIV,AGO,1.0
CIV,ALB,0.0
CIV,AND,0.0
CIV,ARE,0.0
CIV,ARG,1.0
CIV,ARM,1.0
CIV,ASM,0.0
CIV,ATG,0.0
CIV,AUS,0.0
CIV,AUT,0.0
CIV,AZE,1.0
CIV,BDI,1.0
CIV,BEL,0.0
CIV,BEN,1.0
CIV,BFA,1.0
CIV,BGD,1.0
CIV,BGR,0.0
CIV,BHR,0.0
CIV,BHS,0.0
CIV,BIH,1.0
CIV,BLR,1.0
CIV,BLZ,0.0
CIV,BMU,0.0
CIV,BOL,1.0
CIV,BRA,1.0
CIV,BRB,0.0
CIV,BRN,0.0
CIV,BTN,0.0
CIV,BWA,0.0
CIV,CAF,1.0
CIV,CAN,0.0
CIV,CHE,0.0
CIV,CHL,0.0
CIV,CIV,1.0
CIV,CMR,1.0
CIV,COD,1.0
CIV,COG,1.0
CIV,COL,1.0
CIV,COM,1.0
CIV,CPV,0.0
CIV,CRI,0.0
CIV,CUB,1.0
CIV,CUW,0.0
CIV,CYM,0.0
CIV,CYP,0.0
CIV,CZE,0.0
CIV,DEU,0.0
CIV,DJI,0.0
CIV,DMA,0.0
CIV,DNK,0.0
CIV,DOM,1.0
CIV,DZA,1.0
CIV,ECU,1.0
CIV,EGY,1.0
CIV,ESP,0.0
CIV,EST,0.0
CIV,ETH,1.0
CIV,FIN,0.0
CIV,FJI,1.0
CIV,FRA,0.0
CIV,FRO,0.0
CIV,FSM,0.0
CIV,GAB,1.0
CIV,GBR,0.0
CIV,GEO,0.0
CIV,GHA,1.0
CIV,GIN,1.0
CIV,GMB,1.0
CIV,GNB,1.0
CIV,GNQ,1.0
CIV,GRC,0.0
CIV,GRD,0.0
CIV,GRL,0.0
CIV,GTM,1.0
CIV,GUM,0.0
CIV,GUY,1.0
CIV,HKG,0.0
CIV,HND,1.0
CIV,HRV,0.0
CIV,HTI,1.0
CIV,HUN,0.0
CIV,IDN,1.0
CIV,IND,1.0
CIV,IRL,0.0
CIV,IRN,1.0
CIV,IRQ,1.0
CIV,ISL,0.0
CIV,ISR,0.0
CIV,ITA,0.0
CIV,JAM,0.0
CIV,JOR,1.0
CIV,JPN,0.0
CIV,KAZ,1.0
CIV,KEN,1.0
CIV,KGZ,1.0
CIV,KHM,1.0
CIV,KIR,0.0
CIV,KNA,0.0
CIV,KOR,0.0
CIV,KWT,1.0
CIV,LAO,1.0
CIV,LBN,1.0
CIV,LBR,1.0
CIV,LBY,1.0
CIV,LCA,0.0
CIV,LKA,1.0
CIV,LSO,1.0
CIV,LTU,0.0
CIV,LUX,0.0
CIV,LVA,0.0
CIV,MAC,0.0
CIV,MAR,1.0
CIV,MDA,1.0
CIV,MDG,1.0
CIV,MDV,0.0
CIV,MEX,1.0
CIV,MHL,0.0
CIV,MKD,0.0
CIV,MLI,1.0
CIV,MLT,0.0
CIV,MMR,1.0
CIV,MNE,0.0
CIV,MNG,1.0
CIV,MNP,0.0
CIV,MOZ,1.0
CIV,MRT,1.0
CIV,MUS,0.0
CIV,MWI,1.0
CIV,MYS,1.0
CIV,NAM,0.0
CIV,NER,1.0
CIV,NGA,1.0
CIV,NIC,1.0
CIV,NLD,0.0
CIV,NOR,0.0
CIV,NPL,1.0
CIV,NRU,0.0
CIV,NZL,0.0
CIV,OMN,1.0
CIV,PAK,1.0
CIV,PAN,0.0
CIV,PER,1.0
CIV,PHL,1.0
CIV,PLW,0.0
CIV,PNG,1.0
CIV,POL,0.0
CIV,PRT,0.0
CIV,PRY,1.0
CIV,PSE,1.0
CIV,PYF,0.0
CIV,QAT,0.0
CIV,ROU,1.0
CIV,RUS,1.0
CIV,RWA,1.0
CIV,SAU,1.0
CIV,SDN,1.0
CIV,SEN,1.0
CIV,SGP,0.0
CIV,SLB,1.0
CIV,SLE,1.0
CIV,SLV,1.0
CIV,SMR,0.0
CIV,SOM,1.0
CIV,SRB,1.0
CIV,SSD,1.0
CIV,STP,0.0
CIV,SUR,1.0
CIV,SVK,0.0
CIV,SVN,0.0
CIV,SWE,0.0
CIV,SWZ,1.0
CIV,SXM,0.0
CIV,SYC,0.0
CIV,SYR,1.0
CIV,TCA,0.0
CIV,TCD,1.0
CIV,TGO,1.0
CIV,THA,1.0
CIV,TJK,1.0
CIV,TKM,1.0
CIV,TLS,1.0
CIV,TON,0.0
CIV,TTO,1.0
CIV,TUN,1.0
CIV,TUR,1.0
CIV,TUV,0.0
CIV,TZA,1.0
CIV,UGA,1.0
CIV,UKR,1.0
CIV,URY,0.0
CIV,UZB,1.0
CIV,VCT,0.0
CIV,VEN,1.0
CIV,VNM,1.0
CIV,VUT,0.0
CIV,WSM,0.0
CIV,YEM,1.0
CIV,ZAF,1.0
CIV,ZMB,1.0
CIV,ZWE,1.0
CMR,ABW,0.0
CMR,AFG,1.0
CMR,AGO,1.0
CMR,ALB,0.0
CMR,AND,0.0
CMR,ARE,0.0
CMR,ARG,1.0
CMR,ARM,1.0
CMR,ASM,0.0
CMR,ATG,0.0
CMR,AUS,0.0
CMR,AUT,0.0
CMR,AZE,1.0
CMR,BDI,1.0
CMR,BEL,0.0
CMR,BEN,1.0
CMR,BFA,1.0
CMR,BGD,1.0
CMR,BGR,0.0
CMR,BHR,0.0
CMR,BHS,0.0
CMR,BIH,1.0
CMR,BLR,1.0
CMR,BLZ,0.0
CMR,BMU,0.0
CMR,BOL,1.0
CMR,BRA,1.0
CMR,BRB,0.0
CMR,BRN,0.0
CMR,BTN,0.0
CMR,BWA,0.0
CMR,CAF,1.0
CMR,CAN,0.0
CMR,CHE,0.0
CMR,CHL,0.0
CMR,CIV,1.0
CMR,CMR,1.0
CMR,COD,1.0
CMR,COG,1.0
CMR,COL,1.0
CMR,COM,1.0
CMR,CPV,0.0
CMR,CRI,0.0
CMR,CUB,1.0
CMR,CUW,0.0
CMR,CYM,0.0
CMR,CYP,0.0
CMR,CZE,0.0
CMR,DEU,0.0
CMR,DJI,0.0
CMR,DMA,0.0
CMR,DNK,0.0
CMR,DOM,1.0
CMR,DZA,1.0
CMR,ECU,1.0
CMR,EGY,1.0
CMR,ESP,0.0
CMR,EST,0.0
CMR,ETH,1.0
CMR,FIN,0.0
CMR,FJI,1.0
CMR,FRA,0.0
CMR,FRO,0.0
CMR,FSM,0.0
CMR,GAB,1.0
CMR,GBR,0.0
CMR,GEO,0.0
CMR,GHA,1.0
CMR,GIN,1.0
CMR,GMB,1.0
CMR,GNB,1.0
CMR,GNQ,1.0
CMR,GRC,0.0
CMR,GRD,0.0
CMR,GRL,0.0
CMR,GTM,1.0
CMR,GUM,0.0
CMR,GUY,1.0
CMR,HKG,0.0
CMR,HND,1.0
CMR,HRV,0.0
CMR,HTI,1.0
CMR,HUN,0.0
CMR,IDN,1.0
CMR,IND,1.0
CMR,IRL,0.0
CMR,IRN,1.0
CMR,IRQ,1.0
CMR,ISL,0.0
CMR,ISR,0.0
CMR,ITA,0.0
CMR,JAM,0.0
CMR,JOR,1.0
CMR,JPN,0.0
CMR,KAZ,1.0
CMR,KEN,1.0
CMR,KGZ,1.0
CMR,KHM,1.0
CMR,KIR,0.0
CMR,KNA,0.0
CMR,KOR,0.0
CMR,KWT,1.0
CMR,LAO,1.0
CMR,LBN,1.0
CMR,LBR,1.0
CMR,LBY,1.0
CMR,LCA,0.0
CMR,LKA,1.0
CMR,LSO,1.0
CMR,LTU,0.0
CMR,LUX,0.0
CMR,LVA,0.0
CMR,MAC,0.0
CMR,MAR,1.0
CMR,MDA,1.0
CMR,MDG,1.0
CMR,MDV,0.0
CMR,MEX,1.0
CMR,MHL,0.0
CMR,MKD,0.0
CMR,MLI,1.0
CMR,MLT,0.0
CMR,MMR,1.0
CMR,MNE,0.0
CMR,MNG,1.0
CMR,MNP,0.0
CMR,MOZ,1.0
CMR,MRT,1.0
CMR,MUS,0.0
CMR,MWI,1.0
CMR,MYS,1.0
CMR,NAM,0.0
CMR,NER,1.0
CMR,NGA,1.0
CMR,NIC,1.0
CMR,NLD,0.0
CMR,NOR,0.0
CMR,NPL,1.0
CMR,NRU,0.0
CMR,NZL,0.0
CMR,OMN,1.0
CMR,PAK,1.0
CMR,PAN,0.0
CMR,PER,1.0
CMR,PHL,1.0
CMR,PLW,0.0
CMR,PNG,1.0
CMR,POL,0.0
CMR,PRT,0.0
CMR,PRY,1.0
CMR,PSE,1.0
CMR,PYF,0.0
CMR,QAT,0.0
CMR,ROU,1.0
CMR,RUS,1.0
CMR,RWA,1.0
CMR,SAU,1.0
CMR,SDN,1.0
CMR,SEN,1.0
CMR,SGP,0.0
CMR,SLB,1.0
CMR,SLE,1.0
CMR,SLV,1.0
CMR,SMR,0.0
CMR,SOM,1.0
CMR,SRB,1.0
CMR,SSD,1.0
CMR,STP,0.0
CMR,SUR,1.0
CMR,SVK,0.0
CMR,SVN,0.0
CMR,SWE,0.0
CMR,SWZ,1.0
CMR,SXM,0.0
CMR,SYC,0.0
CMR,SYR,1.0
CMR,TCA,0.0
CMR,TCD,1.0
CMR,TGO,1.0
CMR,THA,1.0
CMR,TJK,1.0
CMR,TKM,1.0
CMR,TLS,1.0
CMR,TON,0.0
CMR,TTO,1.0
CMR,TUN,1.0
CMR,TUR,1.0
CMR,TUV,0.0
CMR,TZA,1.0
CMR,UGA,1.0
CMR,UKR,1.0
CMR,URY,0.0
CMR,UZB,1.0
CMR,VCT,0.0
CMR,VEN,1.0
CMR,VNM,1.0
CMR,VUT,0.0
CMR,WSM,0.0
CMR,YEM,1.0
CMR,ZAF,1.0
CMR,ZMB,1.0
CMR,ZWE,1.0
COD,ABW,0.0
COD,AFG,1.0
COD,AGO,1.0
COD,ALB,0.0
COD,AND,0.0
COD,ARE,0.0
COD,ARG,1.0
COD,ARM,1.0
COD,ASM,0.0
COD,ATG,0.0
COD,AUS,0.0
COD,AUT,0.0
COD,AZE,1.0
COD,BDI,1.0
COD,BEL,0.0
COD,BEN,1.0
COD,BFA,1.0
COD,BGD,1.0
COD,BGR,0.0
COD,BHR,0.0
COD,BHS,0.0
COD,BIH,1.0
COD,BLR,1.0
COD,BLZ,0.0
COD,BMU,0.0
COD,BOL,1.0
COD,BRA,1.0
COD,BRB,0.0
COD,BRN,0.0
COD,BTN,0.0
COD,BWA,0.0
COD,CAF,1.0
COD,CAN,0.0
COD,CHE,0.0
COD,CHL,0.0
COD,CIV,1.0
COD,CMR,1.0
COD,COD,1.0
COD,COG,1.0
COD,COL,1.0
COD,COM,1.0
COD,CPV,0.0
COD,CRI,0.0
COD,CUB,1.0
COD,CUW,0.0
COD,CYM,0.0
COD,CYP,0.0
COD,CZE,0.0
COD,DEU,0.0
COD,DJI,0.0
COD,DMA,0.0
COD,DNK,0.0
COD,DOM,1.0
COD,DZA,1.0
COD,ECU,1.0
COD,EGY,1.0
COD,ESP,0.0
COD,EST,0.0
COD,ETH,1.0
COD,FIN,0.0
COD,FJI,1.0
COD,FRA,0.0
COD,FRO,0.0
COD,FSM,0.0
COD,GAB,1.0
COD,GBR,0.0
COD,GEO,0.0
COD,GHA,1.0
COD,GIN,1.0
COD,GMB,1.0
COD,GNB,1.0
COD,GNQ,1.0
COD,GRC,0.0
COD,GRD,0.0
COD,GRL,0.0
COD,GTM,1.0
COD,GUM,0.0
COD,GUY,1.0
COD,HKG,0.0
COD,HND,1.0
COD,HRV,0.0
COD,HTI,1.0
COD,HUN,0.0
COD,IDN,1.0
COD,IND,1.0
COD,IRL,0.0
COD,IRN,1.0
COD,IRQ,1.0
COD,ISL,0.0
COD,ISR,0.0
COD,ITA,0.0
COD,JAM,0.0
COD,JOR,1.0
COD,JPN,0.0
COD,KAZ,1.0
COD,KEN,1.0
COD,KGZ,1.0
COD,KHM,1.0
COD,KIR,0.0
COD,KNA,0.0
COD,KOR,0.0
COD,KWT,1.0
COD,LAO,1.0
COD,LBN,1.0
COD,LBR,1.0
COD,LBY,1.0
COD,LCA,0.0
COD,LKA,1.0
COD,LSO,1.0
COD,LTU,0.0
COD,LUX,0.0
COD,LVA,0.0
COD,MAC,0.0
COD,MAR,1.0
COD,MDA,1.0
COD,MDG,1.0
COD,MDV,0.0
COD,MEX,1.0
COD,MHL,0.0
COD,MKD,0.0
COD,MLI,1.0
COD,MLT,0.0
COD,MMR,1.0
COD,MNE,0.0
COD,MNG,1.0
COD,MNP,0.0
COD,MOZ,1.0
COD,MRT,1.0
COD,MUS,0.0
COD,MWI,1.0
COD,MYS,1.0
COD,NAM,0.0
COD,NER,1.0
COD,NGA,1.0
COD,NIC,1.0
COD,NLD,0.0
COD,NOR,0.0
COD,NPL,1.0
COD,NRU,0.0
COD,NZL,0.0
COD,OMN,1.0
COD,PAK,1.0
COD,PAN,0.0
COD,PER,1.0
COD,PHL,1.0
COD,PLW,0.0
COD,PNG,1.0
COD,POL,0.0
COD,PRT,0.0
COD,PRY,1.0
COD,PSE,1.0
COD,PYF,0.0
COD,QAT,0.0
COD,ROU,1.0
COD,RUS,1.0
COD,RWA,1.0
COD,SAU,1.0
COD,SDN,1.0
COD,SEN,1.0
COD,SGP,0.0
COD,SLB,1.0
COD,SLE,1.0
COD,SLV,1.0
COD,SMR,0.0
COD,SOM,1.0
COD,SRB,1.0
COD,SSD,1.0
COD,STP,0.0
COD,SUR,1.0
COD,SVK,0.0
COD,SVN,0.0
COD,SWE,0.0
COD,SWZ,1.0
COD,SXM,0.0
COD,SYC,0.0
COD,SYR,1.0
COD,TCA,0.0
COD,TCD,1.0
COD,TGO,1.0
COD,THA,1.0
COD,TJK,1.0
COD,TKM,1.0
COD,TLS,1.0
COD,TON,0.0
COD,TTO,1.0
COD,TUN,1.0
COD,TUR,1.0
COD,TUV,0.0
COD,TZA,1.0
COD,UGA,1.0
COD,UKR,1.0
COD,URY,0.0
COD,UZB,1.0
COD,VCT,0.0
COD,VEN,1.0
COD,VNM,1.0
COD,VUT,0.0
COD,WSM,0.0
COD,YEM,1.0
COD,ZAF,1.0
COD,ZMB,1.0
COD,ZWE,1.0
COG,ABW,0.0
COG,AFG,1.0
COG,AGO,1.0
COG,ALB,0.0
COG,AND,0.0
COG,ARE,0.0
COG,ARG,1.0
COG,ARM,1.0
COG,ASM,0.0
COG,ATG,0.0
COG,AUS,0.0
COG,AUT,0.0
COG,AZE,1.0
COG,BDI,1.0
COG,BEL,0.0
COG,BEN,1.0
COG,BFA,1.0
COG,BGD,1.0
COG,BGR,0.0
COG,BHR,0.0
COG,BHS,0.0
COG,BIH,1.0
COG,BLR,1.0
COG,BLZ,0.0
COG,BMU,0.0
COG,BOL,1.0
COG,BRA,1.0
COG,BRB,0.0
COG,BRN,0.0
COG,BTN,0.0
COG,BWA,0.0
COG,CAF,1.0
COG,CAN,0.0
COG,CHE,0.0
COG,CHL,0.0
COG,CIV,1.0
COG,CMR,1.0
COG,COD,1.0
COG,COG,1.0
COG,COL,1.0
COG,COM,1.0
COG,CPV,0.0
COG,CRI,0.0
COG,CUB,1.0
COG,CUW,0.0
COG,CYM,0.0
COG,CYP,0.0
COG,CZE,0.0
COG,DEU,0.0
COG,DJI,0.0
COG,DMA,0.0
COG,DNK,0.0
COG,DOM,1.0
COG,DZA,1.0
COG,ECU,1.0
COG,EGY,1.0
COG,ESP,0.0
COG,EST,0.0
COG,ETH,1.0
COG,FIN,0.0
COG,FJI,1.0
COG,FRA,0.0
COG,FRO,0.0
COG,FSM,0.0
COG,GAB,1.0
COG,GBR,0.0
COG,GEO,0.0
COG,GHA,1.0
COG,GIN,1.0
COG,GMB,1.0
COG,GNB,1.0
COG,GNQ,1.0
COG,GRC,0.0
COG,GRD,0.0
COG,GRL,0.0
COG,GTM,1.0
COG,GUM,0.0
COG,GUY,1.0
COG,HKG,0.0
COG,HND,1.0
COG,HRV,0.0
COG,HTI,1.0
COG,HUN,0.0
COG,IDN,1.0
COG,IND,1.0
COG,IRL,0.0
COG,IRN,1.0
COG,IRQ,1.0
COG,ISL,0.0
COG,ISR,0.0
COG,ITA,0.0
COG,JAM,0.0
COG,JOR,1.0
COG,JPN,0.0
COG,KAZ,1.0
COG,KEN,1.0
COG,KGZ,1.0
COG,KHM,1.0
COG,KIR,0.0
COG,KNA,0.0
COG,KOR,0.0
COG,KWT,1.0
COG,LAO,1.0
COG,LBN,1.0
COG,LBR,1.0
COG,LBY,1.0
COG,LCA,0.0
COG,LKA,1.0
COG,LSO,1.0
COG,LTU,0.0
COG,LUX,0.0
COG,LVA,0.0
COG,MAC,0.0
COG,MAR,1.0
COG,MDA,1.0
COG,MDG,1.0
COG,MDV,0.0
COG,MEX,1.0
COG,MHL,0.0
COG,MKD,0.0
COG,MLI,1.0
COG,MLT,0.0
COG,MMR,1.0
COG,MNE,0.0
COG,MNG,1.0
COG,MNP,0.0
COG,MOZ,1.0
COG,MRT,1.0
COG,MUS,0.0
COG,MWI,1.0
COG,MYS,1.0
COG,NAM,0.0
COG,NER,1.0
COG,NGA,1.0
COG,NIC,1.0
COG,NLD,0.0
COG,NOR,0.0
COG,NPL,1.0
COG,NRU,0.0
COG,NZL,0.0
COG,OMN,1.0
COG,PAK,1.0
COG,PAN,0.0
COG,PER,1.0
COG,PHL,1.0
COG,PLW,0.0
COG,PNG,1.0
COG,POL,0.0
COG,PRT,0.0
COG,PRY,1.0
COG,PSE,1.0
COG,PYF,0.0
COG,QAT,0.0
COG,ROU,1.0
COG,RUS,1.0
COG,RWA,1.0
COG,SAU,1.0
COG,SDN,1.0
COG,SEN,1.0
COG,SGP,0.0
COG,SLB,1.0
COG,SLE,1.0
COG,SLV,1.0
COG,SMR,0.0
COG,SOM,1.0
COG,SRB,1.0
COG,SSD,1.0
COG,STP,0.0
COG,SUR,1.0
COG,SVK,0.0
COG,SVN,0.0
COG,SWE,0.0
COG,SWZ,1.0
COG,SXM,0.0
COG,SYC,0.0
COG,SYR,1.0
COG,TCA,0.0
COG,TCD,1.0
COG,TGO,1.0
COG,THA,1.0
COG,TJK,1.0
COG,TKM,1.0
COG,TLS,1.0
COG,TON,0.0
COG,TTO,1.0
COG,TUN,1.0
COG,TUR,1.0
COG,TUV,0.0
COG,TZA,1.0
COG,UGA,1.0
COG,UKR,1.0
COG,URY,0.0
COG,UZB,1.0
COG,VCT,0.0
COG,VEN,1.0
COG,VNM,1.0
COG,VUT,0.0
COG,WSM,0.0
COG,YEM,1.0
COG,ZAF,1.0
COG,ZMB,1.0
COG,ZWE,1.0
COL,ABW,0.0
COL,AFG,1.0
COL,AGO,1.0
COL,ALB,0.0
COL,AND,0.0
COL,ARE,0.0
COL,ARG,1.0
COL,ARM,1.0
COL,ASM,0.0
COL,ATG,0.0
COL,AUS,0.0
COL,AUT,0.0
COL,AZE,1.0
COL,BDI,1.0
COL,BEL,0.0
COL,BEN,1.0
COL,BFA,1.0
COL,BGD,1.0
COL,BGR,0.0
COL,BHR,0.0
COL,BHS,0.0
COL,BIH,1.0
COL,BLR,1.0
COL,BLZ,0.0
COL,BMU,0.0
COL,BOL,1.0
COL,BRA,1.0
COL,BRB,0.0
COL,BRN,0.0
COL,BTN,0.0
COL,BWA,0.0
COL,CAF,1.0
COL,CAN,0.0
COL,CHE,0.0
COL,CHL,0.0
COL,CIV,1.0
COL,CMR,1.0
COL,COD,1.0
COL,COG,1.0
COL,COL,1.0
COL,COM,1.0
COL,CPV,0.0
COL,CRI,0.0
COL,CUB,1.0
COL,CUW,0.0
COL,CYM,0.0
COL,CYP,0.0
COL,CZE,0.0
COL,DEU,0.0
COL,DJI,0.0
COL,DMA,0.0
COL,DNK,0.0
COL,DOM,1.0
COL,DZA,1.0
COL,ECU,1.0
COL,EGY,1.0
COL,ESP,0.0
COL,EST,0.0
COL,ETH,1.0
COL,FIN,0.0
COL,FJI,1.0
COL,FRA,0.0
COL,FRO,0.0
COL,FSM,0.0
COL,GAB,1.0
COL,GBR,0.0
COL,GEO,0.0
COL,GHA,1.0
COL,GIN,1.0
COL,GMB,1.0
COL,GNB,1.0
COL,GNQ,1.0
COL,GRC,0.0
COL,GRD,0.0
COL,GRL,0.0
COL,GTM,1.0
COL,GUM,0.0
COL,GUY,1.0
COL,HKG,0.0
COL,HND,1.0
COL,HRV,0.0
COL,HTI,1.0
COL,HUN,0.0
COL,IDN,1.0
COL,IND,1.0
COL,IRL,0.0
COL,IRN,1.0
COL,IRQ,1.0
COL,ISL,0.0
COL,ISR,0.0
COL,ITA,0.0
COL,JAM,0.0
COL,JOR,1.0
COL,JPN,0.0
COL,KAZ,1.0
COL,KEN,1.0
COL,KGZ,1.0
COL,KHM,1.0
COL,KIR,0.0
COL,KNA,0.0
COL,KOR,0.0
COL,KWT,1.0
COL,LAO,1.0
COL,LBN,1.0
COL,LBR,1.0
COL,LBY,1.0
COL,LCA,0.0
COL,LKA,1.0
COL,LSO,1.0
COL,LTU,0.0
COL,LUX,0.0
COL,LVA,0.0
COL,MAC,0.0
COL,MAR,1.0
COL,MDA,1.0
COL,MDG,1.0
COL,MDV,0.0
COL,MEX,1.0
COL,MHL,0.0
COL,MKD,0.0
COL,MLI,1.0
COL,MLT,0.0
COL,MMR,1.0
COL,MNE,0.0
COL,MNG,1.0
COL,MNP,0.0
COL,MOZ,1.0
COL,MRT,1.0
COL,MUS,0.0
COL,MWI,1.0
COL,MYS,1.0
COL,NAM,0.0
COL,NER,1.0
COL,NGA,1.0
COL,NIC,1.0
COL,NLD,0.0
COL,NOR,0.0
COL,NPL,1.0
COL,NRU,0.0
COL,NZL,0.0
COL,OMN,1.0
COL,PAK,1.0
COL,PAN,0.0
COL,PER,1.0
COL,PHL,1.0
COL,PLW,0.0
COL,PNG,1.0
COL,POL,0.0
COL,PRT,0.0
COL,PRY,1.0
COL,PSE,1.0
COL,PYF,0.0
COL,QAT,0.0
COL,ROU,1.0
COL,RUS,1.0
COL,RWA,1.0
COL,SAU,1.0
COL,SDN,1.0
COL,SEN,1.0
COL,SGP,0.0
COL,SLB,1.0
COL,SLE,1.0
COL,SLV,1.0
COL,SMR,0.0
COL,SOM,1.0
COL,SRB,1.0
COL,SSD,1.0
COL,STP,0.0
COL,SUR,1.0
COL,SVK,0.0
COL,SVN,0.0
COL,SWE,0.0
COL,SWZ,1.0
COL,SXM,0.0
COL,SYC,0.0
COL,SYR,1.0
COL,TCA,0.0
COL,TCD,1.0
COL,TGO,1.0
COL,THA,1.0
COL,TJK,1.0
COL,TKM,1.0
COL,TLS,1.0
COL,TON,0.0
COL,TTO,1.0
COL,TUN,1.0
COL,TUR,1.0
COL,TUV,0.0
COL,TZA,1.0
COL,UGA,1.0
COL,UKR,1.0
COL,URY,0.0
COL,UZB,1.0
COL,VCT,0.0
COL,VEN,1.0
COL,VNM,1.0
COL,VUT,0.0
COL,WSM,0.0
COL,YEM,1.0
COL,ZAF,1.0
COL,ZMB,1.0
COL,ZWE,1.0
COM,ABW,0.0
COM,AFG,1.0
COM,AGO,1.0
COM,ALB,0.0
COM,AND,0.0
COM,ARE,0.0
COM,ARG,1.0
COM,ARM,1.0
COM,ASM,0.0
COM,ATG,0.0
COM,AUS,0.0
COM,AUT,0.0
COM,AZE,1.0
COM,BDI,1.0
COM,BEL,0.0
COM,BEN,1.0
COM,BFA,1.0
COM,BGD,1.0
COM,BGR,0.0
COM,BHR,0.0
COM,BHS,0.0
COM,BIH,1.0
COM,BLR,1.0
COM,BLZ,0.0
COM,BMU,0.0
COM,BOL,1.0
COM,BRA,1.0
COM,BRB,0.0
COM,BRN,0.0
COM,BTN,0.0
COM,BWA,0.0
COM,CAF,1.0
COM,CAN,0.0
COM,CHE,0.0
COM,CHL,0.0
COM,CIV,1.0
COM,CMR,1.0
COM,COD,1.0
COM,COG,1.0
COM,COL,1.0
COM,COM,1.0
COM,CPV,0.0
COM,CRI,0.0
COM,CUB,1.0
COM,CUW,0.0
COM,CYM,0.0
COM,CYP,0.0
COM,CZE,0.0
COM,DEU,0.0
COM,DJI,0.0
COM,DMA,0.0
COM,DNK,0.0
COM,DOM,1.0
COM,DZA,1.0
COM,ECU,1.0
COM,EGY,1.0
COM,ESP,0.0
COM,EST,0.0
COM,ETH,1.0
COM,FIN,0.0
COM,FJI,1.0
COM,FRA,0.0
COM,FRO,0.0
COM,FSM,0.0
COM,GAB,1.0
COM,GBR,0.0
COM,GEO,0.0
COM,GHA,1.0
COM,GIN,1.0
COM,GMB,1.0
COM,GNB,1.0
COM,GNQ,1.0
COM,GRC,0.0
COM,GRD,0.0
COM,GRL,0.0
COM,GTM,1.0
COM,GUM,0.0
COM,GUY,1.0
COM,HKG,0.0
COM,HND,1.0
COM,HRV,0.0
COM,HTI,1.0
COM,HUN,0.0
COM,IDN,1.0
COM,IND,1.0
COM,IRL,0.0
COM,IRN,1.0
COM,IRQ,1.0
COM,ISL,0.0
COM,ISR,0.0
COM,ITA,0.0
COM,JAM,0.0
COM,JOR,1.0
COM,JPN,0.0
COM,KAZ,1.0
COM,KEN,1.0
COM,KGZ,1.0
COM,KHM,1.0
COM,KIR,0.0
COM,KNA,0.0
COM,KOR,0.0
COM,KWT,1.0
COM,LAO,1.0
COM,LBN,1.0
COM,LBR,1.0
COM,LBY,1.0
COM,LCA,0.0
COM,LKA,1.0
COM,LSO,1.0
COM,LTU,0.0
COM,LUX,0.0
COM,LVA,0.0
COM,MAC,0.0
COM,MAR,1.0
COM,MDA,1.0
COM,MDG,1.0
COM,MDV,0.0
COM,MEX,1.0
COM,MHL,0.0
COM,MKD,0.0
COM,MLI,1.0
COM,MLT,0.0
COM,MMR,1.0
COM,MNE,0.0
COM,MNG,1.0
COM,MNP,0.0
COM,MOZ,1.0
COM,MRT,1.0
COM,MUS,0.0
COM,MWI,1.0
COM,MYS,1.0
COM,NAM,0.0
COM,NER,1.0
COM,NGA,1.0
COM,NIC,1.0
COM,NLD,0.0
COM,NOR,0.0
COM,NPL,1.0
COM,NRU,0.0
COM,NZL,0.0
COM,OMN,1.0
COM,PAK,1.0
COM,PAN,0.0
COM,PER,1.0
COM,PHL,1.0
COM,PLW,0.0
COM,PNG,1.0
COM,POL,0.0
COM,PRT,0.0
COM,PRY,1.0
COM,PSE,1.0
COM,PYF,0.0
COM,QAT,0.0
COM,ROU,1.0
COM,RUS,1.0
COM,RWA,1.0
COM,SAU,1.0
COM,SDN,1.0
COM,SEN,1.0
COM,SGP,0.0
COM,SLB,1.0
COM,SLE,1.0
COM,SLV,1.0
COM,SMR,0.0
COM,SOM,1.0
COM,SRB,1.0
COM,SSD,1.0
COM,STP,0.0
COM,SUR,1.0
COM,SVK,0.0
COM,SVN,0.0
COM,SWE,0.0
COM,SWZ,1.0
COM,SXM,0.0
COM,SYC,0.0
COM,SYR,1.0
COM,TCA,0.0
COM,TCD,1.0
COM,TGO,1.0
COM,THA,1.0
COM,TJK,1.0
COM,TKM,1.0
COM,TLS,1.0
COM,TON,0.0
COM,TTO,1.0
COM,TUN,1.0
COM,TUR,1.0
COM,TUV,0.0
COM,TZA,1.0
COM,UGA,1.0
COM,UKR,1.0
COM,URY,0.0
COM,UZB,1.0
COM,VCT,0.0
COM,VEN,1.0
COM,VNM,1.0
COM,VUT,0.0
COM,WSM,0.0
COM,YEM,1.0
COM,ZAF,1.0
COM,ZMB,1.0
COM,ZWE,1.0
CPV,ABW,1.0
CPV,AFG,0.0
CPV,AGO,0.0
CPV,ALB,1.0
CPV,AND,1.0
CPV,ARE,1.0
CPV,ARG,0.0
CPV,ARM,0.0
CPV,ASM,1.0
CPV,ATG,1.0
CPV,AUS,1.0
CPV,AUT,1.0
CPV,AZE,0.0
CPV,BDI,0.0
CPV,BEL,1.0
CPV,BEN,0.0
CPV,BFA,0.0
CPV,BGD,0.0
CPV,BGR,1.0
CPV,BHR,1.0
CPV,BHS,1.0
CPV,BIH,0.0
CPV,BLR,0.0
CPV,BLZ,1.0
CPV,BMU,1.0
CPV,BOL,0.0
CPV,BRA,0.0
CPV,BRB,1.0
CPV,BRN,1.0
CPV,BTN,1.0
CPV,BWA,1.0
CPV,CAF,0.0
CPV,CAN,1.0
CPV,CHE,1.0
CPV,CHL,1.0
CPV,CIV,0.0
CPV,CMR,0.0
CPV,COD,0.0
CPV,COG,0.0
CPV,COL,0.0
CPV,COM,0.0
CPV,CPV,1.0
CPV,CRI,1.0
CPV,CUB,0.0
CPV,CUW,1.0
CPV,CYM,1.0
CPV,CYP,1.0
CPV,CZE,1.0
CPV,DEU,1.0
CPV,DJI,1.0
CPV,DMA,1.0
CPV,DNK,1.0
CPV,DOM,0.0
CPV,DZA,0.0
CPV,ECU,0.0
CPV,EGY,0.0
CPV,ESP,1.0
CPV,EST,1.0
CPV,ETH,0.0
CPV,FIN,1.0
CPV,FJI,0.0
CPV,FRA,1.0
CPV,FRO,1.0
CPV,FSM,1.0
CPV,GAB,0.0
CPV,GBR,1.0
CPV,GEO,1.0
CPV,GHA,0.0
CPV,GIN,0.0
CPV,GMB,0.0
CPV,GNB,0.0
CPV,GNQ,0.0
CPV,GRC,1.0
CPV,GRD,1.0
CPV,GRL,1.0
CPV,GTM,0.0
CPV,GUM,1.0
CPV,GUY,0.0
CPV,HKG,1.0
CPV,HND,0.0
CPV,HRV,1.0
CPV,HTI,0.0
CPV,HUN,1.0
CPV,IDN,0.0
CPV,IND,0.0
CPV,IRL,1.0
CPV,IRN,0.0
CPV,IRQ,0.0
CPV,ISL,1.0
CPV,ISR,1.0
CPV,ITA,1.0
CPV,JAM,1.0
CPV,JOR,0.0
CPV,JPN,1.0
CPV,KAZ,0.0
CPV,KEN,0.0
CPV,KGZ,0.0
CPV,KHM,0.0
CPV,KIR,1.0
CPV,KNA,1.0
CPV,KOR,1.0
CPV,KWT,0.0
CPV,LAO,0.0
CPV,LBN,0.0
CPV,LBR,0.0
CPV,LBY,0.0
CPV,LCA,1.0
CPV,LKA,0.0
CPV,LSO,0.0
CPV,LTU,1.0
CPV,LUX,1.0
CPV,LVA,1.0
CPV,MAC,1.0
CPV,MAR,0.0
CPV,MDA,0.0
CPV,MDG,0.0
CPV,MDV,1.0
CPV,MEX,0.0
CPV,MHL,1.0
CPV,MKD,1.0
CPV,MLI,0.0
CPV,MLT,1.0
CPV,MMR,0.0
CPV,MNE,1.0
CPV,MNG,0.0
CPV,MNP,1.0
CPV,MOZ,0.0
CPV,MRT,0.0
CPV,MUS,1.0
CPV,MWI,0.0
CPV,MYS,0.0
CPV,NAM,1.0
CPV,NER,0.0
CPV,NGA,0.0
CPV,NIC,0.0
CPV,NLD,1.0
CPV,NOR,1.0
CPV,NPL,0.0
CPV,NRU,1.0
CPV,NZL,1.0
CPV,OMN,0.0
CPV,PAK,0.0
CPV,PAN,1.0
CPV,PER,0.0
CPV,PHL,0.0
CPV,PLW,1.0
CPV,PNG,0.0
CPV,POL,1.0
CPV,PRT,1.0
CPV,PRY,0.0
CPV,PSE,0.0
CPV,PYF,1.0
CPV,QAT,1.0
CPV,ROU,0.0
CPV,RUS,0.0
CPV,RWA,0.0
CPV,SAU,0.0
CPV,SDN,0.0
CPV,SEN,0.0
CPV,SGP,1.0
CPV,SLB,0.0
CPV,SLE,0.0
CPV,SLV,0.0
CPV,SMR,1.0
CPV,SOM,0.0
CPV,SRB,0.0
CPV,SSD,0.0
CPV,STP,1.0
CPV,SUR,0.0
CPV,SVK,1.0
CPV,SVN,1.0
CPV,SWE,1.0
CPV,SWZ,0.0
CPV,SXM,1.0
CPV,SYC,1.0
CPV,SYR,0.0
CPV,TCA,1.0
CPV,TCD,0.0
CPV,TGO,0.0
CPV,THA,0.0
CPV,TJK,0.0
CPV,TKM,0.0
CPV,TLS,0.0
CPV,TON,1.0
CPV,TTO,0.0
CPV,TUN,0.0
CPV,TUR,0.0
CPV,TUV,1.0
CPV,TZA,0.0
CPV,UGA,0.0
CPV,UKR,0.0
CPV,URY,1.0
CPV,UZB,0.0
CPV,VCT,1.0
CPV,VEN,0.0
CPV,VNM,0.0
CPV,VUT,1.0
CPV,WSM,1.0
CPV,YEM,0.0
CPV,ZAF,0.0
CPV,ZMB,0.0
CPV,ZWE,0.0
CRI,ABW,1.0
CRI,AFG,0.0
CRI,AGO,0.0
CRI,ALB,1.0
CRI,AND,1.0
CRI,ARE,1.0
CRI,ARG,0.0
CRI,ARM,0.0
CRI,ASM,1.0
CRI,ATG,1.0
CRI,AUS,1.0
CRI,AUT,1.0
CRI,AZE,0.0
CRI,BDI,0.0
CRI,BEL,1.0
CRI,BEN,0.0
CRI,BFA,0.0
CRI,BGD,0.0
CRI,BGR,1.0
CRI,BHR,1.0
CRI,BHS,1.0
CRI,BIH,0.0
CRI,BLR,0.0
CRI,BLZ,1.0
CRI,BMU,1.0
CRI,BOL,0.0
CRI,BRA,0.0
CRI,BRB,1.0
CRI,BRN,1.0
CRI,BTN,1.0
CRI,BWA,1.0
CRI,CAF,0.0
CRI,CAN,1.0
CRI,CHE,1.0
CRI,CHL,1.0
CRI,CIV,0.0
CRI,CMR,0.0
CRI,COD,0.0
CRI,COG,0.0
CRI,COL,0.0
CRI,COM,0.0
CRI,CPV,1.0
CRI,CRI,1.0
CRI,CUB,0.0
CRI,CUW,1.0
CRI,CYM,1.0
CRI,CYP,1.0
CRI,CZE,1.0
CRI,DEU,1.0
CRI,DJI,1.0
CRI,DMA,1.0
CRI,DNK,1.0
CRI,DOM,0.0
CRI,DZA,0.0
CRI,ECU,0.0
CRI,EGY,0.0
CRI,ESP,1.0
CRI,EST,1.0
CRI,ETH,0.0
CRI,FIN,1.0
CRI,FJI,0.0
CRI,FRA,1.0
CRI,FRO,1.0
CRI,FSM,1.0
CRI,GAB,0.0
CRI,GBR,1.0
CRI,GEO,1.0
CRI,GHA,0.0
CRI,GIN,0.0
CRI,GMB,0.0
CRI,GNB,0.0
CRI,GNQ,0.0
CRI,GRC,1.0
CRI,GRD,1.0
CRI,GRL,1.0
CRI,GTM,0.0
CRI,GUM,1.0
CRI,GUY,0.0
CRI,HKG,1.0
CRI,HND,0.0
CRI,HRV,1.0
CRI,HTI,0.0
CRI,HUN,1.0
CRI,IDN,0.0
CRI,IND,0.0
CRI,IRL,1.0
CRI,IRN,0.0
CRI,IRQ,0.0
CRI,ISL,1.0
CRI,ISR,1.0
CRI,ITA,1.0
CRI,JAM,1.0
CRI,JOR,0.0
CRI,JPN,1.0
CRI,KAZ,0.0
CRI,KEN,0.0
CRI,KGZ,0.0
CRI,KHM,0.0
CRI,KIR,1.0
CRI,KNA,1.0
CRI,KOR,1.0
CRI,KWT,0.0
CRI,LAO,0.0
CRI,LBN,0.0
CRI,LBR,0.0
CRI,LBY,0.0
CRI,LCA,1.0
CRI,LKA,0.0
CRI,LSO,0.0
CRI,LTU,1.0
CRI,LUX,1.0
CRI,LVA,1.0
CRI,MAC,1.0
CRI,MAR,0.0
CRI,MDA,0.0
CRI,MDG,0.0
CRI,MDV,1.0
CRI,MEX,0.0
CRI,MHL,1.0
CRI,MKD,1.0
CRI,MLI,0.0
CRI,MLT,1.0
CRI,MMR,0.0
CRI,MNE,1.0
CRI,MNG,0.0
CRI,MNP,1.0
CRI,MOZ,0.0
CRI,MRT,0.0
CRI,MUS,1.0
CRI,MWI,0.0
CRI,MYS,0.0
CRI,NAM,1.0
CRI,NER,0.0
CRI,NGA,0.0
CRI,NIC,0.0
CRI,NLD,1.0
CRI,NOR,1.0
CRI,NPL,0.0
CRI,NRU,1.0
CRI,NZL,1.0
CRI,OMN,0.0
CRI,PAK,0.0
CRI,PAN,1.0
CRI,PER,0.0
CRI,PHL,0.0
CRI,PLW,1.0
CRI,PNG,0.0
CRI,POL,1.0
CRI,PRT,1.0
CRI,PRY,0.0
CRI,PSE,0.0
CRI,PYF,1.0
CRI,QAT,1.0
CRI,ROU,0.0
CRI,RUS,0.0
CRI,RWA,0.0
CRI,SAU,0.0
CRI,SDN,0.0
CRI,SEN,0.0
CRI,SGP,1.0
CRI,SLB,0.0
CRI,SLE,0.0
CRI,SLV,0.0
CRI,SMR,1.0
CRI,SOM,0.0
CRI,SRB,0.0
CRI,SSD,0.0
CRI,STP,1.0
CRI,SUR,0.0
CRI,SVK,1.0
CRI,SVN,1.0
CRI,SWE,1.0
CRI,SWZ,0.0
CRI,SXM,1.0
CRI,SYC,1.0
CRI,SYR,0.0
CRI,TCA,1.0
CRI,TCD,0.0
CRI,TGO,0.0
CRI,THA,0.0
CRI,TJK,0.0
CRI,TKM,0.0
CRI,TLS,0.0
CRI,TON,1.0
CRI,TTO,0.0
CRI,TUN,0.0
CRI,TUR,0.0
CRI,TUV,1.0
CRI,TZA,0.0
CRI,UGA,0.0
CRI,UKR,0.0
CRI,URY,1.0
CRI,UZB,0.0
CRI,VCT,1.0
CRI,VEN,0.0
CRI,VNM,0.0
CRI,VUT,1.0
CRI,WSM,1.0
CRI,YEM,0.0
CRI,ZAF,0.0
CRI,ZMB,0.0
CRI,ZWE,0.0
CUB,ABW,0.0
CUB,AFG,1.0
CUB,AGO,1.0
CUB,ALB,0.0
CUB,AND,0.0
CUB,ARE,0.0
CUB,ARG,1.0
CUB,ARM,1.0
CUB,ASM,0.0
CUB,ATG,0.0
CUB,AUS,0.0
CUB,AUT,0.0
CUB,AZE,1.0
CUB,BDI,1.0
CUB,BEL,0.0
CUB,BEN,1.0
CUB,BFA,1.0
CUB,BGD,1.0
CUB,BGR,0.0
CUB,BHR,0.0
CUB,BHS,0.0
CUB,BIH,1.0
CUB,BLR,1.0
CUB,BLZ,0.0
CUB,BMU,0.0
CUB,BOL,1.0
CUB,BRA,1.0
CUB,BRB,0.0
CUB,BRN,0.0
CUB,BTN,0.0
CUB,BWA,0.0
CUB,CAF,1.0
CUB,CAN,0.0
CUB,CHE,0.0
CUB,CHL,0.0
CUB,CIV,1.0
CUB,CMR,1.0
CUB,COD,1.0
CUB,COG,1.0
CUB,COL,1.0
CUB,COM,1.0
CUB,CPV,0.0
CUB,CRI,0.0
CUB,CUB,1.0
CUB,CUW,0.0
CUB,CYM,0.0
CUB,CYP,0.0
CUB,CZE,0.0
CUB,DEU,0.0
CUB,DJI,0.0
CUB,DMA,0.0
CUB,DNK,0.0
CUB,DOM,1.0
CUB,DZA,1.0
CUB,ECU,1.0
CUB,EGY,1.0
CUB,ESP,0.0
CUB,EST,0.0
CUB,ETH,1.0
CUB,FIN,0.0
CUB,FJI,1.0
CUB,FRA,0.0
CUB,FRO,0.0
CUB,FSM,0.0
CUB,GAB,1.0
CUB,GBR,0.0
CUB,GEO,0.0
CUB,GHA,1.0
CUB,GIN,1.0
CUB,GMB,1.0
CUB,GNB,1.0
CUB,GNQ,1.0
CUB,GRC,0.0
CUB,GRD,0.0
CUB,GRL,0.0
CUB,GTM,1.0
CUB,GUM,0.0
CUB,GUY,1.0
CUB,HKG,0.0
CUB,HND,1.0
CUB,HRV,0.0
CUB,HTI,1.0
CUB,HUN,0.0
CUB,IDN,1.0
CUB,IND,1.0
CUB,IRL,0.0
CUB,IRN,1.0
CUB,IRQ,1.0
CUB,ISL,0.0
CUB,ISR,0.0
CUB,ITA,0.0
CUB,JAM,0.0
CUB,JOR,1.0
CUB,JPN,0.0
CUB,KAZ,1.0
CUB,KEN,1.0
CUB,KGZ,1.0
CUB,KHM,1.0
CUB,KIR,0.0
CUB,KNA,0.0
CUB,KOR,0.0
CUB,KWT,1.0
CUB,LAO,1.0
CUB,LBN,1.0
CUB,LBR,1.0
CUB,LBY,1.0
CUB,LCA,0.0
CUB,LKA,1.0
CUB,LSO,1.0
CUB,LTU,0.0
CUB,LUX,0.0
CUB,LVA,0.0
CUB,MAC,0.0
CUB,MAR,1.0
CUB,MDA,1.0
CUB,MDG,1.0
CUB,MDV,0.0
CUB,MEX,1.0
CUB,MHL,0.0
CUB,MKD,0.0
CUB,MLI,1.0
CUB,MLT,0.0
CUB,MMR,1.0
CUB,MNE,0.0
CUB,MNG,1.0
CUB,MNP,0.0
CUB,MOZ,1.0
CUB,MRT,1.0
CUB,MUS,0.0
CUB,MWI,1.0
CUB,MYS,1.0
CUB,NAM,0.0
CUB,NER,1.0
CUB,NGA,1.0
CUB,NIC,1.0
CUB,NLD,0.0
CUB,NOR,0.0
CUB,NPL,1.0
CUB,NRU,0.0
CUB,NZL,0.0
CUB,OMN,1.0
CUB,PAK,1.0
CUB,PAN,0.0
CUB,PER,1.0
CUB,PHL,1.0
CUB,PLW,0.0
CUB,PNG,1.0
CUB,POL,0.0
CUB,PRT,0.0
CUB,PRY,1.0
CUB,PSE,1.0
CUB,PYF,0.0
CUB,QAT,0.0
CUB,ROU,1.0
CUB,RUS,1.0
CUB,RWA,1.0
CUB,SAU,1.0
CUB,SDN,1.0
CUB,SEN,1.0
CUB,SGP,0.0
CUB,SLB,1.0
CUB,SLE,1.0
CUB,SLV,1.0
CUB,SMR,0.0
CUB,SOM,1.0
CUB,SRB,1.0
CUB,SSD,1.0
CUB,STP,0.0
CUB,SUR,1.0
CUB,SVK,0.0
CUB,SVN,0.0
CUB,SWE,0.0
CUB,SWZ,1.0
CUB,SXM,0.0
CUB,SYC,0.0
CUB,SYR,1.0
CUB,TCA,0.0
CUB,TCD,1.0
CUB,TGO,1.0
CUB,THA,1.0
CUB,TJK,1.0
CUB,TKM,1.0
CUB,TLS,1.0
CUB,TON,0.0
CUB,TTO,1.0
CUB,TUN,1.0
CUB,TUR,1.0
CUB,TUV,0.0
CUB,TZA,1.0
CUB,UGA,1.0
CUB,UKR,1.0
CUB,URY,0.0
CUB,UZB,1.0
CUB,VCT,0.0
CUB,VEN,1.0
CUB,VNM,1.0
CUB,VUT,0.0
CUB,WSM,0.0
CUB,YEM,1.0
CUB,ZAF,1.0
CUB,ZMB,1.0
CUB,ZWE,1.0
CUW,ABW,1.0
CUW,AFG,0.0
CUW,AGO,0.0
CUW,ALB,1.0
CUW,AND,1.0
CUW,ARE,1.0
CUW,ARG,0.0
CUW,ARM,0.0
CUW,ASM,1.0
CUW,ATG,1.0
CUW,AUS,1.0
CUW,AUT,1.0
CUW,AZE,0.0
CUW,BDI,0.0
CUW,BEL,1.0
CUW,BEN,0.0
CUW,BFA,0.0
CUW,BGD,0.0
CUW,BGR,1.0
CUW,BHR,1.0
CUW,BHS,1.0
CUW,BIH,0.0
CUW,BLR,0.0
CUW,BLZ,1.0
CUW,BMU,1.0
CUW,BOL,0.0
CUW,BRA,0.0
CUW,BRB,1.0
CUW,BRN,1.0
CUW,BTN,1.0
CUW,BWA,1.0
CUW,CAF,0.0
CUW,CAN,1.0
CUW,CHE,1.0
CUW,CHL,1.0
CUW,CIV,0.0
CUW,CMR,0.0
CUW,COD,0.0
CUW,COG,0.0
CUW,COL,0.0
CUW,COM,0.0
CUW,CPV,1.0
CUW,CRI,1.0
CUW,CUB,0.0
CUW,CUW,1.0
CUW,CYM,1.0
CUW,CYP,1.0
CUW,CZE,1.0
CUW,DEU,1.0
CUW,DJI,1.0
CUW,DMA,1.0
CUW,DNK,1.0
CUW,DOM,0.0
CUW,DZA,0.0
CUW,ECU,0.0
CUW,EGY,0.0
CUW,ESP,1.0
CUW,EST,1.0
CUW,ETH,0.0
CUW,FIN,1.0
CUW,FJI,0.0
CUW,FRA,1.0
CUW,FRO,1.0
CUW,FSM,1.0
CUW,GAB,0.0
CUW,GBR,1.0
CUW,GEO,1.0
CUW,GHA,0.0
CUW,GIN,0.0
CUW,GMB,0.0
CUW,GNB,0.0
CUW,GNQ,0.0
CUW,GRC,1.0
CUW,GRD,1.0
CUW,GRL,1.0
CUW,GTM,0.0
CUW,GUM,1.0
CUW,GUY,0.0
CUW,HKG,1.0
CUW,HND,0.0
CUW,HRV,1.0
CUW,HTI,0.0
CUW,HUN,1.0
CUW,IDN,0.0
CUW,IND,0.0
CUW,IRL,1.0
CUW,IRN,0.0
CUW,IRQ,0.0
CUW,ISL,1.0
CUW,ISR,1.0
CUW,ITA,1.0
CUW,JAM,1.0
CUW,JOR,0.0
CUW,JPN,1.0
CUW,KAZ,0.0
CUW,KEN,0.0
CUW,KGZ,0.0
CUW,KHM,0.0
CUW,KIR,1.0
CUW,KNA,1.0
CUW,KOR,1.0
CUW,KWT,0.0
CUW,LAO,0.0
CUW,LBN,0.0
CUW,LBR,0.0
CUW,LBY,0.0
CUW,LCA,1.0
CUW,LKA,0.0
CUW,LSO,0.0
CUW,LTU,1.0
CUW,LUX,1.0
CUW,LVA,1.0
CUW,MAC,1.0
CUW,MAR,0.0
CUW,MDA,0.0
CUW,MDG,0.0
CUW,MDV,1.0
CUW,MEX,0.0
CUW,MHL,1.0
CUW,MKD,1.0
CUW,MLI,0.0
CUW,MLT,1.0
CUW,MMR,0.0
CUW,MNE,1.0
CUW,MNG,0.0
CUW,MNP,1.0
CUW,MOZ,0.0
CUW,MRT,0.0
CUW,MUS,1.0
CUW,MWI,0.0
CUW,MYS,0.0
CUW,NAM,1.0
CUW,NER,0.0
CUW,NGA,0.0
CUW,NIC,0.0
CUW,NLD,1.0
CUW,NOR,1.0
CUW,NPL,0.0
CUW,NRU,1.0
CUW,NZL,1.0
CUW,OMN,0.0
CUW,PAK,0.0
CUW,PAN,1.0
CUW,PER,0.0
CUW,PHL,0.0
CUW,PLW,1.0
CUW,PNG,0.0
CUW,POL,1.0
CUW,PRT,1.0
CUW,PRY,0.0
CUW,PSE,0.0
CUW,PYF,1.0
CUW,QAT,1.0
CUW,ROU,0.0
CUW,RUS,0.0
CUW,RWA,0.0
CUW,SAU,0.0
CUW,SDN,0.0
CUW,SEN,0.0
CUW,SGP,1.0
CUW,SLB,0.0
CUW,SLE,0.0
CUW,SLV,0.0
CUW,SMR,1.0
CUW,SOM,0.0
CUW,SRB,0.0
CUW,SSD,0.0
CUW,STP,1.0
CUW,SUR,0.0
CUW,SVK,1.0
CUW,SVN,1.0
CUW,SWE,1.0
CUW,SWZ,0.0
CUW,SXM,1.0
CUW,SYC,1.0
CUW,SYR,0.0
CUW,TCA,1.0
CUW,TCD,0.0
CUW,TGO,0.0
CUW,THA,0.0
CUW,TJK,0.0
CUW,TKM,0.0
CUW,TLS,0.0
CUW,TON,1.0
CUW,TTO,0.0
CUW,TUN,0.0
CUW,TUR,0.0
CUW,TUV,1.0
CUW,TZA,0.0
CUW,UGA,0.0
CUW,UKR,0.0
CUW,URY,1.0
CUW,UZB,0.0
CUW,VCT,1.0
CUW,VEN,0.0
CUW,VNM,0.0
CUW,VUT,1.0
CUW,WSM,1.0
CUW,YEM,0.0
CUW,ZAF,0.0
CUW,ZMB,0.0
CUW,ZWE,0.0
CYM,ABW,1.0
CYM,AFG,0.0
CYM,AGO,0.0
CYM,ALB,1.0
CYM,AND,1.0
CYM,ARE,1.0
CYM,ARG,0.0
CYM,ARM,0.0
CYM,ASM,1.0
CYM,ATG,1.0
CYM,AUS,1.0
CYM,AUT,1.0
CYM,AZE,0.0
CYM,BDI,0.0
CYM,BEL,1.0
CYM,BEN,0.0
CYM,BFA,0.0
CYM,BGD,0.0
CYM,BGR,1.0
CYM,BHR,1.0
CYM,BHS,1.0
CYM,BIH,0.0
CYM,BLR,0.0
CYM,BLZ,1.0
CYM,BMU,1.0
CYM,BOL,0.0
CYM,BRA,0.0
CYM,BRB,1.0
CYM,BRN,1.0
CYM,BTN,1.0
CYM,BWA,1.0
CYM,CAF,0.0
CYM,CAN,1.0
CYM,CHE,1.0
CYM,CHL,1.0
CYM,CIV,0.0
CYM,CMR,0.0
CYM,COD,0.0
CYM,COG,0.0
CYM,COL,0.0
CYM,COM,0.0
CYM,CPV,1.0
CYM,CRI,1.0
CYM,CUB,0.0
CYM,CUW,1.0
CYM,CYM,1.0
CYM,CYP,1.0
CYM,CZE,1.0
CYM,DEU,1.0
CYM,DJI,1.0
CYM,DMA,1.0
CYM,DNK,1.0
CYM,DOM,0.0
CYM,DZA,0.0
CYM,ECU,0.0
CYM,EGY,0.0
CYM,ESP,1.0
CYM,EST,1.0
CYM,ETH,0.0
CYM,FIN,1.0
CYM,FJI,0.0
CYM,FRA,1.0
CYM,FRO,1.0
CYM,FSM,1.0
CYM,GAB,0.0
CYM,GBR,1.0
CYM,GEO,1.0
CYM,GHA,0.0
CYM,GIN,0.0
CYM,GMB,0.0
CYM,GNB,0.0
CYM,GNQ,0.0
CYM,GRC,1.0
CYM,GRD,1.0
CYM,GRL,1.0
CYM,GTM,0.0
CYM,GUM,1.0
CYM,GUY,0.0
CYM,HKG,1.0
CYM,HND,0.0
CYM,HRV,1.0
CYM,HTI,0.0
CYM,HUN,1.0
CYM,IDN,0.0
CYM,IND,0.0
CYM,IRL,1.0
CYM,IRN,0.0
CYM,IRQ,0.0
CYM,ISL,1.0
CYM,ISR,1.0
CYM,ITA,1.0
CYM,JAM,1.0
CYM,JOR,0.0
CYM,JPN,1.0
CYM,KAZ,0.0
CYM,KEN,0.0
CYM,KGZ,0.0
CYM,KHM,0.0
CYM,KIR,1.0
CYM,KNA,1.0
CYM,KOR,1.0
CYM,KWT,0.0
CYM,LAO,0.0
CYM,LBN,0.0
CYM,LBR,0.0
CYM,LBY,0.0
CYM,LCA,1.0
CYM,LKA,0.0
CYM,LSO,0.0
CYM,LTU,1.0
CYM,LUX,1.0
CYM,LVA,1.0
CYM,MAC,1.0
CYM,MAR,0.0
CYM,MDA,0.0
CYM,MDG,0.0
CYM,MDV,1.0
CYM,MEX,0.0
CYM,MHL,1.0
CYM,MKD,1.0
CYM,MLI,0.0
CYM,MLT,1.0
CYM,MMR,0.0
CYM,MNE,1.0
CYM,MNG,0.0
CYM,MNP,1.0
CYM,MOZ,0.0
CYM,MRT,0.0
CYM,MUS,1.0
CYM,MWI,0.0
CYM,MYS,0.0
CYM,NAM,1.0
CYM,NER,0.0
CYM,NGA,0.0
CYM,NIC,0.0
CYM,NLD,1.0
CYM,NOR,1.0
CYM,NPL,0.0
CYM,NRU,1.0
CYM,NZL,1.0
CYM,OMN,0.0
CYM,PAK,0.0
CYM,PAN,1.0
CYM,PER,0.0
CYM,PHL,0.0
CYM,PLW,1.0
CYM,PNG,0.0
CYM,POL,1.0
CYM,PRT,1.0
CYM,PRY,0.0
CYM,PSE,0.0
CYM,PYF,1.0
CYM,QAT,1.0
CYM,ROU,0.0
CYM,RUS,0.0
CYM,RWA,0.0
CYM,SAU,0.0
CYM,SDN,0.0
CYM,SEN,0.0
CYM,SGP,1.0
CYM,SLB,0.0
CYM,SLE,0.0
CYM,SLV,0.0
CYM,SMR,1.0
CYM,SOM,0.0
CYM,SRB,0.0
CYM,SSD,0.0
CYM,STP,1.0
CYM,SUR,0.0
CYM,SVK,1.0
CYM,SVN,1.0
CYM,SWE,1.0
CYM,SWZ,0.0
CYM,SXM,1.0
CYM,SYC,1.0
CYM,SYR,0.0
CYM,TCA,1.0
CYM,TCD,0.0
CYM,TGO,0.0
CYM,THA,0.0
CYM,TJK,0.0
CYM,TKM,0.0
CYM,TLS,0.0
CYM,TON,1.0
CYM,TTO,0.0
CYM,TUN,0.0
CYM,TUR,0.0
CYM,TUV,1.0
CYM,TZA,0.0
CYM,UGA,0.0
CYM,UKR,0.0
CYM,URY,1.0
CYM,UZB,0.0
CYM,VCT,1.0
CYM,VEN,0.0
CYM,VNM,0.0
CYM,VUT,1.0
CYM,WSM,1.0
CYM,YEM,0.0
CYM,ZAF,0.0
CYM,ZMB,0.0
CYM,ZWE,0.0
CYP,ABW,1.0
CYP,AFG,0.0
CYP,AGO,0.0
CYP,ALB,1.0
CYP,AND,1.0
CYP,ARE,1.0
CYP,ARG,0.0
CYP,ARM,0.0
CYP,ASM,1.0
CYP,ATG,1.0
CYP,AUS,1.0
CYP,AUT,1.0
CYP,AZE,0.0
CYP,BDI,0.0
CYP,BEL,1.0
CYP,BEN,0.0
CYP,BFA,0.0
CYP,BGD,0.0
CYP,BGR,1.0
CYP,BHR,1.0
CYP,BHS,1.0
CYP,BIH,0.0
CYP,BLR,0.0
CYP,BLZ,1.0
CYP,BMU,1.0
CYP,BOL,0.0
CYP,BRA,0.0
CYP,BRB,1.0
CYP,BRN,1.0
CYP,BTN,1.0
CYP,BWA,1.0
CYP,CAF,0.0
CYP,CAN,1.0
CYP,CHE,1.0
CYP,CHL,1.0
CYP,CIV,0.0
CYP,CMR,0.0
CYP,COD,0.0
CYP,COG,0.0
CYP,COL,0.0
CYP,COM,0.0
CYP,CPV,1.0
CYP,CRI,1.0
CYP,CUB,0.0
CYP,CUW,1.0
CYP,CYM,1.0
CYP,CYP,1.0
CYP,CZE,1.0
CYP,DEU,1.0
CYP,DJI,1.0
CYP,DMA,1.0
CYP,DNK,1.0
CYP,DOM,0.0
CYP,DZA,0.0
CYP,ECU,0.0
CYP,EGY,0.0
CYP,ESP,1.0
CYP,EST,1.0
CYP,ETH,0.0
CYP,FIN,1.0
CYP,FJI,0.0
CYP,FRA,1.0
CYP,FRO,1.0
CYP,FSM,1.0
CYP,GAB,0.0
CYP,GBR,1.0
CYP,GEO,1.0
CYP,GHA,0.0
CYP,GIN,0.0
CYP,GMB,0.0
CYP,GNB,0.0
CYP,GNQ,0.0
CYP,GRC,1.0
CYP,GRD,1.0
CYP,GRL,1.0
CYP,GTM,0.0
CYP,GUM,1.0
CYP,GUY,0.0
CYP,HKG,1.0
CYP,HND,0.0
CYP,HRV,1.0
CYP,HTI,0.0
CYP,HUN,1.0
CYP,IDN,0.0
CYP,IND,0.0
CYP,IRL,1.0
CYP,IRN,0.0
CYP,IRQ,0.0
CYP,ISL,1.0
CYP,ISR,1.0
CYP,ITA,1.0
CYP,JAM,1.0
CYP,JOR,0.0
CYP,JPN,1.0
CYP,KAZ,0.0
CYP,KEN,0.0
CYP,KGZ,0.0
CYP,KHM,0.0
CYP,KIR,1.0
CYP,KNA,1.0
CYP,KOR,1.0
CYP,KWT,0.0
CYP,LAO,0.0
CYP,LBN,0.0
CYP,LBR,0.0
CYP,LBY,0.0
CYP,LCA,1.0
CYP,LKA,0.0
CYP,LSO,0.0
CYP,LTU,1.0
CYP,LUX,1.0
CYP,LVA,1.0
CYP,MAC,1.0
CYP,MAR,0.0
CYP,MDA,0.0
CYP,MDG,0.0
CYP,MDV,1.0
CYP,MEX,0.0
CYP,MHL,1.0
CYP,MKD,1.0
CYP,MLI,0.0
CYP,MLT,1.0
CYP,MMR,0.0
CYP,MNE,1.0
CYP,MNG,0.0
CYP,MNP,1.0
CYP,MOZ,0.0
CYP,MRT,0.0
CYP,MUS,1.0
CYP,MWI,0.0
CYP,MYS,0.0
CYP,NAM,1.0
CYP,NER,0.0
CYP,NGA,0.0
CYP,NIC,0.0
CYP,NLD,1.0
CYP,NOR,1.0
CYP,NPL,0.0
CYP,NRU,1.0
CYP,NZL,1.0
CYP,OMN,0.0
CYP,PAK,0.0
CYP,PAN,1.0
CYP,PER,0.0
CYP,PHL,0.0
CYP,PLW,1.0
CYP,PNG,0.0
CYP,POL,1.0
CYP,PRT,1.0
CYP,PRY,0.0
CYP,PSE,0.0
CYP,PYF,1.0
CYP,QAT,1.0
CYP,ROU,0.0
CYP,RUS,0.0
CYP,RWA,0.0
CYP,SAU,0.0
CYP,SDN,0.0
CYP,SEN,0.0
CYP,SGP,1.0
CYP,SLB,0.0
CYP,SLE,0.0
CYP,SLV,0.0
CYP,SMR,1.0
CYP,SOM,0.0
CYP,SRB,0.0
CYP,SSD,0.0
CYP,STP,1.0
CYP,SUR,0.0
CYP,SVK,1.0
CYP,SVN,1.0
CYP,SWE,1.0
CYP,SWZ,0.0
CYP,SXM,1.0
CYP,SYC,1.0
CYP,SYR,0.0
CYP,TCA,1.0
CYP,TCD,0.0
CYP,TGO,0.0
CYP,THA,0.0
CYP,TJK,0.0
CYP,TKM,0.0
CYP,TLS,0.0
CYP,TON,1.0
CYP,TTO,0.0
CYP,TUN,0.0
CYP,TUR,0.0
CYP,TUV,1.0
CYP,TZA,0.0
CYP,UGA,0.0
CYP,UKR,0.0
CYP,URY,1.0
CYP,UZB,0.0
CYP,VCT,1.0
CYP,VEN,0.0
CYP,VNM,0.0
CYP,VUT,1.0
CYP,WSM,1.0
CYP,YEM,0.0
CYP,ZAF,0.0
CYP,ZMB,0.0
CYP,ZWE,0.0
CZE,ABW,1.0
CZE,AFG,0.0
CZE,AGO,0.0
CZE,ALB,1.0
CZE,AND,1.0
CZE,ARE,1.0
CZE,ARG,0.0
CZE,ARM,0.0
CZE,ASM,1.0
CZE,ATG,1.0
CZE,AUS,1.0
CZE,AUT,1.0
CZE,AZE,0.0
CZE,BDI,0.0
CZE,BEL,1.0
CZE,BEN,0.0
CZE,BFA,0.0
CZE,BGD,0.0
CZE,BGR,1.0
CZE,BHR,1.0
CZE,BHS,1.0
CZE,BIH,0.0
CZE,BLR,0.0
CZE,BLZ,1.0
CZE,BMU,1.0
CZE,BOL,0.0
CZE,BRA,0.0
CZE,BRB,1.0
CZE,BRN,1.0
CZE,BTN,1.0
CZE,BWA,1.0
CZE,CAF,0.0
CZE,CAN,1.0
CZE,CHE,1.0
CZE,CHL,1.0
CZE,CIV,0.0
CZE,CMR,0.0
CZE,COD,0.0
CZE,COG,0.0
CZE,COL,0.0
CZE,COM,0.0
CZE,CPV,1.0
CZE,CRI,1.0
CZE,CUB,0.0
CZE,CUW,1.0
CZE,CYM,1.0
CZE,CYP,1.0
CZE,CZE,1.0
CZE,DEU,1.0
CZE,DJI,1.0
CZE,DMA,1.0
CZE,DNK,1.0
CZE,DOM,0.0
CZE,DZA,0.0
CZE,ECU,0.0
CZE,EGY,0.0
CZE,ESP,1.0
CZE,EST,1.0
CZE,ETH,0.0
CZE,FIN,1.0
CZE,FJI,0.0
CZE,FRA,1.0
CZE,FRO,1.0
CZE,FSM,1.0
CZE,GAB,0.0
CZE,GBR,1.0
CZE,GEO,1.0
CZE,GHA,0.0
CZE,GIN,0.0
CZE,GMB,0.0
CZE,GNB,0.0
CZE,GNQ,0.0
CZE,GRC,1.0
CZE,GRD,1.0
CZE,GRL,1.0
CZE,GTM,0.0
CZE,GUM,1.0
CZE,GUY,0.0
CZE,HKG,1.0
CZE,HND,0.0
CZE,HRV,1.0
CZE,HTI,0.0
CZE,HUN,1.0
CZE,IDN,0.0
CZE,IND,0.0
CZE,IRL,1.0
CZE,IRN,0.0
CZE,IRQ,0.0
CZE,ISL,1.0
CZE,ISR,1.0
CZE,ITA,1.0
CZE,JAM,1.0
CZE,JOR,0.0
CZE,JPN,1.0
CZE,KAZ,0.0
CZE,KEN,0.0
CZE,KGZ,0.0
CZE,KHM,0.0
CZE,KIR,1.0
CZE,KNA,1.0
CZE,KOR,1.0
CZE,KWT,0.0
CZE,LAO,0.0
CZE,LBN,0.0
CZE,LBR,0.0
CZE,LBY,0.0
CZE,LCA,1.0
CZE,LKA,0.0
CZE,LSO,0.0
CZE,LTU,1.0
CZE,LUX,1.0
CZE,LVA,1.0
CZE,MAC,1.0
CZE,MAR,0.0
CZE,MDA,0.0
CZE,MDG,0.0
CZE,MDV,1.0
CZE,MEX,0.0
CZE,MHL,1.0
CZE,MKD,1.0
CZE,MLI,0.0
CZE,MLT,1.0
CZE,MMR,0.0
CZE,MNE,1.0
CZE,MNG,0.0
CZE,MNP,1.0
CZE,MOZ,0.0
CZE,MRT,0.0
CZE,MUS,1.0
CZE,MWI,0.0
CZE,MYS,0.0
CZE,NAM,1.0
CZE,NER,0.0
CZE,NGA,0.0
CZE,NIC,0.0
CZE,NLD,1.0
CZE,NOR,1.0
CZE,NPL,0.0
CZE,NRU,1.0
CZE,NZL,1.0
CZE,OMN,0.0
CZE,PAK,0.0
CZE,PAN,1.0
CZE,PER,0.0
CZE,PHL,0.0
CZE,PLW,1.0
CZE,PNG,0.0
CZE,POL,1.0
CZE,PRT,1.0
CZE,PRY,0.0
CZE,PSE,0.0
CZE,PYF,1.0
CZE,QAT,1.0
CZE,ROU,0.0
CZE,RUS,0.0
CZE,RWA,0.0
CZE,SAU,0.0
CZE,SDN,0.0
CZE,SEN,0.0
CZE,SGP,1.0
CZE,SLB,0.0
CZE,SLE,0.0
CZE,SLV,0.0
CZE,SMR,1.0
CZE,SOM,0.0
CZE,SRB,0.0
CZE,SSD,0.0
CZE,STP,1.0
CZE,SUR,0.0
CZE,SVK,1.0
CZE,SVN,1.0
CZE,SWE,1.0
CZE,SWZ,0.0
CZE,SXM,1.0
CZE,SYC,1.0
CZE,SYR,0.0
CZE,TCA,1.0
CZE,TCD,0.0
CZE,TGO,0.0
CZE,THA,0.0
CZE,TJK,0.0
CZE,TKM,0.0
CZE,TLS,0.0
CZE,TON,1.0
CZE,TTO,0.0
CZE,TUN,0.0
CZE,TUR,0.0
CZE,TUV,1.0
CZE,TZA,0.0
CZE,UGA,0.0
CZE,UKR,0.0
CZE,URY,1.0
CZE,UZB,0.0
CZE,VCT,1.0
CZE,VEN,0.0
CZE,VNM,0.0
CZE,VUT,1.0
CZE,WSM,1.0
CZE,YEM,0.0
CZE,ZAF,0.0
CZE,ZMB,0.0
CZE,ZWE,0.0
DEU,ABW,1.0
DEU,AFG,0.0
DEU,AGO,0.0
DEU,ALB,1.0
DEU,AND,1.0
DEU,ARE,1.0
DEU,ARG,0.0
DEU,ARM,0.0
DEU,ASM,1.0
DEU,ATG,1.0
DEU,AUS,1.0
DEU,AUT,1.0
DEU,AZE,0.0
DEU,BDI,0.0
DEU,BEL,1.0
DEU,BEN,0.0
DEU,BFA,0.0
DEU,BGD,0.0
DEU,BGR,1.0
DEU,BHR,1.0
DEU,BHS,1.0
DEU,BIH,0.0
DEU,BLR,0.0
DEU,BLZ,1.0
DEU,BMU,1.0
DEU,BOL,0.0
DEU,BRA,0.0
DEU,BRB,1.0
DEU,BRN,1.0
DEU,BTN,1.0
DEU,BWA,1.0
DEU,CAF,0.0
DEU,CAN,1.0
DEU,CHE,1.0
DEU,CHL,1.0
DEU,CIV,0.0
DEU,CMR,0.0
DEU,COD,0.0
DEU,COG,0.0
DEU,COL,0.0
DEU,COM,0.0
DEU,CPV,1.0
DEU,CRI,1.0
DEU,CUB,0.0
DEU,CUW,1.0
DEU,CYM,1.0
DEU,CYP,1.0
DEU,CZE,1.0
DEU,DEU,1.0
DEU,DJI,1.0
DEU,DMA,1.0
DEU,DNK,1.0
DEU,DOM,0.0
DEU,DZA,0.0
DEU,ECU,0.0
DEU,EGY,0.0
DEU,ESP,1.0
DEU,EST,1.0
DEU,ETH,0.0
DEU,FIN,1.0
DEU,FJI,0.0
DEU,FRA,1.0
DEU,FRO,1.0
DEU,FSM,1.0
DEU,GAB,0.0
DEU,GBR,1.0
DEU,GEO,1.0
DEU,GHA,0.0
DEU,GIN,0.0
DEU,GMB,0.0
DEU,GNB,0.0
DEU,GNQ,0.0
DEU,GRC,1.0
DEU,GRD,1.0
DEU,GRL,1.0
DEU,GTM,0.0
DEU,GUM,1.0
DEU,GUY,0.0
DEU,HKG,1.0
DEU,HND,0.0
DEU,HRV,1.0
DEU,HTI,0.0
DEU,HUN,1.0
DEU,IDN,0.0
DEU,IND,0.0
DEU,IRL,1.0
DEU,IRN,0.0
DEU,IRQ,0.0
DEU,ISL,1.0
DEU,ISR,1.0
DEU,ITA,1.0
DEU,JAM,1.0
DEU,JOR,0.0
DEU,JPN,1.0
DEU,KAZ,0.0
DEU,KEN,0.0
DEU,KGZ,0.0
DEU,KHM,0.0
DEU,KIR,1.0
DEU,KNA,1.0
DEU,KOR,1.0
DEU,KWT,0.0
DEU,LAO,0.0
DEU,LBN,0.0
DEU,LBR,0.0
DEU,LBY,0.0
DEU,LCA,1.0
DEU,LKA,0.0
DEU,LSO,0.0
DEU,LTU,1.0
DEU,LUX,1.0
DEU,LVA,1.0
DEU,MAC,1.0
DEU,MAR,0.0
DEU,MDA,0.0
DEU,MDG,0.0
DEU,MDV,1.0
DEU,MEX,0.0
DEU,MHL,1.0
DEU,MKD,1.0
DEU,MLI,0.0
DEU,MLT,1.0
DEU,MMR,0.0
DEU,MNE,1.0
DEU,MNG,0.0
DEU,MNP,1.0
DEU,MOZ,0.0
DEU,MRT,0.0
DEU,MUS,1.0
DEU,MWI,0.0
DEU,MYS,0.0
DEU,NAM,1.0
DEU,NER,0.0
DEU,NGA,0.0
DEU,NIC,0.0
DEU,NLD,1.0
DEU,NOR,1.0
DEU,NPL,0.0
DEU,NRU,1.0
DEU,NZL,1.0
DEU,OMN,0.0
DEU,PAK,0.0
DEU,PAN,1.0
DEU,PER,0.0
DEU,PHL,0.0
DEU,PLW,1.0
DEU,PNG,0.0
DEU,POL,1.0
DEU,PRT,1.0
DEU,PRY,0.0
DEU,PSE,0.0
DEU,PYF,1.0
DEU,QAT,1.0
DEU,ROU,0.0
DEU,RUS,0.0
DEU,RWA,0.0
DEU,SAU,0.0
DEU,SDN,0.0
DEU,SEN,0.0
DEU,SGP,1.0
DEU,SLB,0.0
DEU,SLE,0.0
DEU,SLV,0.0
DEU,SMR,1.0
DEU,SOM,0.0
DEU,SRB,0.0
DEU,SSD,0.0
DEU,STP,1.0
DEU,SUR,0.0
DEU,SVK,1.0
DEU,SVN,1.0
DEU,SWE,1.0
DEU,SWZ,0.0
DEU,SXM,1.0
DEU,SYC,1.0
DEU,SYR,0.0
DEU,TCA,1.0
DEU,TCD,0.0
DEU,TGO,0.0
DEU,THA,0.0
DEU,TJK,0.0
DEU,TKM,0.0
DEU,TLS,0.0
DEU,TON,1.0
DEU,TTO,0.0
DEU,TUN,0.0
DEU,TUR,0.0
DEU,TUV,1.0
DEU,TZA,0.0
DEU,UGA,0.0
DEU,UKR,0.0
DEU,URY,1.0
DEU,UZB,0.0
DEU,VCT,1.0
DEU,VEN,0.0
DEU,VNM,0.0
DEU,VUT,1.0
DEU,WSM,1.0
DEU,YEM,0.0
DEU,ZAF,0.0
DEU,ZMB,0.0
DEU,ZWE,0.0
DJI,ABW,1.0
DJI,AFG,0.0
DJI,AGO,0.0
DJI,ALB,1.0
DJI,AND,1.0
DJI,ARE,1.0
DJI,ARG,0.0
DJI,ARM,0.0
DJI,ASM,1.0
DJI,ATG,1.0
DJI,AUS,1.0
DJI,AUT,1.0
DJI,AZE,0.0
DJI,BDI,0.0
DJI,BEL,1.0
DJI,BEN,0.0
DJI,BFA,0.0
DJI,BGD,0.0
DJI,BGR,1.0
DJI,BHR,1.0
DJI,BHS,1.0
DJI,BIH,0.0
DJI,BLR,0.0
DJI,BLZ,1.0
DJI,BMU,1.0
DJI,BOL,0.0
DJI,BRA,0.0
DJI,BRB,1.0
DJI,BRN,1.0
DJI,BTN,1.0
DJI,BWA,1.0
DJI,CAF,0.0
DJI,CAN,1.0
DJI,CHE,1.0
DJI,CHL,1.0
DJI,CIV,0.0
DJI,CMR,0.0
DJI,COD,0.0
DJI,COG,0.0
DJI,COL,0.0
DJI,COM,0.0
DJI,CPV,1.0
DJI,CRI,1.0
DJI,CUB,0.0
DJI,CUW,1.0
DJI,CYM,1.0
DJI,CYP,1.0
DJI,CZE,1.0
DJI,DEU,1.0
DJI,DJI,1.0
DJI,DMA,1.0
DJI,DNK,1.0
DJI,DOM,0.0
DJI,DZA,0.0
DJI,ECU,0.0
DJI,EGY,0.0
DJI,ESP,1.0
DJI,EST,1.0
DJI,ETH,0.0
DJI,FIN,1.0
DJI,FJI,0.0
DJI,FRA,1.0
DJI,FRO,1.0
DJI,FSM,1.0
DJI,GAB,0.0
DJI,GBR,1.0
DJI,GEO,1.0
DJI,GHA,0.0
DJI,GIN,0.0
DJI,GMB,0.0
DJI,GNB,0.0
DJI,GNQ,0.0
DJI,GRC,1.0
DJI,GRD,1.0
DJI,GRL,1.0
DJI,GTM,0.0
DJI,GUM,1.0
DJI,GUY,0.0
DJI,HKG,1.0
DJI,HND,0.0
DJI,HRV,1.0
DJI,HTI,0.0
DJI,HUN,1.0
DJI,IDN,0.0
DJI,IND,0.0
DJI,IRL,1.0
DJI,IRN,0.0
DJI,IRQ,0.0
DJI,ISL,1.0
DJI,ISR,1.0
DJI,ITA,1.0
DJI,JAM,1.0
DJI,JOR,0.0
DJI,JPN,1.0
DJI,KAZ,0.0
DJI,KEN,0.0
DJI,KGZ,0.0
DJI,KHM,0.0
DJI,KIR,1.0
DJI,KNA,1.0
DJI,KOR,1.0
DJI,KWT,0.0
DJI,LAO,0.0
DJI,LBN,0.0
DJI,LBR,0.0
DJI,LBY,0.0
DJI,LCA,1.0
DJI,LKA,0.0
DJI,LSO,0.0
DJI,LTU,1.0
DJI,LUX,1.0
DJI,LVA,1.0
DJI,MAC,1.0
DJI,MAR,0.0
DJI,MDA,0.0
DJI,MDG,0.0
DJI,MDV,1.0
DJI,MEX,0.0
DJI,MHL,1.0
DJI,MKD,1.0
DJI,MLI,0.0
DJI,MLT,1.0
DJI,MMR,0.0
DJI,MNE,1.0
DJI,MNG,0.0
DJI,MNP,1.0
DJI,MOZ,0.0
DJI,MRT,0.0
DJI,MUS,1.0
DJI,MWI,0.0
DJI,MYS,0.0
DJI,NAM,1.0
DJI,NER,0.0
DJI,NGA,0.0
DJI,NIC,0.0
DJI,NLD,1.0
DJI,NOR,1.0
DJI,NPL,0.0
DJI,NRU,1.0
DJI,NZL,1.0
DJI,OMN,0.0
DJI,PAK,0.0
DJI,PAN,1.0
DJI,PER,0.0
DJI,PHL,0.0
DJI,PLW,1.0
DJI,PNG,0.0
DJI,POL,1.0
DJI,PRT,1.0
DJI,PRY,0.0
DJI,PSE,0.0
DJI,PYF,1.0
DJI,QAT,1.0
DJI,ROU,0.0
DJI,RUS,0.0
DJI,RWA,0.0
DJI,SAU,0.0
DJI,SDN,0.0
DJI,SEN,0.0
DJI,SGP,1.0
DJI,SLB,0.0
DJI,SLE,0.0
DJI,SLV,0.0
DJI,SMR,1.0
DJI,SOM,0.0
DJI,SRB,0.0
DJI,SSD,0.0
DJI,STP,1.0
DJI,SUR,0.0
DJI,SVK,1.0
DJI,SVN,1.0
DJI,SWE,1.0
DJI,SWZ,0.0
DJI,SXM,1.0
DJI,SYC,1.0
DJI,SYR,0.0
DJI,TCA,1.0
DJI,TCD,0.0
DJI,TGO,0.0
DJI,THA,0.0
DJI,TJK,0.0
DJI,TKM,0.0
DJI,TLS,0.0
DJI,TON,1.0
DJI,TTO,0.0
DJI,TUN,0.0
DJI,TUR,0.0
DJI,TUV,1.0
DJI,TZA,0.0
DJI,UGA,0.0
DJI,UKR,0.0
DJI,URY,1.0
DJI,UZB,0.0
DJI,VCT,1.0
DJI,VEN,0.0
DJI,VNM,0.0
DJI,VUT,1.0
DJI,WSM,1.0
DJI,YEM,0.0
DJI,ZAF,0.0
DJI,ZMB,0.0
DJI,ZWE,0.0
DMA,ABW,1.0
DMA,AFG,0.0
DMA,AGO,0.0
DMA,ALB,1.0
DMA,AND,1.0
DMA,ARE,1.0
DMA,ARG,0.0
DMA,ARM,0.0
DMA,ASM,1.0
DMA,ATG,1.0
DMA,AUS,1.0
DMA,AUT,1.0
DMA,AZE,0.0
DMA,BDI,0.0
DMA,BEL,1.0
DMA,BEN,0.0
DMA,BFA,0.0
DMA,BGD,0.0
DMA,BGR,1.0
DMA,BHR,1.0
DMA,BHS,1.0
DMA,BIH,0.0
DMA,BLR,0.0
DMA,BLZ,1.0
DMA,BMU,1.0
DMA,BOL,0.0
DMA,BRA,0.0
DMA,BRB,1.0
DMA,BRN,1.0
DMA,BTN,1.0
DMA,BWA,1.0
DMA,CAF,0.0
DMA,CAN,1.0
DMA,CHE,1.0
DMA,CHL,1.0
DMA,CIV,0.0
DMA,CMR,0.0
DMA,COD,0.0
DMA,COG,0.0
DMA,COL,0.0
DMA,COM,0.0
DMA,CPV,1.0
DMA,CRI,1.0
DMA,CUB,0.0
DMA,CUW,1.0
DMA,CYM,1.0
DMA,CYP,1.0
DMA,CZE,1.0
DMA,DEU,1.0
DMA,DJI,1.0
DMA,DMA,1.0
DMA,DNK,1.0
DMA,DOM,0.0
DMA,DZA,0.0
DMA,ECU,0.0
DMA,EGY,0.0
DMA,ESP,1.0
DMA,EST,1.0
DMA,ETH,0.0
DMA,FIN,1.0
DMA,FJI,0.0
DMA,FRA,1.0
DMA,FRO,1.0
DMA,FSM,1.0
DMA,GAB,0.0
DMA,GBR,1.0
DMA,GEO,1.0
DMA,GHA,0.0
DMA,GIN,0.0
DMA,GMB,0.0
DMA,GNB,0.0
DMA,GNQ,0.0
DMA,GRC,1.0
DMA,GRD,1.0
DMA,GRL,1.0
DMA,GTM,0.0
DMA,GUM,1.0
DMA,GUY,0.0
DMA,HKG,1.0
DMA,HND,0.0
DMA,HRV,1.0
DMA,HTI,0.0
DMA,HUN,1.0
DMA,IDN,0.0
DMA,IND,0.0
DMA,IRL,1.0
DMA,IRN,0.0
DMA,IRQ,0.0
DMA,ISL,1.0
DMA,ISR,1.0
DMA,ITA,1.0
DMA,JAM,1.0
DMA,JOR,0.0
DMA,JPN,1.0
DMA,KAZ,0.0
DMA,KEN,0.0
DMA,KGZ,0.0
DMA,KHM,0.0
DMA,KIR,1.0
DMA,KNA,1.0
DMA,KOR,1.0
DMA,KWT,0.0
DMA,LAO,0.0
DMA,LBN,0.0
DMA,LBR,0.0
DMA,LBY,0.0
DMA,LCA,1.0
DMA,LKA,0.0
DMA,LSO,0.0
DMA,LTU,1.0
DMA,LUX,1.0
DMA,LVA,1.0
DMA,MAC,1.0
DMA,MAR,0.0
DMA,MDA,0.0
DMA,MDG,0.0
DMA,MDV,1.0
DMA,MEX,0.0
DMA,MHL,1.0
DMA,MKD,1.0
DMA,MLI,0.0
DMA,MLT,1.0
DMA,MMR,0.0
DMA,MNE,1.0
DMA,MNG,0.0
DMA,MNP,1.0
DMA,MOZ,0.0
DMA,MRT,0.0
DMA,MUS,1.0
DMA,MWI,0.0
DMA,MYS,0.0
DMA,NAM,1.0
DMA,NER,0.0
DMA,NGA,0.0
DMA,NIC,0.0
DMA,NLD,1.0
DMA,NOR,1.0
DMA,NPL,0.0
DMA,NRU,1.0
DMA,NZL,1.0
DMA,OMN,0.0
DMA,PAK,0.0
DMA,PAN,1.0
DMA,PER,0.0
DMA,PHL,0.0
DMA,PLW,1.0
DMA,PNG,0.0
DMA,POL,1.0
DMA,PRT,1.0
DMA,PRY,0.0
DMA,PSE,0.0
DMA,PYF,1.0
DMA,QAT,1.0
DMA,ROU,0.0
DMA,RUS,0.0
DMA,RWA,0.0
DMA,SAU,0.0
DMA,SDN,0.0
DMA,SEN,0.0
DMA,SGP,1.0
DMA,SLB,0.0
DMA,SLE,0.0
DMA,SLV,0.0
DMA,SMR,1.0
DMA,SOM,0.0
DMA,SRB,0.0
DMA,SSD,0.0
DMA,STP,1.0
DMA,SUR,0.0
DMA,SVK,1.0
DMA,SVN,1.0
DMA,SWE,1.0
DMA,SWZ,0.0
DMA,SXM,1.0
DMA,SYC,1.0
DMA,SYR,0.0
DMA,TCA,1.0
DMA,TCD,0.0
DMA,TGO,0.0
DMA,THA,0.0
DMA,TJK,0.0
DMA,TKM,0.0
DMA,TLS,0.0
DMA,TON,1.0
DMA,TTO,0.0
DMA,TUN,0.0
DMA,TUR,0.0
DMA,TUV,1.0
DMA,TZA,0.0
DMA,UGA,0.0
DMA,UKR,0.0
DMA,URY,1.0
DMA,UZB,0.0
DMA,VCT,1.0
DMA,VEN,0.0
DMA,VNM,0.0
DMA,VUT,1.0
DMA,WSM,1.0
DMA,YEM,0.0
DMA,ZAF,0.0
DMA,ZMB,0.0
DMA,ZWE,0.0
DNK,ABW,1.0
DNK,AFG,0.0
DNK,AGO,0.0
DNK,ALB,1.0
DNK,AND,1.0
DNK,ARE,1.0
DNK,ARG,0.0
DNK,ARM,0.0
DNK,ASM,1.0
DNK,ATG,1.0
DNK,AUS,1.0
DNK,AUT,1.0
DNK,AZE,0.0
DNK,BDI,0.0
DNK,BEL,1.0
DNK,BEN,0.0
DNK,BFA,0.0
DNK,BGD,0.0
DNK,BGR,1.0
DNK,BHR,1.0
DNK,BHS,1.0
DNK,BIH,0.0
DNK,BLR,0.0
DNK,BLZ,1.0
DNK,BMU,1.0
DNK,BOL,0.0
DNK,BRA,0.0
DNK,BRB,1.0
DNK,BRN,1.0
DNK,BTN,1.0
DNK,BWA,1.0
DNK,CAF,0.0
DNK,CAN,1.0
DNK,CHE,1.0
DNK,CHL,1.0
DNK,CIV,0.0
DNK,CMR,0.0
DNK,COD,0.0
DNK,COG,0.0
DNK,COL,0.0
DNK,COM,0.0
DNK,CPV,1.0
DNK,CRI,1.0
DNK,CUB,0.0
DNK,CUW,1.0
DNK,CYM,1.0
DNK,CYP,1.0
DNK,CZE,1.0
DNK,DEU,1.0
DNK,DJI,1.0
DNK,DMA,1.0
DNK,DNK,1.0
DNK,DOM,0.0
DNK,DZA,0.0
DNK,ECU,0.0
DNK,EGY,0.0
DNK,ESP,1.0
DNK,EST,1.0
DNK,ETH,0.0
DNK,FIN,1.0
DNK,FJI,0.0
DNK,FRA,1.0
DNK,FRO,1.0
DNK,FSM,1.0
DNK,GAB,0.0
DNK,GBR,1.0
DNK,GEO,1.0
DNK,GHA,0.0
DNK,GIN,0.0
DNK,GMB,0.0
DNK,GNB,0.0
DNK,GNQ,0.0
DNK,GRC,1.0
DNK,GRD,1.0
DNK,GRL,1.0
DNK,GTM,0.0
DNK,GUM,1.0
DNK,GUY,0.0
DNK,HKG,1.0
DNK,HND,0.0
DNK,HRV,1.0
DNK,HTI,0.0
DNK,HUN,1.0
DNK,IDN,0.0
DNK,IND,0.0
DNK,IRL,1.0
DNK,IRN,0.0
DNK,IRQ,0.0
DNK,ISL,1.0
DNK,ISR,1.0
DNK,ITA,1.0
DNK,JAM,1.0
DNK,JOR,0.0
DNK,JPN,1.0
DNK,KAZ,0.0
DNK,KEN,0.0
DNK,KGZ,0.0
DNK,KHM,0.0
DNK,KIR,1.0
DNK,KNA,1.0
DNK,KOR,1.0
DNK,KWT,0.0
DNK,LAO,0.0
DNK,LBN,0.0
DNK,LBR,0.0
DNK,LBY,0.0
DNK,LCA,1.0
DNK,LKA,0.0
DNK,LSO,0.0
DNK,LTU,1.0
DNK,LUX,1.0
DNK,LVA,1.0
DNK,MAC,1.0
DNK,MAR,0.0
DNK,MDA,0.0
DNK,MDG,0.0
DNK,MDV,1.0
DNK,MEX,0.0
DNK,MHL,1.0
DNK,MKD,1.0
DNK,MLI,0.0
DNK,MLT,1.0
DNK,MMR,0.0
DNK,MNE,1.0
DNK,MNG,0.0
DNK,MNP,1.0
DNK,MOZ,0.0
DNK,MRT,0.0
DNK,MUS,1.0
DNK,MWI,0.0
DNK,MYS,0.0
DNK,NAM,1.0
DNK,NER,0.0
DNK,NGA,0.0
DNK,NIC,0.0
DNK,NLD,1.0
DNK,NOR,1.0
DNK,NPL,0.0
DNK,NRU,1.0
DNK,NZL,1.0
DNK,OMN,0.0
DNK,PAK,0.0
DNK,PAN,1.0
DNK,PER,0.0
DNK,PHL,0.0
DNK,PLW,1.0
DNK,PNG,0.0
DNK,POL,1.0
DNK,PRT,1.0
DNK,PRY,0.0
DNK,PSE,0.0
DNK,PYF,1.0
DNK,QAT,1.0
DNK,ROU,0.0
DNK,RUS,0.0
DNK,RWA,0.0
DNK,SAU,0.0
DNK,SDN,0.0
DNK,SEN,0.0
DNK,SGP,1.0
DNK,SLB,0.0
DNK,SLE,0.0
DNK,SLV,0.0
DNK,SMR,1.0
DNK,SOM,0.0
DNK,SRB,0.0
DNK,SSD,0.0
DNK,STP,1.0
DNK,SUR,0.0
DNK,SVK,1.0
DNK,SVN,1.0
DNK,SWE,1.0
DNK,SWZ,0.0
DNK,SXM,1.0
DNK,SYC,1.0
DNK,SYR,0.0
DNK,TCA,1.0
DNK,TCD,0.0
DNK,TGO,0.0
DNK,THA,0.0
DNK,TJK,0.0
DNK,TKM,0.0
DNK,TLS,0.0
DNK,TON,1.0
DNK,TTO,0.0
DNK,TUN,0.0
DNK,TUR,0.0
DNK,TUV,1.0
DNK,TZA,0.0
DNK,UGA,0.0
DNK,UKR,0.0
DNK,URY,1.0
DNK,UZB,0.0
DNK,VCT,1.0
DNK,VEN,0.0
DNK,VNM,0.0
DNK,VUT,1.0
DNK,WSM,1.0
DNK,YEM,0.0
DNK,ZAF,0.0
DNK,ZMB,0.0
DNK,ZWE,0.0
DOM,ABW,0.0
DOM,AFG,1.0
DOM,AGO,1.0
DOM,ALB,0.0
DOM,AND,0.0
DOM,ARE,0.0
DOM,ARG,1.0
DOM,ARM,1.0
DOM,ASM,0.0
DOM,ATG,0.0
DOM,AUS,0.0
DOM,AUT,0.0
DOM,AZE,1.0
DOM,BDI,1.0
DOM,BEL,0.0
DOM,BEN,1.0
DOM,BFA,1.0
DOM,BGD,1.0
DOM,BGR,0.0
DOM,BHR,0.0
DOM,BHS,0.0
DOM,BIH,1.0
DOM,BLR,1.0
DOM,BLZ,0.0
DOM,BMU,0.0
DOM,BOL,1.0
DOM,BRA,1.0
DOM,BRB,0.0
DOM,BRN,0.0
DOM,BTN,0.0
DOM,BWA,0.0
DOM,CAF,1.0
DOM,CAN,0.0
DOM,CHE,0.0
DOM,CHL,0.0
DOM,CIV,1.0
DOM,CMR,1.0
DOM,COD,1.0
DOM,COG,1.0
DOM,COL,1.0
DOM,COM,1.0
DOM,CPV,0.0
DOM,CRI,0.0
DOM,CUB,1.0
DOM,CUW,0.0
DOM,CYM,0.0
DOM,CYP,0.0
DOM,CZE,0.0
DOM,DEU,0.0
DOM,DJI,0.0
DOM,DMA,0.0
DOM,DNK,0.0
DOM,DOM,1.0
DOM,DZA,1.0
DOM,ECU,1.0
DOM,EGY,1.0
DOM,ESP,0.0
DOM,EST,0.0
DOM,ETH,1.0
DOM,FIN,0.0
DOM,FJI,1.0
DOM,FRA,0.0
DOM,FRO,0.0
DOM,FSM,0.0
DOM,GAB,1.0
DOM,GBR,0.0
DOM,GEO,0.0
DOM,GHA,1.0
DOM,GIN,1.0
DOM,GMB,1.0
DOM,GNB,1.0
DOM,GNQ,1.0
DOM,GRC,0.0
DOM,GRD,0.0
DOM,GRL,0.0
DOM,GTM,1.0
DOM,GUM,0.0
DOM,GUY,1.0
DOM,HKG,0.0
DOM,HND,1.0
DOM,HRV,0.0
DOM,HTI,1.0
DOM,HUN,0.0
DOM,IDN,1.0
DOM,IND,1.0
DOM,IRL,0.0
DOM,IRN,1.0
DOM,IRQ,1.0
DOM,ISL,0.0
DOM,ISR,0.0
DOM,ITA,0.0
DOM,JAM,0.0
DOM,JOR,1.0
DOM,JPN,0.0
DOM,KAZ,1.0
DOM,KEN,1.0
DOM,KGZ,1.0
DOM,KHM,1.0
DOM,KIR,0.0
DOM,KNA,0.0
DOM,KOR,0.0
DOM,KWT,1.0
DOM,LAO,1.0
DOM,LBN,1.0
DOM,LBR,1.0
DOM,LBY,1.0
DOM,LCA,0.0
DOM,LKA,1.0
DOM,LSO,1.0
DOM,LTU,0.0
DOM,LUX,0.0
DOM,LVA,0.0
DOM,MAC,0.0
DOM,MAR,1.0
DOM,MDA,1.0
DOM,MDG,1.0
DOM,MDV,0.0
DOM,MEX,1.0
DOM,MHL,0.0
DOM,MKD,0.0
DOM,MLI,1.0
DOM,MLT,0.0
DOM,MMR,1.0
DOM,MNE,0.0
DOM,MNG,1.0
DOM,MNP,0.0
DOM,MOZ,1.0
DOM,MRT,1.0
DOM,MUS,0.0
DOM,MWI,1.0
DOM,MYS,1.0
DOM,NAM,0.0
DOM,NER,1.0
DOM,NGA,1.0
DOM,NIC,1.0
DOM,NLD,0.0
DOM,NOR,0.0
DOM,NPL,1.0
DOM,NRU,0.0
DOM,NZL,0.0
DOM,OMN,1.0
DOM,PAK,1.0
DOM,PAN,0.0
DOM,PER,1.0
DOM,PHL,1.0
DOM,PLW,0.0
DOM,PNG,1.0
DOM,POL,0.0
DOM,PRT,0.0
DOM,PRY,1.0
DOM,PSE,1.0
DOM,PYF,0.0
DOM,QAT,0.0
DOM,ROU,1.0
DOM,RUS,1.0
DOM,RWA,1.0
DOM,SAU,1.0
DOM,SDN,1.0
DOM,SEN,1.0
DOM,SGP,0.0
DOM,SLB,1.0
DOM,SLE,1.0
DOM,SLV,1.0
DOM,SMR,0.0
DOM,SOM,1.0
DOM,SRB,1.0
DOM,SSD,1.0
DOM,STP,0.0
DOM,SUR,1.0
DOM,SVK,0.0
DOM,SVN,0.0
DOM,SWE,0.0
DOM,SWZ,1.0
DOM,SXM,0.0
DOM,SYC,0.0
DOM,SYR,1.0
DOM,TCA,0.0
DOM,TCD,1.0
DOM,TGO,1.0
DOM,THA,1.0
DOM,TJK,1.0
DOM,TKM,1.0
DOM,TLS,1.0
DOM,TON,0.0
DOM,TTO,1.0
DOM,TUN,1.0
DOM,TUR,1.0
DOM,TUV,0.0
DOM,TZA,1.0
DOM,UGA,1.0
DOM,UKR,1.0
DOM,URY,0.0
DOM,UZB,1.0
DOM,VCT,0.0
DOM,VEN,1.0
DOM,VNM,1.0
DOM,VUT,0.0
DOM,WSM,0.0
DOM,YEM,1.0
DOM,ZAF,1.0
DOM,ZMB,1.0
DOM,ZWE,1.0
DZA,ABW,0.0
DZA,AFG,1.0
DZA,AGO,1.0
DZA,ALB,0.0
DZA,AND,0.0
DZA,ARE,0.0
DZA,ARG,1.0
DZA,ARM,1.0
DZA,ASM,0.0
DZA,ATG,0.0
DZA,AUS,0.0
DZA,AUT,0.0
DZA,AZE,1.0
DZA,BDI,1.0
DZA,BEL,0.0
DZA,BEN,1.0
DZA,BFA,1.0
DZA,BGD,1.0
DZA,BGR,0.0
DZA,BHR,0.0
DZA,BHS,0.0
DZA,BIH,1.0
DZA,BLR,1.0
DZA,BLZ,0.0
DZA,BMU,0.0
DZA,BOL,1.0
DZA,BRA,1.0
DZA,BRB,0.0
DZA,BRN,0.0
DZA,BTN,0.0
DZA,BWA,0.0
DZA,CAF,1.0
DZA,CAN,0.0
DZA,CHE,0.0
DZA,CHL,0.0
DZA,CIV,1.0
DZA,CMR,1.0
DZA,COD,1.0
DZA,COG,1.0
DZA,COL,1.0
DZA,COM,1.0
DZA,CPV,0.0
DZA,CRI,0.0
DZA,CUB,1.0
DZA,CUW,0.0
DZA,CYM,0.0
DZA,CYP,0.0
DZA,CZE,0.0
DZA,DEU,0.0
DZA,DJI,0.0
DZA,DMA,0.0
DZA,DNK,0.0
DZA,DOM,1.0
DZA,DZA,1.0
DZA,ECU,1.0
DZA,EGY,1.0
DZA,ESP,0.0
DZA,EST,0.0
DZA,ETH,1.0
DZA,FIN,0.0
DZA,FJI,1.0
DZA,FRA,0.0
DZA,FRO,0.0
DZA,FSM,0.0
DZA,GAB,1.0
DZA,GBR,0.0
DZA,GEO,0.0
DZA,GHA,1.0
DZA,GIN,1.0
DZA,GMB,1.0
DZA,GNB,1.0
DZA,GNQ,1.0
DZA,GRC,0.0
DZA,GRD,0.0
DZA,GRL,0.0
DZA,GTM,1.0
DZA,GUM,0.0
DZA,GUY,1.0
DZA,HKG,0.0
DZA,HND,1.0
DZA,HRV,0.0
DZA,HTI,1.0
DZA,HUN,0.0
DZA,IDN,1.0
DZA,IND,1.0
DZA,IRL,0.0
DZA,IRN,1.0
DZA,IRQ,1.0
DZA,ISL,0.0
DZA,ISR,0.0
DZA,ITA,0.0
DZA,JAM,0.0
DZA,JOR,1.0
DZA,JPN,0.0
DZA,KAZ,1.0
DZA,KEN,1.0
DZA,KGZ,1.0
DZA,KHM,1.0
DZA,KIR,0.0
DZA,KNA,0.0
DZA,KOR,0.0
DZA,KWT,1.0
DZA,LAO,1.0
DZA,LBN,1.0
DZA,LBR,1.0
DZA,LBY,1.0
DZA,LCA,0.0
DZA,LKA,1.0
DZA,LSO,1.0
DZA,LTU,0.0
DZA,LUX,0.0
DZA,LVA,0.0
DZA,MAC,0.0
DZA,MAR,1.0
DZA,MDA,1.0
DZA,MDG,1.0
DZA,MDV,0.0
DZA,MEX,1.0
DZA,MHL,0.0
DZA,MKD,0.0
DZA,MLI,1.0
DZA,MLT,0.0
DZA,MMR,1.0
DZA,MNE,0.0
DZA,MNG,1.0
DZA,MNP,0.0
DZA,MOZ,1.0
DZA,MRT,1.0
DZA,MUS,0.0
DZA,MWI,1.0
DZA,MYS,1.0
DZA,NAM,0.0
DZA,NER,1.0
DZA,NGA,1.0
DZA,NIC,1.0
DZA,NLD,0.0
DZA,NOR,0.0
DZA,NPL,1.0
DZA,NRU,0.0
DZA,NZL,0.0
DZA,OMN,1.0
DZA,PAK,1.0
DZA,PAN,0.0
DZA,PER,1.0
DZA,PHL,1.0
DZA,PLW,0.0
DZA,PNG,1.0
DZA,POL,0.0
DZA,PRT,0.0
DZA,PRY,1.0
DZA,PSE,1.0
DZA,PYF,0.0
DZA,QAT,0.0
DZA,ROU,1.0
DZA,RUS,1.0
DZA,RWA,1.0
DZA,SAU,1.0
DZA,SDN,1.0
DZA,SEN,1.0
DZA,SGP,0.0
DZA,SLB,1.0
DZA,SLE,1.0
DZA,SLV,1.0
DZA,SMR,0.0
DZA,SOM,1.0
DZA,SRB,1.0
DZA,SSD,1.0
DZA,STP,0.0
DZA,SUR,1.0
DZA,SVK,0.0
DZA,SVN,0.0
DZA,SWE,0.0
DZA,SWZ,1.0
DZA,SXM,0.0
DZA,SYC,0.0
DZA,SYR,1.0
DZA,TCA,0.0
DZA,TCD,1.0
DZA,TGO,1.0
DZA,THA,1.0
DZA,TJK,1.0
DZA,TKM,1.0
DZA,TLS,1.0
DZA,TON,0.0
DZA,TTO,1.0
DZA,TUN,1.0
DZA,TUR,1.0
DZA,TUV,0.0
DZA,TZA,1.0
DZA,UGA,1.0
DZA,UKR,1.0
DZA,URY,0.0
DZA,UZB,1.0
DZA,VCT,0.0
DZA,VEN,1.0
DZA,VNM,1.0
DZA,VUT,0.0
DZA,WSM,0.0
DZA,YEM,1.0
DZA,ZAF,1.0
DZA,ZMB,1.0
DZA,ZWE,1.0
ECU,ABW,0.0
ECU,AFG,1.0
ECU,AGO,1.0
ECU,ALB,0.0
ECU,AND,0.0
ECU,ARE,0.0
ECU,ARG,1.0
ECU,ARM,1.0
ECU,ASM,0.0
ECU,ATG,0.0
ECU,AUS,0.0
ECU,AUT,0.0
ECU,AZE,1.0
ECU,BDI,1.0
ECU,BEL,0.0
ECU,BEN,1.0
ECU,BFA,1.0
ECU,BGD,1.0
ECU,BGR,0.0
ECU,BHR,0.0
ECU,BHS,0.0
ECU,BIH,1.0
ECU,BLR,1.0
ECU,BLZ,0.0
ECU,BMU,0.0
ECU,BOL,1.0
ECU,BRA,1.0
ECU,BRB,0.0
ECU,BRN,0.0
ECU,BTN,0.0
ECU,BWA,0.0
ECU,CAF,1.0
ECU,CAN,0.0
ECU,CHE,0.0
ECU,CHL,0.0
ECU,CIV,1.0
ECU,CMR,1.0
ECU,COD,1.0
ECU,COG,1.0
ECU,COL,1.0
ECU,COM,1.0
ECU,CPV,0.0
ECU,CRI,0.0
ECU,CUB,1.0
ECU,CUW,0.0
ECU,CYM,0.0
ECU,CYP,0.0
ECU,CZE,0.0
ECU,DEU,0.0
ECU,DJI,0.0
ECU,DMA,0.0
ECU,DNK,0.0
ECU,DOM,1.0
ECU,DZA,1.0
ECU,ECU,1.0
ECU,EGY,1.0
ECU,ESP,0.0
ECU,EST,0.0
ECU,ETH,1.0
ECU,FIN,0.0
ECU,FJI,1.0
ECU,FRA,0.0
ECU,FRO,0.0
ECU,FSM,0.0
ECU,GAB,1.0
ECU,GBR,0.0
ECU,GEO,0.0
ECU,GHA,1.0
ECU,GIN,1.0
ECU,GMB,1.0
ECU,GNB,1.0
ECU,GNQ,1.0
ECU,GRC,0.0
ECU,GRD,0.0
ECU,GRL,0.0
ECU,GTM,1.0
ECU,GUM,0.0
ECU,GUY,1.0
ECU,HKG,0.0
ECU,HND,1.0
ECU,HRV,0.0
ECU,HTI,1.0
ECU,HUN,0.0
ECU,IDN,1.0
ECU,IND,1.0
ECU,IRL,0.0
ECU,IRN,1.0
ECU,IRQ,1.0
ECU,ISL,0.0
ECU,ISR,0.0
ECU,ITA,0.0
ECU,JAM,0.0
ECU,JOR,1.0
ECU,JPN,0.0
ECU,KAZ,1.0
ECU,KEN,1.0
ECU,KGZ,1.0
ECU,KHM,1.0
ECU,KIR,0.0
ECU,KNA,0.0
ECU,KOR,0.0
ECU,KWT,1.0
ECU,LAO,1.0
ECU,LBN,1.0
ECU,LBR,1.0
ECU,LBY,1.0
ECU,LCA,0.0
ECU,LKA,1.0
ECU,LSO,1.0
ECU,LTU,0.0
ECU,LUX,0.0
ECU,LVA,0.0
ECU,MAC,0.0
ECU,MAR,1.0
ECU,MDA,1.0
ECU,MDG,1.0
ECU,MDV,0.0
ECU,MEX,1.0
ECU,MHL,0.0
ECU,MKD,0.0
ECU,MLI,1.0
ECU,MLT,0.0
ECU,MMR,1.0
ECU,MNE,0.0
ECU,MNG,1.0
ECU,MNP,0.0
ECU,MOZ,1.0
ECU,MRT,1.0
ECU,MUS,0.0
ECU,MWI,1.0
ECU,MYS,1.0
ECU,NAM,0.0
ECU,NER,1.0
ECU,NGA,1.0
ECU,NIC,1.0
ECU,NLD,0.0
ECU,NOR,0.0
ECU,NPL,1.0
ECU,NRU,0.0
ECU,NZL,0.0
ECU,OMN,1.0
ECU,PAK,1.0
ECU,PAN,0.0
ECU,PER,1.0
ECU,PHL,1.0
ECU,PLW,0.0
ECU,PNG,1.0
ECU,POL,0.0
ECU,PRT,0.0
ECU,PRY,1.0
ECU,PSE,1.0
ECU,PYF,0.0
ECU,QAT,0.0
ECU,ROU,1.0
ECU,RUS,1.0
ECU,RWA,1.0
ECU,SAU,1.0
ECU,SDN,1.0
ECU,SEN,1.0
ECU,SGP,0.0
ECU,SLB,1.0
ECU,SLE,1.0
ECU,SLV,1.0
ECU,SMR,0.0
ECU,SOM,1.0
ECU,SRB,1.0
ECU,SSD,1.0
ECU,STP,0.0
ECU,SUR,1.0
ECU,SVK,0.0
ECU,SVN,0.0
ECU,SWE,0.0
ECU,SWZ,1.0
ECU,SXM,0.0
ECU,SYC,0.0
ECU,SYR,1.0
ECU,TCA,0.0
ECU,TCD,1.0
ECU,TGO,1.0
ECU,THA,1.0
ECU,TJK,1.0
ECU,TKM,1.0
ECU,TLS,1.0
ECU,TON,0.0
ECU,TTO,1.0
ECU,TUN,1.0
ECU,TUR,1.0
ECU,TUV,0.0
ECU,TZA,1.0
ECU,UGA,1.0
ECU,UKR,1.0
ECU,URY,0.0
ECU,UZB,1.0
ECU,VCT,0.0
ECU,VEN,1.0
ECU,VNM,1.0
ECU,VUT,0.0
ECU,WSM,0.0
ECU,YEM,1.0
ECU,ZAF,1.0
ECU,ZMB,1.0
ECU,ZWE,1.0
EGY,ABW,0.0
EGY,AFG,1.0
EGY,AGO,1.0
EGY,ALB,0.0
EGY,AND,0.0
EGY,ARE,0.0
EGY,ARG,1.0
EGY,ARM,1.0
EGY,ASM,0.0
EGY,ATG,0.0
EGY,AUS,0.0
EGY,AUT,0.0
EGY,AZE,1.0
EGY,BDI,1.0
EGY,BEL,0.0
EGY,BEN,1.0
EGY,BFA,1.0
EGY,BGD,1.0
EGY,BGR,0.0
EGY,BHR,0.0
EGY,BHS,0.0
EGY,BIH,1.0
EGY,BLR,1.0
EGY,BLZ,0.0
EGY,BMU,0.0
EGY,BOL,1.0
EGY,BRA,1.0
EGY,BRB,0.0
EGY,BRN,0.0
EGY,BTN,0.0
EGY,BWA,0.0
EGY,CAF,1.0
EGY,CAN,0.0
EGY,CHE,0.0
EGY,CHL,0.0
EGY,CIV,1.0
EGY,CMR,1.0
EGY,COD,1.0
EGY,COG,1.0
EGY,COL,1.0
EGY,COM,1.0
EGY,CPV,0.0
EGY,CRI,0.0
EGY,CUB,1.0
EGY,CUW,0.0
EGY,CYM,0.0
EGY,CYP,0.0
EGY,CZE,0.0
EGY,DEU,0.0
EGY,DJI,0.0
EGY,DMA,0.0
EGY,DNK,0.0
EGY,DOM,1.0
EGY,DZA,1.0
EGY,ECU,1.0
EGY,EGY,1.0
EGY,ESP,0.0
EGY,EST,0.0
EGY,ETH,1.0
EGY,FIN,0.0
EGY,FJI,1.0
EGY,FRA,0.0
EGY,FRO,0.0
EGY,FSM,0.0
EGY,GAB,1.0
EGY,GBR,0.0
EGY,GEO,0.0
EGY,GHA,1.0
EGY,GIN,1.0
EGY,GMB,1.0
EGY,GNB,1.0
EGY,GNQ,1.0
EGY,GRC,0.0
EGY,GRD,0.0
EGY,GRL,0.0
EGY,GTM,1.0
EGY,GUM,0.0
EGY,GUY,1.0
EGY,HKG,0.0
EGY,HND,1.0
EGY,HRV,0.0
EGY,HTI,1.0
EGY,HUN,0.0
EGY,IDN,1.0
EGY,IND,1.0
EGY,IRL,0.0
EGY,IRN,1.0
EGY,IRQ,1.0
EGY,ISL,0.0
EGY,ISR,0.0
EGY,ITA,0.0
EGY,JAM,0.0
EGY,JOR,1.0
EGY,JPN,0.0
EGY,KAZ,1.0
EGY,KEN,1.0
EGY,KGZ,1.0
EGY,KHM,1.0
EGY,KIR,0.0
EGY,KNA,0.0
EGY,KOR,0.0
EGY,KWT,1.0
EGY,LAO,1.0
EGY,LBN,1.0
EGY,LBR,1.0
EGY,LBY,1.0
EGY,LCA,0.0
EGY,LKA,1.0
EGY,LSO,1.0
EGY,LTU,0.0
EGY,LUX,0.0
EGY,LVA,0.0
EGY,MAC,0.0
EGY,MAR,1.0
EGY,MDA,1.0
EGY,MDG,1.0
EGY,MDV,0.0
EGY,MEX,1.0
EGY,MHL,0.0
EGY,MKD,0.0
EGY,MLI,1.0
EGY,MLT,0.0
EGY,MMR,1.0
EGY,MNE,0.0
EGY,MNG,1.0
EGY,MNP,0.0
EGY,MOZ,1.0
EGY,MRT,1.0
EGY,MUS,0.0
EGY,MWI,1.0
EGY,MYS,1.0
EGY,NAM,0.0
EGY,NER,1.0
EGY,NGA,1.0
EGY,NIC,1.0
EGY,NLD,0.0
EGY,NOR,0.0
EGY,NPL,1.0
EGY,NRU,0.0
EGY,NZL,0.0
EGY,OMN,1.0
EGY,PAK,1.0
EGY,PAN,0.0
EGY,PER,1.0
EGY,PHL,1.0
EGY,PLW,0.0
EGY,PNG,1.0
EGY,POL,0.0
EGY,PRT,0.0
EGY,PRY,1.0
EGY,PSE,1.0
EGY,PYF,0.0
EGY,QAT,0.0
EGY,ROU,1.0
EGY,RUS,1.0
EGY,RWA,1.0
EGY,SAU,1.0
EGY,SDN,1.0
EGY,SEN,1.0
EGY,SGP,0.0
EGY,SLB,1.0
EGY,SLE,1.0
EGY,SLV,1.0
EGY,SMR,0.0
EGY,SOM,1.0
EGY,SRB,1.0
EGY,SSD,1.0
EGY,STP,0.0
EGY,SUR,1.0
EGY,SVK,0.0
EGY,SVN,0.0
EGY,SWE,0.0
EGY,SWZ,1.0
EGY,SXM,0.0
EGY,SYC,0.0
EGY,SYR,1.0
EGY,TCA,0.0
EGY,TCD,1.0
EGY,TGO,1.0
EGY,THA,1.0
EGY,TJK,1.0
EGY,TKM,1.0
EGY,TLS,1.0
EGY,TON,0.0
EGY,TTO,1.0
EGY,TUN,1.0
EGY,TUR,1.0
EGY,TUV,0.0
EGY,TZA,1.0
EGY,UGA,1.0
EGY,UKR,1.0
EGY,URY,0.0
EGY,UZB,1.0
EGY,VCT,0.0
EGY,VEN,1.0
EGY,VNM,1.0
EGY,VUT,0.0
EGY,WSM,0.0
EGY,YEM,1.0
EGY,ZAF,1.0
EGY,ZMB,1.0
EGY,ZWE,1.0
ESP,ABW,1.0
ESP,AFG,0.0
ESP,AGO,0.0
ESP,ALB,1.0
ESP,AND,1.0
ESP,ARE,1.0
ESP,ARG,0.0
ESP,ARM,0.0
ESP,ASM,1.0
ESP,ATG,1.0
ESP,AUS,1.0
ESP,AUT,1.0
ESP,AZE,0.0
ESP,BDI,0.0
ESP,BEL,1.0
ESP,BEN,0.0
ESP,BFA,0.0
ESP,BGD,0.0
ESP,BGR,1.0
ESP,BHR,1.0
ESP,BHS,1.0
ESP,BIH,0.0
ESP,BLR,0.0
ESP,BLZ,1.0
ESP,BMU,1.0
ESP,BOL,0.0
ESP,BRA,0.0
ESP,BRB,1.0
ESP,BRN,1.0
ESP,BTN,1.0
ESP,BWA,1.0
ESP,CAF,0.0
ESP,CAN,1.0
ESP,CHE,1.0
ESP,CHL,1.0
ESP,CIV,0.0
ESP,CMR,0.0
ESP,COD,0.0
ESP,COG,0.0
ESP,COL,0.0
ESP,COM,0.0
ESP,CPV,1.0
ESP,CRI,1.0
ESP,CUB,0.0
ESP,CUW,1.0
ESP,CYM,1.0
ESP,CYP,1.0
ESP,CZE,1.0
ESP,DEU,1.0
ESP,DJI,1.0
ESP,DMA,1.0
ESP,DNK,1.0
ESP,DOM,0.0
ESP,DZA,0.0
ESP,ECU,0.0
ESP,EGY,0.0
ESP,ESP,1.0
ESP,EST,1.0
ESP,ETH,0.0
ESP,FIN,1.0
ESP,FJI,0.0
ESP,FRA,1.0
ESP,FRO,1.0
ESP,FSM,1.0
ESP,GAB,0.0
ESP,GBR,1.0
ESP,GEO,1.0
ESP,GHA,0.0
ESP,GIN,0.0
ESP,GMB,0.0
ESP,GNB,0.0
ESP,GNQ,0.0
ESP,GRC,1.0
ESP,GRD,1.0
ESP,GRL,1.0
ESP,GTM,0.0
ESP,GUM,1.0
ESP,GUY,0.0
ESP,HKG,1.0
ESP,HND,0.0
ESP,HRV,1.0
ESP,HTI,0.0
ESP,HUN,1.0
ESP,IDN,0.0
ESP,IND,0.0
ESP,IRL,1.0
ESP,IRN,0.0
ESP,IRQ,0.0
ESP,ISL,1.0
ESP,ISR,1.0
ESP,ITA,1.0
ESP,JAM,1.0
ESP,JOR,0.0
ESP,JPN,1.0
ESP,KAZ,0.0
ESP,KEN,0.0
ESP,KGZ,0.0
ESP,KHM,0.0
ESP,KIR,1.0
ESP,KNA,1.0
ESP,KOR,1.0
ESP,KWT,0.0
ESP,LAO,0.0
ESP,LBN,0.0
ESP,LBR,0.0
ESP,LBY,0.0
ESP,LCA,1.0
ESP,LKA,0.0
ESP,LSO,0.0
ESP,LTU,1.0
ESP,LUX,1.0
ESP,LVA,1.0
ESP,MAC,1.0
ESP,MAR,0.0
ESP,MDA,0.0
ESP,MDG,0.0
ESP,MDV,1.0
ESP,MEX,0.0
ESP,MHL,1.0
ESP,MKD,1.0
ESP,MLI,0.0
ESP,MLT,1.0
ESP,MMR,0.0
ESP,MNE,1.0
ESP,MNG,0.0
ESP,MNP,1.0
ESP,MOZ,0.0
ESP,MRT,0.0
ESP,MUS,1.0
ESP,MWI,0.0
ESP,MYS,0.0
ESP,NAM,1.0
ESP,NER,0.0
ESP,NGA,0.0
ESP,NIC,0.0
ESP,NLD,1.0
ESP,NOR,1.0
ESP,NPL,0.0
ESP,NRU,1.0
ESP,NZL,1.0
ESP,OMN,0.0
ESP,PAK,0.0
ESP,PAN,1.0
ESP,PER,0.0
ESP,PHL,0.0
ESP,PLW,1.0
ESP,PNG,0.0
ESP,POL,1.0
ESP,PRT,1.0
ESP,PRY,0.0
ESP,PSE,0.0
ESP,PYF,1.0
ESP,QAT,1.0
ESP,ROU,0.0
ESP,RUS,0.0
ESP,RWA,0.0
ESP,SAU,0.0
ESP,SDN,0.0
ESP,SEN,0.0
ESP,SGP,1.0
ESP,SLB,0.0
ESP,SLE,0.0
ESP,SLV,0.0
ESP,SMR,1.0
ESP,SOM,0.0
ESP,SRB,0.0
ESP,SSD,0.0
ESP,STP,1.0
ESP,SUR,0.0
ESP,SVK,1.0
ESP,SVN,1.0
ESP,SWE,1.0
ESP,SWZ,0.0
ESP,SXM,1.0
ESP,SYC,1.0
ESP,SYR,0.0
ESP,TCA,1.0
ESP,TCD,0.0
ESP,TGO,0.0
ESP,THA,0.0
ESP,TJK,0.0
ESP,TKM,0.0
ESP,TLS,0.0
ESP,TON,1.0
ESP,TTO,0.0
ESP,TUN,0.0
ESP,TUR,0.0
ESP,TUV,1.0
ESP,TZA,0.0
ESP,UGA,0.0
ESP,UKR,0.0
ESP,URY,1.0
ESP,UZB,0.0
ESP,VCT,1.0
ESP,VEN,0.0
ESP,VNM,0.0
ESP,VUT,1.0
ESP,WSM,1.0
ESP,YEM,0.0
ESP,ZAF,0.0
ESP,ZMB,0.0
ESP,ZWE,0.0
EST,ABW,1.0
EST,AFG,0.0
EST,AGO,0.0
EST,ALB,1.0
EST,AND,1.0
EST,ARE,1.0
EST,ARG,0.0
EST,ARM,0.0
EST,ASM,1.0
EST,ATG,1.0
EST,AUS,1.0
EST,AUT,1.0
EST,AZE,0.0
EST,BDI,0.0
EST,BEL,1.0
EST,BEN,0.0
EST,BFA,0.0
EST,BGD,0.0
EST,BGR,1.0
EST,BHR,1.0
EST,BHS,1.0
EST,BIH,0.0
EST,BLR,0.0
EST,BLZ,1.0
EST,BMU,1.0
EST,BOL,0.0
EST,BRA,0.0
EST,BRB,1.0
EST,BRN,1.0
EST,BTN,1.0
EST,BWA,1.0
EST,CAF,0.0
EST,CAN,1.0
EST,CHE,1.0
EST,CHL,1.0
EST,CIV,0.0
EST,CMR,0.0
EST,COD,0.0
EST,COG,0.0
EST,COL,0.0
EST,COM,0.0
EST,CPV,1.0
EST,CRI,1.0
EST,CUB,0.0
EST,CUW,1.0
EST,CYM,1.0
EST,CYP,1.0
EST,CZE,1.0
EST,DEU,1.0
EST,DJI,1.0
EST,DMA,1.0
EST,DNK,1.0
EST,DOM,0.0
EST,DZA,0.0
EST,ECU,0.0
EST,EGY,0.0
EST,ESP,1.0
EST,EST,1.0
EST,ETH,0.0
EST,FIN,1.0
EST,FJI,0.0
EST,FRA,1.0
EST,FRO,1.0
EST,FSM,1.0
EST,GAB,0.0
EST,GBR,1.0
EST,GEO,1.0
EST,GHA,0.0
EST,GIN,0.0
EST,GMB,0.0
EST,GNB,0.0
EST,GNQ,0.0
EST,GRC,1.0
EST,GRD,1.0
EST,GRL,1.0
EST,GTM,0.0
EST,GUM,1.0
EST,GUY,0.0
EST,HKG,1.0
EST,HND,0.0
EST,HRV,1.0
EST,HTI,0.0
EST,HUN,1.0
EST,IDN,0.0
EST,IND,0.0
EST,IRL,1.0
EST,IRN,0.0
EST,IRQ,0.0
EST,ISL,1.0
EST,ISR,1.0
EST,ITA,1.0
EST,JAM,1.0
EST,JOR,0.0
EST,JPN,1.0
EST,KAZ,0.0
EST,KEN,0.0
EST,KGZ,0.0
EST,KHM,0.0
EST,KIR,1.0
EST,KNA,1.0
EST,KOR,1.0
EST,KWT,0.0
EST,LAO,0.0
EST,LBN,0.0
EST,LBR,0.0
EST,LBY,0.0
EST,LCA,1.0
EST,LKA,0.0
EST,LSO,0.0
EST,LTU,1.0
EST,LUX,1.0
EST,LVA,1.0
EST,MAC,1.0
EST,MAR,0.0
EST,MDA,0.0
EST,MDG,0.0
EST,MDV,1.0
EST,MEX,0.0
EST,MHL,1.0
EST,MKD,1.0
EST,MLI,0.0
EST,MLT,1.0
EST,MMR,0.0
EST,MNE,1.0
EST,MNG,0.0
EST,MNP,1.0
EST,MOZ,0.0
EST,MRT,0.0
EST,MUS,1.0
EST,MWI,0.0
EST,MYS,0.0
EST,NAM,1.0
EST,NER,0.0
EST,NGA,0.0
EST,NIC,0.0
EST,NLD,1.0
EST,NOR,1.0
EST,NPL,0.0
EST,NRU,1.0
EST,NZL,1.0
EST,OMN,0.0
EST,PAK,0.0
EST,PAN,1.0
EST,PER,0.0
EST,PHL,0.0
EST,PLW,1.0
EST,PNG,0.0
EST,POL,1.0
EST,PRT,1.0
EST,PRY,0.0
EST,PSE,0.0
EST,PYF,1.0
EST,QAT,1.0
EST,ROU,0.0
EST,RUS,0.0
EST,RWA,0.0
EST,SAU,0.0
EST,SDN,0.0
EST,SEN,0.0
EST,SGP,1.0
EST,SLB,0.0
EST,SLE,0.0
EST,SLV,0.0
EST,SMR,1.0
EST,SOM,0.0
EST,SRB,0.0
EST,SSD,0.0
EST,STP,1.0
EST,SUR,0.0
EST,SVK,1.0
EST,SVN,1.0
EST,SWE,1.0
EST,SWZ,0.0
EST,SXM,1.0
EST,SYC,1.0
EST,SYR,0.0
EST,TCA,1.0
EST,TCD,0.0
EST,TGO,0.0
EST,THA,0.0
EST,TJK,0.0
EST,TKM,0.0
EST,TLS,0.0
EST,TON,1.0
EST,TTO,0.0
EST,TUN,0.0
EST,TUR,0.0
EST,TUV,1.0
EST,TZA,0.0
EST,UGA,0.0
EST,UKR,0.0
EST,URY,1.0
EST,UZB,0.0
EST,VCT,1.0
EST,VEN,0.0
EST,VNM,0.0
EST,VUT,1.0
EST,WSM,1.0
EST,YEM,0.0
EST,ZAF,0.0
EST,ZMB,0.0
EST,ZWE,0.0
ETH,ABW,0.0
ETH,AFG,1.0
ETH,AGO,1.0
ETH,ALB,0.0
ETH,AND,0.0
ETH,ARE,0.0
ETH,ARG,1.0
ETH,ARM,1.0
ETH,ASM,0.0
ETH,ATG,0.0
ETH,AUS,0.0
ETH,AUT,0.0
ETH,AZE,1.0
ETH,BDI,1.0
ETH,BEL,0.0
ETH,BEN,1.0
ETH,BFA,1.0
ETH,BGD,1.0
ETH,BGR,0.0
ETH,BHR,0.0
ETH,BHS,0.0
ETH,BIH,1.0
ETH,BLR,1.0
ETH,BLZ,0.0
ETH,BMU,0.0
ETH,BOL,1.0
ETH,BRA,1.0
ETH,BRB,0.0
ETH,BRN,0.0
ETH,BTN,0.0
ETH,BWA,0.0
ETH,CAF,1.0
ETH,CAN,0.0
ETH,CHE,0.0
ETH,CHL,0.0
ETH,CIV,1.0
ETH,CMR,1.0
ETH,COD,1.0
ETH,COG,1.0
ETH,COL,1.0
ETH,COM,1.0
ETH,CPV,0.0
ETH,CRI,0.0
ETH,CUB,1.0
ETH,CUW,0.0
ETH,CYM,0.0
ETH,CYP,0.0
ETH,CZE,0.0
ETH,DEU,0.0
ETH,DJI,0.0
ETH,DMA,0.0
ETH,DNK,0.0
ETH,DOM,1.0
ETH,DZA,1.0
ETH,ECU,1.0
ETH,EGY,1.0
ETH,ESP,0.0
ETH,EST,0.0
ETH,ETH,1.0
ETH,FIN,0.0
ETH,FJI,1.0
ETH,FRA,0.0
ETH,FRO,0.0
ETH,FSM,0.0
ETH,GAB,1.0
ETH,GBR,0.0
ETH,GEO,0.0
ETH,GHA,1.0
ETH,GIN,1.0
ETH,GMB,1.0
ETH,GNB,1.0
ETH,GNQ,1.0
ETH,GRC,0.0
ETH,GRD,0.0
ETH,GRL,0.0
ETH,GTM,1.0
ETH,GUM,0.0
ETH,GUY,1.0
ETH,HKG,0.0
ETH,HND,1.0
ETH,HRV,0.0
ETH,HTI,1.0
ETH,HUN,0.0
ETH,IDN,1.0
ETH,IND,1.0
ETH,IRL,0.0
ETH,IRN,1.0
ETH,IRQ,1.0
ETH,ISL,0.0
ETH,ISR,0.0
ETH,ITA,0.0
ETH,JAM,0.0
ETH,JOR,1.0
ETH,JPN,0.0
ETH,KAZ,1.0
ETH,KEN,1.0
ETH,KGZ,1.0
ETH,KHM,1.0
ETH,KIR,0.0
ETH,KNA,0.0
ETH,KOR,0.0
ETH,KWT,1.0
ETH,LAO,1.0
ETH,LBN,1.0
ETH,LBR,1.0
ETH,LBY,1.0
ETH,LCA,0.0
ETH,LKA,1.0
ETH,LSO,1.0
ETH,LTU,0.0
ETH,LUX,0.0
ETH,LVA,0.0
ETH,MAC,0.0
ETH,MAR,1.0
ETH,MDA,1.0
ETH,MDG,1.0
ETH,MDV,0.0
ETH,MEX,1.0
ETH,MHL,0.0
ETH,MKD,0.0
ETH,MLI,1.0
ETH,MLT,0.0
ETH,MMR,1.0
ETH,MNE,0.0
ETH,MNG,1.0
ETH,MNP,0.0
ETH,MOZ,1.0
ETH,MRT,1.0
ETH,MUS,0.0
ETH,MWI,1.0
ETH,MYS,1.0
ETH,NAM,0.0
ETH,NER,1.0
ETH,NGA,1.0
ETH,NIC,1.0
ETH,NLD,0.0
ETH,NOR,0.0
ETH,NPL,1.0
ETH,NRU,0.0
ETH,NZL,0.0
ETH,OMN,1.0
ETH,PAK,1.0
ETH,PAN,0.0
ETH,PER,1.0
ETH,PHL,1.0
ETH,PLW,0.0
ETH,PNG,1.0
ETH,POL,0.0
ETH,PRT,0.0
ETH,PRY,1.0
ETH,PSE,1.0
ETH,PYF,0.0
ETH,QAT,0.0
ETH,ROU,1.0
ETH,RUS,1.0
ETH,RWA,1.0
ETH,SAU,1.0
ETH,SDN,1.0
ETH,SEN,1.0
ETH,SGP,0.0
ETH,SLB,1.0
ETH,SLE,1.0
ETH,SLV,1.0
ETH,SMR,0.0
ETH,SOM,1.0
ETH,SRB,1.0
ETH,SSD,1.0
ETH,STP,0.0
ETH,SUR,1.0
ETH,SVK,0.0
ETH,SVN,0.0
ETH,SWE,0.0
ETH,SWZ,1.0
ETH,SXM,0.0
ETH,SYC,0.0
ETH,SYR,1.0
ETH,TCA,0.0
ETH,TCD,1.0
ETH,TGO,1.0
ETH,THA,1.0
ETH,TJK,1.0
ETH,TKM,1.0
ETH,TLS,1.0
ETH,TON,0.0
ETH,TTO,1.0
ETH,TUN,1.0
ETH,TUR,1.0
ETH,TUV,0.0
ETH,TZA,1.0
ETH,UGA,1.0
ETH,UKR,1.0
ETH,URY,0.0
ETH,UZB,1.0
ETH,VCT,0.0
ETH,VEN,1.0
ETH,VNM,1.0
ETH,VUT,0.0
ETH,WSM,0.0
ETH,YEM,1.0
ETH,ZAF,1.0
ETH,ZMB,1.0
ETH,ZWE,1.0
FIN,ABW,1.0
FIN,AFG,0.0
FIN,AGO,0.0
FIN,ALB,1.0
FIN,AND,1.0
FIN,ARE,1.0
FIN,ARG,0.0
FIN,ARM,0.0
FIN,ASM,1.0
FIN,ATG,1.0
FIN,AUS,1.0
FIN,AUT,1.0
FIN,AZE,0.0
FIN,BDI,0.0
FIN,BEL,1.0
FIN,BEN,0.0
FIN,BFA,0.0
FIN,BGD,0.0
FIN,BGR,1.0
FIN,BHR,1.0
FIN,BHS,1.0
FIN,BIH,0.0
FIN,BLR,0.0
FIN,BLZ,1.0
FIN,BMU,1.0
FIN,BOL,0.0
FIN,BRA,0.0
FIN,BRB,1.0
FIN,BRN,1.0
FIN,BTN,1.0
FIN,BWA,1.0
FIN,CAF,0.0
FIN,CAN,1.0
FIN,CHE,1.0
FIN,CHL,1.0
FIN,CIV,0.0
FIN,CMR,0.0
FIN,COD,0.0
FIN,COG,0.0
FIN,COL,0.0
FIN,COM,0.0
FIN,CPV,1.0
FIN,CRI,1.0
FIN,CUB,0.0
FIN,CUW,1.0
FIN,CYM,1.0
FIN,CYP,1.0
FIN,CZE,1.0
FIN,DEU,1.0
FIN,DJI,1.0
FIN,DMA,1.0
FIN,DNK,1.0
FIN,DOM,0.0
FIN,DZA,0.0
FIN,ECU,0.0
FIN,EGY,0.0
FIN,ESP,1.0
FIN,EST,1.0
FIN,ETH,0.0
FIN,FIN,1.0
FIN,FJI,0.0
FIN,FRA,1.0
FIN,FRO,1.0
FIN,FSM,1.0
FIN,GAB,0.0
FIN,GBR,1.0
FIN,GEO,1.0
FIN,GHA,0.0
FIN,GIN,0.0
FIN,GMB,0.0
FIN,GNB,0.0
FIN,GNQ,0.0
FIN,GRC,1.0
FIN,GRD,1.0
FIN,GRL,1.0
FIN,GTM,0.0
FIN,GUM,1.0
FIN,GUY,0.0
FIN,HKG,1.0
FIN,HND,0.0
FIN,HRV,1.0
FIN,HTI,0.0
FIN,HUN,1.0
FIN,IDN,0.0
FIN,IND,0.0
FIN,IRL,1.0
FIN,IRN,0.0
FIN,IRQ,0.0
FIN,ISL,1.0
FIN,ISR,1.0
FIN,ITA,1.0
FIN,JAM,1.0
FIN,JOR,0.0
FIN,JPN,1.0
FIN,KAZ,0.0
FIN,KEN,0.0
FIN,KGZ,0.0
FIN,KHM,0.0
FIN,KIR,1.0
FIN,KNA,1.0
FIN,KOR,1.0
FIN,KWT,0.0
FIN,LAO,0.0
FIN,LBN,0.0
FIN,LBR,0.0
FIN,LBY,0.0
FIN,LCA,1.0
FIN,LKA,0.0
FIN,LSO,0.0
FIN,LTU,1.0
FIN,LUX,1.0
FIN,LVA,1.0
FIN,MAC,1.0
FIN,MAR,0.0
FIN,MDA,0.0
FIN,MDG,0.0
FIN,MDV,1.0
FIN,MEX,0.0
FIN,MHL,1.0
FIN,MKD,1.0
FIN,MLI,0.0
FIN,MLT,1.0
FIN,MMR,0.0
FIN,MNE,1.0
FIN,MNG,0.0
FIN,MNP,1.0
FIN,MOZ,0.0
FIN,MRT,0.0
FIN,MUS,1.0
FIN,MWI,0.0
FIN,MYS,0.0
FIN,NAM,1.0
FIN,NER,0.0
FIN,NGA,0.0
FIN,NIC,0.0
FIN,NLD,1.0
FIN,NOR,1.0
FIN,NPL,0.0
FIN,NRU,1.0
FIN,NZL,1.0
FIN,OMN,0.0
FIN,PAK,0.0
FIN,PAN,1.0
FIN,PER,0.0
FIN,PHL,0.0
FIN,PLW,1.0
FIN,PNG,0.0
FIN,POL,1.0
FIN,PRT,1.0
FIN,PRY,0.0
FIN,PSE,0.0
FIN,PYF,1.0
FIN,QAT,1.0
FIN,ROU,0.0
FIN,RUS,0.0
FIN,RWA,0.0
FIN,SAU,0.0
FIN,SDN,0.0
FIN,SEN,0.0
FIN,SGP,1.0
FIN,SLB,0.0
FIN,SLE,0.0
FIN,SLV,0.0
FIN,SMR,1.0
FIN,SOM,0.0
FIN,SRB,0.0
FIN,SSD,0.0
FIN,STP,1.0
FIN,SUR,0.0
FIN,SVK,1.0
FIN,SVN,1.0
FIN,SWE,1.0
FIN,SWZ,0.0
FIN,SXM,1.0
FIN,SYC,1.0
FIN,SYR,0.0
FIN,TCA,1.0
FIN,TCD,0.0
FIN,TGO,0.0
FIN,THA,0.0
FIN,TJK,0.0
FIN,TKM,0.0
FIN,TLS,0.0
FIN,TON,1.0
FIN,TTO,0.0
FIN,TUN,0.0
FIN,TUR,0.0
FIN,TUV,1.0
FIN,TZA,0.0
FIN,UGA,0.0
FIN,UKR,0.0
FIN,URY,1.0
FIN,UZB,0.0
FIN,VCT,1.0
FIN,VEN,0.0
FIN,VNM,0.0
FIN,VUT,1.0
FIN,WSM,1.0
FIN,YEM,0.0
FIN,ZAF,0.0
FIN,ZMB,0.0
FIN,ZWE,0.0
FJI,ABW,0.0
FJI,AFG,1.0
FJI,AGO,1.0
FJI,ALB,0.0
FJI,AND,0.0
FJI,ARE,0.0
FJI,ARG,1.0
FJI,ARM,1.0
FJI,ASM,0.0
FJI,ATG,0.0
FJI,AUS,0.0
FJI,AUT,0.0
FJI,AZE,1.0
FJI,BDI,1.0
FJI,BEL,0.0
FJI,BEN,1.0
FJI,BFA,1.0
FJI,BGD,1.0
FJI,BGR,0.0
FJI,BHR,0.0
FJI,BHS,0.0
FJI,BIH,1.0
FJI,BLR,1.0
FJI,BLZ,0.0
FJI,BMU,0.0
FJI,BOL,1.0
FJI,BRA,1.0
FJI,BRB,0.0
FJI,BRN,0.0
FJI,BTN,0.0
FJI,BWA,0.0
FJI,CAF,1.0
FJI,CAN,0.0
FJI,CHE,0.0
FJI,CHL,0.0
FJI,CIV,1.0
FJI,CMR,1.0
FJI,COD,1.0
FJI,COG,1.0
FJI,COL,1.0
FJI,COM,1.0
FJI,CPV,0.0
FJI,CRI,0.0
FJI,CUB,1.0
FJI,CUW,0.0
FJI,CYM,0.0
FJI,CYP,0.0
FJI,CZE,0.0
FJI,DEU,0.0
FJI,DJI,0.0
FJI,DMA,0.0
FJI,DNK,0.0
FJI,DOM,1.0
FJI,DZA,1.0
FJI,ECU,1.0
FJI,EGY,1.0
FJI,ESP,0.0
FJI,EST,0.0
FJI,ETH,1.0
FJI,FIN,0.0
FJI,FJI,1.0
FJI,FRA,0.0
FJI,FRO,0.0
FJI,FSM,0.0
FJI,GAB,1.0
FJI,GBR,0.0
FJI,GEO,0.0
FJI,GHA,1.0
FJI,GIN,1.0
FJI,GMB,1.0
FJI,GNB,1.0
FJI,GNQ,1.0
FJI,GRC,0.0
FJI,GRD,0.0
FJI,GRL,0.0
FJI,GTM,1.0
FJI,GUM,0.0
FJI,GUY,1.0
FJI,HKG,0.0
FJI,HND,1.0
FJI,HRV,0.0
FJI,HTI,1.0
FJI,HUN,0.0
FJI,IDN,1.0
FJI,IND,1.0
FJI,IRL,0.0
FJI,IRN,1.0
FJI,IRQ,1.0
FJI,ISL,0.0
FJI,ISR,0.0
FJI,ITA,0.0
FJI,JAM,0.0
FJI,JOR,1.0
FJI,JPN,0.0
FJI,KAZ,1.0
FJI,KEN,1.0
FJI,KGZ,1.0
FJI,KHM,1.0
FJI,KIR,0.0
FJI,KNA,0.0
FJI,KOR,0.0
FJI,KWT,1.0
FJI,LAO,1.0
FJI,LBN,1.0
FJI,LBR,1.0
FJI,LBY,1.0
FJI,LCA,0.0
FJI,LKA,1.0
FJI,LSO,1.0
FJI,LTU,0.0
FJI,LUX,0.0
FJI,LVA,0.0
FJI,MAC,0.0
FJI,MAR,1.0
FJI,MDA,1.0
FJI,MDG,1.0
FJI,MDV,0.0
FJI,MEX,1.0
FJI,MHL,0.0
FJI,MKD,0.0
FJI,MLI,1.0
FJI,MLT,0.0
FJI,MMR,1.0
FJI,MNE,0.0
FJI,MNG,1.0
FJI,MNP,0.0
FJI,MOZ,1.0
FJI,MRT,1.0
FJI,MUS,0.0
FJI,MWI,1.0
FJI,MYS,1.0
FJI,NAM,0.0
FJI,NER,1.0
FJI,NGA,1.0
FJI,NIC,1.0
FJI,NLD,0.0
FJI,NOR,0.0
FJI,NPL,1.0
FJI,NRU,0.0
FJI,NZL,0.0
FJI,OMN,1.0
FJI,PAK,1.0
FJI,PAN,0.0
FJI,PER,1.0
FJI,PHL,1.0
FJI,PLW,0.0
FJI,PNG,1.0
FJI,POL,0.0
FJI,PRT,0.0
FJI,PRY,1.0
FJI,PSE,1.0
FJI,PYF,0.0
FJI,QAT,0.0
FJI,ROU,1.0
FJI,RUS,1.0
FJI,RWA,1.0
FJI,SAU,1.0
FJI,SDN,1.0
FJI,SEN,1.0
FJI,SGP,0.0
FJI,SLB,1.0
FJI,SLE,1.0
FJI,SLV,1.0
FJI,SMR,0.0
FJI,SOM,1.0
FJI,SRB,1.0
FJI,SSD,1.0
FJI,STP,0.0
FJI,SUR,1.0
FJI,SVK,0.0
FJI,SVN,0.0
FJI,SWE,0.0
FJI,SWZ,1.0
FJI,SXM,0.0
FJI,SYC,0.0
FJI,SYR,1.0
FJI,TCA,0.0
FJI,TCD,1.0
FJI,TGO,1.0
FJI,THA,1.0
FJI,TJK,1.0
FJI,TKM,1.0
FJI,TLS,1.0
FJI,TON,0.0
FJI,TTO,1.0
FJI,TUN,1.0
FJI,TUR,1.0
FJI,TUV,0.0
FJI,TZA,1.0
FJI,UGA,1.0
FJI,UKR,1.0
FJI,URY,0.0
FJI,UZB,1.0
FJI,VCT,0.0
FJI,VEN,1.0
FJI,VNM,1.0
FJI,VUT,0.0
FJI,WSM,0.0
FJI,YEM,1.0
FJI,ZAF,1.0
FJI,ZMB,1.0
FJI,ZWE,1.0
FRA,ABW,1.0
FRA,AFG,0.0
FRA,AGO,0.0
FRA,ALB,1.0
FRA,AND,1.0
FRA,ARE,1.0
FRA,ARG,0.0
FRA,ARM,0.0
FRA,ASM,1.0
FRA,ATG,1.0
FRA,AUS,1.0
FRA,AUT,1.0
FRA,AZE,0.0
FRA,BDI,0.0
FRA,BEL,1.0
FRA,BEN,0.0
FRA,BFA,0.0
FRA,BGD,0.0
FRA,BGR,1.0
FRA,BHR,1.0
FRA,BHS,1.0
FRA,BIH,0.0
FRA,BLR,0.0
FRA,BLZ,1.0
FRA,BMU,1.0
FRA,BOL,0.0
FRA,BRA,0.0
FRA,BRB,1.0
FRA,BRN,1.0
FRA,BTN,1.0
FRA,BWA,1.0
FRA,CAF,0.0
FRA,CAN,1.0
FRA,CHE,1.0
FRA,CHL,1.0
FRA,CIV,0.0
FRA,CMR,0.0
FRA,COD,0.0
FRA,COG,0.0
FRA,COL,0.0
FRA,COM,0.0
FRA,CPV,1.0
FRA,CRI,1.0
FRA,CUB,0.0
FRA,CUW,1.0
FRA,CYM,1.0
FRA,CYP,1.0
FRA,CZE,1.0
FRA,DEU,1.0
FRA,DJI,1.0
FRA,DMA,1.0
FRA,DNK,1.0
FRA,DOM,0.0
FRA,DZA,0.0
FRA,ECU,0.0
FRA,EGY,0.0
FRA,ESP,1.0
FRA,EST,1.0
FRA,ETH,0.0
FRA,FIN,1.0
FRA,FJI,0.0
FRA,FRA,1.0
FRA,FRO,1.0
FRA,FSM,1.0
FRA,GAB,0.0
FRA,GBR,1.0
FRA,GEO,1.0
FRA,GHA,0.0
FRA,GIN,0.0
FRA,GMB,0.0
FRA,GNB,0.0
FRA,GNQ,0.0
FRA,GRC,1.0
FRA,GRD,1.0
FRA,GRL,1.0
FRA,GTM,0.0
FRA,GUM,1.0
FRA,GUY,0.0
FRA,HKG,1.0
FRA,HND,0.0
FRA,HRV,1.0
FRA,HTI,0.0
FRA,HUN,1.0
FRA,IDN,0.0
FRA,IND,0.0
FRA,IRL,1.0
FRA,IRN,0.0
FRA,IRQ,0.0
FRA,ISL,1.0
FRA,ISR,1.0
FRA,ITA,1.0
FRA,JAM,1.0
FRA,JOR,0.0
FRA,JPN,1.0
FRA,KAZ,0.0
FRA,KEN,0.0
FRA,KGZ,0.0
FRA,KHM,0.0
FRA,KIR,1.0
FRA,KNA,1.0
FRA,KOR,1.0
FRA,KWT,0.0
FRA,LAO,0.0
FRA,LBN,0.0
FRA,LBR,0.0
FRA,LBY,0.0
FRA,LCA,1.0
FRA,LKA,0.0
FRA,LSO,0.0
FRA,LTU,1.0
FRA,LUX,1.0
FRA,LVA,1.0
FRA,MAC,1.0
FRA,MAR,0.0
FRA,MDA,0.0
FRA,MDG,0.0
FRA,MDV,1.0
FRA,MEX,0.0
FRA,MHL,1.0
FRA,MKD,1.0
FRA,MLI,0.0
FRA,MLT,1.0
FRA,MMR,0.0
FRA,MNE,1.0
FRA,MNG,0.0
FRA,MNP,1.0
FRA,MOZ,0.0
FRA,MRT,0.0
FRA,MUS,1.0
FRA,MWI,0.0
FRA,MYS,0.0
FRA,NAM,1.0
FRA,NER,0.0
FRA,NGA,0.0
FRA,NIC,0.0
FRA,NLD,1.0
FRA,NOR,1.0
FRA,NPL,0.0
FRA,NRU,1.0
FRA,NZL,1.0
FRA,OMN,0.0
FRA,PAK,0.0
FRA,PAN,1.0
FRA,PER,0.0
FRA,PHL,0.0
FRA,PLW,1.0
FRA,PNG,0.0
FRA,POL,1.0
FRA,PRT,1.0
FRA,PRY,0.0
FRA,PSE,0.0
FRA,PYF,1.0
FRA,QAT,1.0
FRA,ROU,0.0
FRA,RUS,0.0
FRA,RWA,0.0
FRA,SAU,0.0
FRA,SDN,0.0
FRA,SEN,0.0
FRA,SGP,1.0
FRA,SLB,0.0
FRA,SLE,0.0
FRA,SLV,0.0
FRA,SMR,1.0
FRA,SOM,0.0
FRA,SRB,0.0
FRA,SSD,0.0
FRA,STP,1.0
FRA,SUR,0.0
FRA,SVK,1.0
FRA,SVN,1.0
FRA,SWE,1.0
FRA,SWZ,0.0
FRA,SXM,1.0
FRA,SYC,1.0
FRA,SYR,0.0
FRA,TCA,1.0
FRA,TCD,0.0
FRA,TGO,0.0
FRA,THA,0.0
FRA,TJK,0.0
FRA,TKM,0.0
FRA,TLS,0.0
FRA,TON,1.0
FRA,TTO,0.0
FRA,TUN,0.0
FRA,TUR,0.0
FRA,TUV,1.0
FRA,TZA,0.0
FRA,UGA,0.0
FRA,UKR,0.0
FRA,URY,1.0
FRA,UZB,0.0
FRA,VCT,1.0
FRA,VEN,0.0
FRA,VNM,0.0
FRA,VUT,1.0
FRA,WSM,1.0
FRA,YEM,0.0
FRA,ZAF,0.0
FRA,ZMB,0.0
FRA,ZWE,0.0
FRO,ABW,1.0
FRO,AFG,0.0
FRO,AGO,0.0
FRO,ALB,1.0
FRO,AND,1.0
FRO,ARE,1.0
FRO,ARG,0.0
FRO,ARM,0.0
FRO,ASM,1.0
FRO,ATG,1.0
FRO,AUS,1.0
FRO,AUT,1.0
FRO,AZE,0.0
FRO,BDI,0.0
FRO,BEL,1.0
FRO,BEN,0.0
FRO,BFA,0.0
FRO,BGD,0.0
FRO,BGR,1.0
FRO,BHR,1.0
FRO,BHS,1.0
FRO,BIH,0.0
FRO,BLR,0.0
FRO,BLZ,1.0
FRO,BMU,1.0
FRO,BOL,0.0
FRO,BRA,0.0
FRO,BRB,1.0
FRO,BRN,1.0
FRO,BTN,1.0
FRO,BWA,1.0
FRO,CAF,0.0
FRO,CAN,1.0
FRO,CHE,1.0
FRO,CHL,1.0
FRO,CIV,0.0
FRO,CMR,0.0
FRO,COD,0.0
FRO,COG,0.0
FRO,COL,0.0
FRO,COM,0.0
FRO,CPV,1.0
FRO,CRI,1.0
FRO,CUB,0.0
FRO,CUW,1.0
FRO,CYM,1.0
FRO,CYP,1.0
FRO,CZE,1.0
FRO,DEU,1.0
FRO,DJI,1.0
FRO,DMA,1.0
FRO,DNK,1.0
FRO,DOM,0.0
FRO,DZA,0.0
FRO,ECU,0.0
FRO,EGY,0.0
FRO,ESP,1.0
FRO,EST,1.0
FRO,ETH,0.0
FRO,FIN,1.0
FRO,FJI,0.0
FRO,FRA,1.0
FRO,FRO,1.0
FRO,FSM,1.0
FRO,GAB,0.0
FRO,GBR,1.0
FRO,GEO,1.0
FRO,GHA,0.0
FRO,GIN,0.0
FRO,GMB,0.0
FRO,GNB,0.0
FRO,GNQ,0.0
FRO,GRC,1.0
FRO,GRD,1.0
FRO,GRL,1.0
FRO,GTM,0.0
FRO,GUM,1.0
FRO,GUY,0.0
FRO,HKG,1.0
FRO,HND,0.0
FRO,HRV,1.0
FRO,HTI,0.0
FRO,HUN,1.0
FRO,IDN,0.0
FRO,IND,0.0
FRO,IRL,1.0
FRO,IRN,0.0
FRO,IRQ,0.0
FRO,ISL,1.0
FRO,ISR,1.0
FRO,ITA,1.0
FRO,JAM,1.0
FRO,JOR,0.0
FRO,JPN,1.0
FRO,KAZ,0.0
FRO,KEN,0.0
FRO,KGZ,0.0
FRO,KHM,0.0
FRO,KIR,1.0
FRO,KNA,1.0
FRO,KOR,1.0
FRO,KWT,0.0
FRO,LAO,0.0
FRO,LBN,0.0
FRO,LBR,0.0
FRO,LBY,0.0
FRO,LCA,1.0
FRO,LKA,0.0
FRO,LSO,0.0
FRO,LTU,1.0
FRO,LUX,1.0
FRO,LVA,1.0
FRO,MAC,1.0
FRO,MAR,0.0
FRO,MDA,0.0
FRO,MDG,0.0
FRO,MDV,1.0
FRO,MEX,0.0
FRO,MHL,1.0
FRO,MKD,1.0
FRO,MLI,0.0
FRO,MLT,1.0
FRO,MMR,0.0
FRO,MNE,1.0
FRO,MNG,0.0
FRO,MNP,1.0
FRO,MOZ,0.0
FRO,MRT,0.0
FRO,MUS,1.0
FRO,MWI,0.0
FRO,MYS,0.0
FRO,NAM,1.0
FRO,NER,0.0
FRO,NGA,0.0
FRO,NIC,0.0
FRO,NLD,1.0
FRO,NOR,1.0
FRO,NPL,0.0
FRO,NRU,1.0
FRO,NZL,1.0
FRO,OMN,0.0
FRO,PAK,0.0
FRO,PAN,1.0
FRO,PER,0.0
FRO,PHL,0.0
FRO,PLW,1.0
FRO,PNG,0.0
FRO,POL,1.0
FRO,PRT,1.0
FRO,PRY,0.0
FRO,PSE,0.0
FRO,PYF,1.0
FRO,QAT,1.0
FRO,ROU,0.0
FRO,RUS,0.0
FRO,RWA,0.0
FRO,SAU,0.0
FRO,SDN,0.0
FRO,SEN,0.0
FRO,SGP,1.0
FRO,SLB,0.0
FRO,SLE,0.0
FRO,SLV,0.0
FRO,SMR,1.0
FRO,SOM,0.0
FRO,SRB,0.0
FRO,SSD,0.0
FRO,STP,1.0
FRO,SUR,0.0
FRO,SVK,1.0
FRO,SVN,1.0
FRO,SWE,1.0
FRO,SWZ,0.0
FRO,SXM,1.0
FRO,SYC,1.0
FRO,SYR,0.0
FRO,TCA,1.0
FRO,TCD,0.0
FRO,TGO,0.0
FRO,THA,0.0
FRO,TJK,0.0
FRO,TKM,0.0
FRO,TLS,0.0
FRO,TON,1.0
FRO,TTO,0.0
FRO,TUN,0.0
FRO,TUR,0.0
FRO,TUV,1.0
FRO,TZA,0.0
FRO,UGA,0.0
FRO,UKR,0.0
FRO,URY,1.0
FRO,UZB,0.0
FRO,VCT,1.0
FRO,VEN,0.0
FRO,VNM,0.0
FRO,VUT,1.0
FRO,WSM,1.0
FRO,YEM,0.0
FRO,ZAF,0.0
FRO,ZMB,0.0
FRO,ZWE,0.0
FSM,ABW,1.0
FSM,AFG,0.0
FSM,AGO,0.0
FSM,ALB,1.0
FSM,AND,1.0
FSM,ARE,1.0
FSM,ARG,0.0
FSM,ARM,0.0
FSM,ASM,1.0
FSM,ATG,1.0
FSM,AUS,1.0
FSM,AUT,1.0
FSM,AZE,0.0
FSM,BDI,0.0
FSM,BEL,1.0
FSM,BEN,0.0
FSM,BFA,0.0
FSM,BGD,0.0
FSM,BGR,1.0
FSM,BHR,1.0
FSM,BHS,1.0
FSM,BIH,0.0
FSM,BLR,0.0
FSM,BLZ,1.0
FSM,BMU,1.0
FSM,BOL,0.0
FSM,BRA,0.0
FSM,BRB,1.0
FSM,BRN,1.0
FSM,BTN,1.0
FSM,BWA,1.0
FSM,CAF,0.0
FSM,CAN,1.0
FSM,CHE,1.0
FSM,CHL,1.0
FSM,CIV,0.0
FSM,CMR,0.0
FSM,COD,0.0
FSM,COG,0.0
FSM,COL,0.0
FSM,COM,0.0
FSM,CPV,1.0
FSM,CRI,1.0
FSM,CUB,0.0
FSM,CUW,1.0
FSM,CYM,1.0
FSM,CYP,1.0
FSM,CZE,1.0
FSM,DEU,1.0
FSM,DJI,1.0
FSM,DMA,1.0
FSM,DNK,1.0
FSM,DOM,0.0
FSM,DZA,0.0
FSM,ECU,0.0
FSM,EGY,0.0
FSM,ESP,1.0
FSM,EST,1.0
FSM,ETH,0.0
FSM,FIN,1.0
FSM,FJI,0.0
FSM,FRA,1.0
FSM,FRO,1.0
FSM,FSM,1.0
FSM,GAB,0.0
FSM,GBR,1.0
FSM,GEO,1.0
FSM,GHA,0.0
FSM,GIN,0.0
FSM,GMB,0.0
FSM,GNB,0.0
FSM,GNQ,0.0
FSM,GRC,1.0
FSM,GRD,1.0
FSM,GRL,1.0
FSM,GTM,0.0
FSM,GUM,1.0
FSM,GUY,0.0
FSM,HKG,1.0
FSM,HND,0.0
FSM,HRV,1.0
FSM,HTI,0.0
FSM,HUN,1.0
FSM,IDN,0.0
FSM,IND,0.0
FSM,IRL,1.0
FSM,IRN,0.0
FSM,IRQ,0.0
FSM,ISL,1.0
FSM,ISR,1.0
FSM,ITA,1.0
FSM,JAM,1.0
FSM,JOR,0.0
FSM,JPN,1.0
FSM,KAZ,0.0
FSM,KEN,0.0
FSM,KGZ,0.0
FSM,KHM,0.0
FSM,KIR,1.0
FSM,KNA,1.0
FSM,KOR,1.0
FSM,KWT,0.0
FSM,LAO,0.0
FSM,LBN,0.0
FSM,LBR,0.0
FSM,LBY,0.0
FSM,LCA,1.0
FSM,LKA,0.0
FSM,LSO,0.0
FSM,LTU,1.0
FSM,LUX,1.0
FSM,LVA,1.0
FSM,MAC,1.0
FSM,MAR,0.0
FSM,MDA,0.0
FSM,MDG,0.0
FSM,MDV,1.0
FSM,MEX,0.0
FSM,MHL,1.0
FSM,MKD,1.0
FSM,MLI,0.0
FSM,MLT,1.0
FSM,MMR,0.0
FSM,MNE,1.0
FSM,MNG,0.0
FSM,MNP,1.0
FSM,MOZ,0.0
FSM,MRT,0.0
FSM,MUS,1.0
FSM,MWI,0.0
FSM,MYS,0.0
FSM,NAM,1.0
FSM,NER,0.0
FSM,NGA,0.0
FSM,NIC,0.0
FSM,NLD,1.0
FSM,NOR,1.0
FSM,NPL,0.0
FSM,NRU,1.0
FSM,NZL,1.0
FSM,OMN,0.0
FSM,PAK,0.0
FSM,PAN,1.0
FSM,PER,0.0
FSM,PHL,0.0
FSM,PLW,1.0
FSM,PNG,0.0
FSM,POL,1.0
FSM,PRT,1.0
FSM,PRY,0.0
FSM,PSE,0.0
FSM,PYF,1.0
FSM,QAT,1.0
FSM,ROU,0.0
FSM,RUS,0.0
FSM,RWA,0.0
FSM,SAU,0.0
FSM,SDN,0.0
FSM,SEN,0.0
FSM,SGP,1.0
FSM,SLB,0.0
FSM,SLE,0.0
FSM,SLV,0.0
FSM,SMR,1.0
FSM,SOM,0.0
FSM,SRB,0.0
FSM,SSD,0.0
FSM,STP,1.0
FSM,SUR,0.0
FSM,SVK,1.0
FSM,SVN,1.0
FSM,SWE,1.0
FSM,SWZ,0.0
FSM,SXM,1.0
FSM,SYC,1.0
FSM,SYR,0.0
FSM,TCA,1.0
FSM,TCD,0.0
FSM,TGO,0.0
FSM,THA,0.0
FSM,TJK,0.0
FSM,TKM,0.0
FSM,TLS,0.0
FSM,TON,1.0
FSM,TTO,0.0
FSM,TUN,0.0
FSM,TUR,0.0
FSM,TUV,1.0
FSM,TZA,0.0
FSM,UGA,0.0
FSM,UKR,0.0
FSM,URY,1.0
FSM,UZB,0.0
FSM,VCT,1.0
FSM,VEN,0.0
FSM,VNM,0.0
FSM,VUT,1.0
FSM,WSM,1.0
FSM,YEM,0.0
FSM,ZAF,0.0
FSM,ZMB,0.0
FSM,ZWE,0.0
GAB,ABW,0.0
GAB,AFG,1.0
GAB,AGO,1.0
GAB,ALB,0.0
GAB,AND,0.0
GAB,ARE,0.0
GAB,ARG,1.0
GAB,ARM,1.0
GAB,ASM,0.0
GAB,ATG,0.0
GAB,AUS,0.0
GAB,AUT,0.0
GAB,AZE,1.0
GAB,BDI,1.0
GAB,BEL,0.0
GAB,BEN,1.0
GAB,BFA,1.0
GAB,BGD,1.0
GAB,BGR,0.0
GAB,BHR,0.0
GAB,BHS,0.0
GAB,BIH,1.0
GAB,BLR,1.0
GAB,BLZ,0.0
GAB,BMU,0.0
GAB,BOL,1.0
GAB,BRA,1.0
GAB,BRB,0.0
GAB,BRN,0.0
GAB,BTN,0.0
GAB,BWA,0.0
GAB,CAF,1.0
GAB,CAN,0.0
GAB,CHE,0.0
GAB,CHL,0.0
GAB,CIV,1.0
GAB,CMR,1.0
GAB,COD,1.0
GAB,COG,1.0
GAB,COL,1.0
GAB,COM,1.0
GAB,CPV,0.0
GAB,CRI,0.0
GAB,CUB,1.0
GAB,CUW,0.0
GAB,CYM,0.0
GAB,CYP,0.0
GAB,CZE,0.0
GAB,DEU,0.0
GAB,DJI,0.0
GAB,DMA,0.0
GAB,DNK,0.0
GAB,DOM,1.0
GAB,DZA,1.0
GAB,ECU,1.0
GAB,EGY,1.0
GAB,ESP,0.0
GAB,EST,0.0
GAB,ETH,1.0
GAB,FIN,0.0
GAB,FJI,1.0
GAB,FRA,0.0
GAB,FRO,0.0
GAB,FSM,0.0
GAB,GAB,1.0
GAB,GBR,0.0
GAB,GEO,0.0
GAB,GHA,1.0
GAB,GIN,1.0
GAB,GMB,1.0
GAB,GNB,1.0
GAB,GNQ,1.0
GAB,GRC,0.0
GAB,GRD,0.0
GAB,GRL,0.0
GAB,GTM,1.0
GAB,GUM,0.0
GAB,GUY,1.0
GAB,HKG,0.0
GAB,HND,1.0
GAB,HRV,0.0
GAB,HTI,1.0
GAB,HUN,0.0
GAB,IDN,1.0
GAB,IND,1.0
GAB,IRL,0.0
GAB,IRN,1.0
GAB,IRQ,1.0
GAB,ISL,0.0
GAB,ISR,0.0
GAB,ITA,0.0
GAB,JAM,0.0
GAB,JOR,1.0
GAB,JPN,0.0
GAB,KAZ,1.0
GAB,KEN,1.0
GAB,KGZ,1.0
GAB,KHM,1.0
GAB,KIR,0.0
GAB,KNA,0.0
GAB,KOR,0.0
GAB,KWT,1.0
GAB,LAO,1.0
GAB,LBN,1.0
GAB,LBR,1.0
GAB,LBY,1.0
GAB,LCA,0.0
GAB,LKA,1.0
GAB,LSO,1.0
GAB,LTU,0.0
GAB,LUX,0.0
GAB,LVA,0.0
GAB,MAC,0.0
GAB,MAR,1.0
GAB,MDA,1.0
GAB,MDG,1.0
GAB,MDV,0.0
GAB,MEX,1.0
GAB,MHL,0.0
GAB,MKD,0.0
GAB,MLI,1.0
GAB,MLT,0.0
GAB,MMR,1.0
GAB,MNE,0.0
GAB,MNG,1.0
GAB,MNP,0.0
GAB,MOZ,1.0
GAB,MRT,1.0
GAB,MUS,0.0
GAB,MWI,1.0
GAB,MYS,1.0
GAB,NAM,0.0
GAB,NER,1.0
GAB,NGA,1.0
GAB,NIC,1.0
GAB,NLD,0.0
GAB,NOR,0.0
GAB,NPL,1.0
GAB,NRU,0.0
GAB,NZL,0.0
GAB,OMN,1.0
GAB,PAK,1.0
GAB,PAN,0.0
GAB,PER,1.0
GAB,PHL,1.0
GAB,PLW,0.0
GAB,PNG,1.0
GAB,POL,0.0
GAB,PRT,0.0
GAB,PRY,1.0
GAB,PSE,1.0
GAB,PYF,0.0
GAB,QAT,0.0
GAB,ROU,1.0
GAB,RUS,1.0
GAB,RWA,1.0
GAB,SAU,1.0
GAB,SDN,1.0
GAB,SEN,1.0
GAB,SGP,0.0
GAB,SLB,1.0
GAB,SLE,1.0
GAB,SLV,1.0
GAB,SMR,0.0
GAB,SOM,1.0
GAB,SRB,1.0
GAB,SSD,1.0
GAB,STP,0.0
GAB,SUR,1.0
GAB,SVK,0.0
GAB,SVN,0.0
GAB,SWE,0.0
GAB,SWZ,1.0
GAB,SXM,0.0
GAB,SYC,0.0
GAB,SYR,1.0
GAB,TCA,0.0
GAB,TCD,1.0
GAB,TGO,1.0
GAB,THA,1.0
GAB,TJK,1.0
GAB,TKM,1.0
GAB,TLS,1.0
GAB,TON,0.0
GAB,TTO,1.0
GAB,TUN,1.0
GAB,TUR,1.0
GAB,TUV,0.0
GAB,TZA,1.0
GAB,UGA,1.0
GAB,UKR,1.0
GAB,URY,0.0
GAB,UZB,1.0
GAB,VCT,0.0
GAB,VEN,1.0
GAB,VNM,1.0
GAB,VUT,0.0
GAB,WSM,0.0
GAB,YEM,1.0
GAB,ZAF,1.0
GAB,ZMB,1.0
GAB,ZWE,1.0
GBR,ABW,1.0
GBR,AFG,0.0
GBR,AGO,0.0
GBR,ALB,1.0
GBR,AND,1.0
GBR,ARE,1.0
GBR,ARG,0.0
GBR,ARM,0.0
GBR,ASM,1.0
GBR,ATG,1.0
GBR,AUS,1.0
GBR,AUT,1.0
GBR,AZE,0.0
GBR,BDI,0.0
GBR,BEL,1.0
GBR,BEN,0.0
GBR,BFA,0.0
GBR,BGD,0.0
GBR,BGR,1.0
GBR,BHR,1.0
GBR,BHS,1.0
GBR,BIH,0.0
GBR,BLR,0.0
GBR,BLZ,1.0
GBR,BMU,1.0
GBR,BOL,0.0
GBR,BRA,0.0
GBR,BRB,1.0
GBR,BRN,1.0
GBR,BTN,1.0
GBR,BWA,1.0
GBR,CAF,0.0
GBR,CAN,1.0
GBR,CHE,1.0
GBR,CHL,1.0
GBR,CIV,0.0
GBR,CMR,0.0
GBR,COD,0.0
GBR,COG,0.0
GBR,COL,0.0
GBR,COM,0.0
GBR,CPV,1.0
GBR,CRI,1.0
GBR,CUB,0.0
GBR,CUW,1.0
GBR,CYM,1.0
GBR,CYP,1.0
GBR,CZE,1.0
GBR,DEU,1.0
GBR,DJI,1.0
GBR,DMA,1.0
GBR,DNK,1.0
GBR,DOM,0.0
GBR,DZA,0.0
GBR,ECU,0.0
GBR,EGY,0.0
GBR,ESP,1.0
GBR,EST,1.0
GBR,ETH,0.0
GBR,FIN,1.0
GBR,FJI,0.0
GBR,FRA,1.0
GBR,FRO,1.0
GBR,FSM,1.0
GBR,GAB,0.0
GBR,GBR,1.0
GBR,GEO,1.0
GBR,GHA,0.0
GBR,GIN,0.0
GBR,GMB,0.0
GBR,GNB,0.0
GBR,GNQ,0.0
GBR,GRC,1.0
GBR,GRD,1.0
GBR,GRL,1.0
GBR,GTM,0.0
GBR,GUM,1.0
GBR,GUY,0.0
GBR,HKG,1.0
GBR,HND,0.0
GBR,HRV,1.0
GBR,HTI,0.0
GBR,HUN,1.0
GBR,IDN,0.0
GBR,IND,0.0
GBR,IRL,1.0
GBR,IRN,0.0
GBR,IRQ,0.0
GBR,ISL,1.0
GBR,ISR,1.0
GBR,ITA,1.0
GBR,JAM,1.0
GBR,JOR,0.0
GBR,JPN,1.0
GBR,KAZ,0.0
GBR,KEN,0.0
GBR,KGZ,0.0
GBR,KHM,0.0
GBR,KIR,1.0
GBR,KNA,1.0
GBR,KOR,1.0
GBR,KWT,0.0
GBR,LAO,0.0
GBR,LBN,0.0
GBR,LBR,0.0
GBR,LBY,0.0
GBR,LCA,1.0
GBR,LKA,0.0
GBR,LSO,0.0
GBR,LTU,1.0
GBR,LUX,1.0
GBR,LVA,1.0
GBR,MAC,1.0
GBR,MAR,0.0
GBR,MDA,0.0
GBR,MDG,0.0
GBR,MDV,1.0
GBR,MEX,0.0
GBR,MHL,1.0
GBR,MKD,1.0
GBR,MLI,0.0
GBR,MLT,1.0
GBR,MMR,0.0
GBR,MNE,1.0
GBR,MNG,0.0
GBR,MNP,1.0
GBR,MOZ,0.0
GBR,MRT,0.0
GBR,MUS,1.0
GBR,MWI,0.0
GBR,MYS,0.0
GBR,NAM,1.0
GBR,NER,0.0
GBR,NGA,0.0
GBR,NIC,0.0
GBR,NLD,1.0
GBR,NOR,1.0
GBR,NPL,0.0
GBR,NRU,1.0
GBR,NZL,1.0
GBR,OMN,0.0
GBR,PAK,0.0
GBR,PAN,1.0
GBR,PER,0.0
GBR,PHL,0.0
GBR,PLW,1.0
GBR,PNG,0.0
GBR,POL,1.0
GBR,PRT,1.0
GBR,PRY,0.0
GBR,PSE,0.0
GBR,PYF,1.0
GBR,QAT,1.0
GBR,ROU,0.0
GBR,RUS,0.0
GBR,RWA,0.0
GBR,SAU,0.0
GBR,SDN,0.0
GBR,SEN,0.0
GBR,SGP,1.0
GBR,SLB,0.0
GBR,SLE,0.0
GBR,SLV,0.0
GBR,SMR,1.0
GBR,SOM,0.0
GBR,SRB,0.0
GBR,SSD,0.0
GBR,STP,1.0
GBR,SUR,0.0
GBR,SVK,1.0
GBR,SVN,1.0
GBR,SWE,1.0
GBR,SWZ,0.0
GBR,SXM,1.0
GBR,SYC,1.0
GBR,SYR,0.0
GBR,TCA,1.0
GBR,TCD,0.0
GBR,TGO,0.0
GBR,THA,0.0
GBR,TJK,0.0
GBR,TKM,0.0
GBR,TLS,0.0
GBR,TON,1.0
GBR,TTO,0.0
GBR,TUN,0.0
GBR,TUR,0.0
GBR,TUV,1.0
GBR,TZA,0.0
GBR,UGA,0.0
GBR,UKR,0.0
GBR,URY,1.0
GBR,UZB,0.0
GBR,VCT,1.0
GBR,VEN,0.0
GBR,VNM,0.0
GBR,VUT,1.0
GBR,WSM,1.0
GBR,YEM,0.0
GBR,ZAF,0.0
GBR,ZMB,0.0
GBR,ZWE,0.0
GEO,ABW,1.0
GEO,AFG,0.0
GEO,AGO,0.0
GEO,ALB,1.0
GEO,AND,1.0
GEO,ARE,1.0
GEO,ARG,0.0
GEO,ARM,0.0
GEO,ASM,1.0
GEO,ATG,1.0
GEO,AUS,1.0
GEO,AUT,1.0
GEO,AZE,0.0
GEO,BDI,0.0
GEO,BEL,1.0
GEO,BEN,0.0
GEO,BFA,0.0
GEO,BGD,0.0
GEO,BGR,1.0
GEO,BHR,1.0
GEO,BHS,1.0
GEO,BIH,0.0
GEO,BLR,0.0
GEO,BLZ,1.0
GEO,BMU,1.0
GEO,BOL,0.0
GEO,BRA,0.0
GEO,BRB,1.0
GEO,BRN,1.0
GEO,BTN,1.0
GEO,BWA,1.0
GEO,CAF,0.0
GEO,CAN,1.0
GEO,CHE,1.0
GEO,CHL,1.0
GEO,CIV,0.0
GEO,CMR,0.0
GEO,COD,0.0
GEO,COG,0.0
GEO,COL,0.0
GEO,COM,0.0
GEO,CPV,1.0
GEO,CRI,1.0
GEO,CUB,0.0
GEO,CUW,1.0
GEO,CYM,1.0
GEO,CYP,1.0
GEO,CZE,1.0
GEO,DEU,1.0
GEO,DJI,1.0
GEO,DMA,1.0
GEO,DNK,1.0
GEO,DOM,0.0
GEO,DZA,0.0
GEO,ECU,0.0
GEO,EGY,0.0
GEO,ESP,1.0
GEO,EST,1.0
GEO,ETH,0.0
GEO,FIN,1.0
GEO,FJI,0.0
GEO,FRA,1.0
GEO,FRO,1.0
GEO,FSM,1.0
GEO,GAB,0.0
GEO,GBR,1.0
GEO,GEO,1.0
GEO,GHA,0.0
GEO,GIN,0.0
GEO,GMB,0.0
GEO,GNB,0.0
GEO,GNQ,0.0
GEO,GRC,1.0
GEO,GRD,1.0
GEO,GRL,1.0
GEO,GTM,0.0
GEO,GUM,1.0
GEO,GUY,0.0
GEO,HKG,1.0
GEO,HND,0.0
GEO,HRV,1.0
GEO,HTI,0.0
GEO,HUN,1.0
GEO,IDN,0.0
GEO,IND,0.0
GEO,IRL,1.0
GEO,IRN,0.0
GEO,IRQ,0.0
GEO,ISL,1.0
GEO,ISR,1.0
GEO,ITA,1.0
GEO,JAM,1.0
GEO,JOR,0.0
GEO,JPN,1.0
GEO,KAZ,0.0
GEO,KEN,0.0
GEO,KGZ,0.0
GEO,KHM,0.0
GEO,KIR,1.0
GEO,KNA,1.0
GEO,KOR,1.0
GEO,KWT,0.0
GEO,LAO,0.0
GEO,LBN,0.0
GEO,LBR,0.0
GEO,LBY,0.0
GEO,LCA,1.0
GEO,LKA,0.0
GEO,LSO,0.0
GEO,LTU,1.0
GEO,LUX,1.0
GEO,LVA,1.0
GEO,MAC,1.0
GEO,MAR,0.0
GEO,MDA,0.0
GEO,MDG,0.0
GEO,MDV,1.0
GEO,MEX,0.0
GEO,MHL,1.0
GEO,MKD,1.0
GEO,MLI,0.0
GEO,MLT,1.0
GEO,MMR,0.0
GEO,MNE,1.0
GEO,MNG,0.0
GEO,MNP,1.0
GEO,MOZ,0.0
GEO,MRT,0.0
GEO,MUS,1.0
GEO,MWI,0.0
GEO,MYS,0.0
GEO,NAM,1.0
GEO,NER,0.0
GEO,NGA,0.0
GEO,NIC,0.0
GEO,NLD,1.0
GEO,NOR,1.0
GEO,NPL,0.0
GEO,NRU,1.0
GEO,NZL,1.0
GEO,OMN,0.0
GEO,PAK,0.0
GEO,PAN,1.0
GEO,PER,0.0
GEO,PHL,0.0
GEO,PLW,1.0
GEO,PNG,0.0
GEO,POL,1.0
GEO,PRT,1.0
GEO,PRY,0.0
GEO,PSE,0.0
GEO,PYF,1.0
GEO,QAT,1.0
GEO,ROU,0.0
GEO,RUS,0.0
GEO,RWA,0.0
GEO,SAU,0.0
GEO,SDN,0.0
GEO,SEN,0.0
GEO,SGP,1.0
GEO,SLB,0.0
GEO,SLE,0.0
GEO,SLV,0.0
GEO,SMR,1.0
GEO,SOM,0.0
GEO,SRB,0.0
GEO,SSD,0.0
GEO,STP,1.0
GEO,SUR,0.0
GEO,SVK,1.0
GEO,SVN,1.0
GEO,SWE,1.0
GEO,SWZ,0.0
GEO,SXM,1.0
GEO,SYC,1.0
GEO,SYR,0.0
GEO,TCA,1.0
GEO,TCD,0.0
GEO,TGO,0.0
GEO,THA,0.0
GEO,TJK,0.0
GEO,TKM,0.0
GEO,TLS,0.0
GEO,TON,1.0
GEO,TTO,0.0
GEO,TUN,0.0
GEO,TUR,0.0
GEO,TUV,1.0
GEO,TZA,0.0
GEO,UGA,0.0
GEO,UKR,0.0
GEO,URY,1.0
GEO,UZB,0.0
GEO,VCT,1.0
GEO,VEN,0.0
GEO,VNM,0.0
GEO,VUT,1.0
GEO,WSM,1.0
GEO,YEM,0.0
GEO,ZAF,0.0
GEO,ZMB,0.0
GEO,ZWE,0.0
GHA,ABW,0.0
GHA,AFG,1.0
GHA,AGO,1.0
GHA,ALB,0.0
GHA,AND,0.0
GHA,ARE,0.0
GHA,ARG,1.0
GHA,ARM,1.0
GHA,ASM,0.0
GHA,ATG,0.0
GHA,AUS,0.0
GHA,AUT,0.0
GHA,AZE,1.0
GHA,BDI,1.0
GHA,BEL,0.0
GHA,BEN,1.0
GHA,BFA,1.0
GHA,BGD,1.0
GHA,BGR,0.0
GHA,BHR,0.0
GHA,BHS,0.0
GHA,BIH,1.0
GHA,BLR,1.0
GHA,BLZ,0.0
GHA,BMU,0.0
GHA,BOL,1.0
GHA,BRA,1.0
GHA,BRB,0.0
GHA,BRN,0.0
GHA,BTN,0.0
GHA,BWA,0.0
GHA,CAF,1.0
GHA,CAN,0.0
GHA,CHE,0.0
GHA,CHL,0.0
GHA,CIV,1.0
GHA,CMR,1.0
GHA,COD,1.0
GHA,COG,1.0
GHA,COL,1.0
GHA,COM,1.0
GHA,CPV,0.0
GHA,CRI,0.0
GHA,CUB,1.0
GHA,CUW,0.0
GHA,CYM,0.0
GHA,CYP,0.0
GHA,CZE,0.0
GHA,DEU,0.0
GHA,DJI,0.0
GHA,DMA,0.0
GHA,DNK,0.0
GHA,DOM,1.0
GHA,DZA,1.0
GHA,ECU,1.0
GHA,EGY,1.0
GHA,ESP,0.0
GHA,EST,0.0
GHA,ETH,1.0
GHA,FIN,0.0
GHA,FJI,1.0
GHA,FRA,0.0
GHA,FRO,0.0
GHA,FSM,0.0
GHA,GAB,1.0
GHA,GBR,0.0
GHA,GEO,0.0
GHA,GHA,1.0
GHA,GIN,1.0
GHA,GMB,1.0
GHA,GNB,1.0
GHA,GNQ,1.0
GHA,GRC,0.0
GHA,GRD,0.0
GHA,GRL,0.0
GHA,GTM,1.0
GHA,GUM,0.0
GHA,GUY,1.0
GHA,HKG,0.0
GHA,HND,1.0
GHA,HRV,0.0
GHA,HTI,1.0
GHA,HUN,0.0
GHA,IDN,1.0
GHA,IND,1.0
GHA,IRL,0.0
GHA,IRN,1.0
GHA,IRQ,1.0
GHA,ISL,0.0
GHA,ISR,0.0
GHA,ITA,0.0
GHA,JAM,0.0
GHA,JOR,1.0
GHA,JPN,0.0
GHA,KAZ,1.0
GHA,KEN,1.0
GHA,KGZ,1.0
GHA,KHM,1.0
GHA,KIR,0.0
GHA,KNA,0.0
GHA,KOR,0.0
GHA,KWT,1.0
GHA,LAO,1.0
GHA,LBN,1.0
GHA,LBR,1.0
GHA,LBY,1.0
GHA,LCA,0.0
GHA,LKA,1.0
GHA,LSO,1.0
GHA,LTU,0.0
GHA,LUX,0.0
GHA,LVA,0.0
GHA,MAC,0.0
GHA,MAR,1.0
GHA,MDA,1.0
GHA,MDG,1.0
GHA,MDV,0.0
GHA,MEX,1.0
GHA,MHL,0.0
GHA,MKD,0.0
GHA,MLI,1.0
GHA,MLT,0.0
GHA,MMR,1.0
GHA,MNE,0.0
GHA,MNG,1.0
GHA,MNP,0.0
GHA,MOZ,1.0
GHA,MRT,1.0
GHA,MUS,0.0
GHA,MWI,1.0
GHA,MYS,1.0
GHA,NAM,0.0
GHA,NER,1.0
GHA,NGA,1.0
GHA,NIC,1.0
GHA,NLD,0.0
GHA,NOR,0.0
GHA,NPL,1.0
GHA,NRU,0.0
GHA,NZL,0.0
GHA,OMN,1.0
GHA,PAK,1.0
GHA,PAN,0.0
GHA,PER,1.0
GHA,PHL,1.0
GHA,PLW,0.0
GHA,PNG,1.0
GHA,POL,0.0
GHA,PRT,0.0
GHA,PRY,1.0
GHA,PSE,1.0
GHA,PYF,0.0
GHA,QAT,0.0
GHA,ROU,1.0
GHA,RUS,1.0
GHA,RWA,1.0
GHA,SAU,1.0
GHA,SDN,1.0
GHA,SEN,1.0
GHA,SGP,0.0
GHA,SLB,1.0
GHA,SLE,1.0
GHA,SLV,1.0
GHA,SMR,0.0
GHA,SOM,1.0
GHA,SRB,1.0
GHA,SSD,1.0
GHA,STP,0.0
GHA,SUR,1.0
GHA,SVK,0.0
GHA,SVN,0.0
GHA,SWE,0.0
GHA,SWZ,1.0
GHA,SXM,0.0
GHA,SYC,0.0
GHA,SYR,1.0
GHA,TCA,0.0
GHA,TCD,1.0
GHA,TGO,1.0
GHA,THA,1.0
GHA,TJK,1.0
GHA,TKM,1.0
GHA,TLS,1.0
GHA,TON,0.0
GHA,TTO,1.0
GHA,TUN,1.0
GHA,TUR,1.0
GHA,TUV,0.0
GHA,TZA,1.0
GHA,UGA,1.0
GHA,UKR,1.0
GHA,URY,0.0
GHA,UZB,1.0
GHA,VCT,0.0
GHA,VEN,1.0
GHA,VNM,1.0
GHA,VUT,0.0
GHA,WSM,0.0
GHA,YEM,1.0
GHA,ZAF,1.0
GHA,ZMB,1.0
GHA,ZWE,1.0
GIN,ABW,0.0
GIN,AFG,1.0
GIN,AGO,1.0
GIN,ALB,0.0
GIN,AND,0.0
GIN,ARE,0.0
GIN,ARG,1.0
GIN,ARM,1.0
GIN,ASM,0.0
GIN,ATG,0.0
GIN,AUS,0.0
GIN,AUT,0.0
GIN,AZE,1.0
GIN,BDI,1.0
GIN,BEL,0.0
GIN,BEN,1.0
GIN,BFA,1.0
GIN,BGD,1.0
GIN,BGR,0.0
GIN,BHR,0.0
GIN,BHS,0.0
GIN,BIH,1.0
GIN,BLR,1.0
GIN,BLZ,0.0
GIN,BMU,0.0
GIN,BOL,1.0
GIN,BRA,1.0
GIN,BRB,0.0
GIN,BRN,0.0
GIN,BTN,0.0
GIN,BWA,0.0
GIN,CAF,1.0
GIN,CAN,0.0
GIN,CHE,0.0
GIN,CHL,0.0
GIN,CIV,1.0
GIN,CMR,1.0
GIN,COD,1.0
GIN,COG,1.0
GIN,COL,1.0
GIN,COM,1.0
GIN,CPV,0.0
GIN,CRI,0.0
GIN,CUB,1.0
GIN,CUW,0.0
GIN,CYM,0.0
GIN,CYP,0.0
GIN,CZE,0.0
GIN,DEU,0.0
GIN,DJI,0.0
GIN,DMA,0.0
GIN,DNK,0.0
GIN,DOM,1.0
GIN,DZA,1.0
GIN,ECU,1.0
GIN,EGY,1.0
GIN,ESP,0.0
GIN,EST,0.0
GIN,ETH,1.0
GIN,FIN,0.0
GIN,FJI,1.0
GIN,FRA,0.0
GIN,FRO,0.0
GIN,FSM,0.0
GIN,GAB,1.0
GIN,GBR,0.0
GIN,GEO,0.0
GIN,GHA,1.0
GIN,GIN,1.0
GIN,GMB,1.0
GIN,GNB,1.0
GIN,GNQ,1.0
GIN,GRC,0.0
GIN,GRD,0.0
GIN,GRL,0.0
GIN,GTM,1.0
GIN,GUM,0.0
GIN,GUY,1.0
GIN,HKG,0.0
GIN,HND,1.0
GIN,HRV,0.0
GIN,HTI,1.0
GIN,HUN,0.0
GIN,IDN,1.0
GIN,IND,1.0
GIN,IRL,0.0
GIN,IRN,1.0
GIN,IRQ,1.0
GIN,ISL,0.0
GIN,ISR,0.0
GIN,ITA,0.0
GIN,JAM,0.0
GIN,JOR,1.0
GIN,JPN,0.0
GIN,KAZ,1.0
GIN,KEN,1.0
GIN,KGZ,1.0
GIN,KHM,1.0
GIN,KIR,0.0
GIN,KNA,0.0
GIN,KOR,0.0
GIN,KWT,1.0
GIN,LAO,1.0
GIN,LBN,1.0
GIN,LBR,1.0
GIN,LBY,1.0
GIN,LCA,0.0
GIN,LKA,1.0
GIN,LSO,1.0
GIN,LTU,0.0
GIN,LUX,0.0
GIN,LVA,0.0
GIN,MAC,0.0
GIN,MAR,1.0
GIN,MDA,1.0
GIN,MDG,1.0
GIN,MDV,0.0
GIN,MEX,1.0
GIN,MHL,0.0
GIN,MKD,0.0
GIN,MLI,1.0
GIN,MLT,0.0
GIN,MMR,1.0
GIN,MNE,0.0
GIN,MNG,1.0
GIN,MNP,0.0
GIN,MOZ,1.0
GIN,MRT,1.0
GIN,MUS,0.0
GIN,MWI,1.0
GIN,MYS,1.0
GIN,NAM,0.0
GIN,NER,1.0
GIN,NGA,1.0
GIN,NIC,1.0
GIN,NLD,0.0
GIN,NOR,0.0
GIN,NPL,1.0
GIN,NRU,0.0
GIN,NZL,0.0
GIN,OMN,1.0
GIN,PAK,1.0
GIN,PAN,0.0
GIN,PER,1.0
GIN,PHL,1.0
GIN,PLW,0.0
GIN,PNG,1.0
GIN,POL,0.0
GIN,PRT,0.0
GIN,PRY,1.0
GIN,PSE,1.0
GIN,PYF,0.0
GIN,QAT,0.0
GIN,ROU,1.0
GIN,RUS,1.0
GIN,RWA,1.0
GIN,SAU,1.0
GIN,SDN,1.0
GIN,SEN,1.0
GIN,SGP,0.0
GIN,SLB,1.0
GIN,SLE,1.0
GIN,SLV,1.0
GIN,SMR,0.0
GIN,SOM,1.0
GIN,SRB,1.0
GIN,SSD,1.0
GIN,STP,0.0
GIN,SUR,1.0
GIN,SVK,0.0
GIN,SVN,0.0
GIN,SWE,0.0
GIN,SWZ,1.0
GIN,SXM,0.0
GIN,SYC,0.0
GIN,SYR,1.0
GIN,TCA,0.0
GIN,TCD,1.0
GIN,TGO,1.0
GIN,THA,1.0
GIN,TJK,1.0
GIN,TKM,1.0
GIN,TLS,1.0
GIN,TON,0.0
GIN,TTO,1.0
GIN,TUN,1.0
GIN,TUR,1.0
GIN,TUV,0.0
GIN,TZA,1.0
GIN,UGA,1.0
GIN,UKR,1.0
GIN,URY,0.0
GIN,UZB,1.0
GIN,VCT,0.0
GIN,VEN,1.0
GIN,VNM,1.0
GIN,VUT,0.0
GIN,WSM,0.0
GIN,YEM,1.0
GIN,ZAF,1.0
GIN,ZMB,1.0
GIN,ZWE,1.0
GMB,ABW,0.0
GMB,AFG,1.0
GMB,AGO,1.0
GMB,ALB,0.0
GMB,AND,0.0
GMB,ARE,0.0
GMB,ARG,1.0
GMB,ARM,1.0
GMB,ASM,0.0
GMB,ATG,0.0
GMB,AUS,0.0
GMB,AUT,0.0
GMB,AZE,1.0
GMB,BDI,1.0
GMB,BEL,0.0
GMB,BEN,1.0
GMB,BFA,1.0
GMB,BGD,1.0
GMB,BGR,0.0
GMB,BHR,0.0
GMB,BHS,0.0
GMB,BIH,1.0
GMB,BLR,1.0
GMB,BLZ,0.0
GMB,BMU,0.0
GMB,BOL,1.0
GMB,BRA,1.0
GMB,BRB,0.0
GMB,BRN,0.0
GMB,BTN,0.0
GMB,BWA,0.0
GMB,CAF,1.0
GMB,CAN,0.0
GMB,CHE,0.0
GMB,CHL,0.0
GMB,CIV,1.0
GMB,CMR,1.0
GMB,COD,1.0
GMB,COG,1.0
GMB,COL,1.0
GMB,COM,1.0
GMB,CPV,0.0
GMB,CRI,0.0
GMB,CUB,1.0
GMB,CUW,0.0
GMB,CYM,0.0
GMB,CYP,0.0
GMB,CZE,0.0
GMB,DEU,0.0
GMB,DJI,0.0
GMB,DMA,0.0
GMB,DNK,0.0
GMB,DOM,1.0
GMB,DZA,1.0
GMB,ECU,1.0
GMB,EGY,1.0
GMB,ESP,0.0
GMB,EST,0.0
GMB,ETH,1.0
GMB,FIN,0.0
GMB,FJI,1.0
GMB,FRA,0.0
GMB,FRO,0.0
GMB,FSM,0.0
GMB,GAB,1.0
GMB,GBR,0.0
GMB,GEO,0.0
GMB,GHA,1.0
GMB,GIN,1.0
GMB,GMB,1.0
GMB,GNB,1.0
GMB,GNQ,1.0
GMB,GRC,0.0
GMB,GRD,0.0
GMB,GRL,0.0
GMB,GTM,1.0
GMB,GUM,0.0
GMB,GUY,1.0
GMB,HKG,0.0
GMB,HND,1.0
GMB,HRV,0.0
GMB,HTI,1.0
GMB,HUN,0.0
GMB,IDN,1.0
GMB,IND,1.0
GMB,IRL,0.0
GMB,IRN,1.0
GMB,IRQ,1.0
GMB,ISL,0.0
GMB,ISR,0.0
GMB,ITA,0.0
GMB,JAM,0.0
GMB,JOR,1.0
GMB,JPN,0.0
GMB,KAZ,1.0
GMB,KEN,1.0
GMB,KGZ,1.0
GMB,KHM,1.0
GMB,KIR,0.0
GMB,KNA,0.0
GMB,KOR,0.0
GMB,KWT,1.0
GMB,LAO,1.0
GMB,LBN,1.0
GMB,LBR,1.0
GMB,LBY,1.0
GMB,LCA,0.0
GMB,LKA,1.0
GMB,LSO,1.0
GMB,LTU,0.0
GMB,LUX,0.0
GMB,LVA,0.0
GMB,MAC,0.0
GMB,MAR,1.0
GMB,MDA,1.0
GMB,MDG,1.0
GMB,MDV,0.0
GMB,MEX,1.0
GMB,MHL,0.0
GMB,MKD,0.0
GMB,MLI,1.0
GMB,MLT,0.0
GMB,MMR,1.0
GMB,MNE,0.0
GMB,MNG,1.0
GMB,MNP,0.0
GMB,MOZ,1.0
GMB,MRT,1.0
GMB,MUS,0.0
GMB,MWI,1.0
GMB,MYS,1.0
GMB,NAM,0.0
GMB,NER,1.0
GMB,NGA,1.0
GMB,NIC,1.0
GMB,NLD,0.0
GMB,NOR,0.0
GMB,NPL,1.0
GMB,NRU,0.0
GMB,NZL,0.0
GMB,OMN,1.0
GMB,PAK,1.0
GMB,PAN,0.0
GMB,PER,1.0
GMB,PHL,1.0
GMB,PLW,0.0
GMB,PNG,1.0
GMB,POL,0.0
GMB,PRT,0.0
GMB,PRY,1.0
GMB,PSE,1.0
GMB,PYF,0.0
GMB,QAT,0.0
GMB,ROU,1.0
GMB,RUS,1.0
GMB,RWA,1.0
GMB,SAU,1.0
GMB,SDN,1.0
GMB,SEN,1.0
GMB,SGP,0.0
GMB,SLB,1.0
GMB,SLE,1.0
GMB,SLV,1.0
GMB,SMR,0.0
GMB,SOM,1.0
GMB,SRB,1.0
GMB,SSD,1.0
GMB,STP,0.0
GMB,SUR,1.0
GMB,SVK,0.0
GMB,SVN,0.0
GMB,SWE,0.0
GMB,SWZ,1.0
GMB,SXM,0.0
GMB,SYC,0.0
GMB,SYR,1.0
GMB,TCA,0.0
GMB,TCD,1.0
GMB,TGO,1.0
GMB,THA,1.0
GMB,TJK,1.0
GMB,TKM,1.0
GMB,TLS,1.0
GMB,TON,0.0
GMB,TTO,1.0
GMB,TUN,1.0
GMB,TUR,1.0
GMB,TUV,0.0
GMB,TZA,1.0
GMB,UGA,1.0
GMB,UKR,1.0
GMB,URY,0.0
GMB,UZB,1.0
GMB,VCT,0.0
GMB,VEN,1.0
GMB,VNM,1.0
GMB,VUT,0.0
GMB,WSM,0.0
GMB,YEM,1.0
GMB,ZAF,1.0
GMB,ZMB,1.0
GMB,ZWE,1.0
GNB,ABW,0.0
GNB,AFG,1.0
GNB,AGO,1.0
GNB,ALB,0.0
GNB,AND,0.0
GNB,ARE,0.0
GNB,ARG,1.0
GNB,ARM,1.0
GNB,ASM,0.0
GNB,ATG,0.0
GNB,AUS,0.0
GNB,AUT,0.0
GNB,AZE,1.0
GNB,BDI,1.0
GNB,BEL,0.0
GNB,BEN,1.0
GNB,BFA,1.0
GNB,BGD,1.0
GNB,BGR,0.0
GNB,BHR,0.0
GNB,BHS,0.0
GNB,BIH,1.0
GNB,BLR,1.0
GNB,BLZ,0.0
GNB,BMU,0.0
GNB,BOL,1.0
GNB,BRA,1.0
GNB,BRB,0.0
GNB,BRN,0.0
GNB,BTN,0.0
GNB,BWA,0.0
GNB,CAF,1.0
GNB,CAN,0.0
GNB,CHE,0.0
GNB,CHL,0.0
GNB,CIV,1.0
GNB,CMR,1.0
GNB,COD,1.0
GNB,COG,1.0
GNB,COL,1.0
GNB,COM,1.0
GNB,CPV,0.0
GNB,CRI,0.0
GNB,CUB,1.0
GNB,CUW,0.0
GNB,CYM,0.0
GNB,CYP,0.0
GNB,CZE,0.0
GNB,DEU,0.0
GNB,DJI,0.0
GNB,DMA,0.0
GNB,DNK,0.0
GNB,DOM,1.0
GNB,DZA,1.0
GNB,ECU,1.0
GNB,EGY,1.0
GNB,ESP,0.0
GNB,EST,0.0
GNB,ETH,1.0
GNB,FIN,0.0
GNB,FJI,1.0
GNB,FRA,0.0
GNB,FRO,0.0
GNB,FSM,0.0
GNB,GAB,1.0
GNB,GBR,0.0
GNB,GEO,0.0
GNB,GHA,1.0
GNB,GIN,1.0
GNB,GMB,1.0
GNB,GNB,1.0
GNB,GNQ,1.0
GNB,GRC,0.0
GNB,GRD,0.0
GNB,GRL,0.0
GNB,GTM,1.0
GNB,GUM,0.0
GNB,GUY,1.0
GNB,HKG,0.0
GNB,HND,1.0
GNB,HRV,0.0
GNB,HTI,1.0
GNB,HUN,0.0
GNB,IDN,1.0
GNB,IND,1.0
GNB,IRL,0.0
GNB,IRN,1.0
GNB,IRQ,1.0
GNB,ISL,0.0
GNB,ISR,0.0
GNB,ITA,0.0
GNB,JAM,0.0
GNB,JOR,1.0
GNB,JPN,0.0
GNB,KAZ,1.0
GNB,KEN,1.0
GNB,KGZ,1.0
GNB,KHM,1.0
GNB,KIR,0.0
GNB,KNA,0.0
GNB,KOR,0.0
GNB,KWT,1.0
GNB,LAO,1.0
GNB,LBN,1.0
GNB,LBR,1.0
GNB,LBY,1.0
GNB,LCA,0.0
GNB,LKA,1.0
GNB,LSO,1.0
GNB,LTU,0.0
GNB,LUX,0.0
GNB,LVA,0.0
GNB,MAC,0.0
GNB,MAR,1.0
GNB,MDA,1.0
GNB,MDG,1.0
GNB,MDV,0.0
GNB,MEX,1.0
GNB,MHL,0.0
GNB,MKD,0.0
GNB,MLI,1.0
GNB,MLT,0.0
GNB,MMR,1.0
GNB,MNE,0.0
GNB,MNG,1.0
GNB,MNP,0.0
GNB,MOZ,1.0
GNB,MRT,1.0
GNB,MUS,0.0
GNB,MWI,1.0
GNB,MYS,1.0
GNB,NAM,0.0
GNB,NER,1.0
GNB,NGA,1.0
GNB,NIC,1.0
GNB,NLD,0.0
GNB,NOR,0.0
GNB,NPL,1.0
GNB,NRU,0.0
GNB,NZL,0.0
GNB,OMN,1.0
GNB,PAK,1.0
GNB,PAN,0.0
GNB,PER,1.0
GNB,PHL,1.0
GNB,PLW,0.0
GNB,PNG,1.0
GNB,POL,0.0
GNB,PRT,0.0
GNB,PRY,1.0
GNB,PSE,1.0
GNB,PYF,0.0
GNB,QAT,0.0
GNB,ROU,1.0
GNB,RUS,1.0
GNB,RWA,1.0
GNB,SAU,1.0
GNB,SDN,1.0
GNB,SEN,1.0
GNB,SGP,0.0
GNB,SLB,1.0
GNB,SLE,1.0
GNB,SLV,1.0
GNB,SMR,0.0
GNB,SOM,1.0
GNB,SRB,1.0
GNB,SSD,1.0
GNB,STP,0.0
GNB,SUR,1.0
GNB,SVK,0.0
GNB,SVN,0.0
GNB,SWE,0.0
GNB,SWZ,1.0
GNB,SXM,0.0
GNB,SYC,0.0
GNB,SYR,1.0
GNB,TCA,0.0
GNB,TCD,1.0
GNB,TGO,1.0
GNB,THA,1.0
GNB,TJK,1.0
GNB,TKM,1.0
GNB,TLS,1.0
GNB,TON,0.0
GNB,TTO,1.0
GNB,TUN,1.0
GNB,TUR,1.0
GNB,TUV,0.0
GNB,TZA,1.0
GNB,UGA,1.0
GNB,UKR,1.0
GNB,URY,0.0
GNB,UZB,1.0
GNB,VCT,0.0
GNB,VEN,1.0
GNB,VNM,1.0
GNB,VUT,0.0
GNB,WSM,0.0
GNB,YEM,1.0
GNB,ZAF,1.0
GNB,ZMB,1.0
GNB,ZWE,1.0
GNQ,ABW,0.0
GNQ,AFG,1.0
GNQ,AGO,1.0
GNQ,ALB,0.0
GNQ,AND,0.0
GNQ,ARE,0.0
GNQ,ARG,1.0
GNQ,ARM,1.0
GNQ,ASM,0.0
GNQ,ATG,0.0
GNQ,AUS,0.0
GNQ,AUT,0.0
GNQ,AZE,1.0
GNQ,BDI,1.0
GNQ,BEL,0.0
GNQ,BEN,1.0
GNQ,BFA,1.0
GNQ,BGD,1.0
GNQ,BGR,0.0
GNQ,BHR,0.0
GNQ,BHS,0.0
GNQ,BIH,1.0
GNQ,BLR,1.0
GNQ,BLZ,0.0
GNQ,BMU,0.0
GNQ,BOL,1.0
GNQ,BRA,1.0
GNQ,BRB,0.0
GNQ,BRN,0.0
GNQ,BTN,0.0
GNQ,BWA,0.0
GNQ,CAF,1.0
GNQ,CAN,0.0
GNQ,CHE,0.0
GNQ,CHL,0.0
GNQ,CIV,1.0
GNQ,CMR,1.0
GNQ,COD,1.0
GNQ,COG,1.0
GNQ,COL,1.0
GNQ,COM,1.0
GNQ,CPV,0.0
GNQ,CRI,0.0
GNQ,CUB,1.0
GNQ,CUW,0.0
GNQ,CYM,0.0
GNQ,CYP,0.0
GNQ,CZE,0.0
GNQ,DEU,0.0
GNQ,DJI,0.0
GNQ,DMA,0.0
GNQ,DNK,0.0
GNQ,DOM,1.0
GNQ,DZA,1.0
GNQ,ECU,1.0
GNQ,EGY,1.0
GNQ,ESP,0.0
GNQ,EST,0.0
GNQ,ETH,1.0
GNQ,FIN,0.0
GNQ,FJI,1.0
GNQ,FRA,0.0
GNQ,FRO,0.0
GNQ,FSM,0.0
GNQ,GAB,1.0
GNQ,GBR,0.0
GNQ,GEO,0.0
GNQ,GHA,1.0
GNQ,GIN,1.0
GNQ,GMB,1.0
GNQ,GNB,1.0
GNQ,GNQ,1.0
GNQ,GRC,0.0
GNQ,GRD,0.0
GNQ,GRL,0.0
GNQ,GTM,1.0
GNQ,GUM,0.0
GNQ,GUY,1.0
GNQ,HKG,0.0
GNQ,HND,1.0
GNQ,HRV,0.0
GNQ,HTI,1.0
GNQ,HUN,0.0
GNQ,IDN,1.0
GNQ,IND,1.0
GNQ,IRL,0.0
GNQ,IRN,1.0
GNQ,IRQ,1.0
GNQ,ISL,0.0
GNQ,ISR,0.0
GNQ,ITA,0.0
GNQ,JAM,0.0
GNQ,JOR,1.0
GNQ,JPN,0.0
GNQ,KAZ,1.0
GNQ,KEN,1.0
GNQ,KGZ,1.0
GNQ,KHM,1.0
GNQ,KIR,0.0
GNQ,KNA,0.0
GNQ,KOR,0.0
GNQ,KWT,1.0
GNQ,LAO,1.0
GNQ,LBN,1.0
GNQ,LBR,1.0
GNQ,LBY,1.0
GNQ,LCA,0.0
GNQ,LKA,1.0
GNQ,LSO,1.0
GNQ,LTU,0.0
GNQ,LUX,0.0
GNQ,LVA,0.0
GNQ,MAC,0.0
GNQ,MAR,1.0
GNQ,MDA,1.0
GNQ,MDG,1.0
GNQ,MDV,0.0
GNQ,MEX,1.0
GNQ,MHL,0.0
GNQ,MKD,0.0
GNQ,MLI,1.0
GNQ,MLT,0.0
GNQ,MMR,1.0
GNQ,MNE,0.0
GNQ,MNG,1.0
GNQ,MNP,0.0
GNQ,MOZ,1.0
GNQ,MRT,1.0
GNQ,MUS,0.0
GNQ,MWI,1.0
GNQ,MYS,1.0
GNQ,NAM,0.0
GNQ,NER,1.0
GNQ,NGA,1.0
GNQ,NIC,1.0
GNQ,NLD,0.0
GNQ,NOR,0.0
GNQ,NPL,1.0
GNQ,NRU,0.0
GNQ,NZL,0.0
GNQ,OMN,1.0
GNQ,PAK,1.0
GNQ,PAN,0.0
GNQ,PER,1.0
GNQ,PHL,1.0
GNQ,PLW,0.0
GNQ,PNG,1.0
GNQ,POL,0.0
GNQ,PRT,0.0
GNQ,PRY,1.0
GNQ,PSE,1.0
GNQ,PYF,0.0
GNQ,QAT,0.0
GNQ,ROU,1.0
GNQ,RUS,1.0
GNQ,RWA,1.0
GNQ,SAU,1.0
GNQ,SDN,1.0
GNQ,SEN,1.0
GNQ,SGP,0.0
GNQ,SLB,1.0
GNQ,SLE,1.0
GNQ,SLV,1.0
GNQ,SMR,0.0
GNQ,SOM,1.0
GNQ,SRB,1.0
GNQ,SSD,1.0
GNQ,STP,0.0
GNQ,SUR,1.0
GNQ,SVK,0.0
GNQ,SVN,0.0
GNQ,SWE,0.0
GNQ,SWZ,1.0
GNQ,SXM,0.0
GNQ,SYC,0.0
GNQ,SYR,1.0
GNQ,TCA,0.0
GNQ,TCD,1.0
GNQ,TGO,1.0
GNQ,THA,1.0
GNQ,TJK,1.0
GNQ,TKM,1.0
GNQ,TLS,1.0
GNQ,TON,0.0
GNQ,TTO,1.0
GNQ,TUN,1.0
GNQ,TUR,1.0
GNQ,TUV,0.0
GNQ,TZA,1.0
GNQ,UGA,1.0
GNQ,UKR,1.0
GNQ,URY,0.0
GNQ,UZB,1.0
GNQ,VCT,0.0
GNQ,VEN,1.0
GNQ,VNM,1.0
GNQ,VUT,0.0
GNQ,WSM,0.0
GNQ,YEM,1.0
GNQ,ZAF,1.0
GNQ,ZMB,1.0
GNQ,ZWE,1.0
GRC,ABW,1.0
GRC,AFG,0.0
GRC,AGO,0.0
GRC,ALB,1.0
GRC,AND,1.0
GRC,ARE,1.0
GRC,ARG,0.0
GRC,ARM,0.0
GRC,ASM,1.0
GRC,ATG,1.0
GRC,AUS,1.0
GRC,AUT,1.0
GRC,AZE,0.0
GRC,BDI,0.0
GRC,BEL,1.0
GRC,BEN,0.0
GRC,BFA,0.0
GRC,BGD,0.0
GRC,BGR,1.0
GRC,BHR,1.0
GRC,BHS,1.0
GRC,BIH,0.0
GRC,BLR,0.0
GRC,BLZ,1.0
GRC,BMU,1.0
GRC,BOL,0.0
GRC,BRA,0.0
GRC,BRB,1.0
GRC,BRN,1.0
GRC,BTN,1.0
GRC,BWA,1.0
GRC,CAF,0.0
GRC,CAN,1.0
GRC,CHE,1.0
GRC,CHL,1.0
GRC,CIV,0.0
GRC,CMR,0.0
GRC,COD,0.0
GRC,COG,0.0
GRC,COL,0.0
GRC,COM,0.0
GRC,CPV,1.0
GRC,CRI,1.0
GRC,CUB,0.0
GRC,CUW,1.0
GRC,CYM,1.0
GRC,CYP,1.0
GRC,CZE,1.0
GRC,DEU,1.0
GRC,DJI,1.0
GRC,DMA,1.0
GRC,DNK,1.0
GRC,DOM,0.0
GRC,DZA,0.0
GRC,ECU,0.0
GRC,EGY,0.0
GRC,ESP,1.0
GRC,EST,1.0
GRC,ETH,0.0
GRC,FIN,1.0
GRC,FJI,0.0
GRC,FRA,1.0
GRC,FRO,1.0
GRC,FSM,1.0
GRC,GAB,0.0
GRC,GBR,1.0
GRC,GEO,1.0
GRC,GHA,0.0
GRC,GIN,0.0
GRC,GMB,0.0
GRC,GNB,0.0
GRC,GNQ,0.0
GRC,GRC,1.0
GRC,GRD,1.0
GRC,GRL,1.0
GRC,GTM,0.0
GRC,GUM,1.0
GRC,GUY,0.0
GRC,HKG,1.0
GRC,HND,0.0
GRC,HRV,1.0
GRC,HTI,0.0
GRC,HUN,1.0
GRC,IDN,0.0
GRC,IND,0.0
GRC,IRL,1.0
GRC,IRN,0.0
GRC,IRQ,0.0
GRC,ISL,1.0
GRC,ISR,1.0
GRC,ITA,1.0
GRC,JAM,1.0
GRC,JOR,0.0
GRC,JPN,1.0
GRC,KAZ,0.0
GRC,KEN,0.0
GRC,KGZ,0.0
GRC,KHM,0.0
GRC,KIR,1.0
GRC,KNA,1.0
GRC,KOR,1.0
GRC,KWT,0.0
GRC,LAO,0.0
GRC,LBN,0.0
GRC,LBR,0.0
GRC,LBY,0.0
GRC,LCA,1.0
GRC,LKA,0.0
GRC,LSO,0.0
GRC,LTU,1.0
GRC,LUX,1.0
GRC,LVA,1.0
GRC,MAC,1.0
GRC,MAR,0.0
GRC,MDA,0.0
GRC,MDG,0.0
GRC,MDV,1.0
GRC,MEX,0.0
GRC,MHL,1.0
GRC,MKD,1.0
GRC,MLI,0.0
GRC,MLT,1.0
GRC,MMR,0.0
GRC,MNE,1.0
GRC,MNG,0.0
GRC,MNP,1.0
GRC,MOZ,0.0
GRC,MRT,0.0
GRC,MUS,1.0
GRC,MWI,0.0
GRC,MYS,0.0
GRC,NAM,1.0
GRC,NER,0.0
GRC,NGA,0.0
GRC,NIC,0.0
GRC,NLD,1.0
GRC,NOR,1.0
GRC,NPL,0.0
GRC,NRU,1.0
GRC,NZL,1.0
GRC,OMN,0.0
GRC,PAK,0.0
GRC,PAN,1.0
GRC,PER,0.0
GRC,PHL,0.0
GRC,PLW,1.0
GRC,PNG,0.0
GRC,POL,1.0
GRC,PRT,1.0
GRC,PRY,0.0
GRC,PSE,0.0
GRC,PYF,1.0
GRC,QAT,1.0
GRC,ROU,0.0
GRC,RUS,0.0
GRC,RWA,0.0
GRC,SAU,0.0
GRC,SDN,0.0
GRC,SEN,0.0
GRC,SGP,1.0
GRC,SLB,0.0
GRC,SLE,0.0
GRC,SLV,0.0
GRC,SMR,1.0
GRC,SOM,0.0
GRC,SRB,0.0
GRC,SSD,0.0
GRC,STP,1.0
GRC,SUR,0.0
GRC,SVK,1.0
GRC,SVN,1.0
GRC,SWE,1.0
GRC,SWZ,0.0
GRC,SXM,1.0
GRC,SYC,1.0
GRC,SYR,0.0
GRC,TCA,1.0
GRC,TCD,0.0
GRC,TGO,0.0
GRC,THA,0.0
GRC,TJK,0.0
GRC,TKM,0.0
GRC,TLS,0.0
GRC,TON,1.0
GRC,TTO,0.0
GRC,TUN,0.0
GRC,TUR,0.0
GRC,TUV,1.0
GRC,TZA,0.0
GRC,UGA,0.0
GRC,UKR,0.0
GRC,URY,1.0
GRC,UZB,0.0
GRC,VCT,1.0
GRC,VEN,0.0
GRC,VNM,0.0
GRC,VUT,1.0
GRC,WSM,1.0
GRC,YEM,0.0
GRC,ZAF,0.0
GRC,ZMB,0.0
GRC,ZWE,0.0
GRD,ABW,1.0
GRD,AFG,0.0
GRD,AGO,0.0
GRD,ALB,1.0
GRD,AND,1.0
GRD,ARE,1.0
GRD,ARG,0.0
GRD,ARM,0.0
GRD,ASM,1.0
GRD,ATG,1.0
GRD,AUS,1.0
GRD,AUT,1.0
GRD,AZE,0.0
GRD,BDI,0.0
GRD,BEL,1.0
GRD,BEN,0.0
GRD,BFA,0.0
GRD,BGD,0.0
GRD,BGR,1.0
GRD,BHR,1.0
GRD,BHS,1.0
GRD,BIH,0.0
GRD,BLR,0.0
GRD,BLZ,1.0
GRD,BMU,1.0
GRD,BOL,0.0
GRD,BRA,0.0
GRD,BRB,1.0
GRD,BRN,1.0
GRD,BTN,1.0
GRD,BWA,1.0
GRD,CAF,0.0
GRD,CAN,1.0
GRD,CHE,1.0
GRD,CHL,1.0
GRD,CIV,0.0
GRD,CMR,0.0
GRD,COD,0.0
GRD,COG,0.0
GRD,COL,0.0
GRD,COM,0.0
GRD,CPV,1.0
GRD,CRI,1.0
GRD,CUB,0.0
GRD,CUW,1.0
GRD,CYM,1.0
GRD,CYP,1.0
GRD,CZE,1.0
GRD,DEU,1.0
GRD,DJI,1.0
GRD,DMA,1.0
GRD,DNK,1.0
GRD,DOM,0.0
GRD,DZA,0.0
GRD,ECU,0.0
GRD,EGY,0.0
GRD,ESP,1.0
GRD,EST,1.0
GRD,ETH,0.0
GRD,FIN,1.0
GRD,FJI,0.0
GRD,FRA,1.0
GRD,FRO,1.0
GRD,FSM,1.0
GRD,GAB,0.0
GRD,GBR,1.0
GRD,GEO,1.0
GRD,GHA,0.0
GRD,GIN,0.0
GRD,GMB,0.0
GRD,GNB,0.0
GRD,GNQ,0.0
GRD,GRC,1.0
GRD,GRD,1.0
GRD,GRL,1.0
GRD,GTM,0.0
GRD,GUM,1.0
GRD,GUY,0.0
GRD,HKG,1.0
GRD,HND,0.0
GRD,HRV,1.0
GRD,HTI,0.0
GRD,HUN,1.0
GRD,IDN,0.0
GRD,IND,0.0
GRD,IRL,1.0
GRD,IRN,0.0
GRD,IRQ,0.0
GRD,ISL,1.0
GRD,ISR,1.0
GRD,ITA,1.0
GRD,JAM,1.0
GRD,JOR,0.0
GRD,JPN,1.0
GRD,KAZ,0.0
GRD,KEN,0.0
GRD,KGZ,0.0
GRD,KHM,0.0
GRD,KIR,1.0
GRD,KNA,1.0
GRD,KOR,1.0
GRD,KWT,0.0
GRD,LAO,0.0
GRD,LBN,0.0
GRD,LBR,0.0
GRD,LBY,0.0
GRD,LCA,1.0
GRD,LKA,0.0
GRD,LSO,0.0
GRD,LTU,1.0
GRD,LUX,1.0
GRD,LVA,1.0
GRD,MAC,1.0
GRD,MAR,0.0
GRD,MDA,0.0
GRD,MDG,0.0
GRD,MDV,1.0
GRD,MEX,0.0
GRD,MHL,1.0
GRD,MKD,1.0
GRD,MLI,0.0
GRD,MLT,1.0
GRD,MMR,0.0
GRD,MNE,1.0
GRD,MNG,0.0
GRD,MNP,1.0
GRD,MOZ,0.0
GRD,MRT,0.0
GRD,MUS,1.0
GRD,MWI,0.0
GRD,MYS,0.0
GRD,NAM,1.0
GRD,NER,0.0
GRD,NGA,0.0
GRD,NIC,0.0
GRD,NLD,1.0
GRD,NOR,1.0
GRD,NPL,0.0
GRD,NRU,1.0
GRD,NZL,1.0
GRD,OMN,0.0
GRD,PAK,0.0
GRD,PAN,1.0
GRD,PER,0.0
GRD,PHL,0.0
GRD,PLW,1.0
GRD,PNG,0.0
GRD,POL,1.0
GRD,PRT,1.0
GRD,PRY,0.0
GRD,PSE,0.0
GRD,PYF,1.0
GRD,QAT,1.0
GRD,ROU,0.0
GRD,RUS,0.0
GRD,RWA,0.0
GRD,SAU,0.0
GRD,SDN,0.0
GRD,SEN,0.0
GRD,SGP,1.0
GRD,SLB,0.0
GRD,SLE,0.0
GRD,SLV,0.0
GRD,SMR,1.0
GRD,SOM,0.0
GRD,SRB,0.0
GRD,SSD,0.0
GRD,STP,1.0
GRD,SUR,0.0
GRD,SVK,1.0
GRD,SVN,1.0
GRD,SWE,1.0
GRD,SWZ,0.0
GRD,SXM,1.0
GRD,SYC,1.0
GRD,SYR,0.0
GRD,TCA,1.0
GRD,TCD,0.0
GRD,TGO,0.0
GRD,THA,0.0
GRD,TJK,0.0
GRD,TKM,0.0
GRD,TLS,0.0
GRD,TON,1.0
GRD,TTO,0.0
GRD,TUN,0.0
GRD,TUR,0.0
GRD,TUV,1.0
GRD,TZA,0.0
GRD,UGA,0.0
GRD,UKR,0.0
GRD,URY,1.0
GRD,UZB,0.0
GRD,VCT,1.0
GRD,VEN,0.0
GRD,VNM,0.0
GRD,VUT,1.0
GRD,WSM,1.0
GRD,YEM,0.0
GRD,ZAF,0.0
GRD,ZMB,0.0
GRD,ZWE,0.0
GRL,ABW,1.0
GRL,AFG,0.0
GRL,AGO,0.0
GRL,ALB,1.0
GRL,AND,1.0
GRL,ARE,1.0
GRL,ARG,0.0
GRL,ARM,0.0
GRL,ASM,1.0
GRL,ATG,1.0
GRL,AUS,1.0
GRL,AUT,1.0
GRL,AZE,0.0
GRL,BDI,0.0
GRL,BEL,1.0
GRL,BEN,0.0
GRL,BFA,0.0
GRL,BGD,0.0
GRL,BGR,1.0
GRL,BHR,1.0
GRL,BHS,1.0
GRL,BIH,0.0
GRL,BLR,0.0
GRL,BLZ,1.0
GRL,BMU,1.0
GRL,BOL,0.0
GRL,BRA,0.0
GRL,BRB,1.0
GRL,BRN,1.0
GRL,BTN,1.0
GRL,BWA,1.0
GRL,CAF,0.0
GRL,CAN,1.0
GRL,CHE,1.0
GRL,CHL,1.0
GRL,CIV,0.0
GRL,CMR,0.0
GRL,COD,0.0
GRL,COG,0.0
GRL,COL,0.0
GRL,COM,0.0
GRL,CPV,1.0
GRL,CRI,1.0
GRL,CUB,0.0
GRL,CUW,1.0
GRL,CYM,1.0
GRL,CYP,1.0
GRL,CZE,1.0
GRL,DEU,1.0
GRL,DJI,1.0
GRL,DMA,1.0
GRL,DNK,1.0
GRL,DOM,0.0
GRL,DZA,0.0
GRL,ECU,0.0
GRL,EGY,0.0
GRL,ESP,1.0
GRL,EST,1.0
GRL,ETH,0.0
GRL,FIN,1.0
GRL,FJI,0.0
GRL,FRA,1.0
GRL,FRO,1.0
GRL,FSM,1.0
GRL,GAB,0.0
GRL,GBR,1.0
GRL,GEO,1.0
GRL,GHA,0.0
GRL,GIN,0.0
GRL,GMB,0.0
GRL,GNB,0.0
GRL,GNQ,0.0
GRL,GRC,1.0
GRL,GRD,1.0
GRL,GRL,1.0
GRL,GTM,0.0
GRL,GUM,1.0
GRL,GUY,0.0
GRL,HKG,1.0
GRL,HND,0.0
GRL,HRV,1.0
GRL,HTI,0.0
GRL,HUN,1.0
GRL,IDN,0.0
GRL,IND,0.0
GRL,IRL,1.0
GRL,IRN,0.0
GRL,IRQ,0.0
GRL,ISL,1.0
GRL,ISR,1.0
GRL,ITA,1.0
GRL,JAM,1.0
GRL,JOR,0.0
GRL,JPN,1.0
GRL,KAZ,0.0
GRL,KEN,0.0
GRL,KGZ,0.0
GRL,KHM,0.0
GRL,KIR,1.0
GRL,KNA,1.0
GRL,KOR,1.0
GRL,KWT,0.0
GRL,LAO,0.0
GRL,LBN,0.0
GRL,LBR,0.0
GRL,LBY,0.0
GRL,LCA,1.0
GRL,LKA,0.0
GRL,LSO,0.0
GRL,LTU,1.0
GRL,LUX,1.0
GRL,LVA,1.0
GRL,MAC,1.0
GRL,MAR,0.0
GRL,MDA,0.0
GRL,MDG,0.0
GRL,MDV,1.0
GRL,MEX,0.0
GRL,MHL,1.0
GRL,MKD,1.0
GRL,MLI,0.0
GRL,MLT,1.0
GRL,MMR,0.0
GRL,MNE,1.0
GRL,MNG,0.0
GRL,MNP,1.0
GRL,MOZ,0.0
GRL,MRT,0.0
GRL,MUS,1.0
GRL,MWI,0.0
GRL,MYS,0.0
GRL,NAM,1.0
GRL,NER,0.0
GRL,NGA,0.0
GRL,NIC,0.0
GRL,NLD,1.0
GRL,NOR,1.0
GRL,NPL,0.0
GRL,NRU,1.0
GRL,NZL,1.0
GRL,OMN,0.0
GRL,PAK,0.0
GRL,PAN,1.0
GRL,PER,0.0
GRL,PHL,0.0
GRL,PLW,1.0
GRL,PNG,0.0
GRL,POL,1.0
GRL,PRT,1.0
GRL,PRY,0.0
GRL,PSE,0.0
GRL,PYF,1.0
GRL,QAT,1.0
GRL,ROU,0.0
GRL,RUS,0.0
GRL,RWA,0.0
GRL,SAU,0.0
GRL,SDN,0.0
GRL,SEN,0.0
GRL,SGP,1.0
GRL,SLB,0.0
GRL,SLE,0.0
GRL,SLV,0.0
GRL,SMR,1.0
GRL,SOM,0.0
GRL,SRB,0.0
GRL,SSD,0.0
GRL,STP,1.0
GRL,SUR,0.0
GRL,SVK,1.0
GRL,SVN,1.0
GRL,SWE,1.0
GRL,SWZ,0.0
GRL,SXM,1.0
GRL,SYC,1.0
GRL,SYR,0.0
GRL,TCA,1.0
GRL,TCD,0.0
GRL,TGO,0.0
GRL,THA,0.0
GRL,TJK,0.0
GRL,TKM,0.0
GRL,TLS,0.0
GRL,TON,1.0
GRL,TTO,0.0
GRL,TUN,0.0
GRL,TUR,0.0
GRL,TUV,1.0
GRL,TZA,0.0
GRL,UGA,0.0
GRL,UKR,0.0
GRL,URY,1.0
GRL,UZB,0.0
GRL,VCT,1.0
GRL,VEN,0.0
GRL,VNM,0.0
GRL,VUT,1.0
GRL,WSM,1.0
GRL,YEM,0.0
GRL,ZAF,0.0
GRL,ZMB,0.0
GRL,ZWE,0.0
GTM,ABW,0.0
GTM,AFG,1.0
GTM,AGO,1.0
GTM,ALB,0.0
GTM,AND,0.0
GTM,ARE,0.0
GTM,ARG,1.0
GTM,ARM,1.0
GTM,ASM,0.0
GTM,ATG,0.0
GTM,AUS,0.0
GTM,AUT,0.0
GTM,AZE,1.0
GTM,BDI,1.0
GTM,BEL,0.0
GTM,BEN,1.0
GTM,BFA,1.0
GTM,BGD,1.0
GTM,BGR,0.0
GTM,BHR,0.0
GTM,BHS,0.0
GTM,BIH,1.0
GTM,BLR,1.0
GTM,BLZ,0.0
GTM,BMU,0.0
GTM,BOL,1.0
GTM,BRA,1.0
GTM,BRB,0.0
GTM,BRN,0.0
GTM,BTN,0.0
GTM,BWA,0.0
GTM,CAF,1.0
GTM,CAN,0.0
GTM,CHE,0.0
GTM,CHL,0.0
GTM,CIV,1.0
GTM,CMR,1.0
GTM,COD,1.0
GTM,COG,1.0
GTM,COL,1.0
GTM,COM,1.0
GTM,CPV,0.0
GTM,CRI,0.0
GTM,CUB,1.0
GTM,CUW,0.0
GTM,CYM,0.0
GTM,CYP,0.0
GTM,CZE,0.0
GTM,DEU,0.0
GTM,DJI,0.0
GTM,DMA,0.0
GTM,DNK,0.0
GTM,DOM,1.0
GTM,DZA,1.0
GTM,ECU,1.0
GTM,EGY,1.0
GTM,ESP,0.0
GTM,EST,0.0
GTM,ETH,1.0
GTM,FIN,0.0
GTM,FJI,1.0
GTM,FRA,0.0
GTM,FRO,0.0
GTM,FSM,0.0
GTM,GAB,1.0
GTM,GBR,0.0
GTM,GEO,0.0
GTM,GHA,1.0
GTM,GIN,1.0
GTM,GMB,1.0
GTM,GNB,1.0
GTM,GNQ,1.0
GTM,GRC,0.0
GTM,GRD,0.0
GTM,GRL,0.0
GTM,GTM,1.0
GTM,GUM,0.0
GTM,GUY,1.0
GTM,HKG,0.0
GTM,HND,1.0
GTM,HRV,0.0
GTM,HTI,1.0
GTM,HUN,0.0
GTM,IDN,1.0
GTM,IND,1.0
GTM,IRL,0.0
GTM,IRN,1.0
GTM,IRQ,1.0
GTM,ISL,0.0
GTM,ISR,0.0
GTM,ITA,0.0
GTM,JAM,0.0
GTM,JOR,1.0
GTM,JPN,0.0
GTM,KAZ,1.0
GTM,KEN,1.0
GTM,KGZ,1.0
GTM,KHM,1.0
GTM,KIR,0.0
GTM,KNA,0.0
GTM,KOR,0.0
GTM,KWT,1.0
GTM,LAO,1.0
GTM,LBN,1.0
GTM,LBR,1.0
GTM,LBY,1.0
GTM,LCA,0.0
GTM,LKA,1.0
GTM,LSO,1.0
GTM,LTU,0.0
GTM,LUX,0.0
GTM,LVA,0.0
GTM,MAC,0.0
GTM,MAR,1.0
GTM,MDA,1.0
GTM,MDG,1.0
GTM,MDV,0.0
GTM,MEX,1.0
GTM,MHL,0.0
GTM,MKD,0.0
GTM,MLI,1.0
GTM,MLT,0.0
GTM,MMR,1.0
GTM,MNE,0.0
GTM,MNG,1.0
GTM,MNP,0.0
GTM,MOZ,1.0
GTM,MRT,1.0
GTM,MUS,0.0
GTM,MWI,1.0
GTM,MYS,1.0
GTM,NAM,0.0
GTM,NER,1.0
GTM,NGA,1.0
GTM,NIC,1.0
GTM,NLD,0.0
GTM,NOR,0.0
GTM,NPL,1.0
GTM,NRU,0.0
GTM,NZL,0.0
GTM,OMN,1.0
GTM,PAK,1.0
GTM,PAN,0.0
GTM,PER,1.0
GTM,PHL,1.0
GTM,PLW,0.0
GTM,PNG,1.0
GTM,POL,0.0
GTM,PRT,0.0
GTM,PRY,1.0
GTM,PSE,1.0
GTM,PYF,0.0
GTM,QAT,0.0
GTM,ROU,1.0
GTM,RUS,1.0
GTM,RWA,1.0
GTM,SAU,1.0
GTM,SDN,1.0
GTM,SEN,1.0
GTM,SGP,0.0
GTM,SLB,1.0
GTM,SLE,1.0
GTM,SLV,1.0
GTM,SMR,0.0
GTM,SOM,1.0
GTM,SRB,1.0
GTM,SSD,1.0
GTM,STP,0.0
GTM,SUR,1.0
GTM,SVK,0.0
GTM,SVN,0.0
GTM,SWE,0.0
GTM,SWZ,1.0
GTM,SXM,0.0
GTM,SYC,0.0
GTM,SYR,1.0
GTM,TCA,0.0
GTM,TCD,1.0
GTM,TGO,1.0
GTM,THA,1.0
GTM,TJK,1.0
GTM,TKM,1.0
GTM,TLS,1.0
GTM,TON,0.0
GTM,TTO,1.0
GTM,TUN,1.0
GTM,TUR,1.0
GTM,TUV,0.0
GTM,TZA,1.0
GTM,UGA,1.0
GTM,UKR,1.0
GTM,URY,0.0
GTM,UZB,1.0
GTM,VCT,0.0
GTM,VEN,1.0
GTM,VNM,1.0
GTM,VUT,0.0
GTM,WSM,0.0
GTM,YEM,1.0
GTM,ZAF,1.0
GTM,ZMB,1.0
GTM,ZWE,1.0
GUM,ABW,1.0
GUM,AFG,0.0
GUM,AGO,0.0
GUM,ALB,1.0
GUM,AND,1.0
GUM,ARE,1.0
GUM,ARG,0.0
GUM,ARM,0.0
GUM,ASM,1.0
GUM,ATG,1.0
GUM,AUS,1.0
GUM,AUT,1.0
GUM,AZE,0.0
GUM,BDI,0.0
GUM,BEL,1.0
GUM,BEN,0.0
GUM,BFA,0.0
GUM,BGD,0.0
GUM,BGR,1.0
GUM,BHR,1.0
GUM,BHS,1.0
GUM,BIH,0.0
GUM,BLR,0.0
GUM,BLZ,1.0
GUM,BMU,1.0
GUM,BOL,0.0
GUM,BRA,0.0
GUM,BRB,1.0
GUM,BRN,1.0
GUM,BTN,1.0
GUM,BWA,1.0
GUM,CAF,0.0
GUM,CAN,1.0
GUM,CHE,1.0
GUM,CHL,1.0
GUM,CIV,0.0
GUM,CMR,0.0
GUM,COD,0.0
GUM,COG,0.0
GUM,COL,0.0
GUM,COM,0.0
GUM,CPV,1.0
GUM,CRI,1.0
GUM,CUB,0.0
GUM,CUW,1.0
GUM,CYM,1.0
GUM,CYP,1.0
GUM,CZE,1.0
GUM,DEU,1.0
GUM,DJI,1.0
GUM,DMA,1.0
GUM,DNK,1.0
GUM,DOM,0.0
GUM,DZA,0.0
GUM,ECU,0.0
GUM,EGY,0.0
GUM,ESP,1.0
GUM,EST,1.0
GUM,ETH,0.0
GUM,FIN,1.0
GUM,FJI,0.0
GUM,FRA,1.0
GUM,FRO,1.0
GUM,FSM,1.0
GUM,GAB,0.0
GUM,GBR,1.0
GUM,GEO,1.0
GUM,GHA,0.0
GUM,GIN,0.0
GUM,GMB,0.0
GUM,GNB,0.0
GUM,GNQ,0.0
GUM,GRC,1.0
GUM,GRD,1.0
GUM,GRL,1.0
GUM,GTM,0.0
GUM,GUM,1.0
GUM,GUY,0.0
GUM,HKG,1.0
GUM,HND,0.0
GUM,HRV,1.0
GUM,HTI,0.0
GUM,HUN,1.0
GUM,IDN,0.0
GUM,IND,0.0
GUM,IRL,1.0
GUM,IRN,0.0
GUM,IRQ,0.0
GUM,ISL,1.0
GUM,ISR,1.0
GUM,ITA,1.0
GUM,JAM,1.0
GUM,JOR,0.0
GUM,JPN,1.0
GUM,KAZ,0.0
GUM,KEN,0.0
GUM,KGZ,0.0
GUM,KHM,0.0
GUM,KIR,1.0
GUM,KNA,1.0
GUM,KOR,1.0
GUM,KWT,0.0
GUM,LAO,0.0
GUM,LBN,0.0
GUM,LBR,0.0
GUM,LBY,0.0
GUM,LCA,1.0
GUM,LKA,0.0
GUM,LSO,0.0
GUM,LTU,1.0
GUM,LUX,1.0
GUM,LVA,1.0
GUM,MAC,1.0
GUM,MAR,0.0
GUM,MDA,0.0
GUM,MDG,0.0
GUM,MDV,1.0
GUM,MEX,0.0
GUM,MHL,1.0
GUM,MKD,1.0
GUM,MLI,0.0
GUM,MLT,1.0
GUM,MMR,0.0
GUM,MNE,1.0
GUM,MNG,0.0
GUM,MNP,1.0
GUM,MOZ,0.0
GUM,MRT,0.0
GUM,MUS,1.0
GUM,MWI,0.0
GUM,MYS,0.0
GUM,NAM,1.0
GUM,NER,0.0
GUM,NGA,0.0
GUM,NIC,0.0
GUM,NLD,1.0
GUM,NOR,1.0
GUM,NPL,0.0
GUM,NRU,1.0
GUM,NZL,1.0
GUM,OMN,0.0
GUM,PAK,0.0
GUM,PAN,1.0
GUM,PER,0.0
GUM,PHL,0.0
GUM,PLW,1.0
GUM,PNG,0.0
GUM,POL,1.0
GUM,PRT,1.0
GUM,PRY,0.0
GUM,PSE,0.0
GUM,PYF,1.0
GUM,QAT,1.0
GUM,ROU,0.0
GUM,RUS,0.0
GUM,RWA,0.0
GUM,SAU,0.0
GUM,SDN,0.0
GUM,SEN,0.0
GUM,SGP,1.0
GUM,SLB,0.0
GUM,SLE,0.0
GUM,SLV,0.0
GUM,SMR,1.0
GUM,SOM,0.0
GUM,SRB,0.0
GUM,SSD,0.0
GUM,STP,1.0
GUM,SUR,0.0
GUM,SVK,1.0
GUM,SVN,1.0
GUM,SWE,1.0
GUM,SWZ,0.0
GUM,SXM,1.0
GUM,SYC,1.0
GUM,SYR,0.0
GUM,TCA,1.0
GUM,TCD,0.0
GUM,TGO,0.0
GUM,THA,0.0
GUM,TJK,0.0
GUM,TKM,0.0
GUM,TLS,0.0
GUM,TON,1.0
GUM,TTO,0.0
GUM,TUN,0.0
GUM,TUR,0.0
GUM,TUV,1.0
GUM,TZA,0.0
GUM,UGA,0.0
GUM,UKR,0.0
GUM,URY,1.0
GUM,UZB,0.0
GUM,VCT,1.0
GUM,VEN,0.0
GUM,VNM,0.0
GUM,VUT,1.0
GUM,WSM,1.0
GUM,YEM,0.0
GUM,ZAF,0.0
GUM,ZMB,0.0
GUM,ZWE,0.0
GUY,ABW,0.0
GUY,AFG,1.0
GUY,AGO,1.0
GUY,ALB,0.0
GUY,AND,0.0
GUY,ARE,0.0
GUY,ARG,1.0
GUY,ARM,1.0
GUY,ASM,0.0
GUY,ATG,0.0
GUY,AUS,0.0
GUY,AUT,0.0
GUY,AZE,1.0
GUY,BDI,1.0
GUY,BEL,0.0
GUY,BEN,1.0
GUY,BFA,1.0
GUY,BGD,1.0
GUY,BGR,0.0
GUY,BHR,0.0
GUY,BHS,0.0
GUY,BIH,1.0
GUY,BLR,1.0
GUY,BLZ,0.0
GUY,BMU,0.0
GUY,BOL,1.0
GUY,BRA,1.0
GUY,BRB,0.0
GUY,BRN,0.0
GUY,BTN,0.0
GUY,BWA,0.0
GUY,CAF,1.0
GUY,CAN,0.0
GUY,CHE,0.0
GUY,CHL,0.0
GUY,CIV,1.0
GUY,CMR,1.0
GUY,COD,1.0
GUY,COG,1.0
GUY,COL,1.0
GUY,COM,1.0
GUY,CPV,0.0
GUY,CRI,0.0
GUY,CUB,1.0
GUY,CUW,0.0
GUY,CYM,0.0
GUY,CYP,0.0
GUY,CZE,0.0
GUY,DEU,0.0
GUY,DJI,0.0
GUY,DMA,0.0
GUY,DNK,0.0
GUY,DOM,1.0
GUY,DZA,1.0
GUY,ECU,1.0
GUY,EGY,1.0
GUY,ESP,0.0
GUY,EST,0.0
GUY,ETH,1.0
GUY,FIN,0.0
GUY,FJI,1.0
GUY,FRA,0.0
GUY,FRO,0.0
GUY,FSM,0.0
GUY,GAB,1.0
GUY,GBR,0.0
GUY,GEO,0.0
GUY,GHA,1.0
GUY,GIN,1.0
GUY,GMB,1.0
GUY,GNB,1.0
GUY,GNQ,1.0
GUY,GRC,0.0
GUY,GRD,0.0
GUY,GRL,0.0
GUY,GTM,1.0
GUY,GUM,0.0
GUY,GUY,1.0
GUY,HKG,0.0
GUY,HND,1.0
GUY,HRV,0.0
GUY,HTI,1.0
GUY,HUN,0.0
GUY,IDN,1.0
GUY,IND,1.0
GUY,IRL,0.0
GUY,IRN,1.0
GUY,IRQ,1.0
GUY,ISL,0.0
GUY,ISR,0.0
GUY,ITA,0.0
GUY,JAM,0.0
GUY,JOR,1.0
GUY,JPN,0.0
GUY,KAZ,1.0
GUY,KEN,1.0
GUY,KGZ,1.0
GUY,KHM,1.0
GUY,KIR,0.0
GUY,KNA,0.0
GUY,KOR,0.0
GUY,KWT,1.0
GUY,LAO,1.0
GUY,LBN,1.0
GUY,LBR,1.0
GUY,LBY,1.0
GUY,LCA,0.0
GUY,LKA,1.0
GUY,LSO,1.0
GUY,LTU,0.0
GUY,LUX,0.0
GUY,LVA,0.0
GUY,MAC,0.0
GUY,MAR,1.0
GUY,MDA,1.0
GUY,MDG,1.0
GUY,MDV,0.0
GUY,MEX,1.0
GUY,MHL,0.0
GUY,MKD,0.0
GUY,MLI,1.0
GUY,MLT,0.0
GUY,MMR,1.0
GUY,MNE,0.0
GUY,MNG,1.0
GUY,MNP,0.0
GUY,MOZ,1.0
GUY,MRT,1.0
GUY,MUS,0.0
GUY,MWI,1.0
GUY,MYS,1.0
GUY,NAM,0.0
GUY,NER,1.0
GUY,NGA,1.0
GUY,NIC,1.0
GUY,NLD,0.0
GUY,NOR,0.0
GUY,NPL,1.0
GUY,NRU,0.0
GUY,NZL,0.0
GUY,OMN,1.0
GUY,PAK,1.0
GUY,PAN,0.0
GUY,PER,1.0
GUY,PHL,1.0
GUY,PLW,0.0
GUY,PNG,1.0
GUY,POL,0.0
GUY,PRT,0.0
GUY,PRY,1.0
GUY,PSE,1.0
GUY,PYF,0.0
GUY,QAT,0.0
GUY,ROU,1.0
GUY,RUS,1.0
GUY,RWA,1.0
GUY,SAU,1.0
GUY,SDN,1.0
GUY,SEN,1.0
GUY,SGP,0.0
GUY,SLB,1.0
GUY,SLE,1.0
GUY,SLV,1.0
GUY,SMR,0.0
GUY,SOM,1.0
GUY,SRB,1.0
GUY,SSD,1.0
GUY,STP,0.0
GUY,SUR,1.0
GUY,SVK,0.0
GUY,SVN,0.0
GUY,SWE,0.0
GUY,SWZ,1.0
GUY,SXM,0.0
GUY,SYC,0.0
GUY,SYR,1.0
GUY,TCA,0.0
GUY,TCD,1.0
GUY,TGO,1.0
GUY,THA,1.0
GUY,TJK,1.0
GUY,TKM,1.0
GUY,TLS,1.0
GUY,TON,0.0
GUY,TTO,1.0
GUY,TUN,1.0
GUY,TUR,1.0
GUY,TUV,0.0
GUY,TZA,1.0
GUY,UGA,1.0
GUY,UKR,1.0
GUY,URY,0.0
GUY,UZB,1.0
GUY,VCT,0.0
GUY,VEN,1.0
GUY,VNM,1.0
GUY,VUT,0.0
GUY,WSM,0.0
GUY,YEM,1.0
GUY,ZAF,1.0
GUY,ZMB,1.0
GUY,ZWE,1.0
HKG,ABW,1.0
HKG,AFG,0.0
HKG,AGO,0.0
HKG,ALB,1.0
HKG,AND,1.0
HKG,ARE,1.0
HKG,ARG,0.0
HKG,ARM,0.0
HKG,ASM,1.0
HKG,ATG,1.0
HKG,AUS,1.0
HKG,AUT,1.0
HKG,AZE,0.0
HKG,BDI,0.0
HKG,BEL,1.0
HKG,BEN,0.0
HKG,BFA,0.0
HKG,BGD,0.0
HKG,BGR,1.0
HKG,BHR,1.0
HKG,BHS,1.0
HKG,BIH,0.0
HKG,BLR,0.0
HKG,BLZ,1.0
HKG,BMU,1.0
HKG,BOL,0.0
HKG,BRA,0.0
HKG,BRB,1.0
HKG,BRN,1.0
HKG,BTN,1.0
HKG,BWA,1.0
HKG,CAF,0.0
HKG,CAN,1.0
HKG,CHE,1.0
HKG,CHL,1.0
HKG,CIV,0.0
HKG,CMR,0.0
HKG,COD,0.0
HKG,COG,0.0
HKG,COL,0.0
HKG,COM,0.0
HKG,CPV,1.0
HKG,CRI,1.0
HKG,CUB,0.0
HKG,CUW,1.0
HKG,CYM,1.0
HKG,CYP,1.0
HKG,CZE,1.0
HKG,DEU,1.0
HKG,DJI,1.0
HKG,DMA,1.0
HKG,DNK,1.0
HKG,DOM,0.0
HKG,DZA,0.0
HKG,ECU,0.0
HKG,EGY,0.0
HKG,ESP,1.0
HKG,EST,1.0
HKG,ETH,0.0
HKG,FIN,1.0
HKG,FJI,0.0
HKG,FRA,1.0
HKG,FRO,1.0
HKG,FSM,1.0
HKG,GAB,0.0
HKG,GBR,1.0
HKG,GEO,1.0
HKG,GHA,0.0
HKG,GIN,0.0
HKG,GMB,0.0
HKG,GNB,0.0
HKG,GNQ,0.0
HKG,GRC,1.0
HKG,GRD,1.0
HKG,GRL,1.0
HKG,GTM,0.0
HKG,GUM,1.0
HKG,GUY,0.0
HKG,HKG,1.0
HKG,HND,0.0
HKG,HRV,1.0
HKG,HTI,0.0
HKG,HUN,1.0
HKG,IDN,0.0
HKG,IND,0.0
HKG,IRL,1.0
HKG,IRN,0.0
HKG,IRQ,0.0
HKG,ISL,1.0
HKG,ISR,1.0
HKG,ITA,1.0
HKG,JAM,1.0
HKG,JOR,0.0
HKG,JPN,1.0
HKG,KAZ,0.0
HKG,KEN,0.0
HKG,KGZ,0.0
HKG,KHM,0.0
HKG,KIR,1.0
HKG,KNA,1.0
HKG,KOR,1.0
HKG,KWT,0.0
HKG,LAO,0.0
HKG,LBN,0.0
HKG,LBR,0.0
HKG,LBY,0.0
HKG,LCA,1.0
HKG,LKA,0.0
HKG,LSO,0.0
HKG,LTU,1.0
HKG,LUX,1.0
HKG,LVA,1.0
HKG,MAC,1.0
HKG,MAR,0.0
HKG,MDA,0.0
HKG,MDG,0.0
HKG,MDV,1.0
HKG,MEX,0.0
HKG,MHL,1.0
HKG,MKD,1.0
HKG,MLI,0.0
HKG,MLT,1.0
HKG,MMR,0.0
HKG,MNE,1.0
HKG,MNG,0.0
HKG,MNP,1.0
HKG,MOZ,0.0
HKG,MRT,0.0
HKG,MUS,1.0
HKG,MWI,0.0
HKG,MYS,0.0
HKG,NAM,1.0
HKG,NER,0.0
HKG,NGA,0.0
HKG,NIC,0.0
HKG,NLD,1.0
HKG,NOR,1.0
HKG,NPL,0.0
HKG,NRU,1.0
HKG,NZL,1.0
HKG,OMN,0.0
HKG,PAK,0.0
HKG,PAN,1.0
HKG,PER,0.0
HKG,PHL,0.0
HKG,PLW,1.0
HKG,PNG,0.0
HKG,POL,1.0
HKG,PRT,1.0
HKG,PRY,0.0
HKG,PSE,0.0
HKG,PYF,1.0
HKG,QAT,1.0
HKG,ROU,0.0
HKG,RUS,0.0
HKG,RWA,0.0
HKG,SAU,0.0
HKG,SDN,0.0
HKG,SEN,0.0
HKG,SGP,1.0
HKG,SLB,0.0
HKG,SLE,0.0
HKG,SLV,0.0
HKG,SMR,1.0
HKG,SOM,0.0
HKG,SRB,0.0
HKG,SSD,0.0
HKG,STP,1.0
HKG,SUR,0.0
HKG,SVK,1.0
HKG,SVN,1.0
HKG,SWE,1.0
HKG,SWZ,0.0
HKG,SXM,1.0
HKG,SYC,1.0
HKG,SYR,0.0
HKG,TCA,1.0
HKG,TCD,0.0
HKG,TGO,0.0
HKG,THA,0.0
HKG,TJK,0.0
HKG,TKM,0.0
HKG,TLS,0.0
HKG,TON,1.0
HKG,TTO,0.0
HKG,TUN,0.0
HKG,TUR,0.0
HKG,TUV,1.0
HKG,TZA,0.0
HKG,UGA,0.0
HKG,UKR,0.0
HKG,URY,1.0
HKG,UZB,0.0
HKG,VCT,1.0
HKG,VEN,0.0
HKG,VNM,0.0
HKG,VUT,1.0
HKG,WSM,1.0
HKG,YEM,0.0
HKG,ZAF,0.0
HKG,ZMB,0.0
HKG,ZWE,0.0
HND,ABW,0.0
HND,AFG,1.0
HND,AGO,1.0
HND,ALB,0.0
HND,AND,0.0
HND,ARE,0.0
HND,ARG,1.0
HND,ARM,1.0
HND,ASM,0.0
HND,ATG,0.0
HND,AUS,0.0
HND,AUT,0.0
HND,AZE,1.0
HND,BDI,1.0
HND,BEL,0.0
HND,BEN,1.0
HND,BFA,1.0
HND,BGD,1.0
HND,BGR,0.0
HND,BHR,0.0
HND,BHS,0.0
HND,BIH,1.0
HND,BLR,1.0
HND,BLZ,0.0
HND,BMU,0.0
HND,BOL,1.0
HND,BRA,1.0
HND,BRB,0.0
HND,BRN,0.0
HND,BTN,0.0
HND,BWA,0.0
HND,CAF,1.0
HND,CAN,0.0
HND,CHE,0.0
HND,CHL,0.0
HND,CIV,1.0
HND,CMR,1.0
HND,COD,1.0
HND,COG,1.0
HND,COL,1.0
HND,COM,1.0
HND,CPV,0.0
HND,CRI,0.0
HND,CUB,1.0
HND,CUW,0.0
HND,CYM,0.0
HND,CYP,0.0
HND,CZE,0.0
HND,DEU,0.0
HND,DJI,0.0
HND,DMA,0.0
HND,DNK,0.0
HND,DOM,1.0
HND,DZA,1.0
HND,ECU,1.0
HND,EGY,1.0
HND,ESP,0.0
HND,EST,0.0
HND,ETH,1.0
HND,FIN,0.0
HND,FJI,1.0
HND,FRA,0.0
HND,FRO,0.0
HND,FSM,0.0
HND,GAB,1.0
HND,GBR,0.0
HND,GEO,0.0
HND,GHA,1.0
HND,GIN,1.0
HND,GMB,1.0
HND,GNB,1.0
HND,GNQ,1.0
HND,GRC,0.0
HND,GRD,0.0
HND,GRL,0.0
HND,GTM,1.0
HND,GUM,0.0
HND,GUY,1.0
HND,HKG,0.0
HND,HND,1.0
HND,HRV,0.0
HND,HTI,1.0
HND,HUN,0.0
HND,IDN,1.0
HND,IND,1.0
HND,IRL,0.0
HND,IRN,1.0
HND,IRQ,1.0
HND,ISL,0.0
HND,ISR,0.0
HND,ITA,0.0
HND,JAM,0.0
HND,JOR,1.0
HND,JPN,0.0
HND,KAZ,1.0
HND,KEN,1.0
HND,KGZ,1.0
HND,KHM,1.0
HND,KIR,0.0
HND,KNA,0.0
HND,KOR,0.0
HND,KWT,1.0
HND,LAO,1.0
HND,LBN,1.0
HND,LBR,1.0
HND,LBY,1.0
HND,LCA,0.0
HND,LKA,1.0
HND,LSO,1.0
HND,LTU,0.0
HND,LUX,0.0
HND,LVA,0.0
HND,MAC,0.0
HND,MAR,1.0
HND,MDA,1.0
HND,MDG,1.0
HND,MDV,0.0
HND,MEX,1.0
HND,MHL,0.0
HND,MKD,0.0
HND,MLI,1.0
HND,MLT,0.0
HND,MMR,1.0
HND,MNE,0.0
HND,MNG,1.0
HND,MNP,0.0
HND,MOZ,1.0
HND,MRT,1.0
HND,MUS,0.0
HND,MWI,1.0
HND,MYS,1.0
HND,NAM,0.0
HND,NER,1.0
HND,NGA,1.0
HND,NIC,1.0
HND,NLD,0.0
HND,NOR,0.0
HND,NPL,1.0
HND,NRU,0.0
HND,NZL,0.0
HND,OMN,1.0
HND,PAK,1.0
HND,PAN,0.0
HND,PER,1.0
HND,PHL,1.0
HND,PLW,0.0
HND,PNG,1.0
HND,POL,0.0
HND,PRT,0.0
HND,PRY,1.0
HND,PSE,1.0
HND,PYF,0.0
HND,QAT,0.0
HND,ROU,1.0
HND,RUS,1.0
HND,RWA,1.0
HND,SAU,1.0
HND,SDN,1.0
HND,SEN,1.0
HND,SGP,0.0
HND,SLB,1.0
HND,SLE,1.0
HND,SLV,1.0
HND,SMR,0.0
HND,SOM,1.0
HND,SRB,1.0
HND,SSD,1.0
HND,STP,0.0
HND,SUR,1.0
HND,SVK,0.0
HND,SVN,0.0
HND,SWE,0.0
HND,SWZ,1.0
HND,SXM,0.0
HND,SYC,0.0
HND,SYR,1.0
HND,TCA,0.0
HND,TCD,1.0
HND,TGO,1.0
HND,THA,1.0
HND,TJK,1.0
HND,TKM,1.0
HND,TLS,1.0
HND,TON,0.0
HND,TTO,1.0
HND,TUN,1.0
HND,TUR,1.0
HND,TUV,0.0
HND,TZA,1.0
HND,UGA,1.0
HND,UKR,1.0
HND,URY,0.0
HND,UZB,1.0
HND,VCT,0.0
HND,VEN,1.0
HND,VNM,1.0
HND,VUT,0.0
HND,WSM,0.0
HND,YEM,1.0
HND,ZAF,1.0
HND,ZMB,1.0
HND,ZWE,1.0
HRV,ABW,1.0
HRV,AFG,0.0
HRV,AGO,0.0
HRV,ALB,1.0
HRV,AND,1.0
HRV,ARE,1.0
HRV,ARG,0.0
HRV,ARM,0.0
HRV,ASM,1.0
HRV,ATG,1.0
HRV,AUS,1.0
HRV,AUT,1.0
HRV,AZE,0.0
HRV,BDI,0.0
HRV,BEL,1.0
HRV,BEN,0.0
HRV,BFA,0.0
HRV,BGD,0.0
HRV,BGR,1.0
HRV,BHR,1.0
HRV,BHS,1.0
HRV,BIH,0.0
HRV,BLR,0.0
HRV,BLZ,1.0
HRV,BMU,1.0
HRV,BOL,0.0
HRV,BRA,0.0
HRV,BRB,1.0
HRV,BRN,1.0
HRV,BTN,1.0
HRV,BWA,1.0
HRV,CAF,0.0
HRV,CAN,1.0
HRV,CHE,1.0
HRV,CHL,1.0
HRV,CIV,0.0
HRV,CMR,0.0
HRV,COD,0.0
HRV,COG,0.0
HRV,COL,0.0
HRV,COM,0.0
HRV,CPV,1.0
HRV,CRI,1.0
HRV,CUB,0.0
HRV,CUW,1.0
HRV,CYM,1.0
HRV,CYP,1.0
HRV,CZE,1.0
HRV,DEU,1.0
HRV,DJI,1.0
HRV,DMA,1.0
HRV,DNK,1.0
HRV,DOM,0.0
HRV,DZA,0.0
HRV,ECU,0.0
HRV,EGY,0.0
HRV,ESP,1.0
HRV,EST,1.0
HRV,ETH,0.0
HRV,FIN,1.0
HRV,FJI,0.0
HRV,FRA,1.0
HRV,FRO,1.0
HRV,FSM,1.0
HRV,GAB,0.0
HRV,GBR,1.0
HRV,GEO,1.0
HRV,GHA,0.0
HRV,GIN,0.0
HRV,GMB,0.0
HRV,GNB,0.0
HRV,GNQ,0.0
HRV,GRC,1.0
HRV,GRD,1.0
HRV,GRL,1.0
HRV,GTM,0.0
HRV,GUM,1.0
HRV,GUY,0.0
HRV,HKG,1.0
HRV,HND,0.0
HRV,HRV,1.0
HRV,HTI,0.0
HRV,HUN,1.0
HRV,IDN,0.0
HRV,IND,0.0
HRV,IRL,1.0
HRV,IRN,0.0
HRV,IRQ,0.0
HRV,ISL,1.0
HRV,ISR,1.0
HRV,ITA,1.0
HRV,JAM,1.0
HRV,JOR,0.0
HRV,JPN,1.0
HRV,KAZ,0.0
HRV,KEN,0.0
HRV,KGZ,0.0
HRV,KHM,0.0
HRV,KIR,1.0
HRV,KNA,1.0
HRV,KOR,1.0
HRV,KWT,0.0
HRV,LAO,0.0
HRV,LBN,0.0
HRV,LBR,0.0
HRV,LBY,0.0
HRV,LCA,1.0
HRV,LKA,0.0
HRV,LSO,0.0
HRV,LTU,1.0
HRV,LUX,1.0
HRV,LVA,1.0
HRV,MAC,1.0
HRV,MAR,0.0
HRV,MDA,0.0
HRV,MDG,0.0
HRV,MDV,1.0
HRV,MEX,0.0
HRV,MHL,1.0
HRV,MKD,1.0
HRV,MLI,0.0
HRV,MLT,1.0
HRV,MMR,0.0
HRV,MNE,1.0
HRV,MNG,0.0
HRV,MNP,1.0
HRV,MOZ,0.0
HRV,MRT,0.0
HRV,MUS,1.0
HRV,MWI,0.0
HRV,MYS,0.0
HRV,NAM,1.0
HRV,NER,0.0
HRV,NGA,0.0
HRV,NIC,0.0
HRV,NLD,1.0
HRV,NOR,1.0
HRV,NPL,0.0
HRV,NRU,1.0
HRV,NZL,1.0
HRV,OMN,0.0
HRV,PAK,0.0
HRV,PAN,1.0
HRV,PER,0.0
HRV,PHL,0.0
HRV,PLW,1.0
HRV,PNG,0.0
HRV,POL,1.0
HRV,PRT,1.0
HRV,PRY,0.0
HRV,PSE,0.0
HRV,PYF,1.0
HRV,QAT,1.0
HRV,ROU,0.0
HRV,RUS,0.0
HRV,RWA,0.0
HRV,SAU,0.0
HRV,SDN,0.0
HRV,SEN,0.0
HRV,SGP,1.0
HRV,SLB,0.0
HRV,SLE,0.0
HRV,SLV,0.0
HRV,SMR,1.0
HRV,SOM,0.0
HRV,SRB,0.0
HRV,SSD,0.0
HRV,STP,1.0
HRV,SUR,0.0
HRV,SVK,1.0
HRV,SVN,1.0
HRV,SWE,1.0
HRV,SWZ,0.0
HRV,SXM,1.0
HRV,SYC,1.0
HRV,SYR,0.0
HRV,TCA,1.0
HRV,TCD,0.0
HRV,TGO,0.0
HRV,THA,0.0
HRV,TJK,0.0
HRV,TKM,0.0
HRV,TLS,0.0
HRV,TON,1.0
HRV,TTO,0.0
HRV,TUN,0.0
HRV,TUR,0.0
HRV,TUV,1.0
HRV,TZA,0.0
HRV,UGA,0.0
HRV,UKR,0.0
HRV,URY,1.0
HRV,UZB,0.0
HRV,VCT,1.0
HRV,VEN,0.0
HRV,VNM,0.0
HRV,VUT,1.0
HRV,WSM,1.0
HRV,YEM,0.0
HRV,ZAF,0.0
HRV,ZMB,0.0
HRV,ZWE,0.0
HTI,ABW,0.0
HTI,AFG,1.0
HTI,AGO,1.0
HTI,ALB,0.0
HTI,AND,0.0
HTI,ARE,0.0
HTI,ARG,1.0
HTI,ARM,1.0
HTI,ASM,0.0
HTI,ATG,0.0
HTI,AUS,0.0
HTI,AUT,0.0
HTI,AZE,1.0
HTI,BDI,1.0
HTI,BEL,0.0
HTI,BEN,1.0
HTI,BFA,1.0
HTI,BGD,1.0
HTI,BGR,0.0
HTI,BHR,0.0
HTI,BHS,0.0
HTI,BIH,1.0
HTI,BLR,1.0
HTI,BLZ,0.0
HTI,BMU,0.0
HTI,BOL,1.0
HTI,BRA,1.0
HTI,BRB,0.0
HTI,BRN,0.0
HTI,BTN,0.0
HTI,BWA,0.0
HTI,CAF,1.0
HTI,CAN,0.0
HTI,CHE,0.0
HTI,CHL,0.0
HTI,CIV,1.0
HTI,CMR,1.0
HTI,COD,1.0
HTI,COG,1.0
HTI,COL,1.0
HTI,COM,1.0
HTI,CPV,0.0
HTI,CRI,0.0
HTI,CUB,1.0
HTI,CUW,0.0
HTI,CYM,0.0
HTI,CYP,0.0
HTI,CZE,0.0
HTI,DEU,0.0
HTI,DJI,0.0
HTI,DMA,0.0
HTI,DNK,0.0
HTI,DOM,1.0
HTI,DZA,1.0
HTI,ECU,1.0
HTI,EGY,1.0
HTI,ESP,0.0
HTI,EST,0.0
HTI,ETH,1.0
HTI,FIN,0.0
HTI,FJI,1.0
HTI,FRA,0.0
HTI,FRO,0.0
HTI,FSM,0.0
HTI,GAB,1.0
HTI,GBR,0.0
HTI,GEO,0.0
HTI,GHA,1.0
HTI,GIN,1.0
HTI,GMB,1.0
HTI,GNB,1.0
HTI,GNQ,1.0
HTI,GRC,0.0
HTI,GRD,0.0
HTI,GRL,0.0
HTI,GTM,1.0
HTI,GUM,0.0
HTI,GUY,1.0
HTI,HKG,0.0
HTI,HND,1.0
HTI,HRV,0.0
HTI,HTI,1.0
HTI,HUN,0.0
HTI,IDN,1.0
HTI,IND,1.0
HTI,IRL,0.0
HTI,IRN,1.0
HTI,IRQ,1.0
HTI,ISL,0.0
HTI,ISR,0.0
HTI,ITA,0.0
HTI,JAM,0.0
HTI,JOR,1.0
HTI,JPN,0.0
HTI,KAZ,1.0
HTI,KEN,1.0
HTI,KGZ,1.0
HTI,KHM,1.0
HTI,KIR,0.0
HTI,KNA,0.0
HTI,KOR,0.0
HTI,KWT,1.0
HTI,LAO,1.0
HTI,LBN,1.0
HTI,LBR,1.0
HTI,LBY,1.0
HTI,LCA,0.0
HTI,LKA,1.0
HTI,LSO,1.0
HTI,LTU,0.0
HTI,LUX,0.0
HTI,LVA,0.0
HTI,MAC,0.0
HTI,MAR,1.0
HTI,MDA,1.0
HTI,MDG,1.0
HTI,MDV,0.0
HTI,MEX,1.0
HTI,MHL,0.0
HTI,MKD,0.0
HTI,MLI,1.0
HTI,MLT,0.0
HTI,MMR,1.0
HTI,MNE,0.0
HTI,MNG,1.0
HTI,MNP,0.0
HTI,MOZ,1.0
HTI,MRT,1.0
HTI,MUS,0.0
HTI,MWI,1.0
HTI,MYS,1.0
HTI,NAM,0.0
HTI,NER,1.0
HTI,NGA,1.0
HTI,NIC,1.0
HTI,NLD,0.0
HTI,NOR,0.0
HTI,NPL,1.0
HTI,NRU,0.0
HTI,NZL,0.0
HTI,OMN,1.0
HTI,PAK,1.0
HTI,PAN,0.0
HTI,PER,1.0
HTI,PHL,1.0
HTI,PLW,0.0
HTI,PNG,1.0
HTI,POL,0.0
HTI,PRT,0.0
HTI,PRY,1.0
HTI,PSE,1.0
HTI,PYF,0.0
HTI,QAT,0.0
HTI,ROU,1.0
HTI,RUS,1.0
HTI,RWA,1.0
HTI,SAU,1.0
HTI,SDN,1.0
HTI,SEN,1.0
HTI,SGP,0.0
HTI,SLB,1.0
HTI,SLE,1.0
HTI,SLV,1.0
HTI,SMR,0.0
HTI,SOM,1.0
HTI,SRB,1.0
HTI,SSD,1.0
HTI,STP,0.0
HTI,SUR,1.0
HTI,SVK,0.0
HTI,SVN,0.0
HTI,SWE,0.0
HTI,SWZ,1.0
HTI,SXM,0.0
HTI,SYC,0.0
HTI,SYR,1.0
HTI,TCA,0.0
HTI,TCD,1.0
HTI,TGO,1.0
HTI,THA,1.0
HTI,TJK,1.0
HTI,TKM,1.0
HTI,TLS,1.0
HTI,TON,0.0
HTI,TTO,1.0
HTI,TUN,1.0
HTI,TUR,1.0
HTI,TUV,0.0
HTI,TZA,1.0
HTI,UGA,1.0
HTI,UKR,1.0
HTI,URY,0.0
HTI,UZB,1.0
HTI,VCT,0.0
HTI,VEN,1.0
HTI,VNM,1.0
HTI,VUT,0.0
HTI,WSM,0.0
HTI,YEM,1.0
HTI,ZAF,1.0
HTI,ZMB,1.0
HTI,ZWE,1.0
HUN,ABW,1.0
HUN,AFG,0.0
HUN,AGO,0.0
HUN,ALB,1.0
HUN,AND,1.0
HUN,ARE,1.0
HUN,ARG,0.0
HUN,ARM,0.0
HUN,ASM,1.0
HUN,ATG,1.0
HUN,AUS,1.0
HUN,AUT,1.0
HUN,AZE,0.0
HUN,BDI,0.0
HUN,BEL,1.0
HUN,BEN,0.0
HUN,BFA,0.0
HUN,BGD,0.0
HUN,BGR,1.0
HUN,BHR,1.0
HUN,BHS,1.0
HUN,BIH,0.0
HUN,BLR,0.0
HUN,BLZ,1.0
HUN,BMU,1.0
HUN,BOL,0.0
HUN,BRA,0.0
HUN,BRB,1.0
HUN,BRN,1.0
HUN,BTN,1.0
HUN,BWA,1.0
HUN,CAF,0.0
HUN,CAN,1.0
HUN,CHE,1.0
HUN,CHL,1.0
HUN,CIV,0.0
HUN,CMR,0.0
HUN,COD,0.0
HUN,COG,0.0
HUN,COL,0.0
HUN,COM,0.0
HUN,CPV,1.0
HUN,CRI,1.0
HUN,CUB,0.0
HUN,CUW,1.0
HUN,CYM,1.0
HUN,CYP,1.0
HUN,CZE,1.0
HUN,DEU,1.0
HUN,DJI,1.0
HUN,DMA,1.0
HUN,DNK,1.0
HUN,DOM,0.0
HUN,DZA,0.0
HUN,ECU,0.0
HUN,EGY,0.0
HUN,ESP,1.0
HUN,EST,1.0
HUN,ETH,0.0
HUN,FIN,1.0
HUN,FJI,0.0
HUN,FRA,1.0
HUN,FRO,1.0
HUN,FSM,1.0
HUN,GAB,0.0
HUN,GBR,1.0
HUN,GEO,1.0
HUN,GHA,0.0
HUN,GIN,0.0
HUN,GMB,0.0
HUN,GNB,0.0
HUN,GNQ,0.0
HUN,GRC,1.0
HUN,GRD,1.0
HUN,GRL,1.0
HUN,GTM,0.0
HUN,GUM,1.0
HUN,GUY,0.0
HUN,HKG,1.0
HUN,HND,0.0
HUN,HRV,1.0
HUN,HTI,0.0
HUN,HUN,1.0
HUN,IDN,0.0
HUN,IND,0.0
HUN,IRL,1.0
HUN,IRN,0.0
HUN,IRQ,0.0
HUN,ISL,1.0
HUN,ISR,1.0
HUN,ITA,1.0
HUN,JAM,1.0
HUN,JOR,0.0
HUN,JPN,1.0
HUN,KAZ,0.0
HUN,KEN,0.0
HUN,KGZ,0.0
HUN,KHM,0.0
HUN,KIR,1.0
HUN,KNA,1.0
HUN,KOR,1.0
HUN,KWT,0.0
HUN,LAO,0.0
HUN,LBN,0.0
HUN,LBR,0.0
HUN,LBY,0.0
HUN,LCA,1.0
HUN,LKA,0.0
HUN,LSO,0.0
HUN,LTU,1.0
HUN,LUX,1.0
HUN,LVA,1.0
HUN,MAC,1.0
HUN,MAR,0.0
HUN,MDA,0.0
HUN,MDG,0.0
HUN,MDV,1.0
HUN,MEX,0.0
HUN,MHL,1.0
HUN,MKD,1.0
HUN,MLI,0.0
HUN,MLT,1.0
HUN,MMR,0.0
HUN,MNE,1.0
HUN,MNG,0.0
HUN,MNP,1.0
HUN,MOZ,0.0
HUN,MRT,0.0
HUN,MUS,1.0
HUN,MWI,0.0
HUN,MYS,0.0
HUN,NAM,1.0
HUN,NER,0.0
HUN,NGA,0.0
HUN,NIC,0.0
HUN,NLD,1.0
HUN,NOR,1.0
HUN,NPL,0.0
HUN,NRU,1.0
HUN,NZL,1.0
HUN,OMN,0.0
HUN,PAK,0.0
HUN,PAN,1.0
HUN,PER,0.0
HUN,PHL,0.0
HUN,PLW,1.0
HUN,PNG,0.0
HUN,POL,1.0
HUN,PRT,1.0
HUN,PRY,0.0
HUN,PSE,0.0
HUN,PYF,1.0
HUN,QAT,1.0
HUN,ROU,0.0
HUN,RUS,0.0
HUN,RWA,0.0
HUN,SAU,0.0
HUN,SDN,0.0
HUN,SEN,0.0
HUN,SGP,1.0
HUN,SLB,0.0
HUN,SLE,0.0
HUN,SLV,0.0
HUN,SMR,1.0
HUN,SOM,0.0
HUN,SRB,0.0
HUN,SSD,0.0
HUN,STP,1.0
HUN,SUR,0.0
HUN,SVK,1.0
HUN,SVN,1.0
HUN,SWE,1.0
HUN,SWZ,0.0
HUN,SXM,1.0
HUN,SYC,1.0
HUN,SYR,0.0
HUN,TCA,1.0
HUN,TCD,0.0
HUN,TGO,0.0
HUN,THA,0.0
HUN,TJK,0.0
HUN,TKM,0.0
HUN,TLS,0.0
HUN,TON,1.0
HUN,TTO,0.0
HUN,TUN,0.0
HUN,TUR,0.0
HUN,TUV,1.0
HUN,TZA,0.0
HUN,UGA,0.0
HUN,UKR,0.0
HUN,URY,1.0
HUN,UZB,0.0
HUN,VCT,1.0
HUN,VEN,0.0
HUN,VNM,0.0
HUN,VUT,1.0
HUN,WSM,1.0
HUN,YEM,0.0
HUN,ZAF,0.0
HUN,ZMB,0.0
HUN,ZWE,0.0
IDN,ABW,0.0
IDN,AFG,1.0
IDN,AGO,1.0
IDN,ALB,0.0
IDN,AND,0.0
IDN,ARE,0.0
IDN,ARG,1.0
IDN,ARM,1.0
IDN,ASM,0.0
IDN,ATG,0.0
IDN,AUS,0.0
IDN,AUT,0.0
IDN,AZE,1.0
IDN,BDI,1.0
IDN,BEL,0.0
IDN,BEN,1.0
IDN,BFA,1.0
IDN,BGD,1.0
IDN,BGR,0.0
IDN,BHR,0.0
IDN,BHS,0.0
IDN,BIH,1.0
IDN,BLR,1.0
IDN,BLZ,0.0
IDN,BMU,0.0
IDN,BOL,1.0
IDN,BRA,1.0
IDN,BRB,0.0
IDN,BRN,0.0
IDN,BTN,0.0
IDN,BWA,0.0
IDN,CAF,1.0
IDN,CAN,0.0
IDN,CHE,0.0
IDN,CHL,0.0
IDN,CIV,1.0
IDN,CMR,1.0
IDN,COD,1.0
IDN,COG,1.0
IDN,COL,1.0
IDN,COM,1.0
IDN,CPV,0.0
IDN,CRI,0.0
IDN,CUB,1.0
IDN,CUW,0.0
IDN,CYM,0.0
IDN,CYP,0.0
IDN,CZE,0.0
IDN,DEU,0.0
IDN,DJI,0.0
IDN,DMA,0.0
IDN,DNK,0.0
IDN,DOM,1.0
IDN,DZA,1.0
IDN,ECU,1.0
IDN,EGY,1.0
IDN,ESP,0.0
IDN,EST,0.0
IDN,ETH,1.0
IDN,FIN,0.0
IDN,FJI,1.0
IDN,FRA,0.0
IDN,FRO,0.0
IDN,FSM,0.0
IDN,GAB,1.0
IDN,GBR,0.0
IDN,GEO,0.0
IDN,GHA,1.0
IDN,GIN,1.0
IDN,GMB,1.0
IDN,GNB,1.0
IDN,GNQ,1.0
IDN,GRC,0.0
IDN,GRD,0.0
IDN,GRL,0.0
IDN,GTM,1.0
IDN,GUM,0.0
IDN,GUY,1.0
IDN,HKG,0.0
IDN,HND,1.0
IDN,HRV,0.0
IDN,HTI,1.0
IDN,HUN,0.0
IDN,IDN,1.0
IDN,IND,1.0
IDN,IRL,0.0
IDN,IRN,1.0
IDN,IRQ,1.0
IDN,ISL,0.0
IDN,ISR,0.0
IDN,ITA,0.0
IDN,JAM,0.0
IDN,JOR,1.0
IDN,JPN,0.0
IDN,KAZ,1.0
IDN,KEN,1.0
IDN,KGZ,1.0
IDN,KHM,1.0
IDN,KIR,0.0
IDN,KNA,0.0
IDN,KOR,0.0
IDN,KWT,1.0
IDN,LAO,1.0
IDN,LBN,1.0
IDN,LBR,1.0
IDN,LBY,1.0
IDN,LCA,0.0
IDN,LKA,1.0
IDN,LSO,1.0
IDN,LTU,0.0
IDN,LUX,0.0
IDN,LVA,0.0
IDN,MAC,0.0
IDN,MAR,1.0
IDN,MDA,1.0
IDN,MDG,1.0
IDN,MDV,0.0
IDN,MEX,1.0
IDN,MHL,0.0
IDN,MKD,0.0
IDN,MLI,1.0
IDN,MLT,0.0
IDN,MMR,1.0
IDN,MNE,0.0
IDN,MNG,1.0
IDN,MNP,0.0
IDN,MOZ,1.0
IDN,MRT,1.0
IDN,MUS,0.0
IDN,MWI,1.0
IDN,MYS,1.0
IDN,NAM,0.0
IDN,NER,1.0
IDN,NGA,1.0
IDN,NIC,1.0
IDN,NLD,0.0
IDN,NOR,0.0
IDN,NPL,1.0
IDN,NRU,0.0
IDN,NZL,0.0
IDN,OMN,1.0
IDN,PAK,1.0
IDN,PAN,0.0
IDN,PER,1.0
IDN,PHL,1.0
IDN,PLW,0.0
IDN,PNG,1.0
IDN,POL,0.0
IDN,PRT,0.0
IDN,PRY,1.0
IDN,PSE,1.0
IDN,PYF,0.0
IDN,QAT,0.0
IDN,ROU,1.0
IDN,RUS,1.0
IDN,RWA,1.0
IDN,SAU,1.0
IDN,SDN,1.0
IDN,SEN,1.0
IDN,SGP,0.0
IDN,SLB,1.0
IDN,SLE,1.0
IDN,SLV,1.0
IDN,SMR,0.0
IDN,SOM,1.0
IDN,SRB,1.0
IDN,SSD,1.0
IDN,STP,0.0
IDN,SUR,1.0
IDN,SVK,0.0
IDN,SVN,0.0
IDN,SWE,0.0
IDN,SWZ,1.0
IDN,SXM,0.0
IDN,SYC,0.0
IDN,SYR,1.0
IDN,TCA,0.0
IDN,TCD,1.0
IDN,TGO,1.0
IDN,THA,1.0
IDN,TJK,1.0
IDN,TKM,1.0
IDN,TLS,1.0
IDN,TON,0.0
IDN,TTO,1.0
IDN,TUN,1.0
IDN,TUR,1.0
IDN,TUV,0.0
IDN,TZA,1.0
IDN,UGA,1.0
IDN,UKR,1.0
IDN,URY,0.0
IDN,UZB,1.0
IDN,VCT,0.0
IDN,VEN,1.0
IDN,VNM,1.0
IDN,VUT,0.0
IDN,WSM,0.0
IDN,YEM,1.0
IDN,ZAF,1.0
IDN,ZMB,1.0
IDN,ZWE,1.0
IND,ABW,0.0
IND,AFG,1.0
IND,AGO,1.0
IND,ALB,0.0
IND,AND,0.0
IND,ARE,0.0
IND,ARG,1.0
IND,ARM,1.0
IND,ASM,0.0
IND,ATG,0.0
IND,AUS,0.0
IND,AUT,0.0
IND,AZE,1.0
IND,BDI,1.0
IND,BEL,0.0
IND,BEN,1.0
IND,BFA,1.0
IND,BGD,1.0
IND,BGR,0.0
IND,BHR,0.0
IND,BHS,0.0
IND,BIH,1.0
IND,BLR,1.0
IND,BLZ,0.0
IND,BMU,0.0
IND,BOL,1.0
IND,BRA,1.0
IND,BRB,0.0
IND,BRN,0.0
IND,BTN,0.0
IND,BWA,0.0
IND,CAF,1.0
IND,CAN,0.0
IND,CHE,0.0
IND,CHL,0.0
IND,CIV,1.0
IND,CMR,1.0
IND,COD,1.0
IND,COG,1.0
IND,COL,1.0
IND,COM,1.0
IND,CPV,0.0
IND,CRI,0.0
IND,CUB,1.0
IND,CUW,0.0
IND,CYM,0.0
IND,CYP,0.0
IND,CZE,0.0
IND,DEU,0.0
IND,DJI,0.0
IND,DMA,0.0
IND,DNK,0.0
IND,DOM,1.0
IND,DZA,1.0
IND,ECU,1.0
IND,EGY,1.0
IND,ESP,0.0
IND,EST,0.0
IND,ETH,1.0
IND,FIN,0.0
IND,FJI,1.0
IND,FRA,0.0
IND,FRO,0.0
IND,FSM,0.0
IND,GAB,1.0
IND,GBR,0.0
IND,GEO,0.0
IND,GHA,1.0
IND,GIN,1.0
IND,GMB,1.0
IND,GNB,1.0
IND,GNQ,1.0
IND,GRC,0.0
IND,GRD,0.0
IND,GRL,0.0
IND,GTM,1.0
IND,GUM,0.0
IND,GUY,1.0
IND,HKG,0.0
IND,HND,1.0
IND,HRV,0.0
IND,HTI,1.0
IND,HUN,0.0
IND,IDN,1.0
IND,IND,1.0
IND,IRL,0.0
IND,IRN,1.0
IND,IRQ,1.0
IND,ISL,0.0
IND,ISR,0.0
IND,ITA,0.0
IND,JAM,0.0
IND,JOR,1.0
IND,JPN,0.0
IND,KAZ,1.0
IND,KEN,1.0
IND,KGZ,1.0
IND,KHM,1.0
IND,KIR,0.0
IND,KNA,0.0
IND,KOR,0.0
IND,KWT,1.0
IND,LAO,1.0
IND,LBN,1.0
IND,LBR,1.0
IND,LBY,1.0
IND,LCA,0.0
IND,LKA,1.0
IND,LSO,1.0
IND,LTU,0.0
IND,LUX,0.0
IND,LVA,0.0
IND,MAC,0.0
IND,MAR,1.0
IND,MDA,1.0
IND,MDG,1.0
IND,MDV,0.0
IND,MEX,1.0
IND,MHL,0.0
IND,MKD,0.0
IND,MLI,1.0
IND,MLT,0.0
IND,MMR,1.0
IND,MNE,0.0
IND,MNG,1.0
IND,MNP,0.0
IND,MOZ,1.0
IND,MRT,1.0
IND,MUS,0.0
IND,MWI,1.0
IND,MYS,1.0
IND,NAM,0.0
IND,NER,1.0
IND,NGA,1.0
IND,NIC,1.0
IND,NLD,0.0
IND,NOR,0.0
IND,NPL,1.0
IND,NRU,0.0
IND,NZL,0.0
IND,OMN,1.0
IND,PAK,1.0
IND,PAN,0.0
IND,PER,1.0
IND,PHL,1.0
IND,PLW,0.0
IND,PNG,1.0
IND,POL,0.0
IND,PRT,0.0
IND,PRY,1.0
IND,PSE,1.0
IND,PYF,0.0
IND,QAT,0.0
IND,ROU,1.0
IND,RUS,1.0
IND,RWA,1.0
IND,SAU,1.0
IND,SDN,1.0
IND,SEN,1.0
IND,SGP,0.0
IND,SLB,1.0
IND,SLE,1.0
IND,SLV,1.0
IND,SMR,0.0
IND,SOM,1.0
IND,SRB,1.0
IND,SSD,1.0
IND,STP,0.0
IND,SUR,1.0
IND,SVK,0.0
IND,SVN,0.0
IND,SWE,0.0
IND,SWZ,1.0
IND,SXM,0.0
IND,SYC,0.0
IND,SYR,1.0
IND,TCA,0.0
IND,TCD,1.0
IND,TGO,1.0
IND,THA,1.0
IND,TJK,1.0
IND,TKM,1.0
IND,TLS,1.0
IND,TON,0.0
IND,TTO,1.0
IND,TUN,1.0
IND,TUR,1.0
IND,TUV,0.0
IND,TZA,1.0
IND,UGA,1.0
IND,UKR,1.0
IND,URY,0.0
IND,UZB,1.0
IND,VCT,0.0
IND,VEN,1.0
IND,VNM,1.0
IND,VUT,0.0
IND,WSM,0.0
IND,YEM,1.0
IND,ZAF,1.0
IND,ZMB,1.0
IND,ZWE,1.0
IRL,ABW,1.0
IRL,AFG,0.0
IRL,AGO,0.0
IRL,ALB,1.0
IRL,AND,1.0
IRL,ARE,1.0
IRL,ARG,0.0
IRL,ARM,0.0
IRL,ASM,1.0
IRL,ATG,1.0
IRL,AUS,1.0
IRL,AUT,1.0
IRL,AZE,0.0
IRL,BDI,0.0
IRL,BEL,1.0
IRL,BEN,0.0
IRL,BFA,0.0
IRL,BGD,0.0
IRL,BGR,1.0
IRL,BHR,1.0
IRL,BHS,1.0
IRL,BIH,0.0
IRL,BLR,0.0
IRL,BLZ,1.0
IRL,BMU,1.0
IRL,BOL,0.0
IRL,BRA,0.0
IRL,BRB,1.0
IRL,BRN,1.0
IRL,BTN,1.0
IRL,BWA,1.0
IRL,CAF,0.0
IRL,CAN,1.0
IRL,CHE,1.0
IRL,CHL,1.0
IRL,CIV,0.0
IRL,CMR,0.0
IRL,COD,0.0
IRL,COG,0.0
IRL,COL,0.0
IRL,COM,0.0
IRL,CPV,1.0
IRL,CRI,1.0
IRL,CUB,0.0
IRL,CUW,1.0
IRL,CYM,1.0
IRL,CYP,1.0
IRL,CZE,1.0
IRL,DEU,1.0
IRL,DJI,1.0
IRL,DMA,1.0
IRL,DNK,1.0
IRL,DOM,0.0
IRL,DZA,0.0
IRL,ECU,0.0
IRL,EGY,0.0
IRL,ESP,1.0
IRL,EST,1.0
IRL,ETH,0.0
IRL,FIN,1.0
IRL,FJI,0.0
IRL,FRA,1.0
IRL,FRO,1.0
IRL,FSM,1.0
IRL,GAB,0.0
IRL,GBR,1.0
IRL,GEO,1.0
IRL,GHA,0.0
IRL,GIN,0.0
IRL,GMB,0.0
IRL,GNB,0.0
IRL,GNQ,0.0
IRL,GRC,1.0
IRL,GRD,1.0
IRL,GRL,1.0
IRL,GTM,0.0
IRL,GUM,1.0
IRL,GUY,0.0
IRL,HKG,1.0
IRL,HND,0.0
IRL,HRV,1.0
IRL,HTI,0.0
IRL,HUN,1.0
IRL,IDN,0.0
IRL,IND,0.0
IRL,IRL,1.0
IRL,IRN,0.0
IRL,IRQ,0.0
IRL,ISL,1.0
IRL,ISR,1.0
IRL,ITA,1.0
IRL,JAM,1.0
IRL,JOR,0.0
IRL,JPN,1.0
IRL,KAZ,0.0
IRL,KEN,0.0
IRL,KGZ,0.0
IRL,KHM,0.0
IRL,KIR,1.0
IRL,KNA,1.0
IRL,KOR,1.0
IRL,KWT,0.0
IRL,LAO,0.0
IRL,LBN,0.0
IRL,LBR,0.0
IRL,LBY,0.0
IRL,LCA,1.0
IRL,LKA,0.0
IRL,LSO,0.0
IRL,LTU,1.0
IRL,LUX,1.0
IRL,LVA,1.0
IRL,MAC,1.0
IRL,MAR,0.0
IRL,MDA,0.0
IRL,MDG,0.0
IRL,MDV,1.0
IRL,MEX,0.0
IRL,MHL,1.0
IRL,MKD,1.0
IRL,MLI,0.0
IRL,MLT,1.0
IRL,MMR,0.0
IRL,MNE,1.0
IRL,MNG,0.0
IRL,MNP,1.0
IRL,MOZ,0.0
IRL,MRT,0.0
IRL,MUS,1.0
IRL,MWI,0.0
IRL,MYS,0.0
IRL,NAM,1.0
IRL,NER,0.0
IRL,NGA,0.0
IRL,NIC,0.0
IRL,NLD,1.0
IRL,NOR,1.0
IRL,NPL,0.0
IRL,NRU,1.0
IRL,NZL,1.0
IRL,OMN,0.0
IRL,PAK,0.0
IRL,PAN,1.0
IRL,PER,0.0
IRL,PHL,0.0
IRL,PLW,1.0
IRL,PNG,0.0
IRL,POL,1.0
IRL,PRT,1.0
IRL,PRY,0.0
IRL,PSE,0.0
IRL,PYF,1.0
IRL,QAT,1.0
IRL,ROU,0.0
IRL,RUS,0.0
IRL,RWA,0.0
IRL,SAU,0.0
IRL,SDN,0.0
IRL,SEN,0.0
IRL,SGP,1.0
IRL,SLB,0.0
IRL,SLE,0.0
IRL,SLV,0.0
IRL,SMR,1.0
IRL,SOM,0.0
IRL,SRB,0.0
IRL,SSD,0.0
IRL,STP,1.0
IRL,SUR,0.0
IRL,SVK,1.0
IRL,SVN,1.0
IRL,SWE,1.0
IRL,SWZ,0.0
IRL,SXM,1.0
IRL,SYC,1.0
IRL,SYR,0.0
IRL,TCA,1.0
IRL,TCD,0.0
IRL,TGO,0.0
IRL,THA,0.0
IRL,TJK,0.0
IRL,TKM,0.0
IRL,TLS,0.0
IRL,TON,1.0
IRL,TTO,0.0
IRL,TUN,0.0
IRL,TUR,0.0
IRL,TUV,1.0
IRL,TZA,0.0
IRL,UGA,0.0
IRL,UKR,0.0
IRL,URY,1.0
IRL,UZB,0.0
IRL,VCT,1.0
IRL,VEN,0.0
IRL,VNM,0.0
IRL,VUT,1.0
IRL,WSM,1.0
IRL,YEM,0.0
IRL,ZAF,0.0
IRL,ZMB,0.0
IRL,ZWE,0.0
IRN,ABW,0.0
IRN,AFG,1.0
IRN,AGO,1.0
IRN,ALB,0.0
IRN,AND,0.0
IRN,ARE,0.0
IRN,ARG,1.0
IRN,ARM,1.0
IRN,ASM,0.0
IRN,ATG,0.0
IRN,AUS,0.0
IRN,AUT,0.0
IRN,AZE,1.0
IRN,BDI,1.0
IRN,BEL,0.0
IRN,BEN,1.0
IRN,BFA,1.0
IRN,BGD,1.0
IRN,BGR,0.0
IRN,BHR,0.0
IRN,BHS,0.0
IRN,BIH,1.0
IRN,BLR,1.0
IRN,BLZ,0.0
IRN,BMU,0.0
IRN,BOL,1.0
IRN,BRA,1.0
IRN,BRB,0.0
IRN,BRN,0.0
IRN,BTN,0.0
IRN,BWA,0.0
IRN,CAF,1.0
IRN,CAN,0.0
IRN,CHE,0.0
IRN,CHL,0.0
IRN,CIV,1.0
IRN,CMR,1.0
IRN,COD,1.0
IRN,COG,1.0
IRN,COL,1.0
IRN,COM,1.0
IRN,CPV,0.0
IRN,CRI,0.0
IRN,CUB,1.0
IRN,CUW,0.0
IRN,CYM,0.0
IRN,CYP,0.0
IRN,CZE,0.0
IRN,DEU,0.0
IRN,DJI,0.0
IRN,DMA,0.0
IRN,DNK,0.0
IRN,DOM,1.0
IRN,DZA,1.0
IRN,ECU,1.0
IRN,EGY,1.0
IRN,ESP,0.0
IRN,EST,0.0
IRN,ETH,1.0
IRN,FIN,0.0
IRN,FJI,1.0
IRN,FRA,0.0
IRN,FRO,0.0
IRN,FSM,0.0
IRN,GAB,1.0
IRN,GBR,0.0
IRN,GEO,0.0
IRN,GHA,1.0
IRN,GIN,1.0
IRN,GMB,1.0
IRN,GNB,1.0
IRN,GNQ,1.0
IRN,GRC,0.0
IRN,GRD,0.0
IRN,GRL,0.0
IRN,GTM,1.0
IRN,GUM,0.0
IRN,GUY,1.0
IRN,HKG,0.0
IRN,HND,1.0
IRN,HRV,0.0
IRN,HTI,1.0
IRN,HUN,0.0
IRN,IDN,1.0
IRN,IND,1.0
IRN,IRL,0.0
IRN,IRN,1.0
IRN,IRQ,1.0
IRN,ISL,0.0
IRN,ISR,0.0
IRN,ITA,0.0
IRN,JAM,0.0
IRN,JOR,1.0
IRN,JPN,0.0
IRN,KAZ,1.0
IRN,KEN,1.0
IRN,KGZ,1.0
IRN,KHM,1.0
IRN,KIR,0.0
IRN,KNA,0.0
IRN,KOR,0.0
IRN,KWT,1.0
IRN,LAO,1.0
IRN,LBN,1.0
IRN,LBR,1.0
IRN,LBY,1.0
IRN,LCA,0.0
IRN,LKA,1.0
IRN,LSO,1.0
IRN,LTU,0.0
IRN,LUX,0.0
IRN,LVA,0.0
IRN,MAC,0.0
IRN,MAR,1.0
IRN,MDA,1.0
IRN,MDG,1.0
IRN,MDV,0.0
IRN,MEX,1.0
IRN,MHL,0.0
IRN,MKD,0.0
IRN,MLI,1.0
IRN,MLT,0.0
IRN,MMR,1.0
IRN,MNE,0.0
IRN,MNG,1.0
IRN,MNP,0.0
IRN,MOZ,1.0
IRN,MRT,1.0
IRN,MUS,0.0
IRN,MWI,1.0
IRN,MYS,1.0
IRN,NAM,0.0
IRN,NER,1.0
IRN,NGA,1.0
IRN,NIC,1.0
IRN,NLD,0.0
IRN,NOR,0.0
IRN,NPL,1.0
IRN,NRU,0.0
IRN,NZL,0.0
IRN,OMN,1.0
IRN,PAK,1.0
IRN,PAN,0.0
IRN,PER,1.0
IRN,PHL,1.0
IRN,PLW,0.0
IRN,PNG,1.0
IRN,POL,0.0
IRN,PRT,0.0
IRN,PRY,1.0
IRN,PSE,1.0
IRN,PYF,0.0
IRN,QAT,0.0
IRN,ROU,1.0
IRN,RUS,1.0
IRN,RWA,1.0
IRN,SAU,1.0
IRN,SDN,1.0
IRN,SEN,1.0
IRN,SGP,0.0
IRN,SLB,1.0
IRN,SLE,1.0
IRN,SLV,1.0
IRN,SMR,0.0
IRN,SOM,1.0
IRN,SRB,1.0
IRN,SSD,1.0
IRN,STP,0.0
IRN,SUR,1.0
IRN,SVK,0.0
IRN,SVN,0.0
IRN,SWE,0.0
IRN,SWZ,1.0
IRN,SXM,0.0
IRN,SYC,0.0
IRN,SYR,1.0
IRN,TCA,0.0
IRN,TCD,1.0
IRN,TGO,1.0
IRN,THA,1.0
IRN,TJK,1.0
IRN,TKM,1.0
IRN,TLS,1.0
IRN,TON,0.0
IRN,TTO,1.0
IRN,TUN,1.0
IRN,TUR,1.0
IRN,TUV,0.0
IRN,TZA,1.0
IRN,UGA,1.0
IRN,UKR,1.0
IRN,URY,0.0
IRN,UZB,1.0
IRN,VCT,0.0
IRN,VEN,1.0
IRN,VNM,1.0
IRN,VUT,0.0
IRN,WSM,0.0
IRN,YEM,1.0
IRN,ZAF,1.0
IRN,ZMB,1.0
IRN,ZWE,1.0
IRQ,ABW,0.0
IRQ,AFG,1.0
IRQ,AGO,1.0
IRQ,ALB,0.0
IRQ,AND,0.0
IRQ,ARE,0.0
IRQ,ARG,1.0
IRQ,ARM,1.0
IRQ,ASM,0.0
IRQ,ATG,0.0
IRQ,AUS,0.0
IRQ,AUT,0.0
IRQ,AZE,1.0
IRQ,BDI,1.0
IRQ,BEL,0.0
IRQ,BEN,1.0
IRQ,BFA,1.0
IRQ,BGD,1.0
IRQ,BGR,0.0
IRQ,BHR,0.0
IRQ,BHS,0.0
IRQ,BIH,1.0
IRQ,BLR,1.0
IRQ,BLZ,0.0
IRQ,BMU,0.0
IRQ,BOL,1.0
IRQ,BRA,1.0
IRQ,BRB,0.0
IRQ,BRN,0.0
IRQ,BTN,0.0
IRQ,BWA,0.0
IRQ,CAF,1.0
IRQ,CAN,0.0
IRQ,CHE,0.0
IRQ,CHL,0.0
IRQ,CIV,1.0
IRQ,CMR,1.0
IRQ,COD,1.0
IRQ,COG,1.0
IRQ,COL,1.0
IRQ,COM,1.0
IRQ,CPV,0.0
IRQ,CRI,0.0
IRQ,CUB,1.0
IRQ,CUW,0.0
IRQ,CYM,0.0
IRQ,CYP,0.0
IRQ,CZE,0.0
IRQ,DEU,0.0
IRQ,DJI,0.0
IRQ,DMA,0.0
IRQ,DNK,0.0
IRQ,DOM,1.0
IRQ,DZA,1.0
IRQ,ECU,1.0
IRQ,EGY,1.0
IRQ,ESP,0.0
IRQ,EST,0.0
IRQ,ETH,1.0
IRQ,FIN,0.0
IRQ,FJI,1.0
IRQ,FRA,0.0
IRQ,FRO,0.0
IRQ,FSM,0.0
IRQ,GAB,1.0
IRQ,GBR,0.0
IRQ,GEO,0.0
IRQ,GHA,1.0
IRQ,GIN,1.0
IRQ,GMB,1.0
IRQ,GNB,1.0
IRQ,GNQ,1.0
IRQ,GRC,0.0
IRQ,GRD,0.0
IRQ,GRL,0.0
IRQ,GTM,1.0
IRQ,GUM,0.0
IRQ,GUY,1.0
IRQ,HKG,0.0
IRQ,HND,1.0
IRQ,HRV,0.0
IRQ,HTI,1.0
IRQ,HUN,0.0
IRQ,IDN,1.0
IRQ,IND,1.0
IRQ,IRL,0.0
IRQ,IRN,1.0
IRQ,IRQ,1.0
IRQ,ISL,0.0
IRQ,ISR,0.0
IRQ,ITA,0.0
IRQ,JAM,0.0
IRQ,JOR,1.0
IRQ,JPN,0.0
IRQ,KAZ,1.0
IRQ,KEN,1.0
IRQ,KGZ,1.0
IRQ,KHM,1.0
IRQ,KIR,0.0
IRQ,KNA,0.0
IRQ,KOR,0.0
IRQ,KWT,1.0
IRQ,LAO,1.0
IRQ,LBN,1.0
IRQ,LBR,1.0
IRQ,LBY,1.0
IRQ,LCA,0.0
IRQ,LKA,1.0
IRQ,LSO,1.0
IRQ,LTU,0.0
IRQ,LUX,0.0
IRQ,LVA,0.0
IRQ,MAC,0.0
IRQ,MAR,1.0
IRQ,MDA,1.0
IRQ,MDG,1.0
IRQ,MDV,0.0
IRQ,MEX,1.0
IRQ,MHL,0.0
IRQ,MKD,0.0
IRQ,MLI,1.0
IRQ,MLT,0.0
IRQ,MMR,1.0
IRQ,MNE,0.0
IRQ,MNG,1.0
IRQ,MNP,0.0
IRQ,MOZ,1.0
IRQ,MRT,1.0
IRQ,MUS,0.0
IRQ,MWI,1.0
IRQ,MYS,1.0
IRQ,NAM,0.0
IRQ,NER,1.0
IRQ,NGA,1.0
IRQ,NIC,1.0
IRQ,NLD,0.0
IRQ,NOR,0.0
IRQ,NPL,1.0
IRQ,NRU,0.0
IRQ,NZL,0.0
IRQ,OMN,1.0
IRQ,PAK,1.0
IRQ,PAN,0.0
IRQ,PER,1.0
IRQ,PHL,1.0
IRQ,PLW,0.0
IRQ,PNG,1.0
IRQ,POL,0.0
IRQ,PRT,0.0
IRQ,PRY,1.0
IRQ,PSE,1.0
IRQ,PYF,0.0
IRQ,QAT,0.0
IRQ,ROU,1.0
IRQ,RUS,1.0
IRQ,RWA,1.0
IRQ,SAU,1.0
IRQ,SDN,1.0
IRQ,SEN,1.0
IRQ,SGP,0.0
IRQ,SLB,1.0
IRQ,SLE,1.0
IRQ,SLV,1.0
IRQ,SMR,0.0
IRQ,SOM,1.0
IRQ,SRB,1.0
IRQ,SSD,1.0
IRQ,STP,0.0
IRQ,SUR,1.0
IRQ,SVK,0.0
IRQ,SVN,0.0
IRQ,SWE,0.0
IRQ,SWZ,1.0
IRQ,SXM,0.0
IRQ,SYC,0.0
IRQ,SYR,1.0
IRQ,TCA,0.0
IRQ,TCD,1.0
IRQ,TGO,1.0
IRQ,THA,1.0
IRQ,TJK,1.0
IRQ,TKM,1.0
IRQ,TLS,1.0
IRQ,TON,0.0
IRQ,TTO,1.0
IRQ,TUN,1.0
IRQ,TUR,1.0
IRQ,TUV,0.0
IRQ,TZA,1.0
IRQ,UGA,1.0
IRQ,UKR,1.0
IRQ,URY,0.0
IRQ,UZB,1.0
IRQ,VCT,0.0
IRQ,VEN,1.0
IRQ,VNM,1.0
IRQ,VUT,0.0
IRQ,WSM,0.0
IRQ,YEM,1.0
IRQ,ZAF,1.0
IRQ,ZMB,1.0
IRQ,ZWE,1.0
ISL,ABW,1.0
ISL,AFG,0.0
ISL,AGO,0.0
ISL,ALB,1.0
ISL,AND,1.0
ISL,ARE,1.0
ISL,ARG,0.0
ISL,ARM,0.0
ISL,ASM,1.0
ISL,ATG,1.0
ISL,AUS,1.0
ISL,AUT,1.0
ISL,AZE,0.0
ISL,BDI,0.0
ISL,BEL,1.0
ISL,BEN,0.0
ISL,BFA,0.0
ISL,BGD,0.0
ISL,BGR,1.0
ISL,BHR,1.0
ISL,BHS,1.0
ISL,BIH,0.0
ISL,BLR,0.0
ISL,BLZ,1.0
ISL,BMU,1.0
ISL,BOL,0.0
ISL,BRA,0.0
ISL,BRB,1.0
ISL,BRN,1.0
ISL,BTN,1.0
ISL,BWA,1.0
ISL,CAF,0.0
ISL,CAN,1.0
ISL,CHE,1.0
ISL,CHL,1.0
ISL,CIV,0.0
ISL,CMR,0.0
ISL,COD,0.0
ISL,COG,0.0
ISL,COL,0.0
ISL,COM,0.0
ISL,CPV,1.0
ISL,CRI,1.0
ISL,CUB,0.0
ISL,CUW,1.0
ISL,CYM,1.0
ISL,CYP,1.0
ISL,CZE,1.0
ISL,DEU,1.0
ISL,DJI,1.0
ISL,DMA,1.0
ISL,DNK,1.0
ISL,DOM,0.0
ISL,DZA,0.0
ISL,ECU,0.0
ISL,EGY,0.0
ISL,ESP,1.0
ISL,EST,1.0
ISL,ETH,0.0
ISL,FIN,1.0
ISL,FJI,0.0
ISL,FRA,1.0
ISL,FRO,1.0
ISL,FSM,1.0
ISL,GAB,0.0
ISL,GBR,1.0
ISL,GEO,1.0
ISL,GHA,0.0
ISL,GIN,0.0
ISL,GMB,0.0
ISL,GNB,0.0
ISL,GNQ,0.0
ISL,GRC,1.0
ISL,GRD,1.0
ISL,GRL,1.0
ISL,GTM,0.0
ISL,GUM,1.0
ISL,GUY,0.0
ISL,HKG,1.0
ISL,HND,0.0
ISL,HRV,1.0
ISL,HTI,0.0
ISL,HUN,1.0
ISL,IDN,0.0
ISL,IND,0.0
ISL,IRL,1.0
ISL,IRN,0.0
ISL,IRQ,0.0
ISL,ISL,1.0
ISL,ISR,1.0
ISL,ITA,1.0
ISL,JAM,1.0
ISL,JOR,0.0
ISL,JPN,1.0
ISL,KAZ,0.0
ISL,KEN,0.0
ISL,KGZ,0.0
ISL,KHM,0.0
ISL,KIR,1.0
ISL,KNA,1.0
ISL,KOR,1.0
ISL,KWT,0.0
ISL,LAO,0.0
ISL,LBN,0.0
ISL,LBR,0.0
ISL,LBY,0.0
ISL,LCA,1.0
ISL,LKA,0.0
ISL,LSO,0.0
ISL,LTU,1.0
ISL,LUX,1.0
ISL,LVA,1.0
ISL,MAC,1.0
ISL,MAR,0.0
ISL,MDA,0.0
ISL,MDG,0.0
ISL,MDV,1.0
ISL,MEX,0.0
ISL,MHL,1.0
ISL,MKD,1.0
ISL,MLI,0.0
ISL,MLT,1.0
ISL,MMR,0.0
ISL,MNE,1.0
ISL,MNG,0.0
ISL,MNP,1.0
ISL,MOZ,0.0
ISL,MRT,0.0
ISL,MUS,1.0
ISL,MWI,0.0
ISL,MYS,0.0
ISL,NAM,1.0
ISL,NER,0.0
ISL,NGA,0.0
ISL,NIC,0.0
ISL,NLD,1.0
ISL,NOR,1.0
ISL,NPL,0.0
ISL,NRU,1.0
ISL,NZL,1.0
ISL,OMN,0.0
ISL,PAK,0.0
ISL,PAN,1.0
ISL,PER,0.0
ISL,PHL,0.0
ISL,PLW,1.0
ISL,PNG,0.0
ISL,POL,1.0
ISL,PRT,1.0
ISL,PRY,0.0
ISL,PSE,0.0
ISL,PYF,1.0
ISL,QAT,1.0
ISL,ROU,0.0
ISL,RUS,0.0
ISL,RWA,0.0
ISL,SAU,0.0
ISL,SDN,0.0
ISL,SEN,0.0
ISL,SGP,1.0
ISL,SLB,0.0
ISL,SLE,0.0
ISL,SLV,0.0
ISL,SMR,1.0
ISL,SOM,0.0
ISL,SRB,0.0
ISL,SSD,0.0
ISL,STP,1.0
ISL,SUR,0.0
ISL,SVK,1.0
ISL,SVN,1.0
ISL,SWE,1.0
ISL,SWZ,0.0
ISL,SXM,1.0
ISL,SYC,1.0
ISL,SYR,0.0
ISL,TCA,1.0
ISL,TCD,0.0
ISL,TGO,0.0
ISL,THA,0.0
ISL,TJK,0.0
ISL,TKM,0.0
ISL,TLS,0.0
ISL,TON,1.0
ISL,TTO,0.0
ISL,TUN,0.0
ISL,TUR,0.0
ISL,TUV,1.0
ISL,TZA,0.0
ISL,UGA,0.0
ISL,UKR,0.0
ISL,URY,1.0
ISL,UZB,0.0
ISL,VCT,1.0
ISL,VEN,0.0
ISL,VNM,0.0
ISL,VUT,1.0
ISL,WSM,1.0
ISL,YEM,0.0
ISL,ZAF,0.0
ISL,ZMB,0.0
ISL,ZWE,0.0
ISR,ABW,1.0
ISR,AFG,0.0
ISR,AGO,0.0
ISR,ALB,1.0
ISR,AND,1.0
ISR,ARE,1.0
ISR,ARG,0.0
ISR,ARM,0.0
ISR,ASM,1.0
ISR,ATG,1.0
ISR,AUS,1.0
ISR,AUT,1.0
ISR,AZE,0.0
ISR,BDI,0.0
ISR,BEL,1.0
ISR,BEN,0.0
ISR,BFA,0.0
ISR,BGD,0.0
ISR,BGR,1.0
ISR,BHR,1.0
ISR,BHS,1.0
ISR,BIH,0.0
ISR,BLR,0.0
ISR,BLZ,1.0
ISR,BMU,1.0
ISR,BOL,0.0
ISR,BRA,0.0
ISR,BRB,1.0
ISR,BRN,1.0
ISR,BTN,1.0
ISR,BWA,1.0
ISR,CAF,0.0
ISR,CAN,1.0
ISR,CHE,1.0
ISR,CHL,1.0
ISR,CIV,0.0
ISR,CMR,0.0
ISR,COD,0.0
ISR,COG,0.0
ISR,COL,0.0
ISR,COM,0.0
ISR,CPV,1.0
ISR,CRI,1.0
ISR,CUB,0.0
ISR,CUW,1.0
ISR,CYM,1.0
ISR,CYP,1.0
ISR,CZE,1.0
ISR,DEU,1.0
ISR,DJI,1.0
ISR,DMA,1.0
ISR,DNK,1.0
ISR,DOM,0.0
ISR,DZA,0.0
ISR,ECU,0.0
ISR,EGY,0.0
ISR,ESP,1.0
ISR,EST,1.0
ISR,ETH,0.0
ISR,FIN,1.0
ISR,FJI,0.0
ISR,FRA,1.0
ISR,FRO,1.0
ISR,FSM,1.0
ISR,GAB,0.0
ISR,GBR,1.0
ISR,GEO,1.0
ISR,GHA,0.0
ISR,GIN,0.0
ISR,GMB,0.0
ISR,GNB,0.0
ISR,GNQ,0.0
ISR,GRC,1.0
ISR,GRD,1.0
ISR,GRL,1.0
ISR,GTM,0.0
ISR,GUM,1.0
ISR,GUY,0.0
ISR,HKG,1.0
ISR,HND,0.0
ISR,HRV,1.0
ISR,HTI,0.0
ISR,HUN,1.0
ISR,IDN,0.0
ISR,IND,0.0
ISR,IRL,1.0
ISR,IRN,0.0
ISR,IRQ,0.0
ISR,ISL,1.0
ISR,ISR,1.0
ISR,ITA,1.0
ISR,JAM,1.0
ISR,JOR,0.0
ISR,JPN,1.0
ISR,KAZ,0.0
ISR,KEN,0.0
ISR,KGZ,0.0
ISR,KHM,0.0
ISR,KIR,1.0
ISR,KNA,1.0
ISR,KOR,1.0
ISR,KWT,0.0
ISR,LAO,0.0
ISR,LBN,0.0
ISR,LBR,0.0
ISR,LBY,0.0
ISR,LCA,1.0
ISR,LKA,0.0
ISR,LSO,0.0
ISR,LTU,1.0
ISR,LUX,1.0
ISR,LVA,1.0
ISR,MAC,1.0
ISR,MAR,0.0
ISR,MDA,0.0
ISR,MDG,0.0
ISR,MDV,1.0
ISR,MEX,0.0
ISR,MHL,1.0
ISR,MKD,1.0
ISR,MLI,0.0
ISR,MLT,1.0
ISR,MMR,0.0
ISR,MNE,1.0
ISR,MNG,0.0
ISR,MNP,1.0
ISR,MOZ,0.0
ISR,MRT,0.0
ISR,MUS,1.0
ISR,MWI,0.0
ISR,MYS,0.0
ISR,NAM,1.0
ISR,NER,0.0
ISR,NGA,0.0
ISR,NIC,0.0
ISR,NLD,1.0
ISR,NOR,1.0
ISR,NPL,0.0
ISR,NRU,1.0
ISR,NZL,1.0
ISR,OMN,0.0
ISR,PAK,0.0
ISR,PAN,1.0
ISR,PER,0.0
ISR,PHL,0.0
ISR,PLW,1.0
ISR,PNG,0.0
ISR,POL,1.0
ISR,PRT,1.0
ISR,PRY,0.0
ISR,PSE,0.0
ISR,PYF,1.0
ISR,QAT,1.0
ISR,ROU,0.0
ISR,RUS,0.0
ISR,RWA,0.0
ISR,SAU,0.0
ISR,SDN,0.0
ISR,SEN,0.0
ISR,SGP,1.0
ISR,SLB,0.0
ISR,SLE,0.0
ISR,SLV,0.0
ISR,SMR,1.0
ISR,SOM,0.0
ISR,SRB,0.0
ISR,SSD,0.0
ISR,STP,1.0
ISR,SUR,0.0
ISR,SVK,1.0
ISR,SVN,1.0
ISR,SWE,1.0
ISR,SWZ,0.0
ISR,SXM,1.0
ISR,SYC,1.0
ISR,SYR,0.0
ISR,TCA,1.0
ISR,TCD,0.0
ISR,TGO,0.0
ISR,THA,0.0
ISR,TJK,0.0
ISR,TKM,0.0
ISR,TLS,0.0
ISR,TON,1.0
ISR,TTO,0.0
ISR,TUN,0.0
ISR,TUR,0.0
ISR,TUV,1.0
ISR,TZA,0.0
ISR,UGA,0.0
ISR,UKR,0.0
ISR,URY,1.0
ISR,UZB,0.0
ISR,VCT,1.0
ISR,VEN,0.0
ISR,VNM,0.0
ISR,VUT,1.0
ISR,WSM,1.0
ISR,YEM,0.0
ISR,ZAF,0.0
ISR,ZMB,0.0
ISR,ZWE,0.0
ITA,ABW,1.0
ITA,AFG,0.0
ITA,AGO,0.0
ITA,ALB,1.0
ITA,AND,1.0
ITA,ARE,1.0
ITA,ARG,0.0
ITA,ARM,0.0
ITA,ASM,1.0
ITA,ATG,1.0
ITA,AUS,1.0
ITA,AUT,1.0
ITA,AZE,0.0
ITA,BDI,0.0
ITA,BEL,1.0
ITA,BEN,0.0
ITA,BFA,0.0
ITA,BGD,0.0
ITA,BGR,1.0
ITA,BHR,1.0
ITA,BHS,1.0
ITA,BIH,0.0
ITA,BLR,0.0
ITA,BLZ,1.0
ITA,BMU,1.0
ITA,BOL,0.0
ITA,BRA,0.0
ITA,BRB,1.0
ITA,BRN,1.0
ITA,BTN,1.0
ITA,BWA,1.0
ITA,CAF,0.0
ITA,CAN,1.0
ITA,CHE,1.0
ITA,CHL,1.0
ITA,CIV,0.0
ITA,CMR,0.0
ITA,COD,0.0
ITA,COG,0.0
ITA,COL,0.0
ITA,COM,0.0
ITA,CPV,1.0
ITA,CRI,1.0
ITA,CUB,0.0
ITA,CUW,1.0
ITA,CYM,1.0
ITA,CYP,1.0
ITA,CZE,1.0
ITA,DEU,1.0
ITA,DJI,1.0
ITA,DMA,1.0
ITA,DNK,1.0
ITA,DOM,0.0
ITA,DZA,0.0
ITA,ECU,0.0
ITA,EGY,0.0
ITA,ESP,1.0
ITA,EST,1.0
ITA,ETH,0.0
ITA,FIN,1.0
ITA,FJI,0.0
ITA,FRA,1.0
ITA,FRO,1.0
ITA,FSM,1.0
ITA,GAB,0.0
ITA,GBR,1.0
ITA,GEO,1.0
ITA,GHA,0.0
ITA,GIN,0.0
ITA,GMB,0.0
ITA,GNB,0.0
ITA,GNQ,0.0
ITA,GRC,1.0
ITA,GRD,1.0
ITA,GRL,1.0
ITA,GTM,0.0
ITA,GUM,1.0
ITA,GUY,0.0
ITA,HKG,1.0
ITA,HND,0.0
ITA,HRV,1.0
ITA,HTI,0.0
ITA,HUN,1.0
ITA,IDN,0.0
ITA,IND,0.0
ITA,IRL,1.0
ITA,IRN,0.0
ITA,IRQ,0.0
ITA,ISL,1.0
ITA,ISR,1.0
ITA,ITA,1.0
ITA,JAM,1.0
ITA,JOR,0.0
ITA,JPN,1.0
ITA,KAZ,0.0
ITA,KEN,0.0
ITA,KGZ,0.0
ITA,KHM,0.0
ITA,KIR,1.0
ITA,KNA,1.0
ITA,KOR,1.0
ITA,KWT,0.0
ITA,LAO,0.0
ITA,LBN,0.0
ITA,LBR,0.0
ITA,LBY,0.0
ITA,LCA,1.0
ITA,LKA,0.0
ITA,LSO,0.0
ITA,LTU,1.0
ITA,LUX,1.0
ITA,LVA,1.0
ITA,MAC,1.0
ITA,MAR,0.0
ITA,MDA,0.0
ITA,MDG,0.0
ITA,MDV,1.0
ITA,MEX,0.0
ITA,MHL,1.0
ITA,MKD,1.0
ITA,MLI,0.0
ITA,MLT,1.0
ITA,MMR,0.0
ITA,MNE,1.0
ITA,MNG,0.0
ITA,MNP,1.0
ITA,MOZ,0.0
ITA,MRT,0.0
ITA,MUS,1.0
ITA,MWI,0.0
ITA,MYS,0.0
ITA,NAM,1.0
ITA,NER,0.0
ITA,NGA,0.0
ITA,NIC,0.0
ITA,NLD,1.0
ITA,NOR,1.0
ITA,NPL,0.0
ITA,NRU,1.0
ITA,NZL,1.0
ITA,OMN,0.0
ITA,PAK,0.0
ITA,PAN,1.0
ITA,PER,0.0
ITA,PHL,0.0
ITA,PLW,1.0
ITA,PNG,0.0
ITA,POL,1.0
ITA,PRT,1.0
ITA,PRY,0.0
ITA,PSE,0.0
ITA,PYF,1.0
ITA,QAT,1.0
ITA,ROU,0.0
ITA,RUS,0.0
ITA,RWA,0.0
ITA,SAU,0.0
ITA,SDN,0.0
ITA,SEN,0.0
ITA,SGP,1.0
ITA,SLB,0.0
ITA,SLE,0.0
ITA,SLV,0.0
ITA,SMR,1.0
ITA,SOM,0.0
ITA,SRB,0.0
ITA,SSD,0.0
ITA,STP,1.0
ITA,SUR,0.0
ITA,SVK,1.0
ITA,SVN,1.0
ITA,SWE,1.0
ITA,SWZ,0.0
ITA,SXM,1.0
ITA,SYC,1.0
ITA,SYR,0.0
ITA,TCA,1.0
ITA,TCD,0.0
ITA,TGO,0.0
ITA,THA,0.0
ITA,TJK,0.0
ITA,TKM,0.0
ITA,TLS,0.0
ITA,TON,1.0
ITA,TTO,0.0
ITA,TUN,0.0
ITA,TUR,0.0
ITA,TUV,1.0
ITA,TZA,0.0
ITA,UGA,0.0
ITA,UKR,0.0
ITA,URY,1.0
ITA,UZB,0.0
ITA,VCT,1.0
ITA,VEN,0.0
ITA,VNM,0.0
ITA,VUT,1.0
ITA,WSM,1.0
ITA,YEM,0.0
ITA,ZAF,0.0
ITA,ZMB,0.0
ITA,ZWE,0.0
JAM,ABW,1.0
JAM,AFG,0.0
JAM,AGO,0.0
JAM,ALB,1.0
JAM,AND,1.0
JAM,ARE,1.0
JAM,ARG,0.0
JAM,ARM,0.0
JAM,ASM,1.0
JAM,ATG,1.0
JAM,AUS,1.0
JAM,AUT,1.0
JAM,AZE,0.0
JAM,BDI,0.0
JAM,BEL,1.0
JAM,BEN,0.0
JAM,BFA,0.0
JAM,BGD,0.0
JAM,BGR,1.0
JAM,BHR,1.0
JAM,BHS,1.0
JAM,BIH,0.0
JAM,BLR,0.0
JAM,BLZ,1.0
JAM,BMU,1.0
JAM,BOL,0.0
JAM,BRA,0.0
JAM,BRB,1.0
JAM,BRN,1.0
JAM,BTN,1.0
JAM,BWA,1.0
JAM,CAF,0.0
JAM,CAN,1.0
JAM,CHE,1.0
JAM,CHL,1.0
JAM,CIV,0.0
JAM,CMR,0.0
JAM,COD,0.0
JAM,COG,0.0
JAM,COL,0.0
JAM,COM,0.0
JAM,CPV,1.0
JAM,CRI,1.0
JAM,CUB,0.0
JAM,CUW,1.0
JAM,CYM,1.0
JAM,CYP,1.0
JAM,CZE,1.0
JAM,DEU,1.0
JAM,DJI,1.0
JAM,DMA,1.0
JAM,DNK,1.0
JAM,DOM,0.0
JAM,DZA,0.0
JAM,ECU,0.0
JAM,EGY,0.0
JAM,ESP,1.0
JAM,EST,1.0
JAM,ETH,0.0
JAM,FIN,1.0
JAM,FJI,0.0
JAM,FRA,1.0
JAM,FRO,1.0
JAM,FSM,1.0
JAM,GAB,0.0
JAM,GBR,1.0
JAM,GEO,1.0
JAM,GHA,0.0
JAM,GIN,0.0
JAM,GMB,0.0
JAM,GNB,0.0
JAM,GNQ,0.0
JAM,GRC,1.0
JAM,GRD,1.0
JAM,GRL,1.0
JAM,GTM,0.0
JAM,GUM,1.0
JAM,GUY,0.0
JAM,HKG,1.0
JAM,HND,0.0
JAM,HRV,1.0
JAM,HTI,0.0
JAM,HUN,1.0
JAM,IDN,0.0
JAM,IND,0.0
JAM,IRL,1.0
JAM,IRN,0.0
JAM,IRQ,0.0
JAM,ISL,1.0
JAM,ISR,1.0
JAM,ITA,1.0
JAM,JAM,1.0
JAM,JOR,0.0
JAM,JPN,1.0
JAM,KAZ,0.0
JAM,KEN,0.0
JAM,KGZ,0.0
JAM,KHM,0.0
JAM,KIR,1.0
JAM,KNA,1.0
JAM,KOR,1.0
JAM,KWT,0.0
JAM,LAO,0.0
JAM,LBN,0.0
JAM,LBR,0.0
JAM,LBY,0.0
JAM,LCA,1.0
JAM,LKA,0.0
JAM,LSO,0.0
JAM,LTU,1.0
JAM,LUX,1.0
JAM,LVA,1.0
JAM,MAC,1.0
JAM,MAR,0.0
JAM,MDA,0.0
JAM,MDG,0.0
JAM,MDV,1.0
JAM,MEX,0.0
JAM,MHL,1.0
JAM,MKD,1.0
JAM,MLI,0.0
JAM,MLT,1.0
JAM,MMR,0.0
JAM,MNE,1.0
JAM,MNG,0.0
JAM,MNP,1.0
JAM,MOZ,0.0
JAM,MRT,0.0
JAM,MUS,1.0
JAM,MWI,0.0
JAM,MYS,0.0
JAM,NAM,1.0
JAM,NER,0.0
JAM,NGA,0.0
JAM,NIC,0.0
JAM,NLD,1.0
JAM,NOR,1.0
JAM,NPL,0.0
JAM,NRU,1.0
JAM,NZL,1.0
JAM,OMN,0.0
JAM,PAK,0.0
JAM,PAN,1.0
JAM,PER,0.0
JAM,PHL,0.0
JAM,PLW,1.0
JAM,PNG,0.0
JAM,POL,1.0
JAM,PRT,1.0
JAM,PRY,0.0
JAM,PSE,0.0
JAM,PYF,1.0
JAM,QAT,1.0
JAM,ROU,0.0
JAM,RUS,0.0
JAM,RWA,0.0
JAM,SAU,0.0
JAM,SDN,0.0
JAM,SEN,0.0
JAM,SGP,1.0
JAM,SLB,0.0
JAM,SLE,0.0
JAM,SLV,0.0
JAM,SMR,1.0
JAM,SOM,0.0
JAM,SRB,0.0
JAM,SSD,0.0
JAM,STP,1.0
JAM,SUR,0.0
JAM,SVK,1.0
JAM,SVN,1.0
JAM,SWE,1.0
JAM,SWZ,0.0
JAM,SXM,1.0
JAM,SYC,1.0
JAM,SYR,0.0
JAM,TCA,1.0
JAM,TCD,0.0
JAM,TGO,0.0
JAM,THA,0.0
JAM,TJK,0.0
JAM,TKM,0.0
JAM,TLS,0.0
JAM,TON,1.0
JAM,TTO,0.0
JAM,TUN,0.0
JAM,TUR,0.0
JAM,TUV,1.0
JAM,TZA,0.0
JAM,UGA,0.0
JAM,UKR,0.0
JAM,URY,1.0
JAM,UZB,0.0
JAM,VCT,1.0
JAM,VEN,0.0
JAM,VNM,0.0
JAM,VUT,1.0
JAM,WSM,1.0
JAM,YEM,0.0
JAM,ZAF,0.0
JAM,ZMB,0.0
JAM,ZWE,0.0
JOR,ABW,0.0
JOR,AFG,1.0
JOR,AGO,1.0
JOR,ALB,0.0
JOR,AND,0.0
JOR,ARE,0.0
JOR,ARG,1.0
JOR,ARM,1.0
JOR,ASM,0.0
JOR,ATG,0.0
JOR,AUS,0.0
JOR,AUT,0.0
JOR,AZE,1.0
JOR,BDI,1.0
JOR,BEL,0.0
JOR,BEN,1.0
JOR,BFA,1.0
JOR,BGD,1.0
JOR,BGR,0.0
JOR,BHR,0.0
JOR,BHS,0.0
JOR,BIH,1.0
JOR,BLR,1.0
JOR,BLZ,0.0
JOR,BMU,0.0
JOR,BOL,1.0
JOR,BRA,1.0
JOR,BRB,0.0
JOR,BRN,0.0
JOR,BTN,0.0
JOR,BWA,0.0
JOR,CAF,1.0
JOR,CAN,0.0
JOR,CHE,0.0
JOR,CHL,0.0
JOR,CIV,1.0
JOR,CMR,1.0
JOR,COD,1.0
JOR,COG,1.0
JOR,COL,1.0
JOR,COM,1.0
JOR,CPV,0.0
JOR,CRI,0.0
JOR,CUB,1.0
JOR,CUW,0.0
JOR,CYM,0.0
JOR,CYP,0.0
JOR,CZE,0.0
JOR,DEU,0.0
JOR,DJI,0.0
JOR,DMA,0.0
JOR,DNK,0.0
JOR,DOM,1.0
JOR,DZA,1.0
JOR,ECU,1.0
JOR,EGY,1.0
JOR,ESP,0.0
JOR,EST,0.0
JOR,ETH,1.0
JOR,FIN,0.0
JOR,FJI,1.0
JOR,FRA,0.0
JOR,FRO,0.0
JOR,FSM,0.0
JOR,GAB,1.0
JOR,GBR,0.0
JOR,GEO,0.0
JOR,GHA,1.0
JOR,GIN,1.0
JOR,GMB,1.0
JOR,GNB,1.0
JOR,GNQ,1.0
JOR,GRC,0.0
JOR,GRD,0.0
JOR,GRL,0.0
JOR,GTM,1.0
JOR,GUM,0.0
JOR,GUY,1.0
JOR,HKG,0.0
JOR,HND,1.0
JOR,HRV,0.0
JOR,HTI,1.0
JOR,HUN,0.0
JOR,IDN,1.0
JOR,IND,1.0
JOR,IRL,0.0
JOR,IRN,1.0
JOR,IRQ,1.0
JOR,ISL,0.0
JOR,ISR,0.0
JOR,ITA,0.0
JOR,JAM,0.0
JOR,JOR,1.0
JOR,JPN,0.0
JOR,KAZ,1.0
JOR,KEN,1.0
JOR,KGZ,1.0
JOR,KHM,1.0
JOR,KIR,0.0
JOR,KNA,0.0
JOR,KOR,0.0
JOR,KWT,1.0
JOR,LAO,1.0
JOR,LBN,1.0
JOR,LBR,1.0
JOR,LBY,1.0
JOR,LCA,0.0
JOR,LKA,1.0
JOR,LSO,1.0
JOR,LTU,0.0
JOR,LUX,0.0
JOR,LVA,0.0
JOR,MAC,0.0
JOR,MAR,1.0
JOR,MDA,1.0
JOR,MDG,1.0
JOR,MDV,0.0
JOR,MEX,1.0
JOR,MHL,0.0
JOR,MKD,0.0
JOR,MLI,1.0
JOR,MLT,0.0
JOR,MMR,1.0
JOR,MNE,0.0
JOR,MNG,1.0
JOR,MNP,0.0
JOR,MOZ,1.0
JOR,MRT,1.0
JOR,MUS,0.0
JOR,MWI,1.0
JOR,MYS,1.0
JOR,NAM,0.0
JOR,NER,1.0
JOR,NGA,1.0
JOR,NIC,1.0
JOR,NLD,0.0
JOR,NOR,0.0
JOR,NPL,1.0
JOR,NRU,0.0
JOR,NZL,0.0
JOR,OMN,1.0
JOR,PAK,1.0
JOR,PAN,0.0
JOR,PER,1.0
JOR,PHL,1.0
JOR,PLW,0.0
JOR,PNG,1.0
JOR,POL,0.0
JOR,PRT,0.0
JOR,PRY,1.0
JOR,PSE,1.0
JOR,PYF,0.0
JOR,QAT,0.0
JOR,ROU,1.0
JOR,RUS,1.0
JOR,RWA,1.0
JOR,SAU,1.0
JOR,SDN,1.0
JOR,SEN,1.0
JOR,SGP,0.0
JOR,SLB,1.0
JOR,SLE,1.0
JOR,SLV,1.0
JOR,SMR,0.0
JOR,SOM,1.0
JOR,SRB,1.0
JOR,SSD,1.0
JOR,STP,0.0
JOR,SUR,1.0
JOR,SVK,0.0
JOR,SVN,0.0
JOR,SWE,0.0
JOR,SWZ,1.0
JOR,SXM,0.0
JOR,SYC,0.0
JOR,SYR,1.0
JOR,TCA,0.0
JOR,TCD,1.0
JOR,TGO,1.0
JOR,THA,1.0
JOR,TJK,1.0
JOR,TKM,1.0
JOR,TLS,1.0
JOR,TON,0.0
JOR,TTO,1.0
JOR,TUN,1.0
JOR,TUR,1.0
JOR,TUV,0.0
JOR,TZA,1.0
JOR,UGA,1.0
JOR,UKR,1.0
JOR,URY,0.0
JOR,UZB,1.0
JOR,VCT,0.0
JOR,VEN,1.0
JOR,VNM,1.0
JOR,VUT,0.0
JOR,WSM,0.0
JOR,YEM,1.0
JOR,ZAF,1.0
JOR,ZMB,1.0
JOR,ZWE,1.0
JPN,ABW,1.0
JPN,AFG,0.0
JPN,AGO,0.0
JPN,ALB,1.0
JPN,AND,1.0
JPN,ARE,1.0
JPN,ARG,0.0
JPN,ARM,0.0
JPN,ASM,1.0
JPN,ATG,1.0
JPN,AUS,1.0
JPN,AUT,1.0
JPN,AZE,0.0
JPN,BDI,0.0
JPN,BEL,1.0
JPN,BEN,0.0
JPN,BFA,0.0
JPN,BGD,0.0
JPN,BGR,1.0
JPN,BHR,1.0
JPN,BHS,1.0
JPN,BIH,0.0
JPN,BLR,0.0
JPN,BLZ,1.0
JPN,BMU,1.0
JPN,BOL,0.0
JPN,BRA,0.0
JPN,BRB,1.0
JPN,BRN,1.0
JPN,BTN,1.0
JPN,BWA,1.0
JPN,CAF,0.0
JPN,CAN,1.0
JPN,CHE,1.0
JPN,CHL,1.0
JPN,CIV,0.0
JPN,CMR,0.0
JPN,COD,0.0
JPN,COG,0.0
JPN,COL,0.0
JPN,COM,0.0
JPN,CPV,1.0
JPN,CRI,1.0
JPN,CUB,0.0
JPN,CUW,1.0
JPN,CYM,1.0
JPN,CYP,1.0
JPN,CZE,1.0
JPN,DEU,1.0
JPN,DJI,1.0
JPN,DMA,1.0
JPN,DNK,1.0
JPN,DOM,0.0
JPN,DZA,0.0
JPN,ECU,0.0
JPN,EGY,0.0
JPN,ESP,1.0
JPN,EST,1.0
JPN,ETH,0.0
JPN,FIN,1.0
JPN,FJI,0.0
JPN,FRA,1.0
JPN,FRO,1.0
JPN,FSM,1.0
JPN,GAB,0.0
JPN,GBR,1.0
JPN,GEO,1.0
JPN,GHA,0.0
JPN,GIN,0.0
JPN,GMB,0.0
JPN,GNB,0.0
JPN,GNQ,0.0
JPN,GRC,1.0
JPN,GRD,1.0
JPN,GRL,1.0
JPN,GTM,0.0
JPN,GUM,1.0
JPN,GUY,0.0
JPN,HKG,1.0
JPN,HND,0.0
JPN,HRV,1.0
JPN,HTI,0.0
JPN,HUN,1.0
JPN,IDN,0.0
JPN,IND,0.0
JPN,IRL,1.0
JPN,IRN,0.0
JPN,IRQ,0.0
JPN,ISL,1.0
JPN,ISR,1.0
JPN,ITA,1.0
JPN,JAM,1.0
JPN,JOR,0.0
JPN,JPN,1.0
JPN,KAZ,0.0
JPN,KEN,0.0
JPN,KGZ,0.0
JPN,KHM,0.0
JPN,KIR,1.0
JPN,KNA,1.0
JPN,KOR,1.0
JPN,KWT,0.0
JPN,LAO,0.0
JPN,LBN,0.0
JPN,LBR,0.0
JPN,LBY,0.0
JPN,LCA,1.0
JPN,LKA,0.0
JPN,LSO,0.0
JPN,LTU,1.0
JPN,LUX,1.0
JPN,LVA,1.0
JPN,MAC,1.0
JPN,MAR,0.0
JPN,MDA,0.0
JPN,MDG,0.0
JPN,MDV,1.0
JPN,MEX,0.0
JPN,MHL,1.0
JPN,MKD,1.0
JPN,MLI,0.0
JPN,MLT,1.0
JPN,MMR,0.0
JPN,MNE,1.0
JPN,MNG,0.0
JPN,MNP,1.0
JPN,MOZ,0.0
JPN,MRT,0.0
JPN,MUS,1.0
JPN,MWI,0.0
JPN,MYS,0.0
JPN,NAM,1.0
JPN,NER,0.0
JPN,NGA,0.0
JPN,NIC,0.0
JPN,NLD,1.0
JPN,NOR,1.0
JPN,NPL,0.0
JPN,NRU,1.0
JPN,NZL,1.0
JPN,OMN,0.0
JPN,PAK,0.0
JPN,PAN,1.0
JPN,PER,0.0
JPN,PHL,0.0
JPN,PLW,1.0
JPN,PNG,0.0
JPN,POL,1.0
JPN,PRT,1.0
JPN,PRY,0.0
JPN,PSE,0.0
JPN,PYF,1.0
JPN,QAT,1.0
JPN,ROU,0.0
JPN,RUS,0.0
JPN,RWA,0.0
JPN,SAU,0.0
JPN,SDN,0.0
JPN,SEN,0.0
JPN,SGP,1.0
JPN,SLB,0.0
JPN,SLE,0.0
JPN,SLV,0.0
JPN,SMR,1.0
JPN,SOM,0.0
JPN,SRB,0.0
JPN,SSD,0.0
JPN,STP,1.0
JPN,SUR,0.0
JPN,SVK,1.0
JPN,SVN,1.0
JPN,SWE,1.0
JPN,SWZ,0.0
JPN,SXM,1.0
JPN,SYC,1.0
JPN,SYR,0.0
JPN,TCA,1.0
JPN,TCD,0.0
JPN,TGO,0.0
JPN,THA,0.0
JPN,TJK,0.0
JPN,TKM,0.0
JPN,TLS,0.0
JPN,TON,1.0
JPN,TTO,0.0
JPN,TUN,0.0
JPN,TUR,0.0
JPN,TUV,1.0
JPN,TZA,0.0
JPN,UGA,0.0
JPN,UKR,0.0
JPN,URY,1.0
JPN,UZB,0.0
JPN,VCT,1.0
JPN,VEN,0.0
JPN,VNM,0.0
JPN,VUT,1.0
JPN,WSM,1.0
JPN,YEM,0.0
JPN,ZAF,0.0
JPN,ZMB,0.0
JPN,ZWE,0.0
KAZ,ABW,0.0
KAZ,AFG,1.0
KAZ,AGO,1.0
KAZ,ALB,0.0
KAZ,AND,0.0
KAZ,ARE,0.0
KAZ,ARG,1.0
KAZ,ARM,1.0
KAZ,ASM,0.0
KAZ,ATG,0.0
KAZ,AUS,0.0
KAZ,AUT,0.0
KAZ,AZE,1.0
KAZ,BDI,1.0
KAZ,BEL,0.0
KAZ,BEN,1.0
KAZ,BFA,1.0
KAZ,BGD,1.0
KAZ,BGR,0.0
KAZ,BHR,0.0
KAZ,BHS,0.0
KAZ,BIH,1.0
KAZ,BLR,1.0
KAZ,BLZ,0.0
KAZ,BMU,0.0
KAZ,BOL,1.0
KAZ,BRA,1.0
KAZ,BRB,0.0
KAZ,BRN,0.0
KAZ,BTN,0.0
KAZ,BWA,0.0
KAZ,CAF,1.0
KAZ,CAN,0.0
KAZ,CHE,0.0
KAZ,CHL,0.0
KAZ,CIV,1.0
KAZ,CMR,1.0
KAZ,COD,1.0
KAZ,COG,1.0
KAZ,COL,1.0
KAZ,COM,1.0
KAZ,CPV,0.0
KAZ,CRI,0.0
KAZ,CUB,1.0
KAZ,CUW,0.0
KAZ,CYM,0.0
KAZ,CYP,0.0
KAZ,CZE,0.0
KAZ,DEU,0.0
KAZ,DJI,0.0
KAZ,DMA,0.0
KAZ,DNK,0.0
KAZ,DOM,1.0
KAZ,DZA,1.0
KAZ,ECU,1.0
KAZ,EGY,1.0
KAZ,ESP,0.0
KAZ,EST,0.0
KAZ,ETH,1.0
KAZ,FIN,0.0
KAZ,FJI,1.0
KAZ,FRA,0.0
KAZ,FRO,0.0
KAZ,FSM,0.0
KAZ,GAB,1.0
KAZ,GBR,0.0
KAZ,GEO,0.0
KAZ,GHA,1.0
KAZ,GIN,1.0
KAZ,GMB,1.0
KAZ,GNB,1.0
KAZ,GNQ,1.0
KAZ,GRC,0.0
KAZ,GRD,0.0
KAZ,GRL,0.0
KAZ,GTM,1.0
KAZ,GUM,0.0
KAZ,GUY,1.0
KAZ,HKG,0.0
KAZ,HND,1.0
KAZ,HRV,0.0
KAZ,HTI,1.0
KAZ,HUN,0.0
KAZ,IDN,1.0
KAZ,IND,1.0
KAZ,IRL,0.0
KAZ,IRN,1.0
KAZ,IRQ,1.0
KAZ,ISL,0.0
KAZ,ISR,0.0
KAZ,ITA,0.0
KAZ,JAM,0.0
KAZ,JOR,1.0
KAZ,JPN,0.0
KAZ,KAZ,1.0
KAZ,KEN,1.0
KAZ,KGZ,1.0
KAZ,KHM,1.0
KAZ,KIR,0.0
KAZ,KNA,0.0
KAZ,KOR,0.0
KAZ,KWT,1.0
KAZ,LAO,1.0
KAZ,LBN,1.0
KAZ,LBR,1.0
KAZ,LBY,1.0
KAZ,LCA,0.0
KAZ,LKA,1.0
KAZ,LSO,1.0
KAZ,LTU,0.0
KAZ,LUX,0.0
KAZ,LVA,0.0
KAZ,MAC,0.0
KAZ,MAR,1.0
KAZ,MDA,1.0
KAZ,MDG,1.0
KAZ,MDV,0.0
KAZ,MEX,1.0
KAZ,MHL,0.0
KAZ,MKD,0.0
KAZ,MLI,1.0
KAZ,MLT,0.0
KAZ,MMR,1.0
KAZ,MNE,0.0
KAZ,MNG,1.0
KAZ,MNP,0.0
KAZ,MOZ,1.0
KAZ,MRT,1.0
KAZ,MUS,0.0
KAZ,MWI,1.0
KAZ,MYS,1.0
KAZ,NAM,0.0
KAZ,NER,1.0
KAZ,NGA,1.0
KAZ,NIC,1.0
KAZ,NLD,0.0
KAZ,NOR,0.0
KAZ,NPL,1.0
KAZ,NRU,0.0
KAZ,NZL,0.0
KAZ,OMN,1.0
KAZ,PAK,1.0
KAZ,PAN,0.0
KAZ,PER,1.0
KAZ,PHL,1.0
KAZ,PLW,0.0
KAZ,PNG,1.0
KAZ,POL,0.0
KAZ,PRT,0.0
KAZ,PRY,1.0
KAZ,PSE,1.0
KAZ,PYF,0.0
KAZ,QAT,0.0
KAZ,ROU,1.0
KAZ,RUS,1.0
KAZ,RWA,1.0
KAZ,SAU,1.0
KAZ,SDN,1.0
KAZ,SEN,1.0
KAZ,SGP,0.0
KAZ,SLB,1.0
KAZ,SLE,1.0
KAZ,SLV,1.0
KAZ,SMR,0.0
KAZ,SOM,1.0
KAZ,SRB,1.0
KAZ,SSD,1.0
KAZ,STP,0.0
KAZ,SUR,1.0
KAZ,SVK,0.0
KAZ,SVN,0.0
KAZ,SWE,0.0
KAZ,SWZ,1.0
KAZ,SXM,0.0
KAZ,SYC,0.0
KAZ,SYR,1.0
KAZ,TCA,0.0
KAZ,TCD,1.0
KAZ,TGO,1.0
KAZ,THA,1.0
KAZ,TJK,1.0
KAZ,TKM,1.0
KAZ,TLS,1.0
KAZ,TON,0.0
KAZ,TTO,1.0
KAZ,TUN,1.0
KAZ,TUR,1.0
KAZ,TUV,0.0
KAZ,TZA,1.0
KAZ,UGA,1.0
KAZ,UKR,1.0
KAZ,URY,0.0
KAZ,UZB,1.0
KAZ,VCT,0.0
KAZ,VEN,1.0
KAZ,VNM,1.0
KAZ,VUT,0.0
KAZ,WSM,0.0
KAZ,YEM,1.0
KAZ,ZAF,1.0
KAZ,ZMB,1.0
KAZ,ZWE,1.0
KEN,ABW,0.0
KEN,AFG,1.0
KEN,AGO,1.0
KEN,ALB,0.0
KEN,AND,0.0
KEN,ARE,0.0
KEN,ARG,1.0
KEN,ARM,1.0
KEN,ASM,0.0
KEN,ATG,0.0
KEN,AUS,0.0
KEN,AUT,0.0
KEN,AZE,1.0
KEN,BDI,1.0
KEN,BEL,0.0
KEN,BEN,1.0
KEN,BFA,1.0
KEN,BGD,1.0
KEN,BGR,0.0
KEN,BHR,0.0
KEN,BHS,0.0
KEN,BIH,1.0
KEN,BLR,1.0
KEN,BLZ,0.0
KEN,BMU,0.0
KEN,BOL,1.0
KEN,BRA,1.0
KEN,BRB,0.0
KEN,BRN,0.0
KEN,BTN,0.0
KEN,BWA,0.0
KEN,CAF,1.0
KEN,CAN,0.0
KEN,CHE,0.0
KEN,CHL,0.0
KEN,CIV,1.0
KEN,CMR,1.0
KEN,COD,1.0
KEN,COG,1.0
KEN,COL,1.0
KEN,COM,1.0
KEN,CPV,0.0
KEN,CRI,0.0
KEN,CUB,1.0
KEN,CUW,0.0
KEN,CYM,0.0
KEN,CYP,0.0
KEN,CZE,0.0
KEN,DEU,0.0
KEN,DJI,0.0
KEN,DMA,0.0
KEN,DNK,0.0
KEN,DOM,1.0
KEN,DZA,1.0
KEN,ECU,1.0
KEN,EGY,1.0
KEN,ESP,0.0
KEN,EST,0.0
KEN,ETH,1.0
KEN,FIN,0.0
KEN,FJI,1.0
KEN,FRA,0.0
KEN,FRO,0.0
KEN,FSM,0.0
KEN,GAB,1.0
KEN,GBR,0.0
KEN,GEO,0.0
KEN,GHA,1.0
KEN,GIN,1.0
KEN,GMB,1.0
KEN,GNB,1.0
KEN,GNQ,1.0
KEN,GRC,0.0
KEN,GRD,0.0
KEN,GRL,0.0
KEN,GTM,1.0
KEN,GUM,0.0
KEN,GUY,1.0
KEN,HKG,0.0
KEN,HND,1.0
KEN,HRV,0.0
KEN,HTI,1.0
KEN,HUN,0.0
KEN,IDN,1.0
KEN,IND,1.0
KEN,IRL,0.0
KEN,IRN,1.0
KEN,IRQ,1.0
KEN,ISL,0.0
KEN,ISR,0.0
KEN,ITA,0.0
KEN,JAM,0.0
KEN,JOR,1.0
KEN,JPN,0.0
KEN,KAZ,1.0
KEN,KEN,1.0
KEN,KGZ,1.0
KEN,KHM,1.0
KEN,KIR,0.0
KEN,KNA,0.0
KEN,KOR,0.0
KEN,KWT,1.0
KEN,LAO,1.0
KEN,LBN,1.0
KEN,LBR,1.0
KEN,LBY,1.0
KEN,LCA,0.0
KEN,LKA,1.0
KEN,LSO,1.0
KEN,LTU,0.0
KEN,LUX,0.0
KEN,LVA,0.0
KEN,MAC,0.0
KEN,MAR,1.0
KEN,MDA,1.0
KEN,MDG,1.0
KEN,MDV,0.0
KEN,MEX,1.0
KEN,MHL,0.0
KEN,MKD,0.0
KEN,MLI,1.0
KEN,MLT,0.0
KEN,MMR,1.0
KEN,MNE,0.0
KEN,MNG,1.0
KEN,MNP,0.0
KEN,MOZ,1.0
KEN,MRT,1.0
KEN,MUS,0.0
KEN,MWI,1.0
KEN,MYS,1.0
KEN,NAM,0.0
KEN,NER,1.0
KEN,NGA,1.0
KEN,NIC,1.0
KEN,NLD,0.0
KEN,NOR,0.0
KEN,NPL,1.0
KEN,NRU,0.0
KEN,NZL,0.0
KEN,OMN,1.0
KEN,PAK,1.0
KEN,PAN,0.0
KEN,PER,1.0
KEN,PHL,1.0
KEN,PLW,0.0
KEN,PNG,1.0
KEN,POL,0.0
KEN,PRT,0.0
KEN,PRY,1.0
KEN,PSE,1.0
KEN,PYF,0.0
KEN,QAT,0.0
KEN,ROU,1.0
KEN,RUS,1.0
KEN,RWA,1.0
KEN,SAU,1.0
KEN,SDN,1.0
KEN,SEN,1.0
KEN,SGP,0.0
KEN,SLB,1.0
KEN,SLE,1.0
KEN,SLV,1.0
KEN,SMR,0.0
KEN,SOM,1.0
KEN,SRB,1.0
KEN,SSD,1.0
KEN,STP,0.0
KEN,SUR,1.0
KEN,SVK,0.0
KEN,SVN,0.0
KEN,SWE,0.0
KEN,SWZ,1.0
KEN,SXM,0.0
KEN,SYC,0.0
KEN,SYR,1.0
KEN,TCA,0.0
KEN,TCD,1.0
KEN,TGO,1.0
KEN,THA,1.0
KEN,TJK,1.0
KEN,TKM,1.0
KEN,TLS,1.0
KEN,TON,0.0
KEN,TTO,1.0
KEN,TUN,1.0
KEN,TUR,1.0
KEN,TUV,0.0
KEN,TZA,1.0
KEN,UGA,1.0
KEN,UKR,1.0
KEN,URY,0.0
KEN,UZB,1.0
KEN,VCT,0.0
KEN,VEN,1.0
KEN,VNM,1.0
KEN,VUT,0.0
KEN,WSM,0.0
KEN,YEM,1.0
KEN,ZAF,1.0
KEN,ZMB,1.0
KEN,ZWE,1.0
KGZ,ABW,0.0
KGZ,AFG,1.0
KGZ,AGO,1.0
KGZ,ALB,0.0
KGZ,AND,0.0
KGZ,ARE,0.0
KGZ,ARG,1.0
KGZ,ARM,1.0
KGZ,ASM,0.0
KGZ,ATG,0.0
KGZ,AUS,0.0
KGZ,AUT,0.0
KGZ,AZE,1.0
KGZ,BDI,1.0
KGZ,BEL,0.0
KGZ,BEN,1.0
KGZ,BFA,1.0
KGZ,BGD,1.0
KGZ,BGR,0.0
KGZ,BHR,0.0
KGZ,BHS,0.0
KGZ,BIH,1.0
KGZ,BLR,1.0
KGZ,BLZ,0.0
KGZ,BMU,0.0
KGZ,BOL,1.0
KGZ,BRA,1.0
KGZ,BRB,0.0
KGZ,BRN,0.0
KGZ,BTN,0.0
KGZ,BWA,0.0
KGZ,CAF,1.0
KGZ,CAN,0.0
KGZ,CHE,0.0
KGZ,CHL,0.0
KGZ,CIV,1.0
KGZ,CMR,1.0
KGZ,COD,1.0
KGZ,COG,1.0
KGZ,COL,1.0
KGZ,COM,1.0
KGZ,CPV,0.0
KGZ,CRI,0.0
KGZ,CUB,1.0
KGZ,CUW,0.0
KGZ,CYM,0.0
KGZ,CYP,0.0
KGZ,CZE,0.0
KGZ,DEU,0.0
KGZ,DJI,0.0
KGZ,DMA,0.0
KGZ,DNK,0.0
KGZ,DOM,1.0
KGZ,DZA,1.0
KGZ,ECU,1.0
KGZ,EGY,1.0
KGZ,ESP,0.0
KGZ,EST,0.0
KGZ,ETH,1.0
KGZ,FIN,0.0
KGZ,FJI,1.0
KGZ,FRA,0.0
KGZ,FRO,0.0
KGZ,FSM,0.0
KGZ,GAB,1.0
KGZ,GBR,0.0
KGZ,GEO,0.0
KGZ,GHA,1.0
KGZ,GIN,1.0
KGZ,GMB,1.0
KGZ,GNB,1.0
KGZ,GNQ,1.0
KGZ,GRC,0.0
KGZ,GRD,0.0
KGZ,GRL,0.0
KGZ,GTM,1.0
KGZ,GUM,0.0
KGZ,GUY,1.0
KGZ,HKG,0.0
KGZ,HND,1.0
KGZ,HRV,0.0
KGZ,HTI,1.0
KGZ,HUN,0.0
KGZ,IDN,1.0
KGZ,IND,1.0
KGZ,IRL,0.0
KGZ,IRN,1.0
KGZ,IRQ,1.0
KGZ,ISL,0.0
KGZ,ISR,0.0
KGZ,ITA,0.0
KGZ,JAM,0.0
KGZ,JOR,1.0
KGZ,JPN,0.0
KGZ,KAZ,1.0
KGZ,KEN,1.0
KGZ,KGZ,1.0
KGZ,KHM,1.0
KGZ,KIR,0.0
KGZ,KNA,0.0
KGZ,KOR,0.0
KGZ,KWT,1.0
KGZ,LAO,1.0
KGZ,LBN,1.0
KGZ,LBR,1.0
KGZ,LBY,1.0
KGZ,LCA,0.0
KGZ,LKA,1.0
KGZ,LSO,1.0
KGZ,LTU,0.0
KGZ,LUX,0.0
KGZ,LVA,0.0
KGZ,MAC,0.0
KGZ,MAR,1.0
KGZ,MDA,1.0
KGZ,MDG,1.0
KGZ,MDV,0.0
KGZ,MEX,1.0
KGZ,MHL,0.0
KGZ,MKD,0.0
KGZ,MLI,1.0
KGZ,MLT,0.0
KGZ,MMR,1.0
KGZ,MNE,0.0
KGZ,MNG,1.0
KGZ,MNP,0.0
KGZ,MOZ,1.0
KGZ,MRT,1.0
KGZ,MUS,0.0
KGZ,MWI,1.0
KGZ,MYS,1.0
KGZ,NAM,0.0
KGZ,NER,1.0
KGZ,NGA,1.0
KGZ,NIC,1.0
KGZ,NLD,0.0
KGZ,NOR,0.0
KGZ,NPL,1.0
KGZ,NRU,0.0
KGZ,NZL,0.0
KGZ,OMN,1.0
KGZ,PAK,1.0
KGZ,PAN,0.0
KGZ,PER,1.0
KGZ,PHL,1.0
KGZ,PLW,0.0
KGZ,PNG,1.0
KGZ,POL,0.0
KGZ,PRT,0.0
KGZ,PRY,1.0
KGZ,PSE,1.0
KGZ,PYF,0.0
KGZ,QAT,0.0
KGZ,ROU,1.0
KGZ,RUS,1.0
KGZ,RWA,1.0
KGZ,SAU,1.0
KGZ,SDN,1.0
KGZ,SEN,1.0
KGZ,SGP,0.0
KGZ,SLB,1.0
KGZ,SLE,1.0
KGZ,SLV,1.0
KGZ,SMR,0.0
KGZ,SOM,1.0
KGZ,SRB,1.0
KGZ,SSD,1.0
KGZ,STP,0.0
KGZ,SUR,1.0
KGZ,SVK,0.0
KGZ,SVN,0.0
KGZ,SWE,0.0
KGZ,SWZ,1.0
KGZ,SXM,0.0
KGZ,SYC,0.0
KGZ,SYR,1.0
KGZ,TCA,0.0
KGZ,TCD,1.0
KGZ,TGO,1.0
KGZ,THA,1.0
KGZ,TJK,1.0
KGZ,TKM,1.0
KGZ,TLS,1.0
KGZ,TON,0.0
KGZ,TTO,1.0
KGZ,TUN,1.0
KGZ,TUR,1.0
KGZ,TUV,0.0
KGZ,TZA,1.0
KGZ,UGA,1.0
KGZ,UKR,1.0
KGZ,URY,0.0
KGZ,UZB,1.0
KGZ,VCT,0.0
KGZ,VEN,1.0
KGZ,VNM,1.0
KGZ,VUT,0.0
KGZ,WSM,0.0
KGZ,YEM,1.0
KGZ,ZAF,1.0
KGZ,ZMB,1.0
KGZ,ZWE,1.0
KHM,ABW,0.0
KHM,AFG,1.0
KHM,AGO,1.0
KHM,ALB,0.0
KHM,AND,0.0
KHM,ARE,0.0
KHM,ARG,1.0
KHM,ARM,1.0
KHM,ASM,0.0
KHM,ATG,0.0
KHM,AUS,0.0
KHM,AUT,0.0
KHM,AZE,1.0
KHM,BDI,1.0
KHM,BEL,0.0
KHM,BEN,1.0
KHM,BFA,1.0
KHM,BGD,1.0
KHM,BGR,0.0
KHM,BHR,0.0
KHM,BHS,0.0
KHM,BIH,1.0
KHM,BLR,1.0
KHM,BLZ,0.0
KHM,BMU,0.0
KHM,BOL,1.0
KHM,BRA,1.0
KHM,BRB,0.0
KHM,BRN,0.0
KHM,BTN,0.0
KHM,BWA,0.0
KHM,CAF,1.0
KHM,CAN,0.0
KHM,CHE,0.0
KHM,CHL,0.0
KHM,CIV,1.0
KHM,CMR,1.0
KHM,COD,1.0
KHM,COG,1.0
KHM,COL,1.0
KHM,COM,1.0
KHM,CPV,0.0
KHM,CRI,0.0
KHM,CUB,1.0
KHM,CUW,0.0
KHM,CYM,0.0
KHM,CYP,0.0
KHM,CZE,0.0
KHM,DEU,0.0
KHM,DJI,0.0
KHM,DMA,0.0
KHM,DNK,0.0
KHM,DOM,1.0
KHM,DZA,1.0
KHM,ECU,1.0
KHM,EGY,1.0
KHM,ESP,0.0
KHM,EST,0.0
KHM,ETH,1.0
KHM,FIN,0.0
KHM,FJI,1.0
KHM,FRA,0.0
KHM,FRO,0.0
KHM,FSM,0.0
KHM,GAB,1.0
KHM,GBR,0.0
KHM,GEO,0.0
KHM,GHA,1.0
KHM,GIN,1.0
KHM,GMB,1.0
KHM,GNB,1.0
KHM,GNQ,1.0
KHM,GRC,0.0
KHM,GRD,0.0
KHM,GRL,0.0
KHM,GTM,1.0
KHM,GUM,0.0
KHM,GUY,1.0
KHM,HKG,0.0
KHM,HND,1.0
KHM,HRV,0.0
KHM,HTI,1.0
KHM,HUN,0.0
KHM,IDN,1.0
KHM,IND,1.0
KHM,IRL,0.0
KHM,IRN,1.0
KHM,IRQ,1.0
KHM,ISL,0.0
KHM,ISR,0.0
KHM,ITA,0.0
KHM,JAM,0.0
KHM,JOR,1.0
KHM,JPN,0.0
KHM,KAZ,1.0
KHM,KEN,1.0
KHM,KGZ,1.0
KHM,KHM,1.0
KHM,KIR,0.0
KHM,KNA,0.0
KHM,KOR,0.0
KHM,KWT,1.0
KHM,LAO,1.0
KHM,LBN,1.0
KHM,LBR,1.0
KHM,LBY,1.0
KHM,LCA,0.0
KHM,LKA,1.0
KHM,LSO,1.0
KHM,LTU,0.0
KHM,LUX,0.0
KHM,LVA,0.0
KHM,MAC,0.0
KHM,MAR,1.0
KHM,MDA,1.0
KHM,MDG,1.0
KHM,MDV,0.0
KHM,MEX,1.0
KHM,MHL,0.0
KHM,MKD,0.0
KHM,MLI,1.0
KHM,MLT,0.0
KHM,MMR,1.0
KHM,MNE,0.0
KHM,MNG,1.0
KHM,MNP,0.0
KHM,MOZ,1.0
KHM,MRT,1.0
KHM,MUS,0.0
KHM,MWI,1.0
KHM,MYS,1.0
KHM,NAM,0.0
KHM,NER,1.0
KHM,NGA,1.0
KHM,NIC,1.0
KHM,NLD,0.0
KHM,NOR,0.0
KHM,NPL,1.0
KHM,NRU,0.0
KHM,NZL,0.0
KHM,OMN,1.0
KHM,PAK,1.0
KHM,PAN,0.0
KHM,PER,1.0
KHM,PHL,1.0
KHM,PLW,0.0
KHM,PNG,1.0
KHM,POL,0.0
KHM,PRT,0.0
KHM,PRY,1.0
KHM,PSE,1.0
KHM,PYF,0.0
KHM,QAT,0.0
KHM,ROU,1.0
KHM,RUS,1.0
KHM,RWA,1.0
KHM,SAU,1.0
KHM,SDN,1.0
KHM,SEN,1.0
KHM,SGP,0.0
KHM,SLB,1.0
KHM,SLE,1.0
KHM,SLV,1.0
KHM,SMR,0.0
KHM,SOM,1.0
KHM,SRB,1.0
KHM,SSD,1.0
KHM,STP,0.0
KHM,SUR,1.0
KHM,SVK,0.0
KHM,SVN,0.0
KHM,SWE,0.0
KHM,SWZ,1.0
KHM,SXM,0.0
KHM,SYC,0.0
KHM,SYR,1.0
KHM,TCA,0.0
KHM,TCD,1.0
KHM,TGO,1.0
KHM,THA,1.0
KHM,TJK,1.0
KHM,TKM,1.0
KHM,TLS,1.0
KHM,TON,0.0
KHM,TTO,1.0
KHM,TUN,1.0
KHM,TUR,1.0
KHM,TUV,0.0
KHM,TZA,1.0
KHM,UGA,1.0
KHM,UKR,1.0
KHM,URY,0.0
KHM,UZB,1.0
KHM,VCT,0.0
KHM,VEN,1.0
KHM,VNM,1.0
KHM,VUT,0.0
KHM,WSM,0.0
KHM,YEM,1.0
KHM,ZAF,1.0
KHM,ZMB,1.0
KHM,ZWE,1.0
KIR,ABW,1.0
KIR,AFG,0.0
KIR,AGO,0.0
KIR,ALB,1.0
KIR,AND,1.0
KIR,ARE,1.0
KIR,ARG,0.0
KIR,ARM,0.0
KIR,ASM,1.0
KIR,ATG,1.0
KIR,AUS,1.0
KIR,AUT,1.0
KIR,AZE,0.0
KIR,BDI,0.0
KIR,BEL,1.0
KIR,BEN,0.0
KIR,BFA,0.0
KIR,BGD,0.0
KIR,BGR,1.0
KIR,BHR,1.0
KIR,BHS,1.0
KIR,BIH,0.0
KIR,BLR,0.0
KIR,BLZ,1.0
KIR,BMU,1.0
KIR,BOL,0.0
KIR,BRA,0.0
KIR,BRB,1.0
KIR,BRN,1.0
KIR,BTN,1.0
KIR,BWA,1.0
KIR,CAF,0.0
KIR,CAN,1.0
KIR,CHE,1.0
KIR,CHL,1.0
KIR,CIV,0.0
KIR,CMR,0.0
KIR,COD,0.0
KIR,COG,0.0
KIR,COL,0.0
KIR,COM,0.0
KIR,CPV,1.0
KIR,CRI,1.0
KIR,CUB,0.0
KIR,CUW,1.0
KIR,CYM,1.0
KIR,CYP,1.0
KIR,CZE,1.0
KIR,DEU,1.0
KIR,DJI,1.0
KIR,DMA,1.0
KIR,DNK,1.0
KIR,DOM,0.0
KIR,DZA,0.0
KIR,ECU,0.0
KIR,EGY,0.0
KIR,ESP,1.0
KIR,EST,1.0
KIR,ETH,0.0
KIR,FIN,1.0
KIR,FJI,0.0
KIR,FRA,1.0
KIR,FRO,1.0
KIR,FSM,1.0
KIR,GAB,0.0
KIR,GBR,1.0
KIR,GEO,1.0
KIR,GHA,0.0
KIR,GIN,0.0
KIR,GMB,0.0
KIR,GNB,0.0
KIR,GNQ,0.0
KIR,GRC,1.0
KIR,GRD,1.0
KIR,GRL,1.0
KIR,GTM,0.0
KIR,GUM,1.0
KIR,GUY,0.0
KIR,HKG,1.0
KIR,HND,0.0
KIR,HRV,1.0
KIR,HTI,0.0
KIR,HUN,1.0
KIR,IDN,0.0
KIR,IND,0.0
KIR,IRL,1.0
KIR,IRN,0.0
KIR,IRQ,0.0
KIR,ISL,1.0
KIR,ISR,1.0
KIR,ITA,1.0
KIR,JAM,1.0
KIR,JOR,0.0
KIR,JPN,1.0
KIR,KAZ,0.0
KIR,KEN,0.0
KIR,KGZ,0.0
KIR,KHM,0.0
KIR,KIR,1.0
KIR,KNA,1.0
KIR,KOR,1.0
KIR,KWT,0.0
KIR,LAO,0.0
KIR,LBN,0.0
KIR,LBR,0.0
KIR,LBY,0.0
KIR,LCA,1.0
KIR,LKA,0.0
KIR,LSO,0.0
KIR,LTU,1.0
KIR,LUX,1.0
KIR,LVA,1.0
KIR,MAC,1.0
KIR,MAR,0.0
KIR,MDA,0.0
KIR,MDG,0.0
KIR,MDV,1.0
KIR,MEX,0.0
KIR,MHL,1.0
KIR,MKD,1.0
KIR,MLI,0.0
KIR,MLT,1.0
KIR,MMR,0.0
KIR,MNE,1.0
KIR,MNG,0.0
KIR,MNP,1.0
KIR,MOZ,0.0
KIR,MRT,0.0
KIR,MUS,1.0
KIR,MWI,0.0
KIR,MYS,0.0
KIR,NAM,1.0
KIR,NER,0.0
KIR,NGA,0.0
KIR,NIC,0.0
KIR,NLD,1.0
KIR,NOR,1.0
KIR,NPL,0.0
KIR,NRU,1.0
KIR,NZL,1.0
KIR,OMN,0.0
KIR,PAK,0.0
KIR,PAN,1.0
KIR,PER,0.0
KIR,PHL,0.0
KIR,PLW,1.0
KIR,PNG,0.0
KIR,POL,1.0
KIR,PRT,1.0
KIR,PRY,0.0
KIR,PSE,0.0
KIR,PYF,1.0
KIR,QAT,1.0
KIR,ROU,0.0
KIR,RUS,0.0
KIR,RWA,0.0
KIR,SAU,0.0
KIR,SDN,0.0
KIR,SEN,0.0
KIR,SGP,1.0
KIR,SLB,0.0
KIR,SLE,0.0
KIR,SLV,0.0
KIR,SMR,1.0
KIR,SOM,0.0
KIR,SRB,0.0
KIR,SSD,0.0
KIR,STP,1.0
KIR,SUR,0.0
KIR,SVK,1.0
KIR,SVN,1.0
KIR,SWE,1.0
KIR,SWZ,0.0
KIR,SXM,1.0
KIR,SYC,1.0
KIR,SYR,0.0
KIR,TCA,1.0
KIR,TCD,0.0
KIR,TGO,0.0
KIR,THA,0.0
KIR,TJK,0.0
KIR,TKM,0.0
KIR,TLS,0.0
KIR,TON,1.0
KIR,TTO,0.0
KIR,TUN,0.0
KIR,TUR,0.0
KIR,TUV,1.0
KIR,TZA,0.0
KIR,UGA,0.0
KIR,UKR,0.0
KIR,URY,1.0
KIR,UZB,0.0
KIR,VCT,1.0
KIR,VEN,0.0
KIR,VNM,0.0
KIR,VUT,1.0
KIR,WSM,1.0
KIR,YEM,0.0
KIR,ZAF,0.0
KIR,ZMB,0.0
KIR,ZWE,0.0
KNA,ABW,1.0
KNA,AFG,0.0
KNA,AGO,0.0
KNA,ALB,1.0
KNA,AND,1.0
KNA,ARE,1.0
KNA,ARG,0.0
KNA,ARM,0.0
KNA,ASM,1.0
KNA,ATG,1.0
KNA,AUS,1.0
KNA,AUT,1.0
KNA,AZE,0.0
KNA,BDI,0.0
KNA,BEL,1.0
KNA,BEN,0.0
KNA,BFA,0.0
KNA,BGD,0.0
KNA,BGR,1.0
KNA,BHR,1.0
KNA,BHS,1.0
KNA,BIH,0.0
KNA,BLR,0.0
KNA,BLZ,1.0
KNA,BMU,1.0
KNA,BOL,0.0
KNA,BRA,0.0
KNA,BRB,1.0
KNA,BRN,1.0
KNA,BTN,1.0
KNA,BWA,1.0
KNA,CAF,0.0
KNA,CAN,1.0
KNA,CHE,1.0
KNA,CHL,1.0
KNA,CIV,0.0
KNA,CMR,0.0
KNA,COD,0.0
KNA,COG,0.0
KNA,COL,0.0
KNA,COM,0.0
KNA,CPV,1.0
KNA,CRI,1.0
KNA,CUB,0.0
KNA,CUW,1.0
KNA,CYM,1.0
KNA,CYP,1.0
KNA,CZE,1.0
KNA,DEU,1.0
KNA,DJI,1.0
KNA,DMA,1.0
KNA,DNK,1.0
KNA,DOM,0.0
KNA,DZA,0.0
KNA,ECU,0.0
KNA,EGY,0.0
KNA,ESP,1.0
KNA,EST,1.0
KNA,ETH,0.0
KNA,FIN,1.0
KNA,FJI,0.0
KNA,FRA,1.0
KNA,FRO,1.0
KNA,FSM,1.0
KNA,GAB,0.0
KNA,GBR,1.0
KNA,GEO,1.0
KNA,GHA,0.0
KNA,GIN,0.0
KNA,GMB,0.0
KNA,GNB,0.0
KNA,GNQ,0.0
KNA,GRC,1.0
KNA,GRD,1.0
KNA,GRL,1.0
KNA,GTM,0.0
KNA,GUM,1.0
KNA,GUY,0.0
KNA,HKG,1.0
KNA,HND,0.0
KNA,HRV,1.0
KNA,HTI,0.0
KNA,HUN,1.0
KNA,IDN,0.0
KNA,IND,0.0
KNA,IRL,1.0
KNA,IRN,0.0
KNA,IRQ,0.0
KNA,ISL,1.0
KNA,ISR,1.0
KNA,ITA,1.0
KNA,JAM,1.0
KNA,JOR,0.0
KNA,JPN,1.0
KNA,KAZ,0.0
KNA,KEN,0.0
KNA,KGZ,0.0
KNA,KHM,0.0
KNA,KIR,1.0
KNA,KNA,1.0
KNA,KOR,1.0
KNA,KWT,0.0
KNA,LAO,0.0
KNA,LBN,0.0
KNA,LBR,0.0
KNA,LBY,0.0
KNA,LCA,1.0
KNA,LKA,0.0
KNA,LSO,0.0
KNA,LTU,1.0
KNA,LUX,1.0
KNA,LVA,1.0
KNA,MAC,1.0
KNA,MAR,0.0
KNA,MDA,0.0
KNA,MDG,0.0
KNA,MDV,1.0
KNA,MEX,0.0
KNA,MHL,1.0
KNA,MKD,1.0
KNA,MLI,0.0
KNA,MLT,1.0
KNA,MMR,0.0
KNA,MNE,1.0
KNA,MNG,0.0
KNA,MNP,1.0
KNA,MOZ,0.0
KNA,MRT,0.0
KNA,MUS,1.0
KNA,MWI,0.0
KNA,MYS,0.0
KNA,NAM,1.0
KNA,NER,0.0
KNA,NGA,0.0
KNA,NIC,0.0
KNA,NLD,1.0
KNA,NOR,1.0
KNA,NPL,0.0
KNA,NRU,1.0
KNA,NZL,1.0
KNA,OMN,0.0
KNA,PAK,0.0
KNA,PAN,1.0
KNA,PER,0.0
KNA,PHL,0.0
KNA,PLW,1.0
KNA,PNG,0.0
KNA,POL,1.0
KNA,PRT,1.0
KNA,PRY,0.0
KNA,PSE,0.0
KNA,PYF,1.0
KNA,QAT,1.0
KNA,ROU,0.0
KNA,RUS,0.0
KNA,RWA,0.0
KNA,SAU,0.0
KNA,SDN,0.0
KNA,SEN,0.0
KNA,SGP,1.0
KNA,SLB,0.0
KNA,SLE,0.0
KNA,SLV,0.0
KNA,SMR,1.0
KNA,SOM,0.0
KNA,SRB,0.0
KNA,SSD,0.0
KNA,STP,1.0
KNA,SUR,0.0
KNA,SVK,1.0
KNA,SVN,1.0
KNA,SWE,1.0
KNA,SWZ,0.0
KNA,SXM,1.0
KNA,SYC,1.0
KNA,SYR,0.0
KNA,TCA,1.0
KNA,TCD,0.0
KNA,TGO,0.0
KNA,THA,0.0
KNA,TJK,0.0
KNA,TKM,0.0
KNA,TLS,0.0
KNA,TON,1.0
KNA,TTO,0.0
KNA,TUN,0.0
KNA,TUR,0.0
KNA,TUV,1.0
KNA,TZA,0.0
KNA,UGA,0.0
KNA,UKR,0.0
KNA,URY,1.0
KNA,UZB,0.0
KNA,VCT,1.0
KNA,VEN,0.0
KNA,VNM,0.0
KNA,VUT,1.0
KNA,WSM,1.0
KNA,YEM,0.0
KNA,ZAF,0.0
KNA,ZMB,0.0
KNA,ZWE,0.0
KOR,ABW,1.0
KOR,AFG,0.0
KOR,AGO,0.0
KOR,ALB,1.0
KOR,AND,1.0
KOR,ARE,1.0
KOR,ARG,0.0
KOR,ARM,0.0
KOR,ASM,1.0
KOR,ATG,1.0
KOR,AUS,1.0
KOR,AUT,1.0
KOR,AZE,0.0
KOR,BDI,0.0
KOR,BEL,1.0
KOR,BEN,0.0
KOR,BFA,0.0
KOR,BGD,0.0
KOR,BGR,1.0
KOR,BHR,1.0
KOR,BHS,1.0
KOR,BIH,0.0
KOR,BLR,0.0
KOR,BLZ,1.0
KOR,BMU,1.0
KOR,BOL,0.0
KOR,BRA,0.0
KOR,BRB,1.0
KOR,BRN,1.0
KOR,BTN,1.0
KOR,BWA,1.0
KOR,CAF,0.0
KOR,CAN,1.0
KOR,CHE,1.0
KOR,CHL,1.0
KOR,CIV,0.0
KOR,CMR,0.0
KOR,COD,0.0
KOR,COG,0.0
KOR,COL,0.0
KOR,COM,0.0
KOR,CPV,1.0
KOR,CRI,1.0
KOR,CUB,0.0
KOR,CUW,1.0
KOR,CYM,1.0
KOR,CYP,1.0
KOR,CZE,1.0
KOR,DEU,1.0
KOR,DJI,1.0
KOR,DMA,1.0
KOR,DNK,1.0
KOR,DOM,0.0
KOR,DZA,0.0
KOR,ECU,0.0
KOR,EGY,0.0
KOR,ESP,1.0
KOR,EST,1.0
KOR,ETH,0.0
KOR,FIN,1.0
KOR,FJI,0.0
KOR,FRA,1.0
KOR,FRO,1.0
KOR,FSM,1.0
KOR,GAB,0.0
KOR,GBR,1.0
KOR,GEO,1.0
KOR,GHA,0.0
KOR,GIN,0.0
KOR,GMB,0.0
KOR,GNB,0.0
KOR,GNQ,0.0
KOR,GRC,1.0
KOR,GRD,1.0
KOR,GRL,1.0
KOR,GTM,0.0
KOR,GUM,1.0
KOR,GUY,0.0
KOR,HKG,1.0
KOR,HND,0.0
KOR,HRV,1.0
KOR,HTI,0.0
KOR,HUN,1.0
KOR,IDN,0.0
KOR,IND,0.0
KOR,IRL,1.0
KOR,IRN,0.0
KOR,IRQ,0.0
KOR,ISL,1.0
KOR,ISR,1.0
KOR,ITA,1.0
KOR,JAM,1.0
KOR,JOR,0.0
KOR,JPN,1.0
KOR,KAZ,0.0
KOR,KEN,0.0
KOR,KGZ,0.0
KOR,KHM,0.0
KOR,KIR,1.0
KOR,KNA,1.0
KOR,KOR,1.0
KOR,KWT,0.0
KOR,LAO,0.0
KOR,LBN,0.0
KOR,LBR,0.0
KOR,LBY,0.0
KOR,LCA,1.0
KOR,LKA,0.0
KOR,LSO,0.0
KOR,LTU,1.0
KOR,LUX,1.0
KOR,LVA,1.0
KOR,MAC,1.0
KOR,MAR,0.0
KOR,MDA,0.0
KOR,MDG,0.0
KOR,MDV,1.0
KOR,MEX,0.0
KOR,MHL,1.0
KOR,MKD,1.0
KOR,MLI,0.0
KOR,MLT,1.0
KOR,MMR,0.0
KOR,MNE,1.0
KOR,MNG,0.0
KOR,MNP,1.0
KOR,MOZ,0.0
KOR,MRT,0.0
KOR,MUS,1.0
KOR,MWI,0.0
KOR,MYS,0.0
KOR,NAM,1.0
KOR,NER,0.0
KOR,NGA,0.0
KOR,NIC,0.0
KOR,NLD,1.0
KOR,NOR,1.0
KOR,NPL,0.0
KOR,NRU,1.0
KOR,NZL,1.0
KOR,OMN,0.0
KOR,PAK,0.0
KOR,PAN,1.0
KOR,PER,0.0
KOR,PHL,0.0
KOR,PLW,1.0
KOR,PNG,0.0
KOR,POL,1.0
KOR,PRT,1.0
KOR,PRY,0.0
KOR,PSE,0.0
KOR,PYF,1.0
KOR,QAT,1.0
KOR,ROU,0.0
KOR,RUS,0.0
KOR,RWA,0.0
KOR,SAU,0.0
KOR,SDN,0.0
KOR,SEN,0.0
KOR,SGP,1.0
KOR,SLB,0.0
KOR,SLE,0.0
KOR,SLV,0.0
KOR,SMR,1.0
KOR,SOM,0.0
KOR,SRB,0.0
KOR,SSD,0.0
KOR,STP,1.0
KOR,SUR,0.0
KOR,SVK,1.0
KOR,SVN,1.0
KOR,SWE,1.0
KOR,SWZ,0.0
KOR,SXM,1.0
KOR,SYC,1.0
KOR,SYR,0.0
KOR,TCA,1.0
KOR,TCD,0.0
KOR,TGO,0.0
KOR,THA,0.0
KOR,TJK,0.0
KOR,TKM,0.0
KOR,TLS,0.0
KOR,TON,1.0
KOR,TTO,0.0
KOR,TUN,0.0
KOR,TUR,0.0
KOR,TUV,1.0
KOR,TZA,0.0
KOR,UGA,0.0
KOR,UKR,0.0
KOR,URY,1.0
KOR,UZB,0.0
KOR,VCT,1.0
KOR,VEN,0.0
KOR,VNM,0.0
KOR,VUT,1.0
KOR,WSM,1.0
KOR,YEM,0.0
KOR,ZAF,0.0
KOR,ZMB,0.0
KOR,ZWE,0.0
KWT,ABW,0.0
KWT,AFG,1.0
KWT,AGO,1.0
KWT,ALB,0.0
KWT,AND,0.0
KWT,ARE,0.0
KWT,ARG,1.0
KWT,ARM,1.0
KWT,ASM,0.0
KWT,ATG,0.0
KWT,AUS,0.0
KWT,AUT,0.0
KWT,AZE,1.0
KWT,BDI,1.0
KWT,BEL,0.0
KWT,BEN,1.0
KWT,BFA,1.0
KWT,BGD,1.0
KWT,BGR,0.0
KWT,BHR,0.0
KWT,BHS,0.0
KWT,BIH,1.0
KWT,BLR,1.0
KWT,BLZ,0.0
KWT,BMU,0.0
KWT,BOL,1.0
KWT,BRA,1.0
KWT,BRB,0.0
KWT,BRN,0.0
KWT,BTN,0.0
KWT,BWA,0.0
KWT,CAF,1.0
KWT,CAN,0.0
KWT,CHE,0.0
KWT,CHL,0.0
KWT,CIV,1.0
KWT,CMR,1.0
KWT,COD,1.0
KWT,COG,1.0
KWT,COL,1.0
KWT,COM,1.0
KWT,CPV,0.0
KWT,CRI,0.0
KWT,CUB,1.0
KWT,CUW,0.0
KWT,CYM,0.0
KWT,CYP,0.0
KWT,CZE,0.0
KWT,DEU,0.0
KWT,DJI,0.0
KWT,DMA,0.0
KWT,DNK,0.0
KWT,DOM,1.0
KWT,DZA,1.0
KWT,ECU,1.0
KWT,EGY,1.0
KWT,ESP,0.0
KWT,EST,0.0
KWT,ETH,1.0
KWT,FIN,0.0
KWT,FJI,1.0
KWT,FRA,0.0
KWT,FRO,0.0
KWT,FSM,0.0
KWT,GAB,1.0
KWT,GBR,0.0
KWT,GEO,0.0
KWT,GHA,1.0
KWT,GIN,1.0
KWT,GMB,1.0
KWT,GNB,1.0
KWT,GNQ,1.0
KWT,GRC,0.0
KWT,GRD,0.0
KWT,GRL,0.0
KWT,GTM,1.0
KWT,GUM,0.0
KWT,GUY,1.0
KWT,HKG,0.0
KWT,HND,1.0
KWT,HRV,0.0
KWT,HTI,1.0
KWT,HUN,0.0
KWT,IDN,1.0
KWT,IND,1.0
KWT,IRL,0.0
KWT,IRN,1.0
KWT,IRQ,1.0
KWT,ISL,0.0
KWT,ISR,0.0
KWT,ITA,0.0
KWT,JAM,0.0
KWT,JOR,1.0
KWT,JPN,0.0
KWT,KAZ,1.0
KWT,KEN,1.0
KWT,KGZ,1.0
KWT,KHM,1.0
KWT,KIR,0.0
KWT,KNA,0.0
KWT,KOR,0.0
KWT,KWT,1.0
KWT,LAO,1.0
KWT,LBN,1.0
KWT,LBR,1.0
KWT,LBY,1.0
KWT,LCA,0.0
KWT,LKA,1.0
KWT,LSO,1.0
KWT,LTU,0.0
KWT,LUX,0.0
KWT,LVA,0.0
KWT,MAC,0.0
KWT,MAR,1.0
KWT,MDA,1.0
KWT,MDG,1.0
KWT,MDV,0.0
KWT,MEX,1.0
KWT,MHL,0.0
KWT,MKD,0.0
KWT,MLI,1.0
KWT,MLT,0.0
KWT,MMR,1.0
KWT,MNE,0.0
KWT,MNG,1.0
KWT,MNP,0.0
KWT,MOZ,1.0
KWT,MRT,1.0
KWT,MUS,0.0
KWT,MWI,1.0
KWT,MYS,1.0
KWT,NAM,0.0
KWT,NER,1.0
KWT,NGA,1.0
KWT,NIC,1.0
KWT,NLD,0.0
KWT,NOR,0.0
KWT,NPL,1.0
KWT,NRU,0.0
KWT,NZL,0.0
KWT,OMN,1.0
KWT,PAK,1.0
KWT,PAN,0.0
KWT,PER,1.0
KWT,PHL,1.0
KWT,PLW,0.0
KWT,PNG,1.0
KWT,POL,0.0
KWT,PRT,0.0
KWT,PRY,1.0
KWT,PSE,1.0
KWT,PYF,0.0
KWT,QAT,0.0
KWT,ROU,1.0
KWT,RUS,1.0
KWT,RWA,1.0
KWT,SAU,1.0
KWT,SDN,1.0
KWT,SEN,1.0
KWT,SGP,0.0
KWT,SLB,1.0
KWT,SLE,1.0
KWT,SLV,1.0
KWT,SMR,0.0
KWT,SOM,1.0
KWT,SRB,1.0
KWT,SSD,1.0
KWT,STP,0.0
KWT,SUR,1.0
KWT,SVK,0.0
KWT,SVN,0.0
KWT,SWE,0.0
KWT,SWZ,1.0
KWT,SXM,0.0
KWT,SYC,0.0
KWT,SYR,1.0
KWT,TCA,0.0
KWT,TCD,1.0
KWT,TGO,1.0
KWT,THA,1.0
KWT,TJK,1.0
KWT,TKM,1.0
KWT,TLS,1.0
KWT,TON,0.0
KWT,TTO,1.0
KWT,TUN,1.0
KWT,TUR,1.0
KWT,TUV,0.0
KWT,TZA,1.0
KWT,UGA,1.0
KWT,UKR,1.0
KWT,URY,0.0
KWT,UZB,1.0
KWT,VCT,0.0
KWT,VEN,1.0
KWT,VNM,1.0
KWT,VUT,0.0
KWT,WSM,0.0
KWT,YEM,1.0
KWT,ZAF,1.0
KWT,ZMB,1.0
KWT,ZWE,1.0
LAO,ABW,0.0
LAO,AFG,1.0
LAO,AGO,1.0
LAO,ALB,0.0
LAO,AND,0.0
LAO,ARE,0.0
LAO,ARG,1.0
LAO,ARM,1.0
LAO,ASM,0.0
LAO,ATG,0.0
LAO,AUS,0.0
LAO,AUT,0.0
LAO,AZE,1.0
LAO,BDI,1.0
LAO,BEL,0.0
LAO,BEN,1.0
LAO,BFA,1.0
LAO,BGD,1.0
LAO,BGR,0.0
LAO,BHR,0.0
LAO,BHS,0.0
LAO,BIH,1.0
LAO,BLR,1.0
LAO,BLZ,0.0
LAO,BMU,0.0
LAO,BOL,1.0
LAO,BRA,1.0
LAO,BRB,0.0
LAO,BRN,0.0
LAO,BTN,0.0
LAO,BWA,0.0
LAO,CAF,1.0
LAO,CAN,0.0
LAO,CHE,0.0
LAO,CHL,0.0
LAO,CIV,1.0
LAO,CMR,1.0
LAO,COD,1.0
LAO,COG,1.0
LAO,COL,1.0
LAO,COM,1.0
LAO,CPV,0.0
LAO,CRI,0.0
LAO,CUB,1.0
LAO,CUW,0.0
LAO,CYM,0.0
LAO,CYP,0.0
LAO,CZE,0.0
LAO,DEU,0.0
LAO,DJI,0.0
LAO,DMA,0.0
LAO,DNK,0.0
LAO,DOM,1.0
LAO,DZA,1.0
LAO,ECU,1.0
LAO,EGY,1.0
LAO,ESP,0.0
LAO,EST,0.0
LAO,ETH,1.0
LAO,FIN,0.0
LAO,FJI,1.0
LAO,FRA,0.0
LAO,FRO,0.0
LAO,FSM,0.0
LAO,GAB,1.0
LAO,GBR,0.0
LAO,GEO,0.0
LAO,GHA,1.0
LAO,GIN,1.0
LAO,GMB,1.0
LAO,GNB,1.0
LAO,GNQ,1.0
LAO,GRC,0.0
LAO,GRD,0.0
LAO,GRL,0.0
LAO,GTM,1.0
LAO,GUM,0.0
LAO,GUY,1.0
LAO,HKG,0.0
LAO,HND,1.0
LAO,HRV,0.0
LAO,HTI,1.0
LAO,HUN,0.0
LAO,IDN,1.0
LAO,IND,1.0
LAO,IRL,0.0
LAO,IRN,1.0
LAO,IRQ,1.0
LAO,ISL,0.0
LAO,ISR,0.0
LAO,ITA,0.0
LAO,JAM,0.0
LAO,JOR,1.0
LAO,JPN,0.0
LAO,KAZ,1.0
LAO,KEN,1.0
LAO,KGZ,1.0
LAO,KHM,1.0
LAO,KIR,0.0
LAO,KNA,0.0
LAO,KOR,0.0
LAO,KWT,1.0
LAO,LAO,1.0
LAO,LBN,1.0
LAO,LBR,1.0
LAO,LBY,1.0
LAO,LCA,0.0
LAO,LKA,1.0
LAO,LSO,1.0
LAO,LTU,0.0
LAO,LUX,0.0
LAO,LVA,0.0
LAO,MAC,0.0
LAO,MAR,1.0
LAO,MDA,1.0
LAO,MDG,1.0
LAO,MDV,0.0
LAO,MEX,1.0
LAO,MHL,0.0
LAO,MKD,0.0
LAO,MLI,1.0
LAO,MLT,0.0
LAO,MMR,1.0
LAO,MNE,0.0
LAO,MNG,1.0
LAO,MNP,0.0
LAO,MOZ,1.0
LAO,MRT,1.0
LAO,MUS,0.0
LAO,MWI,1.0
LAO,MYS,1.0
LAO,NAM,0.0
LAO,NER,1.0
LAO,NGA,1.0
LAO,NIC,1.0
LAO,NLD,0.0
LAO,NOR,0.0
LAO,NPL,1.0
LAO,NRU,0.0
LAO,NZL,0.0
LAO,OMN,1.0
LAO,PAK,1.0
LAO,PAN,0.0
LAO,PER,1.0
LAO,PHL,1.0
LAO,PLW,0.0
LAO,PNG,1.0
LAO,POL,0.0
LAO,PRT,0.0
LAO,PRY,1.0
LAO,PSE,1.0
LAO,PYF,0.0
LAO,QAT,0.0
LAO,ROU,1.0
LAO,RUS,1.0
LAO,RWA,1.0
LAO,SAU,1.0
LAO,SDN,1.0
LAO,SEN,1.0
LAO,SGP,0.0
LAO,SLB,1.0
LAO,SLE,1.0
LAO,SLV,1.0
LAO,SMR,0.0
LAO,SOM,1.0
LAO,SRB,1.0
LAO,SSD,1.0
LAO,STP,0.0
LAO,SUR,1.0
LAO,SVK,0.0
LAO,SVN,0.0
LAO,SWE,0.0
LAO,SWZ,1.0
LAO,SXM,0.0
LAO,SYC,0.0
LAO,SYR,1.0
LAO,TCA,0.0
LAO,TCD,1.0
LAO,TGO,1.0
LAO,THA,1.0
LAO,TJK,1.0
LAO,TKM,1.0
LAO,TLS,1.0
LAO,TON,0.0
LAO,TTO,1.0
LAO,TUN,1.0
LAO,TUR,1.0
LAO,TUV,0.0
LAO,TZA,1.0
LAO,UGA,1.0
LAO,UKR,1.0
LAO,URY,0.0
LAO,UZB,1.0
LAO,VCT,0.0
LAO,VEN,1.0
LAO,VNM,1.0
LAO,VUT,0.0
LAO,WSM,0.0
LAO,YEM,1.0
LAO,ZAF,1.0
LAO,ZMB,1.0
LAO,ZWE,1.0
LBN,ABW,0.0
LBN,AFG,1.0
LBN,AGO,1.0
LBN,ALB,0.0
LBN,AND,0.0
LBN,ARE,0.0
LBN,ARG,1.0
LBN,ARM,1.0
LBN,ASM,0.0
LBN,ATG,0.0
LBN,AUS,0.0
LBN,AUT,0.0
LBN,AZE,1.0
LBN,BDI,1.0
LBN,BEL,0.0
LBN,BEN,1.0
LBN,BFA,1.0
LBN,BGD,1.0
LBN,BGR,0.0
LBN,BHR,0.0
LBN,BHS,0.0
LBN,BIH,1.0
LBN,BLR,1.0
LBN,BLZ,0.0
LBN,BMU,0.0
LBN,BOL,1.0
LBN,BRA,1.0
LBN,BRB,0.0
LBN,BRN,0.0
LBN,BTN,0.0
LBN,BWA,0.0
LBN,CAF,1.0
LBN,CAN,0.0
LBN,CHE,0.0
LBN,CHL,0.0
LBN,CIV,1.0
LBN,CMR,1.0
LBN,COD,1.0
LBN,COG,1.0
LBN,COL,1.0
LBN,COM,1.0
LBN,CPV,0.0
LBN,CRI,0.0
LBN,CUB,1.0
LBN,CUW,0.0
LBN,CYM,0.0
LBN,CYP,0.0
LBN,CZE,0.0
LBN,DEU,0.0
LBN,DJI,0.0
LBN,DMA,0.0
LBN,DNK,0.0
LBN,DOM,1.0
LBN,DZA,1.0
LBN,ECU,1.0
LBN,EGY,1.0
LBN,ESP,0.0
LBN,EST,0.0
LBN,ETH,1.0
LBN,FIN,0.0
LBN,FJI,1.0
LBN,FRA,0.0
LBN,FRO,0.0
LBN,FSM,0.0
LBN,GAB,1.0
LBN,GBR,0.0
LBN,GEO,0.0
LBN,GHA,1.0
LBN,GIN,1.0
LBN,GMB,1.0
LBN,GNB,1.0
LBN,GNQ,1.0
LBN,GRC,0.0
LBN,GRD,0.0
LBN,GRL,0.0
LBN,GTM,1.0
LBN,GUM,0.0
LBN,GUY,1.0
LBN,HKG,0.0
LBN,HND,1.0
LBN,HRV,0.0
LBN,HTI,1.0
LBN,HUN,0.0
LBN,IDN,1.0
LBN,IND,1.0
LBN,IRL,0.0
LBN,IRN,1.0
LBN,IRQ,1.0
LBN,ISL,0.0
LBN,ISR,0.0
LBN,ITA,0.0
LBN,JAM,0.0
LBN,JOR,1.0
LBN,JPN,0.0
LBN,KAZ,1.0
LBN,KEN,1.0
LBN,KGZ,1.0
LBN,KHM,1.0
LBN,KIR,0.0
LBN,KNA,0.0
LBN,KOR,0.0
LBN,KWT,1.0
LBN,LAO,1.0
LBN,LBN,1.0
LBN,LBR,1.0
LBN,LBY,1.0
LBN,LCA,0.0
LBN,LKA,1.0
LBN,LSO,1.0
LBN,LTU,0.0
LBN,LUX,0.0
LBN,LVA,0.0
LBN,MAC,0.0
LBN,MAR,1.0
LBN,MDA,1.0
LBN,MDG,1.0
LBN,MDV,0.0
LBN,MEX,1.0
LBN,MHL,0.0
LBN,MKD,0.0
LBN,MLI,1.0
LBN,MLT,0.0
LBN,MMR,1.0
LBN,MNE,0.0
LBN,MNG,1.0
LBN,MNP,0.0
LBN,MOZ,1.0
LBN,MRT,1.0
LBN,MUS,0.0
LBN,MWI,1.0
LBN,MYS,1.0
LBN,NAM,0.0
LBN,NER,1.0
LBN,NGA,1.0
LBN,NIC,1.0
LBN,NLD,0.0
LBN,NOR,0.0
LBN,NPL,1.0
LBN,NRU,0.0
LBN,NZL,0.0
LBN,OMN,1.0
LBN,PAK,1.0
LBN,PAN,0.0
LBN,PER,1.0
LBN,PHL,1.0
LBN,PLW,0.0
LBN,PNG,1.0
LBN,POL,0.0
LBN,PRT,0.0
LBN,PRY,1.0
LBN,PSE,1.0
LBN,PYF,0.0
LBN,QAT,0.0
LBN,ROU,1.0
LBN,RUS,1.0
LBN,RWA,1.0
LBN,SAU,1.0
LBN,SDN,1.0
LBN,SEN,1.0
LBN,SGP,0.0
LBN,SLB,1.0
LBN,SLE,1.0
LBN,SLV,1.0
LBN,SMR,0.0
LBN,SOM,1.0
LBN,SRB,1.0
LBN,SSD,1.0
LBN,STP,0.0
LBN,SUR,1.0
LBN,SVK,0.0
LBN,SVN,0.0
LBN,SWE,0.0
LBN,SWZ,1.0
LBN,SXM,0.0
LBN,SYC,0.0
LBN,SYR,1.0
LBN,TCA,0.0
LBN,TCD,1.0
LBN,TGO,1.0
LBN,THA,1.0
LBN,TJK,1.0
LBN,TKM,1.0
LBN,TLS,1.0
LBN,TON,0.0
LBN,TTO,1.0
LBN,TUN,1.0
LBN,TUR,1.0
LBN,TUV,0.0
LBN,TZA,1.0
LBN,UGA,1.0
LBN,UKR,1.0
LBN,URY,0.0
LBN,UZB,1.0
LBN,VCT,0.0
LBN,VEN,1.0
LBN,VNM,1.0
LBN,VUT,0.0
LBN,WSM,0.0
LBN,YEM,1.0
LBN,ZAF,1.0
LBN,ZMB,1.0
LBN,ZWE,1.0
LBR,ABW,0.0
LBR,AFG,1.0
LBR,AGO,1.0
LBR,ALB,0.0
LBR,AND,0.0
LBR,ARE,0.0
LBR,ARG,1.0
LBR,ARM,1.0
LBR,ASM,0.0
LBR,ATG,0.0
LBR,AUS,0.0
LBR,AUT,0.0
LBR,AZE,1.0
LBR,BDI,1.0
LBR,BEL,0.0
LBR,BEN,1.0
LBR,BFA,1.0
LBR,BGD,1.0
LBR,BGR,0.0
LBR,BHR,0.0
LBR,BHS,0.0
LBR,BIH,1.0
LBR,BLR,1.0
LBR,BLZ,0.0
LBR,BMU,0.0
LBR,BOL,1.0
LBR,BRA,1.0
LBR,BRB,0.0
LBR,BRN,0.0
LBR,BTN,0.0
LBR,BWA,0.0
LBR,CAF,1.0
LBR,CAN,0.0
LBR,CHE,0.0
LBR,CHL,0.0
LBR,CIV,1.0
LBR,CMR,1.0
LBR,COD,1.0
LBR,COG,1.0
LBR,COL,1.0
LBR,COM,1.0
LBR,CPV,0.0
LBR,CRI,0.0
LBR,CUB,1.0
LBR,CUW,0.0
LBR,CYM,0.0
LBR,CYP,0.0
LBR,CZE,0.0
LBR,DEU,0.0
LBR,DJI,0.0
LBR,DMA,0.0
LBR,DNK,0.0
LBR,DOM,1.0
LBR,DZA,1.0
LBR,ECU,1.0
LBR,EGY,1.0
LBR,ESP,0.0
LBR,EST,0.0
LBR,ETH,1.0
LBR,FIN,0.0
LBR,FJI,1.0
LBR,FRA,0.0
LBR,FRO,0.0
LBR,FSM,0.0
LBR,GAB,1.0
LBR,GBR,0.0
LBR,GEO,0.0
LBR,GHA,1.0
LBR,GIN,1.0
LBR,GMB,1.0
LBR,GNB,1.0
LBR,GNQ,1.0
LBR,GRC,0.0
LBR,GRD,0.0
LBR,GRL,0.0
LBR,GTM,1.0
LBR,GUM,0.0
LBR,GUY,1.0
LBR,HKG,0.0
LBR,HND,1.0
LBR,HRV,0.0
LBR,HTI,1.0
LBR,HUN,0.0
LBR,IDN,1.0
LBR,IND,1.0
LBR,IRL,0.0
LBR,IRN,1.0
LBR,IRQ,1.0
LBR,ISL,0.0
LBR,ISR,0.0
LBR,ITA,0.0
LBR,JAM,0.0
LBR,JOR,1.0
LBR,JPN,0.0
LBR,KAZ,1.0
LBR,KEN,1.0
LBR,KGZ,1.0
LBR,KHM,1.0
LBR,KIR,0.0
LBR,KNA,0.0
LBR,KOR,0.0
LBR,KWT,1.0
LBR,LAO,1.0
LBR,LBN,1.0
LBR,LBR,1.0
LBR,LBY,1.0
LBR,LCA,0.0
LBR,LKA,1.0
LBR,LSO,1.0
LBR,LTU,0.0
LBR,LUX,0.0
LBR,LVA,0.0
LBR,MAC,0.0
LBR,MAR,1.0
LBR,MDA,1.0
LBR,MDG,1.0
LBR,MDV,0.0
LBR,MEX,1.0
LBR,MHL,0.0
LBR,MKD,0.0
LBR,MLI,1.0
LBR,MLT,0.0
LBR,MMR,1.0
LBR,MNE,0.0
LBR,MNG,1.0
LBR,MNP,0.0
LBR,MOZ,1.0
LBR,MRT,1.0
LBR,MUS,0.0
LBR,MWI,1.0
LBR,MYS,1.0
LBR,NAM,0.0
LBR,NER,1.0
LBR,NGA,1.0
LBR,NIC,1.0
LBR,NLD,0.0
LBR,NOR,0.0
LBR,NPL,1.0
LBR,NRU,0.0
LBR,NZL,0.0
LBR,OMN,1.0
LBR,PAK,1.0
LBR,PAN,0.0
LBR,PER,1.0
LBR,PHL,1.0
LBR,PLW,0.0
LBR,PNG,1.0
LBR,POL,0.0
LBR,PRT,0.0
LBR,PRY,1.0
LBR,PSE,1.0
LBR,PYF,0.0
LBR,QAT,0.0
LBR,ROU,1.0
LBR,RUS,1.0
LBR,RWA,1.0
LBR,SAU,1.0
LBR,SDN,1.0
LBR,SEN,1.0
LBR,SGP,0.0
LBR,SLB,1.0
LBR,SLE,1.0
LBR,SLV,1.0
LBR,SMR,0.0
LBR,SOM,1.0
LBR,SRB,1.0
LBR,SSD,1.0
LBR,STP,0.0
LBR,SUR,1.0
LBR,SVK,0.0
LBR,SVN,0.0
LBR,SWE,0.0
LBR,SWZ,1.0
LBR,SXM,0.0
LBR,SYC,0.0
LBR,SYR,1.0
LBR,TCA,0.0
LBR,TCD,1.0
LBR,TGO,1.0
LBR,THA,1.0
LBR,TJK,1.0
LBR,TKM,1.0
LBR,TLS,1.0
LBR,TON,0.0
LBR,TTO,1.0
LBR,TUN,1.0
LBR,TUR,1.0
LBR,TUV,0.0
LBR,TZA,1.0
LBR,UGA,1.0
LBR,UKR,1.0
LBR,URY,0.0
LBR,UZB,1.0
LBR,VCT,0.0
LBR,VEN,1.0
LBR,VNM,1.0
LBR,VUT,0.0
LBR,WSM,0.0
LBR,YEM,1.0
LBR,ZAF,1.0
LBR,ZMB,1.0
LBR,ZWE,1.0
LBY,ABW,0.0
LBY,AFG,1.0
LBY,AGO,1.0
LBY,ALB,0.0
LBY,AND,0.0
LBY,ARE,0.0
LBY,ARG,1.0
LBY,ARM,1.0
LBY,ASM,0.0
LBY,ATG,0.0
LBY,AUS,0.0
LBY,AUT,0.0
LBY,AZE,1.0
LBY,BDI,1.0
LBY,BEL,0.0
LBY,BEN,1.0
LBY,BFA,1.0
LBY,BGD,1.0
LBY,BGR,0.0
LBY,BHR,0.0
LBY,BHS,0.0
LBY,BIH,1.0
LBY,BLR,1.0
LBY,BLZ,0.0
LBY,BMU,0.0
LBY,BOL,1.0
LBY,BRA,1.0
LBY,BRB,0.0
LBY,BRN,0.0
LBY,BTN,0.0
LBY,BWA,0.0
LBY,CAF,1.0
LBY,CAN,0.0
LBY,CHE,0.0
LBY,CHL,0.0
LBY,CIV,1.0
LBY,CMR,1.0
LBY,COD,1.0
LBY,COG,1.0
LBY,COL,1.0
LBY,COM,1.0
LBY,CPV,0.0
LBY,CRI,0.0
LBY,CUB,1.0
LBY,CUW,0.0
LBY,CYM,0.0
LBY,CYP,0.0
LBY,CZE,0.0
LBY,DEU,0.0
LBY,DJI,0.0
LBY,DMA,0.0
LBY,DNK,0.0
LBY,DOM,1.0
LBY,DZA,1.0
LBY,ECU,1.0
LBY,EGY,1.0
LBY,ESP,0.0
LBY,EST,0.0
LBY,ETH,1.0
LBY,FIN,0.0
LBY,FJI,1.0
LBY,FRA,0.0
LBY,FRO,0.0
LBY,FSM,0.0
LBY,GAB,1.0
LBY,GBR,0.0
LBY,GEO,0.0
LBY,GHA,1.0
LBY,GIN,1.0
LBY,GMB,1.0
LBY,GNB,1.0
LBY,GNQ,1.0
LBY,GRC,0.0
LBY,GRD,0.0
LBY,GRL,0.0
LBY,GTM,1.0
LBY,GUM,0.0
LBY,GUY,1.0
LBY,HKG,0.0
LBY,HND,1.0
LBY,HRV,0.0
LBY,HTI,1.0
LBY,HUN,0.0
LBY,IDN,1.0
LBY,IND,1.0
LBY,IRL,0.0
LBY,IRN,1.0
LBY,IRQ,1.0
LBY,ISL,0.0
LBY,ISR,0.0
LBY,ITA,0.0
LBY,JAM,0.0
LBY,JOR,1.0
LBY,JPN,0.0
LBY,KAZ,1.0
LBY,KEN,1.0
LBY,KGZ,1.0
LBY,KHM,1.0
LBY,KIR,0.0
LBY,KNA,0.0
LBY,KOR,0.0
LBY,KWT,1.0
LBY,LAO,1.0
LBY,LBN,1.0
LBY,LBR,1.0
LBY,LBY,1.0
LBY,LCA,0.0
LBY,LKA,1.0
LBY,LSO,1.0
LBY,LTU,0.0
LBY,LUX,0.0
LBY,LVA,0.0
LBY,MAC,0.0
LBY,MAR,1.0
LBY,MDA,1.0
LBY,MDG,1.0
LBY,MDV,0.0
LBY,MEX,1.0
LBY,MHL,0.0
LBY,MKD,0.0
LBY,MLI,1.0
LBY,MLT,0.0
LBY,MMR,1.0
LBY,MNE,0.0
LBY,MNG,1.0
LBY,MNP,0.0
LBY,MOZ,1.0
LBY,MRT,1.0
LBY,MUS,0.0
LBY,MWI,1.0
LBY,MYS,1.0
LBY,NAM,0.0
LBY,NER,1.0
LBY,NGA,1.0
LBY,NIC,1.0
LBY,NLD,0.0
LBY,NOR,0.0
LBY,NPL,1.0
LBY,NRU,0.0
LBY,NZL,0.0
LBY,OMN,1.0
LBY,PAK,1.0
LBY,PAN,0.0
LBY,PER,1.0
LBY,PHL,1.0
LBY,PLW,0.0
LBY,PNG,1.0
LBY,POL,0.0
LBY,PRT,0.0
LBY,PRY,1.0
LBY,PSE,1.0
LBY,PYF,0.0
LBY,QAT,0.0
LBY,ROU,1.0
LBY,RUS,1.0
LBY,RWA,1.0
LBY,SAU,1.0
LBY,SDN,1.0
LBY,SEN,1.0
LBY,SGP,0.0
LBY,SLB,1.0
LBY,SLE,1.0
LBY,SLV,1.0
LBY,SMR,0.0
LBY,SOM,1.0
LBY,SRB,1.0
LBY,SSD,1.0
LBY,STP,0.0
LBY,SUR,1.0
LBY,SVK,0.0
LBY,SVN,0.0
LBY,SWE,0.0
LBY,SWZ,1.0
LBY,SXM,0.0
LBY,SYC,0.0
LBY,SYR,1.0
LBY,TCA,0.0
LBY,TCD,1.0
LBY,TGO,1.0
LBY,THA,1.0
LBY,TJK,1.0
LBY,TKM,1.0
LBY,TLS,1.0
LBY,TON,0.0
LBY,TTO,1.0
LBY,TUN,1.0
LBY,TUR,1.0
LBY,TUV,0.0
LBY,TZA,1.0
LBY,UGA,1.0
LBY,UKR,1.0
LBY,URY,0.0
LBY,UZB,1.0
LBY,VCT,0.0
LBY,VEN,1.0
LBY,VNM,1.0
LBY,VUT,0.0
LBY,WSM,0.0
LBY,YEM,1.0
LBY,ZAF,1.0
LBY,ZMB,1.0
LBY,ZWE,1.0
LCA,ABW,1.0
LCA,AFG,0.0
LCA,AGO,0.0
LCA,ALB,1.0
LCA,AND,1.0
LCA,ARE,1.0
LCA,ARG,0.0
LCA,ARM,0.0
LCA,ASM,1.0
LCA,ATG,1.0
LCA,AUS,1.0
LCA,AUT,1.0
LCA,AZE,0.0
LCA,BDI,0.0
LCA,BEL,1.0
LCA,BEN,0.0
LCA,BFA,0.0
LCA,BGD,0.0
LCA,BGR,1.0
LCA,BHR,1.0
LCA,BHS,1.0
LCA,BIH,0.0
LCA,BLR,0.0
LCA,BLZ,1.0
LCA,BMU,1.0
LCA,BOL,0.0
LCA,BRA,0.0
LCA,BRB,1.0
LCA,BRN,1.0
LCA,BTN,1.0
LCA,BWA,1.0
LCA,CAF,0.0
LCA,CAN,1.0
LCA,CHE,1.0
LCA,CHL,1.0
LCA,CIV,0.0
LCA,CMR,0.0
LCA,COD,0.0
LCA,COG,0.0
LCA,COL,0.0
LCA,COM,0.0
LCA,CPV,1.0
LCA,CRI,1.0
LCA,CUB,0.0
LCA,CUW,1.0
LCA,CYM,1.0
LCA,CYP,1.0
LCA,CZE,1.0
LCA,DEU,1.0
LCA,DJI,1.0
LCA,DMA,1.0
LCA,DNK,1.0
LCA,DOM,0.0
LCA,DZA,0.0
LCA,ECU,0.0
LCA,EGY,0.0
LCA,ESP,1.0
LCA,EST,1.0
LCA,ETH,0.0
LCA,FIN,1.0
LCA,FJI,0.0
LCA,FRA,1.0
LCA,FRO,1.0
LCA,FSM,1.0
LCA,GAB,0.0
LCA,GBR,1.0
LCA,GEO,1.0
LCA,GHA,0.0
LCA,GIN,0.0
LCA,GMB,0.0
LCA,GNB,0.0
LCA,GNQ,0.0
LCA,GRC,1.0
LCA,GRD,1.0
LCA,GRL,1.0
LCA,GTM,0.0
LCA,GUM,1.0
LCA,GUY,0.0
LCA,HKG,1.0
LCA,HND,0.0
LCA,HRV,1.0
LCA,HTI,0.0
LCA,HUN,1.0
LCA,IDN,0.0
LCA,IND,0.0
LCA,IRL,1.0
LCA,IRN,0.0
LCA,IRQ,0.0
LCA,ISL,1.0
LCA,ISR,1.0
LCA,ITA,1.0
LCA,JAM,1.0
LCA,JOR,0.0
LCA,JPN,1.0
LCA,KAZ,0.0
LCA,KEN,0.0
LCA,KGZ,0.0
LCA,KHM,0.0
LCA,KIR,1.0
LCA,KNA,1.0
LCA,KOR,1.0
LCA,KWT,0.0
LCA,LAO,0.0
LCA,LBN,0.0
LCA,LBR,0.0
LCA,LBY,0.0
LCA,LCA,1.0
LCA,LKA,0.0
LCA,LSO,0.0
LCA,LTU,1.0
LCA,LUX,1.0
LCA,LVA,1.0
LCA,MAC,1.0
LCA,MAR,0.0
LCA,MDA,0.0
LCA,MDG,0.0
LCA,MDV,1.0
LCA,MEX,0.0
LCA,MHL,1.0
LCA,MKD,1.0
LCA,MLI,0.0
LCA,MLT,1.0
LCA,MMR,0.0
LCA,MNE,1.0
LCA,MNG,0.0
LCA,MNP,1.0
LCA,MOZ,0.0
LCA,MRT,0.0
LCA,MUS,1.0
LCA,MWI,0.0
LCA,MYS,0.0
LCA,NAM,1.0
LCA,NER,0.0
LCA,NGA,0.0
LCA,NIC,0.0
LCA,NLD,1.0
LCA,NOR,1.0
LCA,NPL,0.0
LCA,NRU,1.0
LCA,NZL,1.0
LCA,OMN,0.0
LCA,PAK,0.0
LCA,PAN,1.0
LCA,PER,0.0
LCA,PHL,0.0
LCA,PLW,1.0
LCA,PNG,0.0
LCA,POL,1.0
LCA,PRT,1.0
LCA,PRY,0.0
LCA,PSE,0.0
LCA,PYF,1.0
LCA,QAT,1.0
LCA,ROU,0.0
LCA,RUS,0.0
LCA,RWA,0.0
LCA,SAU,0.0
LCA,SDN,0.0
LCA,SEN,0.0
LCA,SGP,1.0
LCA,SLB,0.0
LCA,SLE,0.0
LCA,SLV,0.0
LCA,SMR,1.0
LCA,SOM,0.0
LCA,SRB,0.0
LCA,SSD,0.0
LCA,STP,1.0
LCA,SUR,0.0
LCA,SVK,1.0
LCA,SVN,1.0
LCA,SWE,1.0
LCA,SWZ,0.0
LCA,SXM,1.0
LCA,SYC,1.0
LCA,SYR,0.0
LCA,TCA,1.0
LCA,TCD,0.0
LCA,TGO,0.0
LCA,THA,0.0
LCA,TJK,0.0
LCA,TKM,0.0
LCA,TLS,0.0
LCA,TON,1.0
LCA,TTO,0.0
LCA,TUN,0.0
LCA,TUR,0.0
LCA,TUV,1.0
LCA,TZA,0.0
LCA,UGA,0.0
LCA,UKR,0.0
LCA,URY,1.0
LCA,UZB,0.0
LCA,VCT,1.0
LCA,VEN,0.0
LCA,VNM,0.0
LCA,VUT,1.0
LCA,WSM,1.0
LCA,YEM,0.0
LCA,ZAF,0.0
LCA,ZMB,0.0
LCA,ZWE,0.0
LKA,ABW,0.0
LKA,AFG,1.0
LKA,AGO,1.0
LKA,ALB,0.0
LKA,AND,0.0
LKA,ARE,0.0
LKA,ARG,1.0
LKA,ARM,1.0
LKA,ASM,0.0
LKA,ATG,0.0
LKA,AUS,0.0
LKA,AUT,0.0
LKA,AZE,1.0
LKA,BDI,1.0
LKA,BEL,0.0
LKA,BEN,1.0
LKA,BFA,1.0
LKA,BGD,1.0
LKA,BGR,0.0
LKA,BHR,0.0
LKA,BHS,0.0
LKA,BIH,1.0
LKA,BLR,1.0
LKA,BLZ,0.0
LKA,BMU,0.0
LKA,BOL,1.0
LKA,BRA,1.0
LKA,BRB,0.0
LKA,BRN,0.0
LKA,BTN,0.0
LKA,BWA,0.0
LKA,CAF,1.0
LKA,CAN,0.0
LKA,CHE,0.0
LKA,CHL,0.0
LKA,CIV,1.0
LKA,CMR,1.0
LKA,COD,1.0
LKA,COG,1.0
LKA,COL,1.0
LKA,COM,1.0
LKA,CPV,0.0
LKA,CRI,0.0
LKA,CUB,1.0
LKA,CUW,0.0
LKA,CYM,0.0
LKA,CYP,0.0
LKA,CZE,0.0
LKA,DEU,0.0
LKA,DJI,0.0
LKA,DMA,0.0
LKA,DNK,0.0
LKA,DOM,1.0
LKA,DZA,1.0
LKA,ECU,1.0
LKA,EGY,1.0
LKA,ESP,0.0
LKA,EST,0.0
LKA,ETH,1.0
LKA,FIN,0.0
LKA,FJI,1.0
LKA,FRA,0.0
LKA,FRO,0.0
LKA,FSM,0.0
LKA,GAB,1.0
LKA,GBR,0.0
LKA,GEO,0.0
LKA,GHA,1.0
LKA,GIN,1.0
LKA,GMB,1.0
LKA,GNB,1.0
LKA,GNQ,1.0
LKA,GRC,0.0
LKA,GRD,0.0
LKA,GRL,0.0
LKA,GTM,1.0
LKA,GUM,0.0
LKA,GUY,1.0
LKA,HKG,0.0
LKA,HND,1.0
LKA,HRV,0.0
LKA,HTI,1.0
LKA,HUN,0.0
LKA,IDN,1.0
LKA,IND,1.0
LKA,IRL,0.0
LKA,IRN,1.0
LKA,IRQ,1.0
LKA,ISL,0.0
LKA,ISR,0.0
LKA,ITA,0.0
LKA,JAM,0.0
LKA,JOR,1.0
LKA,JPN,0.0
LKA,KAZ,1.0
LKA,KEN,1.0
LKA,KGZ,1.0
LKA,KHM,1.0
LKA,KIR,0.0
LKA,KNA,0.0
LKA,KOR,0.0
LKA,KWT,1.0
LKA,LAO,1.0
LKA,LBN,1.0
LKA,LBR,1.0
LKA,LBY,1.0
LKA,LCA,0.0
LKA,LKA,1.0
LKA,LSO,1.0
LKA,LTU,0.0
LKA,LUX,0.0
LKA,LVA,0.0
LKA,MAC,0.0
LKA,MAR,1.0
LKA,MDA,1.0
LKA,MDG,1.0
LKA,MDV,0.0
LKA,MEX,1.0
LKA,MHL,0.0
LKA,MKD,0.0
LKA,MLI,1.0
LKA,MLT,0.0
LKA,MMR,1.0
LKA,MNE,0.0
LKA,MNG,1.0
LKA,MNP,0.0
LKA,MOZ,1.0
LKA,MRT,1.0
LKA,MUS,0.0
LKA,MWI,1.0
LKA,MYS,1.0
LKA,NAM,0.0
LKA,NER,1.0
LKA,NGA,1.0
LKA,NIC,1.0
LKA,NLD,0.0
LKA,NOR,0.0
LKA,NPL,1.0
LKA,NRU,0.0
LKA,NZL,0.0
LKA,OMN,1.0
LKA,PAK,1.0
LKA,PAN,0.0
LKA,PER,1.0
LKA,PHL,1.0
LKA,PLW,0.0
LKA,PNG,1.0
LKA,POL,0.0
LKA,PRT,0.0
LKA,PRY,1.0
LKA,PSE,1.0
LKA,PYF,0.0
LKA,QAT,0.0
LKA,ROU,1.0
LKA,RUS,1.0
LKA,RWA,1.0
LKA,SAU,1.0
LKA,SDN,1.0
LKA,SEN,1.0
LKA,SGP,0.0
LKA,SLB,1.0
LKA,SLE,1.0
LKA,SLV,1.0
LKA,SMR,0.0
LKA,SOM,1.0
LKA,SRB,1.0
LKA,SSD,1.0
LKA,STP,0.0
LKA,SUR,1.0
LKA,SVK,0.0
LKA,SVN,0.0
LKA,SWE,0.0
LKA,SWZ,1.0
LKA,SXM,0.0
LKA,SYC,0.0
LKA,SYR,1.0
LKA,TCA,0.0
LKA,TCD,1.0
LKA,TGO,1.0
LKA,THA,1.0
LKA,TJK,1.0
LKA,TKM,1.0
LKA,TLS,1.0
LKA,TON,0.0
LKA,TTO,1.0
LKA,TUN,1.0
LKA,TUR,1.0
LKA,TUV,0.0
LKA,TZA,1.0
LKA,UGA,1.0
LKA,UKR,1.0
LKA,URY,0.0
LKA,UZB,1.0
LKA,VCT,0.0
LKA,VEN,1.0
LKA,VNM,1.0
LKA,VUT,0.0
LKA,WSM,0.0
LKA,YEM,1.0
LKA,ZAF,1.0
LKA,ZMB,1.0
LKA,ZWE,1.0
LSO,ABW,0.0
LSO,AFG,1.0
LSO,AGO,1.0
LSO,ALB,0.0
LSO,AND,0.0
LSO,ARE,0.0
LSO,ARG,1.0
LSO,ARM,1.0
LSO,ASM,0.0
LSO,ATG,0.0
LSO,AUS,0.0
LSO,AUT,0.0
LSO,AZE,1.0
LSO,BDI,1.0
LSO,BEL,0.0
LSO,BEN,1.0
LSO,BFA,1.0
LSO,BGD,1.0
LSO,BGR,0.0
LSO,BHR,0.0
LSO,BHS,0.0
LSO,BIH,1.0
LSO,BLR,1.0
LSO,BLZ,0.0
LSO,BMU,0.0
LSO,BOL,1.0
LSO,BRA,1.0
LSO,BRB,0.0
LSO,BRN,0.0
LSO,BTN,0.0
LSO,BWA,0.0
LSO,CAF,1.0
LSO,CAN,0.0
LSO,CHE,0.0
LSO,CHL,0.0
LSO,CIV,1.0
LSO,CMR,1.0
LSO,COD,1.0
LSO,COG,1.0
LSO,COL,1.0
LSO,COM,1.0
LSO,CPV,0.0
LSO,CRI,0.0
LSO,CUB,1.0
LSO,CUW,0.0
LSO,CYM,0.0
LSO,CYP,0.0
LSO,CZE,0.0
LSO,DEU,0.0
LSO,DJI,0.0
LSO,DMA,0.0
LSO,DNK,0.0
LSO,DOM,1.0
LSO,DZA,1.0
LSO,ECU,1.0
LSO,EGY,1.0
LSO,ESP,0.0
LSO,EST,0.0
LSO,ETH,1.0
LSO,FIN,0.0
LSO,FJI,1.0
LSO,FRA,0.0
LSO,FRO,0.0
LSO,FSM,0.0
LSO,GAB,1.0
LSO,GBR,0.0
LSO,GEO,0.0
LSO,GHA,1.0
LSO,GIN,1.0
LSO,GMB,1.0
LSO,GNB,1.0
LSO,GNQ,1.0
LSO,GRC,0.0
LSO,GRD,0.0
LSO,GRL,0.0
LSO,GTM,1.0
LSO,GUM,0.0
LSO,GUY,1.0
LSO,HKG,0.0
LSO,HND,1.0
LSO,HRV,0.0
LSO,HTI,1.0
LSO,HUN,0.0
LSO,IDN,1.0
LSO,IND,1.0
LSO,IRL,0.0
LSO,IRN,1.0
LSO,IRQ,1.0
LSO,ISL,0.0
LSO,ISR,0.0
LSO,ITA,0.0
LSO,JAM,0.0
LSO,JOR,1.0
LSO,JPN,0.0
LSO,KAZ,1.0
LSO,KEN,1.0
LSO,KGZ,1.0
LSO,KHM,1.0
LSO,KIR,0.0
LSO,KNA,0.0
LSO,KOR,0.0
LSO,KWT,1.0
LSO,LAO,1.0
LSO,LBN,1.0
LSO,LBR,1.0
LSO,LBY,1.0
LSO,LCA,0.0
LSO,LKA,1.0
LSO,LSO,1.0
LSO,LTU,0.0
LSO,LUX,0.0
LSO,LVA,0.0
LSO,MAC,0.0
LSO,MAR,1.0
LSO,MDA,1.0
LSO,MDG,1.0
LSO,MDV,0.0
LSO,MEX,1.0
LSO,MHL,0.0
LSO,MKD,0.0
LSO,MLI,1.0
LSO,MLT,0.0
LSO,MMR,1.0
LSO,MNE,0.0
LSO,MNG,1.0
LSO,MNP,0.0
LSO,MOZ,1.0
LSO,MRT,1.0
LSO,MUS,0.0
LSO,MWI,1.0
LSO,MYS,1.0
LSO,NAM,0.0
LSO,NER,1.0
LSO,NGA,1.0
LSO,NIC,1.0
LSO,NLD,0.0
LSO,NOR,0.0
LSO,NPL,1.0
LSO,NRU,0.0
LSO,NZL,0.0
LSO,OMN,1.0
LSO,PAK,1.0
LSO,PAN,0.0
LSO,PER,1.0
LSO,PHL,1.0
LSO,PLW,0.0
LSO,PNG,1.0
LSO,POL,0.0
LSO,PRT,0.0
LSO,PRY,1.0
LSO,PSE,1.0
LSO,PYF,0.0
LSO,QAT,0.0
LSO,ROU,1.0
LSO,RUS,1.0
LSO,RWA,1.0
LSO,SAU,1.0
LSO,SDN,1.0
LSO,SEN,1.0
LSO,SGP,0.0
LSO,SLB,1.0
LSO,SLE,1.0
LSO,SLV,1.0
LSO,SMR,0.0
LSO,SOM,1.0
LSO,SRB,1.0
LSO,SSD,1.0
LSO,STP,0.0
LSO,SUR,1.0
LSO,SVK,0.0
LSO,SVN,0.0
LSO,SWE,0.0
LSO,SWZ,1.0
LSO,SXM,0.0
LSO,SYC,0.0
LSO,SYR,1.0
LSO,TCA,0.0
LSO,TCD,1.0
LSO,TGO,1.0
LSO,THA,1.0
LSO,TJK,1.0
LSO,TKM,1.0
LSO,TLS,1.0
LSO,TON,0.0
LSO,TTO,1.0
LSO,TUN,1.0
LSO,TUR,1.0
LSO,TUV,0.0
LSO,TZA,1.0
LSO,UGA,1.0
LSO,UKR,1.0
LSO,URY,0.0
LSO,UZB,1.0
LSO,VCT,0.0
LSO,VEN,1.0
LSO,VNM,1.0
LSO,VUT,0.0
LSO,WSM,0.0
LSO,YEM,1.0
LSO,ZAF,1.0
LSO,ZMB,1.0
LSO,ZWE,1.0
LTU,ABW,1.0
LTU,AFG,0.0
LTU,AGO,0.0
LTU,ALB,1.0
LTU,AND,1.0
LTU,ARE,1.0
LTU,ARG,0.0
LTU,ARM,0.0
LTU,ASM,1.0
LTU,ATG,1.0
LTU,AUS,1.0
LTU,AUT,1.0
LTU,AZE,0.0
LTU,BDI,0.0
LTU,BEL,1.0
LTU,BEN,0.0
LTU,BFA,0.0
LTU,BGD,0.0
LTU,BGR,1.0
LTU,BHR,1.0
LTU,BHS,1.0
LTU,BIH,0.0
LTU,BLR,0.0
LTU,BLZ,1.0
LTU,BMU,1.0
LTU,BOL,0.0
LTU,BRA,0.0
LTU,BRB,1.0
LTU,BRN,1.0
LTU,BTN,1.0
LTU,BWA,1.0
LTU,CAF,0.0
LTU,CAN,1.0
LTU,CHE,1.0
LTU,CHL,1.0
LTU,CIV,0.0
LTU,CMR,0.0
LTU,COD,0.0
LTU,COG,0.0
LTU,COL,0.0
LTU,COM,0.0
LTU,CPV,1.0
LTU,CRI,1.0
LTU,CUB,0.0
LTU,CUW,1.0
LTU,CYM,1.0
LTU,CYP,1.0
LTU,CZE,1.0
LTU,DEU,1.0
LTU,DJI,1.0
LTU,DMA,1.0
LTU,DNK,1.0
LTU,DOM,0.0
LTU,DZA,0.0
LTU,ECU,0.0
LTU,EGY,0.0
LTU,ESP,1.0
LTU,EST,1.0
LTU,ETH,0.0
LTU,FIN,1.0
LTU,FJI,0.0
LTU,FRA,1.0
LTU,FRO,1.0
LTU,FSM,1.0
LTU,GAB,0.0
LTU,GBR,1.0
LTU,GEO,1.0
LTU,GHA,0.0
LTU,GIN,0.0
LTU,GMB,0.0
LTU,GNB,0.0
LTU,GNQ,0.0
LTU,GRC,1.0
LTU,GRD,1.0
LTU,GRL,1.0
LTU,GTM,0.0
LTU,GUM,1.0
LTU,GUY,0.0
LTU,HKG,1.0
LTU,HND,0.0
LTU,HRV,1.0
LTU,HTI,0.0
LTU,HUN,1.0
LTU,IDN,0.0
LTU,IND,0.0
LTU,IRL,1.0
LTU,IRN,0.0
LTU,IRQ,0.0
LTU,ISL,1.0
LTU,ISR,1.0
LTU,ITA,1.0
LTU,JAM,1.0
LTU,JOR,0.0
LTU,JPN,1.0
LTU,KAZ,0.0
LTU,KEN,0.0
LTU,KGZ,0.0
LTU,KHM,0.0
LTU,KIR,1.0
LTU,KNA,1.0
LTU,KOR,1.0
LTU,KWT,0.0
LTU,LAO,0.0
LTU,LBN,0.0
LTU,LBR,0.0
LTU,LBY,0.0
LTU,LCA,1.0
LTU,LKA,0.0
LTU,LSO,0.0
LTU,LTU,1.0
LTU,LUX,1.0
LTU,LVA,1.0
LTU,MAC,1.0
LTU,MAR,0.0
LTU,MDA,0.0
LTU,MDG,0.0
LTU,MDV,1.0
LTU,MEX,0.0
LTU,MHL,1.0
LTU,MKD,1.0
LTU,MLI,0.0
LTU,MLT,1.0
LTU,MMR,0.0
LTU,MNE,1.0
LTU,MNG,0.0
LTU,MNP,1.0
LTU,MOZ,0.0
LTU,MRT,0.0
LTU,MUS,1.0
LTU,MWI,0.0
LTU,MYS,0.0
LTU,NAM,1.0
LTU,NER,0.0
LTU,NGA,0.0
LTU,NIC,0.0
LTU,NLD,1.0
LTU,NOR,1.0
LTU,NPL,0.0
LTU,NRU,1.0
LTU,NZL,1.0
LTU,OMN,0.0
LTU,PAK,0.0
LTU,PAN,1.0
LTU,PER,0.0
LTU,PHL,0.0
LTU,PLW,1.0
LTU,PNG,0.0
LTU,POL,1.0
LTU,PRT,1.0
LTU,PRY,0.0
LTU,PSE,0.0
LTU,PYF,1.0
LTU,QAT,1.0
LTU,ROU,0.0
LTU,RUS,0.0
LTU,RWA,0.0
LTU,SAU,0.0
LTU,SDN,0.0
LTU,SEN,0.0
LTU,SGP,1.0
LTU,SLB,0.0
LTU,SLE,0.0
LTU,SLV,0.0
LTU,SMR,1.0
LTU,SOM,0.0
LTU,SRB,0.0
LTU,SSD,0.0
LTU,STP,1.0
LTU,SUR,0.0
LTU,SVK,1.0
LTU,SVN,1.0
LTU,SWE,1.0
LTU,SWZ,0.0
LTU,SXM,1.0
LTU,SYC,1.0
LTU,SYR,0.0
LTU,TCA,1.0
LTU,TCD,0.0
LTU,TGO,0.0
LTU,THA,0.0
LTU,TJK,0.0
LTU,TKM,0.0
LTU,TLS,0.0
LTU,TON,1.0
LTU,TTO,0.0
LTU,TUN,0.0
LTU,TUR,0.0
LTU,TUV,1.0
LTU,TZA,0.0
LTU,UGA,0.0
LTU,UKR,0.0
LTU,URY,1.0
LTU,UZB,0.0
LTU,VCT,1.0
LTU,VEN,0.0
LTU,VNM,0.0
LTU,VUT,1.0
LTU,WSM,1.0
LTU,YEM,0.0
LTU,ZAF,0.0
LTU,ZMB,0.0
LTU,ZWE,0.0
LUX,ABW,1.0
LUX,AFG,0.0
LUX,AGO,0.0
LUX,ALB,1.0
LUX,AND,1.0
LUX,ARE,1.0
LUX,ARG,0.0
LUX,ARM,0.0
LUX,ASM,1.0
LUX,ATG,1.0
LUX,AUS,1.0
LUX,AUT,1.0
LUX,AZE,0.0
LUX,BDI,0.0
LUX,BEL,1.0
LUX,BEN,0.0
LUX,BFA,0.0
LUX,BGD,0.0
LUX,BGR,1.0
LUX,BHR,1.0
LUX,BHS,1.0
LUX,BIH,0.0
LUX,BLR,0.0
LUX,BLZ,1.0
LUX,BMU,1.0
LUX,BOL,0.0
LUX,BRA,0.0
LUX,BRB,1.0
LUX,BRN,1.0
LUX,BTN,1.0
LUX,BWA,1.0
LUX,CAF,0.0
LUX,CAN,1.0
LUX,CHE,1.0
LUX,CHL,1.0
LUX,CIV,0.0
LUX,CMR,0.0
LUX,COD,0.0
LUX,COG,0.0
LUX,COL,0.0
LUX,COM,0.0
LUX,CPV,1.0
LUX,CRI,1.0
LUX,CUB,0.0
LUX,CUW,1.0
LUX,CYM,1.0
LUX,CYP,1.0
LUX,CZE,1.0
LUX,DEU,1.0
LUX,DJI,1.0
LUX,DMA,1.0
LUX,DNK,1.0
LUX,DOM,0.0
LUX,DZA,0.0
LUX,ECU,0.0
LUX,EGY,0.0
LUX,ESP,1.0
LUX,EST,1.0
LUX,ETH,0.0
LUX,FIN,1.0
LUX,FJI,0.0
LUX,FRA,1.0
LUX,FRO,1.0
LUX,FSM,1.0
LUX,GAB,0.0
LUX,GBR,1.0
LUX,GEO,1.0
LUX,GHA,0.0
LUX,GIN,0.0
LUX,GMB,0.0
LUX,GNB,0.0
LUX,GNQ,0.0
LUX,GRC,1.0
LUX,GRD,1.0
LUX,GRL,1.0
LUX,GTM,0.0
LUX,GUM,1.0
LUX,GUY,0.0
LUX,HKG,1.0
LUX,HND,0.0
LUX,HRV,1.0
LUX,HTI,0.0
LUX,HUN,1.0
LUX,IDN,0.0
LUX,IND,0.0
LUX,IRL,1.0
LUX,IRN,0.0
LUX,IRQ,0.0
LUX,ISL,1.0
LUX,ISR,1.0
LUX,ITA,1.0
LUX,JAM,1.0
LUX,JOR,0.0
LUX,JPN,1.0
LUX,KAZ,0.0
LUX,KEN,0.0
LUX,KGZ,0.0
LUX,KHM,0.0
LUX,KIR,1.0
LUX,KNA,1.0
LUX,KOR,1.0
LUX,KWT,0.0
LUX,LAO,0.0
LUX,LBN,0.0
LUX,LBR,0.0
LUX,LBY,0.0
LUX,LCA,1.0
LUX,LKA,0.0
LUX,LSO,0.0
LUX,LTU,1.0
LUX,LUX,1.0
LUX,LVA,1.0
LUX,MAC,1.0
LUX,MAR,0.0
LUX,MDA,0.0
LUX,MDG,0.0
LUX,MDV,1.0
LUX,MEX,0.0
LUX,MHL,1.0
LUX,MKD,1.0
LUX,MLI,0.0
LUX,MLT,1.0
LUX,MMR,0.0
LUX,MNE,1.0
LUX,MNG,0.0
LUX,MNP,1.0
LUX,MOZ,0.0
LUX,MRT,0.0
LUX,MUS,1.0
LUX,MWI,0.0
LUX,MYS,0.0
LUX,NAM,1.0
LUX,NER,0.0
LUX,NGA,0.0
LUX,NIC,0.0
LUX,NLD,1.0
LUX,NOR,1.0
LUX,NPL,0.0
LUX,NRU,1.0
LUX,NZL,1.0
LUX,OMN,0.0
LUX,PAK,0.0
LUX,PAN,1.0
LUX,PER,0.0
LUX,PHL,0.0
LUX,PLW,1.0
LUX,PNG,0.0
LUX,POL,1.0
LUX,PRT,1.0
LUX,PRY,0.0
LUX,PSE,0.0
LUX,PYF,1.0
LUX,QAT,1.0
LUX,ROU,0.0
LUX,RUS,0.0
LUX,RWA,0.0
LUX,SAU,0.0
LUX,SDN,0.0
LUX,SEN,0.0
LUX,SGP,1.0
LUX,SLB,0.0
LUX,SLE,0.0
LUX,SLV,0.0
LUX,SMR,1.0
LUX,SOM,0.0
LUX,SRB,0.0
LUX,SSD,0.0
LUX,STP,1.0
LUX,SUR,0.0
LUX,SVK,1.0
LUX,SVN,1.0
LUX,SWE,1.0
LUX,SWZ,0.0
LUX,SXM,1.0
LUX,SYC,1.0
LUX,SYR,0.0
LUX,TCA,1.0
LUX,TCD,0.0
LUX,TGO,0.0
LUX,THA,0.0
LUX,TJK,0.0
LUX,TKM,0.0
LUX,TLS,0.0
LUX,TON,1.0
LUX,TTO,0.0
LUX,TUN,0.0
LUX,TUR,0.0
LUX,TUV,1.0
LUX,TZA,0.0
LUX,UGA,0.0
LUX,UKR,0.0
LUX,URY,1.0
LUX,UZB,0.0
LUX,VCT,1.0
LUX,VEN,0.0
LUX,VNM,0.0
LUX,VUT,1.0
LUX,WSM,1.0
LUX,YEM,0.0
LUX,ZAF,0.0
LUX,ZMB,0.0
LUX,ZWE,0.0
LVA,ABW,1.0
LVA,AFG,0.0
LVA,AGO,0.0
LVA,ALB,1.0
LVA,AND,1.0
LVA,ARE,1.0
LVA,ARG,0.0
LVA,ARM,0.0
LVA,ASM,1.0
LVA,ATG,1.0
LVA,AUS,1.0
LVA,AUT,1.0
LVA,AZE,0.0
LVA,BDI,0.0
LVA,BEL,1.0
LVA,BEN,0.0
LVA,BFA,0.0
LVA,BGD,0.0
LVA,BGR,1.0
LVA,BHR,1.0
LVA,BHS,1.0
LVA,BIH,0.0
LVA,BLR,0.0
LVA,BLZ,1.0
LVA,BMU,1.0
LVA,BOL,0.0
LVA,BRA,0.0
LVA,BRB,1.0
LVA,BRN,1.0
LVA,BTN,1.0
LVA,BWA,1.0
LVA,CAF,0.0
LVA,CAN,1.0
LVA,CHE,1.0
LVA,CHL,1.0
LVA,CIV,0.0
LVA,CMR,0.0
LVA,COD,0.0
LVA,COG,0.0
LVA,COL,0.0
LVA,COM,0.0
LVA,CPV,1.0
LVA,CRI,1.0
LVA,CUB,0.0
LVA,CUW,1.0
LVA,CYM,1.0
LVA,CYP,1.0
LVA,CZE,1.0
LVA,DEU,1.0
LVA,DJI,1.0
LVA,DMA,1.0
LVA,DNK,1.0
LVA,DOM,0.0
LVA,DZA,0.0
LVA,ECU,0.0
LVA,EGY,0.0
LVA,ESP,1.0
LVA,EST,1.0
LVA,ETH,0.0
LVA,FIN,1.0
LVA,FJI,0.0
LVA,FRA,1.0
LVA,FRO,1.0
LVA,FSM,1.0
LVA,GAB,0.0
LVA,GBR,1.0
LVA,GEO,1.0
LVA,GHA,0.0
LVA,GIN,0.0
LVA,GMB,0.0
LVA,GNB,0.0
LVA,GNQ,0.0
LVA,GRC,1.0
LVA,GRD,1.0
LVA,GRL,1.0
LVA,GTM,0.0
LVA,GUM,1.0
LVA,GUY,0.0
LVA,HKG,1.0
LVA,HND,0.0
LVA,HRV,1.0
LVA,HTI,0.0
LVA,HUN,1.0
LVA,IDN,0.0
LVA,IND,0.0
LVA,IRL,1.0
LVA,IRN,0.0
LVA,IRQ,0.0
LVA,ISL,1.0
LVA,ISR,1.0
LVA,ITA,1.0
LVA,JAM,1.0
LVA,JOR,0.0
LVA,JPN,1.0
LVA,KAZ,0.0
LVA,KEN,0.0
LVA,KGZ,0.0
LVA,KHM,0.0
LVA,KIR,1.0
LVA,KNA,1.0
LVA,KOR,1.0
LVA,KWT,0.0
LVA,LAO,0.0
LVA,LBN,0.0
LVA,LBR,0.0
LVA,LBY,0.0
LVA,LCA,1.0
LVA,LKA,0.0
LVA,LSO,0.0
LVA,LTU,1.0
LVA,LUX,1.0
LVA,LVA,1.0
LVA,MAC,1.0
LVA,MAR,0.0
LVA,MDA,0.0
LVA,MDG,0.0
LVA,MDV,1.0
LVA,MEX,0.0
LVA,MHL,1.0
LVA,MKD,1.0
LVA,MLI,0.0
LVA,MLT,1.0
LVA,MMR,0.0
LVA,MNE,1.0
LVA,MNG,0.0
LVA,MNP,1.0
LVA,MOZ,0.0
LVA,MRT,0.0
LVA,MUS,1.0
LVA,MWI,0.0
LVA,MYS,0.0
LVA,NAM,1.0
LVA,NER,0.0
LVA,NGA,0.0
LVA,NIC,0.0
LVA,NLD,1.0
LVA,NOR,1.0
LVA,NPL,0.0
LVA,NRU,1.0
LVA,NZL,1.0
LVA,OMN,0.0
LVA,PAK,0.0
LVA,PAN,1.0
LVA,PER,0.0
LVA,PHL,0.0
LVA,PLW,1.0
LVA,PNG,0.0
LVA,POL,1.0
LVA,PRT,1.0
LVA,PRY,0.0
LVA,PSE,0.0
LVA,PYF,1.0
LVA,QAT,1.0
LVA,ROU,0.0
LVA,RUS,0.0
LVA,RWA,0.0
LVA,SAU,0.0
LVA,SDN,0.0
LVA,SEN,0.0
LVA,SGP,1.0
LVA,SLB,0.0
LVA,SLE,0.0
LVA,SLV,0.0
LVA,SMR,1.0
LVA,SOM,0.0
LVA,SRB,0.0
LVA,SSD,0.0
LVA,STP,1.0
LVA,SUR,0.0
LVA,SVK,1.0
LVA,SVN,1.0
LVA,SWE,1.0
LVA,SWZ,0.0
LVA,SXM,1.0
LVA,SYC,1.0
LVA,SYR,0.0
LVA,TCA,1.0
LVA,TCD,0.0
LVA,TGO,0.0
LVA,THA,0.0
LVA,TJK,0.0
LVA,TKM,0.0
LVA,TLS,0.0
LVA,TON,1.0
LVA,TTO,0.0
LVA,TUN,0.0
LVA,TUR,0.0
LVA,TUV,1.0
LVA,TZA,0.0
LVA,UGA,0.0
LVA,UKR,0.0
LVA,URY,1.0
LVA,UZB,0.0
LVA,VCT,1.0
LVA,VEN,0.0
LVA,VNM,0.0
LVA,VUT,1.0
LVA,WSM,1.0
LVA,YEM,0.0
LVA,ZAF,0.0
LVA,ZMB,0.0
LVA,ZWE,0.0
MAC,ABW,1.0
MAC,AFG,0.0
MAC,AGO,0.0
MAC,ALB,1.0
MAC,AND,1.0
MAC,ARE,1.0
MAC,ARG,0.0
MAC,ARM,0.0
MAC,ASM,1.0
MAC,ATG,1.0
MAC,AUS,1.0
MAC,AUT,1.0
MAC,AZE,0.0
MAC,BDI,0.0
MAC,BEL,1.0
MAC,BEN,0.0
MAC,BFA,0.0
MAC,BGD,0.0
MAC,BGR,1.0
MAC,BHR,1.0
MAC,BHS,1.0
MAC,BIH,0.0
MAC,BLR,0.0
MAC,BLZ,1.0
MAC,BMU,1.0
MAC,BOL,0.0
MAC,BRA,0.0
MAC,BRB,1.0
MAC,BRN,1.0
MAC,BTN,1.0
MAC,BWA,1.0
MAC,CAF,0.0
MAC,CAN,1.0
MAC,CHE,1.0
MAC,CHL,1.0
MAC,CIV,0.0
MAC,CMR,0.0
MAC,COD,0.0
MAC,COG,0.0
MAC,COL,0.0
MAC,COM,0.0
MAC,CPV,1.0
MAC,CRI,1.0
MAC,CUB,0.0
MAC,CUW,1.0
MAC,CYM,1.0
MAC,CYP,1.0
MAC,CZE,1.0
MAC,DEU,1.0
MAC,DJI,1.0
MAC,DMA,1.0
MAC,DNK,1.0
MAC,DOM,0.0
MAC,DZA,0.0
MAC,ECU,0.0
MAC,EGY,0.0
MAC,ESP,1.0
MAC,EST,1.0
MAC,ETH,0.0
MAC,FIN,1.0
MAC,FJI,0.0
MAC,FRA,1.0
MAC,FRO,1.0
MAC,FSM,1.0
MAC,GAB,0.0
MAC,GBR,1.0
MAC,GEO,1.0
MAC,GHA,0.0
MAC,GIN,0.0
MAC,GMB,0.0
MAC,GNB,0.0
MAC,GNQ,0.0
MAC,GRC,1.0
MAC,GRD,1.0
MAC,GRL,1.0
MAC,GTM,0.0
MAC,GUM,1.0
MAC,GUY,0.0
MAC,HKG,1.0
MAC,HND,0.0
MAC,HRV,1.0
MAC,HTI,0.0
MAC,HUN,1.0
MAC,IDN,0.0
MAC,IND,0.0
MAC,IRL,1.0
MAC,IRN,0.0
MAC,IRQ,0.0
MAC,ISL,1.0
MAC,ISR,1.0
MAC,ITA,1.0
MAC,JAM,1.0
MAC,JOR,0.0
MAC,JPN,1.0
MAC,KAZ,0.0
MAC,KEN,0.0
MAC,KGZ,0.0
MAC,KHM,0.0
MAC,KIR,1.0
MAC,KNA,1.0
MAC,KOR,1.0
MAC,KWT,0.0
MAC,LAO,0.0
MAC,LBN,0.0
MAC,LBR,0.0
MAC,LBY,0.0
MAC,LCA,1.0
MAC,LKA,0.0
MAC,LSO,0.0
MAC,LTU,1.0
MAC,LUX,1.0
MAC,LVA,1.0
MAC,MAC,1.0
MAC,MAR,0.0
MAC,MDA,0.0
MAC,MDG,0.0
MAC,MDV,1.0
MAC,MEX,0.0
MAC,MHL,1.0
MAC,MKD,1.0
MAC,MLI,0.0
MAC,MLT,1.0
MAC,MMR,0.0
MAC,MNE,1.0
MAC,MNG,0.0
MAC,MNP,1.0
MAC,MOZ,0.0
MAC,MRT,0.0
MAC,MUS,1.0
MAC,MWI,0.0
MAC,MYS,0.0
MAC,NAM,1.0
MAC,NER,0.0
MAC,NGA,0.0
MAC,NIC,0.0
MAC,NLD,1.0
MAC,NOR,1.0
MAC,NPL,0.0
MAC,NRU,1.0
MAC,NZL,1.0
MAC,OMN,0.0
MAC,PAK,0.0
MAC,PAN,1.0
MAC,PER,0.0
MAC,PHL,0.0
MAC,PLW,1.0
MAC,PNG,0.0
MAC,POL,1.0
MAC,PRT,1.0
MAC,PRY,0.0
MAC,PSE,0.0
MAC,PYF,1.0
MAC,QAT,1.0
MAC,ROU,0.0
MAC,RUS,0.0
MAC,RWA,0.0
MAC,SAU,0.0
MAC,SDN,0.0
MAC,SEN,0.0
MAC,SGP,1.0
MAC,SLB,0.0
MAC,SLE,0.0
MAC,SLV,0.0
MAC,SMR,1.0
MAC,SOM,0.0
MAC,SRB,0.0
MAC,SSD,0.0
MAC,STP,1.0
MAC,SUR,0.0
MAC,SVK,1.0
MAC,SVN,1.0
MAC,SWE,1.0
MAC,SWZ,0.0
MAC,SXM,1.0
MAC,SYC,1.0
MAC,SYR,0.0
MAC,TCA,1.0
MAC,TCD,0.0
MAC,TGO,0.0
MAC,THA,0.0
MAC,TJK,0.0
MAC,TKM,0.0
MAC,TLS,0.0
MAC,TON,1.0
MAC,TTO,0.0
MAC,TUN,0.0
MAC,TUR,0.0
MAC,TUV,1.0
MAC,TZA,0.0
MAC,UGA,0.0
MAC,UKR,0.0
MAC,URY,1.0
MAC,UZB,0.0
MAC,VCT,1.0
MAC,VEN,0.0
MAC,VNM,0.0
MAC,VUT,1.0
MAC,WSM,1.0
MAC,YEM,0.0
MAC,ZAF,0.0
MAC,ZMB,0.0
MAC,ZWE,0.0
MAR,ABW,0.0
MAR,AFG,1.0
MAR,AGO,1.0
MAR,ALB,0.0
MAR,AND,0.0
MAR,ARE,0.0
MAR,ARG,1.0
MAR,ARM,1.0
MAR,ASM,0.0
MAR,ATG,0.0
MAR,AUS,0.0
MAR,AUT,0.0
MAR,AZE,1.0
MAR,BDI,1.0
MAR,BEL,0.0
MAR,BEN,1.0
MAR,BFA,1.0
MAR,BGD,1.0
MAR,BGR,0.0
MAR,BHR,0.0
MAR,BHS,0.0
MAR,BIH,1.0
MAR,BLR,1.0
MAR,BLZ,0.0
MAR,BMU,0.0
MAR,BOL,1.0
MAR,BRA,1.0
MAR,BRB,0.0
MAR,BRN,0.0
MAR,BTN,0.0
MAR,BWA,0.0
MAR,CAF,1.0
MAR,CAN,0.0
MAR,CHE,0.0
MAR,CHL,0.0
MAR,CIV,1.0
MAR,CMR,1.0
MAR,COD,1.0
MAR,COG,1.0
MAR,COL,1.0
MAR,COM,1.0
MAR,CPV,0.0
MAR,CRI,0.0
MAR,CUB,1.0
MAR,CUW,0.0
MAR,CYM,0.0
MAR,CYP,0.0
MAR,CZE,0.0
MAR,DEU,0.0
MAR,DJI,0.0
MAR,DMA,0.0
MAR,DNK,0.0
MAR,DOM,1.0
MAR,DZA,1.0
MAR,ECU,1.0
MAR,EGY,1.0
MAR,ESP,0.0
MAR,EST,0.0
MAR,ETH,1.0
MAR,FIN,0.0
MAR,FJI,1.0
MAR,FRA,0.0
MAR,FRO,0.0
MAR,FSM,0.0
MAR,GAB,1.0
MAR,GBR,0.0
MAR,GEO,0.0
MAR,GHA,1.0
MAR,GIN,1.0
MAR,GMB,1.0
MAR,GNB,1.0
MAR,GNQ,1.0
MAR,GRC,0.0
MAR,GRD,0.0
MAR,GRL,0.0
MAR,GTM,1.0
MAR,GUM,0.0
MAR,GUY,1.0
MAR,HKG,0.0
MAR,HND,1.0
MAR,HRV,0.0
MAR,HTI,1.0
MAR,HUN,0.0
MAR,IDN,1.0
MAR,IND,1.0
MAR,IRL,0.0
MAR,IRN,1.0
MAR,IRQ,1.0
MAR,ISL,0.0
MAR,ISR,0.0
MAR,ITA,0.0
MAR,JAM,0.0
MAR,JOR,1.0
MAR,JPN,0.0
MAR,KAZ,1.0
MAR,KEN,1.0
MAR,KGZ,1.0
MAR,KHM,1.0
MAR,KIR,0.0
MAR,KNA,0.0
MAR,KOR,0.0
MAR,KWT,1.0
MAR,LAO,1.0
MAR,LBN,1.0
MAR,LBR,1.0
MAR,LBY,1.0
MAR,LCA,0.0
MAR,LKA,1.0
MAR,LSO,1.0
MAR,LTU,0.0
MAR,LUX,0.0
MAR,LVA,0.0
MAR,MAC,0.0
MAR,MAR,1.0
MAR,MDA,1.0
MAR,MDG,1.0
MAR,MDV,0.0
MAR,MEX,1.0
MAR,MHL,0.0
MAR,MKD,0.0
MAR,MLI,1.0
MAR,MLT,0.0
MAR,MMR,1.0
MAR,MNE,0.0
MAR,MNG,1.0
MAR,MNP,0.0
MAR,MOZ,1.0
MAR,MRT,1.0
MAR,MUS,0.0
MAR,MWI,1.0
MAR,MYS,1.0
MAR,NAM,0.0
MAR,NER,1.0
MAR,NGA,1.0
MAR,NIC,1.0
MAR,NLD,0.0
MAR,NOR,0.0
MAR,NPL,1.0
MAR,NRU,0.0
MAR,NZL,0.0
MAR,OMN,1.0
MAR,PAK,1.0
MAR,PAN,0.0
MAR,PER,1.0
MAR,PHL,1.0
MAR,PLW,0.0
MAR,PNG,1.0
MAR,POL,0.0
MAR,PRT,0.0
MAR,PRY,1.0
MAR,PSE,1.0
MAR,PYF,0.0
MAR,QAT,0.0
MAR,ROU,1.0
MAR,RUS,1.0
MAR,RWA,1.0
MAR,SAU,1.0
MAR,SDN,1.0
MAR,SEN,1.0
MAR,SGP,0.0
MAR,SLB,1.0
MAR,SLE,1.0
MAR,SLV,1.0
MAR,SMR,0.0
MAR,SOM,1.0
MAR,SRB,1.0
MAR,SSD,1.0
MAR,STP,0.0
MAR,SUR,1.0
MAR,SVK,0.0
MAR,SVN,0.0
MAR,SWE,0.0
MAR,SWZ,1.0
MAR,SXM,0.0
MAR,SYC,0.0
MAR,SYR,1.0
MAR,TCA,0.0
MAR,TCD,1.0
MAR,TGO,1.0
MAR,THA,1.0
MAR,TJK,1.0
MAR,TKM,1.0
MAR,TLS,1.0
MAR,TON,0.0
MAR,TTO,1.0
MAR,TUN,1.0
MAR,TUR,1.0
MAR,TUV,0.0
MAR,TZA,1.0
MAR,UGA,1.0
MAR,UKR,1.0
MAR,URY,0.0
MAR,UZB,1.0
MAR,VCT,0.0
MAR,VEN,1.0
MAR,VNM,1.0
MAR,VUT,0.0
MAR,WSM,0.0
MAR,YEM,1.0
MAR,ZAF,1.0
MAR,ZMB,1.0
MAR,ZWE,1.0
MDA,ABW,0.0
MDA,AFG,1.0
MDA,AGO,1.0
MDA,ALB,0.0
MDA,AND,0.0
MDA,ARE,0.0
MDA,ARG,1.0
MDA,ARM,1.0
MDA,ASM,0.0
MDA,ATG,0.0
MDA,AUS,0.0
MDA,AUT,0.0
MDA,AZE,1.0
MDA,BDI,1.0
MDA,BEL,0.0
MDA,BEN,1.0
MDA,BFA,1.0
MDA,BGD,1.0
MDA,BGR,0.0
MDA,BHR,0.0
MDA,BHS,0.0
MDA,BIH,1.0
MDA,BLR,1.0
MDA,BLZ,0.0
MDA,BMU,0.0
MDA,BOL,1.0
MDA,BRA,1.0
MDA,BRB,0.0
MDA,BRN,0.0
MDA,BTN,0.0
MDA,BWA,0.0
MDA,CAF,1.0
MDA,CAN,0.0
MDA,CHE,0.0
MDA,CHL,0.0
MDA,CIV,1.0
MDA,CMR,1.0
MDA,COD,1.0
MDA,COG,1.0
MDA,COL,1.0
MDA,COM,1.0
MDA,CPV,0.0
MDA,CRI,0.0
MDA,CUB,1.0
MDA,CUW,0.0
MDA,CYM,0.0
MDA,CYP,0.0
MDA,CZE,0.0
MDA,DEU,0.0
MDA,DJI,0.0
MDA,DMA,0.0
MDA,DNK,0.0
MDA,DOM,1.0
MDA,DZA,1.0
MDA,ECU,1.0
MDA,EGY,1.0
MDA,ESP,0.0
MDA,EST,0.0
MDA,ETH,1.0
MDA,FIN,0.0
MDA,FJI,1.0
MDA,FRA,0.0
MDA,FRO,0.0
MDA,FSM,0.0
MDA,GAB,1.0
MDA,GBR,0.0
MDA,GEO,0.0
MDA,GHA,1.0
MDA,GIN,1.0
MDA,GMB,1.0
MDA,GNB,1.0
MDA,GNQ,1.0
MDA,GRC,0.0
MDA,GRD,0.0
MDA,GRL,0.0
MDA,GTM,1.0
MDA,GUM,0.0
MDA,GUY,1.0
MDA,HKG,0.0
MDA,HND,1.0
MDA,HRV,0.0
MDA,HTI,1.0
MDA,HUN,0.0
MDA,IDN,1.0
MDA,IND,1.0
MDA,IRL,0.0
MDA,IRN,1.0
MDA,IRQ,1.0
MDA,ISL,0.0
MDA,ISR,0.0
MDA,ITA,0.0
MDA,JAM,0.0
MDA,JOR,1.0
MDA,JPN,0.0
MDA,KAZ,1.0
MDA,KEN,1.0
MDA,KGZ,1.0
MDA,KHM,1.0
MDA,KIR,0.0
MDA,KNA,0.0
MDA,KOR,0.0
MDA,KWT,1.0
MDA,LAO,1.0
MDA,LBN,1.0
MDA,LBR,1.0
MDA,LBY,1.0
MDA,LCA,0.0
MDA,LKA,1.0
MDA,LSO,1.0
MDA,LTU,0.0
MDA,LUX,0.0
MDA,LVA,0.0
MDA,MAC,0.0
MDA,MAR,1.0
MDA,MDA,1.0
MDA,MDG,1.0
MDA,MDV,0.0
MDA,MEX,1.0
MDA,MHL,0.0
MDA,MKD,0.0
MDA,MLI,1.0
MDA,MLT,0.0
MDA,MMR,1.0
MDA,MNE,0.0
MDA,MNG,1.0
MDA,MNP,0.0
MDA,MOZ,1.0
MDA,MRT,1.0
MDA,MUS,0.0
MDA,MWI,1.0
MDA,MYS,1.0
MDA,NAM,0.0
MDA,NER,1.0
MDA,NGA,1.0
MDA,NIC,1.0
MDA,NLD,0.0
MDA,NOR,0.0
MDA,NPL,1.0
MDA,NRU,0.0
MDA,NZL,0.0
MDA,OMN,1.0
MDA,PAK,1.0
MDA,PAN,0.0
MDA,PER,1.0
MDA,PHL,1.0
MDA,PLW,0.0
MDA,PNG,1.0
MDA,POL,0.0
MDA,PRT,0.0
MDA,PRY,1.0
MDA,PSE,1.0
MDA,PYF,0.0
MDA,QAT,0.0
MDA,ROU,1.0
MDA,RUS,1.0
MDA,RWA,1.0
MDA,SAU,1.0
MDA,SDN,1.0
MDA,SEN,1.0
MDA,SGP,0.0
MDA,SLB,1.0
MDA,SLE,1.0
MDA,SLV,1.0
MDA,SMR,0.0
MDA,SOM,1.0
MDA,SRB,1.0
MDA,SSD,1.0
MDA,STP,0.0
MDA,SUR,1.0
MDA,SVK,0.0
MDA,SVN,0.0
MDA,SWE,0.0
MDA,SWZ,1.0
MDA,SXM,0.0
MDA,SYC,0.0
MDA,SYR,1.0
MDA,TCA,0.0
MDA,TCD,1.0
MDA,TGO,1.0
MDA,THA,1.0
MDA,TJK,1.0
MDA,TKM,1.0
MDA,TLS,1.0
MDA,TON,0.0
MDA,TTO,1.0
MDA,TUN,1.0
MDA,TUR,1.0
MDA,TUV,0.0
MDA,TZA,1.0
MDA,UGA,1.0
MDA,UKR,1.0
MDA,URY,0.0
MDA,UZB,1.0
MDA,VCT,0.0
MDA,VEN,1.0
MDA,VNM,1.0
MDA,VUT,0.0
MDA,WSM,0.0
MDA,YEM,1.0
MDA,ZAF,1.0
MDA,ZMB,1.0
MDA,ZWE,1.0
MDG,ABW,0.0
MDG,AFG,1.0
MDG,AGO,1.0
MDG,ALB,0.0
MDG,AND,0.0
MDG,ARE,0.0
MDG,ARG,1.0
MDG,ARM,1.0
MDG,ASM,0.0
MDG,ATG,0.0
MDG,AUS,0.0
MDG,AUT,0.0
MDG,AZE,1.0
MDG,BDI,1.0
MDG,BEL,0.0
MDG,BEN,1.0
MDG,BFA,1.0
MDG,BGD,1.0
MDG,BGR,0.0
MDG,BHR,0.0
MDG,BHS,0.0
MDG,BIH,1.0
MDG,BLR,1.0
MDG,BLZ,0.0
MDG,BMU,0.0
MDG,BOL,1.0
MDG,BRA,1.0
MDG,BRB,0.0
MDG,BRN,0.0
MDG,BTN,0.0
MDG,BWA,0.0
MDG,CAF,1.0
MDG,CAN,0.0
MDG,CHE,0.0
MDG,CHL,0.0
MDG,CIV,1.0
MDG,CMR,1.0
MDG,COD,1.0
MDG,COG,1.0
MDG,COL,1.0
MDG,COM,1.0
MDG,CPV,0.0
MDG,CRI,0.0
MDG,CUB,1.0
MDG,CUW,0.0
MDG,CYM,0.0
MDG,CYP,0.0
MDG,CZE,0.0
MDG,DEU,0.0
MDG,DJI,0.0
MDG,DMA,0.0
MDG,DNK,0.0
MDG,DOM,1.0
MDG,DZA,1.0
MDG,ECU,1.0
MDG,EGY,1.0
MDG,ESP,0.0
MDG,EST,0.0
MDG,ETH,1.0
MDG,FIN,0.0
MDG,FJI,1.0
MDG,FRA,0.0
MDG,FRO,0.0
MDG,FSM,0.0
MDG,GAB,1.0
MDG,GBR,0.0
MDG,GEO,0.0
MDG,GHA,1.0
MDG,GIN,1.0
MDG,GMB,1.0
MDG,GNB,1.0
MDG,GNQ,1.0
MDG,GRC,0.0
MDG,GRD,0.0
MDG,GRL,0.0
MDG,GTM,1.0
MDG,GUM,0.0
MDG,GUY,1.0
MDG,HKG,0.0
MDG,HND,1.0
MDG,HRV,0.0
MDG,HTI,1.0
MDG,HUN,0.0
MDG,IDN,1.0
MDG,IND,1.0
MDG,IRL,0.0
MDG,IRN,1.0
MDG,IRQ,1.0
MDG,ISL,0.0
MDG,ISR,0.0
MDG,ITA,0.0
MDG,JAM,0.0
MDG,JOR,1.0
MDG,JPN,0.0
MDG,KAZ,1.0
MDG,KEN,1.0
MDG,KGZ,1.0
MDG,KHM,1.0
MDG,KIR,0.0
MDG,KNA,0.0
MDG,KOR,0.0
MDG,KWT,1.0
MDG,LAO,1.0
MDG,LBN,1.0
MDG,LBR,1.0
MDG,LBY,1.0
MDG,LCA,0.0
MDG,LKA,1.0
MDG,LSO,1.0
MDG,LTU,0.0
MDG,LUX,0.0
MDG,LVA,0.0
MDG,MAC,0.0
MDG,MAR,1.0
MDG,MDA,1.0
MDG,MDG,1.0
MDG,MDV,0.0
MDG,MEX,1.0
MDG,MHL,0.0
MDG,MKD,0.0
MDG,MLI,1.0
MDG,MLT,0.0
MDG,MMR,1.0
MDG,MNE,0.0
MDG,MNG,1.0
MDG,MNP,0.0
MDG,MOZ,1.0
MDG,MRT,1.0
MDG,MUS,0.0
MDG,MWI,1.0
MDG,MYS,1.0
MDG,NAM,0.0
MDG,NER,1.0
MDG,NGA,1.0
MDG,NIC,1.0
MDG,NLD,0.0
MDG,NOR,0.0
MDG,NPL,1.0
MDG,NRU,0.0
MDG,NZL,0.0
MDG,OMN,1.0
MDG,PAK,1.0
MDG,PAN,0.0
MDG,PER,1.0
MDG,PHL,1.0
MDG,PLW,0.0
MDG,PNG,1.0
MDG,POL,0.0
MDG,PRT,0.0
MDG,PRY,1.0
MDG,PSE,1.0
MDG,PYF,0.0
MDG,QAT,0.0
MDG,ROU,1.0
MDG,RUS,1.0
MDG,RWA,1.0
MDG,SAU,1.0
MDG,SDN,1.0
MDG,SEN,1.0
MDG,SGP,0.0
MDG,SLB,1.0
MDG,SLE,1.0
MDG,SLV,1.0
MDG,SMR,0.0
MDG,SOM,1.0
MDG,SRB,1.0
MDG,SSD,1.0
MDG,STP,0.0
MDG,SUR,1.0
MDG,SVK,0.0
MDG,SVN,0.0
MDG,SWE,0.0
MDG,SWZ,1.0
MDG,SXM,0.0
MDG,SYC,0.0
MDG,SYR,1.0
MDG,TCA,0.0
MDG,TCD,1.0
MDG,TGO,1.0
MDG,THA,1.0
MDG,TJK,1.0
MDG,TKM,1.0
MDG,TLS,1.0
MDG,TON,0.0
MDG,TTO,1.0
MDG,TUN,1.0
MDG,TUR,1.0
MDG,TUV,0.0
MDG,TZA,1.0
MDG,UGA,1.0
MDG,UKR,1.0
MDG,URY,0.0
MDG,UZB,1.0
MDG,VCT,0.0
MDG,VEN,1.0
MDG,VNM,1.0
MDG,VUT,0.0
MDG,WSM,0.0
MDG,YEM,1.0
MDG,ZAF,1.0
MDG,ZMB,1.0
MDG,ZWE,1.0
MDV,ABW,1.0
MDV,AFG,0.0
MDV,AGO,0.0
MDV,ALB,1.0
MDV,AND,1.0
MDV,ARE,1.0
MDV,ARG,0.0
MDV,ARM,0.0
MDV,ASM,1.0
MDV,ATG,1.0
MDV,AUS,1.0
MDV,AUT,1.0
MDV,AZE,0.0
MDV,BDI,0.0
MDV,BEL,1.0
MDV,BEN,0.0
MDV,BFA,0.0
MDV,BGD,0.0
MDV,BGR,1.0
MDV,BHR,1.0
MDV,BHS,1.0
MDV,BIH,0.0
MDV,BLR,0.0
MDV,BLZ,1.0
MDV,BMU,1.0
MDV,BOL,0.0
MDV,BRA,0.0
MDV,BRB,1.0
MDV,BRN,1.0
MDV,BTN,1.0
MDV,BWA,1.0
MDV,CAF,0.0
MDV,CAN,1.0
MDV,CHE,1.0
MDV,CHL,1.0
MDV,CIV,0.0
MDV,CMR,0.0
MDV,COD,0.0
MDV,COG,0.0
MDV,COL,0.0
MDV,COM,0.0
MDV,CPV,1.0
MDV,CRI,1.0
MDV,CUB,0.0
MDV,CUW,1.0
MDV,CYM,1.0
MDV,CYP,1.0
MDV,CZE,1.0
MDV,DEU,1.0
MDV,DJI,1.0
MDV,DMA,1.0
MDV,DNK,1.0
MDV,DOM,0.0
MDV,DZA,0.0
MDV,ECU,0.0
MDV,EGY,0.0
MDV,ESP,1.0
MDV,EST,1.0
MDV,ETH,0.0
MDV,FIN,1.0
MDV,FJI,0.0
MDV,FRA,1.0
MDV,FRO,1.0
MDV,FSM,1.0
MDV,GAB,0.0
MDV,GBR,1.0
MDV,GEO,1.0
MDV,GHA,0.0
MDV,GIN,0.0
MDV,GMB,0.0
MDV,GNB,0.0
MDV,GNQ,0.0
MDV,GRC,1.0
MDV,GRD,1.0
MDV,GRL,1.0
MDV,GTM,0.0
MDV,GUM,1.0
MDV,GUY,0.0
MDV,HKG,1.0
MDV,HND,0.0
MDV,HRV,1.0
MDV,HTI,0.0
MDV,HUN,1.0
MDV,IDN,0.0
MDV,IND,0.0
MDV,IRL,1.0
MDV,IRN,0.0
MDV,IRQ,0.0
MDV,ISL,1.0
MDV,ISR,1.0
MDV,ITA,1.0
MDV,JAM,1.0
MDV,JOR,0.0
MDV,JPN,1.0
MDV,KAZ,0.0
MDV,KEN,0.0
MDV,KGZ,0.0
MDV,KHM,0.0
MDV,KIR,1.0
MDV,KNA,1.0
MDV,KOR,1.0
MDV,KWT,0.0
MDV,LAO,0.0
MDV,LBN,0.0
MDV,LBR,0.0
MDV,LBY,0.0
MDV,LCA,1.0
MDV,LKA,0.0
MDV,LSO,0.0
MDV,LTU,1.0
MDV,LUX,1.0
MDV,LVA,1.0
MDV,MAC,1.0
MDV,MAR,0.0
MDV,MDA,0.0
MDV,MDG,0.0
MDV,MDV,1.0
MDV,MEX,0.0
MDV,MHL,1.0
MDV,MKD,1.0
MDV,MLI,0.0
MDV,MLT,1.0
MDV,MMR,0.0
MDV,MNE,1.0
MDV,MNG,0.0
MDV,MNP,1.0
MDV,MOZ,0.0
MDV,MRT,0.0
MDV,MUS,1.0
MDV,MWI,0.0
MDV,MYS,0.0
MDV,NAM,1.0
MDV,NER,0.0
MDV,NGA,0.0
MDV,NIC,0.0
MDV,NLD,1.0
MDV,NOR,1.0
MDV,NPL,0.0
MDV,NRU,1.0
MDV,NZL,1.0
MDV,OMN,0.0
MDV,PAK,0.0
MDV,PAN,1.0
MDV,PER,0.0
MDV,PHL,0.0
MDV,PLW,1.0
MDV,PNG,0.0
MDV,POL,1.0
MDV,PRT,1.0
MDV,PRY,0.0
MDV,PSE,0.0
MDV,PYF,1.0
MDV,QAT,1.0
MDV,ROU,0.0
MDV,RUS,0.0
MDV,RWA,0.0
MDV,SAU,0.0
MDV,SDN,0.0
MDV,SEN,0.0
MDV,SGP,1.0
MDV,SLB,0.0
MDV,SLE,0.0
MDV,SLV,0.0
MDV,SMR,1.0
MDV,SOM,0.0
MDV,SRB,0.0
MDV,SSD,0.0
MDV,STP,1.0
MDV,SUR,0.0
MDV,SVK,1.0
MDV,SVN,1.0
MDV,SWE,1.0
MDV,SWZ,0.0
MDV,SXM,1.0
MDV,SYC,1.0
MDV,SYR,0.0
MDV,TCA,1.0
MDV,TCD,0.0
MDV,TGO,0.0
MDV,THA,0.0
MDV,TJK,0.0
MDV,TKM,0.0
MDV,TLS,0.0
MDV,TON,1.0
MDV,TTO,0.0
MDV,TUN,0.0
MDV,TUR,0.0
MDV,TUV,1.0
MDV,TZA,0.0
MDV,UGA,0.0
MDV,UKR,0.0
MDV,URY,1.0
MDV,UZB,0.0
MDV,VCT,1.0
MDV,VEN,0.0
MDV,VNM,0.0
MDV,VUT,1.0
MDV,WSM,1.0
MDV,YEM,0.0
MDV,ZAF,0.0
MDV,ZMB,0.0
MDV,ZWE,0.0
MEX,ABW,0.0
MEX,AFG,1.0
MEX,AGO,1.0
MEX,ALB,0.0
MEX,AND,0.0
MEX,ARE,0.0
MEX,ARG,1.0
MEX,ARM,1.0
MEX,ASM,0.0
MEX,ATG,0.0
MEX,AUS,0.0
MEX,AUT,0.0
MEX,AZE,1.0
MEX,BDI,1.0
MEX,BEL,0.0
MEX,BEN,1.0
MEX,BFA,1.0
MEX,BGD,1.0
MEX,BGR,0.0
MEX,BHR,0.0
MEX,BHS,0.0
MEX,BIH,1.0
MEX,BLR,1.0
MEX,BLZ,0.0
MEX,BMU,0.0
MEX,BOL,1.0
MEX,BRA,1.0
MEX,BRB,0.0
MEX,BRN,0.0
MEX,BTN,0.0
MEX,BWA,0.0
MEX,CAF,1.0
MEX,CAN,0.0
MEX,CHE,0.0
MEX,CHL,0.0
MEX,CIV,1.0
MEX,CMR,1.0
MEX,COD,1.0
MEX,COG,1.0
MEX,COL,1.0
MEX,COM,1.0
MEX,CPV,0.0
MEX,CRI,0.0
MEX,CUB,1.0
MEX,CUW,0.0
MEX,CYM,0.0
MEX,CYP,0.0
MEX,CZE,0.0
MEX,DEU,0.0
MEX,DJI,0.0
MEX,DMA,0.0
MEX,DNK,0.0
MEX,DOM,1.0
MEX,DZA,1.0
MEX,ECU,1.0
MEX,EGY,1.0
MEX,ESP,0.0
MEX,EST,0.0
MEX,ETH,1.0
MEX,FIN,0.0
MEX,FJI,1.0
MEX,FRA,0.0
MEX,FRO,0.0
MEX,FSM,0.0
MEX,GAB,1.0
MEX,GBR,0.0
MEX,GEO,0.0
MEX,GHA,1.0
MEX,GIN,1.0
MEX,GMB,1.0
MEX,GNB,1.0
MEX,GNQ,1.0
MEX,GRC,0.0
MEX,GRD,0.0
MEX,GRL,0.0
MEX,GTM,1.0
MEX,GUM,0.0
MEX,GUY,1.0
MEX,HKG,0.0
MEX,HND,1.0
MEX,HRV,0.0
MEX,HTI,1.0
MEX,HUN,0.0
MEX,IDN,1.0
MEX,IND,1.0
MEX,IRL,0.0
MEX,IRN,1.0
MEX,IRQ,1.0
MEX,ISL,0.0
MEX,ISR,0.0
MEX,ITA,0.0
MEX,JAM,0.0
MEX,JOR,1.0
MEX,JPN,0.0
MEX,KAZ,1.0
MEX,KEN,1.0
MEX,KGZ,1.0
MEX,KHM,1.0
MEX,KIR,0.0
MEX,KNA,0.0
MEX,KOR,0.0
MEX,KWT,1.0
MEX,LAO,1.0
MEX,LBN,1.0
MEX,LBR,1.0
MEX,LBY,1.0
MEX,LCA,0.0
MEX,LKA,1.0
MEX,LSO,1.0
MEX,LTU,0.0
MEX,LUX,0.0
MEX,LVA,0.0
MEX,MAC,0.0
MEX,MAR,1.0
MEX,MDA,1.0
MEX,MDG,1.0
MEX,MDV,0.0
MEX,MEX,1.0
MEX,MHL,0.0
MEX,MKD,0.0
MEX,MLI,1.0
MEX,MLT,0.0
MEX,MMR,1.0
MEX,MNE,0.0
MEX,MNG,1.0
MEX,MNP,0.0
MEX,MOZ,1.0
MEX,MRT,1.0
MEX,MUS,0.0
MEX,MWI,1.0
MEX,MYS,1.0
MEX,NAM,0.0
MEX,NER,1.0
MEX,NGA,1.0
MEX,NIC,1.0
MEX,NLD,0.0
MEX,NOR,0.0
MEX,NPL,1.0
MEX,NRU,0.0
MEX,NZL,0.0
MEX,OMN,1.0
MEX,PAK,1.0
MEX,PAN,0.0
MEX,PER,1.0
MEX,PHL,1.0
MEX,PLW,0.0
MEX,PNG,1.0
MEX,POL,0.0
MEX,PRT,0.0
MEX,PRY,1.0
MEX,PSE,1.0
MEX,PYF,0.0
MEX,QAT,0.0
MEX,ROU,1.0
MEX,RUS,1.0
MEX,RWA,1.0
MEX,SAU,1.0
MEX,SDN,1.0
MEX,SEN,1.0
MEX,SGP,0.0
MEX,SLB,1.0
MEX,SLE,1.0
MEX,SLV,1.0
MEX,SMR,0.0
MEX,SOM,1.0
MEX,SRB,1.0
MEX,SSD,1.0
MEX,STP,0.0
MEX,SUR,1.0
MEX,SVK,0.0
MEX,SVN,0.0
MEX,SWE,0.0
MEX,SWZ,1.0
MEX,SXM,0.0
MEX,SYC,0.0
MEX,SYR,1.0
MEX,TCA,0.0
MEX,TCD,1.0
MEX,TGO,1.0
MEX,THA,1.0
MEX,TJK,1.0
MEX,TKM,1.0
MEX,TLS,1.0
MEX,TON,0.0
MEX,TTO,1.0
MEX,TUN,1.0
MEX,TUR,1.0
MEX,TUV,0.0
MEX,TZA,1.0
MEX,UGA,1.0
MEX,UKR,1.0
MEX,URY,0.0
MEX,UZB,1.0
MEX,VCT,0.0
MEX,VEN,1.0
MEX,VNM,1.0
MEX,VUT,0.0
MEX,WSM,0.0
MEX,YEM,1.0
MEX,ZAF,1.0
MEX,ZMB,1.0
MEX,ZWE,1.0
MHL,ABW,1.0
MHL,AFG,0.0
MHL,AGO,0.0
MHL,ALB,1.0
MHL,AND,1.0
MHL,ARE,1.0
MHL,ARG,0.0
MHL,ARM,0.0
MHL,ASM,1.0
MHL,ATG,1.0
MHL,AUS,1.0
MHL,AUT,1.0
MHL,AZE,0.0
MHL,BDI,0.0
MHL,BEL,1.0
MHL,BEN,0.0
MHL,BFA,0.0
MHL,BGD,0.0
MHL,BGR,1.0
MHL,BHR,1.0
MHL,BHS,1.0
MHL,BIH,0.0
MHL,BLR,0.0
MHL,BLZ,1.0
MHL,BMU,1.0
MHL,BOL,0.0
MHL,BRA,0.0
MHL,BRB,1.0
MHL,BRN,1.0
MHL,BTN,1.0
MHL,BWA,1.0
MHL,CAF,0.0
MHL,CAN,1.0
MHL,CHE,1.0
MHL,CHL,1.0
MHL,CIV,0.0
MHL,CMR,0.0
MHL,COD,0.0
MHL,COG,0.0
MHL,COL,0.0
MHL,COM,0.0
MHL,CPV,1.0
MHL,CRI,1.0
MHL,CUB,0.0
MHL,CUW,1.0
MHL,CYM,1.0
MHL,CYP,1.0
MHL,CZE,1.0
MHL,DEU,1.0
MHL,DJI,1.0
MHL,DMA,1.0
MHL,DNK,1.0
MHL,DOM,0.0
MHL,DZA,0.0
MHL,ECU,0.0
MHL,EGY,0.0
MHL,ESP,1.0
MHL,EST,1.0
MHL,ETH,0.0
MHL,FIN,1.0
MHL,FJI,0.0
MHL,FRA,1.0
MHL,FRO,1.0
MHL,FSM,1.0
MHL,GAB,0.0
MHL,GBR,1.0
MHL,GEO,1.0
MHL,GHA,0.0
MHL,GIN,0.0
MHL,GMB,0.0
MHL,GNB,0.0
MHL,GNQ,0.0
MHL,GRC,1.0
MHL,GRD,1.0
MHL,GRL,1.0
MHL,GTM,0.0
MHL,GUM,1.0
MHL,GUY,0.0
MHL,HKG,1.0
MHL,HND,0.0
MHL,HRV,1.0
MHL,HTI,0.0
MHL,HUN,1.0
MHL,IDN,0.0
MHL,IND,0.0
MHL,IRL,1.0
MHL,IRN,0.0
MHL,IRQ,0.0
MHL,ISL,1.0
MHL,ISR,1.0
MHL,ITA,1.0
MHL,JAM,1.0
MHL,JOR,0.0
MHL,JPN,1.0
MHL,KAZ,0.0
MHL,KEN,0.0
MHL,KGZ,0.0
MHL,KHM,0.0
MHL,KIR,1.0
MHL,KNA,1.0
MHL,KOR,1.0
MHL,KWT,0.0
MHL,LAO,0.0
MHL,LBN,0.0
MHL,LBR,0.0
MHL,LBY,0.0
MHL,LCA,1.0
MHL,LKA,0.0
MHL,LSO,0.0
MHL,LTU,1.0
MHL,LUX,1.0
MHL,LVA,1.0
MHL,MAC,1.0
MHL,MAR,0.0
MHL,MDA,0.0
MHL,MDG,0.0
MHL,MDV,1.0
MHL,MEX,0.0
MHL,MHL,1.0
MHL,MKD,1.0
MHL,MLI,0.0
MHL,MLT,1.0
MHL,MMR,0.0
MHL,MNE,1.0
MHL,MNG,0.0
MHL,MNP,1.0
MHL,MOZ,0.0
MHL,MRT,0.0
MHL,MUS,1.0
MHL,MWI,0.0
MHL,MYS,0.0
MHL,NAM,1.0
MHL,NER,0.0
MHL,NGA,0.0
MHL,NIC,0.0
MHL,NLD,1.0
MHL,NOR,1.0
MHL,NPL,0.0
MHL,NRU,1.0
MHL,NZL,1.0
MHL,OMN,0.0
MHL,PAK,0.0
MHL,PAN,1.0
MHL,PER,0.0
MHL,PHL,0.0
MHL,PLW,1.0
MHL,PNG,0.0
MHL,POL,1.0
MHL,PRT,1.0
MHL,PRY,0.0
MHL,PSE,0.0
MHL,PYF,1.0
MHL,QAT,1.0
MHL,ROU,0.0
MHL,RUS,0.0
MHL,RWA,0.0
MHL,SAU,0.0
MHL,SDN,0.0
MHL,SEN,0.0
MHL,SGP,1.0
MHL,SLB,0.0
MHL,SLE,0.0
MHL,SLV,0.0
MHL,SMR,1.0
MHL,SOM,0.0
MHL,SRB,0.0
MHL,SSD,0.0
MHL,STP,1.0
MHL,SUR,0.0
MHL,SVK,1.0
MHL,SVN,1.0
MHL,SWE,1.0
MHL,SWZ,0.0
MHL,SXM,1.0
MHL,SYC,1.0
MHL,SYR,0.0
MHL,TCA,1.0
MHL,TCD,0.0
MHL,TGO,0.0
MHL,THA,0.0
MHL,TJK,0.0
MHL,TKM,0.0
MHL,TLS,0.0
MHL,TON,1.0
MHL,TTO,0.0
MHL,TUN,0.0
MHL,TUR,0.0
MHL,TUV,1.0
MHL,TZA,0.0
MHL,UGA,0.0
MHL,UKR,0.0
MHL,URY,1.0
MHL,UZB,0.0
MHL,VCT,1.0
MHL,VEN,0.0
MHL,VNM,0.0
MHL,VUT,1.0
MHL,WSM,1.0
MHL,YEM,0.0
MHL,ZAF,0.0
MHL,ZMB,0.0
MHL,ZWE,0.0
MKD,ABW,1.0
MKD,AFG,0.0
MKD,AGO,0.0
MKD,ALB,1.0
MKD,AND,1.0
MKD,ARE,1.0
MKD,ARG,0.0
MKD,ARM,0.0
MKD,ASM,1.0
MKD,ATG,1.0
MKD,AUS,1.0
MKD,AUT,1.0
MKD,AZE,0.0
MKD,BDI,0.0
MKD,BEL,1.0
MKD,BEN,0.0
MKD,BFA,0.0
MKD,BGD,0.0
MKD,BGR,1.0
MKD,BHR,1.0
MKD,BHS,1.0
MKD,BIH,0.0
MKD,BLR,0.0
MKD,BLZ,1.0
MKD,BMU,1.0
MKD,BOL,0.0
MKD,BRA,0.0
MKD,BRB,1.0
MKD,BRN,1.0
MKD,BTN,1.0
MKD,BWA,1.0
MKD,CAF,0.0
MKD,CAN,1.0
MKD,CHE,1.0
MKD,CHL,1.0
MKD,CIV,0.0
MKD,CMR,0.0
MKD,COD,0.0
MKD,COG,0.0
MKD,COL,0.0
MKD,COM,0.0
MKD,CPV,1.0
MKD,CRI,1.0
MKD,CUB,0.0
MKD,CUW,1.0
MKD,CYM,1.0
MKD,CYP,1.0
MKD,CZE,1.0
MKD,DEU,1.0
MKD,DJI,1.0
MKD,DMA,1.0
MKD,DNK,1.0
MKD,DOM,0.0
MKD,DZA,0.0
MKD,ECU,0.0
MKD,EGY,0.0
MKD,ESP,1.0
MKD,EST,1.0
MKD,ETH,0.0
MKD,FIN,1.0
MKD,FJI,0.0
MKD,FRA,1.0
MKD,FRO,1.0
MKD,FSM,1.0
MKD,GAB,0.0
MKD,GBR,1.0
MKD,GEO,1.0
MKD,GHA,0.0
MKD,GIN,0.0
MKD,GMB,0.0
MKD,GNB,0.0
MKD,GNQ,0.0
MKD,GRC,1.0
MKD,GRD,1.0
MKD,GRL,1.0
MKD,GTM,0.0
MKD,GUM,1.0
MKD,GUY,0.0
MKD,HKG,1.0
MKD,HND,0.0
MKD,HRV,1.0
MKD,HTI,0.0
MKD,HUN,1.0
MKD,IDN,0.0
MKD,IND,0.0
MKD,IRL,1.0
MKD,IRN,0.0
MKD,IRQ,0.0
MKD,ISL,1.0
MKD,ISR,1.0
MKD,ITA,1.0
MKD,JAM,1.0
MKD,JOR,0.0
MKD,JPN,1.0
MKD,KAZ,0.0
MKD,KEN,0.0
MKD,KGZ,0.0
MKD,KHM,0.0
MKD,KIR,1.0
MKD,KNA,1.0
MKD,KOR,1.0
MKD,KWT,0.0
MKD,LAO,0.0
MKD,LBN,0.0
MKD,LBR,0.0
MKD,LBY,0.0
MKD,LCA,1.0
MKD,LKA,0.0
MKD,LSO,0.0
MKD,LTU,1.0
MKD,LUX,1.0
MKD,LVA,1.0
MKD,MAC,1.0
MKD,MAR,0.0
MKD,MDA,0.0
MKD,MDG,0.0
MKD,MDV,1.0
MKD,MEX,0.0
MKD,MHL,1.0
MKD,MKD,1.0
MKD,MLI,0.0
MKD,MLT,1.0
MKD,MMR,0.0
MKD,MNE,1.0
MKD,MNG,0.0
MKD,MNP,1.0
MKD,MOZ,0.0
MKD,MRT,0.0
MKD,MUS,1.0
MKD,MWI,0.0
MKD,MYS,0.0
MKD,NAM,1.0
MKD,NER,0.0
MKD,NGA,0.0
MKD,NIC,0.0
MKD,NLD,1.0
MKD,NOR,1.0
MKD,NPL,0.0
MKD,NRU,1.0
MKD,NZL,1.0
MKD,OMN,0.0
MKD,PAK,0.0
MKD,PAN,1.0
MKD,PER,0.0
MKD,PHL,0.0
MKD,PLW,1.0
MKD,PNG,0.0
MKD,POL,1.0
MKD,PRT,1.0
MKD,PRY,0.0
MKD,PSE,0.0
MKD,PYF,1.0
MKD,QAT,1.0
MKD,ROU,0.0
MKD,RUS,0.0
MKD,RWA,0.0
MKD,SAU,0.0
MKD,SDN,0.0
MKD,SEN,0.0
MKD,SGP,1.0
MKD,SLB,0.0
MKD,SLE,0.0
MKD,SLV,0.0
MKD,SMR,1.0
MKD,SOM,0.0
MKD,SRB,0.0
MKD,SSD,0.0
MKD,STP,1.0
MKD,SUR,0.0
MKD,SVK,1.0
MKD,SVN,1.0
MKD,SWE,1.0
MKD,SWZ,0.0
MKD,SXM,1.0
MKD,SYC,1.0
MKD,SYR,0.0
MKD,TCA,1.0
MKD,TCD,0.0
MKD,TGO,0.0
MKD,THA,0.0
MKD,TJK,0.0
MKD,TKM,0.0
MKD,TLS,0.0
MKD,TON,1.0
MKD,TTO,0.0
MKD,TUN,0.0
MKD,TUR,0.0
MKD,TUV,1.0
MKD,TZA,0.0
MKD,UGA,0.0
MKD,UKR,0.0
MKD,URY,1.0
MKD,UZB,0.0
MKD,VCT,1.0
MKD,VEN,0.0
MKD,VNM,0.0
MKD,VUT,1.0
MKD,WSM,1.0
MKD,YEM,0.0
MKD,ZAF,0.0
MKD,ZMB,0.0
MKD,ZWE,0.0
MLI,ABW,0.0
MLI,AFG,1.0
MLI,AGO,1.0
MLI,ALB,0.0
MLI,AND,0.0
MLI,ARE,0.0
MLI,ARG,1.0
MLI,ARM,1.0
MLI,ASM,0.0
MLI,ATG,0.0
MLI,AUS,0.0
MLI,AUT,0.0
MLI,AZE,1.0
MLI,BDI,1.0
MLI,BEL,0.0
MLI,BEN,1.0
MLI,BFA,1.0
MLI,BGD,1.0
MLI,BGR,0.0
MLI,BHR,0.0
MLI,BHS,0.0
MLI,BIH,1.0
MLI,BLR,1.0
MLI,BLZ,0.0
MLI,BMU,0.0
MLI,BOL,1.0
MLI,BRA,1.0
MLI,BRB,0.0
MLI,BRN,0.0
MLI,BTN,0.0
MLI,BWA,0.0
MLI,CAF,1.0
MLI,CAN,0.0
MLI,CHE,0.0
MLI,CHL,0.0
MLI,CIV,1.0
MLI,CMR,1.0
MLI,COD,1.0
MLI,COG,1.0
MLI,COL,1.0
MLI,COM,1.0
MLI,CPV,0.0
MLI,CRI,0.0
MLI,CUB,1.0
MLI,CUW,0.0
MLI,CYM,0.0
MLI,CYP,0.0
MLI,CZE,0.0
MLI,DEU,0.0
MLI,DJI,0.0
MLI,DMA,0.0
MLI,DNK,0.0
MLI,DOM,1.0
MLI,DZA,1.0
MLI,ECU,1.0
MLI,EGY,1.0
MLI,ESP,0.0
MLI,EST,0.0
MLI,ETH,1.0
MLI,FIN,0.0
MLI,FJI,1.0
MLI,FRA,0.0
MLI,FRO,0.0
MLI,FSM,0.0
MLI,GAB,1.0
MLI,GBR,0.0
MLI,GEO,0.0
MLI,GHA,1.0
MLI,GIN,1.0
MLI,GMB,1.0
MLI,GNB,1.0
MLI,GNQ,1.0
MLI,GRC,0.0
MLI,GRD,0.0
MLI,GRL,0.0
MLI,GTM,1.0
MLI,GUM,0.0
MLI,GUY,1.0
MLI,HKG,0.0
MLI,HND,1.0
MLI,HRV,0.0
MLI,HTI,1.0
MLI,HUN,0.0
MLI,IDN,1.0
MLI,IND,1.0
MLI,IRL,0.0
MLI,IRN,1.0
MLI,IRQ,1.0
MLI,ISL,0.0
MLI,ISR,0.0
MLI,ITA,0.0
MLI,JAM,0.0
MLI,JOR,1.0
MLI,JPN,0.0
MLI,KAZ,1.0
MLI,KEN,1.0
MLI,KGZ,1.0
MLI,KHM,1.0
MLI,KIR,0.0
MLI,KNA,0.0
MLI,KOR,0.0
MLI,KWT,1.0
MLI,LAO,1.0
MLI,LBN,1.0
MLI,LBR,1.0
MLI,LBY,1.0
MLI,LCA,0.0
MLI,LKA,1.0
MLI,LSO,1.0
MLI,LTU,0.0
MLI,LUX,0.0
MLI,LVA,0.0
MLI,MAC,0.0
MLI,MAR,1.0
MLI,MDA,1.0
MLI,MDG,1.0
MLI,MDV,0.0
MLI,MEX,1.0
MLI,MHL,0.0
MLI,MKD,0.0
MLI,MLI,1.0
MLI,MLT,0.0
MLI,MMR,1.0
MLI,MNE,0.0
MLI,MNG,1.0
MLI,MNP,0.0
MLI,MOZ,1.0
MLI,MRT,1.0
MLI,MUS,0.0
MLI,MWI,1.0
MLI,MYS,1.0
MLI,NAM,0.0
MLI,NER,1.0
MLI,NGA,1.0
MLI,NIC,1.0
MLI,NLD,0.0
MLI,NOR,0.0
MLI,NPL,1.0
MLI,NRU,0.0
MLI,NZL,0.0
MLI,OMN,1.0
MLI,PAK,1.0
MLI,PAN,0.0
MLI,PER,1.0
MLI,PHL,1.0
MLI,PLW,0.0
MLI,PNG,1.0
MLI,POL,0.0
MLI,PRT,0.0
MLI,PRY,1.0
MLI,PSE,1.0
MLI,PYF,0.0
MLI,QAT,0.0
MLI,ROU,1.0
MLI,RUS,1.0
MLI,RWA,1.0
MLI,SAU,1.0
MLI,SDN,1.0
MLI,SEN,1.0
MLI,SGP,0.0
MLI,SLB,1.0
MLI,SLE,1.0
MLI,SLV,1.0
MLI,SMR,0.0
MLI,SOM,1.0
MLI,SRB,1.0
MLI,SSD,1.0
MLI,STP,0.0
MLI,SUR,1.0
MLI,SVK,0.0
MLI,SVN,0.0
MLI,SWE,0.0
MLI,SWZ,1.0
MLI,SXM,0.0
MLI,SYC,0.0
MLI,SYR,1.0
MLI,TCA,0.0
MLI,TCD,1.0
MLI,TGO,1.0
MLI,THA,1.0
MLI,TJK,1.0
MLI,TKM,1.0
MLI,TLS,1.0
MLI,TON,0.0
MLI,TTO,1.0
MLI,TUN,1.0
MLI,TUR,1.0
MLI,TUV,0.0
MLI,TZA,1.0
MLI,UGA,1.0
MLI,UKR,1.0
MLI,URY,0.0
MLI,UZB,1.0
MLI,VCT,0.0
MLI,VEN,1.0
MLI,VNM,1.0
MLI,VUT,0.0
MLI,WSM,0.0
MLI,YEM,1.0
MLI,ZAF,1.0
MLI,ZMB,1.0
MLI,ZWE,1.0
MLT,ABW,1.0
MLT,AFG,0.0
MLT,AGO,0.0
MLT,ALB,1.0
MLT,AND,1.0
MLT,ARE,1.0
MLT,ARG,0.0
MLT,ARM,0.0
MLT,ASM,1.0
MLT,ATG,1.0
MLT,AUS,1.0
MLT,AUT,1.0
MLT,AZE,0.0
MLT,BDI,0.0
MLT,BEL,1.0
MLT,BEN,0.0
MLT,BFA,0.0
MLT,BGD,0.0
MLT,BGR,1.0
MLT,BHR,1.0
MLT,BHS,1.0
MLT,BIH,0.0
MLT,BLR,0.0
MLT,BLZ,1.0
MLT,BMU,1.0
MLT,BOL,0.0
MLT,BRA,0.0
MLT,BRB,1.0
MLT,BRN,1.0
MLT,BTN,1.0
MLT,BWA,1.0
MLT,CAF,0.0
MLT,CAN,1.0
MLT,CHE,1.0
MLT,CHL,1.0
MLT,CIV,0.0
MLT,CMR,0.0
MLT,COD,0.0
MLT,COG,0.0
MLT,COL,0.0
MLT,COM,0.0
MLT,CPV,1.0
MLT,CRI,1.0
MLT,CUB,0.0
MLT,CUW,1.0
MLT,CYM,1.0
MLT,CYP,1.0
MLT,CZE,1.0
MLT,DEU,1.0
MLT,DJI,1.0
MLT,DMA,1.0
MLT,DNK,1.0
MLT,DOM,0.0
MLT,DZA,0.0
MLT,ECU,0.0
MLT,EGY,0.0
MLT,ESP,1.0
MLT,EST,1.0
MLT,ETH,0.0
MLT,FIN,1.0
MLT,FJI,0.0
MLT,FRA,1.0
MLT,FRO,1.0
MLT,FSM,1.0
MLT,GAB,0.0
MLT,GBR,1.0
MLT,GEO,1.0
MLT,GHA,0.0
MLT,GIN,0.0
MLT,GMB,0.0
MLT,GNB,0.0
MLT,GNQ,0.0
MLT,GRC,1.0
MLT,GRD,1.0
MLT,GRL,1.0
MLT,GTM,0.0
MLT,GUM,1.0
MLT,GUY,0.0
MLT,HKG,1.0
MLT,HND,0.0
MLT,HRV,1.0
MLT,HTI,0.0
MLT,HUN,1.0
MLT,IDN,0.0
MLT,IND,0.0
MLT,IRL,1.0
MLT,IRN,0.0
MLT,IRQ,0.0
MLT,ISL,1.0
MLT,ISR,1.0
MLT,ITA,1.0
MLT,JAM,1.0
MLT,JOR,0.0
MLT,JPN,1.0
MLT,KAZ,0.0
MLT,KEN,0.0
MLT,KGZ,0.0
MLT,KHM,0.0
MLT,KIR,1.0
MLT,KNA,1.0
MLT,KOR,1.0
MLT,KWT,0.0
MLT,LAO,0.0
MLT,LBN,0.0
MLT,LBR,0.0
MLT,LBY,0.0
MLT,LCA,1.0
MLT,LKA,0.0
MLT,LSO,0.0
MLT,LTU,1.0
MLT,LUX,1.0
MLT,LVA,1.0
MLT,MAC,1.0
MLT,MAR,0.0
MLT,MDA,0.0
MLT,MDG,0.0
MLT,MDV,1.0
MLT,MEX,0.0
MLT,MHL,1.0
MLT,MKD,1.0
MLT,MLI,0.0
MLT,MLT,1.0
MLT,MMR,0.0
MLT,MNE,1.0
MLT,MNG,0.0
MLT,MNP,1.0
MLT,MOZ,0.0
MLT,MRT,0.0
MLT,MUS,1.0
MLT,MWI,0.0
MLT,MYS,0.0
MLT,NAM,1.0
MLT,NER,0.0
MLT,NGA,0.0
MLT,NIC,0.0
MLT,NLD,1.0
MLT,NOR,1.0
MLT,NPL,0.0
MLT,NRU,1.0
MLT,NZL,1.0
MLT,OMN,0.0
MLT,PAK,0.0
MLT,PAN,1.0
MLT,PER,0.0
MLT,PHL,0.0
MLT,PLW,1.0
MLT,PNG,0.0
MLT,POL,1.0
MLT,PRT,1.0
MLT,PRY,0.0
MLT,PSE,0.0
MLT,PYF,1.0
MLT,QAT,1.0
MLT,ROU,0.0
MLT,RUS,0.0
MLT,RWA,0.0
MLT,SAU,0.0
MLT,SDN,0.0
MLT,SEN,0.0
MLT,SGP,1.0
MLT,SLB,0.0
MLT,SLE,0.0
MLT,SLV,0.0
MLT,SMR,1.0
MLT,SOM,0.0
MLT,SRB,0.0
MLT,SSD,0.0
MLT,STP,1.0
MLT,SUR,0.0
MLT,SVK,1.0
MLT,SVN,1.0
MLT,SWE,1.0
MLT,SWZ,0.0
MLT,SXM,1.0
MLT,SYC,1.0
MLT,SYR,0.0
MLT,TCA,1.0
MLT,TCD,0.0
MLT,TGO,0.0
MLT,THA,0.0
MLT,TJK,0.0
MLT,TKM,0.0
MLT,TLS,0.0
MLT,TON,1.0
MLT,TTO,0.0
MLT,TUN,0.0
MLT,TUR,0.0
MLT,TUV,1.0
MLT,TZA,0.0
MLT,UGA,0.0
MLT,UKR,0.0
MLT,URY,1.0
MLT,UZB,0.0
MLT,VCT,1.0
MLT,VEN,0.0
MLT,VNM,0.0
MLT,VUT,1.0
MLT,WSM,1.0
MLT,YEM,0.0
MLT,ZAF,0.0
MLT,ZMB,0.0
MLT,ZWE,0.0
MMR,ABW,0.0
MMR,AFG,1.0
MMR,AGO,1.0
MMR,ALB,0.0
MMR,AND,0.0
MMR,ARE,0.0
MMR,ARG,1.0
MMR,ARM,1.0
MMR,ASM,0.0
MMR,ATG,0.0
MMR,AUS,0.0
MMR,AUT,0.0
MMR,AZE,1.0
MMR,BDI,1.0
MMR,BEL,0.0
MMR,BEN,1.0
MMR,BFA,1.0
MMR,BGD,1.0
MMR,BGR,0.0
MMR,BHR,0.0
MMR,BHS,0.0
MMR,BIH,1.0
MMR,BLR,1.0
MMR,BLZ,0.0
MMR,BMU,0.0
MMR,BOL,1.0
MMR,BRA,1.0
MMR,BRB,0.0
MMR,BRN,0.0
MMR,BTN,0.0
MMR,BWA,0.0
MMR,CAF,1.0
MMR,CAN,0.0
MMR,CHE,0.0
MMR,CHL,0.0
MMR,CIV,1.0
MMR,CMR,1.0
MMR,COD,1.0
MMR,COG,1.0
MMR,COL,1.0
MMR,COM,1.0
MMR,CPV,0.0
MMR,CRI,0.0
MMR,CUB,1.0
MMR,CUW,0.0
MMR,CYM,0.0
MMR,CYP,0.0
MMR,CZE,0.0
MMR,DEU,0.0
MMR,DJI,0.0
MMR,DMA,0.0
MMR,DNK,0.0
MMR,DOM,1.0
MMR,DZA,1.0
MMR,ECU,1.0
MMR,EGY,1.0
MMR,ESP,0.0
MMR,EST,0.0
MMR,ETH,1.0
MMR,FIN,0.0
MMR,FJI,1.0
MMR,FRA,0.0
MMR,FRO,0.0
MMR,FSM,0.0
MMR,GAB,1.0
MMR,GBR,0.0
MMR,GEO,0.0
MMR,GHA,1.0
MMR,GIN,1.0
MMR,GMB,1.0
MMR,GNB,1.0
MMR,GNQ,1.0
MMR,GRC,0.0
MMR,GRD,0.0
MMR,GRL,0.0
MMR,GTM,1.0
MMR,GUM,0.0
MMR,GUY,1.0
MMR,HKG,0.0
MMR,HND,1.0
MMR,HRV,0.0
MMR,HTI,1.0
MMR,HUN,0.0
MMR,IDN,1.0
MMR,IND,1.0
MMR,IRL,0.0
MMR,IRN,1.0
MMR,IRQ,1.0
MMR,ISL,0.0
MMR,ISR,0.0
MMR,ITA,0.0
MMR,JAM,0.0
MMR,JOR,1.0
MMR,JPN,0.0
MMR,KAZ,1.0
MMR,KEN,1.0
MMR,KGZ,1.0
MMR,KHM,1.0
MMR,KIR,0.0
MMR,KNA,0.0
MMR,KOR,0.0
MMR,KWT,1.0
MMR,LAO,1.0
MMR,LBN,1.0
MMR,LBR,1.0
MMR,LBY,1.0
MMR,LCA,0.0
MMR,LKA,1.0
MMR,LSO,1.0
MMR,LTU,0.0
MMR,LUX,0.0
MMR,LVA,0.0
MMR,MAC,0.0
MMR,MAR,1.0
MMR,MDA,1.0
MMR,MDG,1.0
MMR,MDV,0.0
MMR,MEX,1.0
MMR,MHL,0.0
MMR,MKD,0.0
MMR,MLI,1.0
MMR,MLT,0.0
MMR,MMR,1.0
MMR,MNE,0.0
MMR,MNG,1.0
MMR,MNP,0.0
MMR,MOZ,1.0
MMR,MRT,1.0
MMR,MUS,0.0
MMR,MWI,1.0
MMR,MYS,1.0
MMR,NAM,0.0
MMR,NER,1.0
MMR,NGA,1.0
MMR,NIC,1.0
MMR,NLD,0.0
MMR,NOR,0.0
MMR,NPL,1.0
MMR,NRU,0.0
MMR,NZL,0.0
MMR,OMN,1.0
MMR,PAK,1.0
MMR,PAN,0.0
MMR,PER,1.0
MMR,PHL,1.0
MMR,PLW,0.0
MMR,PNG,1.0
MMR,POL,0.0
MMR,PRT,0.0
MMR,PRY,1.0
MMR,PSE,1.0
MMR,PYF,0.0
MMR,QAT,0.0
MMR,ROU,1.0
MMR,RUS,1.0
MMR,RWA,1.0
MMR,SAU,1.0
MMR,SDN,1.0
MMR,SEN,1.0
MMR,SGP,0.0
MMR,SLB,1.0
MMR,SLE,1.0
MMR,SLV,1.0
MMR,SMR,0.0
MMR,SOM,1.0
MMR,SRB,1.0
MMR,SSD,1.0
MMR,STP,0.0
MMR,SUR,1.0
MMR,SVK,0.0
MMR,SVN,0.0
MMR,SWE,0.0
MMR,SWZ,1.0
MMR,SXM,0.0
MMR,SYC,0.0
MMR,SYR,1.0
MMR,TCA,0.0
MMR,TCD,1.0
MMR,TGO,1.0
MMR,THA,1.0
MMR,TJK,1.0
MMR,TKM,1.0
MMR,TLS,1.0
MMR,TON,0.0
MMR,TTO,1.0
MMR,TUN,1.0
MMR,TUR,1.0
MMR,TUV,0.0
MMR,TZA,1.0
MMR,UGA,1.0
MMR,UKR,1.0
MMR,URY,0.0
MMR,UZB,1.0
MMR,VCT,0.0
MMR,VEN,1.0
MMR,VNM,1.0
MMR,VUT,0.0
MMR,WSM,0.0
MMR,YEM,1.0
MMR,ZAF,1.0
MMR,ZMB,1.0
MMR,ZWE,1.0
MNE,ABW,1.0
MNE,AFG,0.0
MNE,AGO,0.0
MNE,ALB,1.0
MNE,AND,1.0
MNE,ARE,1.0
MNE,ARG,0.0
MNE,ARM,0.0
MNE,ASM,1.0
MNE,ATG,1.0
MNE,AUS,1.0
MNE,AUT,1.0
MNE,AZE,0.0
MNE,BDI,0.0
MNE,BEL,1.0
MNE,BEN,0.0
MNE,BFA,0.0
MNE,BGD,0.0
MNE,BGR,1.0
MNE,BHR,1.0
MNE,BHS,1.0
MNE,BIH,0.0
MNE,BLR,0.0
MNE,BLZ,1.0
MNE,BMU,1.0
MNE,BOL,0.0
MNE,BRA,0.0
MNE,BRB,1.0
MNE,BRN,1.0
MNE,BTN,1.0
MNE,BWA,1.0
MNE,CAF,0.0
MNE,CAN,1.0
MNE,CHE,1.0
MNE,CHL,1.0
MNE,CIV,0.0
MNE,CMR,0.0
MNE,COD,0.0
MNE,COG,0.0
MNE,COL,0.0
MNE,COM,0.0
MNE,CPV,1.0
MNE,CRI,1.0
MNE,CUB,0.0
MNE,CUW,1.0
MNE,CYM,1.0
MNE,CYP,1.0
MNE,CZE,1.0
MNE,DEU,1.0
MNE,DJI,1.0
MNE,DMA,1.0
MNE,DNK,1.0
MNE,DOM,0.0
MNE,DZA,0.0
MNE,ECU,0.0
MNE,EGY,0.0
MNE,ESP,1.0
MNE,EST,1.0
MNE,ETH,0.0
MNE,FIN,1.0
MNE,FJI,0.0
MNE,FRA,1.0
MNE,FRO,1.0
MNE,FSM,1.0
MNE,GAB,0.0
MNE,GBR,1.0
MNE,GEO,1.0
MNE,GHA,0.0
MNE,GIN,0.0
MNE,GMB,0.0
MNE,GNB,0.0
MNE,GNQ,0.0
MNE,GRC,1.0
MNE,GRD,1.0
MNE,GRL,1.0
MNE,GTM,0.0
MNE,GUM,1.0
MNE,GUY,0.0
MNE,HKG,1.0
MNE,HND,0.0
MNE,HRV,1.0
MNE,HTI,0.0
MNE,HUN,1.0
MNE,IDN,0.0
MNE,IND,0.0
MNE,IRL,1.0
MNE,IRN,0.0
MNE,IRQ,0.0
MNE,ISL,1.0
MNE,ISR,1.0
MNE,ITA,1.0
MNE,JAM,1.0
MNE,JOR,0.0
MNE,JPN,1.0
MNE,KAZ,0.0
MNE,KEN,0.0
MNE,KGZ,0.0
MNE,KHM,0.0
MNE,KIR,1.0
MNE,KNA,1.0
MNE,KOR,1.0
MNE,KWT,0.0
MNE,LAO,0.0
MNE,LBN,0.0
MNE,LBR,0.0
MNE,LBY,0.0
MNE,LCA,1.0
MNE,LKA,0.0
MNE,LSO,0.0
MNE,LTU,1.0
MNE,LUX,1.0
MNE,LVA,1.0
MNE,MAC,1.0
MNE,MAR,0.0
MNE,MDA,0.0
MNE,MDG,0.0
MNE,MDV,1.0
MNE,MEX,0.0
MNE,MHL,1.0
MNE,MKD,1.0
MNE,MLI,0.0
MNE,MLT,1.0
MNE,MMR,0.0
MNE,MNE,1.0
MNE,MNG,0.0
MNE,MNP,1.0
MNE,MOZ,0.0
MNE,MRT,0.0
MNE,MUS,1.0
MNE,MWI,0.0
MNE,MYS,0.0
MNE,NAM,1.0
MNE,NER,0.0
MNE,NGA,0.0
MNE,NIC,0.0
MNE,NLD,1.0
MNE,NOR,1.0
MNE,NPL,0.0
MNE,NRU,1.0
MNE,NZL,1.0
MNE,OMN,0.0
MNE,PAK,0.0
MNE,PAN,1.0
MNE,PER,0.0
MNE,PHL,0.0
MNE,PLW,1.0
MNE,PNG,0.0
MNE,POL,1.0
MNE,PRT,1.0
MNE,PRY,0.0
MNE,PSE,0.0
MNE,PYF,1.0
MNE,QAT,1.0
MNE,ROU,0.0
MNE,RUS,0.0
MNE,RWA,0.0
MNE,SAU,0.0
MNE,SDN,0.0
MNE,SEN,0.0
MNE,SGP,1.0
MNE,SLB,0.0
MNE,SLE,0.0
MNE,SLV,0.0
MNE,SMR,1.0
MNE,SOM,0.0
MNE,SRB,0.0
MNE,SSD,0.0
MNE,STP,1.0
MNE,SUR,0.0
MNE,SVK,1.0
MNE,SVN,1.0
MNE,SWE,1.0
MNE,SWZ,0.0
MNE,SXM,1.0
MNE,SYC,1.0
MNE,SYR,0.0
MNE,TCA,1.0
MNE,TCD,0.0
MNE,TGO,0.0
MNE,THA,0.0
MNE,TJK,0.0
MNE,TKM,0.0
MNE,TLS,0.0
MNE,TON,1.0
MNE,TTO,0.0
MNE,TUN,0.0
MNE,TUR,0.0
MNE,TUV,1.0
MNE,TZA,0.0
MNE,UGA,0.0
MNE,UKR,0.0
MNE,URY,1.0
MNE,UZB,0.0
MNE,VCT,1.0
MNE,VEN,0.0
MNE,VNM,0.0
MNE,VUT,1.0
MNE,WSM,1.0
MNE,YEM,0.0
MNE,ZAF,0.0
MNE,ZMB,0.0
MNE,ZWE,0.0
MNG,ABW,0.0
MNG,AFG,1.0
MNG,AGO,1.0
MNG,ALB,0.0
MNG,AND,0.0
MNG,ARE,0.0
MNG,ARG,1.0
MNG,ARM,1.0
MNG,ASM,0.0
MNG,ATG,0.0
MNG,AUS,0.0
MNG,AUT,0.0
MNG,AZE,1.0
MNG,BDI,1.0
MNG,BEL,0.0
MNG,BEN,1.0
MNG,BFA,1.0
MNG,BGD,1.0
MNG,BGR,0.0
MNG,BHR,0.0
MNG,BHS,0.0
MNG,BIH,1.0
MNG,BLR,1.0
MNG,BLZ,0.0
MNG,BMU,0.0
MNG,BOL,1.0
MNG,BRA,1.0
MNG,BRB,0.0
MNG,BRN,0.0
MNG,BTN,0.0
MNG,BWA,0.0
MNG,CAF,1.0
MNG,CAN,0.0
MNG,CHE,0.0
MNG,CHL,0.0
MNG,CIV,1.0
MNG,CMR,1.0
MNG,COD,1.0
MNG,COG,1.0
MNG,COL,1.0
MNG,COM,1.0
MNG,CPV,0.0
MNG,CRI,0.0
MNG,CUB,1.0
MNG,CUW,0.0
MNG,CYM,0.0
MNG,CYP,0.0
MNG,CZE,0.0
MNG,DEU,0.0
MNG,DJI,0.0
MNG,DMA,0.0
MNG,DNK,0.0
MNG,DOM,1.0
MNG,DZA,1.0
MNG,ECU,1.0
MNG,EGY,1.0
MNG,ESP,0.0
MNG,EST,0.0
MNG,ETH,1.0
MNG,FIN,0.0
MNG,FJI,1.0
MNG,FRA,0.0
MNG,FRO,0.0
MNG,FSM,0.0
MNG,GAB,1.0
MNG,GBR,0.0
MNG,GEO,0.0
MNG,GHA,1.0
MNG,GIN,1.0
MNG,GMB,1.0
MNG,GNB,1.0
MNG,GNQ,1.0
MNG,GRC,0.0
MNG,GRD,0.0
MNG,GRL,0.0
MNG,GTM,1.0
MNG,GUM,0.0
MNG,GUY,1.0
MNG,HKG,0.0
MNG,HND,1.0
MNG,HRV,0.0
MNG,HTI,1.0
MNG,HUN,0.0
MNG,IDN,1.0
MNG,IND,1.0
MNG,IRL,0.0
MNG,IRN,1.0
MNG,IRQ,1.0
MNG,ISL,0.0
MNG,ISR,0.0
MNG,ITA,0.0
MNG,JAM,0.0
MNG,JOR,1.0
MNG,JPN,0.0
MNG,KAZ,1.0
MNG,KEN,1.0
MNG,KGZ,1.0
MNG,KHM,1.0
MNG,KIR,0.0
MNG,KNA,0.0
MNG,KOR,0.0
MNG,KWT,1.0
MNG,LAO,1.0
MNG,LBN,1.0
MNG,LBR,1.0
MNG,LBY,1.0
MNG,LCA,0.0
MNG,LKA,1.0
MNG,LSO,1.0
MNG,LTU,0.0
MNG,LUX,0.0
MNG,LVA,0.0
MNG,MAC,0.0
MNG,MAR,1.0
MNG,MDA,1.0
MNG,MDG,1.0
MNG,MDV,0.0
MNG,MEX,1.0
MNG,MHL,0.0
MNG,MKD,0.0
MNG,MLI,1.0
MNG,MLT,0.0
MNG,MMR,1.0
MNG,MNE,0.0
MNG,MNG,1.0
MNG,MNP,0.0
MNG,MOZ,1.0
MNG,MRT,1.0
MNG,MUS,0.0
MNG,MWI,1.0
MNG,MYS,1.0
MNG,NAM,0.0
MNG,NER,1.0
MNG,NGA,1.0
MNG,NIC,1.0
MNG,NLD,0.0
MNG,NOR,0.0
MNG,NPL,1.0
MNG,NRU,0.0
MNG,NZL,0.0
MNG,OMN,1.0
MNG,PAK,1.0
MNG,PAN,0.0
MNG,PER,1.0
MNG,PHL,1.0
MNG,PLW,0.0
MNG,PNG,1.0
MNG,POL,0.0
MNG,PRT,0.0
MNG,PRY,1.0
MNG,PSE,1.0
MNG,PYF,0.0
MNG,QAT,0.0
MNG,ROU,1.0
MNG,RUS,1.0
MNG,RWA,1.0
MNG,SAU,1.0
MNG,SDN,1.0
MNG,SEN,1.0
MNG,SGP,0.0
MNG,SLB,1.0
MNG,SLE,1.0
MNG,SLV,1.0
MNG,SMR,0.0
MNG,SOM,1.0
MNG,SRB,1.0
MNG,SSD,1.0
MNG,STP,0.0
MNG,SUR,1.0
MNG,SVK,0.0
MNG,SVN,0.0
MNG,SWE,0.0
MNG,SWZ,1.0
MNG,SXM,0.0
MNG,SYC,0.0
MNG,SYR,1.0
MNG,TCA,0.0
MNG,TCD,1.0
MNG,TGO,1.0
MNG,THA,1.0
MNG,TJK,1.0
MNG,TKM,1.0
MNG,TLS,1.0
MNG,TON,0.0
MNG,TTO,1.0
MNG,TUN,1.0
MNG,TUR,1.0
MNG,TUV,0.0
MNG,TZA,1.0
MNG,UGA,1.0
MNG,UKR,1.0
MNG,URY,0.0
MNG,UZB,1.0
MNG,VCT,0.0
MNG,VEN,1.0
MNG,VNM,1.0
MNG,VUT,0.0
MNG,WSM,0.0
MNG,YEM,1.0
MNG,ZAF,1.0
MNG,ZMB,1.0
MNG,ZWE,1.0
MNP,ABW,1.0
MNP,AFG,0.0
MNP,AGO,0.0
MNP,ALB,1.0
MNP,AND,1.0
MNP,ARE,1.0
MNP,ARG,0.0
MNP,ARM,0.0
MNP,ASM,1.0
MNP,ATG,1.0
MNP,AUS,1.0
MNP,AUT,1.0
MNP,AZE,0.0
MNP,BDI,0.0
MNP,BEL,1.0
MNP,BEN,0.0
MNP,BFA,0.0
MNP,BGD,0.0
MNP,BGR,1.0
MNP,BHR,1.0
MNP,BHS,1.0
MNP,BIH,0.0
MNP,BLR,0.0
MNP,BLZ,1.0
MNP,BMU,1.0
MNP,BOL,0.0
MNP,BRA,0.0
MNP,BRB,1.0
MNP,BRN,1.0
MNP,BTN,1.0
MNP,BWA,1.0
MNP,CAF,0.0
MNP,CAN,1.0
MNP,CHE,1.0
MNP,CHL,1.0
MNP,CIV,0.0
MNP,CMR,0.0
MNP,COD,0.0
MNP,COG,0.0
MNP,COL,0.0
MNP,COM,0.0
MNP,CPV,1.0
MNP,CRI,1.0
MNP,CUB,0.0
MNP,CUW,1.0
MNP,CYM,1.0
MNP,CYP,1.0
MNP,CZE,1.0
MNP,DEU,1.0
MNP,DJI,1.0
MNP,DMA,1.0
MNP,DNK,1.0
MNP,DOM,0.0
MNP,DZA,0.0
MNP,ECU,0.0
MNP,EGY,0.0
MNP,ESP,1.0
MNP,EST,1.0
MNP,ETH,0.0
MNP,FIN,1.0
MNP,FJI,0.0
MNP,FRA,1.0
MNP,FRO,1.0
MNP,FSM,1.0
MNP,GAB,0.0
MNP,GBR,1.0
MNP,GEO,1.0
MNP,GHA,0.0
MNP,GIN,0.0
MNP,GMB,0.0
MNP,GNB,0.0
MNP,GNQ,0.0
MNP,GRC,1.0
MNP,GRD,1.0
MNP,GRL,1.0
MNP,GTM,0.0
MNP,GUM,1.0
MNP,GUY,0.0
MNP,HKG,1.0
MNP,HND,0.0
MNP,HRV,1.0
MNP,HTI,0.0
MNP,HUN,1.0
MNP,IDN,0.0
MNP,IND,0.0
MNP,IRL,1.0
MNP,IRN,0.0
MNP,IRQ,0.0
MNP,ISL,1.0
MNP,ISR,1.0
MNP,ITA,1.0
MNP,JAM,1.0
MNP,JOR,0.0
MNP,JPN,1.0
MNP,KAZ,0.0
MNP,KEN,0.0
MNP,KGZ,0.0
MNP,KHM,0.0
MNP,KIR,1.0
MNP,KNA,1.0
MNP,KOR,1.0
MNP,KWT,0.0
MNP,LAO,0.0
MNP,LBN,0.0
MNP,LBR,0.0
MNP,LBY,0.0
MNP,LCA,1.0
MNP,LKA,0.0
MNP,LSO,0.0
MNP,LTU,1.0
MNP,LUX,1.0
MNP,LVA,1.0
MNP,MAC,1.0
MNP,MAR,0.0
MNP,MDA,0.0
MNP,MDG,0.0
MNP,MDV,1.0
MNP,MEX,0.0
MNP,MHL,1.0
MNP,MKD,1.0
MNP,MLI,0.0
MNP,MLT,1.0
MNP,MMR,0.0
MNP,MNE,1.0
MNP,MNG,0.0
MNP,MNP,1.0
MNP,MOZ,0.0
MNP,MRT,0.0
MNP,MUS,1.0
MNP,MWI,0.0
MNP,MYS,0.0
MNP,NAM,1.0
MNP,NER,0.0
MNP,NGA,0.0
MNP,NIC,0.0
MNP,NLD,1.0
MNP,NOR,1.0
MNP,NPL,0.0
MNP,NRU,1.0
MNP,NZL,1.0
MNP,OMN,0.0
MNP,PAK,0.0
MNP,PAN,1.0
MNP,PER,0.0
MNP,PHL,0.0
MNP,PLW,1.0
MNP,PNG,0.0
MNP,POL,1.0
MNP,PRT,1.0
MNP,PRY,0.0
MNP,PSE,0.0
MNP,PYF,1.0
MNP,QAT,1.0
MNP,ROU,0.0
MNP,RUS,0.0
MNP,RWA,0.0
MNP,SAU,0.0
MNP,SDN,0.0
MNP,SEN,0.0
MNP,SGP,1.0
MNP,SLB,0.0
MNP,SLE,0.0
MNP,SLV,0.0
MNP,SMR,1.0
MNP,SOM,0.0
MNP,SRB,0.0
MNP,SSD,0.0
MNP,STP,1.0
MNP,SUR,0.0
MNP,SVK,1.0
MNP,SVN,1.0
MNP,SWE,1.0
MNP,SWZ,0.0
MNP,SXM,1.0
MNP,SYC,1.0
MNP,SYR,0.0
MNP,TCA,1.0
MNP,TCD,0.0
MNP,TGO,0.0
MNP,THA,0.0
MNP,TJK,0.0
MNP,TKM,0.0
MNP,TLS,0.0
MNP,TON,1.0
MNP,TTO,0.0
MNP,TUN,0.0
MNP,TUR,0.0
MNP,TUV,1.0
MNP,TZA,0.0
MNP,UGA,0.0
MNP,UKR,0.0
MNP,URY,1.0
MNP,UZB,0.0
MNP,VCT,1.0
MNP,VEN,0.0
MNP,VNM,0.0
MNP,VUT,1.0
MNP,WSM,1.0
MNP,YEM,0.0
MNP,ZAF,0.0
MNP,ZMB,0.0
MNP,ZWE,0.0
MOZ,ABW,0.0
MOZ,AFG,1.0
MOZ,AGO,1.0
MOZ,ALB,0.0
MOZ,AND,0.0
MOZ,ARE,0.0
MOZ,ARG,1.0
MOZ,ARM,1.0
MOZ,ASM,0.0
MOZ,ATG,0.0
MOZ,AUS,0.0
MOZ,AUT,0.0
MOZ,AZE,1.0
MOZ,BDI,1.0
MOZ,BEL,0.0
MOZ,BEN,1.0
MOZ,BFA,1.0
MOZ,BGD,1.0
MOZ,BGR,0.0
MOZ,BHR,0.0
MOZ,BHS,0.0
MOZ,BIH,1.0
MOZ,BLR,1.0
MOZ,BLZ,0.0
MOZ,BMU,0.0
MOZ,BOL,1.0
MOZ,BRA,1.0
MOZ,BRB,0.0
MOZ,BRN,0.0
MOZ,BTN,0.0
MOZ,BWA,0.0
MOZ,CAF,1.0
MOZ,CAN,0.0
MOZ,CHE,0.0
MOZ,CHL,0.0
MOZ,CIV,1.0
MOZ,CMR,1.0
MOZ,COD,1.0
MOZ,COG,1.0
MOZ,COL,1.0
MOZ,COM,1.0
MOZ,CPV,0.0
MOZ,CRI,0.0
MOZ,CUB,1.0
MOZ,CUW,0.0
MOZ,CYM,0.0
MOZ,CYP,0.0
MOZ,CZE,0.0
MOZ,DEU,0.0
MOZ,DJI,0.0
MOZ,DMA,0.0
MOZ,DNK,0.0
MOZ,DOM,1.0
MOZ,DZA,1.0
MOZ,ECU,1.0
MOZ,EGY,1.0
MOZ,ESP,0.0
MOZ,EST,0.0
MOZ,ETH,1.0
MOZ,FIN,0.0
MOZ,FJI,1.0
MOZ,FRA,0.0
MOZ,FRO,0.0
MOZ,FSM,0.0
MOZ,GAB,1.0
MOZ,GBR,0.0
MOZ,GEO,0.0
MOZ,GHA,1.0
MOZ,GIN,1.0
MOZ,GMB,1.0
MOZ,GNB,1.0
MOZ,GNQ,1.0
MOZ,GRC,0.0
MOZ,GRD,0.0
MOZ,GRL,0.0
MOZ,GTM,1.0
MOZ,GUM,0.0
MOZ,GUY,1.0
MOZ,HKG,0.0
MOZ,HND,1.0
MOZ,HRV,0.0
MOZ,HTI,1.0
MOZ,HUN,0.0
MOZ,IDN,1.0
MOZ,IND,1.0
MOZ,IRL,0.0
MOZ,IRN,1.0
MOZ,IRQ,1.0
MOZ,ISL,0.0
MOZ,ISR,0.0
MOZ,ITA,0.0
MOZ,JAM,0.0
MOZ,JOR,1.0
MOZ,JPN,0.0
MOZ,KAZ,1.0
MOZ,KEN,1.0
MOZ,KGZ,1.0
MOZ,KHM,1.0
MOZ,KIR,0.0
MOZ,KNA,0.0
MOZ,KOR,0.0
MOZ,KWT,1.0
MOZ,LAO,1.0
MOZ,LBN,1.0
MOZ,LBR,1.0
MOZ,LBY,1.0
MOZ,LCA,0.0
MOZ,LKA,1.0
MOZ,LSO,1.0
MOZ,LTU,0.0
MOZ,LUX,0.0
MOZ,LVA,0.0
MOZ,MAC,0.0
MOZ,MAR,1.0
MOZ,MDA,1.0
MOZ,MDG,1.0
MOZ,MDV,0.0
MOZ,MEX,1.0
MOZ,MHL,0.0
MOZ,MKD,0.0
MOZ,MLI,1.0
MOZ,MLT,0.0
MOZ,MMR,1.0
MOZ,MNE,0.0
MOZ,MNG,1.0
MOZ,MNP,0.0
MOZ,MOZ,1.0
MOZ,MRT,1.0
MOZ,MUS,0.0
MOZ,MWI,1.0
MOZ,MYS,1.0
MOZ,NAM,0.0
MOZ,NER,1.0
MOZ,NGA,1.0
MOZ,NIC,1.0
MOZ,NLD,0.0
MOZ,NOR,0.0
MOZ,NPL,1.0
MOZ,NRU,0.0
MOZ,NZL,0.0
MOZ,OMN,1.0
MOZ,PAK,1.0
MOZ,PAN,0.0
MOZ,PER,1.0
MOZ,PHL,1.0
MOZ,PLW,0.0
MOZ,PNG,1.0
MOZ,POL,0.0
MOZ,PRT,0.0
MOZ,PRY,1.0
MOZ,PSE,1.0
MOZ,PYF,0.0
MOZ,QAT,0.0
MOZ,ROU,1.0
MOZ,RUS,1.0
MOZ,RWA,1.0
MOZ,SAU,1.0
MOZ,SDN,1.0
MOZ,SEN,1.0
MOZ,SGP,0.0
MOZ,SLB,1.0
MOZ,SLE,1.0
MOZ,SLV,1.0
MOZ,SMR,0.0
MOZ,SOM,1.0
MOZ,SRB,1.0
MOZ,SSD,1.0
MOZ,STP,0.0
MOZ,SUR,1.0
MOZ,SVK,0.0
MOZ,SVN,0.0
MOZ,SWE,0.0
MOZ,SWZ,1.0
MOZ,SXM,0.0
MOZ,SYC,0.0
MOZ,SYR,1.0
MOZ,TCA,0.0
MOZ,TCD,1.0
MOZ,TGO,1.0
MOZ,THA,1.0
MOZ,TJK,1.0
MOZ,TKM,1.0
MOZ,TLS,1.0
MOZ,TON,0.0
MOZ,TTO,1.0
MOZ,TUN,1.0
MOZ,TUR,1.0
MOZ,TUV,0.0
MOZ,TZA,1.0
MOZ,UGA,1.0
MOZ,UKR,1.0
MOZ,URY,0.0
MOZ,UZB,1.0
MOZ,VCT,0.0
MOZ,VEN,1.0
MOZ,VNM,1.0
MOZ,VUT,0.0
MOZ,WSM,0.0
MOZ,YEM,1.0
MOZ,ZAF,1.0
MOZ,ZMB,1.0
MOZ,ZWE,1.0
MRT,ABW,0.0
MRT,AFG,1.0
MRT,AGO,1.0
MRT,ALB,0.0
MRT,AND,0.0
MRT,ARE,0.0
MRT,ARG,1.0
MRT,ARM,1.0
MRT,ASM,0.0
MRT,ATG,0.0
MRT,AUS,0.0
MRT,AUT,0.0
MRT,AZE,1.0
MRT,BDI,1.0
MRT,BEL,0.0
MRT,BEN,1.0
MRT,BFA,1.0
MRT,BGD,1.0
MRT,BGR,0.0
MRT,BHR,0.0
MRT,BHS,0.0
MRT,BIH,1.0
MRT,BLR,1.0
MRT,BLZ,0.0
MRT,BMU,0.0
MRT,BOL,1.0
MRT,BRA,1.0
MRT,BRB,0.0
MRT,BRN,0.0
MRT,BTN,0.0
MRT,BWA,0.0
MRT,CAF,1.0
MRT,CAN,0.0
MRT,CHE,0.0
MRT,CHL,0.0
MRT,CIV,1.0
MRT,CMR,1.0
MRT,COD,1.0
MRT,COG,1.0
MRT,COL,1.0
MRT,COM,1.0
MRT,CPV,0.0
MRT,CRI,0.0
MRT,CUB,1.0
MRT,CUW,0.0
MRT,CYM,0.0
MRT,CYP,0.0
MRT,CZE,0.0
MRT,DEU,0.0
MRT,DJI,0.0
MRT,DMA,0.0
MRT,DNK,0.0
MRT,DOM,1.0
MRT,DZA,1.0
MRT,ECU,1.0
MRT,EGY,1.0
MRT,ESP,0.0
MRT,EST,0.0
MRT,ETH,1.0
MRT,FIN,0.0
MRT,FJI,1.0
MRT,FRA,0.0
MRT,FRO,0.0
MRT,FSM,0.0
MRT,GAB,1.0
MRT,GBR,0.0
MRT,GEO,0.0
MRT,GHA,1.0
MRT,GIN,1.0
MRT,GMB,1.0
MRT,GNB,1.0
MRT,GNQ,1.0
MRT,GRC,0.0
MRT,GRD,0.0
MRT,GRL,0.0
MRT,GTM,1.0
MRT,GUM,0.0
MRT,GUY,1.0
MRT,HKG,0.0
MRT,HND,1.0
MRT,HRV,0.0
MRT,HTI,1.0
MRT,HUN,0.0
MRT,IDN,1.0
MRT,IND,1.0
MRT,IRL,0.0
MRT,IRN,1.0
MRT,IRQ,1.0
MRT,ISL,0.0
MRT,ISR,0.0
MRT,ITA,0.0
MRT,JAM,0.0
MRT,JOR,1.0
MRT,JPN,0.0
MRT,KAZ,1.0
MRT,KEN,1.0
MRT,KGZ,1.0
MRT,KHM,1.0
MRT,KIR,0.0
MRT,KNA,0.0
MRT,KOR,0.0
MRT,KWT,1.0
MRT,LAO,1.0
MRT,LBN,1.0
MRT,LBR,1.0
MRT,LBY,1.0
MRT,LCA,0.0
MRT,LKA,1.0
MRT,LSO,1.0
MRT,LTU,0.0
MRT,LUX,0.0
MRT,LVA,0.0
MRT,MAC,0.0
MRT,MAR,1.0
MRT,MDA,1.0
MRT,MDG,1.0
MRT,MDV,0.0
MRT,MEX,1.0
MRT,MHL,0.0
MRT,MKD,0.0
MRT,MLI,1.0
MRT,MLT,0.0
MRT,MMR,1.0
MRT,MNE,0.0
MRT,MNG,1.0
MRT,MNP,0.0
MRT,MOZ,1.0
MRT,MRT,1.0
MRT,MUS,0.0
MRT,MWI,1.0
MRT,MYS,1.0
MRT,NAM,0.0
MRT,NER,1.0
MRT,NGA,1.0
MRT,NIC,1.0
MRT,NLD,0.0
MRT,NOR,0.0
MRT,NPL,1.0
MRT,NRU,0.0
MRT,NZL,0.0
MRT,OMN,1.0
MRT,PAK,1.0
MRT,PAN,0.0
MRT,PER,1.0
MRT,PHL,1.0
MRT,PLW,0.0
MRT,PNG,1.0
MRT,POL,0.0
MRT,PRT,0.0
MRT,PRY,1.0
MRT,PSE,1.0
MRT,PYF,0.0
MRT,QAT,0.0
MRT,ROU,1.0
MRT,RUS,1.0
MRT,RWA,1.0
MRT,SAU,1.0
MRT,SDN,1.0
MRT,SEN,1.0
MRT,SGP,0.0
MRT,SLB,1.0
MRT,SLE,1.0
MRT,SLV,1.0
MRT,SMR,0.0
MRT,SOM,1.0
MRT,SRB,1.0
MRT,SSD,1.0
MRT,STP,0.0
MRT,SUR,1.0
MRT,SVK,0.0
MRT,SVN,0.0
MRT,SWE,0.0
MRT,SWZ,1.0
MRT,SXM,0.0
MRT,SYC,0.0
MRT,SYR,1.0
MRT,TCA,0.0
MRT,TCD,1.0
MRT,TGO,1.0
MRT,THA,1.0
MRT,TJK,1.0
MRT,TKM,1.0
MRT,TLS,1.0
MRT,TON,0.0
MRT,TTO,1.0
MRT,TUN,1.0
MRT,TUR,1.0
MRT,TUV,0.0
MRT,TZA,1.0
MRT,UGA,1.0
MRT,UKR,1.0
MRT,URY,0.0
MRT,UZB,1.0
MRT,VCT,0.0
MRT,VEN,1.0
MRT,VNM,1.0
MRT,VUT,0.0
MRT,WSM,0.0
MRT,YEM,1.0
MRT,ZAF,1.0
MRT,ZMB,1.0
MRT,ZWE,1.0
MUS,ABW,1.0
MUS,AFG,0.0
MUS,AGO,0.0
MUS,ALB,1.0
MUS,AND,1.0
MUS,ARE,1.0
MUS,ARG,0.0
MUS,ARM,0.0
MUS,ASM,1.0
MUS,ATG,1.0
MUS,AUS,1.0
MUS,AUT,1.0
MUS,AZE,0.0
MUS,BDI,0.0
MUS,BEL,1.0
MUS,BEN,0.0
MUS,BFA,0.0
MUS,BGD,0.0
MUS,BGR,1.0
MUS,BHR,1.0
MUS,BHS,1.0
MUS,BIH,0.0
MUS,BLR,0.0
MUS,BLZ,1.0
MUS,BMU,1.0
MUS,BOL,0.0
MUS,BRA,0.0
MUS,BRB,1.0
MUS,BRN,1.0
MUS,BTN,1.0
MUS,BWA,1.0
MUS,CAF,0.0
MUS,CAN,1.0
MUS,CHE,1.0
MUS,CHL,1.0
MUS,CIV,0.0
MUS,CMR,0.0
MUS,COD,0.0
MUS,COG,0.0
MUS,COL,0.0
MUS,COM,0.0
MUS,CPV,1.0
MUS,CRI,1.0
MUS,CUB,0.0
MUS,CUW,1.0
MUS,CYM,1.0
MUS,CYP,1.0
MUS,CZE,1.0
MUS,DEU,1.0
MUS,DJI,1.0
MUS,DMA,1.0
MUS,DNK,1.0
MUS,DOM,0.0
MUS,DZA,0.0
MUS,ECU,0.0
MUS,EGY,0.0
MUS,ESP,1.0
MUS,EST,1.0
MUS,ETH,0.0
MUS,FIN,1.0
MUS,FJI,0.0
MUS,FRA,1.0
MUS,FRO,1.0
MUS,FSM,1.0
MUS,GAB,0.0
MUS,GBR,1.0
MUS,GEO,1.0
MUS,GHA,0.0
MUS,GIN,0.0
MUS,GMB,0.0
MUS,GNB,0.0
MUS,GNQ,0.0
MUS,GRC,1.0
MUS,GRD,1.0
MUS,GRL,1.0
MUS,GTM,0.0
MUS,GUM,1.0
MUS,GUY,0.0
MUS,HKG,1.0
MUS,HND,0.0
MUS,HRV,1.0
MUS,HTI,0.0
MUS,HUN,1.0
MUS,IDN,0.0
MUS,IND,0.0
MUS,IRL,1.0
MUS,IRN,0.0
MUS,IRQ,0.0
MUS,ISL,1.0
MUS,ISR,1.0
MUS,ITA,1.0
MUS,JAM,1.0
MUS,JOR,0.0
MUS,JPN,1.0
MUS,KAZ,0.0
MUS,KEN,0.0
MUS,KGZ,0.0
MUS,KHM,0.0
MUS,KIR,1.0
MUS,KNA,1.0
MUS,KOR,1.0
MUS,KWT,0.0
MUS,LAO,0.0
MUS,LBN,0.0
MUS,LBR,0.0
MUS,LBY,0.0
MUS,LCA,1.0
MUS,LKA,0.0
MUS,LSO,0.0
MUS,LTU,1.0
MUS,LUX,1.0
MUS,LVA,1.0
MUS,MAC,1.0
MUS,MAR,0.0
MUS,MDA,0.0
MUS,MDG,0.0
MUS,MDV,1.0
MUS,MEX,0.0
MUS,MHL,1.0
MUS,MKD,1.0
MUS,MLI,0.0
MUS,MLT,1.0
MUS,MMR,0.0
MUS,MNE,1.0
MUS,MNG,0.0
MUS,MNP,1.0
MUS,MOZ,0.0
MUS,MRT,0.0
MUS,MUS,1.0
MUS,MWI,0.0
MUS,MYS,0.0
MUS,NAM,1.0
MUS,NER,0.0
MUS,NGA,0.0
MUS,NIC,0.0
MUS,NLD,1.0
MUS,NOR,1.0
MUS,NPL,0.0
MUS,NRU,1.0
MUS,NZL,1.0
MUS,OMN,0.0
MUS,PAK,0.0
MUS,PAN,1.0
MUS,PER,0.0
MUS,PHL,0.0
MUS,PLW,1.0
MUS,PNG,0.0
MUS,POL,1.0
MUS,PRT,1.0
MUS,PRY,0.0
MUS,PSE,0.0
MUS,PYF,1.0
MUS,QAT,1.0
MUS,ROU,0.0
MUS,RUS,0.0
MUS,RWA,0.0
MUS,SAU,0.0
MUS,SDN,0.0
MUS,SEN,0.0
MUS,SGP,1.0
MUS,SLB,0.0
MUS,SLE,0.0
MUS,SLV,0.0
MUS,SMR,1.0
MUS,SOM,0.0
MUS,SRB,0.0
MUS,SSD,0.0
MUS,STP,1.0
MUS,SUR,0.0
MUS,SVK,1.0
MUS,SVN,1.0
MUS,SWE,1.0
MUS,SWZ,0.0
MUS,SXM,1.0
MUS,SYC,1.0
MUS,SYR,0.0
MUS,TCA,1.0
MUS,TCD,0.0
MUS,TGO,0.0
MUS,THA,0.0
MUS,TJK,0.0
MUS,TKM,0.0
MUS,TLS,0.0
MUS,TON,1.0
MUS,TTO,0.0
MUS,TUN,0.0
MUS,TUR,0.0
MUS,TUV,1.0
MUS,TZA,0.0
MUS,UGA,0.0
MUS,UKR,0.0
MUS,URY,1.0
MUS,UZB,0.0
MUS,VCT,1.0
MUS,VEN,0.0
MUS,VNM,0.0
MUS,VUT,1.0
MUS,WSM,1.0
MUS,YEM,0.0
MUS,ZAF,0.0
MUS,ZMB,0.0
MUS,ZWE,0.0
MWI,ABW,0.0
MWI,AFG,1.0
MWI,AGO,1.0
MWI,ALB,0.0
MWI,AND,0.0
MWI,ARE,0.0
MWI,ARG,1.0
MWI,ARM,1.0
MWI,ASM,0.0
MWI,ATG,0.0
MWI,AUS,0.0
MWI,AUT,0.0
MWI,AZE,1.0
MWI,BDI,1.0
MWI,BEL,0.0
MWI,BEN,1.0
MWI,BFA,1.0
MWI,BGD,1.0
MWI,BGR,0.0
MWI,BHR,0.0
MWI,BHS,0.0
MWI,BIH,1.0
MWI,BLR,1.0
MWI,BLZ,0.0
MWI,BMU,0.0
MWI,BOL,1.0
MWI,BRA,1.0
MWI,BRB,0.0
MWI,BRN,0.0
MWI,BTN,0.0
MWI,BWA,0.0
MWI,CAF,1.0
MWI,CAN,0.0
MWI,CHE,0.0
MWI,CHL,0.0
MWI,CIV,1.0
MWI,CMR,1.0
MWI,COD,1.0
MWI,COG,1.0
MWI,COL,1.0
MWI,COM,1.0
MWI,CPV,0.0
MWI,CRI,0.0
MWI,CUB,1.0
MWI,CUW,0.0
MWI,CYM,0.0
MWI,CYP,0.0
MWI,CZE,0.0
MWI,DEU,0.0
MWI,DJI,0.0
MWI,DMA,0.0
MWI,DNK,0.0
MWI,DOM,1.0
MWI,DZA,1.0
MWI,ECU,1.0
MWI,EGY,1.0
MWI,ESP,0.0
MWI,EST,0.0
MWI,ETH,1.0
MWI,FIN,0.0
MWI,FJI,1.0
MWI,FRA,0.0
MWI,FRO,0.0
MWI,FSM,0.0
MWI,GAB,1.0
MWI,GBR,0.0
MWI,GEO,0.0
MWI,GHA,1.0
MWI,GIN,1.0
MWI,GMB,1.0
MWI,GNB,1.0
MWI,GNQ,1.0
MWI,GRC,0.0
MWI,GRD,0.0
MWI,GRL,0.0
MWI,GTM,1.0
MWI,GUM,0.0
MWI,GUY,1.0
MWI,HKG,0.0
MWI,HND,1.0
MWI,HRV,0.0
MWI,HTI,1.0
MWI,HUN,0.0
MWI,IDN,1.0
MWI,IND,1.0
MWI,IRL,0.0
MWI,IRN,1.0
MWI,IRQ,1.0
MWI,ISL,0.0
MWI,ISR,0.0
MWI,ITA,0.0
MWI,JAM,0.0
MWI,JOR,1.0
MWI,JPN,0.0
MWI,KAZ,1.0
MWI,KEN,1.0
MWI,KGZ,1.0
MWI,KHM,1.0
MWI,KIR,0.0
MWI,KNA,0.0
MWI,KOR,0.0
MWI,KWT,1.0
MWI,LAO,1.0
MWI,LBN,1.0
MWI,LBR,1.0
MWI,LBY,1.0
MWI,LCA,0.0
MWI,LKA,1.0
MWI,LSO,1.0
MWI,LTU,0.0
MWI,LUX,0.0
MWI,LVA,0.0
MWI,MAC,0.0
MWI,MAR,1.0
MWI,MDA,1.0
MWI,MDG,1.0
MWI,MDV,0.0
MWI,MEX,1.0
MWI,MHL,0.0
MWI,MKD,0.0
MWI,MLI,1.0
MWI,MLT,0.0
MWI,MMR,1.0
MWI,MNE,0.0
MWI,MNG,1.0
MWI,MNP,0.0
MWI,MOZ,1.0
MWI,MRT,1.0
MWI,MUS,0.0
MWI,MWI,1.0
MWI,MYS,1.0
MWI,NAM,0.0
MWI,NER,1.0
MWI,NGA,1.0
MWI,NIC,1.0
MWI,NLD,0.0
MWI,NOR,0.0
MWI,NPL,1.0
MWI,NRU,0.0
MWI,NZL,0.0
MWI,OMN,1.0
MWI,PAK,1.0
MWI,PAN,0.0
MWI,PER,1.0
MWI,PHL,1.0
MWI,PLW,0.0
MWI,PNG,1.0
MWI,POL,0.0
MWI,PRT,0.0
MWI,PRY,1.0
MWI,PSE,1.0
MWI,PYF,0.0
MWI,QAT,0.0
MWI,ROU,1.0
MWI,RUS,1.0
MWI,RWA,1.0
MWI,SAU,1.0
MWI,SDN,1.0
MWI,SEN,1.0
MWI,SGP,0.0
MWI,SLB,1.0
MWI,SLE,1.0
MWI,SLV,1.0
MWI,SMR,0.0
MWI,SOM,1.0
MWI,SRB,1.0
MWI,SSD,1.0
MWI,STP,0.0
MWI,SUR,1.0
MWI,SVK,0.0
MWI,SVN,0.0
MWI,SWE,0.0
MWI,SWZ,1.0
MWI,SXM,0.0
MWI,SYC,0.0
MWI,SYR,1.0
MWI,TCA,0.0
MWI,TCD,1.0
MWI,TGO,1.0
MWI,THA,1.0
MWI,TJK,1.0
MWI,TKM,1.0
MWI,TLS,1.0
MWI,TON,0.0
MWI,TTO,1.0
MWI,TUN,1.0
MWI,TUR,1.0
MWI,TUV,0.0
MWI,TZA,1.0
MWI,UGA,1.0
MWI,UKR,1.0
MWI,URY,0.0
MWI,UZB,1.0
MWI,VCT,0.0
MWI,VEN,1.0
MWI,VNM,1.0
MWI,VUT,0.0
MWI,WSM,0.0
MWI,YEM,1.0
MWI,ZAF,1.0
MWI,ZMB,1.0
MWI,ZWE,1.0
MYS,ABW,0.0
MYS,AFG,1.0
MYS,AGO,1.0
MYS,ALB,0.0
MYS,AND,0.0
MYS,ARE,0.0
MYS,ARG,1.0
MYS,ARM,1.0
MYS,ASM,0.0
MYS,ATG,0.0
MYS,AUS,0.0
MYS,AUT,0.0
MYS,AZE,1.0
MYS,BDI,1.0
MYS,BEL,0.0
MYS,BEN,1.0
MYS,BFA,1.0
MYS,BGD,1.0
MYS,BGR,0.0
MYS,BHR,0.0
MYS,BHS,0.0
MYS,BIH,1.0
MYS,BLR,1.0
MYS,BLZ,0.0
MYS,BMU,0.0
MYS,BOL,1.0
MYS,BRA,1.0
MYS,BRB,0.0
MYS,BRN,0.0
MYS,BTN,0.0
MYS,BWA,0.0
MYS,CAF,1.0
MYS,CAN,0.0
MYS,CHE,0.0
MYS,CHL,0.0
MYS,CIV,1.0
MYS,CMR,1.0
MYS,COD,1.0
MYS,COG,1.0
MYS,COL,1.0
MYS,COM,1.0
MYS,CPV,0.0
MYS,CRI,0.0
MYS,CUB,1.0
MYS,CUW,0.0
MYS,CYM,0.0
MYS,CYP,0.0
MYS,CZE,0.0
MYS,DEU,0.0
MYS,DJI,0.0
MYS,DMA,0.0
MYS,DNK,0.0
MYS,DOM,1.0
MYS,DZA,1.0
MYS,ECU,1.0
MYS,EGY,1.0
MYS,ESP,0.0
MYS,EST,0.0
MYS,ETH,1.0
MYS,FIN,0.0
MYS,FJI,1.0
MYS,FRA,0.0
MYS,FRO,0.0
MYS,FSM,0.0
MYS,GAB,1.0
MYS,GBR,0.0
MYS,GEO,0.0
MYS,GHA,1.0
MYS,GIN,1.0
MYS,GMB,1.0
MYS,GNB,1.0
MYS,GNQ,1.0
MYS,GRC,0.0
MYS,GRD,0.0
MYS,GRL,0.0
MYS,GTM,1.0
MYS,GUM,0.0
MYS,GUY,1.0
MYS,HKG,0.0
MYS,HND,1.0
MYS,HRV,0.0
MYS,HTI,1.0
MYS,HUN,0.0
MYS,IDN,1.0
MYS,IND,1.0
MYS,IRL,0.0
MYS,IRN,1.0
MYS,IRQ,1.0
MYS,ISL,0.0
MYS,ISR,0.0
MYS,ITA,0.0
MYS,JAM,0.0
MYS,JOR,1.0
MYS,JPN,0.0
MYS,KAZ,1.0
MYS,KEN,1.0
MYS,KGZ,1.0
MYS,KHM,1.0
MYS,KIR,0.0
MYS,KNA,0.0
MYS,KOR,0.0
MYS,KWT,1.0
MYS,LAO,1.0
MYS,LBN,1.0
MYS,LBR,1.0
MYS,LBY,1.0
MYS,LCA,0.0
MYS,LKA,1.0
MYS,LSO,1.0
MYS,LTU,0.0
MYS,LUX,0.0
MYS,LVA,0.0
MYS,MAC,0.0
MYS,MAR,1.0
MYS,MDA,1.0
MYS,MDG,1.0
MYS,MDV,0.0
MYS,MEX,1.0
MYS,MHL,0.0
MYS,MKD,0.0
MYS,MLI,1.0
MYS,MLT,0.0
MYS,MMR,1.0
MYS,MNE,0.0
MYS,MNG,1.0
MYS,MNP,0.0
MYS,MOZ,1.0
MYS,MRT,1.0
MYS,MUS,0.0
MYS,MWI,1.0
MYS,MYS,1.0
MYS,NAM,0.0
MYS,NER,1.0
MYS,NGA,1.0
MYS,NIC,1.0
MYS,NLD,0.0
MYS,NOR,0.0
MYS,NPL,1.0
MYS,NRU,0.0
MYS,NZL,0.0
MYS,OMN,1.0
MYS,PAK,1.0
MYS,PAN,0.0
MYS,PER,1.0
MYS,PHL,1.0
MYS,PLW,0.0
MYS,PNG,1.0
MYS,POL,0.0
MYS,PRT,0.0
MYS,PRY,1.0
MYS,PSE,1.0
MYS,PYF,0.0
MYS,QAT,0.0
MYS,ROU,1.0
MYS,RUS,1.0
MYS,RWA,1.0
MYS,SAU,1.0
MYS,SDN,1.0
MYS,SEN,1.0
MYS,SGP,0.0
MYS,SLB,1.0
MYS,SLE,1.0
MYS,SLV,1.0
MYS,SMR,0.0
MYS,SOM,1.0
MYS,SRB,1.0
MYS,SSD,1.0
MYS,STP,0.0
MYS,SUR,1.0
MYS,SVK,0.0
MYS,SVN,0.0
MYS,SWE,0.0
MYS,SWZ,1.0
MYS,SXM,0.0
MYS,SYC,0.0
MYS,SYR,1.0
MYS,TCA,0.0
MYS,TCD,1.0
MYS,TGO,1.0
MYS,THA,1.0
MYS,TJK,1.0
MYS,TKM,1.0
MYS,TLS,1.0
MYS,TON,0.0
MYS,TTO,1.0
MYS,TUN,1.0
MYS,TUR,1.0
MYS,TUV,0.0
MYS,TZA,1.0
MYS,UGA,1.0
MYS,UKR,1.0
MYS,URY,0.0
MYS,UZB,1.0
MYS,VCT,0.0
MYS,VEN,1.0
MYS,VNM,1.0
MYS,VUT,0.0
MYS,WSM,0.0
MYS,YEM,1.0
MYS,ZAF,1.0
MYS,ZMB,1.0
MYS,ZWE,1.0
NAM,ABW,1.0
NAM,AFG,0.0
NAM,AGO,0.0
NAM,ALB,1.0
NAM,AND,1.0
NAM,ARE,1.0
NAM,ARG,0.0
NAM,ARM,0.0
NAM,ASM,1.0
NAM,ATG,1.0
NAM,AUS,1.0
NAM,AUT,1.0
NAM,AZE,0.0
NAM,BDI,0.0
NAM,BEL,1.0
NAM,BEN,0.0
NAM,BFA,0.0
NAM,BGD,0.0
NAM,BGR,1.0
NAM,BHR,1.0
NAM,BHS,1.0
NAM,BIH,0.0
NAM,BLR,0.0
NAM,BLZ,1.0
NAM,BMU,1.0
NAM,BOL,0.0
NAM,BRA,0.0
NAM,BRB,1.0
NAM,BRN,1.0
NAM,BTN,1.0
NAM,BWA,1.0
NAM,CAF,0.0
NAM,CAN,1.0
NAM,CHE,1.0
NAM,CHL,1.0
NAM,CIV,0.0
NAM,CMR,0.0
NAM,COD,0.0
NAM,COG,0.0
NAM,COL,0.0
NAM,COM,0.0
NAM,CPV,1.0
NAM,CRI,1.0
NAM,CUB,0.0
NAM,CUW,1.0
NAM,CYM,1.0
NAM,CYP,1.0
NAM,CZE,1.0
NAM,DEU,1.0
NAM,DJI,1.0
NAM,DMA,1.0
NAM,DNK,1.0
NAM,DOM,0.0
NAM,DZA,0.0
NAM,ECU,0.0
NAM,EGY,0.0
NAM,ESP,1.0
NAM,EST,1.0
NAM,ETH,0.0
NAM,FIN,1.0
NAM,FJI,0.0
NAM,FRA,1.0
NAM,FRO,1.0
NAM,FSM,1.0
NAM,GAB,0.0
NAM,GBR,1.0
NAM,GEO,1.0
NAM,GHA,0.0
NAM,GIN,0.0
NAM,GMB,0.0
NAM,GNB,0.0
NAM,GNQ,0.0
NAM,GRC,1.0
NAM,GRD,1.0
NAM,GRL,1.0
NAM,GTM,0.0
NAM,GUM,1.0
NAM,GUY,0.0
NAM,HKG,1.0
NAM,HND,0.0
NAM,HRV,1.0
NAM,HTI,0.0
NAM,HUN,1.0
NAM,IDN,0.0
NAM,IND,0.0
NAM,IRL,1.0
NAM,IRN,0.0
NAM,IRQ,0.0
NAM,ISL,1.0
NAM,ISR,1.0
NAM,ITA,1.0
NAM,JAM,1.0
NAM,JOR,0.0
NAM,JPN,1.0
NAM,KAZ,0.0
NAM,KEN,0.0
NAM,KGZ,0.0
NAM,KHM,0.0
NAM,KIR,1.0
NAM,KNA,1.0
NAM,KOR,1.0
NAM,KWT,0.0
NAM,LAO,0.0
NAM,LBN,0.0
NAM,LBR,0.0
NAM,LBY,0.0
NAM,LCA,1.0
NAM,LKA,0.0
NAM,LSO,0.0
NAM,LTU,1.0
NAM,LUX,1.0
NAM,LVA,1.0
NAM,MAC,1.0
NAM,MAR,0.0
NAM,MDA,0.0
NAM,MDG,0.0
NAM,MDV,1.0
NAM,MEX,0.0
NAM,MHL,1.0
NAM,MKD,1.0
NAM,MLI,0.0
NAM,MLT,1.0
NAM,MMR,0.0
NAM,MNE,1.0
NAM,MNG,0.0
NAM,MNP,1.0
NAM,MOZ,0.0
NAM,MRT,0.0
NAM,MUS,1.0
NAM,MWI,0.0
NAM,MYS,0.0
NAM,NAM,1.0
NAM,NER,0.0
NAM,NGA,0.0
NAM,NIC,0.0
NAM,NLD,1.0
NAM,NOR,1.0
NAM,NPL,0.0
NAM,NRU,1.0
NAM,NZL,1.0
NAM,OMN,0.0
NAM,PAK,0.0
NAM,PAN,1.0
NAM,PER,0.0
NAM,PHL,0.0
NAM,PLW,1.0
NAM,PNG,0.0
NAM,POL,1.0
NAM,PRT,1.0
NAM,PRY,0.0
NAM,PSE,0.0
NAM,PYF,1.0
NAM,QAT,1.0
NAM,ROU,0.0
NAM,RUS,0.0
NAM,RWA,0.0
NAM,SAU,0.0
NAM,SDN,0.0
NAM,SEN,0.0
NAM,SGP,1.0
NAM,SLB,0.0
NAM,SLE,0.0
NAM,SLV,0.0
NAM,SMR,1.0
NAM,SOM,0.0
NAM,SRB,0.0
NAM,SSD,0.0
NAM,STP,1.0
NAM,SUR,0.0
NAM,SVK,1.0
NAM,SVN,1.0
NAM,SWE,1.0
NAM,SWZ,0.0
NAM,SXM,1.0
NAM,SYC,1.0
NAM,SYR,0.0
NAM,TCA,1.0
NAM,TCD,0.0
NAM,TGO,0.0
NAM,THA,0.0
NAM,TJK,0.0
NAM,TKM,0.0
NAM,TLS,0.0
NAM,TON,1.0
NAM,TTO,0.0
NAM,TUN,0.0
NAM,TUR,0.0
NAM,TUV,1.0
NAM,TZA,0.0
NAM,UGA,0.0
NAM,UKR,0.0
NAM,URY,1.0
NAM,UZB,0.0
NAM,VCT,1.0
NAM,VEN,0.0
NAM,VNM,0.0
NAM,VUT,1.0
NAM,WSM,1.0
NAM,YEM,0.0
NAM,ZAF,0.0
NAM,ZMB,0.0
NAM,ZWE,0.0
NER,ABW,0.0
NER,AFG,1.0
NER,AGO,1.0
NER,ALB,0.0
NER,AND,0.0
NER,ARE,0.0
NER,ARG,1.0
NER,ARM,1.0
NER,ASM,0.0
NER,ATG,0.0
NER,AUS,0.0
NER,AUT,0.0
NER,AZE,1.0
NER,BDI,1.0
NER,BEL,0.0
NER,BEN,1.0
NER,BFA,1.0
NER,BGD,1.0
NER,BGR,0.0
NER,BHR,0.0
NER,BHS,0.0
NER,BIH,1.0
NER,BLR,1.0
NER,BLZ,0.0
NER,BMU,0.0
NER,BOL,1.0
NER,BRA,1.0
NER,BRB,0.0
NER,BRN,0.0
NER,BTN,0.0
NER,BWA,0.0
NER,CAF,1.0
NER,CAN,0.0
NER,CHE,0.0
NER,CHL,0.0
NER,CIV,1.0
NER,CMR,1.0
NER,COD,1.0
NER,COG,1.0
NER,COL,1.0
NER,COM,1.0
NER,CPV,0.0
NER,CRI,0.0
NER,CUB,1.0
NER,CUW,0.0
NER,CYM,0.0
NER,CYP,0.0
NER,CZE,0.0
NER,DEU,0.0
NER,DJI,0.0
NER,DMA,0.0
NER,DNK,0.0
NER,DOM,1.0
NER,DZA,1.0
NER,ECU,1.0
NER,EGY,1.0
NER,ESP,0.0
NER,EST,0.0
NER,ETH,1.0
NER,FIN,0.0
NER,FJI,1.0
NER,FRA,0.0
NER,FRO,0.0
NER,FSM,0.0
NER,GAB,1.0
NER,GBR,0.0
NER,GEO,0.0
NER,GHA,1.0
NER,GIN,1.0
NER,GMB,1.0
NER,GNB,1.0
NER,GNQ,1.0
NER,GRC,0.0
NER,GRD,0.0
NER,GRL,0.0
NER,GTM,1.0
NER,GUM,0.0
NER,GUY,1.0
NER,HKG,0.0
NER,HND,1.0
NER,HRV,0.0
NER,HTI,1.0
NER,HUN,0.0
NER,IDN,1.0
NER,IND,1.0
NER,IRL,0.0
NER,IRN,1.0
NER,IRQ,1.0
NER,ISL,0.0
NER,ISR,0.0
NER,ITA,0.0
NER,JAM,0.0
NER,JOR,1.0
NER,JPN,0.0
NER,KAZ,1.0
NER,KEN,1.0
NER,KGZ,1.0
NER,KHM,1.0
NER,KIR,0.0
NER,KNA,0.0
NER,KOR,0.0
NER,KWT,1.0
NER,LAO,1.0
NER,LBN,1.0
NER,LBR,1.0
NER,LBY,1.0
NER,LCA,0.0
NER,LKA,1.0
NER,LSO,1.0
NER,LTU,0.0
NER,LUX,0.0
NER,LVA,0.0
NER,MAC,0.0
NER,MAR,1.0
NER,MDA,1.0
NER,MDG,1.0
NER,MDV,0.0
NER,MEX,1.0
NER,MHL,0.0
NER,MKD,0.0
NER,MLI,1.0
NER,MLT,0.0
NER,MMR,1.0
NER,MNE,0.0
NER,MNG,1.0
NER,MNP,0.0
NER,MOZ,1.0
NER,MRT,1.0
NER,MUS,0.0
NER,MWI,1.0
NER,MYS,1.0
NER,NAM,0.0
NER,NER,1.0
NER,NGA,1.0
NER,NIC,1.0
NER,NLD,0.0
NER,NOR,0.0
NER,NPL,1.0
NER,NRU,0.0
NER,NZL,0.0
NER,OMN,1.0
NER,PAK,1.0
NER,PAN,0.0
NER,PER,1.0
NER,PHL,1.0
NER,PLW,0.0
NER,PNG,1.0
NER,POL,0.0
NER,PRT,0.0
NER,PRY,1.0
NER,PSE,1.0
NER,PYF,0.0
NER,QAT,0.0
NER,ROU,1.0
NER,RUS,1.0
NER,RWA,1.0
NER,SAU,1.0
NER,SDN,1.0
NER,SEN,1.0
NER,SGP,0.0
NER,SLB,1.0
NER,SLE,1.0
NER,SLV,1.0
NER,SMR,0.0
NER,SOM,1.0
NER,SRB,1.0
NER,SSD,1.0
NER,STP,0.0
NER,SUR,1.0
NER,SVK,0.0
NER,SVN,0.0
NER,SWE,0.0
NER,SWZ,1.0
NER,SXM,0.0
NER,SYC,0.0
NER,SYR,1.0
NER,TCA,0.0
NER,TCD,1.0
NER,TGO,1.0
NER,THA,1.0
NER,TJK,1.0
NER,TKM,1.0
NER,TLS,1.0
NER,TON,0.0
NER,TTO,1.0
NER,TUN,1.0
NER,TUR,1.0
NER,TUV,0.0
NER,TZA,1.0
NER,UGA,1.0
NER,UKR,1.0
NER,URY,0.0
NER,UZB,1.0
NER,VCT,0.0
NER,VEN,1.0
NER,VNM,1.0
NER,VUT,0.0
NER,WSM,0.0
NER,YEM,1.0
NER,ZAF,1.0
NER,ZMB,1.0
NER,ZWE,1.0
NGA,ABW,0.0
NGA,AFG,1.0
NGA,AGO,1.0
NGA,ALB,0.0
NGA,AND,0.0
NGA,ARE,0.0
NGA,ARG,1.0
NGA,ARM,1.0
NGA,ASM,0.0
NGA,ATG,0.0
NGA,AUS,0.0
NGA,AUT,0.0
NGA,AZE,1.0
NGA,BDI,1.0
NGA,BEL,0.0
NGA,BEN,1.0
NGA,BFA,1.0
NGA,BGD,1.0
NGA,BGR,0.0
NGA,BHR,0.0
NGA,BHS,0.0
NGA,BIH,1.0
NGA,BLR,1.0
NGA,BLZ,0.0
NGA,BMU,0.0
NGA,BOL,1.0
NGA,BRA,1.0
NGA,BRB,0.0
NGA,BRN,0.0
NGA,BTN,0.0
NGA,BWA,0.0
NGA,CAF,1.0
NGA,CAN,0.0
NGA,CHE,0.0
NGA,CHL,0.0
NGA,CIV,1.0
NGA,CMR,1.0
NGA,COD,1.0
NGA,COG,1.0
NGA,COL,1.0
NGA,COM,1.0
NGA,CPV,0.0
NGA,CRI,0.0
NGA,CUB,1.0
NGA,CUW,0.0
NGA,CYM,0.0
NGA,CYP,0.0
NGA,CZE,0.0
NGA,DEU,0.0
NGA,DJI,0.0
NGA,DMA,0.0
NGA,DNK,0.0
NGA,DOM,1.0
NGA,DZA,1.0
NGA,ECU,1.0
NGA,EGY,1.0
NGA,ESP,0.0
NGA,EST,0.0
NGA,ETH,1.0
NGA,FIN,0.0
NGA,FJI,1.0
NGA,FRA,0.0
NGA,FRO,0.0
NGA,FSM,0.0
NGA,GAB,1.0
NGA,GBR,0.0
NGA,GEO,0.0
NGA,GHA,1.0
NGA,GIN,1.0
NGA,GMB,1.0
NGA,GNB,1.0
NGA,GNQ,1.0
NGA,GRC,0.0
NGA,GRD,0.0
NGA,GRL,0.0
NGA,GTM,1.0
NGA,GUM,0.0
NGA,GUY,1.0
NGA,HKG,0.0
NGA,HND,1.0
NGA,HRV,0.0
NGA,HTI,1.0
NGA,HUN,0.0
NGA,IDN,1.0
NGA,IND,1.0
NGA,IRL,0.0
NGA,IRN,1.0
NGA,IRQ,1.0
NGA,ISL,0.0
NGA,ISR,0.0
NGA,ITA,0.0
NGA,JAM,0.0
NGA,JOR,1.0
NGA,JPN,0.0
NGA,KAZ,1.0
NGA,KEN,1.0
NGA,KGZ,1.0
NGA,KHM,1.0
NGA,KIR,0.0
NGA,KNA,0.0
NGA,KOR,0.0
NGA,KWT,1.0
NGA,LAO,1.0
NGA,LBN,1.0
NGA,LBR,1.0
NGA,LBY,1.0
NGA,LCA,0.0
NGA,LKA,1.0
NGA,LSO,1.0
NGA,LTU,0.0
NGA,LUX,0.0
NGA,LVA,0.0
NGA,MAC,0.0
NGA,MAR,1.0
NGA,MDA,1.0
NGA,MDG,1.0
NGA,MDV,0.0
NGA,MEX,1.0
NGA,MHL,0.0
NGA,MKD,0.0
NGA,MLI,1.0
NGA,MLT,0.0
NGA,MMR,1.0
NGA,MNE,0.0
NGA,MNG,1.0
NGA,MNP,0.0
NGA,MOZ,1.0
NGA,MRT,1.0
NGA,MUS,0.0
NGA,MWI,1.0
NGA,MYS,1.0
NGA,NAM,0.0
NGA,NER,1.0
NGA,NGA,1.0
NGA,NIC,1.0
NGA,NLD,0.0
NGA,NOR,0.0
NGA,NPL,1.0
NGA,NRU,0.0
NGA,NZL,0.0
NGA,OMN,1.0
NGA,PAK,1.0
NGA,PAN,0.0
NGA,PER,1.0
NGA,PHL,1.0
NGA,PLW,0.0
NGA,PNG,1.0
NGA,POL,0.0
NGA,PRT,0.0
NGA,PRY,1.0
NGA,PSE,1.0
NGA,PYF,0.0
NGA,QAT,0.0
NGA,ROU,1.0
NGA,RUS,1.0
NGA,RWA,1.0
NGA,SAU,1.0
NGA,SDN,1.0
NGA,SEN,1.0
NGA,SGP,0.0
NGA,SLB,1.0
NGA,SLE,1.0
NGA,SLV,1.0
NGA,SMR,0.0
NGA,SOM,1.0
NGA,SRB,1.0
NGA,SSD,1.0
NGA,STP,0.0
NGA,SUR,1.0
NGA,SVK,0.0
NGA,SVN,0.0
NGA,SWE,0.0
NGA,SWZ,1.0
NGA,SXM,0.0
NGA,SYC,0.0
NGA,SYR,1.0
NGA,TCA,0.0
NGA,TCD,1.0
NGA,TGO,1.0
NGA,THA,1.0
NGA,TJK,1.0
NGA,TKM,1.0
NGA,TLS,1.0
NGA,TON,0.0
NGA,TTO,1.0
NGA,TUN,1.0
NGA,TUR,1.0
NGA,TUV,0.0
NGA,TZA,1.0
NGA,UGA,1.0
NGA,UKR,1.0
NGA,URY,0.0
NGA,UZB,1.0
NGA,VCT,0.0
NGA,VEN,1.0
NGA,VNM,1.0
NGA,VUT,0.0
NGA,WSM,0.0
NGA,YEM,1.0
NGA,ZAF,1.0
NGA,ZMB,1.0
NGA,ZWE,1.0
NIC,ABW,0.0
NIC,AFG,1.0
NIC,AGO,1.0
NIC,ALB,0.0
NIC,AND,0.0
NIC,ARE,0.0
NIC,ARG,1.0
NIC,ARM,1.0
NIC,ASM,0.0
NIC,ATG,0.0
NIC,AUS,0.0
NIC,AUT,0.0
NIC,AZE,1.0
NIC,BDI,1.0
NIC,BEL,0.0
NIC,BEN,1.0
NIC,BFA,1.0
NIC,BGD,1.0
NIC,BGR,0.0
NIC,BHR,0.0
NIC,BHS,0.0
NIC,BIH,1.0
NIC,BLR,1.0
NIC,BLZ,0.0
NIC,BMU,0.0
NIC,BOL,1.0
NIC,BRA,1.0
NIC,BRB,0.0
NIC,BRN,0.0
NIC,BTN,0.0
NIC,BWA,0.0
NIC,CAF,1.0
NIC,CAN,0.0
NIC,CHE,0.0
NIC,CHL,0.0
NIC,CIV,1.0
NIC,CMR,1.0
NIC,COD,1.0
NIC,COG,1.0
NIC,COL,1.0
NIC,COM,1.0
NIC,CPV,0.0
NIC,CRI,0.0
NIC,CUB,1.0
NIC,CUW,0.0
NIC,CYM,0.0
NIC,CYP,0.0
NIC,CZE,0.0
NIC,DEU,0.0
NIC,DJI,0.0
NIC,DMA,0.0
NIC,DNK,0.0
NIC,DOM,1.0
NIC,DZA,1.0
NIC,ECU,1.0
NIC,EGY,1.0
NIC,ESP,0.0
NIC,EST,0.0
NIC,ETH,1.0
NIC,FIN,0.0
NIC,FJI,1.0
NIC,FRA,0.0
NIC,FRO,0.0
NIC,FSM,0.0
NIC,GAB,1.0
NIC,GBR,0.0
NIC,GEO,0.0
NIC,GHA,1.0
NIC,GIN,1.0
NIC,GMB,1.0
NIC,GNB,1.0
NIC,GNQ,1.0
NIC,GRC,0.0
NIC,GRD,0.0
NIC,GRL,0.0
NIC,GTM,1.0
NIC,GUM,0.0
NIC,GUY,1.0
NIC,HKG,0.0
NIC,HND,1.0
NIC,HRV,0.0
NIC,HTI,1.0
NIC,HUN,0.0
NIC,IDN,1.0
NIC,IND,1.0
NIC,IRL,0.0
NIC,IRN,1.0
NIC,IRQ,1.0
NIC,ISL,0.0
NIC,ISR,0.0
NIC,ITA,0.0
NIC,JAM,0.0
NIC,JOR,1.0
NIC,JPN,0.0
NIC,KAZ,1.0
NIC,KEN,1.0
NIC,KGZ,1.0
NIC,KHM,1.0
NIC,KIR,0.0
NIC,KNA,0.0
NIC,KOR,0.0
NIC,KWT,1.0
NIC,LAO,1.0
NIC,LBN,1.0
NIC,LBR,1.0
NIC,LBY,1.0
NIC,LCA,0.0
NIC,LKA,1.0
NIC,LSO,1.0
NIC,LTU,0.0
NIC,LUX,0.0
NIC,LVA,0.0
NIC,MAC,0.0
NIC,MAR,1.0
NIC,MDA,1.0
NIC,MDG,1.0
NIC,MDV,0.0
NIC,MEX,1.0
NIC,MHL,0.0
NIC,MKD,0.0
NIC,MLI,1.0
NIC,MLT,0.0
NIC,MMR,1.0
NIC,MNE,0.0
NIC,MNG,1.0
NIC,MNP,0.0
NIC,MOZ,1.0
NIC,MRT,1.0
NIC,MUS,0.0
NIC,MWI,1.0
NIC,MYS,1.0
NIC,NAM,0.0
NIC,NER,1.0
NIC,NGA,1.0
NIC,NIC,1.0
NIC,NLD,0.0
NIC,NOR,0.0
NIC,NPL,1.0
NIC,NRU,0.0
NIC,NZL,0.0
NIC,OMN,1.0
NIC,PAK,1.0
NIC,PAN,0.0
NIC,PER,1.0
NIC,PHL,1.0
NIC,PLW,0.0
NIC,PNG,1.0
NIC,POL,0.0
NIC,PRT,0.0
NIC,PRY,1.0
NIC,PSE,1.0
NIC,PYF,0.0
NIC,QAT,0.0
NIC,ROU,1.0
NIC,RUS,1.0
NIC,RWA,1.0
NIC,SAU,1.0
NIC,SDN,1.0
NIC,SEN,1.0
NIC,SGP,0.0
NIC,SLB,1.0
NIC,SLE,1.0
NIC,SLV,1.0
NIC,SMR,0.0
NIC,SOM,1.0
NIC,SRB,1.0
NIC,SSD,1.0
NIC,STP,0.0
NIC,SUR,1.0
NIC,SVK,0.0
NIC,SVN,0.0
NIC,SWE,0.0
NIC,SWZ,1.0
NIC,SXM,0.0
NIC,SYC,0.0
NIC,SYR,1.0
NIC,TCA,0.0
NIC,TCD,1.0
NIC,TGO,1.0
NIC,THA,1.0
NIC,TJK,1.0
NIC,TKM,1.0
NIC,TLS,1.0
NIC,TON,0.0
NIC,TTO,1.0
NIC,TUN,1.0
NIC,TUR,1.0
NIC,TUV,0.0
NIC,TZA,1.0
NIC,UGA,1.0
NIC,UKR,1.0
NIC,URY,0.0
NIC,UZB,1.0
NIC,VCT,0.0
NIC,VEN,1.0
NIC,VNM,1.0
NIC,VUT,0.0
NIC,WSM,0.0
NIC,YEM,1.0
NIC,ZAF,1.0
NIC,ZMB,1.0
NIC,ZWE,1.0
NLD,ABW,1.0
NLD,AFG,0.0
NLD,AGO,0.0
NLD,ALB,1.0
NLD,AND,1.0
NLD,ARE,1.0
NLD,ARG,0.0
NLD,ARM,0.0
NLD,ASM,1.0
NLD,ATG,1.0
NLD,AUS,1.0
NLD,AUT,1.0
NLD,AZE,0.0
NLD,BDI,0.0
NLD,BEL,1.0
NLD,BEN,0.0
NLD,BFA,0.0
NLD,BGD,0.0
NLD,BGR,1.0
NLD,BHR,1.0
NLD,BHS,1.0
NLD,BIH,0.0
NLD,BLR,0.0
NLD,BLZ,1.0
NLD,BMU,1.0
NLD,BOL,0.0
NLD,BRA,0.0
NLD,BRB,1.0
NLD,BRN,1.0
NLD,BTN,1.0
NLD,BWA,1.0
NLD,CAF,0.0
NLD,CAN,1.0
NLD,CHE,1.0
NLD,CHL,1.0
NLD,CIV,0.0
NLD,CMR,0.0
NLD,COD,0.0
NLD,COG,0.0
NLD,COL,0.0
NLD,COM,0.0
NLD,CPV,1.0
NLD,CRI,1.0
NLD,CUB,0.0
NLD,CUW,1.0
NLD,CYM,1.0
NLD,CYP,1.0
NLD,CZE,1.0
NLD,DEU,1.0
NLD,DJI,1.0
NLD,DMA,1.0
NLD,DNK,1.0
NLD,DOM,0.0
NLD,DZA,0.0
NLD,ECU,0.0
NLD,EGY,0.0
NLD,ESP,1.0
NLD,EST,1.0
NLD,ETH,0.0
NLD,FIN,1.0
NLD,FJI,0.0
NLD,FRA,1.0
NLD,FRO,1.0
NLD,FSM,1.0
NLD,GAB,0.0
NLD,GBR,1.0
NLD,GEO,1.0
NLD,GHA,0.0
NLD,GIN,0.0
NLD,GMB,0.0
NLD,GNB,0.0
NLD,GNQ,0.0
NLD,GRC,1.0
NLD,GRD,1.0
NLD,GRL,1.0
NLD,GTM,0.0
NLD,GUM,1.0
NLD,GUY,0.0
NLD,HKG,1.0
NLD,HND,0.0
NLD,HRV,1.0
NLD,HTI,0.0
NLD,HUN,1.0
NLD,IDN,0.0
NLD,IND,0.0
NLD,IRL,1.0
NLD,IRN,0.0
NLD,IRQ,0.0
NLD,ISL,1.0
NLD,ISR,1.0
NLD,ITA,1.0
NLD,JAM,1.0
NLD,JOR,0.0
NLD,JPN,1.0
NLD,KAZ,0.0
NLD,KEN,0.0
NLD,KGZ,0.0
NLD,KHM,0.0
NLD,KIR,1.0
NLD,KNA,1.0
NLD,KOR,1.0
NLD,KWT,0.0
NLD,LAO,0.0
NLD,LBN,0.0
NLD,LBR,0.0
NLD,LBY,0.0
NLD,LCA,1.0
NLD,LKA,0.0
NLD,LSO,0.0
NLD,LTU,1.0
NLD,LUX,1.0
NLD,LVA,1.0
NLD,MAC,1.0
NLD,MAR,0.0
NLD,MDA,0.0
NLD,MDG,0.0
NLD,MDV,1.0
NLD,MEX,0.0
NLD,MHL,1.0
NLD,MKD,1.0
NLD,MLI,0.0
NLD,MLT,1.0
NLD,MMR,0.0
NLD,MNE,1.0
NLD,MNG,0.0
NLD,MNP,1.0
NLD,MOZ,0.0
NLD,MRT,0.0
NLD,MUS,1.0
NLD,MWI,0.0
NLD,MYS,0.0
NLD,NAM,1.0
NLD,NER,0.0
NLD,NGA,0.0
NLD,NIC,0.0
NLD,NLD,1.0
NLD,NOR,1.0
NLD,NPL,0.0
NLD,NRU,1.0
NLD,NZL,1.0
NLD,OMN,0.0
NLD,PAK,0.0
NLD,PAN,1.0
NLD,PER,0.0
NLD,PHL,0.0
NLD,PLW,1.0
NLD,PNG,0.0
NLD,POL,1.0
NLD,PRT,1.0
NLD,PRY,0.0
NLD,PSE,0.0
NLD,PYF,1.0
NLD,QAT,1.0
NLD,ROU,0.0
NLD,RUS,0.0
NLD,RWA,0.0
NLD,SAU,0.0
NLD,SDN,0.0
NLD,SEN,0.0
NLD,SGP,1.0
NLD,SLB,0.0
NLD,SLE,0.0
NLD,SLV,0.0
NLD,SMR,1.0
NLD,SOM,0.0
NLD,SRB,0.0
NLD,SSD,0.0
NLD,STP,1.0
NLD,SUR,0.0
NLD,SVK,1.0
NLD,SVN,1.0
NLD,SWE,1.0
NLD,SWZ,0.0
NLD,SXM,1.0
NLD,SYC,1.0
NLD,SYR,0.0
NLD,TCA,1.0
NLD,TCD,0.0
NLD,TGO,0.0
NLD,THA,0.0
NLD,TJK,0.0
NLD,TKM,0.0
NLD,TLS,0.0
NLD,TON,1.0
NLD,TTO,0.0
NLD,TUN,0.0
NLD,TUR,0.0
NLD,TUV,1.0
NLD,TZA,0.0
NLD,UGA,0.0
NLD,UKR,0.0
NLD,URY,1.0
NLD,UZB,0.0
NLD,VCT,1.0
NLD,VEN,0.0
NLD,VNM,0.0
NLD,VUT,1.0
NLD,WSM,1.0
NLD,YEM,0.0
NLD,ZAF,0.0
NLD,ZMB,0.0
NLD,ZWE,0.0
NOR,ABW,1.0
NOR,AFG,0.0
NOR,AGO,0.0
NOR,ALB,1.0
NOR,AND,1.0
NOR,ARE,1.0
NOR,ARG,0.0
NOR,ARM,0.0
NOR,ASM,1.0
NOR,ATG,1.0
NOR,AUS,1.0
NOR,AUT,1.0
NOR,AZE,0.0
NOR,BDI,0.0
NOR,BEL,1.0
NOR,BEN,0.0
NOR,BFA,0.0
NOR,BGD,0.0
NOR,BGR,1.0
NOR,BHR,1.0
NOR,BHS,1.0
NOR,BIH,0.0
NOR,BLR,0.0
NOR,BLZ,1.0
NOR,BMU,1.0
NOR,BOL,0.0
NOR,BRA,0.0
NOR,BRB,1.0
NOR,BRN,1.0
NOR,BTN,1.0
NOR,BWA,1.0
NOR,CAF,0.0
NOR,CAN,1.0
NOR,CHE,1.0
NOR,CHL,1.0
NOR,CIV,0.0
NOR,CMR,0.0
NOR,COD,0.0
NOR,COG,0.0
NOR,COL,0.0
NOR,COM,0.0
NOR,CPV,1.0
NOR,CRI,1.0
NOR,CUB,0.0
NOR,CUW,1.0
NOR,CYM,1.0
NOR,CYP,1.0
NOR,CZE,1.0
NOR,DEU,1.0
NOR,DJI,1.0
NOR,DMA,1.0
NOR,DNK,1.0
NOR,DOM,0.0
NOR,DZA,0.0
NOR,ECU,0.0
NOR,EGY,0.0
NOR,ESP,1.0
NOR,EST,1.0
NOR,ETH,0.0
NOR,FIN,1.0
NOR,FJI,0.0
NOR,FRA,1.0
NOR,FRO,1.0
NOR,FSM,1.0
NOR,GAB,0.0
NOR,GBR,1.0
NOR,GEO,1.0
NOR,GHA,0.0
NOR,GIN,0.0
NOR,GMB,0.0
NOR,GNB,0.0
NOR,GNQ,0.0
NOR,GRC,1.0
NOR,GRD,1.0
NOR,GRL,1.0
NOR,GTM,0.0
NOR,GUM,1.0
NOR,GUY,0.0
NOR,HKG,1.0
NOR,HND,0.0
NOR,HRV,1.0
NOR,HTI,0.0
NOR,HUN,1.0
NOR,IDN,0.0
NOR,IND,0.0
NOR,IRL,1.0
NOR,IRN,0.0
NOR,IRQ,0.0
NOR,ISL,1.0
NOR,ISR,1.0
NOR,ITA,1.0
NOR,JAM,1.0
NOR,JOR,0.0
NOR,JPN,1.0
NOR,KAZ,0.0
NOR,KEN,0.0
NOR,KGZ,0.0
NOR,KHM,0.0
NOR,KIR,1.0
NOR,KNA,1.0
NOR,KOR,1.0
NOR,KWT,0.0
NOR,LAO,0.0
NOR,LBN,0.0
NOR,LBR,0.0
NOR,LBY,0.0
NOR,LCA,1.0
NOR,LKA,0.0
NOR,LSO,0.0
NOR,LTU,1.0
NOR,LUX,1.0
NOR,LVA,1.0
NOR,MAC,1.0
NOR,MAR,0.0
NOR,MDA,0.0
NOR,MDG,0.0
NOR,MDV,1.0
NOR,MEX,0.0
NOR,MHL,1.0
NOR,MKD,1.0
NOR,MLI,0.0
NOR,MLT,1.0
NOR,MMR,0.0
NOR,MNE,1.0
NOR,MNG,0.0
NOR,MNP,1.0
NOR,MOZ,0.0
NOR,MRT,0.0
NOR,MUS,1.0
NOR,MWI,0.0
NOR,MYS,0.0
NOR,NAM,1.0
NOR,NER,0.0
NOR,NGA,0.0
NOR,NIC,0.0
NOR,NLD,1.0
NOR,NOR,1.0
NOR,NPL,0.0
NOR,NRU,1.0
NOR,NZL,1.0
NOR,OMN,0.0
NOR,PAK,0.0
NOR,PAN,1.0
NOR,PER,0.0
NOR,PHL,0.0
NOR,PLW,1.0
NOR,PNG,0.0
NOR,POL,1.0
NOR,PRT,1.0
NOR,PRY,0.0
NOR,PSE,0.0
NOR,PYF,1.0
NOR,QAT,1.0
NOR,ROU,0.0
NOR,RUS,0.0
NOR,RWA,0.0
NOR,SAU,0.0
NOR,SDN,0.0
NOR,SEN,0.0
NOR,SGP,1.0
NOR,SLB,0.0
NOR,SLE,0.0
NOR,SLV,0.0
NOR,SMR,1.0
NOR,SOM,0.0
NOR,SRB,0.0
NOR,SSD,0.0
NOR,STP,1.0
NOR,SUR,0.0
NOR,SVK,1.0
NOR,SVN,1.0
NOR,SWE,1.0
NOR,SWZ,0.0
NOR,SXM,1.0
NOR,SYC,1.0
NOR,SYR,0.0
NOR,TCA,1.0
NOR,TCD,0.0
NOR,TGO,0.0
NOR,THA,0.0
NOR,TJK,0.0
NOR,TKM,0.0
NOR,TLS,0.0
NOR,TON,1.0
NOR,TTO,0.0
NOR,TUN,0.0
NOR,TUR,0.0
NOR,TUV,1.0
NOR,TZA,0.0
NOR,UGA,0.0
NOR,UKR,0.0
NOR,URY,1.0
NOR,UZB,0.0
NOR,VCT,1.0
NOR,VEN,0.0
NOR,VNM,0.0
NOR,VUT,1.0
NOR,WSM,1.0
NOR,YEM,0.0
NOR,ZAF,0.0
NOR,ZMB,0.0
NOR,ZWE,0.0
NPL,ABW,0.0
NPL,AFG,1.0
NPL,AGO,1.0
NPL,ALB,0.0
NPL,AND,0.0
NPL,ARE,0.0
NPL,ARG,1.0
NPL,ARM,1.0
NPL,ASM,0.0
NPL,ATG,0.0
NPL,AUS,0.0
NPL,AUT,0.0
NPL,AZE,1.0
NPL,BDI,1.0
NPL,BEL,0.0
NPL,BEN,1.0
NPL,BFA,1.0
NPL,BGD,1.0
NPL,BGR,0.0
NPL,BHR,0.0
NPL,BHS,0.0
NPL,BIH,1.0
NPL,BLR,1.0
NPL,BLZ,0.0
NPL,BMU,0.0
NPL,BOL,1.0
NPL,BRA,1.0
NPL,BRB,0.0
NPL,BRN,0.0
NPL,BTN,0.0
NPL,BWA,0.0
NPL,CAF,1.0
NPL,CAN,0.0
NPL,CHE,0.0
NPL,CHL,0.0
NPL,CIV,1.0
NPL,CMR,1.0
NPL,COD,1.0
NPL,COG,1.0
NPL,COL,1.0
NPL,COM,1.0
NPL,CPV,0.0
NPL,CRI,0.0
NPL,CUB,1.0
NPL,CUW,0.0
NPL,CYM,0.0
NPL,CYP,0.0
NPL,CZE,0.0
NPL,DEU,0.0
NPL,DJI,0.0
NPL,DMA,0.0
NPL,DNK,0.0
NPL,DOM,1.0
NPL,DZA,1.0
NPL,ECU,1.0
NPL,EGY,1.0
NPL,ESP,0.0
NPL,EST,0.0
NPL,ETH,1.0
NPL,FIN,0.0
NPL,FJI,1.0
NPL,FRA,0.0
NPL,FRO,0.0
NPL,FSM,0.0
NPL,GAB,1.0
NPL,GBR,0.0
NPL,GEO,0.0
NPL,GHA,1.0
NPL,GIN,1.0
NPL,GMB,1.0
NPL,GNB,1.0
NPL,GNQ,1.0
NPL,GRC,0.0
NPL,GRD,0.0
NPL,GRL,0.0
NPL,GTM,1.0
NPL,GUM,0.0
NPL,GUY,1.0
NPL,HKG,0.0
NPL,HND,1.0
NPL,HRV,0.0
NPL,HTI,1.0
NPL,HUN,0.0
NPL,IDN,1.0
NPL,IND,1.0
NPL,IRL,0.0
NPL,IRN,1.0
NPL,IRQ,1.0
NPL,ISL,0.0
NPL,ISR,0.0
NPL,ITA,0.0
NPL,JAM,0.0
NPL,JOR,1.0
NPL,JPN,0.0
NPL,KAZ,1.0
NPL,KEN,1.0
NPL,KGZ,1.0
NPL,KHM,1.0
NPL,KIR,0.0
NPL,KNA,0.0
NPL,KOR,0.0
NPL,KWT,1.0
NPL,LAO,1.0
NPL,LBN,1.0
NPL,LBR,1.0
NPL,LBY,1.0
NPL,LCA,0.0
NPL,LKA,1.0
NPL,LSO,1.0
NPL,LTU,0.0
NPL,LUX,0.0
NPL,LVA,0.0
NPL,MAC,0.0
NPL,MAR,1.0
NPL,MDA,1.0
NPL,MDG,1.0
NPL,MDV,0.0
NPL,MEX,1.0
NPL,MHL,0.0
NPL,MKD,0.0
NPL,MLI,1.0
NPL,MLT,0.0
NPL,MMR,1.0
NPL,MNE,0.0
NPL,MNG,1.0
NPL,MNP,0.0
NPL,MOZ,1.0
NPL,MRT,1.0
NPL,MUS,0.0
NPL,MWI,1.0
NPL,MYS,1.0
NPL,NAM,0.0
NPL,NER,1.0
NPL,NGA,1.0
NPL,NIC,1.0
NPL,NLD,0.0
NPL,NOR,0.0
NPL,NPL,1.0
NPL,NRU,0.0
NPL,NZL,0.0
NPL,OMN,1.0
NPL,PAK,1.0
NPL,PAN,0.0
NPL,PER,1.0
NPL,PHL,1.0
NPL,PLW,0.0
NPL,PNG,1.0
NPL,POL,0.0
NPL,PRT,0.0
NPL,PRY,1.0
NPL,PSE,1.0
NPL,PYF,0.0
NPL,QAT,0.0
NPL,ROU,1.0
NPL,RUS,1.0
NPL,RWA,1.0
NPL,SAU,1.0
NPL,SDN,1.0
NPL,SEN,1.0
NPL,SGP,0.0
NPL,SLB,1.0
NPL,SLE,1.0
NPL,SLV,1.0
NPL,SMR,0.0
NPL,SOM,1.0
NPL,SRB,1.0
NPL,SSD,1.0
NPL,STP,0.0
NPL,SUR,1.0
NPL,SVK,0.0
NPL,SVN,0.0
NPL,SWE,0.0
NPL,SWZ,1.0
NPL,SXM,0.0
NPL,SYC,0.0
NPL,SYR,1.0
NPL,TCA,0.0
NPL,TCD,1.0
NPL,TGO,1.0
NPL,THA,1.0
NPL,TJK,1.0
NPL,TKM,1.0
NPL,TLS,1.0
NPL,TON,0.0
NPL,TTO,1.0
NPL,TUN,1.0
NPL,TUR,1.0
NPL,TUV,0.0
NPL,TZA,1.0
NPL,UGA,1.0
NPL,UKR,1.0
NPL,URY,0.0
NPL,UZB,1.0
NPL,VCT,0.0
NPL,VEN,1.0
NPL,VNM,1.0
NPL,VUT,0.0
NPL,WSM,0.0
NPL,YEM,1.0
NPL,ZAF,1.0
NPL,ZMB,1.0
NPL,ZWE,1.0
NRU,ABW,1.0
NRU,AFG,0.0
NRU,AGO,0.0
NRU,ALB,1.0
NRU,AND,1.0
NRU,ARE,1.0
NRU,ARG,0.0
NRU,ARM,0.0
NRU,ASM,1.0
NRU,ATG,1.0
NRU,AUS,1.0
NRU,AUT,1.0
NRU,AZE,0.0
NRU,BDI,0.0
NRU,BEL,1.0
NRU,BEN,0.0
NRU,BFA,0.0
NRU,BGD,0.0
NRU,BGR,1.0
NRU,BHR,1.0
NRU,BHS,1.0
NRU,BIH,0.0
NRU,BLR,0.0
NRU,BLZ,1.0
NRU,BMU,1.0
NRU,BOL,0.0
NRU,BRA,0.0
NRU,BRB,1.0
NRU,BRN,1.0
NRU,BTN,1.0
NRU,BWA,1.0
NRU,CAF,0.0
NRU,CAN,1.0
NRU,CHE,1.0
NRU,CHL,1.0
NRU,CIV,0.0
NRU,CMR,0.0
NRU,COD,0.0
NRU,COG,0.0
NRU,COL,0.0
NRU,COM,0.0
NRU,CPV,1.0
NRU,CRI,1.0
NRU,CUB,0.0
NRU,CUW,1.0
NRU,CYM,1.0
NRU,CYP,1.0
NRU,CZE,1.0
NRU,DEU,1.0
NRU,DJI,1.0
NRU,DMA,1.0
NRU,DNK,1.0
NRU,DOM,0.0
NRU,DZA,0.0
NRU,ECU,0.0
NRU,EGY,0.0
NRU,ESP,1.0
NRU,EST,1.0
NRU,ETH,0.0
NRU,FIN,1.0
NRU,FJI,0.0
NRU,FRA,1.0
NRU,FRO,1.0
NRU,FSM,1.0
NRU,GAB,0.0
NRU,GBR,1.0
NRU,GEO,1.0
NRU,GHA,0.0
NRU,GIN,0.0
NRU,GMB,0.0
NRU,GNB,0.0
NRU,GNQ,0.0
NRU,GRC,1.0
NRU,GRD,1.0
NRU,GRL,1.0
NRU,GTM,0.0
NRU,GUM,1.0
NRU,GUY,0.0
NRU,HKG,1.0
NRU,HND,0.0
NRU,HRV,1.0
NRU,HTI,0.0
NRU,HUN,1.0
NRU,IDN,0.0
NRU,IND,0.0
NRU,IRL,1.0
NRU,IRN,0.0
NRU,IRQ,0.0
NRU,ISL,1.0
NRU,ISR,1.0
NRU,ITA,1.0
NRU,JAM,1.0
NRU,JOR,0.0
NRU,JPN,1.0
NRU,KAZ,0.0
NRU,KEN,0.0
NRU,KGZ,0.0
NRU,KHM,0.0
NRU,KIR,1.0
NRU,KNA,1.0
NRU,KOR,1.0
NRU,KWT,0.0
NRU,LAO,0.0
NRU,LBN,0.0
NRU,LBR,0.0
NRU,LBY,0.0
NRU,LCA,1.0
NRU,LKA,0.0
NRU,LSO,0.0
NRU,LTU,1.0
NRU,LUX,1.0
NRU,LVA,1.0
NRU,MAC,1.0
NRU,MAR,0.0
NRU,MDA,0.0
NRU,MDG,0.0
NRU,MDV,1.0
NRU,MEX,0.0
NRU,MHL,1.0
NRU,MKD,1.0
NRU,MLI,0.0
NRU,MLT,1.0
NRU,MMR,0.0
NRU,MNE,1.0
NRU,MNG,0.0
NRU,MNP,1.0
NRU,MOZ,0.0
NRU,MRT,0.0
NRU,MUS,1.0
NRU,MWI,0.0
NRU,MYS,0.0
NRU,NAM,1.0
NRU,NER,0.0
NRU,NGA,0.0
NRU,NIC,0.0
NRU,NLD,1.0
NRU,NOR,1.0
NRU,NPL,0.0
NRU,NRU,1.0
NRU,NZL,1.0
NRU,OMN,0.0
NRU,PAK,0.0
NRU,PAN,1.0
NRU,PER,0.0
NRU,PHL,0.0
NRU,PLW,1.0
NRU,PNG,0.0
NRU,POL,1.0
NRU,PRT,1.0
NRU,PRY,0.0
NRU,PSE,0.0
NRU,PYF,1.0
NRU,QAT,1.0
NRU,ROU,0.0
NRU,RUS,0.0
NRU,RWA,0.0
NRU,SAU,0.0
NRU,SDN,0.0
NRU,SEN,0.0
NRU,SGP,1.0
NRU,SLB,0.0
NRU,SLE,0.0
NRU,SLV,0.0
NRU,SMR,1.0
NRU,SOM,0.0
NRU,SRB,0.0
NRU,SSD,0.0
NRU,STP,1.0
NRU,SUR,0.0
NRU,SVK,1.0
NRU,SVN,1.0
NRU,SWE,1.0
NRU,SWZ,0.0
NRU,SXM,1.0
NRU,SYC,1.0
NRU,SYR,0.0
NRU,TCA,1.0
NRU,TCD,0.0
NRU,TGO,0.0
NRU,THA,0.0
NRU,TJK,0.0
NRU,TKM,0.0
NRU,TLS,0.0
NRU,TON,1.0
NRU,TTO,0.0
NRU,TUN,0.0
NRU,TUR,0.0
NRU,TUV,1.0
NRU,TZA,0.0
NRU,UGA,0.0
NRU,UKR,0.0
NRU,URY,1.0
NRU,UZB,0.0
NRU,VCT,1.0
NRU,VEN,0.0
NRU,VNM,0.0
NRU,VUT,1.0
NRU,WSM,1.0
NRU,YEM,0.0
NRU,ZAF,0.0
NRU,ZMB,0.0
NRU,ZWE,0.0
NZL,ABW,1.0
NZL,AFG,0.0
NZL,AGO,0.0
NZL,ALB,1.0
NZL,AND,1.0
NZL,ARE,1.0
NZL,ARG,0.0
NZL,ARM,0.0
NZL,ASM,1.0
NZL,ATG,1.0
NZL,AUS,1.0
NZL,AUT,1.0
NZL,AZE,0.0
NZL,BDI,0.0
NZL,BEL,1.0
NZL,BEN,0.0
NZL,BFA,0.0
NZL,BGD,0.0
NZL,BGR,1.0
NZL,BHR,1.0
NZL,BHS,1.0
NZL,BIH,0.0
NZL,BLR,0.0
NZL,BLZ,1.0
NZL,BMU,1.0
NZL,BOL,0.0
NZL,BRA,0.0
NZL,BRB,1.0
NZL,BRN,1.0
NZL,BTN,1.0
NZL,BWA,1.0
NZL,CAF,0.0
NZL,CAN,1.0
NZL,CHE,1.0
NZL,CHL,1.0
NZL,CIV,0.0
NZL,CMR,0.0
NZL,COD,0.0
NZL,COG,0.0
NZL,COL,0.0
NZL,COM,0.0
NZL,CPV,1.0
NZL,CRI,1.0
NZL,CUB,0.0
NZL,CUW,1.0
NZL,CYM,1.0
NZL,CYP,1.0
NZL,CZE,1.0
NZL,DEU,1.0
NZL,DJI,1.0
NZL,DMA,1.0
NZL,DNK,1.0
NZL,DOM,0.0
NZL,DZA,0.0
NZL,ECU,0.0
NZL,EGY,0.0
NZL,ESP,1.0
NZL,EST,1.0
NZL,ETH,0.0
NZL,FIN,1.0
NZL,FJI,0.0
NZL,FRA,1.0
NZL,FRO,1.0
NZL,FSM,1.0
NZL,GAB,0.0
NZL,GBR,1.0
NZL,GEO,1.0
NZL,GHA,0.0
NZL,GIN,0.0
NZL,GMB,0.0
NZL,GNB,0.0
NZL,GNQ,0.0
NZL,GRC,1.0
NZL,GRD,1.0
NZL,GRL,1.0
NZL,GTM,0.0
NZL,GUM,1.0
NZL,GUY,0.0
NZL,HKG,1.0
NZL,HND,0.0
NZL,HRV,1.0
NZL,HTI,0.0
NZL,HUN,1.0
NZL,IDN,0.0
NZL,IND,0.0
NZL,IRL,1.0
NZL,IRN,0.0
NZL,IRQ,0.0
NZL,ISL,1.0
NZL,ISR,1.0
NZL,ITA,1.0
NZL,JAM,1.0
NZL,JOR,0.0
NZL,JPN,1.0
NZL,KAZ,0.0
NZL,KEN,0.0
NZL,KGZ,0.0
NZL,KHM,0.0
NZL,KIR,1.0
NZL,KNA,1.0
NZL,KOR,1.0
NZL,KWT,0.0
NZL,LAO,0.0
NZL,LBN,0.0
NZL,LBR,0.0
NZL,LBY,0.0
NZL,LCA,1.0
NZL,LKA,0.0
NZL,LSO,0.0
NZL,LTU,1.0
NZL,LUX,1.0
NZL,LVA,1.0
NZL,MAC,1.0
NZL,MAR,0.0
NZL,MDA,0.0
NZL,MDG,0.0
NZL,MDV,1.0
NZL,MEX,0.0
NZL,MHL,1.0
NZL,MKD,1.0
NZL,MLI,0.0
NZL,MLT,1.0
NZL,MMR,0.0
NZL,MNE,1.0
NZL,MNG,0.0
NZL,MNP,1.0
NZL,MOZ,0.0
NZL,MRT,0.0
NZL,MUS,1.0
NZL,MWI,0.0
NZL,MYS,0.0
NZL,NAM,1.0
NZL,NER,0.0
NZL,NGA,0.0
NZL,NIC,0.0
NZL,NLD,1.0
NZL,NOR,1.0
NZL,NPL,0.0
NZL,NRU,1.0
NZL,NZL,1.0
NZL,OMN,0.0
NZL,PAK,0.0
NZL,PAN,1.0
NZL,PER,0.0
NZL,PHL,0.0
NZL,PLW,1.0
NZL,PNG,0.0
NZL,POL,1.0
NZL,PRT,1.0
NZL,PRY,0.0
NZL,PSE,0.0
NZL,PYF,1.0
NZL,QAT,1.0
NZL,ROU,0.0
NZL,RUS,0.0
NZL,RWA,0.0
NZL,SAU,0.0
NZL,SDN,0.0
NZL,SEN,0.0
NZL,SGP,1.0
NZL,SLB,0.0
NZL,SLE,0.0
NZL,SLV,0.0
NZL,SMR,1.0
NZL,SOM,0.0
NZL,SRB,0.0
NZL,SSD,0.0
NZL,STP,1.0
NZL,SUR,0.0
NZL,SVK,1.0
NZL,SVN,1.0
NZL,SWE,1.0
NZL,SWZ,0.0
NZL,SXM,1.0
NZL,SYC,1.0
NZL,SYR,0.0
NZL,TCA,1.0
NZL,TCD,0.0
NZL,TGO,0.0
NZL,THA,0.0
NZL,TJK,0.0
NZL,TKM,0.0
NZL,TLS,0.0
NZL,TON,1.0
NZL,TTO,0.0
NZL,TUN,0.0
NZL,TUR,0.0
NZL,TUV,1.0
NZL,TZA,0.0
NZL,UGA,0.0
NZL,UKR,0.0
NZL,URY,1.0
NZL,UZB,0.0
NZL,VCT,1.0
NZL,VEN,0.0
NZL,VNM,0.0
NZL,VUT,1.0
NZL,WSM,1.0
NZL,YEM,0.0
NZL,ZAF,0.0
NZL,ZMB,0.0
NZL,ZWE,0.0
OMN,ABW,0.0
OMN,AFG,1.0
OMN,AGO,1.0
OMN,ALB,0.0
OMN,AND,0.0
OMN,ARE,0.0
OMN,ARG,1.0
OMN,ARM,1.0
OMN,ASM,0.0
OMN,ATG,0.0
OMN,AUS,0.0
OMN,AUT,0.0
OMN,AZE,1.0
OMN,BDI,1.0
OMN,BEL,0.0
OMN,BEN,1.0
OMN,BFA,1.0
OMN,BGD,1.0
OMN,BGR,0.0
OMN,BHR,0.0
OMN,BHS,0.0
OMN,BIH,1.0
OMN,BLR,1.0
OMN,BLZ,0.0
OMN,BMU,0.0
OMN,BOL,1.0
OMN,BRA,1.0
OMN,BRB,0.0
OMN,BRN,0.0
OMN,BTN,0.0
OMN,BWA,0.0
OMN,CAF,1.0
OMN,CAN,0.0
OMN,CHE,0.0
OMN,CHL,0.0
OMN,CIV,1.0
OMN,CMR,1.0
OMN,COD,1.0
OMN,COG,1.0
OMN,COL,1.0
OMN,COM,1.0
OMN,CPV,0.0
OMN,CRI,0.0
OMN,CUB,1.0
OMN,CUW,0.0
OMN,CYM,0.0
OMN,CYP,0.0
OMN,CZE,0.0
OMN,DEU,0.0
OMN,DJI,0.0
OMN,DMA,0.0
OMN,DNK,0.0
OMN,DOM,1.0
OMN,DZA,1.0
OMN,ECU,1.0
OMN,EGY,1.0
OMN,ESP,0.0
OMN,EST,0.0
OMN,ETH,1.0
OMN,FIN,0.0
OMN,FJI,1.0
OMN,FRA,0.0
OMN,FRO,0.0
OMN,FSM,0.0
OMN,GAB,1.0
OMN,GBR,0.0
OMN,GEO,0.0
OMN,GHA,1.0
OMN,GIN,1.0
OMN,GMB,1.0
OMN,GNB,1.0
OMN,GNQ,1.0
OMN,GRC,0.0
OMN,GRD,0.0
OMN,GRL,0.0
OMN,GTM,1.0
OMN,GUM,0.0
OMN,GUY,1.0
OMN,HKG,0.0
OMN,HND,1.0
OMN,HRV,0.0
OMN,HTI,1.0
OMN,HUN,0.0
OMN,IDN,1.0
OMN,IND,1.0
OMN,IRL,0.0
OMN,IRN,1.0
OMN,IRQ,1.0
OMN,ISL,0.0
OMN,ISR,0.0
OMN,ITA,0.0
OMN,JAM,0.0
OMN,JOR,1.0
OMN,JPN,0.0
OMN,KAZ,1.0
OMN,KEN,1.0
OMN,KGZ,1.0
OMN,KHM,1.0
OMN,KIR,0.0
OMN,KNA,0.0
OMN,KOR,0.0
OMN,KWT,1.0
OMN,LAO,1.0
OMN,LBN,1.0
OMN,LBR,1.0
OMN,LBY,1.0
OMN,LCA,0.0
OMN,LKA,1.0
OMN,LSO,1.0
OMN,LTU,0.0
OMN,LUX,0.0
OMN,LVA,0.0
OMN,MAC,0.0
OMN,MAR,1.0
OMN,MDA,1.0
OMN,MDG,1.0
OMN,MDV,0.0
OMN,MEX,1.0
OMN,MHL,0.0
OMN,MKD,0.0
OMN,MLI,1.0
OMN,MLT,0.0
OMN,MMR,1.0
OMN,MNE,0.0
OMN,MNG,1.0
OMN,MNP,0.0
OMN,MOZ,1.0
OMN,MRT,1.0
OMN,MUS,0.0
OMN,MWI,1.0
OMN,MYS,1.0
OMN,NAM,0.0
OMN,NER,1.0
OMN,NGA,1.0
OMN,NIC,1.0
OMN,NLD,0.0
OMN,NOR,0.0
OMN,NPL,1.0
OMN,NRU,0.0
OMN,NZL,0.0
OMN,OMN,1.0
OMN,PAK,1.0
OMN,PAN,0.0
OMN,PER,1.0
OMN,PHL,1.0
OMN,PLW,0.0
OMN,PNG,1.0
OMN,POL,0.0
OMN,PRT,0.0
OMN,PRY,1.0
OMN,PSE,1.0
OMN,PYF,0.0
OMN,QAT,0.0
OMN,ROU,1.0
OMN,RUS,1.0
OMN,RWA,1.0
OMN,SAU,1.0
OMN,SDN,1.0
OMN,SEN,1.0
OMN,SGP,0.0
OMN,SLB,1.0
OMN,SLE,1.0
OMN,SLV,1.0
OMN,SMR,0.0
OMN,SOM,1.0
OMN,SRB,1.0
OMN,SSD,1.0
OMN,STP,0.0
OMN,SUR,1.0
OMN,SVK,0.0
OMN,SVN,0.0
OMN,SWE,0.0
OMN,SWZ,1.0
OMN,SXM,0.0
OMN,SYC,0.0
OMN,SYR,1.0
OMN,TCA,0.0
OMN,TCD,1.0
OMN,TGO,1.0
OMN,THA,1.0
OMN,TJK,1.0
OMN,TKM,1.0
OMN,TLS,1.0
OMN,TON,0.0
OMN,TTO,1.0
OMN,TUN,1.0
OMN,TUR,1.0
OMN,TUV,0.0
OMN,TZA,1.0
OMN,UGA,1.0
OMN,UKR,1.0
OMN,URY,0.0
OMN,UZB,1.0
OMN,VCT,0.0
OMN,VEN,1.0
OMN,VNM,1.0
OMN,VUT,0.0
OMN,WSM,0.0
OMN,YEM,1.0
OMN,ZAF,1.0
OMN,ZMB,1.0
OMN,ZWE,1.0
PAK,ABW,0.0
PAK,AFG,1.0
PAK,AGO,1.0
PAK,ALB,0.0
PAK,AND,0.0
PAK,ARE,0.0
PAK,ARG,1.0
PAK,ARM,1.0
PAK,ASM,0.0
PAK,ATG,0.0
PAK,AUS,0.0
PAK,AUT,0.0
PAK,AZE,1.0
PAK,BDI,1.0
PAK,BEL,0.0
PAK,BEN,1.0
PAK,BFA,1.0
PAK,BGD,1.0
PAK,BGR,0.0
PAK,BHR,0.0
PAK,BHS,0.0
PAK,BIH,1.0
PAK,BLR,1.0
PAK,BLZ,0.0
PAK,BMU,0.0
PAK,BOL,1.0
PAK,BRA,1.0
PAK,BRB,0.0
PAK,BRN,0.0
PAK,BTN,0.0
PAK,BWA,0.0
PAK,CAF,1.0
PAK,CAN,0.0
PAK,CHE,0.0
PAK,CHL,0.0
PAK,CIV,1.0
PAK,CMR,1.0
PAK,COD,1.0
PAK,COG,1.0
PAK,COL,1.0
PAK,COM,1.0
PAK,CPV,0.0
PAK,CRI,0.0
PAK,CUB,1.0
PAK,CUW,0.0
PAK,CYM,0.0
PAK,CYP,0.0
PAK,CZE,0.0
PAK,DEU,0.0
PAK,DJI,0.0
PAK,DMA,0.0
PAK,DNK,0.0
PAK,DOM,1.0
PAK,DZA,1.0
PAK,ECU,1.0
PAK,EGY,1.0
PAK,ESP,0.0
PAK,EST,0.0
PAK,ETH,1.0
PAK,FIN,0.0
PAK,FJI,1.0
PAK,FRA,0.0
PAK,FRO,0.0
PAK,FSM,0.0
PAK,GAB,1.0
PAK,GBR,0.0
PAK,GEO,0.0
PAK,GHA,1.0
PAK,GIN,1.0
PAK,GMB,1.0
PAK,GNB,1.0
PAK,GNQ,1.0
PAK,GRC,0.0
PAK,GRD,0.0
PAK,GRL,0.0
PAK,GTM,1.0
PAK,GUM,0.0
PAK,GUY,1.0
PAK,HKG,0.0
PAK,HND,1.0
PAK,HRV,0.0
PAK,HTI,1.0
PAK,HUN,0.0
PAK,IDN,1.0
PAK,IND,1.0
PAK,IRL,0.0
PAK,IRN,1.0
PAK,IRQ,1.0
PAK,ISL,0.0
PAK,ISR,0.0
PAK,ITA,0.0
PAK,JAM,0.0
PAK,JOR,1.0
PAK,JPN,0.0
PAK,KAZ,1.0
PAK,KEN,1.0
PAK,KGZ,1.0
PAK,KHM,1.0
PAK,KIR,0.0
PAK,KNA,0.0
PAK,KOR,0.0
PAK,KWT,1.0
PAK,LAO,1.0
PAK,LBN,1.0
PAK,LBR,1.0
PAK,LBY,1.0
PAK,LCA,0.0
PAK,LKA,1.0
PAK,LSO,1.0
PAK,LTU,0.0
PAK,LUX,0.0
PAK,LVA,0.0
PAK,MAC,0.0
PAK,MAR,1.0
PAK,MDA,1.0
PAK,MDG,1.0
PAK,MDV,0.0
PAK,MEX,1.0
PAK,MHL,0.0
PAK,MKD,0.0
PAK,MLI,1.0
PAK,MLT,0.0
PAK,MMR,1.0
PAK,MNE,0.0
PAK,MNG,1.0
PAK,MNP,0.0
PAK,MOZ,1.0
PAK,MRT,1.0
PAK,MUS,0.0
PAK,MWI,1.0
PAK,MYS,1.0
PAK,NAM,0.0
PAK,NER,1.0
PAK,NGA,1.0
PAK,NIC,1.0
PAK,NLD,0.0
PAK,NOR,0.0
PAK,NPL,1.0
PAK,NRU,0.0
PAK,NZL,0.0
PAK,OMN,1.0
PAK,PAK,1.0
PAK,PAN,0.0
PAK,PER,1.0
PAK,PHL,1.0
PAK,PLW,0.0
PAK,PNG,1.0
PAK,POL,0.0
PAK,PRT,0.0
PAK,PRY,1.0
PAK,PSE,1.0
PAK,PYF,0.0
PAK,QAT,0.0
PAK,ROU,1.0
PAK,RUS,1.0
PAK,RWA,1.0
PAK,SAU,1.0
PAK,SDN,1.0
PAK,SEN,1.0
PAK,SGP,0.0
PAK,SLB,1.0
PAK,SLE,1.0
PAK,SLV,1.0
PAK,SMR,0.0
PAK,SOM,1.0
PAK,SRB,1.0
PAK,SSD,1.0
PAK,STP,0.0
PAK,SUR,1.0
PAK,SVK,0.0
PAK,SVN,0.0
PAK,SWE,0.0
PAK,SWZ,1.0
PAK,SXM,0.0
PAK,SYC,0.0
PAK,SYR,1.0
PAK,TCA,0.0
PAK,TCD,1.0
PAK,TGO,1.0
PAK,THA,1.0
PAK,TJK,1.0
PAK,TKM,1.0
PAK,TLS,1.0
PAK,TON,0.0
PAK,TTO,1.0
PAK,TUN,1.0
PAK,TUR,1.0
PAK,TUV,0.0
PAK,TZA,1.0
PAK,UGA,1.0
PAK,UKR,1.0
PAK,URY,0.0
PAK,UZB,1.0
PAK,VCT,0.0
PAK,VEN,1.0
PAK,VNM,1.0
PAK,VUT,0.0
PAK,WSM,0.0
PAK,YEM,1.0
PAK,ZAF,1.0
PAK,ZMB,1.0
PAK,ZWE,1.0
PAN,ABW,1.0
PAN,AFG,0.0
PAN,AGO,0.0
PAN,ALB,1.0
PAN,AND,1.0
PAN,ARE,1.0
PAN,ARG,0.0
PAN,ARM,0.0
PAN,ASM,1.0
PAN,ATG,1.0
PAN,AUS,1.0
PAN,AUT,1.0
PAN,AZE,0.0
PAN,BDI,0.0
PAN,BEL,1.0
PAN,BEN,0.0
PAN,BFA,0.0
PAN,BGD,0.0
PAN,BGR,1.0
PAN,BHR,1.0
PAN,BHS,1.0
PAN,BIH,0.0
PAN,BLR,0.0
PAN,BLZ,1.0
PAN,BMU,1.0
PAN,BOL,0.0
PAN,BRA,0.0
PAN,BRB,1.0
PAN,BRN,1.0
PAN,BTN,1.0
PAN,BWA,1.0
PAN,CAF,0.0
PAN,CAN,1.0
PAN,CHE,1.0
PAN,CHL,1.0
PAN,CIV,0.0
PAN,CMR,0.0
PAN,COD,0.0
PAN,COG,0.0
PAN,COL,0.0
PAN,COM,0.0
PAN,CPV,1.0
PAN,CRI,1.0
PAN,CUB,0.0
PAN,CUW,1.0
PAN,CYM,1.0
PAN,CYP,1.0
PAN,CZE,1.0
PAN,DEU,1.0
PAN,DJI,1.0
PAN,DMA,1.0
PAN,DNK,1.0
PAN,DOM,0.0
PAN,DZA,0.0
PAN,ECU,0.0
PAN,EGY,0.0
PAN,ESP,1.0
PAN,EST,1.0
PAN,ETH,0.0
PAN,FIN,1.0
PAN,FJI,0.0
PAN,FRA,1.0
PAN,FRO,1.0
PAN,FSM,1.0
PAN,GAB,0.0
PAN,GBR,1.0
PAN,GEO,1.0
PAN,GHA,0.0
PAN,GIN,0.0
PAN,GMB,0.0
PAN,GNB,0.0
PAN,GNQ,0.0
PAN,GRC,1.0
PAN,GRD,1.0
PAN,GRL,1.0
PAN,GTM,0.0
PAN,GUM,1.0
PAN,GUY,0.0
PAN,HKG,1.0
PAN,HND,0.0
PAN,HRV,1.0
PAN,HTI,0.0
PAN,HUN,1.0
PAN,IDN,0.0
PAN,IND,0.0
PAN,IRL,1.0
PAN,IRN,0.0
PAN,IRQ,0.0
PAN,ISL,1.0
PAN,ISR,1.0
PAN,ITA,1.0
PAN,JAM,1.0
PAN,JOR,0.0
PAN,JPN,1.0
PAN,KAZ,0.0
PAN,KEN,0.0
PAN,KGZ,0.0
PAN,KHM,0.0
PAN,KIR,1.0
PAN,KNA,1.0
PAN,KOR,1.0
PAN,KWT,0.0
PAN,LAO,0.0
PAN,LBN,0.0
PAN,LBR,0.0
PAN,LBY,0.0
PAN,LCA,1.0
PAN,LKA,0.0
PAN,LSO,0.0
PAN,LTU,1.0
PAN,LUX,1.0
PAN,LVA,1.0
PAN,MAC,1.0
PAN,MAR,0.0
PAN,MDA,0.0
PAN,MDG,0.0
PAN,MDV,1.0
PAN,MEX,0.0
PAN,MHL,1.0
PAN,MKD,1.0
PAN,MLI,0.0
PAN,MLT,1.0
PAN,MMR,0.0
PAN,MNE,1.0
PAN,MNG,0.0
PAN,MNP,1.0
PAN,MOZ,0.0
PAN,MRT,0.0
PAN,MUS,1.0
PAN,MWI,0.0
PAN,MYS,0.0
PAN,NAM,1.0
PAN,NER,0.0
PAN,NGA,0.0
PAN,NIC,0.0
PAN,NLD,1.0
PAN,NOR,1.0
PAN,NPL,0.0
PAN,NRU,1.0
PAN,NZL,1.0
PAN,OMN,0.0
PAN,PAK,0.0
PAN,PAN,1.0
PAN,PER,0.0
PAN,PHL,0.0
PAN,PLW,1.0
PAN,PNG,0.0
PAN,POL,1.0
PAN,PRT,1.0
PAN,PRY,0.0
PAN,PSE,0.0
PAN,PYF,1.0
PAN,QAT,1.0
PAN,ROU,0.0
PAN,RUS,0.0
PAN,RWA,0.0
PAN,SAU,0.0
PAN,SDN,0.0
PAN,SEN,0.0
PAN,SGP,1.0
PAN,SLB,0.0
PAN,SLE,0.0
PAN,SLV,0.0
PAN,SMR,1.0
PAN,SOM,0.0
PAN,SRB,0.0
PAN,SSD,0.0
PAN,STP,1.0
PAN,SUR,0.0
PAN,SVK,1.0
PAN,SVN,1.0
PAN,SWE,1.0
PAN,SWZ,0.0
PAN,SXM,1.0
PAN,SYC,1.0
PAN,SYR,0.0
PAN,TCA,1.0
PAN,TCD,0.0
PAN,TGO,0.0
PAN,THA,0.0
PAN,TJK,0.0
PAN,TKM,0.0
PAN,TLS,0.0
PAN,TON,1.0
PAN,TTO,0.0
PAN,TUN,0.0
PAN,TUR,0.0
PAN,TUV,1.0
PAN,TZA,0.0
PAN,UGA,0.0
PAN,UKR,0.0
PAN,URY,1.0
PAN,UZB,0.0
PAN,VCT,1.0
PAN,VEN,0.0
PAN,VNM,0.0
PAN,VUT,1.0
PAN,WSM,1.0
PAN,YEM,0.0
PAN,ZAF,0.0
PAN,ZMB,0.0
PAN,ZWE,0.0
PER,ABW,0.0
PER,AFG,1.0
PER,AGO,1.0
PER,ALB,0.0
PER,AND,0.0
PER,ARE,0.0
PER,ARG,1.0
PER,ARM,1.0
PER,ASM,0.0
PER,ATG,0.0
PER,AUS,0.0
PER,AUT,0.0
PER,AZE,1.0
PER,BDI,1.0
PER,BEL,0.0
PER,BEN,1.0
PER,BFA,1.0
PER,BGD,1.0
PER,BGR,0.0
PER,BHR,0.0
PER,BHS,0.0
PER,BIH,1.0
PER,BLR,1.0
PER,BLZ,0.0
PER,BMU,0.0
PER,BOL,1.0
PER,BRA,1.0
PER,BRB,0.0
PER,BRN,0.0
PER,BTN,0.0
PER,BWA,0.0
PER,CAF,1.0
PER,CAN,0.0
PER,CHE,0.0
PER,CHL,0.0
PER,CIV,1.0
PER,CMR,1.0
PER,COD,1.0
PER,COG,1.0
PER,COL,1.0
PER,COM,1.0
PER,CPV,0.0
PER,CRI,0.0
PER,CUB,1.0
PER,CUW,0.0
PER,CYM,0.0
PER,CYP,0.0
PER,CZE,0.0
PER,DEU,0.0
PER,DJI,0.0
PER,DMA,0.0
PER,DNK,0.0
PER,DOM,1.0
PER,DZA,1.0
PER,ECU,1.0
PER,EGY,1.0
PER,ESP,0.0
PER,EST,0.0
PER,ETH,1.0
PER,FIN,0.0
PER,FJI,1.0
PER,FRA,0.0
PER,FRO,0.0
PER,FSM,0.0
PER,GAB,1.0
PER,GBR,0.0
PER,GEO,0.0
PER,GHA,1.0
PER,GIN,1.0
PER,GMB,1.0
PER,GNB,1.0
PER,GNQ,1.0
PER,GRC,0.0
PER,GRD,0.0
PER,GRL,0.0
PER,GTM,1.0
PER,GUM,0.0
PER,GUY,1.0
PER,HKG,0.0
PER,HND,1.0
PER,HRV,0.0
PER,HTI,1.0
PER,HUN,0.0
PER,IDN,1.0
PER,IND,1.0
PER,IRL,0.0
PER,IRN,1.0
PER,IRQ,1.0
PER,ISL,0.0
PER,ISR,0.0
PER,ITA,0.0
PER,JAM,0.0
PER,JOR,1.0
PER,JPN,0.0
PER,KAZ,1.0
PER,KEN,1.0
PER,KGZ,1.0
PER,KHM,1.0
PER,KIR,0.0
PER,KNA,0.0
PER,KOR,0.0
PER,KWT,1.0
PER,LAO,1.0
PER,LBN,1.0
PER,LBR,1.0
PER,LBY,1.0
PER,LCA,0.0
PER,LKA,1.0
PER,LSO,1.0
PER,LTU,0.0
PER,LUX,0.0
PER,LVA,0.0
PER,MAC,0.0
PER,MAR,1.0
PER,MDA,1.0
PER,MDG,1.0
PER,MDV,0.0
PER,MEX,1.0
PER,MHL,0.0
PER,MKD,0.0
PER,MLI,1.0
PER,MLT,0.0
PER,MMR,1.0
PER,MNE,0.0
PER,MNG,1.0
PER,MNP,0.0
PER,MOZ,1.0
PER,MRT,1.0
PER,MUS,0.0
PER,MWI,1.0
PER,MYS,1.0
PER,NAM,0.0
PER,NER,1.0
PER,NGA,1.0
PER,NIC,1.0
PER,NLD,0.0
PER,NOR,0.0
PER,NPL,1.0
PER,NRU,0.0
PER,NZL,0.0
PER,OMN,1.0
PER,PAK,1.0
PER,PAN,0.0
PER,PER,1.0
PER,PHL,1.0
PER,PLW,0.0
PER,PNG,1.0
PER,POL,0.0
PER,PRT,0.0
PER,PRY,1.0
PER,PSE,1.0
PER,PYF,0.0
PER,QAT,0.0
PER,ROU,1.0
PER,RUS,1.0
PER,RWA,1.0
PER,SAU,1.0
PER,SDN,1.0
PER,SEN,1.0
PER,SGP,0.0
PER,SLB,1.0
PER,SLE,1.0
PER,SLV,1.0
PER,SMR,0.0
PER,SOM,1.0
PER,SRB,1.0
PER,SSD,1.0
PER,STP,0.0
PER,SUR,1.0
PER,SVK,0.0
PER,SVN,0.0
PER,SWE,0.0
PER,SWZ,1.0
PER,SXM,0.0
PER,SYC,0.0
PER,SYR,1.0
PER,TCA,0.0
PER,TCD,1.0
PER,TGO,1.0
PER,THA,1.0
PER,TJK,1.0
PER,TKM,1.0
PER,TLS,1.0
PER,TON,0.0
PER,TTO,1.0
PER,TUN,1.0
PER,TUR,1.0
PER,TUV,0.0
PER,TZA,1.0
PER,UGA,1.0
PER,UKR,1.0
PER,URY,0.0
PER,UZB,1.0
PER,VCT,0.0
PER,VEN,1.0
PER,VNM,1.0
PER,VUT,0.0
PER,WSM,0.0
PER,YEM,1.0
PER,ZAF,1.0
PER,ZMB,1.0
PER,ZWE,1.0
PHL,ABW,0.0
PHL,AFG,1.0
PHL,AGO,1.0
PHL,ALB,0.0
PHL,AND,0.0
PHL,ARE,0.0
PHL,ARG,1.0
PHL,ARM,1.0
PHL,ASM,0.0
PHL,ATG,0.0
PHL,AUS,0.0
PHL,AUT,0.0
PHL,AZE,1.0
PHL,BDI,1.0
PHL,BEL,0.0
PHL,BEN,1.0
PHL,BFA,1.0
PHL,BGD,1.0
PHL,BGR,0.0
PHL,BHR,0.0
PHL,BHS,0.0
PHL,BIH,1.0
PHL,BLR,1.0
PHL,BLZ,0.0
PHL,BMU,0.0
PHL,BOL,1.0
PHL,BRA,1.0
PHL,BRB,0.0
PHL,BRN,0.0
PHL,BTN,0.0
PHL,BWA,0.0
PHL,CAF,1.0
PHL,CAN,0.0
PHL,CHE,0.0
PHL,CHL,0.0
PHL,CIV,1.0
PHL,CMR,1.0
PHL,COD,1.0
PHL,COG,1.0
PHL,COL,1.0
PHL,COM,1.0
PHL,CPV,0.0
PHL,CRI,0.0
PHL,CUB,1.0
PHL,CUW,0.0
PHL,CYM,0.0
PHL,CYP,0.0
PHL,CZE,0.0
PHL,DEU,0.0
PHL,DJI,0.0
PHL,DMA,0.0
PHL,DNK,0.0
PHL,DOM,1.0
PHL,DZA,1.0
PHL,ECU,1.0
PHL,EGY,1.0
PHL,ESP,0.0
PHL,EST,0.0
PHL,ETH,1.0
PHL,FIN,0.0
PHL,FJI,1.0
PHL,FRA,0.0
PHL,FRO,0.0
PHL,FSM,0.0
PHL,GAB,1.0
PHL,GBR,0.0
PHL,GEO,0.0
PHL,GHA,1.0
PHL,GIN,1.0
PHL,GMB,1.0
PHL,GNB,1.0
PHL,GNQ,1.0
PHL,GRC,0.0
PHL,GRD,0.0
PHL,GRL,0.0
PHL,GTM,1.0
PHL,GUM,0.0
PHL,GUY,1.0
PHL,HKG,0.0
PHL,HND,1.0
PHL,HRV,0.0
PHL,HTI,1.0
PHL,HUN,0.0
PHL,IDN,1.0
PHL,IND,1.0
PHL,IRL,0.0
PHL,IRN,1.0
PHL,IRQ,1.0
PHL,ISL,0.0
PHL,ISR,0.0
PHL,ITA,0.0
PHL,JAM,0.0
PHL,JOR,1.0
PHL,JPN,0.0
PHL,KAZ,1.0
PHL,KEN,1.0
PHL,KGZ,1.0
PHL,KHM,1.0
PHL,KIR,0.0
PHL,KNA,0.0
PHL,KOR,0.0
PHL,KWT,1.0
PHL,LAO,1.0
PHL,LBN,1.0
PHL,LBR,1.0
PHL,LBY,1.0
PHL,LCA,0.0
PHL,LKA,1.0
PHL,LSO,1.0
PHL,LTU,0.0
PHL,LUX,0.0
PHL,LVA,0.0
PHL,MAC,0.0
PHL,MAR,1.0
PHL,MDA,1.0
PHL,MDG,1.0
PHL,MDV,0.0
PHL,MEX,1.0
PHL,MHL,0.0
PHL,MKD,0.0
PHL,MLI,1.0
PHL,MLT,0.0
PHL,MMR,1.0
PHL,MNE,0.0
PHL,MNG,1.0
PHL,MNP,0.0
PHL,MOZ,1.0
PHL,MRT,1.0
PHL,MUS,0.0
PHL,MWI,1.0
PHL,MYS,1.0
PHL,NAM,0.0
PHL,NER,1.0
PHL,NGA,1.0
PHL,NIC,1.0
PHL,NLD,0.0
PHL,NOR,0.0
PHL,NPL,1.0
PHL,NRU,0.0
PHL,NZL,0.0
PHL,OMN,1.0
PHL,PAK,1.0
PHL,PAN,0.0
PHL,PER,1.0
PHL,PHL,1.0
PHL,PLW,0.0
PHL,PNG,1.0
PHL,POL,0.0
PHL,PRT,0.0
PHL,PRY,1.0
PHL,PSE,1.0
PHL,PYF,0.0
PHL,QAT,0.0
PHL,ROU,1.0
PHL,RUS,1.0
PHL,RWA,1.0
PHL,SAU,1.0
PHL,SDN,1.0
PHL,SEN,1.0
PHL,SGP,0.0
PHL,SLB,1.0
PHL,SLE,1.0
PHL,SLV,1.0
PHL,SMR,0.0
PHL,SOM,1.0
PHL,SRB,1.0
PHL,SSD,1.0
PHL,STP,0.0
PHL,SUR,1.0
PHL,SVK,0.0
PHL,SVN,0.0
PHL,SWE,0.0
PHL,SWZ,1.0
PHL,SXM,0.0
PHL,SYC,0.0
PHL,SYR,1.0
PHL,TCA,0.0
PHL,TCD,1.0
PHL,TGO,1.0
PHL,THA,1.0
PHL,TJK,1.0
PHL,TKM,1.0
PHL,TLS,1.0
PHL,TON,0.0
PHL,TTO,1.0
PHL,TUN,1.0
PHL,TUR,1.0
PHL,TUV,0.0
PHL,TZA,1.0
PHL,UGA,1.0
PHL,UKR,1.0
PHL,URY,0.0
PHL,UZB,1.0
PHL,VCT,0.0
PHL,VEN,1.0
PHL,VNM,1.0
PHL,VUT,0.0
PHL,WSM,0.0
PHL,YEM,1.0
PHL,ZAF,1.0
PHL,ZMB,1.0
PHL,ZWE,1.0
PLW,ABW,1.0
PLW,AFG,0.0
PLW,AGO,0.0
PLW,ALB,1.0
PLW,AND,1.0
PLW,ARE,1.0
PLW,ARG,0.0
PLW,ARM,0.0
PLW,ASM,1.0
PLW,ATG,1.0
PLW,AUS,1.0
PLW,AUT,1.0
PLW,AZE,0.0
PLW,BDI,0.0
PLW,BEL,1.0
PLW,BEN,0.0
PLW,BFA,0.0
PLW,BGD,0.0
PLW,BGR,1.0
PLW,BHR,1.0
PLW,BHS,1.0
PLW,BIH,0.0
PLW,BLR,0.0
PLW,BLZ,1.0
PLW,BMU,1.0
PLW,BOL,0.0
PLW,BRA,0.0
PLW,BRB,1.0
PLW,BRN,1.0
PLW,BTN,1.0
PLW,BWA,1.0
PLW,CAF,0.0
PLW,CAN,1.0
PLW,CHE,1.0
PLW,CHL,1.0
PLW,CIV,0.0
PLW,CMR,0.0
PLW,COD,0.0
PLW,COG,0.0
PLW,COL,0.0
PLW,COM,0.0
PLW,CPV,1.0
PLW,CRI,1.0
PLW,CUB,0.0
PLW,CUW,1.0
PLW,CYM,1.0
PLW,CYP,1.0
PLW,CZE,1.0
PLW,DEU,1.0
PLW,DJI,1.0
PLW,DMA,1.0
PLW,DNK,1.0
PLW,DOM,0.0
PLW,DZA,0.0
PLW,ECU,0.0
PLW,EGY,0.0
PLW,ESP,1.0
PLW,EST,1.0
PLW,ETH,0.0
PLW,FIN,1.0
PLW,FJI,0.0
PLW,FRA,1.0
PLW,FRO,1.0
PLW,FSM,1.0
PLW,GAB,0.0
PLW,GBR,1.0
PLW,GEO,1.0
PLW,GHA,0.0
PLW,GIN,0.0
PLW,GMB,0.0
PLW,GNB,0.0
PLW,GNQ,0.0
PLW,GRC,1.0
PLW,GRD,1.0
PLW,GRL,1.0
PLW,GTM,0.0
PLW,GUM,1.0
PLW,GUY,0.0
PLW,HKG,1.0
PLW,HND,0.0
PLW,HRV,1.0
PLW,HTI,0.0
PLW,HUN,1.0
PLW,IDN,0.0
PLW,IND,0.0
PLW,IRL,1.0
PLW,IRN,0.0
PLW,IRQ,0.0
PLW,ISL,1.0
PLW,ISR,1.0
PLW,ITA,1.0
PLW,JAM,1.0
PLW,JOR,0.0
PLW,JPN,1.0
PLW,KAZ,0.0
PLW,KEN,0.0
PLW,KGZ,0.0
PLW,KHM,0.0
PLW,KIR,1.0
PLW,KNA,1.0
PLW,KOR,1.0
PLW,KWT,0.0
PLW,LAO,0.0
PLW,LBN,0.0
PLW,LBR,0.0
PLW,LBY,0.0
PLW,LCA,1.0
PLW,LKA,0.0
PLW,LSO,0.0
PLW,LTU,1.0
PLW,LUX,1.0
PLW,LVA,1.0
PLW,MAC,1.0
PLW,MAR,0.0
PLW,MDA,0.0
PLW,MDG,0.0
PLW,MDV,1.0
PLW,MEX,0.0
PLW,MHL,1.0
PLW,MKD,1.0
PLW,MLI,0.0
PLW,MLT,1.0
PLW,MMR,0.0
PLW,MNE,1.0
PLW,MNG,0.0
PLW,MNP,1.0
PLW,MOZ,0.0
PLW,MRT,0.0
PLW,MUS,1.0
PLW,MWI,0.0
PLW,MYS,0.0
PLW,NAM,1.0
PLW,NER,0.0
PLW,NGA,0.0
PLW,NIC,0.0
PLW,NLD,1.0
PLW,NOR,1.0
PLW,NPL,0.0
PLW,NRU,1.0
PLW,NZL,1.0
PLW,OMN,0.0
PLW,PAK,0.0
PLW,PAN,1.0
PLW,PER,0.0
PLW,PHL,0.0
PLW,PLW,1.0
PLW,PNG,0.0
PLW,POL,1.0
PLW,PRT,1.0
PLW,PRY,0.0
PLW,PSE,0.0
PLW,PYF,1.0
PLW,QAT,1.0
PLW,ROU,0.0
PLW,RUS,0.0
PLW,RWA,0.0
PLW,SAU,0.0
PLW,SDN,0.0
PLW,SEN,0.0
PLW,SGP,1.0
PLW,SLB,0.0
PLW,SLE,0.0
PLW,SLV,0.0
PLW,SMR,1.0
PLW,SOM,0.0
PLW,SRB,0.0
PLW,SSD,0.0
PLW,STP,1.0
PLW,SUR,0.0
PLW,SVK,1.0
PLW,SVN,1.0
PLW,SWE,1.0
PLW,SWZ,0.0
PLW,SXM,1.0
PLW,SYC,1.0
PLW,SYR,0.0
PLW,TCA,1.0
PLW,TCD,0.0
PLW,TGO,0.0
PLW,THA,0.0
PLW,TJK,0.0
PLW,TKM,0.0
PLW,TLS,0.0
PLW,TON,1.0
PLW,TTO,0.0
PLW,TUN,0.0
PLW,TUR,0.0
PLW,TUV,1.0
PLW,TZA,0.0
PLW,UGA,0.0
PLW,UKR,0.0
PLW,URY,1.0
PLW,UZB,0.0
PLW,VCT,1.0
PLW,VEN,0.0
PLW,VNM,0.0
PLW,VUT,1.0
PLW,WSM,1.0
PLW,YEM,0.0
PLW,ZAF,0.0
PLW,ZMB,0.0
PLW,ZWE,0.0
PNG,ABW,0.0
PNG,AFG,1.0
PNG,AGO,1.0
PNG,ALB,0.0
PNG,AND,0.0
PNG,ARE,0.0
PNG,ARG,1.0
PNG,ARM,1.0
PNG,ASM,0.0
PNG,ATG,0.0
PNG,AUS,0.0
PNG,AUT,0.0
PNG,AZE,1.0
PNG,BDI,1.0
PNG,BEL,0.0
PNG,BEN,1.0
PNG,BFA,1.0
PNG,BGD,1.0
PNG,BGR,0.0
PNG,BHR,0.0
PNG,BHS,0.0
PNG,BIH,1.0
PNG,BLR,1.0
PNG,BLZ,0.0
PNG,BMU,0.0
PNG,BOL,1.0
PNG,BRA,1.0
PNG,BRB,0.0
PNG,BRN,0.0
PNG,BTN,0.0
PNG,BWA,0.0
PNG,CAF,1.0
PNG,CAN,0.0
PNG,CHE,0.0
PNG,CHL,0.0
PNG,CIV,1.0
PNG,CMR,1.0
PNG,COD,1.0
PNG,COG,1.0
PNG,COL,1.0
PNG,COM,1.0
PNG,CPV,0.0
PNG,CRI,0.0
PNG,CUB,1.0
PNG,CUW,0.0
PNG,CYM,0.0
PNG,CYP,0.0
PNG,CZE,0.0
PNG,DEU,0.0
PNG,DJI,0.0
PNG,DMA,0.0
PNG,DNK,0.0
PNG,DOM,1.0
PNG,DZA,1.0
PNG,ECU,1.0
PNG,EGY,1.0
PNG,ESP,0.0
PNG,EST,0.0
PNG,ETH,1.0
PNG,FIN,0.0
PNG,FJI,1.0
PNG,FRA,0.0
PNG,FRO,0.0
PNG,FSM,0.0
PNG,GAB,1.0
PNG,GBR,0.0
PNG,GEO,0.0
PNG,GHA,1.0
PNG,GIN,1.0
PNG,GMB,1.0
PNG,GNB,1.0
PNG,GNQ,1.0
PNG,GRC,0.0
PNG,GRD,0.0
PNG,GRL,0.0
PNG,GTM,1.0
PNG,GUM,0.0
PNG,GUY,1.0
PNG,HKG,0.0
PNG,HND,1.0
PNG,HRV,0.0
PNG,HTI,1.0
PNG,HUN,0.0
PNG,IDN,1.0
PNG,IND,1.0
PNG,IRL,0.0
PNG,IRN,1.0
PNG,IRQ,1.0
PNG,ISL,0.0
PNG,ISR,0.0
PNG,ITA,0.0
PNG,JAM,0.0
PNG,JOR,1.0
PNG,JPN,0.0
PNG,KAZ,1.0
PNG,KEN,1.0
PNG,KGZ,1.0
PNG,KHM,1.0
PNG,KIR,0.0
PNG,KNA,0.0
PNG,KOR,0.0
PNG,KWT,1.0
PNG,LAO,1.0
PNG,LBN,1.0
PNG,LBR,1.0
PNG,LBY,1.0
PNG,LCA,0.0
PNG,LKA,1.0
PNG,LSO,1.0
PNG,LTU,0.0
PNG,LUX,0.0
PNG,LVA,0.0
PNG,MAC,0.0
PNG,MAR,1.0
PNG,MDA,1.0
PNG,MDG,1.0
PNG,MDV,0.0
PNG,MEX,1.0
PNG,MHL,0.0
PNG,MKD,0.0
PNG,MLI,1.0
PNG,MLT,0.0
PNG,MMR,1.0
PNG,MNE,0.0
PNG,MNG,1.0
PNG,MNP,0.0
PNG,MOZ,1.0
PNG,MRT,1.0
PNG,MUS,0.0
PNG,MWI,1.0
PNG,MYS,1.0
PNG,NAM,0.0
PNG,NER,1.0
PNG,NGA,1.0
PNG,NIC,1.0
PNG,NLD,0.0
PNG,NOR,0.0
PNG,NPL,1.0
PNG,NRU,0.0
PNG,NZL,0.0
PNG,OMN,1.0
PNG,PAK,1.0
PNG,PAN,0.0
PNG,PER,1.0
PNG,PHL,1.0
PNG,PLW,0.0
PNG,PNG,1.0
PNG,POL,0.0
PNG,PRT,0.0
PNG,PRY,1.0
PNG,PSE,1.0
PNG,PYF,0.0
PNG,QAT,0.0
PNG,ROU,1.0
PNG,RUS,1.0
PNG,RWA,1.0
PNG,SAU,1.0
PNG,SDN,1.0
PNG,SEN,1.0
PNG,SGP,0.0
PNG,SLB,1.0
PNG,SLE,1.0
PNG,SLV,1.0
PNG,SMR,0.0
PNG,SOM,1.0
PNG,SRB,1.0
PNG,SSD,1.0
PNG,STP,0.0
PNG,SUR,1.0
PNG,SVK,0.0
PNG,SVN,0.0
PNG,SWE,0.0
PNG,SWZ,1.0
PNG,SXM,0.0
PNG,SYC,0.0
PNG,SYR,1.0
PNG,TCA,0.0
PNG,TCD,1.0
PNG,TGO,1.0
PNG,THA,1.0
PNG,TJK,1.0
PNG,TKM,1.0
PNG,TLS,1.0
PNG,TON,0.0
PNG,TTO,1.0
PNG,TUN,1.0
PNG,TUR,1.0
PNG,TUV,0.0
PNG,TZA,1.0
PNG,UGA,1.0
PNG,UKR,1.0
PNG,URY,0.0
PNG,UZB,1.0
PNG,VCT,0.0
PNG,VEN,1.0
PNG,VNM,1.0
PNG,VUT,0.0
PNG,WSM,0.0
PNG,YEM,1.0
PNG,ZAF,1.0
PNG,ZMB,1.0
PNG,ZWE,1.0
POL,ABW,1.0
POL,AFG,0.0
POL,AGO,0.0
POL,ALB,1.0
POL,AND,1.0
POL,ARE,1.0
POL,ARG,0.0
POL,ARM,0.0
POL,ASM,1.0
POL,ATG,1.0
POL,AUS,1.0
POL,AUT,1.0
POL,AZE,0.0
POL,BDI,0.0
POL,BEL,1.0
POL,BEN,0.0
POL,BFA,0.0
POL,BGD,0.0
POL,BGR,1.0
POL,BHR,1.0
POL,BHS,1.0
POL,BIH,0.0
POL,BLR,0.0
POL,BLZ,1.0
POL,BMU,1.0
POL,BOL,0.0
POL,BRA,0.0
POL,BRB,1.0
POL,BRN,1.0
POL,BTN,1.0
POL,BWA,1.0
POL,CAF,0.0
POL,CAN,1.0
POL,CHE,1.0
POL,CHL,1.0
POL,CIV,0.0
POL,CMR,0.0
POL,COD,0.0
POL,COG,0.0
POL,COL,0.0
POL,COM,0.0
POL,CPV,1.0
POL,CRI,1.0
POL,CUB,0.0
POL,CUW,1.0
POL,CYM,1.0
POL,CYP,1.0
POL,CZE,1.0
POL,DEU,1.0
POL,DJI,1.0
POL,DMA,1.0
POL,DNK,1.0
POL,DOM,0.0
POL,DZA,0.0
POL,ECU,0.0
POL,EGY,0.0
POL,ESP,1.0
POL,EST,1.0
POL,ETH,0.0
POL,FIN,1.0
POL,FJI,0.0
POL,FRA,1.0
POL,FRO,1.0
POL,FSM,1.0
POL,GAB,0.0
POL,GBR,1.0
POL,GEO,1.0
POL,GHA,0.0
POL,GIN,0.0
POL,GMB,0.0
POL,GNB,0.0
POL,GNQ,0.0
POL,GRC,1.0
POL,GRD,1.0
POL,GRL,1.0
POL,GTM,0.0
POL,GUM,1.0
POL,GUY,0.0
POL,HKG,1.0
POL,HND,0.0
POL,HRV,1.0
POL,HTI,0.0
POL,HUN,1.0
POL,IDN,0.0
POL,IND,0.0
POL,IRL,1.0
POL,IRN,0.0
POL,IRQ,0.0
POL,ISL,1.0
POL,ISR,1.0
POL,ITA,1.0
POL,JAM,1.0
POL,JOR,0.0
POL,JPN,1.0
POL,KAZ,0.0
POL,KEN,0.0
POL,KGZ,0.0
POL,KHM,0.0
POL,KIR,1.0
POL,KNA,1.0
POL,KOR,1.0
POL,KWT,0.0
POL,LAO,0.0
POL,LBN,0.0
POL,LBR,0.0
POL,LBY,0.0
POL,LCA,1.0
POL,LKA,0.0
POL,LSO,0.0
POL,LTU,1.0
POL,LUX,1.0
POL,LVA,1.0
POL,MAC,1.0
POL,MAR,0.0
POL,MDA,0.0
POL,MDG,0.0
POL,MDV,1.0
POL,MEX,0.0
POL,MHL,1.0
POL,MKD,1.0
POL,MLI,0.0
POL,MLT,1.0
POL,MMR,0.0
POL,MNE,1.0
POL,MNG,0.0
POL,MNP,1.0
POL,MOZ,0.0
POL,MRT,0.0
POL,MUS,1.0
POL,MWI,0.0
POL,MYS,0.0
POL,NAM,1.0
POL,NER,0.0
POL,NGA,0.0
POL,NIC,0.0
POL,NLD,1.0
POL,NOR,1.0
POL,NPL,0.0
POL,NRU,1.0
POL,NZL,1.0
POL,OMN,0.0
POL,PAK,0.0
POL,PAN,1.0
POL,PER,0.0
POL,PHL,0.0
POL,PLW,1.0
POL,PNG,0.0
POL,POL,1.0
POL,PRT,1.0
POL,PRY,0.0
POL,PSE,0.0
POL,PYF,1.0
POL,QAT,1.0
POL,ROU,0.0
POL,RUS,0.0
POL,RWA,0.0
POL,SAU,0.0
POL,SDN,0.0
POL,SEN,0.0
POL,SGP,1.0
POL,SLB,0.0
POL,SLE,0.0
POL,SLV,0.0
POL,SMR,1.0
POL,SOM,0.0
POL,SRB,0.0
POL,SSD,0.0
POL,STP,1.0
POL,SUR,0.0
POL,SVK,1.0
POL,SVN,1.0
POL,SWE,1.0
POL,SWZ,0.0
POL,SXM,1.0
POL,SYC,1.0
POL,SYR,0.0
POL,TCA,1.0
POL,TCD,0.0
POL,TGO,0.0
POL,THA,0.0
POL,TJK,0.0
POL,TKM,0.0
POL,TLS,0.0
POL,TON,1.0
POL,TTO,0.0
POL,TUN,0.0
POL,TUR,0.0
POL,TUV,1.0
POL,TZA,0.0
POL,UGA,0.0
POL,UKR,0.0
POL,URY,1.0
POL,UZB,0.0
POL,VCT,1.0
POL,VEN,0.0
POL,VNM,0.0
POL,VUT,1.0
POL,WSM,1.0
POL,YEM,0.0
POL,ZAF,0.0
POL,ZMB,0.0
POL,ZWE,0.0
PRT,ABW,1.0
PRT,AFG,0.0
PRT,AGO,0.0
PRT,ALB,1.0
PRT,AND,1.0
PRT,ARE,1.0
PRT,ARG,0.0
PRT,ARM,0.0
PRT,ASM,1.0
PRT,ATG,1.0
PRT,AUS,1.0
PRT,AUT,1.0
PRT,AZE,0.0
PRT,BDI,0.0
PRT,BEL,1.0
PRT,BEN,0.0
PRT,BFA,0.0
PRT,BGD,0.0
PRT,BGR,1.0
PRT,BHR,1.0
PRT,BHS,1.0
PRT,BIH,0.0
PRT,BLR,0.0
PRT,BLZ,1.0
PRT,BMU,1.0
PRT,BOL,0.0
PRT,BRA,0.0
PRT,BRB,1.0
PRT,BRN,1.0
PRT,BTN,1.0
PRT,BWA,1.0
PRT,CAF,0.0
PRT,CAN,1.0
PRT,CHE,1.0
PRT,CHL,1.0
PRT,CIV,0.0
PRT,CMR,0.0
PRT,COD,0.0
PRT,COG,0.0
PRT,COL,0.0
PRT,COM,0.0
PRT,CPV,1.0
PRT,CRI,1.0
PRT,CUB,0.0
PRT,CUW,1.0
PRT,CYM,1.0
PRT,CYP,1.0
PRT,CZE,1.0
PRT,DEU,1.0
PRT,DJI,1.0
PRT,DMA,1.0
PRT,DNK,1.0
PRT,DOM,0.0
PRT,DZA,0.0
PRT,ECU,0.0
PRT,EGY,0.0
PRT,ESP,1.0
PRT,EST,1.0
PRT,ETH,0.0
PRT,FIN,1.0
PRT,FJI,0.0
PRT,FRA,1.0
PRT,FRO,1.0
PRT,FSM,1.0
PRT,GAB,0.0
PRT,GBR,1.0
PRT,GEO,1.0
PRT,GHA,0.0
PRT,GIN,0.0
PRT,GMB,0.0
PRT,GNB,0.0
PRT,GNQ,0.0
PRT,GRC,1.0
PRT,GRD,1.0
PRT,GRL,1.0
PRT,GTM,0.0
PRT,GUM,1.0
PRT,GUY,0.0
PRT,HKG,1.0
PRT,HND,0.0
PRT,HRV,1.0
PRT,HTI,0.0
PRT,HUN,1.0
PRT,IDN,0.0
PRT,IND,0.0
PRT,IRL,1.0
PRT,IRN,0.0
PRT,IRQ,0.0
PRT,ISL,1.0
PRT,ISR,1.0
PRT,ITA,1.0
PRT,JAM,1.0
PRT,JOR,0.0
PRT,JPN,1.0
PRT,KAZ,0.0
PRT,KEN,0.0
PRT,KGZ,0.0
PRT,KHM,0.0
PRT,KIR,1.0
PRT,KNA,1.0
PRT,KOR,1.0
PRT,KWT,0.0
PRT,LAO,0.0
PRT,LBN,0.0
PRT,LBR,0.0
PRT,LBY,0.0
PRT,LCA,1.0
PRT,LKA,0.0
PRT,LSO,0.0
PRT,LTU,1.0
PRT,LUX,1.0
PRT,LVA,1.0
PRT,MAC,1.0
PRT,MAR,0.0
PRT,MDA,0.0
PRT,MDG,0.0
PRT,MDV,1.0
PRT,MEX,0.0
PRT,MHL,1.0
PRT,MKD,1.0
PRT,MLI,0.0
PRT,MLT,1.0
PRT,MMR,0.0
PRT,MNE,1.0
PRT,MNG,0.0
PRT,MNP,1.0
PRT,MOZ,0.0
PRT,MRT,0.0
PRT,MUS,1.0
PRT,MWI,0.0
PRT,MYS,0.0
PRT,NAM,1.0
PRT,NER,0.0
PRT,NGA,0.0
PRT,NIC,0.0
PRT,NLD,1.0
PRT,NOR,1.0
PRT,NPL,0.0
PRT,NRU,1.0
PRT,NZL,1.0
PRT,OMN,0.0
PRT,PAK,0.0
PRT,PAN,1.0
PRT,PER,0.0
PRT,PHL,0.0
PRT,PLW,1.0
PRT,PNG,0.0
PRT,POL,1.0
PRT,PRT,1.0
PRT,PRY,0.0
PRT,PSE,0.0
PRT,PYF,1.0
PRT,QAT,1.0
PRT,ROU,0.0
PRT,RUS,0.0
PRT,RWA,0.0
PRT,SAU,0.0
PRT,SDN,0.0
PRT,SEN,0.0
PRT,SGP,1.0
PRT,SLB,0.0
PRT,SLE,0.0
PRT,SLV,0.0
PRT,SMR,1.0
PRT,SOM,0.0
PRT,SRB,0.0
PRT,SSD,0.0
PRT,STP,1.0
PRT,SUR,0.0
PRT,SVK,1.0
PRT,SVN,1.0
PRT,SWE,1.0
PRT,SWZ,0.0
PRT,SXM,1.0
PRT,SYC,1.0
PRT,SYR,0.0
PRT,TCA,1.0
PRT,TCD,0.0
PRT,TGO,0.0
PRT,THA,0.0
PRT,TJK,0.0
PRT,TKM,0.0
PRT,TLS,0.0
PRT,TON,1.0
PRT,TTO,0.0
PRT,TUN,0.0
PRT,TUR,0.0
PRT,TUV,1.0
PRT,TZA,0.0
PRT,UGA,0.0
PRT,UKR,0.0
PRT,URY,1.0
PRT,UZB,0.0
PRT,VCT,1.0
PRT,VEN,0.0
PRT,VNM,0.0
PRT,VUT,1.0
PRT,WSM,1.0
PRT,YEM,0.0
PRT,ZAF,0.0
PRT,ZMB,0.0
PRT,ZWE,0.0
PRY,ABW,0.0
PRY,AFG,1.0
PRY,AGO,1.0
PRY,ALB,0.0
PRY,AND,0.0
PRY,ARE,0.0
PRY,ARG,1.0
PRY,ARM,1.0
PRY,ASM,0.0
PRY,ATG,0.0
PRY,AUS,0.0
PRY,AUT,0.0
PRY,AZE,1.0
PRY,BDI,1.0
PRY,BEL,0.0
PRY,BEN,1.0
PRY,BFA,1.0
PRY,BGD,1.0
PRY,BGR,0.0
PRY,BHR,0.0
PRY,BHS,0.0
PRY,BIH,1.0
PRY,BLR,1.0
PRY,BLZ,0.0
PRY,BMU,0.0
PRY,BOL,1.0
PRY,BRA,1.0
PRY,BRB,0.0
PRY,BRN,0.0
PRY,BTN,0.0
PRY,BWA,0.0
PRY,CAF,1.0
PRY,CAN,0.0
PRY,CHE,0.0
PRY,CHL,0.0
PRY,CIV,1.0
PRY,CMR,1.0
PRY,COD,1.0
PRY,COG,1.0
PRY,COL,1.0
PRY,COM,1.0
PRY,CPV,0.0
PRY,CRI,0.0
PRY,CUB,1.0
PRY,CUW,0.0
PRY,CYM,0.0
PRY,CYP,0.0
PRY,CZE,0.0
PRY,DEU,0.0
PRY,DJI,0.0
PRY,DMA,0.0
PRY,DNK,0.0
PRY,DOM,1.0
PRY,DZA,1.0
PRY,ECU,1.0
PRY,EGY,1.0
PRY,ESP,0.0
PRY,EST,0.0
PRY,ETH,1.0
PRY,FIN,0.0
PRY,FJI,1.0
PRY,FRA,0.0
PRY,FRO,0.0
PRY,FSM,0.0
PRY,GAB,1.0
PRY,GBR,0.0
PRY,GEO,0.0
PRY,GHA,1.0
PRY,GIN,1.0
PRY,GMB,1.0
PRY,GNB,1.0
PRY,GNQ,1.0
PRY,GRC,0.0
PRY,GRD,0.0
PRY,GRL,0.0
PRY,GTM,1.0
PRY,GUM,0.0
PRY,GUY,1.0
PRY,HKG,0.0
PRY,HND,1.0
PRY,HRV,0.0
PRY,HTI,1.0
PRY,HUN,0.0
PRY,IDN,1.0
PRY,IND,1.0
PRY,IRL,0.0
PRY,IRN,1.0
PRY,IRQ,1.0
PRY,ISL,0.0
PRY,ISR,0.0
PRY,ITA,0.0
PRY,JAM,0.0
PRY,JOR,1.0
PRY,JPN,0.0
PRY,KAZ,1.0
PRY,KEN,1.0
PRY,KGZ,1.0
PRY,KHM,1.0
PRY,KIR,0.0
PRY,KNA,0.0
PRY,KOR,0.0
PRY,KWT,1.0
PRY,LAO,1.0
PRY,LBN,1.0
PRY,LBR,1.0
PRY,LBY,1.0
PRY,LCA,0.0
PRY,LKA,1.0
PRY,LSO,1.0
PRY,LTU,0.0
PRY,LUX,0.0
PRY,LVA,0.0
PRY,MAC,0.0
PRY,MAR,1.0
PRY,MDA,1.0
PRY,MDG,1.0
PRY,MDV,0.0
PRY,MEX,1.0
PRY,MHL,0.0
PRY,MKD,0.0
PRY,MLI,1.0
PRY,MLT,0.0
PRY,MMR,1.0
PRY,MNE,0.0
PRY,MNG,1.0
PRY,MNP,0.0
PRY,MOZ,1.0
PRY,MRT,1.0
PRY,MUS,0.0
PRY,MWI,1.0
PRY,MYS,1.0
PRY,NAM,0.0
PRY,NER,1.0
PRY,NGA,1.0
PRY,NIC,1.0
PRY,NLD,0.0
PRY,NOR,0.0
PRY,NPL,1.0
PRY,NRU,0.0
PRY,NZL,0.0
PRY,OMN,1.0
PRY,PAK,1.0
PRY,PAN,0.0
PRY,PER,1.0
PRY,PHL,1.0
PRY,PLW,0.0
PRY,PNG,1.0
PRY,POL,0.0
PRY,PRT,0.0
PRY,PRY,1.0
PRY,PSE,1.0
PRY,PYF,0.0
PRY,QAT,0.0
PRY,ROU,1.0
PRY,RUS,1.0
PRY,RWA,1.0
PRY,SAU,1.0
PRY,SDN,1.0
PRY,SEN,1.0
PRY,SGP,0.0
PRY,SLB,1.0
PRY,SLE,1.0
PRY,SLV,1.0
PRY,SMR,0.0
PRY,SOM,1.0
PRY,SRB,1.0
PRY,SSD,1.0
PRY,STP,0.0
PRY,SUR,1.0
PRY,SVK,0.0
PRY,SVN,0.0
PRY,SWE,0.0
PRY,SWZ,1.0
PRY,SXM,0.0
PRY,SYC,0.0
PRY,SYR,1.0
PRY,TCA,0.0
PRY,TCD,1.0
PRY,TGO,1.0
PRY,THA,1.0
PRY,TJK,1.0
PRY,TKM,1.0
PRY,TLS,1.0
PRY,TON,0.0
PRY,TTO,1.0
PRY,TUN,1.0
PRY,TUR,1.0
PRY,TUV,0.0
PRY,TZA,1.0
PRY,UGA,1.0
PRY,UKR,1.0
PRY,URY,0.0
PRY,UZB,1.0
PRY,VCT,0.0
PRY,VEN,1.0
PRY,VNM,1.0
PRY,VUT,0.0
PRY,WSM,0.0
PRY,YEM,1.0
PRY,ZAF,1.0
PRY,ZMB,1.0
PRY,ZWE,1.0
PSE,ABW,0.0
PSE,AFG,1.0
PSE,AGO,1.0
PSE,ALB,0.0
PSE,AND,0.0
PSE,ARE,0.0
PSE,ARG,1.0
PSE,ARM,1.0
PSE,ASM,0.0
PSE,ATG,0.0
PSE,AUS,0.0
PSE,AUT,0.0
PSE,AZE,1.0
PSE,BDI,1.0
PSE,BEL,0.0
PSE,BEN,1.0
PSE,BFA,1.0
PSE,BGD,1.0
PSE,BGR,0.0
PSE,BHR,0.0
PSE,BHS,0.0
PSE,BIH,1.0
PSE,BLR,1.0
PSE,BLZ,0.0
PSE,BMU,0.0
PSE,BOL,1.0
PSE,BRA,1.0
PSE,BRB,0.0
PSE,BRN,0.0
PSE,BTN,0.0
PSE,BWA,0.0
PSE,CAF,1.0
PSE,CAN,0.0
PSE,CHE,0.0
PSE,CHL,0.0
PSE,CIV,1.0
PSE,CMR,1.0
PSE,COD,1.0
PSE,COG,1.0
PSE,COL,1.0
PSE,COM,1.0
PSE,CPV,0.0
PSE,CRI,0.0
PSE,CUB,1.0
PSE,CUW,0.0
PSE,CYM,0.0
PSE,CYP,0.0
PSE,CZE,0.0
PSE,DEU,0.0
PSE,DJI,0.0
PSE,DMA,0.0
PSE,DNK,0.0
PSE,DOM,1.0
PSE,DZA,1.0
PSE,ECU,1.0
PSE,EGY,1.0
PSE,ESP,0.0
PSE,EST,0.0
PSE,ETH,1.0
PSE,FIN,0.0
PSE,FJI,1.0
PSE,FRA,0.0
PSE,FRO,0.0
PSE,FSM,0.0
PSE,GAB,1.0
PSE,GBR,0.0
PSE,GEO,0.0
PSE,GHA,1.0
PSE,GIN,1.0
PSE,GMB,1.0
PSE,GNB,1.0
PSE,GNQ,1.0
PSE,GRC,0.0
PSE,GRD,0.0
PSE,GRL,0.0
PSE,GTM,1.0
PSE,GUM,0.0
PSE,GUY,1.0
PSE,HKG,0.0
PSE,HND,1.0
PSE,HRV,0.0
PSE,HTI,1.0
PSE,HUN,0.0
PSE,IDN,1.0
PSE,IND,1.0
PSE,IRL,0.0
PSE,IRN,1.0
PSE,IRQ,1.0
PSE,ISL,0.0
PSE,ISR,0.0
PSE,ITA,0.0
PSE,JAM,0.0
PSE,JOR,1.0
PSE,JPN,0.0
PSE,KAZ,1.0
PSE,KEN,1.0
PSE,KGZ,1.0
PSE,KHM,1.0
PSE,KIR,0.0
PSE,KNA,0.0
PSE,KOR,0.0
PSE,KWT,1.0
PSE,LAO,1.0
PSE,LBN,1.0
PSE,LBR,1.0
PSE,LBY,1.0
PSE,LCA,0.0
PSE,LKA,1.0
PSE,LSO,1.0
PSE,LTU,0.0
PSE,LUX,0.0
PSE,LVA,0.0
PSE,MAC,0.0
PSE,MAR,1.0
PSE,MDA,1.0
PSE,MDG,1.0
PSE,MDV,0.0
PSE,MEX,1.0
PSE,MHL,0.0
PSE,MKD,0.0
PSE,MLI,1.0
PSE,MLT,0.0
PSE,MMR,1.0
PSE,MNE,0.0
PSE,MNG,1.0
PSE,MNP,0.0
PSE,MOZ,1.0
PSE,MRT,1.0
PSE,MUS,0.0
PSE,MWI,1.0
PSE,MYS,1.0
PSE,NAM,0.0
PSE,NER,1.0
PSE,NGA,1.0
PSE,NIC,1.0
PSE,NLD,0.0
PSE,NOR,0.0
PSE,NPL,1.0
PSE,NRU,0.0
PSE,NZL,0.0
PSE,OMN,1.0
PSE,PAK,1.0
PSE,PAN,0.0
PSE,PER,1.0
PSE,PHL,1.0
PSE,PLW,0.0
PSE,PNG,1.0
PSE,POL,0.0
PSE,PRT,0.0
PSE,PRY,1.0
PSE,PSE,1.0
PSE,PYF,0.0
PSE,QAT,0.0
PSE,ROU,1.0
PSE,RUS,1.0
PSE,RWA,1.0
PSE,SAU,1.0
PSE,SDN,1.0
PSE,SEN,1.0
PSE,SGP,0.0
PSE,SLB,1.0
PSE,SLE,1.0
PSE,SLV,1.0
PSE,SMR,0.0
PSE,SOM,1.0
PSE,SRB,1.0
PSE,SSD,1.0
PSE,STP,0.0
PSE,SUR,1.0
PSE,SVK,0.0
PSE,SVN,0.0
PSE,SWE,0.0
PSE,SWZ,1.0
PSE,SXM,0.0
PSE,SYC,0.0
PSE,SYR,1.0
PSE,TCA,0.0
PSE,TCD,1.0
PSE,TGO,1.0
PSE,THA,1.0
PSE,TJK,1.0
PSE,TKM,1.0
PSE,TLS,1.0
PSE,TON,0.0
PSE,TTO,1.0
PSE,TUN,1.0
PSE,TUR,1.0
PSE,TUV,0.0
PSE,TZA,1.0
PSE,UGA,1.0
PSE,UKR,1.0
PSE,URY,0.0
PSE,UZB,1.0
PSE,VCT,0.0
PSE,VEN,1.0
PSE,VNM,1.0
PSE,VUT,0.0
PSE,WSM,0.0
PSE,YEM,1.0
PSE,ZAF,1.0
PSE,ZMB,1.0
PSE,ZWE,1.0
PYF,ABW,1.0
PYF,AFG,0.0
PYF,AGO,0.0
PYF,ALB,1.0
PYF,AND,1.0
PYF,ARE,1.0
PYF,ARG,0.0
PYF,ARM,0.0
PYF,ASM,1.0
PYF,ATG,1.0
PYF,AUS,1.0
PYF,AUT,1.0
PYF,AZE,0.0
PYF,BDI,0.0
PYF,BEL,1.0
PYF,BEN,0.0
PYF,BFA,0.0
PYF,BGD,0.0
PYF,BGR,1.0
PYF,BHR,1.0
PYF,BHS,1.0
PYF,BIH,0.0
PYF,BLR,0.0
PYF,BLZ,1.0
PYF,BMU,1.0
PYF,BOL,0.0
PYF,BRA,0.0
PYF,BRB,1.0
PYF,BRN,1.0
PYF,BTN,1.0
PYF,BWA,1.0
PYF,CAF,0.0
PYF,CAN,1.0
PYF,CHE,1.0
PYF,CHL,1.0
PYF,CIV,0.0
PYF,CMR,0.0
PYF,COD,0.0
PYF,COG,0.0
PYF,COL,0.0
PYF,COM,0.0
PYF,CPV,1.0
PYF,CRI,1.0
PYF,CUB,0.0
PYF,CUW,1.0
PYF,CYM,1.0
PYF,CYP,1.0
PYF,CZE,1.0
PYF,DEU,1.0
PYF,DJI,1.0
PYF,DMA,1.0
PYF,DNK,1.0
PYF,DOM,0.0
PYF,DZA,0.0
PYF,ECU,0.0
PYF,EGY,0.0
PYF,ESP,1.0
PYF,EST,1.0
PYF,ETH,0.0
PYF,FIN,1.0
PYF,FJI,0.0
PYF,FRA,1.0
PYF,FRO,1.0
PYF,FSM,1.0
PYF,GAB,0.0
PYF,GBR,1.0
PYF,GEO,1.0
PYF,GHA,0.0
PYF,GIN,0.0
PYF,GMB,0.0
PYF,GNB,0.0
PYF,GNQ,0.0
PYF,GRC,1.0
PYF,GRD,1.0
PYF,GRL,1.0
PYF,GTM,0.0
PYF,GUM,1.0
PYF,GUY,0.0
PYF,HKG,1.0
PYF,HND,0.0
PYF,HRV,1.0
PYF,HTI,0.0
PYF,HUN,1.0
PYF,IDN,0.0
PYF,IND,0.0
PYF,IRL,1.0
PYF,IRN,0.0
PYF,IRQ,0.0
PYF,ISL,1.0
PYF,ISR,1.0
PYF,ITA,1.0
PYF,JAM,1.0
PYF,JOR,0.0
PYF,JPN,1.0
PYF,KAZ,0.0
PYF,KEN,0.0
PYF,KGZ,0.0
PYF,KHM,0.0
PYF,KIR,1.0
PYF,KNA,1.0
PYF,KOR,1.0
PYF,KWT,0.0
PYF,LAO,0.0
PYF,LBN,0.0
PYF,LBR,0.0
PYF,LBY,0.0
PYF,LCA,1.0
PYF,LKA,0.0
PYF,LSO,0.0
PYF,LTU,1.0
PYF,LUX,1.0
PYF,LVA,1.0
PYF,MAC,1.0
PYF,MAR,0.0
PYF,MDA,0.0
PYF,MDG,0.0
PYF,MDV,1.0
PYF,MEX,0.0
PYF,MHL,1.0
PYF,MKD,1.0
PYF,MLI,0.0
PYF,MLT,1.0
PYF,MMR,0.0
PYF,MNE,1.0
PYF,MNG,0.0
PYF,MNP,1.0
PYF,MOZ,0.0
PYF,MRT,0.0
PYF,MUS,1.0
PYF,MWI,0.0
PYF,MYS,0.0
PYF,NAM,1.0
PYF,NER,0.0
PYF,NGA,0.0
PYF,NIC,0.0
PYF,NLD,1.0
PYF,NOR,1.0
PYF,NPL,0.0
PYF,NRU,1.0
PYF,NZL,1.0
PYF,OMN,0.0
PYF,PAK,0.0
PYF,PAN,1.0
PYF,PER,0.0
PYF,PHL,0.0
PYF,PLW,1.0
PYF,PNG,0.0
PYF,POL,1.0
PYF,PRT,1.0
PYF,PRY,0.0
PYF,PSE,0.0
PYF,PYF,1.0
PYF,QAT,1.0
PYF,ROU,0.0
PYF,RUS,0.0
PYF,RWA,0.0
PYF,SAU,0.0
PYF,SDN,0.0
PYF,SEN,0.0
PYF,SGP,1.0
PYF,SLB,0.0
PYF,SLE,0.0
PYF,SLV,0.0
PYF,SMR,1.0
PYF,SOM,0.0
PYF,SRB,0.0
PYF,SSD,0.0
PYF,STP,1.0
PYF,SUR,0.0
PYF,SVK,1.0
PYF,SVN,1.0
PYF,SWE,1.0
PYF,SWZ,0.0
PYF,SXM,1.0
PYF,SYC,1.0
PYF,SYR,0.0
PYF,TCA,1.0
PYF,TCD,0.0
PYF,TGO,0.0
PYF,THA,0.0
PYF,TJK,0.0
PYF,TKM,0.0
PYF,TLS,0.0
PYF,TON,1.0
PYF,TTO,0.0
PYF,TUN,0.0
PYF,TUR,0.0
PYF,TUV,1.0
PYF,TZA,0.0
PYF,UGA,0.0
PYF,UKR,0.0
PYF,URY,1.0
PYF,UZB,0.0
PYF,VCT,1.0
PYF,VEN,0.0
PYF,VNM,0.0
PYF,VUT,1.0
PYF,WSM,1.0
PYF,YEM,0.0
PYF,ZAF,0.0
PYF,ZMB,0.0
PYF,ZWE,0.0
QAT,ABW,1.0
QAT,AFG,0.0
QAT,AGO,0.0
QAT,ALB,1.0
QAT,AND,1.0
QAT,ARE,1.0
QAT,ARG,0.0
QAT,ARM,0.0
QAT,ASM,1.0
QAT,ATG,1.0
QAT,AUS,1.0
QAT,AUT,1.0
QAT,AZE,0.0
QAT,BDI,0.0
QAT,BEL,1.0
QAT,BEN,0.0
QAT,BFA,0.0
QAT,BGD,0.0
QAT,BGR,1.0
QAT,BHR,1.0
QAT,BHS,1.0
QAT,BIH,0.0
QAT,BLR,0.0
QAT,BLZ,1.0
QAT,BMU,1.0
QAT,BOL,0.0
QAT,BRA,0.0
QAT,BRB,1.0
QAT,BRN,1.0
QAT,BTN,1.0
QAT,BWA,1.0
QAT,CAF,0.0
QAT,CAN,1.0
QAT,CHE,1.0
QAT,CHL,1.0
QAT,CIV,0.0
QAT,CMR,0.0
QAT,COD,0.0
QAT,COG,0.0
QAT,COL,0.0
QAT,COM,0.0
QAT,CPV,1.0
QAT,CRI,1.0
QAT,CUB,0.0
QAT,CUW,1.0
QAT,CYM,1.0
QAT,CYP,1.0
QAT,CZE,1.0
QAT,DEU,1.0
QAT,DJI,1.0
QAT,DMA,1.0
QAT,DNK,1.0
QAT,DOM,0.0
QAT,DZA,0.0
QAT,ECU,0.0
QAT,EGY,0.0
QAT,ESP,1.0
QAT,EST,1.0
QAT,ETH,0.0
QAT,FIN,1.0
QAT,FJI,0.0
QAT,FRA,1.0
QAT,FRO,1.0
QAT,FSM,1.0
QAT,GAB,0.0
QAT,GBR,1.0
QAT,GEO,1.0
QAT,GHA,0.0
QAT,GIN,0.0
QAT,GMB,0.0
QAT,GNB,0.0
QAT,GNQ,0.0
QAT,GRC,1.0
QAT,GRD,1.0
QAT,GRL,1.0
QAT,GTM,0.0
QAT,GUM,1.0
QAT,GUY,0.0
QAT,HKG,1.0
QAT,HND,0.0
QAT,HRV,1.0
QAT,HTI,0.0
QAT,HUN,1.0
QAT,IDN,0.0
QAT,IND,0.0
QAT,IRL,1.0
QAT,IRN,0.0
QAT,IRQ,0.0
QAT,ISL,1.0
QAT,ISR,1.0
QAT,ITA,1.0
QAT,JAM,1.0
QAT,JOR,0.0
QAT,JPN,1.0
QAT,KAZ,0.0
QAT,KEN,0.0
QAT,KGZ,0.0
QAT,KHM,0.0
QAT,KIR,1.0
QAT,KNA,1.0
QAT,KOR,1.0
QAT,KWT,0.0
QAT,LAO,0.0
QAT,LBN,0.0
QAT,LBR,0.0
QAT,LBY,0.0
QAT,LCA,1.0
QAT,LKA,0.0
QAT,LSO,0.0
QAT,LTU,1.0
QAT,LUX,1.0
QAT,LVA,1.0
QAT,MAC,1.0
QAT,MAR,0.0
QAT,MDA,0.0
QAT,MDG,0.0
QAT,MDV,1.0
QAT,MEX,0.0
QAT,MHL,1.0
QAT,MKD,1.0
QAT,MLI,0.0
QAT,MLT,1.0
QAT,MMR,0.0
QAT,MNE,1.0
QAT,MNG,0.0
QAT,MNP,1.0
QAT,MOZ,0.0
QAT,MRT,0.0
QAT,MUS,1.0
QAT,MWI,0.0
QAT,MYS,0.0
QAT,NAM,1.0
QAT,NER,0.0
QAT,NGA,0.0
QAT,NIC,0.0
QAT,NLD,1.0
QAT,NOR,1.0
QAT,NPL,0.0
QAT,NRU,1.0
QAT,NZL,1.0
QAT,OMN,0.0
QAT,PAK,0.0
QAT,PAN,1.0
QAT,PER,0.0
QAT,PHL,0.0
QAT,PLW,1.0
QAT,PNG,0.0
QAT,POL,1.0
QAT,PRT,1.0
QAT,PRY,0.0
QAT,PSE,0.0
QAT,PYF,1.0
QAT,QAT,1.0
QAT,ROU,0.0
QAT,RUS,0.0
QAT,RWA,0.0
QAT,SAU,0.0
QAT,SDN,0.0
QAT,SEN,0.0
QAT,SGP,1.0
QAT,SLB,0.0
QAT,SLE,0.0
QAT,SLV,0.0
QAT,SMR,1.0
QAT,SOM,0.0
QAT,SRB,0.0
QAT,SSD,0.0
QAT,STP,1.0
QAT,SUR,0.0
QAT,SVK,1.0
QAT,SVN,1.0
QAT,SWE,1.0
QAT,SWZ,0.0
QAT,SXM,1.0
QAT,SYC,1.0
QAT,SYR,0.0
QAT,TCA,1.0
QAT,TCD,0.0
QAT,TGO,0.0
QAT,THA,0.0
QAT,TJK,0.0
QAT,TKM,0.0
QAT,TLS,0.0
QAT,TON,1.0
QAT,TTO,0.0
QAT,TUN,0.0
QAT,TUR,0.0
QAT,TUV,1.0
QAT,TZA,0.0
QAT,UGA,0.0
QAT,UKR,0.0
QAT,URY,1.0
QAT,UZB,0.0
QAT,VCT,1.0
QAT,VEN,0.0
QAT,VNM,0.0
QAT,VUT,1.0
QAT,WSM,1.0
QAT,YEM,0.0
QAT,ZAF,0.0
QAT,ZMB,0.0
QAT,ZWE,0.0
ROU,ABW,0.0
ROU,AFG,1.0
ROU,AGO,1.0
ROU,ALB,0.0
ROU,AND,0.0
ROU,ARE,0.0
ROU,ARG,1.0
ROU,ARM,1.0
ROU,ASM,0.0
ROU,ATG,0.0
ROU,AUS,0.0
ROU,AUT,0.0
ROU,AZE,1.0
ROU,BDI,1.0
ROU,BEL,0.0
ROU,BEN,1.0
ROU,BFA,1.0
ROU,BGD,1.0
ROU,BGR,0.0
ROU,BHR,0.0
ROU,BHS,0.0
ROU,BIH,1.0
ROU,BLR,1.0
ROU,BLZ,0.0
ROU,BMU,0.0
ROU,BOL,1.0
ROU,BRA,1.0
ROU,BRB,0.0
ROU,BRN,0.0
ROU,BTN,0.0
ROU,BWA,0.0
ROU,CAF,1.0
ROU,CAN,0.0
ROU,CHE,0.0
ROU,CHL,0.0
ROU,CIV,1.0
ROU,CMR,1.0
ROU,COD,1.0
ROU,COG,1.0
ROU,COL,1.0
ROU,COM,1.0
ROU,CPV,0.0
ROU,CRI,0.0
ROU,CUB,1.0
ROU,CUW,0.0
ROU,CYM,0.0
ROU,CYP,0.0
ROU,CZE,0.0
ROU,DEU,0.0
ROU,DJI,0.0
ROU,DMA,0.0
ROU,DNK,0.0
ROU,DOM,1.0
ROU,DZA,1.0
ROU,ECU,1.0
ROU,EGY,1.0
ROU,ESP,0.0
ROU,EST,0.0
ROU,ETH,1.0
ROU,FIN,0.0
ROU,FJI,1.0
ROU,FRA,0.0
ROU,FRO,0.0
ROU,FSM,0.0
ROU,GAB,1.0
ROU,GBR,0.0
ROU,GEO,0.0
ROU,GHA,1.0
ROU,GIN,1.0
ROU,GMB,1.0
ROU,GNB,1.0
ROU,GNQ,1.0
ROU,GRC,0.0
ROU,GRD,0.0
ROU,GRL,0.0
ROU,GTM,1.0
ROU,GUM,0.0
ROU,GUY,1.0
ROU,HKG,0.0
ROU,HND,1.0
ROU,HRV,0.0
ROU,HTI,1.0
ROU,HUN,0.0
ROU,IDN,1.0
ROU,IND,1.0
ROU,IRL,0.0
ROU,IRN,1.0
ROU,IRQ,1.0
ROU,ISL,0.0
ROU,ISR,0.0
ROU,ITA,0.0
ROU,JAM,0.0
ROU,JOR,1.0
ROU,JPN,0.0
ROU,KAZ,1.0
ROU,KEN,1.0
ROU,KGZ,1.0
ROU,KHM,1.0
ROU,KIR,0.0
ROU,KNA,0.0
ROU,KOR,0.0
ROU,KWT,1.0
ROU,LAO,1.0
ROU,LBN,1.0
ROU,LBR,1.0
ROU,LBY,1.0
ROU,LCA,0.0
ROU,LKA,1.0
ROU,LSO,1.0
ROU,LTU,0.0
ROU,LUX,0.0
ROU,LVA,0.0
ROU,MAC,0.0
ROU,MAR,1.0
ROU,MDA,1.0
ROU,MDG,1.0
ROU,MDV,0.0
ROU,MEX,1.0
ROU,MHL,0.0
ROU,MKD,0.0
ROU,MLI,1.0
ROU,MLT,0.0
ROU,MMR,1.0
ROU,MNE,0.0
ROU,MNG,1.0
ROU,MNP,0.0
ROU,MOZ,1.0
ROU,MRT,1.0
ROU,MUS,0.0
ROU,MWI,1.0
ROU,MYS,1.0
ROU,NAM,0.0
ROU,NER,1.0
ROU,NGA,1.0
ROU,NIC,1.0
ROU,NLD,0.0
ROU,NOR,0.0
ROU,NPL,1.0
ROU,NRU,0.0
ROU,NZL,0.0
ROU,OMN,1.0
ROU,PAK,1.0
ROU,PAN,0.0
ROU,PER,1.0
ROU,PHL,1.0
ROU,PLW,0.0
ROU,PNG,1.0
ROU,POL,0.0
ROU,PRT,0.0
ROU,PRY,1.0
ROU,PSE,1.0
ROU,PYF,0.0
ROU,QAT,0.0
ROU,ROU,1.0
ROU,RUS,1.0
ROU,RWA,1.0
ROU,SAU,1.0
ROU,SDN,1.0
ROU,SEN,1.0
ROU,SGP,0.0
ROU,SLB,1.0
ROU,SLE,1.0
ROU,SLV,1.0
ROU,SMR,0.0
ROU,SOM,1.0
ROU,SRB,1.0
ROU,SSD,1.0
ROU,STP,0.0
ROU,SUR,1.0
ROU,SVK,0.0
ROU,SVN,0.0
ROU,SWE,0.0
ROU,SWZ,1.0
ROU,SXM,0.0
ROU,SYC,0.0
ROU,SYR,1.0
ROU,TCA,0.0
ROU,TCD,1.0
ROU,TGO,1.0
ROU,THA,1.0
ROU,TJK,1.0
ROU,TKM,1.0
ROU,TLS,1.0
ROU,TON,0.0
ROU,TTO,1.0
ROU,TUN,1.0
ROU,TUR,1.0
ROU,TUV,0.0
ROU,TZA,1.0
ROU,UGA,1.0
ROU,UKR,1.0
ROU,URY,0.0
ROU,UZB,1.0
ROU,VCT,0.0
ROU,VEN,1.0
ROU,VNM,1.0
ROU,VUT,0.0
ROU,WSM,0.0
ROU,YEM,1.0
ROU,ZAF,1.0
ROU,ZMB,1.0
ROU,ZWE,1.0
RUS,ABW,0.0
RUS,AFG,1.0
RUS,AGO,1.0
RUS,ALB,0.0
RUS,AND,0.0
RUS,ARE,0.0
RUS,ARG,1.0
RUS,ARM,1.0
RUS,ASM,0.0
RUS,ATG,0.0
RUS,AUS,0.0
RUS,AUT,0.0
RUS,AZE,1.0
RUS,BDI,1.0
RUS,BEL,0.0
RUS,BEN,1.0
RUS,BFA,1.0
RUS,BGD,1.0
RUS,BGR,0.0
RUS,BHR,0.0
RUS,BHS,0.0
RUS,BIH,1.0
RUS,BLR,1.0
RUS,BLZ,0.0
RUS,BMU,0.0
RUS,BOL,1.0
RUS,BRA,1.0
RUS,BRB,0.0
RUS,BRN,0.0
RUS,BTN,0.0
RUS,BWA,0.0
RUS,CAF,1.0
RUS,CAN,0.0
RUS,CHE,0.0
RUS,CHL,0.0
RUS,CIV,1.0
RUS,CMR,1.0
RUS,COD,1.0
RUS,COG,1.0
RUS,COL,1.0
RUS,COM,1.0
RUS,CPV,0.0
RUS,CRI,0.0
RUS,CUB,1.0
RUS,CUW,0.0
RUS,CYM,0.0
RUS,CYP,0.0
RUS,CZE,0.0
RUS,DEU,0.0
RUS,DJI,0.0
RUS,DMA,0.0
RUS,DNK,0.0
RUS,DOM,1.0
RUS,DZA,1.0
RUS,ECU,1.0
RUS,EGY,1.0
RUS,ESP,0.0
RUS,EST,0.0
RUS,ETH,1.0
RUS,FIN,0.0
RUS,FJI,1.0
RUS,FRA,0.0
RUS,FRO,0.0
RUS,FSM,0.0
RUS,GAB,1.0
RUS,GBR,0.0
RUS,GEO,0.0
RUS,GHA,1.0
RUS,GIN,1.0
RUS,GMB,1.0
RUS,GNB,1.0
RUS,GNQ,1.0
RUS,GRC,0.0
RUS,GRD,0.0
RUS,GRL,0.0
RUS,GTM,1.0
RUS,GUM,0.0
RUS,GUY,1.0
RUS,HKG,0.0
RUS,HND,1.0
RUS,HRV,0.0
RUS,HTI,1.0
RUS,HUN,0.0
RUS,IDN,1.0
RUS,IND,1.0
RUS,IRL,0.0
RUS,IRN,1.0
RUS,IRQ,1.0
RUS,ISL,0.0
RUS,ISR,0.0
RUS,ITA,0.0
RUS,JAM,0.0
RUS,JOR,1.0
RUS,JPN,0.0
RUS,KAZ,1.0
RUS,KEN,1.0
RUS,KGZ,1.0
RUS,KHM,1.0
RUS,KIR,0.0
RUS,KNA,0.0
RUS,KOR,0.0
RUS,KWT,1.0
RUS,LAO,1.0
RUS,LBN,1.0
RUS,LBR,1.0
RUS,LBY,1.0
RUS,LCA,0.0
RUS,LKA,1.0
RUS,LSO,1.0
RUS,LTU,0.0
RUS,LUX,0.0
RUS,LVA,0.0
RUS,MAC,0.0
RUS,MAR,1.0
RUS,MDA,1.0
RUS,MDG,1.0
RUS,MDV,0.0
RUS,MEX,1.0
RUS,MHL,0.0
RUS,MKD,0.0
RUS,MLI,1.0
RUS,MLT,0.0
RUS,MMR,1.0
RUS,MNE,0.0
RUS,MNG,1.0
RUS,MNP,0.0
RUS,MOZ,1.0
RUS,MRT,1.0
RUS,MUS,0.0
RUS,MWI,1.0
RUS,MYS,1.0
RUS,NAM,0.0
RUS,NER,1.0
RUS,NGA,1.0
RUS,NIC,1.0
RUS,NLD,0.0
RUS,NOR,0.0
RUS,NPL,1.0
RUS,NRU,0.0
RUS,NZL,0.0
RUS,OMN,1.0
RUS,PAK,1.0
RUS,PAN,0.0
RUS,PER,1.0
RUS,PHL,1.0
RUS,PLW,0.0
RUS,PNG,1.0
RUS,POL,0.0
RUS,PRT,0.0
RUS,PRY,1.0
RUS,PSE,1.0
RUS,PYF,0.0
RUS,QAT,0.0
RUS,ROU,1.0
RUS,RUS,1.0
RUS,RWA,1.0
RUS,SAU,1.0
RUS,SDN,1.0
RUS,SEN,1.0
RUS,SGP,0.0
RUS,SLB,1.0
RUS,SLE,1.0
RUS,SLV,1.0
RUS,SMR,0.0
RUS,SOM,1.0
RUS,SRB,1.0
RUS,SSD,1.0
RUS,STP,0.0
RUS,SUR,1.0
RUS,SVK,0.0
RUS,SVN,0.0
RUS,SWE,0.0
RUS,SWZ,1.0
RUS,SXM,0.0
RUS,SYC,0.0
RUS,SYR,1.0
RUS,TCA,0.0
RUS,TCD,1.0
RUS,TGO,1.0
RUS,THA,1.0
RUS,TJK,1.0
RUS,TKM,1.0
RUS,TLS,1.0
RUS,TON,0.0
RUS,TTO,1.0
RUS,TUN,1.0
RUS,TUR,1.0
RUS,TUV,0.0
RUS,TZA,1.0
RUS,UGA,1.0
RUS,UKR,1.0
RUS,URY,0.0
RUS,UZB,1.0
RUS,VCT,0.0
RUS,VEN,1.0
RUS,VNM,1.0
RUS,VUT,0.0
RUS,WSM,0.0
RUS,YEM,1.0
RUS,ZAF,1.0
RUS,ZMB,1.0
RUS,ZWE,1.0
RWA,ABW,0.0
RWA,AFG,1.0
RWA,AGO,1.0
RWA,ALB,0.0
RWA,AND,0.0
RWA,ARE,0.0
RWA,ARG,1.0
RWA,ARM,1.0
RWA,ASM,0.0
RWA,ATG,0.0
RWA,AUS,0.0
RWA,AUT,0.0
RWA,AZE,1.0
RWA,BDI,1.0
RWA,BEL,0.0
RWA,BEN,1.0
RWA,BFA,1.0
RWA,BGD,1.0
RWA,BGR,0.0
RWA,BHR,0.0
RWA,BHS,0.0
RWA,BIH,1.0
RWA,BLR,1.0
RWA,BLZ,0.0
RWA,BMU,0.0
RWA,BOL,1.0
RWA,BRA,1.0
RWA,BRB,0.0
RWA,BRN,0.0
RWA,BTN,0.0
RWA,BWA,0.0
RWA,CAF,1.0
RWA,CAN,0.0
RWA,CHE,0.0
RWA,CHL,0.0
RWA,CIV,1.0
RWA,CMR,1.0
RWA,COD,1.0
RWA,COG,1.0
RWA,COL,1.0
RWA,COM,1.0
RWA,CPV,0.0
RWA,CRI,0.0
RWA,CUB,1.0
RWA,CUW,0.0
RWA,CYM,0.0
RWA,CYP,0.0
RWA,CZE,0.0
RWA,DEU,0.0
RWA,DJI,0.0
RWA,DMA,0.0
RWA,DNK,0.0
RWA,DOM,1.0
RWA,DZA,1.0
RWA,ECU,1.0
RWA,EGY,1.0
RWA,ESP,0.0
RWA,EST,0.0
RWA,ETH,1.0
RWA,FIN,0.0
RWA,FJI,1.0
RWA,FRA,0.0
RWA,FRO,0.0
RWA,FSM,0.0
RWA,GAB,1.0
RWA,GBR,0.0
RWA,GEO,0.0
RWA,GHA,1.0
RWA,GIN,1.0
RWA,GMB,1.0
RWA,GNB,1.0
RWA,GNQ,1.0
RWA,GRC,0.0
RWA,GRD,0.0
RWA,GRL,0.0
RWA,GTM,1.0
RWA,GUM,0.0
RWA,GUY,1.0
RWA,HKG,0.0
RWA,HND,1.0
RWA,HRV,0.0
RWA,HTI,1.0
RWA,HUN,0.0
RWA,IDN,1.0
RWA,IND,1.0
RWA,IRL,0.0
RWA,IRN,1.0
RWA,IRQ,1.0
RWA,ISL,0.0
RWA,ISR,0.0
RWA,ITA,0.0
RWA,JAM,0.0
RWA,JOR,1.0
RWA,JPN,0.0
RWA,KAZ,1.0
RWA,KEN,1.0
RWA,KGZ,1.0
RWA,KHM,1.0
RWA,KIR,0.0
RWA,KNA,0.0
RWA,KOR,0.0
RWA,KWT,1.0
RWA,LAO,1.0
RWA,LBN,1.0
RWA,LBR,1.0
RWA,LBY,1.0
RWA,LCA,0.0
RWA,LKA,1.0
RWA,LSO,1.0
RWA,LTU,0.0
RWA,LUX,0.0
RWA,LVA,0.0
RWA,MAC,0.0
RWA,MAR,1.0
RWA,MDA,1.0
RWA,MDG,1.0
RWA,MDV,0.0
RWA,MEX,1.0
RWA,MHL,0.0
RWA,MKD,0.0
RWA,MLI,1.0
RWA,MLT,0.0
RWA,MMR,1.0
RWA,MNE,0.0
RWA,MNG,1.0
RWA,MNP,0.0
RWA,MOZ,1.0
RWA,MRT,1.0
RWA,MUS,0.0
RWA,MWI,1.0
RWA,MYS,1.0
RWA,NAM,0.0
RWA,NER,1.0
RWA,NGA,1.0
RWA,NIC,1.0
RWA,NLD,0.0
RWA,NOR,0.0
RWA,NPL,1.0
RWA,NRU,0.0
RWA,NZL,0.0
RWA,OMN,1.0
RWA,PAK,1.0
RWA,PAN,0.0
RWA,PER,1.0
RWA,PHL,1.0
RWA,PLW,0.0
RWA,PNG,1.0
RWA,POL,0.0
RWA,PRT,0.0
RWA,PRY,1.0
RWA,PSE,1.0
RWA,PYF,0.0
RWA,QAT,0.0
RWA,ROU,1.0
RWA,RUS,1.0
RWA,RWA,1.0
RWA,SAU,1.0
RWA,SDN,1.0
RWA,SEN,1.0
RWA,SGP,0.0
RWA,SLB,1.0
RWA,SLE,1.0
RWA,SLV,1.0
RWA,SMR,0.0
RWA,SOM,1.0
RWA,SRB,1.0
RWA,SSD,1.0
RWA,STP,0.0
RWA,SUR,1.0
RWA,SVK,0.0
RWA,SVN,0.0
RWA,SWE,0.0
RWA,SWZ,1.0
RWA,SXM,0.0
RWA,SYC,0.0
RWA,SYR,1.0
RWA,TCA,0.0
RWA,TCD,1.0
RWA,TGO,1.0
RWA,THA,1.0
RWA,TJK,1.0
RWA,TKM,1.0
RWA,TLS,1.0
RWA,TON,0.0
RWA,TTO,1.0
RWA,TUN,1.0
RWA,TUR,1.0
RWA,TUV,0.0
RWA,TZA,1.0
RWA,UGA,1.0
RWA,UKR,1.0
RWA,URY,0.0
RWA,UZB,1.0
RWA,VCT,0.0
RWA,VEN,1.0
RWA,VNM,1.0
RWA,VUT,0.0
RWA,WSM,0.0
RWA,YEM,1.0
RWA,ZAF,1.0
RWA,ZMB,1.0
RWA,ZWE,1.0
SAU,ABW,0.0
SAU,AFG,1.0
SAU,AGO,1.0
SAU,ALB,0.0
SAU,AND,0.0
SAU,ARE,0.0
SAU,ARG,1.0
SAU,ARM,1.0
SAU,ASM,0.0
SAU,ATG,0.0
SAU,AUS,0.0
SAU,AUT,0.0
SAU,AZE,1.0
SAU,BDI,1.0
SAU,BEL,0.0
SAU,BEN,1.0
SAU,BFA,1.0
SAU,BGD,1.0
SAU,BGR,0.0
SAU,BHR,0.0
SAU,BHS,0.0
SAU,BIH,1.0
SAU,BLR,1.0
SAU,BLZ,0.0
SAU,BMU,0.0
SAU,BOL,1.0
SAU,BRA,1.0
SAU,BRB,0.0
SAU,BRN,0.0
SAU,BTN,0.0
SAU,BWA,0.0
SAU,CAF,1.0
SAU,CAN,0.0
SAU,CHE,0.0
SAU,CHL,0.0
SAU,CIV,1.0
SAU,CMR,1.0
SAU,COD,1.0
SAU,COG,1.0
SAU,COL,1.0
SAU,COM,1.0
SAU,CPV,0.0
SAU,CRI,0.0
SAU,CUB,1.0
SAU,CUW,0.0
SAU,CYM,0.0
SAU,CYP,0.0
SAU,CZE,0.0
SAU,DEU,0.0
SAU,DJI,0.0
SAU,DMA,0.0
SAU,DNK,0.0
SAU,DOM,1.0
SAU,DZA,1.0
SAU,ECU,1.0
SAU,EGY,1.0
SAU,ESP,0.0
SAU,EST,0.0
SAU,ETH,1.0
SAU,FIN,0.0
SAU,FJI,1.0
SAU,FRA,0.0
SAU,FRO,0.0
SAU,FSM,0.0
SAU,GAB,1.0
SAU,GBR,0.0
SAU,GEO,0.0
SAU,GHA,1.0
SAU,GIN,1.0
SAU,GMB,1.0
SAU,GNB,1.0
SAU,GNQ,1.0
SAU,GRC,0.0
SAU,GRD,0.0
SAU,GRL,0.0
SAU,GTM,1.0
SAU,GUM,0.0
SAU,GUY,1.0
SAU,HKG,0.0
SAU,HND,1.0
SAU,HRV,0.0
SAU,HTI,1.0
SAU,HUN,0.0
SAU,IDN,1.0
SAU,IND,1.0
SAU,IRL,0.0
SAU,IRN,1.0
SAU,IRQ,1.0
SAU,ISL,0.0
SAU,ISR,0.0
SAU,ITA,0.0
SAU,JAM,0.0
SAU,JOR,1.0
SAU,JPN,0.0
SAU,KAZ,1.0
SAU,KEN,1.0
SAU,KGZ,1.0
SAU,KHM,1.0
SAU,KIR,0.0
SAU,KNA,0.0
SAU,KOR,0.0
SAU,KWT,1.0
SAU,LAO,1.0
SAU,LBN,1.0
SAU,LBR,1.0
SAU,LBY,1.0
SAU,LCA,0.0
SAU,LKA,1.0
SAU,LSO,1.0
SAU,LTU,0.0
SAU,LUX,0.0
SAU,LVA,0.0
SAU,MAC,0.0
SAU,MAR,1.0
SAU,MDA,1.0
SAU,MDG,1.0
SAU,MDV,0.0
SAU,MEX,1.0
SAU,MHL,0.0
SAU,MKD,0.0
SAU,MLI,1.0
SAU,MLT,0.0
SAU,MMR,1.0
SAU,MNE,0.0
SAU,MNG,1.0
SAU,MNP,0.0
SAU,MOZ,1.0
SAU,MRT,1.0
SAU,MUS,0.0
SAU,MWI,1.0
SAU,MYS,1.0
SAU,NAM,0.0
SAU,NER,1.0
SAU,NGA,1.0
SAU,NIC,1.0
SAU,NLD,0.0
SAU,NOR,0.0
SAU,NPL,1.0
SAU,NRU,0.0
SAU,NZL,0.0
SAU,OMN,1.0
SAU,PAK,1.0
SAU,PAN,0.0
SAU,PER,1.0
SAU,PHL,1.0
SAU,PLW,0.0
SAU,PNG,1.0
SAU,POL,0.0
SAU,PRT,0.0
SAU,PRY,1.0
SAU,PSE,1.0
SAU,PYF,0.0
SAU,QAT,0.0
SAU,ROU,1.0
SAU,RUS,1.0
SAU,RWA,1.0
SAU,SAU,1.0
SAU,SDN,1.0
SAU,SEN,1.0
SAU,SGP,0.0
SAU,SLB,1.0
SAU,SLE,1.0
SAU,SLV,1.0
SAU,SMR,0.0
SAU,SOM,1.0
SAU,SRB,1.0
SAU,SSD,1.0
SAU,STP,0.0
SAU,SUR,1.0
SAU,SVK,0.0
SAU,SVN,0.0
SAU,SWE,0.0
SAU,SWZ,1.0
SAU,SXM,0.0
SAU,SYC,0.0
SAU,SYR,1.0
SAU,TCA,0.0
SAU,TCD,1.0
SAU,TGO,1.0
SAU,THA,1.0
SAU,TJK,1.0
SAU,TKM,1.0
SAU,TLS,1.0
SAU,TON,0.0
SAU,TTO,1.0
SAU,TUN,1.0
SAU,TUR,1.0
SAU,TUV,0.0
SAU,TZA,1.0
SAU,UGA,1.0
SAU,UKR,1.0
SAU,URY,0.0
SAU,UZB,1.0
SAU,VCT,0.0
SAU,VEN,1.0
SAU,VNM,1.0
SAU,VUT,0.0
SAU,WSM,0.0
SAU,YEM,1.0
SAU,ZAF,1.0
SAU,ZMB,1.0
SAU,ZWE,1.0
SDN,ABW,0.0
SDN,AFG,1.0
SDN,AGO,1.0
SDN,ALB,0.0
SDN,AND,0.0
SDN,ARE,0.0
SDN,ARG,1.0
SDN,ARM,1.0
SDN,ASM,0.0
SDN,ATG,0.0
SDN,AUS,0.0
SDN,AUT,0.0
SDN,AZE,1.0
SDN,BDI,1.0
SDN,BEL,0.0
SDN,BEN,1.0
SDN,BFA,1.0
SDN,BGD,1.0
SDN,BGR,0.0
SDN,BHR,0.0
SDN,BHS,0.0
SDN,BIH,1.0
SDN,BLR,1.0
SDN,BLZ,0.0
SDN,BMU,0.0
SDN,BOL,1.0
SDN,BRA,1.0
SDN,BRB,0.0
SDN,BRN,0.0
SDN,BTN,0.0
SDN,BWA,0.0
SDN,CAF,1.0
SDN,CAN,0.0
SDN,CHE,0.0
SDN,CHL,0.0
SDN,CIV,1.0
SDN,CMR,1.0
SDN,COD,1.0
SDN,COG,1.0
SDN,COL,1.0
SDN,COM,1.0
SDN,CPV,0.0
SDN,CRI,0.0
SDN,CUB,1.0
SDN,CUW,0.0
SDN,CYM,0.0
SDN,CYP,0.0
SDN,CZE,0.0
SDN,DEU,0.0
SDN,DJI,0.0
SDN,DMA,0.0
SDN,DNK,0.0
SDN,DOM,1.0
SDN,DZA,1.0
SDN,ECU,1.0
SDN,EGY,1.0
SDN,ESP,0.0
SDN,EST,0.0
SDN,ETH,1.0
SDN,FIN,0.0
SDN,FJI,1.0
SDN,FRA,0.0
SDN,FRO,0.0
SDN,FSM,0.0
SDN,GAB,1.0
SDN,GBR,0.0
SDN,GEO,0.0
SDN,GHA,1.0
SDN,GIN,1.0
SDN,GMB,1.0
SDN,GNB,1.0
SDN,GNQ,1.0
SDN,GRC,0.0
SDN,GRD,0.0
SDN,GRL,0.0
SDN,GTM,1.0
SDN,GUM,0.0
SDN,GUY,1.0
SDN,HKG,0.0
SDN,HND,1.0
SDN,HRV,0.0
SDN,HTI,1.0
SDN,HUN,0.0
SDN,IDN,1.0
SDN,IND,1.0
SDN,IRL,0.0
SDN,IRN,1.0
SDN,IRQ,1.0
SDN,ISL,0.0
SDN,ISR,0.0
SDN,ITA,0.0
SDN,JAM,0.0
SDN,JOR,1.0
SDN,JPN,0.0
SDN,KAZ,1.0
SDN,KEN,1.0
SDN,KGZ,1.0
SDN,KHM,1.0
SDN,KIR,0.0
SDN,KNA,0.0
SDN,KOR,0.0
SDN,KWT,1.0
SDN,LAO,1.0
SDN,LBN,1.0
SDN,LBR,1.0
SDN,LBY,1.0
SDN,LCA,0.0
SDN,LKA,1.0
SDN,LSO,1.0
SDN,LTU,0.0
SDN,LUX,0.0
SDN,LVA,0.0
SDN,MAC,0.0
SDN,MAR,1.0
SDN,MDA,1.0
SDN,MDG,1.0
SDN,MDV,0.0
SDN,MEX,1.0
SDN,MHL,0.0
SDN,MKD,0.0
SDN,MLI,1.0
SDN,MLT,0.0
SDN,MMR,1.0
SDN,MNE,0.0
SDN,MNG,1.0
SDN,MNP,0.0
SDN,MOZ,1.0
SDN,MRT,1.0
SDN,MUS,0.0
SDN,MWI,1.0
SDN,MYS,1.0
SDN,NAM,0.0
SDN,NER,1.0
SDN,NGA,1.0
SDN,NIC,1.0
SDN,NLD,0.0
SDN,NOR,0.0
SDN,NPL,1.0
SDN,NRU,0.0
SDN,NZL,0.0
SDN,OMN,1.0
SDN,PAK,1.0
SDN,PAN,0.0
SDN,PER,1.0
SDN,PHL,1.0
SDN,PLW,0.0
SDN,PNG,1.0
SDN,POL,0.0
SDN,PRT,0.0
SDN,PRY,1.0
SDN,PSE,1.0
SDN,PYF,0.0
SDN,QAT,0.0
SDN,ROU,1.0
SDN,RUS,1.0
SDN,RWA,1.0
SDN,SAU,1.0
SDN,SDN,1.0
SDN,SEN,1.0
SDN,SGP,0.0
SDN,SLB,1.0
SDN,SLE,1.0
SDN,SLV,1.0
SDN,SMR,0.0
SDN,SOM,1.0
SDN,SRB,1.0
SDN,SSD,1.0
SDN,STP,0.0
SDN,SUR,1.0
SDN,SVK,0.0
SDN,SVN,0.0
SDN,SWE,0.0
SDN,SWZ,1.0
SDN,SXM,0.0
SDN,SYC,0.0
SDN,SYR,1.0
SDN,TCA,0.0
SDN,TCD,1.0
SDN,TGO,1.0
SDN,THA,1.0
SDN,TJK,1.0
SDN,TKM,1.0
SDN,TLS,1.0
SDN,TON,0.0
SDN,TTO,1.0
SDN,TUN,1.0
SDN,TUR,1.0
SDN,TUV,0.0
SDN,TZA,1.0
SDN,UGA,1.0
SDN,UKR,1.0
SDN,URY,0.0
SDN,UZB,1.0
SDN,VCT,0.0
SDN,VEN,1.0
SDN,VNM,1.0
SDN,VUT,0.0
SDN,WSM,0.0
SDN,YEM,1.0
SDN,ZAF,1.0
SDN,ZMB,1.0
SDN,ZWE,1.0
SEN,ABW,0.0
SEN,AFG,1.0
SEN,AGO,1.0
SEN,ALB,0.0
SEN,AND,0.0
SEN,ARE,0.0
SEN,ARG,1.0
SEN,ARM,1.0
SEN,ASM,0.0
SEN,ATG,0.0
SEN,AUS,0.0
SEN,AUT,0.0
SEN,AZE,1.0
SEN,BDI,1.0
SEN,BEL,0.0
SEN,BEN,1.0
SEN,BFA,1.0
SEN,BGD,1.0
SEN,BGR,0.0
SEN,BHR,0.0
SEN,BHS,0.0
SEN,BIH,1.0
SEN,BLR,1.0
SEN,BLZ,0.0
SEN,BMU,0.0
SEN,BOL,1.0
SEN,BRA,1.0
SEN,BRB,0.0
SEN,BRN,0.0
SEN,BTN,0.0
SEN,BWA,0.0
SEN,CAF,1.0
SEN,CAN,0.0
SEN,CHE,0.0
SEN,CHL,0.0
SEN,CIV,1.0
SEN,CMR,1.0
SEN,COD,1.0
SEN,COG,1.0
SEN,COL,1.0
SEN,COM,1.0
SEN,CPV,0.0
SEN,CRI,0.0
SEN,CUB,1.0
SEN,CUW,0.0
SEN,CYM,0.0
SEN,CYP,0.0
SEN,CZE,0.0
SEN,DEU,0.0
SEN,DJI,0.0
SEN,DMA,0.0
SEN,DNK,0.0
SEN,DOM,1.0
SEN,DZA,1.0
SEN,ECU,1.0
SEN,EGY,1.0
SEN,ESP,0.0
SEN,EST,0.0
SEN,ETH,1.0
SEN,FIN,0.0
SEN,FJI,1.0
SEN,FRA,0.0
SEN,FRO,0.0
SEN,FSM,0.0
SEN,GAB,1.0
SEN,GBR,0.0
SEN,GEO,0.0
SEN,GHA,1.0
SEN,GIN,1.0
SEN,GMB,1.0
SEN,GNB,1.0
SEN,GNQ,1.0
SEN,GRC,0.0
SEN,GRD,0.0
SEN,GRL,0.0
SEN,GTM,1.0
SEN,GUM,0.0
SEN,GUY,1.0
SEN,HKG,0.0
SEN,HND,1.0
SEN,HRV,0.0
SEN,HTI,1.0
SEN,HUN,0.0
SEN,IDN,1.0
SEN,IND,1.0
SEN,IRL,0.0
SEN,IRN,1.0
SEN,IRQ,1.0
SEN,ISL,0.0
SEN,ISR,0.0
SEN,ITA,0.0
SEN,JAM,0.0
SEN,JOR,1.0
SEN,JPN,0.0
SEN,KAZ,1.0
SEN,KEN,1.0
SEN,KGZ,1.0
SEN,KHM,1.0
SEN,KIR,0.0
SEN,KNA,0.0
SEN,KOR,0.0
SEN,KWT,1.0
SEN,LAO,1.0
SEN,LBN,1.0
SEN,LBR,1.0
SEN,LBY,1.0
SEN,LCA,0.0
SEN,LKA,1.0
SEN,LSO,1.0
SEN,LTU,0.0
SEN,LUX,0.0
SEN,LVA,0.0
SEN,MAC,0.0
SEN,MAR,1.0
SEN,MDA,1.0
SEN,MDG,1.0
SEN,MDV,0.0
SEN,MEX,1.0
SEN,MHL,0.0
SEN,MKD,0.0
SEN,MLI,1.0
SEN,MLT,0.0
SEN,MMR,1.0
SEN,MNE,0.0
SEN,MNG,1.0
SEN,MNP,0.0
SEN,MOZ,1.0
SEN,MRT,1.0
SEN,MUS,0.0
SEN,MWI,1.0
SEN,MYS,1.0
SEN,NAM,0.0
SEN,NER,1.0
SEN,NGA,1.0
SEN,NIC,1.0
SEN,NLD,0.0
SEN,NOR,0.0
SEN,NPL,1.0
SEN,NRU,0.0
SEN,NZL,0.0
SEN,OMN,1.0
SEN,PAK,1.0
SEN,PAN,0.0
SEN,PER,1.0
SEN,PHL,1.0
SEN,PLW,0.0
SEN,PNG,1.0
SEN,POL,0.0
SEN,PRT,0.0
SEN,PRY,1.0
SEN,PSE,1.0
SEN,PYF,0.0
SEN,QAT,0.0
SEN,ROU,1.0
SEN,RUS,1.0
SEN,RWA,1.0
SEN,SAU,1.0
SEN,SDN,1.0
SEN,SEN,1.0
SEN,SGP,0.0
SEN,SLB,1.0
SEN,SLE,1.0
SEN,SLV,1.0
SEN,SMR,0.0
SEN,SOM,1.0
SEN,SRB,1.0
SEN,SSD,1.0
SEN,STP,0.0
SEN,SUR,1.0
SEN,SVK,0.0
SEN,SVN,0.0
SEN,SWE,0.0
SEN,SWZ,1.0
SEN,SXM,0.0
SEN,SYC,0.0
SEN,SYR,1.0
SEN,TCA,0.0
SEN,TCD,1.0
SEN,TGO,1.0
SEN,THA,1.0
SEN,TJK,1.0
SEN,TKM,1.0
SEN,TLS,1.0
SEN,TON,0.0
SEN,TTO,1.0
SEN,TUN,1.0
SEN,TUR,1.0
SEN,TUV,0.0
SEN,TZA,1.0
SEN,UGA,1.0
SEN,UKR,1.0
SEN,URY,0.0
SEN,UZB,1.0
SEN,VCT,0.0
SEN,VEN,1.0
SEN,VNM,1.0
SEN,VUT,0.0
SEN,WSM,0.0
SEN,YEM,1.0
SEN,ZAF,1.0
SEN,ZMB,1.0
SEN,ZWE,1.0
SGP,ABW,1.0
SGP,AFG,0.0
SGP,AGO,0.0
SGP,ALB,1.0
SGP,AND,1.0
SGP,ARE,1.0
SGP,ARG,0.0
SGP,ARM,0.0
SGP,ASM,1.0
SGP,ATG,1.0
SGP,AUS,1.0
SGP,AUT,1.0
SGP,AZE,0.0
SGP,BDI,0.0
SGP,BEL,1.0
SGP,BEN,0.0
SGP,BFA,0.0
SGP,BGD,0.0
SGP,BGR,1.0
SGP,BHR,1.0
SGP,BHS,1.0
SGP,BIH,0.0
SGP,BLR,0.0
SGP,BLZ,1.0
SGP,BMU,1.0
SGP,BOL,0.0
SGP,BRA,0.0
SGP,BRB,1.0
SGP,BRN,1.0
SGP,BTN,1.0
SGP,BWA,1.0
SGP,CAF,0.0
SGP,CAN,1.0
SGP,CHE,1.0
SGP,CHL,1.0
SGP,CIV,0.0
SGP,CMR,0.0
SGP,COD,0.0
SGP,COG,0.0
SGP,COL,0.0
SGP,COM,0.0
SGP,CPV,1.0
SGP,CRI,1.0
SGP,CUB,0.0
SGP,CUW,1.0
SGP,CYM,1.0
SGP,CYP,1.0
SGP,CZE,1.0
SGP,DEU,1.0
SGP,DJI,1.0
SGP,DMA,1.0
SGP,DNK,1.0
SGP,DOM,0.0
SGP,DZA,0.0
SGP,ECU,0.0
SGP,EGY,0.0
SGP,ESP,1.0
SGP,EST,1.0
SGP,ETH,0.0
SGP,FIN,1.0
SGP,FJI,0.0
SGP,FRA,1.0
SGP,FRO,1.0
SGP,FSM,1.0
SGP,GAB,0.0
SGP,GBR,1.0
SGP,GEO,1.0
SGP,GHA,0.0
SGP,GIN,0.0
SGP,GMB,0.0
SGP,GNB,0.0
SGP,GNQ,0.0
SGP,GRC,1.0
SGP,GRD,1.0
SGP,GRL,1.0
SGP,GTM,0.0
SGP,GUM,1.0
SGP,GUY,0.0
SGP,HKG,1.0
SGP,HND,0.0
SGP,HRV,1.0
SGP,HTI,0.0
SGP,HUN,1.0
SGP,IDN,0.0
SGP,IND,0.0
SGP,IRL,1.0
SGP,IRN,0.0
SGP,IRQ,0.0
SGP,ISL,1.0
SGP,ISR,1.0
SGP,ITA,1.0
SGP,JAM,1.0
SGP,JOR,0.0
SGP,JPN,1.0
SGP,KAZ,0.0
SGP,KEN,0.0
SGP,KGZ,0.0
SGP,KHM,0.0
SGP,KIR,1.0
SGP,KNA,1.0
SGP,KOR,1.0
SGP,KWT,0.0
SGP,LAO,0.0
SGP,LBN,0.0
SGP,LBR,0.0
SGP,LBY,0.0
SGP,LCA,1.0
SGP,LKA,0.0
SGP,LSO,0.0
SGP,LTU,1.0
SGP,LUX,1.0
SGP,LVA,1.0
SGP,MAC,1.0
SGP,MAR,0.0
SGP,MDA,0.0
SGP,MDG,0.0
SGP,MDV,1.0
SGP,MEX,0.0
SGP,MHL,1.0
SGP,MKD,1.0
SGP,MLI,0.0
SGP,MLT,1.0
SGP,MMR,0.0
SGP,MNE,1.0
SGP,MNG,0.0
SGP,MNP,1.0
SGP,MOZ,0.0
SGP,MRT,0.0
SGP,MUS,1.0
SGP,MWI,0.0
SGP,MYS,0.0
SGP,NAM,1.0
SGP,NER,0.0
SGP,NGA,0.0
SGP,NIC,0.0
SGP,NLD,1.0
SGP,NOR,1.0
SGP,NPL,0.0
SGP,NRU,1.0
SGP,NZL,1.0
SGP,OMN,0.0
SGP,PAK,0.0
SGP,PAN,1.0
SGP,PER,0.0
SGP,PHL,0.0
SGP,PLW,1.0
SGP,PNG,0.0
SGP,POL,1.0
SGP,PRT,1.0
SGP,PRY,0.0
SGP,PSE,0.0
SGP,PYF,1.0
SGP,QAT,1.0
SGP,ROU,0.0
SGP,RUS,0.0
SGP,RWA,0.0
SGP,SAU,0.0
SGP,SDN,0.0
SGP,SEN,0.0
SGP,SGP,1.0
SGP,SLB,0.0
SGP,SLE,0.0
SGP,SLV,0.0
SGP,SMR,1.0
SGP,SOM,0.0
SGP,SRB,0.0
SGP,SSD,0.0
SGP,STP,1.0
SGP,SUR,0.0
SGP,SVK,1.0
SGP,SVN,1.0
SGP,SWE,1.0
SGP,SWZ,0.0
SGP,SXM,1.0
SGP,SYC,1.0
SGP,SYR,0.0
SGP,TCA,1.0
SGP,TCD,0.0
SGP,TGO,0.0
SGP,THA,0.0
SGP,TJK,0.0
SGP,TKM,0.0
SGP,TLS,0.0
SGP,TON,1.0
SGP,TTO,0.0
SGP,TUN,0.0
SGP,TUR,0.0
SGP,TUV,1.0
SGP,TZA,0.0
SGP,UGA,0.0
SGP,UKR,0.0
SGP,URY,1.0
SGP,UZB,0.0
SGP,VCT,1.0
SGP,VEN,0.0
SGP,VNM,0.0
SGP,VUT,1.0
SGP,WSM,1.0
SGP,YEM,0.0
SGP,ZAF,0.0
SGP,ZMB,0.0
SGP,ZWE,0.0
SLB,ABW,0.0
SLB,AFG,1.0
SLB,AGO,1.0
SLB,ALB,0.0
SLB,AND,0.0
SLB,ARE,0.0
SLB,ARG,1.0
SLB,ARM,1.0
SLB,ASM,0.0
SLB,ATG,0.0
SLB,AUS,0.0
SLB,AUT,0.0
SLB,AZE,1.0
SLB,BDI,1.0
SLB,BEL,0.0
SLB,BEN,1.0
SLB,BFA,1.0
SLB,BGD,1.0
SLB,BGR,0.0
SLB,BHR,0.0
SLB,BHS,0.0
SLB,BIH,1.0
SLB,BLR,1.0
SLB,BLZ,0.0
SLB,BMU,0.0
SLB,BOL,1.0
SLB,BRA,1.0
SLB,BRB,0.0
SLB,BRN,0.0
SLB,BTN,0.0
SLB,BWA,0.0
SLB,CAF,1.0
SLB,CAN,0.0
SLB,CHE,0.0
SLB,CHL,0.0
SLB,CIV,1.0
SLB,CMR,1.0
SLB,COD,1.0
SLB,COG,1.0
SLB,COL,1.0
SLB,COM,1.0
SLB,CPV,0.0
SLB,CRI,0.0
SLB,CUB,1.0
SLB,CUW,0.0
SLB,CYM,0.0
SLB,CYP,0.0
SLB,CZE,0.0
SLB,DEU,0.0
SLB,DJI,0.0
SLB,DMA,0.0
SLB,DNK,0.0
SLB,DOM,1.0
SLB,DZA,1.0
SLB,ECU,1.0
SLB,EGY,1.0
SLB,ESP,0.0
SLB,EST,0.0
SLB,ETH,1.0
SLB,FIN,0.0
SLB,FJI,1.0
SLB,FRA,0.0
SLB,FRO,0.0
SLB,FSM,0.0
SLB,GAB,1.0
SLB,GBR,0.0
SLB,GEO,0.0
SLB,GHA,1.0
SLB,GIN,1.0
SLB,GMB,1.0
SLB,GNB,1.0
SLB,GNQ,1.0
SLB,GRC,0.0
SLB,GRD,0.0
SLB,GRL,0.0
SLB,GTM,1.0
SLB,GUM,0.0
SLB,GUY,1.0
SLB,HKG,0.0
SLB,HND,1.0
SLB,HRV,0.0
SLB,HTI,1.0
SLB,HUN,0.0
SLB,IDN,1.0
SLB,IND,1.0
SLB,IRL,0.0
SLB,IRN,1.0
SLB,IRQ,1.0
SLB,ISL,0.0
SLB,ISR,0.0
SLB,ITA,0.0
SLB,JAM,0.0
SLB,JOR,1.0
SLB,JPN,0.0
SLB,KAZ,1.0
SLB,KEN,1.0
SLB,KGZ,1.0
SLB,KHM,1.0
SLB,KIR,0.0
SLB,KNA,0.0
SLB,KOR,0.0
SLB,KWT,1.0
SLB,LAO,1.0
SLB,LBN,1.0
SLB,LBR,1.0
SLB,LBY,1.0
SLB,LCA,0.0
SLB,LKA,1.0
SLB,LSO,1.0
SLB,LTU,0.0
SLB,LUX,0.0
SLB,LVA,0.0
SLB,MAC,0.0
SLB,MAR,1.0
SLB,MDA,1.0
SLB,MDG,1.0
SLB,MDV,0.0
SLB,MEX,1.0
SLB,MHL,0.0
SLB,MKD,0.0
SLB,MLI,1.0
SLB,MLT,0.0
SLB,MMR,1.0
SLB,MNE,0.0
SLB,MNG,1.0
SLB,MNP,0.0
SLB,MOZ,1.0
SLB,MRT,1.0
SLB,MUS,0.0
SLB,MWI,1.0
SLB,MYS,1.0
SLB,NAM,0.0
SLB,NER,1.0
SLB,NGA,1.0
SLB,NIC,1.0
SLB,NLD,0.0
SLB,NOR,0.0
SLB,NPL,1.0
SLB,NRU,0.0
SLB,NZL,0.0
SLB,OMN,1.0
SLB,PAK,1.0
SLB,PAN,0.0
SLB,PER,1.0
SLB,PHL,1.0
SLB,PLW,0.0
SLB,PNG,1.0
SLB,POL,0.0
SLB,PRT,0.0
SLB,PRY,1.0
SLB,PSE,1.0
SLB,PYF,0.0
SLB,QAT,0.0
SLB,ROU,1.0
SLB,RUS,1.0
SLB,RWA,1.0
SLB,SAU,1.0
SLB,SDN,1.0
SLB,SEN,1.0
SLB,SGP,0.0
SLB,SLB,1.0
SLB,SLE,1.0
SLB,SLV,1.0
SLB,SMR,0.0
SLB,SOM,1.0
SLB,SRB,1.0
SLB,SSD,1.0
SLB,STP,0.0
SLB,SUR,1.0
SLB,SVK,0.0
SLB,SVN,0.0
SLB,SWE,0.0
SLB,SWZ,1.0
SLB,SXM,0.0
SLB,SYC,0.0
SLB,SYR,1.0
SLB,TCA,0.0
SLB,TCD,1.0
SLB,TGO,1.0
SLB,THA,1.0
SLB,TJK,1.0
SLB,TKM,1.0
SLB,TLS,1.0
SLB,TON,0.0
SLB,TTO,1.0
SLB,TUN,1.0
SLB,TUR,1.0
SLB,TUV,0.0
SLB,TZA,1.0
SLB,UGA,1.0
SLB,UKR,1.0
SLB,URY,0.0
SLB,UZB,1.0
SLB,VCT,0.0
SLB,VEN,1.0
SLB,VNM,1.0
SLB,VUT,0.0
SLB,WSM,0.0
SLB,YEM,1.0
SLB,ZAF,1.0
SLB,ZMB,1.0
SLB,ZWE,1.0
SLE,ABW,0.0
SLE,AFG,1.0
SLE,AGO,1.0
SLE,ALB,0.0
SLE,AND,0.0
SLE,ARE,0.0
SLE,ARG,1.0
SLE,ARM,1.0
SLE,ASM,0.0
SLE,ATG,0.0
SLE,AUS,0.0
SLE,AUT,0.0
SLE,AZE,1.0
SLE,BDI,1.0
SLE,BEL,0.0
SLE,BEN,1.0
SLE,BFA,1.0
SLE,BGD,1.0
SLE,BGR,0.0
SLE,BHR,0.0
SLE,BHS,0.0
SLE,BIH,1.0
SLE,BLR,1.0
SLE,BLZ,0.0
SLE,BMU,0.0
SLE,BOL,1.0
SLE,BRA,1.0
SLE,BRB,0.0
SLE,BRN,0.0
SLE,BTN,0.0
SLE,BWA,0.0
SLE,CAF,1.0
SLE,CAN,0.0
SLE,CHE,0.0
SLE,CHL,0.0
SLE,CIV,1.0
SLE,CMR,1.0
SLE,COD,1.0
SLE,COG,1.0
SLE,COL,1.0
SLE,COM,1.0
SLE,CPV,0.0
SLE,CRI,0.0
SLE,CUB,1.0
SLE,CUW,0.0
SLE,CYM,0.0
SLE,CYP,0.0
SLE,CZE,0.0
SLE,DEU,0.0
SLE,DJI,0.0
SLE,DMA,0.0
SLE,DNK,0.0
SLE,DOM,1.0
SLE,DZA,1.0
SLE,ECU,1.0
SLE,EGY,1.0
SLE,ESP,0.0
SLE,EST,0.0
SLE,ETH,1.0
SLE,FIN,0.0
SLE,FJI,1.0
SLE,FRA,0.0
SLE,FRO,0.0
SLE,FSM,0.0
SLE,GAB,1.0
SLE,GBR,0.0
SLE,GEO,0.0
SLE,GHA,1.0
SLE,GIN,1.0
SLE,GMB,1.0
SLE,GNB,1.0
SLE,GNQ,1.0
SLE,GRC,0.0
SLE,GRD,0.0
SLE,GRL,0.0
SLE,GTM,1.0
SLE,GUM,0.0
SLE,GUY,1.0
SLE,HKG,0.0
SLE,HND,1.0
SLE,HRV,0.0
SLE,HTI,1.0
SLE,HUN,0.0
SLE,IDN,1.0
SLE,IND,1.0
SLE,IRL,0.0
SLE,IRN,1.0
SLE,IRQ,1.0
SLE,ISL,0.0
SLE,ISR,0.0
SLE,ITA,0.0
SLE,JAM,0.0
SLE,JOR,1.0
SLE,JPN,0.0
SLE,KAZ,1.0
SLE,KEN,1.0
SLE,KGZ,1.0
SLE,KHM,1.0
SLE,KIR,0.0
SLE,KNA,0.0
SLE,KOR,0.0
SLE,KWT,1.0
SLE,LAO,1.0
SLE,LBN,1.0
SLE,LBR,1.0
SLE,LBY,1.0
SLE,LCA,0.0
SLE,LKA,1.0
SLE,LSO,1.0
SLE,LTU,0.0
SLE,LUX,0.0
SLE,LVA,0.0
SLE,MAC,0.0
SLE,MAR,1.0
SLE,MDA,1.0
SLE,MDG,1.0
SLE,MDV,0.0
SLE,MEX,1.0
SLE,MHL,0.0
SLE,MKD,0.0
SLE,MLI,1.0
SLE,MLT,0.0
SLE,MMR,1.0
SLE,MNE,0.0
SLE,MNG,1.0
SLE,MNP,0.0
SLE,MOZ,1.0
SLE,MRT,1.0
SLE,MUS,0.0
SLE,MWI,1.0
SLE,MYS,1.0
SLE,NAM,0.0
SLE,NER,1.0
SLE,NGA,1.0
SLE,NIC,1.0
SLE,NLD,0.0
SLE,NOR,0.0
SLE,NPL,1.0
SLE,NRU,0.0
SLE,NZL,0.0
SLE,OMN,1.0
SLE,PAK,1.0
SLE,PAN,0.0
SLE,PER,1.0
SLE,PHL,1.0
SLE,PLW,0.0
SLE,PNG,1.0
SLE,POL,0.0
SLE,PRT,0.0
SLE,PRY,1.0
SLE,PSE,1.0
SLE,PYF,0.0
SLE,QAT,0.0
SLE,ROU,1.0
SLE,RUS,1.0
SLE,RWA,1.0
SLE,SAU,1.0
SLE,SDN,1.0
SLE,SEN,1.0
SLE,SGP,0.0
SLE,SLB,1.0
SLE,SLE,1.0
SLE,SLV,1.0
SLE,SMR,0.0
SLE,SOM,1.0
SLE,SRB,1.0
SLE,SSD,1.0
SLE,STP,0.0
SLE,SUR,1.0
SLE,SVK,0.0
SLE,SVN,0.0
SLE,SWE,0.0
SLE,SWZ,1.0
SLE,SXM,0.0
SLE,SYC,0.0
SLE,SYR,1.0
SLE,TCA,0.0
SLE,TCD,1.0
SLE,TGO,1.0
SLE,THA,1.0
SLE,TJK,1.0
SLE,TKM,1.0
SLE,TLS,1.0
SLE,TON,0.0
SLE,TTO,1.0
SLE,TUN,1.0
SLE,TUR,1.0
SLE,TUV,0.0
SLE,TZA,1.0
SLE,UGA,1.0
SLE,UKR,1.0
SLE,URY,0.0
SLE,UZB,1.0
SLE,VCT,0.0
SLE,VEN,1.0
SLE,VNM,1.0
SLE,VUT,0.0
SLE,WSM,0.0
SLE,YEM,1.0
SLE,ZAF,1.0
SLE,ZMB,1.0
SLE,ZWE,1.0
SLV,ABW,0.0
SLV,AFG,1.0
SLV,AGO,1.0
SLV,ALB,0.0
SLV,AND,0.0
SLV,ARE,0.0
SLV,ARG,1.0
SLV,ARM,1.0
SLV,ASM,0.0
SLV,ATG,0.0
SLV,AUS,0.0
SLV,AUT,0.0
SLV,AZE,1.0
SLV,BDI,1.0
SLV,BEL,0.0
SLV,BEN,1.0
SLV,BFA,1.0
SLV,BGD,1.0
SLV,BGR,0.0
SLV,BHR,0.0
SLV,BHS,0.0
SLV,BIH,1.0
SLV,BLR,1.0
SLV,BLZ,0.0
SLV,BMU,0.0
SLV,BOL,1.0
SLV,BRA,1.0
SLV,BRB,0.0
SLV,BRN,0.0
SLV,BTN,0.0
SLV,BWA,0.0
SLV,CAF,1.0
SLV,CAN,0.0
SLV,CHE,0.0
SLV,CHL,0.0
SLV,CIV,1.0
SLV,CMR,1.0
SLV,COD,1.0
SLV,COG,1.0
SLV,COL,1.0
SLV,COM,1.0
SLV,CPV,0.0
SLV,CRI,0.0
SLV,CUB,1.0
SLV,CUW,0.0
SLV,CYM,0.0
SLV,CYP,0.0
SLV,CZE,0.0
SLV,DEU,0.0
SLV,DJI,0.0
SLV,DMA,0.0
SLV,DNK,0.0
SLV,DOM,1.0
SLV,DZA,1.0
SLV,ECU,1.0
SLV,EGY,1.0
SLV,ESP,0.0
SLV,EST,0.0
SLV,ETH,1.0
SLV,FIN,0.0
SLV,FJI,1.0
SLV,FRA,0.0
SLV,FRO,0.0
SLV,FSM,0.0
SLV,GAB,1.0
SLV,GBR,0.0
SLV,GEO,0.0
SLV,GHA,1.0
SLV,GIN,1.0
SLV,GMB,1.0
SLV,GNB,1.0
SLV,GNQ,1.0
SLV,GRC,0.0
SLV,GRD,0.0
SLV,GRL,0.0
SLV,GTM,1.0
SLV,GUM,0.0
SLV,GUY,1.0
SLV,HKG,0.0
SLV,HND,1.0
SLV,HRV,0.0
SLV,HTI,1.0
SLV,HUN,0.0
SLV,IDN,1.0
SLV,IND,1.0
SLV,IRL,0.0
SLV,IRN,1.0
SLV,IRQ,1.0
SLV,ISL,0.0
SLV,ISR,0.0
SLV,ITA,0.0
SLV,JAM,0.0
SLV,JOR,1.0
SLV,JPN,0.0
SLV,KAZ,1.0
SLV,KEN,1.0
SLV,KGZ,1.0
SLV,KHM,1.0
SLV,KIR,0.0
SLV,KNA,0.0
SLV,KOR,0.0
SLV,KWT,1.0
SLV,LAO,1.0
SLV,LBN,1.0
SLV,LBR,1.0
SLV,LBY,1.0
SLV,LCA,0.0
SLV,LKA,1.0
SLV,LSO,1.0
SLV,LTU,0.0
SLV,LUX,0.0
SLV,LVA,0.0
SLV,MAC,0.0
SLV,MAR,1.0
SLV,MDA,1.0
SLV,MDG,1.0
SLV,MDV,0.0
SLV,MEX,1.0
SLV,MHL,0.0
SLV,MKD,0.0
SLV,MLI,1.0
SLV,MLT,0.0
SLV,MMR,1.0
SLV,MNE,0.0
SLV,MNG,1.0
SLV,MNP,0.0
SLV,MOZ,1.0
SLV,MRT,1.0
SLV,MUS,0.0
SLV,MWI,1.0
SLV,MYS,1.0
SLV,NAM,0.0
SLV,NER,1.0
SLV,NGA,1.0
SLV,NIC,1.0
SLV,NLD,0.0
SLV,NOR,0.0
SLV,NPL,1.0
SLV,NRU,0.0
SLV,NZL,0.0
SLV,OMN,1.0
SLV,PAK,1.0
SLV,PAN,0.0
SLV,PER,1.0
SLV,PHL,1.0
SLV,PLW,0.0
SLV,PNG,1.0
SLV,POL,0.0
SLV,PRT,0.0
SLV,PRY,1.0
SLV,PSE,1.0
SLV,PYF,0.0
SLV,QAT,0.0
SLV,ROU,1.0
SLV,RUS,1.0
SLV,RWA,1.0
SLV,SAU,1.0
SLV,SDN,1.0
SLV,SEN,1.0
SLV,SGP,0.0
SLV,SLB,1.0
SLV,SLE,1.0
SLV,SLV,1.0
SLV,SMR,0.0
SLV,SOM,1.0
SLV,SRB,1.0
SLV,SSD,1.0
SLV,STP,0.0
SLV,SUR,1.0
SLV,SVK,0.0
SLV,SVN,0.0
SLV,SWE,0.0
SLV,SWZ,1.0
SLV,SXM,0.0
SLV,SYC,0.0
SLV,SYR,1.0
SLV,TCA,0.0
SLV,TCD,1.0
SLV,TGO,1.0
SLV,THA,1.0
SLV,TJK,1.0
SLV,TKM,1.0
SLV,TLS,1.0
SLV,TON,0.0
SLV,TTO,1.0
SLV,TUN,1.0
SLV,TUR,1.0
SLV,TUV,0.0
SLV,TZA,1.0
SLV,UGA,1.0
SLV,UKR,1.0
SLV,URY,0.0
SLV,UZB,1.0
SLV,VCT,0.0
SLV,VEN,1.0
SLV,VNM,1.0
SLV,VUT,0.0
SLV,WSM,0.0
SLV,YEM,1.0
SLV,ZAF,1.0
SLV,ZMB,1.0
SLV,ZWE,1.0
SMR,ABW,1.0
SMR,AFG,0.0
SMR,AGO,0.0
SMR,ALB,1.0
SMR,AND,1.0
SMR,ARE,1.0
SMR,ARG,0.0
SMR,ARM,0.0
SMR,ASM,1.0
SMR,ATG,1.0
SMR,AUS,1.0
SMR,AUT,1.0
SMR,AZE,0.0
SMR,BDI,0.0
SMR,BEL,1.0
SMR,BEN,0.0
SMR,BFA,0.0
SMR,BGD,0.0
SMR,BGR,1.0
SMR,BHR,1.0
SMR,BHS,1.0
SMR,BIH,0.0
SMR,BLR,0.0
SMR,BLZ,1.0
SMR,BMU,1.0
SMR,BOL,0.0
SMR,BRA,0.0
SMR,BRB,1.0
SMR,BRN,1.0
SMR,BTN,1.0
SMR,BWA,1.0
SMR,CAF,0.0
SMR,CAN,1.0
SMR,CHE,1.0
SMR,CHL,1.0
SMR,CIV,0.0
SMR,CMR,0.0
SMR,COD,0.0
SMR,COG,0.0
SMR,COL,0.0
SMR,COM,0.0
SMR,CPV,1.0
SMR,CRI,1.0
SMR,CUB,0.0
SMR,CUW,1.0
SMR,CYM,1.0
SMR,CYP,1.0
SMR,CZE,1.0
SMR,DEU,1.0
SMR,DJI,1.0
SMR,DMA,1.0
SMR,DNK,1.0
SMR,DOM,0.0
SMR,DZA,0.0
SMR,ECU,0.0
SMR,EGY,0.0
SMR,ESP,1.0
SMR,EST,1.0
SMR,ETH,0.0
SMR,FIN,1.0
SMR,FJI,0.0
SMR,FRA,1.0
SMR,FRO,1.0
SMR,FSM,1.0
SMR,GAB,0.0
SMR,GBR,1.0
SMR,GEO,1.0
SMR,GHA,0.0
SMR,GIN,0.0
SMR,GMB,0.0
SMR,GNB,0.0
SMR,GNQ,0.0
SMR,GRC,1.0
SMR,GRD,1.0
SMR,GRL,1.0
SMR,GTM,0.0
SMR,GUM,1.0
SMR,GUY,0.0
SMR,HKG,1.0
SMR,HND,0.0
SMR,HRV,1.0
SMR,HTI,0.0
SMR,HUN,1.0
SMR,IDN,0.0
SMR,IND,0.0
SMR,IRL,1.0
SMR,IRN,0.0
SMR,IRQ,0.0
SMR,ISL,1.0
SMR,ISR,1.0
SMR,ITA,1.0
SMR,JAM,1.0
SMR,JOR,0.0
SMR,JPN,1.0
SMR,KAZ,0.0
SMR,KEN,0.0
SMR,KGZ,0.0
SMR,KHM,0.0
SMR,KIR,1.0
SMR,KNA,1.0
SMR,KOR,1.0
SMR,KWT,0.0
SMR,LAO,0.0
SMR,LBN,0.0
SMR,LBR,0.0
SMR,LBY,0.0
SMR,LCA,1.0
SMR,LKA,0.0
SMR,LSO,0.0
SMR,LTU,1.0
SMR,LUX,1.0
SMR,LVA,1.0
SMR,MAC,1.0
SMR,MAR,0.0
SMR,MDA,0.0
SMR,MDG,0.0
SMR,MDV,1.0
SMR,MEX,0.0
SMR,MHL,1.0
SMR,MKD,1.0
SMR,MLI,0.0
SMR,MLT,1.0
SMR,MMR,0.0
SMR,MNE,1.0
SMR,MNG,0.0
SMR,MNP,1.0
SMR,MOZ,0.0
SMR,MRT,0.0
SMR,MUS,1.0
SMR,MWI,0.0
SMR,MYS,0.0
SMR,NAM,1.0
SMR,NER,0.0
SMR,NGA,0.0
SMR,NIC,0.0
SMR,NLD,1.0
SMR,NOR,1.0
SMR,NPL,0.0
SMR,NRU,1.0
SMR,NZL,1.0
SMR,OMN,0.0
SMR,PAK,0.0
SMR,PAN,1.0
SMR,PER,0.0
SMR,PHL,0.0
SMR,PLW,1.0
SMR,PNG,0.0
SMR,POL,1.0
SMR,PRT,1.0
SMR,PRY,0.0
SMR,PSE,0.0
SMR,PYF,1.0
SMR,QAT,1.0
SMR,ROU,0.0
SMR,RUS,0.0
SMR,RWA,0.0
SMR,SAU,0.0
SMR,SDN,0.0
SMR,SEN,0.0
SMR,SGP,1.0
SMR,SLB,0.0
SMR,SLE,0.0
SMR,SLV,0.0
SMR,SMR,1.0
SMR,SOM,0.0
SMR,SRB,0.0
SMR,SSD,0.0
SMR,STP,1.0
SMR,SUR,0.0
SMR,SVK,1.0
SMR,SVN,1.0
SMR,SWE,1.0
SMR,SWZ,0.0
SMR,SXM,1.0
SMR,SYC,1.0
SMR,SYR,0.0
SMR,TCA,1.0
SMR,TCD,0.0
SMR,TGO,0.0
SMR,THA,0.0
SMR,TJK,0.0
SMR,TKM,0.0
SMR,TLS,0.0
SMR,TON,1.0
SMR,TTO,0.0
SMR,TUN,0.0
SMR,TUR,0.0
SMR,TUV,1.0
SMR,TZA,0.0
SMR,UGA,0.0
SMR,UKR,0.0
SMR,URY,1.0
SMR,UZB,0.0
SMR,VCT,1.0
SMR,VEN,0.0
SMR,VNM,0.0
SMR,VUT,1.0
SMR,WSM,1.0
SMR,YEM,0.0
SMR,ZAF,0.0
SMR,ZMB,0.0
SMR,ZWE,0.0
SOM,ABW,0.0
SOM,AFG,1.0
SOM,AGO,1.0
SOM,ALB,0.0
SOM,AND,0.0
SOM,ARE,0.0
SOM,ARG,1.0
SOM,ARM,1.0
SOM,ASM,0.0
SOM,ATG,0.0
SOM,AUS,0.0
SOM,AUT,0.0
SOM,AZE,1.0
SOM,BDI,1.0
SOM,BEL,0.0
SOM,BEN,1.0
SOM,BFA,1.0
SOM,BGD,1.0
SOM,BGR,0.0
SOM,BHR,0.0
SOM,BHS,0.0
SOM,BIH,1.0
SOM,BLR,1.0
SOM,BLZ,0.0
SOM,BMU,0.0
SOM,BOL,1.0
SOM,BRA,1.0
SOM,BRB,0.0
SOM,BRN,0.0
SOM,BTN,0.0
SOM,BWA,0.0
SOM,CAF,1.0
SOM,CAN,0.0
SOM,CHE,0.0
SOM,CHL,0.0
SOM,CIV,1.0
SOM,CMR,1.0
SOM,COD,1.0
SOM,COG,1.0
SOM,COL,1.0
SOM,COM,1.0
SOM,CPV,0.0
SOM,CRI,0.0
SOM,CUB,1.0
SOM,CUW,0.0
SOM,CYM,0.0
SOM,CYP,0.0
SOM,CZE,0.0
SOM,DEU,0.0
SOM,DJI,0.0
SOM,DMA,0.0
SOM,DNK,0.0
SOM,DOM,1.0
SOM,DZA,1.0
SOM,ECU,1.0
SOM,EGY,1.0
SOM,ESP,0.0
SOM,EST,0.0
SOM,ETH,1.0
SOM,FIN,0.0
SOM,FJI,1.0
SOM,FRA,0.0
SOM,FRO,0.0
SOM,FSM,0.0
SOM,GAB,1.0
SOM,GBR,0.0
SOM,GEO,0.0
SOM,GHA,1.0
SOM,GIN,1.0
SOM,GMB,1.0
SOM,GNB,1.0
SOM,GNQ,1.0
SOM,GRC,0.0
SOM,GRD,0.0
SOM,GRL,0.0
SOM,GTM,1.0
SOM,GUM,0.0
SOM,GUY,1.0
SOM,HKG,0.0
SOM,HND,1.0
SOM,HRV,0.0
SOM,HTI,1.0
SOM,HUN,0.0
SOM,IDN,1.0
SOM,IND,1.0
SOM,IRL,0.0
SOM,IRN,1.0
SOM,IRQ,1.0
SOM,ISL,0.0
SOM,ISR,0.0
SOM,ITA,0.0
SOM,JAM,0.0
SOM,JOR,1.0
SOM,JPN,0.0
SOM,KAZ,1.0
SOM,KEN,1.0
SOM,KGZ,1.0
SOM,KHM,1.0
SOM,KIR,0.0
SOM,KNA,0.0
SOM,KOR,0.0
SOM,KWT,1.0
SOM,LAO,1.0
SOM,LBN,1.0
SOM,LBR,1.0
SOM,LBY,1.0
SOM,LCA,0.0
SOM,LKA,1.0
SOM,LSO,1.0
SOM,LTU,0.0
SOM,LUX,0.0
SOM,LVA,0.0
SOM,MAC,0.0
SOM,MAR,1.0
SOM,MDA,1.0
SOM,MDG,1.0
SOM,MDV,0.0
SOM,MEX,1.0
SOM,MHL,0.0
SOM,MKD,0.0
SOM,MLI,1.0
SOM,MLT,0.0
SOM,MMR,1.0
SOM,MNE,0.0
SOM,MNG,1.0
SOM,MNP,0.0
SOM,MOZ,1.0
SOM,MRT,1.0
SOM,MUS,0.0
SOM,MWI,1.0
SOM,MYS,1.0
SOM,NAM,0.0
SOM,NER,1.0
SOM,NGA,1.0
SOM,NIC,1.0
SOM,NLD,0.0
SOM,NOR,0.0
SOM,NPL,1.0
SOM,NRU,0.0
SOM,NZL,0.0
SOM,OMN,1.0
SOM,PAK,1.0
SOM,PAN,0.0
SOM,PER,1.0
SOM,PHL,1.0
SOM,PLW,0.0
SOM,PNG,1.0
SOM,POL,0.0
SOM,PRT,0.0
SOM,PRY,1.0
SOM,PSE,1.0
SOM,PYF,0.0
SOM,QAT,0.0
SOM,ROU,1.0
SOM,RUS,1.0
SOM,RWA,1.0
SOM,SAU,1.0
SOM,SDN,1.0
SOM,SEN,1.0
SOM,SGP,0.0
SOM,SLB,1.0
SOM,SLE,1.0
SOM,SLV,1.0
SOM,SMR,0.0
SOM,SOM,1.0
SOM,SRB,1.0
SOM,SSD,1.0
SOM,STP,0.0
SOM,SUR,1.0
SOM,SVK,0.0
SOM,SVN,0.0
SOM,SWE,0.0
SOM,SWZ,1.0
SOM,SXM,0.0
SOM,SYC,0.0
SOM,SYR,1.0
SOM,TCA,0.0
SOM,TCD,1.0
SOM,TGO,1.0
SOM,THA,1.0
SOM,TJK,1.0
SOM,TKM,1.0
SOM,TLS,1.0
SOM,TON,0.0
SOM,TTO,1.0
SOM,TUN,1.0
SOM,TUR,1.0
SOM,TUV,0.0
SOM,TZA,1.0
SOM,UGA,1.0
SOM,UKR,1.0
SOM,URY,0.0
SOM,UZB,1.0
SOM,VCT,0.0
SOM,VEN,1.0
SOM,VNM,1.0
SOM,VUT,0.0
SOM,WSM,0.0
SOM,YEM,1.0
SOM,ZAF,1.0
SOM,ZMB,1.0
SOM,ZWE,1.0
SRB,ABW,0.0
SRB,AFG,1.0
SRB,AGO,1.0
SRB,ALB,0.0
SRB,AND,0.0
SRB,ARE,0.0
SRB,ARG,1.0
SRB,ARM,1.0
SRB,ASM,0.0
SRB,ATG,0.0
SRB,AUS,0.0
SRB,AUT,0.0
SRB,AZE,1.0
SRB,BDI,1.0
SRB,BEL,0.0
SRB,BEN,1.0
SRB,BFA,1.0
SRB,BGD,1.0
SRB,BGR,0.0
SRB,BHR,0.0
SRB,BHS,0.0
SRB,BIH,1.0
SRB,BLR,1.0
SRB,BLZ,0.0
SRB,BMU,0.0
SRB,BOL,1.0
SRB,BRA,1.0
SRB,BRB,0.0
SRB,BRN,0.0
SRB,BTN,0.0
SRB,BWA,0.0
SRB,CAF,1.0
SRB,CAN,0.0
SRB,CHE,0.0
SRB,CHL,0.0
SRB,CIV,1.0
SRB,CMR,1.0
SRB,COD,1.0
SRB,COG,1.0
SRB,COL,1.0
SRB,COM,1.0
SRB,CPV,0.0
SRB,CRI,0.0
SRB,CUB,1.0
SRB,CUW,0.0
SRB,CYM,0.0
SRB,CYP,0.0
SRB,CZE,0.0
SRB,DEU,0.0
SRB,DJI,0.0
SRB,DMA,0.0
SRB,DNK,0.0
SRB,DOM,1.0
SRB,DZA,1.0
SRB,ECU,1.0
SRB,EGY,1.0
SRB,ESP,0.0
SRB,EST,0.0
SRB,ETH,1.0
SRB,FIN,0.0
SRB,FJI,1.0
SRB,FRA,0.0
SRB,FRO,0.0
SRB,FSM,0.0
SRB,GAB,1.0
SRB,GBR,0.0
SRB,GEO,0.0
SRB,GHA,1.0
SRB,GIN,1.0
SRB,GMB,1.0
SRB,GNB,1.0
SRB,GNQ,1.0
SRB,GRC,0.0
SRB,GRD,0.0
SRB,GRL,0.0
SRB,GTM,1.0
SRB,GUM,0.0
SRB,GUY,1.0
SRB,HKG,0.0
SRB,HND,1.0
SRB,HRV,0.0
SRB,HTI,1.0
SRB,HUN,0.0
SRB,IDN,1.0
SRB,IND,1.0
SRB,IRL,0.0
SRB,IRN,1.0
SRB,IRQ,1.0
SRB,ISL,0.0
SRB,ISR,0.0
SRB,ITA,0.0
SRB,JAM,0.0
SRB,JOR,1.0
SRB,JPN,0.0
SRB,KAZ,1.0
SRB,KEN,1.0
SRB,KGZ,1.0
SRB,KHM,1.0
SRB,KIR,0.0
SRB,KNA,0.0
SRB,KOR,0.0
SRB,KWT,1.0
SRB,LAO,1.0
SRB,LBN,1.0
SRB,LBR,1.0
SRB,LBY,1.0
SRB,LCA,0.0
SRB,LKA,1.0
SRB,LSO,1.0
SRB,LTU,0.0
SRB,LUX,0.0
SRB,LVA,0.0
SRB,MAC,0.0
SRB,MAR,1.0
SRB,MDA,1.0
SRB,MDG,1.0
SRB,MDV,0.0
SRB,MEX,1.0
SRB,MHL,0.0
SRB,MKD,0.0
SRB,MLI,1.0
SRB,MLT,0.0
SRB,MMR,1.0
SRB,MNE,0.0
SRB,MNG,1.0
SRB,MNP,0.0
SRB,MOZ,1.0
SRB,MRT,1.0
SRB,MUS,0.0
SRB,MWI,1.0
SRB,MYS,1.0
SRB,NAM,0.0
SRB,NER,1.0
SRB,NGA,1.0
SRB,NIC,1.0
SRB,NLD,0.0
SRB,NOR,0.0
SRB,NPL,1.0
SRB,NRU,0.0
SRB,NZL,0.0
SRB,OMN,1.0
SRB,PAK,1.0
SRB,PAN,0.0
SRB,PER,1.0
SRB,PHL,1.0
SRB,PLW,0.0
SRB,PNG,1.0
SRB,POL,0.0
SRB,PRT,0.0
SRB,PRY,1.0
SRB,PSE,1.0
SRB,PYF,0.0
SRB,QAT,0.0
SRB,ROU,1.0
SRB,RUS,1.0
SRB,RWA,1.0
SRB,SAU,1.0
SRB,SDN,1.0
SRB,SEN,1.0
SRB,SGP,0.0
SRB,SLB,1.0
SRB,SLE,1.0
SRB,SLV,1.0
SRB,SMR,0.0
SRB,SOM,1.0
SRB,SRB,1.0
SRB,SSD,1.0
SRB,STP,0.0
SRB,SUR,1.0
SRB,SVK,0.0
SRB,SVN,0.0
SRB,SWE,0.0
SRB,SWZ,1.0
SRB,SXM,0.0
SRB,SYC,0.0
SRB,SYR,1.0
SRB,TCA,0.0
SRB,TCD,1.0
SRB,TGO,1.0
SRB,THA,1.0
SRB,TJK,1.0
SRB,TKM,1.0
SRB,TLS,1.0
SRB,TON,0.0
SRB,TTO,1.0
SRB,TUN,1.0
SRB,TUR,1.0
SRB,TUV,0.0
SRB,TZA,1.0
SRB,UGA,1.0
SRB,UKR,1.0
SRB,URY,0.0
SRB,UZB,1.0
SRB,VCT,0.0
SRB,VEN,1.0
SRB,VNM,1.0
SRB,VUT,0.0
SRB,WSM,0.0
SRB,YEM,1.0
SRB,ZAF,1.0
SRB,ZMB,1.0
SRB,ZWE,1.0
SSD,ABW,0.0
SSD,AFG,1.0
SSD,AGO,1.0
SSD,ALB,0.0
SSD,AND,0.0
SSD,ARE,0.0
SSD,ARG,1.0
SSD,ARM,1.0
SSD,ASM,0.0
SSD,ATG,0.0
SSD,AUS,0.0
SSD,AUT,0.0
SSD,AZE,1.0
SSD,BDI,1.0
SSD,BEL,0.0
SSD,BEN,1.0
SSD,BFA,1.0
SSD,BGD,1.0
SSD,BGR,0.0
SSD,BHR,0.0
SSD,BHS,0.0
SSD,BIH,1.0
SSD,BLR,1.0
SSD,BLZ,0.0
SSD,BMU,0.0
SSD,BOL,1.0
SSD,BRA,1.0
SSD,BRB,0.0
SSD,BRN,0.0
SSD,BTN,0.0
SSD,BWA,0.0
SSD,CAF,1.0
SSD,CAN,0.0
SSD,CHE,0.0
SSD,CHL,0.0
SSD,CIV,1.0
SSD,CMR,1.0
SSD,COD,1.0
SSD,COG,1.0
SSD,COL,1.0
SSD,COM,1.0
SSD,CPV,0.0
SSD,CRI,0.0
SSD,CUB,1.0
SSD,CUW,0.0
SSD,CYM,0.0
SSD,CYP,0.0
SSD,CZE,0.0
SSD,DEU,0.0
SSD,DJI,0.0
SSD,DMA,0.0
SSD,DNK,0.0
SSD,DOM,1.0
SSD,DZA,1.0
SSD,ECU,1.0
SSD,EGY,1.0
SSD,ESP,0.0
SSD,EST,0.0
SSD,ETH,1.0
SSD,FIN,0.0
SSD,FJI,1.0
SSD,FRA,0.0
SSD,FRO,0.0
SSD,FSM,0.0
SSD,GAB,1.0
SSD,GBR,0.0
SSD,GEO,0.0
SSD,GHA,1.0
SSD,GIN,1.0
SSD,GMB,1.0
SSD,GNB,1.0
SSD,GNQ,1.0
SSD,GRC,0.0
SSD,GRD,0.0
SSD,GRL,0.0
SSD,GTM,1.0
SSD,GUM,0.0
SSD,GUY,1.0
SSD,HKG,0.0
SSD,HND,1.0
SSD,HRV,0.0
SSD,HTI,1.0
SSD,HUN,0.0
SSD,IDN,1.0
SSD,IND,1.0
SSD,IRL,0.0
SSD,IRN,1.0
SSD,IRQ,1.0
SSD,ISL,0.0
SSD,ISR,0.0
SSD,ITA,0.0
SSD,JAM,0.0
SSD,JOR,1.0
SSD,JPN,0.0
SSD,KAZ,1.0
SSD,KEN,1.0
SSD,KGZ,1.0
SSD,KHM,1.0
SSD,KIR,0.0
SSD,KNA,0.0
SSD,KOR,0.0
SSD,KWT,1.0
SSD,LAO,1.0
SSD,LBN,1.0
SSD,LBR,1.0
SSD,LBY,1.0
SSD,LCA,0.0
SSD,LKA,1.0
SSD,LSO,1.0
SSD,LTU,0.0
SSD,LUX,0.0
SSD,LVA,0.0
SSD,MAC,0.0
SSD,MAR,1.0
SSD,MDA,1.0
SSD,MDG,1.0
SSD,MDV,0.0
SSD,MEX,1.0
SSD,MHL,0.0
SSD,MKD,0.0
SSD,MLI,1.0
SSD,MLT,0.0
SSD,MMR,1.0
SSD,MNE,0.0
SSD,MNG,1.0
SSD,MNP,0.0
SSD,MOZ,1.0
SSD,MRT,1.0
SSD,MUS,0.0
SSD,MWI,1.0
SSD,MYS,1.0
SSD,NAM,0.0
SSD,NER,1.0
SSD,NGA,1.0
SSD,NIC,1.0
SSD,NLD,0.0
SSD,NOR,0.0
SSD,NPL,1.0
SSD,NRU,0.0
SSD,NZL,0.0
SSD,OMN,1.0
SSD,PAK,1.0
SSD,PAN,0.0
SSD,PER,1.0
SSD,PHL,1.0
SSD,PLW,0.0
SSD,PNG,1.0
SSD,POL,0.0
SSD,PRT,0.0
SSD,PRY,1.0
SSD,PSE,1.0
SSD,PYF,0.0
SSD,QAT,0.0
SSD,ROU,1.0
SSD,RUS,1.0
SSD,RWA,1.0
SSD,SAU,1.0
SSD,SDN,1.0
SSD,SEN,1.0
SSD,SGP,0.0
SSD,SLB,1.0
SSD,SLE,1.0
SSD,SLV,1.0
SSD,SMR,0.0
SSD,SOM,1.0
SSD,SRB,1.0
SSD,SSD,1.0
SSD,STP,0.0
SSD,SUR,1.0
SSD,SVK,0.0
SSD,SVN,0.0
SSD,SWE,0.0
SSD,SWZ,1.0
SSD,SXM,0.0
SSD,SYC,0.0
SSD,SYR,1.0
SSD,TCA,0.0
SSD,TCD,1.0
SSD,TGO,1.0
SSD,THA,1.0
SSD,TJK,1.0
SSD,TKM,1.0
SSD,TLS,1.0
SSD,TON,0.0
SSD,TTO,1.0
SSD,TUN,1.0
SSD,TUR,1.0
SSD,TUV,0.0
SSD,TZA,1.0
SSD,UGA,1.0
SSD,UKR,1.0
SSD,URY,0.0
SSD,UZB,1.0
SSD,VCT,0.0
SSD,VEN,1.0
SSD,VNM,1.0
SSD,VUT,0.0
SSD,WSM,0.0
SSD,YEM,1.0
SSD,ZAF,1.0
SSD,ZMB,1.0
SSD,ZWE,1.0
STP,ABW,1.0
STP,AFG,0.0
STP,AGO,0.0
STP,ALB,1.0
STP,AND,1.0
STP,ARE,1.0
STP,ARG,0.0
STP,ARM,0.0
STP,ASM,1.0
STP,ATG,1.0
STP,AUS,1.0
STP,AUT,1.0
STP,AZE,0.0
STP,BDI,0.0
STP,BEL,1.0
STP,BEN,0.0
STP,BFA,0.0
STP,BGD,0.0
STP,BGR,1.0
STP,BHR,1.0
STP,BHS,1.0
STP,BIH,0.0
STP,BLR,0.0
STP,BLZ,1.0
STP,BMU,1.0
STP,BOL,0.0
STP,BRA,0.0
STP,BRB,1.0
STP,BRN,1.0
STP,BTN,1.0
STP,BWA,1.0
STP,CAF,0.0
STP,CAN,1.0
STP,CHE,1.0
STP,CHL,1.0
STP,CIV,0.0
STP,CMR,0.0
STP,COD,0.0
STP,COG,0.0
STP,COL,0.0
STP,COM,0.0
STP,CPV,1.0
STP,CRI,1.0
STP,CUB,0.0
STP,CUW,1.0
STP,CYM,1.0
STP,CYP,1.0
STP,CZE,1.0
STP,DEU,1.0
STP,DJI,1.0
STP,DMA,1.0
STP,DNK,1.0
STP,DOM,0.0
STP,DZA,0.0
STP,ECU,0.0
STP,EGY,0.0
STP,ESP,1.0
STP,EST,1.0
STP,ETH,0.0
STP,FIN,1.0
STP,FJI,0.0
STP,FRA,1.0
STP,FRO,1.0
STP,FSM,1.0
STP,GAB,0.0
STP,GBR,1.0
STP,GEO,1.0
STP,GHA,0.0
STP,GIN,0.0
STP,GMB,0.0
STP,GNB,0.0
STP,GNQ,0.0
STP,GRC,1.0
STP,GRD,1.0
STP,GRL,1.0
STP,GTM,0.0
STP,GUM,1.0
STP,GUY,0.0
STP,HKG,1.0
STP,HND,0.0
STP,HRV,1.0
STP,HTI,0.0
STP,HUN,1.0
STP,IDN,0.0
STP,IND,0.0
STP,IRL,1.0
STP,IRN,0.0
STP,IRQ,0.0
STP,ISL,1.0
STP,ISR,1.0
STP,ITA,1.0
STP,JAM,1.0
STP,JOR,0.0
STP,JPN,1.0
STP,KAZ,0.0
STP,KEN,0.0
STP,KGZ,0.0
STP,KHM,0.0
STP,KIR,1.0
STP,KNA,1.0
STP,KOR,1.0
STP,KWT,0.0
STP,LAO,0.0
STP,LBN,0.0
STP,LBR,0.0
STP,LBY,0.0
STP,LCA,1.0
STP,LKA,0.0
STP,LSO,0.0
STP,LTU,1.0
STP,LUX,1.0
STP,LVA,1.0
STP,MAC,1.0
STP,MAR,0.0
STP,MDA,0.0
STP,MDG,0.0
STP,MDV,1.0
STP,MEX,0.0
STP,MHL,1.0
STP,MKD,1.0
STP,MLI,0.0
STP,MLT,1.0
STP,MMR,0.0
STP,MNE,1.0
STP,MNG,0.0
STP,MNP,1.0
STP,MOZ,0.0
STP,MRT,0.0
STP,MUS,1.0
STP,MWI,0.0
STP,MYS,0.0
STP,NAM,1.0
STP,NER,0.0
STP,NGA,0.0
STP,NIC,0.0
STP,NLD,1.0
STP,NOR,1.0
STP,NPL,0.0
STP,NRU,1.0
STP,NZL,1.0
STP,OMN,0.0
STP,PAK,0.0
STP,PAN,1.0
STP,PER,0.0
STP,PHL,0.0
STP,PLW,1.0
STP,PNG,0.0
STP,POL,1.0
STP,PRT,1.0
STP,PRY,0.0
STP,PSE,0.0
STP,PYF,1.0
STP,QAT,1.0
STP,ROU,0.0
STP,RUS,0.0
STP,RWA,0.0
STP,SAU,0.0
STP,SDN,0.0
STP,SEN,0.0
STP,SGP,1.0
STP,SLB,0.0
STP,SLE,0.0
STP,SLV,0.0
STP,SMR,1.0
STP,SOM,0.0
STP,SRB,0.0
STP,SSD,0.0
STP,STP,1.0
STP,SUR,0.0
STP,SVK,1.0
STP,SVN,1.0
STP,SWE,1.0
STP,SWZ,0.0
STP,SXM,1.0
STP,SYC,1.0
STP,SYR,0.0
STP,TCA,1.0
STP,TCD,0.0
STP,TGO,0.0
STP,THA,0.0
STP,TJK,0.0
STP,TKM,0.0
STP,TLS,0.0
STP,TON,1.0
STP,TTO,0.0
STP,TUN,0.0
STP,TUR,0.0
STP,TUV,1.0
STP,TZA,0.0
STP,UGA,0.0
STP,UKR,0.0
STP,URY,1.0
STP,UZB,0.0
STP,VCT,1.0
STP,VEN,0.0
STP,VNM,0.0
STP,VUT,1.0
STP,WSM,1.0
STP,YEM,0.0
STP,ZAF,0.0
STP,ZMB,0.0
STP,ZWE,0.0
SUR,ABW,0.0
SUR,AFG,1.0
SUR,AGO,1.0
SUR,ALB,0.0
SUR,AND,0.0
SUR,ARE,0.0
SUR,ARG,1.0
SUR,ARM,1.0
SUR,ASM,0.0
SUR,ATG,0.0
SUR,AUS,0.0
SUR,AUT,0.0
SUR,AZE,1.0
SUR,BDI,1.0
SUR,BEL,0.0
SUR,BEN,1.0
SUR,BFA,1.0
SUR,BGD,1.0
SUR,BGR,0.0
SUR,BHR,0.0
SUR,BHS,0.0
SUR,BIH,1.0
SUR,BLR,1.0
SUR,BLZ,0.0
SUR,BMU,0.0
SUR,BOL,1.0
SUR,BRA,1.0
SUR,BRB,0.0
SUR,BRN,0.0
SUR,BTN,0.0
SUR,BWA,0.0
SUR,CAF,1.0
SUR,CAN,0.0
SUR,CHE,0.0
SUR,CHL,0.0
SUR,CIV,1.0
SUR,CMR,1.0
SUR,COD,1.0
SUR,COG,1.0
SUR,COL,1.0
SUR,COM,1.0
SUR,CPV,0.0
SUR,CRI,0.0
SUR,CUB,1.0
SUR,CUW,0.0
SUR,CYM,0.0
SUR,CYP,0.0
SUR,CZE,0.0
SUR,DEU,0.0
SUR,DJI,0.0
SUR,DMA,0.0
SUR,DNK,0.0
SUR,DOM,1.0
SUR,DZA,1.0
SUR,ECU,1.0
SUR,EGY,1.0
SUR,ESP,0.0
SUR,EST,0.0
SUR,ETH,1.0
SUR,FIN,0.0
SUR,FJI,1.0
SUR,FRA,0.0
SUR,FRO,0.0
SUR,FSM,0.0
SUR,GAB,1.0
SUR,GBR,0.0
SUR,GEO,0.0
SUR,GHA,1.0
SUR,GIN,1.0
SUR,GMB,1.0
SUR,GNB,1.0
SUR,GNQ,1.0
SUR,GRC,0.0
SUR,GRD,0.0
SUR,GRL,0.0
SUR,GTM,1.0
SUR,GUM,0.0
SUR,GUY,1.0
SUR,HKG,0.0
SUR,HND,1.0
SUR,HRV,0.0
SUR,HTI,1.0
SUR,HUN,0.0
SUR,IDN,1.0
SUR,IND,1.0
SUR,IRL,0.0
SUR,IRN,1.0
SUR,IRQ,1.0
SUR,ISL,0.0
SUR,ISR,0.0
SUR,ITA,0.0
SUR,JAM,0.0
SUR,JOR,1.0
SUR,JPN,0.0
SUR,KAZ,1.0
SUR,KEN,1.0
SUR,KGZ,1.0
SUR,KHM,1.0
SUR,KIR,0.0
SUR,KNA,0.0
SUR,KOR,0.0
SUR,KWT,1.0
SUR,LAO,1.0
SUR,LBN,1.0
SUR,LBR,1.0
SUR,LBY,1.0
SUR,LCA,0.0
SUR,LKA,1.0
SUR,LSO,1.0
SUR,LTU,0.0
SUR,LUX,0.0
SUR,LVA,0.0
SUR,MAC,0.0
SUR,MAR,1.0
SUR,MDA,1.0
SUR,MDG,1.0
SUR,MDV,0.0
SUR,MEX,1.0
SUR,MHL,0.0
SUR,MKD,0.0
SUR,MLI,1.0
SUR,MLT,0.0
SUR,MMR,1.0
SUR,MNE,0.0
SUR,MNG,1.0
SUR,MNP,0.0
SUR,MOZ,1.0
SUR,MRT,1.0
SUR,MUS,0.0
SUR,MWI,1.0
SUR,MYS,1.0
SUR,NAM,0.0
SUR,NER,1.0
SUR,NGA,1.0
SUR,NIC,1.0
SUR,NLD,0.0
SUR,NOR,0.0
SUR,NPL,1.0
SUR,NRU,0.0
SUR,NZL,0.0
SUR,OMN,1.0
SUR,PAK,1.0
SUR,PAN,0.0
SUR,PER,1.0
SUR,PHL,1.0
SUR,PLW,0.0
SUR,PNG,1.0
SUR,POL,0.0
SUR,PRT,0.0
SUR,PRY,1.0
SUR,PSE,1.0
SUR,PYF,0.0
SUR,QAT,0.0
SUR,ROU,1.0
SUR,RUS,1.0
SUR,RWA,1.0
SUR,SAU,1.0
SUR,SDN,1.0
SUR,SEN,1.0
SUR,SGP,0.0
SUR,SLB,1.0
SUR,SLE,1.0
SUR,SLV,1.0
SUR,SMR,0.0
SUR,SOM,1.0
SUR,SRB,1.0
SUR,SSD,1.0
SUR,STP,0.0
SUR,SUR,1.0
SUR,SVK,0.0
SUR,SVN,0.0
SUR,SWE,0.0
SUR,SWZ,1.0
SUR,SXM,0.0
SUR,SYC,0.0
SUR,SYR,1.0
SUR,TCA,0.0
SUR,TCD,1.0
SUR,TGO,1.0
SUR,THA,1.0
SUR,TJK,1.0
SUR,TKM,1.0
SUR,TLS,1.0
SUR,TON,0.0
SUR,TTO,1.0
SUR,TUN,1.0
SUR,TUR,1.0
SUR,TUV,0.0
SUR,TZA,1.0
SUR,UGA,1.0
SUR,UKR,1.0
SUR,URY,0.0
SUR,UZB,1.0
SUR,VCT,0.0
SUR,VEN,1.0
SUR,VNM,1.0
SUR,VUT,0.0
SUR,WSM,0.0
SUR,YEM,1.0
SUR,ZAF,1.0
SUR,ZMB,1.0
SUR,ZWE,1.0
SVK,ABW,1.0
SVK,AFG,0.0
SVK,AGO,0.0
SVK,ALB,1.0
SVK,AND,1.0
SVK,ARE,1.0
SVK,ARG,0.0
SVK,ARM,0.0
SVK,ASM,1.0
SVK,ATG,1.0
SVK,AUS,1.0
SVK,AUT,1.0
SVK,AZE,0.0
SVK,BDI,0.0
SVK,BEL,1.0
SVK,BEN,0.0
SVK,BFA,0.0
SVK,BGD,0.0
SVK,BGR,1.0
SVK,BHR,1.0
SVK,BHS,1.0
SVK,BIH,0.0
SVK,BLR,0.0
SVK,BLZ,1.0
SVK,BMU,1.0
SVK,BOL,0.0
SVK,BRA,0.0
SVK,BRB,1.0
SVK,BRN,1.0
SVK,BTN,1.0
SVK,BWA,1.0
SVK,CAF,0.0
SVK,CAN,1.0
SVK,CHE,1.0
SVK,CHL,1.0
SVK,CIV,0.0
SVK,CMR,0.0
SVK,COD,0.0
SVK,COG,0.0
SVK,COL,0.0
SVK,COM,0.0
SVK,CPV,1.0
SVK,CRI,1.0
SVK,CUB,0.0
SVK,CUW,1.0
SVK,CYM,1.0
SVK,CYP,1.0
SVK,CZE,1.0
SVK,DEU,1.0
SVK,DJI,1.0
SVK,DMA,1.0
SVK,DNK,1.0
SVK,DOM,0.0
SVK,DZA,0.0
SVK,ECU,0.0
SVK,EGY,0.0
SVK,ESP,1.0
SVK,EST,1.0
SVK,ETH,0.0
SVK,FIN,1.0
SVK,FJI,0.0
SVK,FRA,1.0
SVK,FRO,1.0
SVK,FSM,1.0
SVK,GAB,0.0
SVK,GBR,1.0
SVK,GEO,1.0
SVK,GHA,0.0
SVK,GIN,0.0
SVK,GMB,0.0
SVK,GNB,0.0
SVK,GNQ,0.0
SVK,GRC,1.0
SVK,GRD,1.0
SVK,GRL,1.0
SVK,GTM,0.0
SVK,GUM,1.0
SVK,GUY,0.0
SVK,HKG,1.0
SVK,HND,0.0
SVK,HRV,1.0
SVK,HTI,0.0
SVK,HUN,1.0
SVK,IDN,0.0
SVK,IND,0.0
SVK,IRL,1.0
SVK,IRN,0.0
SVK,IRQ,0.0
SVK,ISL,1.0
SVK,ISR,1.0
SVK,ITA,1.0
SVK,JAM,1.0
SVK,JOR,0.0
SVK,JPN,1.0
SVK,KAZ,0.0
SVK,KEN,0.0
SVK,KGZ,0.0
SVK,KHM,0.0
SVK,KIR,1.0
SVK,KNA,1.0
SVK,KOR,1.0
SVK,KWT,0.0
SVK,LAO,0.0
SVK,LBN,0.0
SVK,LBR,0.0
SVK,LBY,0.0
SVK,LCA,1.0
SVK,LKA,0.0
SVK,LSO,0.0
SVK,LTU,1.0
SVK,LUX,1.0
SVK,LVA,1.0
SVK,MAC,1.0
SVK,MAR,0.0
SVK,MDA,0.0
SVK,MDG,0.0
SVK,MDV,1.0
SVK,MEX,0.0
SVK,MHL,1.0
SVK,MKD,1.0
SVK,MLI,0.0
SVK,MLT,1.0
SVK,MMR,0.0
SVK,MNE,1.0
SVK,MNG,0.0
SVK,MNP,1.0
SVK,MOZ,0.0
SVK,MRT,0.0
SVK,MUS,1.0
SVK,MWI,0.0
SVK,MYS,0.0
SVK,NAM,1.0
SVK,NER,0.0
SVK,NGA,0.0
SVK,NIC,0.0
SVK,NLD,1.0
SVK,NOR,1.0
SVK,NPL,0.0
SVK,NRU,1.0
SVK,NZL,1.0
SVK,OMN,0.0
SVK,PAK,0.0
SVK,PAN,1.0
SVK,PER,0.0
SVK,PHL,0.0
SVK,PLW,1.0
SVK,PNG,0.0
SVK,POL,1.0
SVK,PRT,1.0
SVK,PRY,0.0
SVK,PSE,0.0
SVK,PYF,1.0
SVK,QAT,1.0
SVK,ROU,0.0
SVK,RUS,0.0
SVK,RWA,0.0
SVK,SAU,0.0
SVK,SDN,0.0
SVK,SEN,0.0
SVK,SGP,1.0
SVK,SLB,0.0
SVK,SLE,0.0
SVK,SLV,0.0
SVK,SMR,1.0
SVK,SOM,0.0
SVK,SRB,0.0
SVK,SSD,0.0
SVK,STP,1.0
SVK,SUR,0.0
SVK,SVK,1.0
SVK,SVN,1.0
SVK,SWE,1.0
SVK,SWZ,0.0
SVK,SXM,1.0
SVK,SYC,1.0
SVK,SYR,0.0
SVK,TCA,1.0
SVK,TCD,0.0
SVK,TGO,0.0
SVK,THA,0.0
SVK,TJK,0.0
SVK,TKM,0.0
SVK,TLS,0.0
SVK,TON,1.0
SVK,TTO,0.0
SVK,TUN,0.0
SVK,TUR,0.0
SVK,TUV,1.0
SVK,TZA,0.0
SVK,UGA,0.0
SVK,UKR,0.0
SVK,URY,1.0
SVK,UZB,0.0
SVK,VCT,1.0
SVK,VEN,0.0
SVK,VNM,0.0
SVK,VUT,1.0
SVK,WSM,1.0
SVK,YEM,0.0
SVK,ZAF,0.0
SVK,ZMB,0.0
SVK,ZWE,0.0
SVN,ABW,1.0
SVN,AFG,0.0
SVN,AGO,0.0
SVN,ALB,1.0
SVN,AND,1.0
SVN,ARE,1.0
SVN,ARG,0.0
SVN,ARM,0.0
SVN,ASM,1.0
SVN,ATG,1.0
SVN,AUS,1.0
SVN,AUT,1.0
SVN,AZE,0.0
SVN,BDI,0.0
SVN,BEL,1.0
SVN,BEN,0.0
SVN,BFA,0.0
SVN,BGD,0.0
SVN,BGR,1.0
SVN,BHR,1.0
SVN,BHS,1.0
SVN,BIH,0.0
SVN,BLR,0.0
SVN,BLZ,1.0
SVN,BMU,1.0
SVN,BOL,0.0
SVN,BRA,0.0
SVN,BRB,1.0
SVN,BRN,1.0
SVN,BTN,1.0
SVN,BWA,1.0
SVN,CAF,0.0
SVN,CAN,1.0
SVN,CHE,1.0
SVN,CHL,1.0
SVN,CIV,0.0
SVN,CMR,0.0
SVN,COD,0.0
SVN,COG,0.0
SVN,COL,0.0
SVN,COM,0.0
SVN,CPV,1.0
SVN,CRI,1.0
SVN,CUB,0.0
SVN,CUW,1.0
SVN,CYM,1.0
SVN,CYP,1.0
SVN,CZE,1.0
SVN,DEU,1.0
SVN,DJI,1.0
SVN,DMA,1.0
SVN,DNK,1.0
SVN,DOM,0.0
SVN,DZA,0.0
SVN,ECU,0.0
SVN,EGY,0.0
SVN,ESP,1.0
SVN,EST,1.0
SVN,ETH,0.0
SVN,FIN,1.0
SVN,FJI,0.0
SVN,FRA,1.0
SVN,FRO,1.0
SVN,FSM,1.0
SVN,GAB,0.0
SVN,GBR,1.0
SVN,GEO,1.0
SVN,GHA,0.0
SVN,GIN,0.0
SVN,GMB,0.0
SVN,GNB,0.0
SVN,GNQ,0.0
SVN,GRC,1.0
SVN,GRD,1.0
SVN,GRL,1.0
SVN,GTM,0.0
SVN,GUM,1.0
SVN,GUY,0.0
SVN,HKG,1.0
SVN,HND,0.0
SVN,HRV,1.0
SVN,HTI,0.0
SVN,HUN,1.0
SVN,IDN,0.0
SVN,IND,0.0
SVN,IRL,1.0
SVN,IRN,0.0
SVN,IRQ,0.0
SVN,ISL,1.0
SVN,ISR,1.0
SVN,ITA,1.0
SVN,JAM,1.0
SVN,JOR,0.0
SVN,JPN,1.0
SVN,KAZ,0.0
SVN,KEN,0.0
SVN,KGZ,0.0
SVN,KHM,0.0
SVN,KIR,1.0
SVN,KNA,1.0
SVN,KOR,1.0
SVN,KWT,0.0
SVN,LAO,0.0
SVN,LBN,0.0
SVN,LBR,0.0
SVN,LBY,0.0
SVN,LCA,1.0
SVN,LKA,0.0
SVN,LSO,0.0
SVN,LTU,1.0
SVN,LUX,1.0
SVN,LVA,1.0
SVN,MAC,1.0
SVN,MAR,0.0
SVN,MDA,0.0
SVN,MDG,0.0
SVN,MDV,1.0
SVN,MEX,0.0
SVN,MHL,1.0
SVN,MKD,1.0
SVN,MLI,0.0
SVN,MLT,1.0
SVN,MMR,0.0
SVN,MNE,1.0
SVN,MNG,0.0
SVN,MNP,1.0
SVN,MOZ,0.0
SVN,MRT,0.0
SVN,MUS,1.0
SVN,MWI,0.0
SVN,MYS,0.0
SVN,NAM,1.0
SVN,NER,0.0
SVN,NGA,0.0
SVN,NIC,0.0
SVN,NLD,1.0
SVN,NOR,1.0
SVN,NPL,0.0
SVN,NRU,1.0
SVN,NZL,1.0
SVN,OMN,0.0
SVN,PAK,0.0
SVN,PAN,1.0
SVN,PER,0.0
SVN,PHL,0.0
SVN,PLW,1.0
SVN,PNG,0.0
SVN,POL,1.0
SVN,PRT,1.0
SVN,PRY,0.0
SVN,PSE,0.0
SVN,PYF,1.0
SVN,QAT,1.0
SVN,ROU,0.0
SVN,RUS,0.0
SVN,RWA,0.0
SVN,SAU,0.0
SVN,SDN,0.0
SVN,SEN,0.0
SVN,SGP,1.0
SVN,SLB,0.0
SVN,SLE,0.0
SVN,SLV,0.0
SVN,SMR,1.0
SVN,SOM,0.0
SVN,SRB,0.0
SVN,SSD,0.0
SVN,STP,1.0
SVN,SUR,0.0
SVN,SVK,1.0
SVN,SVN,1.0
SVN,SWE,1.0
SVN,SWZ,0.0
SVN,SXM,1.0
SVN,SYC,1.0
SVN,SYR,0.0
SVN,TCA,1.0
SVN,TCD,0.0
SVN,TGO,0.0
SVN,THA,0.0
SVN,TJK,0.0
SVN,TKM,0.0
SVN,TLS,0.0
SVN,TON,1.0
SVN,TTO,0.0
SVN,TUN,0.0
SVN,TUR,0.0
SVN,TUV,1.0
SVN,TZA,0.0
SVN,UGA,0.0
SVN,UKR,0.0
SVN,URY,1.0
SVN,UZB,0.0
SVN,VCT,1.0
SVN,VEN,0.0
SVN,VNM,0.0
SVN,VUT,1.0
SVN,WSM,1.0
SVN,YEM,0.0
SVN,ZAF,0.0
SVN,ZMB,0.0
SVN,ZWE,0.0
SWE,ABW,1.0
SWE,AFG,0.0
SWE,AGO,0.0
SWE,ALB,1.0
SWE,AND,1.0
SWE,ARE,1.0
SWE,ARG,0.0
SWE,ARM,0.0
SWE,ASM,1.0
SWE,ATG,1.0
SWE,AUS,1.0
SWE,AUT,1.0
SWE,AZE,0.0
SWE,BDI,0.0
SWE,BEL,1.0
SWE,BEN,0.0
SWE,BFA,0.0
SWE,BGD,0.0
SWE,BGR,1.0
SWE,BHR,1.0
SWE,BHS,1.0
SWE,BIH,0.0
SWE,BLR,0.0
SWE,BLZ,1.0
SWE,BMU,1.0
SWE,BOL,0.0
SWE,BRA,0.0
SWE,BRB,1.0
SWE,BRN,1.0
SWE,BTN,1.0
SWE,BWA,1.0
SWE,CAF,0.0
SWE,CAN,1.0
SWE,CHE,1.0
SWE,CHL,1.0
SWE,CIV,0.0
SWE,CMR,0.0
SWE,COD,0.0
SWE,COG,0.0
SWE,COL,0.0
SWE,COM,0.0
SWE,CPV,1.0
SWE,CRI,1.0
SWE,CUB,0.0
SWE,CUW,1.0
SWE,CYM,1.0
SWE,CYP,1.0
SWE,CZE,1.0
SWE,DEU,1.0
SWE,DJI,1.0
SWE,DMA,1.0
SWE,DNK,1.0
SWE,DOM,0.0
SWE,DZA,0.0
SWE,ECU,0.0
SWE,EGY,0.0
SWE,ESP,1.0
SWE,EST,1.0
SWE,ETH,0.0
SWE,FIN,1.0
SWE,FJI,0.0
SWE,FRA,1.0
SWE,FRO,1.0
SWE,FSM,1.0
SWE,GAB,0.0
SWE,GBR,1.0
SWE,GEO,1.0
SWE,GHA,0.0
SWE,GIN,0.0
SWE,GMB,0.0
SWE,GNB,0.0
SWE,GNQ,0.0
SWE,GRC,1.0
SWE,GRD,1.0
SWE,GRL,1.0
SWE,GTM,0.0
SWE,GUM,1.0
SWE,GUY,0.0
SWE,HKG,1.0
SWE,HND,0.0
SWE,HRV,1.0
SWE,HTI,0.0
SWE,HUN,1.0
SWE,IDN,0.0
SWE,IND,0.0
SWE,IRL,1.0
SWE,IRN,0.0
SWE,IRQ,0.0
SWE,ISL,1.0
SWE,ISR,1.0
SWE,ITA,1.0
SWE,JAM,1.0
SWE,JOR,0.0
SWE,JPN,1.0
SWE,KAZ,0.0
SWE,KEN,0.0
SWE,KGZ,0.0
SWE,KHM,0.0
SWE,KIR,1.0
SWE,KNA,1.0
SWE,KOR,1.0
SWE,KWT,0.0
SWE,LAO,0.0
SWE,LBN,0.0
SWE,LBR,0.0
SWE,LBY,0.0
SWE,LCA,1.0
SWE,LKA,0.0
SWE,LSO,0.0
SWE,LTU,1.0
SWE,LUX,1.0
SWE,LVA,1.0
SWE,MAC,1.0
SWE,MAR,0.0
SWE,MDA,0.0
SWE,MDG,0.0
SWE,MDV,1.0
SWE,MEX,0.0
SWE,MHL,1.0
SWE,MKD,1.0
SWE,MLI,0.0
SWE,MLT,1.0
SWE,MMR,0.0
SWE,MNE,1.0
SWE,MNG,0.0
SWE,MNP,1.0
SWE,MOZ,0.0
SWE,MRT,0.0
SWE,MUS,1.0
SWE,MWI,0.0
SWE,MYS,0.0
SWE,NAM,1.0
SWE,NER,0.0
SWE,NGA,0.0
SWE,NIC,0.0
SWE,NLD,1.0
SWE,NOR,1.0
SWE,NPL,0.0
SWE,NRU,1.0
SWE,NZL,1.0
SWE,OMN,0.0
SWE,PAK,0.0
SWE,PAN,1.0
SWE,PER,0.0
SWE,PHL,0.0
SWE,PLW,1.0
SWE,PNG,0.0
SWE,POL,1.0
SWE,PRT,1.0
SWE,PRY,0.0
SWE,PSE,0.0
SWE,PYF,1.0
SWE,QAT,1.0
SWE,ROU,0.0
SWE,RUS,0.0
SWE,RWA,0.0
SWE,SAU,0.0
SWE,SDN,0.0
SWE,SEN,0.0
SWE,SGP,1.0
SWE,SLB,0.0
SWE,SLE,0.0
SWE,SLV,0.0
SWE,SMR,1.0
SWE,SOM,0.0
SWE,SRB,0.0
SWE,SSD,0.0
SWE,STP,1.0
SWE,SUR,0.0
SWE,SVK,1.0
SWE,SVN,1.0
SWE,SWE,1.0
SWE,SWZ,0.0
SWE,SXM,1.0
SWE,SYC,1.0
SWE,SYR,0.0
SWE,TCA,1.0
SWE,TCD,0.0
SWE,TGO,0.0
SWE,THA,0.0
SWE,TJK,0.0
SWE,TKM,0.0
SWE,TLS,0.0
SWE,TON,1.0
SWE,TTO,0.0
SWE,TUN,0.0
SWE,TUR,0.0
SWE,TUV,1.0
SWE,TZA,0.0
SWE,UGA,0.0
SWE,UKR,0.0
SWE,URY,1.0
SWE,UZB,0.0
SWE,VCT,1.0
SWE,VEN,0.0
SWE,VNM,0.0
SWE,VUT,1.0
SWE,WSM,1.0
SWE,YEM,0.0
SWE,ZAF,0.0
SWE,ZMB,0.0
SWE,ZWE,0.0
SWZ,ABW,0.0
SWZ,AFG,1.0
SWZ,AGO,1.0
SWZ,ALB,0.0
SWZ,AND,0.0
SWZ,ARE,0.0
SWZ,ARG,1.0
SWZ,ARM,1.0
SWZ,ASM,0.0
SWZ,ATG,0.0
SWZ,AUS,0.0
SWZ,AUT,0.0
SWZ,AZE,1.0
SWZ,BDI,1.0
SWZ,BEL,0.0
SWZ,BEN,1.0
SWZ,BFA,1.0
SWZ,BGD,1.0
SWZ,BGR,0.0
SWZ,BHR,0.0
SWZ,BHS,0.0
SWZ,BIH,1.0
SWZ,BLR,1.0
SWZ,BLZ,0.0
SWZ,BMU,0.0
SWZ,BOL,1.0
SWZ,BRA,1.0
SWZ,BRB,0.0
SWZ,BRN,0.0
SWZ,BTN,0.0
SWZ,BWA,0.0
SWZ,CAF,1.0
SWZ,CAN,0.0
SWZ,CHE,0.0
SWZ,CHL,0.0
SWZ,CIV,1.0
SWZ,CMR,1.0
SWZ,COD,1.0
SWZ,COG,1.0
SWZ,COL,1.0
SWZ,COM,1.0
SWZ,CPV,0.0
SWZ,CRI,0.0
SWZ,CUB,1.0
SWZ,CUW,0.0
SWZ,CYM,0.0
SWZ,CYP,0.0
SWZ,CZE,0.0
SWZ,DEU,0.0
SWZ,DJI,0.0
SWZ,DMA,0.0
SWZ,DNK,0.0
SWZ,DOM,1.0
SWZ,DZA,1.0
SWZ,ECU,1.0
SWZ,EGY,1.0
SWZ,ESP,0.0
SWZ,EST,0.0
SWZ,ETH,1.0
SWZ,FIN,0.0
SWZ,FJI,1.0
SWZ,FRA,0.0
SWZ,FRO,0.0
SWZ,FSM,0.0
SWZ,GAB,1.0
SWZ,GBR,0.0
SWZ,GEO,0.0
SWZ,GHA,1.0
SWZ,GIN,1.0
SWZ,GMB,1.0
SWZ,GNB,1.0
SWZ,GNQ,1.0
SWZ,GRC,0.0
SWZ,GRD,0.0
SWZ,GRL,0.0
SWZ,GTM,1.0
SWZ,GUM,0.0
SWZ,GUY,1.0
SWZ,HKG,0.0
SWZ,HND,1.0
SWZ,HRV,0.0
SWZ,HTI,1.0
SWZ,HUN,0.0
SWZ,IDN,1.0
SWZ,IND,1.0
SWZ,IRL,0.0
SWZ,IRN,1.0
SWZ,IRQ,1.0
SWZ,ISL,0.0
SWZ,ISR,0.0
SWZ,ITA,0.0
SWZ,JAM,0.0
SWZ,JOR,1.0
SWZ,JPN,0.0
SWZ,KAZ,1.0
SWZ,KEN,1.0
SWZ,KGZ,1.0
SWZ,KHM,1.0
SWZ,KIR,0.0
SWZ,KNA,0.0
SWZ,KOR,0.0
SWZ,KWT,1.0
SWZ,LAO,1.0
SWZ,LBN,1.0
SWZ,LBR,1.0
SWZ,LBY,1.0
SWZ,LCA,0.0
SWZ,LKA,1.0
SWZ,LSO,1.0
SWZ,LTU,0.0
SWZ,LUX,0.0
SWZ,LVA,0.0
SWZ,MAC,0.0
SWZ,MAR,1.0
SWZ,MDA,1.0
SWZ,MDG,1.0
SWZ,MDV,0.0
SWZ,MEX,1.0
SWZ,MHL,0.0
SWZ,MKD,0.0
SWZ,MLI,1.0
SWZ,MLT,0.0
SWZ,MMR,1.0
SWZ,MNE,0.0
SWZ,MNG,1.0
SWZ,MNP,0.0
SWZ,MOZ,1.0
SWZ,MRT,1.0
SWZ,MUS,0.0
SWZ,MWI,1.0
SWZ,MYS,1.0
SWZ,NAM,0.0
SWZ,NER,1.0
SWZ,NGA,1.0
SWZ,NIC,1.0
SWZ,NLD,0.0
SWZ,NOR,0.0
SWZ,NPL,1.0
SWZ,NRU,0.0
SWZ,NZL,0.0
SWZ,OMN,1.0
SWZ,PAK,1.0
SWZ,PAN,0.0
SWZ,PER,1.0
SWZ,PHL,1.0
SWZ,PLW,0.0
SWZ,PNG,1.0
SWZ,POL,0.0
SWZ,PRT,0.0
SWZ,PRY,1.0
SWZ,PSE,1.0
SWZ,PYF,0.0
SWZ,QAT,0.0
SWZ,ROU,1.0
SWZ,RUS,1.0
SWZ,RWA,1.0
SWZ,SAU,1.0
SWZ,SDN,1.0
SWZ,SEN,1.0
SWZ,SGP,0.0
SWZ,SLB,1.0
SWZ,SLE,1.0
SWZ,SLV,1.0
SWZ,SMR,0.0
SWZ,SOM,1.0
SWZ,SRB,1.0
SWZ,SSD,1.0
SWZ,STP,0.0
SWZ,SUR,1.0
SWZ,SVK,0.0
SWZ,SVN,0.0
SWZ,SWE,0.0
SWZ,SWZ,1.0
SWZ,SXM,0.0
SWZ,SYC,0.0
SWZ,SYR,1.0
SWZ,TCA,0.0
SWZ,TCD,1.0
SWZ,TGO,1.0
SWZ,THA,1.0
SWZ,TJK,1.0
SWZ,TKM,1.0
SWZ,TLS,1.0
SWZ,TON,0.0
SWZ,TTO,1.0
SWZ,TUN,1.0
SWZ,TUR,1.0
SWZ,TUV,0.0
SWZ,TZA,1.0
SWZ,UGA,1.0
SWZ,UKR,1.0
SWZ,URY,0.0
SWZ,UZB,1.0
SWZ,VCT,0.0
SWZ,VEN,1.0
SWZ,VNM,1.0
SWZ,VUT,0.0
SWZ,WSM,0.0
SWZ,YEM,1.0
SWZ,ZAF,1.0
SWZ,ZMB,1.0
SWZ,ZWE,1.0
SXM,ABW,1.0
SXM,AFG,0.0
SXM,AGO,0.0
SXM,ALB,1.0
SXM,AND,1.0
SXM,ARE,1.0
SXM,ARG,0.0
SXM,ARM,0.0
SXM,ASM,1.0
SXM,ATG,1.0
SXM,AUS,1.0
SXM,AUT,1.0
SXM,AZE,0.0
SXM,BDI,0.0
SXM,BEL,1.0
SXM,BEN,0.0
SXM,BFA,0.0
SXM,BGD,0.0
SXM,BGR,1.0
SXM,BHR,1.0
SXM,BHS,1.0
SXM,BIH,0.0
SXM,BLR,0.0
SXM,BLZ,1.0
SXM,BMU,1.0
SXM,BOL,0.0
SXM,BRA,0.0
SXM,BRB,1.0
SXM,BRN,1.0
SXM,BTN,1.0
SXM,BWA,1.0
SXM,CAF,0.0
SXM,CAN,1.0
SXM,CHE,1.0
SXM,CHL,1.0
SXM,CIV,0.0
SXM,CMR,0.0
SXM,COD,0.0
SXM,COG,0.0
SXM,COL,0.0
SXM,COM,0.0
SXM,CPV,1.0
SXM,CRI,1.0
SXM,CUB,0.0
SXM,CUW,1.0
SXM,CYM,1.0
SXM,CYP,1.0
SXM,CZE,1.0
SXM,DEU,1.0
SXM,DJI,1.0
SXM,DMA,1.0
SXM,DNK,1.0
SXM,DOM,0.0
SXM,DZA,0.0
SXM,ECU,0.0
SXM,EGY,0.0
SXM,ESP,1.0
SXM,EST,1.0
SXM,ETH,0.0
SXM,FIN,1.0
SXM,FJI,0.0
SXM,FRA,1.0
SXM,FRO,1.0
SXM,FSM,1.0
SXM,GAB,0.0
SXM,GBR,1.0
SXM,GEO,1.0
SXM,GHA,0.0
SXM,GIN,0.0
SXM,GMB,0.0
SXM,GNB,0.0
SXM,GNQ,0.0
SXM,GRC,1.0
SXM,GRD,1.0
SXM,GRL,1.0
SXM,GTM,0.0
SXM,GUM,1.0
SXM,GUY,0.0
SXM,HKG,1.0
SXM,HND,0.0
SXM,HRV,1.0
SXM,HTI,0.0
SXM,HUN,1.0
SXM,IDN,0.0
SXM,IND,0.0
SXM,IRL,1.0
SXM,IRN,0.0
SXM,IRQ,0.0
SXM,ISL,1.0
SXM,ISR,1.0
SXM,ITA,1.0
SXM,JAM,1.0
SXM,JOR,0.0
SXM,JPN,1.0
SXM,KAZ,0.0
SXM,KEN,0.0
SXM,KGZ,0.0
SXM,KHM,0.0
SXM,KIR,1.0
SXM,KNA,1.0
SXM,KOR,1.0
SXM,KWT,0.0
SXM,LAO,0.0
SXM,LBN,0.0
SXM,LBR,0.0
SXM,LBY,0.0
SXM,LCA,1.0
SXM,LKA,0.0
SXM,LSO,0.0
SXM,LTU,1.0
SXM,LUX,1.0
SXM,LVA,1.0
SXM,MAC,1.0
SXM,MAR,0.0
SXM,MDA,0.0
SXM,MDG,0.0
SXM,MDV,1.0
SXM,MEX,0.0
SXM,MHL,1.0
SXM,MKD,1.0
SXM,MLI,0.0
SXM,MLT,1.0
SXM,MMR,0.0
SXM,MNE,1.0
SXM,MNG,0.0
SXM,MNP,1.0
SXM,MOZ,0.0
SXM,MRT,0.0
SXM,MUS,1.0
SXM,MWI,0.0
SXM,MYS,0.0
SXM,NAM,1.0
SXM,NER,0.0
SXM,NGA,0.0
SXM,NIC,0.0
SXM,NLD,1.0
SXM,NOR,1.0
SXM,NPL,0.0
SXM,NRU,1.0
SXM,NZL,1.0
SXM,OMN,0.0
SXM,PAK,0.0
SXM,PAN,1.0
SXM,PER,0.0
SXM,PHL,0.0
SXM,PLW,1.0
SXM,PNG,0.0
SXM,POL,1.0
SXM,PRT,1.0
SXM,PRY,0.0
SXM,PSE,0.0
SXM,PYF,1.0
SXM,QAT,1.0
SXM,ROU,0.0
SXM,RUS,0.0
SXM,RWA,0.0
SXM,SAU,0.0
SXM,SDN,0.0
SXM,SEN,0.0
SXM,SGP,1.0
SXM,SLB,0.0
SXM,SLE,0.0
SXM,SLV,0.0
SXM,SMR,1.0
SXM,SOM,0.0
SXM,SRB,0.0
SXM,SSD,0.0
SXM,STP,1.0
SXM,SUR,0.0
SXM,SVK,1.0
SXM,SVN,1.0
SXM,SWE,1.0
SXM,SWZ,0.0
SXM,SXM,1.0
SXM,SYC,1.0
SXM,SYR,0.0
SXM,TCA,1.0
SXM,TCD,0.0
SXM,TGO,0.0
SXM,THA,0.0
SXM,TJK,0.0
SXM,TKM,0.0
SXM,TLS,0.0
SXM,TON,1.0
SXM,TTO,0.0
SXM,TUN,0.0
SXM,TUR,0.0
SXM,TUV,1.0
SXM,TZA,0.0
SXM,UGA,0.0
SXM,UKR,0.0
SXM,URY,1.0
SXM,UZB,0.0
SXM,VCT,1.0
SXM,VEN,0.0
SXM,VNM,0.0
SXM,VUT,1.0
SXM,WSM,1.0
SXM,YEM,0.0
SXM,ZAF,0.0
SXM,ZMB,0.0
SXM,ZWE,0.0
SYC,ABW,1.0
SYC,AFG,0.0
SYC,AGO,0.0
SYC,ALB,1.0
SYC,AND,1.0
SYC,ARE,1.0
SYC,ARG,0.0
SYC,ARM,0.0
SYC,ASM,1.0
SYC,ATG,1.0
SYC,AUS,1.0
SYC,AUT,1.0
SYC,AZE,0.0
SYC,BDI,0.0
SYC,BEL,1.0
SYC,BEN,0.0
SYC,BFA,0.0
SYC,BGD,0.0
SYC,BGR,1.0
SYC,BHR,1.0
SYC,BHS,1.0
SYC,BIH,0.0
SYC,BLR,0.0
SYC,BLZ,1.0
SYC,BMU,1.0
SYC,BOL,0.0
SYC,BRA,0.0
SYC,BRB,1.0
SYC,BRN,1.0
SYC,BTN,1.0
SYC,BWA,1.0
SYC,CAF,0.0
SYC,CAN,1.0
SYC,CHE,1.0
SYC,CHL,1.0
SYC,CIV,0.0
SYC,CMR,0.0
SYC,COD,0.0
SYC,COG,0.0
SYC,COL,0.0
SYC,COM,0.0
SYC,CPV,1.0
SYC,CRI,1.0
SYC,CUB,0.0
SYC,CUW,1.0
SYC,CYM,1.0
SYC,CYP,1.0
SYC,CZE,1.0
SYC,DEU,1.0
SYC,DJI,1.0
SYC,DMA,1.0
SYC,DNK,1.0
SYC,DOM,0.0
SYC,DZA,0.0
SYC,ECU,0.0
SYC,EGY,0.0
SYC,ESP,1.0
SYC,EST,1.0
SYC,ETH,0.0
SYC,FIN,1.0
SYC,FJI,0.0
SYC,FRA,1.0
SYC,FRO,1.0
SYC,FSM,1.0
SYC,GAB,0.0
SYC,GBR,1.0
SYC,GEO,1.0
SYC,GHA,0.0
SYC,GIN,0.0
SYC,GMB,0.0
SYC,GNB,0.0
SYC,GNQ,0.0
SYC,GRC,1.0
SYC,GRD,1.0
SYC,GRL,1.0
SYC,GTM,0.0
SYC,GUM,1.0
SYC,GUY,0.0
SYC,HKG,1.0
SYC,HND,0.0
SYC,HRV,1.0
SYC,HTI,0.0
SYC,HUN,1.0
SYC,IDN,0.0
SYC,IND,0.0
SYC,IRL,1.0
SYC,IRN,0.0
SYC,IRQ,0.0
SYC,ISL,1.0
SYC,ISR,1.0
SYC,ITA,1.0
SYC,JAM,1.0
SYC,JOR,0.0
SYC,JPN,1.0
SYC,KAZ,0.0
SYC,KEN,0.0
SYC,KGZ,0.0
SYC,KHM,0.0
SYC,KIR,1.0
SYC,KNA,1.0
SYC,KOR,1.0
SYC,KWT,0.0
SYC,LAO,0.0
SYC,LBN,0.0
SYC,LBR,0.0
SYC,LBY,0.0
SYC,LCA,1.0
SYC,LKA,0.0
SYC,LSO,0.0
SYC,LTU,1.0
SYC,LUX,1.0
SYC,LVA,1.0
SYC,MAC,1.0
SYC,MAR,0.0
SYC,MDA,0.0
SYC,MDG,0.0
SYC,MDV,1.0
SYC,MEX,0.0
SYC,MHL,1.0
SYC,MKD,1.0
SYC,MLI,0.0
SYC,MLT,1.0
SYC,MMR,0.0
SYC,MNE,1.0
SYC,MNG,0.0
SYC,MNP,1.0
SYC,MOZ,0.0
SYC,MRT,0.0
SYC,MUS,1.0
SYC,MWI,0.0
SYC,MYS,0.0
SYC,NAM,1.0
SYC,NER,0.0
SYC,NGA,0.0
SYC,NIC,0.0
SYC,NLD,1.0
SYC,NOR,1.0
SYC,NPL,0.0
SYC,NRU,1.0
SYC,NZL,1.0
SYC,OMN,0.0
SYC,PAK,0.0
SYC,PAN,1.0
SYC,PER,0.0
SYC,PHL,0.0
SYC,PLW,1.0
SYC,PNG,0.0
SYC,POL,1.0
SYC,PRT,1.0
SYC,PRY,0.0
SYC,PSE,0.0
SYC,PYF,1.0
SYC,QAT,1.0
SYC,ROU,0.0
SYC,RUS,0.0
SYC,RWA,0.0
SYC,SAU,0.0
SYC,SDN,0.0
SYC,SEN,0.0
SYC,SGP,1.0
SYC,SLB,0.0
SYC,SLE,0.0
SYC,SLV,0.0
SYC,SMR,1.0
SYC,SOM,0.0
SYC,SRB,0.0
SYC,SSD,0.0
SYC,STP,1.0
SYC,SUR,0.0
SYC,SVK,1.0
SYC,SVN,1.0
SYC,SWE,1.0
SYC,SWZ,0.0
SYC,SXM,1.0
SYC,SYC,1.0
SYC,SYR,0.0
SYC,TCA,1.0
SYC,TCD,0.0
SYC,TGO,0.0
SYC,THA,0.0
SYC,TJK,0.0
SYC,TKM,0.0
SYC,TLS,0.0
SYC,TON,1.0
SYC,TTO,0.0
SYC,TUN,0.0
SYC,TUR,0.0
SYC,TUV,1.0
SYC,TZA,0.0
SYC,UGA,0.0
SYC,UKR,0.0
SYC,URY,1.0
SYC,UZB,0.0
SYC,VCT,1.0
SYC,VEN,0.0
SYC,VNM,0.0
SYC,VUT,1.0
SYC,WSM,1.0
SYC,YEM,0.0
SYC,ZAF,0.0
SYC,ZMB,0.0
SYC,ZWE,0.0
SYR,ABW,0.0
SYR,AFG,1.0
SYR,AGO,1.0
SYR,ALB,0.0
SYR,AND,0.0
SYR,ARE,0.0
SYR,ARG,1.0
SYR,ARM,1.0
SYR,ASM,0.0
SYR,ATG,0.0
SYR,AUS,0.0
SYR,AUT,0.0
SYR,AZE,1.0
SYR,BDI,1.0
SYR,BEL,0.0
SYR,BEN,1.0
SYR,BFA,1.0
SYR,BGD,1.0
SYR,BGR,0.0
SYR,BHR,0.0
SYR,BHS,0.0
SYR,BIH,1.0
SYR,BLR,1.0
SYR,BLZ,0.0
SYR,BMU,0.0
SYR,BOL,1.0
SYR,BRA,1.0
SYR,BRB,0.0
SYR,BRN,0.0
SYR,BTN,0.0
SYR,BWA,0.0
SYR,CAF,1.0
SYR,CAN,0.0
SYR,CHE,0.0
SYR,CHL,0.0
SYR,CIV,1.0
SYR,CMR,1.0
SYR,COD,1.0
SYR,COG,1.0
SYR,COL,1.0
SYR,COM,1.0
SYR,CPV,0.0
SYR,CRI,0.0
SYR,CUB,1.0
SYR,CUW,0.0
SYR,CYM,0.0
SYR,CYP,0.0
SYR,CZE,0.0
SYR,DEU,0.0
SYR,DJI,0.0
SYR,DMA,0.0
SYR,DNK,0.0
SYR,DOM,1.0
SYR,DZA,1.0
SYR,ECU,1.0
SYR,EGY,1.0
SYR,ESP,0.0
SYR,EST,0.0
SYR,ETH,1.0
SYR,FIN,0.0
SYR,FJI,1.0
SYR,FRA,0.0
SYR,FRO,0.0
SYR,FSM,0.0
SYR,GAB,1.0
SYR,GBR,0.0
SYR,GEO,0.0
SYR,GHA,1.0
SYR,GIN,1.0
SYR,GMB,1.0
SYR,GNB,1.0
SYR,GNQ,1.0
SYR,GRC,0.0
SYR,GRD,0.0
SYR,GRL,0.0
SYR,GTM,1.0
SYR,GUM,0.0
SYR,GUY,1.0
SYR,HKG,0.0
SYR,HND,1.0
SYR,HRV,0.0
SYR,HTI,1.0
SYR,HUN,0.0
SYR,IDN,1.0
SYR,IND,1.0
SYR,IRL,0.0
SYR,IRN,1.0
SYR,IRQ,1.0
SYR,ISL,0.0
SYR,ISR,0.0
SYR,ITA,0.0
SYR,JAM,0.0
SYR,JOR,1.0
SYR,JPN,0.0
SYR,KAZ,1.0
SYR,KEN,1.0
SYR,KGZ,1.0
SYR,KHM,1.0
SYR,KIR,0.0
SYR,KNA,0.0
SYR,KOR,0.0
SYR,KWT,1.0
SYR,LAO,1.0
SYR,LBN,1.0
SYR,LBR,1.0
SYR,LBY,1.0
SYR,LCA,0.0
SYR,LKA,1.0
SYR,LSO,1.0
SYR,LTU,0.0
SYR,LUX,0.0
SYR,LVA,0.0
SYR,MAC,0.0
SYR,MAR,1.0
SYR,MDA,1.0
SYR,MDG,1.0
SYR,MDV,0.0
SYR,MEX,1.0
SYR,MHL,0.0
SYR,MKD,0.0
SYR,MLI,1.0
SYR,MLT,0.0
SYR,MMR,1.0
SYR,MNE,0.0
SYR,MNG,1.0
SYR,MNP,0.0
SYR,MOZ,1.0
SYR,MRT,1.0
SYR,MUS,0.0
SYR,MWI,1.0
SYR,MYS,1.0
SYR,NAM,0.0
SYR,NER,1.0
SYR,NGA,1.0
SYR,NIC,1.0
SYR,NLD,0.0
SYR,NOR,0.0
SYR,NPL,1.0
SYR,NRU,0.0
SYR,NZL,0.0
SYR,OMN,1.0
SYR,PAK,1.0
SYR,PAN,0.0
SYR,PER,1.0
SYR,PHL,1.0
SYR,PLW,0.0
SYR,PNG,1.0
SYR,POL,0.0
SYR,PRT,0.0
SYR,PRY,1.0
SYR,PSE,1.0
SYR,PYF,0.0
SYR,QAT,0.0
SYR,ROU,1.0
SYR,RUS,1.0
SYR,RWA,1.0
SYR,SAU,1.0
SYR,SDN,1.0
SYR,SEN,1.0
SYR,SGP,0.0
SYR,SLB,1.0
SYR,SLE,1.0
SYR,SLV,1.0
SYR,SMR,0.0
SYR,SOM,1.0
SYR,SRB,1.0
SYR,SSD,1.0
SYR,STP,0.0
SYR,SUR,1.0
SYR,SVK,0.0
SYR,SVN,0.0
SYR,SWE,0.0
SYR,SWZ,1.0
SYR,SXM,0.0
SYR,SYC,0.0
SYR,SYR,1.0
SYR,TCA,0.0
SYR,TCD,1.0
SYR,TGO,1.0
SYR,THA,1.0
SYR,TJK,1.0
SYR,TKM,1.0
SYR,TLS,1.0
SYR,TON,0.0
SYR,TTO,1.0
SYR,TUN,1.0
SYR,TUR,1.0
SYR,TUV,0.0
SYR,TZA,1.0
SYR,UGA,1.0
SYR,UKR,1.0
SYR,URY,0.0
SYR,UZB,1.0
SYR,VCT,0.0
SYR,VEN,1.0
SYR,VNM,1.0
SYR,VUT,0.0
SYR,WSM,0.0
SYR,YEM,1.0
SYR,ZAF,1.0
SYR,ZMB,1.0
SYR,ZWE,1.0
TCA,ABW,1.0
TCA,AFG,0.0
TCA,AGO,0.0
TCA,ALB,1.0
TCA,AND,1.0
TCA,ARE,1.0
TCA,ARG,0.0
TCA,ARM,0.0
TCA,ASM,1.0
TCA,ATG,1.0
TCA,AUS,1.0
TCA,AUT,1.0
TCA,AZE,0.0
TCA,BDI,0.0
TCA,BEL,1.0
TCA,BEN,0.0
TCA,BFA,0.0
TCA,BGD,0.0
TCA,BGR,1.0
TCA,BHR,1.0
TCA,BHS,1.0
TCA,BIH,0.0
TCA,BLR,0.0
TCA,BLZ,1.0
TCA,BMU,1.0
TCA,BOL,0.0
TCA,BRA,0.0
TCA,BRB,1.0
TCA,BRN,1.0
TCA,BTN,1.0
TCA,BWA,1.0
TCA,CAF,0.0
TCA,CAN,1.0
TCA,CHE,1.0
TCA,CHL,1.0
TCA,CIV,0.0
TCA,CMR,0.0
TCA,COD,0.0
TCA,COG,0.0
TCA,COL,0.0
TCA,COM,0.0
TCA,CPV,1.0
TCA,CRI,1.0
TCA,CUB,0.0
TCA,CUW,1.0
TCA,CYM,1.0
TCA,CYP,1.0
TCA,CZE,1.0
TCA,DEU,1.0
TCA,DJI,1.0
TCA,DMA,1.0
TCA,DNK,1.0
TCA,DOM,0.0
TCA,DZA,0.0
TCA,ECU,0.0
TCA,EGY,0.0
TCA,ESP,1.0
TCA,EST,1.0
TCA,ETH,0.0
TCA,FIN,1.0
TCA,FJI,0.0
TCA,FRA,1.0
TCA,FRO,1.0
TCA,FSM,1.0
TCA,GAB,0.0
TCA,GBR,1.0
TCA,GEO,1.0
TCA,GHA,0.0
TCA,GIN,0.0
TCA,GMB,0.0
TCA,GNB,0.0
TCA,GNQ,0.0
TCA,GRC,1.0
TCA,GRD,1.0
TCA,GRL,1.0
TCA,GTM,0.0
TCA,GUM,1.0
TCA,GUY,0.0
TCA,HKG,1.0
TCA,HND,0.0
TCA,HRV,1.0
TCA,HTI,0.0
TCA,HUN,1.0
TCA,IDN,0.0
TCA,IND,0.0
TCA,IRL,1.0
TCA,IRN,0.0
TCA,IRQ,0.0
TCA,ISL,1.0
TCA,ISR,1.0
TCA,ITA,1.0
TCA,JAM,1.0
TCA,JOR,0.0
TCA,JPN,1.0
TCA,KAZ,0.0
TCA,KEN,0.0
TCA,KGZ,0.0
TCA,KHM,0.0
TCA,KIR,1.0
TCA,KNA,1.0
TCA,KOR,1.0
TCA,KWT,0.0
TCA,LAO,0.0
TCA,LBN,0.0
TCA,LBR,0.0
TCA,LBY,0.0
TCA,LCA,1.0
TCA,LKA,0.0
TCA,LSO,0.0
TCA,LTU,1.0
TCA,LUX,1.0
TCA,LVA,1.0
TCA,MAC,1.0
TCA,MAR,0.0
TCA,MDA,0.0
TCA,MDG,0.0
TCA,MDV,1.0
TCA,MEX,0.0
TCA,MHL,1.0
TCA,MKD,1.0
TCA,MLI,0.0
TCA,MLT,1.0
TCA,MMR,0.0
TCA,MNE,1.0
TCA,MNG,0.0
TCA,MNP,1.0
TCA,MOZ,0.0
TCA,MRT,0.0
TCA,MUS,1.0
TCA,MWI,0.0
TCA,MYS,0.0
TCA,NAM,1.0
TCA,NER,0.0
TCA,NGA,0.0
TCA,NIC,0.0
TCA,NLD,1.0
TCA,NOR,1.0
TCA,NPL,0.0
TCA,NRU,1.0
TCA,NZL,1.0
TCA,OMN,0.0
TCA,PAK,0.0
TCA,PAN,1.0
TCA,PER,0.0
TCA,PHL,0.0
TCA,PLW,1.0
TCA,PNG,0.0
TCA,POL,1.0
TCA,PRT,1.0
TCA,PRY,0.0
TCA,PSE,0.0
TCA,PYF,1.0
TCA,QAT,1.0
TCA,ROU,0.0
TCA,RUS,0.0
TCA,RWA,0.0
TCA,SAU,0.0
TCA,SDN,0.0
TCA,SEN,0.0
TCA,SGP,1.0
TCA,SLB,0.0
TCA,SLE,0.0
TCA,SLV,0.0
TCA,SMR,1.0
TCA,SOM,0.0
TCA,SRB,0.0
TCA,SSD,0.0
TCA,STP,1.0
TCA,SUR,0.0
TCA,SVK,1.0
TCA,SVN,1.0
TCA,SWE,1.0
TCA,SWZ,0.0
TCA,SXM,1.0
TCA,SYC,1.0
TCA,SYR,0.0
TCA,TCA,1.0
TCA,TCD,0.0
TCA,TGO,0.0
TCA,THA,0.0
TCA,TJK,0.0
TCA,TKM,0.0
TCA,TLS,0.0
TCA,TON,1.0
TCA,TTO,0.0
TCA,TUN,0.0
TCA,TUR,0.0
TCA,TUV,1.0
TCA,TZA,0.0
TCA,UGA,0.0
TCA,UKR,0.0
TCA,URY,1.0
TCA,UZB,0.0
TCA,VCT,1.0
TCA,VEN,0.0
TCA,VNM,0.0
TCA,VUT,1.0
TCA,WSM,1.0
TCA,YEM,0.0
TCA,ZAF,0.0
TCA,ZMB,0.0
TCA,ZWE,0.0
TCD,ABW,0.0
TCD,AFG,1.0
TCD,AGO,1.0
TCD,ALB,0.0
TCD,AND,0.0
TCD,ARE,0.0
TCD,ARG,1.0
TCD,ARM,1.0
TCD,ASM,0.0
TCD,ATG,0.0
TCD,AUS,0.0
TCD,AUT,0.0
TCD,AZE,1.0
TCD,BDI,1.0
TCD,BEL,0.0
TCD,BEN,1.0
TCD,BFA,1.0
TCD,BGD,1.0
TCD,BGR,0.0
TCD,BHR,0.0
TCD,BHS,0.0
TCD,BIH,1.0
TCD,BLR,1.0
TCD,BLZ,0.0
TCD,BMU,0.0
TCD,BOL,1.0
TCD,BRA,1.0
TCD,BRB,0.0
TCD,BRN,0.0
TCD,BTN,0.0
TCD,BWA,0.0
TCD,CAF,1.0
TCD,CAN,0.0
TCD,CHE,0.0
TCD,CHL,0.0
TCD,CIV,1.0
TCD,CMR,1.0
TCD,COD,1.0
TCD,COG,1.0
TCD,COL,1.0
TCD,COM,1.0
TCD,CPV,0.0
TCD,CRI,0.0
TCD,CUB,1.0
TCD,CUW,0.0
TCD,CYM,0.0
TCD,CYP,0.0
TCD,CZE,0.0
TCD,DEU,0.0
TCD,DJI,0.0
TCD,DMA,0.0
TCD,DNK,0.0
TCD,DOM,1.0
TCD,DZA,1.0
TCD,ECU,1.0
TCD,EGY,1.0
TCD,ESP,0.0
TCD,EST,0.0
TCD,ETH,1.0
TCD,FIN,0.0
TCD,FJI,1.0
TCD,FRA,0.0
TCD,FRO,0.0
TCD,FSM,0.0
TCD,GAB,1.0
TCD,GBR,0.0
TCD,GEO,0.0
TCD,GHA,1.0
TCD,GIN,1.0
TCD,GMB,1.0
TCD,GNB,1.0
TCD,GNQ,1.0
TCD,GRC,0.0
TCD,GRD,0.0
TCD,GRL,0.0
TCD,GTM,1.0
TCD,GUM,0.0
TCD,GUY,1.0
TCD,HKG,0.0
TCD,HND,1.0
TCD,HRV,0.0
TCD,HTI,1.0
TCD,HUN,0.0
TCD,IDN,1.0
TCD,IND,1.0
TCD,IRL,0.0
TCD,IRN,1.0
TCD,IRQ,1.0
TCD,ISL,0.0
TCD,ISR,0.0
TCD,ITA,0.0
TCD,JAM,0.0
TCD,JOR,1.0
TCD,JPN,0.0
TCD,KAZ,1.0
TCD,KEN,1.0
TCD,KGZ,1.0
TCD,KHM,1.0
TCD,KIR,0.0
TCD,KNA,0.0
TCD,KOR,0.0
TCD,KWT,1.0
TCD,LAO,1.0
TCD,LBN,1.0
TCD,LBR,1.0
TCD,LBY,1.0
TCD,LCA,0.0
TCD,LKA,1.0
TCD,LSO,1.0
TCD,LTU,0.0
TCD,LUX,0.0
TCD,LVA,0.0
TCD,MAC,0.0
TCD,MAR,1.0
TCD,MDA,1.0
TCD,MDG,1.0
TCD,MDV,0.0
TCD,MEX,1.0
TCD,MHL,0.0
TCD,MKD,0.0
TCD,MLI,1.0
TCD,MLT,0.0
TCD,MMR,1.0
TCD,MNE,0.0
TCD,MNG,1.0
TCD,MNP,0.0
TCD,MOZ,1.0
TCD,MRT,1.0
TCD,MUS,0.0
TCD,MWI,1.0
TCD,MYS,1.0
TCD,NAM,0.0
TCD,NER,1.0
TCD,NGA,1.0
TCD,NIC,1.0
TCD,NLD,0.0
TCD,NOR,0.0
TCD,NPL,1.0
TCD,NRU,0.0
TCD,NZL,0.0
TCD,OMN,1.0
TCD,PAK,1.0
TCD,PAN,0.0
TCD,PER,1.0
TCD,PHL,1.0
TCD,PLW,0.0
TCD,PNG,1.0
TCD,POL,0.0
TCD,PRT,0.0
TCD,PRY,1.0
TCD,PSE,1.0
TCD,PYF,0.0
TCD,QAT,0.0
TCD,ROU,1.0
TCD,RUS,1.0
TCD,RWA,1.0
TCD,SAU,1.0
TCD,SDN,1.0
TCD,SEN,1.0
TCD,SGP,0.0
TCD,SLB,1.0
TCD,SLE,1.0
TCD,SLV,1.0
TCD,SMR,0.0
TCD,SOM,1.0
TCD,SRB,1.0
TCD,SSD,1.0
TCD,STP,0.0
TCD,SUR,1.0
TCD,SVK,0.0
TCD,SVN,0.0
TCD,SWE,0.0
TCD,SWZ,1.0
TCD,SXM,0.0
TCD,SYC,0.0
TCD,SYR,1.0
TCD,TCA,0.0
TCD,TCD,1.0
TCD,TGO,1.0
TCD,THA,1.0
TCD,TJK,1.0
TCD,TKM,1.0
TCD,TLS,1.0
TCD,TON,0.0
TCD,TTO,1.0
TCD,TUN,1.0
TCD,TUR,1.0
TCD,TUV,0.0
TCD,TZA,1.0
TCD,UGA,1.0
TCD,UKR,1.0
TCD,URY,0.0
TCD,UZB,1.0
TCD,VCT,0.0
TCD,VEN,1.0
TCD,VNM,1.0
TCD,VUT,0.0
TCD,WSM,0.0
TCD,YEM,1.0
TCD,ZAF,1.0
TCD,ZMB,1.0
TCD,ZWE,1.0
TGO,ABW,0.0
TGO,AFG,1.0
TGO,AGO,1.0
TGO,ALB,0.0
TGO,AND,0.0
TGO,ARE,0.0
TGO,ARG,1.0
TGO,ARM,1.0
TGO,ASM,0.0
TGO,ATG,0.0
TGO,AUS,0.0
TGO,AUT,0.0
TGO,AZE,1.0
TGO,BDI,1.0
TGO,BEL,0.0
TGO,BEN,1.0
TGO,BFA,1.0
TGO,BGD,1.0
TGO,BGR,0.0
TGO,BHR,0.0
TGO,BHS,0.0
TGO,BIH,1.0
TGO,BLR,1.0
TGO,BLZ,0.0
TGO,BMU,0.0
TGO,BOL,1.0
TGO,BRA,1.0
TGO,BRB,0.0
TGO,BRN,0.0
TGO,BTN,0.0
TGO,BWA,0.0
TGO,CAF,1.0
TGO,CAN,0.0
TGO,CHE,0.0
TGO,CHL,0.0
TGO,CIV,1.0
TGO,CMR,1.0
TGO,COD,1.0
TGO,COG,1.0
TGO,COL,1.0
TGO,COM,1.0
TGO,CPV,0.0
TGO,CRI,0.0
TGO,CUB,1.0
TGO,CUW,0.0
TGO,CYM,0.0
TGO,CYP,0.0
TGO,CZE,0.0
TGO,DEU,0.0
TGO,DJI,0.0
TGO,DMA,0.0
TGO,DNK,0.0
TGO,DOM,1.0
TGO,DZA,1.0
TGO,ECU,1.0
TGO,EGY,1.0
TGO,ESP,0.0
TGO,EST,0.0
TGO,ETH,1.0
TGO,FIN,0.0
TGO,FJI,1.0
TGO,FRA,0.0
TGO,FRO,0.0
TGO,FSM,0.0
TGO,GAB,1.0
TGO,GBR,0.0
TGO,GEO,0.0
TGO,GHA,1.0
TGO,GIN,1.0
TGO,GMB,1.0
TGO,GNB,1.0
TGO,GNQ,1.0
TGO,GRC,0.0
TGO,GRD,0.0
TGO,GRL,0.0
TGO,GTM,1.0
TGO,GUM,0.0
TGO,GUY,1.0
TGO,HKG,0.0
TGO,HND,1.0
TGO,HRV,0.0
TGO,HTI,1.0
TGO,HUN,0.0
TGO,IDN,1.0
TGO,IND,1.0
TGO,IRL,0.0
TGO,IRN,1.0
TGO,IRQ,1.0
TGO,ISL,0.0
TGO,ISR,0.0
TGO,ITA,0.0
TGO,JAM,0.0
TGO,JOR,1.0
TGO,JPN,0.0
TGO,KAZ,1.0
TGO,KEN,1.0
TGO,KGZ,1.0
TGO,KHM,1.0
TGO,KIR,0.0
TGO,KNA,0.0
TGO,KOR,0.0
TGO,KWT,1.0
TGO,LAO,1.0
TGO,LBN,1.0
TGO,LBR,1.0
TGO,LBY,1.0
TGO,LCA,0.0
TGO,LKA,1.0
TGO,LSO,1.0
TGO,LTU,0.0
TGO,LUX,0.0
TGO,LVA,0.0
TGO,MAC,0.0
TGO,MAR,1.0
TGO,MDA,1.0
TGO,MDG,1.0
TGO,MDV,0.0
TGO,MEX,1.0
TGO,MHL,0.0
TGO,MKD,0.0
TGO,MLI,1.0
TGO,MLT,0.0
TGO,MMR,1.0
TGO,MNE,0.0
TGO,MNG,1.0
TGO,MNP,0.0
TGO,MOZ,1.0
TGO,MRT,1.0
TGO,MUS,0.0
TGO,MWI,1.0
TGO,MYS,1.0
TGO,NAM,0.0
TGO,NER,1.0
TGO,NGA,1.0
TGO,NIC,1.0
TGO,NLD,0.0
TGO,NOR,0.0
TGO,NPL,1.0
TGO,NRU,0.0
TGO,NZL,0.0
TGO,OMN,1.0
TGO,PAK,1.0
TGO,PAN,0.0
TGO,PER,1.0
TGO,PHL,1.0
TGO,PLW,0.0
TGO,PNG,1.0
TGO,POL,0.0
TGO,PRT,0.0
TGO,PRY,1.0
TGO,PSE,1.0
TGO,PYF,0.0
TGO,QAT,0.0
TGO,ROU,1.0
TGO,RUS,1.0
TGO,RWA,1.0
TGO,SAU,1.0
TGO,SDN,1.0
TGO,SEN,1.0
TGO,SGP,0.0
TGO,SLB,1.0
TGO,SLE,1.0
TGO,SLV,1.0
TGO,SMR,0.0
TGO,SOM,1.0
TGO,SRB,1.0
TGO,SSD,1.0
TGO,STP,0.0
TGO,SUR,1.0
TGO,SVK,0.0
TGO,SVN,0.0
TGO,SWE,0.0
TGO,SWZ,1.0
TGO,SXM,0.0
TGO,SYC,0.0
TGO,SYR,1.0
TGO,TCA,0.0
TGO,TCD,1.0
TGO,TGO,1.0
TGO,THA,1.0
TGO,TJK,1.0
TGO,TKM,1.0
TGO,TLS,1.0
TGO,TON,0.0
TGO,TTO,1.0
TGO,TUN,1.0
TGO,TUR,1.0
TGO,TUV,0.0
TGO,TZA,1.0
TGO,UGA,1.0
TGO,UKR,1.0
TGO,URY,0.0
TGO,UZB,1.0
TGO,VCT,0.0
TGO,VEN,1.0
TGO,VNM,1.0
TGO,VUT,0.0
TGO,WSM,0.0
TGO,YEM,1.0
TGO,ZAF,1.0
TGO,ZMB,1.0
TGO,ZWE,1.0
THA,ABW,0.0
THA,AFG,1.0
THA,AGO,1.0
THA,ALB,0.0
THA,AND,0.0
THA,ARE,0.0
THA,ARG,1.0
THA,ARM,1.0
THA,ASM,0.0
THA,ATG,0.0
THA,AUS,0.0
THA,AUT,0.0
THA,AZE,1.0
THA,BDI,1.0
THA,BEL,0.0
THA,BEN,1.0
THA,BFA,1.0
THA,BGD,1.0
THA,BGR,0.0
THA,BHR,0.0
THA,BHS,0.0
THA,BIH,1.0
THA,BLR,1.0
THA,BLZ,0.0
THA,BMU,0.0
THA,BOL,1.0
THA,BRA,1.0
THA,BRB,0.0
THA,BRN,0.0
THA,BTN,0.0
THA,BWA,0.0
THA,CAF,1.0
THA,CAN,0.0
THA,CHE,0.0
THA,CHL,0.0
THA,CIV,1.0
THA,CMR,1.0
THA,COD,1.0
THA,COG,1.0
THA,COL,1.0
THA,COM,1.0
THA,CPV,0.0
THA,CRI,0.0
THA,CUB,1.0
THA,CUW,0.0
THA,CYM,0.0
THA,CYP,0.0
THA,CZE,0.0
THA,DEU,0.0
THA,DJI,0.0
THA,DMA,0.0
THA,DNK,0.0
THA,DOM,1.0
THA,DZA,1.0
THA,ECU,1.0
THA,EGY,1.0
THA,ESP,0.0
THA,EST,0.0
THA,ETH,1.0
THA,FIN,0.0
THA,FJI,1.0
THA,FRA,0.0
THA,FRO,0.0
THA,FSM,0.0
THA,GAB,1.0
THA,GBR,0.0
THA,GEO,0.0
THA,GHA,1.0
THA,GIN,1.0
THA,GMB,1.0
THA,GNB,1.0
THA,GNQ,1.0
THA,GRC,0.0
THA,GRD,0.0
THA,GRL,0.0
THA,GTM,1.0
THA,GUM,0.0
THA,GUY,1.0
THA,HKG,0.0
THA,HND,1.0
THA,HRV,0.0
THA,HTI,1.0
THA,HUN,0.0
THA,IDN,1.0
THA,IND,1.0
THA,IRL,0.0
THA,IRN,1.0
THA,IRQ,1.0
THA,ISL,0.0
THA,ISR,0.0
THA,ITA,0.0
THA,JAM,0.0
THA,JOR,1.0
THA,JPN,0.0
THA,KAZ,1.0
THA,KEN,1.0
THA,KGZ,1.0
THA,KHM,1.0
THA,KIR,0.0
THA,KNA,0.0
THA,KOR,0.0
THA,KWT,1.0
THA,LAO,1.0
THA,LBN,1.0
THA,LBR,1.0
THA,LBY,1.0
THA,LCA,0.0
THA,LKA,1.0
THA,LSO,1.0
THA,LTU,0.0
THA,LUX,0.0
THA,LVA,0.0
THA,MAC,0.0
THA,MAR,1.0
THA,MDA,1.0
THA,MDG,1.0
THA,MDV,0.0
THA,MEX,1.0
THA,MHL,0.0
THA,MKD,0.0
THA,MLI,1.0
THA,MLT,0.0
THA,MMR,1.0
THA,MNE,0.0
THA,MNG,1.0
THA,MNP,0.0
THA,MOZ,1.0
THA,MRT,1.0
THA,MUS,0.0
THA,MWI,1.0
THA,MYS,1.0
THA,NAM,0.0
THA,NER,1.0
THA,NGA,1.0
THA,NIC,1.0
THA,NLD,0.0
THA,NOR,0.0
THA,NPL,1.0
THA,NRU,0.0
THA,NZL,0.0
THA,OMN,1.0
THA,PAK,1.0
THA,PAN,0.0
THA,PER,1.0
THA,PHL,1.0
THA,PLW,0.0
THA,PNG,1.0
THA,POL,0.0
THA,PRT,0.0
THA,PRY,1.0
THA,PSE,1.0
THA,PYF,0.0
THA,QAT,0.0
THA,ROU,1.0
THA,RUS,1.0
THA,RWA,1.0
THA,SAU,1.0
THA,SDN,1.0
THA,SEN,1.0
THA,SGP,0.0
THA,SLB,1.0
THA,SLE,1.0
THA,SLV,1.0
THA,SMR,0.0
THA,SOM,1.0
THA,SRB,1.0
THA,SSD,1.0
THA,STP,0.0
THA,SUR,1.0
THA,SVK,0.0
THA,SVN,0.0
THA,SWE,0.0
THA,SWZ,1.0
THA,SXM,0.0
THA,SYC,0.0
THA,SYR,1.0
THA,TCA,0.0
THA,TCD,1.0
THA,TGO,1.0
THA,THA,1.0
THA,TJK,1.0
THA,TKM,1.0
THA,TLS,1.0
THA,TON,0.0
THA,TTO,1.0
THA,TUN,1.0
THA,TUR,1.0
THA,TUV,0.0
THA,TZA,1.0
THA,UGA,1.0
THA,UKR,1.0
THA,URY,0.0
THA,UZB,1.0
THA,VCT,0.0
THA,VEN,1.0
THA,VNM,1.0
THA,VUT,0.0
THA,WSM,0.0
THA,YEM,1.0
THA,ZAF,1.0
THA,ZMB,1.0
THA,ZWE,1.0
TJK,ABW,0.0
TJK,AFG,1.0
TJK,AGO,1.0
TJK,ALB,0.0
TJK,AND,0.0
TJK,ARE,0.0
TJK,ARG,1.0
TJK,ARM,1.0
TJK,ASM,0.0
TJK,ATG,0.0
TJK,AUS,0.0
TJK,AUT,0.0
TJK,AZE,1.0
TJK,BDI,1.0
TJK,BEL,0.0
TJK,BEN,1.0
TJK,BFA,1.0
TJK,BGD,1.0
TJK,BGR,0.0
TJK,BHR,0.0
TJK,BHS,0.0
TJK,BIH,1.0
TJK,BLR,1.0
TJK,BLZ,0.0
TJK,BMU,0.0
TJK,BOL,1.0
TJK,BRA,1.0
TJK,BRB,0.0
TJK,BRN,0.0
TJK,BTN,0.0
TJK,BWA,0.0
TJK,CAF,1.0
TJK,CAN,0.0
TJK,CHE,0.0
TJK,CHL,0.0
TJK,CIV,1.0
TJK,CMR,1.0
TJK,COD,1.0
TJK,COG,1.0
TJK,COL,1.0
TJK,COM,1.0
TJK,CPV,0.0
TJK,CRI,0.0
TJK,CUB,1.0
TJK,CUW,0.0
TJK,CYM,0.0
TJK,CYP,0.0
TJK,CZE,0.0
TJK,DEU,0.0
TJK,DJI,0.0
TJK,DMA,0.0
TJK,DNK,0.0
TJK,DOM,1.0
TJK,DZA,1.0
TJK,ECU,1.0
TJK,EGY,1.0
TJK,ESP,0.0
TJK,EST,0.0
TJK,ETH,1.0
TJK,FIN,0.0
TJK,FJI,1.0
TJK,FRA,0.0
TJK,FRO,0.0
TJK,FSM,0.0
TJK,GAB,1.0
TJK,GBR,0.0
TJK,GEO,0.0
TJK,GHA,1.0
TJK,GIN,1.0
TJK,GMB,1.0
TJK,GNB,1.0
TJK,GNQ,1.0
TJK,GRC,0.0
TJK,GRD,0.0
TJK,GRL,0.0
TJK,GTM,1.0
TJK,GUM,0.0
TJK,GUY,1.0
TJK,HKG,0.0
TJK,HND,1.0
TJK,HRV,0.0
TJK,HTI,1.0
TJK,HUN,0.0
TJK,IDN,1.0
TJK,IND,1.0
TJK,IRL,0.0
TJK,IRN,1.0
TJK,IRQ,1.0
TJK,ISL,0.0
TJK,ISR,0.0
TJK,ITA,0.0
TJK,JAM,0.0
TJK,JOR,1.0
TJK,JPN,0.0
TJK,KAZ,1.0
TJK,KEN,1.0
TJK,KGZ,1.0
TJK,KHM,1.0
TJK,KIR,0.0
TJK,KNA,0.0
TJK,KOR,0.0
TJK,KWT,1.0
TJK,LAO,1.0
TJK,LBN,1.0
TJK,LBR,1.0
TJK,LBY,1.0
TJK,LCA,0.0
TJK,LKA,1.0
TJK,LSO,1.0
TJK,LTU,0.0
TJK,LUX,0.0
TJK,LVA,0.0
TJK,MAC,0.0
TJK,MAR,1.0
TJK,MDA,1.0
TJK,MDG,1.0
TJK,MDV,0.0
TJK,MEX,1.0
TJK,MHL,0.0
TJK,MKD,0.0
TJK,MLI,1.0
TJK,MLT,0.0
TJK,MMR,1.0
TJK,MNE,0.0
TJK,MNG,1.0
TJK,MNP,0.0
TJK,MOZ,1.0
TJK,MRT,1.0
TJK,MUS,0.0
TJK,MWI,1.0
TJK,MYS,1.0
TJK,NAM,0.0
TJK,NER,1.0
TJK,NGA,1.0
TJK,NIC,1.0
TJK,NLD,0.0
TJK,NOR,0.0
TJK,NPL,1.0
TJK,NRU,0.0
TJK,NZL,0.0
TJK,OMN,1.0
TJK,PAK,1.0
TJK,PAN,0.0
TJK,PER,1.0
TJK,PHL,1.0
TJK,PLW,0.0
TJK,PNG,1.0
TJK,POL,0.0
TJK,PRT,0.0
TJK,PRY,1.0
TJK,PSE,1.0
TJK,PYF,0.0
TJK,QAT,0.0
TJK,ROU,1.0
TJK,RUS,1.0
TJK,RWA,1.0
TJK,SAU,1.0
TJK,SDN,1.0
TJK,SEN,1.0
TJK,SGP,0.0
TJK,SLB,1.0
TJK,SLE,1.0
TJK,SLV,1.0
TJK,SMR,0.0
TJK,SOM,1.0
TJK,SRB,1.0
TJK,SSD,1.0
TJK,STP,0.0
TJK,SUR,1.0
TJK,SVK,0.0
TJK,SVN,0.0
TJK,SWE,0.0
TJK,SWZ,1.0
TJK,SXM,0.0
TJK,SYC,0.0
TJK,SYR,1.0
TJK,TCA,0.0
TJK,TCD,1.0
TJK,TGO,1.0
TJK,THA,1.0
TJK,TJK,1.0
TJK,TKM,1.0
TJK,TLS,1.0
TJK,TON,0.0
TJK,TTO,1.0
TJK,TUN,1.0
TJK,TUR,1.0
TJK,TUV,0.0
TJK,TZA,1.0
TJK,UGA,1.0
TJK,UKR,1.0
TJK,URY,0.0
TJK,UZB,1.0
TJK,VCT,0.0
TJK,VEN,1.0
TJK,VNM,1.0
TJK,VUT,0.0
TJK,WSM,0.0
TJK,YEM,1.0
TJK,ZAF,1.0
TJK,ZMB,1.0
TJK,ZWE,1.0
TKM,ABW,0.0
TKM,AFG,1.0
TKM,AGO,1.0
TKM,ALB,0.0
TKM,AND,0.0
TKM,ARE,0.0
TKM,ARG,1.0
TKM,ARM,1.0
TKM,ASM,0.0
TKM,ATG,0.0
TKM,AUS,0.0
TKM,AUT,0.0
TKM,AZE,1.0
TKM,BDI,1.0
TKM,BEL,0.0
TKM,BEN,1.0
TKM,BFA,1.0
TKM,BGD,1.0
TKM,BGR,0.0
TKM,BHR,0.0
TKM,BHS,0.0
TKM,BIH,1.0
TKM,BLR,1.0
TKM,BLZ,0.0
TKM,BMU,0.0
TKM,BOL,1.0
TKM,BRA,1.0
TKM,BRB,0.0
TKM,BRN,0.0
TKM,BTN,0.0
TKM,BWA,0.0
TKM,CAF,1.0
TKM,CAN,0.0
TKM,CHE,0.0
TKM,CHL,0.0
TKM,CIV,1.0
TKM,CMR,1.0
TKM,COD,1.0
TKM,COG,1.0
TKM,COL,1.0
TKM,COM,1.0
TKM,CPV,0.0
TKM,CRI,0.0
TKM,CUB,1.0
TKM,CUW,0.0
TKM,CYM,0.0
TKM,CYP,0.0
TKM,CZE,0.0
TKM,DEU,0.0
TKM,DJI,0.0
TKM,DMA,0.0
TKM,DNK,0.0
TKM,DOM,1.0
TKM,DZA,1.0
TKM,ECU,1.0
TKM,EGY,1.0
TKM,ESP,0.0
TKM,EST,0.0
TKM,ETH,1.0
TKM,FIN,0.0
TKM,FJI,1.0
TKM,FRA,0.0
TKM,FRO,0.0
TKM,FSM,0.0
TKM,GAB,1.0
TKM,GBR,0.0
TKM,GEO,0.0
TKM,GHA,1.0
TKM,GIN,1.0
TKM,GMB,1.0
TKM,GNB,1.0
TKM,GNQ,1.0
TKM,GRC,0.0
TKM,GRD,0.0
TKM,GRL,0.0
TKM,GTM,1.0
TKM,GUM,0.0
TKM,GUY,1.0
TKM,HKG,0.0
TKM,HND,1.0
TKM,HRV,0.0
TKM,HTI,1.0
TKM,HUN,0.0
TKM,IDN,1.0
TKM,IND,1.0
TKM,IRL,0.0
TKM,IRN,1.0
TKM,IRQ,1.0
TKM,ISL,0.0
TKM,ISR,0.0
TKM,ITA,0.0
TKM,JAM,0.0
TKM,JOR,1.0
TKM,JPN,0.0
TKM,KAZ,1.0
TKM,KEN,1.0
TKM,KGZ,1.0
TKM,KHM,1.0
TKM,KIR,0.0
TKM,KNA,0.0
TKM,KOR,0.0
TKM,KWT,1.0
TKM,LAO,1.0
TKM,LBN,1.0
TKM,LBR,1.0
TKM,LBY,1.0
TKM,LCA,0.0
TKM,LKA,1.0
TKM,LSO,1.0
TKM,LTU,0.0
TKM,LUX,0.0
TKM,LVA,0.0
TKM,MAC,0.0
TKM,MAR,1.0
TKM,MDA,1.0
TKM,MDG,1.0
TKM,MDV,0.0
TKM,MEX,1.0
TKM,MHL,0.0
TKM,MKD,0.0
TKM,MLI,1.0
TKM,MLT,0.0
TKM,MMR,1.0
TKM,MNE,0.0
TKM,MNG,1.0
TKM,MNP,0.0
TKM,MOZ,1.0
TKM,MRT,1.0
TKM,MUS,0.0
TKM,MWI,1.0
TKM,MYS,1.0
TKM,NAM,0.0
TKM,NER,1.0
TKM,NGA,1.0
TKM,NIC,1.0
TKM,NLD,0.0
TKM,NOR,0.0
TKM,NPL,1.0
TKM,NRU,0.0
TKM,NZL,0.0
TKM,OMN,1.0
TKM,PAK,1.0
TKM,PAN,0.0
TKM,PER,1.0
TKM,PHL,1.0
TKM,PLW,0.0
TKM,PNG,1.0
TKM,POL,0.0
TKM,PRT,0.0
TKM,PRY,1.0
TKM,PSE,1.0
TKM,PYF,0.0
TKM,QAT,0.0
TKM,ROU,1.0
TKM,RUS,1.0
TKM,RWA,1.0
TKM,SAU,1.0
TKM,SDN,1.0
TKM,SEN,1.0
TKM,SGP,0.0
TKM,SLB,1.0
TKM,SLE,1.0
TKM,SLV,1.0
TKM,SMR,0.0
TKM,SOM,1.0
TKM,SRB,1.0
TKM,SSD,1.0
TKM,STP,0.0
TKM,SUR,1.0
TKM,SVK,0.0
TKM,SVN,0.0
TKM,SWE,0.0
TKM,SWZ,1.0
TKM,SXM,0.0
TKM,SYC,0.0
TKM,SYR,1.0
TKM,TCA,0.0
TKM,TCD,1.0
TKM,TGO,1.0
TKM,THA,1.0
TKM,TJK,1.0
TKM,TKM,1.0
TKM,TLS,1.0
TKM,TON,0.0
TKM,TTO,1.0
TKM,TUN,1.0
TKM,TUR,1.0
TKM,TUV,0.0
TKM,TZA,1.0
TKM,UGA,1.0
TKM,UKR,1.0
TKM,URY,0.0
TKM,UZB,1.0
TKM,VCT,0.0
TKM,VEN,1.0
TKM,VNM,1.0
TKM,VUT,0.0
TKM,WSM,0.0
TKM,YEM,1.0
TKM,ZAF,1.0
TKM,ZMB,1.0
TKM,ZWE,1.0
TLS,ABW,0.0
TLS,AFG,1.0
TLS,AGO,1.0
TLS,ALB,0.0
TLS,AND,0.0
TLS,ARE,0.0
TLS,ARG,1.0
TLS,ARM,1.0
TLS,ASM,0.0
TLS,ATG,0.0
TLS,AUS,0.0
TLS,AUT,0.0
TLS,AZE,1.0
TLS,BDI,1.0
TLS,BEL,0.0
TLS,BEN,1.0
TLS,BFA,1.0
TLS,BGD,1.0
TLS,BGR,0.0
TLS,BHR,0.0
TLS,BHS,0.0
TLS,BIH,1.0
TLS,BLR,1.0
TLS,BLZ,0.0
TLS,BMU,0.0
TLS,BOL,1.0
TLS,BRA,1.0
TLS,BRB,0.0
TLS,BRN,0.0
TLS,BTN,0.0
TLS,BWA,0.0
TLS,CAF,1.0
TLS,CAN,0.0
TLS,CHE,0.0
TLS,CHL,0.0
TLS,CIV,1.0
TLS,CMR,1.0
TLS,COD,1.0
TLS,COG,1.0
TLS,COL,1.0
TLS,COM,1.0
TLS,CPV,0.0
TLS,CRI,0.0
TLS,CUB,1.0
TLS,CUW,0.0
TLS,CYM,0.0
TLS,CYP,0.0
TLS,CZE,0.0
TLS,DEU,0.0
TLS,DJI,0.0
TLS,DMA,0.0
TLS,DNK,0.0
TLS,DOM,1.0
TLS,DZA,1.0
TLS,ECU,1.0
TLS,EGY,1.0
TLS,ESP,0.0
TLS,EST,0.0
TLS,ETH,1.0
TLS,FIN,0.0
TLS,FJI,1.0
TLS,FRA,0.0
TLS,FRO,0.0
TLS,FSM,0.0
TLS,GAB,1.0
TLS,GBR,0.0
TLS,GEO,0.0
TLS,GHA,1.0
TLS,GIN,1.0
TLS,GMB,1.0
TLS,GNB,1.0
TLS,GNQ,1.0
TLS,GRC,0.0
TLS,GRD,0.0
TLS,GRL,0.0
TLS,GTM,1.0
TLS,GUM,0.0
TLS,GUY,1.0
TLS,HKG,0.0
TLS,HND,1.0
TLS,HRV,0.0
TLS,HTI,1.0
TLS,HUN,0.0
TLS,IDN,1.0
TLS,IND,1.0
TLS,IRL,0.0
TLS,IRN,1.0
TLS,IRQ,1.0
TLS,ISL,0.0
TLS,ISR,0.0
TLS,ITA,0.0
TLS,JAM,0.0
TLS,JOR,1.0
TLS,JPN,0.0
TLS,KAZ,1.0
TLS,KEN,1.0
TLS,KGZ,1.0
TLS,KHM,1.0
TLS,KIR,0.0
TLS,KNA,0.0
TLS,KOR,0.0
TLS,KWT,1.0
TLS,LAO,1.0
TLS,LBN,1.0
TLS,LBR,1.0
TLS,LBY,1.0
TLS,LCA,0.0
TLS,LKA,1.0
TLS,LSO,1.0
TLS,LTU,0.0
TLS,LUX,0.0
TLS,LVA,0.0
TLS,MAC,0.0
TLS,MAR,1.0
TLS,MDA,1.0
TLS,MDG,1.0
TLS,MDV,0.0
TLS,MEX,1.0
TLS,MHL,0.0
TLS,MKD,0.0
TLS,MLI,1.0
TLS,MLT,0.0
TLS,MMR,1.0
TLS,MNE,0.0
TLS,MNG,1.0
TLS,MNP,0.0
TLS,MOZ,1.0
TLS,MRT,1.0
TLS,MUS,0.0
TLS,MWI,1.0
TLS,MYS,1.0
TLS,NAM,0.0
TLS,NER,1.0
TLS,NGA,1.0
TLS,NIC,1.0
TLS,NLD,0.0
TLS,NOR,0.0
TLS,NPL,1.0
TLS,NRU,0.0
TLS,NZL,0.0
TLS,OMN,1.0
TLS,PAK,1.0
TLS,PAN,0.0
TLS,PER,1.0
TLS,PHL,1.0
TLS,PLW,0.0
TLS,PNG,1.0
TLS,POL,0.0
TLS,PRT,0.0
TLS,PRY,1.0
TLS,PSE,1.0
TLS,PYF,0.0
TLS,QAT,0.0
TLS,ROU,1.0
TLS,RUS,1.0
TLS,RWA,1.0
TLS,SAU,1.0
TLS,SDN,1.0
TLS,SEN,1.0
TLS,SGP,0.0
TLS,SLB,1.0
TLS,SLE,1.0
TLS,SLV,1.0
TLS,SMR,0.0
TLS,SOM,1.0
TLS,SRB,1.0
TLS,SSD,1.0
TLS,STP,0.0
TLS,SUR,1.0
TLS,SVK,0.0
TLS,SVN,0.0
TLS,SWE,0.0
TLS,SWZ,1.0
TLS,SXM,0.0
TLS,SYC,0.0
TLS,SYR,1.0
TLS,TCA,0.0
TLS,TCD,1.0
TLS,TGO,1.0
TLS,THA,1.0
TLS,TJK,1.0
TLS,TKM,1.0
TLS,TLS,1.0
TLS,TON,0.0
TLS,TTO,1.0
TLS,TUN,1.0
TLS,TUR,1.0
TLS,TUV,0.0
TLS,TZA,1.0
TLS,UGA,1.0
TLS,UKR,1.0
TLS,URY,0.0
TLS,UZB,1.0
TLS,VCT,0.0
TLS,VEN,1.0
TLS,VNM,1.0
TLS,VUT,0.0
TLS,WSM,0.0
TLS,YEM,1.0
TLS,ZAF,1.0
TLS,ZMB,1.0
TLS,ZWE,1.0
TON,ABW,1.0
TON,AFG,0.0
TON,AGO,0.0
TON,ALB,1.0
TON,AND,1.0
TON,ARE,1.0
TON,ARG,0.0
TON,ARM,0.0
TON,ASM,1.0
TON,ATG,1.0
TON,AUS,1.0
TON,AUT,1.0
TON,AZE,0.0
TON,BDI,0.0
TON,BEL,1.0
TON,BEN,0.0
TON,BFA,0.0
TON,BGD,0.0
TON,BGR,1.0
TON,BHR,1.0
TON,BHS,1.0
TON,BIH,0.0
TON,BLR,0.0
TON,BLZ,1.0
TON,BMU,1.0
TON,BOL,0.0
TON,BRA,0.0
TON,BRB,1.0
TON,BRN,1.0
TON,BTN,1.0
TON,BWA,1.0
TON,CAF,0.0
TON,CAN,1.0
TON,CHE,1.0
TON,CHL,1.0
TON,CIV,0.0
TON,CMR,0.0
TON,COD,0.0
TON,COG,0.0
TON,COL,0.0
TON,COM,0.0
TON,CPV,1.0
TON,CRI,1.0
TON,CUB,0.0
TON,CUW,1.0
TON,CYM,1.0
TON,CYP,1.0
TON,CZE,1.0
TON,DEU,1.0
TON,DJI,1.0
TON,DMA,1.0
TON,DNK,1.0
TON,DOM,0.0
TON,DZA,0.0
TON,ECU,0.0
TON,EGY,0.0
TON,ESP,1.0
TON,EST,1.0
TON,ETH,0.0
TON,FIN,1.0
TON,FJI,0.0
TON,FRA,1.0
TON,FRO,1.0
TON,FSM,1.0
TON,GAB,0.0
TON,GBR,1.0
TON,GEO,1.0
TON,GHA,0.0
TON,GIN,0.0
TON,GMB,0.0
TON,GNB,0.0
TON,GNQ,0.0
TON,GRC,1.0
TON,GRD,1.0
TON,GRL,1.0
TON,GTM,0.0
TON,GUM,1.0
TON,GUY,0.0
TON,HKG,1.0
TON,HND,0.0
TON,HRV,1.0
TON,HTI,0.0
TON,HUN,1.0
TON,IDN,0.0
TON,IND,0.0
TON,IRL,1.0
TON,IRN,0.0
TON,IRQ,0.0
TON,ISL,1.0
TON,ISR,1.0
TON,ITA,1.0
TON,JAM,1.0
TON,JOR,0.0
TON,JPN,1.0
TON,KAZ,0.0
TON,KEN,0.0
TON,KGZ,0.0
TON,KHM,0.0
TON,KIR,1.0
TON,KNA,1.0
TON,KOR,1.0
TON,KWT,0.0
TON,LAO,0.0
TON,LBN,0.0
TON,LBR,0.0
TON,LBY,0.0
TON,LCA,1.0
TON,LKA,0.0
TON,LSO,0.0
TON,LTU,1.0
TON,LUX,1.0
TON,LVA,1.0
TON,MAC,1.0
TON,MAR,0.0
TON,MDA,0.0
TON,MDG,0.0
TON,MDV,1.0
TON,MEX,0.0
TON,MHL,1.0
TON,MKD,1.0
TON,MLI,0.0
TON,MLT,1.0
TON,MMR,0.0
TON,MNE,1.0
TON,MNG,0.0
TON,MNP,1.0
TON,MOZ,0.0
TON,MRT,0.0
TON,MUS,1.0
TON,MWI,0.0
TON,MYS,0.0
TON,NAM,1.0
TON,NER,0.0
TON,NGA,0.0
TON,NIC,0.0
TON,NLD,1.0
TON,NOR,1.0
TON,NPL,0.0
TON,NRU,1.0
TON,NZL,1.0
TON,OMN,0.0
TON,PAK,0.0
TON,PAN,1.0
TON,PER,0.0
TON,PHL,0.0
TON,PLW,1.0
TON,PNG,0.0
TON,POL,1.0
TON,PRT,1.0
TON,PRY,0.0
TON,PSE,0.0
TON,PYF,1.0
TON,QAT,1.0
TON,ROU,0.0
TON,RUS,0.0
TON,RWA,0.0
TON,SAU,0.0
TON,SDN,0.0
TON,SEN,0.0
TON,SGP,1.0
TON,SLB,0.0
TON,SLE,0.0
TON,SLV,0.0
TON,SMR,1.0
TON,SOM,0.0
TON,SRB,0.0
TON,SSD,0.0
TON,STP,1.0
TON,SUR,0.0
TON,SVK,1.0
TON,SVN,1.0
TON,SWE,1.0
TON,SWZ,0.0
TON,SXM,1.0
TON,SYC,1.0
TON,SYR,0.0
TON,TCA,1.0
TON,TCD,0.0
TON,TGO,0.0
TON,THA,0.0
TON,TJK,0.0
TON,TKM,0.0
TON,TLS,0.0
TON,TON,1.0
TON,TTO,0.0
TON,TUN,0.0
TON,TUR,0.0
TON,TUV,1.0
TON,TZA,0.0
TON,UGA,0.0
TON,UKR,0.0
TON,URY,1.0
TON,UZB,0.0
TON,VCT,1.0
TON,VEN,0.0
TON,VNM,0.0
TON,VUT,1.0
TON,WSM,1.0
TON,YEM,0.0
TON,ZAF,0.0
TON,ZMB,0.0
TON,ZWE,0.0
TTO,ABW,0.0
TTO,AFG,1.0
TTO,AGO,1.0
TTO,ALB,0.0
TTO,AND,0.0
TTO,ARE,0.0
TTO,ARG,1.0
TTO,ARM,1.0
TTO,ASM,0.0
TTO,ATG,0.0
TTO,AUS,0.0
TTO,AUT,0.0
TTO,AZE,1.0
TTO,BDI,1.0
TTO,BEL,0.0
TTO,BEN,1.0
TTO,BFA,1.0
TTO,BGD,1.0
TTO,BGR,0.0
TTO,BHR,0.0
TTO,BHS,0.0
TTO,BIH,1.0
TTO,BLR,1.0
TTO,BLZ,0.0
TTO,BMU,0.0
TTO,BOL,1.0
TTO,BRA,1.0
TTO,BRB,0.0
TTO,BRN,0.0
TTO,BTN,0.0
TTO,BWA,0.0
TTO,CAF,1.0
TTO,CAN,0.0
TTO,CHE,0.0
TTO,CHL,0.0
TTO,CIV,1.0
TTO,CMR,1.0
TTO,COD,1.0
TTO,COG,1.0
TTO,COL,1.0
TTO,COM,1.0
TTO,CPV,0.0
TTO,CRI,0.0
TTO,CUB,1.0
TTO,CUW,0.0
TTO,CYM,0.0
TTO,CYP,0.0
TTO,CZE,0.0
TTO,DEU,0.0
TTO,DJI,0.0
TTO,DMA,0.0
TTO,DNK,0.0
TTO,DOM,1.0
TTO,DZA,1.0
TTO,ECU,1.0
TTO,EGY,1.0
TTO,ESP,0.0
TTO,EST,0.0
TTO,ETH,1.0
TTO,FIN,0.0
TTO,FJI,1.0
TTO,FRA,0.0
TTO,FRO,0.0
TTO,FSM,0.0
TTO,GAB,1.0
TTO,GBR,0.0
TTO,GEO,0.0
TTO,GHA,1.0
TTO,GIN,1.0
TTO,GMB,1.0
TTO,GNB,1.0
TTO,GNQ,1.0
TTO,GRC,0.0
TTO,GRD,0.0
TTO,GRL,0.0
TTO,GTM,1.0
TTO,GUM,0.0
TTO,GUY,1.0
TTO,HKG,0.0
TTO,HND,1.0
TTO,HRV,0.0
TTO,HTI,1.0
TTO,HUN,0.0
TTO,IDN,1.0
TTO,IND,1.0
TTO,IRL,0.0
TTO,IRN,1.0
TTO,IRQ,1.0
TTO,ISL,0.0
TTO,ISR,0.0
TTO,ITA,0.0
TTO,JAM,0.0
TTO,JOR,1.0
TTO,JPN,0.0
TTO,KAZ,1.0
TTO,KEN,1.0
TTO,KGZ,1.0
TTO,KHM,1.0
TTO,KIR,0.0
TTO,KNA,0.0
TTO,KOR,0.0
TTO,KWT,1.0
TTO,LAO,1.0
TTO,LBN,1.0
TTO,LBR,1.0
TTO,LBY,1.0
TTO,LCA,0.0
TTO,LKA,1.0
TTO,LSO,1.0
TTO,LTU,0.0
TTO,LUX,0.0
TTO,LVA,0.0
TTO,MAC,0.0
TTO,MAR,1.0
TTO,MDA,1.0
TTO,MDG,1.0
TTO,MDV,0.0
TTO,MEX,1.0
TTO,MHL,0.0
TTO,MKD,0.0
TTO,MLI,1.0
TTO,MLT,0.0
TTO,MMR,1.0
TTO,MNE,0.0
TTO,MNG,1.0
TTO,MNP,0.0
TTO,MOZ,1.0
TTO,MRT,1.0
TTO,MUS,0.0
TTO,MWI,1.0
TTO,MYS,1.0
TTO,NAM,0.0
TTO,NER,1.0
TTO,NGA,1.0
TTO,NIC,1.0
TTO,NLD,0.0
TTO,NOR,0.0
TTO,NPL,1.0
TTO,NRU,0.0
TTO,NZL,0.0
TTO,OMN,1.0
TTO,PAK,1.0
TTO,PAN,0.0
TTO,PER,1.0
TTO,PHL,1.0
TTO,PLW,0.0
TTO,PNG,1.0
TTO,POL,0.0
TTO,PRT,0.0
TTO,PRY,1.0
TTO,PSE,1.0
TTO,PYF,0.0
TTO,QAT,0.0
TTO,ROU,1.0
TTO,RUS,1.0
TTO,RWA,1.0
TTO,SAU,1.0
TTO,SDN,1.0
TTO,SEN,1.0
TTO,SGP,0.0
TTO,SLB,1.0
TTO,SLE,1.0
TTO,SLV,1.0
TTO,SMR,0.0
TTO,SOM,1.0
TTO,SRB,1.0
TTO,SSD,1.0
TTO,STP,0.0
TTO,SUR,1.0
TTO,SVK,0.0
TTO,SVN,0.0
TTO,SWE,0.0
TTO,SWZ,1.0
TTO,SXM,0.0
TTO,SYC,0.0
TTO,SYR,1.0
TTO,TCA,0.0
TTO,TCD,1.0
TTO,TGO,1.0
TTO,THA,1.0
TTO,TJK,1.0
TTO,TKM,1.0
TTO,TLS,1.0
TTO,TON,0.0
TTO,TTO,1.0
TTO,TUN,1.0
TTO,TUR,1.0
TTO,TUV,0.0
TTO,TZA,1.0
TTO,UGA,1.0
TTO,UKR,1.0
TTO,URY,0.0
TTO,UZB,1.0
TTO,VCT,0.0
TTO,VEN,1.0
TTO,VNM,1.0
TTO,VUT,0.0
TTO,WSM,0.0
TTO,YEM,1.0
TTO,ZAF,1.0
TTO,ZMB,1.0
TTO,ZWE,1.0
TUN,ABW,0.0
TUN,AFG,1.0
TUN,AGO,1.0
TUN,ALB,0.0
TUN,AND,0.0
TUN,ARE,0.0
TUN,ARG,1.0
TUN,ARM,1.0
TUN,ASM,0.0
TUN,ATG,0.0
TUN,AUS,0.0
TUN,AUT,0.0
TUN,AZE,1.0
TUN,BDI,1.0
TUN,BEL,0.0
TUN,BEN,1.0
TUN,BFA,1.0
TUN,BGD,1.0
TUN,BGR,0.0
TUN,BHR,0.0
TUN,BHS,0.0
TUN,BIH,1.0
TUN,BLR,1.0
TUN,BLZ,0.0
TUN,BMU,0.0
TUN,BOL,1.0
TUN,BRA,1.0
TUN,BRB,0.0
TUN,BRN,0.0
TUN,BTN,0.0
TUN,BWA,0.0
TUN,CAF,1.0
TUN,CAN,0.0
TUN,CHE,0.0
TUN,CHL,0.0
TUN,CIV,1.0
TUN,CMR,1.0
TUN,COD,1.0
TUN,COG,1.0
TUN,COL,1.0
TUN,COM,1.0
TUN,CPV,0.0
TUN,CRI,0.0
TUN,CUB,1.0
TUN,CUW,0.0
TUN,CYM,0.0
TUN,CYP,0.0
TUN,CZE,0.0
TUN,DEU,0.0
TUN,DJI,0.0
TUN,DMA,0.0
TUN,DNK,0.0
TUN,DOM,1.0
TUN,DZA,1.0
TUN,ECU,1.0
TUN,EGY,1.0
TUN,ESP,0.0
TUN,EST,0.0
TUN,ETH,1.0
TUN,FIN,0.0
TUN,FJI,1.0
TUN,FRA,0.0
TUN,FRO,0.0
TUN,FSM,0.0
TUN,GAB,1.0
TUN,GBR,0.0
TUN,GEO,0.0
TUN,GHA,1.0
TUN,GIN,1.0
TUN,GMB,1.0
TUN,GNB,1.0
TUN,GNQ,1.0
TUN,GRC,0.0
TUN,GRD,0.0
TUN,GRL,0.0
TUN,GTM,1.0
TUN,GUM,0.0
TUN,GUY,1.0
TUN,HKG,0.0
TUN,HND,1.0
TUN,HRV,0.0
TUN,HTI,1.0
TUN,HUN,0.0
TUN,IDN,1.0
TUN,IND,1.0
TUN,IRL,0.0
TUN,IRN,1.0
TUN,IRQ,1.0
TUN,ISL,0.0
TUN,ISR,0.0
TUN,ITA,0.0
TUN,JAM,0.0
TUN,JOR,1.0
TUN,JPN,0.0
TUN,KAZ,1.0
TUN,KEN,1.0
TUN,KGZ,1.0
TUN,KHM,1.0
TUN,KIR,0.0
TUN,KNA,0.0
TUN,KOR,0.0
TUN,KWT,1.0
TUN,LAO,1.0
TUN,LBN,1.0
TUN,LBR,1.0
TUN,LBY,1.0
TUN,LCA,0.0
TUN,LKA,1.0
TUN,LSO,1.0
TUN,LTU,0.0
TUN,LUX,0.0
TUN,LVA,0.0
TUN,MAC,0.0
TUN,MAR,1.0
TUN,MDA,1.0
TUN,MDG,1.0
TUN,MDV,0.0
TUN,MEX,1.0
TUN,MHL,0.0
TUN,MKD,0.0
TUN,MLI,1.0
TUN,MLT,0.0
TUN,MMR,1.0
TUN,MNE,0.0
TUN,MNG,1.0
TUN,MNP,0.0
TUN,MOZ,1.0
TUN,MRT,1.0
TUN,MUS,0.0
TUN,MWI,1.0
TUN,MYS,1.0
TUN,NAM,0.0
TUN,NER,1.0
TUN,NGA,1.0
TUN,NIC,1.0
TUN,NLD,0.0
TUN,NOR,0.0
TUN,NPL,1.0
TUN,NRU,0.0
TUN,NZL,0.0
TUN,OMN,1.0
TUN,PAK,1.0
TUN,PAN,0.0
TUN,PER,1.0
TUN,PHL,1.0
TUN,PLW,0.0
TUN,PNG,1.0
TUN,POL,0.0
TUN,PRT,0.0
TUN,PRY,1.0
TUN,PSE,1.0
TUN,PYF,0.0
TUN,QAT,0.0
TUN,ROU,1.0
TUN,RUS,1.0
TUN,RWA,1.0
TUN,SAU,1.0
TUN,SDN,1.0
TUN,SEN,1.0
TUN,SGP,0.0
TUN,SLB,1.0
TUN,SLE,1.0
TUN,SLV,1.0
TUN,SMR,0.0
TUN,SOM,1.0
TUN,SRB,1.0
TUN,SSD,1.0
TUN,STP,0.0
TUN,SUR,1.0
TUN,SVK,0.0
TUN,SVN,0.0
TUN,SWE,0.0
TUN,SWZ,1.0
TUN,SXM,0.0
TUN,SYC,0.0
TUN,SYR,1.0
TUN,TCA,0.0
TUN,TCD,1.0
TUN,TGO,1.0
TUN,THA,1.0
TUN,TJK,1.0
TUN,TKM,1.0
TUN,TLS,1.0
TUN,TON,0.0
TUN,TTO,1.0
TUN,TUN,1.0
TUN,TUR,1.0
TUN,TUV,0.0
TUN,TZA,1.0
TUN,UGA,1.0
TUN,UKR,1.0
TUN,URY,0.0
TUN,UZB,1.0
TUN,VCT,0.0
TUN,VEN,1.0
TUN,VNM,1.0
TUN,VUT,0.0
TUN,WSM,0.0
TUN,YEM,1.0
TUN,ZAF,1.0
TUN,ZMB,1.0
TUN,ZWE,1.0
TUR,ABW,0.0
TUR,AFG,1.0
TUR,AGO,1.0
TUR,ALB,0.0
TUR,AND,0.0
TUR,ARE,0.0
TUR,ARG,1.0
TUR,ARM,1.0
TUR,ASM,0.0
TUR,ATG,0.0
TUR,AUS,0.0
TUR,AUT,0.0
TUR,AZE,1.0
TUR,BDI,1.0
TUR,BEL,0.0
TUR,BEN,1.0
TUR,BFA,1.0
TUR,BGD,1.0
TUR,BGR,0.0
TUR,BHR,0.0
TUR,BHS,0.0
TUR,BIH,1.0
TUR,BLR,1.0
TUR,BLZ,0.0
TUR,BMU,0.0
TUR,BOL,1.0
TUR,BRA,1.0
TUR,BRB,0.0
TUR,BRN,0.0
TUR,BTN,0.0
TUR,BWA,0.0
TUR,CAF,1.0
TUR,CAN,0.0
TUR,CHE,0.0
TUR,CHL,0.0
TUR,CIV,1.0
TUR,CMR,1.0
TUR,COD,1.0
TUR,COG,1.0
TUR,COL,1.0
TUR,COM,1.0
TUR,CPV,0.0
TUR,CRI,0.0
TUR,CUB,1.0
TUR,CUW,0.0
TUR,CYM,0.0
TUR,CYP,0.0
TUR,CZE,0.0
TUR,DEU,0.0
TUR,DJI,0.0
TUR,DMA,0.0
TUR,DNK,0.0
TUR,DOM,1.0
TUR,DZA,1.0
TUR,ECU,1.0
TUR,EGY,1.0
TUR,ESP,0.0
TUR,EST,0.0
TUR,ETH,1.0
TUR,FIN,0.0
TUR,FJI,1.0
TUR,FRA,0.0
TUR,FRO,0.0
TUR,FSM,0.0
TUR,GAB,1.0
TUR,GBR,0.0
TUR,GEO,0.0
TUR,GHA,1.0
TUR,GIN,1.0
TUR,GMB,1.0
TUR,GNB,1.0
TUR,GNQ,1.0
TUR,GRC,0.0
TUR,GRD,0.0
TUR,GRL,0.0
TUR,GTM,1.0
TUR,GUM,0.0
TUR,GUY,1.0
TUR,HKG,0.0
TUR,HND,1.0
TUR,HRV,0.0
TUR,HTI,1.0
TUR,HUN,0.0
TUR,IDN,1.0
TUR,IND,1.0
TUR,IRL,0.0
TUR,IRN,1.0
TUR,IRQ,1.0
TUR,ISL,0.0
TUR,ISR,0.0
TUR,ITA,0.0
TUR,JAM,0.0
TUR,JOR,1.0
TUR,JPN,0.0
TUR,KAZ,1.0
TUR,KEN,1.0
TUR,KGZ,1.0
TUR,KHM,1.0
TUR,KIR,0.0
TUR,KNA,0.0
TUR,KOR,0.0
TUR,KWT,1.0
TUR,LAO,1.0
TUR,LBN,1.0
TUR,LBR,1.0
TUR,LBY,1.0
TUR,LCA,0.0
TUR,LKA,1.0
TUR,LSO,1.0
TUR,LTU,0.0
TUR,LUX,0.0
TUR,LVA,0.0
TUR,MAC,0.0
TUR,MAR,1.0
TUR,MDA,1.0
TUR,MDG,1.0
TUR,MDV,0.0
TUR,MEX,1.0
TUR,MHL,0.0
TUR,MKD,0.0
TUR,MLI,1.0
TUR,MLT,0.0
TUR,MMR,1.0
TUR,MNE,0.0
TUR,MNG,1.0
TUR,MNP,0.0
TUR,MOZ,1.0
TUR,MRT,1.0
TUR,MUS,0.0
TUR,MWI,1.0
TUR,MYS,1.0
TUR,NAM,0.0
TUR,NER,1.0
TUR,NGA,1.0
TUR,NIC,1.0
TUR,NLD,0.0
TUR,NOR,0.0
TUR,NPL,1.0
TUR,NRU,0.0
TUR,NZL,0.0
TUR,OMN,1.0
TUR,PAK,1.0
TUR,PAN,0.0
TUR,PER,1.0
TUR,PHL,1.0
TUR,PLW,0.0
TUR,PNG,1.0
TUR,POL,0.0
TUR,PRT,0.0
TUR,PRY,1.0
TUR,PSE,1.0
TUR,PYF,0.0
TUR,QAT,0.0
TUR,ROU,1.0
TUR,RUS,1.0
TUR,RWA,1.0
TUR,SAU,1.0
TUR,SDN,1.0
TUR,SEN,1.0
TUR,SGP,0.0
TUR,SLB,1.0
TUR,SLE,1.0
TUR,SLV,1.0
TUR,SMR,0.0
TUR,SOM,1.0
TUR,SRB,1.0
TUR,SSD,1.0
TUR,STP,0.0
TUR,SUR,1.0
TUR,SVK,0.0
TUR,SVN,0.0
TUR,SWE,0.0
TUR,SWZ,1.0
TUR,SXM,0.0
TUR,SYC,0.0
TUR,SYR,1.0
TUR,TCA,0.0
TUR,TCD,1.0
TUR,TGO,1.0
TUR,THA,1.0
TUR,TJK,1.0
TUR,TKM,1.0
TUR,TLS,1.0
TUR,TON,0.0
TUR,TTO,1.0
TUR,TUN,1.0
TUR,TUR,1.0
TUR,TUV,0.0
TUR,TZA,1.0
TUR,UGA,1.0
TUR,UKR,1.0
TUR,URY,0.0
TUR,UZB,1.0
TUR,VCT,0.0
TUR,VEN,1.0
TUR,VNM,1.0
TUR,VUT,0.0
TUR,WSM,0.0
TUR,YEM,1.0
TUR,ZAF,1.0
TUR,ZMB,1.0
TUR,ZWE,1.0
TUV,ABW,1.0
TUV,AFG,0.0
TUV,AGO,0.0
TUV,ALB,1.0
TUV,AND,1.0
TUV,ARE,1.0
TUV,ARG,0.0
TUV,ARM,0.0
TUV,ASM,1.0
TUV,ATG,1.0
TUV,AUS,1.0
TUV,AUT,1.0
TUV,AZE,0.0
TUV,BDI,0.0
TUV,BEL,1.0
TUV,BEN,0.0
TUV,BFA,0.0
TUV,BGD,0.0
TUV,BGR,1.0
TUV,BHR,1.0
TUV,BHS,1.0
TUV,BIH,0.0
TUV,BLR,0.0
TUV,BLZ,1.0
TUV,BMU,1.0
TUV,BOL,0.0
TUV,BRA,0.0
TUV,BRB,1.0
TUV,BRN,1.0
TUV,BTN,1.0
TUV,BWA,1.0
TUV,CAF,0.0
TUV,CAN,1.0
TUV,CHE,1.0
TUV,CHL,1.0
TUV,CIV,0.0
TUV,CMR,0.0
TUV,COD,0.0
TUV,COG,0.0
TUV,COL,0.0
TUV,COM,0.0
TUV,CPV,1.0
TUV,CRI,1.0
TUV,CUB,0.0
TUV,CUW,1.0
TUV,CYM,1.0
TUV,CYP,1.0
TUV,CZE,1.0
TUV,DEU,1.0
TUV,DJI,1.0
TUV,DMA,1.0
TUV,DNK,1.0
TUV,DOM,0.0
TUV,DZA,0.0
TUV,ECU,0.0
TUV,EGY,0.0
TUV,ESP,1.0
TUV,EST,1.0
TUV,ETH,0.0
TUV,FIN,1.0
TUV,FJI,0.0
TUV,FRA,1.0
TUV,FRO,1.0
TUV,FSM,1.0
TUV,GAB,0.0
TUV,GBR,1.0
TUV,GEO,1.0
TUV,GHA,0.0
TUV,GIN,0.0
TUV,GMB,0.0
TUV,GNB,0.0
TUV,GNQ,0.0
TUV,GRC,1.0
TUV,GRD,1.0
TUV,GRL,1.0
TUV,GTM,0.0
TUV,GUM,1.0
TUV,GUY,0.0
TUV,HKG,1.0
TUV,HND,0.0
TUV,HRV,1.0
TUV,HTI,0.0
TUV,HUN,1.0
TUV,IDN,0.0
TUV,IND,0.0
TUV,IRL,1.0
TUV,IRN,0.0
TUV,IRQ,0.0
TUV,ISL,1.0
TUV,ISR,1.0
TUV,ITA,1.0
TUV,JAM,1.0
TUV,JOR,0.0
TUV,JPN,1.0
TUV,KAZ,0.0
TUV,KEN,0.0
TUV,KGZ,0.0
TUV,KHM,0.0
TUV,KIR,1.0
TUV,KNA,1.0
TUV,KOR,1.0
TUV,KWT,0.0
TUV,LAO,0.0
TUV,LBN,0.0
TUV,LBR,0.0
TUV,LBY,0.0
TUV,LCA,1.0
TUV,LKA,0.0
TUV,LSO,0.0
TUV,LTU,1.0
TUV,LUX,1.0
TUV,LVA,1.0
TUV,MAC,1.0
TUV,MAR,0.0
TUV,MDA,0.0
TUV,MDG,0.0
TUV,MDV,1.0
TUV,MEX,0.0
TUV,MHL,1.0
TUV,MKD,1.0
TUV,MLI,0.0
TUV,MLT,1.0
TUV,MMR,0.0
TUV,MNE,1.0
TUV,MNG,0.0
TUV,MNP,1.0
TUV,MOZ,0.0
TUV,MRT,0.0
TUV,MUS,1.0
TUV,MWI,0.0
TUV,MYS,0.0
TUV,NAM,1.0
TUV,NER,0.0
TUV,NGA,0.0
TUV,NIC,0.0
TUV,NLD,1.0
TUV,NOR,1.0
TUV,NPL,0.0
TUV,NRU,1.0
TUV,NZL,1.0
TUV,OMN,0.0
TUV,PAK,0.0
TUV,PAN,1.0
TUV,PER,0.0
TUV,PHL,0.0
TUV,PLW,1.0
TUV,PNG,0.0
TUV,POL,1.0
TUV,PRT,1.0
TUV,PRY,0.0
TUV,PSE,0.0
TUV,PYF,1.0
TUV,QAT,1.0
TUV,ROU,0.0
TUV,RUS,0.0
TUV,RWA,0.0
TUV,SAU,0.0
TUV,SDN,0.0
TUV,SEN,0.0
TUV,SGP,1.0
TUV,SLB,0.0
TUV,SLE,0.0
TUV,SLV,0.0
TUV,SMR,1.0
TUV,SOM,0.0
TUV,SRB,0.0
TUV,SSD,0.0
TUV,STP,1.0
TUV,SUR,0.0
TUV,SVK,1.0
TUV,SVN,1.0
TUV,SWE,1.0
TUV,SWZ,0.0
TUV,SXM,1.0
TUV,SYC,1.0
TUV,SYR,0.0
TUV,TCA,1.0
TUV,TCD,0.0
TUV,TGO,0.0
TUV,THA,0.0
TUV,TJK,0.0
TUV,TKM,0.0
TUV,TLS,0.0
TUV,TON,1.0
TUV,TTO,0.0
TUV,TUN,0.0
TUV,TUR,0.0
TUV,TUV,1.0
TUV,TZA,0.0
TUV,UGA,0.0
TUV,UKR,0.0
TUV,URY,1.0
TUV,UZB,0.0
TUV,VCT,1.0
TUV,VEN,0.0
TUV,VNM,0.0
TUV,VUT,1.0
TUV,WSM,1.0
TUV,YEM,0.0
TUV,ZAF,0.0
TUV,ZMB,0.0
TUV,ZWE,0.0
TZA,ABW,0.0
TZA,AFG,1.0
TZA,AGO,1.0
TZA,ALB,0.0
TZA,AND,0.0
TZA,ARE,0.0
TZA,ARG,1.0
TZA,ARM,1.0
TZA,ASM,0.0
TZA,ATG,0.0
TZA,AUS,0.0
TZA,AUT,0.0
TZA,AZE,1.0
TZA,BDI,1.0
TZA,BEL,0.0
TZA,BEN,1.0
TZA,BFA,1.0
TZA,BGD,1.0
TZA,BGR,0.0
TZA,BHR,0.0
TZA,BHS,0.0
TZA,BIH,1.0
TZA,BLR,1.0
TZA,BLZ,0.0
TZA,BMU,0.0
TZA,BOL,1.0
TZA,BRA,1.0
TZA,BRB,0.0
TZA,BRN,0.0
TZA,BTN,0.0
TZA,BWA,0.0
TZA,CAF,1.0
TZA,CAN,0.0
TZA,CHE,0.0
TZA,CHL,0.0
TZA,CIV,1.0
TZA,CMR,1.0
TZA,COD,1.0
TZA,COG,1.0
TZA,COL,1.0
TZA,COM,1.0
TZA,CPV,0.0
TZA,CRI,0.0
TZA,CUB,1.0
TZA,CUW,0.0
TZA,CYM,0.0
TZA,CYP,0.0
TZA,CZE,0.0
TZA,DEU,0.0
TZA,DJI,0.0
TZA,DMA,0.0
TZA,DNK,0.0
TZA,DOM,1.0
TZA,DZA,1.0
TZA,ECU,1.0
TZA,EGY,1.0
TZA,ESP,0.0
TZA,EST,0.0
TZA,ETH,1.0
TZA,FIN,0.0
TZA,FJI,1.0
TZA,FRA,0.0
TZA,FRO,0.0
TZA,FSM,0.0
TZA,GAB,1.0
TZA,GBR,0.0
TZA,GEO,0.0
TZA,GHA,1.0
TZA,GIN,1.0
TZA,GMB,1.0
TZA,GNB,1.0
TZA,GNQ,1.0
TZA,GRC,0.0
TZA,GRD,0.0
TZA,GRL,0.0
TZA,GTM,1.0
TZA,GUM,0.0
TZA,GUY,1.0
TZA,HKG,0.0
TZA,HND,1.0
TZA,HRV,0.0
TZA,HTI,1.0
TZA,HUN,0.0
TZA,IDN,1.0
TZA,IND,1.0
TZA,IRL,0.0
TZA,IRN,1.0
TZA,IRQ,1.0
TZA,ISL,0.0
TZA,ISR,0.0
TZA,ITA,0.0
TZA,JAM,0.0
TZA,JOR,1.0
TZA,JPN,0.0
TZA,KAZ,1.0
TZA,KEN,1.0
TZA,KGZ,1.0
TZA,KHM,1.0
TZA,KIR,0.0
TZA,KNA,0.0
TZA,KOR,0.0
TZA,KWT,1.0
TZA,LAO,1.0
TZA,LBN,1.0
TZA,LBR,1.0
TZA,LBY,1.0
TZA,LCA,0.0
TZA,LKA,1.0
TZA,LSO,1.0
TZA,LTU,0.0
TZA,LUX,0.0
TZA,LVA,0.0
TZA,MAC,0.0
TZA,MAR,1.0
TZA,MDA,1.0
TZA,MDG,1.0
TZA,MDV,0.0
TZA,MEX,1.0
TZA,MHL,0.0
TZA,MKD,0.0
TZA,MLI,1.0
TZA,MLT,0.0
TZA,MMR,1.0
TZA,MNE,0.0
TZA,MNG,1.0
TZA,MNP,0.0
TZA,MOZ,1.0
TZA,MRT,1.0
TZA,MUS,0.0
TZA,MWI,1.0
TZA,MYS,1.0
TZA,NAM,0.0
TZA,NER,1.0
TZA,NGA,1.0
TZA,NIC,1.0
TZA,NLD,0.0
TZA,NOR,0.0
TZA,NPL,1.0
TZA,NRU,0.0
TZA,NZL,0.0
TZA,OMN,1.0
TZA,PAK,1.0
TZA,PAN,0.0
TZA,PER,1.0
TZA,PHL,1.0
TZA,PLW,0.0
TZA,PNG,1.0
TZA,POL,0.0
TZA,PRT,0.0
TZA,PRY,1.0
TZA,PSE,1.0
TZA,PYF,0.0
TZA,QAT,0.0
TZA,ROU,1.0
TZA,RUS,1.0
TZA,RWA,1.0
TZA,SAU,1.0
TZA,SDN,1.0
TZA,SEN,1.0
TZA,SGP,0.0
TZA,SLB,1.0
TZA,SLE,1.0
TZA,SLV,1.0
TZA,SMR,0.0
TZA,SOM,1.0
TZA,SRB,1.0
TZA,SSD,1.0
TZA,STP,0.0
TZA,SUR,1.0
TZA,SVK,0.0
TZA,SVN,0.0
TZA,SWE,0.0
TZA,SWZ,1.0
TZA,SXM,0.0
TZA,SYC,0.0
TZA,SYR,1.0
TZA,TCA,0.0
TZA,TCD,1.0
TZA,TGO,1.0
TZA,THA,1.0
TZA,TJK,1.0
TZA,TKM,1.0
TZA,TLS,1.0
TZA,TON,0.0
TZA,TTO,1.0
TZA,TUN,1.0
TZA,TUR,1.0
TZA,TUV,0.0
TZA,TZA,1.0
TZA,UGA,1.0
TZA,UKR,1.0
TZA,URY,0.0
TZA,UZB,1.0
TZA,VCT,0.0
TZA,VEN,1.0
TZA,VNM,1.0
TZA,VUT,0.0
TZA,WSM,0.0
TZA,YEM,1.0
TZA,ZAF,1.0
TZA,ZMB,1.0
TZA,ZWE,1.0
UGA,ABW,0.0
UGA,AFG,1.0
UGA,AGO,1.0
UGA,ALB,0.0
UGA,AND,0.0
UGA,ARE,0.0
UGA,ARG,1.0
UGA,ARM,1.0
UGA,ASM,0.0
UGA,ATG,0.0
UGA,AUS,0.0
UGA,AUT,0.0
UGA,AZE,1.0
UGA,BDI,1.0
UGA,BEL,0.0
UGA,BEN,1.0
UGA,BFA,1.0
UGA,BGD,1.0
UGA,BGR,0.0
UGA,BHR,0.0
UGA,BHS,0.0
UGA,BIH,1.0
UGA,BLR,1.0
UGA,BLZ,0.0
UGA,BMU,0.0
UGA,BOL,1.0
UGA,BRA,1.0
UGA,BRB,0.0
UGA,BRN,0.0
UGA,BTN,0.0
UGA,BWA,0.0
UGA,CAF,1.0
UGA,CAN,0.0
UGA,CHE,0.0
UGA,CHL,0.0
UGA,CIV,1.0
UGA,CMR,1.0
UGA,COD,1.0
UGA,COG,1.0
UGA,COL,1.0
UGA,COM,1.0
UGA,CPV,0.0
UGA,CRI,0.0
UGA,CUB,1.0
UGA,CUW,0.0
UGA,CYM,0.0
UGA,CYP,0.0
UGA,CZE,0.0
UGA,DEU,0.0
UGA,DJI,0.0
UGA,DMA,0.0
UGA,DNK,0.0
UGA,DOM,1.0
UGA,DZA,1.0
UGA,ECU,1.0
UGA,EGY,1.0
UGA,ESP,0.0
UGA,EST,0.0
UGA,ETH,1.0
UGA,FIN,0.0
UGA,FJI,1.0
UGA,FRA,0.0
UGA,FRO,0.0
UGA,FSM,0.0
UGA,GAB,1.0
UGA,GBR,0.0
UGA,GEO,0.0
UGA,GHA,1.0
UGA,GIN,1.0
UGA,GMB,1.0
UGA,GNB,1.0
UGA,GNQ,1.0
UGA,GRC,0.0
UGA,GRD,0.0
UGA,GRL,0.0
UGA,GTM,1.0
UGA,GUM,0.0
UGA,GUY,1.0
UGA,HKG,0.0
UGA,HND,1.0
UGA,HRV,0.0
UGA,HTI,1.0
UGA,HUN,0.0
UGA,IDN,1.0
UGA,IND,1.0
UGA,IRL,0.0
UGA,IRN,1.0
UGA,IRQ,1.0
UGA,ISL,0.0
UGA,ISR,0.0
UGA,ITA,0.0
UGA,JAM,0.0
UGA,JOR,1.0
UGA,JPN,0.0
UGA,KAZ,1.0
UGA,KEN,1.0
UGA,KGZ,1.0
UGA,KHM,1.0
UGA,KIR,0.0
UGA,KNA,0.0
UGA,KOR,0.0
UGA,KWT,1.0
UGA,LAO,1.0
UGA,LBN,1.0
UGA,LBR,1.0
UGA,LBY,1.0
UGA,LCA,0.0
UGA,LKA,1.0
UGA,LSO,1.0
UGA,LTU,0.0
UGA,LUX,0.0
UGA,LVA,0.0
UGA,MAC,0.0
UGA,MAR,1.0
UGA,MDA,1.0
UGA,MDG,1.0
UGA,MDV,0.0
UGA,MEX,1.0
UGA,MHL,0.0
UGA,MKD,0.0
UGA,MLI,1.0
UGA,MLT,0.0
UGA,MMR,1.0
UGA,MNE,0.0
UGA,MNG,1.0
UGA,MNP,0.0
UGA,MOZ,1.0
UGA,MRT,1.0
UGA,MUS,0.0
UGA,MWI,1.0
UGA,MYS,1.0
UGA,NAM,0.0
UGA,NER,1.0
UGA,NGA,1.0
UGA,NIC,1.0
UGA,NLD,0.0
UGA,NOR,0.0
UGA,NPL,1.0
UGA,NRU,0.0
UGA,NZL,0.0
UGA,OMN,1.0
UGA,PAK,1.0
UGA,PAN,0.0
UGA,PER,1.0
UGA,PHL,1.0
UGA,PLW,0.0
UGA,PNG,1.0
UGA,POL,0.0
UGA,PRT,0.0
UGA,PRY,1.0
UGA,PSE,1.0
UGA,PYF,0.0
UGA,QAT,0.0
UGA,ROU,1.0
UGA,RUS,1.0
UGA,RWA,1.0
UGA,SAU,1.0
UGA,SDN,1.0
UGA,SEN,1.0
UGA,SGP,0.0
UGA,SLB,1.0
UGA,SLE,1.0
UGA,SLV,1.0
UGA,SMR,0.0
UGA,SOM,1.0
UGA,SRB,1.0
UGA,SSD,1.0
UGA,STP,0.0
UGA,SUR,1.0
UGA,SVK,0.0
UGA,SVN,0.0
UGA,SWE,0.0
UGA,SWZ,1.0
UGA,SXM,0.0
UGA,SYC,0.0
UGA,SYR,1.0
UGA,TCA,0.0
UGA,TCD,1.0
UGA,TGO,1.0
UGA,THA,1.0
UGA,TJK,1.0
UGA,TKM,1.0
UGA,TLS,1.0
UGA,TON,0.0
UGA,TTO,1.0
UGA,TUN,1.0
UGA,TUR,1.0
UGA,TUV,0.0
UGA,TZA,1.0
UGA,UGA,1.0
UGA,UKR,1.0
UGA,URY,0.0
UGA,UZB,1.0
UGA,VCT,0.0
UGA,VEN,1.0
UGA,VNM,1.0
UGA,VUT,0.0
UGA,WSM,0.0
UGA,YEM,1.0
UGA,ZAF,1.0
UGA,ZMB,1.0
UGA,ZWE,1.0
UKR,ABW,0.0
UKR,AFG,1.0
UKR,AGO,1.0
UKR,ALB,0.0
UKR,AND,0.0
UKR,ARE,0.0
UKR,ARG,1.0
UKR,ARM,1.0
UKR,ASM,0.0
UKR,ATG,0.0
UKR,AUS,0.0
UKR,AUT,0.0
UKR,AZE,1.0
UKR,BDI,1.0
UKR,BEL,0.0
UKR,BEN,1.0
UKR,BFA,1.0
UKR,BGD,1.0
UKR,BGR,0.0
UKR,BHR,0.0
UKR,BHS,0.0
UKR,BIH,1.0
UKR,BLR,1.0
UKR,BLZ,0.0
UKR,BMU,0.0
UKR,BOL,1.0
UKR,BRA,1.0
UKR,BRB,0.0
UKR,BRN,0.0
UKR,BTN,0.0
UKR,BWA,0.0
UKR,CAF,1.0
UKR,CAN,0.0
UKR,CHE,0.0
UKR,CHL,0.0
UKR,CIV,1.0
UKR,CMR,1.0
UKR,COD,1.0
UKR,COG,1.0
UKR,COL,1.0
UKR,COM,1.0
UKR,CPV,0.0
UKR,CRI,0.0
UKR,CUB,1.0
UKR,CUW,0.0
UKR,CYM,0.0
UKR,CYP,0.0
UKR,CZE,0.0
UKR,DEU,0.0
UKR,DJI,0.0
UKR,DMA,0.0
UKR,DNK,0.0
UKR,DOM,1.0
UKR,DZA,1.0
UKR,ECU,1.0
UKR,EGY,1.0
UKR,ESP,0.0
UKR,EST,0.0
UKR,ETH,1.0
UKR,FIN,0.0
UKR,FJI,1.0
UKR,FRA,0.0
UKR,FRO,0.0
UKR,FSM,0.0
UKR,GAB,1.0
UKR,GBR,0.0
UKR,GEO,0.0
UKR,GHA,1.0
UKR,GIN,1.0
UKR,GMB,1.0
UKR,GNB,1.0
UKR,GNQ,1.0
UKR,GRC,0.0
UKR,GRD,0.0
UKR,GRL,0.0
UKR,GTM,1.0
UKR,GUM,0.0
UKR,GUY,1.0
UKR,HKG,0.0
UKR,HND,1.0
UKR,HRV,0.0
UKR,HTI,1.0
UKR,HUN,0.0
UKR,IDN,1.0
UKR,IND,1.0
UKR,IRL,0.0
UKR,IRN,1.0
UKR,IRQ,1.0
UKR,ISL,0.0
UKR,ISR,0.0
UKR,ITA,0.0
UKR,JAM,0.0
UKR,JOR,1.0
UKR,JPN,0.0
UKR,KAZ,1.0
UKR,KEN,1.0
UKR,KGZ,1.0
UKR,KHM,1.0
UKR,KIR,0.0
UKR,KNA,0.0
UKR,KOR,0.0
UKR,KWT,1.0
UKR,LAO,1.0
UKR,LBN,1.0
UKR,LBR,1.0
UKR,LBY,1.0
UKR,LCA,0.0
UKR,LKA,1.0
UKR,LSO,1.0
UKR,LTU,0.0
UKR,LUX,0.0
UKR,LVA,0.0
UKR,MAC,0.0
UKR,MAR,1.0
UKR,MDA,1.0
UKR,MDG,1.0
UKR,MDV,0.0
UKR,MEX,1.0
UKR,MHL,0.0
UKR,MKD,0.0
UKR,MLI,1.0
UKR,MLT,0.0
UKR,MMR,1.0
UKR,MNE,0.0
UKR,MNG,1.0
UKR,MNP,0.0
UKR,MOZ,1.0
UKR,MRT,1.0
UKR,MUS,0.0
UKR,MWI,1.0
UKR,MYS,1.0
UKR,NAM,0.0
UKR,NER,1.0
UKR,NGA,1.0
UKR,NIC,1.0
UKR,NLD,0.0
UKR,NOR,0.0
UKR,NPL,1.0
UKR,NRU,0.0
UKR,NZL,0.0
UKR,OMN,1.0
UKR,PAK,1.0
UKR,PAN,0.0
UKR,PER,1.0
UKR,PHL,1.0
UKR,PLW,0.0
UKR,PNG,1.0
UKR,POL,0.0
UKR,PRT,0.0
UKR,PRY,1.0
UKR,PSE,1.0
UKR,PYF,0.0
UKR,QAT,0.0
UKR,ROU,1.0
UKR,RUS,1.0
UKR,RWA,1.0
UKR,SAU,1.0
UKR,SDN,1.0
UKR,SEN,1.0
UKR,SGP,0.0
UKR,SLB,1.0
UKR,SLE,1.0
UKR,SLV,1.0
UKR,SMR,0.0
UKR,SOM,1.0
UKR,SRB,1.0
UKR,SSD,1.0
UKR,STP,0.0
UKR,SUR,1.0
UKR,SVK,0.0
UKR,SVN,0.0
UKR,SWE,0.0
UKR,SWZ,1.0
UKR,SXM,0.0
UKR,SYC,0.0
UKR,SYR,1.0
UKR,TCA,0.0
UKR,TCD,1.0
UKR,TGO,1.0
UKR,THA,1.0
UKR,TJK,1.0
UKR,TKM,1.0
UKR,TLS,1.0
UKR,TON,0.0
UKR,TTO,1.0
UKR,TUN,1.0
UKR,TUR,1.0
UKR,TUV,0.0
UKR,TZA,1.0
UKR,UGA,1.0
UKR,UKR,1.0
UKR,URY,0.0
UKR,UZB,1.0
UKR,VCT,0.0
UKR,VEN,1.0
UKR,VNM,1.0
UKR,VUT,0.0
UKR,WSM,0.0
UKR,YEM,1.0
UKR,ZAF,1.0
UKR,ZMB,1.0
UKR,ZWE,1.0
URY,ABW,1.0
URY,AFG,0.0
URY,AGO,0.0
URY,ALB,1.0
URY,AND,1.0
URY,ARE,1.0
URY,ARG,0.0
URY,ARM,0.0
URY,ASM,1.0
URY,ATG,1.0
URY,AUS,1.0
URY,AUT,1.0
URY,AZE,0.0
URY,BDI,0.0
URY,BEL,1.0
URY,BEN,0.0
URY,BFA,0.0
URY,BGD,0.0
URY,BGR,1.0
URY,BHR,1.0
URY,BHS,1.0
URY,BIH,0.0
URY,BLR,0.0
URY,BLZ,1.0
URY,BMU,1.0
URY,BOL,0.0
URY,BRA,0.0
URY,BRB,1.0
URY,BRN,1.0
URY,BTN,1.0
URY,BWA,1.0
URY,CAF,0.0
URY,CAN,1.0
URY,CHE,1.0
URY,CHL,1.0
URY,CIV,0.0
URY,CMR,0.0
URY,COD,0.0
URY,COG,0.0
URY,COL,0.0
URY,COM,0.0
URY,CPV,1.0
URY,CRI,1.0
URY,CUB,0.0
URY,CUW,1.0
URY,CYM,1.0
URY,CYP,1.0
URY,CZE,1.0
URY,DEU,1.0
URY,DJI,1.0
URY,DMA,1.0
URY,DNK,1.0
URY,DOM,0.0
URY,DZA,0.0
URY,ECU,0.0
URY,EGY,0.0
URY,ESP,1.0
URY,EST,1.0
URY,ETH,0.0
URY,FIN,1.0
URY,FJI,0.0
URY,FRA,1.0
URY,FRO,1.0
URY,FSM,1.0
URY,GAB,0.0
URY,GBR,1.0
URY,GEO,1.0
URY,GHA,0.0
URY,GIN,0.0
URY,GMB,0.0
URY,GNB,0.0
URY,GNQ,0.0
URY,GRC,1.0
URY,GRD,1.0
URY,GRL,1.0
URY,GTM,0.0
URY,GUM,1.0
URY,GUY,0.0
URY,HKG,1.0
URY,HND,0.0
URY,HRV,1.0
URY,HTI,0.0
URY,HUN,1.0
URY,IDN,0.0
URY,IND,0.0
URY,IRL,1.0
URY,IRN,0.0
URY,IRQ,0.0
URY,ISL,1.0
URY,ISR,1.0
URY,ITA,1.0
URY,JAM,1.0
URY,JOR,0.0
URY,JPN,1.0
URY,KAZ,0.0
URY,KEN,0.0
URY,KGZ,0.0
URY,KHM,0.0
URY,KIR,1.0
URY,KNA,1.0
URY,KOR,1.0
URY,KWT,0.0
URY,LAO,0.0
URY,LBN,0.0
URY,LBR,0.0
URY,LBY,0.0
URY,LCA,1.0
URY,LKA,0.0
URY,LSO,0.0
URY,LTU,1.0
URY,LUX,1.0
URY,LVA,1.0
URY,MAC,1.0
URY,MAR,0.0
URY,MDA,0.0
URY,MDG,0.0
URY,MDV,1.0
URY,MEX,0.0
URY,MHL,1.0
URY,MKD,1.0
URY,MLI,0.0
URY,MLT,1.0
URY,MMR,0.0
URY,MNE,1.0
URY,MNG,0.0
URY,MNP,1.0
URY,MOZ,0.0
URY,MRT,0.0
URY,MUS,1.0
URY,MWI,0.0
URY,MYS,0.0
URY,NAM,1.0
URY,NER,0.0
URY,NGA,0.0
URY,NIC,0.0
URY,NLD,1.0
URY,NOR,1.0
URY,NPL,0.0
URY,NRU,1.0
URY,NZL,1.0
URY,OMN,0.0
URY,PAK,0.0
URY,PAN,1.0
URY,PER,0.0
URY,PHL,0.0
URY,PLW,1.0
URY,PNG,0.0
URY,POL,1.0
URY,PRT,1.0
URY,PRY,0.0
URY,PSE,0.0
URY,PYF,1.0
URY,QAT,1.0
URY,ROU,0.0
URY,RUS,0.0
URY,RWA,0.0
URY,SAU,0.0
URY,SDN,0.0
URY,SEN,0.0
URY,SGP,1.0
URY,SLB,0.0
URY,SLE,0.0
URY,SLV,0.0
URY,SMR,1.0
URY,SOM,0.0
URY,SRB,0.0
URY,SSD,0.0
URY,STP,1.0
URY,SUR,0.0
URY,SVK,1.0
URY,SVN,1.0
URY,SWE,1.0
URY,SWZ,0.0
URY,SXM,1.0
URY,SYC,1.0
URY,SYR,0.0
URY,TCA,1.0
URY,TCD,0.0
URY,TGO,0.0
URY,THA,0.0
URY,TJK,0.0
URY,TKM,0.0
URY,TLS,0.0
URY,TON,1.0
URY,TTO,0.0
URY,TUN,0.0
URY,TUR,0.0
URY,TUV,1.0
URY,TZA,0.0
URY,UGA,0.0
URY,UKR,0.0
URY,URY,1.0
URY,UZB,0.0
URY,VCT,1.0
URY,VEN,0.0
URY,VNM,0.0
URY,VUT,1.0
URY,WSM,1.0
URY,YEM,0.0
URY,ZAF,0.0
URY,ZMB,0.0
URY,ZWE,0.0
UZB,ABW,0.0
UZB,AFG,1.0
UZB,AGO,1.0
UZB,ALB,0.0
UZB,AND,0.0
UZB,ARE,0.0
UZB,ARG,1.0
UZB,ARM,1.0
UZB,ASM,0.0
UZB,ATG,0.0
UZB,AUS,0.0
UZB,AUT,0.0
UZB,AZE,1.0
UZB,BDI,1.0
UZB,BEL,0.0
UZB,BEN,1.0
UZB,BFA,1.0
UZB,BGD,1.0
UZB,BGR,0.0
UZB,BHR,0.0
UZB,BHS,0.0
UZB,BIH,1.0
UZB,BLR,1.0
UZB,BLZ,0.0
UZB,BMU,0.0
UZB,BOL,1.0
UZB,BRA,1.0
UZB,BRB,0.0
UZB,BRN,0.0
UZB,BTN,0.0
UZB,BWA,0.0
UZB,CAF,1.0
UZB,CAN,0.0
UZB,CHE,0.0
UZB,CHL,0.0
UZB,CIV,1.0
UZB,CMR,1.0
UZB,COD,1.0
UZB,COG,1.0
UZB,COL,1.0
UZB,COM,1.0
UZB,CPV,0.0
UZB,CRI,0.0
UZB,CUB,1.0
UZB,CUW,0.0
UZB,CYM,0.0
UZB,CYP,0.0
UZB,CZE,0.0
UZB,DEU,0.0
UZB,DJI,0.0
UZB,DMA,0.0
UZB,DNK,0.0
UZB,DOM,1.0
UZB,DZA,1.0
UZB,ECU,1.0
UZB,EGY,1.0
UZB,ESP,0.0
UZB,EST,0.0
UZB,ETH,1.0
UZB,FIN,0.0
UZB,FJI,1.0
UZB,FRA,0.0
UZB,FRO,0.0
UZB,FSM,0.0
UZB,GAB,1.0
UZB,GBR,0.0
UZB,GEO,0.0
UZB,GHA,1.0
UZB,GIN,1.0
UZB,GMB,1.0
UZB,GNB,1.0
UZB,GNQ,1.0
UZB,GRC,0.0
UZB,GRD,0.0
UZB,GRL,0.0
UZB,GTM,1.0
UZB,GUM,0.0
UZB,GUY,1.0
UZB,HKG,0.0
UZB,HND,1.0
UZB,HRV,0.0
UZB,HTI,1.0
UZB,HUN,0.0
UZB,IDN,1.0
UZB,IND,1.0
UZB,IRL,0.0
UZB,IRN,1.0
UZB,IRQ,1.0
UZB,ISL,0.0
UZB,ISR,0.0
UZB,ITA,0.0
UZB,JAM,0.0
UZB,JOR,1.0
UZB,JPN,0.0
UZB,KAZ,1.0
UZB,KEN,1.0
UZB,KGZ,1.0
UZB,KHM,1.0
UZB,KIR,0.0
UZB,KNA,0.0
UZB,KOR,0.0
UZB,KWT,1.0
UZB,LAO,1.0
UZB,LBN,1.0
UZB,LBR,1.0
UZB,LBY,1.0
UZB,LCA,0.0
UZB,LKA,1.0
UZB,LSO,1.0
UZB,LTU,0.0
UZB,LUX,0.0
UZB,LVA,0.0
UZB,MAC,0.0
UZB,MAR,1.0
UZB,MDA,1.0
UZB,MDG,1.0
UZB,MDV,0.0
UZB,MEX,1.0
UZB,MHL,0.0
UZB,MKD,0.0
UZB,MLI,1.0
UZB,MLT,0.0
UZB,MMR,1.0
UZB,MNE,0.0
UZB,MNG,1.0
UZB,MNP,0.0
UZB,MOZ,1.0
UZB,MRT,1.0
UZB,MUS,0.0
UZB,MWI,1.0
UZB,MYS,1.0
UZB,NAM,0.0
UZB,NER,1.0
UZB,NGA,1.0
UZB,NIC,1.0
UZB,NLD,0.0
UZB,NOR,0.0
UZB,NPL,1.0
UZB,NRU,0.0
UZB,NZL,0.0
UZB,OMN,1.0
UZB,PAK,1.0
UZB,PAN,0.0
UZB,PER,1.0
UZB,PHL,1.0
UZB,PLW,0.0
UZB,PNG,1.0
UZB,POL,0.0
UZB,PRT,0.0
UZB,PRY,1.0
UZB,PSE,1.0
UZB,PYF,0.0
UZB,QAT,0.0
UZB,ROU,1.0
UZB,RUS,1.0
UZB,RWA,1.0
UZB,SAU,1.0
UZB,SDN,1.0
UZB,SEN,1.0
UZB,SGP,0.0
UZB,SLB,1.0
UZB,SLE,1.0
UZB,SLV,1.0
UZB,SMR,0.0
UZB,SOM,1.0
UZB,SRB,1.0
UZB,SSD,1.0
UZB,STP,0.0
UZB,SUR,1.0
UZB,SVK,0.0
UZB,SVN,0.0
UZB,SWE,0.0
UZB,SWZ,1.0
UZB,SXM,0.0
UZB,SYC,0.0
UZB,SYR,1.0
UZB,TCA,0.0
UZB,TCD,1.0
UZB,TGO,1.0
UZB,THA,1.0
UZB,TJK,1.0
UZB,TKM,1.0
UZB,TLS,1.0
UZB,TON,0.0
UZB,TTO,1.0
UZB,TUN,1.0
UZB,TUR,1.0
UZB,TUV,0.0
UZB,TZA,1.0
UZB,UGA,1.0
UZB,UKR,1.0
UZB,URY,0.0
UZB,UZB,1.0
UZB,VCT,0.0
UZB,VEN,1.0
UZB,VNM,1.0
UZB,VUT,0.0
UZB,WSM,0.0
UZB,YEM,1.0
UZB,ZAF,1.0
UZB,ZMB,1.0
UZB,ZWE,1.0
VCT,ABW,1.0
VCT,AFG,0.0
VCT,AGO,0.0
VCT,ALB,1.0
VCT,AND,1.0
VCT,ARE,1.0
VCT,ARG,0.0
VCT,ARM,0.0
VCT,ASM,1.0
VCT,ATG,1.0
VCT,AUS,1.0
VCT,AUT,1.0
VCT,AZE,0.0
VCT,BDI,0.0
VCT,BEL,1.0
VCT,BEN,0.0
VCT,BFA,0.0
VCT,BGD,0.0
VCT,BGR,1.0
VCT,BHR,1.0
VCT,BHS,1.0
VCT,BIH,0.0
VCT,BLR,0.0
VCT,BLZ,1.0
VCT,BMU,1.0
VCT,BOL,0.0
VCT,BRA,0.0
VCT,BRB,1.0
VCT,BRN,1.0
VCT,BTN,1.0
VCT,BWA,1.0
VCT,CAF,0.0
VCT,CAN,1.0
VCT,CHE,1.0
VCT,CHL,1.0
VCT,CIV,0.0
VCT,CMR,0.0
VCT,COD,0.0
VCT,COG,0.0
VCT,COL,0.0
VCT,COM,0.0
VCT,CPV,1.0
VCT,CRI,1.0
VCT,CUB,0.0
VCT,CUW,1.0
VCT,CYM,1.0
VCT,CYP,1.0
VCT,CZE,1.0
VCT,DEU,1.0
VCT,DJI,1.0
VCT,DMA,1.0
VCT,DNK,1.0
VCT,DOM,0.0
VCT,DZA,0.0
VCT,ECU,0.0
VCT,EGY,0.0
VCT,ESP,1.0
VCT,EST,1.0
VCT,ETH,0.0
VCT,FIN,1.0
VCT,FJI,0.0
VCT,FRA,1.0
VCT,FRO,1.0
VCT,FSM,1.0
VCT,GAB,0.0
VCT,GBR,1.0
VCT,GEO,1.0
VCT,GHA,0.0
VCT,GIN,0.0
VCT,GMB,0.0
VCT,GNB,0.0
VCT,GNQ,0.0
VCT,GRC,1.0
VCT,GRD,1.0
VCT,GRL,1.0
VCT,GTM,0.0
VCT,GUM,1.0
VCT,GUY,0.0
VCT,HKG,1.0
VCT,HND,0.0
VCT,HRV,1.0
VCT,HTI,0.0
VCT,HUN,1.0
VCT,IDN,0.0
VCT,IND,0.0
VCT,IRL,1.0
VCT,IRN,0.0
VCT,IRQ,0.0
VCT,ISL,1.0
VCT,ISR,1.0
VCT,ITA,1.0
VCT,JAM,1.0
VCT,JOR,0.0
VCT,JPN,1.0
VCT,KAZ,0.0
VCT,KEN,0.0
VCT,KGZ,0.0
VCT,KHM,0.0
VCT,KIR,1.0
VCT,KNA,1.0
VCT,KOR,1.0
VCT,KWT,0.0
VCT,LAO,0.0
VCT,LBN,0.0
VCT,LBR,0.0
VCT,LBY,0.0
VCT,LCA,1.0
VCT,LKA,0.0
VCT,LSO,0.0
VCT,LTU,1.0
VCT,LUX,1.0
VCT,LVA,1.0
VCT,MAC,1.0
VCT,MAR,0.0
VCT,MDA,0.0
VCT,MDG,0.0
VCT,MDV,1.0
VCT,MEX,0.0
VCT,MHL,1.0
VCT,MKD,1.0
VCT,MLI,0.0
VCT,MLT,1.0
VCT,MMR,0.0
VCT,MNE,1.0
VCT,MNG,0.0
VCT,MNP,1.0
VCT,MOZ,0.0
VCT,MRT,0.0
VCT,MUS,1.0
VCT,MWI,0.0
VCT,MYS,0.0
VCT,NAM,1.0
VCT,NER,0.0
VCT,NGA,0.0
VCT,NIC,0.0
VCT,NLD,1.0
VCT,NOR,1.0
VCT,NPL,0.0
VCT,NRU,1.0
VCT,NZL,1.0
VCT,OMN,0.0
VCT,PAK,0.0
VCT,PAN,1.0
VCT,PER,0.0
VCT,PHL,0.0
VCT,PLW,1.0
VCT,PNG,0.0
VCT,POL,1.0
VCT,PRT,1.0
VCT,PRY,0.0
VCT,PSE,0.0
VCT,PYF,1.0
VCT,QAT,1.0
VCT,ROU,0.0
VCT,RUS,0.0
VCT,RWA,0.0
VCT,SAU,0.0
VCT,SDN,0.0
VCT,SEN,0.0
VCT,SGP,1.0
VCT,SLB,0.0
VCT,SLE,0.0
VCT,SLV,0.0
VCT,SMR,1.0
VCT,SOM,0.0
VCT,SRB,0.0
VCT,SSD,0.0
VCT,STP,1.0
VCT,SUR,0.0
VCT,SVK,1.0
VCT,SVN,1.0
VCT,SWE,1.0
VCT,SWZ,0.0
VCT,SXM,1.0
VCT,SYC,1.0
VCT,SYR,0.0
VCT,TCA,1.0
VCT,TCD,0.0
VCT,TGO,0.0
VCT,THA,0.0
VCT,TJK,0.0
VCT,TKM,0.0
VCT,TLS,0.0
VCT,TON,1.0
VCT,TTO,0.0
VCT,TUN,0.0
VCT,TUR,0.0
VCT,TUV,1.0
VCT,TZA,0.0
VCT,UGA,0.0
VCT,UKR,0.0
VCT,URY,1.0
VCT,UZB,0.0
VCT,VCT,1.0
VCT,VEN,0.0
VCT,VNM,0.0
VCT,VUT,1.0
VCT,WSM,1.0
VCT,YEM,0.0
VCT,ZAF,0.0
VCT,ZMB,0.0
VCT,ZWE,0.0
VEN,ABW,0.0
VEN,AFG,1.0
VEN,AGO,1.0
VEN,ALB,0.0
VEN,AND,0.0
VEN,ARE,0.0
VEN,ARG,1.0
VEN,ARM,1.0
VEN,ASM,0.0
VEN,ATG,0.0
VEN,AUS,0.0
VEN,AUT,0.0
VEN,AZE,1.0
VEN,BDI,1.0
VEN,BEL,0.0
VEN,BEN,1.0
VEN,BFA,1.0
VEN,BGD,1.0
VEN,BGR,0.0
VEN,BHR,0.0
VEN,BHS,0.0
VEN,BIH,1.0
VEN,BLR,1.0
VEN,BLZ,0.0
VEN,BMU,0.0
VEN,BOL,1.0
VEN,BRA,1.0
VEN,BRB,0.0
VEN,BRN,0.0
VEN,BTN,0.0
VEN,BWA,0.0
VEN,CAF,1.0
VEN,CAN,0.0
VEN,CHE,0.0
VEN,CHL,0.0
VEN,CIV,1.0
VEN,CMR,1.0
VEN,COD,1.0
VEN,COG,1.0
VEN,COL,1.0
VEN,COM,1.0
VEN,CPV,0.0
VEN,CRI,0.0
VEN,CUB,1.0
VEN,CUW,0.0
VEN,CYM,0.0
VEN,CYP,0.0
VEN,CZE,0.0
VEN,DEU,0.0
VEN,DJI,0.0
VEN,DMA,0.0
VEN,DNK,0.0
VEN,DOM,1.0
VEN,DZA,1.0
VEN,ECU,1.0
VEN,EGY,1.0
VEN,ESP,0.0
VEN,EST,0.0
VEN,ETH,1.0
VEN,FIN,0.0
VEN,FJI,1.0
VEN,FRA,0.0
VEN,FRO,0.0
VEN,FSM,0.0
VEN,GAB,1.0
VEN,GBR,0.0
VEN,GEO,0.0
VEN,GHA,1.0
VEN,GIN,1.0
VEN,GMB,1.0
VEN,GNB,1.0
VEN,GNQ,1.0
VEN,GRC,0.0
VEN,GRD,0.0
VEN,GRL,0.0
VEN,GTM,1.0
VEN,GUM,0.0
VEN,GUY,1.0
VEN,HKG,0.0
VEN,HND,1.0
VEN,HRV,0.0
VEN,HTI,1.0
VEN,HUN,0.0
VEN,IDN,1.0
VEN,IND,1.0
VEN,IRL,0.0
VEN,IRN,1.0
VEN,IRQ,1.0
VEN,ISL,0.0
VEN,ISR,0.0
VEN,ITA,0.0
VEN,JAM,0.0
VEN,JOR,1.0
VEN,JPN,0.0
VEN,KAZ,1.0
VEN,KEN,1.0
VEN,KGZ,1.0
VEN,KHM,1.0
VEN,KIR,0.0
VEN,KNA,0.0
VEN,KOR,0.0
VEN,KWT,1.0
VEN,LAO,1.0
VEN,LBN,1.0
VEN,LBR,1.0
VEN,LBY,1.0
VEN,LCA,0.0
VEN,LKA,1.0
VEN,LSO,1.0
VEN,LTU,0.0
VEN,LUX,0.0
VEN,LVA,0.0
VEN,MAC,0.0
VEN,MAR,1.0
VEN,MDA,1.0
VEN,MDG,1.0
VEN,MDV,0.0
VEN,MEX,1.0
VEN,MHL,0.0
VEN,MKD,0.0
VEN,MLI,1.0
VEN,MLT,0.0
VEN,MMR,1.0
VEN,MNE,0.0
VEN,MNG,1.0
VEN,MNP,0.0
VEN,MOZ,1.0
VEN,MRT,1.0
VEN,MUS,0.0
VEN,MWI,1.0
VEN,MYS,1.0
VEN,NAM,0.0
VEN,NER,1.0
VEN,NGA,1.0
VEN,NIC,1.0
VEN,NLD,0.0
VEN,NOR,0.0
VEN,NPL,1.0
VEN,NRU,0.0
VEN,NZL,0.0
VEN,OMN,1.0
VEN,PAK,1.0
VEN,PAN,0.0
VEN,PER,1.0
VEN,PHL,1.0
VEN,PLW,0.0
VEN,PNG,1.0
VEN,POL,0.0
VEN,PRT,0.0
VEN,PRY,1.0
VEN,PSE,1.0
VEN,PYF,0.0
VEN,QAT,0.0
VEN,ROU,1.0
VEN,RUS,1.0
VEN,RWA,1.0
VEN,SAU,1.0
VEN,SDN,1.0
VEN,SEN,1.0
VEN,SGP,0.0
VEN,SLB,1.0
VEN,SLE,1.0
VEN,SLV,1.0
VEN,SMR,0.0
VEN,SOM,1.0
VEN,SRB,1.0
VEN,SSD,1.0
VEN,STP,0.0
VEN,SUR,1.0
VEN,SVK,0.0
VEN,SVN,0.0
VEN,SWE,0.0
VEN,SWZ,1.0
VEN,SXM,0.0
VEN,SYC,0.0
VEN,SYR,1.0
VEN,TCA,0.0
VEN,TCD,1.0
VEN,TGO,1.0
VEN,THA,1.0
VEN,TJK,1.0
VEN,TKM,1.0
VEN,TLS,1.0
VEN,TON,0.0
VEN,TTO,1.0
VEN,TUN,1.0
VEN,TUR,1.0
VEN,TUV,0.0
VEN,TZA,1.0
VEN,UGA,1.0
VEN,UKR,1.0
VEN,URY,0.0
VEN,UZB,1.0
VEN,VCT,0.0
VEN,VEN,1.0
VEN,VNM,1.0
VEN,VUT,0.0
VEN,WSM,0.0
VEN,YEM,1.0
VEN,ZAF,1.0
VEN,ZMB,1.0
VEN,ZWE,1.0
VNM,ABW,0.0
VNM,AFG,1.0
VNM,AGO,1.0
VNM,ALB,0.0
VNM,AND,0.0
VNM,ARE,0.0
VNM,ARG,1.0
VNM,ARM,1.0
VNM,ASM,0.0
VNM,ATG,0.0
VNM,AUS,0.0
VNM,AUT,0.0
VNM,AZE,1.0
VNM,BDI,1.0
VNM,BEL,0.0
VNM,BEN,1.0
VNM,BFA,1.0
VNM,BGD,1.0
VNM,BGR,0.0
VNM,BHR,0.0
VNM,BHS,0.0
VNM,BIH,1.0
VNM,BLR,1.0
VNM,BLZ,0.0
VNM,BMU,0.0
VNM,BOL,1.0
VNM,BRA,1.0
VNM,BRB,0.0
VNM,BRN,0.0
VNM,BTN,0.0
VNM,BWA,0.0
VNM,CAF,1.0
VNM,CAN,0.0
VNM,CHE,0.0
VNM,CHL,0.0
VNM,CIV,1.0
VNM,CMR,1.0
VNM,COD,1.0
VNM,COG,1.0
VNM,COL,1.0
VNM,COM,1.0
VNM,CPV,0.0
VNM,CRI,0.0
VNM,CUB,1.0
VNM,CUW,0.0
VNM,CYM,0.0
VNM,CYP,0.0
VNM,CZE,0.0
VNM,DEU,0.0
VNM,DJI,0.0
VNM,DMA,0.0
VNM,DNK,0.0
VNM,DOM,1.0
VNM,DZA,1.0
VNM,ECU,1.0
VNM,EGY,1.0
VNM,ESP,0.0
VNM,EST,0.0
VNM,ETH,1.0
VNM,FIN,0.0
VNM,FJI,1.0
VNM,FRA,0.0
VNM,FRO,0.0
VNM,FSM,0.0
VNM,GAB,1.0
VNM,GBR,0.0
VNM,GEO,0.0
VNM,GHA,1.0
VNM,GIN,1.0
VNM,GMB,1.0
VNM,GNB,1.0
VNM,GNQ,1.0
VNM,GRC,0.0
VNM,GRD,0.0
VNM,GRL,0.0
VNM,GTM,1.0
VNM,GUM,0.0
VNM,GUY,1.0
VNM,HKG,0.0
VNM,HND,1.0
VNM,HRV,0.0
VNM,HTI,1.0
VNM,HUN,0.0
VNM,IDN,1.0
VNM,IND,1.0
VNM,IRL,0.0
VNM,IRN,1.0
VNM,IRQ,1.0
VNM,ISL,0.0
VNM,ISR,0.0
VNM,ITA,0.0
VNM,JAM,0.0
VNM,JOR,1.0
VNM,JPN,0.0
VNM,KAZ,1.0
VNM,KEN,1.0
VNM,KGZ,1.0
VNM,KHM,1.0
VNM,KIR,0.0
VNM,KNA,0.0
VNM,KOR,0.0
VNM,KWT,1.0
VNM,LAO,1.0
VNM,LBN,1.0
VNM,LBR,1.0
VNM,LBY,1.0
VNM,LCA,0.0
VNM,LKA,1.0
VNM,LSO,1.0
VNM,LTU,0.0
VNM,LUX,0.0
VNM,LVA,0.0
VNM,MAC,0.0
VNM,MAR,1.0
VNM,MDA,1.0
VNM,MDG,1.0
VNM,MDV,0.0
VNM,MEX,1.0
VNM,MHL,0.0
VNM,MKD,0.0
VNM,MLI,1.0
VNM,MLT,0.0
VNM,MMR,1.0
VNM,MNE,0.0
VNM,MNG,1.0
VNM,MNP,0.0
VNM,MOZ,1.0
VNM,MRT,1.0
VNM,MUS,0.0
VNM,MWI,1.0
VNM,MYS,1.0
VNM,NAM,0.0
VNM,NER,1.0
VNM,NGA,1.0
VNM,NIC,1.0
VNM,NLD,0.0
VNM,NOR,0.0
VNM,NPL,1.0
VNM,NRU,0.0
VNM,NZL,0.0
VNM,OMN,1.0
VNM,PAK,1.0
VNM,PAN,0.0
VNM,PER,1.0
VNM,PHL,1.0
VNM,PLW,0.0
VNM,PNG,1.0
VNM,POL,0.0
VNM,PRT,0.0
VNM,PRY,1.0
VNM,PSE,1.0
VNM,PYF,0.0
VNM,QAT,0.0
VNM,ROU,1.0
VNM,RUS,1.0
VNM,RWA,1.0
VNM,SAU,1.0
VNM,SDN,1.0
VNM,SEN,1.0
VNM,SGP,0.0
VNM,SLB,1.0
VNM,SLE,1.0
VNM,SLV,1.0
VNM,SMR,0.0
VNM,SOM,1.0
VNM,SRB,1.0
VNM,SSD,1.0
VNM,STP,0.0
VNM,SUR,1.0
VNM,SVK,0.0
VNM,SVN,0.0
VNM,SWE,0.0
VNM,SWZ,1.0
VNM,SXM,0.0
VNM,SYC,0.0
VNM,SYR,1.0
VNM,TCA,0.0
VNM,TCD,1.0
VNM,TGO,1.0
VNM,THA,1.0
VNM,TJK,1.0
VNM,TKM,1.0
VNM,TLS,1.0
VNM,TON,0.0
VNM,TTO,1.0
VNM,TUN,1.0
VNM,TUR,1.0
VNM,TUV,0.0
VNM,TZA,1.0
VNM,UGA,1.0
VNM,UKR,1.0
VNM,URY,0.0
VNM,UZB,1.0
VNM,VCT,0.0
VNM,VEN,1.0
VNM,VNM,1.0
VNM,VUT,0.0
VNM,WSM,0.0
VNM,YEM,1.0
VNM,ZAF,1.0
VNM,ZMB,1.0
VNM,ZWE,1.0
VUT,ABW,1.0
VUT,AFG,0.0
VUT,AGO,0.0
VUT,ALB,1.0
VUT,AND,1.0
VUT,ARE,1.0
VUT,ARG,0.0
VUT,ARM,0.0
VUT,ASM,1.0
VUT,ATG,1.0
VUT,AUS,1.0
VUT,AUT,1.0
VUT,AZE,0.0
VUT,BDI,0.0
VUT,BEL,1.0
VUT,BEN,0.0
VUT,BFA,0.0
VUT,BGD,0.0
VUT,BGR,1.0
VUT,BHR,1.0
VUT,BHS,1.0
VUT,BIH,0.0
VUT,BLR,0.0
VUT,BLZ,1.0
VUT,BMU,1.0
VUT,BOL,0.0
VUT,BRA,0.0
VUT,BRB,1.0
VUT,BRN,1.0
VUT,BTN,1.0
VUT,BWA,1.0
VUT,CAF,0.0
VUT,CAN,1.0
VUT,CHE,1.0
VUT,CHL,1.0
VUT,CIV,0.0
VUT,CMR,0.0
VUT,COD,0.0
VUT,COG,0.0
VUT,COL,0.0
VUT,COM,0.0
VUT,CPV,1.0
VUT,CRI,1.0
VUT,CUB,0.0
VUT,CUW,1.0
VUT,CYM,1.0
VUT,CYP,1.0
VUT,CZE,1.0
VUT,DEU,1.0
VUT,DJI,1.0
VUT,DMA,1.0
VUT,DNK,1.0
VUT,DOM,0.0
VUT,DZA,0.0
VUT,ECU,0.0
VUT,EGY,0.0
VUT,ESP,1.0
VUT,EST,1.0
VUT,ETH,0.0
VUT,FIN,1.0
VUT,FJI,0.0
VUT,FRA,1.0
VUT,FRO,1.0
VUT,FSM,1.0
VUT,GAB,0.0
VUT,GBR,1.0
VUT,GEO,1.0
VUT,GHA,0.0
VUT,GIN,0.0
VUT,GMB,0.0
VUT,GNB,0.0
VUT,GNQ,0.0
VUT,GRC,1.0
VUT,GRD,1.0
VUT,GRL,1.0
VUT,GTM,0.0
VUT,GUM,1.0
VUT,GUY,0.0
VUT,HKG,1.0
VUT,HND,0.0
VUT,HRV,1.0
VUT,HTI,0.0
VUT,HUN,1.0
VUT,IDN,0.0
VUT,IND,0.0
VUT,IRL,1.0
VUT,IRN,0.0
VUT,IRQ,0.0
VUT,ISL,1.0
VUT,ISR,1.0
VUT,ITA,1.0
VUT,JAM,1.0
VUT,JOR,0.0
VUT,JPN,1.0
VUT,KAZ,0.0
VUT,KEN,0.0
VUT,KGZ,0.0
VUT,KHM,0.0
VUT,KIR,1.0
VUT,KNA,1.0
VUT,KOR,1.0
VUT,KWT,0.0
VUT,LAO,0.0
VUT,LBN,0.0
VUT,LBR,0.0
VUT,LBY,0.0
VUT,LCA,1.0
VUT,LKA,0.0
VUT,LSO,0.0
VUT,LTU,1.0
VUT,LUX,1.0
VUT,LVA,1.0
VUT,MAC,1.0
VUT,MAR,0.0
VUT,MDA,0.0
VUT,MDG,0.0
VUT,MDV,1.0
VUT,MEX,0.0
VUT,MHL,1.0
VUT,MKD,1.0
VUT,MLI,0.0
VUT,MLT,1.0
VUT,MMR,0.0
VUT,MNE,1.0
VUT,MNG,0.0
VUT,MNP,1.0
VUT,MOZ,0.0
VUT,MRT,0.0
VUT,MUS,1.0
VUT,MWI,0.0
VUT,MYS,0.0
VUT,NAM,1.0
VUT,NER,0.0
VUT,NGA,0.0
VUT,NIC,0.0
VUT,NLD,1.0
VUT,NOR,1.0
VUT,NPL,0.0
VUT,NRU,1.0
VUT,NZL,1.0
VUT,OMN,0.0
VUT,PAK,0.0
VUT,PAN,1.0
VUT,PER,0.0
VUT,PHL,0.0
VUT,PLW,1.0
VUT,PNG,0.0
VUT,POL,1.0
VUT,PRT,1.0
VUT,PRY,0.0
VUT,PSE,0.0
VUT,PYF,1.0
VUT,QAT,1.0
VUT,ROU,0.0
VUT,RUS,0.0
VUT,RWA,0.0
VUT,SAU,0.0
VUT,SDN,0.0
VUT,SEN,0.0
VUT,SGP,1.0
VUT,SLB,0.0
VUT,SLE,0.0
VUT,SLV,0.0
VUT,SMR,1.0
VUT,SOM,0.0
VUT,SRB,0.0
VUT,SSD,0.0
VUT,STP,1.0
VUT,SUR,0.0
VUT,SVK,1.0
VUT,SVN,1.0
VUT,SWE,1.0
VUT,SWZ,0.0
VUT,SXM,1.0
VUT,SYC,1.0
VUT,SYR,0.0
VUT,TCA,1.0
VUT,TCD,0.0
VUT,TGO,0.0
VUT,THA,0.0
VUT,TJK,0.0
VUT,TKM,0.0
VUT,TLS,0.0
VUT,TON,1.0
VUT,TTO,0.0
VUT,TUN,0.0
VUT,TUR,0.0
VUT,TUV,1.0
VUT,TZA,0.0
VUT,UGA,0.0
VUT,UKR,0.0
VUT,URY,1.0
VUT,UZB,0.0
VUT,VCT,1.0
VUT,VEN,0.0
VUT,VNM,0.0
VUT,VUT,1.0
VUT,WSM,1.0
VUT,YEM,0.0
VUT,ZAF,0.0
VUT,ZMB,0.0
VUT,ZWE,0.0
WSM,ABW,1.0
WSM,AFG,0.0
WSM,AGO,0.0
WSM,ALB,1.0
WSM,AND,1.0
WSM,ARE,1.0
WSM,ARG,0.0
WSM,ARM,0.0
WSM,ASM,1.0
WSM,ATG,1.0
WSM,AUS,1.0
WSM,AUT,1.0
WSM,AZE,0.0
WSM,BDI,0.0
WSM,BEL,1.0
WSM,BEN,0.0
WSM,BFA,0.0
WSM,BGD,0.0
WSM,BGR,1.0
WSM,BHR,1.0
WSM,BHS,1.0
WSM,BIH,0.0
WSM,BLR,0.0
WSM,BLZ,1.0
WSM,BMU,1.0
WSM,BOL,0.0
WSM,BRA,0.0
WSM,BRB,1.0
WSM,BRN,1.0
WSM,BTN,1.0
WSM,BWA,1.0
WSM,CAF,0.0
WSM,CAN,1.0
WSM,CHE,1.0
WSM,CHL,1.0
WSM,CIV,0.0
WSM,CMR,0.0
WSM,COD,0.0
WSM,COG,0.0
WSM,COL,0.0
WSM,COM,0.0
WSM,CPV,1.0
WSM,CRI,1.0
WSM,CUB,0.0
WSM,CUW,1.0
WSM,CYM,1.0
WSM,CYP,1.0
WSM,CZE,1.0
WSM,DEU,1.0
WSM,DJI,1.0
WSM,DMA,1.0
WSM,DNK,1.0
WSM,DOM,0.0
WSM,DZA,0.0
WSM,ECU,0.0
WSM,EGY,0.0
WSM,ESP,1.0
WSM,EST,1.0
WSM,ETH,0.0
WSM,FIN,1.0
WSM,FJI,0.0
WSM,FRA,1.0
WSM,FRO,1.0
WSM,FSM,1.0
WSM,GAB,0.0
WSM,GBR,1.0
WSM,GEO,1.0
WSM,GHA,0.0
WSM,GIN,0.0
WSM,GMB,0.0
WSM,GNB,0.0
WSM,GNQ,0.0
WSM,GRC,1.0
WSM,GRD,1.0
WSM,GRL,1.0
WSM,GTM,0.0
WSM,GUM,1.0
WSM,GUY,0.0
WSM,HKG,1.0
WSM,HND,0.0
WSM,HRV,1.0
WSM,HTI,0.0
WSM,HUN,1.0
WSM,IDN,0.0
WSM,IND,0.0
WSM,IRL,1.0
WSM,IRN,0.0
WSM,IRQ,0.0
WSM,ISL,1.0
WSM,ISR,1.0
WSM,ITA,1.0
WSM,JAM,1.0
WSM,JOR,0.0
WSM,JPN,1.0
WSM,KAZ,0.0
WSM,KEN,0.0
WSM,KGZ,0.0
WSM,KHM,0.0
WSM,KIR,1.0
WSM,KNA,1.0
WSM,KOR,1.0
WSM,KWT,0.0
WSM,LAO,0.0
WSM,LBN,0.0
WSM,LBR,0.0
WSM,LBY,0.0
WSM,LCA,1.0
WSM,LKA,0.0
WSM,LSO,0.0
WSM,LTU,1.0
WSM,LUX,1.0
WSM,LVA,1.0
WSM,MAC,1.0
WSM,MAR,0.0
WSM,MDA,0.0
WSM,MDG,0.0
WSM,MDV,1.0
WSM,MEX,0.0
WSM,MHL,1.0
WSM,MKD,1.0
WSM,MLI,0.0
WSM,MLT,1.0
WSM,MMR,0.0
WSM,MNE,1.0
WSM,MNG,0.0
WSM,MNP,1.0
WSM,MOZ,0.0
WSM,MRT,0.0
WSM,MUS,1.0
WSM,MWI,0.0
WSM,MYS,0.0
WSM,NAM,1.0
WSM,NER,0.0
WSM,NGA,0.0
WSM,NIC,0.0
WSM,NLD,1.0
WSM,NOR,1.0
WSM,NPL,0.0
WSM,NRU,1.0
WSM,NZL,1.0
WSM,OMN,0.0
WSM,PAK,0.0
WSM,PAN,1.0
WSM,PER,0.0
WSM,PHL,0.0
WSM,PLW,1.0
WSM,PNG,0.0
WSM,POL,1.0
WSM,PRT,1.0
WSM,PRY,0.0
WSM,PSE,0.0
WSM,PYF,1.0
WSM,QAT,1.0
WSM,ROU,0.0
WSM,RUS,0.0
WSM,RWA,0.0
WSM,SAU,0.0
WSM,SDN,0.0
WSM,SEN,0.0
WSM,SGP,1.0
WSM,SLB,0.0
WSM,SLE,0.0
WSM,SLV,0.0
WSM,SMR,1.0
WSM,SOM,0.0
WSM,SRB,0.0
WSM,SSD,0.0
WSM,STP,1.0
WSM,SUR,0.0
WSM,SVK,1.0
WSM,SVN,1.0
WSM,SWE,1.0
WSM,SWZ,0.0
WSM,SXM,1.0
WSM,SYC,1.0
WSM,SYR,0.0
WSM,TCA,1.0
WSM,TCD,0.0
WSM,TGO,0.0
WSM,THA,0.0
WSM,TJK,0.0
WSM,TKM,0.0
WSM,TLS,0.0
WSM,TON,1.0
WSM,TTO,0.0
WSM,TUN,0.0
WSM,TUR,0.0
WSM,TUV,1.0
WSM,TZA,0.0
WSM,UGA,0.0
WSM,UKR,0.0
WSM,URY,1.0
WSM,UZB,0.0
WSM,VCT,1.0
WSM,VEN,0.0
WSM,VNM,0.0
WSM,VUT,1.0
WSM,WSM,1.0
WSM,YEM,0.0
WSM,ZAF,0.0
WSM,ZMB,0.0
WSM,ZWE,0.0
YEM,ABW,0.0
YEM,AFG,1.0
YEM,AGO,1.0
YEM,ALB,0.0
YEM,AND,0.0
YEM,ARE,0.0
YEM,ARG,1.0
YEM,ARM,1.0
YEM,ASM,0.0
YEM,ATG,0.0
YEM,AUS,0.0
YEM,AUT,0.0
YEM,AZE,1.0
YEM,BDI,1.0
YEM,BEL,0.0
YEM,BEN,1.0
YEM,BFA,1.0
YEM,BGD,1.0
YEM,BGR,0.0
YEM,BHR,0.0
YEM,BHS,0.0
YEM,BIH,1.0
YEM,BLR,1.0
YEM,BLZ,0.0
YEM,BMU,0.0
YEM,BOL,1.0
YEM,BRA,1.0
YEM,BRB,0.0
YEM,BRN,0.0
YEM,BTN,0.0
YEM,BWA,0.0
YEM,CAF,1.0
YEM,CAN,0.0
YEM,CHE,0.0
YEM,CHL,0.0
YEM,CIV,1.0
YEM,CMR,1.0
YEM,COD,1.0
YEM,COG,1.0
YEM,COL,1.0
YEM,COM,1.0
YEM,CPV,0.0
YEM,CRI,0.0
YEM,CUB,1.0
YEM,CUW,0.0
YEM,CYM,0.0
YEM,CYP,0.0
YEM,CZE,0.0
YEM,DEU,0.0
YEM,DJI,0.0
YEM,DMA,0.0
YEM,DNK,0.0
YEM,DOM,1.0
YEM,DZA,1.0
YEM,ECU,1.0
YEM,EGY,1.0
YEM,ESP,0.0
YEM,EST,0.0
YEM,ETH,1.0
YEM,FIN,0.0
YEM,FJI,1.0
YEM,FRA,0.0
YEM,FRO,0.0
YEM,FSM,0.0
YEM,GAB,1.0
YEM,GBR,0.0
YEM,GEO,0.0
YEM,GHA,1.0
YEM,GIN,1.0
YEM,GMB,1.0
YEM,GNB,1.0
YEM,GNQ,1.0
YEM,GRC,0.0
YEM,GRD,0.0
YEM,GRL,0.0
YEM,GTM,1.0
YEM,GUM,0.0
YEM,GUY,1.0
YEM,HKG,0.0
YEM,HND,1.0
YEM,HRV,0.0
YEM,HTI,1.0
YEM,HUN,0.0
YEM,IDN,1.0
YEM,IND,1.0
YEM,IRL,0.0
YEM,IRN,1.0
YEM,IRQ,1.0
YEM,ISL,0.0
YEM,ISR,0.0
YEM,ITA,0.0
YEM,JAM,0.0
YEM,JOR,1.0
YEM,JPN,0.0
YEM,KAZ,1.0
YEM,KEN,1.0
YEM,KGZ,1.0
YEM,KHM,1.0
YEM,KIR,0.0
YEM,KNA,0.0
YEM,KOR,0.0
YEM,KWT,1.0
YEM,LAO,1.0
YEM,LBN,1.0
YEM,LBR,1.0
YEM,LBY,1.0
YEM,LCA,0.0
YEM,LKA,1.0
YEM,LSO,1.0
YEM,LTU,0.0
YEM,LUX,0.0
YEM,LVA,0.0
YEM,MAC,0.0
YEM,MAR,1.0
YEM,MDA,1.0
YEM,MDG,1.0
YEM,MDV,0.0
YEM,MEX,1.0
YEM,MHL,0.0
YEM,MKD,0.0
YEM,MLI,1.0
YEM,MLT,0.0
YEM,MMR,1.0
YEM,MNE,0.0
YEM,MNG,1.0
YEM,MNP,0.0
YEM,MOZ,1.0
YEM,MRT,1.0
YEM,MUS,0.0
YEM,MWI,1.0
YEM,MYS,1.0
YEM,NAM,0.0
YEM,NER,1.0
YEM,NGA,1.0
YEM,NIC,1.0
YEM,NLD,0.0
YEM,NOR,0.0
YEM,NPL,1.0
YEM,NRU,0.0
YEM,NZL,0.0
YEM,OMN,1.0
YEM,PAK,1.0
YEM,PAN,0.0
YEM,PER,1.0
YEM,PHL,1.0
YEM,PLW,0.0
YEM,PNG,1.0
YEM,POL,0.0
YEM,PRT,0.0
YEM,PRY,1.0
YEM,PSE,1.0
YEM,PYF,0.0
YEM,QAT,0.0
YEM,ROU,1.0
YEM,RUS,1.0
YEM,RWA,1.0
YEM,SAU,1.0
YEM,SDN,1.0
YEM,SEN,1.0
YEM,SGP,0.0
YEM,SLB,1.0
YEM,SLE,1.0
YEM,SLV,1.0
YEM,SMR,0.0
YEM,SOM,1.0
YEM,SRB,1.0
YEM,SSD,1.0
YEM,STP,0.0
YEM,SUR,1.0
YEM,SVK,0.0
YEM,SVN,0.0
YEM,SWE,0.0
YEM,SWZ,1.0
YEM,SXM,0.0
YEM,SYC,0.0
YEM,SYR,1.0
YEM,TCA,0.0
YEM,TCD,1.0
YEM,TGO,1.0
YEM,THA,1.0
YEM,TJK,1.0
YEM,TKM,1.0
YEM,TLS,1.0
YEM,TON,0.0
YEM,TTO,1.0
YEM,TUN,1.0
YEM,TUR,1.0
YEM,TUV,0.0
YEM,TZA,1.0
YEM,UGA,1.0
YEM,UKR,1.0
YEM,URY,0.0
YEM,UZB,1.0
YEM,VCT,0.0
YEM,VEN,1.0
YEM,VNM,1.0
YEM,VUT,0.0
YEM,WSM,0.0
YEM,YEM,1.0
YEM,ZAF,1.0
YEM,ZMB,1.0
YEM,ZWE,1.0
ZAF,ABW,0.0
ZAF,AFG,1.0
ZAF,AGO,1.0
ZAF,ALB,0.0
ZAF,AND,0.0
ZAF,ARE,0.0
ZAF,ARG,1.0
ZAF,ARM,1.0
ZAF,ASM,0.0
ZAF,ATG,0.0
ZAF,AUS,0.0
ZAF,AUT,0.0
ZAF,AZE,1.0
ZAF,BDI,1.0
ZAF,BEL,0.0
ZAF,BEN,1.0
ZAF,BFA,1.0
ZAF,BGD,1.0
ZAF,BGR,0.0
ZAF,BHR,0.0
ZAF,BHS,0.0
ZAF,BIH,1.0
ZAF,BLR,1.0
ZAF,BLZ,0.0
ZAF,BMU,0.0
ZAF,BOL,1.0
ZAF,BRA,1.0
ZAF,BRB,0.0
ZAF,BRN,0.0
ZAF,BTN,0.0
ZAF,BWA,0.0
ZAF,CAF,1.0
ZAF,CAN,0.0
ZAF,CHE,0.0
ZAF,CHL,0.0
ZAF,CIV,1.0
ZAF,CMR,1.0
ZAF,COD,1.0
ZAF,COG,1.0
ZAF,COL,1.0
ZAF,COM,1.0
ZAF,CPV,0.0
ZAF,CRI,0.0
ZAF,CUB,1.0
ZAF,CUW,0.0
ZAF,CYM,0.0
ZAF,CYP,0.0
ZAF,CZE,0.0
ZAF,DEU,0.0
ZAF,DJI,0.0
ZAF,DMA,0.0
ZAF,DNK,0.0
ZAF,DOM,1.0
ZAF,DZA,1.0
ZAF,ECU,1.0
ZAF,EGY,1.0
ZAF,ESP,0.0
ZAF,EST,0.0
ZAF,ETH,1.0
ZAF,FIN,0.0
ZAF,FJI,1.0
ZAF,FRA,0.0
ZAF,FRO,0.0
ZAF,FSM,0.0
ZAF,GAB,1.0
ZAF,GBR,0.0
ZAF,GEO,0.0
ZAF,GHA,1.0
ZAF,GIN,1.0
ZAF,GMB,1.0
ZAF,GNB,1.0
ZAF,GNQ,1.0
ZAF,GRC,0.0
ZAF,GRD,0.0
ZAF,GRL,0.0
ZAF,GTM,1.0
ZAF,GUM,0.0
ZAF,GUY,1.0
ZAF,HKG,0.0
ZAF,HND,1.0
ZAF,HRV,0.0
ZAF,HTI,1.0
ZAF,HUN,0.0
ZAF,IDN,1.0
ZAF,IND,1.0
ZAF,IRL,0.0
ZAF,IRN,1.0
ZAF,IRQ,1.0
ZAF,ISL,0.0
ZAF,ISR,0.0
ZAF,ITA,0.0
ZAF,JAM,0.0
ZAF,JOR,1.0
ZAF,JPN,0.0
ZAF,KAZ,1.0
ZAF,KEN,1.0
ZAF,KGZ,1.0
ZAF,KHM,1.0
ZAF,KIR,0.0
ZAF,KNA,0.0
ZAF,KOR,0.0
ZAF,KWT,1.0
ZAF,LAO,1.0
ZAF,LBN,1.0
ZAF,LBR,1.0
ZAF,LBY,1.0
ZAF,LCA,0.0
ZAF,LKA,1.0
ZAF,LSO,1.0
ZAF,LTU,0.0
ZAF,LUX,0.0
ZAF,LVA,0.0
ZAF,MAC,0.0
ZAF,MAR,1.0
ZAF,MDA,1.0
ZAF,MDG,1.0
ZAF,MDV,0.0
ZAF,MEX,1.0
ZAF,MHL,0.0
ZAF,MKD,0.0
ZAF,MLI,1.0
ZAF,MLT,0.0
ZAF,MMR,1.0
ZAF,MNE,0.0
ZAF,MNG,1.0
ZAF,MNP,0.0
ZAF,MOZ,1.0
ZAF,MRT,1.0
ZAF,MUS,0.0
ZAF,MWI,1.0
ZAF,MYS,1.0
ZAF,NAM,0.0
ZAF,NER,1.0
ZAF,NGA,1.0
ZAF,NIC,1.0
ZAF,NLD,0.0
ZAF,NOR,0.0
ZAF,NPL,1.0
ZAF,NRU,0.0
ZAF,NZL,0.0
ZAF,OMN,1.0
ZAF,PAK,1.0
ZAF,PAN,0.0
ZAF,PER,1.0
ZAF,PHL,1.0
ZAF,PLW,0.0
ZAF,PNG,1.0
ZAF,POL,0.0
ZAF,PRT,0.0
ZAF,PRY,1.0
ZAF,PSE,1.0
ZAF,PYF,0.0
ZAF,QAT,0.0
ZAF,ROU,1.0
ZAF,RUS,1.0
ZAF,RWA,1.0
ZAF,SAU,1.0
ZAF,SDN,1.0
ZAF,SEN,1.0
ZAF,SGP,0.0
ZAF,SLB,1.0
ZAF,SLE,1.0
ZAF,SLV,1.0
ZAF,SMR,0.0
ZAF,SOM,1.0
ZAF,SRB,1.0
ZAF,SSD,1.0
ZAF,STP,0.0
ZAF,SUR,1.0
ZAF,SVK,0.0
ZAF,SVN,0.0
ZAF,SWE,0.0
ZAF,SWZ,1.0
ZAF,SXM,0.0
ZAF,SYC,0.0
ZAF,SYR,1.0
ZAF,TCA,0.0
ZAF,TCD,1.0
ZAF,TGO,1.0
ZAF,THA,1.0
ZAF,TJK,1.0
ZAF,TKM,1.0
ZAF,TLS,1.0
ZAF,TON,0.0
ZAF,TTO,1.0
ZAF,TUN,1.0
ZAF,TUR,1.0
ZAF,TUV,0.0
ZAF,TZA,1.0
ZAF,UGA,1.0
ZAF,UKR,1.0
ZAF,URY,0.0
ZAF,UZB,1.0
ZAF,VCT,0.0
ZAF,VEN,1.0
ZAF,VNM,1.0
ZAF,VUT,0.0
ZAF,WSM,0.0
ZAF,YEM,1.0
ZAF,ZAF,1.0
ZAF,ZMB,1.0
ZAF,ZWE,1.0
ZMB,ABW,0.0
ZMB,AFG,1.0
ZMB,AGO,1.0
ZMB,ALB,0.0
ZMB,AND,0.0
ZMB,ARE,0.0
ZMB,ARG,1.0
ZMB,ARM,1.0
ZMB,ASM,0.0
ZMB,ATG,0.0
ZMB,AUS,0.0
ZMB,AUT,0.0
ZMB,AZE,1.0
ZMB,BDI,1.0
ZMB,BEL,0.0
ZMB,BEN,1.0
ZMB,BFA,1.0
ZMB,BGD,1.0
ZMB,BGR,0.0
ZMB,BHR,0.0
ZMB,BHS,0.0
ZMB,BIH,1.0
ZMB,BLR,1.0
ZMB,BLZ,0.0
ZMB,BMU,0.0
ZMB,BOL,1.0
ZMB,BRA,1.0
ZMB,BRB,0.0
ZMB,BRN,0.0
ZMB,BTN,0.0
ZMB,BWA,0.0
ZMB,CAF,1.0
ZMB,CAN,0.0
ZMB,CHE,0.0
ZMB,CHL,0.0
ZMB,CIV,1.0
ZMB,CMR,1.0
ZMB,COD,1.0
ZMB,COG,1.0
ZMB,COL,1.0
ZMB,COM,1.0
ZMB,CPV,0.0
ZMB,CRI,0.0
ZMB,CUB,1.0
ZMB,CUW,0.0
ZMB,CYM,0.0
ZMB,CYP,0.0
ZMB,CZE,0.0
ZMB,DEU,0.0
ZMB,DJI,0.0
ZMB,DMA,0.0
ZMB,DNK,0.0
ZMB,DOM,1.0
ZMB,DZA,1.0
ZMB,ECU,1.0
ZMB,EGY,1.0
ZMB,ESP,0.0
ZMB,EST,0.0
ZMB,ETH,1.0
ZMB,FIN,0.0
ZMB,FJI,1.0
ZMB,FRA,0.0
ZMB,FRO,0.0
ZMB,FSM,0.0
ZMB,GAB,1.0
ZMB,GBR,0.0
ZMB,GEO,0.0
ZMB,GHA,1.0
ZMB,GIN,1.0
ZMB,GMB,1.0
ZMB,GNB,1.0
ZMB,GNQ,1.0
ZMB,GRC,0.0
ZMB,GRD,0.0
ZMB,GRL,0.0
ZMB,GTM,1.0
ZMB,GUM,0.0
ZMB,GUY,1.0
ZMB,HKG,0.0
ZMB,HND,1.0
ZMB,HRV,0.0
ZMB,HTI,1.0
ZMB,HUN,0.0
ZMB,IDN,1.0
ZMB,IND,1.0
ZMB,IRL,0.0
ZMB,IRN,1.0
ZMB,IRQ,1.0
ZMB,ISL,0.0
ZMB,ISR,0.0
ZMB,ITA,0.0
ZMB,JAM,0.0
ZMB,JOR,1.0
ZMB,JPN,0.0
ZMB,KAZ,1.0
ZMB,KEN,1.0
ZMB,KGZ,1.0
ZMB,KHM,1.0
ZMB,KIR,0.0
ZMB,KNA,0.0
ZMB,KOR,0.0
ZMB,KWT,1.0
ZMB,LAO,1.0
ZMB,LBN,1.0
ZMB,LBR,1.0
ZMB,LBY,1.0
ZMB,LCA,0.0
ZMB,LKA,1.0
ZMB,LSO,1.0
ZMB,LTU,0.0
ZMB,LUX,0.0
ZMB,LVA,0.0
ZMB,MAC,0.0
ZMB,MAR,1.0
ZMB,MDA,1.0
ZMB,MDG,1.0
ZMB,MDV,0.0
ZMB,MEX,1.0
ZMB,MHL,0.0
ZMB,MKD,0.0
ZMB,MLI,1.0
ZMB,MLT,0.0
ZMB,MMR,1.0
ZMB,MNE,0.0
ZMB,MNG,1.0
ZMB,MNP,0.0
ZMB,MOZ,1.0
ZMB,MRT,1.0
ZMB,MUS,0.0
ZMB,MWI,1.0
ZMB,MYS,1.0
ZMB,NAM,0.0
ZMB,NER,1.0
ZMB,NGA,1.0
ZMB,NIC,1.0
ZMB,NLD,0.0
ZMB,NOR,0.0
ZMB,NPL,1.0
ZMB,NRU,0.0
ZMB,NZL,0.0
ZMB,OMN,1.0
ZMB,PAK,1.0
ZMB,PAN,0.0
ZMB,PER,1.0
ZMB,PHL,1.0
ZMB,PLW,0.0
ZMB,PNG,1.0
ZMB,POL,0.0
ZMB,PRT,0.0
ZMB,PRY,1.0
ZMB,PSE,1.0
ZMB,PYF,0.0
ZMB,QAT,0.0
ZMB,ROU,1.0
ZMB,RUS,1.0
ZMB,RWA,1.0
ZMB,SAU,1.0
ZMB,SDN,1.0
ZMB,SEN,1.0
ZMB,SGP,0.0
ZMB,SLB,1.0
ZMB,SLE,1.0
ZMB,SLV,1.0
ZMB,SMR,0.0
ZMB,SOM,1.0
ZMB,SRB,1.0
ZMB,SSD,1.0
ZMB,STP,0.0
ZMB,SUR,1.0
ZMB,SVK,0.0
ZMB,SVN,0.0
ZMB,SWE,0.0
ZMB,SWZ,1.0
ZMB,SXM,0.0
ZMB,SYC,0.0
ZMB,SYR,1.0
ZMB,TCA,0.0
ZMB,TCD,1.0
ZMB,TGO,1.0
ZMB,THA,1.0
ZMB,TJK,1.0
ZMB,TKM,1.0
ZMB,TLS,1.0
ZMB,TON,0.0
ZMB,TTO,1.0
ZMB,TUN,1.0
ZMB,TUR,1.0
ZMB,TUV,0.0
ZMB,TZA,1.0
ZMB,UGA,1.0
ZMB,UKR,1.0
ZMB,URY,0.0
ZMB,UZB,1.0
ZMB,VCT,0.0
ZMB,VEN,1.0
ZMB,VNM,1.0
ZMB,VUT,0.0
ZMB,WSM,0.0
ZMB,YEM,1.0
ZMB,ZAF,1.0
ZMB,ZMB,1.0
ZMB,ZWE,1.0
ZWE,ABW,0.0
ZWE,AFG,1.0
ZWE,AGO,1.0
ZWE,ALB,0.0
ZWE,AND,0.0
ZWE,ARE,0.0
ZWE,ARG,1.0
ZWE,ARM,1.0
ZWE,ASM,0.0
ZWE,ATG,0.0
ZWE,AUS,0.0
ZWE,AUT,0.0
ZWE,AZE,1.0
ZWE,BDI,1.0
ZWE,BEL,0.0
ZWE,BEN,1.0
ZWE,BFA,1.0
ZWE,BGD,1.0
ZWE,BGR,0.0
ZWE,BHR,0.0
ZWE,BHS,0.0
ZWE,BIH,1.0
ZWE,BLR,1.0
ZWE,BLZ,0.0
ZWE,BMU,0.0
ZWE,BOL,1.0
ZWE,BRA,1.0
ZWE,BRB,0.0
ZWE,BRN,0.0
ZWE,BTN,0.0
ZWE,BWA,0.0
ZWE,CAF,1.0
ZWE,CAN,0.0
ZWE,CHE,0.0
ZWE,CHL,0.0
ZWE,CIV,1.0
ZWE,CMR,1.0
ZWE,COD,1.0
ZWE,COG,1.0
ZWE,COL,1.0
ZWE,COM,1.0
ZWE,CPV,0.0
ZWE,CRI,0.0
ZWE,CUB,1.0
ZWE,CUW,0.0
ZWE,CYM,0.0
ZWE,CYP,0.0
ZWE,CZE,0.0
ZWE,DEU,0.0
ZWE,DJI,0.0
ZWE,DMA,0.0
ZWE,DNK,0.0
ZWE,DOM,1.0
ZWE,DZA,1.0
ZWE,ECU,1.0
ZWE,EGY,1.0
ZWE,ESP,0.0
ZWE,EST,0.0
ZWE,ETH,1.0
ZWE,FIN,0.0
ZWE,FJI,1.0
ZWE,FRA,0.0
ZWE,FRO,0.0
ZWE,FSM,0.0
ZWE,GAB,1.0
ZWE,GBR,0.0
ZWE,GEO,0.0
ZWE,GHA,1.0
ZWE,GIN,1.0
ZWE,GMB,1.0
ZWE,GNB,1.0
ZWE,GNQ,1.0
ZWE,GRC,0.0
ZWE,GRD,0.0
ZWE,GRL,0.0
ZWE,GTM,1.0
ZWE,GUM,0.0
ZWE,GUY,1.0
ZWE,HKG,0.0
ZWE,HND,1.0
ZWE,HRV,0.0
ZWE,HTI,1.0
ZWE,HUN,0.0
ZWE,IDN,1.0
ZWE,IND,1.0
ZWE,IRL,0.0
ZWE,IRN,1.0
ZWE,IRQ,1.0
ZWE,ISL,0.0
ZWE,ISR,0.0
ZWE,ITA,0.0
ZWE,JAM,0.0
ZWE,JOR,1.0
ZWE,JPN,0.0
ZWE,KAZ,1.0
ZWE,KEN,1.0
ZWE,KGZ,1.0
ZWE,KHM,1.0
ZWE,KIR,0.0
ZWE,KNA,0.0
ZWE,KOR,0.0
ZWE,KWT,1.0
ZWE,LAO,1.0
ZWE,LBN,1.0
ZWE,LBR,1.0
ZWE,LBY,1.0
ZWE,LCA,0.0
ZWE,LKA,1.0
ZWE,LSO,1.0
ZWE,LTU,0.0
ZWE,LUX,0.0
ZWE,LVA,0.0
ZWE,MAC,0.0
ZWE,MAR,1.0
ZWE,MDA,1.0
ZWE,MDG,1.0
ZWE,MDV,0.0
ZWE,MEX,1.0
ZWE,MHL,0.0
ZWE,MKD,0.0
ZWE,MLI,1.0
ZWE,MLT,0.0
ZWE,MMR,1.0
ZWE,MNE,0.0
ZWE,MNG,1.0
ZWE,MNP,0.0
ZWE,MOZ,1.0
ZWE,MRT,1.0
ZWE,MUS,0.0
ZWE,MWI,1.0
ZWE,MYS,1.0
ZWE,NAM,0.0
ZWE,NER,1.0
ZWE,NGA,1.0
ZWE,NIC,1.0
ZWE,NLD,0.0
ZWE,NOR,0.0
ZWE,NPL,1.0
ZWE,NRU,0.0
ZWE,NZL,0.0
ZWE,OMN,1.0
ZWE,PAK,1.0
ZWE,PAN,0.0
ZWE,PER,1.0
ZWE,PHL,1.0
ZWE,PLW,0.0
ZWE,PNG,1.0
ZWE,POL,0.0
ZWE,PRT,0.0
ZWE,PRY,1.0
ZWE,PSE,1.0
ZWE,PYF,0.0
ZWE,QAT,0.0
ZWE,ROU,1.0
ZWE,RUS,1.0
ZWE,RWA,1.0
ZWE,SAU,1.0
ZWE,SDN,1.0
ZWE,SEN,1.0
ZWE,SGP,0.0
ZWE,SLB,1.0
ZWE,SLE,1.0
ZWE,SLV,1.0
ZWE,SMR,0.0
ZWE,SOM,1.0
ZWE,SRB,1.0
ZWE,SSD,1.0
ZWE,STP,0.0
ZWE,SUR,1.0
ZWE,SVK,0.0
ZWE,SVN,0.0
ZWE,SWE,0.0
ZWE,SWZ,1.0
ZWE,SXM,0.0
ZWE,SYC,0.0
ZWE,SYR,1.0
ZWE,TCA,0.0
ZWE,TCD,1.0
ZWE,TGO,1.0
ZWE,THA,1.0
ZWE,TJK,1.0
ZWE,TKM,1.0
ZWE,TLS,1.0
ZWE,TON,0.0
ZWE,TTO,1.0
ZWE,TUN,1.0
ZWE,TUR,1.0
ZWE,TUV,0.0
ZWE,TZA,1.0
ZWE,UGA,1.0
ZWE,UKR,1.0
ZWE,URY,0.0
ZWE,UZB,1.0
ZWE,VCT,0.0
ZWE,VEN,1.0
ZWE,VNM,1.0
ZWE,VUT,0.0
ZWE,WSM,0.0
ZWE,YEM,1.0
ZWE,ZAF,1.0
ZWE,ZMB,1.0
ZWE,ZWE,1.0
