outcome_key,outcome,excluded_country,regime,estimate,se,p_cluster,n_obs,n_countries
gvc,Adverse forward-GVC deviation stability,ABW,R1,0.38774197344412326,0.2675215331383827,0.1512905216270863,858,78
gvc,Adverse forward-GVC deviation stability,ABW,R2,-0.13599125688629649,0.3033864988476103,0.6552356879389306,858,78
gvc,Adverse forward-GVC deviation stability,AFG,R1,0.38774197344412326,0.2675215331383827,0.1512905216270863,858,78
gvc,Adverse forward-GVC deviation stability,AFG,R2,-0.13599125688629649,0.3033864988476103,0.6552356879389306,858,78
gvc,Adverse forward-GVC deviation stability,AGO,R1,0.5595349156040024,0.24663265547669277,0.02612517130315002,847,77
gvc,Adverse forward-GVC deviation stability,AGO,R2,-0.13599125688630187,0.30348045714804117,0.6553519184052051,847,77
gvc,Adverse forward-GVC deviation stability,AIA,R1,0.38774197344412326,0.2675215331383827,0.1512905216270863,858,78
gvc,Adverse forward-GVC deviation stability,AIA,R2,-0.13599125688629649,0.3033864988476103,0.6552356879389306,858,78
gvc,Adverse forward-GVC deviation stability,ALB,R1,0.38774197344412326,0.2675215331383827,0.1512905216270863,858,78
gvc,Adverse forward-GVC deviation stability,ALB,R2,-0.13599125688629649,0.3033864988476103,0.6552356879389306,858,78
gvc,Adverse forward-GVC deviation stability,AND,R1,0.38774197344412326,0.2675215331383827,0.1512905216270863,858,78
gvc,Adverse forward-GVC deviation stability,AND,R2,-0.13599125688629649,0.3033864988476103,0.6552356879389306,858,78
gvc,Adverse forward-GVC deviation stability,ANS,R1,0.38774197344412326,0.2675215331383827,0.1512905216270863,858,78
gvc,Adverse forward-GVC deviation stability,ANS,R2,-0.13599125688629649,0.3033864988476103,0.6552356879389306,858,78
gvc,Adverse forward-GVC deviation stability,ARE,R1,0.3877419734441226,0.2676043841178296,0.1514687447636478,847,77
gvc,Adverse forward-GVC deviation stability,ARE,R2,-0.031879412130303264,0.29313742786289826,0.9136854662185317,847,77
gvc,Adverse forward-GVC deviation stability,ARG,R1,0.3894278730131146,0.26670073458994215,0.14836552291473926,847,77
gvc,Adverse forward-GVC deviation stability,ARG,R2,-0.1359912568863056,0.30348045714804106,0.6553519184051964,847,77
gvc,Adverse forward-GVC deviation stability,ARM,R1,0.38774197344412326,0.2675215331383827,0.1512905216270863,858,78
gvc,Adverse forward-GVC deviation stability,ARM,R2,-0.13599125688629649,0.3033864988476103,0.6552356879389306,858,78
gvc,Adverse forward-GVC deviation stability,ASM,R1,0.38774197344412326,0.2675215331383827,0.1512905216270863,858,78
gvc,Adverse forward-GVC deviation stability,ASM,R2,-0.13599125688629649,0.3033864988476103,0.6552356879389306,858,78
gvc,Adverse forward-GVC deviation stability,ATA,R1,0.38774197344412326,0.2675215331383827,0.1512905216270863,858,78
gvc,Adverse forward-GVC deviation stability,ATA,R2,-0.13599125688629649,0.3033864988476103,0.6552356879389306,858,78
gvc,Adverse forward-GVC deviation stability,ATF,R1,0.38774197344412326,0.2675215331383827,0.1512905216270863,858,78
gvc,Adverse forward-GVC deviation stability,ATF,R2,-0.13599125688629649,0.3033864988476103,0.6552356879389306,858,78
gvc,Adverse forward-GVC deviation stability,ATG,R1,0.38774197344412326,0.2675215331383827,0.1512905216270863,858,78
gvc,Adverse forward-GVC deviation stability,ATG,R2,-0.13599125688629649,0.3033864988476103,0.6552356879389306,858,78
gvc,Adverse forward-GVC deviation stability,AUS,R1,0.38774197344411687,0.26760438411782667,0.1514687447636494,847,77
gvc,Adverse forward-GVC deviation stability,AUS,R2,-0.11971383208662312,0.30473371463766263,0.695531961924966,847,77
gvc,Adverse forward-GVC deviation stability,AUT,R1,0.3877419734441257,0.26760438411783133,0.1514687447636472,847,77
gvc,Adverse forward-GVC deviation stability,AUT,R2,-0.12558341524053235,0.3098690188953019,0.6864110219120346,847,77
gvc,Adverse forward-GVC deviation stability,AZE,R1,0.38774197344412326,0.2675215331383827,0.1512905216270863,858,78
gvc,Adverse forward-GVC deviation stability,AZE,R2,-0.13599125688629649,0.3033864988476103,0.6552356879389306,858,78
gvc,Adverse forward-GVC deviation stability,BDI,R1,0.38774197344412326,0.2675215331383827,0.1512905216270863,858,78
gvc,Adverse forward-GVC deviation stability,BDI,R2,-0.13599125688629649,0.3033864988476103,0.6552356879389306,858,78
gvc,Adverse forward-GVC deviation stability,BEL,R1,0.38774197344413325,0.2676043841178349,0.15146874476364477,847,77
gvc,Adverse forward-GVC deviation stability,BEL,R2,-0.12852033949144576,0.3037112506037351,0.6733690658088459,847,77
gvc,Adverse forward-GVC deviation stability,BEN,R1,0.38774197344412326,0.2675215331383827,0.1512905216270863,858,78
gvc,Adverse forward-GVC deviation stability,BEN,R2,-0.13599125688629649,0.3033864988476103,0.6552356879389306,858,78
gvc,Adverse forward-GVC deviation stability,BES,R1,0.38774197344412326,0.2675215331383827,0.1512905216270863,858,78
gvc,Adverse forward-GVC deviation stability,BES,R2,-0.13599125688629649,0.3033864988476103,0.6552356879389306,858,78
gvc,Adverse forward-GVC deviation stability,BFA,R1,0.38774197344412326,0.2675215331383827,0.1512905216270863,858,78
gvc,Adverse forward-GVC deviation stability,BFA,R2,-0.13599125688629649,0.3033864988476103,0.6552356879389306,858,78
gvc,Adverse forward-GVC deviation stability,BGD,R1,0.38826906703069264,0.26766118246346376,0.15100641211387467,847,77
gvc,Adverse forward-GVC deviation stability,BGD,R2,-0.13599125688631009,0.30348045714804156,0.6553519184051863,847,77
gvc,Adverse forward-GVC deviation stability,BGR,R1,0.38774197344412237,0.26760438411782744,0.15146874476364486,847,77
gvc,Adverse forward-GVC deviation stability,BGR,R2,-0.17695759283950746,0.3094060444427718,0.5690594161901297,847,77
gvc,Adverse forward-GVC deviation stability,BHR,R1,0.38774197344412326,0.2675215331383827,0.1512905216270863,858,78
gvc,Adverse forward-GVC deviation stability,BHR,R2,-0.13599125688629649,0.3033864988476103,0.6552356879389306,858,78
gvc,Adverse forward-GVC deviation stability,BHS,R1,0.38774197344412326,0.2675215331383827,0.1512905216270863,858,78
gvc,Adverse forward-GVC deviation stability,BHS,R2,-0.13599125688629649,0.3033864988476103,0.6552356879389306,858,78
gvc,Adverse forward-GVC deviation stability,BIH,R1,0.38774197344412326,0.2675215331383827,0.1512905216270863,858,78
gvc,Adverse forward-GVC deviation stability,BIH,R2,-0.13599125688629649,0.3033864988476103,0.6552356879389306,858,78
gvc,Adverse forward-GVC deviation stability,BLM,R1,0.38774197344412326,0.2675215331383827,0.1512905216270863,858,78
gvc,Adverse forward-GVC deviation stability,BLM,R2,-0.13599125688629649,0.3033864988476103,0.6552356879389306,858,78
gvc,Adverse forward-GVC deviation stability,BLR,R1,0.4172115543330777,0.2731367280215256,0.13079245829948422,847,77
gvc,Adverse forward-GVC deviation stability,BLR,R2,-0.13599125688631425,0.3034804571480414,0.6553519184051761,847,77
gvc,Adverse forward-GVC deviation stability,BLZ,R1,0.38774197344412326,0.2675215331383827,0.1512905216270863,858,78
gvc,Adverse forward-GVC deviation stability,BLZ,R2,-0.13599125688629649,0.3033864988476103,0.6552356879389306,858,78
gvc,Adverse forward-GVC deviation stability,BMU,R1,0.38774197344412326,0.2675215331383827,0.1512905216270863,858,78
gvc,Adverse forward-GVC deviation stability,BMU,R2,-0.13599125688629649,0.3033864988476103,0.6552356879389306,858,78
gvc,Adverse forward-GVC deviation stability,BOL,R1,0.38774197344412326,0.2675215331383827,0.1512905216270863,858,78
gvc,Adverse forward-GVC deviation stability,BOL,R2,-0.13599125688629649,0.3033864988476103,0.6552356879389306,858,78
gvc,Adverse forward-GVC deviation stability,BRA,R1,0.38771895539645795,0.2675739604453977,0.15144681844145919,847,77
gvc,Adverse forward-GVC deviation stability,BRA,R2,-0.1359912568863093,0.3034804571480415,0.6553519184051879,847,77
gvc,Adverse forward-GVC deviation stability,BRB,R1,0.38774197344412326,0.2675215331383827,0.1512905216270863,858,78
gvc,Adverse forward-GVC deviation stability,BRB,R2,-0.13599125688629649,0.3033864988476103,0.6552356879389306,858,78
gvc,Adverse forward-GVC deviation stability,BRN,R1,0.3877419734441374,0.2676043841178339,0.15146874476363897,847,77
gvc,Adverse forward-GVC deviation stability,BRN,R2,-0.23827493906882524,0.29000706439174373,0.41386456822393175,847,77
gvc,Adverse forward-GVC deviation stability,BTN,R1,0.38774197344412326,0.2675215331383827,0.1512905216270863,858,78
gvc,Adverse forward-GVC deviation stability,BTN,R2,-0.13599125688629649,0.3033864988476103,0.6552356879389306,858,78
gvc,Adverse forward-GVC deviation stability,BVT,R1,0.38774197344412326,0.2675215331383827,0.1512905216270863,858,78
gvc,Adverse forward-GVC deviation stability,BVT,R2,-0.13599125688629649,0.3033864988476103,0.6552356879389306,858,78
gvc,Adverse forward-GVC deviation stability,BWA,R1,0.38774197344412326,0.2675215331383827,0.1512905216270863,858,78
gvc,Adverse forward-GVC deviation stability,BWA,R2,-0.13599125688629649,0.3033864988476103,0.6552356879389306,858,78
gvc,Adverse forward-GVC deviation stability,CAF,R1,0.38774197344412326,0.2675215331383827,0.1512905216270863,858,78
gvc,Adverse forward-GVC deviation stability,CAF,R2,-0.13599125688629649,0.3033864988476103,0.6552356879389306,858,78
gvc,Adverse forward-GVC deviation stability,CAN,R1,0.387741973444131,0.26760438411783327,0.15146874476364455,847,77
gvc,Adverse forward-GVC deviation stability,CAN,R2,-0.12822959177643894,0.31564704804855825,0.685705255961257,847,77
gvc,Adverse forward-GVC deviation stability,CCK,R1,0.38774197344412326,0.2675215331383827,0.1512905216270863,858,78
gvc,Adverse forward-GVC deviation stability,CCK,R2,-0.13599125688629649,0.3033864988476103,0.6552356879389306,858,78
gvc,Adverse forward-GVC deviation stability,CHE,R1,0.38774197344413874,0.26760438411783555,0.15146874476364,847,77
gvc,Adverse forward-GVC deviation stability,CHE,R2,-0.150321483441893,0.30443418622525703,0.6228902876424763,847,77
gvc,Adverse forward-GVC deviation stability,CHL,R1,0.38774197344413847,0.26760438411783494,0.1514687447636394,847,77
gvc,Adverse forward-GVC deviation stability,CHL,R2,-0.1280226162376616,0.35076362021607455,0.7161381165877541,847,77
gvc,Adverse forward-GVC deviation stability,CIV,R1,0.1889126321524493,0.23222916762284665,0.41848703086690814,847,77
gvc,Adverse forward-GVC deviation stability,CIV,R2,-0.13599125688630886,0.3034804571480405,0.6553519184051879,847,77
gvc,Adverse forward-GVC deviation stability,CMR,R1,0.3847989230683297,0.27157315060038884,0.1605910021918729,847,77
gvc,Adverse forward-GVC deviation stability,CMR,R2,-0.13599125688631947,0.30348045714804045,0.6553519184051628,847,77
gvc,Adverse forward-GVC deviation stability,COD,R1,0.4321921704618823,0.277705032829067,0.12379162632044086,847,77
gvc,Adverse forward-GVC deviation stability,COD,R2,-0.1359912568863082,0.30348045714804206,0.6553519184051912,847,77
gvc,Adverse forward-GVC deviation stability,COG,R1,0.38774197344412326,0.2675215331383827,0.1512905216270863,858,78
gvc,Adverse forward-GVC deviation stability,COG,R2,-0.13599125688629649,0.3033864988476103,0.6552356879389306,858,78
gvc,Adverse forward-GVC deviation stability,COK,R1,0.38774197344412326,0.2675215331383827,0.1512905216270863,858,78
gvc,Adverse forward-GVC deviation stability,COK,R2,-0.13599125688629649,0.3033864988476103,0.6552356879389306,858,78
gvc,Adverse forward-GVC deviation stability,COL,R1,0.3950076693254945,0.26956076051975586,0.14694357381356746,847,77
gvc,Adverse forward-GVC deviation stability,COL,R2,-0.13599125688630503,0.3034804571480411,0.6553519184051978,847,77
gvc,Adverse forward-GVC deviation stability,COM,R1,0.38774197344412326,0.2675215331383827,0.1512905216270863,858,78
gvc,Adverse forward-GVC deviation stability,COM,R2,-0.13599125688629649,0.3033864988476103,0.6552356879389306,858,78
gvc,Adverse forward-GVC deviation stability,CPV,R1,0.38774197344412326,0.2675215331383827,0.1512905216270863,858,78
gvc,Adverse forward-GVC deviation stability,CPV,R2,-0.13599125688629649,0.3033864988476103,0.6552356879389306,858,78
gvc,Adverse forward-GVC deviation stability,CRI,R1,0.3877419734441293,0.26760438411783233,0.15146874476364505,847,77
gvc,Adverse forward-GVC deviation stability,CRI,R2,-0.1272899704361906,0.32193055804897625,0.6936585289553819,847,77
gvc,Adverse forward-GVC deviation stability,CUB,R1,0.38774197344412326,0.2675215331383827,0.1512905216270863,858,78
gvc,Adverse forward-GVC deviation stability,CUB,R2,-0.13599125688629649,0.3033864988476103,0.6552356879389306,858,78
gvc,Adverse forward-GVC deviation stability,CUW,R1,0.38774197344412326,0.2675215331383827,0.1512905216270863,858,78
gvc,Adverse forward-GVC deviation stability,CUW,R2,-0.13599125688629649,0.3033864988476103,0.6552356879389306,858,78
gvc,Adverse forward-GVC deviation stability,CXR,R1,0.38774197344412326,0.2675215331383827,0.1512905216270863,858,78
gvc,Adverse forward-GVC deviation stability,CXR,R2,-0.13599125688629649,0.3033864988476103,0.6552356879389306,858,78
gvc,Adverse forward-GVC deviation stability,CYM,R1,0.38774197344412326,0.2675215331383827,0.1512905216270863,858,78
gvc,Adverse forward-GVC deviation stability,CYM,R2,-0.13599125688629649,0.3033864988476103,0.6552356879389306,858,78
gvc,Adverse forward-GVC deviation stability,CYP,R1,0.3877419734441168,0.2676043841178283,0.15146874476365182,847,77
gvc,Adverse forward-GVC deviation stability,CYP,R2,-0.16660714483680367,0.3156523024529509,0.5991629670083158,847,77
gvc,Adverse forward-GVC deviation stability,CZE,R1,0.38774197344413214,0.26760438411783355,0.15146874476364383,847,77
gvc,Adverse forward-GVC deviation stability,CZE,R2,-0.1331968859975829,0.31398604596839635,0.6726090510666834,847,77
gvc,Adverse forward-GVC deviation stability,DEU,R1,0.38774197344413,0.26760438411783327,0.15146874476364572,847,77
gvc,Adverse forward-GVC deviation stability,DEU,R2,-0.1316801667839822,0.3047190229513107,0.6668659395941348,847,77
gvc,Adverse forward-GVC deviation stability,DJI,R1,0.38774197344412326,0.2675215331383827,0.1512905216270863,858,78
gvc,Adverse forward-GVC deviation stability,DJI,R2,-0.13599125688629649,0.3033864988476103,0.6552356879389306,858,78
gvc,Adverse forward-GVC deviation stability,DMA,R1,0.38774197344412326,0.2675215331383827,0.1512905216270863,858,78
gvc,Adverse forward-GVC deviation stability,DMA,R2,-0.13599125688629649,0.3033864988476103,0.6552356879389306,858,78
gvc,Adverse forward-GVC deviation stability,DNK,R1,0.3877419734441201,0.2676043841178294,0.1514687447636501,847,77
gvc,Adverse forward-GVC deviation stability,DNK,R2,-0.13628973252490473,0.30324554622928535,0.6543956714733711,847,77
gvc,Adverse forward-GVC deviation stability,DOM,R1,0.38774197344412326,0.2675215331383827,0.1512905216270863,858,78
gvc,Adverse forward-GVC deviation stability,DOM,R2,-0.13599125688629649,0.3033864988476103,0.6552356879389306,858,78
gvc,Adverse forward-GVC deviation stability,DZA,R1,0.38774197344412326,0.2675215331383827,0.1512905216270863,858,78
gvc,Adverse forward-GVC deviation stability,DZA,R2,-0.13599125688629649,0.3033864988476103,0.6552356879389306,858,78
gvc,Adverse forward-GVC deviation stability,ECU,R1,0.38774197344412326,0.2675215331383827,0.1512905216270863,858,78
gvc,Adverse forward-GVC deviation stability,ECU,R2,-0.13599125688629649,0.3033864988476103,0.6552356879389306,858,78
gvc,Adverse forward-GVC deviation stability,EGY,R1,0.4006794819945473,0.26913295423012723,0.14068360180033665,847,77
gvc,Adverse forward-GVC deviation stability,EGY,R2,-0.1359912568863152,0.3034804571480406,0.655351918405173,847,77
gvc,Adverse forward-GVC deviation stability,ERI,R1,0.38774197344412326,0.2675215331383827,0.1512905216270863,858,78
gvc,Adverse forward-GVC deviation stability,ERI,R2,-0.13599125688629649,0.3033864988476103,0.6552356879389306,858,78
gvc,Adverse forward-GVC deviation stability,ESP,R1,0.38774197344412076,0.26760438411782905,0.15146874476364897,847,77
gvc,Adverse forward-GVC deviation stability,ESP,R2,-0.14329007142179884,0.30541280944565113,0.6402923576572034,847,77
gvc,Adverse forward-GVC deviation stability,EST,R1,0.3877419734441363,0.2676043841178333,0.15146874476363922,847,77
gvc,Adverse forward-GVC deviation stability,EST,R2,-0.1370928661787908,0.3036936494289679,0.6529736434285822,847,77
gvc,Adverse forward-GVC deviation stability,ETH,R1,0.38774197344412326,0.2675215331383827,0.1512905216270863,858,78
gvc,Adverse forward-GVC deviation stability,ETH,R2,-0.13599125688629649,0.3033864988476103,0.6552356879389306,858,78
gvc,Adverse forward-GVC deviation stability,FIN,R1,0.3877419734441269,0.2676043841178325,0.15146874476364772,847,77
gvc,Adverse forward-GVC deviation stability,FIN,R2,-0.09256727757236549,0.304524541208713,0.7619790556422137,847,77
gvc,Adverse forward-GVC deviation stability,FJI,R1,0.38774197344412326,0.2675215331383827,0.1512905216270863,858,78
gvc,Adverse forward-GVC deviation stability,FJI,R2,-0.13599125688629649,0.3033864988476103,0.6552356879389306,858,78
gvc,Adverse forward-GVC deviation stability,FLK,R1,0.38774197344412326,0.2675215331383827,0.1512905216270863,858,78
gvc,Adverse forward-GVC deviation stability,FLK,R2,-0.13599125688629649,0.3033864988476103,0.6552356879389306,858,78
gvc,Adverse forward-GVC deviation stability,FRA,R1,0.3877419734441314,0.26760438411783194,0.15146874476364228,847,77
gvc,Adverse forward-GVC deviation stability,FRA,R2,-0.13491361128746415,0.30326611741502907,0.6576790494854645,847,77
gvc,Adverse forward-GVC deviation stability,FRO,R1,0.38774197344412326,0.2675215331383827,0.1512905216270863,858,78
gvc,Adverse forward-GVC deviation stability,FRO,R2,-0.13599125688629649,0.3033864988476103,0.6552356879389306,858,78
gvc,Adverse forward-GVC deviation stability,FSM,R1,0.38774197344412326,0.2675215331383827,0.1512905216270863,858,78
gvc,Adverse forward-GVC deviation stability,FSM,R2,-0.13599125688629649,0.3033864988476103,0.6552356879389306,858,78
gvc,Adverse forward-GVC deviation stability,GAB,R1,0.38774197344412326,0.2675215331383827,0.1512905216270863,858,78
gvc,Adverse forward-GVC deviation stability,GAB,R2,-0.13599125688629649,0.3033864988476103,0.6552356879389306,858,78
gvc,Adverse forward-GVC deviation stability,GBR,R1,0.3877419734441369,0.2676043841178353,0.15146874476364164,847,77
gvc,Adverse forward-GVC deviation stability,GBR,R2,-0.13634641500647698,0.30279318527522764,0.6537792793185527,847,77
gvc,Adverse forward-GVC deviation stability,GEO,R1,0.38774197344412326,0.2675215331383827,0.1512905216270863,858,78
gvc,Adverse forward-GVC deviation stability,GEO,R2,-0.13599125688629649,0.3033864988476103,0.6552356879389306,858,78
gvc,Adverse forward-GVC deviation stability,GHA,R1,0.38774197344412326,0.2675215331383827,0.1512905216270863,858,78
gvc,Adverse forward-GVC deviation stability,GHA,R2,-0.13599125688629649,0.3033864988476103,0.6552356879389306,858,78
gvc,Adverse forward-GVC deviation stability,GIB,R1,0.38774197344412326,0.2675215331383827,0.1512905216270863,858,78
gvc,Adverse forward-GVC deviation stability,GIB,R2,-0.13599125688629649,0.3033864988476103,0.6552356879389306,858,78
gvc,Adverse forward-GVC deviation stability,GIN,R1,0.38774197344412326,0.2675215331383827,0.1512905216270863,858,78
gvc,Adverse forward-GVC deviation stability,GIN,R2,-0.13599125688629649,0.3033864988476103,0.6552356879389306,858,78
gvc,Adverse forward-GVC deviation stability,GMB,R1,0.38774197344412326,0.2675215331383827,0.1512905216270863,858,78
gvc,Adverse forward-GVC deviation stability,GMB,R2,-0.13599125688629649,0.3033864988476103,0.6552356879389306,858,78
gvc,Adverse forward-GVC deviation stability,GNB,R1,0.38774197344412326,0.2675215331383827,0.1512905216270863,858,78
gvc,Adverse forward-GVC deviation stability,GNB,R2,-0.13599125688629649,0.3033864988476103,0.6552356879389306,858,78
gvc,Adverse forward-GVC deviation stability,GNQ,R1,0.38774197344412326,0.2675215331383827,0.1512905216270863,858,78
gvc,Adverse forward-GVC deviation stability,GNQ,R2,-0.13599125688629649,0.3033864988476103,0.6552356879389306,858,78
gvc,Adverse forward-GVC deviation stability,GRC,R1,0.3877419734441261,0.2676043841178308,0.15146874476364597,847,77
gvc,Adverse forward-GVC deviation stability,GRC,R2,-0.12223324985951312,0.33667721635289394,0.7175696281621476,847,77
gvc,Adverse forward-GVC deviation stability,GRD,R1,0.38774197344412326,0.2675215331383827,0.1512905216270863,858,78
gvc,Adverse forward-GVC deviation stability,GRD,R2,-0.13599125688629649,0.3033864988476103,0.6552356879389306,858,78
gvc,Adverse forward-GVC deviation stability,GRL,R1,0.38774197344412326,0.2675215331383827,0.1512905216270863,858,78
gvc,Adverse forward-GVC deviation stability,GRL,R2,-0.13599125688629649,0.3033864988476103,0.6552356879389306,858,78
gvc,Adverse forward-GVC deviation stability,GTM,R1,0.38774197344412326,0.2675215331383827,0.1512905216270863,858,78
gvc,Adverse forward-GVC deviation stability,GTM,R2,-0.13599125688629649,0.3033864988476103,0.6552356879389306,858,78
gvc,Adverse forward-GVC deviation stability,GUM,R1,0.38774197344412326,0.2675215331383827,0.1512905216270863,858,78
gvc,Adverse forward-GVC deviation stability,GUM,R2,-0.13599125688629649,0.3033864988476103,0.6552356879389306,858,78
gvc,Adverse forward-GVC deviation stability,GUY,R1,0.38774197344412326,0.2675215331383827,0.1512905216270863,858,78
gvc,Adverse forward-GVC deviation stability,GUY,R2,-0.13599125688629649,0.3033864988476103,0.6552356879389306,858,78
gvc,Adverse forward-GVC deviation stability,HKG,R1,0.38774197344413364,0.26760438411783266,0.15146874476364097,847,77
gvc,Adverse forward-GVC deviation stability,HKG,R2,-0.12717338392715083,0.3281935855912299,0.6994728524575571,847,77
gvc,Adverse forward-GVC deviation stability,HMD,R1,0.38774197344412326,0.2675215331383827,0.1512905216270863,858,78
gvc,Adverse forward-GVC deviation stability,HMD,R2,-0.13599125688629649,0.3033864988476103,0.6552356879389306,858,78
gvc,Adverse forward-GVC deviation stability,HND,R1,0.38774197344412326,0.2675215331383827,0.1512905216270863,858,78
gvc,Adverse forward-GVC deviation stability,HND,R2,-0.13599125688629649,0.3033864988476103,0.6552356879389306,858,78
gvc,Adverse forward-GVC deviation stability,HRV,R1,0.38774197344412825,0.2676043841178311,0.15146874476364422,847,77
gvc,Adverse forward-GVC deviation stability,HRV,R2,-0.13894144040979045,0.30608463970349087,0.6511718338727591,847,77
gvc,Adverse forward-GVC deviation stability,HTI,R1,0.38774197344412326,0.2675215331383827,0.1512905216270863,858,78
gvc,Adverse forward-GVC deviation stability,HTI,R2,-0.13599125688629649,0.3033864988476103,0.6552356879389306,858,78
gvc,Adverse forward-GVC deviation stability,HUN,R1,0.3877419734441195,0.2676043841178277,0.15146874476364824,847,77
gvc,Adverse forward-GVC deviation stability,HUN,R2,-0.13003800823304396,0.3061398937430448,0.672206964818722,847,77
gvc,Adverse forward-GVC deviation stability,IDN,R1,0.38772714607670294,0.26749827335330095,0.15132414136518413,847,77
gvc,Adverse forward-GVC deviation stability,IDN,R2,-0.1359912568863158,0.30348045714804267,0.6553519184051738,847,77
gvc,Adverse forward-GVC deviation stability,IND,R1,0.38830205535210577,0.2675389506048844,0.15078810582066518,847,77
gvc,Adverse forward-GVC deviation stability,IND,R2,-0.1359912568863147,0.3034804571480411,0.6553519184051748,847,77
gvc,Adverse forward-GVC deviation stability,IRL,R1,0.3877419734441214,0.2676043841178286,0.1514687447636476,847,77
gvc,Adverse forward-GVC deviation stability,IRL,R2,-0.136505531029115,0.30543169790175273,0.656199151674112,847,77
gvc,Adverse forward-GVC deviation stability,IRN,R1,0.38774197344412326,0.2675215331383827,0.1512905216270863,858,78
gvc,Adverse forward-GVC deviation stability,IRN,R2,-0.13599125688629649,0.3033864988476103,0.6552356879389306,858,78
gvc,Adverse forward-GVC deviation stability,IRQ,R1,0.38774197344412326,0.2675215331383827,0.1512905216270863,858,78
gvc,Adverse forward-GVC deviation stability,IRQ,R2,-0.13599125688629649,0.3033864988476103,0.6552356879389306,858,78
gvc,Adverse forward-GVC deviation stability,ISL,R1,0.38774197344411787,0.2676043841178268,0.15146874476364852,847,77
gvc,Adverse forward-GVC deviation stability,ISL,R2,-0.02794560459114137,0.3090280651593043,0.9281829222077507,847,77
gvc,Adverse forward-GVC deviation stability,ISR,R1,0.38774197344413897,0.2676043841178355,0.15146874476363964,847,77
gvc,Adverse forward-GVC deviation stability,ISR,R2,-0.14860621111304306,0.311806865663695,0.6350165891848909,847,77
gvc,Adverse forward-GVC deviation stability,ITA,R1,0.3877419734441303,0.2676043841178321,0.15146874476364358,847,77
gvc,Adverse forward-GVC deviation stability,ITA,R2,-0.13177764970729067,0.3035695130495744,0.6654501886302285,847,77
gvc,Adverse forward-GVC deviation stability,JAM,R1,0.38774197344412326,0.2675215331383827,0.1512905216270863,858,78
gvc,Adverse forward-GVC deviation stability,JAM,R2,-0.13599125688629649,0.3033864988476103,0.6552356879389306,858,78
gvc,Adverse forward-GVC deviation stability,JOR,R1,0.3892217444076442,0.267306286826468,0.14948683548187777,847,77
gvc,Adverse forward-GVC deviation stability,JOR,R2,-0.13599125688631236,0.30348045714804156,0.6553519184051808,847,77
gvc,Adverse forward-GVC deviation stability,JPN,R1,0.38774197344412986,0.2676043841178317,0.1514687447636435,847,77
gvc,Adverse forward-GVC deviation stability,JPN,R2,0.04263330988944469,0.3121964083896233,0.8917402814932246,847,77
gvc,Adverse forward-GVC deviation stability,KAZ,R1,0.4017967735271887,0.2643467684731161,0.13267035173084624,847,77
gvc,Adverse forward-GVC deviation stability,KAZ,R2,-0.1359912568863132,0.3034804571480414,0.6553519184051787,847,77
gvc,Adverse forward-GVC deviation stability,KEN,R1,0.38774197344412326,0.2675215331383827,0.1512905216270863,858,78
gvc,Adverse forward-GVC deviation stability,KEN,R2,-0.13599125688629649,0.3033864988476103,0.6552356879389306,858,78
gvc,Adverse forward-GVC deviation stability,KGZ,R1,0.38774197344412326,0.2675215331383827,0.1512905216270863,858,78
gvc,Adverse forward-GVC deviation stability,KGZ,R2,-0.13599125688629649,0.3033864988476103,0.6552356879389306,858,78
gvc,Adverse forward-GVC deviation stability,KHM,R1,0.38505091245426815,0.26990773295245574,0.15778993652291495,847,77
gvc,Adverse forward-GVC deviation stability,KHM,R2,-0.13599125688631586,0.303480457148041,0.655351918405172,847,77
gvc,Adverse forward-GVC deviation stability,KIR,R1,0.38774197344412326,0.2675215331383827,0.1512905216270863,858,78
gvc,Adverse forward-GVC deviation stability,KIR,R2,-0.13599125688629649,0.3033864988476103,0.6552356879389306,858,78
gvc,Adverse forward-GVC deviation stability,KNA,R1,0.38774197344412326,0.2675215331383827,0.1512905216270863,858,78
gvc,Adverse forward-GVC deviation stability,KNA,R2,-0.13599125688629649,0.3033864988476103,0.6552356879389306,858,78
gvc,Adverse forward-GVC deviation stability,KOR,R1,0.3877419734441396,0.2676043841178333,0.15146874476363584,847,77
gvc,Adverse forward-GVC deviation stability,KOR,R2,-0.34308673419479535,0.22446944516189213,0.13055638264803648,847,77
gvc,Adverse forward-GVC deviation stability,KWT,R1,0.38774197344412326,0.2675215331383827,0.1512905216270863,858,78
gvc,Adverse forward-GVC deviation stability,KWT,R2,-0.13599125688629649,0.3033864988476103,0.6552356879389306,858,78
gvc,Adverse forward-GVC deviation stability,LAO,R1,0.42330398536576086,0.25901708338294166,0.10633794896529539,847,77
gvc,Adverse forward-GVC deviation stability,LAO,R2,-0.13599125688631852,0.3034804571480414,0.655351918405166,847,77
gvc,Adverse forward-GVC deviation stability,LBN,R1,0.38774197344412326,0.2675215331383827,0.1512905216270863,858,78
gvc,Adverse forward-GVC deviation stability,LBN,R2,-0.13599125688629649,0.3033864988476103,0.6552356879389306,858,78
gvc,Adverse forward-GVC deviation stability,LBR,R1,0.38774197344412326,0.2675215331383827,0.1512905216270863,858,78
gvc,Adverse forward-GVC deviation stability,LBR,R2,-0.13599125688629649,0.3033864988476103,0.6552356879389306,858,78
gvc,Adverse forward-GVC deviation stability,LBY,R1,0.38774197344412326,0.2675215331383827,0.1512905216270863,858,78
gvc,Adverse forward-GVC deviation stability,LBY,R2,-0.13599125688629649,0.3033864988476103,0.6552356879389306,858,78
gvc,Adverse forward-GVC deviation stability,LCA,R1,0.38774197344412326,0.2675215331383827,0.1512905216270863,858,78
gvc,Adverse forward-GVC deviation stability,LCA,R2,-0.13599125688629649,0.3033864988476103,0.6552356879389306,858,78
gvc,Adverse forward-GVC deviation stability,LKA,R1,0.38774197344412326,0.2675215331383827,0.1512905216270863,858,78
gvc,Adverse forward-GVC deviation stability,LKA,R2,-0.13599125688629649,0.3033864988476103,0.6552356879389306,858,78
gvc,Adverse forward-GVC deviation stability,LSO,R1,0.38774197344412326,0.2675215331383827,0.1512905216270863,858,78
gvc,Adverse forward-GVC deviation stability,LSO,R2,-0.13599125688629649,0.3033864988476103,0.6552356879389306,858,78
gvc,Adverse forward-GVC deviation stability,LTU,R1,0.3877419734441257,0.2676043841178309,0.15146874476364647,847,77
gvc,Adverse forward-GVC deviation stability,LTU,R2,-0.14347502403639018,0.3057299818066369,0.6402082459711668,847,77
gvc,Adverse forward-GVC deviation stability,LUX,R1,0.3877419734441337,0.2676043841178327,0.15146874476364097,847,77
gvc,Adverse forward-GVC deviation stability,LUX,R2,-0.1797067347132963,0.29904203031454224,0.5496671328483246,847,77
gvc,Adverse forward-GVC deviation stability,LVA,R1,0.38774197344412525,0.2676043841178293,0.15146874476364458,847,77
gvc,Adverse forward-GVC deviation stability,LVA,R2,-0.14385078012020108,0.30758785457706683,0.6413561682600998,847,77
gvc,Adverse forward-GVC deviation stability,MAC,R1,0.38774197344412326,0.2675215331383827,0.1512905216270863,858,78
gvc,Adverse forward-GVC deviation stability,MAC,R2,-0.13599125688629649,0.3033864988476103,0.6552356879389306,858,78
gvc,Adverse forward-GVC deviation stability,MAR,R1,0.4377999517726569,0.28768578399075206,0.13220948432712593,847,77
gvc,Adverse forward-GVC deviation stability,MAR,R2,-0.1359912568863209,0.3034804571480406,0.6553519184051596,847,77
gvc,Adverse forward-GVC deviation stability,MDA,R1,0.38774197344412326,0.2675215331383827,0.1512905216270863,858,78
gvc,Adverse forward-GVC deviation stability,MDA,R2,-0.13599125688629649,0.3033864988476103,0.6552356879389306,858,78
gvc,Adverse forward-GVC deviation stability,MDG,R1,0.38774197344412326,0.2675215331383827,0.1512905216270863,858,78
gvc,Adverse forward-GVC deviation stability,MDG,R2,-0.13599125688629649,0.3033864988476103,0.6552356879389306,858,78
gvc,Adverse forward-GVC deviation stability,MDV,R1,0.38774197344412326,0.2675215331383827,0.1512905216270863,858,78
gvc,Adverse forward-GVC deviation stability,MDV,R2,-0.13599125688629649,0.3033864988476103,0.6552356879389306,858,78
gvc,Adverse forward-GVC deviation stability,MEX,R1,0.4955164698041505,0.3189539243013501,0.12444223391010258,847,77
gvc,Adverse forward-GVC deviation stability,MEX,R2,-0.13599125688630626,0.3034804571480412,0.6553519184051949,847,77
gvc,Adverse forward-GVC deviation stability,MHL,R1,0.38774197344412326,0.2675215331383827,0.1512905216270863,858,78
gvc,Adverse forward-GVC deviation stability,MHL,R2,-0.13599125688629649,0.3033864988476103,0.6552356879389306,858,78
gvc,Adverse forward-GVC deviation stability,MKD,R1,0.38774197344412326,0.2675215331383827,0.1512905216270863,858,78
gvc,Adverse forward-GVC deviation stability,MKD,R2,-0.13599125688629649,0.3033864988476103,0.6552356879389306,858,78
gvc,Adverse forward-GVC deviation stability,MLI,R1,0.38774197344412326,0.2675215331383827,0.1512905216270863,858,78
gvc,Adverse forward-GVC deviation stability,MLI,R2,-0.13599125688629649,0.3033864988476103,0.6552356879389306,858,78
gvc,Adverse forward-GVC deviation stability,MLT,R1,0.38774197344413724,0.26760438411783477,0.15146874476364047,847,77
gvc,Adverse forward-GVC deviation stability,MLT,R2,-0.13400985995054798,0.30384420306455673,0.6604304388785881,847,77
gvc,Adverse forward-GVC deviation stability,MMR,R1,0.3054716816549474,0.30362847095512313,0.31757409686659577,847,77
gvc,Adverse forward-GVC deviation stability,MMR,R2,-0.1359912568863174,0.3034804571480416,0.6553519184051688,847,77
gvc,Adverse forward-GVC deviation stability,MNE,R1,0.38774197344412326,0.2675215331383827,0.1512905216270863,858,78
gvc,Adverse forward-GVC deviation stability,MNE,R2,-0.13599125688629649,0.3033864988476103,0.6552356879389306,858,78
gvc,Adverse forward-GVC deviation stability,MNG,R1,0.38774197344412326,0.2675215331383827,0.1512905216270863,858,78
gvc,Adverse forward-GVC deviation stability,MNG,R2,-0.13599125688629649,0.3033864988476103,0.6552356879389306,858,78
gvc,Adverse forward-GVC deviation stability,MNP,R1,0.38774197344412326,0.2675215331383827,0.1512905216270863,858,78
gvc,Adverse forward-GVC deviation stability,MNP,R2,-0.13599125688629649,0.3033864988476103,0.6552356879389306,858,78
gvc,Adverse forward-GVC deviation stability,MOZ,R1,0.38774197344412326,0.2675215331383827,0.1512905216270863,858,78
gvc,Adverse forward-GVC deviation stability,MOZ,R2,-0.13599125688629649,0.3033864988476103,0.6552356879389306,858,78
gvc,Adverse forward-GVC deviation stability,MRT,R1,0.38774197344412326,0.2675215331383827,0.1512905216270863,858,78
gvc,Adverse forward-GVC deviation stability,MRT,R2,-0.13599125688629649,0.3033864988476103,0.6552356879389306,858,78
gvc,Adverse forward-GVC deviation stability,MSR,R1,0.38774197344412326,0.2675215331383827,0.1512905216270863,858,78
gvc,Adverse forward-GVC deviation stability,MSR,R2,-0.13599125688629649,0.3033864988476103,0.6552356879389306,858,78
gvc,Adverse forward-GVC deviation stability,MUS,R1,0.38774197344412326,0.2675215331383827,0.1512905216270863,858,78
gvc,Adverse forward-GVC deviation stability,MUS,R2,-0.13599125688629649,0.3033864988476103,0.6552356879389306,858,78
gvc,Adverse forward-GVC deviation stability,MWI,R1,0.38774197344412326,0.2675215331383827,0.1512905216270863,858,78
gvc,Adverse forward-GVC deviation stability,MWI,R2,-0.13599125688629649,0.3033864988476103,0.6552356879389306,858,78
gvc,Adverse forward-GVC deviation stability,MYS,R1,0.3882990151100463,0.26756208382132834,0.15082609472452954,847,77
gvc,Adverse forward-GVC deviation stability,MYS,R2,-0.1359912568863174,0.30348045714804167,0.6553519184051688,847,77
gvc,Adverse forward-GVC deviation stability,NAM,R1,0.38774197344412326,0.2675215331383827,0.1512905216270863,858,78
gvc,Adverse forward-GVC deviation stability,NAM,R2,-0.13599125688629649,0.3033864988476103,0.6552356879389306,858,78
gvc,Adverse forward-GVC deviation stability,NCL,R1,0.38774197344412326,0.2675215331383827,0.1512905216270863,858,78
gvc,Adverse forward-GVC deviation stability,NCL,R2,-0.13599125688629649,0.3033864988476103,0.6552356879389306,858,78
gvc,Adverse forward-GVC deviation stability,NER,R1,0.38774197344412326,0.2675215331383827,0.1512905216270863,858,78
gvc,Adverse forward-GVC deviation stability,NER,R2,-0.13599125688629649,0.3033864988476103,0.6552356879389306,858,78
gvc,Adverse forward-GVC deviation stability,NFK,R1,0.38774197344412326,0.2675215331383827,0.1512905216270863,858,78
gvc,Adverse forward-GVC deviation stability,NFK,R2,-0.13599125688629649,0.3033864988476103,0.6552356879389306,858,78
gvc,Adverse forward-GVC deviation stability,NGA,R1,0.3422092792435699,0.2841995345215562,0.23228144317227697,847,77
gvc,Adverse forward-GVC deviation stability,NGA,R2,-0.13599125688631136,0.3034804571480418,0.6553519184051834,847,77
gvc,Adverse forward-GVC deviation stability,NIC,R1,0.38774197344412326,0.2675215331383827,0.1512905216270863,858,78
gvc,Adverse forward-GVC deviation stability,NIC,R2,-0.13599125688629649,0.3033864988476103,0.6552356879389306,858,78
gvc,Adverse forward-GVC deviation stability,NIU,R1,0.38774197344412326,0.2675215331383827,0.1512905216270863,858,78
gvc,Adverse forward-GVC deviation stability,NIU,R2,-0.13599125688629649,0.3033864988476103,0.6552356879389306,858,78
gvc,Adverse forward-GVC deviation stability,NLD,R1,0.38774197344410677,0.26760438411782306,0.15146874476365454,847,77
gvc,Adverse forward-GVC deviation stability,NLD,R2,-0.13580404310604366,0.30361335128234584,0.6559359477232115,847,77
gvc,Adverse forward-GVC deviation stability,NOR,R1,0.38774197344413586,0.2676043841178345,0.15146874476364144,847,77
gvc,Adverse forward-GVC deviation stability,NOR,R2,-0.13531157916333414,0.3035962379975416,0.6570840590050869,847,77
gvc,Adverse forward-GVC deviation stability,NPL,R1,0.38774197344412326,0.2675215331383827,0.1512905216270863,858,78
gvc,Adverse forward-GVC deviation stability,NPL,R2,-0.13599125688629649,0.3033864988476103,0.6552356879389306,858,78
gvc,Adverse forward-GVC deviation stability,NRU,R1,0.38774197344412326,0.2675215331383827,0.1512905216270863,858,78
gvc,Adverse forward-GVC deviation stability,NRU,R2,-0.13599125688629649,0.3033864988476103,0.6552356879389306,858,78
gvc,Adverse forward-GVC deviation stability,NZL,R1,0.38774197344413586,0.26760438411783477,0.15146874476364186,847,77
gvc,Adverse forward-GVC deviation stability,NZL,R2,-0.13617981594564244,0.3037315845612073,0.6551720937385064,847,77
gvc,Adverse forward-GVC deviation stability,OMN,R1,0.38774197344412326,0.2675215331383827,0.1512905216270863,858,78
gvc,Adverse forward-GVC deviation stability,OMN,R2,-0.13599125688629649,0.3033864988476103,0.6552356879389306,858,78
gvc,Adverse forward-GVC deviation stability,PAK,R1,0.3828666453589968,0.2696834915155905,0.15978721257582415,847,77
gvc,Adverse forward-GVC deviation stability,PAK,R2,-0.13599125688631625,0.3034804571480417,0.6553519184051718,847,77
gvc,Adverse forward-GVC deviation stability,PAN,R1,0.38774197344412326,0.2675215331383827,0.1512905216270863,858,78
gvc,Adverse forward-GVC deviation stability,PAN,R2,-0.13599125688629649,0.3033864988476103,0.6552356879389306,858,78
gvc,Adverse forward-GVC deviation stability,PCN,R1,0.38774197344412326,0.2675215331383827,0.1512905216270863,858,78
gvc,Adverse forward-GVC deviation stability,PCN,R2,-0.13599125688629649,0.3033864988476103,0.6552356879389306,858,78
gvc,Adverse forward-GVC deviation stability,PER,R1,0.35102825633495094,0.28633305657197083,0.22400498895924675,847,77
gvc,Adverse forward-GVC deviation stability,PER,R2,-0.13599125688630548,0.3034804571480415,0.6553519184051971,847,77
gvc,Adverse forward-GVC deviation stability,PHL,R1,0.38766066636166896,0.2675271379171387,0.15143686866016617,847,77
gvc,Adverse forward-GVC deviation stability,PHL,R2,-0.13599125688631586,0.3034804571480424,0.6553519184051734,847,77
gvc,Adverse forward-GVC deviation stability,PLW,R1,0.38774197344412326,0.2675215331383827,0.1512905216270863,858,78
gvc,Adverse forward-GVC deviation stability,PLW,R2,-0.13599125688629649,0.3033864988476103,0.6552356879389306,858,78
gvc,Adverse forward-GVC deviation stability,PNG,R1,0.38774197344412326,0.2675215331383827,0.1512905216270863,858,78
gvc,Adverse forward-GVC deviation stability,PNG,R2,-0.13599125688629649,0.3033864988476103,0.6552356879389306,858,78
gvc,Adverse forward-GVC deviation stability,POL,R1,0.3877419734441355,0.267604384117833,0.15146874476363947,847,77
gvc,Adverse forward-GVC deviation stability,POL,R2,-0.1335003591993843,0.303383418165311,0.6611581919032998,847,77
gvc,Adverse forward-GVC deviation stability,PRK,R1,0.38774197344412326,0.2675215331383827,0.1512905216270863,858,78
gvc,Adverse forward-GVC deviation stability,PRK,R2,-0.13599125688629649,0.3033864988476103,0.6552356879389306,858,78
gvc,Adverse forward-GVC deviation stability,PRT,R1,0.387741973444119,0.2676043841178288,0.15146874476365038,847,77
gvc,Adverse forward-GVC deviation stability,PRT,R2,-0.14694644828926362,0.31038793642876417,0.637264689501308,847,77
gvc,Adverse forward-GVC deviation stability,PRY,R1,0.38774197344412326,0.2675215331383827,0.1512905216270863,858,78
gvc,Adverse forward-GVC deviation stability,PRY,R2,-0.13599125688629649,0.3033864988476103,0.6552356879389306,858,78
gvc,Adverse forward-GVC deviation stability,PSE,R1,0.38774197344412326,0.2675215331383827,0.1512905216270863,858,78
gvc,Adverse forward-GVC deviation stability,PSE,R2,-0.13599125688629649,0.3033864988476103,0.6552356879389306,858,78
gvc,Adverse forward-GVC deviation stability,PYF,R1,0.38774197344412326,0.2675215331383827,0.1512905216270863,858,78
gvc,Adverse forward-GVC deviation stability,PYF,R2,-0.13599125688629649,0.3033864988476103,0.6552356879389306,858,78
gvc,Adverse forward-GVC deviation stability,QAT,R1,0.38774197344412326,0.2675215331383827,0.1512905216270863,858,78
gvc,Adverse forward-GVC deviation stability,QAT,R2,-0.13599125688629649,0.3033864988476103,0.6552356879389306,858,78
gvc,Adverse forward-GVC deviation stability,ROU,R1,0.42399183430311854,0.27491105603907523,0.1271575744873944,847,77
gvc,Adverse forward-GVC deviation stability,ROU,R2,-0.1359912568863158,0.303480457148041,0.655351918405172,847,77
gvc,Adverse forward-GVC deviation stability,RUS,R1,0.37916324059143214,0.2666057754032326,0.15906326424011338,847,77
gvc,Adverse forward-GVC deviation stability,RUS,R2,-0.13599125688631442,0.30348045714804145,0.6553519184051758,847,77
gvc,Adverse forward-GVC deviation stability,RWA,R1,0.38774197344412326,0.2675215331383827,0.1512905216270863,858,78
gvc,Adverse forward-GVC deviation stability,RWA,R2,-0.13599125688629649,0.3033864988476103,0.6552356879389306,858,78
gvc,Adverse forward-GVC deviation stability,SAU,R1,0.3859346726715406,0.26693574839353,0.15234566345763553,847,77
gvc,Adverse forward-GVC deviation stability,SAU,R2,-0.1359912568863163,0.30348045714804206,0.655351918405172,847,77
gvc,Adverse forward-GVC deviation stability,SDN,R1,0.38774197344412326,0.2675215331383827,0.1512905216270863,858,78
gvc,Adverse forward-GVC deviation stability,SDN,R2,-0.13599125688629649,0.3033864988476103,0.6552356879389306,858,78
gvc,Adverse forward-GVC deviation stability,SEN,R1,0.3989984749012492,0.2727771958133336,0.14766549343167043,847,77
gvc,Adverse forward-GVC deviation stability,SEN,R2,-0.13599125688630664,0.3034804571480416,0.6553519184051945,847,77
gvc,Adverse forward-GVC deviation stability,SGP,R1,0.387741973444131,0.2676043841178331,0.1514687447636444,847,77
gvc,Adverse forward-GVC deviation stability,SGP,R2,-0.13667440644592915,0.3037417952417012,0.6540136161127136,847,77
gvc,Adverse forward-GVC deviation stability,SGS,R1,0.38774197344412326,0.2675215331383827,0.1512905216270863,858,78
gvc,Adverse forward-GVC deviation stability,SGS,R2,-0.13599125688629649,0.3033864988476103,0.6552356879389306,858,78
gvc,Adverse forward-GVC deviation stability,SHN,R1,0.38774197344412326,0.2675215331383827,0.1512905216270863,858,78
gvc,Adverse forward-GVC deviation stability,SHN,R2,-0.13599125688629649,0.3033864988476103,0.6552356879389306,858,78
gvc,Adverse forward-GVC deviation stability,SLB,R1,0.38774197344412326,0.2675215331383827,0.1512905216270863,858,78
gvc,Adverse forward-GVC deviation stability,SLB,R2,-0.13599125688629649,0.3033864988476103,0.6552356879389306,858,78
gvc,Adverse forward-GVC deviation stability,SLE,R1,0.38774197344412326,0.2675215331383827,0.1512905216270863,858,78
gvc,Adverse forward-GVC deviation stability,SLE,R2,-0.13599125688629649,0.3033864988476103,0.6552356879389306,858,78
gvc,Adverse forward-GVC deviation stability,SLV,R1,0.38774197344412326,0.2675215331383827,0.1512905216270863,858,78
gvc,Adverse forward-GVC deviation stability,SLV,R2,-0.13599125688629649,0.3033864988476103,0.6552356879389306,858,78
gvc,Adverse forward-GVC deviation stability,SMR,R1,0.38774197344412326,0.2675215331383827,0.1512905216270863,858,78
gvc,Adverse forward-GVC deviation stability,SMR,R2,-0.13599125688629649,0.3033864988476103,0.6552356879389306,858,78
gvc,Adverse forward-GVC deviation stability,SOM,R1,0.38774197344412326,0.2675215331383827,0.1512905216270863,858,78
gvc,Adverse forward-GVC deviation stability,SOM,R2,-0.13599125688629649,0.3033864988476103,0.6552356879389306,858,78
gvc,Adverse forward-GVC deviation stability,SPM,R1,0.38774197344412326,0.2675215331383827,0.1512905216270863,858,78
gvc,Adverse forward-GVC deviation stability,SPM,R2,-0.13599125688629649,0.3033864988476103,0.6552356879389306,858,78
gvc,Adverse forward-GVC deviation stability,SRB,R1,0.38774197344412326,0.2675215331383827,0.1512905216270863,858,78
gvc,Adverse forward-GVC deviation stability,SRB,R2,-0.13599125688629649,0.3033864988476103,0.6552356879389306,858,78
gvc,Adverse forward-GVC deviation stability,SSD,R1,0.38774197344412326,0.2675215331383827,0.1512905216270863,858,78
gvc,Adverse forward-GVC deviation stability,SSD,R2,-0.13599125688629649,0.3033864988476103,0.6552356879389306,858,78
gvc,Adverse forward-GVC deviation stability,STP,R1,0.38652103948914285,0.2666972532190531,0.15137117652397028,847,77
gvc,Adverse forward-GVC deviation stability,STP,R2,-0.13599125688631775,0.30348045714804106,0.6553519184051675,847,77
gvc,Adverse forward-GVC deviation stability,SUR,R1,0.38774197344412326,0.2675215331383827,0.1512905216270863,858,78
gvc,Adverse forward-GVC deviation stability,SUR,R2,-0.13599125688629649,0.3033864988476103,0.6552356879389306,858,78
gvc,Adverse forward-GVC deviation stability,SVK,R1,0.38774197344411515,0.26760438411782544,0.15146874476364935,847,77
gvc,Adverse forward-GVC deviation stability,SVK,R2,-0.17235015282975158,0.30106839901096966,0.5686988222954447,847,77
gvc,Adverse forward-GVC deviation stability,SVN,R1,0.3877419734441277,0.2676043841178312,0.15146874476364505,847,77
gvc,Adverse forward-GVC deviation stability,SVN,R2,-0.09409916683695552,0.3080288998606233,0.7608295746834774,847,77
gvc,Adverse forward-GVC deviation stability,SWE,R1,0.3877419734441211,0.26760438411782816,0.1514687447636472,847,77
gvc,Adverse forward-GVC deviation stability,SWE,R2,-0.1529942290178793,0.30720856786520034,0.6199121034140797,847,77
gvc,Adverse forward-GVC deviation stability,SWZ,R1,0.38774197344412326,0.2675215331383827,0.1512905216270863,858,78
gvc,Adverse forward-GVC deviation stability,SWZ,R2,-0.13599125688629649,0.3033864988476103,0.6552356879389306,858,78
gvc,Adverse forward-GVC deviation stability,SXM,R1,0.38774197344412326,0.2675215331383827,0.1512905216270863,858,78
gvc,Adverse forward-GVC deviation stability,SXM,R2,-0.13599125688629649,0.3033864988476103,0.6552356879389306,858,78
gvc,Adverse forward-GVC deviation stability,SYC,R1,0.38774197344412326,0.2675215331383827,0.1512905216270863,858,78
gvc,Adverse forward-GVC deviation stability,SYC,R2,-0.13599125688629649,0.3033864988476103,0.6552356879389306,858,78
gvc,Adverse forward-GVC deviation stability,SYR,R1,0.38774197344412326,0.2675215331383827,0.1512905216270863,858,78
gvc,Adverse forward-GVC deviation stability,SYR,R2,-0.13599125688629649,0.3033864988476103,0.6552356879389306,858,78
gvc,Adverse forward-GVC deviation stability,TCA,R1,0.38774197344412326,0.2675215331383827,0.1512905216270863,858,78
gvc,Adverse forward-GVC deviation stability,TCA,R2,-0.13599125688629649,0.3033864988476103,0.6552356879389306,858,78
gvc,Adverse forward-GVC deviation stability,TCD,R1,0.38774197344412326,0.2675215331383827,0.1512905216270863,858,78
gvc,Adverse forward-GVC deviation stability,TCD,R2,-0.13599125688629649,0.3033864988476103,0.6552356879389306,858,78
gvc,Adverse forward-GVC deviation stability,TGO,R1,0.38774197344412326,0.2675215331383827,0.1512905216270863,858,78
gvc,Adverse forward-GVC deviation stability,TGO,R2,-0.13599125688629649,0.3033864988476103,0.6552356879389306,858,78
gvc,Adverse forward-GVC deviation stability,THA,R1,0.3868668512975227,0.2674508263847805,0.15214962688707184,847,77
gvc,Adverse forward-GVC deviation stability,THA,R2,-0.13599125688630848,0.3034804571480426,0.6553519184051911,847,77
gvc,Adverse forward-GVC deviation stability,TJK,R1,0.38774197344412326,0.2675215331383827,0.1512905216270863,858,78
gvc,Adverse forward-GVC deviation stability,TJK,R2,-0.13599125688629649,0.3033864988476103,0.6552356879389306,858,78
gvc,Adverse forward-GVC deviation stability,TKL,R1,0.38774197344412326,0.2675215331383827,0.1512905216270863,858,78
gvc,Adverse forward-GVC deviation stability,TKL,R2,-0.13599125688629649,0.3033864988476103,0.6552356879389306,858,78
gvc,Adverse forward-GVC deviation stability,TKM,R1,0.38774197344412326,0.2675215331383827,0.1512905216270863,858,78
gvc,Adverse forward-GVC deviation stability,TKM,R2,-0.13599125688629649,0.3033864988476103,0.6552356879389306,858,78
gvc,Adverse forward-GVC deviation stability,TLS,R1,0.38774197344412326,0.2675215331383827,0.1512905216270863,858,78
gvc,Adverse forward-GVC deviation stability,TLS,R2,-0.13599125688629649,0.3033864988476103,0.6552356879389306,858,78
gvc,Adverse forward-GVC deviation stability,TON,R1,0.38774197344412326,0.2675215331383827,0.1512905216270863,858,78
gvc,Adverse forward-GVC deviation stability,TON,R2,-0.13599125688629649,0.3033864988476103,0.6552356879389306,858,78
gvc,Adverse forward-GVC deviation stability,TTO,R1,0.38774197344412326,0.2675215331383827,0.1512905216270863,858,78
gvc,Adverse forward-GVC deviation stability,TTO,R2,-0.13599125688629649,0.3033864988476103,0.6552356879389306,858,78
gvc,Adverse forward-GVC deviation stability,TUN,R1,0.3941604755788775,0.266225622111425,0.14286026629941367,847,77
gvc,Adverse forward-GVC deviation stability,TUN,R2,-0.13599125688631702,0.30348045714804217,0.6553519184051705,847,77
gvc,Adverse forward-GVC deviation stability,TUR,R1,0.3891772819346149,0.26761207803168224,0.14999203256277768,847,77
gvc,Adverse forward-GVC deviation stability,TUR,R2,-0.13599125688631125,0.30348045714804217,0.655351918405184,847,77
gvc,Adverse forward-GVC deviation stability,TUV,R1,0.38774197344412326,0.2675215331383827,0.1512905216270863,858,78
gvc,Adverse forward-GVC deviation stability,TUV,R2,-0.13599125688629649,0.3033864988476103,0.6552356879389306,858,78
gvc,Adverse forward-GVC deviation stability,TWN,R1,0.2659651023675554,0.24999495990643075,0.29075083218227354,847,77
gvc,Adverse forward-GVC deviation stability,TWN,R2,-0.13599125688631802,0.30348045714804184,0.6553519184051677,847,77
gvc,Adverse forward-GVC deviation stability,TZA,R1,0.38774197344412326,0.2675215331383827,0.1512905216270863,858,78
gvc,Adverse forward-GVC deviation stability,TZA,R2,-0.13599125688629649,0.3033864988476103,0.6552356879389306,858,78
gvc,Adverse forward-GVC deviation stability,UGA,R1,0.38774197344412326,0.2675215331383827,0.1512905216270863,858,78
gvc,Adverse forward-GVC deviation stability,UGA,R2,-0.13599125688629649,0.3033864988476103,0.6552356879389306,858,78
gvc,Adverse forward-GVC deviation stability,UKR,R1,0.3935279448487201,0.2683381031417915,0.14662760220374288,847,77
gvc,Adverse forward-GVC deviation stability,UKR,R2,-0.13599125688631208,0.3034804571480416,0.6553519184051815,847,77
gvc,Adverse forward-GVC deviation stability,URY,R1,0.38774197344412326,0.2675215331383827,0.1512905216270863,858,78
gvc,Adverse forward-GVC deviation stability,URY,R2,-0.13599125688629649,0.3033864988476103,0.6552356879389306,858,78
gvc,Adverse forward-GVC deviation stability,UZB,R1,0.38774197344412326,0.2675215331383827,0.1512905216270863,858,78
gvc,Adverse forward-GVC deviation stability,UZB,R2,-0.13599125688629649,0.3033864988476103,0.6552356879389306,858,78
gvc,Adverse forward-GVC deviation stability,VAT,R1,0.38774197344412326,0.2675215331383827,0.1512905216270863,858,78
gvc,Adverse forward-GVC deviation stability,VAT,R2,-0.13599125688629649,0.3033864988476103,0.6552356879389306,858,78
gvc,Adverse forward-GVC deviation stability,VCT,R1,0.38774197344412326,0.2675215331383827,0.1512905216270863,858,78
gvc,Adverse forward-GVC deviation stability,VCT,R2,-0.13599125688629649,0.3033864988476103,0.6552356879389306,858,78
gvc,Adverse forward-GVC deviation stability,VEN,R1,0.38774197344412326,0.2675215331383827,0.1512905216270863,858,78
gvc,Adverse forward-GVC deviation stability,VEN,R2,-0.13599125688629649,0.3033864988476103,0.6552356879389306,858,78
gvc,Adverse forward-GVC deviation stability,VGB,R1,0.38774197344412326,0.2675215331383827,0.1512905216270863,858,78
gvc,Adverse forward-GVC deviation stability,VGB,R2,-0.13599125688629649,0.3033864988476103,0.6552356879389306,858,78
gvc,Adverse forward-GVC deviation stability,VNM,R1,0.3832260158400947,0.2677379711113279,0.15643018293464409,847,77
gvc,Adverse forward-GVC deviation stability,VNM,R2,-0.13599125688630592,0.30348045714804256,0.6553519184051971,847,77
gvc,Adverse forward-GVC deviation stability,VUT,R1,0.38774197344412326,0.2675215331383827,0.1512905216270863,858,78
gvc,Adverse forward-GVC deviation stability,VUT,R2,-0.13599125688629649,0.3033864988476103,0.6552356879389306,858,78
gvc,Adverse forward-GVC deviation stability,WSM,R1,0.38774197344412326,0.2675215331383827,0.1512905216270863,858,78
gvc,Adverse forward-GVC deviation stability,WSM,R2,-0.13599125688629649,0.3033864988476103,0.6552356879389306,858,78
gvc,Adverse forward-GVC deviation stability,YEM,R1,0.38774197344412326,0.2675215331383827,0.1512905216270863,858,78
gvc,Adverse forward-GVC deviation stability,YEM,R2,-0.13599125688629649,0.3033864988476103,0.6552356879389306,858,78
gvc,Adverse forward-GVC deviation stability,ZAF,R1,0.3871030855397351,0.2672055428678051,0.15153233524614282,847,77
gvc,Adverse forward-GVC deviation stability,ZAF,R2,-0.1359912568863127,0.3034804571480419,0.6553519184051804,847,77
gvc,Adverse forward-GVC deviation stability,ZMB,R1,0.38774197344412326,0.2675215331383827,0.1512905216270863,858,78
gvc,Adverse forward-GVC deviation stability,ZMB,R2,-0.13599125688629649,0.3033864988476103,0.6552356879389306,858,78
gvc,Adverse forward-GVC deviation stability,ZWE,R1,0.38774197344412326,0.2675215331383827,0.1512905216270863,858,78
gvc,Adverse forward-GVC deviation stability,ZWE,R2,-0.13599125688629649,0.3033864988476103,0.6552356879389306,858,78
recovery,Log export recovery,ABW,R1,-0.030262712355280167,0.06390418614164696,0.6362680852376148,2496,227
recovery,Log export recovery,ABW,R2,-0.11549508201634837,0.10763708904846996,0.2844134732485961,2496,227
recovery,Log export recovery,AFG,R1,-0.03345380241460203,0.06435118160429926,0.6036678394719388,2496,227
recovery,Log export recovery,AFG,R2,-0.13872849932877415,0.11218147111767733,0.21750298673245347,2496,227
recovery,Log export recovery,AGO,R1,-0.031077602648289935,0.06411353738717082,0.628339037789341,2496,227
recovery,Log export recovery,AGO,R2,-0.13872849932877396,0.1121814711176775,0.21750298673245483,2496,227
recovery,Log export recovery,AIA,R1,-0.04335972845468486,0.06643175949938997,0.5146157921221821,2496,227
recovery,Log export recovery,AIA,R2,-0.13872849932877412,0.11218147111767736,0.21750298673245366,2496,227
recovery,Log export recovery,ALB,R1,-0.030371576248629326,0.06388971176154566,0.634978782500569,2496,227
recovery,Log export recovery,ALB,R2,-0.13872849932877432,0.11218147111767733,0.21750298673245294,2496,227
recovery,Log export recovery,AND,R1,-0.030262712355280184,0.06390418614164678,0.6362680852376136,2496,227
recovery,Log export recovery,AND,R2,-0.1484543426502471,0.11230242453236206,0.18753265637687613,2496,227
recovery,Log export recovery,ANS,R1,-0.030262712355280226,0.0639019282839016,0.6362541567587459,2507,228
recovery,Log export recovery,ANS,R2,-0.13872849932877332,0.11217750753064562,0.21748114130180612,2507,228
recovery,Log export recovery,ARE,R1,-0.030262712355280337,0.0639041861416469,0.6362680852376125,2496,227
recovery,Log export recovery,ARE,R2,-0.13937881741856614,0.11231616964404142,0.2159105880199825,2496,227
recovery,Log export recovery,ARG,R1,-0.03020992493832649,0.0638920166027514,0.636792316151974,2496,227
recovery,Log export recovery,ARG,R2,-0.138728499328774,0.11218147111767737,0.21750298673245413,2496,227
recovery,Log export recovery,ARM,R1,-0.030373457584412802,0.06399221183516896,0.6354997426501074,2496,227
recovery,Log export recovery,ARM,R2,-0.1387284993287746,0.11218147111767754,0.21750298673245294,2496,227
recovery,Log export recovery,ASM,R1,-0.030262712355280233,0.06390418614164674,0.6362680852376128,2496,227
recovery,Log export recovery,ASM,R2,-0.13726705111538579,0.1128391498948578,0.2250694400745439,2496,227
recovery,Log export recovery,ATA,R1,-0.03736726448195229,0.06636868795203718,0.5739756387671993,2496,227
recovery,Log export recovery,ATA,R2,-0.13872849932877412,0.11218147111767746,0.21750298673245408,2496,227
recovery,Log export recovery,ATF,R1,-0.029842244025498225,0.06398542875304217,0.6413847103633017,2496,227
recovery,Log export recovery,ATF,R2,-0.13872849932877435,0.11218147111767744,0.2175029867324533,2496,227
recovery,Log export recovery,ATG,R1,-0.030262712355280563,0.06390418614164707,0.6362680852376107,2496,227
recovery,Log export recovery,ATG,R2,-0.14569762712260018,0.11084795243111623,0.19004681417937658,2496,227
recovery,Log export recovery,AUS,R1,-0.030262712355280174,0.06390418614164678,0.6362680852376137,2496,227
recovery,Log export recovery,AUS,R2,-0.13549547434433554,0.1137019675053141,0.23463969734235723,2496,227
recovery,Log export recovery,AUT,R1,-0.030262712355280153,0.06390418614164696,0.6362680852376149,2496,227
recovery,Log export recovery,AUT,R2,-0.138325167912586,0.11279666049098058,0.22135322848276776,2496,227
recovery,Log export recovery,AZE,R1,-0.028128671820383214,0.06371007738244028,0.6592655465816725,2496,227
recovery,Log export recovery,AZE,R2,-0.1387284993287741,0.1121814711176774,0.21750298673245388,2496,227
recovery,Log export recovery,BDI,R1,-0.027270417664473037,0.0637701999294034,0.6693235150745482,2496,227
recovery,Log export recovery,BDI,R2,-0.13872849932877396,0.11218147111767725,0.2175029867324538,2496,227
recovery,Log export recovery,BEL,R1,-0.030262712355280205,0.06390418614164674,0.6362680852376131,2496,227
recovery,Log export recovery,BEL,R2,-0.13808467921056206,0.11239715683715629,0.22052118296247453,2496,227
recovery,Log export recovery,BEN,R1,-0.029492288960227056,0.0636117053445947,0.6433591319182216,2496,227
recovery,Log export recovery,BEN,R2,-0.13872849932877396,0.11218147111767758,0.21750298673245513,2496,227
recovery,Log export recovery,BES,R1,-0.019059894739373563,0.06322113260602513,0.7633258613821307,2496,227
recovery,Log export recovery,BES,R2,-0.13872849932877399,0.11218147111767764,0.2175029867324553,2496,227
recovery,Log export recovery,BFA,R1,-0.03338110076960121,0.06471395811892691,0.6064806473121815,2496,227
recovery,Log export recovery,BFA,R2,-0.138728499328774,0.1121814711176773,0.2175029867324538,2496,227
recovery,Log export recovery,BGD,R1,-0.030413389944400456,0.06383100213203113,0.6342017740035087,2496,227
recovery,Log export recovery,BGD,R2,-0.13872849932877465,0.11218147111767753,0.2175029867324526,2496,227
recovery,Log export recovery,BGR,R1,-0.03026271235528035,0.06390418614164675,0.6362680852376114,2496,227
recovery,Log export recovery,BGR,R2,-0.13880606998529185,0.11208684418142718,0.21686009945757648,2496,227
recovery,Log export recovery,BHR,R1,-0.030262712355280427,0.06390418614164678,0.6362680852376107,2496,227
recovery,Log export recovery,BHR,R2,-0.13900415358747226,0.11221656101159211,0.21673668992709483,2496,227
recovery,Log export recovery,BHS,R1,-0.03026271235528016,0.06390418614164674,0.6362680852376136,2496,227
recovery,Log export recovery,BHS,R2,-0.1379115214623851,0.11139372191827135,0.21698033623636215,2496,227
recovery,Log export recovery,BIH,R1,-0.03042929028523242,0.06439405901817262,0.6369916230465107,2496,227
recovery,Log export recovery,BIH,R2,-0.13872849932877512,0.11218147111767739,0.2175029867324505,2496,227
recovery,Log export recovery,BLM,R1,-0.02322042904188169,0.06418164066459316,0.717845215823025,2497,227
recovery,Log export recovery,BLM,R2,-0.13872849932877526,0.11217893530749473,0.2174926239667424,2497,227
recovery,Log export recovery,BLR,R1,-0.03409798700681614,0.06500641704317348,0.6004222326503945,2496,227
recovery,Log export recovery,BLR,R2,-0.13872849932877407,0.11218147111767728,0.21750298673245355,2496,227
recovery,Log export recovery,BLZ,R1,-0.030262712355280212,0.06390418614164682,0.6362680852376134,2496,227
recovery,Log export recovery,BLZ,R2,-0.15131802297485886,0.11374250664540624,0.18474186778685167,2496,227
recovery,Log export recovery,BMU,R1,-0.030262712355280164,0.0639041861416469,0.6362680852376144,2496,227
recovery,Log export recovery,BMU,R2,-0.13844890809731758,0.11203019605886588,0.2178092853637442,2496,227
recovery,Log export recovery,BOL,R1,-0.029113587935139164,0.0639686175941864,0.6494576743976729,2496,227
recovery,Log export recovery,BOL,R2,-0.1387284993287741,0.11218147111767716,0.21750298673245297,2496,227
recovery,Log export recovery,BRA,R1,-0.030954055061636062,0.06430934688680127,0.6307472731119225,2496,227
recovery,Log export recovery,BRA,R2,-0.13872849932877437,0.11218147111767719,0.21750298673245214,2496,227
recovery,Log export recovery,BRB,R1,-0.030262712355280226,0.06390418614164685,0.6362680852376134,2496,227
recovery,Log export recovery,BRB,R2,-0.14002705266313334,0.11180259596492115,0.2117007699128947,2496,227
recovery,Log export recovery,BRN,R1,-0.03026271235528027,0.06390418614164681,0.6362680852376127,2496,227
recovery,Log export recovery,BRN,R2,-0.138835375305807,0.11221669888877096,0.21729390839125526,2496,227
recovery,Log export recovery,BTN,R1,-0.0307236356190556,0.06394775781663947,0.6313728957382244,2496,227
recovery,Log export recovery,BTN,R2,-0.13872849932877357,0.11218147111767728,0.21750298673245524,2496,227
recovery,Log export recovery,BVT,R1,-0.05114848409753104,0.06323140615100974,0.4194179580531418,2496,227
recovery,Log export recovery,BVT,R2,-0.13872849932877443,0.11218147111767739,0.21750298673245275,2496,227
recovery,Log export recovery,BWA,R1,-0.03026271235527993,0.0639041861416468,0.6362680852376164,2496,227
recovery,Log export recovery,BWA,R2,-0.13641868963753095,0.11358617989019582,0.23100263868633522,2496,227
recovery,Log export recovery,CAF,R1,-0.02980072427614926,0.0638545971632775,0.6411665239786094,2496,227
recovery,Log export recovery,CAF,R2,-0.13872849932877354,0.11218147111767739,0.21750298673245577,2496,227
recovery,Log export recovery,CAN,R1,-0.030262712355280236,0.06390418614164695,0.6362680852376138,2496,227
recovery,Log export recovery,CAN,R2,-0.15970972297141245,0.11656845605174361,0.172017134177544,2496,227
recovery,Log export recovery,CCK,R1,-0.03203323508694552,0.06398175853128032,0.6170962434925672,2496,227
recovery,Log export recovery,CCK,R2,-0.13872849932877454,0.11218147111767744,0.2175029867324526,2496,227
recovery,Log export recovery,CHE,R1,-0.03026271235528044,0.06390418614164702,0.636268085237612,2496,227
recovery,Log export recovery,CHE,R2,-0.138644565273936,0.11218413838593796,0.21779138219032193,2496,227
recovery,Log export recovery,CHL,R1,-0.030262712355280514,0.06390418614164703,0.6362680852376111,2496,227
recovery,Log export recovery,CHL,R2,-0.13678641728900587,0.11790685927015625,0.24722296036786098,2496,227
recovery,Log export recovery,CIV,R1,-0.02975575592116789,0.06394055068438244,0.642117515779794,2496,227
recovery,Log export recovery,CIV,R2,-0.13872849932877448,0.11218147111767716,0.21750298673245166,2496,227
recovery,Log export recovery,CMR,R1,-0.0302049612782506,0.06392917209554957,0.6370434212347513,2496,227
recovery,Log export recovery,CMR,R2,-0.1387284993287743,0.11218147111767711,0.21750298673245205,2496,227
recovery,Log export recovery,COD,R1,-0.028703460511172684,0.0631593426424218,0.6499332147642672,2496,227
recovery,Log export recovery,COD,R2,-0.13872849932877407,0.11218147111767723,0.21750298673245338,2496,227
recovery,Log export recovery,COG,R1,-0.030254805721114567,0.06393153896840903,0.6365004669965401,2496,227
recovery,Log export recovery,COG,R2,-0.1387284993287735,0.11218147111767737,0.21750298673245574,2496,227
recovery,Log export recovery,COK,R1,-0.030854741103629478,0.06393406585923272,0.6298451050292944,2496,227
recovery,Log export recovery,COK,R2,-0.1387284993287738,0.11218147111767736,0.21750298673245483,2496,227
recovery,Log export recovery,COL,R1,-0.030168461838376865,0.06434328195904077,0.639616436290494,2496,227
recovery,Log export recovery,COL,R2,-0.13872849932877468,0.11218147111767725,0.2175029867324514,2496,227
recovery,Log export recovery,COM,R1,-0.02978533523188053,0.063856829702762,0.641350372085196,2496,227
recovery,Log export recovery,COM,R2,-0.1387284993287741,0.1121814711176775,0.21750298673245438,2496,227
recovery,Log export recovery,CPV,R1,-0.030262712355280188,0.06390418614164674,0.6362680852376132,2496,227
recovery,Log export recovery,CPV,R2,-0.14146805491866615,0.1127764949631021,0.21098852339643562,2496,227
recovery,Log export recovery,CRI,R1,-0.030262712355280042,0.06390418614164697,0.6362680852376161,2496,227
recovery,Log export recovery,CRI,R2,-0.14385870222836597,0.11324905707000946,0.2052889418487658,2496,227
recovery,Log export recovery,CUB,R1,-0.029800683332732333,0.06393125330331281,0.641566836723111,2496,227
recovery,Log export recovery,CUB,R2,-0.138728499328774,0.11218147111767725,0.21750298673245355,2496,227
recovery,Log export recovery,CUW,R1,-0.030262712355280608,0.06390418614164689,0.6362680852376094,2496,227
recovery,Log export recovery,CUW,R2,-0.1428473328738762,0.10889791843123361,0.19093392295835795,2496,227
recovery,Log export recovery,CXR,R1,-0.03763509431010491,0.06465412907350492,0.5610803226141643,2496,227
recovery,Log export recovery,CXR,R2,-0.1387284993287738,0.11218147111767726,0.21750298673245438,2496,227
recovery,Log export recovery,CYM,R1,-0.030262712355280257,0.06390418614164675,0.6362680852376126,2496,227
recovery,Log export recovery,CYM,R2,-0.14014693019955046,0.11252673250020462,0.21425442432286126,2496,227
recovery,Log export recovery,CYP,R1,-0.030262712355280136,0.06390418614164685,0.6362680852376144,2496,227
recovery,Log export recovery,CYP,R2,-0.1387013317915771,0.11223113604569207,0.21779573422316523,2496,227
recovery,Log export recovery,CZE,R1,-0.03026271235528038,0.06390418614164671,0.6362680852376109,2496,227
recovery,Log export recovery,CZE,R2,-0.13729654531667684,0.11313649257948429,0.2261871852407262,2496,227
recovery,Log export recovery,DEU,R1,-0.03026271235528037,0.06390418614164682,0.6362680852376117,2496,227
recovery,Log export recovery,DEU,R2,-0.13854294588285365,0.11222115632424895,0.2182790582651342,2496,227
recovery,Log export recovery,DJI,R1,-0.030262712355280205,0.06390418614164678,0.6362680852376134,2496,227
recovery,Log export recovery,DJI,R2,-0.04273205592458561,0.08469573022496421,0.6143762417914325,2496,227
recovery,Log export recovery,DMA,R1,-0.0302627123552801,0.0639041861416469,0.6362680852376151,2496,227
recovery,Log export recovery,DMA,R2,-0.14985272328172383,0.1116743987701795,0.18098419614066275,2496,227
recovery,Log export recovery,DNK,R1,-0.030262712355279935,0.06390418614164675,0.6362680852376161,2496,227
recovery,Log export recovery,DNK,R2,-0.1386880193177698,0.11223147057722495,0.21784111951056054,2496,227
recovery,Log export recovery,DOM,R1,-0.03088202990293316,0.06394981988761493,0.6296268470557769,2496,227
recovery,Log export recovery,DOM,R2,-0.13872849932877418,0.11218147111767743,0.2175029867324538,2496,227
recovery,Log export recovery,DZA,R1,-0.028099473510368945,0.0638394276720685,0.6602429030263433,2496,227
recovery,Log export recovery,DZA,R2,-0.1387284993287747,0.11218147111767734,0.21750298673245166,2496,227
recovery,Log export recovery,ECU,R1,-0.02990034987759399,0.06374501089147484,0.6394776287794802,2496,227
recovery,Log export recovery,ECU,R2,-0.13872849932877446,0.11218147111767739,0.21750298673245275,2496,227
recovery,Log export recovery,EGY,R1,-0.030291488473631077,0.06390645967180658,0.6359594452828254,2496,227
recovery,Log export recovery,EGY,R2,-0.13872849932877437,0.11218147111767734,0.21750298673245275,2496,227
recovery,Log export recovery,ERI,R1,-0.029963690352518394,0.06371874619576107,0.6386304518576067,2496,227
recovery,Log export recovery,ERI,R2,-0.13872849932877504,0.11218147111767737,0.21750298673245072,2496,227
recovery,Log export recovery,ESP,R1,-0.030262712355280132,0.06390418614164671,0.6362680852376137,2496,227
recovery,Log export recovery,ESP,R2,-0.13850958265591568,0.11218971710915858,0.2182610033881078,2496,227
recovery,Log export recovery,EST,R1,-0.030262712355280014,0.06390418614164678,0.6362680852376154,2496,227
recovery,Log export recovery,EST,R2,-0.13830854860478267,0.11227101704497024,0.2192603820325195,2496,227
recovery,Log export recovery,ETH,R1,-0.029636680859268138,0.06366004153498384,0.6419887762901171,2496,227
recovery,Log export recovery,ETH,R2,-0.13872849932877468,0.11218147111767737,0.2175029867324519,2496,227
recovery,Log export recovery,FIN,R1,-0.03026271235528025,0.06390418614164686,0.6362680852376132,2496,227
recovery,Log export recovery,FIN,R2,-0.13877694292315107,0.11251206426967357,0.21869273543241774,2496,227
recovery,Log export recovery,FJI,R1,-0.03026271235528052,0.06390418614164671,0.6362680852376094,2496,227
recovery,Log export recovery,FJI,R2,-0.13895939756048867,0.11208174417744629,0.2163336751064664,2496,227
recovery,Log export recovery,FLK,R1,-0.031429047797295113,0.06406964643849337,0.6242241932713882,2496,227
recovery,Log export recovery,FLK,R2,-0.13872849932877412,0.11218147111767747,0.21750298673245413,2496,227
recovery,Log export recovery,FRA,R1,-0.030262712355279945,0.06390418614164672,0.6362680852376159,2496,227
recovery,Log export recovery,FRA,R2,-0.13900929328678696,0.11221756449399434,0.21672385046058895,2496,227
recovery,Log export recovery,FRO,R1,-0.030262712355280087,0.06390418614164678,0.6362680852376146,2496,227
recovery,Log export recovery,FRO,R2,-0.14167658500512145,0.1133611509887763,0.21267231872567088,2496,227
recovery,Log export recovery,FSM,R1,-0.030262712355280236,0.06390418614164688,0.6362680852376134,2496,227
recovery,Log export recovery,FSM,R2,-0.10926595320506806,0.11479090943510474,0.34218011037898477,2496,227
recovery,Log export recovery,GAB,R1,-0.029772455804631545,0.06393806436013412,0.6419178669936756,2496,227
recovery,Log export recovery,GAB,R2,-0.13872849932877424,0.11218147111767741,0.21750298673245355,2496,227
recovery,Log export recovery,GBR,R1,-0.030262712355280257,0.06390418614164692,0.6362680852376134,2496,227
recovery,Log export recovery,GBR,R2,-0.13860758676199267,0.11216367009243526,0.21783003304109336,2496,227
recovery,Log export recovery,GEO,R1,-0.030262712355280122,0.06390418614164674,0.636268085237614,2496,227
recovery,Log export recovery,GEO,R2,-0.14221276818898346,0.11229311534791546,0.20665845063162935,2496,227
recovery,Log export recovery,GHA,R1,-0.030278369664753172,0.06387460090432875,0.635937350572798,2496,227
recovery,Log export recovery,GHA,R2,-0.1387284993287738,0.11218147111767726,0.21750298673245438,2496,227
recovery,Log export recovery,GIB,R1,-0.03026271235528016,0.06390418614164675,0.6362680852376137,2496,227
recovery,Log export recovery,GIB,R2,-0.13676403149966357,0.11170044663238118,0.2220828674431197,2496,227
recovery,Log export recovery,GIN,R1,-0.02968854311629186,0.06295896606022182,0.6377001821238201,2496,227
recovery,Log export recovery,GIN,R2,-0.13872849932877432,0.11218147111767739,0.21750298673245316,2496,227
recovery,Log export recovery,GMB,R1,-0.029920279169669946,0.06380980821114121,0.6395946728294911,2496,227
recovery,Log export recovery,GMB,R2,-0.13872849932877382,0.11218147111767761,0.21750298673245577,2496,227
recovery,Log export recovery,GNB,R1,-0.013990092227839045,0.06383412430334753,0.8267207086104336,2496,227
recovery,Log export recovery,GNB,R2,-0.13872849932877437,0.11218147111767747,0.2175029867324533,2496,227
recovery,Log export recovery,GNQ,R1,-0.028797543346899213,0.06434881711503289,0.6549264881603407,2496,227
recovery,Log export recovery,GNQ,R2,-0.1387284993287741,0.11218147111767723,0.2175029867324532,2496,227
recovery,Log export recovery,GRC,R1,-0.030262712355280143,0.06390418614164668,0.6362680852376134,2496,227
recovery,Log export recovery,GRC,R2,-0.14072031306385946,0.11226789395567417,0.21134321374778792,2496,227
recovery,Log export recovery,GRD,R1,-0.030262712355280007,0.0639041861416469,0.6362680852376161,2496,227
recovery,Log export recovery,GRD,R2,-0.14055081464058097,0.1122230984399643,0.21171015039349614,2496,227
recovery,Log export recovery,GRL,R1,-0.03026271235528004,0.06390418614164695,0.636268085237616,2496,227
recovery,Log export recovery,GRL,R2,-0.17193752957671277,0.11148808815781243,0.12442271685022942,2496,227
recovery,Log export recovery,GTM,R1,-0.030460824958925777,0.06389768822446704,0.6340274787104937,2496,227
recovery,Log export recovery,GTM,R2,-0.13872849932877473,0.11218147111767743,0.2175029867324519,2496,227
recovery,Log export recovery,GUM,R1,-0.030262712355280025,0.06390418614164699,0.6362680852376164,2496,227
recovery,Log export recovery,GUM,R2,-0.13712755801675713,0.11287559906673542,0.22568888186659852,2496,227
recovery,Log export recovery,GUY,R1,-0.029371907294214274,0.06332118958230391,0.6431974465654051,2496,227
recovery,Log export recovery,GUY,R2,-0.13872849932877446,0.11218147111767741,0.21750298673245275,2496,227
recovery,Log export recovery,HKG,R1,-0.03026271235528028,0.06390418614164697,0.6362680852376134,2496,227
recovery,Log export recovery,HKG,R2,-0.15335744010188596,0.11610595706319213,0.187890455319904,2496,227
recovery,Log export recovery,HMD,R1,-0.00404176275239528,0.05817615749602086,0.9446733170089462,2496,227
recovery,Log export recovery,HMD,R2,-0.13872849932877415,0.11218147111767716,0.21750298673245275,2496,227
recovery,Log export recovery,HND,R1,-0.029608859284023514,0.0634627192248898,0.64126758849858,2496,227
recovery,Log export recovery,HND,R2,-0.13872849932877432,0.11218147111767719,0.2175029867324523,2496,227
recovery,Log export recovery,HRV,R1,-0.03026271235528007,0.06390418614164678,0.6362680852376148,2496,227
recovery,Log export recovery,HRV,R2,-0.13754774791291396,0.11215007317468273,0.22130132727189192,2496,227
recovery,Log export recovery,HTI,R1,-0.029033982761595845,0.06366766557223875,0.648810619956915,2496,227
recovery,Log export recovery,HTI,R2,-0.13872849932877343,0.11218147111767726,0.21750298673245563,2496,227
recovery,Log export recovery,HUN,R1,-0.030262712355280254,0.06390418614164677,0.6362680852376126,2496,227
recovery,Log export recovery,HUN,R2,-0.13744470476425474,0.1126887895599468,0.22385603286059066,2496,227
recovery,Log export recovery,IDN,R1,-0.030324546912213732,0.06393651928499106,0.6357499875484843,2496,227
recovery,Log export recovery,IDN,R2,-0.138728499328774,0.11218147111767744,0.21750298673245438,2496,227
recovery,Log export recovery,IND,R1,-0.03026152324776919,0.06390813632536743,0.6363021816123923,2496,227
recovery,Log export recovery,IND,R2,-0.13872849932877448,0.11218147111767732,0.2175029867324523,2496,227
recovery,Log export recovery,IRL,R1,-0.03026271235528021,0.0639041861416469,0.636268085237614,2496,227
recovery,Log export recovery,IRL,R2,-0.14379738040620307,0.11278782833625366,0.2036406789467879,2496,227
recovery,Log export recovery,IRN,R1,-0.02951890650863407,0.06392468743792817,0.6446859160261299,2496,227
recovery,Log export recovery,IRN,R2,-0.13872849932877387,0.11218147111767744,0.21750298673245488,2496,227
recovery,Log export recovery,IRQ,R1,-0.030289154470918178,0.06380413431657421,0.6354443378787924,2496,227
recovery,Log export recovery,IRQ,R2,-0.13872849932877407,0.11218147111767746,0.2175029867324543,2496,227
recovery,Log export recovery,ISL,R1,-0.03026271235528025,0.06390418614164682,0.636268085237613,2496,227
recovery,Log export recovery,ISL,R2,-0.13886053106919147,0.11236051018869168,0.21779800738252472,2496,227
recovery,Log export recovery,ISR,R1,-0.03026271235528005,0.06390418614164689,0.6362680852376156,2496,227
recovery,Log export recovery,ISR,R2,-0.14037693961863998,0.1139002953905059,0.2190599167239828,2496,227
recovery,Log export recovery,ITA,R1,-0.03026271235528016,0.0639041861416469,0.6362680852376144,2496,227
recovery,Log export recovery,ITA,R2,-0.13827201354459356,0.1123302759131531,0.2196242012068738,2496,227
recovery,Log export recovery,JAM,R1,-0.030262712355280535,0.06390418614164702,0.6362680852376107,2496,227
recovery,Log export recovery,JAM,R2,-0.15184220052851527,0.12530043241922392,0.22684481599630998,2496,227
recovery,Log export recovery,JOR,R1,-0.0302994844534881,0.0639194244312189,0.6359388301774975,2496,227
recovery,Log export recovery,JOR,R2,-0.13872849932877426,0.11218147111767722,0.2175029867324526,2496,227
recovery,Log export recovery,JPN,R1,-0.030262712355279817,0.06390418614164663,0.6362680852376169,2496,227
recovery,Log export recovery,JPN,R2,-0.1603924452641342,0.12301803442278801,0.19362401266205725,2496,227
recovery,Log export recovery,KAZ,R1,-0.03023532425219091,0.06391845891985524,0.6366485846420276,2496,227
recovery,Log export recovery,KAZ,R2,-0.13872849932877404,0.11218147111767732,0.2175029867324538,2496,227
recovery,Log export recovery,KEN,R1,-0.030302577585448923,0.06391531581449678,0.6358826795306234,2496,227
recovery,Log export recovery,KEN,R2,-0.13872849932877368,0.1121814711176773,0.21750298673245494,2496,227
recovery,Log export recovery,KGZ,R1,-0.03122071996578387,0.06386693253869945,0.6254289167425602,2496,227
recovery,Log export recovery,KGZ,R2,-0.1387284993287741,0.11218147111767718,0.217502986732453,2496,227
recovery,Log export recovery,KHM,R1,-0.030879784949654408,0.06389022233739375,0.6293324260624347,2496,227
recovery,Log export recovery,KHM,R2,-0.13872849932877437,0.11218147111767718,0.21750298673245214,2496,227
recovery,Log export recovery,KIR,R1,-0.03026271235528027,0.063904186141647,0.6362680852376137,2496,227
recovery,Log export recovery,KIR,R2,-0.14006522458049983,0.11258950051235399,0.21477558985948964,2496,227
recovery,Log export recovery,KNA,R1,-0.030262712355280268,0.06390418614164703,0.636268085237614,2496,227
recovery,Log export recovery,KNA,R2,-0.13868601712828288,0.11142497410882451,0.2145465464044171,2496,227
recovery,Log export recovery,KOR,R1,-0.03026271235528018,0.06390418614164681,0.6362680852376137,2496,227
recovery,Log export recovery,KOR,R2,-0.15347855642628938,0.11853575974064579,0.19671497871806864,2496,227
recovery,Log export recovery,KWT,R1,-0.030014180467697497,0.06388893710287231,0.6389602999795497,2496,227
recovery,Log export recovery,KWT,R2,-0.13872849932877396,0.11218147111767732,0.21750298673245408,2496,227
recovery,Log export recovery,LAO,R1,-0.030750417288645554,0.06375319723870852,0.6300345945633371,2496,227
recovery,Log export recovery,LAO,R2,-0.1387284993287743,0.11218147111767726,0.21750298673245275,2496,227
recovery,Log export recovery,LBN,R1,-0.030340997881762213,0.06392305497996667,0.6354956770815726,2496,227
recovery,Log export recovery,LBN,R2,-0.13872849932877368,0.11218147111767728,0.21750298673245483,2496,227
recovery,Log export recovery,LBR,R1,-0.029949622426469234,0.06395742059321637,0.6400396808919218,2496,227
recovery,Log export recovery,LBR,R2,-0.1387284993287747,0.11218147111767732,0.21750298673245166,2496,227
recovery,Log export recovery,LBY,R1,-0.029522677335577598,0.06402516840074134,0.6451627785195686,2496,227
recovery,Log export recovery,LBY,R2,-0.13872849932877435,0.11218147111767719,0.21750298673245225,2496,227
recovery,Log export recovery,LCA,R1,-0.030262712355280254,0.0639041861416469,0.6362680852376134,2496,227
recovery,Log export recovery,LCA,R2,-0.13930753605658072,0.11143156023047213,0.21253319453484099,2496,227
recovery,Log export recovery,LKA,R1,-0.030272828135257623,0.06391876119302307,0.6362322818918235,2496,227
recovery,Log export recovery,LKA,R2,-0.13872849932877412,0.1121814711176773,0.21750298673245347,2496,227
recovery,Log export recovery,LSO,R1,-0.029928168189128482,0.06389862140620844,0.6399717523474705,2496,227
recovery,Log export recovery,LSO,R2,-0.13872849932877476,0.11218147111767726,0.2175029867324512,2496,227
recovery,Log export recovery,LTU,R1,-0.030262712355280556,0.06390418614164685,0.6362680852376098,2496,227
recovery,Log export recovery,LTU,R2,-0.13794106752316548,0.11217288679648517,0.22008118726828044,2496,227
recovery,Log export recovery,LUX,R1,-0.030262712355279827,0.06390418614164678,0.6362680852376176,2496,227
recovery,Log export recovery,LUX,R2,-0.14003644281920957,0.11237621484510513,0.21400335773132434,2496,227
recovery,Log export recovery,LVA,R1,-0.03026271235528025,0.06390418614164695,0.6362680852376137,2496,227
recovery,Log export recovery,LVA,R2,-0.13812484383556892,0.1121305639305791,0.21929589291802531,2496,227
recovery,Log export recovery,MAC,R1,-0.03026271235528016,0.06390418614164688,0.6362680852376142,2496,227
recovery,Log export recovery,MAC,R2,-0.13928267578522133,0.11240781506096754,0.2165998354375249,2496,227
recovery,Log export recovery,MAR,R1,-0.03037867259322915,0.06388917791551829,0.6348969263707052,2496,227
recovery,Log export recovery,MAR,R2,-0.13872849932877393,0.11218147111767715,0.21750298673245347,2496,227
recovery,Log export recovery,MDA,R1,-0.030284714889817124,0.06392688083106297,0.6361427076241608,2496,227
recovery,Log export recovery,MDA,R2,-0.13872849932877346,0.11218147111767705,0.21750298673245455,2496,227
recovery,Log export recovery,MDG,R1,-0.030256525162297765,0.06374409525396937,0.6354904257273758,2496,227
recovery,Log export recovery,MDG,R2,-0.1387284993287738,0.11218147111767744,0.21750298673245513,2496,227
recovery,Log export recovery,MDV,R1,-0.030262712355280524,0.063904186141647,0.6362680852376109,2496,227
recovery,Log export recovery,MDV,R2,-0.14086346143300663,0.11225501588290851,0.21082848949396504,2496,227
recovery,Log export recovery,MEX,R1,-0.05048655546599415,0.07324104519291628,0.4913287038098534,2496,227
recovery,Log export recovery,MEX,R2,-0.13872849932877374,0.11218147111767726,0.21750298673245455,2496,227
recovery,Log export recovery,MHL,R1,-0.030262712355280066,0.0639041861416469,0.6362680852376156,2496,227
recovery,Log export recovery,MHL,R2,-0.13741612020022798,0.1127589798850513,0.22423958193752916,2496,227
recovery,Log export recovery,MKD,R1,-0.030262712355280073,0.06390418614164699,0.6362680852376159,2496,227
recovery,Log export recovery,MKD,R2,-0.14902964181480563,0.11231225119821786,0.18587343333190307,2496,227
recovery,Log export recovery,MLI,R1,-0.03281219737564213,0.06416570005983094,0.6095935967180889,2496,227
recovery,Log export recovery,MLI,R2,-0.13872849932877404,0.1121814711176775,0.21750298673245455,2496,227
recovery,Log export recovery,MLT,R1,-0.030262712355280177,0.06390418614164677,0.6362680852376136,2496,227
recovery,Log export recovery,MLT,R2,-0.13910752736626358,0.11205600332377114,0.21574095711363067,2496,227
recovery,Log export recovery,MMR,R1,-0.02827285579470136,0.06336834644737409,0.6559038932280242,2496,227
recovery,Log export recovery,MMR,R2,-0.1387284993287741,0.11218147111767726,0.21750298673245338,2496,227
recovery,Log export recovery,MNE,R1,-0.030262712355280198,0.06390418614164695,0.6362680852376142,2496,227
recovery,Log export recovery,MNE,R2,-0.14218198181255837,0.112490155439372,0.20754992585862275,2496,227
recovery,Log export recovery,MNG,R1,-0.020914028383443566,0.0617398152213207,0.7351166600723779,2496,227
recovery,Log export recovery,MNG,R2,-0.1387284993287738,0.11218147111767737,0.21750298673245488,2496,227
recovery,Log export recovery,MNP,R1,-0.03026271235528033,0.06390418614164697,0.6362680852376128,2496,227
recovery,Log export recovery,MNP,R2,-0.13908258081129227,0.11227780030575325,0.2167282286355497,2496,227
recovery,Log export recovery,MOZ,R1,-0.030789142913655275,0.06403517066830768,0.6311123208522605,2496,227
recovery,Log export recovery,MOZ,R2,-0.1387284993287732,0.11218147111767712,0.21750298673245574,2496,227
recovery,Log export recovery,MRT,R1,-0.029749605631267727,0.06375713532428769,0.6412296543722174,2496,227
recovery,Log export recovery,MRT,R2,-0.13872849932877387,0.11218147111767743,0.21750298673245483,2496,227
recovery,Log export recovery,MSR,R1,-0.03140713834890438,0.06435491552955629,0.6260016292853064,2496,227
recovery,Log export recovery,MSR,R2,-0.13872849932877435,0.11218147111767715,0.21750298673245205,2496,227
recovery,Log export recovery,MUS,R1,-0.030262712355280195,0.06390418614164681,0.6362680852376136,2496,227
recovery,Log export recovery,MUS,R2,-0.13760393237190294,0.11207783570712254,0.2208168035258454,2496,227
recovery,Log export recovery,MWI,R1,-0.028546981574926203,0.06388992399961554,0.6554364540911861,2496,227
recovery,Log export recovery,MWI,R2,-0.13872849932877385,0.11218147111767747,0.21750298673245502,2496,227
recovery,Log export recovery,MYS,R1,-0.030791057455568455,0.06418300486095231,0.6318773024800406,2496,227
recovery,Log export recovery,MYS,R2,-0.13872849932877404,0.11218147111767711,0.21750298673245294,2496,227
recovery,Log export recovery,NAM,R1,-0.030262712355280035,0.06390418614164688,0.6362680852376157,2496,227
recovery,Log export recovery,NAM,R2,-0.14249708185427296,0.11393471431878298,0.2123406524574147,2496,227
recovery,Log export recovery,NCL,R1,-0.030262712355280167,0.06390418614164688,0.6362680852376142,2496,227
recovery,Log export recovery,NCL,R2,-0.13896993620886244,0.1124066704251479,0.2176252143215942,2496,227
recovery,Log export recovery,NER,R1,-0.030961029670289564,0.06399059097924488,0.6289698794109854,2496,227
recovery,Log export recovery,NER,R2,-0.1387284993287738,0.11218147111767725,0.2175029867324543,2496,227
recovery,Log export recovery,NFK,R1,-0.03580224703414563,0.06484692994667836,0.5814226818610585,2496,227
recovery,Log export recovery,NFK,R2,-0.13872849932877448,0.11218147111767733,0.21750298673245239,2496,227
recovery,Log export recovery,NGA,R1,-0.0295838926890065,0.0641863397602371,0.6453090087531671,2496,227
recovery,Log export recovery,NGA,R2,-0.13872849932877396,0.11218147111767726,0.2175029867324538,2496,227
recovery,Log export recovery,NIC,R1,-0.02916348663830905,0.06365445046956719,0.647282635666988,2496,227
recovery,Log export recovery,NIC,R2,-0.13872849932877357,0.11218147111767728,0.21750298673245524,2496,227
recovery,Log export recovery,NIU,R1,-0.009834706191358029,0.06097328165085573,0.872004889522584,2496,227
recovery,Log export recovery,NIU,R2,-0.13872849932877407,0.11218147111767722,0.2175029867324533,2496,227
recovery,Log export recovery,NLD,R1,-0.03026271235528018,0.0639041861416469,0.6362680852376142,2496,227
recovery,Log export recovery,NLD,R2,-0.13840121284421017,0.11222529417801025,0.2187657570810855,2496,227
recovery,Log export recovery,NOR,R1,-0.030262712355280143,0.06390418614164681,0.6362680852376142,2496,227
recovery,Log export recovery,NOR,R2,-0.1387643577090296,0.11223455905448905,0.2176014069480769,2496,227
recovery,Log export recovery,NPL,R1,-0.030361294203345466,0.06391676114120702,0.6352364111199937,2496,227
recovery,Log export recovery,NPL,R2,-0.13872849932877368,0.11218147111767728,0.21750298673245483,2496,227
recovery,Log export recovery,NRU,R1,-0.030262712355280368,0.06390418614164688,0.636268085237612,2496,227
recovery,Log export recovery,NRU,R2,-0.1294252304711753,0.11226894571387819,0.2502045303962293,2496,227
recovery,Log export recovery,NZL,R1,-0.030262712355280073,0.0639041861416469,0.6362680852376154,2496,227
recovery,Log export recovery,NZL,R2,-0.138681667396636,0.11234756774059508,0.21833642771326814,2496,227
recovery,Log export recovery,OMN,R1,-0.030401210399607363,0.06391482355349216,0.6347817870419271,2496,227
recovery,Log export recovery,OMN,R2,-0.13872849932877396,0.11218147111767715,0.21750298673245338,2496,227
recovery,Log export recovery,PAK,R1,-0.030276977353994414,0.06388871358114966,0.6360274223364788,2496,227
recovery,Log export recovery,PAK,R2,-0.13872849932877435,0.11218147111767725,0.2175029867324525,2496,227
recovery,Log export recovery,PAN,R1,-0.03026271235528026,0.06390418614164681,0.6362680852376128,2496,227
recovery,Log export recovery,PAN,R2,-0.13725407189318461,0.11194732262522629,0.22145229063666735,2496,227
recovery,Log export recovery,PCN,R1,-0.03011696228484019,0.06430379344514488,0.6399825895426419,2496,227
recovery,Log export recovery,PCN,R2,-0.13872849932877354,0.11218147111767712,0.21750298673245455,2496,227
recovery,Log export recovery,PER,R1,-0.029950201795084466,0.06370170249505222,0.6386917428147654,2496,227
recovery,Log export recovery,PER,R2,-0.13872849932877404,0.11218147111767739,0.21750298673245408,2496,227
recovery,Log export recovery,PHL,R1,-0.03102517980259066,0.06432189970867372,0.630029553436438,2496,227
recovery,Log export recovery,PHL,R2,-0.13872849932877396,0.11218147111767722,0.21750298673245366,2496,227
recovery,Log export recovery,PLW,R1,-0.030262712355280247,0.06390418614164681,0.636268085237613,2496,227
recovery,Log export recovery,PLW,R2,-0.14927209723136253,0.11191352601494339,0.18360664941872193,2496,227
recovery,Log export recovery,PNG,R1,-0.03161242257630544,0.06404355280567084,0.6220622553622072,2496,227
recovery,Log export recovery,PNG,R2,-0.1387284993287739,0.11218147111767701,0.21750298673245297,2496,227
recovery,Log export recovery,POL,R1,-0.030262712355280177,0.06390418614164699,0.6362680852376148,2496,227
recovery,Log export recovery,POL,R2,-0.13646656519331793,0.11240187026364726,0.2259785501027145,2496,227
recovery,Log export recovery,PRK,R1,-0.003781077017108131,0.059742496589009084,0.9495918604475378,2496,227
recovery,Log export recovery,PRK,R2,-0.13872849932877396,0.1121814711176773,0.21750298673245388,2496,227
recovery,Log export recovery,PRT,R1,-0.030262712355280417,0.06390418614164688,0.6362680852376114,2496,227
recovery,Log export recovery,PRT,R2,-0.13868479328582994,0.11215314983583843,0.21753168778227727,2496,227
recovery,Log export recovery,PRY,R1,-0.030094633248967235,0.06391968516256269,0.6382237516137129,2496,227
recovery,Log export recovery,PRY,R2,-0.13872849932877399,0.11218147111767736,0.21750298673245413,2496,227
recovery,Log export recovery,PSE,R1,-0.030390983033970396,0.06403217773719422,0.6355157952350738,2496,227
recovery,Log export recovery,PSE,R2,-0.13872849932877418,0.11218147111767719,0.21750298673245275,2496,227
recovery,Log export recovery,PYF,R1,-0.030262712355280007,0.06390418614164681,0.6362680852376156,2496,227
recovery,Log export recovery,PYF,R2,-0.1362369628043449,0.11232787916969351,0.22645307670374193,2496,227
recovery,Log export recovery,QAT,R1,-0.0302627123552802,0.06390418614164675,0.6362680852376132,2496,227
recovery,Log export recovery,QAT,R2,-0.13693370273350913,0.11257644292726736,0.22511591840753015,2496,227
recovery,Log export recovery,ROU,R1,-0.031158134909209448,0.06501916570792529,0.6322493167854447,2496,227
recovery,Log export recovery,ROU,R2,-0.13872849932877396,0.1121814711176772,0.21750298673245366,2496,227
recovery,Log export recovery,RUS,R1,-0.03038012895531306,0.06391190822967063,0.6350010369732841,2496,227
recovery,Log export recovery,RUS,R2,-0.13872849932877368,0.11218147111767725,0.21750298673245466,2496,227
recovery,Log export recovery,RWA,R1,-0.03238092375111547,0.06407281602194229,0.6137866165967243,2496,227
recovery,Log export recovery,RWA,R2,-0.138728499328774,0.11218147111767728,0.21750298673245366,2496,227
recovery,Log export recovery,SAU,R1,-0.030057924702856786,0.06385494285559043,0.6382932863825559,2496,227
recovery,Log export recovery,SAU,R2,-0.138728499328774,0.11218147111767729,0.2175029867324538,2496,227
recovery,Log export recovery,SDN,R1,-0.029389428872726126,0.06418038094685925,0.6474504503932894,2496,227
recovery,Log export recovery,SDN,R2,-0.1387284993287745,0.11218147111767741,0.2175029867324526,2496,227
recovery,Log export recovery,SEN,R1,-0.030919643362639648,0.06389274358051004,0.6289038231836647,2496,227
recovery,Log export recovery,SEN,R2,-0.13872849932877399,0.11218147111767732,0.21750298673245388,2496,227
recovery,Log export recovery,SGP,R1,-0.030262712355279896,0.06390418614164677,0.6362680852376166,2496,227
recovery,Log export recovery,SGP,R2,-0.14041372310205238,0.11272734442276484,0.21419932632172897,2496,227
recovery,Log export recovery,SGS,R1,-0.029005481273504895,0.06352385142618647,0.648391554092638,2496,227
recovery,Log export recovery,SGS,R2,-0.13872849932877426,0.11218147111767736,0.2175029867324532,2496,227
recovery,Log export recovery,SHN,R1,-0.030940944678900864,0.06402864138172532,0.6293959905384312,2496,227
recovery,Log export recovery,SHN,R2,-0.13872849932877462,0.1121814711176772,0.2175029867324514,2496,227
recovery,Log export recovery,SLB,R1,-0.031721706218621436,0.06481770824947342,0.6250340691401961,2496,227
recovery,Log export recovery,SLB,R2,-0.13872849932877496,0.11218147111767714,0.21750298673245003,2496,227
recovery,Log export recovery,SLE,R1,-0.029913065699597178,0.06397991464260686,0.6405652345347167,2496,227
recovery,Log export recovery,SLE,R2,-0.13872849932877454,0.1121814711176773,0.21750298673245205,2496,227
recovery,Log export recovery,SLV,R1,-0.030855131114905593,0.06424103451855522,0.6314768603233754,2496,227
recovery,Log export recovery,SLV,R2,-0.13872849932877435,0.11218147111767722,0.21750298673245239,2496,227
recovery,Log export recovery,SMR,R1,-0.03026271235528008,0.06390418614164681,0.6362680852376149,2496,227
recovery,Log export recovery,SMR,R2,-0.13691282817532824,0.11268839721132477,0.2256459998899467,2496,227
recovery,Log export recovery,SOM,R1,-0.027571395748857537,0.0641380988139993,0.6676958147668888,2496,227
recovery,Log export recovery,SOM,R2,-0.1387284993287748,0.11218147111767732,0.21750298673245133,2496,227
recovery,Log export recovery,SPM,R1,-0.02992622998985318,0.06440909011516552,0.6426455867681446,2496,227
recovery,Log export recovery,SPM,R2,-0.1387284993287743,0.11218147111767744,0.21750298673245347,2496,227
recovery,Log export recovery,SRB,R1,-0.02960492786523971,0.0646170071242301,0.647277719498508,2496,227
recovery,Log export recovery,SRB,R2,-0.13872849932877407,0.11218147111767705,0.2175029867324526,2496,227
recovery,Log export recovery,SSD,R1,-0.0738623076337981,0.0763169828976748,0.3341609638502949,2496,227
recovery,Log export recovery,SSD,R2,-0.1387284993287744,0.11218147111767732,0.21750298673245258,2496,227
recovery,Log export recovery,STP,R1,-0.02972077980106753,0.06434693679292831,0.6446092573278731,2496,227
recovery,Log export recovery,STP,R2,-0.1387284993287744,0.11218147111767739,0.21750298673245294,2496,227
recovery,Log export recovery,SUR,R1,-0.030255492509437786,0.06392096672401024,0.6364370661169627,2496,227
recovery,Log export recovery,SUR,R2,-0.13872849932877393,0.11218147111767739,0.21750298673245444,2496,227
recovery,Log export recovery,SVK,R1,-0.030262712355280084,0.06390418614164665,0.636268085237614,2496,227
recovery,Log export recovery,SVK,R2,-0.1373472203378768,0.1126697790592881,0.22410572262909736,2496,227
recovery,Log export recovery,SVN,R1,-0.030262712355280292,0.06390418614164671,0.636268085237612,2496,227
recovery,Log export recovery,SVN,R2,-0.1346933350165569,0.11305509368857088,0.2347480187905681,2496,227
recovery,Log export recovery,SWE,R1,-0.030262712355280243,0.06390418614164706,0.6362680852376142,2496,227
recovery,Log export recovery,SWE,R2,-0.13881392836641096,0.11263919121892525,0.21908888968816742,2496,227
recovery,Log export recovery,SWZ,R1,-0.03140854884458037,0.0642911506225723,0.6256438506576585,2496,227
recovery,Log export recovery,SWZ,R2,-0.13872849932877493,0.1121814711176773,0.2175029867324507,2496,227
recovery,Log export recovery,SXM,R1,-0.030262712355280438,0.06390418614164683,0.6362680852376109,2496,227
recovery,Log export recovery,SXM,R2,-0.1508015597444707,0.11536922866564714,0.19249991772287628,2496,227
recovery,Log export recovery,SYC,R1,-0.0302627123552802,0.06390418614164685,0.6362680852376137,2496,227
recovery,Log export recovery,SYC,R2,-0.13877249575157624,0.1124382255199128,0.2184061274172749,2496,227
recovery,Log export recovery,SYR,R1,-0.029126807779776165,0.06380803138305405,0.6484864153280779,2496,227
recovery,Log export recovery,SYR,R2,-0.1387284993287744,0.11218147111767739,0.21750298673245294,2496,227
recovery,Log export recovery,TCA,R1,-0.03026271235527995,0.06390418614164675,0.636268085237616,2496,227
recovery,Log export recovery,TCA,R2,-0.1294325642905388,0.11772134553339783,0.27272746828295324,2496,227
recovery,Log export recovery,TCD,R1,-0.03194615252241531,0.06596717443057797,0.6286607664660596,2496,227
recovery,Log export recovery,TCD,R2,-0.13872849932877454,0.11218147111767722,0.21750298673245178,2496,227
recovery,Log export recovery,TGO,R1,-0.030302299522933243,0.06391060366746988,0.6358608899296165,2496,227
recovery,Log export recovery,TGO,R2,-0.13872849932877446,0.11218147111767726,0.21750298673245214,2496,227
recovery,Log export recovery,THA,R1,-0.030292035944383955,0.06394007938168647,0.6361308093872586,2496,227
recovery,Log export recovery,THA,R2,-0.13872849932877446,0.1121814711176774,0.21750298673245275,2496,227
recovery,Log export recovery,TJK,R1,-0.02919559282844824,0.06348166572556373,0.6460258937662706,2496,227
recovery,Log export recovery,TJK,R2,-0.1387284993287741,0.11218147111767728,0.21750298673245347,2496,227
recovery,Log export recovery,TKL,R1,-0.02974310844444791,0.06408579184828282,0.6430128631025207,2496,227
recovery,Log export recovery,TKL,R2,-0.13872849932877432,0.11218147111767746,0.21750298673245347,2496,227
recovery,Log export recovery,TKM,R1,-0.029613910430976397,0.0643785897143294,0.6459611356239103,2496,227
recovery,Log export recovery,TKM,R2,-0.13872849932877376,0.11218147111767764,0.217502986732456,2496,227
recovery,Log export recovery,TLS,R1,-0.029093594181136818,0.0639438546263236,0.6495556708798175,2496,227
recovery,Log export recovery,TLS,R2,-0.13872849932877415,0.11218147111767733,0.21750298673245347,2496,227
recovery,Log export recovery,TON,R1,-0.030262712355279962,0.06390418614164681,0.6362680852376161,2496,227
recovery,Log export recovery,TON,R2,-0.13881923215616437,0.11318733698438228,0.2213035820891871,2496,227
recovery,Log export recovery,TTO,R1,-0.02991805538791375,0.06403062671532742,0.6407740474611128,2496,227
recovery,Log export recovery,TTO,R2,-0.13872849932877407,0.11218147111767729,0.21750298673245355,2496,227
recovery,Log export recovery,TUN,R1,-0.031128447263638157,0.06411710553418785,0.6277965386873647,2496,227
recovery,Log export recovery,TUN,R2,-0.13872849932877418,0.11218147111767737,0.21750298673245355,2496,227
recovery,Log export recovery,TUR,R1,-0.030352431501944346,0.06410717965636806,0.6363393075896189,2496,227
recovery,Log export recovery,TUR,R2,-0.13872849932877457,0.11218147111767741,0.21750298673245239,2496,227
recovery,Log export recovery,TUV,R1,-0.030262712355280354,0.06390418614164693,0.6362680852376125,2496,227
recovery,Log export recovery,TUV,R2,-0.13925775380298386,0.11229320355607127,0.21621469815526181,2496,227
recovery,Log export recovery,TWN,R1,-0.03464815423606178,0.06656365498800469,0.6032061488092223,2496,227
recovery,Log export recovery,TWN,R2,-0.13872849932877437,0.11218147111767744,0.2175029867324532,2496,227
recovery,Log export recovery,TZA,R1,-0.030317281642861706,0.06386561961260181,0.6354561643619765,2496,227
recovery,Log export recovery,TZA,R2,-0.13872849932877487,0.11218147111767739,0.21750298673245133,2496,227
recovery,Log export recovery,UGA,R1,-0.03120226303123129,0.06397260735784929,0.6262039150759038,2496,227
recovery,Log export recovery,UGA,R2,-0.13872849932877462,0.11218147111767728,0.21750298673245166,2496,227
recovery,Log export recovery,UKR,R1,-0.03127952097451332,0.06420444804077348,0.6265985831159874,2496,227
recovery,Log export recovery,UKR,R2,-0.1387284993287739,0.11218147111767747,0.21750298673245488,2496,227
recovery,Log export recovery,URY,R1,-0.030262712355280347,0.06390418614164695,0.6362680852376126,2496,227
recovery,Log export recovery,URY,R2,-0.13847704603989114,0.11249482935526925,0.21961598188308076,2496,227
recovery,Log export recovery,UZB,R1,-0.031048095741299787,0.06391095303597247,0.6275779190554998,2496,227
recovery,Log export recovery,UZB,R2,-0.13872849932877387,0.1121814711176773,0.2175029867324543,2496,227
recovery,Log export recovery,VAT,R1,-0.030904620690380285,0.064405719737955,0.6318032372632597,2496,227
recovery,Log export recovery,VAT,R2,-0.13872849932877374,0.11218147111767736,0.21750298673245494,2496,227
recovery,Log export recovery,VCT,R1,-0.03026271235527993,0.06390418614164685,0.6362680852376168,2496,227
recovery,Log export recovery,VCT,R2,-0.13874115506844995,0.11223042747988492,0.217661200368974,2496,227
recovery,Log export recovery,VEN,R1,-0.03597142639642262,0.06532074391477095,0.5823906996321772,2496,227
recovery,Log export recovery,VEN,R2,-0.13872849932877418,0.11218147111767739,0.21750298673245366,2496,227
recovery,Log export recovery,VGB,R1,-0.030262712355280344,0.06390418614164693,0.6362680852376126,2496,227
recovery,Log export recovery,VGB,R2,-0.1365960825189041,0.11168591304679996,0.22258923628555968,2496,227
recovery,Log export recovery,VNM,R1,-0.03252913542899454,0.0643164993317235,0.6135134695620978,2496,227
recovery,Log export recovery,VNM,R2,-0.13872849932877465,0.11218147111767733,0.2175029867324518,2496,227
recovery,Log export recovery,VUT,R1,-0.03026271235528032,0.06390418614164695,0.6362680852376128,2496,227
recovery,Log export recovery,VUT,R2,-0.09650412194650093,0.10967223563001359,0.379830788601701,2496,227
recovery,Log export recovery,WSM,R1,-0.030262712355280264,0.06390418614164672,0.6362680852376125,2496,227
recovery,Log export recovery,WSM,R2,-0.13885020855812313,0.11205522454293355,0.21658525100493145,2496,227
recovery,Log export recovery,YEM,R1,-0.029941884346979485,0.06472830861723165,0.6441120157860495,2496,227
recovery,Log export recovery,YEM,R2,-0.13872849932877382,0.11218147111767744,0.21750298673245502,2496,227
recovery,Log export recovery,ZAF,R1,-0.03022799638295015,0.06391944098721772,0.636735427141894,2496,227
recovery,Log export recovery,ZAF,R2,-0.1387284993287743,0.11218147111767741,0.21750298673245338,2496,227
recovery,Log export recovery,ZMB,R1,-0.030277443002522463,0.06391812715616284,0.6361775216506043,2496,227
recovery,Log export recovery,ZMB,R2,-0.1387284993287739,0.11218147111767729,0.21750298673245413,2496,227
recovery,Log export recovery,ZWE,R1,-0.030938633407851874,0.06394082654439553,0.6289512424526467,2496,227
recovery,Log export recovery,ZWE,R2,-0.138728499328775,0.11218147111767739,0.2175029867324509,2496,227
diversification,Partner diversification excluding US and China,ABW,R1,-0.010112026794302646,0.015745188467965188,0.521375011087702,2496,227
diversification,Partner diversification excluding US and China,ABW,R2,0.027036970855700587,0.018351642965187542,0.14206897489519904,2496,227
diversification,Partner diversification excluding US and China,AFG,R1,-0.010120175797134387,0.015846983446296117,0.523717823810752,2496,227
diversification,Partner diversification excluding US and China,AFG,R2,0.023995645265110242,0.01838651924293979,0.19319711843687598,2496,227
diversification,Partner diversification excluding US and China,AGO,R1,-0.01013825959609585,0.015754515759896504,0.5205427469585507,2496,227
diversification,Partner diversification excluding US and China,AGO,R2,0.023995645265110256,0.01838651924293981,0.19319711843687631,2496,227
diversification,Partner diversification excluding US and China,AIA,R1,-0.00616801286949396,0.01619521076695078,0.7036692478177815,2496,227
diversification,Partner diversification excluding US and China,AIA,R2,0.02399564526511022,0.01838651924293981,0.19319711843687698,2496,227
diversification,Partner diversification excluding US and China,ALB,R1,-0.010230556920161516,0.015711551573550257,0.5156120016136193,2496,227
diversification,Partner diversification excluding US and China,ALB,R2,0.0239956452651102,0.018386519242939815,0.1931971184368774,2496,227
diversification,Partner diversification excluding US and China,AND,R1,-0.010112026794302578,0.01574518846796516,0.5213750110877041,2496,227
diversification,Partner diversification excluding US and China,AND,R2,0.025895124080179126,0.01835449681989356,0.1596689643217725,2496,227
diversification,Partner diversification excluding US and China,ANS,R1,-0.010112026794302625,0.01574463216018817,0.521357441212051,2507,228
diversification,Partner diversification excluding US and China,ANS,R2,0.023995645265110138,0.018385869611868794,0.19317560467626296,2507,228
diversification,Partner diversification excluding US and China,ARE,R1,-0.010112026794302608,0.015745188467965167,0.5213750110877031,2496,227
diversification,Partner diversification excluding US and China,ARE,R2,0.02397240597445064,0.018384085631265132,0.19356834449649074,2496,227
diversification,Partner diversification excluding US and China,ARG,R1,-0.010122661112257077,0.015742778530398686,0.5208736947874968,2496,227
diversification,Partner diversification excluding US and China,ARG,R2,0.023995645265110194,0.018386519242939818,0.19319711843687756,2496,227
diversification,Partner diversification excluding US and China,ARM,R1,-0.010102361363508623,0.015764553788389195,0.522283950524527,2496,227
diversification,Partner diversification excluding US and China,ARM,R2,0.023995645265110277,0.018386519242939846,0.1931971184368767,2496,227
diversification,Partner diversification excluding US and China,ASM,R1,-0.01011202679430261,0.015745188467965146,0.5213750110877025,2496,227
diversification,Partner diversification excluding US and China,ASM,R2,0.024046113425682945,0.018380984292862362,0.19213241744207638,2496,227
diversification,Partner diversification excluding US and China,ATA,R1,-0.008480590291104987,0.016247353353976514,0.6022041628141704,2496,227
diversification,Partner diversification excluding US and China,ATA,R2,0.023995645265110246,0.018386519242939787,0.19319711843687598,2496,227
diversification,Partner diversification excluding US and China,ATF,R1,-0.010072391521419803,0.015749299983772315,0.5231159621299809,2496,227
diversification,Partner diversification excluding US and China,ATF,R2,0.02399564526511023,0.018386519242939794,0.1931971184368764,2496,227
diversification,Partner diversification excluding US and China,ATG,R1,-0.010112026794302608,0.015745188467965195,0.5213750110877039,2496,227
diversification,Partner diversification excluding US and China,ATG,R2,0.02522032734439999,0.01828463159810173,0.16915998650224373,2496,227
diversification,Partner diversification excluding US and China,AUS,R1,-0.010112026794302616,0.01574518846796516,0.5213750110877026,2496,227
diversification,Partner diversification excluding US and China,AUS,R2,0.024176365371896453,0.018490910081791857,0.1923806735228619,2496,227
diversification,Partner diversification excluding US and China,AUT,R1,-0.010112026794302648,0.015745188467965198,0.5213750110877022,2496,227
diversification,Partner diversification excluding US and China,AUT,R2,0.02423774496993772,0.01847327541265336,0.19083648011254878,2496,227
diversification,Partner diversification excluding US and China,AZE,R1,-0.009838666947779993,0.015881149338946233,0.5361988466194746,2496,227
diversification,Partner diversification excluding US and China,AZE,R2,0.023995645265110273,0.018386519242939794,0.19319711843687562,2496,227
diversification,Partner diversification excluding US and China,BDI,R1,-0.011197345472047586,0.015551180756313444,0.4722493806852544,2496,227
diversification,Partner diversification excluding US and China,BDI,R2,0.02399564526511018,0.018386519242939783,0.19319711843687712,2496,227
diversification,Partner diversification excluding US and China,BEL,R1,-0.01011202679430256,0.015745188467965146,0.5213750110877046,2496,227
diversification,Partner diversification excluding US and China,BEL,R2,0.024014630873715928,0.018423874753367375,0.19374686717583345,2496,227
diversification,Partner diversification excluding US and China,BEN,R1,-0.010325819185284215,0.015649835239972744,0.5100516374630084,2496,227
diversification,Partner diversification excluding US and China,BEN,R2,0.02399564526511024,0.01838651924293981,0.19319711843687662,2496,227
diversification,Partner diversification excluding US and China,BES,R1,-0.00937910238769548,0.01588015324135346,0.5553666339297962,2496,227
diversification,Partner diversification excluding US and China,BES,R2,0.023995645265110256,0.018386519242939787,0.19319711843687568,2496,227
diversification,Partner diversification excluding US and China,BFA,R1,-0.009634533310217613,0.01607315321013891,0.5494947806989942,2496,227
diversification,Partner diversification excluding US and China,BFA,R2,0.02399564526511019,0.0183865192429398,0.1931971184368773,2496,227
diversification,Partner diversification excluding US and China,BGD,R1,-0.010118997293465607,0.015748265818353775,0.5211695336755918,2496,227
diversification,Partner diversification excluding US and China,BGD,R2,0.023995645265110232,0.018386519242939808,0.1931971184368767,2496,227
diversification,Partner diversification excluding US and China,BGR,R1,-0.010112026794302542,0.01574518846796516,0.5213750110877057,2496,227
diversification,Partner diversification excluding US and China,BGR,R2,0.023996201549475314,0.018386135776335206,0.19317758270629215,2496,227
diversification,Partner diversification excluding US and China,BHR,R1,-0.010112026794302556,0.015745188467965146,0.5213750110877048,2496,227
diversification,Partner diversification excluding US and China,BHR,R2,0.023912966866682567,0.01838089486973858,0.19459405465101828,2496,227
diversification,Partner diversification excluding US and China,BHS,R1,-0.010112026794302563,0.01574518846796515,0.5213750110877046,2496,227
diversification,Partner diversification excluding US and China,BHS,R2,0.02402330833506136,0.018396642463006117,0.19293023253447633,2496,227
diversification,Partner diversification excluding US and China,BIH,R1,-0.010087547908129926,0.01580522644042307,0.5239628236489617,2496,227
diversification,Partner diversification excluding US and China,BIH,R2,0.023995645265110277,0.018386519242939818,0.19319711843687606,2496,227
diversification,Partner diversification excluding US and China,BLM,R1,-0.012792985847716584,0.015422550316494308,0.40769753925666513,2497,227
diversification,Partner diversification excluding US and China,BLM,R2,0.02399564526511036,0.018386103624190495,0.19318709075280144,2497,227
diversification,Partner diversification excluding US and China,BLR,R1,-0.009762807345330707,0.015931865928555406,0.5406346817635169,2496,227
diversification,Partner diversification excluding US and China,BLR,R2,0.02399564526511016,0.01838651924293979,0.19319711843687756,2496,227
diversification,Partner diversification excluding US and China,BLZ,R1,-0.010112026794302616,0.015745188467965156,0.5213750110877025,2496,227
diversification,Partner diversification excluding US and China,BLZ,R2,0.02442304553984737,0.019020834905462802,0.20045134161868572,2496,227
diversification,Partner diversification excluding US and China,BMU,R1,-0.010112026794302661,0.015745188467965184,0.5213750110877013,2496,227
diversification,Partner diversification excluding US and China,BMU,R2,0.023987649160445816,0.01838629544642053,0.1933395850264755,2496,227
diversification,Partner diversification excluding US and China,BOL,R1,-0.010569070565990367,0.01570222721209205,0.5015753604064582,2496,227
diversification,Partner diversification excluding US and China,BOL,R2,0.02399564526511022,0.018386519242939794,0.19319711843687648,2496,227
diversification,Partner diversification excluding US and China,BRA,R1,-0.010169569340348641,0.015786711221409854,0.5201084437507006,2496,227
diversification,Partner diversification excluding US and China,BRA,R2,0.02399564526511018,0.018386519242939783,0.19319711843687712,2496,227
diversification,Partner diversification excluding US and China,BRB,R1,-0.010112026794302592,0.015745188467965177,0.521375011087704,2496,227
diversification,Partner diversification excluding US and China,BRB,R2,0.02432223802498451,0.018342757123525517,0.18618294586848788,2496,227
diversification,Partner diversification excluding US and China,BRN,R1,-0.010112026794302585,0.015745188467965163,0.521375011087704,2496,227
diversification,Partner diversification excluding US and China,BRN,R2,0.02382589444175505,0.018377091247347318,0.19612561550560043,2496,227
diversification,Partner diversification excluding US and China,BTN,R1,-0.010293451939085723,0.015643264598893373,0.5112002726950838,2496,227
diversification,Partner diversification excluding US and China,BTN,R2,0.02399564526511018,0.01838651924293978,0.19319711843687698,2496,227
diversification,Partner diversification excluding US and China,BVT,R1,-0.006714247094130251,0.016030413536502527,0.6757277222792089,2496,227
diversification,Partner diversification excluding US and China,BVT,R2,0.02399564526511026,0.018386519242939825,0.19319711843687648,2496,227
diversification,Partner diversification excluding US and China,BWA,R1,-0.010112026794302653,0.015745188467965167,0.5213750110877013,2496,227
diversification,Partner diversification excluding US and China,BWA,R2,0.02285785807321522,0.018515303221994565,0.2182843150958273,2496,227
diversification,Partner diversification excluding US and China,CAF,R1,-0.010036964440041204,0.015771328937560388,0.5251560098771666,2496,227
diversification,Partner diversification excluding US and China,CAF,R2,0.02399564526511024,0.01838651924293979,0.19319711843687606,2496,227
diversification,Partner diversification excluding US and China,CAN,R1,-0.010112026794302618,0.015745188467965188,0.5213750110877032,2496,227
diversification,Partner diversification excluding US and China,CAN,R2,0.025246160622463,0.019676997130934418,0.2007960505225088,2496,227
diversification,Partner diversification excluding US and China,CCK,R1,-0.009562931808485123,0.01577835539756659,0.5450704586334121,2496,227
diversification,Partner diversification excluding US and China,CCK,R2,0.023995645265110256,0.018386519242939808,0.19319711843687626,2496,227
diversification,Partner diversification excluding US and China,CHE,R1,-0.010112026794302566,0.015745188467965195,0.5213750110877056,2496,227
diversification,Partner diversification excluding US and China,CHE,R2,0.0239936441075963,0.018378199397372577,0.19303335821999326,2496,227
diversification,Partner diversification excluding US and China,CHL,R1,-0.010112026794302592,0.015745188467965195,0.5213750110877046,2496,227
diversification,Partner diversification excluding US and China,CHL,R2,0.024880244335195333,0.019147293437682428,0.1951261407776023,2496,227
diversification,Partner diversification excluding US and China,CIV,R1,-0.010193945430094765,0.015757796788806375,0.5183438419214541,2496,227
diversification,Partner diversification excluding US and China,CIV,R2,0.02399564526511019,0.01838651924293978,0.1931971184368767,2496,227
diversification,Partner diversification excluding US and China,CMR,R1,-0.010118541097390877,0.015745385590961624,0.5211121563381904,2496,227
diversification,Partner diversification excluding US and China,CMR,R2,0.02399564526511016,0.01838651924293978,0.1931971184368774,2496,227
diversification,Partner diversification excluding US and China,COD,R1,-0.009972909921401643,0.015868920447250055,0.5303402127510837,2496,227
diversification,Partner diversification excluding US and China,COD,R2,0.02399564526511016,0.01838651924293977,0.19319711843687712,2496,227
diversification,Partner diversification excluding US and China,COG,R1,-0.010103630370008998,0.015713895935244863,0.5208926192581939,2496,227
diversification,Partner diversification excluding US and China,COG,R2,0.023995645265110166,0.018386519242939783,0.1931971184368773,2496,227
diversification,Partner diversification excluding US and China,COK,R1,-0.010153117395333427,0.01575823410437486,0.5200307175478006,2496,227
diversification,Partner diversification excluding US and China,COK,R2,0.02399564526511022,0.018386519242939804,0.1931971184368767,2496,227
diversification,Partner diversification excluding US and China,COL,R1,-0.010129969449885834,0.015799348632555846,0.5220659641714871,2496,227
diversification,Partner diversification excluding US and China,COL,R2,0.0239956452651102,0.018386519242939804,0.19319711843687715,2496,227
diversification,Partner diversification excluding US and China,COM,R1,-0.010028946732493337,0.015780244516921435,0.5257205099058265,2496,227
diversification,Partner diversification excluding US and China,COM,R2,0.023995645265110225,0.018386519242939763,0.19319711843687568,2496,227
diversification,Partner diversification excluding US and China,CPV,R1,-0.010112026794302583,0.01574518846796515,0.5213750110877036,2496,227
diversification,Partner diversification excluding US and China,CPV,R2,0.024831032871600003,0.018407770286793974,0.17870529266452678,2496,227
diversification,Partner diversification excluding US and China,CRI,R1,-0.010112026794302663,0.0157451884679652,0.5213750110877017,2496,227
diversification,Partner diversification excluding US and China,CRI,R2,0.024638725233162462,0.01861611229909699,0.18700108356819006,2496,227
diversification,Partner diversification excluding US and China,CUB,R1,-0.010003337891438216,0.015751300875671784,0.5260186146304625,2496,227
diversification,Partner diversification excluding US and China,CUB,R2,0.023995645265110152,0.01838651924293978,0.19319711843687745,2496,227
diversification,Partner diversification excluding US and China,CUW,R1,-0.01011202679430256,0.015745188467965163,0.521375011087705,2496,227
diversification,Partner diversification excluding US and China,CUW,R2,0.02410105795703142,0.0183537005708384,0.190466019352808,2496,227
diversification,Partner diversification excluding US and China,CXR,R1,-0.008723969431591089,0.015930287961082798,0.5844835756528036,2496,227
diversification,Partner diversification excluding US and China,CXR,R2,0.023995645265110215,0.018386519242939783,0.1931971184368764,2496,227
diversification,Partner diversification excluding US and China,CYM,R1,-0.010112026794302597,0.015745188467965156,0.5213750110877032,2496,227
diversification,Partner diversification excluding US and China,CYM,R2,0.0245168524524468,0.0184455803590856,0.18514033991360765,2496,227
diversification,Partner diversification excluding US and China,CYP,R1,-0.010112026794302658,0.015745188467965167,0.521375011087701,2496,227
diversification,Partner diversification excluding US and China,CYP,R2,0.02395476958062399,0.018387853525031094,0.19398611873300625,2496,227
diversification,Partner diversification excluding US and China,CZE,R1,-0.010112026794302528,0.01574518846796513,0.5213750110877053,2496,227
diversification,Partner diversification excluding US and China,CZE,R2,0.02423439039819992,0.018526293171475312,0.1921656208114622,2496,227
diversification,Partner diversification excluding US and China,DEU,R1,-0.010112026794302585,0.015745188467965156,0.5213750110877038,2496,227
diversification,Partner diversification excluding US and China,DEU,R2,0.02400515027108159,0.018381526528447985,0.19290102557987285,2496,227
diversification,Partner diversification excluding US and China,DJI,R1,-0.010112026794302597,0.015745188467965146,0.5213750110877029,2496,227
diversification,Partner diversification excluding US and China,DJI,R2,0.01095482796730248,0.016462683338678816,0.5064515372231793,2496,227
diversification,Partner diversification excluding US and China,DMA,R1,-0.010112026794302644,0.015745188467965177,0.5213750110877019,2496,227
diversification,Partner diversification excluding US and China,DMA,R2,0.02455334897685728,0.01863022265279659,0.1888610407052233,2496,227
diversification,Partner diversification excluding US and China,DNK,R1,-0.010112026794302637,0.015745188467965156,0.5213750110877017,2496,227
diversification,Partner diversification excluding US and China,DNK,R2,0.024050584296979174,0.018394760094874608,0.19238191814245534,2496,227
diversification,Partner diversification excluding US and China,DOM,R1,-0.010144668096981278,0.015772827588469332,0.5207634317894948,2496,227
diversification,Partner diversification excluding US and China,DOM,R2,0.023995645265110242,0.01838651924293983,0.19319711843687704,2496,227
diversification,Partner diversification excluding US and China,DZA,R1,-0.010174455975152272,0.015755433796897637,0.5190805951220494,2496,227
diversification,Partner diversification excluding US and China,DZA,R2,0.023995645265110208,0.01838651924293982,0.19319711843687745,2496,227
diversification,Partner diversification excluding US and China,ECU,R1,-0.010141278471958294,0.015755882761000622,0.5204548428605442,2496,227
diversification,Partner diversification excluding US and China,ECU,R2,0.023995645265110242,0.018386519242939808,0.19319711843687648,2496,227
diversification,Partner diversification excluding US and China,EGY,R1,-0.01012055655143718,0.015741231310964113,0.5209193550767158,2496,227
diversification,Partner diversification excluding US and China,EGY,R2,0.023995645265110267,0.01838651924293978,0.19319711843687537,2496,227
diversification,Partner diversification excluding US and China,ERI,R1,-0.010279269318503162,0.015610684137548436,0.5109022119243342,2496,227
diversification,Partner diversification excluding US and China,ERI,R2,0.02399564526511029,0.018386519242939783,0.19319711843687504,2496,227
diversification,Partner diversification excluding US and China,ESP,R1,-0.010112026794302587,0.015745188467965136,0.5213750110877031,2496,227
diversification,Partner diversification excluding US and China,ESP,R2,0.023993418782730362,0.01839176019588175,0.1933647345120507,2496,227
diversification,Partner diversification excluding US and China,EST,R1,-0.010112026794302627,0.015745188467965153,0.5213750110877019,2496,227
diversification,Partner diversification excluding US and China,EST,R2,0.02410883999430502,0.018406076957383166,0.19158306919412169,2496,227
diversification,Partner diversification excluding US and China,ETH,R1,-0.010124154710220688,0.015765668219710805,0.5214171333472736,2496,227
diversification,Partner diversification excluding US and China,ETH,R2,0.02399564526511026,0.01838651924293981,0.19319711843687626,2496,227
diversification,Partner diversification excluding US and China,FIN,R1,-0.010112026794302618,0.01574518846796517,0.5213750110877027,2496,227
diversification,Partner diversification excluding US and China,FIN,R2,0.024065324719823332,0.018435431280114337,0.19308935209982958,2496,227
diversification,Partner diversification excluding US and China,FJI,R1,-0.010112026794302523,0.01574518846796514,0.5213750110877059,2496,227
diversification,Partner diversification excluding US and China,FJI,R2,0.024018899973103268,0.018387926224741086,0.19280148057632518,2496,227
diversification,Partner diversification excluding US and China,FLK,R1,-0.0104269529118111,0.015719089338242696,0.5077948790297251,2496,227
diversification,Partner diversification excluding US and China,FLK,R2,0.023995645265110235,0.018386519242939787,0.19319711843687606,2496,227
diversification,Partner diversification excluding US and China,FRA,R1,-0.010112026794302634,0.015745188467965146,0.5213750110877013,2496,227
diversification,Partner diversification excluding US and China,FRA,R2,0.024032864163931814,0.01839276466033106,0.19266046328995767,2496,227
diversification,Partner diversification excluding US and China,FRO,R1,-0.010112026794302594,0.015745188467965156,0.5213750110877033,2496,227
diversification,Partner diversification excluding US and China,FRO,R2,0.024469212082303238,0.018475816848398916,0.1867108595391846,2496,227
diversification,Partner diversification excluding US and China,FSM,R1,-0.01011202679430262,0.015745188467965167,0.5213750110877027,2496,227
diversification,Partner diversification excluding US and China,FSM,R2,0.01822373884900093,0.018488570091270307,0.3253462219833381,2496,227
diversification,Partner diversification excluding US and China,GAB,R1,-0.010176083580619512,0.015744691481211034,0.5187289622602264,2496,227
diversification,Partner diversification excluding US and China,GAB,R2,0.023995645265110263,0.018386519242939794,0.19319711843687568,2496,227
diversification,Partner diversification excluding US and China,GBR,R1,-0.0101120267943026,0.015745188467965184,0.5213750110877039,2496,227
diversification,Partner diversification excluding US and China,GBR,R2,0.023999729714585423,0.01839250140278092,0.19326592688586625,2496,227
diversification,Partner diversification excluding US and China,GEO,R1,-0.010112026794302587,0.015745188467965153,0.5213750110877036,2496,227
diversification,Partner diversification excluding US and China,GEO,R2,0.024085383726645163,0.018395505951459685,0.19175960635642286,2496,227
diversification,Partner diversification excluding US and China,GHA,R1,-0.01010936307762546,0.01573710207764448,0.5212708546459751,2496,227
diversification,Partner diversification excluding US and China,GHA,R2,0.02399564526511018,0.018386519242939797,0.1931971184368774,2496,227
diversification,Partner diversification excluding US and China,GIB,R1,-0.010112026794302615,0.015745188467965156,0.5213750110877026,2496,227
diversification,Partner diversification excluding US and China,GIB,R2,0.023881116653554482,0.01837309442043941,0.19499801106765333,2496,227
diversification,Partner diversification excluding US and China,GIN,R1,-0.010239148601899745,0.015495955094169536,0.5094375003002741,2496,227
diversification,Partner diversification excluding US and China,GIN,R2,0.023995645265110232,0.018386519242939776,0.19319711843687598,2496,227
diversification,Partner diversification excluding US and China,GMB,R1,-0.010329398784127234,0.015675297528358407,0.5105920846125164,2496,227
diversification,Partner diversification excluding US and China,GMB,R2,0.023995645265110284,0.018386519242939797,0.19319711843687543,2496,227
diversification,Partner diversification excluding US and China,GNB,R1,-0.008836193450572684,0.017058599960777483,0.604971570529666,2496,227
diversification,Partner diversification excluding US and China,GNB,R2,0.023995645265110242,0.01838651924293982,0.1931971184368767,2496,227
diversification,Partner diversification excluding US and China,GNQ,R1,-0.010089645982955014,0.015733845431663496,0.521996941028739,2496,227
diversification,Partner diversification excluding US and China,GNQ,R2,0.02399564526511017,0.018386519242939787,0.1931971184368773,2496,227
diversification,Partner diversification excluding US and China,GRC,R1,-0.010112026794302573,0.01574518846796514,0.5213750110877039,2496,227
diversification,Partner diversification excluding US and China,GRC,R2,0.02395624606934882,0.018403324973677377,0.19433239368972086,2496,227
diversification,Partner diversification excluding US and China,GRD,R1,-0.01011202679430265,0.015745188467965188,0.5213750110877019,2496,227
diversification,Partner diversification excluding US and China,GRD,R2,0.02416659723542247,0.018441498702481796,0.19137504636587327,2496,227
diversification,Partner diversification excluding US and China,GRL,R1,-0.010112026794302637,0.01574518846796521,0.5213750110877029,2496,227
diversification,Partner diversification excluding US and China,GRL,R2,0.027767924398146775,0.018635805824063937,0.13761040940445066,2496,227
diversification,Partner diversification excluding US and China,GTM,R1,-0.01010622368302332,0.01574276976839645,0.521549955901759,2496,227
diversification,Partner diversification excluding US and China,GTM,R2,0.02399564526511019,0.018386519242939804,0.1931971184368774,2496,227
diversification,Partner diversification excluding US and China,GUM,R1,-0.010112026794302651,0.015745188467965195,0.521375011087702,2496,227
diversification,Partner diversification excluding US and China,GUM,R2,0.02402659526749813,0.01838299766049486,0.19254067480126774,2496,227
diversification,Partner diversification excluding US and China,GUY,R1,-0.010107380271681113,0.015756395442753545,0.5218622328326064,2496,227
diversification,Partner diversification excluding US and China,GUY,R2,0.023995645265110242,0.018386519242939794,0.1931971184368761,2496,227
diversification,Partner diversification excluding US and China,HKG,R1,-0.010112026794302642,0.015745188467965177,0.5213750110877019,2496,227
diversification,Partner diversification excluding US and China,HKG,R2,0.025601787856265004,0.019250936998182103,0.18489240974778579,2496,227
diversification,Partner diversification excluding US and China,HMD,R1,-0.016259437732998684,0.013889671882126555,0.24298701944889084,2496,227
diversification,Partner diversification excluding US and China,HMD,R2,0.02399564526511016,0.01838651924293977,0.19319711843687712,2496,227
diversification,Partner diversification excluding US and China,HND,R1,-0.010147138655270145,0.01572838101599111,0.5194854592848837,2496,227
diversification,Partner diversification excluding US and China,HND,R2,0.0239956452651102,0.018386519242939794,0.19319711843687698,2496,227
diversification,Partner diversification excluding US and China,HRV,R1,-0.010112026794302627,0.015745188467965167,0.5213750110877022,2496,227
diversification,Partner diversification excluding US and China,HRV,R2,0.024005933368941627,0.01839745406556051,0.19327071170852148,2496,227
diversification,Partner diversification excluding US and China,HTI,R1,-0.010235247795112978,0.01584213588237688,0.5188846485697052,2496,227
diversification,Partner diversification excluding US and China,HTI,R2,0.0239956452651102,0.018386519242939787,0.1931971184368767,2496,227
diversification,Partner diversification excluding US and China,HUN,R1,-0.010112026794302556,0.015745188467965156,0.521375011087705,2496,227
diversification,Partner diversification excluding US and China,HUN,R2,0.024117597218949433,0.018467932050721256,0.19290825797285613,2496,227
diversification,Partner diversification excluding US and China,IDN,R1,-0.010129965666427323,0.015745392744352448,0.520642394673236,2496,227
diversification,Partner diversification excluding US and China,IDN,R2,0.023995645265110208,0.01838651924293976,0.19319711843687598,2496,227
diversification,Partner diversification excluding US and China,IND,R1,-0.010111806932090243,0.015741635042415176,0.5212901214243228,2496,227
diversification,Partner diversification excluding US and China,IND,R2,0.02399564526511019,0.018386519242939783,0.19319711843687684,2496,227
diversification,Partner diversification excluding US and China,IRL,R1,-0.010112026794302629,0.015745188467965177,0.5213750110877026,2496,227
diversification,Partner diversification excluding US and China,IRL,R2,0.024076298515374267,0.018475918662404594,0.1938606276865487,2496,227
diversification,Partner diversification excluding US and China,IRN,R1,-0.010092422998125928,0.015746342331777678,0.5222126101705468,2496,227
diversification,Partner diversification excluding US and China,IRN,R2,0.02399564526511022,0.0183865192429398,0.1931971184368767,2496,227
diversification,Partner diversification excluding US and China,IRQ,R1,-0.01009961644783737,0.015686793023117655,0.5203389757551481,2496,227
diversification,Partner diversification excluding US and China,IRQ,R2,0.02399564526511023,0.01838651924293979,0.19319711843687631,2496,227
diversification,Partner diversification excluding US and China,ISL,R1,-0.010112026794302604,0.015745188467965163,0.5213750110877031,2496,227
diversification,Partner diversification excluding US and China,ISL,R2,0.024085935616106016,0.018394673706964657,0.191729441003472,2496,227
diversification,Partner diversification excluding US and China,ISR,R1,-0.010112026794302637,0.015745188467965177,0.5213750110877022,2496,227
diversification,Partner diversification excluding US and China,ISR,R2,0.02430299517527507,0.018739223939504914,0.1959863308865814,2496,227
diversification,Partner diversification excluding US and China,ITA,R1,-0.010112026794302634,0.015745188467965167,0.521375011087702,2496,227
diversification,Partner diversification excluding US and China,ITA,R2,0.024017954115507542,0.018407558990312826,0.19329222558205028,2496,227
diversification,Partner diversification excluding US and China,JAM,R1,-0.010112026794302596,0.015745188467965195,0.5213750110877045,2496,227
diversification,Partner diversification excluding US and China,JAM,R2,0.028568603145722214,0.01983135172798254,0.1510879606588588,2496,227
diversification,Partner diversification excluding US and China,JOR,R1,-0.010124465704799026,0.015744978361790455,0.5208576480222518,2496,227
diversification,Partner diversification excluding US and China,JOR,R2,0.023995645265110215,0.01838651924293981,0.19319711843687712,2496,227
diversification,Partner diversification excluding US and China,JPN,R1,-0.010112026794302623,0.015745188467965136,0.5213750110877017,2496,227
diversification,Partner diversification excluding US and China,JPN,R2,0.027230678783518817,0.020586480562218845,0.18725684423758462,2496,227
diversification,Partner diversification excluding US and China,KAZ,R1,-0.010125701201410205,0.015746251749830034,0.520840509588296,2496,227
diversification,Partner diversification excluding US and China,KAZ,R2,0.02399564526511019,0.018386519242939808,0.19319711843687745,2496,227
diversification,Partner diversification excluding US and China,KEN,R1,-0.010120561226855715,0.01574777942823683,0.5210923374526691,2496,227
diversification,Partner diversification excluding US and China,KEN,R2,0.023995645265110187,0.018386519242939773,0.1931971184368767,2496,227
diversification,Partner diversification excluding US and China,KGZ,R1,-0.0099617715142978,0.015665845420889817,0.5254908174867482,2496,227
diversification,Partner diversification excluding US and China,KGZ,R2,0.023995645265110208,0.018386519242939756,0.1931971184368758,2496,227
diversification,Partner diversification excluding US and China,KHM,R1,-0.0101171152280773,0.015746224667572934,0.5211930083647749,2496,227
diversification,Partner diversification excluding US and China,KHM,R2,0.023995645265110267,0.018386519242939787,0.19319711843687548,2496,227
diversification,Partner diversification excluding US and China,KIR,R1,-0.010112026794302639,0.01574518846796519,0.5213750110877025,2496,227
diversification,Partner diversification excluding US and China,KIR,R2,0.024275696868713406,0.01838228369937737,0.18796955722486797,2496,227
diversification,Partner diversification excluding US and China,KNA,R1,-0.010112026794302632,0.015745188467965195,0.5213750110877028,2496,227
diversification,Partner diversification excluding US and China,KNA,R2,0.0239895713294178,0.018347291179362457,0.1923625047147716,2496,227
diversification,Partner diversification excluding US and China,KOR,R1,-0.0101120267943026,0.015745188467965177,0.5213750110877038,2496,227
diversification,Partner diversification excluding US and China,KOR,R2,0.026340959041781582,0.019631510692808864,0.18101736807643512,2496,227
diversification,Partner diversification excluding US and China,KWT,R1,-0.010115160086501884,0.015745982135945868,0.5212670464657253,2496,227
diversification,Partner diversification excluding US and China,KWT,R2,0.02399564526511019,0.01838651924293977,0.19319711843687648,2496,227
diversification,Partner diversification excluding US and China,LAO,R1,-0.010088073084477244,0.015735367488090943,0.5221019812930634,2496,227
diversification,Partner diversification excluding US and China,LAO,R2,0.023995645265110232,0.018386519242939787,0.1931971184368761,2496,227
diversification,Partner diversification excluding US and China,LBN,R1,-0.010143263663500015,0.015751360854638543,0.5202536381906624,2496,227
diversification,Partner diversification excluding US and China,LBN,R2,0.023995645265110183,0.01838651924293979,0.19319711843687715,2496,227
diversification,Partner diversification excluding US and China,LBR,R1,-0.010312002929673865,0.015734293769821783,0.512887172468955,2496,227
diversification,Partner diversification excluding US and China,LBR,R2,0.02399564526511023,0.018386519242939797,0.19319711843687648,2496,227
diversification,Partner diversification excluding US and China,LBY,R1,-0.010257919367367583,0.015775331317804765,0.5161907853137817,2496,227
diversification,Partner diversification excluding US and China,LBY,R2,0.023995645265110166,0.018386519242939773,0.19319711843687712,2496,227
diversification,Partner diversification excluding US and China,LCA,R1,-0.010112026794302603,0.015745188467965184,0.5213750110877038,2496,227
diversification,Partner diversification excluding US and China,LCA,R2,0.024097271346219782,0.018331829019320112,0.19000894109951588,2496,227
diversification,Partner diversification excluding US and China,LKA,R1,-0.010121692707661964,0.01574693666064021,0.5210235087433797,2496,227
diversification,Partner diversification excluding US and China,LKA,R2,0.0239956452651102,0.01838651924293979,0.19319711843687684,2496,227
diversification,Partner diversification excluding US and China,LSO,R1,-0.010329562231437113,0.015712213874186864,0.5115783071540811,2496,227
diversification,Partner diversification excluding US and China,LSO,R2,0.02399564526511022,0.01838651924293978,0.1931971184368761,2496,227
diversification,Partner diversification excluding US and China,LTU,R1,-0.010112026794302575,0.015745188467965163,0.5213750110877045,2496,227
diversification,Partner diversification excluding US and China,LTU,R2,0.024040914763457818,0.01839340092061263,0.19252735808945934,2496,227
diversification,Partner diversification excluding US and China,LUX,R1,-0.010112026794302679,0.01574518846796516,0.5213750110877,2496,227
diversification,Partner diversification excluding US and China,LUX,R2,0.024100660140418072,0.018428928305985415,0.19228261106605218,2496,227
diversification,Partner diversification excluding US and China,LVA,R1,-0.010112026794302618,0.015745188467965188,0.5213750110877032,2496,227
diversification,Partner diversification excluding US and China,LVA,R2,0.02401004474792593,0.018391395160635114,0.19304863539058675,2496,227
diversification,Partner diversification excluding US and China,MAC,R1,-0.010112026794302608,0.015745188467965177,0.5213750110877033,2496,227
diversification,Partner diversification excluding US and China,MAC,R2,0.024376905442151396,0.018448632616541547,0.18772435638880086,2496,227
diversification,Partner diversification excluding US and China,MAR,R1,-0.010147634896502987,0.015737740364743704,0.5197132472964852,2496,227
diversification,Partner diversification excluding US and China,MAR,R2,0.023995645265110235,0.018386519242939776,0.1931971184368758,2496,227
diversification,Partner diversification excluding US and China,MDA,R1,-0.010110603765599083,0.015745609189503382,0.5214446981522567,2496,227
diversification,Partner diversification excluding US and China,MDA,R2,0.023995645265110162,0.018386519242939763,0.19319711843687684,2496,227
diversification,Partner diversification excluding US and China,MDG,R1,-0.010112052310335663,0.0157519799870333,0.5215534105514898,2496,227
diversification,Partner diversification excluding US and China,MDG,R2,0.0239956452651102,0.01838651924293978,0.19319711843687648,2496,227
diversification,Partner diversification excluding US and China,MDV,R1,-0.010112026794302583,0.015745188467965195,0.5213750110877049,2496,227
diversification,Partner diversification excluding US and China,MDV,R2,0.024614598666241688,0.018358900244160613,0.18134941648946037,2496,227
diversification,Partner diversification excluding US and China,MEX,R1,-0.010886758669687337,0.017548840928039714,0.5356398685165605,2496,227
diversification,Partner diversification excluding US and China,MEX,R2,0.02399564526511018,0.018386519242939752,0.19319711843687631,2496,227
diversification,Partner diversification excluding US and China,MHL,R1,-0.010112026794302653,0.015745188467965177,0.5213750110877016,2496,227
diversification,Partner diversification excluding US and China,MHL,R2,0.024291025998380567,0.01834790455170942,0.18686950389900048,2496,227
diversification,Partner diversification excluding US and China,MKD,R1,-0.010112026794302674,0.015745188467965198,0.5213750110877013,2496,227
diversification,Partner diversification excluding US and China,MKD,R2,0.024897941472218757,0.018469055504544935,0.17897918229088247,2496,227
diversification,Partner diversification excluding US and China,MLI,R1,-0.010375850036601474,0.01572431394868797,0.5100153983675467,2496,227
diversification,Partner diversification excluding US and China,MLI,R2,0.023995645265110246,0.01838651924293979,0.19319711843687598,2496,227
diversification,Partner diversification excluding US and China,MLT,R1,-0.01011202679430259,0.015745188467965156,0.5213750110877035,2496,227
diversification,Partner diversification excluding US and China,MLT,R2,0.02401271411903943,0.01838281397120616,0.1927923981683071,2496,227
diversification,Partner diversification excluding US and China,MMR,R1,-0.009478690288590608,0.01611875355455804,0.5570835066394428,2496,227
diversification,Partner diversification excluding US and China,MMR,R2,0.023995645265110235,0.018386519242939773,0.19319711843687576,2496,227
diversification,Partner diversification excluding US and China,MNE,R1,-0.010112026794302644,0.01574518846796519,0.5213750110877021,2496,227
diversification,Partner diversification excluding US and China,MNE,R2,0.0246698647204814,0.018400755505657323,0.18136441792651373,2496,227
diversification,Partner diversification excluding US and China,MNG,R1,-0.013328248828952383,0.014638747008142525,0.3635408164217446,2496,227
diversification,Partner diversification excluding US and China,MNG,R2,0.023995645265110156,0.01838651924293982,0.19319711843687848,2496,227
diversification,Partner diversification excluding US and China,MNP,R1,-0.010112026794302629,0.015745188467965205,0.5213750110877032,2496,227
diversification,Partner diversification excluding US and China,MNP,R2,0.022295711747403274,0.018382237199428855,0.22643647015531113,2496,227
diversification,Partner diversification excluding US and China,MOZ,R1,-0.010283068558994458,0.015751795845374478,0.5145366069310684,2496,227
diversification,Partner diversification excluding US and China,MOZ,R2,0.023995645265110128,0.018386519242939756,0.1931971184368773,2496,227
diversification,Partner diversification excluding US and China,MRT,R1,-0.010119535850449137,0.01578846942245438,0.5222080088834579,2496,227
diversification,Partner diversification excluding US and China,MRT,R2,0.02399564526511024,0.018386519242939766,0.19319711843687562,2496,227
diversification,Partner diversification excluding US and China,MSR,R1,-0.010304487043866568,0.01573852574961989,0.5133073053693994,2496,227
diversification,Partner diversification excluding US and China,MSR,R2,0.023995645265110176,0.018386519242939766,0.1931971184368767,2496,227
diversification,Partner diversification excluding US and China,MUS,R1,-0.010112026794302608,0.015745188467965156,0.5213750110877028,2496,227
diversification,Partner diversification excluding US and China,MUS,R2,0.023910963777533184,0.01837336329257233,0.1944491089965251,2496,227
diversification,Partner diversification excluding US and China,MWI,R1,-0.010177978986565538,0.015764720549281724,0.5191820671467926,2496,227
diversification,Partner diversification excluding US and China,MWI,R2,0.023995645265110253,0.01838651924293977,0.19319711843687537,2496,227
diversification,Partner diversification excluding US and China,MYS,R1,-0.010142469813358253,0.015769150538578178,0.5207565857722496,2496,227
diversification,Partner diversification excluding US and China,MYS,R2,0.02399564526511017,0.01838651924293976,0.19319711843687662,2496,227
diversification,Partner diversification excluding US and China,NAM,R1,-0.010112026794302618,0.015745188467965177,0.5213750110877029,2496,227
diversification,Partner diversification excluding US and China,NAM,R2,0.024385820664251864,0.018572974360558502,0.1905235318639437,2496,227
diversification,Partner diversification excluding US and China,NCL,R1,-0.010112026794302623,0.015745188467965167,0.5213750110877025,2496,227
diversification,Partner diversification excluding US and China,NCL,R2,0.024061613975242088,0.018427007200249507,0.19295504184376153,2496,227
diversification,Partner diversification excluding US and China,NER,R1,-0.009618642432907493,0.0158592049067098,0.5447900737024266,2496,227
diversification,Partner diversification excluding US and China,NER,R2,0.023995645265110152,0.01838651924293978,0.19319711843687745,2496,227
diversification,Partner diversification excluding US and China,NFK,R1,-0.009667758603408873,0.01593074023464793,0.5445517573789987,2496,227
diversification,Partner diversification excluding US and China,NFK,R2,0.023995645265110218,0.018386519242939794,0.19319711843687662,2496,227
diversification,Partner diversification excluding US and China,NGA,R1,-0.010137122284679959,0.01574706452608257,0.5203923658713736,2496,227
diversification,Partner diversification excluding US and China,NGA,R2,0.02399564526511023,0.01838651924293977,0.19319711843687576,2496,227
diversification,Partner diversification excluding US and China,NIC,R1,-0.010086008313529734,0.015853999146185,0.5253023994185985,2496,227
diversification,Partner diversification excluding US and China,NIC,R2,0.023995645265110176,0.01838651924293978,0.19319711843687704,2496,227
diversification,Partner diversification excluding US and China,NIU,R1,-0.014080891185894284,0.015030944406102826,0.34986476240507414,2496,227
diversification,Partner diversification excluding US and China,NIU,R2,0.023995645265110215,0.01838651924293975,0.19319711843687562,2496,227
diversification,Partner diversification excluding US and China,NLD,R1,-0.010112026794302625,0.015745188467965174,0.5213750110877027,2496,227
diversification,Partner diversification excluding US and China,NLD,R2,0.02403980440228006,0.018385828392491657,0.1923653677989469,2496,227
diversification,Partner diversification excluding US and China,NOR,R1,-0.0101120267943026,0.01574518846796517,0.5213750110877035,2496,227
diversification,Partner diversification excluding US and China,NOR,R2,0.02392769815994364,0.018405574794003492,0.19491687587072212,2496,227
diversification,Partner diversification excluding US and China,NPL,R1,-0.010021610990354412,0.015797126257411337,0.5264649917356297,2496,227
diversification,Partner diversification excluding US and China,NPL,R2,0.023995645265110166,0.018386519242939818,0.19319711843687812,2496,227
diversification,Partner diversification excluding US and China,NRU,R1,-0.010112026794302556,0.015745188467965177,0.5213750110877055,2496,227
diversification,Partner diversification excluding US and China,NRU,R2,0.022332058126854855,0.01845681526012056,0.2275572497193871,2496,227
diversification,Partner diversification excluding US and China,NZL,R1,-0.010112026794302642,0.015745188467965177,0.5213750110877019,2496,227
diversification,Partner diversification excluding US and China,NZL,R2,0.024003453016101677,0.018375792840553257,0.19279405466173305,2496,227
diversification,Partner diversification excluding US and China,OMN,R1,-0.010134662277731866,0.015749891066283907,0.5205682871028586,2496,227
diversification,Partner diversification excluding US and China,OMN,R2,0.02399564526511016,0.018386519242939783,0.19319711843687745,2496,227
diversification,Partner diversification excluding US and China,PAK,R1,-0.0101130806671891,0.015747744806389238,0.5213992023813574,2496,227
diversification,Partner diversification excluding US and China,PAK,R2,0.0239956452651102,0.018386519242939763,0.1931971184368761,2496,227
diversification,Partner diversification excluding US and China,PAN,R1,-0.010112026794302604,0.015745188467965163,0.5213750110877031,2496,227
diversification,Partner diversification excluding US and China,PAN,R2,0.023967998921889576,0.018410045859052735,0.1942766935062661,2496,227
diversification,Partner diversification excluding US and China,PCN,R1,-0.010189460361967275,0.01579165731885013,0.5194240612778801,2496,227
diversification,Partner diversification excluding US and China,PCN,R2,0.023995645265110152,0.018386519242939735,0.1931971184368764,2496,227
diversification,Partner diversification excluding US and China,PER,R1,-0.010114501943983063,0.01575074811104477,0.5214200792033702,2496,227
diversification,Partner diversification excluding US and China,PER,R2,0.023995645265110152,0.0183865192429398,0.19319711843687806,2496,227
diversification,Partner diversification excluding US and China,PHL,R1,-0.010162816836398959,0.015788291786864115,0.5204270294170934,2496,227
diversification,Partner diversification excluding US and China,PHL,R2,0.023995645265110197,0.018386519242939776,0.19319711843687648,2496,227
diversification,Partner diversification excluding US and China,PLW,R1,-0.010112026794302589,0.015745188467965167,0.521375011087704,2496,227
diversification,Partner diversification excluding US and China,PLW,R2,0.02869857681383445,0.017642083946583065,0.10519188969013471,2496,227
diversification,Partner diversification excluding US and China,PNG,R1,-0.010664379511876515,0.015735923827550624,0.4986493381453776,2496,227
diversification,Partner diversification excluding US and China,PNG,R2,0.023995645265110194,0.018386519242939766,0.1931971184368764,2496,227
diversification,Partner diversification excluding US and China,POL,R1,-0.010112026794302653,0.015745188467965195,0.5213750110877019,2496,227
diversification,Partner diversification excluding US and China,POL,R2,0.024002613221819707,0.018425136467256444,0.19399956598898765,2496,227
diversification,Partner diversification excluding US and China,PRK,R1,-0.010808200260606506,0.016216014777960117,0.5057624754959144,2496,227
diversification,Partner diversification excluding US and China,PRK,R2,0.023995645265110215,0.018386519242939818,0.19319711843687723,2496,227
diversification,Partner diversification excluding US and China,PRT,R1,-0.010112026794302589,0.01574518846796517,0.521375011087704,2496,227
diversification,Partner diversification excluding US and China,PRT,R2,0.023996539574251626,0.01838697176751952,0.19319150344257818,2496,227
diversification,Partner diversification excluding US and China,PRY,R1,-0.010029631859175549,0.01575640844361856,0.5250667278763587,2496,227
diversification,Partner diversification excluding US and China,PRY,R2,0.023995645265110256,0.018386519242939776,0.19319711843687548,2496,227
diversification,Partner diversification excluding US and China,PSE,R1,-0.01007279373577361,0.015748278751590898,0.5230724631058373,2496,227
diversification,Partner diversification excluding US and China,PSE,R2,0.0239956452651102,0.018386519242939776,0.19319711843687648,2496,227
diversification,Partner diversification excluding US and China,PYF,R1,-0.01011202679430265,0.015745188467965163,0.5213750110877013,2496,227
diversification,Partner diversification excluding US and China,PYF,R2,0.02349690592826277,0.018383870804024496,0.20251610225169545,2496,227
diversification,Partner diversification excluding US and China,QAT,R1,-0.010112026794302585,0.01574518846796515,0.5213750110877035,2496,227
diversification,Partner diversification excluding US and China,QAT,R2,0.02349567959531404,0.018403496739487067,0.20301968056413247,2496,227
diversification,Partner diversification excluding US and China,ROU,R1,-0.010138100138483609,0.015909061342400097,0.5246049552075873,2496,227
diversification,Partner diversification excluding US and China,ROU,R2,0.023995645265110187,0.018386519242939766,0.19319711843687648,2496,227
diversification,Partner diversification excluding US and China,RUS,R1,-0.010102930890957021,0.015746454275901534,0.5217828692334878,2496,227
diversification,Partner diversification excluding US and China,RUS,R2,0.023995645265110194,0.018386519242939797,0.19319711843687715,2496,227
diversification,Partner diversification excluding US and China,RWA,R1,-0.009822230894119677,0.015831167780379133,0.5355957282625294,2496,227
diversification,Partner diversification excluding US and China,RWA,R2,0.02399564526511022,0.01838651924293978,0.1931971184368761,2496,227
diversification,Partner diversification excluding US and China,SAU,R1,-0.010136480383634667,0.015741268271908356,0.520265318451671,2496,227
diversification,Partner diversification excluding US and China,SAU,R2,0.023995645265110152,0.018386519242939766,0.19319711843687715,2496,227
diversification,Partner diversification excluding US and China,SDN,R1,-0.010396737732984291,0.015803877905716274,0.5112976638612556,2496,227
diversification,Partner diversification excluding US and China,SDN,R2,0.023995645265110218,0.01838651924293979,0.19319711843687648,2496,227
diversification,Partner diversification excluding US and China,SEN,R1,-0.010069798791005675,0.015749013379569972,0.523215276727254,2496,227
diversification,Partner diversification excluding US and China,SEN,R2,0.023995645265110187,0.018386519242939783,0.19319711843687698,2496,227
diversification,Partner diversification excluding US and China,SGP,R1,-0.010112026794302627,0.01574518846796516,0.521375011087702,2496,227
diversification,Partner diversification excluding US and China,SGP,R2,0.024108237422315694,0.018494105270450725,0.19370884605107658,2496,227
diversification,Partner diversification excluding US and China,SGS,R1,-0.010436823224042489,0.015576910821910185,0.5035298191523887,2496,227
diversification,Partner diversification excluding US and China,SGS,R2,0.023995645265110235,0.0183865192429398,0.1931971184368764,2496,227
diversification,Partner diversification excluding US and China,SHN,R1,-0.010129320202440503,0.015764511585451387,0.5211742909360361,2496,227
diversification,Partner diversification excluding US and China,SHN,R2,0.023995645265110162,0.01838651924293978,0.1931971184368773,2496,227
diversification,Partner diversification excluding US and China,SLB,R1,-0.010074453448995215,0.01608727450295624,0.5317912043923586,2496,227
diversification,Partner diversification excluding US and China,SLB,R2,0.0239956452651102,0.01838651924293978,0.19319711843687648,2496,227
diversification,Partner diversification excluding US and China,SLE,R1,-0.010135843045587204,0.015753560394301928,0.5206168021199422,2496,227
diversification,Partner diversification excluding US and China,SLE,R2,0.023995645265110194,0.018386519242939773,0.19319711843687648,2496,227
diversification,Partner diversification excluding US and China,SLV,R1,-0.01006112098208518,0.01577563150902601,0.5242733091144284,2496,227
diversification,Partner diversification excluding US and China,SLV,R2,0.023995645265110218,0.01838651924293977,0.19319711843687598,2496,227
diversification,Partner diversification excluding US and China,SMR,R1,-0.010112026794302623,0.015745188467965174,0.5213750110877027,2496,227
diversification,Partner diversification excluding US and China,SMR,R2,0.0242918186787346,0.01847393747802679,0.1898682167914177,2496,227
diversification,Partner diversification excluding US and China,SOM,R1,-0.0107616660576561,0.01573723448628634,0.49478013542862276,2496,227
diversification,Partner diversification excluding US and China,SOM,R2,0.023995645265110263,0.01838651924293982,0.1931971184368764,2496,227
diversification,Partner diversification excluding US and China,SPM,R1,-0.011820829073913202,0.0156801510846478,0.451710709194802,2496,227
diversification,Partner diversification excluding US and China,SPM,R2,0.023995645265110215,0.01838651924293978,0.19319711843687631,2496,227
diversification,Partner diversification excluding US and China,SRB,R1,-0.00999576753513201,0.01585536598430023,0.5290473815664734,2496,227
diversification,Partner diversification excluding US and China,SRB,R2,0.023995645265110145,0.018386519242939756,0.19319711843687704,2496,227
diversification,Partner diversification excluding US and China,SSD,R1,0.008163294942845095,0.014162720600536577,0.5649230781654838,2496,227
diversification,Partner diversification excluding US and China,SSD,R2,0.02399564526511022,0.01838651924293978,0.1931971184368761,2496,227
diversification,Partner diversification excluding US and China,STP,R1,-0.010141465611028517,0.015804510428727905,0.5217301265924241,2496,227
diversification,Partner diversification excluding US and China,STP,R2,0.023995645265110173,0.01838651924293978,0.19319711843687712,2496,227
diversification,Partner diversification excluding US and China,SUR,R1,-0.009934311479208731,0.015756466537688554,0.5290103558676233,2496,227
diversification,Partner diversification excluding US and China,SUR,R2,0.02399564526511022,0.018386519242939794,0.19319711843687648,2496,227
diversification,Partner diversification excluding US and China,SVK,R1,-0.010112026794302575,0.015745188467965143,0.5213750110877039,2496,227
diversification,Partner diversification excluding US and China,SVK,R2,0.024138000043446465,0.018471883322393582,0.19262822445527358,2496,227
diversification,Partner diversification excluding US and China,SVN,R1,-0.010112026794302589,0.015745188467965143,0.5213750110877032,2496,227
diversification,Partner diversification excluding US and China,SVN,R2,0.024299210038195313,0.01851837722204159,0.19079483872007785,2496,227
diversification,Partner diversification excluding US and China,SWE,R1,-0.010112026794302677,0.015745188467965195,0.5213750110877009,2496,227
diversification,Partner diversification excluding US and China,SWE,R2,0.02406711663664312,0.018457292050416962,0.1935821536503766,2496,227
diversification,Partner diversification excluding US and China,SWZ,R1,-0.010131014542138798,0.015790305191129696,0.5217849676509685,2496,227
diversification,Partner diversification excluding US and China,SWZ,R2,0.023995645265110298,0.01838651924293981,0.19319711843687562,2496,227
diversification,Partner diversification excluding US and China,SXM,R1,-0.010112026794302596,0.015745188467965156,0.5213750110877033,2496,227
diversification,Partner diversification excluding US and China,SXM,R2,0.015264233865961353,0.016279670906442775,0.3494378408880513,2496,227
diversification,Partner diversification excluding US and China,SYC,R1,-0.010112026794302642,0.015745188467965163,0.5213750110877017,2496,227
diversification,Partner diversification excluding US and China,SYC,R2,0.023342280556268177,0.018419662100208012,0.20637086616554057,2496,227
diversification,Partner diversification excluding US and China,SYR,R1,-0.010061620513926738,0.015763138642772997,0.5239242980610381,2496,227
diversification,Partner diversification excluding US and China,SYR,R2,0.023995645265110218,0.018386519242939808,0.19319711843687698,2496,227
diversification,Partner diversification excluding US and China,TCA,R1,-0.01011202679430261,0.01574518846796516,0.5213750110877028,2496,227
diversification,Partner diversification excluding US and China,TCA,R2,0.020349812288224457,0.019038298691409744,0.2862603993559171,2496,227
diversification,Partner diversification excluding US and China,TCD,R1,-0.011199749239869999,0.016024547635399424,0.48532562555293035,2496,227
diversification,Partner diversification excluding US and China,TCD,R2,0.023995645265110194,0.01838651924293977,0.19319711843687648,2496,227
diversification,Partner diversification excluding US and China,TGO,R1,-0.010124772885483106,0.015746172825272124,0.520876605773533,2496,227
diversification,Partner diversification excluding US and China,TGO,R2,0.02399564526511022,0.01838651924293978,0.1931971184368761,2496,227
diversification,Partner diversification excluding US and China,THA,R1,-0.010118765977814815,0.01574659533489359,0.5211348891139534,2496,227
diversification,Partner diversification excluding US and China,THA,R2,0.02399564526511023,0.01838651924293981,0.19319711843687684,2496,227
diversification,Partner diversification excluding US and China,TJK,R1,-0.010113622485166474,0.015771171901644288,0.5219952903256078,2496,227
diversification,Partner diversification excluding US and China,TJK,R2,0.023995645265110117,0.0183865192429398,0.19319711843687862,2496,227
diversification,Partner diversification excluding US and China,TKL,R1,-0.010391600410060176,0.01576302389258794,0.5104134496858991,2496,227
diversification,Partner diversification excluding US and China,TKL,R2,0.023995645265110284,0.018386519242939825,0.19319711843687606,2496,227
diversification,Partner diversification excluding US and China,TKM,R1,-0.010243179926477428,0.016037847916298937,0.5236726865002264,2496,227
diversification,Partner diversification excluding US and China,TKM,R2,0.023995645265110284,0.018386519242939815,0.1931971184368758,2496,227
diversification,Partner diversification excluding US and China,TLS,R1,-0.010615886698531375,0.0156964694638089,0.49952701081617606,2496,227
diversification,Partner diversification excluding US and China,TLS,R2,0.023995645265110194,0.01838651924293981,0.19319711843687745,2496,227
diversification,Partner diversification excluding US and China,TON,R1,-0.01011202679430264,0.01574518846796517,0.5213750110877018,2496,227
diversification,Partner diversification excluding US and China,TON,R2,0.02465363511452231,0.018530671974908767,0.1847197775436254,2496,227
diversification,Partner diversification excluding US and China,TTO,R1,-0.010121479496934664,0.015753490590567923,0.521205517723374,2496,227
diversification,Partner diversification excluding US and China,TTO,R2,0.02399564526511023,0.018386519242939787,0.19319711843687626,2496,227
diversification,Partner diversification excluding US and China,TUN,R1,-0.010045011764285119,0.015769755616500427,0.5247828637701464,2496,227
diversification,Partner diversification excluding US and China,TUN,R2,0.023995645265110208,0.018386519242939794,0.1931971184368767,2496,227
diversification,Partner diversification excluding US and China,TUR,R1,-0.010070527571372953,0.015772342401805993,0.5237994089402284,2496,227
diversification,Partner diversification excluding US and China,TUR,R2,0.02399564526511022,0.018386519242939835,0.19319711843687756,2496,227
diversification,Partner diversification excluding US and China,TUV,R1,-0.010112026794302606,0.015745188467965177,0.5213750110877035,2496,227
diversification,Partner diversification excluding US and China,TUV,R2,0.023969599468338917,0.018381963766434577,0.1935690786519027,2496,227
diversification,Partner diversification excluding US and China,TWN,R1,-0.010251895077598152,0.01613649041905698,0.5258600428007121,2496,227
diversification,Partner diversification excluding US and China,TWN,R2,0.02399564526511023,0.01838651924293981,0.19319711843687684,2496,227
diversification,Partner diversification excluding US and China,TZA,R1,-0.010108777129330223,0.015740329270069454,0.5213803195606622,2496,227
diversification,Partner diversification excluding US and China,TZA,R2,0.02399564526511024,0.01838651924293979,0.19319711843687606,2496,227
diversification,Partner diversification excluding US and China,UGA,R1,-0.009898872213579667,0.01579817387190837,0.531564799342165,2496,227
diversification,Partner diversification excluding US and China,UGA,R2,0.02399564526511019,0.018386519242939787,0.19319711843687698,2496,227
diversification,Partner diversification excluding US and China,UKR,R1,-0.009988397899441894,0.01579022883859469,0.5276550781821128,2496,227
diversification,Partner diversification excluding US and China,UKR,R2,0.023995645265110242,0.018386519242939797,0.19319711843687626,2496,227
diversification,Partner diversification excluding US and China,URY,R1,-0.010112026794302627,0.01574518846796518,0.5213750110877027,2496,227
diversification,Partner diversification excluding US and China,URY,R2,0.024108325614205416,0.018407554689410133,0.191628034218796,2496,227
diversification,Partner diversification excluding US and China,UZB,R1,-0.010188233280468825,0.01574015714581935,0.5181099478441781,2496,227
diversification,Partner diversification excluding US and China,UZB,R2,0.023995645265110277,0.018386519242939794,0.19319711843687548,2496,227
diversification,Partner diversification excluding US and China,VAT,R1,-0.010669227553415126,0.01577754497579918,0.4995869421002727,2496,227
diversification,Partner diversification excluding US and China,VAT,R2,0.023995645265110183,0.018386519242939808,0.19319711843687756,2496,227
diversification,Partner diversification excluding US and China,VCT,R1,-0.010112026794302674,0.015745188467965177,0.5213750110877007,2496,227
diversification,Partner diversification excluding US and China,VCT,R2,0.02401355163917738,0.01842877623312765,0.19388494043211485,2496,227
diversification,Partner diversification excluding US and China,VEN,R1,-0.01099578749481854,0.015313758527213887,0.4734783907089831,2496,227
diversification,Partner diversification excluding US and China,VEN,R2,0.02399564526511022,0.018386519242939776,0.19319711843687606,2496,227
diversification,Partner diversification excluding US and China,VGB,R1,-0.010112026794302594,0.01574518846796518,0.521375011087704,2496,227
diversification,Partner diversification excluding US and China,VGB,R2,0.023783520767239413,0.018368653973796154,0.19671447117585322,2496,227
diversification,Partner diversification excluding US and China,VNM,R1,-0.010139310467392228,0.015774911131375424,0.5210384336689465,2496,227
diversification,Partner diversification excluding US and China,VNM,R2,0.023995645265110235,0.01838651924293979,0.1931971184368761,2496,227
diversification,Partner diversification excluding US and China,VUT,R1,-0.010112026794302639,0.015745188467965177,0.521375011087702,2496,227
diversification,Partner diversification excluding US and China,VUT,R2,0.019410824798455184,0.018386218402633398,0.2922202732386387,2496,227
diversification,Partner diversification excluding US and China,WSM,R1,-0.010112026794302599,0.015745188467965153,0.5213750110877031,2496,227
diversification,Partner diversification excluding US and China,WSM,R2,0.024077839653380097,0.018342430884193205,0.19062045831041535,2496,227
diversification,Partner diversification excluding US and China,YEM,R1,-0.010138866842092748,0.01581459844956831,0.5221020576143017,2496,227
diversification,Partner diversification excluding US and China,YEM,R2,0.023995645265110235,0.01838651924293978,0.19319711843687598,2496,227
diversification,Partner diversification excluding US and China,ZAF,R1,-0.010115553490742318,0.015748675586497535,0.5213220496260451,2496,227
diversification,Partner diversification excluding US and China,ZAF,R2,0.023995645265110246,0.018386519242939787,0.19319711843687598,2496,227
diversification,Partner diversification excluding US and China,ZMB,R1,-0.010120339355460308,0.015746207904698144,0.5210599144230484,2496,227
diversification,Partner diversification excluding US and China,ZMB,R2,0.023995645265110187,0.018386519242939776,0.1931971184368767,2496,227
diversification,Partner diversification excluding US and China,ZWE,R1,-0.009780219938464065,0.0157880903724094,0.5362319598577775,2496,227
diversification,Partner diversification excluding US and China,ZWE,R2,0.02399564526511022,0.018386519242939787,0.19319711843687631,2496,227
