country_iso3_code,country_name,wb_region,pre_log_real_gdp_pc,pre_real_gdp_pc_growth_mean,pre_real_gdp_pc_growth_slope,pre_real_gdp_pc_growth_volatility,pre_manufacturing_value_added_share,pre_trade_openness,pre_resource_rents,pre_institutional_quality,pre_export_concentration,pre_log_population,eci_pre,coi_pre,exposure_pre,gvc_pre_mean,gvc_pre_slope,gvc_pre_n,recovery_pre_mean,recovery_pre_slope,recovery_pre_n,diversification_pre_mean,diversification_pre_slope,diversification_pre_n,exposure_tercile,eci_tercile_legacy_reference,coi_tercile_legacy_reference,z_pre_log_real_gdp_pc,z_pre_real_gdp_pc_growth_mean,z_pre_real_gdp_pc_growth_slope,z_pre_real_gdp_pc_growth_volatility,z_pre_manufacturing_value_added_share,z_pre_trade_openness,z_pre_resource_rents,z_pre_institutional_quality,z_pre_export_concentration,z_pre_log_population,z_eci_pre,z_coi_pre,z_exposure_pre,structural_complete_case
ABW,Aruba,Latin America & Caribbean,10.206003662946179,0.023021855684745775,-0.002510971119033777,0.018994494553299435,3.2836150547292497,147.49417315646417,0.0029421955344923166,1.1874318444444445,0.14095600136536027,11.580397646802028,0.8849999999999999,0.071,0.4475506686847455,,,0,0.4966230377838343,-0.33738201478694396,6,0.8670734667472354,-0.007433118542797191,6,high,high,middle,1.0458823141849585,0.23494235832610888,-0.19993998775809346,-0.19540514955250562,-1.2475481993650517,0.9683293620986408,-0.677200609987272,1.3431073288914326,-0.33679355129432764,-1.5681023097401237,0.9148751763840055,0.31150094026758435,1.3157393356692113,1
AFG,Afghanistan,"Middle East, North Africa, Afghanistan & Pakistan",6.344663402816585,-0.0021770843091356794,-0.0038102579088413594,0.01390062215739309,9.088027504598577,,0.603552036171564,-1.620635702777774,0.2786781959410914,17.31663840755151,-1.425333333333333,-0.976,0.11298974045588599,,,0,-0.11120548649920418,0.07958009236362198,6,0.6935023102613785,-0.007825646709863946,6,low,low,low,-1.6686097680238907,-0.6103110257131847,-0.2704010295174309,-0.3533823242047609,-0.30514147544961434,,-0.6108623803549018,-1.747129695952173,0.5254090770886369,0.8868740189989205,-1.4208529356503212,-0.881240277121686,-0.662521917209306,0
AGO,Angola,Sub-Saharan Africa,8.186393368102179,-0.020182075197881132,-0.01532491141528284,0.027774051352975768,5.103336119804868,62.75478529014424,24.399404258443752,-1.0854345361111093,0.25528852901128135,17.134272962514867,-0.6973333333333334,-1.2636666666666667,0.47021839078480204,-1.7664444444444432,0.6016952380953051,6,0.3824708465202722,-0.21462928377807908,6,0.9033289106966792,-0.001704584798469569,6,high,low,low,-0.3738879689750976,-1.214256250472798,-0.8948470624689615,0.07687681397419983,-0.9520975603574066,-0.5246138707059085,2.017424074866401,-1.158148685645323,0.3789792851004252,0.808825891415374,-0.6848508873624887,-1.2089498188621954,1.4497737447645997,1
AIA,Anguilla,,,,,,,,,,0.27403789645894433,,0.852,-0.2856666666666667,0.5144204805249987,,,0,-0.6622341535370836,0.2933072777997114,6,0.7255653599759421,-0.07491320954647586,6,high,high,middle,,,,,,,,,0.4963587237863499,,0.8815124461731559,-0.09481332353582839,1.7111410296182383,0
ALB,Albania,Europe & Central Asia,8.33195745129933,0.04178433045091161,0.004694203654109837,0.008722626340257602,6.021642696636455,74.97024318204194,2.35262149895214,-0.14534936111111096,0.23545757929849986,14.82800127975901,-0.4213333333333333,-0.25333333333333335,0.1081372377458165,,,0,0.044148218924130234,-0.0010227590020567545,6,0.7235858732582582,-0.008524395052780295,6,low,middle,middle,-0.27155755397059483,0.864296025301952,0.190800628213983,-0.5139684335485372,-0.8030009377282998,-0.3094012564244927,-0.4176751166533444,-0.1235987806171021,0.25482865695828855,-0.17820422551211607,-0.4058171437808377,-0.05797922672374332,-0.6912148017659026,1
AND,Andorra,Europe & Central Asia,10.54132630147989,0.01670503710763427,-0.001533651167321832,0.030425608740764776,3.7391520499088267,,0.0,1.4183335555555556,0.2937329060517456,11.211311507988697,1.1080000000000003,0.8106666666666665,0.0075082148144855,,,0,0.5426657937251284,-0.24683483402726414,6,0.6961138271444905,0.06114472786066584,6,low,high,high,1.2816115133658121,0.023055974217800635,-0.14693938583555163,0.1591100369516455,-1.1735870308648477,,-0.6775255797593016,1.5972112650596146,0.619658305885322,-1.726062509083994,1.1403263532633834,1.1541283714636335,-1.2862349615733857,0
ANS,Undeclared,,,,,,,,,,,,,,0.0,,,0,,,0,,,0,low,,,,,,,,,,,,,,,-1.3306310915232185,0
ARE,United Arab Emirates,"Middle East, North Africa, Afghanistan & Pakistan",10.699022767025442,-0.00305122531226516,-0.009388796902541432,0.022721147960882992,8.410399186393912,161.45152298853068,19.958312519625533,0.658926913888889,0.055117011155932955,15.92882326085398,0.6023333333333333,0.20099999999999987,0.1716374011784639,-0.24544444444444422,-0.12622857142860447,6,0.13783330376931838,-0.07864034285208014,6,0.9402538157411793,0.004453048570808609,6,middle,high,high,1.3924708985217202,-0.6396325226175029,-0.5729282868363516,-0.07982978164353025,-0.41516147986986573,1.214230725140601,1.5268990390533914,0.7614954279132076,-0.8741840801361448,0.2929217293529082,0.6291014873052132,0.45959679342957577,-0.315737863872162,1
ARG,Argentina,Latin America & Caribbean,9.51796809459904,-0.0034364387772541248,0.001534025253851919,0.027324379225559327,14.250902247241116,27.022830015763162,2.135645671955334,-0.15594418055555534,0.06179492985914479,17.582110978333095,0.2403333333333333,0.1576666666666666,0.22967574386156,-0.5328888888888889,0.1802857142857581,6,0.127355058840091,-0.07456975775429422,6,0.9300689092411302,0.005472911314074334,6,middle,middle,high,0.5621986767078269,-0.6525538195029468,0.019422404426680886,0.06293105195114497,0.5331049300602231,-1.1541414394666993,-0.4416404120283252,-0.13525822355006942,-0.8323773177927599,1.0004900446123821,0.26312244681043906,0.41023150904224526,0.027443287373072837,1
ARM,Armenia,Europe & Central Asia,8.143360166075654,0.037708650775182664,0.00549742476629573,0.02522689062726246,9.81594775618107,77.37633490419019,0.6869836626978382,-0.2144482638888887,0.1056428697222238,14.916117697877787,-0.0786666666666666,-0.5996666666666667,0.1037333032830861,,,0,-0.13613903503329655,0.09466046967124818,6,0.8748353006983969,-0.0027241169014659583,6,low,middle,middle,-0.4041399743161588,0.7275846382750956,0.2343597537062796,-0.002118736671465559,-0.1869560526371811,-0.26701059908631297,-0.6016472359722665,-0.19964110657581574,-0.5578695733032825,-0.1404924679905213,-0.05938394522777339,-0.45252176886556184,-0.7172552989451676,1
ASM,American Samoa,East Asia & Pacific,9.41245158699119,-0.0022916099295148483,-0.011907545343035923,0.03988644114802366,,168.00779427435035,0.0,0.8843861305555554,0.16619790491689837,10.879975582227708,0.6133333333333333,-0.2173333333333333,0.0,,,0,0.25325310646579346,-0.1393479221466144,6,0.8338020950831014,0.027919660680317676,6,low,high,middle,0.4880213949486114,-0.6141525828663108,-0.709521408877738,0.4525205226085642,,1.3297394760892915,-0.6775255797593016,1.009609979012513,-0.17876792837588087,-1.8678665038134248,0.6402223973754964,-0.01696806738657636,-1.3306310915232185,0
ATA,Antarctica,,,,,,,,,,0.3384218383750164,,1.1843333333333332,-0.313,0.0,,,0,0.27995757442273916,-0.20075433185566868,6,0.6615781616249837,0.0389434995177281,6,low,high,middle,,,,,,,,,0.8994310398840165,,1.2174987292056512,-0.12595142599552916,-1.3306310915232185,0
ATF,French Southern and Antarctic Lands,,,,,,,,,,0.6219987735397468,,0.3739999999999999,-0.7146666666666667,0.14002688632679303,,,0,-0.12510304879694567,0.0983506304433004,6,0.355641448446468,-0.030926103936834433,6,middle,middle,middle,,,,,,,,,2.6747496775301016,,0.3982583540281226,-0.5835296389704006,-0.5026510729119951,0
ATG,Antigua and Barbuda,Latin America & Caribbean,9.694585690293565,0.012174431695917675,0.009318627871778954,0.01833224192436044,2.6992868814149684,132.82698809923647,0.0,0.6372551250000001,0.31614406161703196,11.396193800740008,0.293,-0.5219999999999999,0.3848999521355172,,,0,0.22159562346789188,-0.18066078161364826,6,0.6646319891378504,0.011762474310065186,6,high,middle,middle,0.6863594687628274,-0.12891508317310665,0.4415857131314787,-0.21594370864752502,-1.3424199549924452,0.7099220827113505,-0.6775255797593016,0.7376459430654205,0.7599621784239201,-1.6469372297872849,0.31636801623785554,-0.3640439899251924,0.9452851835046426,1
AUS,Australia,East Asia & Pacific,10.946579550967622,0.008908177943053274,-0.0004761538101099386,0.0023113690288667408,6.225952295472184,41.793872901472746,4.627647393704632,1.5869149638888889,0.1613161934862943,16.978782595764024,0.2156666666666666,-0.0159999999999999,0.36654466641764755,-0.1361666666666661,-0.07002857142858956,6,0.09150715589641219,-0.04000616960747628,6,0.8976310564427422,0.007114893261151507,6,high,middle,middle,1.566501386548585,-0.23847572494653163,-0.08959071883499584,-0.7128019019401086,-0.7698291496504917,-0.893904387100043,-0.1663952007838406,1.782732624845736,-0.20932962861192753,0.7422796661710909,0.2381846484710161,0.2123906385360978,0.836750242758852,1
AUT,Austria,Europe & Central Asia,10.696607943089171,0.0037420286311590444,0.005827558817290701,0.009319685240821395,17.317251846859502,104.26167474886716,0.1694567743032855,1.4855256361111113,0.11370547350696732,15.96779541904804,1.4406666666666668,0.4036666666666666,0.08637945461232589,-0.6668333333333306,0.3480857142857721,6,0.051774908519115315,-0.018843260904764136,6,0.8686788234282737,0.0012331540795630536,6,low,high,high,1.39077329613153,-0.41176496605711577,0.25226310601911334,-0.49545173919870406,1.0309586758981557,0.20665680863771846,-0.6588088328032939,1.6711551612149804,-0.5073940621031343,0.3096008977903553,1.4766496335707353,0.6904744311795524,-0.8198687349952919,1
AZE,Azerbaijan,Europe & Central Asia,8.585507227554196,0.0013846191763477122,-0.01616708098231519,0.03162875090251052,4.629863953757883,79.25054697049167,20.994422223987815,-0.6760239111111103,0.11410529545131391,16.07548931687594,-0.898,-1.2590000000000001,0.06027554462789359,,,0,0.287249646091853,-0.15392694932395254,6,0.8767585373878258,-0.0033158003616759815,6,low,low,low,-0.09331403909667892,-0.49084005095073946,-0.9405183842253365,0.1964232997593961,-1.0289706903637916,-0.23399062700863477,1.6413388614502507,-0.7075983158755899,-0.5048909976380146,0.3556913568460866,-0.8877232468264427,-1.203633557466637,-0.9742213485661928,1
BDI,Burundi,Sub-Saharan Africa,5.55483038993643,0.004283136168278823,0.001055586360751398,0.01754760858698133,11.298351146476884,,17.646930282535667,-1.247976680555553,0.32028449922780766,16.19873501349408,-1.1833333333333333,-0.8463333333333335,0.1005692265587808,,,0,0.1353602232144079,-0.0847365279689042,6,0.6473821057814227,0.04305990072735627,6,low,low,low,-2.2238562149294494,-0.3936144812751879,-0.0065236015594489685,-0.2402776825171368,0.05372755395271023,,1.2716035123440594,-1.3370239243683277,0.7858831725067109,0.40843762054666227,-1.1761929141040914,-0.7335241569165204,-0.7359645081106388,0
BEL,Belgium,Europe & Central Asia,10.614301807080388,0.007564929542553856,0.001863502748472458,0.005655755171325781,12.521952059984933,159.59316534277968,0.048896884083803514,1.2899539277777778,0.0834634882191969,16.235194283568685,1.178,1.118,0.0903829733039886,-0.8948333333333333,0.4824857142857881,6,0.06896314214689465,-0.027688994322940932,6,0.9063161045291933,0.0011024544611516179,6,low,high,high,1.3329127245522852,-0.283532590687836,0.03729015132392883,-0.6090818570178157,0.25239188703348864,1.1814900771230425,-0.6721248478611727,1.4559313733465487,-0.6967224363928466,0.4240413318847067,1.211095780983367,1.504242157656855,-0.7961958992436123,1
BEN,Benin,Sub-Saharan Africa,6.9043668025904745,0.01801802110453412,-0.005568980695735999,0.021519928741647983,10.267926289456975,58.73750700572976,4.006631432883075,-0.26942074444444425,0.11333939880941259,16.230685158439346,-1.0120000000000002,-0.7360000000000001,0.3868031863114347,,,0,0.09000147184112646,-0.03247426231689592,6,0.875762517657635,-0.00812255887611391,6,high,low,middle,-1.2751426439894484,0.06709767465593444,-0.3657775396940899,-0.11708340789165497,-0.11357263743307375,-0.595390502211327,-0.2349873160423076,-0.26013751269977764,-0.5096858536868258,0.4221115322271341,-1.0029763148275597,-0.6078325482072403,0.9565390213191891,1
BES,Bonaire,,,,,,,,,,0.5223999258496471,,0.5576666666666666,-0.7503333333333334,0.0024471579998479004,,,0,-1.405720313941897,1.1549370935999501,6,0.4406272658890966,0.06101231466499275,6,low,middle,middle,,,,,,,,,2.0512162773627267,,0.5839438524743663,-0.6241610653507419,-1.316161028098899,0
BFA,Burkina Faso,Sub-Saharan Africa,6.447721023706862,0.02160983513311674,0.00267082994525661,0.010196223397433646,10.758043986779514,60.0581926816049,11.67052091374275,-0.456716283333333,0.383289383455955,16.732951871146664,-1.4436666666666664,-1.2033333333333334,0.0511027976891728,,,0,0.002582435111758518,0.01713622725995965,6,0.5823818686044201,0.028100195190722443,6,low,low,low,-1.596161064446406,0.18757865374618335,0.08107195205668417,-0.46826750475109946,-0.033996932319783554,-0.5721225887639212,0.6115004133613644,-0.4662534978494314,1.18032196975229,0.6370698894228897,-1.4393877857674602,-1.1402181536767584,-1.0284598693265081,1
BGD,Bangladesh,South Asia,7.0873334404112756,0.0536768028119786,0.0022660236380141747,0.004419600312944084,17.6967718285379,40.390213797126734,1.013301509134369,-0.9556066305555552,0.07997569548190982,18.882144425437072,-0.8476666666666667,-1.0913333333333333,0.2735443648874374,-0.0686666666666665,-0.03531428571429491,6,-0.1364403081738879,0.08654600110666176,6,0.9267729147415408,-0.0007225423292429262,6,high,low,low,-1.1465185248458354,1.2632077458039415,0.05911908195686847,-0.64741894848417,1.092577691721547,-0.9186341310097317,-0.5656049556674925,-1.015274985544147,-0.718557581226313,1.5568738284046595,-0.8368366583230257,-1.0126278801833501,0.2868387692427905,1
BGR,Bulgaria,Europe & Central Asia,8.879600199286097,0.03311459136548258,0.00724060057725997,0.014016360196213537,,127.180828072228,0.9052266812802868,0.033187316666666695,0.0553410442529625,15.766396393035707,0.6733333333333333,1.6456666666666664,0.0450697029393897,-0.44311111111111057,0.21310476190481636,6,0.02577758614809807,0.0005899198829554744,6,0.9406083096697153,-0.0010785774511215124,6,low,high,high,0.11343102593748201,0.5734851299835,0.3288931427730676,-0.34979291972981935,,0.6104477223707778,-0.5775419774453211,0.07287820673572395,-0.8727815325968851,0.22340684455700155,0.7008819068497684,2.10535942831181,-1.0641336033803437,0
BHR,Bahrain,"Middle East, North Africa, Afghanistan & Pakistan",10.081292782568426,-0.002425149549662109,-0.0035616892818036137,0.011724934351448987,16.250324094596564,158.19294761574432,17.328466890707634,-0.19793244999999934,0.1119083774704331,14.109425954999272,0.6273333333333334,-0.4573333333333333,0.13268434639028207,,,0,0.1204237191646929,-0.07002872713929963,6,0.8735856803699753,-0.011449823548139332,6,middle,high,middle,0.9582115380955846,-0.6186319306428523,-0.2569210152918098,-0.42085731882469535,0.8577318598597446,1.1568209635895792,1.236428767963943,-0.1814656963634227,-0.5186446882707589,-0.48573758861151206,0.6543762829194933,-0.29037579630102234,-0.546067566078156,1
BHS,The Bahamas,Latin America & Caribbean,10.333141426404827,-0.0037023959317995293,0.010225275272422842,0.0253157489087909,2.7273148007185917,75.7603570776402,0.015785106032619633,0.7512369222222223,0.14422968903750888,12.856833075255373,0.6003333333333334,-0.3473333333333333,0.3367431975320754,,,0,0.34506421193082676,-0.2396008144592626,6,0.8439381602270583,0.004747062063716614,6,high,high,middle,1.1352591701491257,-0.6614748766959695,0.4907537034927326,0.0006370410884168553,-1.3378693308186431,-0.29548098601329836,-0.6757820918609806,0.8630812340657238,-0.31629880007338806,-1.0218179237257172,0.6270795036560709,-0.16506392054856794,0.6605339359495184,1
BIH,Bosnia and Herzegovina,Europe & Central Asia,8.427501254327861,0.041705729551412676,0.003116500214932129,0.011233741263318426,11.319670478699365,89.96842197950387,1.4276207907717948,-0.3083765166666664,0.08430331847415584,15.080598260585516,0.4083333333333334,0.588,0.0176326778355894,,,0,-0.012531100917525953,0.026548953203760016,6,0.9128554662008886,0.0020316255149429242,6,low,middle,high,-0.20439100573784022,0.8616594986740012,0.10524089745722383,-0.43609077782024125,0.05718896924829371,-0.04516251097371224,-0.5198427889716746,-0.30300776693264647,-0.6914647228089771,-0.07009865001339845,0.4329690733384006,0.9004667563041199,-1.2263689365510309,1
BLM,Saint Barthélemy,,,,,,,,,,0.3249599854346498,,0.6896666666666667,-0.3813333333333333,0.0,,,0,-0.5594453388156427,0.4451412981432171,5,0.6750400145653501,0.0385171787867773,5,low,high,middle,,,,,,,,,0.8151538104668903,,0.7173947733177647,-0.20379668214478108,-1.3306310915232185,0
BLR,Belarus,Europe & Central Asia,8.702734093488298,-0.0029204740644793504,-0.001071536151221694,0.028836550152980048,21.71498157292335,126.34076045688299,1.4106421383098133,-0.6003764222222213,0.2722129241218724,16.06201863831157,0.8736666666666667,0.5786666666666668,0.0394857241820794,-0.7547222222222217,0.46913333333339735,6,0.15533707722600987,-0.07736778982567329,6,0.7131246473679506,-0.01438892223637744,6,low,high,high,-0.010904466781599412,-0.6352467058059565,-0.12187863273432843,0.10982827907783684,1.7449758308814594,0.5956473645559905,-0.5217181058074367,-0.6243493672410966,0.48493357949063975,0.3499262227823515,0.9034172690388653,0.8898342335130026,-1.097151711235805,1
BLZ,Belize,Latin America & Caribbean,8.698355115481851,-0.0046315331407750905,-0.01605697311430649,0.026637460633491556,7.049660804880616,104.20497261874284,1.839787961229862,-0.17222169166666643,0.15295931282356426,12.774092751480735,-0.3436666666666666,-0.5933333333333334,0.3456807806300158,,,0,0.060538802004972525,-0.02600816466358467,6,0.8843582658900142,-0.0025009006533363346,6,high,middle,middle,-0.01398285416159859,-0.6926411229870479,-0.934547173599127,0.04162752293495272,-0.6360915070351147,0.20565782736600743,-0.4743183260828061,-0.1531713850613078,-0.26164744488464553,-1.057228839126765,-0.3272967787391412,-0.44530684268587506,0.7133819311731049,1
BMU,Bermuda,North America,11.5720310916245,-0.0005671968411757433,0.010087831421588906,0.025525256336609684,0.5006762945006772,74.16783226145068,0.0,1.0193070527777777,0.33641467194922736,11.05942432961424,0.632,-0.5806666666666667,0.2914330399941181,,,0,-0.28915668627505475,-0.028766709235896575,6,0.5863757555810963,-0.010691946368846546,6,high,high,middle,2.0061889407506706,-0.5563102292294441,0.4833000473875949,0.007134532376591142,-1.6993872481120684,-0.3235381765036772,-0.6775255797593016,1.1580884690294633,0.8868652789821619,-1.7910666543248464,0.6590942447674922,-0.4308769903265015,0.39261463797983315,1
BOL,Bolivia,Latin America & Caribbean,7.981364746309544,0.03466728702487583,-0.0057922156359000165,0.00972839604902543,10.437374903388069,70.22568838599626,7.825214535752664,-0.5829804027777775,0.15169762733848846,16.206787109161212,-1.3310000000000002,-1.1393333333333333,0.1775280985556328,,,0,0.21488483808775113,-0.11044240299059709,6,0.8082302512343739,0.0271363508698603,6,middle,low,low,-0.5180214907548178,0.6255675295131601,-0.37788369405849276,-0.4827763178862656,-0.08606089278949511,-0.3929910858270965,0.18678073637547382,-0.6052053037639564,-0.26954616117199603,0.411883728386977,-1.3254827068657722,-1.0673094259662395,-0.28090612653995695,1
BRA,Brazil,Latin America & Caribbean,9.104637344842866,-0.0121244952830736,-0.0069173286846960355,0.029084000172438382,10.586923095977733,25.232113190041716,3.0751397315857347,-0.06271535555555537,0.06961655241739,19.117927164486755,0.6353333333333334,0.5656666666666667,0.3483768623059676,-0.11805555555555536,-0.060714285714301576,6,0.08267372905947924,-0.04155822033404991,6,0.9667732407725809,0.00011286419500518109,6,high,high,high,0.27163038384546073,-0.9439791399351399,-0.43889919743856803,0.11750249073910436,-0.06178018850407284,-1.1856903877674299,-0.3378719279823406,-0.032661273173054096,-0.7834104570139753,1.657783303309021,0.6624642175160629,0.8750246481968034,0.729323882142594,1
BRB,Barbados,Latin America & Caribbean,9.938310997294442,-0.002367947831250916,0.005864367002957717,0.014153770763798852,5.467034266764351,,0.25412386028177475,1.020279822222222,0.10197603691522372,12.537590289330938,0.444,0.226,0.41177358563990546,,,0,0.16932414076659616,-0.10396454931066682,6,0.8926938533310945,0.034842891002134176,6,high,middle,high,0.857696458387668,-0.6167132012807577,0.25425923430096337,-0.3455313812484204,-0.8930473839389617,,-0.6494572301289405,1.1591589874921806,-0.5808255891711379,-1.1584463386151223,0.46902778174810666,0.48807676519149734,1.104189177964577,0
BRN,Brunei,East Asia & Pacific,10.344488853357378,-0.025529651951315558,0.0073898233902709365,0.017332879879572143,1.5633810939557318,96.89905878353882,20.08397147804145,0.6582656222222223,0.21144669199919,12.946197796184512,0.4769999999999999,-0.8443333333333333,0.1550617847976029,-7.357611111111112,3.1084476190481625,6,0.37964876931310404,-0.22406463131266097,6,0.7764695200072675,0.018116223947277955,6,middle,middle,low,1.143236322780349,-1.3936311507006576,0.3369855785166563,-0.246937102282048,-1.5268460723783908,0.0769418324271752,1.5407782536029193,0.7607676861626305,0.10450974719179998,-0.9835719219179513,0.5023905119589561,-0.7312457591755663,-0.413749606613397,1
BTN,Bhutan,South Asia,7.973167356513414,0.03809692180842905,0.0037079747727490164,0.028090866646251357,7.316963660503163,86.64068943678971,3.8294742630443164,0.4307426388888889,0.683168131987507,13.50940422802776,-0.2916666666666667,-0.9216666666666667,0.0279954832940448,,,0,-0.15100637133303962,0.048271130327538804,6,0.3050266555440997,0.014121847462893347,6,low,middle,low,-0.5237841918371693,0.7406084958205172,0.13731689010553924,0.0867022632647092,-0.5926921086229366,-0.10379068737812523,-0.25455458287449706,0.5103819902077529,3.0576972611975806,-0.7425327961145739,-0.27472520386143895,-0.8193438051591102,-1.1650935909268194,1
BVT,Bouvet Island,,,,,,,,,,0.5918000758987826,,1.0626666666666666,-0.806,0.0,,,0,0.6088320328014717,-0.5517515135213016,6,0.40819992410121736,0.0711672799703774,6,low,high,low,,,,,,,,,2.4856923032993694,,1.094494723882822,-0.6875764691406202,-1.3306310915232185,0
BWA,Botswana,Sub-Saharan Africa,8.748934220545607,0.029707720714226227,-0.011365187725928394,0.05752525572512355,7.305767360554076,108.74089908033606,1.1764522559606903,0.6768978305555556,0.21511023370992396,14.598053250856418,-0.0216666666666666,-1.236,0.061703520085627094,,,0,0.027646611408369996,0.0025255482140403903,6,0.7584152080243962,0.055604525755068385,6,low,middle,low,0.021573862152277058,0.45920774578964907,-0.6801090551100469,0.9995562303237064,-0.5945099443549979,0.285572031207291,-0.5475847186094764,0.7812721573258058,0.12744515932283831,-0.2766165815029591,-0.0017574112272150412,-1.177431983445669,-0.965777719081272,1
CAF,Central African Republic,Sub-Saharan Africa,5.97186945678721,-0.07146544748951644,0.099686019767257,0.2171712721988499,19.965933240562133,47.5621942825049,12.14965348541034,-1.4970608694444412,0.14242051025990152,15.356322057527585,-0.535,-0.7313333333333333,0.14101948923175753,,,0,-0.026107306397130752,-0.013131833284688782,6,0.8600403359985123,0.006462794259166221,6,middle,low,middle,-1.930681004076569,-2.93446527454194,5.342259393476264,5.9506866605392155,1.4609996449873297,-0.7922777812524862,0.664421302119894,-1.6111374098395046,-0.3276250696123911,0.0479046596444739,-0.5207332145070974,-0.6025162868116815,-0.49678180456442916,1
CAN,Canada,North America,10.677720974859874,0.009319686480569089,-0.000834897201294147,0.009749227622959315,10.099337489894472,64.30582223938865,1.1936909716038884,1.6330885749999997,0.5732653673458332,17.38765621341932,0.9446666666666664,1.096,0.752416525870044,-0.11777777777777813,-0.05729523809525266,6,0.06996472976850336,-0.03218531204426938,6,0.9457649449316868,0.0012391819810681675,6,high,high,high,1.377495904795487,-0.2246724068712174,-0.1090455715014039,-0.4821302645622209,-0.14094478227231783,-0.49728761575517383,-0.5456806774174564,1.8335460045906191,2.3696567254471907,0.9172679720417285,0.9751976885834203,1.479179782506364,3.1184134129682572,1
CCK,Cocos (Keeling) Islands,,,,,,,,,,0.23180901753546337,,1.375333333333333,0.17633333333333326,0.1778166151451895,,,0,0.035501517167522735,-0.11279196050658187,6,0.7653720494188758,0.023392103194871613,6,middle,high,high,,,,,,,,,0.2319870260098518,,1.41059816769875,0.43149655462448,-0.27920012580354625,0
CHE,Switzerland,Europe & Central Asia,11.332967267005763,0.007195786341377186,-0.0005589480635918468,0.0029661717487577503,18.25890597673115,124.11453443149519,0.011381546786413252,1.8229255222222225,0.07358185179982,15.92316305493941,1.8020000000000003,1.261,0.1728906745432267,-0.34277777777777807,-0.0325333333333309,6,0.044898747502013316,-0.019324465962309776,6,0.9174970448941325,-0.0004342550505917861,6,middle,high,high,1.8381289368782459,-0.29591483930882717,-0.0940806970274824,-0.6924943882053465,1.1838460165649547,0.5564255910338681,-0.6762684713784468,2.0424587722231884,-0.7585859066908499,0.29049929415263925,1.8419546795157955,1.6671475961350453,-0.30832724916021653,1
CHL,Chile,Latin America & Caribbean,9.494934356137847,0.00896351851549646,-0.005324712538520073,0.009284363420582545,9.833144262752093,61.727864916414084,6.024581331808116,1.0870290805555556,0.10272617201104094,16.705175817574418,-0.09233333333333328,-0.568,0.4346450317535013,-0.17333333333333378,-0.08914285714288081,6,0.0977538428680139,-0.04827971741618659,6,0.9412524881040126,-0.000995297122559055,6,high,middle,middle,0.5460061382459411,-0.23661942439803108,-0.3525307423271924,-0.4965471811201375,-0.1841640209612182,-0.5427062107757723,-0.012101817463873257,1.2326155643065682,-0.5761294074609323,0.6251823908206268,-0.07320083349691313,-0.4164471379671279,1.2394282086647632,1
CIV,Côte d'Ivoire,Sub-Saharan Africa,7.468536430889671,0.054341813266360006,-0.01030474441384209,0.01877487312335052,11.604398052787168,55.212577587793184,3.7723096972955847,-0.7379074249999992,0.0472066287244168,17.032712784960168,-1.0103333333333333,-0.8593333333333334,0.1465065734782962,-1.9835555555555555,0.5396952380953303,6,0.009050035001125766,0.0005171542677312126,6,0.9511285576347667,0.00029212011794260776,6,middle,low,low,-0.8785357961408518,1.285514332395436,-0.622600627346082,-0.2022163081956432,0.10341745191074087,-0.6574929040946631,-0.26086849222611824,-0.775700212511246,-0.9237066174800966,0.7653605205848191,-1.001291328453274,-0.7483337422327194,-0.4643366346706447,1
CMR,Cameroon,Sub-Saharan Africa,7.237020374835161,0.01813268535607069,-0.003931180706164006,0.007744502059555645,14.530010854907948,45.986789723688354,6.643547047521692,-0.9666086861111102,0.07365189234232106,16.924889646792266,-0.8916666666666667,-1.087,0.2462662069861917,-0.3229444444444442,0.06621904761903111,6,0.14048574012117201,-0.07506048069300433,6,0.9201084152386659,0.003298970917663981,6,middle,low,low,-1.0412897775895351,0.07094388194335018,-0.27695873974633944,-0.54430317661125,0.5784211150900824,-0.8200333460994373,0.05626384524324761,-1.027382585826339,-0.7581474215213113,0.7192147496988054,-0.8813202986041585,-1.007691351744617,0.1255428190204675,1
COD,Democratic Republic of the Congo,Sub-Saharan Africa,6.1604075678536825,0.019314037740111444,-0.017386151387215016,0.03412233084692157,15.44721312882905,67.5092187714623,23.81220653947128,-1.5517220222222186,0.20049348480550208,18.194813342826453,-1.6903333333333332,-1.2093333333333334,0.3171640369798641,-1.0686111111111114,0.04124761904762889,6,0.04207550883122537,-0.0074204000307532695,6,0.863545609432843,0.025311619343067183,6,high,low,low,-1.7981401827019263,0.11057023529772898,-1.0066292470317997,0.2737571400621415,0.7273384426575324,-0.4408499980785686,1.9525672335607684,-1.671291204324119,0.03593776385451816,1.2627122671672644,-1.6887657691616895,-1.1470533468996196,0.5447622142204598,1
COG,Republic of the Congo,Sub-Saharan Africa,7.749342012238482,-0.04164922512446108,-0.025609332393028258,0.05974510519033088,8.074859013177388,104.80709229022129,27.475425771859033,-1.0344941222222215,0.1851228489998,15.432212289561548,-1.2123333333333333,-1.114,0.28045191017368193,,,0,0.1835884887566118,-0.09890835985213992,6,0.9210171384479526,0.006233785548571886,6,high,low,low,-0.6811316628967596,-1.934333409493233,-1.4525769044623853,1.0684008183720057,-0.469639916423788,0.21626600511553695,2.3571751207277347,-1.1020895095702963,-0.06028930130676386,0.08038389665640679,-1.2055116770166563,-1.0384497212474926,0.32768313581190045,1
COK,Cook Islands,,,,,,,,,,0.22763983842582755,,0.18166666666666662,-0.7606666666666667,0.094521430813586,,,0,-0.03572916567338664,0.01402445942913569,6,0.7328962202200401,0.012788749335904999,6,low,middle,middle,,,,,,,,,0.205886097269926,,0.20381092643559537,-0.635932787012336,-0.7717251692595052,0
COL,Colombia,Latin America & Caribbean,8.714817667502437,0.02117615128127177,-0.010750924972473059,0.017111684959086396,12.35487099868975,37.359266250455185,5.457555758625021,-0.29042880555555506,0.12134709403968517,17.661857738547003,0.25366666666666665,-0.1306666666666666,0.44017818179484286,-0.19816666666666607,-0.10191428571431221,6,0.21741328040411823,-0.11536187256239053,6,0.9574198950257998,0.0010138552936565478,6,high,middle,middle,-0.0024098085084467763,0.1730315044032283,-0.6467972459991179,-0.25379705986831397,0.22526453918158792,-0.9720335329021229,-0.07473061595533234,-0.2832565748925484,-0.4595540946330285,1.0346197851139285,0.2766023378047217,0.0817625013880847,1.272145765945276,1
COM,Comoros,Sub-Saharan Africa,7.2008251348620504,0.00832461683370429,0.0002993229544345205,0.013340009996985324,7.257588351359445,39.06529799158277,2.178488483495918,-0.875388019444444,0.11962414728121175,13.485073129965244,-0.6406666666666667,-0.9973333333333333,0.1237119020444165,,,0,-0.12092771568290733,0.07991822628868676,6,0.8721486679058285,-0.011558794659650371,6,low,low,low,-1.066734748947061,-0.2580502388979407,-0.04753618467163762,-0.37076868929079826,-0.6023323075327949,-0.9419765711161326,-0.43690836123964516,-0.9269955841521443,-0.47034051310607156,-0.7529459346642017,-0.6275613506367874,-0.9055431863585257,-0.599121696119584,1
CPV,Cabo Verde,Sub-Saharan Africa,8.149324085215738,0.021430854310697002,0.011100353411947692,0.01949489991445472,4.90210588737583,92.92706496310875,14.272315716404073,0.5238410111111111,0.32790459055333815,13.1468434508889,0.0196666666666666,-0.7246666666666667,0.0831373599865718,,,0,0.08383730045936429,-0.040652713624464216,6,0.6531817616831503,-0.0051726642387620704,6,low,middle,middle,-0.39994738568265936,0.18157506209252042,0.5382096753500891,-0.1798859886878394,-0.9847693812753808,0.006963025118496792,0.8988724299306863,0.6128353792219793,0.8335883574961779,-0.8977002939113085,0.04003025085506106,-0.5949216276751691,-0.8390392645913469,1
CRI,Costa Rica,Latin America & Caribbean,9.36128029538044,0.025035466618665937,0.004258218172463891,0.007236466945262121,12.153210327999417,64.05169763275177,1.2454186440363366,0.6730396777777777,0.14672325283397206,15.382070304706781,0.2266666666666666,-0.0186666666666666,0.4707582453062759,-0.04616666666666653,-0.03957142857143581,6,0.3967700075709762,-0.2062579565092797,6,0.9399339838455618,0.009190025788313589,6,high,middle,middle,0.4520483761115927,0.3024853365802658,0.16715689422876384,-0.5600589603730745,0.19252283213557256,-0.5017647971618433,-0.5399672808328584,0.7770263169530602,-0.3006879737575982,0.058924304733985425,0.24930555854129932,0.2093527748814928,1.4529659085587308,1
CUB,Cuba,Latin America & Caribbean,8.92721335946226,0.021782632982306892,-0.0021629869456520146,0.015039422193114712,14.863912160979384,35.76160258559265,1.2322214582717685,-0.4910221944444427,0.09029924834743686,16.238475712227572,-0.5763333333333333,-1.0493333333333332,0.223808466560771,,,0,0.09604116516903183,-0.05327938977595718,6,0.907136022692455,2.2303430560074596e-05,6,middle,low,low,0.14690270613144565,0.19337484861859272,-0.1810686134282798,-0.31806451524634094,0.6326334645196878,-1.000181259913286,-0.5414249291771185,-0.504006648335934,-0.6539275160263761,0.4254457062856449,-0.5625208765893734,-0.9647815276233221,-0.00724996687359361,1
CUW,Curaçao,Latin America & Caribbean,9.875160569224589,-0.016717393768554346,0.00018820645624501503,0.004955607151381696,8.392448863894879,156.86361179793985,0.0,,0.13820710746555442,11.961311097575225,0.4413333333333333,-0.49966666666666665,0.3107748348799689,,,0,0.42266398289509094,-0.25948172375626005,6,0.842230013893641,-0.011796756564449323,6,high,middle,middle,0.8133022000640143,-1.0980397070996386,-0.05356209387082341,-0.6307956726442193,-0.41807590140100964,1.1334006514621575,-0.6775255797593016,,-0.3540028584278646,-1.4050802986444249,0.4663318035492501,-0.338601881817876,0.5069828147611581,0
CXR,Christmas Island,,,,,,,,,,0.35547619202102004,,0.8303333333333335,-0.5840000000000001,0.0458275197687375,,,0,0.12313346392354714,-0.1116890780757151,6,0.6096567266639975,-0.018113469175282147,6,low,high,middle,,,,,,,,,1.0061989329186523,,0.8596076233074469,-0.4346743198947578,-1.0596526268412887,0
CYM,Cayman Islands,Latin America & Caribbean,11.247943744606204,0.0016610495376621515,0.005241119878886831,0.009134110719680084,0.823762193682766,117.436583958714,0.0,0.9458224416666665,0.28426144324601993,11.01565308426123,0.54,-0.9216666666666667,0.1867541196593594,,,0,-0.5843083679501943,0.2804183017781524,6,0.6911247038047185,-0.0525872712023895,6,middle,middle,low,1.7783580638634535,-0.48156768876372014,0.22046019779875342,-0.5012069949763929,-1.6469308924651984,0.4387730894242221,-0.6775255797593016,1.0772197355702466,0.5603627061391413,-1.8097997193587188,0.5660829969069419,-0.8193438051591102,-0.22635259524637832,1
CYP,Cyprus,Europe & Central Asia,10.074907725936177,0.011057601487636149,0.030222516206785444,0.05184881691109617,4.312499613802366,131.40445291810468,0.029871762691827532,0.9419528805555556,0.05657732234276346,14.00608936507212,0.5976666666666667,0.0346666666666666,0.05460550053162929,-0.20388888888888848,-0.14095238095241083,6,0.09002964662517948,-0.06770281790135464,6,0.9406797950423891,0.01152677130625455,6,low,high,middle,0.9537228930902069,-0.16637715551331156,1.5752151477257832,0.8235118192687478,-1.0804980913691762,0.6848597790344885,-0.6742262001639353,1.072961340494502,-0.8650418779847698,-0.5299632222180464,0.6243835254572143,0.2701100479735917,-1.0077483614099618,1
CZE,Czechia,Europe & Central Asia,9.779996494871964,0.027635737947703732,0.009948036024471864,0.020147503874781415,22.937000260042698,149.61896489426866,0.39424868055442935,0.8980083027777778,0.11986750116742394,16.170956540496302,1.4873333333333332,0.6646666666666666,0.0743577773367901,-0.39238888888888884,0.17239047619049366,6,-0.0020333353123079337,0.014268880869105962,6,0.8708311568447057,-0.0018507006211862563,6,low,high,high,0.746402598128322,0.389706788785129,0.4757188656259564,-0.1596466654762614,1.9433832730537528,1.0057640607192928,-0.633980240117285,1.0246009791405368,-0.4688170087721061,0.3965490864870929,1.5238292520507244,0.9878053363740122,-0.8909530019917484,1
DEU,Germany,Europe & Central Asia,10.642439570049534,0.012846493386540203,0.004175682465026101,0.00870437754988525,20.0935423958785,77.49724021964842,0.09929483426395484,1.5506363555555556,0.042700892079785675,18.215541330971764,1.572,-1.3666666666666665,0.1545775251876874,-0.4860555555555563,0.22879047619051332,6,0.030909113209224483,-0.008362414620056708,6,0.95756008687021,0.00023683829651937192,6,middle,high,low,1.3526933524289526,-0.10637197547017187,0.16268093713135365,-0.5145343865445647,1.4817183184175786,-0.26488048253640095,-0.6665583210315333,1.7428085500875035,-0.9519145471443758,1.271583359292148,1.6094265598644195,-1.3262873025213116,-0.41661303728266696,1
DJI,Djibouti,"Middle East, North Africa, Afghanistan & Pakistan",7.769803884514795,0.04831886901281779,-0.004540697354708273,0.007768427815522083,2.680812720397232,286.7376548291344,0.6633455871454718,-0.8061428722222216,0.17261032761561537,13.826187799587055,-0.4679999999999999,-0.6653333333333333,0.4962612272095462,,,0,0.021700988851015634,0.0023711558864927674,6,0.8050925022341305,-0.0011137604501036756,6,high,low,middle,-0.6667471263008168,1.0834854369965543,-0.31001316496099834,-0.5435611628670435,-1.3454194271547315,3.421528740919988,-0.6042580957650348,-0.850792318333794,-0.13862328994509995,-0.606956867218265,-0.45299676226082697,-0.5273291613602088,1.6037652299235667,1
DMA,Dominica,Latin America & Caribbean,9.034418993591425,-0.013243982696026535,-0.009545740007931403,0.03590057380472654,4.670756445409384,,0.05403037220302678,0.628828661111111,0.12990905830044344,11.150755575126638,0.0833333333333333,-0.1136666666666666,0.3900914689428554,,,0,0.07705348077484035,-0.06559805785978706,6,0.8623092841053955,-0.015217277911541257,6,high,middle,middle,0.22226743065899404,-0.9815303434547175,-0.5814393983087929,0.32890610660183345,-1.0223313690848743,,-0.6715578466390367,0.7283727435215878,-0.4059523631729081,-1.7519790261797028,0.10439673035276079,0.10112888218619129,0.9759826609357171,0
DNK,Denmark,Europe & Central Asia,10.88021909907191,0.015437786468947223,0.004285897513062245,0.007320351358353892,12.212843266427017,103.66412936041382,0.8359257366322508,1.7580534027777779,0.06742239536090712,15.550831234850088,1.062,1.5776666666666668,0.10899398512479498,-0.06605555555555574,-0.03397142857143761,6,0.07553498353978404,-0.036007810680649385,6,0.9236764777839855,0.001335722780471122,6,low,high,high,1.519850506515375,-0.019451682494595453,0.16865796018977497,-0.5574574380836174,0.20220485983887096,0.19612922086009243,-0.5851963674814971,1.9710679591405018,-0.7971468630232791,0.1311500194481758,1.093820729333108,2.027893905119384,-0.6861488481522786,1
DOM,Dominican Republic,Latin America & Caribbean,8.794446536645603,0.046098337998303054,-0.0019468787320099522,0.013377871250446389,13.101326701537731,54.302906694560384,0.8944519258919792,-0.2793339416666665,0.2653345815347033,16.15444147077115,-0.15,0.3596666666666666,0.5466558043753814,,,0,-0.06716255633289296,0.05300313532205273,6,0.8777754807204023,0.001087448145553964,6,high,middle,high,0.05356866534848133,1.0090016946312597,-0.16934894538776638,-0.3695944914731657,0.3464593852654148,-0.6735195363176103,-0.5787320648345388,-0.2710468404048721,0.441872073857177,0.38948102450473193,-0.13150136204718565,0.6403496808785707,1.9017487389069347,1
DZA,Algeria,"Middle East, North Africa, Afghanistan & Pakistan",8.444147949860643,0.009696433453713738,-0.002390899372815139,0.010179165890460338,7.966707739186892,54.93642683541433,19.36746421072557,-0.7884154277777773,0.08862927293320173,17.494677080129538,-1.043,-1.258333333333333,0.165597299089864,,,0,0.34580123881401786,-0.19224864237397324,6,0.8995782312304269,-0.0003406925972262171,6,middle,low,low,-0.19268850863204004,-0.21203510331581396,-0.19342843050160746,-0.4687965122622456,-0.4871994004695779,-0.6623581433579946,1.461638984785669,-0.8312835265199108,-0.6643823101568653,0.9630703895853734,-1.0343170613892665,-1.2028740915529852,-0.35145303237245396,1
ECU,Ecuador,Latin America & Caribbean,8.683911133555865,0.017965185697201846,-0.0072479263227465,0.03377453984377522,13.470000150148868,53.97381014540279,8.728668861740847,-0.5607828222222218,0.15368824353562277,16.597586972325953,-0.9130000000000001,-1.0903333333333334,0.4016817066314163,,,0,0.18363860998436068,-0.08853891320285706,6,0.9413316953223861,0.003929373469031263,6,high,low,low,-0.024136860784247375,0.06532540539161055,-0.456827690334014,0.2629710355474922,0.40631735364739113,-0.6793175775635447,0.28656857947206765,-0.5807771929221845,-0.25708401211491627,0.579136891801712,-0.9028881241950109,-1.0114886813128734,1.0445158224507634,1
EGY,Egypt,"Middle East, North Africa, Afghanistan & Pakistan",8.102033526943385,0.013905574578247482,0.006105034279368351,0.010947133230670446,16.6134314622226,37.6549369152503,6.999437035937588,-0.8800146166666657,0.03787091169381588,18.404833743647885,-0.0463333333333333,1.618,0.1775568380704391,-0.18322222222222173,-0.15704761904764783,6,0.08718046818682623,-0.04082095119882996,6,0.9596554669297238,-0.0003315524629305657,6,middle,middle,high,-0.4331922792547245,-0.07084699063032122,0.26731075390872217,-0.44497940394027446,0.9166861171096261,-0.9668243907397904,0.09557241160032384,-0.9320870863310329,-0.9821523878689613,1.3525960663440502,-0.02669520956663799,2.073841592895284,-0.28073618957550395,1
ERI,Eritrea,Sub-Saharan Africa,,,,,,,,-1.5205409361111097,0.3503952309181691,14.946151653771144,-1.467666666666667,-1.0736666666666668,0.3098137118684741,,,0,0.06577805776217358,-0.038919283994175005,6,0.5752894355496537,0.02565667305911728,6,high,low,low,,,,,,,,-1.6369768777792668,0.9743898404838033,-0.12763864022215024,-1.4636515895571693,-0.9925020334715926,0.5012996872574308,0
ESP,Spain,Europe & Central Asia,10.15426897714124,0.020425632583287622,0.008354361126220691,0.019203765391233488,10.959462446530233,63.09337244877978,0.05655585643301974,0.8281381138888889,0.058895555634939284,17.655997239432796,0.86,2.594666666666667,0.0918984819884136,-0.2864999999999996,0.10202857142858801,6,0.023324864608217883,-0.0009026965786927065,6,0.9355732639746938,-0.0003930548338932255,6,low,high,high,1.0095132336242225,0.14785669667679618,0.38929299380352866,-0.18891499566869413,-0.0012945507386741095,-0.5186486233760966,-0.671278903236104,0.947709864163318,-0.8505286991621671,1.0321116291281442,0.8896003807697256,3.1864591563943483,-0.7872346851392922,1
EST,Estonia,Europe & Central Asia,9.777517062400664,0.03152339176721632,0.006012880083479061,0.014231560181988855,13.666380886573416,155.4334475917335,1.6602626324391219,1.2047185833333331,0.07974801837595856,14.09109508415503,0.9773333333333332,1.186,0.069357119846344,-0.29216666666666785,0.08717142857144682,6,0.09097534424575277,-0.037128384765779385,6,0.9132131254353357,0.001918945067013618,6,low,high,high,0.7446595764419889,0.5201111846729793,0.26231318085880684,-0.34311888412474384,0.4382018084569602,1.1082039391986307,-0.4941471595123658,1.362131130724865,-0.7199829418936952,-0.49358277082835933,1.0082234215194128,1.581707680849281,-0.9205219268648259,1
ETH,Ethiopia,Sub-Saharan Africa,6.353295660864473,0.06868054129932535,-0.0026384164676409583,0.004760752913718671,4.566029980473934,38.87826168893275,12.604689395944675,-0.9129857194444434,0.061102716061814194,18.445293313014687,-1.094,-0.6310000000000001,0.3670712619630281,,,0,-0.07261197868798594,0.047507886565080544,6,0.943937557748502,-0.0007541517327897439,6,high,low,middle,-1.6625413579527752,1.766481325277909,-0.20685141955335848,-0.6368387219282496,-1.0393347997644573,-0.9452717870642421,0.714680679641885,-0.9683712998837312,-0.8367108862295684,1.3699118118312565,-1.0858776444423979,-0.48821666680717013,0.8398640061288895,1
FIN,Finland,Europe & Central Asia,10.675914981327244,0.00613053991141399,0.01206598322861246,0.019486429376569827,14.800742029281531,75.19435634380552,0.47815748012052134,1.8573132249999997,0.05403612334120614,15.51408593380308,1.418,1.1413333333333335,0.1044805973874509,-1.1815555555555572,0.5399047619048463,6,0.08934371118497886,-0.03908283629053717,6,0.939631803652199,-0.0013534896968242776,6,low,high,high,1.3762263054298307,-0.33164662604195144,0.5905763147785973,-0.18014868699255462,0.6223771367041102,-0.30545281831723137,-0.6247123912790314,2.0803019332355808,-0.8809509220218374,0.11542389357144268,1.4537338188804547,1.5308234646346484,-0.7128365433570728,1
FJI,Fiji,East Asia & Pacific,8.506470583336181,0.04338565670333736,-0.001384809449328095,0.012011271170519689,10.9428213174355,,1.3145769181045381,-0.18949444999999968,0.09795260225093694,13.729471552061298,0.008,0.09933333333333329,0.2222862461474723,,,0,0.08290673337588393,-0.03550068971659069,6,0.912888067997657,0.0009002278411102929,6,middle,middle,middle,-0.14887618345091858,0.9180096511188506,-0.13886761708568127,-0.41197710389978753,-0.003996411105742664,,-0.5323286489695369,-0.17217980149902617,-0.6060140923994076,-0.6483491497571828,0.028235346235063803,0.3437782415977619,-0.01625086748058135,0
FLK,Falkland Islands,,,,,,,,,,0.5401085163197781,,-0.8220000000000001,-1.0193333333333332,0.0427365760607574,,,0,-0.049376974777384064,0.022035069302481076,6,0.3803530625765021,-0.01655323225421884,6,low,low,low,,,,,,,,,2.1620799859707724,,-0.8108878681590316,-0.9306055615090163,-1.0779293999381845,0
FRA,France,Europe & Central Asia,10.509835782888496,0.007699728929875249,0.0030948471375911784,0.005834007300472456,10.196187182505666,62.98679161306861,0.0433604202141901,1.1197444944444446,0.05535281948807555,18.010579172475346,1.2646666666666666,1.0506666666666666,0.1297297544106122,-0.2745555555555554,0.12040000000001494,6,0.057893816252263364,-0.025159612209891834,6,0.9385910769323068,0.00017793172420201716,6,middle,high,high,1.2594739244401163,-0.2790109862740195,0.1040666390881652,-0.6035536918912272,-0.12522022749365333,-0.5205263704477732,-0.672736358340495,1.2686183959986106,-0.8727078143505589,1.1838643690365467,1.2987150724462042,1.4275361003780795,-0.563538090393082,1
FRO,Faroe Islands,Europe & Central Asia,10.849350510526014,0.025851608027288364,-0.012224516572362351,0.026595839006141386,8.649507158651904,109.127483107321,0.0,,0.12261655634507518,10.797777317055115,-0.5630000000000001,-1.0519999999999998,0.1118392421652885,,,0,-0.05734104467901877,0.05737763954716718,6,0.8438503272479286,-0.005670158613252409,6,low,low,low,1.4981501295602537,0.32986134079553053,-0.7267109340859375,0.040336703970093465,-0.376339813983116,0.29238289002430257,-0.6775255797593016,,-0.45160669196701525,-1.9030454308631615,-0.549040985595091,-0.9678193912779269,-0.6693248221445621,0
FSM,Micronesia,East Asia & Pacific,7.957111996473458,-0.000801078776374986,0.014963454796228653,0.033089390134419264,0.41313757019220004,108.21079671217815,0.03370859501097297,0.26149401388888893,0.3189764588396284,11.595535289399356,-0.8026666666666668,-1.019,0.2819039231078924,,,0,-0.1472323233436459,0.026089785209201622,6,0.5943775751050636,-0.05225535657257546,6,high,low,low,-0.5350709847042682,-0.5641553805429842,0.7477078016249558,0.2417223652068584,-1.7136000703578662,0.27623265829981253,-0.6738024164590624,0.32412636829572006,0.777694253762034,-1.561623754219296,-0.7913420262173217,-0.9302258285521907,0.33626889907371843,1
GAB,Gabon,Sub-Saharan Africa,8.844462795487546,0.001079886515039874,-0.009966473219831247,0.01616189557059931,17.13711399213505,79.27501284586425,23.350958235761933,-0.6387684055555551,0.09328331980179543,14.51029116024071,-0.58,-1.1286666666666667,0.228119155513842,,,0,0.2512463421900086,-0.15766950301339286,6,0.9111399905292243,0.004067896861086765,6,middle,low,low,0.08872970515894484,-0.5010617631838847,-0.6042559932636338,-0.28325304785664007,1.001711421849583,-0.23355958586009873,1.9016216881854946,-0.6665991800959218,-0.6352458920575121,-0.31417669517469843,-0.5662278466128012,-1.0551579713478196,0.018239168914666665,1
GBR,United Kingdom,Europe & Central Asia,10.712172975370946,0.017231378057649138,0.0018209444477112631,0.006340009036128705,9.328709260751884,60.443988915287015,0.5269017950544334,1.400556175,0.05398980060753871,17.987577867906005,1.314,1.2046666666666666,0.187018653626306,-0.2397777777777795,0.04285714285714359,6,0.08838048270029947,-0.04607879276981777,6,0.9489076427898323,0.0012635440415923065,6,middle,high,high,1.401715392409464,0.04071114023932966,0.03498219111786448,-0.587860969664351,-0.2660642893809781,-0.5653256093329886,-0.6193285108652032,1.5776475192900883,-0.8812409230840843,1.1740203508715086,1.3485906691250502,1.6029727264315157,-0.2247884039355427,1
GEO,Georgia,Europe & Central Asia,8.297200287122802,0.041514381233135465,-0.0012072030952948096,0.009769163087379655,8.961866350033867,95.50438897777371,0.6637204678097999,0.39476032499999997,0.06361577443588133,15.130430900007779,0.0119999999999999,-0.5723333333333334,0.1310639290125005,,,0,0.10021611051080842,-0.041844465579612994,6,0.9301121931431204,0.004774362013406343,6,middle,middle,middle,-0.29599156926093606,0.8552410614860356,-0.1292359262023188,-0.48151200244261294,-0.3256250508994247,0.05237046247819055,-0.6042166896509281,0.47078398312669695,-0.8209780151257098,-0.048771450671043874,0.0322793135333485,-0.42138366640586106,-0.5556491060652864,1
GHA,Ghana,Sub-Saharan Africa,7.456320654905997,0.023105086706991428,0.002533941715028238,0.026377334495531188,10.056671672104263,72.11842585566019,11.424131016090646,0.049872419444444455,0.07919754387523888,17.160082583931516,-0.9856666666666666,-0.8513333333333332,0.2848096277710747,,,0,0.030441402139108103,-0.004133460852688146,6,0.9095862699574426,-0.009750623842439805,6,high,low,low,-0.8871233913673361,0.2377341941425071,0.0736484275645191,0.03356018454594897,-0.14787202149146542,-0.3596447321660563,0.5842862911415151,0.09123991687984587,-0.7234291588439873,0.8198718032371277,-0.9763535301138511,-0.7392201512689043,0.3534503523232438,1
GIB,Gibraltar,Europe & Central Asia,,,,,,,,,0.2036555794822493,10.405750498621956,0.7043333333333334,-0.726,0.17884885187247937,,,0,0.34334944764951797,-0.1435066241551257,6,0.7953764600337173,-0.009096699060225503,6,middle,high,middle,,,,,,,,,0.055733892938041076,-2.070823702317468,0.7322226534114756,-0.5964405595024714,-0.273096502370272,0
GIN,Guinea,Sub-Saharan Africa,6.641989675094628,0.03750407907135465,0.018201163414994056,0.034073854260912285,10.913354960387666,88.23442956271104,16.164520508242884,-1.0565838611111096,0.13125020167964474,16.268633344147574,-2.032,-1.2343333333333335,0.2817030392243624,,,0,-0.2661217424182265,0.17294717042644972,6,0.8421701935591761,-0.04207729562058669,6,high,low,low,-1.4595917179273856,0.7207226462634752,0.9232905320744671,0.27225372703972506,-0.008780580606274475,-0.07571208549352268,1.107869198713776,-1.1263989422444125,-0.3975562048765057,0.4383524644888615,-2.034187975890183,-1.175533318661541,0.33508107117875474,1
GMB,The Gambia,Sub-Saharan Africa,6.438416756768535,-0.00326923982345253,0.008120088952929748,0.024724626752410283,5.712657816668955,48.298427316302316,5.923664910281141,-0.7034956305555552,0.22426548798768728,14.599990675893748,-1.1929999999999998,-1.0,0.3808478128434929,,,0,0.05716164101928694,-0.0370689361377113,6,0.7840755152162039,-0.02998096602923586,6,high,low,low,-1.6027018915254465,-0.6469454295649992,0.376588284177605,-0.0176955359534434,-0.8531678462628806,-0.7793067868512876,-0.023248182861137643,-0.7378305389741112,0.18476115204368698,-0.27578740908783034,-1.1859658350749462,-0.9085810500131306,0.9213248537819957,1
GNB,Guinea-Bissau,Sub-Saharan Africa,6.469893306594794,0.014315799565559572,0.007606053186755689,0.020306362062750577,8.76929529118488,49.42333047959378,17.886203253378202,-1.2362467777777761,0.40589898211842046,14.38213011810486,-2.933666666666667,-1.117,0.0575306807822602,,,0,-0.17722966885016453,0.1267041050867894,6,0.5487327440261193,0.002332701462915159,6,low,low,low,-1.5805741225326762,-0.057086726951483396,0.3487118400620242,-0.15471996811220623,-0.3568909649360618,-0.7594881805634328,1.2980315596563294,-1.324115338925802,1.3218681849684746,-0.3690266113188967,-2.945765604378548,-1.041867317858923,-0.990451748867238,1
GNQ,Equatorial Guinea,Sub-Saharan Africa,9.146068187727666,-0.09462216088355113,-0.011700217370934811,0.04001824308275301,19.76678976152613,103.64249236891514,25.89613994795617,-1.2832512583333302,0.10400083010205892,14.169240674005174,-2.0416666666666665,-1.020333333333333,0.2436590503529231,,,0,0.4654616020382285,-0.2706556843628627,6,0.893257442759232,0.004818357557057895,6,middle,low,low,0.3007559432092073,-3.711215818981049,-0.6982778981958057,0.4566081195571994,1.4286666301837956,0.1957480191444609,2.1827407066493905,-1.3758430782709623,-0.5681494768495233,-0.4601382936386701,-2.0439608968610377,-0.931744760379493,0.11012668248867152,1
GRC,Greece,Europe & Central Asia,9.796723009722497,0.004713169413677676,0.005395635316758454,0.012816763180461672,8.02159696615094,65.26569444966343,0.13164947768307508,0.22976393888888882,0.04250689176627406,16.20199563983267,0.36033333333333323,0.8773333333333334,0.0777137477942163,-0.19166666666666674,-0.1642857142857449,6,0.07836417910982442,-0.03351180775369973,6,0.9547320986252746,0.0014851281984632823,6,low,middle,high,0.7581612075918648,-0.37918978499784295,0.2288396555179742,-0.3869962362915091,-0.47828756365436265,-0.48037653394576124,-0.6629847036520139,0.28920788755509086,-0.9531290760061335,0.4098330920430605,0.38444146575898286,1.2300749628287575,-0.8711091237574384,1
GRD,Grenada,Latin America & Caribbean,9.034711929194469,0.04267097776578375,0.0015204950612306366,0.019342276637826304,3.316876336881517,,0.0,0.4327776055555555,0.1106895930443138,11.646312766352937,0.2403333333333333,-0.1786666666666666,0.3396349474650157,,,0,0.13338517799389926,-0.07906579017403051,6,0.9367044525923721,0.003799117053989455,6,high,middle,middle,0.22247336210286867,0.8940370240712258,0.01868865459194175,-0.1846193216325954,-1.242147884308693,,-0.6775255797593016,0.5126214410870156,-0.5262748247122345,-1.5398921866032522,0.26312244681043906,0.027080955605195498,0.677632874775503,0
GRL,Greenland,Europe & Central Asia,10.714875100791971,0.013044515622265251,0.0010952015296153423,0.032207547526475054,4.298585408799751,89.52082713795191,0.062161554992202155,1.3048531333333333,0.3499734110114068,10.93921013884219,-1.2170000000000003,-1.0573333333333332,0.0705444472723693,,,0,-0.03802071143400037,0.029511542591763425,6,0.5763997096773549,0.01636140307147327,6,low,low,low,1.4036149655023216,-0.09972967365500565,-0.004375249025179791,0.2143736228624371,-1.0827572072513871,-0.05304826170379059,-0.6706597456847152,1.4723277298708348,0.971749058920344,-1.8425155047188702,-1.2102296388646556,-0.973895118587137,-0.9135012509783128,1
GTM,Guatemala,Latin America & Caribbean,8.249897975245064,0.016640656576751667,-0.0025728954978809764,0.006773704002753569,15.096194700802918,52.67725525669681,2.109820055145953,-0.6496640722222219,0.1517344604235876,16.57676921063643,-0.2233333333333333,0.4336666666666666,0.44133910104569124,,,0,-0.024676770235714646,0.01738404698739263,6,0.9287046430411469,0.0014113555039485717,6,high,middle,high,-0.329244725525902,0.02089644442773891,-0.20329818109777928,-0.5744107101833005,0.6703469504699812,-0.7021603534649575,-0.44449288893160244,-0.6785897009710322,-0.26931556956051494,0.5702273787082575,-0.20564076251574023,0.724650397293858,1.279010290095876,1
GUM,Guam,East Asia & Pacific,10.45610705767014,0.014133039168049777,-0.0025893804539916946,0.005916683347708197,,74.27728746772631,0.0,0.7489095805555556,0.20763881273288,12.014098088027337,0.6109999999999999,0.395,0.0,,,0,0.5195116364726005,-0.3453372048629905,6,0.79236118726712,0.02066826424843757,6,low,high,high,1.221703049726395,-0.06321709769330942,-0.2041921693919958,-0.6009896448679419,,-0.3216097886120605,-0.6775255797593016,0.8605200288002347,0.08067071730927723,-1.3824887064448712,0.6378634164514969,0.6806013743020864,-1.3306310915232185,0
GUY,Guyana,Latin America & Caribbean,8.643843888001948,0.020837517531061066,0.0018644450919791096,0.014045487121613161,5.683837754331514,,13.181249124081381,-0.3244929666666664,0.15216981278429054,13.536923821007926,-0.9763333333333334,-0.8743333333333333,0.331030583420782,,,0,0.0111702626497069,-0.001083905394316471,6,0.8455570622380022,0.011844296453672453,6,high,low,low,-0.05230382186122221,0.16167264076114596,0.037341255133876476,-0.3488896011887743,-0.8578470830960725,,0.7783625394018581,-0.320743683060557,-0.2665900687737525,-0.7307550566226887,-0.9669176064178533,-0.7654217252898722,0.6267552062907815,0
HKG,Hong Kong,East Asia & Pacific,10.646994624241092,0.02134716116241222,0.00011995284266561771,0.006541711083961914,1.227415849332978,406.1822115082289,0.004635892761092867,1.4276734444444443,0.11761139210622605,15.798270628558003,1.162,1.0686666666666669,0.4966554807196843,-0.3100555555555564,0.07581904761906054,6,-0.006414638979409284,0.0015789071886783384,6,0.958313364319349,-0.001827729694021539,6,high,high,high,1.35589551999359,0.17876772508446404,-0.057263525113232815,-0.5816055480201275,-1.581393523695622,5.525909561686682,-0.6770135386675169,1.6074896753780987,-0.48294126208128346,0.23704826878719093,1.1949199117902276,1.4480416800466633,1.6060964538565181,1
HMD,Heard and McDonald Islands,,,,,,,,,,0.6189460830448218,,1.2316666666666671,-0.902,0.5225653955105319,,,0,1.6843307133583123,-1.4193749503477648,6,0.30024618713465473,0.054785071227649716,6,high,high,low,,,,,,,,,2.655638467630548,,1.2653523422353552,-0.7969395607063986,1.7593019724072538,0
HND,Honduras,Latin America & Caribbean,7.725137449475824,0.017069855920208533,0.005076188393128479,0.008250673715162807,17.34192228653102,109.89376595414757,1.8320024130979249,-0.7477519499999997,0.3331377324393722,16.02882997610885,-0.49500000000000005,-0.3833333333333333,0.566136379677361,,,0,0.005688215583683466,-0.0008594330793172665,6,0.9276001590733002,0.0013572337750451754,6,high,low,middle,-0.6981472817094765,0.03529316895553434,0.21151587203741026,-0.5286051846265792,1.0349641783377543,0.305883303697206,-0.475178251187001,-0.7865339674460566,0.8663501698005736,0.3357222548025359,-0.48029354152424947,-0.2060750798857348,2.0169375253193347,1
HRV,Croatia,Europe & Central Asia,9.420135547179774,0.027031371497858458,0.012984959485420965,0.022086739903230544,12.872203936574499,87.52983062934915,0.8563462839130708,0.3588980527777778,0.06956662502223253,15.242298304765006,0.844,1.2750000000000001,0.0570058391678695,-0.08850000000000037,-0.07300000000001418,6,-0.026177215621335848,0.02577315402620075,6,0.9255787298670587,0.00048103984003690543,6,low,high,high,0.4934231590219014,0.36943439688866153,0.6404129058336122,-0.09950479207471057,0.30925892162360247,-0.08812574855966851,-0.5829408883616464,0.43131808013381523,-0.7837230248717972,-0.0008948286652793702,0.8734245115765864,1.6830963803217216,-0.9935551412303089,1
HTI,Haiti,Latin America & Caribbean,7.246400387659221,0.011164902317657344,-0.0042095595424058215,0.010654666051513778,16.372424288333203,41.39557754708713,0.6335950583328683,-1.2423066888888867,0.6816269044357833,16.161459255543097,-1.1236666666666666,-1.0796666666666666,0.4898719132934977,,,0,-0.04898733645472869,0.030936437185842568,6,0.8775603398338653,-0.013269407007753276,6,high,low,low,-1.0346957017436857,-0.16277794103414447,-0.2920553781168836,-0.45404974081773847,0.8775560960873713,-0.9009215767323963,-0.6075440849022782,-1.3307841819532211,3.048048486356851,0.39248447157292343,-1.1158704019046766,-0.9993372266944535,1.5659851692945208,1
HUN,Hungary,Europe & Central Asia,9.433082541405664,0.03654193613953964,0.0019261162888273913,0.009593816996024847,19.24885496201448,165.884269553732,0.38738569863105576,0.5122018638888889,0.09559384362902039,16.09974642183168,1.285666666666666,0.7986666666666666,0.0738168452548879,-0.3798333333333324,0.17140000000002167,6,0.0036573061713909166,0.008799700392280865,6,0.8934246550575646,-0.00335210441830912,6,low,high,high,0.5025247949687432,0.6884492820170589,0.04068571827362612,-0.4869500420999883,1.3445745292476257,1.2923270998476597,-0.6347382664431818,0.6000266689331913,-0.6207809779388267,0.36607282808375696,1.3199459007621988,1.1404579850179113,-0.8941515374086936,1
IDN,Indonesia,East Asia & Pacific,8.079920373817043,0.038551861654876694,-0.0003636537151198602,0.0020658120999230427,20.870600710104384,44.169154279066085,4.159477334782088,-0.24412163055555533,0.06427577663814031,19.376777183676566,0.2826666666666667,1.378,0.2581201869975109,-0.22199999999999953,-0.14382857142860317,6,0.08348309706237224,-0.04248570987558439,6,0.9357498370831806,0.004058466084516045,6,middle,middle,high,-0.448737653407303,0.7558686394947177,-0.08348977641550179,-0.7204174028470385,1.6078818167088402,-0.8520565481201479,-0.21810526408027447,-0.23229621005286777,-0.8168461057026913,1.7685650323732671,0.3059211007172865,1.8004338639808377,0.1956354908483858,1
IND,India,South Asia,7.338979914908141,0.05879671182412967,0.001962839676103278,0.007730294001034668,15.316641046707916,46.88465599269315,2.6700966924513914,-0.20538515277777702,0.046171851047633265,21.000478007990328,0.6243333333333333,2.5429999999999997,0.2262520809502517,-0.3196111111111118,0.08473333333334834,6,0.06507528597425487,-0.02468802171512505,6,0.9628905779070199,0.0007486495069729329,6,middle,high,high,-0.9696130162609515,1.434945938741611,0.04267724789178977,-0.5447438136684801,0.7061387072477296,-0.8042146884005074,-0.38260952021457273,-0.18966728612996003,-0.9301847892480042,2.46347085221259,0.6513433074457796,3.127600548086377,0.007199143156311802,1
IRL,Ireland,Europe & Central Asia,10.948564231672838,0.07832477636901806,0.004966063261893309,0.08311063174730829,26.324232065072334,216.33256999677283,0.05464514339239584,1.4119659833333333,0.10869304043368648,15.361980719216902,1.211666666666667,0.1443333333333333,0.2601218015238678,-0.26316666666666705,0.06465714285714476,6,-0.07406059583676534,0.046627565674748975,6,0.9124235742258935,0.001255513404166927,6,middle,high,high,1.567896601602708,2.089979945898758,0.20554372521687422,1.793040067816093,2.4933355819376635,2.1811280535640534,-0.6714899442678594,1.590203845505572,-0.5387741383768971,0.05032643395260123,1.2451325057439309,0.39504219076922054,0.20747105240559802,1
IRN,Iran,"Middle East, North Africa, Afghanistan & Pakistan",8.540628658040413,0.01288362407370478,0.01226076865871731,0.04230133861793482,14.766080232008369,43.16383471916566,19.4600242183807,-0.9370210861111091,0.128003908619402,18.223467497833866,-0.169,0.1103333333333333,0.2649977630881366,,,0,0.08376010268184093,-0.03036106585643275,6,0.8914896491583518,0.010430828328688684,6,middle,middle,high,-0.12486332338636065,-0.10512649296236863,0.6011396364658446,0.5274141692727472,0.6167494334532915,-0.8697683238545572,1.4718623721282522,-0.9948218673041965,-0.41787945355595923,1.2749755725613752,-0.15071020671403845,0.35630942917300734,0.2363026493412673,1
IRQ,Iraq,"Middle East, North Africa, Afghanistan & Pakistan",8.427439595652094,0.015282028384065071,-0.0015764544003317087,0.05573188952600949,2.2498251704729166,65.6603651728427,42.03466225670243,-1.3570835583333298,0.1287966618297447,17.419878856419967,-2.2113333333333336,-1.0376666666666667,0.2690207483853994,,,0,0.2198763443181034,-0.1100644022754399,6,0.8496638983068574,-5.902433204953614e-06,6,middle,low,low,-0.20443435130593143,-0.02467630894198117,-0.14926062885303065,0.9439382439994765,-1.415394737917091,-0.4734232032669263,3.9652639462106083,-1.457094438237377,-0.4129164633587572,0.9310585064902273,-2.2154925097632847,-0.9514908741344257,0.26009059127640827,1
ISL,Iceland,Europe & Central Asia,10.884613976268739,0.0235059300602515,0.0008455923483355528,0.015396761688397773,10.516387414524727,94.07107195752683,0.00030695607153018335,1.499982311111111,0.10625896227494426,12.70735630088508,0.3619999999999999,-0.4376666666666666,0.0945738853222587,-0.18811111111111126,-0.09674285714288268,6,0.11463497889388503,-0.05706174506347346,6,0.8807308595799354,0.002750763782385819,6,low,middle,middle,1.5229400709021899,0.2511797676823068,-0.017911693083287945,-0.3069822816391843,-0.07323238992004326,0.027118203762126914,-0.6774916760151694,1.6870645193731637,-0.5540125579549636,-1.08579047266165,0.3861264521332682,-0.26797155184831073,-0.7714150053602259,1
ISR,Israel,"Middle East, North Africa, Afghanistan & Pakistan",10.498368396051042,0.01775202892898342,0.0009720633913034174,0.008946249312278836,12.63055799762085,61.464924697131885,0.22660063166862418,0.7019026833333335,0.12173946698468734,15.931721099195514,1.2186666666666666,0.6846666666666668,0.3538341878330682,-0.5345000000000008,0.2677428571428795,6,0.0545113015244946,-0.029418103111744778,6,0.9546722468125776,-5.918357246680302e-05,6,high,high,high,1.2514124409455611,0.05817544274590994,-0.011053098422115892,-0.5070331743662213,0.2700251904503629,-0.5473387061347048,-0.6524972107227095,0.8087896299489591,-0.4570976642404587,0.2941619361067211,1.252209448515929,1.0105893137835498,0.7615930885073696,1
ITA,Italy,Europe & Central Asia,10.336033243378408,0.0043594606987547024,0.009062406842796062,0.01535753379103513,14.182797271605367,55.137339396552996,0.10946466353960255,0.4829863527777778,0.04694562630704236,17.913099935872467,1.227666666666667,0.8286666666666666,0.1108389507600948,-0.3579444444444449,0.15200952380955224,6,0.03804942904285547,-0.011820338166063472,6,0.9500416640453064,-2.947100070922465e-06,6,low,high,high,1.1372920949237266,-0.39105431137575514,0.42769070491281014,-0.30819886342829217,0.5220473790116802,-0.6588184547186268,-0.6654350486104649,0.567875428759288,-0.9253406095245003,1.142145545091585,1.2613083749370702,1.1746339511322168,-0.6752395526510737,1
JAM,Jamaica,Latin America & Caribbean,8.590192603852119,0.011120583226187008,0.006029479994605341,0.01071397629993848,7.569204376394377,,1.5797365178966816,0.1078214388888889,0.13784442161933527,14.843810023137623,-0.399,-0.8863333333333333,0.4685734493590314,,,0,0.07494469151081574,-0.04771031149961648,6,0.9192820513937908,-0.0027902961153699543,6,high,middle,low,-0.09002025610785373,-0.16426454571084692,0.2632134032271442,-0.4522103414873611,-0.551738205234063,,-0.5030413858744459,0.1550119602616901,-0.3562734342842165,-0.17143845461784563,-0.38323832636541433,-0.7790921117355945,1.440047193899608,0
JOR,Jordan,"Middle East, North Africa, Afghanistan & Pakistan",8.34967051411733,-0.03427996002779068,0.009086125730500534,0.026155965213710986,17.037714617242965,102.17602530785376,1.462913616445048,-0.0785582888888887,0.08834456669231205,16.00944849434539,0.085,-0.0883333333333333,0.24141440323681343,-0.11205555555555557,-0.0960476190476369,6,0.023865683792852952,-0.013672242377428614,6,0.9132781438126548,0.0044923475396208236,6,middle,middle,middle,-0.2591054089815604,-1.6871445887588787,0.42897699332129713,0.026694819460467298,0.9855728996373305,0.16991172117171463,-0.5159446450927729,-0.050096188233137315,-0.6661646987542031,0.327427435786089,0.10608171672704615,0.1299885869049383,0.09685406742362815,1
JPN,Japan,East Asia & Pacific,10.454306527639467,0.013516319937838616,-0.00039873982406980166,0.007079186073330466,19.761074338916718,33.840330484836834,0.027327531369707152,1.3796040833333334,0.08718775752154989,18.66171374175764,2.0656666666666665,0.1653333333333333,0.3712361289227834,-0.006888888888888417,-0.005485714285715174,6,0.04352739033620462,-0.023111139709011116,6,0.9501544296778027,4.284902874370865e-05,6,high,high,high,1.2204372911599959,-0.08390384151922689,-0.0853925155238249,-0.5649367401530654,1.4277386718859235,-1.0340303382866691,-0.6745072142104346,1.554590050647534,-0.6734068423363706,1.4625346726524062,2.1085195239277343,0.41896536704923454,0.864490895387882,1
KAZ,Kazakhstan,Europe & Central Asia,9.21776128093128,0.01751417192822764,-0.006944972247023383,0.020779600728518418,10.819953749203135,62.38168163335385,15.45192821755596,-0.47044331388888866,0.07979930252589255,16.703502844330302,-0.24933333333333332,-0.6326666666666667,0.2455215448742337,-0.3653888888888895,-0.18791428571433547,6,0.3060200366146753,-0.16581212694767275,6,0.9324125167965759,0.0014927235135131895,6,middle,middle,middle,0.3511556284842207,0.05019695496606372,-0.44039832312413935,-0.14004333282501538,-0.02394523856302075,-0.5311872316135725,1.0291623447539673,-0.4813598930306655,-0.7196618801432366,0.6244663975622857,-0.23192654995459144,-0.49011533159129816,0.1211396264230178,1
KEN,Kenya,Sub-Saharan Africa,7.29126269798228,0.019894423475377822,3.348032057691697e-05,0.005969536775075044,10.015533830211814,42.741047673114366,2.6506365482003162,-0.6385527499999992,0.05223448156169888,17.6554706067072,-0.36466666666666653,0.5503333333333335,0.2826681870689535,,,0,-0.03604743815730471,0.024337196999334152,6,0.9444863733957689,0.003132440499075065,6,high,middle,high,-1.0031578475382517,0.13003823700340214,-0.0619529778481671,-0.5993504920825655,-0.15455117793350767,-0.8772170094683291,-0.3847589214242458,-0.6663618543296483,-0.8922300065766624,1.0318862426896735,-0.3485276070551363,0.857556932182825,0.340787997550467,1
KGZ,Kyrgyzstan,Europe & Central Asia,6.991960110308066,0.03204844240212257,-0.011002526065682357,0.028002370201348676,14.331982359930784,119.3719158508935,5.332401808700226,-0.7238058638888881,0.15011532755354332,15.602587550531988,-0.1543333333333333,0.3839999999999999,0.5486423217107278,,,0,0.11505896490016572,-0.053952207567726396,6,0.8346581228610753,0.0057350514331637285,6,high,middle,high,-1.2135652319418744,0.5377230693813934,-0.6604417125436756,0.08395770720874482,0.5462691295437184,0.4728698739822871,-0.08855405158319801,-0.7601816519635279,-0.2794520665903077,0.15330050705169945,-0.13588232662032748,0.6680701867268408,1.9134950306615983,1
KHM,Cambodia,East Asia & Pacific,7.317096454103949,0.06063123727429307,0.0005656444345483069,0.0033595796863612067,22.111836971774167,122.0087164050495,2.0620534680734486,-0.8312067999999985,0.09071668850334193,16.556701297636245,-0.3846666666666667,-0.7446666666666667,0.24186886878166688,-0.38216666666666654,0.07414285714288796,6,-0.2040966158330638,0.1304960971399512,6,0.9317673767847934,0.0015115909747943626,6,middle,middle,middle,-0.9849969185027895,1.4964818146646988,-0.033093423397596584,-0.6802935575527548,1.8094094319615432,0.5193251723117089,-0.44976877788242176,-0.8783748021253646,-0.651314153665119,0.5616387832434785,-0.36874744354656047,-0.6177056050847063,0.09954132556495214,1
KIR,Kiribati,East Asia & Pacific,7.367165452485879,0.04606172933275747,-0.0023164460765158572,0.036490374415981235,5.016974721851011,103.13637563095294,0.075393324600945,0.17517496388888895,0.4034106289850998,11.66253364989334,-0.6883333333333335,-0.9536666666666666,0.14626740193057583,,,0,-0.27374140806115577,0.1598005914998311,6,0.5547933805409387,-0.050591515465581056,6,middle,low,low,-0.9497988032071139,1.007773722405242,-0.18939078703380852,0.34719769832860486,-0.9661192314259888,0.18683122639937075,-0.6691982775046128,0.22913352365307757,1.3062899797379857,-1.5329500293989369,-0.675751960941348,-0.8557981690143694,-0.46575085780826864,1
KNA,Saint Kitts and Nevis,Latin America & Caribbean,9.896354644523715,0.03521310489002971,-0.013816217304755353,0.03022103344692902,6.525014572752568,,0.0,0.7765726305555556,0.34527924696036294,10.759330848370839,0.5830000000000001,-0.371,0.5147241294976324,,,0,0.06496855666366604,-0.03798279004278738,6,0.8660868345812295,-0.0027662158312092,6,high,high,middle,0.8282014696733924,0.6438760138264861,-0.8130297458011866,0.15276550681582976,-0.7212732788517442,,-0.6775255797593016,0.8909628083603858,0.9423614892890363,-1.9194996165363534,0.6095556453635035,-0.19202496048318693,1.7129365082481478,0
KOR,South Korea,East Asia & Pacific,10.304057461039948,0.02698062786309201,0.0008123484629189889,0.0027921828528741743,28.208207885811618,83.51651564607089,0.057620645468813035,0.8385283694444444,0.10169529926432243,17.743931372560557,1.7636666666666667,0.9093333333333332,0.3651598584380333,-2.157166666666667,1.062600000000172,6,0.04346967048531463,-0.015130386346635525,6,0.9587037008042758,-0.001987081479421891,6,high,high,high,1.114813369369178,0.3677322923947738,-0.019714527389735437,-0.6978903369171049,2.799218648741226,-0.1588325544059708,-0.6711612957398773,0.959144187546004,-0.5825831326174853,1.069745372954586,1.8031999929072327,1.2665293266840167,0.8285618628925877,1
KWT,Kuwait,"Middle East, North Africa, Afghanistan & Pakistan",10.324984179188043,-0.04325083536688048,-0.00688502486945342,0.025740488581361774,6.511271860636524,98.55863725958505,45.815773846789654,-0.07953848333333319,0.0967180295285699,15.134646750605995,-0.0403333333333333,-1.072,0.23168638372289027,,,0,0.3767180139209767,-0.2075882984776959,6,0.8836792244640906,0.005613190384589099,6,middle,middle,low,1.1295246889869195,-1.9880565612466676,-0.4371473436579774,0.013809568435076443,-0.723504551080389,0.10618037801390902,4.38289321559248,-0.05117487779912184,-0.6137430706474957,-0.04696716562517548,-0.02062925861921079,-0.9906033686874645,0.03933221580299937,1
LAO,Laos,East Asia & Pacific,7.627377113664259,0.056297964122966525,-0.003169005765824069,0.005073090580765629,8.215336808438343,91.26284479295198,7.939413176592793,-0.7005929472222207,0.2750435552083162,15.726269156949037,-1.063,-0.805,0.2567226063340218,-0.366666666666666,0.011428571428555466,6,-0.09557985321010536,0.0802025874175567,6,0.6209621818510643,-0.028448356820399825,6,middle,low,low,-0.7668720351984797,1.3511299151000853,-0.23562557087207878,-0.6271521380599123,-0.4468318854717973,-0.02235729809238035,0.19939414219600013,-0.7346361786685908,0.5026545980253271,0.20623332990877272,-1.0545368978806904,-0.6864372702701435,0.18737158600752682,1
LBN,Lebanon,"Middle East, North Africa, Afghanistan & Pakistan",9.011357387375048,-0.01429188105052468,0.029432673860356234,0.0515863716465998,7.856309079145626,77.09251279876644,0.0019017573874799834,-0.7222068916666661,0.051345828456688024,15.612411451756016,0.3456666666666666,1.3936666666666666,0.162115433081195,,,0,0.1327466289391944,-0.08163407429775563,6,0.946134059604378,0.0038457869944310825,6,middle,middle,high,0.20605530138259806,-1.0166802200163438,1.5323815601055446,0.8153725573941631,-0.5051237710122821,-0.2720109926728372,-0.6773155278924492,-0.758422006556246,-0.8977933730712306,0.15750490605912668,0.369613585665272,1.818281312951642,-0.3720413319360923,1
LBR,Liberia,Sub-Saharan Africa,6.534005889571816,-0.0009212452156523554,-0.013526935635277914,0.03777374599678461,,,23.691348824632367,-0.6988095861111102,0.11173882804620512,15.343533812967756,-1.1686666666666667,-1.1366666666666667,0.1956269574278214,,,0,-0.016124965520650264,-0.014583909146021787,6,0.8712571514138453,-0.010607934483220963,6,middle,low,low,-1.5355034768146416,-0.5681861488797401,-0.7973418407496166,0.38699913044285433,,,1.9392183233409108,-0.7326736160017235,-0.5197061436132367,0.042431591307571716,-1.1613650340103807,-1.0642715623116346,-0.17388743963675996,0
LBY,Libya,"Middle East, North Africa, Afghanistan & Pakistan",9.093699102962551,-0.05782963198294091,0.12187205364700615,0.21333244364124376,3.40721145316641,71.10793534323095,31.44320212930646,-1.576866369444442,0.1194890700075613,15.682098702448288,-1.2956666666666667,-1.2683333333333329,0.13632773672267587,,,0,0.4297693838814786,-0.26378243173606913,6,0.859939743686979,0.008287423660406374,6,middle,low,low,0.2639408851281418,-2.477076225484043,6.5454202906224515,5.831632384662109,-1.2274810387445942,-0.3774476100287608,2.7954217849033376,-1.6989621885312127,-0.4711861573447144,0.18732941273518175,-1.289760995730923,-1.2142660802577536,-0.5245241719889442,1
LCA,Saint Lucia,Latin America & Caribbean,9.260574729245642,0.008255413415028912,0.012503093624650807,0.022345614516459816,2.8740954425348417,,0.02081118282703077,0.6926177722222223,0.16105888705777568,12.069640392822889,0.49433333333333335,0.1133333333333333,0.3358760528176303,,,0,0.004733158144077279,-0.0010337881529810917,6,0.8412479504841369,0.011181331820152178,6,high,middle,high,0.38125314867983634,-0.26037154383523786,0.6142810534939502,-0.09147626744578155,-1.314037967182282,,-0.6752269543757473,0.7985717218661137,-0.2109404821105377,-1.358717904415482,0.5199143702515236,0.35972702578443794,0.6554065028140756,0
LKA,Sri Lanka,South Asia,8.284774162795399,0.048269385078487305,-0.004762497756912532,0.013920957664591805,17.0076528945544,46.84330587818823,0.11360975384287646,-0.2552046194444442,0.09019800787903787,16.861243863458157,-0.37000000000000005,0.4346666666666667,0.2615422883356026,,,0,-0.02694578297840462,0.030469408170457138,6,0.9551215179337494,0.0013728774253608678,6,middle,middle,high,-0.3047270377322244,1.081825586901329,-0.3220415235378346,-0.35275165548699805,0.9806920663335527,-0.8049431970100243,-0.6649772173633215,-0.24449287627774346,-0.6545613267075175,0.6919758491668692,-0.3539195634528496,0.725789596164335,0.2158704014711219,1
LSO,Lesotho,Sub-Saharan Africa,7.009988971832535,0.002093464233650799,-0.008483663233421567,0.02704822031708657,13.612405569634701,137.04522210471782,5.8628669152949415,-0.19846776944444422,0.2860130070690735,14.55431331725781,-0.734,-0.9653333333333333,0.1506637742236032,,,0,-0.02010578282465578,0.02623431013799043,6,0.5885938276145146,0.011682117884832458,6,middle,low,low,-1.200891082925603,-0.46706311098459635,-0.5238423869734875,0.05436648638593032,0.42943835443851663,0.7842391632501445,-0.029963409751699574,-0.18205480753668443,0.5713282802549885,-0.29533624584131085,-0.721920587596766,-0.8690888225032662,-0.43975507579461004,1
LTU,Lithuania,Europe & Central Asia,9.546450221972597,0.045269725239186084,0.0009219623849991642,0.008363048355093657,17.41578088403413,145.72668285340467,0.41534694028958036,0.8365310833333334,0.05557783804792013,14.886877166426451,0.848,1.1663333333333332,0.0678642671524306,-0.23550000000000124,0.08014285714289392,6,0.09543809214200276,-0.03974938336261137,6,0.9408195912643196,0.0037352520873539046,6,low,high,high,0.5822213900745559,0.9812073612635935,-0.013770103724626212,-0.5251200898422836,1.0469558897309486,0.937189619961689,-0.6316499066720833,0.9569462035637929,-0.8712990973726555,-0.15300672873145302,0.8774684788748712,1.5593034363965694,-0.9293491759290204,1
LUX,Luxembourg,Europe & Central Asia,11.5716963655316,0.005017290901574256,-0.0013968444444103654,0.01417086286233586,4.981591980414796,336.5187617394693,0.045460278756494436,1.7513236194444444,0.1105710416076192,13.240424350172498,1.2423333333333335,1.4593333333333334,0.0910666754061548,-0.20833333333333423,-0.008914285714283675,6,0.057563692917304,-0.028493984641834363,6,0.8796701005770281,-0.001373566021021664,6,low,high,high,2.0059536309184165,-0.36898857348394326,-0.1395202815302962,-0.34500130094292936,-0.9718639874590996,4.298575041992494,-0.6725044259132356,1.9636619315873487,-0.5270170098090634,-0.8576498667856993,1.2761362550307809,1.893088705446289,-0.7921531636367162,1
LVA,Latvia,Europe & Central Asia,9.477709689604326,0.036709870471296924,0.002584932929239456,0.006736951975854337,11.079995345565417,128.55924616492752,1.1501183643519193,0.7032292694444444,0.07456648112254648,14.501851655961858,0.79,0.9886666666666669,0.0584914582956249,-0.12566666666666568,-0.015371428571430115,6,0.05442628413725417,-0.017483638061878075,6,0.9209392276445042,-0.0018571440849595284,6,low,high,high,0.5338973320351257,0.6940823388936056,0.07641370933454929,-0.5755505073594038,0.01827521889517303,0.6347327687380885,-0.5504933352029102,0.8102495184481704,-0.7524216860824506,-0.31778860480245397,0.8188309530497417,1.3569057704085146,-0.984770664296519,1
MAC,Macao,East Asia & Pacific,11.316883115981836,-0.04171045570158398,0.01276044629111582,0.14856813484886194,0.5026330800670195,118.5437654820575,0.0006877861849738501,0.8773725805555556,0.3455796026320899,13.337596750659031,0.6676666666666667,0.3086666666666666,0.349405702242038,,,0,0.04355965598610644,-0.019681408634300693,6,0.4863081984039123,-0.018188956703081568,6,high,high,high,1.8268219041740015,-1.9363872797168367,0.6282374310396295,3.8230853057150607,-1.6990695436258851,0.45827947487710646,-0.677449612775763,1.001891670417326,0.9442418503333146,-0.8160623614924207,0.6951529531771984,0.5822505384842508,0.735407420324165,1
MAR,Morocco,"Middle East, North Africa, Afghanistan & Pakistan",8.03324507787982,0.020451449580444248,-0.0001375727444138276,0.017438061890017544,14.767141492149435,72.75968656113457,3.8960234543456345,-0.35199684166666656,0.09921487207208267,17.35347485743484,-0.3933333333333333,-0.2116666666666666,0.10504018052603929,-0.22411111111111173,-0.0012761904761908471,6,-0.033825108205180726,0.03259782739954274,6,0.890526395135019,-0.005604121269019135,6,low,middle,middle,-0.4815500223571689,0.14872268168321587,-0.07122928023954324,-0.24367507380097297,0.616921740073712,-0.34834696550987354,-0.24720412799398328,-0.35101129287491056,-0.5981117179065157,0.9026391544369501,-0.3775093726928441,-0.010512607120540786,-0.70952772410345,1
MDA,Moldova,Europe & Central Asia,7.9148226228322995,0.051149693846431,-0.004969179803356587,0.02982497844904041,10.322824857989138,92.13608134779963,0.2692080929696061,-0.36268674722222155,0.09038840019518031,14.855225364777118,-0.0356666666666666,-0.2846666666666667,0.0268622251577255,,,0,0.02393003940684993,0.003607924494282034,6,0.9057325064818462,0.002411670735044742,6,low,middle,middle,-0.5648000844927035,1.1784403942612258,-0.3332500053138685,0.14048258240970812,-0.10465928391712782,-0.0069725680627748645,-0.6477911547099763,-0.36277537667429616,-0.6533693855254326,-0.16655295648792273,-0.015911296771211825,-0.09367412466535152,-1.171794554701813,1
MDG,Madagascar,Sub-Saharan Africa,6.101729951777922,0.006319798448115854,0.004097839178366227,0.007129207311212946,9.037531164817889,59.73120115154728,7.611167848893326,-0.7782246499999997,0.09214671633903099,17.037694628412556,-1.3626666666666667,-0.632,0.2819835134032584,,,0,-0.1777954310459613,0.1294374472886779,6,0.8939828004680294,0.001917596884224506,6,high,low,middle,-1.8393900890842239,-0.3252982868402065,0.15845945260995883,-0.563385422566148,-0.313340081347014,-0.5778835436666643,0.16313896878495063,-0.8200687254970529,-0.642361538856807,0.7674926325827642,-1.3574974479771933,-0.4893558656776469,0.3367395170812102,1
MDV,Maldives,South Asia,9.167595082814804,0.028332521413659606,-0.001258060898269134,0.014960437817159626,2.1530623380194935,148.99802016890652,0.005962218855109766,-0.38025288611111097,0.12755387347440705,12.950384881024641,-0.8323333333333333,-1.0196666666666667,0.1713080846697315,,,0,-0.16918838816648987,0.09949233070493578,6,0.8564338368836872,-0.01679138371038415,6,middle,low,low,0.31588918253337306,0.4130791442367803,-0.13199397300712984,-0.3205140718086693,-1.431105190045844,0.9948242221269075,-0.6768670440231751,-0.38210665409733724,-0.4206968751492957,-0.9817799479409738,-0.8213347836796006,-0.9309852944658422,-0.31768511483361594,1
MEX,Mexico,Latin America & Caribbean,9.205173988791378,0.008236025047485995,0.002260946225543035,0.007778863535346473,19.164297734987333,69.01723663742634,3.9252415082077654,-0.3183804999999998,0.5840134847555788,18.605144219304524,0.9503333333333334,0.6976666666666667,0.7597563775677746,-0.025166666666666632,-0.012942857142860533,6,-0.015443955847167914,0.013919528005390524,6,0.9195112947128449,-0.0012989042876359956,6,high,high,high,0.34230686029794705,-0.26102189195625514,0.05884373106823876,-0.543237518023752,1.3308457840913743,-0.41428165572175313,-0.2439769514887481,-0.3140170034174192,2.436944754870477,1.4383242455900094,0.9809266422559906,1.0253988990997487,3.161814010558548,1
MHL,Marshall Islands,East Asia & Pacific,8.229381293958062,0.04060317733367711,0.005873895683322922,0.02134804905591589,4.495276950248104,141.54196178742816,0.0,0.2539603194444448,0.185861717060403,10.802158553433145,-0.213,-0.8710000000000001,0.2222464142795708,,,0,0.16338149638459795,-0.0904649827846151,6,0.785220312001221,0.04019493613498176,6,middle,middle,low,-0.3436677924288177,0.8246763559962815,0.25477597991124046,-0.12241394329216773,-1.050822290014003,0.8634629722488208,-0.6775255797593016,0.3158356483915249,-0.05566365628387814,-1.9011703645876534,-0.1951938469951712,-0.7616243957216161,-0.01648639361125208,1
MKD,North Macedonia,Europe & Central Asia,8.542836019630618,0.03148780322741409,-0.004252239026118115,0.01010488875433012,11.29266169783199,113.938521636863,1.0156853756158204,-0.11297995555555536,0.17287368253461044,14.464995639831512,0.0663333333333333,-0.2669999999999999,0.03498809936972191,,,0,-0.07901875151910075,0.06092865962122084,6,0.8105572859430147,-0.01952258282876213,6,low,middle,middle,-0.12331156540712916,0.5189174307409425,-0.29436991014146013,-0.4711000823549206,0.05280381279809253,0.377144033529051,-0.565341654150668,-0.08797672600559302,-0.13697457018678771,-0.33356211413468784,0.08720986933505039,-0.07354827795359357,-1.1237462001481069,1
MLI,Mali,Sub-Saharan Africa,6.717848453139968,0.022183497875495915,0.0029871242755101827,0.011389118628823932,8.628146262382616,51.964492610183235,8.684541942253505,-0.8203063305555546,0.37147337323317536,16.72311921013699,-0.8569999999999999,-0.8413333333333334,0.0823186861318861,,,0,0.014294487744166964,-0.058606331989708146,6,0.594569097664244,0.04005540554455247,6,low,low,low,-1.4062635887033623,0.20682114467679372,0.09822476865350276,-0.4312720318251125,-0.3798079776339417,-0.7147178452819505,0.281694697094757,-0.8663789958639665,1.1063484529748002,0.632861741432931,-0.8462725820190233,-0.727828162564136,-0.8438800891731151,1
MLT,Malta,"Middle East, North Africa, Afghanistan & Pakistan",10.109305884184616,0.05642411444433755,0.005357424586190825,0.028201754850090154,8.231444320999096,200.25838820492,0.0,1.0531379194444446,0.0572424408531907,12.995404681371156,1.0236666666666665,0.0863333333333333,0.1504701022369768,-0.06633333333333356,-0.01822857142857326,6,0.11027094448384796,-0.074631403768316,6,0.9424646067556797,-0.002536526214942016,6,middle,high,middle,0.9779045300135539,1.3553614020619336,0.22676746644986304,0.0901412589409249,-0.44421666329833726,1.8979322277118016,-0.6775255797593016,1.1953188400934711,-0.8608779381808542,-0.9625125306924673,1.055066042724545,0.3289686562815628,-0.4409002596896312,1
MMR,Myanmar,East Asia & Pacific,7.0216785004315225,0.0606181267320741,-0.006233481721256097,0.010530745065448979,21.27275900023368,,6.82260949594479,-1.2021696027777757,0.2605492770500386,17.744824296361305,-1.2893333333333332,-0.6946666666666667,0.40322217434528634,-0.4741666666666659,-0.36837142857150096,6,0.02453699389181274,0.04448696638203455,6,0.7620601397473541,0.03706405903800506,6,high,low,middle,-1.192673435505523,1.4960420449688359,-0.40181379810569756,-0.45789292449748104,1.6731763973351217,,0.07604155286359912,-1.2866139091645248,0.41191392428657947,1.0701275233707965,-1.2833580475086386,-0.5607456615608633,1.053624619481524,0
MNE,Montenegro,Europe & Central Asia,8.75917691964665,0.02796044507658877,0.0009589425519064291,0.005066409237683982,3.5719781188153603,104.662802596024,0.8829271043182713,0.10489609722222226,0.08575724672748375,13.343831673905825,0.19399999999999998,-0.24699999999999997,0.0659006087854503,,,0,0.1489305523629986,-0.07269471235330384,6,0.9083616598010676,0.006801951337513197,6,low,middle,middle,0.02877439972140011,0.40059850881694,-0.011764648804926807,-0.6273593477465487,-1.200729457094294,0.213723901284729,-0.5800049981238399,0.15179266479367565,-0.6823624806804562,-0.8133939607713213,0.21627982560530684,-0.05076430054405649,-0.9409603024339975,1
MNG,Mongolia,East Asia & Pacific,8.223002652998591,0.03517466183639506,-0.016739286238072786,0.03888243723037982,7.5937398069159725,104.3107780748865,15.674520837006073,-0.09773557222222205,0.751939842473687,14.911626675105476,-1.252,-1.1816666666666666,0.6306271081644558,,,0,-0.03251474710324171,0.04316724494970471,6,0.6737346982873599,-0.06315814380823666,6,high,low,low,-0.34815192726627786,0.6425865103320779,-0.9715493919575241,0.4213831697418856,-0.5477546229339747,0.20752191375748175,1.0537480230170633,-0.07120050641494392,3.4882389739711974,-0.1424145202644243,-1.2456143527246473,-1.1155355114830932,2.3982716817354017,1
MNP,Northern Mariana Islands,East Asia & Pacific,9.860757087392644,0.12576777900215141,0.05970429751133251,0.11262891892649138,,126.965307526274,0.0,,0.1836253255903558,10.853671055874083,0.86,-0.6033333333333334,0.0,,,0,0.018480916103191792,-0.020114526856616324,6,0.8163746744096442,-0.01902936046054168,6,low,high,middle,0.8031766646915526,3.6813706367126606,3.1740284658747218,2.7084959816487193,,0.6066506694451661,-0.6775255797593016,,-0.06966446864028915,-1.8791242233252545,0.8896003807697256,-0.45669883139064366,-1.3306310915232185,0
MOZ,Mozambique,Sub-Saharan Africa,6.377254474563757,0.02700347493881807,-0.010578835823917119,0.02052967684479735,8.236525769871667,107.7630037427527,13.672702990759868,-0.678675805555555,0.09897095444318808,17.08021241977175,-1.4283333333333337,-1.050333333333333,0.1748502217035759,,,0,0.042618972394307654,0.00679799502115464,6,0.892051900252382,0.009283030028352448,6,middle,low,low,-1.6456984988146268,0.36849865669730175,-0.6374647562225346,-0.14779426688062752,-0.44339163722961744,0.2683434169418762,0.8326443330981657,-0.7105166866983668,-0.599638751522192,0.7856892487449233,-1.4238859111240356,-0.9659207264937986,-0.2967404322505768,1
MRT,Mauritania,Sub-Saharan Africa,7.331920004883778,0.011369541275302274,0.0014069553108754412,0.01828619342328432,6.717561161977005,89.01872444029169,12.489164069196107,-0.8720575083333331,0.17633999151955979,15.177933819292486,-1.8356666666666663,-1.3666666666666665,0.3258011523220124,,,0,0.15912691018311875,-0.07772333349078227,6,0.9047846568674404,0.0014399464749176357,6,high,low,low,-0.9745760779367433,-0.15591369311349185,0.012531331086553885,-0.21737181903812358,-0.6900113377131232,-0.06189433486432932,0.7019207394349911,-0.9233304056711676,-0.11527392326624074,-0.028441316833579304,-1.8356965809993702,-1.3262873025213116,0.5958335413729429,1
MSR,Montserrat,,,,,,,,,,0.22413104376203385,,1.0359999999999998,-0.2789999999999999,0.3056017553812447,,,0,-0.34797939221164736,0.1478334806587581,6,0.7919416851770875,-0.027985849967780627,6,high,high,middle,,,,,,,,,0.18391947096906866,,1.0675349418942566,-0.08721866439931589,0.47639435727282337,0
MUS,Mauritius,Sub-Saharan Africa,9.156906958618244,0.03524503798602794,0.001564983287481158,0.0028131798480416715,12.856512738364616,129.25132662904932,0.052770195861880136,0.86523055,0.07861350696378694,14.047614861298053,0.0286666666666666,-0.24333333333333326,0.1759862562618941,,,0,0.030117907622230405,-0.01969434824375142,6,0.9162270194652331,0.0052749617618098234,6,middle,middle,middle,0.308375514596672,0.6449471524323921,0.021101275725495396,-0.6972391533547891,0.30671129241444517,0.6469258807192235,-0.6716970349470531,0.9885295444183709,-0.7270854915191802,-0.5121912850686564,0.049129177276201856,-0.04658723801897464,-0.2900230514716876,1
MWI,Malawi,Sub-Saharan Africa,6.279021277653338,0.012128280281344495,-0.0053586376330920634,0.013428116560685153,11.2970614757279,45.3003137160008,9.266091837281879,-0.44660116111111087,0.04638509005130582,16.639498400282775,-1.1486666666666665,-1.1159999999999999,0.1557600564740523,,,0,0.1066095002726683,-0.07446156841254131,6,0.9495204356056615,-0.0011669057700146764,6,middle,low,low,-1.714755669967538,-0.1304631498519294,-0.3543705189831842,-0.36803622469023156,0.05351816249475029,-0.8321277184564408,0.34592772803902533,-0.45512195465245586,-0.9288498175681917,0.597073998668232,-1.1411451975189564,-1.0407281189884459,-0.409620721005579,1
MYS,Malaysia,East Asia & Pacific,9.154984254894735,0.03340118176100013,0.0004837438863338594,0.006513408230217804,22.464886039127165,136.71653887510752,7.387589056277374,0.26147386944444445,0.08027852227096623,17.248580575400897,0.9499999999999998,1.0716666666666663,0.299873231266093,-0.4061666666666663,0.17585714285715795,6,0.050423226220024965,-0.020469375314779263,6,0.9267170649980837,0.001427204790803967,6,high,high,high,0.30702386887723426,0.5830982923507737,-0.0375349354587678,-0.5824833094796968,1.8667306195613373,0.7784484038909059,0.13844436626269943,0.3241041996309638,-0.716661749880657,0.8577468651914476,0.9805896449811333,1.4514592766580934,0.44252155164313356,1
NAM,Namibia,Sub-Saharan Africa,8.432417938228019,0.002507009962274864,-0.019221954187787754,0.03254908653178857,11.288807760579987,95.57388931043177,2.0635021725164884,0.3833748472222222,0.0949034232547193,14.667451894709018,-0.3596666666666666,-0.7516666666666666,0.0782157849933335,,,0,0.09135384900467791,-0.038870639426177606,6,0.8913093240858613,-0.0004431070999609758,6,low,middle,middle,-0.20093461530897566,-0.4531914589762436,-1.1061858490135843,0.22496583305135578,0.052178086006413896,0.05359492319158618,-0.4496087663716048,0.4582544323296631,-0.6251033187441368,-0.24691559177628966,-0.3434726479322804,-0.6256799971780442,-0.8681405740712127,1
NCL,New Caledonia,East Asia & Pacific,10.337174767513405,,,,5.740792046485385,59.76468793558494,0.013005970520140816,,0.16057458728437837,12.542310829914138,-0.3999999999999999,-0.983,0.19753179089752207,,,0,0.02748364686118222,-0.004484545334014172,6,0.8461162177769465,-0.013272316469432317,6,middle,middle,low,1.1380945774860887,,,,-0.8485999614717536,-0.5772935716492091,-0.6760890514166394,,-0.21397241562593652,-1.1564260581084347,-0.3842493181899854,-0.8892146692150241,-0.162624145186198,0
NER,Niger,Sub-Saharan Africa,6.179562197120155,0.015992667253753368,-0.001026217870830149,0.007907932291201498,7.996225214823742,42.90156096529251,10.14654772836818,-0.605436472222222,0.2544391775720826,16.789350549676495,-0.8786666666666667,-1.032,0.142255895875101,,,0,0.20413124332605292,-0.12330859463461105,6,0.7041389852376391,0.02596192406122528,6,middle,low,low,-1.7846746277446588,-0.0008391987468801155,-0.1194209973052767,-0.5392346856398382,-0.48240693133451423,-0.8743890773889686,0.443175360582146,-0.629917877825192,0.3736619646383605,0.661207199298427,-0.8681774048847328,-0.9450354138683901,-0.4894709229014788,1
NFK,Norfolk Island,,,,,,,,,,0.16997985919830025,,0.9996666666666668,-0.4513333333333333,0.064192692338763,,,0,0.15885015162799063,-0.20712711671394574,6,0.8264852292270324,0.016221413875720715,6,low,high,middle,,,,,,,,,-0.15509120051154351,,1.0308022389348364,-0.28354060307816115,-0.9510592250652863,0
NGA,Nigeria,Sub-Saharan Africa,7.8231393126100555,0.0031419105073334564,-0.018323536911951994,0.0335754239704977,8.85656936543373,,8.761664422911858,-1.0704218999999975,0.07130947792981358,19.052344152127272,-2.0240000000000005,-1.281,0.2492748059686161,-0.8305555555555557,0.2623809523809211,6,0.4253377864659704,-0.24030825552379426,6,0.9250282902112604,-0.005018792724687803,6,middle,low,low,-0.6292527363966894,-0.43189485545365613,-1.0574641828760039,0.2567958193967935,-0.34272111137965877,,0.2902129871485881,-1.1416275004633802,-0.7728119849887161,1.6297153142504701,-2.026100041293614,-1.2286959326171276,0.1433326871437067,0
NIC,Nicaragua,Latin America & Caribbean,7.6198450339563735,0.03271813404312773,-0.000635263180674754,0.001176234206444778,14.236570432991366,103.54136256462313,3.61974502014767,-0.6605020027777773,0.3023939187444527,15.624893630490703,-1.1953333333333334,-1.0473333333333332,0.4300883979382974,,,0,0.009641339756311618,0.0015656572730387377,6,0.894677180287499,0.0028932736105092534,6,high,low,low,-0.7721670284785943,0.5601866780077835,-0.09821930806688485,-0.7480060409836631,0.5307780109738346,0.19396630864649517,-0.2777194825057505,-0.690516684105249,0.6738801248965198,0.16284698541089096,-1.188324815998946,-0.9625031298823684,1.212484799080463,1
NIU,Niue,,,,,,,,,,0.3332143131812522,,1.2233333333333334,-0.3203333333333333,0.0201994163594507,,,0,-1.5458813753357923,0.40253665198926064,6,0.6738869818248862,-0.06518625254233508,6,low,high,middle,,,,,,,,,0.8668295995477966,,1.256927410363928,-0.13430555104569275,-1.2111917926002824,0
NLD,Netherlands,Europe & Central Asia,10.729834817194531,0.013171241509312991,0.005578107052447733,0.00976323729610379,10.056165953229662,153.78306096248116,0.6531942195220495,1.7053482500000001,0.08720054015529248,16.64403607458894,1.0216666666666667,1.9666666666666668,0.1273313927731763,-0.014777777777776868,-0.009961904761906296,6,0.08667119406933743,-0.03877688206134434,6,0.9030622946531334,0.0019418825479718097,6,middle,high,high,1.414131529438978,-0.09547888037169722,0.23873519874150315,-0.4816957800661145,-0.1479541302099535,1.0791273360782452,-0.6053793290697886,1.9130667138802009,-0.6733268173233764,0.5990160167030022,1.0530440590754029,2.4710422657348814,-0.5777196205641251,1
NOR,Norway,Europe & Central Asia,11.21944519026119,0.006900154050264007,0.003025903716712243,0.006898904685894996,6.635281402413573,69.04436722552609,6.565517336263485,1.8377947944444442,0.09339203437636762,15.455508724441643,1.0006666666666666,0.1829999999999999,0.0919430282066151,-0.5006111111111113,-0.25745714285721066,6,0.19328571551853754,-0.10367014770426698,6,0.8947988492919697,0.0020546282946463284,6,low,high,high,1.7583238024639307,-0.3058312958961034,0.1003277992140973,-0.5705278390294982,-0.7033703123422383,-0.41380366751667624,0.04764535025138421,2.0588221875545045,-0.6345652901238265,0.0903542236632479,1.0318132307594075,0.4390912137609923,-0.7869712830202916,1
NPL,Nepal,South Asia,6.748029844360005,0.04103028631749197,0.0046857401611605275,0.031200808556708454,5.374624578941957,43.19892509079588,0.8904135188295297,-0.7500155888888881,0.3588995477621902,17.13925176577233,-0.1326666666666666,0.147,0.14200657020668192,,,0,-0.004611514660328547,0.021316376704625495,6,0.5255439424741127,-0.00833510099511445,6,middle,middle,high,-1.3850463061077882,0.8390029631476439,0.1903416483068453,0.18315144733564878,-0.9080510577665702,-0.8691500997420042,-0.5791781127627138,-0.7890250687417638,1.027630673292959,0.8109567022812904,-0.11397750375461815,0.3980800544238255,-0.4909451874301931,1
NRU,Nauru,East Asia & Pacific,8.897442249913965,0.019596829405890047,-0.029799569809329834,0.07328793435201107,,168.19940513717816,0.0,0.34961638055555566,0.20023878748980986,9.289114896791354,1.0996666666666666,-0.2336666666666667,0.0346009147918715,,,0,0.4012209614507191,-0.2792074207239043,6,0.790736469871522,0.01750889880379403,6,low,high,middle,0.12597384835067482,0.12005597606839284,-1.6798157988217193,1.4884069986367032,,1.333115286892196,-0.6775255797593016,0.42110373640054344,0.034343244570909426,-2.5487175154710204,1.1319014213919563,-0.03557498227103178,-1.1260356254319512,0
NZL,New Zealand,East Asia & Pacific,10.551735059719773,0.01633538152521936,-0.001738660216955741,0.003265151358896557,10.576725754841751,54.89907049880545,1.4264536960670915,1.8608515055555557,0.09072367588553922,15.33757877665447,0.488,0.18799999999999992,0.2923339994030443,-0.0716111111111107,-0.03682857142858091,6,0.061296072805097516,-0.02013822404095418,6,0.9124990614769156,0.0032713535116517555,6,high,middle,high,1.2889287892141832,0.010656538684358216,-0.15805714006857682,-0.683222080142365,-0.06343583288420726,-0.6630162893671513,-0.5199716962776908,2.08419575893357,-0.6512704095226838,0.03988297562080785,0.5135114220292395,0.4447872081133766,0.3979420176548313,1
OMN,Oman,"Middle East, North Africa, Afghanistan & Pakistan",9.849822372549715,-0.016240856730918553,0.0025381325154247175,0.017449151996374593,8.882826200569204,97.51533261027073,29.02373271606787,0.14602673333333335,0.17654911865798292,15.218891526346992,-0.2606666666666666,-0.901666666666667,0.2830530311172508,,,0,0.22350450938788727,-0.11456547698979201,6,0.9121410591757537,0.003008316374633498,6,high,middle,low,0.7954896454540028,-1.0820551242648244,0.07387569698960508,-0.2433311343512357,-0.3384580411388514,0.08779937886857044,2.5281878725290903,0.1970563247407654,-0.11396469370473032,-0.010912380114907952,-0.24338445729973168,-0.7965598277495733,0.3430635832656841,1
PAK,Pakistan,"Middle East, North Africa, Afghanistan & Pakistan",7.225431716852005,0.03179449086903467,0.003083216323056083,0.010633888726152091,12.547595018416615,28.090145395702972,1.666993284152855,-1.1111883805555547,0.05509201197530746,19.188719242051803,-0.4746666666666666,0.314,0.3377587509317876,-0.07077777777777754,-0.03640000000000945,6,0.07892703453604943,-0.04354069753933034,6,0.9587082507820841,0.001677188299857995,6,high,low,high,-1.0494365137535346,0.5292047192929916,0.10343589357833527,-0.4546941117211219,0.2565552880074572,-1.1353374179382092,-0.49340374925041025,-1.1864904125788558,-0.8743405862048225,1.688080649939525,-0.4597367077579683,0.5883262657934608,0.666538910742945,1
PAN,Panama,Latin America & Caribbean,9.534657369296054,0.03439591922654443,-0.0010859478674343091,0.0070684311378449004,6.215267232578832,111.04557678254316,0.1838186574157328,0.12387632500000005,0.05587827888179538,15.183056996255358,0.777,0.858,0.3241275270260941,,,0,0.13385127073215902,-0.08185991633574957,6,0.9399703331275625,0.009494444948425948,6,high,high,high,0.5739311066339414,0.6164649819490721,-0.12266018808134398,-0.5652702848886859,-0.7715639807299718,0.3261759707204436,-0.6572225419445624,0.17268012623557535,-0.8694182031751819,-0.026248717412395154,0.8056880593303161,1.2080504513328716,0.5859373825707779,1
PCN,Pitcairn,,,,,,,,,,0.22312996425981915,,0.3083333333333333,-0.7043333333333334,0.0068246710721609,,,0,0.005874858410347905,-0.14022312114216193,6,0.7727534275682686,0.002397280966309863,6,low,middle,middle,,,,,,,,,0.17765226486849203,,0.3318698908812806,-0.5717579173088063,-1.2902767607973624,0
PER,Peru,Latin America & Caribbean,8.724704542612754,0.023552596497565047,-0.006360594108381541,0.014844499571602351,14.009732656080716,47.88755317486516,6.254898901136767,-0.16672047777777754,0.0896746917513739,17.228288589538163,-0.6353333333333334,0.1153333333333333,0.4102288346240233,-0.06644444444444393,-0.05695238095239109,6,0.0614907090018833,-0.03277344682161213,6,0.9469166239210051,0.00131867960730946,6,high,low,high,0.0045405875708257465,0.25274510987804644,-0.4087071732155156,-0.3241096853309077,0.4939485389049711,-0.7865455902511973,0.013337092738275637,-0.14711738010767164,-0.6578375200773448,0.8490623718038984,-0.6221693942390745,0.36200542352539167,1.0950550537372137,1
PHL,Philippines,East Asia & Pacific,7.957251620263574,0.04963463201165972,0.0025723626615619757,0.004861292220437977,20.226113599208784,60.03683107438362,1.105469270033667,-0.302672036111111,0.11014375786124823,18.4630648054023,0.6463333333333333,0.4599999999999999,0.3478323556674367,-0.10972222222222248,-0.0923523809523985,6,-0.02134124307029713,0.021857219050642033,6,0.8989753568415778,0.000672989496589962,6,high,high,high,-0.5349728302689617,1.1276203540857204,0.07573201676082571,-0.6337206784472672,1.5032426319454417,-0.572498938744088,-0.5554248925490567,-0.2967300700027005,-0.5296919974559077,1.3775175932057915,0.673585127586346,0.754649300883082,0.7261042103457608,1
PLW,Palau,East Asia & Pacific,9.63972849224103,0.01618908710839051,-0.005883227316557552,0.04383895594677646,0.9743757167435367,132.965900338375,0.0,0.578294963888889,0.5860300927936021,9.784201672931376,-0.18333333333333332,-0.7546666666666667,0.318465684814151,,,0,-0.0653206651165584,0.03168882641030675,6,0.3800767458774619,0.06243359725598384,6,high,middle,middle,0.6477952864494122,0.005749354059899171,-0.38281930787501417,0.5751005701927941,-1.6224772206989444,0.7123694462408435,-0.6775255797593016,0.6727611531548162,2.449569624494129,-2.3368320025036957,-0.16520108953289228,-0.6290975937894749,0.5524588675299027,1
PNG,Papua New Guinea,East Asia & Pacific,7.774783867062388,0.03782381203272376,-0.007143478411185323,0.03715122375666185,2.1148099980845836,,14.104633490958149,-0.6254029694444443,0.19675870271833049,15.97002641065743,-2.6053333333333337,-1.316,0.2036661793538015,,,0,-0.08174050948744889,0.05812333782225523,6,0.7573751861441039,0.015997175983497272,6,middle,low,low,-0.6632462374165706,0.73144751674024,-0.4511634222787084,0.36769273699416477,-1.4373158552374552,,0.8803516844745353,-0.651890714281204,0.012556355056052763,0.31055570980385155,-2.6138232886443373,-1.2685678930838178,-0.12635146069369957,0
POL,Poland,Europe & Central Asia,9.426555056578307,0.03421299484056419,0.007647393113675198,0.01663810345483084,16.975529153632415,93.49477593101257,2.7780916685273485,0.8348490277777777,0.09217826044613571,17.45329988415635,1.1103333333333334,1.098,0.07960221082602038,-0.3586111111111154,0.08938095238096533,6,-0.017702187070169583,0.024612099135804824,6,0.901575333974696,-0.001789868957915146,6,low,high,high,0.49793602405322585,0.6103291105072316,0.3509537271802907,-0.2684843276667736,0.9754764429257299,0.016964988421063875,-0.3706813181816689,0.9550951261704574,-0.6421640586166797,0.9453619214612953,1.1426853341873826,1.4814581802473177,-0.8599426278277167,1
PRK,North Korea,East Asia & Pacific,,,,,,,,-1.571021155555553,0.6826079218173674,17.05470354205399,0.27566666666666656,-0.1606666666666666,0.8464649054996304,,,0,0.10085867540569042,-0.07748215887592957,6,0.8532366024626791,-0.017218390523429567,6,high,middle,middle,,,,,,,,-1.692529616638331,3.0541900945957905,0.7747720481632618,0.298844157945288,0.047586535273778964,3.6745221800683683,0
PRT,Portugal,Europe & Central Asia,9.86351147926796,0.017267509217896305,0.008911980555850353,0.014540569082046506,11.951301179234951,79.85951598271446,0.1950792818300443,0.9629576305555556,0.09465643582428158,16.1566017499398,0.7143333333333333,2.0643333333333334,0.0647037706920464,-0.08916666666666696,0.006847619047622392,6,0.03527558344517046,-0.007143754593624147,6,0.89390708404144,-0.0014865611831470424,6,low,high,high,0.8051129806940677,0.041923095403935795,0.4195330041116241,-0.3335355359017417,0.15974078209018702,-0.2232617771941906,-0.6559787896154162,1.0960767588582065,-0.6266495706925391,0.3904055732542876,0.7423325716571875,2.582304022084788,-0.9480372149673412,1
PRY,Paraguay,Latin America & Caribbean,8.66321686198826,0.03540415653080764,-0.007493840091945623,0.018737370214011537,18.92270296792275,70.49551149422236,1.7253379334130747,-0.47306938611111077,0.15129606286595623,15.626117570037183,-0.6653333333333333,-1.0713333333333332,0.2061909555713146,,,0,0.02887880452992653,0.003907450842588434,6,0.8415976686448089,0.0011752100769981168,6,middle,low,low,-0.03868477226912054,0.6502844994982252,-0.4701637301495974,-0.20337939262299826,1.2916203612064838,-0.38823732734921,-0.4869594979601898,-0.48424984687776995,-0.27206013464409406,0.16337080279229768,-0.6524991489762103,-0.989843902773813,-0.11142244017197654,1
PSE,Palestine,"Middle East, North Africa, Afghanistan & Pakistan",8.110935824656933,0.013439895042295546,0.0032094999993224496,0.03288302361644291,11.12723937637937,67.59877095376656,0.0,-0.7070486805555546,0.7442330981806818,15.254680020612264,0.102,0.5973333333333333,0.020167996826542,,,0,-0.056124402523667016,0.04385984395312319,6,0.2454798359390864,3.2745317797157627e-06,6,low,middle,high,-0.4269340334051141,-0.08646737798537646,0.11028432723957865,0.23532228351676185,0.025945778609608894,-0.4392722627665678,-0.6775255797593016,-0.7417406182284297,3.4399913025906015,0.004404254930057858,0.12326857774475652,0.9110992790952372,-1.2113775765316752,1
PYF,French Polynesia,East Asia & Pacific,9.867526593575151,0.013448301866196744,0.009975661406651189,0.016482221581955513,4.91287062691711,55.66662691906185,0.0049092785285587,,0.20741672391708613,12.53133058539261,0.065,-0.6723333333333333,0.14165287893552822,,,0,0.034790253554903665,-0.018665885416589967,6,0.7282120826816393,0.0024577297772311155,6,middle,middle,middle,0.8079355747318359,-0.08618538610979616,0.4772170053920378,-0.27331872003909463,-0.9830216138635166,-0.6494934378069629,-0.6769833428122489,,0.07928034184146072,-1.1611253448902183,0.08586188023562216,-0.5353035534535469,-0.49303656654283734,0
QAT,Qatar,"Middle East, North Africa, Afghanistan & Pakistan",11.176048174575547,-0.04462802850339962,0.005943339313757559,0.014650440181908527,9.384987454561683,96.98560154441866,24.802003207234495,0.5879825416666667,0.12488862561864772,14.591198041647258,-0.16,-1.0963333333333336,0.1318596270630107,,,0,0.3331445651131612,-0.18492804782219682,6,0.858577438049099,0.013330076897294789,6,middle,middle,low,1.7278160389584636,-2.0342520424613992,0.25854194642637723,-0.3301280838528669,-0.2569269393538681,0.07846654758569864,2.0618917137687243,0.683422189980499,-0.437382520579264,-0.2795504500484005,-0.14161128029289766,-1.0183238745357348,-0.5509441375842135,1
ROU,Romania,Europe & Central Asia,9.094158104212319,0.04096903278565058,0.014595814167618864,0.028167516200572715,20.528327312835952,82.9893749471316,1.354058764401156,0.17957138333333333,0.07360723733141047,16.803323041743543,0.9596666666666668,0.8563333333333333,0.05036160576091251,-0.7318333333333307,0.3842571428571883,6,-0.007935594246496536,0.022497094634627294,6,0.921209984659305,-0.0032301778719924113,6,low,high,high,0.2642635594262562,0.8369483229490536,0.7277704468483865,0.0890794095865868,1.5523101712082847,-0.16811974846098082,-0.5279678216758036,0.2339717185737816,-0.758426981892072,0.6671870977561085,0.9903625659519886,1.2061517865487434,-1.0328425427019856,1
RUS,Russia,Europe & Central Asia,9.150606054280543,-0.0009552919559308037,0.0013543539270362678,0.016719512568142195,11.700707048090633,47.33231242292262,11.198629575655568,-0.7094718833333326,0.039830874591957915,18.788053388269038,0.7553333333333333,0.0496666666666666,0.19439540864933516,-0.3086111111111111,-0.09646666666667986,6,0.1976399446732735,-0.09978313392363186,6,0.962498961110164,0.0007906046777953608,6,middle,high,middle,0.3039460279979253,-0.5693281859036329,0.009678728926379672,-0.2659595722916274,0.11905421885854263,-0.7963278525976946,0.5593793293738808,-0.7444073172364364,-0.9698821421942024,1.5166050742452106,0.7837832364646067,0.2871980310307446,-0.18116959670873764,1
RWA,Rwanda,Sub-Saharan Africa,6.566397250863083,0.033591874710508306,-0.0015592595312739382,0.01754398841901297,7.277703224457825,45.916539876659215,6.19047227441244,-0.08942264166666651,0.13212029317258928,16.25773991877839,-0.7643333333333334,-0.5446666666666667,0.1243305572059462,,,0,-0.05923618298242591,0.06881947237936056,6,0.8363323559836227,0.003976151237609943,6,low,low,middle,-1.5127326024980232,0.5894947463652424,-0.14832814158676255,-0.24038995543309516,-0.5990664487017179,-0.8212710117985708,0.006221078199546168,-0.062052248634199524,-0.39210904238783423,0.43369033426531506,-0.7525873396087591,-0.3898658309893347,-0.5954635835556736,1
SAU,Saudi Arabia,"Middle East, North Africa, Afghanistan & Pakistan",10.051688154747257,-0.005209719172089677,0.003666857943897662,0.018036153993371117,11.803636631435829,70.75853383191547,34.24115392127752,-0.37855074444444287,0.08275118481021419,17.180055186620248,0.559,-0.47833333333333333,0.2544060684872942,-0.11388888888888833,-0.0585714285714437,6,0.3433192234746307,-0.1791594837884658,6,0.9087824608019271,0.007355441751407592,6,middle,middle,middle,0.9373997156703305,-0.7120353395569341,0.1350871017189923,-0.2251263365484351,0.13576590712537326,-0.3836033852235619,3.104459625973672,-0.3802334722342193,-0.7011817747974007,0.8284196081269875,0.5852918415737947,-0.31429897258103634,0.17367388051851954,1
SDN,Sudan,Sub-Saharan Africa,7.161111714141296,-0.00413875838710478,-0.006247193972435311,0.017153028209117613,,20.175190100930866,4.589202052004744,-1.6094684361111087,0.2902068437545709,17.492795562780355,-2.107666666666667,-1.2829999999999997,0.2435731990907131,,,0,0.29071114805151294,-0.13844751943167544,6,0.6253731277283179,0.05540671490504076,6,middle,low,low,-1.0946529739263582,-0.6761118750024067,-0.4025574210768017,-0.2525148742689805,,-1.2747835390728313,-0.17064154463874132,-1.7348402832727066,0.5975835764647538,0.9622651443477672,-2.110686357282737,-1.2309743303580811,0.1096190433377406,0
SEN,Senegal,Sub-Saharan Africa,7.098566150391226,0.025670529310729506,0.009989292870029594,0.01838574215017172,16.77621800329175,58.49473101113128,3.6860627227600067,-0.10697805277777761,0.07744351530746309,16.479967716570115,-0.7326666666666667,-0.19699999999999987,0.2202099279220228,-0.11227777777777792,-0.05981904761906301,6,-0.06305909703353818,0.04068560954242295,6,0.9164609007637505,-0.0034373000576898467,6,middle,low,middle,-1.138622017351492,0.32378737903420124,0.47795624719598856,-0.21428449658643856,0.943116204942195,-0.5996677431420142,-0.27039459588730624,-0.0813717202956172,-0.7344101633658364,0.5287986126520139,-0.7205725984973378,0.006195642979786522,-0.028528152565235592,1
SGP,Singapore,East Asia & Pacific,10.919432038188502,0.0281341830625891,0.0022302198159666713,0.009545382562097813,18.115411814753767,340.9712548795541,0.0719718560216462,1.5849559166666667,0.06728008348887553,15.51811606613125,1.5816666666666668,0.8403333333333333,0.23289508816755902,-0.17327777777777753,0.0976857142857202,6,0.08371479222906326,-0.04165579159037066,6,0.9255459851770867,-0.0014505864282496315,6,middle,high,high,1.5474168968309887,0.4064262388975945,0.057177420870014324,-0.4884521478523474,1.1605482471080064,4.377019312950466,-0.6695761836808631,1.7805767221981958,-0.7980377990884043,0.11714869555936526,1.6191994808352745,1.1879246046211136,0.04647929415948504,1
SGS,South Georgia and South Sandwich Islds.,,,,,,,,,,0.44840657107609627,,-0.3393333333333333,-0.8946666666666667,0.0,,,0,-0.821735469679204,-0.3081228361041541,6,0.5515934289239036,0.06091929402541851,6,low,middle,low,,,,,,,,,1.5879847324025012,,-0.3229158141659994,-0.788585435656235,-1.3306310915232185,0
SHN,"Saint Helena, Ascension and Tristan da Cunha",,,,,,,,,,0.25527193899578576,,1.1716666666666666,-0.3296666666666666,0.17267286499246007,,,0,-0.2323676350072379,0.09819366486626478,6,0.8258869581312998,0.009373309093812197,6,middle,high,middle,,,,,,,,,0.37887542417220466,,1.2046928327610826,-0.14493807383681007,-0.30961515865123085,0
SLB,Solomon Islands,East Asia & Pacific,7.644262875455841,-0.002922331785160992,0.0005617584307747601,0.019396499480570154,8.976297792754105,92.30335434747384,18.857992103432668,-0.34969634444444425,0.38016218741833946,13.349742377776138,-1.6033333333333333,-1.0523333333333331,0.4692499130004501,,,0,-0.011058493107726714,0.010566388732061503,6,0.8692220037886488,0.02070393009363356,6,high,low,low,-0.7550014763775967,-0.6353090197244443,-0.03330416353311768,-0.18293769892348102,-0.3232819560947716,-0.004025543082036405,1.4053670502315585,-0.34847962952561057,1.1607443217819895,-0.8108643183289931,-1.6008094804239952,-0.9681991242347525,1.4440471284343555,1
SLE,Sierra Leone,Sub-Saharan Africa,6.93619808476308,-0.0028486994220862983,-0.006497608492237451,0.08632214376972068,6.035454638507076,46.48897889330322,10.867709526579924,-0.6809436555555554,0.31545741006711736,15.754960543306785,-0.23899999999999996,-0.5606666666666666,0.317169686346843,,,0,0.37413598831495065,-0.13359368877295968,6,0.8594016298307426,0.012209733134969893,6,high,middle,middle,-1.2527655009243113,-0.6328391537666379,-0.4161375390887273,1.8926392639149556,-0.8007584253290482,-0.8111857494712083,0.522828729100249,-0.713012422259901,0.7556634321474508,0.21851256944644062,-0.22147963443402235,-0.4080930129169643,0.5447956189693549,1
SLV,El Salvador,Latin America & Caribbean,8.233498821524693,0.018721159387979115,0.001436244222118474,0.003509867352431841,16.164124747736068,76.64803452712697,0.9210018069521791,-0.2586858888888887,0.25255619149376524,15.635025562801188,0.09233333333333328,0.0433333333333333,0.45660244286526835,,,0,-0.0296407432360658,0.020715942107932362,6,0.8483865415373221,-0.0013180902867556447,6,high,middle,middle,-0.34077320266854566,0.09068319109725188,0.014119684954514388,-0.6756326593154922,0.8437364994714112,-0.27984183550143577,-0.5757995918923448,-0.24832396208667318,0.36187362833617476,0.16718321448914453,0.11349565677390155,0.2799831048510579,1.3692625436120265,1
SMR,San Marino,Europe & Central Asia,10.66481431449868,0.004581920879231305,-0.003582563061060278,0.014381404993498699,28.576430131358432,318.453475417429,0.0,1.3457446583333332,0.05770246029721574,10.409173940787984,1.164,0.7066666666666667,0.0453955967562662,,,0,-0.009066034088692831,0.012155883231923195,6,0.9368752153769647,0.0031521144909551504,6,low,high,high,1.3684226232408994,-0.38359228240122295,-0.2580530118944204,-0.3384717202150926,2.859003359613446,3.9802998261540963,-0.6775255797593016,1.5173282515578288,-0.8579980104032906,-2.069358549470692,1.19694189543937,1.0356516889340404,-1.0622065908212488,1
SOM,Somalia,Sub-Saharan Africa,6.0644653807131865,0.06301172097990744,0.0033190860468819096,0.0256904538819127,,78.85537175723861,18.64477068097018,-2.0646361166666636,0.2691833739028207,16.425431351325674,-1.8990000000000002,-1.1849999999999998,0.1447401441562196,,,0,0.016535657194446284,-0.026985846886058523,6,0.7170804620936525,0.0013034193904712097,6,middle,low,low,-1.8655867918577678,1.5763308840425974,0.11622723925400108,0.012257833362189363,,-0.24095284582155507,1.3818164342928423,-2.23574561952659,0.4659672380833495,0.5054583291257907,-1.8997260632222133,-1.119332841051349,-0.47478154436859415,0
SPM,Saint Pierre and Miquelon,,,,,,,,,,0.27086975897436044,,0.3913333333333333,-0.5326666666666667,0.0078504810818041,,,0,0.06368642420526172,-0.058124820584148945,6,0.7170742609734467,0.02250085884284871,6,low,middle,middle,,,,,,,,,0.47652476401899535,,0.4157822123206901,-0.37619544454361237,-1.284211138593254,0
SRB,Serbia,Europe & Central Asia,8.679299953464417,0.015450571812246494,0.008652188347428107,0.018792353701574137,18.0092757885116,91.45828785249533,1.7833690188041313,-0.06533415833333318,0.062344715799304284,15.777312659787022,0.6446666666666667,1.0766666666666669,0.032609367781387295,,,0,-0.07264838249532461,0.0652428330577575,6,0.9345275068252216,0.0011880434588777244,6,low,high,high,-0.027378484418693644,-0.019022821015007955,0.4054443288553311,-0.20167417990022818,1.14331595949162,-0.01891397143531072,-0.48054988025495166,-0.03554322710349204,-0.8289354115400036,0.22807875035566544,0.6719001412120608,1.4571552710104783,-1.1378116576930521,1
SSD,South Sudan,Sub-Saharan Africa,7.026945862941712,0.0033967242638753468,-0.09437670988476136,0.09657189230395487,3.2358338149788572,63.1542312442691,15.455822614584658,-1.7471202222222197,0.9105625225958897,16.203102297368606,-2.839,-1.077,0.7015507161638658,,,0,0.040626598365436216,0.04129091941533922,6,0.3256938832938396,0.06882351575234598,6,high,low,low,-1.1889705207492995,-0.4233475836212261,-5.181869848203242,2.210516546360368,-1.2553059805369942,-0.5175764097435679,1.0295924865646566,-1.8863240488242856,4.481288003895773,0.4103067154783478,-2.8500583783191407,-0.9962993630398486,2.8176435024747333,1
STP,Sao Tome and Principe,Sub-Saharan Africa,7.170303366268212,0.02307560374606652,-0.0008108609658426188,0.014670466906831105,2.5918468787363147,,3.3407081310848437,-0.2697645416666664,0.11513158281837821,12.19750254233024,0.57,-0.4479999999999999,0.059766735246031995,-0.3546666666666661,-0.006799999999989392,6,-0.13051868041163464,0.06837213497328498,6,0.8762287356414472,-0.006643209597633208,6,low,middle,middle,-1.0881913141812798,0.23674524093656563,-0.10774207314894378,-0.32950699145499895,-1.3598639567439292,,-0.3085395123655967,-0.2605158564850617,-0.4984659790120407,-1.3039959072967233,0.5964127516440778,-0.27974327350990486,-0.9772299422192727,0
SUR,Suriname,Latin America & Caribbean,9.087361575282175,-0.018371121585291306,-0.007663248206050856,0.033549065129833154,17.488902748255384,,17.198650111098598,-0.09101653611111095,0.19182821118103843,13.267772052848564,-0.6713333333333334,-0.884,0.21836996978125098,,,0,0.13236604499571847,-0.07587135059853103,6,0.7803483146733234,-0.01577197032569907,6,middle,low,low,0.2594856526051776,-1.1535110496924712,-0.47935082594398104,0.25597834796216534,1.0588279848142144,,1.2220903160219891,-0.06380630602173891,-0.018310730498088422,-0.8459456923070879,-0.6585650999236377,-0.7764339810378151,-0.03940783871411355,0
SVK,Slovakia,Europe & Central Asia,9.683731063417705,0.025199537224582968,0.0033964896149277237,0.015948586011866654,17.698802191570547,180.57608344363348,0.2947454668518087,0.6273315916666665,0.08828336331127895,15.506018041083754,1.207,0.6083333333333333,0.05916037117268249,-0.20133333333333125,0.020457142857143566,6,0.019447252314775416,-0.00035305993486455656,6,0.902409201397945,0.0009349119956764843,6,low,high,high,0.6787287507413952,0.3079887916822034,0.12042487759157362,-0.28986845531011013,1.0929073422745494,1.551168291374252,-0.6449705146568457,0.7267252406221076,-0.6665478593344947,0.11197102496378598,1.2404145438959318,0.9236304666704825,-0.9808153774875068,1
SVN,Slovenia,Europe & Central Asia,9.937175869157983,0.02369984215056,0.012174548713175262,0.02138348661148667,19.730713529022697,148.24264912361417,0.25288617590070184,0.8296264638888889,0.08216370393322875,14.539351736604223,1.3713333333333333,1.0653333333333332,0.061815058263014,-0.8977222222222222,0.4401619047619729,6,0.009067950056004767,0.010224658388598307,6,0.9132668104120042,0.001853144136994803,6,low,high,high,0.8568984721623857,0.25768420201879844,0.596463881096835,-0.12131491205020864,1.4228092786639983,0.98151605317831,-0.6495939341672842,0.9493477714424631,-0.7048596682394999,-0.3017394509850707,1.4065542004004654,1.4442443504784068,-0.9651181930101634,1
SWE,Sweden,Europe & Central Asia,10.826049873210005,0.012337863103469359,4.268837841846808e-05,0.011806844279261281,13.5168986049185,84.07593784184485,0.8722670758830139,1.7556411555555558,0.05146037976990222,16.094236880406186,1.4400000000000002,1.008333333333333,0.09606965448541828,-0.29111111111110866,0.0741523809523778,6,0.07841156433435732,-0.03598440125348899,6,0.9433247707983061,-0.0004725577458286982,6,low,high,high,1.4817699632853958,-0.12343306883738826,-0.06145361977481055,-0.41831703159995937,0.41393180549723174,-0.14897662315026075,-0.5811824137543856,1.9684133165602118,-0.8970762305391772,0.3637148737464245,1.4759756390210212,1.3793100148612256,-0.7625705111917228,1
SWZ,Eswatini,Sub-Saharan Africa,8.133292035991886,0.02219438320579812,-0.0006809742451029383,0.009448013687393437,30.508546179815244,88.26483953969864,4.028768905831032,-0.5190452805555548,0.3500779900171512,13.946584859861497,0.3533333333333333,-0.48533333333333323,0.0242218212022027,,,0,0.06862262190563108,-0.02807358487539333,6,0.6259415944814931,-0.00862471689032212,6,low,middle,middle,-0.4112177912278754,0.20718627361779512,-0.10069824439164733,-0.49147186615884225,3.172702493018692,-0.07517632083323272,-0.2325421999876918,-0.5348456423396941,0.9724037703407094,-0.5554297529719473,0.37736452298698453,-0.32227336467437423,-1.1874072828969737,1
SXM,Sint Maarten,Latin America & Caribbean,10.535477252114754,-0.02928897091157907,-0.017847389322786178,0.03856531975431631,1.8633843508943662,,0.0,,0.594345236604604,10.519191518952335,0.8593333333333334,0.3503333333333334,0.7599847907541214,,,0,-0.29277729439873684,0.189937672077596,6,0.5241006581870563,-0.11590948223993827,6,high,high,high,1.2774996772880518,-1.5197307832096982,-1.0316424355704772,0.41154834880258856,-1.4781374237464584,,-0.6775255797593016,,2.501626149379709,-2.0222736098030984,0.8889263862200115,0.6297171580874534,3.1631646194254843,0
SYC,Seychelles,Sub-Saharan Africa,9.641964823698455,0.047470225562828004,0.019872051071905407,0.04050924426145447,6.7344102931680405,199.6389824708178,0.12327299357720578,0.42980360833333336,0.16900242997858114,11.43193711406339,0.4363333333333333,-0.626,0.0396879015487962,,,0,-0.5939610673000928,0.22891348718876342,6,0.8282489233808931,-0.029618069374694415,6,low,middle,middle,0.6493674100193177,1.0550192099203035,1.0139036945358724,0.4718356268313353,-0.6872757060426132,1.8870195031527448,-0.6639098984932068,0.5093486008959083,-0.16121034524995176,-1.631639931124364,0.4612768444263941,-0.48252067245478575,-1.095956234965153,1
SYR,Syria,"Middle East, North Africa, Afghanistan & Pakistan",6.779738976258835,-0.07226770747333174,0.0482296530944421,0.10514016637404472,,52.26456069398912,6.891208795385,-1.7141688083333302,0.09811924403117135,16.830081849100445,-0.5533333333333333,0.1163333333333333,0.1551693349810682,,,0,0.29436716989774087,-0.19016735746102437,6,0.899644772318764,-0.0007856962915025721,6,middle,low,high,-1.3627550337322736,-2.961375651183332,2.5517521479943563,2.476245960848014,,-0.7094312291477233,0.08361844516702421,-1.8500615026041556,-0.6049708402107596,0.6786392388684527,-0.539268064624236,0.36314462239586853,-0.4131136615799596,0
TCA,Turks and Caicos Islands,Latin America & Caribbean,10.344652622136897,0.12232529934133965,0.10857978444665153,0.22339718257509444,0.5864930857751177,,0.004806807934460166,,0.19033044411124864,10.486972447251713,0.48166666666666663,0.015666666666666603,0.8074607696225772,,,0,0.09812089082311988,-0.15484818787081728,6,0.7819437218952817,0.027130273032497834,6,high,middle,middle,1.1433514509548608,3.5658988119655044,5.824573174689529,6.14377193131822,-1.6854539996014977,,-0.6769946608382651,,-0.02768742325452069,-2.036062615819059,0.5071084738069551,0.24846526943453145,3.4438904350045787,0
TCD,Chad,Sub-Saharan Africa,6.875045696643434,-0.029034437534809852,-0.014153019529815106,0.03128912418750835,7.459427942432158,47.08120111823396,17.081848099170884,-1.2941002416666636,0.46725904035266463,16.481995547545093,-2.105,-1.0956666666666666,0.479210773991441,,,0,0.27487927058111045,-0.1895162807662227,6,0.7900221179585157,-0.0030535784571292814,6,high,low,low,-1.2957551527488236,-1.5111929162153972,-0.8312947168843511,0.18589039577154046,-0.5695615509020269,-0.8007519454836034,1.2091893640819333,-1.3877822248245208,1.7060096347201024,0.5296664766852529,-2.1079903790838803,-1.0175644086220832,1.5029457734378358,1
TGO,Togo,Sub-Saharan Africa,6.600250875913992,0.023774348506660204,-0.00465586326920205,0.007897263513803078,13.984718738176417,70.4264478649344,13.24375622031785,-0.8178941694444436,0.07654986870706687,15.760573432511926,-1.0153333333333332,-0.9153333333333332,0.2471382259398088,,,0,0.061144628305099126,-0.029362235217271177,6,0.9175326839414865,0.0047466813063480225,6,middle,low,low,-1.4889337681648696,0.2601833845098645,-0.3162586762476944,-0.5395655583393095,0.48988726920229664,-0.38945409419842336,0.7852665390089728,-0.8637244480476873,-0.7400047913782694,0.22091475420631726,-1.00634628757613,-0.8121288789794232,0.1306990735683277,1
THA,Thailand,East Asia & Pacific,8.644069982102083,0.023470389032372908,0.005686919175327977,0.012085817486174768,27.4446841833207,127.89150416736685,2.2438935028932216,-0.3793888944444436,0.05535682090053375,18.068860055120968,0.9329999999999999,1.4000000000000001,0.2550017702161345,-0.18222222222222137,0.037219047619054244,6,0.007817012712571,0.0008507708137220779,6,0.954387324352565,0.0004926635178801488,6,middle,high,high,-0.05214487947249038,0.24998760745279286,0.24463614039220866,-0.4096651856944182,2.6752526354176114,0.6229684532099866,-0.4296842818085028,-0.3811558439787798,-0.8726827637162051,1.2088072180696696,0.963402783963423,1.825496239131329,0.17719626926449836,1
TJK,Tajikistan,Europe & Central Asia,6.847428894777813,0.04089601359152741,-0.00031107521365141076,0.005156079028471969,10.205104892558115,61.495902066541156,2.6417999536545396,-1.0328553583333318,0.15193832950005026,15.959577048814355,-1.0916666666666666,-1.1523333333333332,0.3656692750711932,,,0,-0.07214301977411826,0.03280947847257097,6,0.8260508184093975,0.01185050214941532,6,high,low,low,-1.3151695490335071,0.8344990246473228,-0.08063841517895719,-0.624578402505021,-0.12377234452738592,-0.5467929451232775,-0.3857349361321035,-1.1002860740192415,-0.26803925782213744,0.3060836283405504,-1.0835186635183982,-1.0821190112824384,0.8315740472271036,1
TKL,Tokelau,,,,,,,,,,0.23207607646144066,,0.4426666666666667,0.0066666666666665994,0.1004073432313284,,,0,-0.19085036018248935,0.021572814957802645,6,0.7423033501898759,-0.010299106173548511,6,low,middle,middle,,,,,,,,,0.23365893451102027,,0.4676797926486784,0.23821247960023972,-0.7369217254279194,0
TKM,Turkmenistan,Europe & Central Asia,8.620027639798938,0.05354127169030427,-0.010766880238575985,0.019745396487297874,,82.65688837402729,19.451490179192586,-1.2362345166666653,0.5822990146829956,15.631372119345235,-1.6576666666666668,-1.3126666666666666,0.4654905876623255,,,0,0.11911183441534585,-0.06762049846613748,6,0.8512129682630013,-0.0005292068622062183,6,high,low,low,-0.06904645856758235,1.2586615966696653,-0.6476625089110313,-0.1721172937221711,,-0.1739775153367283,1.4709197750992855,-1.3241018457534037,2.4262114042480953,0.1656196264919108,-1.655740036225697,-1.2647705635155615,1.421818209795389,0
TLS,Timor-Leste,East Asia & Pacific,7.167951994246782,-0.0003673783013415033,-0.013534804478960908,0.02927285421289807,0.9884333865834649,78.31544794066585,56.28569399863104,-0.6804833055555543,0.47140857516284695,13.991791510513442,-1.0263333333333333,-0.9283333333333331,0.2003800125519782,,,0,0.32744101954626537,-0.46668270543183255,6,0.49781571769493077,-0.03650097213808291,6,middle,low,low,-1.0898443103702984,-0.5496076736048943,-0.7977685724979069,0.12335945483531158,-1.6201948118084408,-0.25046525355164084,5.539311109992468,-0.712505813857337,1.7319875813461159,-0.5360823681809365,-1.0174671976464131,-0.8269384642956223,-0.1457825893941069,1
TON,Tonga,East Asia & Pacific,8.335937313227541,0.029982616547455265,0.009644184100377984,0.023947666829087094,6.055880158645496,82.10753257514877,0.045626438820920164,0.06514164444444458,0.15484987453003726,11.574499043662804,-0.8969999999999999,-0.7919999999999999,0.2384637997925895,,,0,0.0374614600920182,-0.005033455494941042,6,0.8300020820837856,-0.010902968938811812,6,middle,low,low,-0.2687597420802611,0.46842863497592296,0.4592408076019811,-0.041791532862056786,-0.7974421297204632,-0.18365609625392185,-0.672486073292676,0.10804347435920371,-0.24981168175683047,-1.5706267733537342,-0.8867122550018713,-0.6716276849539441,0.0794071273484105,1
TTO,Trinidad and Tobago,Latin America & Caribbean,9.849967777989464,-0.015826352459581017,-0.027615662972932994,0.0501116896968617,15.583006045258836,,11.834165854024478,0.13916081666666666,0.17104628938627756,14.113287259897675,-0.1426666666666667,-0.995,0.4025416838909625,,,0,0.2926494449120594,-0.168037240866986,6,0.9506816650264694,0.004719771960268179,6,high,middle,low,0.795591864343901,-1.0681513196551118,-1.5613813223035296,0.7696379826298786,0.7493858348111342,,0.6295752348046325,0.18950048445700418,-0.14841486984535326,-0.48408504079858117,-0.12408742200033024,-0.9028850556607464,1.0496008743721676,0
TUN,Tunisia,"Middle East, North Africa, Afghanistan & Pakistan",8.292385330850015,0.008177096884071488,-0.001919346058896068,0.008640959771458052,14.501732925796935,94.460529579679,4.008650319570497,-0.18432245555555535,0.1343979840664745,16.24317042530883,0.3693333333333333,0.8886666666666666,0.073714201046863,-0.12444444444444376,-0.01786666666666323,6,0.10602179875630686,-0.056233945058908615,6,0.8550925123007757,-0.004378290281157278,6,low,middle,high,-0.2993764459612927,-0.26299853182894134,-0.16785583328561773,-0.5165011734367341,0.5738298992240868,0.03397968973808759,-0.2347643270740785,-0.1664880977006907,-0.3778496771388155,0.42745493322806516,0.39354039218012377,1.2429858833608285,-0.894758473372923,1
TUR,Turkiye,Europe & Central Asia,9.284840641488662,0.04496625544463626,-0.0024743780637501195,0.02067575621473516,16.738022344582983,52.93060932099735,0.48430696328315453,-0.24671271388888827,0.034483448499150866,18.1683542614884,0.5936666666666667,2.371333333333333,0.1166583931608438,-0.7625000000000005,0.36340000000005684,6,0.01633829051811257,0.0006347734919968215,6,0.9633650997920712,4.1145081539513016e-05,6,low,high,high,0.398311895698687,0.9710280096377224,-0.19795552611600645,-0.14326388128315895,0.9369147425371017,-0.6976967475158833,-0.624033171928029,-0.2351476591424886,-1.0033594248246838,1.2513884017518566,0.6203395581589295,2.9320380753211825,-0.640829146523539,1
TUV,Tuvalu,East Asia & Pacific,8.086280957856376,0.04537235912336666,0.004319786429958543,0.03707943776002768,,,0.0,0.1848024722222228,0.5088258800825302,9.300797781675085,0.715,-0.7476666666666668,0.1348537815935257,,,0,-0.26593860028176497,-0.08594298979404,6,0.4790365915192283,-0.05638833875397541,6,middle,high,middle,-0.44426621244384473,0.9846500313894715,0.17049577491038978,0.36546642505573146,,,-0.6775255797593016,0.23972845493886127,1.9662366705952545,-2.5437175151158757,0.7430065662069016,-0.621123201696137,-0.5332396796123707,0
TWN,Taiwan,,,,,,,,,,0.1562275978944689,,1.7603333333333333,1.780333333333333,0.3916210396243143,-2.1057222222222243,1.1153238095239753,6,0.015505944231341218,0.0007497407913564869,6,0.916839084673794,-0.0015528495902209906,6,high,high,high,,,,,,,,,-0.2411865163674974,,1.799830020158662,2.25877154286936,0.9850270237329153,0
TZA,Tanzania,Sub-Saharan Africa,6.829989758226124,0.032366261872576095,-0.0009554327286595502,0.003198864191076442,8.500684564014774,42.941223702962866,5.616800915634898,-0.4313455694444441,0.07371816260118141,17.752482687187225,-1.1276666666666666,0.1473333333333333,0.2709154464616526,,,0,0.013719844973718268,-0.018491936488038107,6,0.9177128145418729,-0.001984652212414309,6,high,low,high,-1.327429125994106,0.5483837552268951,-0.11558227986617935,-0.6852778559204031,-0.4005027098951269,-0.8736902970780598,-0.05714175696767616,-0.4383334004558646,-0.7577325400161985,1.0734051347853164,-1.1199143692029614,0.3984597873806511,0.2712939550702556,1
UGA,Uganda,Sub-Saharan Africa,6.746378750762649,0.011217699079358745,-0.0028039459446042043,0.010215611701084206,16.702287091862534,38.060234397361064,11.217889469275702,-0.6511559555555554,0.07624297997321307,17.42759324168256,-0.6733333333333333,0.234,0.15462932084012507,,,0,-0.05879249970479169,0.04367155241641221,6,0.9176393739685508,-0.0037468148770869575,6,middle,low,high,-1.386207012027255,-0.1610069680684062,-0.21582817470872787,-0.46766621182619683,0.931112752631073,-0.9596838372330253,0.5615066126103863,-0.68023149663153,-0.7419260523178368,0.9343600822086009,-0.66058708357278,0.4971903561553122,-0.41630676920519755,1
UKR,Ukraine,Europe & Central Asia,7.727132302594295,-0.018026473068179172,0.013310189096341634,0.055276781801468375,11.950092372140167,102.4465074021842,3.3758490139094532,-0.7504655972222216,0.05678966251850545,17.641038618755587,0.6646666666666666,0.432,0.105053610365387,-0.608055555555555,0.17526666666666804,6,0.21774677508807963,-0.12109276969157758,6,0.93859902966453,0.011224183685624748,6,low,high,high,-0.6967449155281866,-1.1419504314496447,0.6580502876466361,0.9298239068317057,0.1595445196874236,0.17467708970331713,-0.3046581507951128,-0.7895202962923016,-0.8637125333704175,1.0257096907847585,0.6921199777034847,0.7227517325097301,-0.7094483133636647,1
URY,Uruguay,Latin America & Caribbean,9.738541198078343,0.0198283866888616,-0.007079340947380943,0.016106066813388404,11.680896196976583,49.00723801534745,1.5588308899867132,0.9376978833333333,0.09742377721964278,15.028071625253737,0.2313333333333333,-0.4326666666666667,0.294215108581718,,,0,0.06571633711353123,-0.030556851596021242,6,0.9121497962690296,0.003089065719692878,6,high,middle,middle,0.7172598478574285,0.12782315107965017,-0.44768521211686435,-0.28498447507802344,0.11583772115828209,-0.7668189206638629,-0.5053504428546468,1.0682787786488208,-0.6093247739735805,-0.09257881633594589,0.25402352038929826,-0.2622755574959265,0.40906503019638774,1
UZB,Uzbekistan,Europe & Central Asia,7.90436122005168,0.04469328877541816,-0.006683199393624263,0.011759118002238608,10.895818611145323,37.58038090499923,11.388153620441528,-1.0785444166666638,0.1620532309178296,17.23316210794229,-0.5856666666666667,-0.4956666666666667,0.2102338088184675,,,0,-0.09634988407167218,0.07300950293923156,6,0.8097526799840665,-0.01281284840283275,6,middle,low,middle,-0.5721543690425549,0.9618718308086701,-0.4262022363944745,-0.41979717515572884,-0.011627789274101954,-0.9681379226612723,0.5803125355140444,-1.150566210560675,-0.20471544414700504,0.8511481232252258,-0.5719568002853714,-0.3340450863359686,-0.08751701890160711,1
VAT,Vatican City,,,,,,,,,,0.24629963675746347,,0.4743333333333332,-0.2876666666666667,0.0339550233794772,,,0,-0.36012955295401294,-0.050800748220526014,6,0.723272271638821,0.005368998743210252,6,low,middle,middle,,,,,,,,,0.3227047931685434,,0.4996945337600996,-0.0970917212767821,-1.129854786149465,0
VCT,Saint Vincent and the Grenadines,Latin America & Caribbean,8.895019177442084,0.029575667220773382,0.0013361000590656003,0.011319454327106022,4.649945726844817,,0.03475104035302065,0.7013389194444444,0.13234641774869102,11.582681213035391,0.09099999999999998,-0.5173333333333333,0.2091946500908044,,,0,-0.4656969706566236,0.28854946614208954,6,0.8638465040855888,-0.02616497400183845,6,middle,middle,middle,0.1242704473042933,0.45477824747573864,0.008688811562915125,-0.4334325432600597,-1.0257102056637948,,-0.6736872768562769,0.8081692160830468,-0.39069340125273966,-1.567124997022294,0.11214766767447333,-0.3587277285296338,-0.09366157217448728,0
VEN,Venezuela,Latin America & Caribbean,8.28202243257093,-0.09630638004208851,-0.047238589172912,0.08057251740961859,,53.58575742616005,16.08436303267933,-1.4527117666666642,0.24035302799075198,17.225598367854165,-0.755,-1.216,0.5440246634042492,,,0,0.39826983363152973,-0.22233283812021964,6,0.7876172080369099,0.0016871730016024414,6,high,low,low,-0.3066614826149569,-3.767709939113213,-2.625543471309817,1.7143250744183722,,-0.6861543118821686,1.099015689062576,-1.5623318746742085,0.2854763586056271,0.8479110201035883,-0.7431514159127611,-1.154648006036132,1.8861907828072568,0
VGB,British Virgin Islands,Latin America & Caribbean,,,,,,,,,0.26709749833532265,10.393656968920746,0.8263333333333334,-0.4293333333333333,0.1987175940815553,,,0,0.0579333041845042,-0.07144453626350854,6,0.7246668501593626,0.031544793314570836,6,middle,high,middle,,,,,,,,,0.4529087226979611,-2.0759994490104106,0.855563656009162,-0.2584782279276703,-0.15561248215390214,0
VNM,Vietnam,East Asia & Pacific,7.829785645137189,0.050860793440085136,0.0026881623815867717,0.00522563687415432,21.068040710257065,140.13080214905233,4.692224722507054,-0.3941406194444437,0.07820009583112701,18.340267653509198,0.3046666666666666,0.936,0.3700800714023151,-0.06483333333333292,-0.04025714285715182,6,-0.2032477303757485,0.1321382350300693,6,0.9539097808118577,0.0017165407097808577,6,high,middle,high,-0.624580416475309,1.168749746711231,0.08201189967227676,-0.6224211926101232,1.6399382540004288,0.8386010835148161,-0.15926254098160342,-0.39738990032133675,-0.7296736303901896,1.3249632961133604,0.3281629208578528,1.2969079632300666,0.8576551186851199,1
VUT,Vanuatu,East Asia & Pacific,7.95767004761221,0.006757516659367369,0.008379721187157262,0.015028331688357155,4.882625188701303,106.1164799564145,0.8458236431004517,0.20749968333333335,0.3238863907029793,12.480631661151529,-1.9066666666666665,-1.106,0.1083436098433735,,,0,-0.22479268798935756,0.0020509728957501354,6,0.660959792974441,0.008643268286692466,6,low,low,low,-0.5346786791068431,-0.3106158121247699,0.3906682839447727,-0.31840846705174425,-0.9879322752936822,0.23933486960208167,-0.5841031293296367,0.2647064018567083,0.8084326265479439,-1.1828232937901395,-1.9074770005439254,-1.0293361302836777,-0.6899945220206448,1
WSM,Samoa,East Asia & Pacific,8.326002184776387,0.018365433219726057,0.009562090412754775,0.03130086967051485,6.9352469521024815,77.4949603376,0.42638071361642654,0.5196828833333333,0.188033850425425,12.21053120799388,0.3163333333333333,-0.0226666666666666,0.2424145640791444,,,0,-0.09908100938111276,0.012926112760737265,6,0.7860838221122438,0.014954930301605605,6,middle,middle,middle,-0.27574405988173883,0.07875099285477676,0.4547888214837712,0.1862546605343923,-0.6546677858744333,-0.264920649624711,-0.6304312103751804,0.608259420774815,-0.042065128448261394,-1.2984199443737319,0.3399578254778502,0.20479597939958535,0.1027680259109631,1
YEM,Yemen,"Middle East, North Africa, Afghanistan & Pakistan",7.347818363374338,-0.11707710979642698,-0.029353752772768117,0.1456171806474227,,44.42261064651182,8.038635808516343,-1.5603867361111083,0.19904886549275883,17.239148272944206,-1.8829999999999998,-1.2490000000000003,0.26948650048964634,,,0,0.7778307953476951,-0.42019759214291996,6,0.8048885892926441,-0.023560083998048077,6,high,low,low,-0.963399655934168,-4.464426928720043,-1.6556388941717064,3.731566835867599,,-0.8475911397885905,0.21035342607035487,-1.6808265944879386,0.026893799863840412,0.8537100612596583,-1.8835501940290738,-1.1922415687618686,0.2628445869272335,0
ZAF,South Africa,Sub-Saharan Africa,8.720960447685385,0.00013502500028828024,-0.000630595966995939,0.00616342590622675,12.474062055617866,56.68018072623545,4.564460263568218,0.16409595555555553,0.08485820590584688,17.83958258594123,0.4736666666666666,1.4400000000000002,0.25985510277746254,-0.07516666666666673,-0.024028571428574945,6,0.12171700732091338,-0.06577141742368153,6,0.96033904387031,-0.0008487803971941896,6,middle,middle,high,0.0019085180429673845,-0.5327554531956946,-0.09796620248580569,-0.5933373738191903,0.244616446794937,-0.631636590647644,-0.17337431112334767,0.21694123797103074,-0.6879908789341062,1.1106818458919665,0.4990205392103855,1.8710641939504031,0.2058940607377487,1
ZMB,Zambia,Sub-Saharan Africa,7.163188901115266,0.007787201188136805,-0.003489098998155384,0.007956220925511128,7.209200985389818,76.23782921185733,12.084184739616882,-0.32165035277777737,0.14741386194113307,16.596650034650395,-0.5943333333333333,-0.8603333333333333,0.2310929595667461,,,0,0.10120194285641364,-0.04659254922258215,6,0.9197524684008234,0.005804381271718598,6,middle,low,low,-1.093192727686904,-0.2760768857791935,-0.25298440403124467,-0.5377371015970612,-0.6101884995998076,-0.2870688554848509,0.6571901840156968,-0.31761542829493744,-0.2963644514000452,0.5787359044807583,-0.5807187294316551,-0.7494729411031962,0.035823294361284945,1
ZWE,Zimbabwe,Sub-Saharan Africa,7.231860642760185,0.009022812091424016,0.003629007284819623,0.014066953888507075,12.844279552526283,58.41459024920533,5.304813783644652,-1.324938483333332,0.12773157079575428,16.476083665153652,-0.9699999999999999,-0.973,0.1933620448450228,,,0,0.07139289109925427,-0.0418540946839018,6,0.8858030197110476,0.0025848080011494894,6,middle,low,low,-1.0449170289893828,-0.23463052741598633,0.13303443952705918,-0.34822384851198085,0.304725107475225,-0.6010796675280847,-0.09160118903818713,-1.421719256102021,-0.41958441032113797,0.5271363298635597,-0.9605146581955689,-0.8778226805102555,-0.18727988455681494,1
